ts_utc,sport,event_id,commence_time,home,away,mercado,lado,linea,p_sharp,fuente,mejor_cuota,casa,n_casas,ref_cuota
2026-10-02T00:01:10Z,tennis_wta_china_open,2380d192906d145f72f594e7106b0471,2026-10-02T03:00:00Z,Anastasia Potapova,Sinja Kraus,h2h,home,,0.7192,pinnacle,-285.0,pinnacle,28,-285.0
2026-10-02T00:01:10Z,tennis_wta_china_open,2380d192906d145f72f594e7106b0471,2026-10-02T03:00:00Z,Anastasia Potapova,Sinja Kraus,h2h,away,,0.2808,pinnacle,255.0,fanduel,28,246.0
2026-10-02T00:01:10Z,tennis_wta_china_open,2380d192906d145f72f594e7106b0471,2026-10-02T03:00:00Z,Anastasia Potapova,Sinja Kraus,totals,over,20.5,0.5023,pinnacle,-104.0,gtbets,15,-108.0
2026-10-02T00:01:10Z,tennis_wta_china_open,2380d192906d145f72f594e7106b0471,2026-10-02T03:00:00Z,Anastasia Potapova,Sinja Kraus,totals,under,20.5,0.4977,pinnacle,-106.0,pinnacle,15,-106.0
2026-10-02T00:01:10Z,tennis_wta_china_open,2380d192906d145f72f594e7106b0471,2026-10-02T03:00:00Z,Anastasia Potapova,Sinja Kraus,spreads,home,-4.5,0.5023,pinnacle,-105.0,williamhill_us,10,-108.0
2026-10-02T00:01:10Z,tennis_wta_china_open,2380d192906d145f72f594e7106b0471,2026-10-02T03:00:00Z,Anastasia Potapova,Sinja Kraus,spreads,away,-4.5,0.4977,pinnacle,-105.0,lowvig,10,-106.0
2026-10-02T00:01:10Z,tennis_wta_china_open,a761717bbb7fdd5111fab1c9044a8360,2026-10-02T03:00:00Z,Janice Tjen,Diana Shnaider,h2h,home,,0.2857,pinnacle,240.0,pinnacle,28,240.0
2026-10-02T00:01:10Z,tennis_wta_china_open,a761717bbb7fdd5111fab1c9044a8360,2026-10-02T03:00:00Z,Janice Tjen,Diana Shnaider,h2h,away,,0.7143,pinnacle,-270.0,winamax_de,28,-278.0
2026-10-02T00:01:10Z,tennis_wta_china_open,a761717bbb7fdd5111fab1c9044a8360,2026-10-02T03:00:00Z,Janice Tjen,Diana Shnaider,totals,over,20.5,0.503,consenso,-113.0,gtbets,13,
2026-10-02T00:01:10Z,tennis_wta_china_open,a761717bbb7fdd5111fab1c9044a8360,2026-10-02T03:00:00Z,Janice Tjen,Diana Shnaider,totals,under,20.5,0.497,consenso,100.0,betonlineag,13,
2026-10-02T00:01:10Z,tennis_wta_china_open,bcac7e4c1b1ca7bc85a4860550ff4af6,2026-10-02T03:00:00Z,Linda Fruhvirtova,Liudmila Samsonova,h2h,home,,0.1913,pinnacle,408.0,pinnacle,25,408.0
2026-10-02T00:01:10Z,tennis_wta_china_open,bcac7e4c1b1ca7bc85a4860550ff4af6,2026-10-02T03:00:00Z,Linda Fruhvirtova,Liudmila Samsonova,h2h,away,,0.8087,pinnacle,-383.0,gtbets,25,-495.0
2026-10-02T00:01:10Z,tennis_wta_china_open,bcac7e4c1b1ca7bc85a4860550ff4af6,2026-10-02T03:00:00Z,Linda Fruhvirtova,Liudmila Samsonova,totals,over,19.5,0.5221,consenso,-118.0,coolbet,13,
2026-10-02T00:01:10Z,tennis_wta_china_open,bcac7e4c1b1ca7bc85a4860550ff4af6,2026-10-02T03:00:00Z,Linda Fruhvirtova,Liudmila Samsonova,totals,under,19.5,0.4779,consenso,106.0,lowvig,13,
2026-10-02T00:01:10Z,tennis_wta_china_open,bcac7e4c1b1ca7bc85a4860550ff4af6,2026-10-02T03:00:00Z,Linda Fruhvirtova,Liudmila Samsonova,spreads,home,5.5,0.5302,consenso,-113.0,gtbets,7,
2026-10-02T00:01:10Z,tennis_wta_china_open,bcac7e4c1b1ca7bc85a4860550ff4af6,2026-10-02T03:00:00Z,Linda Fruhvirtova,Liudmila Samsonova,spreads,away,5.5,0.4698,consenso,105.0,lowvig,7,
2026-10-02T00:01:10Z,tennis_wta_china_open,e4249631b25378db4350945e30d1e9a1,2026-10-02T03:00:00Z,Yue Yuan,Mirra Andreeva,h2h,home,,0.0896,pinnacle,1000.0,winamax_de,28,978.0
2026-10-02T00:01:10Z,tennis_wta_china_open,e4249631b25378db4350945e30d1e9a1,2026-10-02T03:00:00Z,Yue Yuan,Mirra Andreeva,h2h,away,,0.9104,pinnacle,-1430.0,betrivers,28,-1632.0
2026-10-02T00:01:10Z,tennis_wta_china_open,e4249631b25378db4350945e30d1e9a1,2026-10-02T03:00:00Z,Yue Yuan,Mirra Andreeva,totals,over,17.5,0.5361,consenso,-126.0,lowvig,8,
2026-10-02T00:01:10Z,tennis_wta_china_open,e4249631b25378db4350945e30d1e9a1,2026-10-02T03:00:00Z,Yue Yuan,Mirra Andreeva,totals,under,17.5,0.4639,consenso,108.0,coolbet,8,
2026-10-02T00:01:10Z,tennis_wta_china_open,ef4ff818626aa7b2551f510cb801c425,2026-10-02T03:00:00Z,Viktorija Golubic,Peyton Stearns,h2h,home,,0.4104,pinnacle,138.0,fanduel,28,137.0
2026-10-02T00:01:10Z,tennis_wta_china_open,ef4ff818626aa7b2551f510cb801c425,2026-10-02T03:00:00Z,Viktorija Golubic,Peyton Stearns,h2h,away,,0.5896,pinnacle,-150.0,betonlineag,28,-154.0
2026-10-02T00:01:10Z,tennis_wta_china_open,ef4ff818626aa7b2551f510cb801c425,2026-10-02T03:00:00Z,Viktorija Golubic,Peyton Stearns,totals,over,21.5,0.5023,pinnacle,-104.0,gtbets,15,-108.0
2026-10-02T00:01:10Z,tennis_wta_china_open,ef4ff818626aa7b2551f510cb801c425,2026-10-02T03:00:00Z,Viktorija Golubic,Peyton Stearns,totals,under,21.5,0.4977,pinnacle,-106.0,pinnacle,15,-106.0
2026-10-02T00:01:10Z,tennis_wta_china_open,ef4ff818626aa7b2551f510cb801c425,2026-10-02T03:00:00Z,Viktorija Golubic,Peyton Stearns,spreads,home,2.5,0.4904,consenso,-102.0,gtbets,9,
2026-10-02T00:01:10Z,tennis_wta_china_open,ef4ff818626aa7b2551f510cb801c425,2026-10-02T03:00:00Z,Viktorija Golubic,Peyton Stearns,spreads,away,2.5,0.5096,consenso,-105.0,williamhill_us,9,
2026-10-02T00:01:10Z,tennis_wta_china_open,1dbc787f80eec3ade10434e51f7e8ff5,2026-10-02T04:30:00Z,Ekaterina Alexandrova,Aliaksandra Sasnovich,h2h,home,,0.5832,pinnacle,-139.0,draftkings,28,-152.0
2026-10-02T00:01:10Z,tennis_wta_china_open,1dbc787f80eec3ade10434e51f7e8ff5,2026-10-02T04:30:00Z,Ekaterina Alexandrova,Aliaksandra Sasnovich,h2h,away,,0.4168,pinnacle,133.0,unibet_nl,28,132.0
2026-10-02T00:01:10Z,tennis_wta_china_open,1dbc787f80eec3ade10434e51f7e8ff5,2026-10-02T04:30:00Z,Ekaterina Alexandrova,Aliaksandra Sasnovich,totals,over,21.5,0.5111,pinnacle,-113.0,pinnacle,14,-113.0
2026-10-02T00:01:10Z,tennis_wta_china_open,1dbc787f80eec3ade10434e51f7e8ff5,2026-10-02T04:30:00Z,Ekaterina Alexandrova,Aliaksandra Sasnovich,totals,under,21.5,0.4889,pinnacle,-101.0,betsson,14,-103.0
2026-10-02T00:01:10Z,tennis_wta_china_open,0bc9f29150b8a51f3142b18376c56028,2026-10-02T04:30:00Z,Dayana Yastremska,Maja Chwalinska,h2h,home,,0.3985,pinnacle,152.0,gtbets,28,143.0
2026-10-02T00:01:10Z,tennis_wta_china_open,0bc9f29150b8a51f3142b18376c56028,2026-10-02T04:30:00Z,Dayana Yastremska,Maja Chwalinska,h2h,away,,0.6015,pinnacle,-162.0,fanduel,28,-164.0
2026-10-02T00:01:10Z,tennis_wta_china_open,0bc9f29150b8a51f3142b18376c56028,2026-10-02T04:30:00Z,Dayana Yastremska,Maja Chwalinska,totals,over,21.5,0.4895,consenso,100.0,lowvig,10,
2026-10-02T00:01:10Z,tennis_wta_china_open,0bc9f29150b8a51f3142b18376c56028,2026-10-02T04:30:00Z,Dayana Yastremska,Maja Chwalinska,totals,under,21.5,0.5105,consenso,-109.0,onexbet,10,
2026-10-02T00:01:10Z,tennis_wta_china_open,0bc9f29150b8a51f3142b18376c56028,2026-10-02T04:30:00Z,Dayana Yastremska,Maja Chwalinska,spreads,home,2.5,0.4812,consenso,-104.0,betrivers,9,
2026-10-02T00:01:10Z,tennis_wta_china_open,0bc9f29150b8a51f3142b18376c56028,2026-10-02T04:30:00Z,Dayana Yastremska,Maja Chwalinska,spreads,away,2.5,0.5188,consenso,-115.0,lowvig,9,
2026-10-02T00:01:10Z,tennis_wta_china_open,177a8fed2e48f09f37d171f340187e81,2026-10-02T04:30:00Z,Taylah Preston,Diane Parry,h2h,home,,0.4267,pinnacle,127.0,pinnacle,28,127.0
2026-10-02T00:01:10Z,tennis_wta_china_open,177a8fed2e48f09f37d171f340187e81,2026-10-02T04:30:00Z,Taylah Preston,Diane Parry,h2h,away,,0.5733,pinnacle,-136.0,betrivers,28,-145.0
2026-10-02T00:01:10Z,tennis_wta_china_open,177a8fed2e48f09f37d171f340187e81,2026-10-02T04:30:00Z,Taylah Preston,Diane Parry,totals,over,21.5,0.5235,consenso,-120.0,lowvig,10,
2026-10-02T00:01:10Z,tennis_wta_china_open,177a8fed2e48f09f37d171f340187e81,2026-10-02T04:30:00Z,Taylah Preston,Diane Parry,totals,under,21.5,0.4765,consenso,105.0,unibet_nl,10,
2026-10-02T00:01:10Z,tennis_wta_china_open,177a8fed2e48f09f37d171f340187e81,2026-10-02T04:30:00Z,Taylah Preston,Diane Parry,spreads,home,1.5,0.4925,consenso,-102.0,lowvig,9,
2026-10-02T00:01:10Z,tennis_wta_china_open,177a8fed2e48f09f37d171f340187e81,2026-10-02T04:30:00Z,Taylah Preston,Diane Parry,spreads,away,1.5,0.5075,consenso,-114.0,gtbets,9,
2026-10-02T00:01:10Z,tennis_wta_china_open,c28011197ff658cb74359f160ce3a8c0,2026-10-02T04:30:00Z,Linda Noskova,Elena Gabriela Ruse,h2h,home,,0.7521,pinnacle,-350.0,sport888,28,-350.0
2026-10-02T00:01:10Z,tennis_wta_china_open,c28011197ff658cb74359f160ce3a8c0,2026-10-02T04:30:00Z,Linda Noskova,Elena Gabriela Ruse,h2h,away,,0.2479,pinnacle,320.0,williamhill_us,28,290.0
2026-10-02T00:01:10Z,tennis_wta_china_open,c28011197ff658cb74359f160ce3a8c0,2026-10-02T04:30:00Z,Linda Noskova,Elena Gabriela Ruse,totals,over,20.5,0.5122,pinnacle,-110.0,unibet_nl,15,-114.0
2026-10-02T00:01:10Z,tennis_wta_china_open,c28011197ff658cb74359f160ce3a8c0,2026-10-02T04:30:00Z,Linda Noskova,Elena Gabriela Ruse,totals,under,20.5,0.4878,pinnacle,-102.0,betonlineag,15,-103.0
2026-10-02T00:01:10Z,tennis_wta_china_open,c28011197ff658cb74359f160ce3a8c0,2026-10-02T04:30:00Z,Linda Noskova,Elena Gabriela Ruse,spreads,home,-4.5,0.5045,pinnacle,-110.0,pinnacle,10,-110.0
2026-10-02T00:01:10Z,tennis_wta_china_open,c28011197ff658cb74359f160ce3a8c0,2026-10-02T04:30:00Z,Linda Noskova,Elena Gabriela Ruse,spreads,away,-4.5,0.4955,pinnacle,105.0,betrivers,10,-106.0
2026-10-02T00:01:10Z,tennis_wta_china_open,c7bfd02f55913334369753aa2e15ffd0,2026-10-02T06:00:00Z,Clara Tauson,Polina Kudermetova,h2h,home,,0.6145,pinnacle,-170.0,lowvig,28,-174.0
2026-10-02T00:01:10Z,tennis_wta_china_open,c7bfd02f55913334369753aa2e15ffd0,2026-10-02T06:00:00Z,Clara Tauson,Polina Kudermetova,h2h,away,,0.3855,pinnacle,155.0,winamax_de,28,151.0
2026-10-02T00:01:10Z,tennis_wta_china_open,c7bfd02f55913334369753aa2e15ffd0,2026-10-02T06:00:00Z,Clara Tauson,Polina Kudermetova,totals,over,21.5,0.5111,pinnacle,-111.0,betsson,12,-113.0
2026-10-02T00:01:10Z,tennis_wta_china_open,c7bfd02f55913334369753aa2e15ffd0,2026-10-02T06:00:00Z,Clara Tauson,Polina Kudermetova,totals,under,21.5,0.4889,pinnacle,-102.0,lowvig,12,-103.0
2026-10-02T00:01:10Z,tennis_wta_china_open,06d011dc5546735580a1b8dc0a943f3f,2026-10-02T06:00:00Z,Jasmine Paolini,Daria Snigur,h2h,home,,0.5522,pinnacle,-133.0,pinnacle,28,-133.0
2026-10-02T00:01:10Z,tennis_wta_china_open,06d011dc5546735580a1b8dc0a943f3f,2026-10-02T06:00:00Z,Jasmine Paolini,Daria Snigur,h2h,away,,0.4478,pinnacle,123.0,unibet_nl,28,116.0
2026-10-02T00:01:10Z,tennis_wta_china_open,06d011dc5546735580a1b8dc0a943f3f,2026-10-02T06:00:00Z,Jasmine Paolini,Daria Snigur,totals,over,21.5,0.4864,consenso,100.0,betonlineag,13,
2026-10-02T00:01:10Z,tennis_wta_china_open,06d011dc5546735580a1b8dc0a943f3f,2026-10-02T06:00:00Z,Jasmine Paolini,Daria Snigur,totals,under,21.5,0.5136,consenso,-116.0,onexbet,13,
2026-10-02T00:01:10Z,tennis_wta_china_open,89255a6b6bc525c2a25cb4950252e042,2026-10-02T07:00:00Z,Karolina Muchova,Katie Boulter,h2h,home,,0.8387,pinnacle,-599.0,sport888,26,-668.0
2026-10-02T00:01:10Z,tennis_wta_china_open,89255a6b6bc525c2a25cb4950252e042,2026-10-02T07:00:00Z,Karolina Muchova,Katie Boulter,h2h,away,,0.1613,pinnacle,550.0,fanduel,26,498.0
2026-10-02T00:01:10Z,tennis_wta_china_open,89255a6b6bc525c2a25cb4950252e042,2026-10-02T07:00:00Z,Karolina Muchova,Katie Boulter,totals,over,18.5,0.5241,consenso,106.0,betonlineag,13,
2026-10-02T00:01:10Z,tennis_wta_china_open,89255a6b6bc525c2a25cb4950252e042,2026-10-02T07:00:00Z,Karolina Muchova,Katie Boulter,totals,under,18.5,0.4759,consenso,106.0,lowvig,13,
2026-10-02T00:01:10Z,tennis_wta_china_open,7449c032f470f787af442e344e67fa30,2026-10-02T07:30:00Z,Sara Bejlek,Maddison Inglis,h2h,home,,0.7358,pinnacle,-303.0,winamax_de,28,-318.0
2026-10-02T00:01:10Z,tennis_wta_china_open,7449c032f470f787af442e344e67fa30,2026-10-02T07:30:00Z,Sara Bejlek,Maddison Inglis,h2h,away,,0.2642,pinnacle,280.0,williamhill_us,28,266.0
2026-10-02T00:01:10Z,tennis_wta_china_open,7449c032f470f787af442e344e67fa30,2026-10-02T07:30:00Z,Sara Bejlek,Maddison Inglis,totals,over,20.5,0.4783,consenso,100.0,coolbet,13,
2026-10-02T00:01:10Z,tennis_wta_china_open,7449c032f470f787af442e344e67fa30,2026-10-02T07:30:00Z,Sara Bejlek,Maddison Inglis,totals,under,20.5,0.5217,consenso,-118.0,onexbet,13,
2026-10-02T00:01:10Z,tennis_wta_china_open,7449c032f470f787af442e344e67fa30,2026-10-02T07:30:00Z,Sara Bejlek,Maddison Inglis,spreads,home,-4.5,0.5298,pinnacle,-120.0,onexbet,10,-122.0
2026-10-02T00:01:10Z,tennis_wta_china_open,7449c032f470f787af442e344e67fa30,2026-10-02T07:30:00Z,Sara Bejlek,Maddison Inglis,spreads,away,-4.5,0.4702,pinnacle,110.0,lowvig,10,105.0
2026-10-02T00:01:10Z,tennis_wta_china_open,3dde5244cfdab55db5832aaac7db3017,2026-10-02T07:30:00Z,Nikola Bartunkova,Magdalena Frech,h2h,home,,0.5792,pinnacle,-149.0,pinnacle,28,-149.0
2026-10-02T00:01:10Z,tennis_wta_china_open,3dde5244cfdab55db5832aaac7db3017,2026-10-02T07:30:00Z,Nikola Bartunkova,Magdalena Frech,h2h,away,,0.4208,pinnacle,135.0,betanysports,28,130.0
2026-10-02T00:01:10Z,tennis_wta_china_open,3dde5244cfdab55db5832aaac7db3017,2026-10-02T07:30:00Z,Nikola Bartunkova,Magdalena Frech,totals,over,21.5,0.5142,consenso,-121.0,gtbets,10,
2026-10-02T00:01:10Z,tennis_wta_china_open,3dde5244cfdab55db5832aaac7db3017,2026-10-02T07:30:00Z,Nikola Bartunkova,Magdalena Frech,totals,under,21.5,0.4858,consenso,100.0,coolbet,10,
2026-10-02T00:01:10Z,tennis_wta_china_open,8958206624b4a33ec8d4b659f80725c8,2026-10-02T08:30:00Z,Maria Timofeeva,Naomi Osaka,h2h,home,,0.2287,pinnacle,330.0,fanduel,28,323.0
2026-10-02T00:01:10Z,tennis_wta_china_open,8958206624b4a33ec8d4b659f80725c8,2026-10-02T08:30:00Z,Maria Timofeeva,Naomi Osaka,h2h,away,,0.7713,pinnacle,-375.0,betrivers,28,-393.0
2026-10-02T00:01:10Z,tennis_wta_china_open,8958206624b4a33ec8d4b659f80725c8,2026-10-02T08:30:00Z,Maria Timofeeva,Naomi Osaka,totals,over,20.5,0.4875,consenso,100.0,betonlineag,14,
2026-10-02T00:01:10Z,tennis_wta_china_open,8958206624b4a33ec8d4b659f80725c8,2026-10-02T08:30:00Z,Maria Timofeeva,Naomi Osaka,totals,under,20.5,0.5125,consenso,-115.0,betrivers,14,
2026-10-02T00:01:10Z,tennis_wta_china_open,8958206624b4a33ec8d4b659f80725c8,2026-10-02T08:30:00Z,Maria Timofeeva,Naomi Osaka,spreads,home,5.0,0.5156,pinnacle,-115.0,pinnacle,5,-115.0
2026-10-02T00:01:10Z,tennis_wta_china_open,8958206624b4a33ec8d4b659f80725c8,2026-10-02T08:30:00Z,Maria Timofeeva,Naomi Osaka,spreads,away,5.0,0.4844,pinnacle,-101.0,pinnacle,5,-101.0
2026-10-02T00:01:10Z,tennis_wta_china_open,b37042990194a603e165f3ffaa66d3e4,2026-10-02T11:00:00Z,Renata Zarazua,Aryna Sabalenka,h2h,home,,0.0383,pinnacle,2451.0,pinnacle,21,2451.0
2026-10-02T00:01:10Z,tennis_wta_china_open,b37042990194a603e165f3ffaa66d3e4,2026-10-02T11:00:00Z,Renata Zarazua,Aryna Sabalenka,h2h,away,,0.9617,pinnacle,-3335.0,unibet_se,21,-6677.0
2026-10-02T00:01:10Z,tennis_wta_china_open,b37042990194a603e165f3ffaa66d3e4,2026-10-02T11:00:00Z,Renata Zarazua,Aryna Sabalenka,totals,over,17.5,0.4631,consenso,116.0,gtbets,12,
2026-10-02T00:01:10Z,tennis_wta_china_open,b37042990194a603e165f3ffaa66d3e4,2026-10-02T11:00:00Z,Renata Zarazua,Aryna Sabalenka,totals,under,17.5,0.5369,consenso,-132.0,onexbet,12,
2026-10-02T00:01:10Z,tennis_wta_china_open,b37042990194a603e165f3ffaa66d3e4,2026-10-02T11:00:00Z,Renata Zarazua,Aryna Sabalenka,spreads,home,7.0,0.4955,pinnacle,-105.0,lowvig,4,-106.0
2026-10-02T00:01:10Z,tennis_wta_china_open,b37042990194a603e165f3ffaa66d3e4,2026-10-02T11:00:00Z,Renata Zarazua,Aryna Sabalenka,spreads,away,7.0,0.5045,pinnacle,-110.0,pinnacle,4,-110.0
2026-10-02T00:01:10Z,tennis_wta_china_open,3a1b590508385c6acada556aec2f0676,2026-10-03T04:00:00Z,Elena Rybakina,Alina Charaeva,h2h,home,,0.9463,pinnacle,-2000.0,unibet_nl,26,-3845.0
2026-10-02T00:01:10Z,tennis_wta_china_open,3a1b590508385c6acada556aec2f0676,2026-10-03T04:00:00Z,Elena Rybakina,Alina Charaeva,h2h,away,,0.0537,pinnacle,1707.0,pinnacle,26,1707.0
2026-10-02T00:01:10Z,tennis_wta_china_open,3a1b590508385c6acada556aec2f0676,2026-10-03T04:00:00Z,Elena Rybakina,Alina Charaeva,totals,over,17.5,0.5274,consenso,-118.0,gtbets,13,
2026-10-02T00:01:10Z,tennis_wta_china_open,3a1b590508385c6acada556aec2f0676,2026-10-03T04:00:00Z,Elena Rybakina,Alina Charaeva,totals,under,17.5,0.4726,consenso,106.0,lowvig,13,
2026-10-02T00:01:10Z,tennis_wta_china_open,3a1b590508385c6acada556aec2f0676,2026-10-03T04:00:00Z,Elena Rybakina,Alina Charaeva,spreads,home,-6.5,0.5276,pinnacle,-121.0,pinnacle,12,-121.0
2026-10-02T00:01:10Z,tennis_wta_china_open,3a1b590508385c6acada556aec2f0676,2026-10-03T04:00:00Z,Elena Rybakina,Alina Charaeva,spreads,away,-6.5,0.4724,pinnacle,105.0,lowvig,12,104.0
2026-10-02T00:01:10Z,tennis_wta_china_open,657bc17d8194a0c05f205cb6436f9051,2026-10-03T04:00:00Z,Belinda Bencic,Anastasia Zakharova,h2h,home,,0.786,pinnacle,-428.0,lowvig,25,-433.0
2026-10-02T00:01:10Z,tennis_wta_china_open,657bc17d8194a0c05f205cb6436f9051,2026-10-03T04:00:00Z,Belinda Bencic,Anastasia Zakharova,h2h,away,,0.214,pinnacle,365.0,fanduel,25,352.0
2026-10-02T00:01:10Z,tennis_wta_china_open,657bc17d8194a0c05f205cb6436f9051,2026-10-03T04:00:00Z,Belinda Bencic,Anastasia Zakharova,totals,over,19.5,0.5144,pinnacle,-113.0,gtbets,13,-115.0
2026-10-02T00:01:10Z,tennis_wta_china_open,657bc17d8194a0c05f205cb6436f9051,2026-10-03T04:00:00Z,Belinda Bencic,Anastasia Zakharova,totals,under,19.5,0.4856,pinnacle,100.0,lowvig,13,-102.0
2026-10-02T00:01:10Z,tennis_wta_china_open,d9e7e7e626da14e6c7e3fc511b56e194,2026-10-03T04:00:00Z,Ashlyn Krueger,Ann Li,h2h,home,,0.4459,pinnacle,123.0,unibet_nl,26,117.0
2026-10-02T00:01:10Z,tennis_wta_china_open,d9e7e7e626da14e6c7e3fc511b56e194,2026-10-03T04:00:00Z,Ashlyn Krueger,Ann Li,h2h,away,,0.5541,pinnacle,-134.0,pinnacle,26,-134.0
2026-10-02T00:01:10Z,tennis_wta_china_open,d9e7e7e626da14e6c7e3fc511b56e194,2026-10-03T04:00:00Z,Ashlyn Krueger,Ann Li,totals,over,22.5,0.4719,consenso,102.0,coolbet,8,
2026-10-02T00:01:10Z,tennis_wta_china_open,d9e7e7e626da14e6c7e3fc511b56e194,2026-10-03T04:00:00Z,Ashlyn Krueger,Ann Li,totals,under,22.5,0.5281,consenso,-113.0,gtbets,8,
2026-10-02T00:01:10Z,tennis_wta_china_open,d9e7e7e626da14e6c7e3fc511b56e194,2026-10-03T04:00:00Z,Ashlyn Krueger,Ann Li,spreads,home,1.5,0.4955,pinnacle,-105.0,lowvig,7,-106.0
2026-10-02T00:01:10Z,tennis_wta_china_open,d9e7e7e626da14e6c7e3fc511b56e194,2026-10-03T04:00:00Z,Ashlyn Krueger,Ann Li,spreads,away,1.5,0.5045,pinnacle,-110.0,pinnacle,7,-110.0
2026-10-02T00:01:10Z,tennis_wta_china_open,ecfecd80927a50500f83832f5cb4bdcc,2026-10-03T04:00:00Z,Qinwen Zheng,Anna Kalinskaya,h2h,home,,0.622,pinnacle,-175.0,leovegas_se,25,-180.0
2026-10-02T00:01:10Z,tennis_wta_china_open,ecfecd80927a50500f83832f5cb4bdcc,2026-10-03T04:00:00Z,Qinwen Zheng,Anna Kalinskaya,h2h,away,,0.378,pinnacle,156.0,pinnacle,25,156.0
2026-10-02T00:01:10Z,tennis_wta_china_open,ecfecd80927a50500f83832f5cb4bdcc,2026-10-03T04:00:00Z,Qinwen Zheng,Anna Kalinskaya,totals,over,21.5,0.5144,pinnacle,-115.0,pinnacle,11,-115.0
2026-10-02T00:01:10Z,tennis_wta_china_open,ecfecd80927a50500f83832f5cb4bdcc,2026-10-03T04:00:00Z,Qinwen Zheng,Anna Kalinskaya,totals,under,21.5,0.4856,pinnacle,102.0,leovegas_se,11,-102.0
2026-10-02T00:01:10Z,tennis_wta_china_open,e303eb0e6c5680aa21e6700e8a764253,2026-10-03T04:00:00Z,Coco Gauff,Maria Camila Osorio Serrano,h2h,home,,0.895,pinnacle,-910.0,unibet_se,24,-1362.0
2026-10-02T00:01:10Z,tennis_wta_china_open,e303eb0e6c5680aa21e6700e8a764253,2026-10-03T04:00:00Z,Coco Gauff,Maria Camila Osorio Serrano,h2h,away,,0.105,pinnacle,817.0,lowvig,24,815.0
2026-10-02T00:01:10Z,tennis_wta_china_open,e303eb0e6c5680aa21e6700e8a764253,2026-10-03T04:00:00Z,Coco Gauff,Maria Camila Osorio Serrano,totals,over,18.5,0.4978,pinnacle,102.0,gtbets,12,-107.0
2026-10-02T00:01:10Z,tennis_wta_china_open,e303eb0e6c5680aa21e6700e8a764253,2026-10-03T04:00:00Z,Coco Gauff,Maria Camila Osorio Serrano,totals,under,18.5,0.5022,pinnacle,-109.0,pinnacle,12,-109.0
2026-10-02T00:01:10Z,tennis_wta_china_open,e303eb0e6c5680aa21e6700e8a764253,2026-10-03T04:00:00Z,Coco Gauff,Maria Camila Osorio Serrano,spreads,home,-6.5,0.4672,pinnacle,110.0,lowvig,10,106.0
2026-10-02T00:01:10Z,tennis_wta_china_open,e303eb0e6c5680aa21e6700e8a764253,2026-10-03T04:00:00Z,Coco Gauff,Maria Camila Osorio Serrano,spreads,away,-6.5,0.5328,pinnacle,-112.0,gtbets,10,-124.0
2026-10-02T00:01:10Z,tennis_wta_china_open,c666871f9f247e6d225d808cf0a40c51,2026-10-03T04:00:00Z,Sun Xinran,Cristina Bucsa,h2h,home,,0.3678,consenso,180.0,leovegas_se,19,
2026-10-02T00:01:10Z,tennis_wta_china_open,c666871f9f247e6d225d808cf0a40c51,2026-10-03T04:00:00Z,Sun Xinran,Cristina Bucsa,h2h,away,,0.6322,consenso,-175.0,sport888,19,
2026-10-02T00:01:10Z,tennis_wta_china_open,c666871f9f247e6d225d808cf0a40c51,2026-10-03T04:00:00Z,Sun Xinran,Cristina Bucsa,totals,over,20.5,0.5212,consenso,-118.0,coolbet,8,
2026-10-02T00:01:10Z,tennis_wta_china_open,c666871f9f247e6d225d808cf0a40c51,2026-10-03T04:00:00Z,Sun Xinran,Cristina Bucsa,totals,under,20.5,0.4788,consenso,100.0,leovegas_se,8,
2026-10-02T00:01:10Z,tennis_wta_china_open,c666871f9f247e6d225d808cf0a40c51,2026-10-03T04:00:00Z,Sun Xinran,Cristina Bucsa,spreads,home,3.5,0.4899,consenso,102.0,gtbets,6,
2026-10-02T00:01:10Z,tennis_wta_china_open,c666871f9f247e6d225d808cf0a40c51,2026-10-03T04:00:00Z,Sun Xinran,Cristina Bucsa,spreads,away,3.5,0.5101,consenso,-108.0,coolbet,6,
2026-10-02T00:01:10Z,tennis_wta_china_open,ec364c645968d3b9192abc7859203a77,2026-10-03T04:00:00Z,Donna Vekic,Lin Zhu,h2h,home,,0.6101,pinnacle,-165.0,gtbets,25,-171.0
2026-10-02T00:01:10Z,tennis_wta_china_open,ec364c645968d3b9192abc7859203a77,2026-10-03T04:00:00Z,Donna Vekic,Lin Zhu,h2h,away,,0.3899,pinnacle,151.0,betonlineag,25,148.0
2026-10-02T00:01:10Z,tennis_wta_china_open,ec364c645968d3b9192abc7859203a77,2026-10-03T04:00:00Z,Donna Vekic,Lin Zhu,totals,over,21.5,0.4933,pinnacle,-105.0,pinnacle,13,-105.0
2026-10-02T00:01:10Z,tennis_wta_china_open,ec364c645968d3b9192abc7859203a77,2026-10-03T04:00:00Z,Donna Vekic,Lin Zhu,totals,under,21.5,0.5067,pinnacle,-103.0,gtbets,13,-111.0
2026-10-02T00:01:10Z,tennis_wta_china_open,44fcdd07c482fa1615fc60d12fa24698,2026-10-03T04:00:00Z,Katerina Siniakova,Elina Svitolina,h2h,home,,0.24,pinnacle,303.0,pinnacle,25,303.0
2026-10-02T00:01:10Z,tennis_wta_china_open,44fcdd07c482fa1615fc60d12fa24698,2026-10-03T04:00:00Z,Katerina Siniakova,Elina Svitolina,h2h,away,,0.76,pinnacle,-350.0,sport888,25,-367.0
2026-10-02T00:01:10Z,tennis_wta_china_open,44fcdd07c482fa1615fc60d12fa24698,2026-10-03T04:00:00Z,Katerina Siniakova,Elina Svitolina,totals,over,20.5,0.4889,consenso,100.0,lowvig,11,
2026-10-02T00:01:10Z,tennis_wta_china_open,44fcdd07c482fa1615fc60d12fa24698,2026-10-03T04:00:00Z,Katerina Siniakova,Elina Svitolina,totals,under,20.5,0.5111,consenso,-118.0,coolbet,11,
2026-10-02T00:01:10Z,tennis_wta_china_open,44fcdd07c482fa1615fc60d12fa24698,2026-10-03T04:00:00Z,Katerina Siniakova,Elina Svitolina,spreads,home,4.5,0.4641,consenso,110.0,lowvig,8,
2026-10-02T00:01:10Z,tennis_wta_china_open,44fcdd07c482fa1615fc60d12fa24698,2026-10-03T04:00:00Z,Katerina Siniakova,Elina Svitolina,spreads,away,4.5,0.5359,consenso,-125.0,onexbet,8,
2026-10-02T00:01:10Z,tennis_wta_china_open,dbd8d0ad3c5bc6bfbf4cba388c0affe4,2026-10-03T04:00:00Z,Katie Volynets,Elise Mertens,h2h,home,,0.47,pinnacle,106.0,draftkings,27,106.0
2026-10-02T00:01:10Z,tennis_wta_china_open,dbd8d0ad3c5bc6bfbf4cba388c0affe4,2026-10-03T04:00:00Z,Katie Volynets,Elise Mertens,h2h,away,,0.53,pinnacle,-120.0,lowvig,27,-121.0
2026-10-02T00:01:10Z,tennis_wta_china_open,dbd8d0ad3c5bc6bfbf4cba388c0affe4,2026-10-03T04:00:00Z,Katie Volynets,Elise Mertens,totals,over,21.5,0.5089,pinnacle,-112.0,pinnacle,12,-112.0
2026-10-02T00:01:10Z,tennis_wta_china_open,dbd8d0ad3c5bc6bfbf4cba388c0affe4,2026-10-03T04:00:00Z,Katie Volynets,Elise Mertens,totals,under,21.5,0.4911,pinnacle,-104.0,coolbet,12,-104.0
2026-10-02T00:01:10Z,tennis_wta_china_open,b3093f7932ea06973dff88f56a7b5505,2026-10-03T04:00:00Z,Iva Jović,Harriet Dart,h2h,home,,0.8806,pinnacle,-1100.0,bovada,24,-1121.0
2026-10-02T00:01:10Z,tennis_wta_china_open,b3093f7932ea06973dff88f56a7b5505,2026-10-03T04:00:00Z,Iva Jović,Harriet Dart,h2h,away,,0.1194,pinnacle,740.0,fanduel,24,703.0
2026-10-02T00:01:10Z,tennis_wta_china_open,b3093f7932ea06973dff88f56a7b5505,2026-10-03T04:00:00Z,Iva Jović,Harriet Dart,totals,over,18.5,0.4955,pinnacle,-104.0,onexbet,13,-106.0
2026-10-02T00:01:10Z,tennis_wta_china_open,b3093f7932ea06973dff88f56a7b5505,2026-10-03T04:00:00Z,Iva Jović,Harriet Dart,totals,under,18.5,0.5045,pinnacle,-110.0,pinnacle,13,-110.0
2026-10-02T00:01:10Z,tennis_wta_china_open,b3093f7932ea06973dff88f56a7b5505,2026-10-03T04:00:00Z,Iva Jović,Harriet Dart,spreads,home,-6.5,0.4955,pinnacle,-105.0,betonlineag,10,-106.0
2026-10-02T00:01:10Z,tennis_wta_china_open,b3093f7932ea06973dff88f56a7b5505,2026-10-03T04:00:00Z,Iva Jović,Harriet Dart,spreads,away,-6.5,0.5045,pinnacle,-108.0,gtbets,10,-110.0
2026-10-02T00:01:10Z,tennis_wta_china_open,6bf6841c79aa53815b86f5fd0463dbe3,2026-10-03T04:00:00Z,Xinyu Gao,Iga Swiatek,h2h,home,,0.0637,consenso,1570.0,coolbet,13,
2026-10-02T00:01:10Z,tennis_wta_china_open,6bf6841c79aa53815b86f5fd0463dbe3,2026-10-03T04:00:00Z,Xinyu Gao,Iga Swiatek,h2h,away,,0.9363,consenso,-3500.0,williamhill_us,13,
2026-10-02T00:01:10Z,tennis_wta_china_open,6bf6841c79aa53815b86f5fd0463dbe3,2026-10-03T04:00:00Z,Xinyu Gao,Iga Swiatek,totals,over,16.5,0.4907,consenso,102.0,coolbet,9,
2026-10-02T00:01:10Z,tennis_wta_china_open,6bf6841c79aa53815b86f5fd0463dbe3,2026-10-03T04:00:00Z,Xinyu Gao,Iga Swiatek,totals,under,16.5,0.5093,consenso,-118.0,gtbets,9,
2026-10-02T00:01:10Z,tennis_wta_china_open,49a219b3e9fe502b903f289a5b49c773,2026-10-03T04:00:00Z,Jelena Ostapenko,Paula Badosa,h2h,home,,0.3721,pinnacle,164.0,fanduel,25,160.0
2026-10-02T00:01:10Z,tennis_wta_china_open,49a219b3e9fe502b903f289a5b49c773,2026-10-03T04:00:00Z,Jelena Ostapenko,Paula Badosa,h2h,away,,0.6279,pinnacle,-177.0,gtbets,25,-185.0
2026-10-02T00:01:10Z,tennis_wta_china_open,49a219b3e9fe502b903f289a5b49c773,2026-10-03T04:00:00Z,Jelena Ostapenko,Paula Badosa,totals,over,21.5,0.5111,pinnacle,-107.0,gtbets,13,-113.0
2026-10-02T00:01:10Z,tennis_wta_china_open,49a219b3e9fe502b903f289a5b49c773,2026-10-03T04:00:00Z,Jelena Ostapenko,Paula Badosa,totals,under,21.5,0.4889,pinnacle,-102.0,lowvig,13,-103.0
2026-10-02T00:01:10Z,tennis_wta_china_open,49a219b3e9fe502b903f289a5b49c773,2026-10-03T04:00:00Z,Jelena Ostapenko,Paula Badosa,spreads,home,2.5,0.4783,consenso,100.0,lowvig,5,
2026-10-02T00:01:10Z,tennis_wta_china_open,49a219b3e9fe502b903f289a5b49c773,2026-10-03T04:00:00Z,Jelena Ostapenko,Paula Badosa,spreads,away,2.5,0.5217,consenso,-120.0,lowvig,5,
2026-10-02T00:01:10Z,tennis_wta_china_open,39032a3e8201f3579fb82fa4026abf11,2026-10-03T04:00:00Z,Kamilla Rakhimova,Leylah Fernandez,h2h,home,,0.2544,pinnacle,283.0,lowvig,24,280.0
2026-10-02T00:01:10Z,tennis_wta_china_open,39032a3e8201f3579fb82fa4026abf11,2026-10-03T04:00:00Z,Kamilla Rakhimova,Leylah Fernandez,h2h,away,,0.7456,pinnacle,-315.0,gtbets,24,-337.0
2026-10-02T00:01:10Z,tennis_wta_china_open,39032a3e8201f3579fb82fa4026abf11,2026-10-03T04:00:00Z,Kamilla Rakhimova,Leylah Fernandez,totals,over,20.5,0.5022,pinnacle,-105.0,gtbets,13,-109.0
2026-10-02T00:01:10Z,tennis_wta_china_open,39032a3e8201f3579fb82fa4026abf11,2026-10-03T04:00:00Z,Kamilla Rakhimova,Leylah Fernandez,totals,under,20.5,0.4978,pinnacle,-107.0,pinnacle,13,-107.0
2026-10-02T00:01:10Z,tennis_wta_china_open,79657d5f6b239c5710a9d3ea165a4f51,2026-10-03T04:00:00Z,Marie Bouzkova,Kimberly Birrell,h2h,home,,0.6684,pinnacle,-205.0,fanduel,25,-223.0
2026-10-02T00:01:10Z,tennis_wta_china_open,79657d5f6b239c5710a9d3ea165a4f51,2026-10-03T04:00:00Z,Marie Bouzkova,Kimberly Birrell,h2h,away,,0.3316,pinnacle,192.0,pinnacle,25,192.0
2026-10-02T00:01:10Z,tennis_wta_china_open,79657d5f6b239c5710a9d3ea165a4f51,2026-10-03T04:00:00Z,Marie Bouzkova,Kimberly Birrell,totals,over,21.5,0.5084,consenso,100.0,coolbet,7,
2026-10-02T00:01:10Z,tennis_wta_china_open,79657d5f6b239c5710a9d3ea165a4f51,2026-10-03T04:00:00Z,Marie Bouzkova,Kimberly Birrell,totals,under,21.5,0.4916,consenso,-110.0,unibet_nl,7,
2026-10-02T00:01:10Z,tennis_wta_china_open,0642ea82817d319579dab471f14fc8f4,2026-10-03T04:00:00Z,Maria Sakkari,Storm Hunter,h2h,home,,0.707,pinnacle,-240.0,unibet_nl,25,-272.0
2026-10-02T00:01:10Z,tennis_wta_china_open,0642ea82817d319579dab471f14fc8f4,2026-10-03T04:00:00Z,Maria Sakkari,Storm Hunter,h2h,away,,0.293,pinnacle,230.0,pinnacle,25,230.0
2026-10-02T00:01:10Z,tennis_wta_china_open,0642ea82817d319579dab471f14fc8f4,2026-10-03T04:00:00Z,Maria Sakkari,Storm Hunter,totals,over,21.5,0.503,consenso,-108.0,onexbet,7,
2026-10-02T00:01:10Z,tennis_wta_china_open,0642ea82817d319579dab471f14fc8f4,2026-10-03T04:00:00Z,Maria Sakkari,Storm Hunter,totals,under,21.5,0.497,consenso,-111.0,gtbets,7,
2026-10-02T00:01:10Z,tennis_wta_china_open,98247d9182513d3430cff642b77bbca1,2026-10-03T04:00:00Z,Sonay Kartal,Xinyu Wang,h2h,home,,0.5191,pinnacle,-109.0,leovegas_se,24,-116.0
2026-10-02T00:01:10Z,tennis_wta_china_open,98247d9182513d3430cff642b77bbca1,2026-10-03T04:00:00Z,Sonay Kartal,Xinyu Wang,h2h,away,,0.4809,pinnacle,104.0,gtbets,24,101.0
2026-10-02T00:01:10Z,tennis_wta_china_open,98247d9182513d3430cff642b77bbca1,2026-10-03T04:00:00Z,Sonay Kartal,Xinyu Wang,totals,over,21.5,0.5136,consenso,-118.0,coolbet,5,
2026-10-02T00:01:10Z,tennis_wta_china_open,98247d9182513d3430cff642b77bbca1,2026-10-03T04:00:00Z,Sonay Kartal,Xinyu Wang,totals,under,21.5,0.4864,consenso,-104.0,coolbet,5,
2026-10-02T00:01:10Z,tennis_wta_china_open,98247d9182513d3430cff642b77bbca1,2026-10-03T04:00:00Z,Sonay Kartal,Xinyu Wang,spreads,home,-0.5,0.5067,pinnacle,-107.0,leovegas_se,7,-111.0
2026-10-02T00:01:10Z,tennis_wta_china_open,98247d9182513d3430cff642b77bbca1,2026-10-03T04:00:00Z,Sonay Kartal,Xinyu Wang,spreads,away,-0.5,0.4933,pinnacle,-104.0,gtbets,9,-105.0
2026-10-02T00:01:10Z,americanfootball_ncaaf,b0998b3474fea9dee080784b8da01048,2026-10-02T00:00:00Z,New Mexico State Aggies,Western Kentucky Hilltoppers,h2h,home,,0.526,pinnacle,-118.0,pinnacle,23,-118.0
2026-10-02T00:01:10Z,americanfootball_ncaaf,b0998b3474fea9dee080784b8da01048,2026-10-02T00:00:00Z,New Mexico State Aggies,Western Kentucky Hilltoppers,h2h,away,,0.474,pinnacle,110.0,betonlineag,23,105.0
2026-10-02T00:01:10Z,americanfootball_ncaaf,b0998b3474fea9dee080784b8da01048,2026-10-02T00:00:00Z,New Mexico State Aggies,Western Kentucky Hilltoppers,totals,over,55.5,0.5,consenso,-109.0,coolbet,8,
2026-10-02T00:01:10Z,americanfootball_ncaaf,b0998b3474fea9dee080784b8da01048,2026-10-02T00:00:00Z,New Mexico State Aggies,Western Kentucky Hilltoppers,totals,under,55.5,0.5,consenso,-103.0,williamhill_us,8,
2026-10-02T00:01:10Z,americanfootball_ncaaf,3c64f3dd8efd756a90f09303e5517006,2026-10-02T01:00:00Z,Tulsa Golden Hurricane,North Texas Mean Green,h2h,home,,0.4361,pinnacle,127.0,betanysports,23,123.0
2026-10-02T00:01:10Z,americanfootball_ncaaf,3c64f3dd8efd756a90f09303e5517006,2026-10-02T01:00:00Z,Tulsa Golden Hurricane,North Texas Mean Green,h2h,away,,0.5639,pinnacle,-138.0,pinnacle,23,-138.0
2026-10-02T00:01:10Z,americanfootball_ncaaf,3c64f3dd8efd756a90f09303e5517006,2026-10-02T01:00:00Z,Tulsa Golden Hurricane,North Texas Mean Green,totals,over,56.5,0.4911,pinnacle,-104.0,pinnacle,10,-104.0
2026-10-02T00:01:10Z,americanfootball_ncaaf,3c64f3dd8efd756a90f09303e5517006,2026-10-02T01:00:00Z,Tulsa Golden Hurricane,North Texas Mean Green,totals,under,56.5,0.5089,pinnacle,-104.0,fanduel,10,-112.0
2026-10-02T00:01:10Z,americanfootball_ncaaf,3c64f3dd8efd756a90f09303e5517006,2026-10-02T01:00:00Z,Tulsa Golden Hurricane,North Texas Mean Green,spreads,home,2.5,0.4891,consenso,106.0,lowvig,14,
2026-10-02T00:01:10Z,americanfootball_ncaaf,3c64f3dd8efd756a90f09303e5517006,2026-10-02T01:00:00Z,Tulsa Golden Hurricane,North Texas Mean Green,spreads,away,2.5,0.5109,consenso,-114.0,gtbets,14,
2026-10-02T00:01:10Z,americanfootball_ncaaf,a39f3695781e9b2f76011e921d63b124,2026-10-02T23:00:00Z,Delaware Blue Hens,Liberty Flames,h2h,home,,0.3033,pinnacle,220.0,draftkings,20,217.0
2026-10-02T00:01:10Z,americanfootball_ncaaf,a39f3695781e9b2f76011e921d63b124,2026-10-02T23:00:00Z,Delaware Blue Hens,Liberty Flames,h2h,away,,0.6967,pinnacle,-250.0,marathonbet,20,-263.0
2026-10-02T00:01:10Z,americanfootball_ncaaf,a39f3695781e9b2f76011e921d63b124,2026-10-02T23:00:00Z,Delaware Blue Hens,Liberty Flames,totals,over,50.0,0.4967,pinnacle,-106.0,lowvig,12,-107.0
2026-10-02T00:01:10Z,americanfootball_ncaaf,a39f3695781e9b2f76011e921d63b124,2026-10-02T23:00:00Z,Delaware Blue Hens,Liberty Flames,totals,under,50.0,0.5033,pinnacle,-109.0,gtbets,12,-110.0
2026-10-02T00:01:10Z,americanfootball_ncaaf,e61c74f0e28b46ad83270a6234b425f4,2026-10-02T23:00:00Z,Virginia Tech Hokies,Pittsburgh Panthers,h2h,home,,0.5643,pinnacle,-135.0,gtbets,23,-140.0
2026-10-02T00:01:10Z,americanfootball_ncaaf,e61c74f0e28b46ad83270a6234b425f4,2026-10-02T23:00:00Z,Virginia Tech Hokies,Pittsburgh Panthers,h2h,away,,0.4357,pinnacle,122.0,fanduel,23,122.0
2026-10-02T00:01:10Z,americanfootball_ncaaf,e61c74f0e28b46ad83270a6234b425f4,2026-10-02T23:00:00Z,Virginia Tech Hokies,Pittsburgh Panthers,totals,over,54.5,0.5,pinnacle,-108.0,lowvig,14,-108.0
2026-10-02T00:01:10Z,americanfootball_ncaaf,e61c74f0e28b46ad83270a6234b425f4,2026-10-02T23:00:00Z,Virginia Tech Hokies,Pittsburgh Panthers,totals,under,54.5,0.5,pinnacle,-104.0,fanduel,14,-108.0
2026-10-02T00:01:10Z,americanfootball_ncaaf,0469a451e58ca81723a7760d4bede173,2026-10-03T00:00:00Z,Northwestern Wildcats,Penn State Nittany Lions,h2h,home,,0.435,pinnacle,125.0,gtbets,23,122.0
2026-10-02T00:01:10Z,americanfootball_ncaaf,0469a451e58ca81723a7760d4bede173,2026-10-03T00:00:00Z,Northwestern Wildcats,Penn State Nittany Lions,h2h,away,,0.565,pinnacle,-140.0,bovada,23,-141.0
2026-10-02T00:01:10Z,americanfootball_ncaaf,0469a451e58ca81723a7760d4bede173,2026-10-03T00:00:00Z,Northwestern Wildcats,Penn State Nittany Lions,totals,over,45.5,0.5022,pinnacle,-109.0,gtbets,18,-109.0
2026-10-02T00:01:10Z,americanfootball_ncaaf,0469a451e58ca81723a7760d4bede173,2026-10-03T00:00:00Z,Northwestern Wildcats,Penn State Nittany Lions,totals,under,45.5,0.4978,pinnacle,-107.0,pinnacle,18,-107.0
2026-10-02T00:01:10Z,americanfootball_ncaaf,0469a451e58ca81723a7760d4bede173,2026-10-03T00:00:00Z,Northwestern Wildcats,Penn State Nittany Lions,spreads,home,3.0,0.5169,pinnacle,-115.0,fanatics,15,-115.0
2026-10-02T00:01:10Z,americanfootball_ncaaf,0469a451e58ca81723a7760d4bede173,2026-10-03T00:00:00Z,Northwestern Wildcats,Penn State Nittany Lions,spreads,away,3.0,0.4831,pinnacle,101.0,gtbets,15,100.0
2026-10-02T00:01:10Z,americanfootball_ncaaf,9b2bcb758c7d7f4cb25d5102e4e9068e,2026-10-03T15:00:00Z,Charlotte 49ers,Memphis Tigers,h2h,home,,0.1082,pinnacle,890.0,fanduel,20,786.0
2026-10-02T00:01:10Z,americanfootball_ncaaf,9b2bcb758c7d7f4cb25d5102e4e9068e,2026-10-03T15:00:00Z,Charlotte 49ers,Memphis Tigers,h2h,away,,0.8918,pinnacle,-1331.0,pinnacle,20,-1331.0
2026-10-02T00:01:10Z,americanfootball_ncaaf,9b2bcb758c7d7f4cb25d5102e4e9068e,2026-10-03T15:00:00Z,Charlotte 49ers,Memphis Tigers,totals,over,52.5,0.4989,consenso,-105.0,fanatics,12,
2026-10-02T00:01:10Z,americanfootball_ncaaf,9b2bcb758c7d7f4cb25d5102e4e9068e,2026-10-03T15:00:00Z,Charlotte 49ers,Memphis Tigers,totals,under,52.5,0.5011,consenso,-105.0,onexbet,12,
2026-10-02T00:01:10Z,americanfootball_ncaaf,4fcb5b7ec04cad7acc5d048bdd24be4c,2026-10-03T16:00:00Z,Air Force Falcons,Navy Midshipmen,h2h,home,,0.599,pinnacle,-155.0,lowvig,23,-163.0
2026-10-02T00:01:10Z,americanfootball_ncaaf,4fcb5b7ec04cad7acc5d048bdd24be4c,2026-10-03T16:00:00Z,Air Force Falcons,Navy Midshipmen,h2h,away,,0.401,pinnacle,146.0,mybookieag,23,141.0
2026-10-02T00:01:10Z,americanfootball_ncaaf,4fcb5b7ec04cad7acc5d048bdd24be4c,2026-10-03T16:00:00Z,Air Force Falcons,Navy Midshipmen,totals,over,46.0,0.5,consenso,-108.0,lowvig,10,
2026-10-02T00:01:10Z,americanfootball_ncaaf,4fcb5b7ec04cad7acc5d048bdd24be4c,2026-10-03T16:00:00Z,Air Force Falcons,Navy Midshipmen,totals,under,46.0,0.5,consenso,-108.0,lowvig,10,
2026-10-02T00:01:10Z,americanfootball_ncaaf,6b22daf46195be6b3748584efe89dac1,2026-10-03T16:00:00Z,Mississippi State Bulldogs,Alabama Crimson Tide,h2h,home,,0.3368,pinnacle,189.0,betonlineag,23,186.0
2026-10-02T00:01:10Z,americanfootball_ncaaf,6b22daf46195be6b3748584efe89dac1,2026-10-03T16:00:00Z,Mississippi State Bulldogs,Alabama Crimson Tide,h2h,away,,0.6632,pinnacle,-210.0,fanduel,23,-221.0
2026-10-02T00:01:10Z,americanfootball_ncaaf,6b22daf46195be6b3748584efe89dac1,2026-10-03T16:00:00Z,Mississippi State Bulldogs,Alabama Crimson Tide,totals,over,60.5,0.4973,consenso,-103.0,lowvig,14,
2026-10-02T00:01:10Z,americanfootball_ncaaf,6b22daf46195be6b3748584efe89dac1,2026-10-03T16:00:00Z,Mississippi State Bulldogs,Alabama Crimson Tide,totals,under,60.5,0.5027,consenso,-109.0,gtbets,14,
2026-10-02T00:01:10Z,americanfootball_ncaaf,36357c80707ce0c3a645afe495b28bbd,2026-10-03T16:00:00Z,SMU Mustangs,Boston College Eagles,h2h,home,,0.9018,pinnacle,-1557.0,pinnacle,22,-1557.0
2026-10-02T00:01:10Z,americanfootball_ncaaf,36357c80707ce0c3a645afe495b28bbd,2026-10-03T16:00:00Z,SMU Mustangs,Boston College Eagles,h2h,away,,0.0982,pinnacle,980.0,fanduel,22,877.0
2026-10-02T00:01:10Z,americanfootball_ncaaf,36357c80707ce0c3a645afe495b28bbd,2026-10-03T16:00:00Z,SMU Mustangs,Boston College Eagles,totals,over,55.5,0.4955,pinnacle,-102.0,draftkings,13,-106.0
2026-10-02T00:01:10Z,americanfootball_ncaaf,36357c80707ce0c3a645afe495b28bbd,2026-10-03T16:00:00Z,SMU Mustangs,Boston College Eagles,totals,under,55.5,0.5045,pinnacle,-110.0,bovada,13,-110.0
2026-10-02T00:01:10Z,americanfootball_ncaaf,36357c80707ce0c3a645afe495b28bbd,2026-10-03T16:00:00Z,SMU Mustangs,Boston College Eagles,spreads,home,-21.5,0.4892,consenso,-101.0,lowvig,12,
2026-10-02T00:01:10Z,americanfootball_ncaaf,36357c80707ce0c3a645afe495b28bbd,2026-10-03T16:00:00Z,SMU Mustangs,Boston College Eagles,spreads,away,-21.5,0.5108,consenso,-110.0,betanysports,12,
2026-10-02T00:01:10Z,americanfootball_ncaaf,11c2108f1d7c8fb56c8a6c7fcd9b62bf,2026-10-03T16:00:00Z,Houston Cougars,UCF Knights,h2h,home,,0.7846,pinnacle,-370.0,marathonbet,22,-451.0
2026-10-02T00:01:10Z,americanfootball_ncaaf,11c2108f1d7c8fb56c8a6c7fcd9b62bf,2026-10-03T16:00:00Z,Houston Cougars,UCF Knights,h2h,away,,0.2154,pinnacle,360.0,mybookieag,22,345.0
2026-10-02T00:01:10Z,americanfootball_ncaaf,11c2108f1d7c8fb56c8a6c7fcd9b62bf,2026-10-03T16:00:00Z,Houston Cougars,UCF Knights,totals,over,51.5,0.4892,consenso,-102.0,draftkings,11,
2026-10-02T00:01:10Z,americanfootball_ncaaf,11c2108f1d7c8fb56c8a6c7fcd9b62bf,2026-10-03T16:00:00Z,Houston Cougars,UCF Knights,totals,under,51.5,0.5108,consenso,-112.0,unibet_nl,11,
2026-10-02T00:01:10Z,americanfootball_ncaaf,7bdd5ae18979fa3af61625a21d757987,2026-10-03T16:00:00Z,Iowa State Cyclones,West Virginia Mountaineers,h2h,home,,0.5888,pinnacle,-152.0,fanduel,22,-156.0
2026-10-02T00:01:10Z,americanfootball_ncaaf,7bdd5ae18979fa3af61625a21d757987,2026-10-03T16:00:00Z,Iowa State Cyclones,West Virginia Mountaineers,h2h,away,,0.4112,pinnacle,138.0,unibet_se,22,135.0
2026-10-02T00:01:10Z,americanfootball_ncaaf,7bdd5ae18979fa3af61625a21d757987,2026-10-03T16:00:00Z,Iowa State Cyclones,West Virginia Mountaineers,totals,over,53.0,0.5045,pinnacle,-103.0,lowvig,11,-110.0
2026-10-02T00:01:10Z,americanfootball_ncaaf,7bdd5ae18979fa3af61625a21d757987,2026-10-03T16:00:00Z,Iowa State Cyclones,West Virginia Mountaineers,totals,under,53.0,0.4955,pinnacle,-106.0,pinnacle,11,-106.0
2026-10-02T00:01:10Z,americanfootball_ncaaf,38e6b42c07f8da2e57e0b4dd09d6174c,2026-10-03T16:00:00Z,Kansas Jayhawks,Middle Tennessee Blue Raiders,h2h,home,,0.8907,pinnacle,-1200.0,fanduel,22,-1309.0
2026-10-02T00:01:10Z,americanfootball_ncaaf,38e6b42c07f8da2e57e0b4dd09d6174c,2026-10-03T16:00:00Z,Kansas Jayhawks,Middle Tennessee Blue Raiders,h2h,away,,0.1093,pinnacle,874.0,betonlineag,22,777.0
2026-10-02T00:01:10Z,americanfootball_ncaaf,38e6b42c07f8da2e57e0b4dd09d6174c,2026-10-03T16:00:00Z,Kansas Jayhawks,Middle Tennessee Blue Raiders,totals,over,50.5,0.5,consenso,-105.0,bovada,15,
2026-10-02T00:01:10Z,americanfootball_ncaaf,38e6b42c07f8da2e57e0b4dd09d6174c,2026-10-03T16:00:00Z,Kansas Jayhawks,Middle Tennessee Blue Raiders,totals,under,50.5,0.5,consenso,-103.0,lowvig,15,
2026-10-02T00:01:10Z,americanfootball_ncaaf,a2f01448219e39fd44e3d98ea5c7f482,2026-10-03T16:00:00Z,Minnesota Golden Gophers,Michigan Wolverines,h2h,home,,0.3368,pinnacle,189.0,mybookieag,22,186.0
2026-10-02T00:01:10Z,americanfootball_ncaaf,a2f01448219e39fd44e3d98ea5c7f482,2026-10-03T16:00:00Z,Minnesota Golden Gophers,Michigan Wolverines,h2h,away,,0.6632,pinnacle,-210.0,betus,22,-221.0
2026-10-02T00:01:10Z,americanfootball_ncaaf,a2f01448219e39fd44e3d98ea5c7f482,2026-10-03T16:00:00Z,Minnesota Golden Gophers,Michigan Wolverines,totals,over,43.0,0.5077,pinnacle,-108.0,lowvig,12,-112.0
2026-10-02T00:01:10Z,americanfootball_ncaaf,a2f01448219e39fd44e3d98ea5c7f482,2026-10-03T16:00:00Z,Minnesota Golden Gophers,Michigan Wolverines,totals,under,43.0,0.4923,pinnacle,-105.0,bovada,12,-105.0
2026-10-02T00:01:10Z,americanfootball_ncaaf,a2f01448219e39fd44e3d98ea5c7f482,2026-10-03T16:00:00Z,Minnesota Golden Gophers,Michigan Wolverines,spreads,home,5.5,0.5,consenso,-106.0,lowvig,18,
2026-10-02T00:01:10Z,americanfootball_ncaaf,a2f01448219e39fd44e3d98ea5c7f482,2026-10-03T16:00:00Z,Minnesota Golden Gophers,Michigan Wolverines,spreads,away,5.5,0.5,consenso,-106.0,lowvig,18,
2026-10-02T00:01:10Z,americanfootball_ncaaf,2b8db5053d533b488c0d76f49382d219,2026-10-03T16:00:00Z,North Carolina Tar Heels,Notre Dame Fighting Irish,h2h,home,,0.0927,pinnacle,1050.0,fanatics,22,936.0
2026-10-02T00:01:10Z,americanfootball_ncaaf,2b8db5053d533b488c0d76f49382d219,2026-10-03T16:00:00Z,North Carolina Tar Heels,Notre Dame Fighting Irish,h2h,away,,0.9073,pinnacle,-1712.0,pinnacle,22,-1712.0
2026-10-02T00:01:10Z,americanfootball_ncaaf,2b8db5053d533b488c0d76f49382d219,2026-10-03T16:00:00Z,North Carolina Tar Heels,Notre Dame Fighting Irish,totals,over,46.5,0.5,consenso,-105.0,bovada,9,
2026-10-02T00:01:10Z,americanfootball_ncaaf,2b8db5053d533b488c0d76f49382d219,2026-10-03T16:00:00Z,North Carolina Tar Heels,Notre Dame Fighting Irish,totals,under,46.5,0.5,consenso,-105.0,onexbet,9,
2026-10-02T00:01:10Z,americanfootball_ncaaf,8ef32c906348e926ca0fabcc25635c11,2026-10-03T16:00:00Z,Wake Forest Demon Deacons,Stanford Cardinal,h2h,home,,0.82,pinnacle,-588.0,betsson,22,-597.0
2026-10-02T00:01:10Z,americanfootball_ncaaf,8ef32c906348e926ca0fabcc25635c11,2026-10-03T16:00:00Z,Wake Forest Demon Deacons,Stanford Cardinal,h2h,away,,0.18,pinnacle,460.0,betrivers,22,432.0
2026-10-02T00:01:10Z,americanfootball_ncaaf,8ef32c906348e926ca0fabcc25635c11,2026-10-03T16:00:00Z,Wake Forest Demon Deacons,Stanford Cardinal,totals,over,53.5,0.5089,pinnacle,-108.0,lowvig,19,-112.0
2026-10-02T00:01:10Z,americanfootball_ncaaf,8ef32c906348e926ca0fabcc25635c11,2026-10-03T16:00:00Z,Wake Forest Demon Deacons,Stanford Cardinal,totals,under,53.5,0.4911,pinnacle,-104.0,pinnacle,19,-104.0
2026-10-02T00:01:10Z,americanfootball_ncaaf,8ef32c906348e926ca0fabcc25635c11,2026-10-03T16:00:00Z,Wake Forest Demon Deacons,Stanford Cardinal,spreads,home,-14.0,0.5021,consenso,-105.0,bovada,16,
2026-10-02T00:01:10Z,americanfootball_ncaaf,8ef32c906348e926ca0fabcc25635c11,2026-10-03T16:00:00Z,Wake Forest Demon Deacons,Stanford Cardinal,spreads,away,-14.0,0.4979,consenso,-103.0,lowvig,16,
2026-10-02T00:01:10Z,americanfootball_ncaaf,94769faaa7a5aba0474291fc9c2d3d6d,2026-10-03T16:00:00Z,UConn Huskies,Syracuse Orange,h2h,home,,0.3005,pinnacle,225.0,unibet_nl,21,220.0
2026-10-02T00:01:10Z,americanfootball_ncaaf,94769faaa7a5aba0474291fc9c2d3d6d,2026-10-03T16:00:00Z,UConn Huskies,Syracuse Orange,h2h,away,,0.6995,pinnacle,-233.0,marathonbet,21,-267.0
2026-10-02T00:01:10Z,americanfootball_ncaaf,94769faaa7a5aba0474291fc9c2d3d6d,2026-10-03T16:00:00Z,UConn Huskies,Syracuse Orange,totals,over,50.5,0.5,consenso,-108.0,draftkings,16,
2026-10-02T00:01:10Z,americanfootball_ncaaf,94769faaa7a5aba0474291fc9c2d3d6d,2026-10-03T16:00:00Z,UConn Huskies,Syracuse Orange,totals,under,50.5,0.5,consenso,-109.0,gtbets,16,
2026-10-02T00:01:10Z,americanfootball_ncaaf,575f5abb1af3a81091ac5a1cf1f5f927,2026-10-03T16:30:00Z,Wisconsin Badgers,Michigan State Spartans,h2h,home,,0.7627,pinnacle,-357.0,marathonbet,22,-389.0
2026-10-02T00:01:10Z,americanfootball_ncaaf,575f5abb1af3a81091ac5a1cf1f5f927,2026-10-03T16:30:00Z,Wisconsin Badgers,Michigan State Spartans,h2h,away,,0.2373,pinnacle,320.0,fanduel,22,304.0
2026-10-02T00:01:10Z,americanfootball_ncaaf,575f5abb1af3a81091ac5a1cf1f5f927,2026-10-03T16:30:00Z,Wisconsin Badgers,Michigan State Spartans,totals,over,43.5,0.4933,pinnacle,-105.0,pinnacle,19,-105.0
2026-10-02T00:01:10Z,americanfootball_ncaaf,575f5abb1af3a81091ac5a1cf1f5f927,2026-10-03T16:30:00Z,Wisconsin Badgers,Michigan State Spartans,totals,under,43.5,0.5067,pinnacle,-108.0,lowvig,19,-111.0
2026-10-02T00:01:10Z,americanfootball_ncaaf,46e1be6476ed577d1b5194b46b27c643,2026-10-03T16:45:00Z,Georgia Bulldogs,Vanderbilt Commodores,h2h,home,,0.9322,pinnacle,-2800.0,draftkings,19,-2889.0
2026-10-02T00:01:10Z,americanfootball_ncaaf,46e1be6476ed577d1b5194b46b27c643,2026-10-03T16:45:00Z,Georgia Bulldogs,Vanderbilt Commodores,h2h,away,,0.0678,pinnacle,1400.0,fanduel,19,1322.0
2026-10-02T00:01:10Z,americanfootball_ncaaf,46e1be6476ed577d1b5194b46b27c643,2026-10-03T16:45:00Z,Georgia Bulldogs,Vanderbilt Commodores,totals,over,50.5,0.5045,pinnacle,-108.0,lowvig,16,-110.0
2026-10-02T00:01:10Z,americanfootball_ncaaf,46e1be6476ed577d1b5194b46b27c643,2026-10-03T16:45:00Z,Georgia Bulldogs,Vanderbilt Commodores,totals,under,50.5,0.4955,pinnacle,-104.0,williamhill_us,16,-106.0
2026-10-02T00:01:10Z,americanfootball_ncaaf,46e1be6476ed577d1b5194b46b27c643,2026-10-03T16:45:00Z,Georgia Bulldogs,Vanderbilt Commodores,spreads,home,-25.0,0.5023,pinnacle,-108.0,pinnacle,12,-108.0
2026-10-02T00:01:10Z,americanfootball_ncaaf,46e1be6476ed577d1b5194b46b27c643,2026-10-03T16:45:00Z,Georgia Bulldogs,Vanderbilt Commodores,spreads,away,-25.0,0.4977,pinnacle,-101.0,lowvig,12,-106.0
2026-10-02T00:01:10Z,americanfootball_ncaaf,031ad65ec032d459cda2cee30378e4a4,2026-10-03T17:00:00Z,Buffalo Bulls,Western Michigan Broncos,h2h,home,,0.1747,pinnacle,470.0,fanduel,21,448.0
2026-10-02T00:01:10Z,americanfootball_ncaaf,031ad65ec032d459cda2cee30378e4a4,2026-10-03T17:00:00Z,Buffalo Bulls,Western Michigan Broncos,h2h,away,,0.8253,pinnacle,-600.0,draftkings,21,-626.0
2026-10-02T00:01:10Z,americanfootball_ncaaf,031ad65ec032d459cda2cee30378e4a4,2026-10-03T17:00:00Z,Buffalo Bulls,Western Michigan Broncos,totals,over,46.5,0.5,consenso,-105.0,fanduel,8,
2026-10-02T00:01:10Z,americanfootball_ncaaf,031ad65ec032d459cda2cee30378e4a4,2026-10-03T17:00:00Z,Buffalo Bulls,Western Michigan Broncos,totals,under,46.5,0.5,consenso,-106.0,unibet_nl,8,
2026-10-02T00:01:10Z,americanfootball_ncaaf,031ad65ec032d459cda2cee30378e4a4,2026-10-03T17:00:00Z,Buffalo Bulls,Western Michigan Broncos,spreads,home,14.0,0.5,consenso,-105.0,betonlineag,11,
2026-10-02T00:01:10Z,americanfootball_ncaaf,031ad65ec032d459cda2cee30378e4a4,2026-10-03T17:00:00Z,Buffalo Bulls,Western Michigan Broncos,spreads,away,14.0,0.5,consenso,-105.0,bovada,11,
2026-10-02T00:01:10Z,americanfootball_ncaaf,c3437a49d4efdbca5669e7edfb5af569,2026-10-03T18:00:00Z,Ball State Cardinals,Toledo Rockets,h2h,home,,0.1058,pinnacle,874.0,betonlineag,21,806.0
2026-10-02T00:01:10Z,americanfootball_ncaaf,c3437a49d4efdbca5669e7edfb5af569,2026-10-03T18:00:00Z,Ball State Cardinals,Toledo Rockets,h2h,away,,0.8942,pinnacle,-1200.0,betmgm,21,-1380.0
2026-10-02T00:01:10Z,americanfootball_ncaaf,c3437a49d4efdbca5669e7edfb5af569,2026-10-03T18:00:00Z,Ball State Cardinals,Toledo Rockets,totals,over,52.5,0.4957,consenso,-104.0,gtbets,9,
2026-10-02T00:01:10Z,americanfootball_ncaaf,c3437a49d4efdbca5669e7edfb5af569,2026-10-03T18:00:00Z,Ball State Cardinals,Toledo Rockets,totals,under,52.5,0.5043,consenso,-110.0,fanatics,9,
2026-10-02T00:01:10Z,americanfootball_ncaaf,afbc95d529430ef9797b428b2a9db1ab,2026-10-03T19:30:00Z,Central Michigan Chippewas,Akron Zips,h2h,home,,0.6822,pinnacle,-235.0,betmgm,19,-243.0
2026-10-02T00:01:10Z,americanfootball_ncaaf,afbc95d529430ef9797b428b2a9db1ab,2026-10-03T19:30:00Z,Central Michigan Chippewas,Akron Zips,h2h,away,,0.3178,pinnacle,210.0,fanatics,19,203.0
2026-10-02T00:01:10Z,americanfootball_ncaaf,afbc95d529430ef9797b428b2a9db1ab,2026-10-03T19:30:00Z,Central Michigan Chippewas,Akron Zips,totals,over,47.0,0.5,pinnacle,-108.0,lowvig,11,-108.0
2026-10-02T00:01:10Z,americanfootball_ncaaf,afbc95d529430ef9797b428b2a9db1ab,2026-10-03T19:30:00Z,Central Michigan Chippewas,Akron Zips,totals,under,47.0,0.5,pinnacle,-108.0,lowvig,11,-108.0
2026-10-02T00:01:10Z,americanfootball_ncaaf,afbc95d529430ef9797b428b2a9db1ab,2026-10-03T19:30:00Z,Central Michigan Chippewas,Akron Zips,spreads,home,-6.5,0.5023,pinnacle,-108.0,pinnacle,19,-108.0
2026-10-02T00:01:10Z,americanfootball_ncaaf,afbc95d529430ef9797b428b2a9db1ab,2026-10-03T19:30:00Z,Central Michigan Chippewas,Akron Zips,spreads,away,-6.5,0.4977,pinnacle,100.0,lowvig,19,-106.0
2026-10-02T00:01:10Z,americanfootball_ncaaf,f2defdeeb6cb3aa4a86b01a7a5b1ece4,2026-10-03T19:30:00Z,Tennessee Volunteers,Auburn Tigers,h2h,home,,0.712,pinnacle,-275.0,williamhill_us,20,-285.0
2026-10-02T00:01:10Z,americanfootball_ncaaf,f2defdeeb6cb3aa4a86b01a7a5b1ece4,2026-10-03T19:30:00Z,Tennessee Volunteers,Auburn Tigers,h2h,away,,0.288,pinnacle,240.0,everygame,20,234.0
2026-10-02T00:01:10Z,americanfootball_ncaaf,f2defdeeb6cb3aa4a86b01a7a5b1ece4,2026-10-03T19:30:00Z,Tennessee Volunteers,Auburn Tigers,totals,over,54.0,0.5,consenso,-108.0,lowvig,10,
2026-10-02T00:01:10Z,americanfootball_ncaaf,f2defdeeb6cb3aa4a86b01a7a5b1ece4,2026-10-03T19:30:00Z,Tennessee Volunteers,Auburn Tigers,totals,under,54.0,0.5,consenso,-108.0,lowvig,10,
2026-10-02T00:01:10Z,americanfootball_ncaaf,f2defdeeb6cb3aa4a86b01a7a5b1ece4,2026-10-03T19:30:00Z,Tennessee Volunteers,Auburn Tigers,spreads,home,-7.0,0.5045,pinnacle,-107.0,lowvig,18,-109.0
2026-10-02T00:01:10Z,americanfootball_ncaaf,f2defdeeb6cb3aa4a86b01a7a5b1ece4,2026-10-03T19:30:00Z,Tennessee Volunteers,Auburn Tigers,spreads,away,-7.0,0.4955,pinnacle,-105.0,lowvig,18,-105.0
2026-10-02T00:01:10Z,americanfootball_ncaaf,766a0470521ac4a0fad476df45c1438b,2026-10-03T19:30:00Z,Miami (OH) RedHawks,Bowling Green Falcons,h2h,home,,0.819,pinnacle,-550.0,fanduel,19,-592.0
2026-10-02T00:01:10Z,americanfootball_ncaaf,766a0470521ac4a0fad476df45c1438b,2026-10-03T19:30:00Z,Miami (OH) RedHawks,Bowling Green Falcons,h2h,away,,0.181,pinnacle,450.0,mybookieag,19,429.0
2026-10-02T00:01:10Z,americanfootball_ncaaf,766a0470521ac4a0fad476df45c1438b,2026-10-03T19:30:00Z,Miami (OH) RedHawks,Bowling Green Falcons,totals,over,43.0,0.5089,pinnacle,-108.0,lowvig,9,-112.0
2026-10-02T00:01:10Z,americanfootball_ncaaf,766a0470521ac4a0fad476df45c1438b,2026-10-03T19:30:00Z,Miami (OH) RedHawks,Bowling Green Falcons,totals,under,43.0,0.4911,pinnacle,-104.0,pinnacle,9,-104.0
2026-10-02T00:01:10Z,americanfootball_ncaaf,766a0470521ac4a0fad476df45c1438b,2026-10-03T19:30:00Z,Miami (OH) RedHawks,Bowling Green Falcons,spreads,home,-13.5,0.5,consenso,-105.0,fanduel,14,
2026-10-02T00:01:10Z,americanfootball_ncaaf,766a0470521ac4a0fad476df45c1438b,2026-10-03T19:30:00Z,Miami (OH) RedHawks,Bowling Green Falcons,spreads,away,-13.5,0.5,consenso,-106.0,unibet_nl,14,
2026-10-02T00:01:10Z,americanfootball_ncaaf,f28938b05f7d4b4187e879917f6e583a,2026-10-03T19:30:00Z,UNLV Rebels,California Golden Bears,h2h,home,,0.5661,pinnacle,-134.0,fanduel,20,-141.0
2026-10-02T00:01:10Z,americanfootball_ncaaf,f28938b05f7d4b4187e879917f6e583a,2026-10-03T19:30:00Z,UNLV Rebels,California Golden Bears,h2h,away,,0.4339,pinnacle,125.0,lowvig,20,123.0
2026-10-02T00:01:10Z,americanfootball_ncaaf,f28938b05f7d4b4187e879917f6e583a,2026-10-03T19:30:00Z,UNLV Rebels,California Golden Bears,totals,over,53.5,0.5,consenso,-108.0,lowvig,13,
2026-10-02T00:01:10Z,americanfootball_ncaaf,f28938b05f7d4b4187e879917f6e583a,2026-10-03T19:30:00Z,UNLV Rebels,California Golden Bears,totals,under,53.5,0.5,consenso,-105.0,betus,13,
2026-10-02T00:01:10Z,americanfootball_ncaaf,7e0abfe1077b7d41d61b918ef53d247b,2026-10-03T19:30:00Z,UMass Minutemen,Eastern Michigan Eagles,h2h,home,,0.6607,pinnacle,-218.0,draftkings,18,-218.0
2026-10-02T00:01:10Z,americanfootball_ncaaf,7e0abfe1077b7d41d61b918ef53d247b,2026-10-03T19:30:00Z,UMass Minutemen,Eastern Michigan Eagles,h2h,away,,0.3393,pinnacle,190.0,betus,18,184.0
2026-10-02T00:01:10Z,americanfootball_ncaaf,7e0abfe1077b7d41d61b918ef53d247b,2026-10-03T19:30:00Z,UMass Minutemen,Eastern Michigan Eagles,totals,over,48.5,0.5156,pinnacle,-109.0,gtbets,13,-115.0
2026-10-02T00:01:10Z,americanfootball_ncaaf,7e0abfe1077b7d41d61b918ef53d247b,2026-10-03T19:30:00Z,UMass Minutemen,Eastern Michigan Eagles,totals,under,48.5,0.4844,pinnacle,-101.0,pinnacle,13,-101.0
2026-10-02T00:01:10Z,americanfootball_ncaaf,7e0abfe1077b7d41d61b918ef53d247b,2026-10-03T19:30:00Z,UMass Minutemen,Eastern Michigan Eagles,spreads,home,-6.0,0.4831,pinnacle,100.0,pinnacle,12,100.0
2026-10-02T00:01:10Z,americanfootball_ncaaf,7e0abfe1077b7d41d61b918ef53d247b,2026-10-03T19:30:00Z,UMass Minutemen,Eastern Michigan Eagles,spreads,away,-6.0,0.5169,pinnacle,-109.0,gtbets,12,-115.0
2026-10-02T00:01:10Z,americanfootball_ncaaf,6d39ea01c532535edf756b8086656518,2026-10-03T19:30:00Z,Missouri Tigers,Florida Gators,h2h,home,,0.3397,pinnacle,186.0,betonlineag,20,184.0
2026-10-02T00:01:10Z,americanfootball_ncaaf,6d39ea01c532535edf756b8086656518,2026-10-03T19:30:00Z,Missouri Tigers,Florida Gators,h2h,away,,0.6603,pinnacle,-195.0,betanysports,20,-217.0
2026-10-02T00:01:10Z,americanfootball_ncaaf,6d39ea01c532535edf756b8086656518,2026-10-03T19:30:00Z,Missouri Tigers,Florida Gators,totals,over,57.5,0.5089,pinnacle,-108.0,lowvig,15,-112.0
2026-10-02T00:01:10Z,americanfootball_ncaaf,6d39ea01c532535edf756b8086656518,2026-10-03T19:30:00Z,Missouri Tigers,Florida Gators,totals,under,57.5,0.4911,pinnacle,-104.0,pinnacle,15,-104.0
2026-10-02T00:01:10Z,americanfootball_ncaaf,6d39ea01c532535edf756b8086656518,2026-10-03T19:30:00Z,Missouri Tigers,Florida Gators,spreads,home,5.5,0.5023,pinnacle,-108.0,pinnacle,11,-108.0
2026-10-02T00:01:10Z,americanfootball_ncaaf,6d39ea01c532535edf756b8086656518,2026-10-03T19:30:00Z,Missouri Tigers,Florida Gators,spreads,away,5.5,0.4977,pinnacle,-104.0,gtbets,11,-106.0
2026-10-02T00:01:10Z,americanfootball_ncaaf,296c3e1c69d11f640690b6f9bd37d424,2026-10-03T19:30:00Z,Florida State Seminoles,Virginia Cavaliers,h2h,home,,0.435,pinnacle,125.0,betonlineag,20,122.0
2026-10-02T00:01:10Z,americanfootball_ncaaf,296c3e1c69d11f640690b6f9bd37d424,2026-10-03T19:30:00Z,Florida State Seminoles,Virginia Cavaliers,h2h,away,,0.565,pinnacle,-130.0,fanduel,20,-141.0
2026-10-02T00:01:10Z,americanfootball_ncaaf,296c3e1c69d11f640690b6f9bd37d424,2026-10-03T19:30:00Z,Florida State Seminoles,Virginia Cavaliers,totals,over,51.5,0.5022,pinnacle,-103.0,lowvig,17,-109.0
2026-10-02T00:01:10Z,americanfootball_ncaaf,296c3e1c69d11f640690b6f9bd37d424,2026-10-03T19:30:00Z,Florida State Seminoles,Virginia Cavaliers,totals,under,51.5,0.4978,pinnacle,-107.0,pinnacle,17,-107.0
2026-10-02T00:01:10Z,americanfootball_ncaaf,296c3e1c69d11f640690b6f9bd37d424,2026-10-03T19:30:00Z,Florida State Seminoles,Virginia Cavaliers,spreads,home,2.5,0.4787,pinnacle,102.0,pinnacle,18,102.0
2026-10-02T00:01:10Z,americanfootball_ncaaf,296c3e1c69d11f640690b6f9bd37d424,2026-10-03T19:30:00Z,Florida State Seminoles,Virginia Cavaliers,spreads,away,2.5,0.5213,pinnacle,-105.0,fanduel,18,-117.0
2026-10-02T00:01:10Z,americanfootball_ncaaf,e4f058459f5ee64f3cff3ac1aed79e64,2026-10-03T19:30:00Z,Georgia State Panthers,Old Dominion Monarchs,h2h,home,,0.5482,pinnacle,-125.0,fanduel,19,-131.0
2026-10-02T00:01:10Z,americanfootball_ncaaf,e4f058459f5ee64f3cff3ac1aed79e64,2026-10-03T19:30:00Z,Georgia State Panthers,Old Dominion Monarchs,h2h,away,,0.4518,pinnacle,115.0,lowvig,19,114.0
2026-10-02T00:01:10Z,americanfootball_ncaaf,e4f058459f5ee64f3cff3ac1aed79e64,2026-10-03T19:30:00Z,Georgia State Panthers,Old Dominion Monarchs,totals,over,51.5,0.5,consenso,-105.0,lowvig,14,
2026-10-02T00:01:10Z,americanfootball_ncaaf,e4f058459f5ee64f3cff3ac1aed79e64,2026-10-03T19:30:00Z,Georgia State Panthers,Old Dominion Monarchs,totals,under,51.5,0.5,consenso,-108.0,fanduel,14,
2026-10-02T00:01:10Z,americanfootball_ncaaf,b163da8a283ade5bd6428a3ca01da8b8,2026-10-03T19:30:00Z,Iowa Hawkeyes,Ohio State Buckeyes,h2h,home,,0.1734,pinnacle,495.0,marathonbet,19,452.0
2026-10-02T00:01:10Z,americanfootball_ncaaf,b163da8a283ade5bd6428a3ca01da8b8,2026-10-03T19:30:00Z,Iowa Hawkeyes,Ohio State Buckeyes,h2h,away,,0.8266,pinnacle,-600.0,betus,19,-633.0
2026-10-02T00:01:10Z,americanfootball_ncaaf,b163da8a283ade5bd6428a3ca01da8b8,2026-10-03T19:30:00Z,Iowa Hawkeyes,Ohio State Buckeyes,totals,over,45.5,0.5,consenso,-110.0,draftkings,13,
2026-10-02T00:01:10Z,americanfootball_ncaaf,b163da8a283ade5bd6428a3ca01da8b8,2026-10-03T19:30:00Z,Iowa Hawkeyes,Ohio State Buckeyes,totals,under,45.5,0.5,consenso,-103.0,lowvig,13,
2026-10-02T00:01:10Z,americanfootball_ncaaf,c1c548c80e674e3a37dcc2551beba599,2026-10-03T19:30:00Z,Kent State Golden Flashes,Ohio Bobcats,h2h,home,,0.3908,pinnacle,150.0,betanysports,18,147.0
2026-10-02T00:01:10Z,americanfootball_ncaaf,c1c548c80e674e3a37dcc2551beba599,2026-10-03T19:30:00Z,Kent State Golden Flashes,Ohio Bobcats,h2h,away,,0.6092,pinnacle,-165.0,unibet_se,18,-171.0
2026-10-02T00:01:10Z,americanfootball_ncaaf,c1c548c80e674e3a37dcc2551beba599,2026-10-03T19:30:00Z,Kent State Golden Flashes,Ohio Bobcats,totals,over,50.5,0.5111,pinnacle,-109.0,unibet_nl,15,-113.0
2026-10-02T00:01:10Z,americanfootball_ncaaf,c1c548c80e674e3a37dcc2551beba599,2026-10-03T19:30:00Z,Kent State Golden Flashes,Ohio Bobcats,totals,under,50.5,0.4889,pinnacle,-103.0,lowvig,15,-103.0
2026-10-02T00:01:10Z,americanfootball_ncaaf,c1c548c80e674e3a37dcc2551beba599,2026-10-03T19:30:00Z,Kent State Golden Flashes,Ohio Bobcats,spreads,home,3.5,0.5123,pinnacle,-106.0,lowvig,13,-113.0
2026-10-02T00:01:10Z,americanfootball_ncaaf,c1c548c80e674e3a37dcc2551beba599,2026-10-03T19:30:00Z,Kent State Golden Flashes,Ohio Bobcats,spreads,away,3.5,0.4877,pinnacle,-102.0,pinnacle,13,-102.0
2026-10-02T00:01:10Z,americanfootball_ncaaf,a77fd3143159a9d16a75685528d9960b,2026-10-03T19:30:00Z,NC State Wolfpack,Louisville Cardinals,h2h,home,,0.386,pinnacle,157.0,williamhill_us,20,150.0
2026-10-02T00:01:10Z,americanfootball_ncaaf,a77fd3143159a9d16a75685528d9960b,2026-10-03T19:30:00Z,NC State Wolfpack,Louisville Cardinals,h2h,away,,0.614,pinnacle,-170.0,betanysports,20,-175.0
2026-10-02T00:01:10Z,americanfootball_ncaaf,a77fd3143159a9d16a75685528d9960b,2026-10-03T19:30:00Z,NC State Wolfpack,Louisville Cardinals,totals,over,58.5,0.5,pinnacle,-106.0,lowvig,17,-108.0
2026-10-02T00:01:10Z,americanfootball_ncaaf,a77fd3143159a9d16a75685528d9960b,2026-10-03T19:30:00Z,NC State Wolfpack,Louisville Cardinals,totals,under,58.5,0.5,pinnacle,-108.0,williamhill_us,17,-108.0
2026-10-02T00:01:10Z,americanfootball_ncaaf,a77fd3143159a9d16a75685528d9960b,2026-10-03T19:30:00Z,NC State Wolfpack,Louisville Cardinals,spreads,home,3.5,0.4978,consenso,-105.0,fanduel,19,
2026-10-02T00:01:10Z,americanfootball_ncaaf,a77fd3143159a9d16a75685528d9960b,2026-10-03T19:30:00Z,NC State Wolfpack,Louisville Cardinals,spreads,away,3.5,0.5022,consenso,-106.0,lowvig,19,
2026-10-02T00:01:10Z,americanfootball_ncaaf,b36c1d83299d019b7833660a29e9da9c,2026-10-03T19:30:00Z,North Dakota State Bison,Wyoming Cowboys,h2h,home,,0.8797,pinnacle,-1020.0,gtbets,18,-1124.0
2026-10-02T00:01:10Z,americanfootball_ncaaf,b36c1d83299d019b7833660a29e9da9c,2026-10-03T19:30:00Z,North Dakota State Bison,Wyoming Cowboys,h2h,away,,0.1203,pinnacle,754.0,lowvig,18,696.0
2026-10-02T00:01:10Z,americanfootball_ncaaf,b36c1d83299d019b7833660a29e9da9c,2026-10-03T19:30:00Z,North Dakota State Bison,Wyoming Cowboys,totals,over,45.5,0.4892,consenso,-105.0,fanduel,12,
2026-10-02T00:01:10Z,americanfootball_ncaaf,b36c1d83299d019b7833660a29e9da9c,2026-10-03T19:30:00Z,North Dakota State Bison,Wyoming Cowboys,totals,under,45.5,0.5108,consenso,-109.0,gtbets,12,
2026-10-02T00:01:10Z,americanfootball_ncaaf,b36c1d83299d019b7833660a29e9da9c,2026-10-03T19:30:00Z,North Dakota State Bison,Wyoming Cowboys,spreads,home,-17.5,0.4932,pinnacle,-104.0,lowvig,14,-104.0
2026-10-02T00:01:10Z,americanfootball_ncaaf,b36c1d83299d019b7833660a29e9da9c,2026-10-03T19:30:00Z,North Dakota State Bison,Wyoming Cowboys,spreads,away,-17.5,0.5068,pinnacle,-108.0,draftkings,14,-110.0
2026-10-02T00:01:10Z,americanfootball_ncaaf,3086203ed472e204ff7f3ba6241bb43c,2026-10-03T19:30:00Z,UAB Blazers,Samford Bulldogs,h2h,home,,0.9578,consenso,-7000.0,fanatics,4,
2026-10-02T00:01:10Z,americanfootball_ncaaf,3086203ed472e204ff7f3ba6241bb43c,2026-10-03T19:30:00Z,UAB Blazers,Samford Bulldogs,h2h,away,,0.0422,consenso,2200.0,fanduel,4,
2026-10-02T00:01:10Z,americanfootball_ncaaf,3086203ed472e204ff7f3ba6241bb43c,2026-10-03T19:30:00Z,UAB Blazers,Samford Bulldogs,totals,over,52.5,0.5022,pinnacle,-110.0,fanatics,7,-111.0
2026-10-02T00:01:10Z,americanfootball_ncaaf,3086203ed472e204ff7f3ba6241bb43c,2026-10-03T19:30:00Z,UAB Blazers,Samford Bulldogs,totals,under,52.5,0.4978,pinnacle,-104.0,gtbets,7,-109.0
2026-10-02T00:01:10Z,americanfootball_ncaaf,3086203ed472e204ff7f3ba6241bb43c,2026-10-03T19:30:00Z,UAB Blazers,Samford Bulldogs,spreads,home,-30.5,0.5,pinnacle,-106.0,fanduel,11,-110.0
2026-10-02T00:01:10Z,americanfootball_ncaaf,3086203ed472e204ff7f3ba6241bb43c,2026-10-03T19:30:00Z,UAB Blazers,Samford Bulldogs,spreads,away,-30.5,0.5,pinnacle,-109.0,gtbets,11,-110.0
2026-10-02T00:01:10Z,americanfootball_ncaaf,7e365956ef23823565a044a5af18736a,2026-10-03T19:45:00Z,James Madison Dukes,Marshall Thundering Herd,h2h,home,,0.8767,pinnacle,-1010.0,gtbets,19,-1081.0
2026-10-02T00:01:10Z,americanfootball_ncaaf,7e365956ef23823565a044a5af18736a,2026-10-03T19:45:00Z,James Madison Dukes,Marshall Thundering Herd,h2h,away,,0.1233,pinnacle,750.0,marathonbet,19,677.0
2026-10-02T00:01:10Z,americanfootball_ncaaf,7e365956ef23823565a044a5af18736a,2026-10-03T19:45:00Z,James Madison Dukes,Marshall Thundering Herd,totals,over,56.5,0.4907,consenso,-103.0,lowvig,7,
2026-10-02T00:01:10Z,americanfootball_ncaaf,7e365956ef23823565a044a5af18736a,2026-10-03T19:45:00Z,James Madison Dukes,Marshall Thundering Herd,totals,under,56.5,0.5093,consenso,-112.0,fanduel,7,
2026-10-02T00:01:10Z,americanfootball_ncaaf,0e62429ed73f84f87f603d376477749c,2026-10-03T20:00:00Z,Nebraska Cornhuskers,Maryland Terrapins,h2h,home,,0.8324,pinnacle,-621.0,marathonbet,20,-667.0
2026-10-02T00:01:10Z,americanfootball_ncaaf,0e62429ed73f84f87f603d376477749c,2026-10-03T20:00:00Z,Nebraska Cornhuskers,Maryland Terrapins,h2h,away,,0.1676,pinnacle,525.0,unibet_se,20,471.0
2026-10-02T00:01:10Z,americanfootball_ncaaf,0e62429ed73f84f87f603d376477749c,2026-10-03T20:00:00Z,Nebraska Cornhuskers,Maryland Terrapins,totals,over,52.5,0.5,pinnacle,-106.0,williamhill_us,16,-108.0
2026-10-02T00:01:10Z,americanfootball_ncaaf,0e62429ed73f84f87f603d376477749c,2026-10-03T20:00:00Z,Nebraska Cornhuskers,Maryland Terrapins,totals,under,52.5,0.5,pinnacle,-108.0,lowvig,16,-108.0
2026-10-02T00:01:10Z,americanfootball_ncaaf,0e62429ed73f84f87f603d376477749c,2026-10-03T20:00:00Z,Nebraska Cornhuskers,Maryland Terrapins,spreads,home,-14.5,0.4932,pinnacle,-104.0,pinnacle,14,-104.0
2026-10-02T00:01:10Z,americanfootball_ncaaf,0e62429ed73f84f87f603d376477749c,2026-10-03T20:00:00Z,Nebraska Cornhuskers,Maryland Terrapins,spreads,away,-14.5,0.5068,pinnacle,-106.0,lowvig,14,-110.0
2026-10-02T00:01:10Z,americanfootball_ncaaf,e7e3e3bfc3fd7fca7550ecf48cb78666,2026-10-03T20:00:00Z,New Mexico Lobos,UTEP Miners,h2h,home,,0.9142,pinnacle,-1941.0,pinnacle,14,-1941.0
2026-10-02T00:01:10Z,americanfootball_ncaaf,e7e3e3bfc3fd7fca7550ecf48cb78666,2026-10-03T20:00:00Z,New Mexico Lobos,UTEP Miners,h2h,away,,0.0858,pinnacle,1150.0,betmgm,14,1020.0
2026-10-02T00:01:10Z,americanfootball_ncaaf,e7e3e3bfc3fd7fca7550ecf48cb78666,2026-10-03T20:00:00Z,New Mexico Lobos,UTEP Miners,totals,over,48.5,0.4978,pinnacle,-105.0,betus,14,-107.0
2026-10-02T00:01:10Z,americanfootball_ncaaf,e7e3e3bfc3fd7fca7550ecf48cb78666,2026-10-03T20:00:00Z,New Mexico Lobos,UTEP Miners,totals,under,48.5,0.5022,pinnacle,-105.0,fanduel,14,-109.0
2026-10-02T00:01:10Z,americanfootball_ncaaf,e7e3e3bfc3fd7fca7550ecf48cb78666,2026-10-03T20:00:00Z,New Mexico Lobos,UTEP Miners,spreads,home,-22.5,0.509,pinnacle,-106.0,lowvig,16,-111.0
2026-10-02T00:01:10Z,americanfootball_ncaaf,e7e3e3bfc3fd7fca7550ecf48cb78666,2026-10-03T20:00:00Z,New Mexico Lobos,UTEP Miners,spreads,away,-22.5,0.491,pinnacle,-103.0,pinnacle,16,-103.0
2026-10-02T00:01:10Z,americanfootball_ncaaf,0cdf52fe0d6bfe0664b76a2102f8b605,2026-10-03T20:15:00Z,Illinois Fighting Illini,Purdue Boilermakers,h2h,home,,0.762,pinnacle,-370.0,betonlineag,20,-387.0
2026-10-02T00:01:10Z,americanfootball_ncaaf,0cdf52fe0d6bfe0664b76a2102f8b605,2026-10-03T20:15:00Z,Illinois Fighting Illini,Purdue Boilermakers,h2h,away,,0.238,pinnacle,325.0,leovegas_se,20,303.0
2026-10-02T00:01:10Z,americanfootball_ncaaf,0cdf52fe0d6bfe0664b76a2102f8b605,2026-10-03T20:15:00Z,Illinois Fighting Illini,Purdue Boilermakers,totals,over,62.5,0.5045,pinnacle,-106.0,fanduel,15,-110.0
2026-10-02T00:01:10Z,americanfootball_ncaaf,0cdf52fe0d6bfe0664b76a2102f8b605,2026-10-03T20:15:00Z,Illinois Fighting Illini,Purdue Boilermakers,totals,under,62.5,0.4955,pinnacle,-106.0,pinnacle,15,-106.0
2026-10-02T00:01:10Z,americanfootball_ncaaf,59abc1d6262d2ea6a72c4daad4c83af2,2026-10-03T20:15:00Z,South Carolina Gamecocks,Kentucky Wildcats,h2h,home,,0.6026,pinnacle,-152.0,fanduel,19,-166.0
2026-10-02T00:01:10Z,americanfootball_ncaaf,59abc1d6262d2ea6a72c4daad4c83af2,2026-10-03T20:15:00Z,South Carolina Gamecocks,Kentucky Wildcats,h2h,away,,0.3974,pinnacle,143.0,pinnacle,19,143.0
2026-10-02T00:01:10Z,americanfootball_ncaaf,59abc1d6262d2ea6a72c4daad4c83af2,2026-10-03T20:15:00Z,South Carolina Gamecocks,Kentucky Wildcats,totals,over,54.5,0.5,consenso,-108.0,lowvig,11,
2026-10-02T00:01:10Z,americanfootball_ncaaf,59abc1d6262d2ea6a72c4daad4c83af2,2026-10-03T20:15:00Z,South Carolina Gamecocks,Kentucky Wildcats,totals,under,54.5,0.5,consenso,-104.0,fanduel,11,
2026-10-02T00:01:10Z,americanfootball_ncaaf,b30387175520051e2889230030365494,2026-10-03T22:00:00Z,Colorado State Rams,Oregon State Beavers,h2h,home,,0.3223,pinnacle,200.0,betrivers,19,199.0
2026-10-02T00:01:10Z,americanfootball_ncaaf,b30387175520051e2889230030365494,2026-10-03T22:00:00Z,Colorado State Rams,Oregon State Beavers,h2h,away,,0.6777,pinnacle,-220.0,betonlineag,19,-237.0
2026-10-02T00:01:10Z,americanfootball_ncaaf,b30387175520051e2889230030365494,2026-10-03T22:00:00Z,Colorado State Rams,Oregon State Beavers,totals,over,62.0,0.4978,pinnacle,-107.0,pinnacle,10,-107.0
2026-10-02T00:01:10Z,americanfootball_ncaaf,b30387175520051e2889230030365494,2026-10-03T22:00:00Z,Colorado State Rams,Oregon State Beavers,totals,under,62.0,0.5022,pinnacle,-108.0,lowvig,10,-109.0
2026-10-02T00:01:10Z,americanfootball_ncaaf,b3c132063b4d14cf750801c633237b9e,2026-10-03T22:00:00Z,Florida Atlantic Owls,Texas Southern Tigers,h2h,home,,0.9838,consenso,-20000.0,fanatics,1,
2026-10-02T00:01:10Z,americanfootball_ncaaf,b3c132063b4d14cf750801c633237b9e,2026-10-03T22:00:00Z,Florida Atlantic Owls,Texas Southern Tigers,h2h,away,,0.0162,consenso,6000.0,fanatics,1,
2026-10-02T00:01:10Z,americanfootball_ncaaf,b3c132063b4d14cf750801c633237b9e,2026-10-03T22:00:00Z,Florida Atlantic Owls,Texas Southern Tigers,totals,over,61.5,0.4892,pinnacle,-105.0,pinnacle,9,-105.0
2026-10-02T00:01:10Z,americanfootball_ncaaf,b3c132063b4d14cf750801c633237b9e,2026-10-03T22:00:00Z,Florida Atlantic Owls,Texas Southern Tigers,totals,under,61.5,0.5108,pinnacle,-109.0,gtbets,9,-115.0
2026-10-02T00:01:10Z,americanfootball_ncaaf,ff98b80b07e2f42c76c2c255e6611247,2026-10-03T23:00:00Z,Texas A&M Aggies,Arkansas Razorbacks,h2h,home,,0.8217,pinnacle,-600.0,fanatics,20,-606.0
2026-10-02T00:01:10Z,americanfootball_ncaaf,ff98b80b07e2f42c76c2c255e6611247,2026-10-03T23:00:00Z,Texas A&M Aggies,Arkansas Razorbacks,h2h,away,,0.1783,pinnacle,475.0,williamhill_us,20,437.0
2026-10-02T00:01:10Z,americanfootball_ncaaf,ff98b80b07e2f42c76c2c255e6611247,2026-10-03T23:00:00Z,Texas A&M Aggies,Arkansas Razorbacks,totals,over,50.5,0.5,consenso,-106.0,fanduel,11,
2026-10-02T00:01:10Z,americanfootball_ncaaf,ff98b80b07e2f42c76c2c255e6611247,2026-10-03T23:00:00Z,Texas A&M Aggies,Arkansas Razorbacks,totals,under,50.5,0.5,consenso,-109.0,gtbets,11,
2026-10-02T00:01:10Z,americanfootball_ncaaf,b58c0d24e66471e6095c0a5f9afb7ce3,2026-10-03T23:00:00Z,TCU Horned Frogs,BYU Cougars,h2h,home,,0.3336,pinnacle,195.0,williamhill_us,19,189.0
2026-10-02T00:01:10Z,americanfootball_ncaaf,b58c0d24e66471e6095c0a5f9afb7ce3,2026-10-03T23:00:00Z,TCU Horned Frogs,BYU Cougars,h2h,away,,0.6664,pinnacle,-215.0,betonlineag,19,-224.0
2026-10-02T00:01:10Z,americanfootball_ncaaf,b58c0d24e66471e6095c0a5f9afb7ce3,2026-10-03T23:00:00Z,TCU Horned Frogs,BYU Cougars,totals,over,47.5,0.5,consenso,-108.0,fanduel,15,
2026-10-02T00:01:10Z,americanfootball_ncaaf,b58c0d24e66471e6095c0a5f9afb7ce3,2026-10-03T23:00:00Z,TCU Horned Frogs,BYU Cougars,totals,under,47.5,0.5,consenso,-104.0,williamhill_us,15,
2026-10-02T00:01:10Z,americanfootball_ncaaf,5efdb3515c882453d9abcd27db28f78b,2026-10-03T23:00:00Z,Coastal Carolina Chanticleers,Georgia Southern Eagles,h2h,home,,0.469,pinnacle,110.0,lowvig,19,106.0
2026-10-02T00:01:10Z,americanfootball_ncaaf,5efdb3515c882453d9abcd27db28f78b,2026-10-03T23:00:00Z,Coastal Carolina Chanticleers,Georgia Southern Eagles,h2h,away,,0.531,pinnacle,-122.0,pinnacle,19,-122.0
2026-10-02T00:01:10Z,americanfootball_ncaaf,5efdb3515c882453d9abcd27db28f78b,2026-10-03T23:00:00Z,Coastal Carolina Chanticleers,Georgia Southern Eagles,totals,over,54.0,0.4933,pinnacle,-103.0,lowvig,10,-105.0
2026-10-02T00:01:10Z,americanfootball_ncaaf,5efdb3515c882453d9abcd27db28f78b,2026-10-03T23:00:00Z,Coastal Carolina Chanticleers,Georgia Southern Eagles,totals,under,54.0,0.5067,pinnacle,-110.0,mybookieag,10,-111.0
2026-10-02T00:01:10Z,americanfootball_ncaaf,5efdb3515c882453d9abcd27db28f78b,2026-10-03T23:00:00Z,Coastal Carolina Chanticleers,Georgia Southern Eagles,spreads,home,2.0,0.5,consenso,-106.0,lowvig,13,
2026-10-02T00:01:10Z,americanfootball_ncaaf,5efdb3515c882453d9abcd27db28f78b,2026-10-03T23:00:00Z,Coastal Carolina Chanticleers,Georgia Southern Eagles,spreads,away,2.0,0.5,consenso,-106.0,lowvig,13,
2026-10-02T00:01:10Z,americanfootball_ncaaf,279230b2d38c4e97187c3f065501a4cf,2026-10-03T23:00:00Z,Rice Owls,UTSA Roadrunners,h2h,home,,0.2038,pinnacle,425.0,betus,18,370.0
2026-10-02T00:01:10Z,americanfootball_ncaaf,279230b2d38c4e97187c3f065501a4cf,2026-10-03T23:00:00Z,Rice Owls,UTSA Roadrunners,h2h,away,,0.7962,pinnacle,-450.0,fanduel,18,-493.0
2026-10-02T00:01:10Z,americanfootball_ncaaf,279230b2d38c4e97187c3f065501a4cf,2026-10-03T23:00:00Z,Rice Owls,UTSA Roadrunners,totals,over,56.0,0.4978,pinnacle,-107.0,pinnacle,11,-107.0
2026-10-02T00:01:10Z,americanfootball_ncaaf,279230b2d38c4e97187c3f065501a4cf,2026-10-03T23:00:00Z,Rice Owls,UTSA Roadrunners,totals,under,56.0,0.5022,pinnacle,-108.0,lowvig,11,-109.0
2026-10-02T00:01:10Z,americanfootball_ncaaf,279230b2d38c4e97187c3f065501a4cf,2026-10-03T23:00:00Z,Rice Owls,UTSA Roadrunners,spreads,home,11.5,0.4831,pinnacle,100.0,pinnacle,6,100.0
2026-10-02T00:01:10Z,americanfootball_ncaaf,279230b2d38c4e97187c3f065501a4cf,2026-10-03T23:00:00Z,Rice Owls,UTSA Roadrunners,spreads,away,11.5,0.5169,pinnacle,-110.0,fanduel,6,-115.0
2026-10-02T00:01:10Z,americanfootball_ncaaf,4c84a699496b71ee1e626e3c7f5689c9,2026-10-03T23:00:00Z,South Alabama Jaguars,UL Monroe Warhawks,h2h,home,,0.8291,pinnacle,-600.0,fanatics,19,-648.0
2026-10-02T00:01:10Z,americanfootball_ncaaf,4c84a699496b71ee1e626e3c7f5689c9,2026-10-03T23:00:00Z,South Alabama Jaguars,UL Monroe Warhawks,h2h,away,,0.1709,pinnacle,460.0,fanduel,19,460.0
2026-10-02T00:01:10Z,americanfootball_ncaaf,4c84a699496b71ee1e626e3c7f5689c9,2026-10-03T23:00:00Z,South Alabama Jaguars,UL Monroe Warhawks,totals,over,57.5,0.5,consenso,-107.0,unibet_nl,12,
2026-10-02T00:01:10Z,americanfootball_ncaaf,4c84a699496b71ee1e626e3c7f5689c9,2026-10-03T23:00:00Z,South Alabama Jaguars,UL Monroe Warhawks,totals,under,57.5,0.5,consenso,-106.0,fanduel,12,
2026-10-02T00:01:10Z,americanfootball_ncaaf,6246661a676eeaa850a3e36e311fce63,2026-10-03T23:30:00Z,Louisiana Tech Bulldogs,Army Black Knights,h2h,home,,0.469,pinnacle,106.0,pinnacle,19,106.0
2026-10-02T00:01:10Z,americanfootball_ncaaf,6246661a676eeaa850a3e36e311fce63,2026-10-03T23:30:00Z,Louisiana Tech Bulldogs,Army Black Knights,h2h,away,,0.531,pinnacle,-122.0,pinnacle,19,-122.0
2026-10-02T00:01:10Z,americanfootball_ncaaf,6246661a676eeaa850a3e36e311fce63,2026-10-03T23:30:00Z,Louisiana Tech Bulldogs,Army Black Knights,totals,over,47.5,0.5,pinnacle,-106.0,fanduel,15,-108.0
2026-10-02T00:01:10Z,americanfootball_ncaaf,6246661a676eeaa850a3e36e311fce63,2026-10-03T23:30:00Z,Louisiana Tech Bulldogs,Army Black Knights,totals,under,47.5,0.5,pinnacle,-108.0,pinnacle,15,-108.0
2026-10-02T00:01:10Z,americanfootball_ncaaf,6246661a676eeaa850a3e36e311fce63,2026-10-03T23:30:00Z,Louisiana Tech Bulldogs,Army Black Knights,spreads,home,1.5,0.4947,consenso,-101.0,lowvig,13,
2026-10-02T00:01:10Z,americanfootball_ncaaf,6246661a676eeaa850a3e36e311fce63,2026-10-03T23:30:00Z,Louisiana Tech Bulldogs,Army Black Knights,spreads,away,1.5,0.5053,consenso,-109.0,gtbets,13,
2026-10-02T00:01:10Z,americanfootball_ncaaf,a2f7df0b000c054abd3cbc6f4a4b2432,2026-10-03T23:30:00Z,Boise State Broncos,Utah State Aggies,h2h,home,,0.8854,pinnacle,-1200.0,betmgm,20,-1214.0
2026-10-02T00:01:10Z,americanfootball_ncaaf,a2f7df0b000c054abd3cbc6f4a4b2432,2026-10-03T23:30:00Z,Boise State Broncos,Utah State Aggies,h2h,away,,0.1146,pinnacle,836.0,betonlineag,20,736.0
2026-10-02T00:01:10Z,americanfootball_ncaaf,a2f7df0b000c054abd3cbc6f4a4b2432,2026-10-03T23:30:00Z,Boise State Broncos,Utah State Aggies,totals,over,51.5,0.4978,pinnacle,-107.0,williamhill_us,17,-107.0
2026-10-02T00:01:10Z,americanfootball_ncaaf,a2f7df0b000c054abd3cbc6f4a4b2432,2026-10-03T23:30:00Z,Boise State Broncos,Utah State Aggies,totals,under,51.5,0.5022,pinnacle,-108.0,lowvig,17,-109.0
2026-10-02T00:01:10Z,americanfootball_ncaaf,a2f7df0b000c054abd3cbc6f4a4b2432,2026-10-03T23:30:00Z,Boise State Broncos,Utah State Aggies,spreads,home,-18.5,0.5023,pinnacle,-106.0,lowvig,13,-108.0
2026-10-02T00:01:10Z,americanfootball_ncaaf,a2f7df0b000c054abd3cbc6f4a4b2432,2026-10-03T23:30:00Z,Boise State Broncos,Utah State Aggies,spreads,away,-18.5,0.4977,pinnacle,-105.0,draftkings,13,-106.0
2026-10-02T00:01:10Z,americanfootball_ncaaf,932c7f6dfe06be77192fe000e9f3ac9d,2026-10-03T23:30:00Z,Clemson Tigers,Miami Hurricanes,h2h,home,,0.141,pinnacle,610.0,marathonbet,20,579.0
2026-10-02T00:01:10Z,americanfootball_ncaaf,932c7f6dfe06be77192fe000e9f3ac9d,2026-10-03T23:30:00Z,Clemson Tigers,Miami Hurricanes,h2h,away,,0.859,pinnacle,-800.0,draftkings,20,-876.0
2026-10-02T00:01:10Z,americanfootball_ncaaf,932c7f6dfe06be77192fe000e9f3ac9d,2026-10-03T23:30:00Z,Clemson Tigers,Miami Hurricanes,totals,over,48.0,0.5,consenso,-110.0,mybookieag,9,
2026-10-02T00:01:10Z,americanfootball_ncaaf,932c7f6dfe06be77192fe000e9f3ac9d,2026-10-03T23:30:00Z,Clemson Tigers,Miami Hurricanes,totals,under,48.0,0.5,consenso,-110.0,mybookieag,9,
2026-10-02T00:01:10Z,americanfootball_ncaaf,932c7f6dfe06be77192fe000e9f3ac9d,2026-10-03T23:30:00Z,Clemson Tigers,Miami Hurricanes,spreads,home,16.5,0.491,pinnacle,-101.0,lowvig,15,-103.0
2026-10-02T00:01:10Z,americanfootball_ncaaf,932c7f6dfe06be77192fe000e9f3ac9d,2026-10-03T23:30:00Z,Clemson Tigers,Miami Hurricanes,spreads,away,16.5,0.509,pinnacle,-108.0,betmgm,15,-111.0
2026-10-02T00:01:10Z,americanfootball_ncaaf,6338f8a71aba32414791add2d358472d,2026-10-03T23:30:00Z,South Florida Bulls,Temple Owls,h2h,home,,0.6812,pinnacle,-235.0,betmgm,20,-242.0
2026-10-02T00:01:10Z,americanfootball_ncaaf,6338f8a71aba32414791add2d358472d,2026-10-03T23:30:00Z,South Florida Bulls,Temple Owls,h2h,away,,0.3188,pinnacle,208.0,mybookieag,20,202.0
2026-10-02T00:01:10Z,americanfootball_ncaaf,6338f8a71aba32414791add2d358472d,2026-10-03T23:30:00Z,South Florida Bulls,Temple Owls,totals,over,48.5,0.4978,consenso,-105.0,fanatics,10,
2026-10-02T00:01:10Z,americanfootball_ncaaf,6338f8a71aba32414791add2d358472d,2026-10-03T23:30:00Z,South Florida Bulls,Temple Owls,totals,under,48.5,0.5022,consenso,-109.0,gtbets,10,
2026-10-02T00:01:10Z,americanfootball_ncaaf,6338f8a71aba32414791add2d358472d,2026-10-03T23:30:00Z,South Florida Bulls,Temple Owls,spreads,home,-6.5,0.5023,pinnacle,100.0,lowvig,20,-108.0
2026-10-02T00:01:10Z,americanfootball_ncaaf,6338f8a71aba32414791add2d358472d,2026-10-03T23:30:00Z,South Florida Bulls,Temple Owls,spreads,away,-6.5,0.4977,pinnacle,-106.0,pinnacle,20,-106.0
2026-10-02T00:01:10Z,americanfootball_ncaaf,f981648dba0e71d8517d47d31aa2633d,2026-10-03T23:30:00Z,USC Trojans,Washington Huskies,h2h,home,,0.7539,pinnacle,-330.0,fanduel,20,-366.0
2026-10-02T00:01:10Z,americanfootball_ncaaf,f981648dba0e71d8517d47d31aa2633d,2026-10-03T23:30:00Z,USC Trojans,Washington Huskies,h2h,away,,0.2461,pinnacle,310.0,betrivers,20,290.0
2026-10-02T00:01:10Z,americanfootball_ncaaf,f981648dba0e71d8517d47d31aa2633d,2026-10-03T23:30:00Z,USC Trojans,Washington Huskies,totals,over,58.5,0.4947,consenso,-105.0,draftkings,9,
2026-10-02T00:01:10Z,americanfootball_ncaaf,f981648dba0e71d8517d47d31aa2633d,2026-10-03T23:30:00Z,USC Trojans,Washington Huskies,totals,under,58.5,0.5053,consenso,-105.0,onexbet,9,
2026-10-02T00:01:10Z,americanfootball_ncaaf,253e389201e449a2984a194e3eebf7f8,2026-10-03T23:31:00Z,Colorado Buffaloes,Texas Tech Red Raiders,h2h,home,,0.1899,pinnacle,425.0,betus,19,404.0
2026-10-02T00:01:10Z,americanfootball_ncaaf,253e389201e449a2984a194e3eebf7f8,2026-10-03T23:31:00Z,Colorado Buffaloes,Texas Tech Red Raiders,h2h,away,,0.8101,pinnacle,-500.0,williamhill_us,19,-550.0
2026-10-02T00:01:10Z,americanfootball_ncaaf,253e389201e449a2984a194e3eebf7f8,2026-10-03T23:31:00Z,Colorado Buffaloes,Texas Tech Red Raiders,totals,over,50.5,0.5,consenso,-105.0,fanduel,16,
2026-10-02T00:01:10Z,americanfootball_ncaaf,253e389201e449a2984a194e3eebf7f8,2026-10-03T23:31:00Z,Colorado Buffaloes,Texas Tech Red Raiders,totals,under,50.5,0.5,consenso,-108.0,lowvig,16,
2026-10-02T00:01:10Z,americanfootball_ncaaf,253e389201e449a2984a194e3eebf7f8,2026-10-03T23:31:00Z,Colorado Buffaloes,Texas Tech Red Raiders,spreads,home,13.0,0.4977,pinnacle,-106.0,lowvig,11,-106.0
2026-10-02T00:01:10Z,americanfootball_ncaaf,253e389201e449a2984a194e3eebf7f8,2026-10-03T23:31:00Z,Colorado Buffaloes,Texas Tech Red Raiders,spreads,away,13.0,0.5023,pinnacle,-106.0,lowvig,11,-108.0
2026-10-02T00:01:10Z,americanfootball_ncaaf,833bd3a9f5a0da5b303a6a4304e2c6a3,2026-10-03T23:45:00Z,LSU Tigers,McNeese State Cowboys,totals,over,62.5,0.4848,pinnacle,-103.0,pinnacle,5,-103.0
2026-10-02T00:01:10Z,americanfootball_ncaaf,833bd3a9f5a0da5b303a6a4304e2c6a3,2026-10-03T23:45:00Z,LSU Tigers,McNeese State Cowboys,totals,under,62.5,0.5152,pinnacle,-109.0,gtbets,5,-117.0
2026-10-02T00:01:10Z,americanfootball_ncaaf,833bd3a9f5a0da5b303a6a4304e2c6a3,2026-10-03T23:45:00Z,LSU Tigers,McNeese State Cowboys,spreads,home,-53.5,0.5,consenso,-105.0,fanatics,7,
2026-10-02T00:01:10Z,americanfootball_ncaaf,833bd3a9f5a0da5b303a6a4304e2c6a3,2026-10-03T23:45:00Z,LSU Tigers,McNeese State Cowboys,spreads,away,-53.5,0.5,consenso,-109.0,gtbets,7,
2026-10-02T00:01:10Z,americanfootball_ncaaf,1d3756ab74c013c39510958b5a632b74,2026-10-04T00:00:00Z,Louisiana Ragin Cajuns,Arkansas State Red Wolves,h2h,home,,0.6834,pinnacle,-225.0,betanysports,19,-245.0
2026-10-02T00:01:10Z,americanfootball_ncaaf,1d3756ab74c013c39510958b5a632b74,2026-10-04T00:00:00Z,Louisiana Ragin Cajuns,Arkansas State Red Wolves,h2h,away,,0.3166,pinnacle,215.0,betonlineag,19,204.0
2026-10-02T00:01:10Z,americanfootball_ncaaf,1d3756ab74c013c39510958b5a632b74,2026-10-04T00:00:00Z,Louisiana Ragin Cajuns,Arkansas State Red Wolves,totals,over,47.5,0.5016,consenso,-104.0,unibet_nl,12,
2026-10-02T00:01:10Z,americanfootball_ncaaf,1d3756ab74c013c39510958b5a632b74,2026-10-04T00:00:00Z,Louisiana Ragin Cajuns,Arkansas State Red Wolves,totals,under,47.5,0.4984,consenso,-104.0,gtbets,12,
2026-10-02T00:01:10Z,americanfootball_ncaaf,1d3756ab74c013c39510958b5a632b74,2026-10-04T00:00:00Z,Louisiana Ragin Cajuns,Arkansas State Red Wolves,spreads,home,-6.5,0.5,pinnacle,-107.0,pinnacle,14,-107.0
2026-10-02T00:01:10Z,americanfootball_ncaaf,1d3756ab74c013c39510958b5a632b74,2026-10-04T00:00:00Z,Louisiana Ragin Cajuns,Arkansas State Red Wolves,spreads,away,-6.5,0.5,pinnacle,-104.0,fanduel,14,-107.0
2026-10-02T00:01:10Z,americanfootball_ncaaf,9dcccf34095cde7b0fe36250bb5be6f6,2026-10-04T00:00:00Z,Rutgers Scarlet Knights,Indiana Hoosiers,h2h,home,,0.0765,pinnacle,1300.0,betrivers,19,1158.0
2026-10-02T00:01:10Z,americanfootball_ncaaf,9dcccf34095cde7b0fe36250bb5be6f6,2026-10-04T00:00:00Z,Rutgers Scarlet Knights,Indiana Hoosiers,h2h,away,,0.9235,pinnacle,-2200.0,fanatics,19,-2353.0
2026-10-02T00:01:10Z,americanfootball_ncaaf,9dcccf34095cde7b0fe36250bb5be6f6,2026-10-04T00:00:00Z,Rutgers Scarlet Knights,Indiana Hoosiers,totals,over,56.5,0.5,consenso,-108.0,lowvig,13,
2026-10-02T00:01:10Z,americanfootball_ncaaf,9dcccf34095cde7b0fe36250bb5be6f6,2026-10-04T00:00:00Z,Rutgers Scarlet Knights,Indiana Hoosiers,totals,under,56.5,0.5,consenso,-108.0,draftkings,13,
2026-10-02T00:01:10Z,americanfootball_ncaaf,23025b717a93bdd8f30424e90a97d68f,2026-10-04T01:30:00Z,Washington State Cougars,Fresno State Bulldogs,h2h,home,,0.5257,pinnacle,-119.0,pinnacle,20,-119.0
2026-10-02T00:01:10Z,americanfootball_ncaaf,23025b717a93bdd8f30424e90a97d68f,2026-10-04T01:30:00Z,Washington State Cougars,Fresno State Bulldogs,h2h,away,,0.4743,pinnacle,106.0,unibet_nl,20,104.0
2026-10-02T00:01:10Z,americanfootball_ncaaf,23025b717a93bdd8f30424e90a97d68f,2026-10-04T01:30:00Z,Washington State Cougars,Fresno State Bulldogs,totals,over,45.5,0.5,consenso,-108.0,lowvig,13,
2026-10-02T00:01:10Z,americanfootball_ncaaf,23025b717a93bdd8f30424e90a97d68f,2026-10-04T01:30:00Z,Washington State Cougars,Fresno State Bulldogs,totals,under,45.5,0.5,consenso,-108.0,lowvig,13,
2026-10-02T00:01:10Z,americanfootball_ncaaf,4ec93b02d04c2a019ebd6f4ccd9f7af5,2026-10-04T02:30:00Z,Arizona State Sun Devils,Baylor Bears,h2h,home,,0.6243,pinnacle,-172.0,fanduel,20,-183.0
2026-10-02T00:01:10Z,americanfootball_ncaaf,4ec93b02d04c2a019ebd6f4ccd9f7af5,2026-10-04T02:30:00Z,Arizona State Sun Devils,Baylor Bears,h2h,away,,0.3757,pinnacle,160.0,marathonbet,20,157.0
2026-10-02T00:01:10Z,americanfootball_ncaaf,4ec93b02d04c2a019ebd6f4ccd9f7af5,2026-10-04T02:30:00Z,Arizona State Sun Devils,Baylor Bears,totals,over,49.0,0.5,consenso,-109.0,gtbets,9,
2026-10-02T00:01:10Z,americanfootball_ncaaf,4ec93b02d04c2a019ebd6f4ccd9f7af5,2026-10-04T02:30:00Z,Arizona State Sun Devils,Baylor Bears,totals,under,49.0,0.5,consenso,-103.0,lowvig,9,
2026-10-02T00:01:10Z,americanfootball_ncaaf,f73081099f845f23ea7f41ef09128cdd,2026-10-04T02:30:00Z,San Diego State Aztecs,Texas State Bobcats,h2h,home,,0.2714,pinnacle,275.0,betrivers,20,254.0
2026-10-02T00:01:10Z,americanfootball_ncaaf,f73081099f845f23ea7f41ef09128cdd,2026-10-04T02:30:00Z,San Diego State Aztecs,Texas State Bobcats,h2h,away,,0.7286,pinnacle,-300.0,betmgm,20,-314.0
2026-10-02T00:01:10Z,americanfootball_ncaaf,f73081099f845f23ea7f41ef09128cdd,2026-10-04T02:30:00Z,San Diego State Aztecs,Texas State Bobcats,totals,over,57.5,0.5,pinnacle,-108.0,pinnacle,12,-108.0
2026-10-02T00:01:10Z,americanfootball_ncaaf,f73081099f845f23ea7f41ef09128cdd,2026-10-04T02:30:00Z,San Diego State Aztecs,Texas State Bobcats,totals,under,57.5,0.5,pinnacle,-104.0,williamhill_us,12,-108.0
2026-10-02T00:01:10Z,americanfootball_ncaaf,f73081099f845f23ea7f41ef09128cdd,2026-10-04T02:30:00Z,San Diego State Aztecs,Texas State Bobcats,spreads,home,8.0,0.5,consenso,-106.0,lowvig,9,
2026-10-02T00:01:10Z,americanfootball_ncaaf,f73081099f845f23ea7f41ef09128cdd,2026-10-04T02:30:00Z,San Diego State Aztecs,Texas State Bobcats,spreads,away,8.0,0.5,consenso,-106.0,lowvig,9,
2026-10-02T00:01:10Z,americanfootball_ncaaf,63dded0ee467d6f6d03c41673569238d,2026-10-04T03:00:00Z,Arizona Wildcats,Cincinnati Bearcats,h2h,home,,0.6875,pinnacle,-238.0,lowvig,20,-250.0
2026-10-02T00:01:10Z,americanfootball_ncaaf,63dded0ee467d6f6d03c41673569238d,2026-10-04T03:00:00Z,Arizona Wildcats,Cincinnati Bearcats,h2h,away,,0.3125,pinnacle,215.0,betrivers,20,208.0
2026-10-02T00:01:10Z,americanfootball_ncaaf,63dded0ee467d6f6d03c41673569238d,2026-10-04T03:00:00Z,Arizona Wildcats,Cincinnati Bearcats,totals,over,56.5,0.5,consenso,-106.0,fanduel,7,
2026-10-02T00:01:10Z,americanfootball_ncaaf,63dded0ee467d6f6d03c41673569238d,2026-10-04T03:00:00Z,Arizona Wildcats,Cincinnati Bearcats,totals,under,56.5,0.5,consenso,-108.0,lowvig,7,
2026-10-02T00:01:10Z,americanfootball_ncaaf,63dded0ee467d6f6d03c41673569238d,2026-10-04T03:00:00Z,Arizona Wildcats,Cincinnati Bearcats,spreads,home,-6.5,0.5113,pinnacle,-109.0,williamhill_us,13,-112.0
2026-10-02T00:01:10Z,americanfootball_ncaaf,63dded0ee467d6f6d03c41673569238d,2026-10-04T03:00:00Z,Arizona Wildcats,Cincinnati Bearcats,spreads,away,-6.5,0.4887,pinnacle,102.0,lowvig,13,-102.0
2026-10-02T00:01:10Z,americanfootball_ncaaf,4d9e59b57798afb31927c84e1f6dc25e,2026-10-04T03:59:00Z,Hawaii Rainbow Warriors,San Jose State Spartans,h2h,home,,0.5995,pinnacle,-148.0,williamhill_us,20,-164.0
2026-10-02T00:01:10Z,americanfootball_ncaaf,4d9e59b57798afb31927c84e1f6dc25e,2026-10-04T03:59:00Z,Hawaii Rainbow Warriors,San Jose State Spartans,h2h,away,,0.4005,pinnacle,143.0,unibet_se,20,141.0
2026-10-02T00:01:10Z,americanfootball_ncaaf,4d9e59b57798afb31927c84e1f6dc25e,2026-10-04T03:59:00Z,Hawaii Rainbow Warriors,San Jose State Spartans,totals,over,51.5,0.4933,pinnacle,-102.0,betmgm,7,-105.0
2026-10-02T00:01:10Z,americanfootball_ncaaf,4d9e59b57798afb31927c84e1f6dc25e,2026-10-04T03:59:00Z,Hawaii Rainbow Warriors,San Jose State Spartans,totals,under,51.5,0.5067,pinnacle,-109.0,gtbets,7,-111.0
2026-10-02T00:01:10Z,tennis_atp_china_open,c768c4868b4560919153aa8e1fe365d5,2026-10-02T05:00:00Z,Alex Molcan,Karen Khachanov,h2h,home,,0.2398,pinnacle,330.0,winamax_de,28,305.0
2026-10-02T00:01:10Z,tennis_atp_china_open,c768c4868b4560919153aa8e1fe365d5,2026-10-02T05:00:00Z,Alex Molcan,Karen Khachanov,h2h,away,,0.7602,pinnacle,-350.0,williamhill,28,-360.0
2026-10-02T00:01:10Z,tennis_atp_china_open,c768c4868b4560919153aa8e1fe365d5,2026-10-02T05:00:00Z,Alex Molcan,Karen Khachanov,totals,over,21.5,0.4955,pinnacle,-105.0,pinnacle,15,-105.0
2026-10-02T00:01:10Z,tennis_atp_china_open,c768c4868b4560919153aa8e1fe365d5,2026-10-02T05:00:00Z,Alex Molcan,Karen Khachanov,totals,under,21.5,0.5045,pinnacle,-107.0,onexbet,15,-109.0
2026-10-02T00:01:10Z,tennis_atp_china_open,c768c4868b4560919153aa8e1fe365d5,2026-10-02T05:00:00Z,Alex Molcan,Karen Khachanov,spreads,home,4.5,0.5342,consenso,-125.0,onexbet,8,
2026-10-02T00:01:10Z,tennis_atp_china_open,c768c4868b4560919153aa8e1fe365d5,2026-10-02T05:00:00Z,Alex Molcan,Karen Khachanov,spreads,away,4.5,0.4658,consenso,112.0,betrivers,8,
2026-10-02T00:01:10Z,tennis_atp_china_open,d66f1937da5272c6644a583eaa98d7ce,2026-10-02T07:00:00Z,Daniil Medvedev,Pablo Carreno Busta,h2h,home,,0.7936,pinnacle,-420.0,unibet_se,28,-445.0
2026-10-02T00:01:10Z,tennis_atp_china_open,d66f1937da5272c6644a583eaa98d7ce,2026-10-02T07:00:00Z,Daniil Medvedev,Pablo Carreno Busta,h2h,away,,0.2064,pinnacle,371.0,pinnacle,28,371.0
2026-10-02T00:01:10Z,tennis_atp_china_open,d66f1937da5272c6644a583eaa98d7ce,2026-10-02T07:00:00Z,Daniil Medvedev,Pablo Carreno Busta,totals,over,21.5,0.4842,consenso,102.0,onexbet,11,
2026-10-02T00:01:10Z,tennis_atp_china_open,d66f1937da5272c6644a583eaa98d7ce,2026-10-02T07:00:00Z,Daniil Medvedev,Pablo Carreno Busta,totals,under,21.5,0.5158,consenso,-118.0,onexbet,11,
2026-10-02T00:01:10Z,tennis_atp_china_open,d66f1937da5272c6644a583eaa98d7ce,2026-10-02T07:00:00Z,Daniil Medvedev,Pablo Carreno Busta,spreads,home,-4.5,0.4899,pinnacle,102.0,betrivers,10,-103.0
2026-10-02T00:01:10Z,tennis_atp_china_open,d66f1937da5272c6644a583eaa98d7ce,2026-10-02T07:00:00Z,Daniil Medvedev,Pablo Carreno Busta,spreads,away,-4.5,0.5101,pinnacle,-109.0,onexbet,10,-112.0
2026-10-02T00:01:10Z,tennis_atp_china_open,74e207143d73fada6963397830c5c2d9,2026-10-02T11:00:00Z,Hubert Hurkacz,Arthur Gea,h2h,home,,0.5683,pinnacle,-141.0,pinnacle,28,-141.0
2026-10-02T00:01:10Z,tennis_atp_china_open,74e207143d73fada6963397830c5c2d9,2026-10-02T11:00:00Z,Hubert Hurkacz,Arthur Gea,h2h,away,,0.4317,pinnacle,130.0,williamhill_us,28,125.0
2026-10-02T00:01:10Z,tennis_atp_china_open,74e207143d73fada6963397830c5c2d9,2026-10-02T11:00:00Z,Hubert Hurkacz,Arthur Gea,totals,over,22.5,0.5224,consenso,-125.0,nordicbet,7,
2026-10-02T00:01:10Z,tennis_atp_china_open,74e207143d73fada6963397830c5c2d9,2026-10-02T11:00:00Z,Hubert Hurkacz,Arthur Gea,totals,under,22.5,0.4776,consenso,106.0,lowvig,7,
2026-10-02T00:01:10Z,tennis_atp_china_open,4deffc5f47794803f6891c113e45383e,2026-10-02T12:30:00Z,Bu Yunchaokete,Novak Djokovic,h2h,home,,0.2523,pinnacle,300.0,fanduel,28,287.0
2026-10-02T00:01:10Z,tennis_atp_china_open,4deffc5f47794803f6891c113e45383e,2026-10-02T12:30:00Z,Bu Yunchaokete,Novak Djokovic,h2h,away,,0.7477,pinnacle,-321.0,gtbets,28,-327.0
2026-10-02T00:01:10Z,tennis_atp_china_open,4deffc5f47794803f6891c113e45383e,2026-10-02T12:30:00Z,Bu Yunchaokete,Novak Djokovic,totals,over,22.5,0.481,consenso,107.0,onexbet,13,
2026-10-02T00:01:10Z,tennis_atp_china_open,4deffc5f47794803f6891c113e45383e,2026-10-02T12:30:00Z,Bu Yunchaokete,Novak Djokovic,totals,under,22.5,0.519,consenso,-120.0,betsson,13,
2026-10-02T00:01:10Z,tennis_atp_china_open,4deffc5f47794803f6891c113e45383e,2026-10-02T12:30:00Z,Bu Yunchaokete,Novak Djokovic,spreads,home,3.5,0.4807,pinnacle,108.0,onexbet,10,102.0
2026-10-02T00:01:10Z,tennis_atp_china_open,4deffc5f47794803f6891c113e45383e,2026-10-02T12:30:00Z,Bu Yunchaokete,Novak Djokovic,spreads,away,3.5,0.5193,pinnacle,-115.0,pinnacle,10,-115.0
2026-10-02T00:01:10Z,tennis_atp_china_open,5f4504b72130e8d059ce2358912bc609,2026-10-03T03:00:00Z,Alex de Minaur,Quentin Halys,h2h,home,,0.72,pinnacle,-286.0,pinnacle,28,-286.0
2026-10-02T00:01:10Z,tennis_atp_china_open,5f4504b72130e8d059ce2358912bc609,2026-10-03T03:00:00Z,Alex de Minaur,Quentin Halys,h2h,away,,0.28,pinnacle,252.0,gtbets,28,247.0
2026-10-02T00:01:10Z,tennis_atp_china_open,5f4504b72130e8d059ce2358912bc609,2026-10-03T03:00:00Z,Alex de Minaur,Quentin Halys,totals,over,22.5,0.4713,consenso,106.0,onexbet,13,
2026-10-02T00:01:10Z,tennis_atp_china_open,5f4504b72130e8d059ce2358912bc609,2026-10-03T03:00:00Z,Alex de Minaur,Quentin Halys,totals,under,22.5,0.5287,consenso,-118.0,coolbet,13,
2026-10-02T00:01:10Z,tennis_atp_china_open,a71ce248f6b65793058c9b68a0439a8e,2026-10-03T03:00:00Z,Alexander Zverev,Juncheng Shang,h2h,home,,0.8961,pinnacle,-1000.0,betrivers,28,-1312.0
2026-10-02T00:01:10Z,tennis_atp_china_open,a71ce248f6b65793058c9b68a0439a8e,2026-10-03T03:00:00Z,Alexander Zverev,Juncheng Shang,h2h,away,,0.1039,pinnacle,880.0,fanduel,28,828.0
2026-10-02T00:01:10Z,tennis_atp_china_open,a71ce248f6b65793058c9b68a0439a8e,2026-10-03T03:00:00Z,Alexander Zverev,Juncheng Shang,totals,over,20.5,0.4955,pinnacle,-105.0,pinnacle,15,-105.0
2026-10-02T00:01:10Z,tennis_atp_china_open,a71ce248f6b65793058c9b68a0439a8e,2026-10-03T03:00:00Z,Alexander Zverev,Juncheng Shang,totals,under,20.5,0.5045,pinnacle,-104.0,onexbet,15,-109.0
2026-10-02T00:01:10Z,tennis_atp_china_open,a71ce248f6b65793058c9b68a0439a8e,2026-10-03T03:00:00Z,Alexander Zverev,Juncheng Shang,spreads,home,-4.5,0.5454,pinnacle,-126.0,gtbets,12,-129.0
2026-10-02T00:01:10Z,tennis_atp_china_open,a71ce248f6b65793058c9b68a0439a8e,2026-10-03T03:00:00Z,Alexander Zverev,Juncheng Shang,spreads,away,-4.5,0.4546,pinnacle,114.0,onexbet,12,113.0
2026-10-02T00:01:10Z,tennis_atp_china_open,fab68d601d3c902595fb337427fca585,2026-10-03T03:00:00Z,Andrey Rublev,Roman Safiullin,h2h,home,,0.5646,pinnacle,-138.0,fanduel,27,-139.0
2026-10-02T00:01:10Z,tennis_atp_china_open,fab68d601d3c902595fb337427fca585,2026-10-03T03:00:00Z,Andrey Rublev,Roman Safiullin,h2h,away,,0.4354,pinnacle,124.0,lowvig,27,123.0
2026-10-02T00:01:10Z,tennis_atp_china_open,fab68d601d3c902595fb337427fca585,2026-10-03T03:00:00Z,Andrey Rublev,Roman Safiullin,totals,over,23.5,0.4846,consenso,100.0,lowvig,12,
2026-10-02T00:01:10Z,tennis_atp_china_open,fab68d601d3c902595fb337427fca585,2026-10-03T03:00:00Z,Andrey Rublev,Roman Safiullin,totals,under,23.5,0.5154,consenso,-112.0,onexbet,12,
2026-10-02T00:01:10Z,tennis_atp_china_open,33518edfa1e26f2c0e3ae617afe0ab1b,2026-10-03T03:00:00Z,Francisco Cerundolo,Jakub Mensik,h2h,home,,0.3629,pinnacle,168.0,pinnacle,27,168.0
2026-10-02T00:01:10Z,tennis_atp_china_open,33518edfa1e26f2c0e3ae617afe0ab1b,2026-10-03T03:00:00Z,Francisco Cerundolo,Jakub Mensik,h2h,away,,0.6371,pinnacle,-186.0,onexbet,27,-190.0
2026-10-02T00:01:10Z,tennis_atp_china_open,33518edfa1e26f2c0e3ae617afe0ab1b,2026-10-03T03:00:00Z,Francisco Cerundolo,Jakub Mensik,totals,over,22.5,0.4887,pinnacle,-102.0,pinnacle,14,-102.0
2026-10-02T00:01:10Z,tennis_atp_china_open,33518edfa1e26f2c0e3ae617afe0ab1b,2026-10-03T03:00:00Z,Francisco Cerundolo,Jakub Mensik,totals,under,22.5,0.5113,pinnacle,-102.0,gtbets,14,-112.0
2026-10-02T00:01:10Z,tennis_atp_china_open,33518edfa1e26f2c0e3ae617afe0ab1b,2026-10-03T03:00:00Z,Francisco Cerundolo,Jakub Mensik,spreads,home,2.5,0.4866,consenso,101.0,lowvig,7,
2026-10-02T00:01:10Z,tennis_atp_china_open,33518edfa1e26f2c0e3ae617afe0ab1b,2026-10-03T03:00:00Z,Francisco Cerundolo,Jakub Mensik,spreads,away,2.5,0.5134,consenso,-114.0,onexbet,7,
2026-10-02T00:01:10Z,tennis_atp_japan_open,e128a1db3b815333a76c9a9f1e3a968a,2026-10-02T02:00:00Z,Jaume Munar,Jaime Faria,h2h,home,,0.5793,pinnacle,-146.0,pinnacle,26,-146.0
2026-10-02T00:01:10Z,tennis_atp_japan_open,e128a1db3b815333a76c9a9f1e3a968a,2026-10-02T02:00:00Z,Jaume Munar,Jaime Faria,h2h,away,,0.4207,pinnacle,138.0,fanduel,26,132.0
2026-10-02T00:01:10Z,tennis_atp_japan_open,e128a1db3b815333a76c9a9f1e3a968a,2026-10-02T02:00:00Z,Jaume Munar,Jaime Faria,totals,over,22.5,0.5046,pinnacle,-108.0,pinnacle,12,-108.0
2026-10-02T00:01:10Z,tennis_atp_japan_open,e128a1db3b815333a76c9a9f1e3a968a,2026-10-02T02:00:00Z,Jaume Munar,Jaime Faria,totals,under,22.5,0.4954,pinnacle,-104.0,pinnacle,12,-104.0
2026-10-02T00:01:10Z,tennis_atp_japan_open,a512d0211986889f728215eacc8a963b,2026-10-02T03:10:00Z,Valentin Vacherot,Stefanos Tsitsipas,h2h,home,,0.3965,pinnacle,145.0,pinnacle,26,145.0
2026-10-02T00:01:10Z,tennis_atp_japan_open,a512d0211986889f728215eacc8a963b,2026-10-02T03:10:00Z,Valentin Vacherot,Stefanos Tsitsipas,h2h,away,,0.6035,pinnacle,-161.0,betonlineag,26,-164.0
2026-10-02T00:01:10Z,tennis_atp_japan_open,a512d0211986889f728215eacc8a963b,2026-10-02T03:10:00Z,Valentin Vacherot,Stefanos Tsitsipas,totals,over,23.5,0.4864,pinnacle,-101.0,pinnacle,13,-101.0
2026-10-02T00:01:10Z,tennis_atp_japan_open,a512d0211986889f728215eacc8a963b,2026-10-02T03:10:00Z,Valentin Vacherot,Stefanos Tsitsipas,totals,under,23.5,0.5136,pinnacle,-113.0,pinnacle,13,-113.0
2026-10-02T00:01:10Z,tennis_atp_japan_open,a512d0211986889f728215eacc8a963b,2026-10-02T03:10:00Z,Valentin Vacherot,Stefanos Tsitsipas,spreads,home,1.5,0.4658,consenso,107.0,unibet_nl,4,
2026-10-02T00:01:10Z,tennis_atp_japan_open,a512d0211986889f728215eacc8a963b,2026-10-02T03:10:00Z,Valentin Vacherot,Stefanos Tsitsipas,spreads,away,1.5,0.5342,consenso,-125.0,betonlineag,4,
2026-10-02T00:01:10Z,tennis_atp_japan_open,435f3a90c7a66fdf4f84a79ca37e05e1,2026-10-02T07:00:00Z,Kyrian Jacquet,Luciano Darderi,h2h,home,,0.4398,pinnacle,124.0,fanduel,26,121.0
2026-10-02T00:01:10Z,tennis_atp_japan_open,435f3a90c7a66fdf4f84a79ca37e05e1,2026-10-02T07:00:00Z,Kyrian Jacquet,Luciano Darderi,h2h,away,,0.5602,pinnacle,-132.0,gtbets,26,-136.0
2026-10-02T00:01:10Z,tennis_atp_japan_open,435f3a90c7a66fdf4f84a79ca37e05e1,2026-10-02T07:00:00Z,Kyrian Jacquet,Luciano Darderi,totals,over,22.5,0.5147,consenso,-118.0,coolbet,9,
2026-10-02T00:01:10Z,tennis_atp_japan_open,435f3a90c7a66fdf4f84a79ca37e05e1,2026-10-02T07:00:00Z,Kyrian Jacquet,Luciano Darderi,totals,under,22.5,0.4853,consenso,100.0,betonlineag,9,
2026-10-02T00:01:10Z,tennis_atp_japan_open,435f3a90c7a66fdf4f84a79ca37e05e1,2026-10-02T07:00:00Z,Kyrian Jacquet,Luciano Darderi,spreads,home,1.5,0.4977,pinnacle,-106.0,pinnacle,7,-106.0
2026-10-02T00:01:10Z,tennis_atp_japan_open,435f3a90c7a66fdf4f84a79ca37e05e1,2026-10-02T07:00:00Z,Kyrian Jacquet,Luciano Darderi,spreads,away,1.5,0.5023,pinnacle,-105.0,betonlineag,7,-108.0
2026-10-02T00:01:10Z,tennis_atp_japan_open,908dd14275f11b8588bccce4d87aae14,2026-10-02T08:10:00Z,Arthur Fils,Frances Tiafoe,h2h,home,,0.6934,pinnacle,-249.0,pinnacle,26,-249.0
2026-10-02T00:01:10Z,tennis_atp_japan_open,908dd14275f11b8588bccce4d87aae14,2026-10-02T08:10:00Z,Arthur Fils,Frances Tiafoe,h2h,away,,0.3066,pinnacle,245.0,winamax_de,26,217.0
2026-10-02T00:01:10Z,tennis_atp_japan_open,908dd14275f11b8588bccce4d87aae14,2026-10-02T08:10:00Z,Arthur Fils,Frances Tiafoe,totals,over,22.5,0.4955,pinnacle,-105.0,pinnacle,13,-105.0
2026-10-02T00:01:10Z,tennis_atp_japan_open,908dd14275f11b8588bccce4d87aae14,2026-10-02T08:10:00Z,Arthur Fils,Frances Tiafoe,totals,under,22.5,0.5045,pinnacle,-109.0,pinnacle,13,-109.0
2026-10-02T00:01:10Z,tennis_atp_japan_open,7b880c1411425677c923489ced32b94e,2026-10-03T02:00:00Z,Matteo Berrettini,Adolfo Daniel Vallejo,h2h,home,,0.6004,pinnacle,-161.0,coolbet,26,-162.0
2026-10-02T00:01:10Z,tennis_atp_japan_open,7b880c1411425677c923489ced32b94e,2026-10-03T02:00:00Z,Matteo Berrettini,Adolfo Daniel Vallejo,h2h,away,,0.3996,pinnacle,143.0,pinnacle,26,143.0
2026-10-02T00:01:10Z,tennis_atp_japan_open,7b880c1411425677c923489ced32b94e,2026-10-03T02:00:00Z,Matteo Berrettini,Adolfo Daniel Vallejo,totals,over,22.5,0.4955,pinnacle,-105.0,pinnacle,12,-105.0
2026-10-02T00:01:10Z,tennis_atp_japan_open,7b880c1411425677c923489ced32b94e,2026-10-03T02:00:00Z,Matteo Berrettini,Adolfo Daniel Vallejo,totals,under,22.5,0.5045,pinnacle,105.0,unibet_nl,12,-109.0
2026-10-02T00:01:10Z,tennis_atp_japan_open,268a9759aa1b6d1e5477d1e887d1f376,2026-10-03T02:00:00Z,Denis Shapovalov,Alejandro Tabilo,h2h,home,,0.5789,pinnacle,-147.0,pinnacle,26,-147.0
2026-10-02T00:01:10Z,tennis_atp_japan_open,268a9759aa1b6d1e5477d1e887d1f376,2026-10-03T02:00:00Z,Denis Shapovalov,Alejandro Tabilo,h2h,away,,0.4211,pinnacle,143.0,betrivers,26,131.0
2026-10-02T00:01:10Z,tennis_atp_japan_open,268a9759aa1b6d1e5477d1e887d1f376,2026-10-03T02:00:00Z,Denis Shapovalov,Alejandro Tabilo,totals,over,22.5,0.5,pinnacle,-107.0,pinnacle,9,-107.0
2026-10-02T00:01:10Z,tennis_atp_japan_open,268a9759aa1b6d1e5477d1e887d1f376,2026-10-03T02:00:00Z,Denis Shapovalov,Alejandro Tabilo,totals,under,22.5,0.5,pinnacle,-107.0,pinnacle,9,-107.0
2026-10-02T00:01:10Z,tennis_atp_japan_open,cfbbe35bd317e3fda613e84e1d6f42d4,2026-10-03T02:00:00Z,Carlos Alcaraz,Matteo Arnaldi,h2h,home,,0.9424,pinnacle,-1410.0,gtbets,23,-3151.0
2026-10-02T00:01:10Z,tennis_atp_japan_open,cfbbe35bd317e3fda613e84e1d6f42d4,2026-10-03T02:00:00Z,Carlos Alcaraz,Matteo Arnaldi,h2h,away,,0.0576,pinnacle,1588.0,pinnacle,23,1588.0
2026-10-02T00:01:10Z,tennis_atp_japan_open,cfbbe35bd317e3fda613e84e1d6f42d4,2026-10-03T02:00:00Z,Carlos Alcaraz,Matteo Arnaldi,totals,over,18.5,0.5101,pinnacle,-111.0,gtbets,11,-112.0
2026-10-02T00:01:10Z,tennis_atp_japan_open,cfbbe35bd317e3fda613e84e1d6f42d4,2026-10-03T02:00:00Z,Carlos Alcaraz,Matteo Arnaldi,totals,under,18.5,0.4899,pinnacle,-103.0,pinnacle,11,-103.0
2026-10-02T00:01:10Z,tennis_atp_japan_open,66032d788e59686d66161167437ec068,2026-10-03T02:00:00Z,Ugo Humbert,Jiri Lehecka,h2h,home,,0.3712,pinnacle,170.0,betrivers,26,162.0
2026-10-02T00:01:10Z,tennis_atp_japan_open,66032d788e59686d66161167437ec068,2026-10-03T02:00:00Z,Ugo Humbert,Jiri Lehecka,h2h,away,,0.6288,pinnacle,-183.0,pinnacle,26,-183.0
2026-10-02T00:01:10Z,tennis_atp_japan_open,66032d788e59686d66161167437ec068,2026-10-03T02:00:00Z,Ugo Humbert,Jiri Lehecka,totals,over,22.5,0.509,pinnacle,-111.0,pinnacle,13,-111.0
2026-10-02T00:01:10Z,tennis_atp_japan_open,66032d788e59686d66161167437ec068,2026-10-03T02:00:00Z,Ugo Humbert,Jiri Lehecka,totals,under,22.5,0.491,pinnacle,102.0,gtbets,13,-103.0
2026-10-02T00:01:10Z,tennis_atp_japan_open,66032d788e59686d66161167437ec068,2026-10-03T02:00:00Z,Ugo Humbert,Jiri Lehecka,spreads,home,2.5,0.5,pinnacle,-104.0,betrivers,9,-107.0
2026-10-02T00:01:10Z,tennis_atp_japan_open,66032d788e59686d66161167437ec068,2026-10-03T02:00:00Z,Ugo Humbert,Jiri Lehecka,spreads,away,2.5,0.5,pinnacle,-107.0,pinnacle,9,-107.0
2026-10-02T00:01:10Z,icehockey_nhl,adafb8ad64a5e4413184d98e9c06820d,2026-10-01T23:09:20Z,New Jersey Devils,Philadelphia Flyers,h2h,home,,0.2917,consenso,235.0,unibet_se,9,
2026-10-02T00:01:10Z,icehockey_nhl,adafb8ad64a5e4413184d98e9c06820d,2026-10-01T23:09:20Z,New Jersey Devils,Philadelphia Flyers,h2h,away,,0.4563,consenso,110.0,unibet_se,9,
2026-10-02T00:01:10Z,icehockey_nhl,adafb8ad64a5e4413184d98e9c06820d,2026-10-01T23:09:20Z,New Jersey Devils,Philadelphia Flyers,h2h,draw,,0.252,consenso,280.0,coolbet,9,
2026-10-02T00:01:10Z,icehockey_nhl,adafb8ad64a5e4413184d98e9c06820d,2026-10-01T23:09:20Z,New Jersey Devils,Philadelphia Flyers,totals,over,5.5,0.4016,consenso,140.0,williamhill_us,8,
2026-10-02T00:01:10Z,icehockey_nhl,adafb8ad64a5e4413184d98e9c06820d,2026-10-01T23:09:20Z,New Jersey Devils,Philadelphia Flyers,totals,under,5.5,0.5984,consenso,-160.0,fanduel,8,
2026-10-02T00:01:10Z,icehockey_nhl,adafb8ad64a5e4413184d98e9c06820d,2026-10-01T23:09:20Z,New Jersey Devils,Philadelphia Flyers,spreads,home,1.5,0.6856,pinnacle,-203.0,gtbets,13,-248.0
2026-10-02T00:01:10Z,icehockey_nhl,adafb8ad64a5e4413184d98e9c06820d,2026-10-01T23:09:20Z,New Jersey Devils,Philadelphia Flyers,spreads,away,1.5,0.3144,pinnacle,206.0,pinnacle,13,206.0
2026-10-02T00:01:10Z,icehockey_nhl,4cfafb524b2107d73365ce0709b59dd8,2026-10-01T23:14:25Z,Columbus Blue Jackets,Buffalo Sabres,h2h,home,,0.7112,consenso,-286.0,coolbet,9,
2026-10-02T00:01:10Z,icehockey_nhl,4cfafb524b2107d73365ce0709b59dd8,2026-10-01T23:14:25Z,Columbus Blue Jackets,Buffalo Sabres,h2h,away,,0.1126,consenso,800.0,unibet_nl,9,
2026-10-02T00:01:10Z,icehockey_nhl,4cfafb524b2107d73365ce0709b59dd8,2026-10-01T23:14:25Z,Columbus Blue Jackets,Buffalo Sabres,h2h,draw,,0.1762,consenso,450.0,unibet_nl,9,
2026-10-02T00:01:10Z,icehockey_nhl,4cfafb524b2107d73365ce0709b59dd8,2026-10-01T23:14:25Z,Columbus Blue Jackets,Buffalo Sabres,totals,over,8.5,0.4955,pinnacle,109.0,gtbets,11,-106.0
2026-10-02T00:01:10Z,icehockey_nhl,4cfafb524b2107d73365ce0709b59dd8,2026-10-01T23:14:25Z,Columbus Blue Jackets,Buffalo Sabres,totals,under,8.5,0.5045,pinnacle,-110.0,fanatics,11,-110.0
2026-10-02T00:01:10Z,icehockey_nhl,d0da884cccf9d1c73f498109c9ccbfa5,2026-10-01T23:17:58Z,New York Rangers,Tampa Bay Lightning,h2h,home,,0.6957,consenso,-278.0,unibet_nl,9,
2026-10-02T00:01:10Z,icehockey_nhl,d0da884cccf9d1c73f498109c9ccbfa5,2026-10-01T23:17:58Z,New York Rangers,Tampa Bay Lightning,h2h,away,,0.1193,consenso,750.0,unibet_nl,9,
2026-10-02T00:01:10Z,icehockey_nhl,d0da884cccf9d1c73f498109c9ccbfa5,2026-10-01T23:17:58Z,New York Rangers,Tampa Bay Lightning,h2h,draw,,0.185,consenso,420.0,coolbet,9,
2026-10-02T00:01:10Z,icehockey_nhl,d0da884cccf9d1c73f498109c9ccbfa5,2026-10-01T23:17:58Z,New York Rangers,Tampa Bay Lightning,totals,over,6.5,0.4709,consenso,125.0,tipico_de,8,
2026-10-02T00:01:10Z,icehockey_nhl,d0da884cccf9d1c73f498109c9ccbfa5,2026-10-01T23:17:58Z,New York Rangers,Tampa Bay Lightning,totals,under,6.5,0.5291,consenso,-114.0,gtbets,8,
2026-10-02T00:01:10Z,icehockey_nhl,d7ee30a18a428cc3a3f08a82b0c482d4,2026-10-02T00:10:00Z,Nashville Predators,Minnesota Wild,h2h,home,,0.3202,consenso,210.0,leovegas_se,13,
2026-10-02T00:01:10Z,icehockey_nhl,d7ee30a18a428cc3a3f08a82b0c482d4,2026-10-02T00:10:00Z,Nashville Predators,Minnesota Wild,h2h,away,,0.4521,consenso,115.0,onexbet,13,
2026-10-02T00:01:10Z,icehockey_nhl,d7ee30a18a428cc3a3f08a82b0c482d4,2026-10-02T00:10:00Z,Nashville Predators,Minnesota Wild,h2h,draw,,0.2277,consenso,341.0,onexbet,13,
2026-10-02T00:01:10Z,icehockey_nhl,d7ee30a18a428cc3a3f08a82b0c482d4,2026-10-02T00:10:00Z,Nashville Predators,Minnesota Wild,totals,over,6.0,0.5148,pinnacle,-113.0,pinnacle,11,-113.0
2026-10-02T00:01:10Z,icehockey_nhl,d7ee30a18a428cc3a3f08a82b0c482d4,2026-10-02T00:10:00Z,Nashville Predators,Minnesota Wild,totals,under,6.0,0.4852,pinnacle,103.0,williamhill_us,11,100.0
2026-10-02T00:01:10Z,icehockey_nhl,d7ee30a18a428cc3a3f08a82b0c482d4,2026-10-02T00:10:00Z,Nashville Predators,Minnesota Wild,spreads,home,1.5,0.6458,pinnacle,-190.0,betmgm,20,-199.0
2026-10-02T00:01:10Z,icehockey_nhl,d7ee30a18a428cc3a3f08a82b0c482d4,2026-10-02T00:10:00Z,Nashville Predators,Minnesota Wild,spreads,away,1.5,0.3542,pinnacle,176.0,fanduel,20,174.0
2026-10-02T00:01:10Z,icehockey_nhl,d120fca986fb8752c71db9002a8dd1b7,2026-10-02T01:10:00Z,Calgary Flames,Seattle Kraken,h2h,home,,0.3867,consenso,150.0,leovegas_se,13,
2026-10-02T00:01:10Z,icehockey_nhl,d120fca986fb8752c71db9002a8dd1b7,2026-10-02T01:10:00Z,Calgary Flames,Seattle Kraken,h2h,away,,0.3804,consenso,157.0,onexbet,13,
2026-10-02T00:01:10Z,icehockey_nhl,d120fca986fb8752c71db9002a8dd1b7,2026-10-02T01:10:00Z,Calgary Flames,Seattle Kraken,h2h,draw,,0.233,consenso,321.0,onexbet,13,
2026-10-02T00:01:10Z,icehockey_nhl,d120fca986fb8752c71db9002a8dd1b7,2026-10-02T01:10:00Z,Calgary Flames,Seattle Kraken,totals,over,5.5,0.5323,consenso,-119.0,onexbet,10,
2026-10-02T00:01:10Z,icehockey_nhl,d120fca986fb8752c71db9002a8dd1b7,2026-10-02T01:10:00Z,Calgary Flames,Seattle Kraken,totals,under,5.5,0.4677,consenso,105.0,draftkings,10,
2026-10-02T00:01:10Z,icehockey_nhl,d120fca986fb8752c71db9002a8dd1b7,2026-10-02T01:10:00Z,Calgary Flames,Seattle Kraken,spreads,home,1.5,0.7059,consenso,-285.0,betmgm,2,
2026-10-02T00:01:10Z,icehockey_nhl,d120fca986fb8752c71db9002a8dd1b7,2026-10-02T01:10:00Z,Calgary Flames,Seattle Kraken,spreads,away,1.5,0.2941,consenso,235.0,fanduel,20,
2026-10-02T00:01:10Z,icehockey_nhl,4d301bd0ac75067598d134600a80918c,2026-10-02T01:10:00Z,Utah Mammoth,Chicago Blackhawks,h2h,home,,0.5361,consenso,-124.0,onexbet,13,
2026-10-02T00:01:10Z,icehockey_nhl,4d301bd0ac75067598d134600a80918c,2026-10-02T01:10:00Z,Utah Mammoth,Chicago Blackhawks,h2h,away,,0.2496,consenso,310.0,unibet_se,13,
2026-10-02T00:01:10Z,icehockey_nhl,4d301bd0ac75067598d134600a80918c,2026-10-02T01:10:00Z,Utah Mammoth,Chicago Blackhawks,h2h,draw,,0.2142,consenso,357.0,onexbet,13,
2026-10-02T00:01:10Z,icehockey_nhl,4d301bd0ac75067598d134600a80918c,2026-10-02T01:10:00Z,Utah Mammoth,Chicago Blackhawks,totals,over,6.0,0.5138,pinnacle,-111.0,mybookieag,11,-112.0
2026-10-02T00:01:10Z,icehockey_nhl,4d301bd0ac75067598d134600a80918c,2026-10-02T01:10:00Z,Utah Mammoth,Chicago Blackhawks,totals,under,6.0,0.4862,pinnacle,100.0,williamhill_us,11,100.0
2026-10-02T00:01:10Z,icehockey_nhl,fd5a73a467bdf52881aac58d5fb71b58,2026-10-02T02:10:00Z,Vancouver Canucks,Edmonton Oilers,h2h,home,,0.2544,consenso,300.0,unibet_se,13,
2026-10-02T00:01:10Z,icehockey_nhl,fd5a73a467bdf52881aac58d5fb71b58,2026-10-02T02:10:00Z,Vancouver Canucks,Edmonton Oilers,h2h,away,,0.5348,consenso,-124.0,onexbet,13,
2026-10-02T00:01:10Z,icehockey_nhl,fd5a73a467bdf52881aac58d5fb71b58,2026-10-02T02:10:00Z,Vancouver Canucks,Edmonton Oilers,h2h,draw,,0.2108,consenso,367.0,onexbet,13,
2026-10-02T00:01:10Z,icehockey_nhl,fd5a73a467bdf52881aac58d5fb71b58,2026-10-02T02:10:00Z,Vancouver Canucks,Edmonton Oilers,totals,over,6.5,0.526,pinnacle,105.0,coolbet,19,-118.0
2026-10-02T00:01:10Z,icehockey_nhl,fd5a73a467bdf52881aac58d5fb71b58,2026-10-02T02:10:00Z,Vancouver Canucks,Edmonton Oilers,totals,under,6.5,0.474,pinnacle,107.0,bovada,19,105.0
2026-10-02T00:01:10Z,icehockey_nhl,fd5a73a467bdf52881aac58d5fb71b58,2026-10-02T02:10:00Z,Vancouver Canucks,Edmonton Oilers,spreads,home,1.5,0.5437,pinnacle,-127.0,pinnacle,21,-127.0
2026-10-02T00:01:10Z,icehockey_nhl,fd5a73a467bdf52881aac58d5fb71b58,2026-10-02T02:10:00Z,Vancouver Canucks,Edmonton Oilers,spreads,away,1.5,0.4563,pinnacle,118.0,fanduel,21,113.0
2026-10-02T00:01:10Z,icehockey_nhl,6b3f5ca8c7e1a314027966d8854d7989,2026-10-02T02:10:00Z,San Jose Sharks,Florida Panthers,h2h,home,,0.322,consenso,201.0,onexbet,13,
2026-10-02T00:01:10Z,icehockey_nhl,6b3f5ca8c7e1a314027966d8854d7989,2026-10-02T02:10:00Z,San Jose Sharks,Florida Panthers,h2h,away,,0.4557,consenso,114.0,unibet_se,13,
2026-10-02T00:01:10Z,icehockey_nhl,6b3f5ca8c7e1a314027966d8854d7989,2026-10-02T02:10:00Z,San Jose Sharks,Florida Panthers,h2h,draw,,0.2224,consenso,339.0,onexbet,13,
2026-10-02T00:01:10Z,icehockey_nhl,6b3f5ca8c7e1a314027966d8854d7989,2026-10-02T02:10:00Z,San Jose Sharks,Florida Panthers,totals,over,6.5,0.5,pinnacle,105.0,tipico_de,18,-106.0
2026-10-02T00:01:10Z,icehockey_nhl,6b3f5ca8c7e1a314027966d8854d7989,2026-10-02T02:10:00Z,San Jose Sharks,Florida Panthers,totals,under,6.5,0.5,pinnacle,-106.0,pinnacle,18,-106.0
2026-10-02T00:01:10Z,icehockey_nhl,6b3f5ca8c7e1a314027966d8854d7989,2026-10-02T02:10:00Z,San Jose Sharks,Florida Panthers,spreads,home,1.5,0.6324,pinnacle,-179.0,betsson,20,-187.0
2026-10-02T00:01:10Z,icehockey_nhl,6b3f5ca8c7e1a314027966d8854d7989,2026-10-02T02:10:00Z,San Jose Sharks,Florida Panthers,spreads,away,1.5,0.3676,pinnacle,170.0,leovegas_se,20,164.0
2026-10-02T00:01:10Z,icehockey_nhl,5b5466f836933f5fb3ed4b9f267cce75,2026-10-02T22:40:00Z,Detroit Red Wings,New York Rangers,h2h,home,,0.4297,consenso,125.0,onexbet,12,
2026-10-02T00:01:10Z,icehockey_nhl,5b5466f836933f5fb3ed4b9f267cce75,2026-10-02T22:40:00Z,Detroit Red Wings,New York Rangers,h2h,away,,0.3431,consenso,183.0,onexbet,12,
2026-10-02T00:01:10Z,icehockey_nhl,5b5466f836933f5fb3ed4b9f267cce75,2026-10-02T22:40:00Z,Detroit Red Wings,New York Rangers,h2h,draw,,0.2273,consenso,326.0,onexbet,12,
2026-10-02T00:01:10Z,icehockey_nhl,5b5466f836933f5fb3ed4b9f267cce75,2026-10-02T22:40:00Z,Detroit Red Wings,New York Rangers,totals,over,5.5,0.5464,consenso,-130.0,draftkings,9,
2026-10-02T00:01:10Z,icehockey_nhl,5b5466f836933f5fb3ed4b9f267cce75,2026-10-02T22:40:00Z,Detroit Red Wings,New York Rangers,totals,under,5.5,0.4536,consenso,116.0,onexbet,9,
2026-10-02T00:01:10Z,icehockey_nhl,dfc3a73fc50d3d1c4b58150c834e2e7d,2026-10-02T23:00:00Z,Carolina Hurricanes,Washington Capitals,h2h,home,,0.4473,consenso,117.0,unibet_se,11,
2026-10-02T00:01:10Z,icehockey_nhl,dfc3a73fc50d3d1c4b58150c834e2e7d,2026-10-02T23:00:00Z,Carolina Hurricanes,Washington Capitals,h2h,away,,0.327,consenso,200.0,unibet_se,11,
2026-10-02T00:01:10Z,icehockey_nhl,dfc3a73fc50d3d1c4b58150c834e2e7d,2026-10-02T23:00:00Z,Carolina Hurricanes,Washington Capitals,h2h,draw,,0.2258,consenso,331.0,onexbet,11,
2026-10-02T00:01:10Z,icehockey_nhl,dfc3a73fc50d3d1c4b58150c834e2e7d,2026-10-02T23:00:00Z,Carolina Hurricanes,Washington Capitals,totals,over,6.5,0.4675,consenso,107.0,betrivers,6,
2026-10-02T00:01:10Z,icehockey_nhl,dfc3a73fc50d3d1c4b58150c834e2e7d,2026-10-02T23:00:00Z,Carolina Hurricanes,Washington Capitals,totals,under,6.5,0.5325,consenso,-119.0,mybookieag,6,
2026-10-02T00:01:10Z,icehockey_nhl,f5a9759e52a784d5fdcc1f3a2fcfc5a2,2026-10-03T00:10:00Z,Winnipeg Jets,Boston Bruins,h2h,home,,0.3903,consenso,148.0,onexbet,12,
2026-10-02T00:01:10Z,icehockey_nhl,f5a9759e52a784d5fdcc1f3a2fcfc5a2,2026-10-03T00:10:00Z,Winnipeg Jets,Boston Bruins,h2h,away,,0.382,consenso,157.0,onexbet,12,
2026-10-02T00:01:10Z,icehockey_nhl,f5a9759e52a784d5fdcc1f3a2fcfc5a2,2026-10-03T00:10:00Z,Winnipeg Jets,Boston Bruins,h2h,draw,,0.2277,consenso,335.0,leovegas_se,12,
2026-10-02T00:01:10Z,icehockey_nhl,f5a9759e52a784d5fdcc1f3a2fcfc5a2,2026-10-03T00:10:00Z,Winnipeg Jets,Boston Bruins,totals,over,5.5,0.5373,consenso,-123.0,onexbet,12,
2026-10-02T00:01:10Z,icehockey_nhl,f5a9759e52a784d5fdcc1f3a2fcfc5a2,2026-10-03T00:10:00Z,Winnipeg Jets,Boston Bruins,totals,under,5.5,0.4627,consenso,110.0,fanduel,12,
2026-10-02T00:01:10Z,icehockey_nhl,f5a9759e52a784d5fdcc1f3a2fcfc5a2,2026-10-03T00:10:00Z,Winnipeg Jets,Boston Bruins,spreads,home,1.5,0.7131,consenso,-295.0,leovegas_se,4,
2026-10-02T00:01:10Z,icehockey_nhl,f5a9759e52a784d5fdcc1f3a2fcfc5a2,2026-10-03T00:10:00Z,Winnipeg Jets,Boston Bruins,spreads,away,1.5,0.2869,consenso,230.0,leovegas_se,12,
2026-10-02T00:01:10Z,icehockey_nhl,797f03124f9bb08624b199c28f621c61,2026-10-03T01:10:00Z,Dallas Stars,St Louis Blues,h2h,home,,0.5102,consenso,-108.0,unibet_se,12,
2026-10-02T00:01:10Z,icehockey_nhl,797f03124f9bb08624b199c28f621c61,2026-10-03T01:10:00Z,Dallas Stars,St Louis Blues,h2h,away,,0.2668,consenso,270.0,tipico_de,12,
2026-10-02T00:01:10Z,icehockey_nhl,797f03124f9bb08624b199c28f621c61,2026-10-03T01:10:00Z,Dallas Stars,St Louis Blues,h2h,draw,,0.223,consenso,340.0,tipico_de,12,
2026-10-02T00:01:10Z,icehockey_nhl,797f03124f9bb08624b199c28f621c61,2026-10-03T01:10:00Z,Dallas Stars,St Louis Blues,totals,over,5.5,0.5448,consenso,-115.0,onexbet,8,
2026-10-02T00:01:10Z,icehockey_nhl,797f03124f9bb08624b199c28f621c61,2026-10-03T01:10:00Z,Dallas Stars,St Louis Blues,totals,under,5.5,0.4552,consenso,114.0,draftkings,8,
2026-10-02T00:01:10Z,icehockey_nhl,bae72d1f63e132b366d199db2807c4df,2026-10-03T02:10:00Z,Vegas Golden Knights,Anaheim Ducks,h2h,home,,0.4901,consenso,-101.0,onexbet,11,
2026-10-02T00:01:10Z,icehockey_nhl,bae72d1f63e132b366d199db2807c4df,2026-10-03T02:10:00Z,Vegas Golden Knights,Anaheim Ducks,h2h,away,,0.2924,consenso,235.0,unibet_se,11,
2026-10-02T00:01:10Z,icehockey_nhl,bae72d1f63e132b366d199db2807c4df,2026-10-03T02:10:00Z,Vegas Golden Knights,Anaheim Ducks,h2h,draw,,0.2175,consenso,346.0,onexbet,11,
2026-10-02T00:01:10Z,icehockey_nhl,bae72d1f63e132b366d199db2807c4df,2026-10-03T02:10:00Z,Vegas Golden Knights,Anaheim Ducks,totals,over,6.5,0.5,consenso,-107.0,betrivers,13,
2026-10-02T00:01:10Z,icehockey_nhl,bae72d1f63e132b366d199db2807c4df,2026-10-03T02:10:00Z,Vegas Golden Knights,Anaheim Ducks,totals,under,6.5,0.5,consenso,-104.0,betonlineag,13,
2026-10-02T00:01:10Z,icehockey_nhl,8d556511643d0c038bff0b7cf4f2b64f,2026-10-03T23:10:00Z,Buffalo Sabres,Chicago Blackhawks,h2h,home,,0.5346,consenso,-124.0,onexbet,7,
2026-10-02T00:01:10Z,icehockey_nhl,8d556511643d0c038bff0b7cf4f2b64f,2026-10-03T23:10:00Z,Buffalo Sabres,Chicago Blackhawks,h2h,away,,0.2504,consenso,290.0,onexbet,7,
2026-10-02T00:01:10Z,icehockey_nhl,8d556511643d0c038bff0b7cf4f2b64f,2026-10-03T23:10:00Z,Buffalo Sabres,Chicago Blackhawks,h2h,draw,,0.2149,consenso,351.0,onexbet,7,
2026-10-02T00:01:10Z,icehockey_nhl,8d556511643d0c038bff0b7cf4f2b64f,2026-10-03T23:10:00Z,Buffalo Sabres,Chicago Blackhawks,totals,over,5.5,0.5526,consenso,-127.0,onexbet,5,
2026-10-02T00:01:10Z,icehockey_nhl,8d556511643d0c038bff0b7cf4f2b64f,2026-10-03T23:10:00Z,Buffalo Sabres,Chicago Blackhawks,totals,under,5.5,0.4474,consenso,117.0,bovada,5,
2026-10-02T00:01:10Z,icehockey_nhl,53b58ae0f99c8172ebee3bd82e7c83a7,2026-10-03T23:10:00Z,Pittsburgh Penguins,Montréal Canadiens,h2h,home,,0.3895,consenso,152.0,onexbet,7,
2026-10-02T00:01:10Z,icehockey_nhl,53b58ae0f99c8172ebee3bd82e7c83a7,2026-10-03T23:10:00Z,Pittsburgh Penguins,Montréal Canadiens,h2h,away,,0.3852,consenso,151.0,onexbet,7,
2026-10-02T00:01:10Z,icehockey_nhl,53b58ae0f99c8172ebee3bd82e7c83a7,2026-10-03T23:10:00Z,Pittsburgh Penguins,Montréal Canadiens,h2h,draw,,0.2253,consenso,326.0,onexbet,7,
2026-10-02T00:01:10Z,icehockey_nhl,53b58ae0f99c8172ebee3bd82e7c83a7,2026-10-03T23:10:00Z,Pittsburgh Penguins,Montréal Canadiens,totals,over,6.5,0.4505,consenso,115.0,gtbets,4,
2026-10-02T00:01:10Z,icehockey_nhl,53b58ae0f99c8172ebee3bd82e7c83a7,2026-10-03T23:10:00Z,Pittsburgh Penguins,Montréal Canadiens,totals,under,6.5,0.5495,consenso,-133.0,bovada,4,
2026-10-02T00:01:10Z,icehockey_nhl,53b58ae0f99c8172ebee3bd82e7c83a7,2026-10-03T23:10:00Z,Pittsburgh Penguins,Montréal Canadiens,spreads,home,1.5,0.7034,consenso,-270.0,bovada,5,
2026-10-02T00:01:10Z,icehockey_nhl,53b58ae0f99c8172ebee3bd82e7c83a7,2026-10-03T23:10:00Z,Pittsburgh Penguins,Montréal Canadiens,spreads,away,1.5,0.2966,consenso,225.0,draftkings,7,
2026-10-02T00:01:10Z,icehockey_nhl,25079431893a620763e5a454d7991922,2026-10-03T23:10:00Z,Tampa Bay Lightning,Washington Capitals,h2h,home,,0.4363,consenso,132.0,onexbet,7,
2026-10-02T00:01:10Z,icehockey_nhl,25079431893a620763e5a454d7991922,2026-10-03T23:10:00Z,Tampa Bay Lightning,Washington Capitals,h2h,away,,0.3436,consenso,177.0,betclic_fr,7,
2026-10-02T00:01:10Z,icehockey_nhl,25079431893a620763e5a454d7991922,2026-10-03T23:10:00Z,Tampa Bay Lightning,Washington Capitals,h2h,draw,,0.2202,consenso,330.0,winamax_de,7,
2026-10-02T00:01:10Z,icehockey_nhl,25079431893a620763e5a454d7991922,2026-10-03T23:10:00Z,Tampa Bay Lightning,Washington Capitals,totals,over,6.5,0.4486,consenso,115.0,bovada,5,
2026-10-02T00:01:10Z,icehockey_nhl,25079431893a620763e5a454d7991922,2026-10-03T23:10:00Z,Tampa Bay Lightning,Washington Capitals,totals,under,6.5,0.5514,consenso,-135.0,draftkings,5,
2026-10-02T00:01:10Z,icehockey_nhl,3e2c8a883cae029144e27e4fca5ae9e8,2026-10-03T23:40:00Z,New York Islanders,New Jersey Devils,h2h,home,,0.3887,consenso,143.0,onexbet,7,
2026-10-02T00:01:10Z,icehockey_nhl,3e2c8a883cae029144e27e4fca5ae9e8,2026-10-03T23:40:00Z,New York Islanders,New Jersey Devils,h2h,away,,0.3861,consenso,160.0,onexbet,7,
2026-10-02T00:01:10Z,icehockey_nhl,3e2c8a883cae029144e27e4fca5ae9e8,2026-10-03T23:40:00Z,New York Islanders,New Jersey Devils,h2h,draw,,0.2252,consenso,326.0,onexbet,7,
2026-10-02T00:01:10Z,icehockey_nhl,3e2c8a883cae029144e27e4fca5ae9e8,2026-10-03T23:40:00Z,New York Islanders,New Jersey Devils,totals,over,5.5,0.5471,consenso,-128.0,bovada,4,
2026-10-02T00:01:10Z,icehockey_nhl,3e2c8a883cae029144e27e4fca5ae9e8,2026-10-03T23:40:00Z,New York Islanders,New Jersey Devils,totals,under,5.5,0.4529,consenso,116.0,onexbet,4,
2026-10-02T00:01:10Z,icehockey_nhl,3e2c8a883cae029144e27e4fca5ae9e8,2026-10-03T23:40:00Z,New York Islanders,New Jersey Devils,spreads,home,1.5,0.7095,consenso,-285.0,betmgm,1,
2026-10-02T00:01:10Z,icehockey_nhl,3e2c8a883cae029144e27e4fca5ae9e8,2026-10-03T23:40:00Z,New York Islanders,New Jersey Devils,spreads,away,1.5,0.2905,consenso,230.0,betmgm,7,
2026-10-02T00:01:10Z,icehockey_nhl,3a9af73961ea2f2322255a6fca4d421e,2026-10-04T00:10:00Z,Minnesota Wild,Boston Bruins,h2h,home,,0.4864,consenso,-100.0,onexbet,6,
2026-10-02T00:01:10Z,icehockey_nhl,3a9af73961ea2f2322255a6fca4d421e,2026-10-04T00:10:00Z,Minnesota Wild,Boston Bruins,h2h,away,,0.2923,consenso,233.0,onexbet,6,
2026-10-02T00:01:10Z,icehockey_nhl,3a9af73961ea2f2322255a6fca4d421e,2026-10-04T00:10:00Z,Minnesota Wild,Boston Bruins,h2h,draw,,0.2213,consenso,336.0,onexbet,6,
2026-10-02T00:01:10Z,icehockey_nhl,3a9af73961ea2f2322255a6fca4d421e,2026-10-04T00:10:00Z,Minnesota Wild,Boston Bruins,totals,over,5.5,0.5427,consenso,-127.0,onexbet,5,
2026-10-02T00:01:10Z,icehockey_nhl,3a9af73961ea2f2322255a6fca4d421e,2026-10-04T00:10:00Z,Minnesota Wild,Boston Bruins,totals,under,5.5,0.4573,consenso,112.0,onexbet,5,
2026-10-02T00:01:10Z,baseball_npb,3e66aaea7b8248d6cf6d345c4ca38aef,2026-10-02T09:00:00Z,Chiba Lotte Marines,Fukuoka SoftBank Hawks,h2h,home,,0.3689,pinnacle,163.0,pinnacle,22,163.0
2026-10-02T00:01:10Z,baseball_npb,3e66aaea7b8248d6cf6d345c4ca38aef,2026-10-02T09:00:00Z,Chiba Lotte Marines,Fukuoka SoftBank Hawks,h2h,away,,0.6311,pinnacle,-177.0,onexbet,22,-186.0
2026-10-02T00:01:10Z,baseball_npb,3e66aaea7b8248d6cf6d345c4ca38aef,2026-10-02T09:00:00Z,Chiba Lotte Marines,Fukuoka SoftBank Hawks,totals,over,8.0,0.4866,pinnacle,-102.0,pinnacle,9,-102.0
2026-10-02T00:01:10Z,baseball_npb,3e66aaea7b8248d6cf6d345c4ca38aef,2026-10-02T09:00:00Z,Chiba Lotte Marines,Fukuoka SoftBank Hawks,totals,under,8.0,0.5134,pinnacle,-114.0,pinnacle,9,-114.0
2026-10-02T00:01:10Z,baseball_npb,3e66aaea7b8248d6cf6d345c4ca38aef,2026-10-02T09:00:00Z,Chiba Lotte Marines,Fukuoka SoftBank Hawks,spreads,home,1.5,0.4887,pinnacle,-102.0,pinnacle,18,-102.0
2026-10-02T00:01:10Z,baseball_npb,3e66aaea7b8248d6cf6d345c4ca38aef,2026-10-02T09:00:00Z,Chiba Lotte Marines,Fukuoka SoftBank Hawks,spreads,away,1.5,0.5113,pinnacle,-104.0,leovegas_se,18,-112.0
2026-10-02T00:01:10Z,baseball_npb,046be0a678df310d203162168f7bedd7,2026-10-02T09:00:00Z,Tokyo Yakult Swallows,Yomiuri Giants,h2h,home,,0.4523,pinnacle,115.0,pinnacle,22,115.0
2026-10-02T00:01:10Z,baseball_npb,046be0a678df310d203162168f7bedd7,2026-10-02T09:00:00Z,Tokyo Yakult Swallows,Yomiuri Giants,h2h,away,,0.5477,pinnacle,-129.0,pinnacle,22,-129.0
2026-10-02T00:01:10Z,baseball_npb,046be0a678df310d203162168f7bedd7,2026-10-02T09:00:00Z,Tokyo Yakult Swallows,Yomiuri Giants,totals,over,6.5,0.4812,pinnacle,100.0,pinnacle,17,100.0
2026-10-02T00:01:10Z,baseball_npb,046be0a678df310d203162168f7bedd7,2026-10-02T09:00:00Z,Tokyo Yakult Swallows,Yomiuri Giants,totals,under,6.5,0.5188,pinnacle,-103.0,betrivers,17,-117.0
2026-10-02T00:01:10Z,baseball_npb,046be0a678df310d203162168f7bedd7,2026-10-02T09:00:00Z,Tokyo Yakult Swallows,Yomiuri Giants,spreads,home,1.5,0.6041,pinnacle,-159.0,onexbet,15,-167.0
2026-10-02T00:01:10Z,baseball_npb,046be0a678df310d203162168f7bedd7,2026-10-02T09:00:00Z,Tokyo Yakult Swallows,Yomiuri Giants,spreads,away,1.5,0.3959,pinnacle,145.0,nordicbet,15,144.0
2026-10-02T00:01:10Z,baseball_mlb,5524c44b05e28aa899909c9e001184ec,2026-10-02T00:15:00Z,Atlanta Braves,Philadelphia Phillies,h2h,home,,0.5094,pinnacle,-106.0,betanysports,30,-108.0
2026-10-02T00:01:10Z,baseball_mlb,5524c44b05e28aa899909c9e001184ec,2026-10-02T00:15:00Z,Atlanta Braves,Philadelphia Phillies,h2h,away,,0.4906,pinnacle,100.0,pinnacle,30,100.0
2026-10-02T00:01:10Z,baseball_mlb,5524c44b05e28aa899909c9e001184ec,2026-10-02T00:15:00Z,Atlanta Braves,Philadelphia Phillies,totals,over,7.5,0.4807,pinnacle,102.0,pinnacle,23,102.0
2026-10-02T00:01:10Z,baseball_mlb,5524c44b05e28aa899909c9e001184ec,2026-10-02T00:15:00Z,Atlanta Braves,Philadelphia Phillies,totals,under,7.5,0.5193,pinnacle,-110.0,onexbet,23,-115.0
2026-10-02T00:01:10Z,baseball_mlb,5524c44b05e28aa899909c9e001184ec,2026-10-02T00:15:00Z,Atlanta Braves,Philadelphia Phillies,spreads,home,1.5,0.6363,pinnacle,-174.0,onexbet,18,-188.0
2026-10-02T00:01:10Z,baseball_mlb,5524c44b05e28aa899909c9e001184ec,2026-10-02T00:15:00Z,Atlanta Braves,Philadelphia Phillies,spreads,away,1.5,0.3637,pinnacle,170.0,williamhill_us,22,168.0
2026-10-02T00:01:10Z,baseball_mlb,5d13b613a334039f0694d8c95af28728,2026-10-03T17:01:00Z,Cleveland Guardians,Chicago White Sox,h2h,home,,0.5867,pinnacle,-147.0,onexbet,29,-151.0
2026-10-02T00:01:10Z,baseball_mlb,5d13b613a334039f0694d8c95af28728,2026-10-03T17:01:00Z,Cleveland Guardians,Chicago White Sox,h2h,away,,0.4133,pinnacle,137.0,gtbets,29,136.0
2026-10-02T00:01:10Z,baseball_mlb,5d13b613a334039f0694d8c95af28728,2026-10-03T17:01:00Z,Cleveland Guardians,Chicago White Sox,totals,over,7.0,0.4733,pinnacle,107.0,lowvig,16,104.0
2026-10-02T00:01:10Z,baseball_mlb,5d13b613a334039f0694d8c95af28728,2026-10-03T17:01:00Z,Cleveland Guardians,Chicago White Sox,totals,under,7.0,0.5267,pinnacle,-115.0,betrivers,16,-120.0
2026-10-02T00:01:10Z,baseball_mlb,cb4d07dc15440acf3d9ebe1ad41756c1,2026-10-03T22:31:00Z,Tampa Bay Rays,New York Yankees,h2h,home,,0.5509,pinnacle,-128.0,onexbet,29,-130.0
2026-10-02T00:01:10Z,baseball_mlb,cb4d07dc15440acf3d9ebe1ad41756c1,2026-10-03T22:31:00Z,Tampa Bay Rays,New York Yankees,h2h,away,,0.4491,pinnacle,121.0,gtbets,29,117.0
2026-10-02T00:01:10Z,baseball_mlb,cb4d07dc15440acf3d9ebe1ad41756c1,2026-10-03T22:31:00Z,Tampa Bay Rays,New York Yankees,totals,over,7.0,0.4774,pinnacle,103.0,lowvig,17,103.0
2026-10-02T00:01:10Z,baseball_mlb,cb4d07dc15440acf3d9ebe1ad41756c1,2026-10-03T22:31:00Z,Tampa Bay Rays,New York Yankees,totals,under,7.0,0.5226,pinnacle,-115.0,williamhill_us,17,-117.0
2026-10-02T00:01:10Z,baseball_mlb,347a2e725dd11a54a1d964eae3d04dd2,2026-10-04T00:30:00Z,Milwaukee Brewers,San Diego Padres,h2h,home,,0.6701,pinnacle,-206.0,onexbet,29,-221.0
2026-10-02T00:01:10Z,baseball_mlb,347a2e725dd11a54a1d964eae3d04dd2,2026-10-04T00:30:00Z,Milwaukee Brewers,San Diego Padres,h2h,away,,0.3299,pinnacle,195.0,pinnacle,29,195.0
2026-10-02T00:01:10Z,baseball_mlb,347a2e725dd11a54a1d964eae3d04dd2,2026-10-04T00:30:00Z,Milwaukee Brewers,San Diego Padres,totals,over,7.0,0.4842,pinnacle,103.0,lowvig,17,100.0
2026-10-02T00:01:10Z,baseball_mlb,347a2e725dd11a54a1d964eae3d04dd2,2026-10-04T00:30:00Z,Milwaukee Brewers,San Diego Padres,totals,under,7.0,0.5158,pinnacle,-113.0,williamhill_us,17,-114.0
2026-10-02T00:12:17Z,baseball_mlb,5524c44b05e28aa899909c9e001184ec,2026-10-02T00:15:00Z,Atlanta Braves,Philadelphia Phillies,h2h,home,,0.5094,pinnacle,-108.0,pinnacle,29,-108.0
2026-10-02T00:12:17Z,baseball_mlb,5524c44b05e28aa899909c9e001184ec,2026-10-02T00:15:00Z,Atlanta Braves,Philadelphia Phillies,h2h,away,,0.4906,pinnacle,101.0,gtbets,29,100.0
2026-10-02T00:12:17Z,baseball_mlb,5524c44b05e28aa899909c9e001184ec,2026-10-02T00:15:00Z,Atlanta Braves,Philadelphia Phillies,totals,over,7.5,0.4807,pinnacle,102.0,pinnacle,22,102.0
2026-10-02T00:12:17Z,baseball_mlb,5524c44b05e28aa899909c9e001184ec,2026-10-02T00:15:00Z,Atlanta Braves,Philadelphia Phillies,totals,under,7.5,0.5193,pinnacle,-115.0,lowvig,22,-115.0
2026-10-02T00:12:17Z,baseball_mlb,5524c44b05e28aa899909c9e001184ec,2026-10-02T00:15:00Z,Atlanta Braves,Philadelphia Phillies,spreads,home,1.5,0.6363,pinnacle,-180.0,everygame,17,-188.0
2026-10-02T00:12:17Z,baseball_mlb,5524c44b05e28aa899909c9e001184ec,2026-10-02T00:15:00Z,Atlanta Braves,Philadelphia Phillies,spreads,away,1.5,0.3637,pinnacle,171.0,lowvig,21,168.0
2026-10-02T00:12:17Z,baseball_mlb,5d13b613a334039f0694d8c95af28728,2026-10-03T17:01:00Z,Cleveland Guardians,Chicago White Sox,h2h,home,,0.5867,pinnacle,-147.0,onexbet,29,-151.0
2026-10-02T00:12:17Z,baseball_mlb,5d13b613a334039f0694d8c95af28728,2026-10-03T17:01:00Z,Cleveland Guardians,Chicago White Sox,h2h,away,,0.4133,pinnacle,137.0,gtbets,29,136.0
2026-10-02T00:12:17Z,baseball_mlb,5d13b613a334039f0694d8c95af28728,2026-10-03T17:01:00Z,Cleveland Guardians,Chicago White Sox,totals,over,7.0,0.4733,pinnacle,107.0,lowvig,16,104.0
2026-10-02T00:12:17Z,baseball_mlb,5d13b613a334039f0694d8c95af28728,2026-10-03T17:01:00Z,Cleveland Guardians,Chicago White Sox,totals,under,7.0,0.5267,pinnacle,-115.0,betrivers,16,-120.0
2026-10-02T00:12:17Z,baseball_mlb,cb4d07dc15440acf3d9ebe1ad41756c1,2026-10-03T22:31:00Z,Tampa Bay Rays,New York Yankees,h2h,home,,0.5509,pinnacle,-128.0,onexbet,29,-130.0
2026-10-02T00:12:17Z,baseball_mlb,cb4d07dc15440acf3d9ebe1ad41756c1,2026-10-03T22:31:00Z,Tampa Bay Rays,New York Yankees,h2h,away,,0.4491,pinnacle,121.0,gtbets,29,117.0
2026-10-02T00:12:17Z,baseball_mlb,cb4d07dc15440acf3d9ebe1ad41756c1,2026-10-03T22:31:00Z,Tampa Bay Rays,New York Yankees,totals,over,7.0,0.4774,pinnacle,103.0,lowvig,17,103.0
2026-10-02T00:12:17Z,baseball_mlb,cb4d07dc15440acf3d9ebe1ad41756c1,2026-10-03T22:31:00Z,Tampa Bay Rays,New York Yankees,totals,under,7.0,0.5226,pinnacle,-115.0,williamhill_us,17,-117.0
2026-10-02T00:12:17Z,baseball_mlb,347a2e725dd11a54a1d964eae3d04dd2,2026-10-04T00:30:00Z,Milwaukee Brewers,San Diego Padres,h2h,home,,0.6701,pinnacle,-206.0,onexbet,29,-221.0
2026-10-02T00:12:17Z,baseball_mlb,347a2e725dd11a54a1d964eae3d04dd2,2026-10-04T00:30:00Z,Milwaukee Brewers,San Diego Padres,h2h,away,,0.3299,pinnacle,195.0,pinnacle,29,195.0
2026-10-02T00:12:17Z,baseball_mlb,347a2e725dd11a54a1d964eae3d04dd2,2026-10-04T00:30:00Z,Milwaukee Brewers,San Diego Padres,totals,over,7.0,0.4842,pinnacle,103.0,lowvig,17,100.0
2026-10-02T00:12:17Z,baseball_mlb,347a2e725dd11a54a1d964eae3d04dd2,2026-10-04T00:30:00Z,Milwaukee Brewers,San Diego Padres,totals,under,7.0,0.5158,pinnacle,-113.0,williamhill_us,17,-114.0
2026-10-02T00:12:17Z,baseball_npb,3e66aaea7b8248d6cf6d345c4ca38aef,2026-10-02T09:00:00Z,Chiba Lotte Marines,Fukuoka SoftBank Hawks,h2h,home,,0.3689,pinnacle,163.0,pinnacle,22,163.0
2026-10-02T00:12:17Z,baseball_npb,3e66aaea7b8248d6cf6d345c4ca38aef,2026-10-02T09:00:00Z,Chiba Lotte Marines,Fukuoka SoftBank Hawks,h2h,away,,0.6311,pinnacle,-177.0,onexbet,22,-186.0
2026-10-02T00:12:17Z,baseball_npb,3e66aaea7b8248d6cf6d345c4ca38aef,2026-10-02T09:00:00Z,Chiba Lotte Marines,Fukuoka SoftBank Hawks,totals,over,8.0,0.4866,pinnacle,-102.0,pinnacle,9,-102.0
2026-10-02T00:12:17Z,baseball_npb,3e66aaea7b8248d6cf6d345c4ca38aef,2026-10-02T09:00:00Z,Chiba Lotte Marines,Fukuoka SoftBank Hawks,totals,under,8.0,0.5134,pinnacle,-114.0,pinnacle,9,-114.0
2026-10-02T00:12:17Z,baseball_npb,3e66aaea7b8248d6cf6d345c4ca38aef,2026-10-02T09:00:00Z,Chiba Lotte Marines,Fukuoka SoftBank Hawks,spreads,home,1.5,0.4887,pinnacle,-102.0,pinnacle,18,-102.0
2026-10-02T00:12:17Z,baseball_npb,3e66aaea7b8248d6cf6d345c4ca38aef,2026-10-02T09:00:00Z,Chiba Lotte Marines,Fukuoka SoftBank Hawks,spreads,away,1.5,0.5113,pinnacle,-104.0,leovegas_se,18,-112.0
2026-10-02T00:12:17Z,baseball_npb,046be0a678df310d203162168f7bedd7,2026-10-02T09:00:00Z,Tokyo Yakult Swallows,Yomiuri Giants,h2h,home,,0.4523,pinnacle,115.0,pinnacle,22,115.0
2026-10-02T00:12:17Z,baseball_npb,046be0a678df310d203162168f7bedd7,2026-10-02T09:00:00Z,Tokyo Yakult Swallows,Yomiuri Giants,h2h,away,,0.5477,pinnacle,-129.0,pinnacle,22,-129.0
2026-10-02T00:12:17Z,baseball_npb,046be0a678df310d203162168f7bedd7,2026-10-02T09:00:00Z,Tokyo Yakult Swallows,Yomiuri Giants,totals,over,6.5,0.4812,pinnacle,100.0,pinnacle,17,100.0
2026-10-02T00:12:17Z,baseball_npb,046be0a678df310d203162168f7bedd7,2026-10-02T09:00:00Z,Tokyo Yakult Swallows,Yomiuri Giants,totals,under,6.5,0.5188,pinnacle,-103.0,betrivers,17,-117.0
2026-10-02T00:12:17Z,baseball_npb,046be0a678df310d203162168f7bedd7,2026-10-02T09:00:00Z,Tokyo Yakult Swallows,Yomiuri Giants,spreads,home,1.5,0.6041,pinnacle,-159.0,onexbet,15,-167.0
2026-10-02T00:12:17Z,baseball_npb,046be0a678df310d203162168f7bedd7,2026-10-02T09:00:00Z,Tokyo Yakult Swallows,Yomiuri Giants,spreads,away,1.5,0.3959,pinnacle,145.0,nordicbet,15,144.0
2026-10-02T00:12:17Z,icehockey_nhl,adafb8ad64a5e4413184d98e9c06820d,2026-10-01T23:09:20Z,New Jersey Devils,Philadelphia Flyers,h2h,home,,0.2743,consenso,255.0,unibet_se,9,
2026-10-02T00:12:17Z,icehockey_nhl,adafb8ad64a5e4413184d98e9c06820d,2026-10-01T23:09:20Z,New Jersey Devils,Philadelphia Flyers,h2h,away,,0.464,consenso,105.0,unibet_se,9,
2026-10-02T00:12:17Z,icehockey_nhl,adafb8ad64a5e4413184d98e9c06820d,2026-10-01T23:09:20Z,New Jersey Devils,Philadelphia Flyers,h2h,draw,,0.2617,consenso,270.0,coolbet,9,
2026-10-02T00:12:17Z,icehockey_nhl,adafb8ad64a5e4413184d98e9c06820d,2026-10-01T23:09:20Z,New Jersey Devils,Philadelphia Flyers,totals,over,4.5,0.6143,consenso,-143.0,tipico_de,9,
2026-10-02T00:12:17Z,icehockey_nhl,adafb8ad64a5e4413184d98e9c06820d,2026-10-01T23:09:20Z,New Jersey Devils,Philadelphia Flyers,totals,under,4.5,0.3857,consenso,162.0,fanduel,9,
2026-10-02T00:12:17Z,icehockey_nhl,adafb8ad64a5e4413184d98e9c06820d,2026-10-01T23:09:20Z,New Jersey Devils,Philadelphia Flyers,spreads,home,1.5,0.6856,pinnacle,-220.0,fanduel,12,-248.0
2026-10-02T00:12:17Z,icehockey_nhl,adafb8ad64a5e4413184d98e9c06820d,2026-10-01T23:09:20Z,New Jersey Devils,Philadelphia Flyers,spreads,away,1.5,0.3144,pinnacle,206.0,pinnacle,12,206.0
2026-10-02T00:12:17Z,icehockey_nhl,4cfafb524b2107d73365ce0709b59dd8,2026-10-01T23:14:25Z,Columbus Blue Jackets,Buffalo Sabres,h2h,home,,0.7112,consenso,-286.0,coolbet,9,
2026-10-02T00:12:17Z,icehockey_nhl,4cfafb524b2107d73365ce0709b59dd8,2026-10-01T23:14:25Z,Columbus Blue Jackets,Buffalo Sabres,h2h,away,,0.1126,consenso,800.0,unibet_nl,9,
2026-10-02T00:12:17Z,icehockey_nhl,4cfafb524b2107d73365ce0709b59dd8,2026-10-01T23:14:25Z,Columbus Blue Jackets,Buffalo Sabres,h2h,draw,,0.1762,consenso,450.0,unibet_nl,9,
2026-10-02T00:12:17Z,icehockey_nhl,4cfafb524b2107d73365ce0709b59dd8,2026-10-01T23:14:25Z,Columbus Blue Jackets,Buffalo Sabres,totals,over,8.5,0.4955,pinnacle,110.0,tipico_de,11,-106.0
2026-10-02T00:12:17Z,icehockey_nhl,4cfafb524b2107d73365ce0709b59dd8,2026-10-01T23:14:25Z,Columbus Blue Jackets,Buffalo Sabres,totals,under,8.5,0.5045,pinnacle,-110.0,fanatics,11,-110.0
2026-10-02T00:12:17Z,icehockey_nhl,d0da884cccf9d1c73f498109c9ccbfa5,2026-10-01T23:17:58Z,New York Rangers,Tampa Bay Lightning,h2h,home,,0.6949,consenso,-278.0,unibet_nl,9,
2026-10-02T00:12:17Z,icehockey_nhl,d0da884cccf9d1c73f498109c9ccbfa5,2026-10-01T23:17:58Z,New York Rangers,Tampa Bay Lightning,h2h,away,,0.1192,consenso,750.0,unibet_nl,9,
2026-10-02T00:12:17Z,icehockey_nhl,d0da884cccf9d1c73f498109c9ccbfa5,2026-10-01T23:17:58Z,New York Rangers,Tampa Bay Lightning,h2h,draw,,0.1859,consenso,420.0,coolbet,9,
2026-10-02T00:12:17Z,icehockey_nhl,d0da884cccf9d1c73f498109c9ccbfa5,2026-10-01T23:17:58Z,New York Rangers,Tampa Bay Lightning,totals,over,6.5,0.4733,consenso,120.0,tipico_de,8,
2026-10-02T00:12:17Z,icehockey_nhl,d0da884cccf9d1c73f498109c9ccbfa5,2026-10-01T23:17:58Z,New York Rangers,Tampa Bay Lightning,totals,under,6.5,0.5267,consenso,-114.0,gtbets,8,
2026-10-02T00:12:17Z,icehockey_nhl,d7ee30a18a428cc3a3f08a82b0c482d4,2026-10-02T00:09:02Z,Nashville Predators,Minnesota Wild,h2h,home,,0.3224,consenso,200.0,unibet_nl,13,
2026-10-02T00:12:17Z,icehockey_nhl,d7ee30a18a428cc3a3f08a82b0c482d4,2026-10-02T00:09:02Z,Nashville Predators,Minnesota Wild,h2h,away,,0.4487,consenso,115.0,onexbet,13,
2026-10-02T00:12:17Z,icehockey_nhl,d7ee30a18a428cc3a3f08a82b0c482d4,2026-10-02T00:09:02Z,Nashville Predators,Minnesota Wild,h2h,draw,,0.2289,consenso,341.0,onexbet,13,
2026-10-02T00:12:17Z,icehockey_nhl,d7ee30a18a428cc3a3f08a82b0c482d4,2026-10-02T00:09:02Z,Nashville Predators,Minnesota Wild,totals,over,5.5,0.5406,consenso,-114.0,gtbets,11,
2026-10-02T00:12:17Z,icehockey_nhl,d7ee30a18a428cc3a3f08a82b0c482d4,2026-10-02T00:09:02Z,Nashville Predators,Minnesota Wild,totals,under,5.5,0.4594,consenso,130.0,williamhill_us,11,
2026-10-02T00:12:17Z,icehockey_nhl,d7ee30a18a428cc3a3f08a82b0c482d4,2026-10-02T00:09:02Z,Nashville Predators,Minnesota Wild,spreads,home,1.5,0.6458,pinnacle,-199.0,pinnacle,19,-199.0
2026-10-02T00:12:17Z,icehockey_nhl,d7ee30a18a428cc3a3f08a82b0c482d4,2026-10-02T00:09:02Z,Nashville Predators,Minnesota Wild,spreads,away,1.5,0.3542,pinnacle,185.0,betsson,19,174.0
2026-10-02T00:12:17Z,icehockey_nhl,d120fca986fb8752c71db9002a8dd1b7,2026-10-02T01:10:00Z,Calgary Flames,Seattle Kraken,h2h,home,,0.3867,consenso,150.0,leovegas_se,13,
2026-10-02T00:12:17Z,icehockey_nhl,d120fca986fb8752c71db9002a8dd1b7,2026-10-02T01:10:00Z,Calgary Flames,Seattle Kraken,h2h,away,,0.3804,consenso,157.0,onexbet,13,
2026-10-02T00:12:17Z,icehockey_nhl,d120fca986fb8752c71db9002a8dd1b7,2026-10-02T01:10:00Z,Calgary Flames,Seattle Kraken,h2h,draw,,0.233,consenso,321.0,onexbet,13,
2026-10-02T00:12:17Z,icehockey_nhl,d120fca986fb8752c71db9002a8dd1b7,2026-10-02T01:10:00Z,Calgary Flames,Seattle Kraken,totals,over,5.5,0.5323,consenso,-119.0,onexbet,10,
2026-10-02T00:12:17Z,icehockey_nhl,d120fca986fb8752c71db9002a8dd1b7,2026-10-02T01:10:00Z,Calgary Flames,Seattle Kraken,totals,under,5.5,0.4677,consenso,105.0,draftkings,10,
2026-10-02T00:12:17Z,icehockey_nhl,d120fca986fb8752c71db9002a8dd1b7,2026-10-02T01:10:00Z,Calgary Flames,Seattle Kraken,spreads,home,1.5,0.7059,consenso,-285.0,betmgm,2,
2026-10-02T00:12:17Z,icehockey_nhl,d120fca986fb8752c71db9002a8dd1b7,2026-10-02T01:10:00Z,Calgary Flames,Seattle Kraken,spreads,away,1.5,0.2941,consenso,235.0,fanduel,20,
2026-10-02T00:12:17Z,icehockey_nhl,4d301bd0ac75067598d134600a80918c,2026-10-02T01:10:00Z,Utah Mammoth,Chicago Blackhawks,h2h,home,,0.5361,consenso,-124.0,onexbet,13,
2026-10-02T00:12:17Z,icehockey_nhl,4d301bd0ac75067598d134600a80918c,2026-10-02T01:10:00Z,Utah Mammoth,Chicago Blackhawks,h2h,away,,0.2496,consenso,310.0,unibet_se,13,
2026-10-02T00:12:17Z,icehockey_nhl,4d301bd0ac75067598d134600a80918c,2026-10-02T01:10:00Z,Utah Mammoth,Chicago Blackhawks,h2h,draw,,0.2142,consenso,357.0,onexbet,13,
2026-10-02T00:12:17Z,icehockey_nhl,4d301bd0ac75067598d134600a80918c,2026-10-02T01:10:00Z,Utah Mammoth,Chicago Blackhawks,totals,over,6.0,0.5138,pinnacle,-111.0,mybookieag,10,-112.0
2026-10-02T00:12:17Z,icehockey_nhl,4d301bd0ac75067598d134600a80918c,2026-10-02T01:10:00Z,Utah Mammoth,Chicago Blackhawks,totals,under,6.0,0.4862,pinnacle,100.0,bovada,10,100.0
2026-10-02T00:12:17Z,icehockey_nhl,fd5a73a467bdf52881aac58d5fb71b58,2026-10-02T02:10:00Z,Vancouver Canucks,Edmonton Oilers,h2h,home,,0.2524,consenso,300.0,unibet_se,13,
2026-10-02T00:12:17Z,icehockey_nhl,fd5a73a467bdf52881aac58d5fb71b58,2026-10-02T02:10:00Z,Vancouver Canucks,Edmonton Oilers,h2h,away,,0.5388,consenso,-125.0,onexbet,13,
2026-10-02T00:12:17Z,icehockey_nhl,fd5a73a467bdf52881aac58d5fb71b58,2026-10-02T02:10:00Z,Vancouver Canucks,Edmonton Oilers,h2h,draw,,0.2088,consenso,367.0,onexbet,13,
2026-10-02T00:12:17Z,icehockey_nhl,fd5a73a467bdf52881aac58d5fb71b58,2026-10-02T02:10:00Z,Vancouver Canucks,Edmonton Oilers,totals,over,6.5,0.526,pinnacle,105.0,coolbet,19,-118.0
2026-10-02T00:12:17Z,icehockey_nhl,fd5a73a467bdf52881aac58d5fb71b58,2026-10-02T02:10:00Z,Vancouver Canucks,Edmonton Oilers,totals,under,6.5,0.474,pinnacle,107.0,bovada,19,105.0
2026-10-02T00:12:17Z,icehockey_nhl,fd5a73a467bdf52881aac58d5fb71b58,2026-10-02T02:10:00Z,Vancouver Canucks,Edmonton Oilers,spreads,home,1.5,0.5437,pinnacle,-127.0,onexbet,21,-127.0
2026-10-02T00:12:17Z,icehockey_nhl,fd5a73a467bdf52881aac58d5fb71b58,2026-10-02T02:10:00Z,Vancouver Canucks,Edmonton Oilers,spreads,away,1.5,0.4563,pinnacle,118.0,fanduel,21,113.0
2026-10-02T00:12:17Z,icehockey_nhl,6b3f5ca8c7e1a314027966d8854d7989,2026-10-02T02:10:00Z,San Jose Sharks,Florida Panthers,h2h,home,,0.322,consenso,201.0,onexbet,13,
2026-10-02T00:12:17Z,icehockey_nhl,6b3f5ca8c7e1a314027966d8854d7989,2026-10-02T02:10:00Z,San Jose Sharks,Florida Panthers,h2h,away,,0.4557,consenso,114.0,unibet_se,13,
2026-10-02T00:12:17Z,icehockey_nhl,6b3f5ca8c7e1a314027966d8854d7989,2026-10-02T02:10:00Z,San Jose Sharks,Florida Panthers,h2h,draw,,0.2224,consenso,339.0,onexbet,13,
2026-10-02T00:12:17Z,icehockey_nhl,6b3f5ca8c7e1a314027966d8854d7989,2026-10-02T02:10:00Z,San Jose Sharks,Florida Panthers,totals,over,6.5,0.5,pinnacle,105.0,tipico_de,18,-106.0
2026-10-02T00:12:17Z,icehockey_nhl,6b3f5ca8c7e1a314027966d8854d7989,2026-10-02T02:10:00Z,San Jose Sharks,Florida Panthers,totals,under,6.5,0.5,pinnacle,-106.0,pinnacle,18,-106.0
2026-10-02T00:12:17Z,icehockey_nhl,6b3f5ca8c7e1a314027966d8854d7989,2026-10-02T02:10:00Z,San Jose Sharks,Florida Panthers,spreads,home,1.5,0.6324,pinnacle,-179.0,betsson,20,-187.0
2026-10-02T00:12:17Z,icehockey_nhl,6b3f5ca8c7e1a314027966d8854d7989,2026-10-02T02:10:00Z,San Jose Sharks,Florida Panthers,spreads,away,1.5,0.3676,pinnacle,170.0,leovegas_se,20,164.0
2026-10-02T00:12:17Z,icehockey_nhl,5b5466f836933f5fb3ed4b9f267cce75,2026-10-02T22:40:00Z,Detroit Red Wings,New York Rangers,h2h,home,,0.4297,consenso,125.0,onexbet,12,
2026-10-02T00:12:17Z,icehockey_nhl,5b5466f836933f5fb3ed4b9f267cce75,2026-10-02T22:40:00Z,Detroit Red Wings,New York Rangers,h2h,away,,0.3431,consenso,183.0,onexbet,12,
2026-10-02T00:12:17Z,icehockey_nhl,5b5466f836933f5fb3ed4b9f267cce75,2026-10-02T22:40:00Z,Detroit Red Wings,New York Rangers,h2h,draw,,0.2273,consenso,326.0,onexbet,12,
2026-10-02T00:12:17Z,icehockey_nhl,5b5466f836933f5fb3ed4b9f267cce75,2026-10-02T22:40:00Z,Detroit Red Wings,New York Rangers,totals,over,5.5,0.5464,consenso,-130.0,draftkings,9,
2026-10-02T00:12:17Z,icehockey_nhl,5b5466f836933f5fb3ed4b9f267cce75,2026-10-02T22:40:00Z,Detroit Red Wings,New York Rangers,totals,under,5.5,0.4536,consenso,116.0,onexbet,9,
2026-10-02T00:12:17Z,icehockey_nhl,dfc3a73fc50d3d1c4b58150c834e2e7d,2026-10-02T23:00:00Z,Carolina Hurricanes,Washington Capitals,h2h,home,,0.4473,consenso,117.0,unibet_se,11,
2026-10-02T00:12:17Z,icehockey_nhl,dfc3a73fc50d3d1c4b58150c834e2e7d,2026-10-02T23:00:00Z,Carolina Hurricanes,Washington Capitals,h2h,away,,0.327,consenso,200.0,unibet_se,11,
2026-10-02T00:12:17Z,icehockey_nhl,dfc3a73fc50d3d1c4b58150c834e2e7d,2026-10-02T23:00:00Z,Carolina Hurricanes,Washington Capitals,h2h,draw,,0.2258,consenso,331.0,onexbet,11,
2026-10-02T00:12:17Z,icehockey_nhl,dfc3a73fc50d3d1c4b58150c834e2e7d,2026-10-02T23:00:00Z,Carolina Hurricanes,Washington Capitals,totals,over,6.5,0.4675,consenso,107.0,betrivers,6,
2026-10-02T00:12:17Z,icehockey_nhl,dfc3a73fc50d3d1c4b58150c834e2e7d,2026-10-02T23:00:00Z,Carolina Hurricanes,Washington Capitals,totals,under,6.5,0.5325,consenso,-119.0,mybookieag,6,
2026-10-02T00:12:17Z,icehockey_nhl,f5a9759e52a784d5fdcc1f3a2fcfc5a2,2026-10-03T00:10:00Z,Winnipeg Jets,Boston Bruins,h2h,home,,0.3903,consenso,148.0,onexbet,12,
2026-10-02T00:12:17Z,icehockey_nhl,f5a9759e52a784d5fdcc1f3a2fcfc5a2,2026-10-03T00:10:00Z,Winnipeg Jets,Boston Bruins,h2h,away,,0.382,consenso,157.0,onexbet,12,
2026-10-02T00:12:17Z,icehockey_nhl,f5a9759e52a784d5fdcc1f3a2fcfc5a2,2026-10-03T00:10:00Z,Winnipeg Jets,Boston Bruins,h2h,draw,,0.2277,consenso,335.0,leovegas_se,12,
2026-10-02T00:12:17Z,icehockey_nhl,f5a9759e52a784d5fdcc1f3a2fcfc5a2,2026-10-03T00:10:00Z,Winnipeg Jets,Boston Bruins,totals,over,5.5,0.5375,consenso,-123.0,onexbet,12,
2026-10-02T00:12:17Z,icehockey_nhl,f5a9759e52a784d5fdcc1f3a2fcfc5a2,2026-10-03T00:10:00Z,Winnipeg Jets,Boston Bruins,totals,under,5.5,0.4625,consenso,110.0,fanatics,12,
2026-10-02T00:12:17Z,icehockey_nhl,f5a9759e52a784d5fdcc1f3a2fcfc5a2,2026-10-03T00:10:00Z,Winnipeg Jets,Boston Bruins,spreads,home,1.5,0.7131,consenso,-295.0,leovegas_se,4,
2026-10-02T00:12:17Z,icehockey_nhl,f5a9759e52a784d5fdcc1f3a2fcfc5a2,2026-10-03T00:10:00Z,Winnipeg Jets,Boston Bruins,spreads,away,1.5,0.2869,consenso,230.0,leovegas_se,12,
2026-10-02T00:12:17Z,icehockey_nhl,797f03124f9bb08624b199c28f621c61,2026-10-03T01:10:00Z,Dallas Stars,St Louis Blues,h2h,home,,0.5102,consenso,-108.0,unibet_se,12,
2026-10-02T00:12:17Z,icehockey_nhl,797f03124f9bb08624b199c28f621c61,2026-10-03T01:10:00Z,Dallas Stars,St Louis Blues,h2h,away,,0.2668,consenso,270.0,tipico_de,12,
2026-10-02T00:12:17Z,icehockey_nhl,797f03124f9bb08624b199c28f621c61,2026-10-03T01:10:00Z,Dallas Stars,St Louis Blues,h2h,draw,,0.223,consenso,340.0,tipico_de,12,
2026-10-02T00:12:17Z,icehockey_nhl,797f03124f9bb08624b199c28f621c61,2026-10-03T01:10:00Z,Dallas Stars,St Louis Blues,totals,over,5.5,0.5468,consenso,-115.0,onexbet,8,
2026-10-02T00:12:17Z,icehockey_nhl,797f03124f9bb08624b199c28f621c61,2026-10-03T01:10:00Z,Dallas Stars,St Louis Blues,totals,under,5.5,0.4532,consenso,115.0,fanatics,8,
2026-10-02T00:12:17Z,icehockey_nhl,bae72d1f63e132b366d199db2807c4df,2026-10-03T02:10:00Z,Vegas Golden Knights,Anaheim Ducks,h2h,home,,0.4901,consenso,-101.0,onexbet,11,
2026-10-02T00:12:17Z,icehockey_nhl,bae72d1f63e132b366d199db2807c4df,2026-10-03T02:10:00Z,Vegas Golden Knights,Anaheim Ducks,h2h,away,,0.2924,consenso,235.0,unibet_se,11,
2026-10-02T00:12:17Z,icehockey_nhl,bae72d1f63e132b366d199db2807c4df,2026-10-03T02:10:00Z,Vegas Golden Knights,Anaheim Ducks,h2h,draw,,0.2175,consenso,346.0,onexbet,11,
2026-10-02T00:12:17Z,icehockey_nhl,bae72d1f63e132b366d199db2807c4df,2026-10-03T02:10:00Z,Vegas Golden Knights,Anaheim Ducks,totals,over,6.5,0.5,consenso,-107.0,betrivers,13,
2026-10-02T00:12:17Z,icehockey_nhl,bae72d1f63e132b366d199db2807c4df,2026-10-03T02:10:00Z,Vegas Golden Knights,Anaheim Ducks,totals,under,6.5,0.5,consenso,-104.0,betonlineag,13,
2026-10-02T00:12:17Z,icehockey_nhl,8d556511643d0c038bff0b7cf4f2b64f,2026-10-03T23:10:00Z,Buffalo Sabres,Chicago Blackhawks,h2h,home,,0.5346,consenso,-124.0,onexbet,7,
2026-10-02T00:12:17Z,icehockey_nhl,8d556511643d0c038bff0b7cf4f2b64f,2026-10-03T23:10:00Z,Buffalo Sabres,Chicago Blackhawks,h2h,away,,0.2504,consenso,290.0,onexbet,7,
2026-10-02T00:12:17Z,icehockey_nhl,8d556511643d0c038bff0b7cf4f2b64f,2026-10-03T23:10:00Z,Buffalo Sabres,Chicago Blackhawks,h2h,draw,,0.2149,consenso,351.0,onexbet,7,
2026-10-02T00:12:17Z,icehockey_nhl,8d556511643d0c038bff0b7cf4f2b64f,2026-10-03T23:10:00Z,Buffalo Sabres,Chicago Blackhawks,totals,over,5.5,0.5526,consenso,-127.0,onexbet,5,
2026-10-02T00:12:17Z,icehockey_nhl,8d556511643d0c038bff0b7cf4f2b64f,2026-10-03T23:10:00Z,Buffalo Sabres,Chicago Blackhawks,totals,under,5.5,0.4474,consenso,117.0,bovada,5,
2026-10-02T00:12:17Z,icehockey_nhl,53b58ae0f99c8172ebee3bd82e7c83a7,2026-10-03T23:10:00Z,Pittsburgh Penguins,Montréal Canadiens,h2h,home,,0.3895,consenso,152.0,onexbet,7,
2026-10-02T00:12:17Z,icehockey_nhl,53b58ae0f99c8172ebee3bd82e7c83a7,2026-10-03T23:10:00Z,Pittsburgh Penguins,Montréal Canadiens,h2h,away,,0.3852,consenso,151.0,onexbet,7,
2026-10-02T00:12:17Z,icehockey_nhl,53b58ae0f99c8172ebee3bd82e7c83a7,2026-10-03T23:10:00Z,Pittsburgh Penguins,Montréal Canadiens,h2h,draw,,0.2253,consenso,326.0,onexbet,7,
2026-10-02T00:12:17Z,icehockey_nhl,53b58ae0f99c8172ebee3bd82e7c83a7,2026-10-03T23:10:00Z,Pittsburgh Penguins,Montréal Canadiens,totals,over,6.5,0.4505,consenso,115.0,gtbets,4,
2026-10-02T00:12:17Z,icehockey_nhl,53b58ae0f99c8172ebee3bd82e7c83a7,2026-10-03T23:10:00Z,Pittsburgh Penguins,Montréal Canadiens,totals,under,6.5,0.5495,consenso,-133.0,bovada,4,
2026-10-02T00:12:17Z,icehockey_nhl,53b58ae0f99c8172ebee3bd82e7c83a7,2026-10-03T23:10:00Z,Pittsburgh Penguins,Montréal Canadiens,spreads,home,1.5,0.7034,consenso,-270.0,bovada,5,
2026-10-02T00:12:17Z,icehockey_nhl,53b58ae0f99c8172ebee3bd82e7c83a7,2026-10-03T23:10:00Z,Pittsburgh Penguins,Montréal Canadiens,spreads,away,1.5,0.2966,consenso,225.0,draftkings,7,
2026-10-02T00:12:17Z,icehockey_nhl,25079431893a620763e5a454d7991922,2026-10-03T23:10:00Z,Tampa Bay Lightning,Washington Capitals,h2h,home,,0.4363,consenso,132.0,onexbet,7,
2026-10-02T00:12:17Z,icehockey_nhl,25079431893a620763e5a454d7991922,2026-10-03T23:10:00Z,Tampa Bay Lightning,Washington Capitals,h2h,away,,0.3436,consenso,177.0,betclic_fr,7,
2026-10-02T00:12:17Z,icehockey_nhl,25079431893a620763e5a454d7991922,2026-10-03T23:10:00Z,Tampa Bay Lightning,Washington Capitals,h2h,draw,,0.2202,consenso,330.0,winamax_de,7,
2026-10-02T00:12:17Z,icehockey_nhl,25079431893a620763e5a454d7991922,2026-10-03T23:10:00Z,Tampa Bay Lightning,Washington Capitals,totals,over,6.5,0.4486,consenso,115.0,bovada,5,
2026-10-02T00:12:17Z,icehockey_nhl,25079431893a620763e5a454d7991922,2026-10-03T23:10:00Z,Tampa Bay Lightning,Washington Capitals,totals,under,6.5,0.5514,consenso,-135.0,draftkings,5,
2026-10-02T00:12:17Z,icehockey_nhl,3e2c8a883cae029144e27e4fca5ae9e8,2026-10-03T23:40:00Z,New York Islanders,New Jersey Devils,h2h,home,,0.3887,consenso,143.0,onexbet,7,
2026-10-02T00:12:17Z,icehockey_nhl,3e2c8a883cae029144e27e4fca5ae9e8,2026-10-03T23:40:00Z,New York Islanders,New Jersey Devils,h2h,away,,0.3861,consenso,160.0,onexbet,7,
2026-10-02T00:12:17Z,icehockey_nhl,3e2c8a883cae029144e27e4fca5ae9e8,2026-10-03T23:40:00Z,New York Islanders,New Jersey Devils,h2h,draw,,0.2252,consenso,326.0,onexbet,7,
2026-10-02T00:12:17Z,icehockey_nhl,3e2c8a883cae029144e27e4fca5ae9e8,2026-10-03T23:40:00Z,New York Islanders,New Jersey Devils,totals,over,5.5,0.5471,consenso,-128.0,bovada,4,
2026-10-02T00:12:17Z,icehockey_nhl,3e2c8a883cae029144e27e4fca5ae9e8,2026-10-03T23:40:00Z,New York Islanders,New Jersey Devils,totals,under,5.5,0.4529,consenso,116.0,onexbet,4,
2026-10-02T00:12:17Z,icehockey_nhl,3e2c8a883cae029144e27e4fca5ae9e8,2026-10-03T23:40:00Z,New York Islanders,New Jersey Devils,spreads,home,1.5,0.7095,consenso,-285.0,betmgm,1,
2026-10-02T00:12:17Z,icehockey_nhl,3e2c8a883cae029144e27e4fca5ae9e8,2026-10-03T23:40:00Z,New York Islanders,New Jersey Devils,spreads,away,1.5,0.2905,consenso,230.0,betmgm,7,
2026-10-02T00:12:17Z,icehockey_nhl,3a9af73961ea2f2322255a6fca4d421e,2026-10-04T00:10:00Z,Minnesota Wild,Boston Bruins,h2h,home,,0.4877,consenso,-100.0,onexbet,7,
2026-10-02T00:12:17Z,icehockey_nhl,3a9af73961ea2f2322255a6fca4d421e,2026-10-04T00:10:00Z,Minnesota Wild,Boston Bruins,h2h,away,,0.2922,consenso,233.0,onexbet,7,
2026-10-02T00:12:17Z,icehockey_nhl,3a9af73961ea2f2322255a6fca4d421e,2026-10-04T00:10:00Z,Minnesota Wild,Boston Bruins,h2h,draw,,0.2201,consenso,336.0,onexbet,7,
2026-10-02T00:12:17Z,icehockey_nhl,3a9af73961ea2f2322255a6fca4d421e,2026-10-04T00:10:00Z,Minnesota Wild,Boston Bruins,totals,over,5.5,0.5427,consenso,-127.0,onexbet,6,
2026-10-02T00:12:17Z,icehockey_nhl,3a9af73961ea2f2322255a6fca4d421e,2026-10-04T00:10:00Z,Minnesota Wild,Boston Bruins,totals,under,5.5,0.4573,consenso,112.0,onexbet,6,
2026-10-02T00:12:17Z,americanfootball_nfl,d55cb69fed50a09170560b5b75d8de86,2026-10-02T00:18:00Z,Cleveland Browns,Pittsburgh Steelers,h2h,home,,0.4077,pinnacle,145.0,bovada,26,139.0
2026-10-02T00:12:17Z,americanfootball_nfl,d55cb69fed50a09170560b5b75d8de86,2026-10-02T00:18:00Z,Cleveland Browns,Pittsburgh Steelers,h2h,away,,0.5923,pinnacle,-143.0,coolbet,26,-155.0
2026-10-02T00:12:17Z,americanfootball_nfl,d55cb69fed50a09170560b5b75d8de86,2026-10-02T00:18:00Z,Cleveland Browns,Pittsburgh Steelers,totals,over,38.0,0.5092,pinnacle,-107.0,lowvig,12,-110.0
2026-10-02T00:12:17Z,americanfootball_nfl,d55cb69fed50a09170560b5b75d8de86,2026-10-02T00:18:00Z,Cleveland Browns,Pittsburgh Steelers,totals,under,38.0,0.4908,pinnacle,-102.0,pinnacle,12,-102.0
2026-10-02T00:12:17Z,americanfootball_nfl,d55cb69fed50a09170560b5b75d8de86,2026-10-02T00:18:00Z,Cleveland Browns,Pittsburgh Steelers,spreads,home,3.0,0.5093,pinnacle,-105.0,lowvig,15,-109.0
2026-10-02T00:12:17Z,americanfootball_nfl,d55cb69fed50a09170560b5b75d8de86,2026-10-02T00:18:00Z,Cleveland Browns,Pittsburgh Steelers,spreads,away,3.0,0.4907,pinnacle,100.0,betanysports,15,-101.0
2026-10-02T00:12:17Z,americanfootball_ncaaf,b0998b3474fea9dee080784b8da01048,2026-10-02T00:00:00Z,New Mexico State Aggies,Western Kentucky Hilltoppers,h2h,home,,0.526,pinnacle,103.0,coolbet,22,-118.0
2026-10-02T00:12:17Z,americanfootball_ncaaf,b0998b3474fea9dee080784b8da01048,2026-10-02T00:00:00Z,New Mexico State Aggies,Western Kentucky Hilltoppers,h2h,away,,0.474,pinnacle,110.0,betonlineag,22,105.0
2026-10-02T00:12:17Z,americanfootball_ncaaf,b0998b3474fea9dee080784b8da01048,2026-10-02T00:00:00Z,New Mexico State Aggies,Western Kentucky Hilltoppers,totals,over,53.5,0.5,consenso,-110.0,fanatics,5,
2026-10-02T00:12:17Z,americanfootball_ncaaf,b0998b3474fea9dee080784b8da01048,2026-10-02T00:00:00Z,New Mexico State Aggies,Western Kentucky Hilltoppers,totals,under,53.5,0.5,consenso,-108.0,betmgm,5,
2026-10-02T00:12:17Z,americanfootball_ncaaf,b0998b3474fea9dee080784b8da01048,2026-10-02T00:00:00Z,New Mexico State Aggies,Western Kentucky Hilltoppers,spreads,home,2.5,0.4897,consenso,100.0,fanduel,9,
2026-10-02T00:12:17Z,americanfootball_ncaaf,b0998b3474fea9dee080784b8da01048,2026-10-02T00:00:00Z,New Mexico State Aggies,Western Kentucky Hilltoppers,spreads,away,2.5,0.5103,consenso,-109.0,coolbet,11,
2026-10-02T00:12:17Z,americanfootball_ncaaf,3c64f3dd8efd756a90f09303e5517006,2026-10-02T01:00:00Z,Tulsa Golden Hurricane,North Texas Mean Green,h2h,home,,0.4361,pinnacle,127.0,betanysports,23,123.0
2026-10-02T00:12:17Z,americanfootball_ncaaf,3c64f3dd8efd756a90f09303e5517006,2026-10-02T01:00:00Z,Tulsa Golden Hurricane,North Texas Mean Green,h2h,away,,0.5639,pinnacle,-138.0,pinnacle,23,-138.0
2026-10-02T00:12:17Z,americanfootball_ncaaf,3c64f3dd8efd756a90f09303e5517006,2026-10-02T01:00:00Z,Tulsa Golden Hurricane,North Texas Mean Green,totals,over,56.5,0.4911,pinnacle,-104.0,pinnacle,12,-104.0
2026-10-02T00:12:17Z,americanfootball_ncaaf,3c64f3dd8efd756a90f09303e5517006,2026-10-02T01:00:00Z,Tulsa Golden Hurricane,North Texas Mean Green,totals,under,56.5,0.5089,pinnacle,-104.0,fanduel,12,-112.0
2026-10-02T00:12:17Z,americanfootball_ncaaf,3c64f3dd8efd756a90f09303e5517006,2026-10-02T01:00:00Z,Tulsa Golden Hurricane,North Texas Mean Green,spreads,home,2.5,0.4867,consenso,106.0,lowvig,12,
2026-10-02T00:12:17Z,americanfootball_ncaaf,3c64f3dd8efd756a90f09303e5517006,2026-10-02T01:00:00Z,Tulsa Golden Hurricane,North Texas Mean Green,spreads,away,2.5,0.5133,consenso,-114.0,gtbets,12,
2026-10-02T00:12:17Z,americanfootball_ncaaf,a39f3695781e9b2f76011e921d63b124,2026-10-02T23:00:00Z,Delaware Blue Hens,Liberty Flames,h2h,home,,0.3033,pinnacle,220.0,draftkings,20,217.0
2026-10-02T00:12:17Z,americanfootball_ncaaf,a39f3695781e9b2f76011e921d63b124,2026-10-02T23:00:00Z,Delaware Blue Hens,Liberty Flames,h2h,away,,0.6967,pinnacle,-250.0,marathonbet,20,-263.0
2026-10-02T00:12:17Z,americanfootball_ncaaf,a39f3695781e9b2f76011e921d63b124,2026-10-02T23:00:00Z,Delaware Blue Hens,Liberty Flames,totals,over,50.0,0.4967,pinnacle,-106.0,lowvig,12,-107.0
2026-10-02T00:12:17Z,americanfootball_ncaaf,a39f3695781e9b2f76011e921d63b124,2026-10-02T23:00:00Z,Delaware Blue Hens,Liberty Flames,totals,under,50.0,0.5033,pinnacle,-109.0,gtbets,12,-110.0
2026-10-02T00:12:17Z,americanfootball_ncaaf,e61c74f0e28b46ad83270a6234b425f4,2026-10-02T23:00:00Z,Virginia Tech Hokies,Pittsburgh Panthers,h2h,home,,0.5643,pinnacle,-135.0,gtbets,23,-140.0
2026-10-02T00:12:17Z,americanfootball_ncaaf,e61c74f0e28b46ad83270a6234b425f4,2026-10-02T23:00:00Z,Virginia Tech Hokies,Pittsburgh Panthers,h2h,away,,0.4357,pinnacle,122.0,fanduel,23,122.0
2026-10-02T00:12:17Z,americanfootball_ncaaf,e61c74f0e28b46ad83270a6234b425f4,2026-10-02T23:00:00Z,Virginia Tech Hokies,Pittsburgh Panthers,totals,over,54.5,0.5,pinnacle,-108.0,lowvig,14,-108.0
2026-10-02T00:12:17Z,americanfootball_ncaaf,e61c74f0e28b46ad83270a6234b425f4,2026-10-02T23:00:00Z,Virginia Tech Hokies,Pittsburgh Panthers,totals,under,54.5,0.5,pinnacle,-104.0,fanduel,14,-108.0
2026-10-02T00:12:17Z,americanfootball_ncaaf,0469a451e58ca81723a7760d4bede173,2026-10-03T00:00:00Z,Northwestern Wildcats,Penn State Nittany Lions,h2h,home,,0.435,pinnacle,125.0,gtbets,23,122.0
2026-10-02T00:12:17Z,americanfootball_ncaaf,0469a451e58ca81723a7760d4bede173,2026-10-03T00:00:00Z,Northwestern Wildcats,Penn State Nittany Lions,h2h,away,,0.565,pinnacle,-140.0,bovada,23,-141.0
2026-10-02T00:12:17Z,americanfootball_ncaaf,0469a451e58ca81723a7760d4bede173,2026-10-03T00:00:00Z,Northwestern Wildcats,Penn State Nittany Lions,totals,over,45.5,0.5022,pinnacle,-109.0,gtbets,18,-109.0
2026-10-02T00:12:17Z,americanfootball_ncaaf,0469a451e58ca81723a7760d4bede173,2026-10-03T00:00:00Z,Northwestern Wildcats,Penn State Nittany Lions,totals,under,45.5,0.4978,pinnacle,-107.0,pinnacle,18,-107.0
2026-10-02T00:12:17Z,americanfootball_ncaaf,0469a451e58ca81723a7760d4bede173,2026-10-03T00:00:00Z,Northwestern Wildcats,Penn State Nittany Lions,spreads,home,3.0,0.5169,pinnacle,-115.0,fanatics,15,-115.0
2026-10-02T00:12:17Z,americanfootball_ncaaf,0469a451e58ca81723a7760d4bede173,2026-10-03T00:00:00Z,Northwestern Wildcats,Penn State Nittany Lions,spreads,away,3.0,0.4831,pinnacle,101.0,gtbets,15,100.0
2026-10-02T00:12:17Z,americanfootball_ncaaf,9b2bcb758c7d7f4cb25d5102e4e9068e,2026-10-03T15:00:00Z,Charlotte 49ers,Memphis Tigers,h2h,home,,0.1082,pinnacle,890.0,fanduel,20,786.0
2026-10-02T00:12:17Z,americanfootball_ncaaf,9b2bcb758c7d7f4cb25d5102e4e9068e,2026-10-03T15:00:00Z,Charlotte 49ers,Memphis Tigers,h2h,away,,0.8918,pinnacle,-1331.0,pinnacle,20,-1331.0
2026-10-02T00:12:17Z,americanfootball_ncaaf,9b2bcb758c7d7f4cb25d5102e4e9068e,2026-10-03T15:00:00Z,Charlotte 49ers,Memphis Tigers,totals,over,52.5,0.4926,consenso,-105.0,fanatics,11,
2026-10-02T00:12:17Z,americanfootball_ncaaf,9b2bcb758c7d7f4cb25d5102e4e9068e,2026-10-03T15:00:00Z,Charlotte 49ers,Memphis Tigers,totals,under,52.5,0.5074,consenso,-105.0,onexbet,11,
2026-10-02T00:12:17Z,americanfootball_ncaaf,4fcb5b7ec04cad7acc5d048bdd24be4c,2026-10-03T16:00:00Z,Air Force Falcons,Navy Midshipmen,h2h,home,,0.599,pinnacle,-155.0,lowvig,23,-163.0
2026-10-02T00:12:17Z,americanfootball_ncaaf,4fcb5b7ec04cad7acc5d048bdd24be4c,2026-10-03T16:00:00Z,Air Force Falcons,Navy Midshipmen,h2h,away,,0.401,pinnacle,146.0,mybookieag,23,141.0
2026-10-02T00:12:17Z,americanfootball_ncaaf,4fcb5b7ec04cad7acc5d048bdd24be4c,2026-10-03T16:00:00Z,Air Force Falcons,Navy Midshipmen,totals,over,46.0,0.5,consenso,-108.0,lowvig,9,
2026-10-02T00:12:17Z,americanfootball_ncaaf,4fcb5b7ec04cad7acc5d048bdd24be4c,2026-10-03T16:00:00Z,Air Force Falcons,Navy Midshipmen,totals,under,46.0,0.5,consenso,-108.0,lowvig,9,
2026-10-02T00:12:17Z,americanfootball_ncaaf,6b22daf46195be6b3748584efe89dac1,2026-10-03T16:00:00Z,Mississippi State Bulldogs,Alabama Crimson Tide,h2h,home,,0.3368,pinnacle,189.0,betonlineag,23,186.0
2026-10-02T00:12:17Z,americanfootball_ncaaf,6b22daf46195be6b3748584efe89dac1,2026-10-03T16:00:00Z,Mississippi State Bulldogs,Alabama Crimson Tide,h2h,away,,0.6632,pinnacle,-210.0,fanduel,23,-221.0
2026-10-02T00:12:17Z,americanfootball_ncaaf,6b22daf46195be6b3748584efe89dac1,2026-10-03T16:00:00Z,Mississippi State Bulldogs,Alabama Crimson Tide,totals,over,60.5,0.4973,consenso,-103.0,lowvig,14,
2026-10-02T00:12:17Z,americanfootball_ncaaf,6b22daf46195be6b3748584efe89dac1,2026-10-03T16:00:00Z,Mississippi State Bulldogs,Alabama Crimson Tide,totals,under,60.5,0.5027,consenso,-109.0,gtbets,14,
2026-10-02T00:12:17Z,americanfootball_ncaaf,36357c80707ce0c3a645afe495b28bbd,2026-10-03T16:00:00Z,SMU Mustangs,Boston College Eagles,h2h,home,,0.9018,pinnacle,-1557.0,pinnacle,22,-1557.0
2026-10-02T00:12:17Z,americanfootball_ncaaf,36357c80707ce0c3a645afe495b28bbd,2026-10-03T16:00:00Z,SMU Mustangs,Boston College Eagles,h2h,away,,0.0982,pinnacle,980.0,fanduel,22,877.0
2026-10-02T00:12:17Z,americanfootball_ncaaf,36357c80707ce0c3a645afe495b28bbd,2026-10-03T16:00:00Z,SMU Mustangs,Boston College Eagles,totals,over,55.5,0.4955,pinnacle,-102.0,draftkings,13,-106.0
2026-10-02T00:12:17Z,americanfootball_ncaaf,36357c80707ce0c3a645afe495b28bbd,2026-10-03T16:00:00Z,SMU Mustangs,Boston College Eagles,totals,under,55.5,0.5045,pinnacle,-110.0,bovada,13,-110.0
2026-10-02T00:12:17Z,americanfootball_ncaaf,36357c80707ce0c3a645afe495b28bbd,2026-10-03T16:00:00Z,SMU Mustangs,Boston College Eagles,spreads,home,-21.5,0.4892,consenso,-101.0,lowvig,12,
2026-10-02T00:12:17Z,americanfootball_ncaaf,36357c80707ce0c3a645afe495b28bbd,2026-10-03T16:00:00Z,SMU Mustangs,Boston College Eagles,spreads,away,-21.5,0.5108,consenso,-110.0,betanysports,12,
2026-10-02T00:12:17Z,americanfootball_ncaaf,11c2108f1d7c8fb56c8a6c7fcd9b62bf,2026-10-03T16:00:00Z,Houston Cougars,UCF Knights,h2h,home,,0.7846,pinnacle,-370.0,marathonbet,22,-451.0
2026-10-02T00:12:17Z,americanfootball_ncaaf,11c2108f1d7c8fb56c8a6c7fcd9b62bf,2026-10-03T16:00:00Z,Houston Cougars,UCF Knights,h2h,away,,0.2154,pinnacle,360.0,mybookieag,22,345.0
2026-10-02T00:12:17Z,americanfootball_ncaaf,11c2108f1d7c8fb56c8a6c7fcd9b62bf,2026-10-03T16:00:00Z,Houston Cougars,UCF Knights,totals,over,51.5,0.4892,consenso,-102.0,draftkings,11,
2026-10-02T00:12:17Z,americanfootball_ncaaf,11c2108f1d7c8fb56c8a6c7fcd9b62bf,2026-10-03T16:00:00Z,Houston Cougars,UCF Knights,totals,under,51.5,0.5108,consenso,-112.0,unibet_nl,11,
2026-10-02T00:12:17Z,americanfootball_ncaaf,7bdd5ae18979fa3af61625a21d757987,2026-10-03T16:00:00Z,Iowa State Cyclones,West Virginia Mountaineers,h2h,home,,0.5888,pinnacle,-152.0,fanduel,22,-156.0
2026-10-02T00:12:17Z,americanfootball_ncaaf,7bdd5ae18979fa3af61625a21d757987,2026-10-03T16:00:00Z,Iowa State Cyclones,West Virginia Mountaineers,h2h,away,,0.4112,pinnacle,138.0,unibet_se,22,135.0
2026-10-02T00:12:17Z,americanfootball_ncaaf,7bdd5ae18979fa3af61625a21d757987,2026-10-03T16:00:00Z,Iowa State Cyclones,West Virginia Mountaineers,totals,over,53.0,0.5045,pinnacle,-103.0,lowvig,11,-110.0
2026-10-02T00:12:17Z,americanfootball_ncaaf,7bdd5ae18979fa3af61625a21d757987,2026-10-03T16:00:00Z,Iowa State Cyclones,West Virginia Mountaineers,totals,under,53.0,0.4955,pinnacle,-106.0,pinnacle,11,-106.0
2026-10-02T00:12:17Z,americanfootball_ncaaf,38e6b42c07f8da2e57e0b4dd09d6174c,2026-10-03T16:00:00Z,Kansas Jayhawks,Middle Tennessee Blue Raiders,h2h,home,,0.8907,pinnacle,-1200.0,fanduel,22,-1309.0
2026-10-02T00:12:17Z,americanfootball_ncaaf,38e6b42c07f8da2e57e0b4dd09d6174c,2026-10-03T16:00:00Z,Kansas Jayhawks,Middle Tennessee Blue Raiders,h2h,away,,0.1093,pinnacle,874.0,betonlineag,22,777.0
2026-10-02T00:12:17Z,americanfootball_ncaaf,38e6b42c07f8da2e57e0b4dd09d6174c,2026-10-03T16:00:00Z,Kansas Jayhawks,Middle Tennessee Blue Raiders,totals,over,50.5,0.5,consenso,-105.0,bovada,15,
2026-10-02T00:12:17Z,americanfootball_ncaaf,38e6b42c07f8da2e57e0b4dd09d6174c,2026-10-03T16:00:00Z,Kansas Jayhawks,Middle Tennessee Blue Raiders,totals,under,50.5,0.5,consenso,-103.0,lowvig,15,
2026-10-02T00:12:17Z,americanfootball_ncaaf,a2f01448219e39fd44e3d98ea5c7f482,2026-10-03T16:00:00Z,Minnesota Golden Gophers,Michigan Wolverines,h2h,home,,0.3368,pinnacle,189.0,mybookieag,22,186.0
2026-10-02T00:12:17Z,americanfootball_ncaaf,a2f01448219e39fd44e3d98ea5c7f482,2026-10-03T16:00:00Z,Minnesota Golden Gophers,Michigan Wolverines,h2h,away,,0.6632,pinnacle,-210.0,betus,22,-221.0
2026-10-02T00:12:17Z,americanfootball_ncaaf,a2f01448219e39fd44e3d98ea5c7f482,2026-10-03T16:00:00Z,Minnesota Golden Gophers,Michigan Wolverines,totals,over,43.0,0.5077,pinnacle,-108.0,lowvig,12,-112.0
2026-10-02T00:12:17Z,americanfootball_ncaaf,a2f01448219e39fd44e3d98ea5c7f482,2026-10-03T16:00:00Z,Minnesota Golden Gophers,Michigan Wolverines,totals,under,43.0,0.4923,pinnacle,-105.0,bovada,12,-105.0
2026-10-02T00:12:17Z,americanfootball_ncaaf,a2f01448219e39fd44e3d98ea5c7f482,2026-10-03T16:00:00Z,Minnesota Golden Gophers,Michigan Wolverines,spreads,home,5.5,0.5,consenso,-106.0,lowvig,18,
2026-10-02T00:12:17Z,americanfootball_ncaaf,a2f01448219e39fd44e3d98ea5c7f482,2026-10-03T16:00:00Z,Minnesota Golden Gophers,Michigan Wolverines,spreads,away,5.5,0.5,consenso,-106.0,lowvig,18,
2026-10-02T00:12:17Z,americanfootball_ncaaf,2b8db5053d533b488c0d76f49382d219,2026-10-03T16:00:00Z,North Carolina Tar Heels,Notre Dame Fighting Irish,h2h,home,,0.094,pinnacle,1005.0,gtbets,23,922.0
2026-10-02T00:12:17Z,americanfootball_ncaaf,2b8db5053d533b488c0d76f49382d219,2026-10-03T16:00:00Z,North Carolina Tar Heels,Notre Dame Fighting Irish,h2h,away,,0.906,pinnacle,-1672.0,pinnacle,23,-1672.0
2026-10-02T00:12:17Z,americanfootball_ncaaf,2b8db5053d533b488c0d76f49382d219,2026-10-03T16:00:00Z,North Carolina Tar Heels,Notre Dame Fighting Irish,totals,over,46.5,0.4933,pinnacle,-105.0,bovada,13,-105.0
2026-10-02T00:12:17Z,americanfootball_ncaaf,2b8db5053d533b488c0d76f49382d219,2026-10-03T16:00:00Z,North Carolina Tar Heels,Notre Dame Fighting Irish,totals,under,46.5,0.5067,pinnacle,-105.0,onexbet,13,-111.0
2026-10-02T00:12:17Z,americanfootball_ncaaf,8ef32c906348e926ca0fabcc25635c11,2026-10-03T16:00:00Z,Wake Forest Demon Deacons,Stanford Cardinal,h2h,home,,0.82,pinnacle,-588.0,betsson,22,-597.0
2026-10-02T00:12:17Z,americanfootball_ncaaf,8ef32c906348e926ca0fabcc25635c11,2026-10-03T16:00:00Z,Wake Forest Demon Deacons,Stanford Cardinal,h2h,away,,0.18,pinnacle,460.0,betrivers,22,432.0
2026-10-02T00:12:17Z,americanfootball_ncaaf,8ef32c906348e926ca0fabcc25635c11,2026-10-03T16:00:00Z,Wake Forest Demon Deacons,Stanford Cardinal,totals,over,53.5,0.5089,pinnacle,-108.0,lowvig,19,-112.0
2026-10-02T00:12:17Z,americanfootball_ncaaf,8ef32c906348e926ca0fabcc25635c11,2026-10-03T16:00:00Z,Wake Forest Demon Deacons,Stanford Cardinal,totals,under,53.5,0.4911,pinnacle,-104.0,pinnacle,19,-104.0
2026-10-02T00:12:17Z,americanfootball_ncaaf,8ef32c906348e926ca0fabcc25635c11,2026-10-03T16:00:00Z,Wake Forest Demon Deacons,Stanford Cardinal,spreads,home,-14.0,0.5021,consenso,-105.0,bovada,16,
2026-10-02T00:12:17Z,americanfootball_ncaaf,8ef32c906348e926ca0fabcc25635c11,2026-10-03T16:00:00Z,Wake Forest Demon Deacons,Stanford Cardinal,spreads,away,-14.0,0.4979,consenso,-103.0,lowvig,16,
2026-10-02T00:12:17Z,americanfootball_ncaaf,94769faaa7a5aba0474291fc9c2d3d6d,2026-10-03T16:00:00Z,UConn Huskies,Syracuse Orange,h2h,home,,0.3005,pinnacle,225.0,unibet_nl,21,220.0
2026-10-02T00:12:17Z,americanfootball_ncaaf,94769faaa7a5aba0474291fc9c2d3d6d,2026-10-03T16:00:00Z,UConn Huskies,Syracuse Orange,h2h,away,,0.6995,pinnacle,-233.0,marathonbet,21,-267.0
2026-10-02T00:12:17Z,americanfootball_ncaaf,94769faaa7a5aba0474291fc9c2d3d6d,2026-10-03T16:00:00Z,UConn Huskies,Syracuse Orange,totals,over,50.5,0.5,consenso,-108.0,draftkings,16,
2026-10-02T00:12:17Z,americanfootball_ncaaf,94769faaa7a5aba0474291fc9c2d3d6d,2026-10-03T16:00:00Z,UConn Huskies,Syracuse Orange,totals,under,50.5,0.5,consenso,-109.0,gtbets,16,
2026-10-02T00:12:17Z,americanfootball_ncaaf,575f5abb1af3a81091ac5a1cf1f5f927,2026-10-03T16:30:00Z,Wisconsin Badgers,Michigan State Spartans,h2h,home,,0.7627,pinnacle,-357.0,marathonbet,22,-389.0
2026-10-02T00:12:17Z,americanfootball_ncaaf,575f5abb1af3a81091ac5a1cf1f5f927,2026-10-03T16:30:00Z,Wisconsin Badgers,Michigan State Spartans,h2h,away,,0.2373,pinnacle,320.0,fanduel,22,304.0
2026-10-02T00:12:17Z,americanfootball_ncaaf,575f5abb1af3a81091ac5a1cf1f5f927,2026-10-03T16:30:00Z,Wisconsin Badgers,Michigan State Spartans,totals,over,43.5,0.4933,pinnacle,-105.0,pinnacle,19,-105.0
2026-10-02T00:12:17Z,americanfootball_ncaaf,575f5abb1af3a81091ac5a1cf1f5f927,2026-10-03T16:30:00Z,Wisconsin Badgers,Michigan State Spartans,totals,under,43.5,0.5067,pinnacle,-108.0,lowvig,19,-111.0
2026-10-02T00:12:17Z,americanfootball_ncaaf,46e1be6476ed577d1b5194b46b27c643,2026-10-03T16:45:00Z,Georgia Bulldogs,Vanderbilt Commodores,h2h,home,,0.9322,pinnacle,-2800.0,draftkings,19,-2889.0
2026-10-02T00:12:17Z,americanfootball_ncaaf,46e1be6476ed577d1b5194b46b27c643,2026-10-03T16:45:00Z,Georgia Bulldogs,Vanderbilt Commodores,h2h,away,,0.0678,pinnacle,1400.0,fanduel,19,1322.0
2026-10-02T00:12:17Z,americanfootball_ncaaf,46e1be6476ed577d1b5194b46b27c643,2026-10-03T16:45:00Z,Georgia Bulldogs,Vanderbilt Commodores,totals,over,50.5,0.5045,pinnacle,-108.0,lowvig,16,-110.0
2026-10-02T00:12:17Z,americanfootball_ncaaf,46e1be6476ed577d1b5194b46b27c643,2026-10-03T16:45:00Z,Georgia Bulldogs,Vanderbilt Commodores,totals,under,50.5,0.4955,pinnacle,-104.0,williamhill_us,16,-106.0
2026-10-02T00:12:17Z,americanfootball_ncaaf,46e1be6476ed577d1b5194b46b27c643,2026-10-03T16:45:00Z,Georgia Bulldogs,Vanderbilt Commodores,spreads,home,-25.0,0.5023,pinnacle,-108.0,pinnacle,12,-108.0
2026-10-02T00:12:17Z,americanfootball_ncaaf,46e1be6476ed577d1b5194b46b27c643,2026-10-03T16:45:00Z,Georgia Bulldogs,Vanderbilt Commodores,spreads,away,-25.0,0.4977,pinnacle,-101.0,lowvig,12,-106.0
2026-10-02T00:12:17Z,americanfootball_ncaaf,031ad65ec032d459cda2cee30378e4a4,2026-10-03T17:00:00Z,Buffalo Bulls,Western Michigan Broncos,h2h,home,,0.1747,pinnacle,470.0,fanduel,21,448.0
2026-10-02T00:12:17Z,americanfootball_ncaaf,031ad65ec032d459cda2cee30378e4a4,2026-10-03T17:00:00Z,Buffalo Bulls,Western Michigan Broncos,h2h,away,,0.8253,pinnacle,-600.0,draftkings,21,-626.0
2026-10-02T00:12:17Z,americanfootball_ncaaf,031ad65ec032d459cda2cee30378e4a4,2026-10-03T17:00:00Z,Buffalo Bulls,Western Michigan Broncos,totals,over,46.5,0.5,consenso,-105.0,fanduel,8,
2026-10-02T00:12:17Z,americanfootball_ncaaf,031ad65ec032d459cda2cee30378e4a4,2026-10-03T17:00:00Z,Buffalo Bulls,Western Michigan Broncos,totals,under,46.5,0.5,consenso,-106.0,unibet_nl,8,
2026-10-02T00:12:17Z,americanfootball_ncaaf,031ad65ec032d459cda2cee30378e4a4,2026-10-03T17:00:00Z,Buffalo Bulls,Western Michigan Broncos,spreads,home,14.0,0.5,consenso,-105.0,betonlineag,11,
2026-10-02T00:12:17Z,americanfootball_ncaaf,031ad65ec032d459cda2cee30378e4a4,2026-10-03T17:00:00Z,Buffalo Bulls,Western Michigan Broncos,spreads,away,14.0,0.5,consenso,-105.0,bovada,11,
2026-10-02T00:12:17Z,americanfootball_ncaaf,c3437a49d4efdbca5669e7edfb5af569,2026-10-03T18:00:00Z,Ball State Cardinals,Toledo Rockets,h2h,home,,0.1058,pinnacle,874.0,betonlineag,21,806.0
2026-10-02T00:12:17Z,americanfootball_ncaaf,c3437a49d4efdbca5669e7edfb5af569,2026-10-03T18:00:00Z,Ball State Cardinals,Toledo Rockets,h2h,away,,0.8942,pinnacle,-1200.0,betmgm,21,-1380.0
2026-10-02T00:12:17Z,americanfootball_ncaaf,c3437a49d4efdbca5669e7edfb5af569,2026-10-03T18:00:00Z,Ball State Cardinals,Toledo Rockets,totals,over,52.5,0.4957,consenso,-104.0,gtbets,9,
2026-10-02T00:12:17Z,americanfootball_ncaaf,c3437a49d4efdbca5669e7edfb5af569,2026-10-03T18:00:00Z,Ball State Cardinals,Toledo Rockets,totals,under,52.5,0.5043,consenso,-110.0,fanatics,9,
2026-10-02T00:12:17Z,americanfootball_ncaaf,afbc95d529430ef9797b428b2a9db1ab,2026-10-03T19:30:00Z,Central Michigan Chippewas,Akron Zips,h2h,home,,0.6822,pinnacle,-235.0,betmgm,19,-243.0
2026-10-02T00:12:17Z,americanfootball_ncaaf,afbc95d529430ef9797b428b2a9db1ab,2026-10-03T19:30:00Z,Central Michigan Chippewas,Akron Zips,h2h,away,,0.3178,pinnacle,210.0,fanatics,19,203.0
2026-10-02T00:12:17Z,americanfootball_ncaaf,afbc95d529430ef9797b428b2a9db1ab,2026-10-03T19:30:00Z,Central Michigan Chippewas,Akron Zips,totals,over,47.0,0.5,pinnacle,-108.0,lowvig,11,-108.0
2026-10-02T00:12:17Z,americanfootball_ncaaf,afbc95d529430ef9797b428b2a9db1ab,2026-10-03T19:30:00Z,Central Michigan Chippewas,Akron Zips,totals,under,47.0,0.5,pinnacle,-108.0,lowvig,11,-108.0
2026-10-02T00:12:17Z,americanfootball_ncaaf,afbc95d529430ef9797b428b2a9db1ab,2026-10-03T19:30:00Z,Central Michigan Chippewas,Akron Zips,spreads,home,-6.5,0.5023,pinnacle,-108.0,pinnacle,19,-108.0
2026-10-02T00:12:17Z,americanfootball_ncaaf,afbc95d529430ef9797b428b2a9db1ab,2026-10-03T19:30:00Z,Central Michigan Chippewas,Akron Zips,spreads,away,-6.5,0.4977,pinnacle,100.0,lowvig,19,-106.0
2026-10-02T00:12:17Z,americanfootball_ncaaf,f2defdeeb6cb3aa4a86b01a7a5b1ece4,2026-10-03T19:30:00Z,Tennessee Volunteers,Auburn Tigers,h2h,home,,0.712,pinnacle,-275.0,williamhill_us,20,-285.0
2026-10-02T00:12:17Z,americanfootball_ncaaf,f2defdeeb6cb3aa4a86b01a7a5b1ece4,2026-10-03T19:30:00Z,Tennessee Volunteers,Auburn Tigers,h2h,away,,0.288,pinnacle,240.0,everygame,20,234.0
2026-10-02T00:12:17Z,americanfootball_ncaaf,f2defdeeb6cb3aa4a86b01a7a5b1ece4,2026-10-03T19:30:00Z,Tennessee Volunteers,Auburn Tigers,totals,over,54.0,0.5,consenso,-108.0,lowvig,10,
2026-10-02T00:12:17Z,americanfootball_ncaaf,f2defdeeb6cb3aa4a86b01a7a5b1ece4,2026-10-03T19:30:00Z,Tennessee Volunteers,Auburn Tigers,totals,under,54.0,0.5,consenso,-108.0,lowvig,10,
2026-10-02T00:12:17Z,americanfootball_ncaaf,f2defdeeb6cb3aa4a86b01a7a5b1ece4,2026-10-03T19:30:00Z,Tennessee Volunteers,Auburn Tigers,spreads,home,-7.0,0.5045,pinnacle,-107.0,lowvig,18,-109.0
2026-10-02T00:12:17Z,americanfootball_ncaaf,f2defdeeb6cb3aa4a86b01a7a5b1ece4,2026-10-03T19:30:00Z,Tennessee Volunteers,Auburn Tigers,spreads,away,-7.0,0.4955,pinnacle,-105.0,lowvig,18,-105.0
2026-10-02T00:12:17Z,americanfootball_ncaaf,766a0470521ac4a0fad476df45c1438b,2026-10-03T19:30:00Z,Miami (OH) RedHawks,Bowling Green Falcons,h2h,home,,0.819,pinnacle,-550.0,fanduel,19,-592.0
2026-10-02T00:12:17Z,americanfootball_ncaaf,766a0470521ac4a0fad476df45c1438b,2026-10-03T19:30:00Z,Miami (OH) RedHawks,Bowling Green Falcons,h2h,away,,0.181,pinnacle,450.0,mybookieag,19,429.0
2026-10-02T00:12:17Z,americanfootball_ncaaf,766a0470521ac4a0fad476df45c1438b,2026-10-03T19:30:00Z,Miami (OH) RedHawks,Bowling Green Falcons,totals,over,43.0,0.5089,pinnacle,-108.0,lowvig,9,-112.0
2026-10-02T00:12:17Z,americanfootball_ncaaf,766a0470521ac4a0fad476df45c1438b,2026-10-03T19:30:00Z,Miami (OH) RedHawks,Bowling Green Falcons,totals,under,43.0,0.4911,pinnacle,-104.0,pinnacle,9,-104.0
2026-10-02T00:12:17Z,americanfootball_ncaaf,766a0470521ac4a0fad476df45c1438b,2026-10-03T19:30:00Z,Miami (OH) RedHawks,Bowling Green Falcons,spreads,home,-13.5,0.5,consenso,-105.0,fanduel,14,
2026-10-02T00:12:17Z,americanfootball_ncaaf,766a0470521ac4a0fad476df45c1438b,2026-10-03T19:30:00Z,Miami (OH) RedHawks,Bowling Green Falcons,spreads,away,-13.5,0.5,consenso,-106.0,unibet_nl,14,
2026-10-02T00:12:17Z,americanfootball_ncaaf,f28938b05f7d4b4187e879917f6e583a,2026-10-03T19:30:00Z,UNLV Rebels,California Golden Bears,h2h,home,,0.5661,pinnacle,-134.0,fanduel,20,-141.0
2026-10-02T00:12:17Z,americanfootball_ncaaf,f28938b05f7d4b4187e879917f6e583a,2026-10-03T19:30:00Z,UNLV Rebels,California Golden Bears,h2h,away,,0.4339,pinnacle,125.0,lowvig,20,123.0
2026-10-02T00:12:17Z,americanfootball_ncaaf,f28938b05f7d4b4187e879917f6e583a,2026-10-03T19:30:00Z,UNLV Rebels,California Golden Bears,totals,over,53.5,0.5,consenso,-108.0,lowvig,13,
2026-10-02T00:12:17Z,americanfootball_ncaaf,f28938b05f7d4b4187e879917f6e583a,2026-10-03T19:30:00Z,UNLV Rebels,California Golden Bears,totals,under,53.5,0.5,consenso,-105.0,betus,13,
2026-10-02T00:12:17Z,americanfootball_ncaaf,7e0abfe1077b7d41d61b918ef53d247b,2026-10-03T19:30:00Z,UMass Minutemen,Eastern Michigan Eagles,h2h,home,,0.6607,pinnacle,-218.0,draftkings,18,-218.0
2026-10-02T00:12:17Z,americanfootball_ncaaf,7e0abfe1077b7d41d61b918ef53d247b,2026-10-03T19:30:00Z,UMass Minutemen,Eastern Michigan Eagles,h2h,away,,0.3393,pinnacle,190.0,betus,18,184.0
2026-10-02T00:12:17Z,americanfootball_ncaaf,7e0abfe1077b7d41d61b918ef53d247b,2026-10-03T19:30:00Z,UMass Minutemen,Eastern Michigan Eagles,totals,over,48.5,0.5156,pinnacle,-109.0,gtbets,13,-115.0
2026-10-02T00:12:17Z,americanfootball_ncaaf,7e0abfe1077b7d41d61b918ef53d247b,2026-10-03T19:30:00Z,UMass Minutemen,Eastern Michigan Eagles,totals,under,48.5,0.4844,pinnacle,-101.0,pinnacle,13,-101.0
2026-10-02T00:12:17Z,americanfootball_ncaaf,7e0abfe1077b7d41d61b918ef53d247b,2026-10-03T19:30:00Z,UMass Minutemen,Eastern Michigan Eagles,spreads,home,-6.0,0.4831,pinnacle,100.0,pinnacle,12,100.0
2026-10-02T00:12:17Z,americanfootball_ncaaf,7e0abfe1077b7d41d61b918ef53d247b,2026-10-03T19:30:00Z,UMass Minutemen,Eastern Michigan Eagles,spreads,away,-6.0,0.5169,pinnacle,-109.0,gtbets,12,-115.0
2026-10-02T00:12:17Z,americanfootball_ncaaf,6d39ea01c532535edf756b8086656518,2026-10-03T19:30:00Z,Missouri Tigers,Florida Gators,h2h,home,,0.3397,pinnacle,186.0,betonlineag,20,184.0
2026-10-02T00:12:17Z,americanfootball_ncaaf,6d39ea01c532535edf756b8086656518,2026-10-03T19:30:00Z,Missouri Tigers,Florida Gators,h2h,away,,0.6603,pinnacle,-195.0,betanysports,20,-217.0
2026-10-02T00:12:17Z,americanfootball_ncaaf,6d39ea01c532535edf756b8086656518,2026-10-03T19:30:00Z,Missouri Tigers,Florida Gators,totals,over,57.5,0.5089,pinnacle,-108.0,lowvig,15,-112.0
2026-10-02T00:12:17Z,americanfootball_ncaaf,6d39ea01c532535edf756b8086656518,2026-10-03T19:30:00Z,Missouri Tigers,Florida Gators,totals,under,57.5,0.4911,pinnacle,-104.0,pinnacle,15,-104.0
2026-10-02T00:12:17Z,americanfootball_ncaaf,6d39ea01c532535edf756b8086656518,2026-10-03T19:30:00Z,Missouri Tigers,Florida Gators,spreads,home,5.5,0.5023,pinnacle,-108.0,pinnacle,11,-108.0
2026-10-02T00:12:17Z,americanfootball_ncaaf,6d39ea01c532535edf756b8086656518,2026-10-03T19:30:00Z,Missouri Tigers,Florida Gators,spreads,away,5.5,0.4977,pinnacle,-104.0,gtbets,11,-106.0
2026-10-02T00:12:17Z,americanfootball_ncaaf,296c3e1c69d11f640690b6f9bd37d424,2026-10-03T19:30:00Z,Florida State Seminoles,Virginia Cavaliers,h2h,home,,0.435,pinnacle,125.0,betonlineag,20,122.0
2026-10-02T00:12:17Z,americanfootball_ncaaf,296c3e1c69d11f640690b6f9bd37d424,2026-10-03T19:30:00Z,Florida State Seminoles,Virginia Cavaliers,h2h,away,,0.565,pinnacle,-130.0,fanduel,20,-141.0
2026-10-02T00:12:17Z,americanfootball_ncaaf,296c3e1c69d11f640690b6f9bd37d424,2026-10-03T19:30:00Z,Florida State Seminoles,Virginia Cavaliers,totals,over,51.5,0.5022,pinnacle,-103.0,lowvig,17,-109.0
2026-10-02T00:12:17Z,americanfootball_ncaaf,296c3e1c69d11f640690b6f9bd37d424,2026-10-03T19:30:00Z,Florida State Seminoles,Virginia Cavaliers,totals,under,51.5,0.4978,pinnacle,-107.0,pinnacle,17,-107.0
2026-10-02T00:12:17Z,americanfootball_ncaaf,296c3e1c69d11f640690b6f9bd37d424,2026-10-03T19:30:00Z,Florida State Seminoles,Virginia Cavaliers,spreads,home,2.5,0.4787,pinnacle,102.0,pinnacle,18,102.0
2026-10-02T00:12:17Z,americanfootball_ncaaf,296c3e1c69d11f640690b6f9bd37d424,2026-10-03T19:30:00Z,Florida State Seminoles,Virginia Cavaliers,spreads,away,2.5,0.5213,pinnacle,-105.0,fanduel,18,-117.0
2026-10-02T00:12:17Z,americanfootball_ncaaf,e4f058459f5ee64f3cff3ac1aed79e64,2026-10-03T19:30:00Z,Georgia State Panthers,Old Dominion Monarchs,h2h,home,,0.5482,pinnacle,-125.0,fanduel,19,-131.0
2026-10-02T00:12:17Z,americanfootball_ncaaf,e4f058459f5ee64f3cff3ac1aed79e64,2026-10-03T19:30:00Z,Georgia State Panthers,Old Dominion Monarchs,h2h,away,,0.4518,pinnacle,115.0,lowvig,19,114.0
2026-10-02T00:12:17Z,americanfootball_ncaaf,e4f058459f5ee64f3cff3ac1aed79e64,2026-10-03T19:30:00Z,Georgia State Panthers,Old Dominion Monarchs,totals,over,51.5,0.5,consenso,-105.0,lowvig,14,
2026-10-02T00:12:17Z,americanfootball_ncaaf,e4f058459f5ee64f3cff3ac1aed79e64,2026-10-03T19:30:00Z,Georgia State Panthers,Old Dominion Monarchs,totals,under,51.5,0.5,consenso,-108.0,fanduel,14,
2026-10-02T00:12:17Z,americanfootball_ncaaf,b163da8a283ade5bd6428a3ca01da8b8,2026-10-03T19:30:00Z,Iowa Hawkeyes,Ohio State Buckeyes,h2h,home,,0.1734,pinnacle,495.0,marathonbet,19,452.0
2026-10-02T00:12:17Z,americanfootball_ncaaf,b163da8a283ade5bd6428a3ca01da8b8,2026-10-03T19:30:00Z,Iowa Hawkeyes,Ohio State Buckeyes,h2h,away,,0.8266,pinnacle,-600.0,betus,19,-633.0
2026-10-02T00:12:17Z,americanfootball_ncaaf,b163da8a283ade5bd6428a3ca01da8b8,2026-10-03T19:30:00Z,Iowa Hawkeyes,Ohio State Buckeyes,totals,over,45.5,0.5,consenso,-110.0,draftkings,13,
2026-10-02T00:12:17Z,americanfootball_ncaaf,b163da8a283ade5bd6428a3ca01da8b8,2026-10-03T19:30:00Z,Iowa Hawkeyes,Ohio State Buckeyes,totals,under,45.5,0.5,consenso,-103.0,lowvig,13,
2026-10-02T00:12:17Z,americanfootball_ncaaf,c1c548c80e674e3a37dcc2551beba599,2026-10-03T19:30:00Z,Kent State Golden Flashes,Ohio Bobcats,h2h,home,,0.3908,pinnacle,150.0,betanysports,18,147.0
2026-10-02T00:12:17Z,americanfootball_ncaaf,c1c548c80e674e3a37dcc2551beba599,2026-10-03T19:30:00Z,Kent State Golden Flashes,Ohio Bobcats,h2h,away,,0.6092,pinnacle,-165.0,unibet_se,18,-171.0
2026-10-02T00:12:17Z,americanfootball_ncaaf,c1c548c80e674e3a37dcc2551beba599,2026-10-03T19:30:00Z,Kent State Golden Flashes,Ohio Bobcats,totals,over,50.5,0.5111,pinnacle,-109.0,unibet_nl,15,-113.0
2026-10-02T00:12:17Z,americanfootball_ncaaf,c1c548c80e674e3a37dcc2551beba599,2026-10-03T19:30:00Z,Kent State Golden Flashes,Ohio Bobcats,totals,under,50.5,0.4889,pinnacle,-103.0,lowvig,15,-103.0
2026-10-02T00:12:17Z,americanfootball_ncaaf,c1c548c80e674e3a37dcc2551beba599,2026-10-03T19:30:00Z,Kent State Golden Flashes,Ohio Bobcats,spreads,home,3.5,0.5123,pinnacle,-106.0,lowvig,13,-113.0
2026-10-02T00:12:17Z,americanfootball_ncaaf,c1c548c80e674e3a37dcc2551beba599,2026-10-03T19:30:00Z,Kent State Golden Flashes,Ohio Bobcats,spreads,away,3.5,0.4877,pinnacle,-102.0,pinnacle,13,-102.0
2026-10-02T00:12:17Z,americanfootball_ncaaf,a77fd3143159a9d16a75685528d9960b,2026-10-03T19:30:00Z,NC State Wolfpack,Louisville Cardinals,h2h,home,,0.386,pinnacle,157.0,williamhill_us,21,150.0
2026-10-02T00:12:17Z,americanfootball_ncaaf,a77fd3143159a9d16a75685528d9960b,2026-10-03T19:30:00Z,NC State Wolfpack,Louisville Cardinals,h2h,away,,0.614,pinnacle,-170.0,betanysports,21,-175.0
2026-10-02T00:12:17Z,americanfootball_ncaaf,a77fd3143159a9d16a75685528d9960b,2026-10-03T19:30:00Z,NC State Wolfpack,Louisville Cardinals,totals,over,58.5,0.5,pinnacle,-106.0,lowvig,18,-108.0
2026-10-02T00:12:17Z,americanfootball_ncaaf,a77fd3143159a9d16a75685528d9960b,2026-10-03T19:30:00Z,NC State Wolfpack,Louisville Cardinals,totals,under,58.5,0.5,pinnacle,-108.0,williamhill_us,18,-108.0
2026-10-02T00:12:17Z,americanfootball_ncaaf,a77fd3143159a9d16a75685528d9960b,2026-10-03T19:30:00Z,NC State Wolfpack,Louisville Cardinals,spreads,home,3.5,0.4977,consenso,-105.0,fanduel,20,
2026-10-02T00:12:17Z,americanfootball_ncaaf,a77fd3143159a9d16a75685528d9960b,2026-10-03T19:30:00Z,NC State Wolfpack,Louisville Cardinals,spreads,away,3.5,0.5023,consenso,-106.0,lowvig,20,
2026-10-02T00:12:17Z,americanfootball_ncaaf,b36c1d83299d019b7833660a29e9da9c,2026-10-03T19:30:00Z,North Dakota State Bison,Wyoming Cowboys,h2h,home,,0.8797,pinnacle,-1020.0,gtbets,18,-1124.0
2026-10-02T00:12:17Z,americanfootball_ncaaf,b36c1d83299d019b7833660a29e9da9c,2026-10-03T19:30:00Z,North Dakota State Bison,Wyoming Cowboys,h2h,away,,0.1203,pinnacle,754.0,lowvig,18,696.0
2026-10-02T00:12:17Z,americanfootball_ncaaf,b36c1d83299d019b7833660a29e9da9c,2026-10-03T19:30:00Z,North Dakota State Bison,Wyoming Cowboys,totals,over,45.5,0.4892,consenso,-105.0,fanduel,12,
2026-10-02T00:12:17Z,americanfootball_ncaaf,b36c1d83299d019b7833660a29e9da9c,2026-10-03T19:30:00Z,North Dakota State Bison,Wyoming Cowboys,totals,under,45.5,0.5108,consenso,-109.0,gtbets,12,
2026-10-02T00:12:17Z,americanfootball_ncaaf,b36c1d83299d019b7833660a29e9da9c,2026-10-03T19:30:00Z,North Dakota State Bison,Wyoming Cowboys,spreads,home,-17.5,0.4932,pinnacle,-104.0,lowvig,14,-104.0
2026-10-02T00:12:17Z,americanfootball_ncaaf,b36c1d83299d019b7833660a29e9da9c,2026-10-03T19:30:00Z,North Dakota State Bison,Wyoming Cowboys,spreads,away,-17.5,0.5068,pinnacle,-108.0,draftkings,14,-110.0
2026-10-02T00:12:17Z,americanfootball_ncaaf,3086203ed472e204ff7f3ba6241bb43c,2026-10-03T19:30:00Z,UAB Blazers,Samford Bulldogs,h2h,home,,0.9578,consenso,-7000.0,fanatics,4,
2026-10-02T00:12:17Z,americanfootball_ncaaf,3086203ed472e204ff7f3ba6241bb43c,2026-10-03T19:30:00Z,UAB Blazers,Samford Bulldogs,h2h,away,,0.0422,consenso,2200.0,fanduel,4,
2026-10-02T00:12:17Z,americanfootball_ncaaf,3086203ed472e204ff7f3ba6241bb43c,2026-10-03T19:30:00Z,UAB Blazers,Samford Bulldogs,totals,over,52.5,0.5022,pinnacle,-110.0,fanatics,7,-111.0
2026-10-02T00:12:17Z,americanfootball_ncaaf,3086203ed472e204ff7f3ba6241bb43c,2026-10-03T19:30:00Z,UAB Blazers,Samford Bulldogs,totals,under,52.5,0.4978,pinnacle,-104.0,gtbets,7,-109.0
2026-10-02T00:12:17Z,americanfootball_ncaaf,3086203ed472e204ff7f3ba6241bb43c,2026-10-03T19:30:00Z,UAB Blazers,Samford Bulldogs,spreads,home,-30.5,0.5,pinnacle,-106.0,fanduel,11,-110.0
2026-10-02T00:12:17Z,americanfootball_ncaaf,3086203ed472e204ff7f3ba6241bb43c,2026-10-03T19:30:00Z,UAB Blazers,Samford Bulldogs,spreads,away,-30.5,0.5,pinnacle,-109.0,gtbets,11,-110.0
2026-10-02T00:12:17Z,americanfootball_ncaaf,7e365956ef23823565a044a5af18736a,2026-10-03T19:45:00Z,James Madison Dukes,Marshall Thundering Herd,h2h,home,,0.8767,pinnacle,-1010.0,gtbets,19,-1081.0
2026-10-02T00:12:17Z,americanfootball_ncaaf,7e365956ef23823565a044a5af18736a,2026-10-03T19:45:00Z,James Madison Dukes,Marshall Thundering Herd,h2h,away,,0.1233,pinnacle,750.0,marathonbet,19,677.0
2026-10-02T00:12:17Z,americanfootball_ncaaf,7e365956ef23823565a044a5af18736a,2026-10-03T19:45:00Z,James Madison Dukes,Marshall Thundering Herd,totals,over,56.5,0.4907,consenso,-103.0,lowvig,7,
2026-10-02T00:12:17Z,americanfootball_ncaaf,7e365956ef23823565a044a5af18736a,2026-10-03T19:45:00Z,James Madison Dukes,Marshall Thundering Herd,totals,under,56.5,0.5093,consenso,-112.0,fanduel,7,
2026-10-02T00:12:17Z,americanfootball_ncaaf,0e62429ed73f84f87f603d376477749c,2026-10-03T20:00:00Z,Nebraska Cornhuskers,Maryland Terrapins,h2h,home,,0.8324,pinnacle,-621.0,marathonbet,20,-667.0
2026-10-02T00:12:17Z,americanfootball_ncaaf,0e62429ed73f84f87f603d376477749c,2026-10-03T20:00:00Z,Nebraska Cornhuskers,Maryland Terrapins,h2h,away,,0.1676,pinnacle,525.0,unibet_se,20,471.0
2026-10-02T00:12:17Z,americanfootball_ncaaf,0e62429ed73f84f87f603d376477749c,2026-10-03T20:00:00Z,Nebraska Cornhuskers,Maryland Terrapins,totals,over,52.5,0.5,pinnacle,-106.0,williamhill_us,16,-108.0
2026-10-02T00:12:17Z,americanfootball_ncaaf,0e62429ed73f84f87f603d376477749c,2026-10-03T20:00:00Z,Nebraska Cornhuskers,Maryland Terrapins,totals,under,52.5,0.5,pinnacle,-108.0,lowvig,16,-108.0
2026-10-02T00:12:17Z,americanfootball_ncaaf,0e62429ed73f84f87f603d376477749c,2026-10-03T20:00:00Z,Nebraska Cornhuskers,Maryland Terrapins,spreads,home,-14.5,0.4932,pinnacle,-104.0,pinnacle,14,-104.0
2026-10-02T00:12:17Z,americanfootball_ncaaf,0e62429ed73f84f87f603d376477749c,2026-10-03T20:00:00Z,Nebraska Cornhuskers,Maryland Terrapins,spreads,away,-14.5,0.5068,pinnacle,-106.0,lowvig,14,-110.0
2026-10-02T00:12:17Z,americanfootball_ncaaf,e7e3e3bfc3fd7fca7550ecf48cb78666,2026-10-03T20:00:00Z,New Mexico Lobos,UTEP Miners,h2h,home,,0.9142,pinnacle,-1941.0,pinnacle,14,-1941.0
2026-10-02T00:12:17Z,americanfootball_ncaaf,e7e3e3bfc3fd7fca7550ecf48cb78666,2026-10-03T20:00:00Z,New Mexico Lobos,UTEP Miners,h2h,away,,0.0858,pinnacle,1150.0,betmgm,14,1020.0
2026-10-02T00:12:17Z,americanfootball_ncaaf,e7e3e3bfc3fd7fca7550ecf48cb78666,2026-10-03T20:00:00Z,New Mexico Lobos,UTEP Miners,totals,over,48.5,0.4978,pinnacle,-105.0,betus,14,-107.0
2026-10-02T00:12:17Z,americanfootball_ncaaf,e7e3e3bfc3fd7fca7550ecf48cb78666,2026-10-03T20:00:00Z,New Mexico Lobos,UTEP Miners,totals,under,48.5,0.5022,pinnacle,-105.0,fanduel,14,-109.0
2026-10-02T00:12:17Z,americanfootball_ncaaf,e7e3e3bfc3fd7fca7550ecf48cb78666,2026-10-03T20:00:00Z,New Mexico Lobos,UTEP Miners,spreads,home,-22.5,0.509,pinnacle,-106.0,lowvig,16,-111.0
2026-10-02T00:12:17Z,americanfootball_ncaaf,e7e3e3bfc3fd7fca7550ecf48cb78666,2026-10-03T20:00:00Z,New Mexico Lobos,UTEP Miners,spreads,away,-22.5,0.491,pinnacle,-103.0,pinnacle,16,-103.0
2026-10-02T00:12:17Z,americanfootball_ncaaf,0cdf52fe0d6bfe0664b76a2102f8b605,2026-10-03T20:15:00Z,Illinois Fighting Illini,Purdue Boilermakers,h2h,home,,0.762,pinnacle,-370.0,betonlineag,20,-387.0
2026-10-02T00:12:17Z,americanfootball_ncaaf,0cdf52fe0d6bfe0664b76a2102f8b605,2026-10-03T20:15:00Z,Illinois Fighting Illini,Purdue Boilermakers,h2h,away,,0.238,pinnacle,325.0,leovegas_se,20,303.0
2026-10-02T00:12:17Z,americanfootball_ncaaf,0cdf52fe0d6bfe0664b76a2102f8b605,2026-10-03T20:15:00Z,Illinois Fighting Illini,Purdue Boilermakers,totals,over,62.5,0.5045,pinnacle,-106.0,fanduel,15,-110.0
2026-10-02T00:12:17Z,americanfootball_ncaaf,0cdf52fe0d6bfe0664b76a2102f8b605,2026-10-03T20:15:00Z,Illinois Fighting Illini,Purdue Boilermakers,totals,under,62.5,0.4955,pinnacle,-106.0,pinnacle,15,-106.0
2026-10-02T00:12:17Z,americanfootball_ncaaf,59abc1d6262d2ea6a72c4daad4c83af2,2026-10-03T20:15:00Z,South Carolina Gamecocks,Kentucky Wildcats,h2h,home,,0.6026,pinnacle,-152.0,fanduel,19,-166.0
2026-10-02T00:12:17Z,americanfootball_ncaaf,59abc1d6262d2ea6a72c4daad4c83af2,2026-10-03T20:15:00Z,South Carolina Gamecocks,Kentucky Wildcats,h2h,away,,0.3974,pinnacle,143.0,pinnacle,19,143.0
2026-10-02T00:12:17Z,americanfootball_ncaaf,59abc1d6262d2ea6a72c4daad4c83af2,2026-10-03T20:15:00Z,South Carolina Gamecocks,Kentucky Wildcats,totals,over,54.5,0.5,consenso,-108.0,lowvig,11,
2026-10-02T00:12:17Z,americanfootball_ncaaf,59abc1d6262d2ea6a72c4daad4c83af2,2026-10-03T20:15:00Z,South Carolina Gamecocks,Kentucky Wildcats,totals,under,54.5,0.5,consenso,-104.0,fanduel,11,
2026-10-02T00:12:17Z,americanfootball_ncaaf,b30387175520051e2889230030365494,2026-10-03T22:00:00Z,Colorado State Rams,Oregon State Beavers,h2h,home,,0.3223,pinnacle,200.0,betrivers,19,199.0
2026-10-02T00:12:17Z,americanfootball_ncaaf,b30387175520051e2889230030365494,2026-10-03T22:00:00Z,Colorado State Rams,Oregon State Beavers,h2h,away,,0.6777,pinnacle,-220.0,betonlineag,19,-237.0
2026-10-02T00:12:17Z,americanfootball_ncaaf,b30387175520051e2889230030365494,2026-10-03T22:00:00Z,Colorado State Rams,Oregon State Beavers,totals,over,62.0,0.4978,pinnacle,-107.0,pinnacle,10,-107.0
2026-10-02T00:12:17Z,americanfootball_ncaaf,b30387175520051e2889230030365494,2026-10-03T22:00:00Z,Colorado State Rams,Oregon State Beavers,totals,under,62.0,0.5022,pinnacle,-108.0,lowvig,10,-109.0
2026-10-02T00:12:17Z,americanfootball_ncaaf,b3c132063b4d14cf750801c633237b9e,2026-10-03T22:00:00Z,Florida Atlantic Owls,Texas Southern Tigers,h2h,home,,0.9838,consenso,-20000.0,fanatics,1,
2026-10-02T00:12:17Z,americanfootball_ncaaf,b3c132063b4d14cf750801c633237b9e,2026-10-03T22:00:00Z,Florida Atlantic Owls,Texas Southern Tigers,h2h,away,,0.0162,consenso,6000.0,fanatics,1,
2026-10-02T00:12:17Z,americanfootball_ncaaf,b3c132063b4d14cf750801c633237b9e,2026-10-03T22:00:00Z,Florida Atlantic Owls,Texas Southern Tigers,totals,over,61.5,0.4892,pinnacle,-105.0,pinnacle,9,-105.0
2026-10-02T00:12:17Z,americanfootball_ncaaf,b3c132063b4d14cf750801c633237b9e,2026-10-03T22:00:00Z,Florida Atlantic Owls,Texas Southern Tigers,totals,under,61.5,0.5108,pinnacle,-109.0,gtbets,9,-115.0
2026-10-02T00:12:17Z,americanfootball_ncaaf,ff98b80b07e2f42c76c2c255e6611247,2026-10-03T23:00:00Z,Texas A&M Aggies,Arkansas Razorbacks,h2h,home,,0.8217,pinnacle,-600.0,fanatics,20,-606.0
2026-10-02T00:12:17Z,americanfootball_ncaaf,ff98b80b07e2f42c76c2c255e6611247,2026-10-03T23:00:00Z,Texas A&M Aggies,Arkansas Razorbacks,h2h,away,,0.1783,pinnacle,475.0,williamhill_us,20,437.0
2026-10-02T00:12:17Z,americanfootball_ncaaf,ff98b80b07e2f42c76c2c255e6611247,2026-10-03T23:00:00Z,Texas A&M Aggies,Arkansas Razorbacks,totals,over,50.5,0.5,consenso,-106.0,fanduel,11,
2026-10-02T00:12:17Z,americanfootball_ncaaf,ff98b80b07e2f42c76c2c255e6611247,2026-10-03T23:00:00Z,Texas A&M Aggies,Arkansas Razorbacks,totals,under,50.5,0.5,consenso,-109.0,gtbets,11,
2026-10-02T00:12:17Z,americanfootball_ncaaf,b58c0d24e66471e6095c0a5f9afb7ce3,2026-10-03T23:00:00Z,TCU Horned Frogs,BYU Cougars,h2h,home,,0.3336,pinnacle,195.0,williamhill_us,19,189.0
2026-10-02T00:12:17Z,americanfootball_ncaaf,b58c0d24e66471e6095c0a5f9afb7ce3,2026-10-03T23:00:00Z,TCU Horned Frogs,BYU Cougars,h2h,away,,0.6664,pinnacle,-215.0,betonlineag,19,-224.0
2026-10-02T00:12:17Z,americanfootball_ncaaf,b58c0d24e66471e6095c0a5f9afb7ce3,2026-10-03T23:00:00Z,TCU Horned Frogs,BYU Cougars,totals,over,47.5,0.5,consenso,-108.0,fanduel,15,
2026-10-02T00:12:17Z,americanfootball_ncaaf,b58c0d24e66471e6095c0a5f9afb7ce3,2026-10-03T23:00:00Z,TCU Horned Frogs,BYU Cougars,totals,under,47.5,0.5,consenso,-104.0,williamhill_us,15,
2026-10-02T00:12:17Z,americanfootball_ncaaf,5efdb3515c882453d9abcd27db28f78b,2026-10-03T23:00:00Z,Coastal Carolina Chanticleers,Georgia Southern Eagles,h2h,home,,0.469,pinnacle,110.0,lowvig,19,106.0
2026-10-02T00:12:17Z,americanfootball_ncaaf,5efdb3515c882453d9abcd27db28f78b,2026-10-03T23:00:00Z,Coastal Carolina Chanticleers,Georgia Southern Eagles,h2h,away,,0.531,pinnacle,-122.0,pinnacle,19,-122.0
2026-10-02T00:12:17Z,americanfootball_ncaaf,5efdb3515c882453d9abcd27db28f78b,2026-10-03T23:00:00Z,Coastal Carolina Chanticleers,Georgia Southern Eagles,totals,over,54.0,0.4933,pinnacle,-103.0,lowvig,10,-105.0
2026-10-02T00:12:17Z,americanfootball_ncaaf,5efdb3515c882453d9abcd27db28f78b,2026-10-03T23:00:00Z,Coastal Carolina Chanticleers,Georgia Southern Eagles,totals,under,54.0,0.5067,pinnacle,-110.0,mybookieag,10,-111.0
2026-10-02T00:12:17Z,americanfootball_ncaaf,5efdb3515c882453d9abcd27db28f78b,2026-10-03T23:00:00Z,Coastal Carolina Chanticleers,Georgia Southern Eagles,spreads,home,2.0,0.5,consenso,-106.0,lowvig,13,
2026-10-02T00:12:17Z,americanfootball_ncaaf,5efdb3515c882453d9abcd27db28f78b,2026-10-03T23:00:00Z,Coastal Carolina Chanticleers,Georgia Southern Eagles,spreads,away,2.0,0.5,consenso,-106.0,lowvig,13,
2026-10-02T00:12:17Z,americanfootball_ncaaf,279230b2d38c4e97187c3f065501a4cf,2026-10-03T23:00:00Z,Rice Owls,UTSA Roadrunners,h2h,home,,0.2038,pinnacle,425.0,betus,18,370.0
2026-10-02T00:12:17Z,americanfootball_ncaaf,279230b2d38c4e97187c3f065501a4cf,2026-10-03T23:00:00Z,Rice Owls,UTSA Roadrunners,h2h,away,,0.7962,pinnacle,-450.0,fanduel,18,-493.0
2026-10-02T00:12:17Z,americanfootball_ncaaf,279230b2d38c4e97187c3f065501a4cf,2026-10-03T23:00:00Z,Rice Owls,UTSA Roadrunners,totals,over,56.0,0.4978,pinnacle,-107.0,pinnacle,11,-107.0
2026-10-02T00:12:17Z,americanfootball_ncaaf,279230b2d38c4e97187c3f065501a4cf,2026-10-03T23:00:00Z,Rice Owls,UTSA Roadrunners,totals,under,56.0,0.5022,pinnacle,-108.0,lowvig,11,-109.0
2026-10-02T00:12:17Z,americanfootball_ncaaf,279230b2d38c4e97187c3f065501a4cf,2026-10-03T23:00:00Z,Rice Owls,UTSA Roadrunners,spreads,home,11.5,0.4831,pinnacle,100.0,pinnacle,6,100.0
2026-10-02T00:12:17Z,americanfootball_ncaaf,279230b2d38c4e97187c3f065501a4cf,2026-10-03T23:00:00Z,Rice Owls,UTSA Roadrunners,spreads,away,11.5,0.5169,pinnacle,-110.0,fanduel,6,-115.0
2026-10-02T00:12:17Z,americanfootball_ncaaf,4c84a699496b71ee1e626e3c7f5689c9,2026-10-03T23:00:00Z,South Alabama Jaguars,UL Monroe Warhawks,h2h,home,,0.8291,pinnacle,-600.0,fanatics,19,-648.0
2026-10-02T00:12:17Z,americanfootball_ncaaf,4c84a699496b71ee1e626e3c7f5689c9,2026-10-03T23:00:00Z,South Alabama Jaguars,UL Monroe Warhawks,h2h,away,,0.1709,pinnacle,460.0,fanduel,19,460.0
2026-10-02T00:12:17Z,americanfootball_ncaaf,4c84a699496b71ee1e626e3c7f5689c9,2026-10-03T23:00:00Z,South Alabama Jaguars,UL Monroe Warhawks,totals,over,57.5,0.5,consenso,-107.0,unibet_nl,12,
2026-10-02T00:12:17Z,americanfootball_ncaaf,4c84a699496b71ee1e626e3c7f5689c9,2026-10-03T23:00:00Z,South Alabama Jaguars,UL Monroe Warhawks,totals,under,57.5,0.5,consenso,-106.0,fanduel,12,
2026-10-02T00:12:17Z,americanfootball_ncaaf,6246661a676eeaa850a3e36e311fce63,2026-10-03T23:30:00Z,Louisiana Tech Bulldogs,Army Black Knights,h2h,home,,0.469,pinnacle,106.0,pinnacle,19,106.0
2026-10-02T00:12:17Z,americanfootball_ncaaf,6246661a676eeaa850a3e36e311fce63,2026-10-03T23:30:00Z,Louisiana Tech Bulldogs,Army Black Knights,h2h,away,,0.531,pinnacle,-122.0,pinnacle,19,-122.0
2026-10-02T00:12:17Z,americanfootball_ncaaf,6246661a676eeaa850a3e36e311fce63,2026-10-03T23:30:00Z,Louisiana Tech Bulldogs,Army Black Knights,totals,over,47.5,0.5,pinnacle,-106.0,fanduel,15,-108.0
2026-10-02T00:12:17Z,americanfootball_ncaaf,6246661a676eeaa850a3e36e311fce63,2026-10-03T23:30:00Z,Louisiana Tech Bulldogs,Army Black Knights,totals,under,47.5,0.5,pinnacle,-108.0,pinnacle,15,-108.0
2026-10-02T00:12:17Z,americanfootball_ncaaf,6246661a676eeaa850a3e36e311fce63,2026-10-03T23:30:00Z,Louisiana Tech Bulldogs,Army Black Knights,spreads,home,1.5,0.4947,consenso,-101.0,lowvig,13,
2026-10-02T00:12:17Z,americanfootball_ncaaf,6246661a676eeaa850a3e36e311fce63,2026-10-03T23:30:00Z,Louisiana Tech Bulldogs,Army Black Knights,spreads,away,1.5,0.5053,consenso,-109.0,gtbets,13,
2026-10-02T00:12:17Z,americanfootball_ncaaf,a2f7df0b000c054abd3cbc6f4a4b2432,2026-10-03T23:30:00Z,Boise State Broncos,Utah State Aggies,h2h,home,,0.8854,pinnacle,-1200.0,betmgm,20,-1214.0
2026-10-02T00:12:17Z,americanfootball_ncaaf,a2f7df0b000c054abd3cbc6f4a4b2432,2026-10-03T23:30:00Z,Boise State Broncos,Utah State Aggies,h2h,away,,0.1146,pinnacle,836.0,betonlineag,20,736.0
2026-10-02T00:12:17Z,americanfootball_ncaaf,a2f7df0b000c054abd3cbc6f4a4b2432,2026-10-03T23:30:00Z,Boise State Broncos,Utah State Aggies,totals,over,51.5,0.4978,pinnacle,-107.0,williamhill_us,17,-107.0
2026-10-02T00:12:17Z,americanfootball_ncaaf,a2f7df0b000c054abd3cbc6f4a4b2432,2026-10-03T23:30:00Z,Boise State Broncos,Utah State Aggies,totals,under,51.5,0.5022,pinnacle,-108.0,lowvig,17,-109.0
2026-10-02T00:12:17Z,americanfootball_ncaaf,a2f7df0b000c054abd3cbc6f4a4b2432,2026-10-03T23:30:00Z,Boise State Broncos,Utah State Aggies,spreads,home,-18.5,0.5023,pinnacle,-106.0,lowvig,13,-108.0
2026-10-02T00:12:17Z,americanfootball_ncaaf,a2f7df0b000c054abd3cbc6f4a4b2432,2026-10-03T23:30:00Z,Boise State Broncos,Utah State Aggies,spreads,away,-18.5,0.4977,pinnacle,-105.0,draftkings,13,-106.0
2026-10-02T00:12:17Z,americanfootball_ncaaf,932c7f6dfe06be77192fe000e9f3ac9d,2026-10-03T23:30:00Z,Clemson Tigers,Miami Hurricanes,h2h,home,,0.141,pinnacle,610.0,marathonbet,20,579.0
2026-10-02T00:12:17Z,americanfootball_ncaaf,932c7f6dfe06be77192fe000e9f3ac9d,2026-10-03T23:30:00Z,Clemson Tigers,Miami Hurricanes,h2h,away,,0.859,pinnacle,-800.0,draftkings,20,-876.0
2026-10-02T00:12:17Z,americanfootball_ncaaf,932c7f6dfe06be77192fe000e9f3ac9d,2026-10-03T23:30:00Z,Clemson Tigers,Miami Hurricanes,totals,over,48.0,0.5,consenso,-110.0,mybookieag,9,
2026-10-02T00:12:17Z,americanfootball_ncaaf,932c7f6dfe06be77192fe000e9f3ac9d,2026-10-03T23:30:00Z,Clemson Tigers,Miami Hurricanes,totals,under,48.0,0.5,consenso,-110.0,mybookieag,9,
2026-10-02T00:12:17Z,americanfootball_ncaaf,932c7f6dfe06be77192fe000e9f3ac9d,2026-10-03T23:30:00Z,Clemson Tigers,Miami Hurricanes,spreads,home,16.5,0.491,pinnacle,-101.0,lowvig,15,-103.0
2026-10-02T00:12:17Z,americanfootball_ncaaf,932c7f6dfe06be77192fe000e9f3ac9d,2026-10-03T23:30:00Z,Clemson Tigers,Miami Hurricanes,spreads,away,16.5,0.509,pinnacle,-108.0,betmgm,15,-111.0
2026-10-02T00:12:17Z,americanfootball_ncaaf,6338f8a71aba32414791add2d358472d,2026-10-03T23:30:00Z,South Florida Bulls,Temple Owls,h2h,home,,0.6812,pinnacle,-235.0,betmgm,20,-242.0
2026-10-02T00:12:17Z,americanfootball_ncaaf,6338f8a71aba32414791add2d358472d,2026-10-03T23:30:00Z,South Florida Bulls,Temple Owls,h2h,away,,0.3188,pinnacle,208.0,mybookieag,20,202.0
2026-10-02T00:12:17Z,americanfootball_ncaaf,6338f8a71aba32414791add2d358472d,2026-10-03T23:30:00Z,South Florida Bulls,Temple Owls,totals,over,48.5,0.4978,consenso,-105.0,fanatics,10,
2026-10-02T00:12:17Z,americanfootball_ncaaf,6338f8a71aba32414791add2d358472d,2026-10-03T23:30:00Z,South Florida Bulls,Temple Owls,totals,under,48.5,0.5022,consenso,-109.0,gtbets,10,
2026-10-02T00:12:17Z,americanfootball_ncaaf,6338f8a71aba32414791add2d358472d,2026-10-03T23:30:00Z,South Florida Bulls,Temple Owls,spreads,home,-6.5,0.5023,pinnacle,100.0,lowvig,20,-108.0
2026-10-02T00:12:17Z,americanfootball_ncaaf,6338f8a71aba32414791add2d358472d,2026-10-03T23:30:00Z,South Florida Bulls,Temple Owls,spreads,away,-6.5,0.4977,pinnacle,-106.0,pinnacle,20,-106.0
2026-10-02T00:12:17Z,americanfootball_ncaaf,f981648dba0e71d8517d47d31aa2633d,2026-10-03T23:30:00Z,USC Trojans,Washington Huskies,h2h,home,,0.7539,pinnacle,-330.0,fanduel,20,-366.0
2026-10-02T00:12:17Z,americanfootball_ncaaf,f981648dba0e71d8517d47d31aa2633d,2026-10-03T23:30:00Z,USC Trojans,Washington Huskies,h2h,away,,0.2461,pinnacle,310.0,betrivers,20,290.0
2026-10-02T00:12:17Z,americanfootball_ncaaf,f981648dba0e71d8517d47d31aa2633d,2026-10-03T23:30:00Z,USC Trojans,Washington Huskies,totals,over,58.5,0.4947,consenso,-105.0,draftkings,9,
2026-10-02T00:12:17Z,americanfootball_ncaaf,f981648dba0e71d8517d47d31aa2633d,2026-10-03T23:30:00Z,USC Trojans,Washington Huskies,totals,under,58.5,0.5053,consenso,-105.0,onexbet,9,
2026-10-02T00:12:17Z,americanfootball_ncaaf,253e389201e449a2984a194e3eebf7f8,2026-10-03T23:31:00Z,Colorado Buffaloes,Texas Tech Red Raiders,h2h,home,,0.1899,pinnacle,425.0,betus,19,404.0
2026-10-02T00:12:17Z,americanfootball_ncaaf,253e389201e449a2984a194e3eebf7f8,2026-10-03T23:31:00Z,Colorado Buffaloes,Texas Tech Red Raiders,h2h,away,,0.8101,pinnacle,-500.0,williamhill_us,19,-550.0
2026-10-02T00:12:17Z,americanfootball_ncaaf,253e389201e449a2984a194e3eebf7f8,2026-10-03T23:31:00Z,Colorado Buffaloes,Texas Tech Red Raiders,totals,over,50.5,0.5,consenso,-105.0,fanduel,16,
2026-10-02T00:12:17Z,americanfootball_ncaaf,253e389201e449a2984a194e3eebf7f8,2026-10-03T23:31:00Z,Colorado Buffaloes,Texas Tech Red Raiders,totals,under,50.5,0.5,consenso,-108.0,lowvig,16,
2026-10-02T00:12:17Z,americanfootball_ncaaf,253e389201e449a2984a194e3eebf7f8,2026-10-03T23:31:00Z,Colorado Buffaloes,Texas Tech Red Raiders,spreads,home,13.0,0.4977,pinnacle,-106.0,lowvig,11,-106.0
2026-10-02T00:12:17Z,americanfootball_ncaaf,253e389201e449a2984a194e3eebf7f8,2026-10-03T23:31:00Z,Colorado Buffaloes,Texas Tech Red Raiders,spreads,away,13.0,0.5023,pinnacle,-106.0,lowvig,11,-108.0
2026-10-02T00:12:17Z,americanfootball_ncaaf,833bd3a9f5a0da5b303a6a4304e2c6a3,2026-10-03T23:45:00Z,LSU Tigers,McNeese State Cowboys,totals,over,62.5,0.4848,pinnacle,-103.0,pinnacle,5,-103.0
2026-10-02T00:12:17Z,americanfootball_ncaaf,833bd3a9f5a0da5b303a6a4304e2c6a3,2026-10-03T23:45:00Z,LSU Tigers,McNeese State Cowboys,totals,under,62.5,0.5152,pinnacle,-109.0,gtbets,5,-117.0
2026-10-02T00:12:17Z,americanfootball_ncaaf,833bd3a9f5a0da5b303a6a4304e2c6a3,2026-10-03T23:45:00Z,LSU Tigers,McNeese State Cowboys,spreads,home,-53.5,0.5,consenso,-105.0,fanatics,7,
2026-10-02T00:12:17Z,americanfootball_ncaaf,833bd3a9f5a0da5b303a6a4304e2c6a3,2026-10-03T23:45:00Z,LSU Tigers,McNeese State Cowboys,spreads,away,-53.5,0.5,consenso,-109.0,gtbets,7,
2026-10-02T00:12:17Z,americanfootball_ncaaf,1d3756ab74c013c39510958b5a632b74,2026-10-04T00:00:00Z,Louisiana Ragin Cajuns,Arkansas State Red Wolves,h2h,home,,0.6834,pinnacle,-225.0,betanysports,19,-245.0
2026-10-02T00:12:17Z,americanfootball_ncaaf,1d3756ab74c013c39510958b5a632b74,2026-10-04T00:00:00Z,Louisiana Ragin Cajuns,Arkansas State Red Wolves,h2h,away,,0.3166,pinnacle,215.0,betonlineag,19,204.0
2026-10-02T00:12:17Z,americanfootball_ncaaf,1d3756ab74c013c39510958b5a632b74,2026-10-04T00:00:00Z,Louisiana Ragin Cajuns,Arkansas State Red Wolves,totals,over,47.5,0.5016,consenso,-104.0,unibet_nl,12,
2026-10-02T00:12:17Z,americanfootball_ncaaf,1d3756ab74c013c39510958b5a632b74,2026-10-04T00:00:00Z,Louisiana Ragin Cajuns,Arkansas State Red Wolves,totals,under,47.5,0.4984,consenso,-104.0,gtbets,12,
2026-10-02T00:12:17Z,americanfootball_ncaaf,1d3756ab74c013c39510958b5a632b74,2026-10-04T00:00:00Z,Louisiana Ragin Cajuns,Arkansas State Red Wolves,spreads,home,-6.5,0.5,pinnacle,-107.0,pinnacle,14,-107.0
2026-10-02T00:12:17Z,americanfootball_ncaaf,1d3756ab74c013c39510958b5a632b74,2026-10-04T00:00:00Z,Louisiana Ragin Cajuns,Arkansas State Red Wolves,spreads,away,-6.5,0.5,pinnacle,-104.0,fanduel,14,-107.0
2026-10-02T00:12:17Z,americanfootball_ncaaf,9dcccf34095cde7b0fe36250bb5be6f6,2026-10-04T00:00:00Z,Rutgers Scarlet Knights,Indiana Hoosiers,h2h,home,,0.0765,pinnacle,1300.0,betrivers,20,1158.0
2026-10-02T00:12:17Z,americanfootball_ncaaf,9dcccf34095cde7b0fe36250bb5be6f6,2026-10-04T00:00:00Z,Rutgers Scarlet Knights,Indiana Hoosiers,h2h,away,,0.9235,pinnacle,-2200.0,fanatics,20,-2353.0
2026-10-02T00:12:17Z,americanfootball_ncaaf,9dcccf34095cde7b0fe36250bb5be6f6,2026-10-04T00:00:00Z,Rutgers Scarlet Knights,Indiana Hoosiers,totals,over,56.5,0.5,consenso,-108.0,lowvig,13,
2026-10-02T00:12:17Z,americanfootball_ncaaf,9dcccf34095cde7b0fe36250bb5be6f6,2026-10-04T00:00:00Z,Rutgers Scarlet Knights,Indiana Hoosiers,totals,under,56.5,0.5,consenso,-108.0,draftkings,13,
2026-10-02T00:12:17Z,americanfootball_ncaaf,23025b717a93bdd8f30424e90a97d68f,2026-10-04T01:30:00Z,Washington State Cougars,Fresno State Bulldogs,h2h,home,,0.5257,pinnacle,-119.0,pinnacle,20,-119.0
2026-10-02T00:12:17Z,americanfootball_ncaaf,23025b717a93bdd8f30424e90a97d68f,2026-10-04T01:30:00Z,Washington State Cougars,Fresno State Bulldogs,h2h,away,,0.4743,pinnacle,106.0,unibet_nl,20,104.0
2026-10-02T00:12:17Z,americanfootball_ncaaf,23025b717a93bdd8f30424e90a97d68f,2026-10-04T01:30:00Z,Washington State Cougars,Fresno State Bulldogs,totals,over,45.5,0.5,consenso,-108.0,lowvig,13,
2026-10-02T00:12:17Z,americanfootball_ncaaf,23025b717a93bdd8f30424e90a97d68f,2026-10-04T01:30:00Z,Washington State Cougars,Fresno State Bulldogs,totals,under,45.5,0.5,consenso,-108.0,lowvig,13,
2026-10-02T00:12:17Z,americanfootball_ncaaf,4ec93b02d04c2a019ebd6f4ccd9f7af5,2026-10-04T02:30:00Z,Arizona State Sun Devils,Baylor Bears,h2h,home,,0.6243,pinnacle,-172.0,fanduel,20,-183.0
2026-10-02T00:12:17Z,americanfootball_ncaaf,4ec93b02d04c2a019ebd6f4ccd9f7af5,2026-10-04T02:30:00Z,Arizona State Sun Devils,Baylor Bears,h2h,away,,0.3757,pinnacle,160.0,marathonbet,20,157.0
2026-10-02T00:12:17Z,americanfootball_ncaaf,4ec93b02d04c2a019ebd6f4ccd9f7af5,2026-10-04T02:30:00Z,Arizona State Sun Devils,Baylor Bears,totals,over,49.0,0.5,consenso,-109.0,gtbets,9,
2026-10-02T00:12:17Z,americanfootball_ncaaf,4ec93b02d04c2a019ebd6f4ccd9f7af5,2026-10-04T02:30:00Z,Arizona State Sun Devils,Baylor Bears,totals,under,49.0,0.5,consenso,-103.0,lowvig,9,
2026-10-02T00:12:17Z,americanfootball_ncaaf,f73081099f845f23ea7f41ef09128cdd,2026-10-04T02:30:00Z,San Diego State Aztecs,Texas State Bobcats,h2h,home,,0.2714,pinnacle,275.0,betrivers,20,254.0
2026-10-02T00:12:17Z,americanfootball_ncaaf,f73081099f845f23ea7f41ef09128cdd,2026-10-04T02:30:00Z,San Diego State Aztecs,Texas State Bobcats,h2h,away,,0.7286,pinnacle,-300.0,betmgm,20,-314.0
2026-10-02T00:12:17Z,americanfootball_ncaaf,f73081099f845f23ea7f41ef09128cdd,2026-10-04T02:30:00Z,San Diego State Aztecs,Texas State Bobcats,totals,over,57.5,0.5,pinnacle,-108.0,pinnacle,12,-108.0
2026-10-02T00:12:17Z,americanfootball_ncaaf,f73081099f845f23ea7f41ef09128cdd,2026-10-04T02:30:00Z,San Diego State Aztecs,Texas State Bobcats,totals,under,57.5,0.5,pinnacle,-104.0,williamhill_us,12,-108.0
2026-10-02T00:12:17Z,americanfootball_ncaaf,f73081099f845f23ea7f41ef09128cdd,2026-10-04T02:30:00Z,San Diego State Aztecs,Texas State Bobcats,spreads,home,8.0,0.5,consenso,-106.0,lowvig,9,
2026-10-02T00:12:17Z,americanfootball_ncaaf,f73081099f845f23ea7f41ef09128cdd,2026-10-04T02:30:00Z,San Diego State Aztecs,Texas State Bobcats,spreads,away,8.0,0.5,consenso,-106.0,lowvig,9,
2026-10-02T00:12:17Z,americanfootball_ncaaf,63dded0ee467d6f6d03c41673569238d,2026-10-04T03:00:00Z,Arizona Wildcats,Cincinnati Bearcats,h2h,home,,0.6875,pinnacle,-238.0,lowvig,20,-250.0
2026-10-02T00:12:17Z,americanfootball_ncaaf,63dded0ee467d6f6d03c41673569238d,2026-10-04T03:00:00Z,Arizona Wildcats,Cincinnati Bearcats,h2h,away,,0.3125,pinnacle,215.0,betrivers,20,208.0
2026-10-02T00:12:17Z,americanfootball_ncaaf,63dded0ee467d6f6d03c41673569238d,2026-10-04T03:00:00Z,Arizona Wildcats,Cincinnati Bearcats,totals,over,56.5,0.5,consenso,-106.0,fanduel,7,
2026-10-02T00:12:17Z,americanfootball_ncaaf,63dded0ee467d6f6d03c41673569238d,2026-10-04T03:00:00Z,Arizona Wildcats,Cincinnati Bearcats,totals,under,56.5,0.5,consenso,-108.0,lowvig,7,
2026-10-02T00:12:17Z,americanfootball_ncaaf,63dded0ee467d6f6d03c41673569238d,2026-10-04T03:00:00Z,Arizona Wildcats,Cincinnati Bearcats,spreads,home,-6.5,0.5113,pinnacle,-109.0,williamhill_us,13,-112.0
2026-10-02T00:12:17Z,americanfootball_ncaaf,63dded0ee467d6f6d03c41673569238d,2026-10-04T03:00:00Z,Arizona Wildcats,Cincinnati Bearcats,spreads,away,-6.5,0.4887,pinnacle,102.0,lowvig,13,-102.0
2026-10-02T00:12:17Z,americanfootball_ncaaf,4d9e59b57798afb31927c84e1f6dc25e,2026-10-04T03:59:00Z,Hawaii Rainbow Warriors,San Jose State Spartans,h2h,home,,0.599,pinnacle,-148.0,williamhill_us,20,-163.0
2026-10-02T00:12:17Z,americanfootball_ncaaf,4d9e59b57798afb31927c84e1f6dc25e,2026-10-04T03:59:00Z,Hawaii Rainbow Warriors,San Jose State Spartans,h2h,away,,0.401,pinnacle,143.0,unibet_se,20,141.0
2026-10-02T00:12:17Z,americanfootball_ncaaf,4d9e59b57798afb31927c84e1f6dc25e,2026-10-04T03:59:00Z,Hawaii Rainbow Warriors,San Jose State Spartans,totals,over,51.0,0.5,consenso,-108.0,lowvig,8,
2026-10-02T00:12:17Z,americanfootball_ncaaf,4d9e59b57798afb31927c84e1f6dc25e,2026-10-04T03:59:00Z,Hawaii Rainbow Warriors,San Jose State Spartans,totals,under,51.0,0.5,consenso,-108.0,lowvig,8,
