game_id,game_date,liga,season,tipo,team,opp,is_home,player_id,jugador,posicion,titular,assists,blocks,defensiveRebounds,fieldGoalsAttempted,fieldGoalsMade,fouls,freeThrowsAttempted,freeThrowsMade,minutes,offensiveRebounds,plusMinus,points,rebounds,steals,threePointFieldGoalsAttempted,threePointFieldGoalsMade,turnovers
401866754,2026-04-14,nba,2026,5,Portland Trail Blazers,Phoenix Suns,0,4431736,Toumani Camara,F,1,0,0,3,9,3,5,0,0,36,1,-6,8,4,4,7,2,1
401866754,2026-04-14,nba,2026,5,Portland Trail Blazers,Phoenix Suns,0,4683021,Deni Avdija,F,1,12,2,7,22,15,4,13,8,38,0,13,41,7,0,8,3,5
401866754,2026-04-14,nba,2026,5,Portland Trail Blazers,Phoenix Suns,0,5105565,Donovan Clingan,C,1,4,3,5,6,1,2,0,0,29,6,8,2,11,1,3,0,0
401866754,2026-04-14,nba,2026,5,Portland Trail Blazers,Phoenix Suns,0,3995,Jrue Holiday,G,1,4,0,3,18,7,2,4,3,38,1,-1,21,4,0,11,4,4
401866754,2026-04-14,nba,2026,5,Portland Trail Blazers,Phoenix Suns,0,4683678,Scoot Henderson,G,1,2,1,2,6,3,2,2,2,17,1,8,9,3,2,3,1,2
401866754,2026-04-14,nba,2026,5,Portland Trail Blazers,Phoenix Suns,0,2991070,Jerami Grant,F,0,0,1,2,12,5,4,2,2,19,0,-4,16,2,1,8,4,1
401866754,2026-04-14,nba,2026,5,Portland Trail Blazers,Phoenix Suns,0,4594326,Kris Murray,F,0,3,1,2,0,0,1,0,0,12,1,10,0,3,0,0,0,0
401866754,2026-04-14,nba,2026,5,Portland Trail Blazers,Phoenix Suns,0,4066211,Robert Williams III,C,0,1,1,4,6,1,3,0,0,16,3,-14,2,7,1,1,0,0
401866754,2026-04-14,nba,2026,5,Portland Trail Blazers,Phoenix Suns,0,3907498,Matisse Thybulle,G,0,0,1,0,2,1,2,0,0,13,0,-13,3,0,0,1,1,0
401866754,2026-04-14,nba,2026,5,Portland Trail Blazers,Phoenix Suns,0,4914336,Shaedon Sharpe,G,0,1,0,1,7,4,2,2,2,21,0,19,12,1,0,5,2,2
401866754,2026-04-14,nba,2026,5,Portland Trail Blazers,Phoenix Suns,0,5217746,Yang Hansen,C,0,,,,,,,,,,,,,,,,,
401866754,2026-04-14,nba,2026,5,Portland Trail Blazers,Phoenix Suns,0,4578893,Vit Krejci,G,0,,,,,,,,,,,,,,,,,
401866754,2026-04-14,nba,2026,5,Portland Trail Blazers,Phoenix Suns,0,4683935,Blake Wesley,G,0,,,,,,,,,,,,,,,,,
401866754,2026-04-14,nba,2026,5,Portland Trail Blazers,Phoenix Suns,0,5081727,Sidy Cissoko,G,0,,,,,,,,,,,,,,,,,
401866754,2026-04-14,nba,2026,5,Phoenix Suns,Portland Trail Blazers,1,3155526,Dillon Brooks,F,1,2,0,5,10,6,6,6,6,37,2,9,20,7,4,4,2,1
401866754,2026-04-14,nba,2026,5,Phoenix Suns,Portland Trail Blazers,1,4701232,Mark Williams,C,1,2,3,3,3,2,1,0,0,22,1,-2,4,4,0,0,0,0
401866754,2026-04-14,nba,2026,5,Phoenix Suns,Portland Trail Blazers,1,3136193,Devin Booker,G,1,4,0,1,17,7,5,13,8,38,0,-3,22,1,1,2,0,2
401866754,2026-04-14,nba,2026,5,Phoenix Suns,Portland Trail Blazers,1,4278402,Jordan Goodwin,G,1,0,0,3,7,4,2,3,1,29,1,0,12,4,1,6,3,2
401866754,2026-04-14,nba,2026,5,Phoenix Suns,Portland Trail Blazers,1,4437244,Jalen Green,G,1,2,1,5,29,14,2,6,5,39,0,-5,35,5,0,7,2,5
401866754,2026-04-14,nba,2026,5,Phoenix Suns,Portland Trail Blazers,1,2583632,Royce O'Neale,F,0,3,0,7,5,3,3,0,0,24,1,-12,7,8,4,3,1,0
401866754,2026-04-14,nba,2026,5,Phoenix Suns,Portland Trail Blazers,1,4601023,Oso Ighodaro,F,0,6,0,1,2,1,3,2,1,23,0,3,3,1,1,0,0,2
401866754,2026-04-14,nba,2026,5,Phoenix Suns,Portland Trail Blazers,1,4888725,Ryan Dunn,F,0,1,1,2,2,1,1,0,0,9,2,-10,2,4,0,0,0,0
401866754,2026-04-14,nba,2026,5,Phoenix Suns,Portland Trail Blazers,1,4278585,Collin Gillespie,G,0,0,1,2,4,1,1,2,2,20,2,0,5,4,1,3,1,1
401866754,2026-04-14,nba,2026,5,Phoenix Suns,Portland Trail Blazers,1,4291678,Haywood Highsmith,F,0,,,,,,,,,,,,,,,,,
401866754,2026-04-14,nba,2026,5,Phoenix Suns,Portland Trail Blazers,1,5105977,Rasheer Fleming,F,0,,,,,,,,,,,,,,,,,
401866754,2026-04-14,nba,2026,5,Phoenix Suns,Portland Trail Blazers,1,5203685,Khaman Maluach,C,0,,,,,,,,,,,,,,,,,
401866754,2026-04-14,nba,2026,5,Phoenix Suns,Portland Trail Blazers,1,4066387,Amir Coffey,G,0,,,,,,,,,,,,,,,,,
401866754,2026-04-14,nba,2026,5,Phoenix Suns,Portland Trail Blazers,1,4280245,Jamaree Bouyea,G,0,,,,,,,,,,,,,,,,,
401866755,2026-04-14,nba,2026,5,Miami Heat,Charlotte Hornets,0,3059319,Andrew Wiggins,F,1,3,0,5,18,10,2,3,3,42,2,-6,27,7,0,8,4,0
401866755,2026-04-14,nba,2026,5,Miami Heat,Charlotte Hornets,0,4066261,Bam Adebayo,C,1,1,0,3,3,3,0,0,0,11,0,1,6,3,1,0,0,0
401866755,2026-04-14,nba,2026,5,Miami Heat,Charlotte Hornets,0,5105623,Kel'el Ware,C,1,4,5,13,12,5,1,0,0,42,6,-5,12,19,0,8,2,0
401866755,2026-04-14,nba,2026,5,Miami Heat,Charlotte Hornets,0,4278053,Davion Mitchell,G,1,6,1,3,24,12,2,0,0,48,1,-6,28,4,2,9,4,0
401866755,2026-04-14,nba,2026,5,Miami Heat,Charlotte Hornets,0,4395725,Tyler Herro,G,1,6,0,3,18,7,1,6,6,34,0,-2,23,3,0,6,3,2
401866755,2026-04-14,nba,2026,5,Miami Heat,Charlotte Hornets,0,3899664,Simone Fontecchio,F,0,0,1,1,1,0,0,0,0,6,0,3,0,1,0,1,0,0
401866755,2026-04-14,nba,2026,5,Miami Heat,Charlotte Hornets,0,4432848,Jaime Jaquez Jr.,F,0,8,1,5,14,5,2,2,1,41,1,4,13,6,0,6,2,1
401866755,2026-04-14,nba,2026,5,Miami Heat,Charlotte Hornets,0,2595516,Norman Powell,G,0,1,0,1,9,5,1,0,0,19,1,11,11,2,0,2,1,2
401866755,2026-04-14,nba,2026,5,Miami Heat,Charlotte Hornets,0,4601025,Pelle Larsson,G,0,3,0,2,4,2,0,3,2,22,1,-5,6,3,1,1,0,2
401866755,2026-04-14,nba,2026,5,Miami Heat,Charlotte Hornets,0,4431772,Myron Gardner,F,0,,,,,,,,,,,,,,,,,
401866755,2026-04-14,nba,2026,5,Miami Heat,Charlotte Hornets,0,4431786,Keshad Johnson,F,0,,,,,,,,,,,,,,,,,
401866755,2026-04-14,nba,2026,5,Miami Heat,Charlotte Hornets,0,4997528,Nikola Jovic,F,0,,,,,,,,,,,,,,,,,
401866755,2026-04-14,nba,2026,5,Miami Heat,Charlotte Hornets,0,4066993,Dru Smith,G,0,,,,,,,,,,,,,,,,,
401866755,2026-04-14,nba,2026,5,Miami Heat,Charlotte Hornets,0,4433133,Jahmir Young,G,0,,,,,,,,,,,,,,,,,
401866755,2026-04-14,nba,2026,5,Miami Heat,Charlotte Hornets,0,5214640,Kasparas Jakucionis,G,0,,,,,,,,,,,,,,,,,
401866755,2026-04-14,nba,2026,5,Charlotte Hornets,Miami Heat,1,4066383,Miles Bridges,F,1,2,3,9,18,10,2,3,3,43,0,-7,28,9,1,10,5,0
401866755,2026-04-14,nba,2026,5,Charlotte Hornets,Miami Heat,1,4433249,Moussa Diabate,F,1,1,1,6,5,4,1,0,0,36,8,-17,8,14,0,0,0,1
401866755,2026-04-14,nba,2026,5,Charlotte Hornets,Miami Heat,1,4433287,Brandon Miller,F,1,5,2,3,17,9,4,0,0,37,2,5,23,5,0,10,5,1
401866755,2026-04-14,nba,2026,5,Charlotte Hornets,Miami Heat,1,4432816,LaMelo Ball,G,1,10,1,5,31,12,5,4,4,40,0,15,30,5,1,16,2,3
401866755,2026-04-14,nba,2026,5,Charlotte Hornets,Miami Heat,1,5061575,Kon Knueppel,G,1,1,0,4,12,2,4,2,2,34,1,-20,6,5,0,6,0,0
401866755,2026-04-14,nba,2026,5,Charlotte Hornets,Miami Heat,1,4066218,Grant Williams,F,0,0,0,1,8,2,2,0,0,18,1,-2,5,2,0,5,1,0
401866755,2026-04-14,nba,2026,5,Charlotte Hornets,Miami Heat,1,4576060,Ryan Kalkbrenner,C,0,1,0,1,4,3,0,0,0,13,4,12,6,5,0,0,0,0
401866755,2026-04-14,nba,2026,5,Charlotte Hornets,Miami Heat,1,4395651,Coby White,G,0,3,0,5,15,7,1,0,0,26,0,21,19,5,2,8,5,1
401866755,2026-04-14,nba,2026,5,Charlotte Hornets,Miami Heat,1,4432811,Josh Green,G,0,0,0,0,1,0,2,0,0,5,1,0,0,1,0,0,0,0
401866755,2026-04-14,nba,2026,5,Charlotte Hornets,Miami Heat,1,4602025,Sion James,G,0,3,0,3,2,1,0,0,0,13,0,-2,2,3,0,1,0,0
401866755,2026-04-14,nba,2026,5,Charlotte Hornets,Miami Heat,1,4277964,Xavier Tillman,F,0,,,,,,,,,,,,,,,,,
401866755,2026-04-14,nba,2026,5,Charlotte Hornets,Miami Heat,1,5211176,Tidjane Salaun,F,0,,,,,,,,,,,,,,,,,
401866755,2026-04-14,nba,2026,5,Charlotte Hornets,Miami Heat,1,2578239,Pat Connaughton,G,0,,,,,,,,,,,,,,,,,
401866755,2026-04-14,nba,2026,5,Charlotte Hornets,Miami Heat,1,4432819,Tre Mann,G,0,,,,,,,,,,,,,,,,,
401866755,2026-04-14,nba,2026,5,Charlotte Hornets,Miami Heat,1,5239590,Liam McNeeley,G,0,,,,,,,,,,,,,,,,,
401866756,2026-04-15,nba,2026,5,Golden State Warriors,LA Clippers,0,6589,Draymond Green,F,1,9,0,6,5,3,2,0,0,35,0,0,7,6,4,3,1,3
401866756,2026-04-15,nba,2026,5,Golden State Warriors,LA Clippers,0,4997536,Gui Santos,F,1,5,0,3,13,9,2,0,0,32,3,16,20,6,1,4,2,5
401866756,2026-04-15,nba,2026,5,Golden State Warriors,LA Clippers,0,3102531,Kristaps Porzingis,C,1,5,2,2,12,8,1,3,1,28,3,-4,20,5,1,6,3,1
401866756,2026-04-15,nba,2026,5,Golden State Warriors,LA Clippers,0,3975,Stephen Curry,G,1,4,0,1,23,12,4,5,4,36,0,9,35,1,1,12,7,3
401866756,2026-04-15,nba,2026,5,Golden State Warriors,LA Clippers,0,4709138,Brandin Podziemski,G,1,2,1,5,11,5,2,8,5,41,2,10,17,7,1,7,2,4
401866756,2026-04-15,nba,2026,5,Golden State Warriors,LA Clippers,0,3213,Al Horford,C,0,0,0,3,8,5,2,0,0,22,0,-7,14,3,0,7,4,2
401866756,2026-04-15,nba,2026,5,Golden State Warriors,LA Clippers,0,3074213,Omer Yurtseven,C,0,0,0,0,0,0,0,0,0,,0,0,0,0,0,0,0,0
401866756,2026-04-15,nba,2026,5,Golden State Warriors,LA Clippers,0,3134903,Gary Payton II,G,0,1,0,2,4,2,2,3,2,24,1,8,6,3,2,0,0,0
401866756,2026-04-15,nba,2026,5,Golden State Warriors,LA Clippers,0,4066436,De'Anthony Melton,G,0,3,0,4,7,3,4,2,1,23,1,-7,7,5,2,2,0,2
401866756,2026-04-15,nba,2026,5,Golden State Warriors,LA Clippers,0,4397886,Charles Bassey,C,0,,,,,,,,,,,,,,,,,
401866756,2026-04-15,nba,2026,5,Golden State Warriors,LA Clippers,0,2326307,Seth Curry,G,0,,,,,,,,,,,,,,,,,
401866756,2026-04-15,nba,2026,5,Golden State Warriors,LA Clippers,0,4592714,Pat Spencer,G,0,,,,,,,,,,,,,,,,,
401866756,2026-04-15,nba,2026,5,Golden State Warriors,LA Clippers,0,4897262,Will Richard,G,0,,,,,,,,,,,,,,,,,
401866756,2026-04-15,nba,2026,5,LA Clippers,Golden State Warriors,1,6450,Kawhi Leonard,F,1,3,0,7,17,8,2,4,4,40,0,6,21,7,0,6,1,5
401866756,2026-04-15,nba,2026,5,LA Clippers,Golden State Warriors,1,3936099,Derrick Jones Jr.,F,1,1,1,1,9,5,3,2,2,23,1,-7,13,2,3,4,1,0
401866756,2026-04-15,nba,2026,5,LA Clippers,Golden State Warriors,1,3448,Brook Lopez,C,1,1,1,3,16,7,2,2,2,37,2,-7,17,5,2,6,1,0
401866756,2026-04-15,nba,2026,5,LA Clippers,Golden State Warriors,1,2991139,Kris Dunn,G,1,10,0,2,5,3,4,0,0,32,1,-9,7,3,3,2,1,1
401866756,2026-04-15,nba,2026,5,LA Clippers,Golden State Warriors,1,4396907,Darius Garland,G,1,8,0,3,15,8,6,3,3,31,2,-9,21,5,1,4,2,2
401866756,2026-04-15,nba,2026,5,LA Clippers,Golden State Warriors,1,3908845,John Collins,F,0,0,1,8,8,5,0,0,0,21,1,-4,11,9,2,3,1,3
401866756,2026-04-15,nba,2026,5,LA Clippers,Golden State Warriors,1,4396818,Jordan Miller,G,0,2,0,0,2,1,2,2,2,15,2,0,5,2,1,1,1,1
401866756,2026-04-15,nba,2026,5,LA Clippers,Golden State Warriors,1,4683634,Bennedict Mathurin,G,0,2,0,3,11,7,3,4,4,30,0,-4,23,3,3,6,5,4
401866756,2026-04-15,nba,2026,5,LA Clippers,Golden State Warriors,1,4702352,Kobe Sanders,G,0,3,0,0,3,1,1,0,0,11,0,9,3,0,0,3,1,1
401866756,2026-04-15,nba,2026,5,LA Clippers,Golden State Warriors,1,3416,Nicolas Batum,F,0,,,,,,,,,,,,,,,,,
401866756,2026-04-15,nba,2026,5,LA Clippers,Golden State Warriors,1,4432170,Isaiah Jackson,F,0,,,,,,,,,,,,,,,,,
401866756,2026-04-15,nba,2026,5,LA Clippers,Golden State Warriors,1,3037789,Bogdan Bogdanovic,G,0,,,,,,,,,,,,,,,,,
401866756,2026-04-15,nba,2026,5,LA Clippers,Golden State Warriors,1,4845363,Cam Christie,G,0,,,,,,,,,,,,,,,,,
401866757,2026-04-15,nba,2026,5,Orlando Magic,Philadelphia 76ers,0,4432573,Paolo Banchero,F,1,4,1,4,22,7,3,6,4,36,1,-17,18,5,0,5,0,6
401866757,2026-04-15,nba,2026,5,Orlando Magic,Philadelphia 76ers,0,4566434,Franz Wagner,F,1,3,0,3,11,5,4,2,2,29,1,1,12,4,0,2,0,0
401866757,2026-04-15,nba,2026,5,Orlando Magic,Philadelphia 76ers,0,4277847,Wendell Carter Jr.,C,1,1,2,7,7,1,2,4,3,32,4,-14,5,11,1,2,0,0
401866757,2026-04-15,nba,2026,5,Orlando Magic,Philadelphia 76ers,0,4066320,Desmond Bane,G,1,3,1,3,16,10,3,11,10,40,0,-11,34,3,0,6,4,5
401866757,2026-04-15,nba,2026,5,Orlando Magic,Philadelphia 76ers,0,4432165,Jalen Suggs,G,1,4,0,6,9,1,3,1,1,37,0,-14,4,6,3,6,1,1
401866757,2026-04-15,nba,2026,5,Orlando Magic,Philadelphia 76ers,0,4278572,Jamal Cain,F,0,1,0,2,5,2,1,0,0,15,0,-7,5,2,0,2,1,0
401866757,2026-04-15,nba,2026,5,Orlando Magic,Philadelphia 76ers,0,4702382,Tristan da Silva,F,0,0,0,2,2,2,0,0,0,14,0,2,4,2,0,0,0,1
401866757,2026-04-15,nba,2026,5,Orlando Magic,Philadelphia 76ers,0,4348700,Goga Bitadze,C,0,0,0,0,1,1,2,0,0,15,2,2,2,2,1,0,0,0
401866757,2026-04-15,nba,2026,5,Orlando Magic,Philadelphia 76ers,0,4712849,Anthony Black,G,0,3,0,5,8,4,3,7,4,22,1,-2,13,6,0,4,1,1
401866757,2026-04-15,nba,2026,5,Orlando Magic,Philadelphia 76ers,0,5214637,Noah Penda,F,0,,,,,,,,,,,,,,,,,
401866757,2026-04-15,nba,2026,5,Orlando Magic,Philadelphia 76ers,0,3150844,Moritz Wagner,C,0,,,,,,,,,,,,,,,,,
401866757,2026-04-15,nba,2026,5,Orlando Magic,Philadelphia 76ers,0,4397204,Colin Castleton,C,0,,,,,,,,,,,,,,,,,
401866757,2026-04-15,nba,2026,5,Orlando Magic,Philadelphia 76ers,0,3133635,Jevon Carter,G,0,,,,,,,,,,,,,,,,,
401866757,2026-04-15,nba,2026,5,Orlando Magic,Philadelphia 76ers,0,4593034,Alex Morales,G,0,,,,,,,,,,,,,,,,,
401866757,2026-04-15,nba,2026,5,Orlando Magic,Philadelphia 76ers,0,5105806,Jett Howard,G,0,,,,,,,,,,,,,,,,,
401866757,2026-04-15,nba,2026,5,Orlando Magic,Philadelphia 76ers,0,5239561,Jase Richardson,G,0,,,,,,,,,,,,,,,,,
401866757,2026-04-15,nba,2026,5,Philadelphia 76ers,Orlando Magic,1,4251,Paul George,F,1,5,0,5,16,6,4,4,3,36,0,16,16,5,2,6,1,0
401866757,2026-04-15,nba,2026,5,Philadelphia 76ers,Orlando Magic,1,5105637,Adem Bona,C,1,0,3,2,1,0,3,2,2,16,1,3,2,3,0,0,0,0
401866757,2026-04-15,nba,2026,5,Philadelphia 76ers,Orlando Magic,1,3133603,Kelly Oubre Jr.,G,1,1,0,3,12,6,3,2,2,40,0,19,19,3,1,10,5,2
401866757,2026-04-15,nba,2026,5,Philadelphia 76ers,Orlando Magic,1,4431678,Tyrese Maxey,G,1,6,1,2,25,11,3,8,6,42,0,11,31,2,1,9,3,3
401866757,2026-04-15,nba,2026,5,Philadelphia 76ers,Orlando Magic,1,5124612,VJ Edgecombe,G,1,1,0,11,16,7,4,5,4,42,0,11,19,11,1,5,1,4
401866757,2026-04-15,nba,2026,5,Philadelphia 76ers,Orlando Magic,1,4870562,Dominick Barlow,F,0,0,1,0,4,2,5,0,0,10,2,-6,4,2,0,1,0,2
401866757,2026-04-15,nba,2026,5,Philadelphia 76ers,Orlando Magic,1,6585,Andre Drummond,C,0,2,3,7,8,5,2,2,2,31,3,9,14,10,3,3,2,0
401866757,2026-04-15,nba,2026,5,Philadelphia 76ers,Orlando Magic,1,4397014,Quentin Grimes,G,0,2,1,3,3,1,3,2,2,22,1,-3,4,4,0,1,0,0
401866757,2026-04-15,nba,2026,5,Philadelphia 76ers,Orlando Magic,1,4431675,Trendon Watford,F,0,,,,,,,,,,,,,,,,,
401866757,2026-04-15,nba,2026,5,Philadelphia 76ers,Orlando Magic,1,4432179,MarJon Beauchamp,F,0,,,,,,,,,,,,,,,,,
401866757,2026-04-15,nba,2026,5,Philadelphia 76ers,Orlando Magic,1,4432446,Jabari Walker,F,0,,,,,,,,,,,,,,,,,
401866757,2026-04-15,nba,2026,5,Philadelphia 76ers,Orlando Magic,1,4711297,Justin Edwards,F,0,,,,,,,,,,,,,,,,,
401866757,2026-04-15,nba,2026,5,Philadelphia 76ers,Orlando Magic,1,3012,Kyle Lowry,G,0,,,,,,,,,,,,,,,,,
401866757,2026-04-15,nba,2026,5,Philadelphia 76ers,Orlando Magic,1,4397179,Tyrese Martin,G,0,,,,,,,,,,,,,,,,,
401866757,2026-04-15,nba,2026,5,Philadelphia 76ers,Orlando Magic,1,4433159,Dalen Terry,G,0,,,,,,,,,,,,,,,,,
401866758,2026-04-17,nba,2026,5,Charlotte Hornets,Orlando Magic,0,4066383,Miles Bridges,F,1,1,0,2,12,5,3,4,4,28,0,-29,15,2,0,6,1,3
401866758,2026-04-17,nba,2026,5,Charlotte Hornets,Orlando Magic,0,4433249,Moussa Diabate,F,1,2,3,7,4,1,3,0,0,18,1,-20,2,8,0,0,0,1
401866758,2026-04-17,nba,2026,5,Charlotte Hornets,Orlando Magic,0,4433287,Brandon Miller,F,1,1,0,3,10,5,4,0,0,29,0,-24,14,3,2,7,4,5
401866758,2026-04-17,nba,2026,5,Charlotte Hornets,Orlando Magic,0,4432816,LaMelo Ball,G,1,5,0,1,17,7,4,6,6,25,1,-9,23,2,0,8,3,3
401866758,2026-04-17,nba,2026,5,Charlotte Hornets,Orlando Magic,0,5061575,Kon Knueppel,G,1,1,0,2,10,3,3,5,4,29,1,-26,11,3,1,6,1,0
401866758,2026-04-17,nba,2026,5,Charlotte Hornets,Orlando Magic,0,4066218,Grant Williams,F,0,0,0,1,4,0,3,2,1,15,1,-10,1,2,1,4,0,1
401866758,2026-04-17,nba,2026,5,Charlotte Hornets,Orlando Magic,0,4277964,Xavier Tillman,F,0,0,0,1,1,1,0,0,0,7,1,-1,2,2,0,0,0,0
401866758,2026-04-17,nba,2026,5,Charlotte Hornets,Orlando Magic,0,5211176,Tidjane Salaun,F,0,2,0,1,4,1,1,2,1,9,1,2,4,2,0,2,1,0
401866758,2026-04-17,nba,2026,5,Charlotte Hornets,Orlando Magic,0,4576060,Ryan Kalkbrenner,C,0,1,1,2,3,0,3,2,2,18,1,-6,2,3,2,0,0,1
401866758,2026-04-17,nba,2026,5,Charlotte Hornets,Orlando Magic,0,2578239,Pat Connaughton,G,0,1,0,3,2,1,0,0,0,6,0,1,2,3,0,1,0,0
401866758,2026-04-17,nba,2026,5,Charlotte Hornets,Orlando Magic,0,4395651,Coby White,G,0,0,0,0,5,1,4,2,2,17,0,-11,4,0,0,1,0,1
401866758,2026-04-17,nba,2026,5,Charlotte Hornets,Orlando Magic,0,4432811,Josh Green,G,0,0,0,2,2,0,2,0,0,10,0,-5,0,2,0,2,0,0
401866758,2026-04-17,nba,2026,5,Charlotte Hornets,Orlando Magic,0,4432819,Tre Mann,G,0,1,0,0,3,0,0,2,2,7,0,-1,2,0,0,3,0,0
401866758,2026-04-17,nba,2026,5,Charlotte Hornets,Orlando Magic,0,4602025,Sion James,G,0,2,0,2,5,2,3,0,0,18,0,-17,6,2,0,5,2,1
401866758,2026-04-17,nba,2026,5,Charlotte Hornets,Orlando Magic,0,5239590,Liam McNeeley,G,0,0,0,0,1,1,0,0,0,6,0,1,2,0,1,0,0,0
401866758,2026-04-17,nba,2026,5,Orlando Magic,Charlotte Hornets,1,4432573,Paolo Banchero,F,1,6,1,5,17,9,2,8,5,33,0,17,25,5,2,6,2,2
401866758,2026-04-17,nba,2026,5,Orlando Magic,Charlotte Hornets,1,4566434,Franz Wagner,F,1,6,0,7,10,5,2,10,8,25,0,29,18,7,1,1,0,2
401866758,2026-04-17,nba,2026,5,Orlando Magic,Charlotte Hornets,1,4277847,Wendell Carter Jr.,C,1,1,1,3,7,6,2,4,2,27,3,16,16,6,0,2,2,2
401866758,2026-04-17,nba,2026,5,Orlando Magic,Charlotte Hornets,1,4066320,Desmond Bane,G,1,0,0,7,14,4,2,5,5,35,0,30,13,7,3,3,0,1
401866758,2026-04-17,nba,2026,5,Orlando Magic,Charlotte Hornets,1,4432165,Jalen Suggs,G,1,6,1,5,8,5,6,0,0,22,0,25,12,5,0,5,2,3
401866758,2026-04-17,nba,2026,5,Orlando Magic,Charlotte Hornets,1,4278572,Jamal Cain,F,0,0,0,0,3,3,2,4,3,12,1,4,9,1,0,0,0,1
401866758,2026-04-17,nba,2026,5,Orlando Magic,Charlotte Hornets,1,4702382,Tristan da Silva,F,0,1,0,2,4,2,5,0,0,19,1,8,5,3,0,2,1,1
401866758,2026-04-17,nba,2026,5,Orlando Magic,Charlotte Hornets,1,5214637,Noah Penda,F,0,0,0,0,2,2,0,0,0,6,0,-1,4,0,0,0,0,0
401866758,2026-04-17,nba,2026,5,Orlando Magic,Charlotte Hornets,1,3150844,Moritz Wagner,C,0,0,0,3,2,0,0,0,0,6,0,-1,0,3,0,1,0,0
401866758,2026-04-17,nba,2026,5,Orlando Magic,Charlotte Hornets,1,4348700,Goga Bitadze,C,0,2,4,1,2,2,3,3,3,16,3,16,7,4,0,0,0,1
401866758,2026-04-17,nba,2026,5,Orlando Magic,Charlotte Hornets,1,3133635,Jevon Carter,G,0,0,0,0,0,0,0,0,0,2,0,5,0,0,0,0,0,0
401866758,2026-04-17,nba,2026,5,Orlando Magic,Charlotte Hornets,1,4712849,Anthony Black,G,0,3,1,2,10,2,5,3,3,27,3,9,7,5,0,4,0,0
401866758,2026-04-17,nba,2026,5,Orlando Magic,Charlotte Hornets,1,5105806,Jett Howard,G,0,0,0,1,3,1,1,0,0,6,0,-1,3,1,0,2,1,1
401866758,2026-04-17,nba,2026,5,Orlando Magic,Charlotte Hornets,1,5239561,Jase Richardson,G,0,2,0,2,2,1,1,0,0,6,0,-1,2,2,0,1,0,0
401866759,2026-04-17,nba,2026,5,Golden State Warriors,Phoenix Suns,0,6589,Draymond Green,F,1,6,0,2,4,2,6,2,1,36,0,-13,5,2,1,2,0,5
401866759,2026-04-17,nba,2026,5,Golden State Warriors,Phoenix Suns,0,4997536,Gui Santos,F,1,4,0,2,8,4,4,2,1,30,4,-8,9,6,1,3,0,2
401866759,2026-04-17,nba,2026,5,Golden State Warriors,Phoenix Suns,0,3102531,Kristaps Porzingis,C,1,0,0,1,5,3,1,4,3,15,0,-22,11,1,0,3,2,3
401866759,2026-04-17,nba,2026,5,Golden State Warriors,Phoenix Suns,0,3975,Stephen Curry,G,1,4,0,4,16,4,1,6,6,36,0,-13,17,4,2,10,3,4
401866759,2026-04-17,nba,2026,5,Golden State Warriors,Phoenix Suns,0,4709138,Brandin Podziemski,G,1,0,0,7,17,9,2,3,2,39,3,-5,23,10,1,5,3,4
401866759,2026-04-17,nba,2026,5,Golden State Warriors,Phoenix Suns,0,3213,Al Horford,C,0,2,0,4,8,3,1,2,2,26,1,-3,9,5,0,4,1,1
401866759,2026-04-17,nba,2026,5,Golden State Warriors,Phoenix Suns,0,4397886,Charles Bassey,C,0,0,0,0,0,0,0,0,0,1,0,2,0,0,0,0,0,0
401866759,2026-04-17,nba,2026,5,Golden State Warriors,Phoenix Suns,0,2326307,Seth Curry,G,0,0,0,0,0,0,0,0,0,1,0,2,0,0,0,0,0,0
401866759,2026-04-17,nba,2026,5,Golden State Warriors,Phoenix Suns,0,3134903,Gary Payton II,G,0,3,0,2,4,2,4,0,0,26,1,-10,4,3,0,1,0,0
401866759,2026-04-17,nba,2026,5,Golden State Warriors,Phoenix Suns,0,4066436,De'Anthony Melton,G,0,3,0,5,10,5,0,4,4,28,3,-9,16,8,0,4,2,1
401866759,2026-04-17,nba,2026,5,Golden State Warriors,Phoenix Suns,0,4592714,Pat Spencer,G,0,0,0,0,2,1,0,0,0,1,0,2,2,0,0,1,0,0
401866759,2026-04-17,nba,2026,5,Golden State Warriors,Phoenix Suns,0,4897262,Will Richard,G,0,0,0,0,0,0,0,0,0,1,0,2,0,0,0,0,0,0
401866759,2026-04-17,nba,2026,5,Phoenix Suns,Golden State Warriors,1,3155526,Dillon Brooks,F,1,4,0,0,14,4,4,2,2,30,1,21,13,1,0,8,3,5
401866759,2026-04-17,nba,2026,5,Phoenix Suns,Golden State Warriors,1,4601023,Oso Ighodaro,F,1,1,1,4,6,4,2,2,2,26,2,-1,10,6,1,0,0,1
401866759,2026-04-17,nba,2026,5,Phoenix Suns,Golden State Warriors,1,3136193,Devin Booker,G,1,8,0,6,12,5,4,10,10,42,0,25,20,6,1,4,0,1
401866759,2026-04-17,nba,2026,5,Phoenix Suns,Golden State Warriors,1,4278402,Jordan Goodwin,G,1,2,0,5,11,7,1,1,1,34,4,17,19,9,6,7,4,1
401866759,2026-04-17,nba,2026,5,Phoenix Suns,Golden State Warriors,1,4437244,Jalen Green,G,1,4,3,5,20,14,3,0,0,40,1,22,36,6,2,14,8,2
401866759,2026-04-17,nba,2026,5,Phoenix Suns,Golden State Warriors,1,2583632,Royce O'Neale,F,0,1,0,2,11,4,5,0,0,26,0,-4,11,2,0,10,3,1
401866759,2026-04-17,nba,2026,5,Phoenix Suns,Golden State Warriors,1,4291678,Haywood Highsmith,F,0,1,0,1,3,0,2,0,0,10,0,8,0,1,2,3,0,0
401866759,2026-04-17,nba,2026,5,Phoenix Suns,Golden State Warriors,1,4888725,Ryan Dunn,F,0,0,0,0,1,0,0,0,0,7,0,-2,0,0,1,1,0,0
401866759,2026-04-17,nba,2026,5,Phoenix Suns,Golden State Warriors,1,5105977,Rasheer Fleming,F,0,0,0,0,0,0,0,0,0,1,0,-2,0,0,0,0,0,0
401866759,2026-04-17,nba,2026,5,Phoenix Suns,Golden State Warriors,1,5203685,Khaman Maluach,C,0,0,0,2,1,0,1,0,0,5,0,2,0,2,0,1,0,0
401866759,2026-04-17,nba,2026,5,Phoenix Suns,Golden State Warriors,1,4066387,Amir Coffey,G,0,0,0,0,0,0,0,0,0,1,0,-2,0,0,0,0,0,0
401866759,2026-04-17,nba,2026,5,Phoenix Suns,Golden State Warriors,1,4278585,Collin Gillespie,G,0,2,0,1,2,1,1,0,0,17,1,-7,2,2,1,1,0,1
401866759,2026-04-17,nba,2026,5,Phoenix Suns,Golden State Warriors,1,4280245,Jamaree Bouyea,G,0,0,0,1,0,0,0,0,0,1,0,-2,0,1,0,0,0,0
401866759,2026-04-17,nba,2026,5,Phoenix Suns,Golden State Warriors,1,3135045,Grayson Allen,G,0,,,,,,,,,,,,,,,,,
401869187,2026-04-18,nba,2026,POST,Toronto Raptors,Cleveland Cavaliers,0,3913176,Brandon Ingram,F,1,4,1,2,9,5,2,10,7,36,0,-19,17,2,0,1,0,1
401869187,2026-04-18,nba,2026,POST,Toronto Raptors,Cleveland Cavaliers,0,4395625,RJ Barrett,F,1,3,0,2,13,7,2,9,7,31,0,-16,24,2,1,6,3,4
401869187,2026-04-18,nba,2026,POST,Toronto Raptors,Cleveland Cavaliers,0,4433134,Scottie Barnes,F,1,7,0,1,14,6,2,9,6,32,0,-22,21,1,0,4,3,5
401869187,2026-04-18,nba,2026,POST,Toronto Raptors,Cleveland Cavaliers,0,3134908,Jakob Poeltl,C,1,2,2,6,2,1,3,2,2,21,0,0,4,6,1,0,0,2
401869187,2026-04-18,nba,2026,POST,Toronto Raptors,Cleveland Cavaliers,0,4432241,Jamal Shead,G,1,2,0,1,11,6,4,1,0,28,0,-6,17,1,0,6,5,2
401869187,2026-04-18,nba,2026,POST,Toronto Raptors,Cleveland Cavaliers,0,4278580,Sandro Mamukelashvili,F,0,2,0,5,3,1,5,0,0,20,3,-4,3,8,1,2,1,0
401869187,2026-04-18,nba,2026,POST,Toronto Raptors,Cleveland Cavaliers,0,4431684,Trayce Jackson-Davis,F,0,0,0,0,0,0,1,2,2,2,0,2,2,0,0,0,0,1
401869187,2026-04-18,nba,2026,POST,Toronto Raptors,Cleveland Cavaliers,0,4431893,Jamison Battle,F,0,0,0,0,1,0,0,0,0,3,0,6,0,0,0,1,0,0
401869187,2026-04-18,nba,2026,POST,Toronto Raptors,Cleveland Cavaliers,0,5093267,Collin Murray-Boyles,F,0,4,0,3,8,7,0,0,0,20,1,-15,14,4,0,1,0,1
401869187,2026-04-18,nba,2026,POST,Toronto Raptors,Cleveland Cavaliers,0,5107897,Jonathan Mogbo,F,0,0,0,0,1,1,0,0,0,2,0,2,2,0,0,0,0,0
401869187,2026-04-18,nba,2026,POST,Toronto Raptors,Cleveland Cavaliers,0,4067017,A.J. Lawson,G,0,3,1,0,4,1,4,0,0,14,0,11,2,0,0,2,0,1
401869187,2026-04-18,nba,2026,POST,Toronto Raptors,Cleveland Cavaliers,0,4684272,Ja'Kobe Walter,G,0,2,0,2,5,2,0,2,2,28,0,-6,7,2,0,4,1,0
401869187,2026-04-18,nba,2026,POST,Toronto Raptors,Cleveland Cavaliers,0,5106258,Gradey Dick,G,0,0,0,1,0,0,0,0,0,2,0,2,0,1,0,0,0,0
401869187,2026-04-18,nba,2026,POST,Toronto Raptors,Cleveland Cavaliers,0,4023,Garrett Temple,G,0,,,,,,,,,,,,,,,,,
401869187,2026-04-18,nba,2026,POST,Cleveland Cavaliers,Toronto Raptors,1,3912848,Dean Wade,F,1,1,0,2,3,2,2,0,0,23,1,20,5,3,2,2,1,0
401869187,2026-04-18,nba,2026,POST,Cleveland Cavaliers,Toronto Raptors,1,4066328,Jarrett Allen,C,1,0,0,6,7,5,3,2,0,28,1,8,10,7,1,0,0,0
401869187,2026-04-18,nba,2026,POST,Cleveland Cavaliers,Toronto Raptors,1,4432158,Evan Mobley,C,1,4,0,5,9,6,2,6,4,33,2,12,17,7,0,2,1,2
401869187,2026-04-18,nba,2026,POST,Cleveland Cavaliers,Toronto Raptors,1,3992,James Harden,G,1,10,0,2,18,8,2,2,2,33,0,6,22,2,2,7,4,4
401869187,2026-04-18,nba,2026,POST,Cleveland Cavaliers,Toronto Raptors,1,3908809,Donovan Mitchell,G,1,4,0,2,20,11,2,7,6,31,1,16,32,3,2,7,4,4
401869187,2026-04-18,nba,2026,POST,Cleveland Cavaliers,Toronto Raptors,1,2580365,Larry Nance Jr.,F,0,0,0,0,0,0,0,0,0,2,0,-2,0,0,0,0,0,1
401869187,2026-04-18,nba,2026,POST,Cleveland Cavaliers,Toronto Raptors,1,5106268,Nae'Qwan Tomlin,F,0,0,0,0,1,1,2,0,0,2,0,-2,2,0,0,0,0,1
401869187,2026-04-18,nba,2026,POST,Cleveland Cavaliers,Toronto Raptors,1,3032979,Dennis Schroder,G,0,2,0,1,4,1,4,0,0,13,0,-2,2,1,0,2,0,1
401869187,2026-04-18,nba,2026,POST,Cleveland Cavaliers,Toronto Raptors,1,4065778,Max Strus,G,0,0,0,2,10,8,5,4,4,24,1,8,24,3,0,6,4,2
401869187,2026-04-18,nba,2026,POST,Cleveland Cavaliers,Toronto Raptors,1,4066757,Sam Merrill,G,0,2,0,3,4,1,1,4,4,21,1,10,7,4,0,3,1,0
401869187,2026-04-18,nba,2026,POST,Cleveland Cavaliers,Toronto Raptors,1,4683747,Jaylon Tyson,G,0,1,0,0,4,0,4,2,2,14,0,-2,2,0,1,2,0,0
401869187,2026-04-18,nba,2026,POST,Cleveland Cavaliers,Toronto Raptors,1,4701233,Craig Porter Jr.,G,0,0,0,0,0,0,0,0,0,2,0,-2,0,0,0,0,0,0
401869187,2026-04-18,nba,2026,POST,Cleveland Cavaliers,Toronto Raptors,1,4702177,Keon Ellis,G,0,0,0,3,1,1,1,1,0,15,0,-5,3,3,1,1,1,0
401869187,2026-04-18,nba,2026,POST,Cleveland Cavaliers,Toronto Raptors,1,5023693,Tyrese Proctor,G,0,,,,,,,,,,,,,,,,,
401869188,2026-04-18,nba,2026,POST,Minnesota Timberwolves,Denver Nuggets,0,3064514,Julius Randle,F,1,2,0,6,16,7,4,2,2,31,1,-9,16,7,0,3,0,1
401869188,2026-04-18,nba,2026,POST,Minnesota Timberwolves,Denver Nuggets,0,4431671,Jaden McDaniels,F,1,3,0,5,14,6,4,4,4,33,3,-17,16,8,0,4,0,1
401869188,2026-04-18,nba,2026,POST,Minnesota Timberwolves,Denver Nuggets,0,3032976,Rudy Gobert,C,1,2,0,7,9,8,1,5,1,38,3,-8,17,10,1,0,0,3
401869188,2026-04-18,nba,2026,POST,Minnesota Timberwolves,Denver Nuggets,0,3934673,Donte DiVincenzo,G,1,2,0,4,9,4,3,0,0,31,0,0,12,4,2,7,4,1
401869188,2026-04-18,nba,2026,POST,Minnesota Timberwolves,Denver Nuggets,0,4594268,Anthony Edwards,G,1,7,3,9,19,7,4,7,6,38,0,-3,22,9,0,9,2,3
401869188,2026-04-18,nba,2026,POST,Minnesota Timberwolves,Denver Nuggets,0,2993874,Kyle Anderson,F,0,0,0,0,0,0,1,0,0,7,0,0,0,0,1,0,0,1
401869188,2026-04-18,nba,2026,POST,Minnesota Timberwolves,Denver Nuggets,0,4396971,Naz Reid,C,0,2,0,3,6,2,4,0,0,17,0,-7,5,3,1,2,1,2
401869188,2026-04-18,nba,2026,POST,Minnesota Timberwolves,Denver Nuggets,0,3195,Mike Conley,G,0,2,0,1,1,1,1,0,0,11,0,0,3,1,1,1,1,0
401869188,2026-04-18,nba,2026,POST,Minnesota Timberwolves,Denver Nuggets,0,4397002,Ayo Dosunmu,G,0,1,0,0,10,5,2,1,1,28,0,-8,14,0,1,7,3,1
401869188,2026-04-18,nba,2026,POST,Minnesota Timberwolves,Denver Nuggets,0,4592492,Bones Hyland,G,0,0,0,1,3,0,1,0,0,5,0,-3,0,1,0,1,0,0
401869188,2026-04-18,nba,2026,POST,Minnesota Timberwolves,Denver Nuggets,0,2968436,Joe Ingles,F,0,,,,,,,,,,,,,,,,,
401869188,2026-04-18,nba,2026,POST,Minnesota Timberwolves,Denver Nuggets,0,5105553,Julian Phillips,F,0,,,,,,,,,,,,,,,,,
401869188,2026-04-18,nba,2026,POST,Minnesota Timberwolves,Denver Nuggets,0,5279133,Joan Beringer,F,0,,,,,,,,,,,,,,,,,
401869188,2026-04-18,nba,2026,POST,Minnesota Timberwolves,Denver Nuggets,0,4432247,Jaylen Clark,G,0,,,,,,,,,,,,,,,,,
401869188,2026-04-18,nba,2026,POST,Minnesota Timberwolves,Denver Nuggets,0,4432847,Terrence Shannon Jr.,G,0,,,,,,,,,,,,,,,,,
401869188,2026-04-18,nba,2026,POST,Denver Nuggets,Minnesota Timberwolves,1,3064290,Aaron Gordon,F,1,3,0,4,10,5,3,8,6,29,4,8,17,8,0,5,1,1
401869188,2026-04-18,nba,2026,POST,Denver Nuggets,Minnesota Timberwolves,1,3138196,Cameron Johnson,F,1,1,0,0,12,5,1,0,0,33,0,5,12,0,0,7,2,1
401869188,2026-04-18,nba,2026,POST,Denver Nuggets,Minnesota Timberwolves,1,3112335,Nikola Jokic,C,1,11,0,12,19,11,3,1,1,40,1,9,25,13,1,7,2,5
401869188,2026-04-18,nba,2026,POST,Denver Nuggets,Minnesota Timberwolves,1,3936299,Jamal Murray,G,1,7,0,5,22,7,2,16,16,39,0,13,30,5,0,8,0,2
401869188,2026-04-18,nba,2026,POST,Denver Nuggets,Minnesota Timberwolves,1,4431767,Christian Braun,G,1,1,0,7,10,4,2,2,2,36,1,0,12,8,0,3,2,0
401869188,2026-04-18,nba,2026,POST,Denver Nuggets,Minnesota Timberwolves,1,4592427,Spencer Jones,F,0,0,0,0,1,1,0,3,2,9,0,2,5,0,0,1,1,0
401869188,2026-04-18,nba,2026,POST,Denver Nuggets,Minnesota Timberwolves,1,6477,Jonas Valanciunas,C,0,0,0,3,0,0,3,0,0,8,0,2,0,3,0,0,0,1
401869188,2026-04-18,nba,2026,POST,Denver Nuggets,Minnesota Timberwolves,1,2528210,Tim Hardaway Jr.,G,0,1,1,3,6,2,1,2,2,24,0,9,7,3,1,3,1,2
401869188,2026-04-18,nba,2026,POST,Denver Nuggets,Minnesota Timberwolves,1,4065670,Bruce Brown,G,0,3,0,5,7,3,2,1,1,21,2,7,8,7,5,2,1,1
401869188,2026-04-18,nba,2026,POST,Denver Nuggets,Minnesota Timberwolves,1,4431690,Zeke Nnaji,F,0,,,,,,,,,,,,,,,,,
401869188,2026-04-18,nba,2026,POST,Denver Nuggets,Minnesota Timberwolves,1,4433607,DaRon Holmes II,F,0,,,,,,,,,,,,,,,,,
401869188,2026-04-18,nba,2026,POST,Denver Nuggets,Minnesota Timberwolves,1,3135046,Tyus Jones,G,0,,,,,,,,,,,,,,,,,
401869188,2026-04-18,nba,2026,POST,Denver Nuggets,Minnesota Timberwolves,1,4398390,Jalen Pickett,G,0,,,,,,,,,,,,,,,,,
401869188,2026-04-18,nba,2026,POST,Denver Nuggets,Minnesota Timberwolves,1,4432181,Julian Strawther,G,0,,,,,,,,,,,,,,,,,
401869189,2026-04-18,nba,2026,POST,Atlanta Hawks,New York Knicks,0,4431680,Onyeka Okongwu,F,1,2,1,7,9,6,4,4,3,37,1,-12,19,8,0,6,4,2
401869189,2026-04-18,nba,2026,POST,Atlanta Hawks,New York Knicks,0,4701230,Jalen Johnson,F,1,3,0,7,19,8,3,4,4,39,0,-3,23,7,0,7,3,1
401869189,2026-04-18,nba,2026,POST,Atlanta Hawks,New York Knicks,0,2490149,CJ McCollum,G,1,1,1,3,20,11,2,2,0,34,0,-9,26,3,0,9,4,5
401869189,2026-04-18,nba,2026,POST,Atlanta Hawks,New York Knicks,0,4278039,Nickeil Alexander-Walker,G,1,4,1,1,17,6,1,4,2,39,0,-9,17,1,0,8,3,1
401869189,2026-04-18,nba,2026,POST,Atlanta Hawks,New York Knicks,0,4869342,Dyson Daniels,G,1,11,0,8,7,2,2,0,0,36,1,-3,4,9,3,2,0,2
401869189,2026-04-18,nba,2026,POST,Atlanta Hawks,New York Knicks,0,4433247,Jonathan Kuminga,F,0,1,0,3,7,3,2,3,2,27,1,-7,8,4,0,2,0,0
401869189,2026-04-18,nba,2026,POST,Atlanta Hawks,New York Knicks,0,4712863,Mouhamed Gueye,F,0,1,0,1,3,1,5,2,1,11,2,1,3,3,1,2,0,0
401869189,2026-04-18,nba,2026,POST,Atlanta Hawks,New York Knicks,0,5211175,Zaccharie Risacher,F,0,0,0,2,3,0,1,0,0,2,2,-5,0,4,0,0,0,0
401869189,2026-04-18,nba,2026,POST,Atlanta Hawks,New York Knicks,0,3137259,Gabe Vincent,G,0,2,0,0,2,1,1,0,0,15,1,-8,2,1,1,1,0,1
401869189,2026-04-18,nba,2026,POST,Atlanta Hawks,New York Knicks,0,4280151,Corey Kispert,F,0,,,,,,,,,,,,,,,,,
401869189,2026-04-18,nba,2026,POST,Atlanta Hawks,New York Knicks,0,4873201,Asa Newell,F,0,,,,,,,,,,,,,,,,,
401869189,2026-04-18,nba,2026,POST,Atlanta Hawks,New York Knicks,0,4065673,Tony Bradley,C,0,,,,,,,,,,,,,,,,,
401869189,2026-04-18,nba,2026,POST,Atlanta Hawks,New York Knicks,0,2990984,Buddy Hield,G,0,,,,,,,,,,,,,,,,,
401869189,2026-04-18,nba,2026,POST,Atlanta Hawks,New York Knicks,0,4279118,Keaton Wallace,G,0,,,,,,,,,,,,,,,,,
401869189,2026-04-18,nba,2026,POST,New York Knicks,Atlanta Hawks,1,3934719,OG Anunoby,F,1,0,0,8,9,6,3,4,4,38,0,9,18,8,1,3,2,0
401869189,2026-04-18,nba,2026,POST,New York Knicks,Atlanta Hawks,1,3136195,Karl-Anthony Towns,C,1,4,3,6,13,6,5,10,10,33,2,3,25,8,1,4,3,5
401869189,2026-04-18,nba,2026,POST,New York Knicks,Atlanta Hawks,1,3062679,Josh Hart,G,1,5,0,14,8,4,2,4,3,37,0,4,11,14,3,1,0,2
401869189,2026-04-18,nba,2026,POST,New York Knicks,Atlanta Hawks,1,3147657,Mikal Bridges,G,1,1,0,2,9,5,1,0,0,32,0,4,11,2,1,4,1,1
401869189,2026-04-18,nba,2026,POST,New York Knicks,Atlanta Hawks,1,3934672,Jalen Brunson,G,1,7,0,4,22,9,1,8,7,36,1,5,28,5,1,4,3,2
401869189,2026-04-18,nba,2026,POST,New York Knicks,Atlanta Hawks,1,4351852,Mitchell Robinson,C,0,1,2,4,1,1,1,4,1,15,0,5,3,4,0,0,0,0
401869189,2026-04-18,nba,2026,POST,New York Knicks,Atlanta Hawks,1,2528426,Jordan Clarkson,G,0,1,0,0,6,4,4,0,0,11,2,9,8,2,0,0,0,0
401869189,2026-04-18,nba,2026,POST,New York Knicks,Atlanta Hawks,1,3914044,Landry Shamet,G,0,1,0,0,6,1,3,0,0,18,1,4,3,1,0,5,1,0
401869189,2026-04-18,nba,2026,POST,New York Knicks,Atlanta Hawks,1,4431823,Miles McBride,G,0,2,0,1,6,2,4,0,0,21,0,12,6,1,0,4,2,1
401869189,2026-04-18,nba,2026,POST,New York Knicks,Atlanta Hawks,1,4610139,Jeremy Sochan,F,0,,,,,,,,,,,,,,,,,
401869189,2026-04-18,nba,2026,POST,New York Knicks,Atlanta Hawks,1,5211983,Pacome Dadiet,F,0,,,,,,,,,,,,,,,,,
401869189,2026-04-18,nba,2026,POST,New York Knicks,Atlanta Hawks,1,5289900,Mohamed Diawara,F,0,,,,,,,,,,,,,,,,,
401869189,2026-04-18,nba,2026,POST,New York Knicks,Atlanta Hawks,1,4871141,Ariel Hukporti,C,0,,,,,,,,,,,,,,,,,
401869189,2026-04-18,nba,2026,POST,New York Knicks,Atlanta Hawks,1,4277869,Jose Alvarado,G,0,,,,,,,,,,,,,,,,,
401869189,2026-04-18,nba,2026,POST,New York Knicks,Atlanta Hawks,1,4433225,Tyler Kolek,G,0,,,,,,,,,,,,,,,,,
401869190,2026-04-18,nba,2026,POST,Houston Rockets,Los Angeles Lakers,0,4432639,Jabari Smith Jr.,F,1,0,0,7,14,5,1,5,3,43,5,-7,16,12,2,9,3,1
401869190,2026-04-18,nba,2026,POST,Houston Rockets,Los Angeles Lakers,0,4871144,Alperen Sengun,C,1,6,1,4,19,6,5,9,7,36,4,-2,19,8,1,2,0,3
401869190,2026-04-18,nba,2026,POST,Houston Rockets,Los Angeles Lakers,0,4065663,Josh Okogie,G,1,1,0,0,4,2,2,2,2,26,0,-10,7,0,2,2,1,0
401869190,2026-04-18,nba,2026,POST,Houston Rockets,Los Angeles Lakers,0,4684740,Amen Thompson,G,1,7,1,3,18,7,4,6,3,43,4,0,17,7,3,1,0,2
401869190,2026-04-18,nba,2026,POST,Houston Rockets,Los Angeles Lakers,0,4711272,Reed Sheppard,G,1,8,1,1,20,6,2,0,0,36,0,-7,17,1,1,14,5,4
401869190,2026-04-18,nba,2026,POST,Houston Rockets,Los Angeles Lakers,0,3136777,Jae'Sean Tate,F,0,0,0,0,5,1,2,2,2,10,4,-5,4,4,1,1,0,0
401869190,2026-04-18,nba,2026,POST,Houston Rockets,Los Angeles Lakers,0,4433192,Tari Eason,F,0,2,0,7,7,7,4,1,0,24,3,-6,16,10,3,2,2,1
401869190,2026-04-18,nba,2026,POST,Houston Rockets,Los Angeles Lakers,0,3102529,Clint Capela,C,0,0,0,1,2,1,0,0,0,11,1,-7,2,2,0,0,0,1
401869190,2026-04-18,nba,2026,POST,Houston Rockets,Los Angeles Lakers,0,3922230,Aaron Holiday,G,0,0,0,0,4,0,2,0,0,11,0,-1,0,0,0,2,0,1
401869190,2026-04-18,nba,2026,POST,Houston Rockets,Los Angeles Lakers,0,3202,Kevin Durant,F,0,,,,,,,,,,,,,,,,,
401869190,2026-04-18,nba,2026,POST,Houston Rockets,Los Angeles Lakers,0,3209,Jeff Green,F,0,,,,,,,,,,,,,,,,,
401869190,2026-04-18,nba,2026,POST,Houston Rockets,Los Angeles Lakers,0,2578185,Dorian Finney-Smith,F,0,,,,,,,,,,,,,,,,,
401869190,2026-04-18,nba,2026,POST,Houston Rockets,Los Angeles Lakers,0,4576085,JD Davison,G,0,,,,,,,,,,,,,,,,,
401869190,2026-04-18,nba,2026,POST,Los Angeles Lakers,Houston Rockets,1,1966,LeBron James,F,1,13,1,8,15,9,3,2,0,38,0,11,19,8,2,2,1,2
401869190,2026-04-18,nba,2026,POST,Los Angeles Lakers,Houston Rockets,1,4066648,Rui Hachimura,F,1,0,2,2,10,6,3,0,0,42,0,7,14,2,3,4,2,2
401869190,2026-04-18,nba,2026,POST,Los Angeles Lakers,Houston Rockets,1,4278129,Deandre Ayton,C,1,2,1,8,10,8,1,3,3,35,3,7,19,11,0,0,0,3
401869190,2026-04-18,nba,2026,POST,Los Angeles Lakers,Houston Rockets,1,2990992,Marcus Smart,G,1,8,2,2,12,5,4,8,4,34,0,-5,15,2,1,5,1,5
401869190,2026-04-18,nba,2026,POST,Los Angeles Lakers,Houston Rockets,1,3913174,Luke Kennard,G,1,3,0,4,13,9,1,6,4,38,0,7,27,4,0,5,5,3
401869190,2026-04-18,nba,2026,POST,Los Angeles Lakers,Houston Rockets,1,4278077,Jarred Vanderbilt,F,0,0,0,5,2,1,5,0,0,18,0,4,3,5,0,2,1,0
401869190,2026-04-18,nba,2026,POST,Los Angeles Lakers,Houston Rockets,1,4592691,Jake LaRavia,F,0,3,1,2,3,1,2,4,4,18,0,9,6,2,1,1,0,1
401869190,2026-04-18,nba,2026,POST,Los Angeles Lakers,Houston Rockets,1,4397077,Jaxson Hayes,C,0,0,1,1,1,1,4,3,2,13,0,2,4,1,0,0,0,1
401869190,2026-04-18,nba,2026,POST,Los Angeles Lakers,Houston Rockets,1,4683774,Bronny James,G,0,0,0,0,0,0,2,0,0,4,0,3,0,0,0,0,0,1
401869190,2026-04-18,nba,2026,POST,Los Angeles Lakers,Houston Rockets,1,2960236,Maxi Kleber,F,0,,,,,,,,,,,,,,,,,
401869190,2026-04-18,nba,2026,POST,Los Angeles Lakers,Houston Rockets,1,4897943,Dalton Knecht,F,0,,,,,,,,,,,,,,,,,
401869190,2026-04-18,nba,2026,POST,Los Angeles Lakers,Houston Rockets,1,5060631,Adou Thiero,F,0,,,,,,,,,,,,,,,,,
401869190,2026-04-18,nba,2026,POST,Los Angeles Lakers,Houston Rockets,1,4683686,Nick Smith Jr.,G,0,,,,,,,,,,,,,,,,,
401869191,2026-04-19,nba,2026,POST,Philadelphia 76ers,Boston Celtics,0,4251,Paul George,F,1,1,0,4,8,4,1,9,8,28,0,-10,17,4,0,2,1,2
401869191,2026-04-19,nba,2026,POST,Philadelphia 76ers,Boston Celtics,0,5105637,Adem Bona,C,1,0,0,1,3,1,3,2,1,14,2,0,3,3,0,0,0,1
401869191,2026-04-19,nba,2026,POST,Philadelphia 76ers,Boston Celtics,0,3133603,Kelly Oubre Jr.,G,1,2,0,6,14,5,2,1,0,31,1,-21,10,7,0,5,0,1
401869191,2026-04-19,nba,2026,POST,Philadelphia 76ers,Boston Celtics,0,4431678,Tyrese Maxey,G,1,8,0,1,20,8,4,5,4,37,0,-29,21,1,0,4,1,3
401869191,2026-04-19,nba,2026,POST,Philadelphia 76ers,Boston Celtics,0,5124612,VJ Edgecombe,G,1,3,0,0,16,6,2,1,1,34,3,-26,13,3,2,5,0,2
401869191,2026-04-19,nba,2026,POST,Philadelphia 76ers,Boston Celtics,0,4431675,Trendon Watford,F,0,0,0,1,4,3,0,0,0,7,0,-1,6,1,0,0,0,0
401869191,2026-04-19,nba,2026,POST,Philadelphia 76ers,Boston Celtics,0,4432446,Jabari Walker,F,0,0,0,1,0,0,0,0,0,4,0,-3,0,1,0,0,0,0
401869191,2026-04-19,nba,2026,POST,Philadelphia 76ers,Boston Celtics,0,4711297,Justin Edwards,F,0,0,0,3,9,3,2,1,0,17,3,-21,7,6,0,3,1,0
401869191,2026-04-19,nba,2026,POST,Philadelphia 76ers,Boston Celtics,0,4870562,Dominick Barlow,F,0,0,0,1,6,1,1,2,2,15,2,-15,4,3,0,0,0,0
401869191,2026-04-19,nba,2026,POST,Philadelphia 76ers,Boston Celtics,0,6585,Andre Drummond,C,0,2,1,5,2,1,3,0,0,21,0,-19,2,5,1,1,0,3
401869191,2026-04-19,nba,2026,POST,Philadelphia 76ers,Boston Celtics,0,4397014,Quentin Grimes,G,0,2,0,4,6,3,2,0,0,25,0,-13,7,4,0,2,1,2
401869191,2026-04-19,nba,2026,POST,Philadelphia 76ers,Boston Celtics,0,4433159,Dalen Terry,G,0,2,0,2,2,0,0,2,1,6,0,-2,1,2,0,1,0,0
401869191,2026-04-19,nba,2026,POST,Philadelphia 76ers,Boston Celtics,0,4433569,Johni Broome,F,0,,,,,,,,,,,,,,,,,
401869191,2026-04-19,nba,2026,POST,Philadelphia 76ers,Boston Celtics,0,3012,Kyle Lowry,G,0,,,,,,,,,,,,,,,,,
401869191,2026-04-19,nba,2026,POST,Boston Celtics,Philadelphia 76ers,1,4065648,Jayson Tatum,F,1,7,0,11,17,9,1,6,6,32,0,20,25,11,2,7,1,1
401869191,2026-04-19,nba,2026,POST,Boston Celtics,Philadelphia 76ers,1,4065804,Sam Hauser,F,1,2,0,6,6,4,2,0,0,28,1,14,12,7,1,6,4,0
401869191,2026-04-19,nba,2026,POST,Boston Celtics,Philadelphia 76ers,1,4397424,Neemias Queta,C,1,1,1,2,5,5,5,4,3,15,0,12,13,2,0,0,0,0
401869191,2026-04-19,nba,2026,POST,Boston Celtics,Philadelphia 76ers,1,3078576,Derrick White,G,1,6,0,2,10,4,1,1,0,33,1,24,10,3,1,7,2,1
401869191,2026-04-19,nba,2026,POST,Boston Celtics,Philadelphia 76ers,1,3917376,Jaylen Brown,G,1,3,0,3,21,11,3,2,2,30,1,23,26,4,2,2,2,2
401869191,2026-04-19,nba,2026,POST,Boston Celtics,Philadelphia 76ers,1,6478,Nikola Vucevic,C,0,3,0,6,3,1,4,0,0,18,0,13,3,6,0,2,1,2
401869191,2026-04-19,nba,2026,POST,Boston Celtics,Philadelphia 76ers,1,4277951,Luka Garza,C,0,1,0,0,4,1,2,4,4,14,2,5,7,2,0,4,1,0
401869191,2026-04-19,nba,2026,POST,Boston Celtics,Philadelphia 76ers,1,4066354,Payton Pritchard,G,0,6,0,3,12,4,2,3,2,34,0,21,12,3,1,9,2,2
401869191,2026-04-19,nba,2026,POST,Boston Celtics,Philadelphia 76ers,1,4397251,Ron Harper Jr.,G,0,0,0,0,2,2,0,0,0,4,0,3,5,0,0,1,1,0
401869191,2026-04-19,nba,2026,POST,Boston Celtics,Philadelphia 76ers,1,4593841,Baylor Scheierman,G,0,0,1,2,5,2,1,0,0,15,0,8,5,2,0,3,1,0
401869191,2026-04-19,nba,2026,POST,Boston Celtics,Philadelphia 76ers,1,4683689,Jordan Walsh,G,0,2,0,2,5,2,0,2,0,15,0,14,5,2,0,3,1,0
401869191,2026-04-19,nba,2026,POST,Boston Celtics,Philadelphia 76ers,1,5175647,Hugo Gonzalez,G,0,0,1,1,0,0,0,0,0,1,0,3,0,1,0,0,0,0
401869191,2026-04-19,nba,2026,POST,Boston Celtics,Philadelphia 76ers,1,4397885,Dalano Banton,F,0,,,,,,,,,,,,,,,,,
401869191,2026-04-19,nba,2026,POST,Boston Celtics,Philadelphia 76ers,1,4702745,Amari Williams,F,0,,,,,,,,,,,,,,,,,
401869191,2026-04-19,nba,2026,POST,Boston Celtics,Philadelphia 76ers,1,4701992,Max Shulga,G,0,,,,,,,,,,,,,,,,,
401869192,2026-04-19,nba,2026,POST,Phoenix Suns,Oklahoma City Thunder,0,3155526,Dillon Brooks,F,1,2,0,7,22,6,4,3,3,32,0,-18,18,7,0,10,3,2
401869192,2026-04-19,nba,2026,POST,Phoenix Suns,Oklahoma City Thunder,0,4601023,Oso Ighodaro,F,1,3,0,2,3,0,3,0,0,26,7,-19,0,9,0,0,0,1
401869192,2026-04-19,nba,2026,POST,Phoenix Suns,Oklahoma City Thunder,0,3136193,Devin Booker,G,1,2,0,2,17,8,4,7,5,33,4,-25,23,6,0,5,2,3
401869192,2026-04-19,nba,2026,POST,Phoenix Suns,Oklahoma City Thunder,0,4278402,Jordan Goodwin,G,1,0,0,0,4,1,2,0,0,5,0,0,2,0,0,3,0,0
401869192,2026-04-19,nba,2026,POST,Phoenix Suns,Oklahoma City Thunder,0,4437244,Jalen Green,G,1,1,1,5,16,6,1,4,3,32,0,-19,17,5,1,7,2,3
401869192,2026-04-19,nba,2026,POST,Phoenix Suns,Oklahoma City Thunder,0,2583632,Royce O'Neale,F,0,3,1,3,2,1,2,2,1,23,0,-23,4,3,0,2,1,0
401869192,2026-04-19,nba,2026,POST,Phoenix Suns,Oklahoma City Thunder,0,4291678,Haywood Highsmith,F,0,1,0,1,2,0,0,0,0,7,1,-11,0,2,0,2,0,1
401869192,2026-04-19,nba,2026,POST,Phoenix Suns,Oklahoma City Thunder,0,4888725,Ryan Dunn,F,0,1,0,5,3,0,1,0,0,25,0,-14,0,5,0,3,0,3
401869192,2026-04-19,nba,2026,POST,Phoenix Suns,Oklahoma City Thunder,0,5105977,Rasheer Fleming,F,0,0,0,0,3,3,0,0,0,8,0,-1,9,0,0,3,3,0
401869192,2026-04-19,nba,2026,POST,Phoenix Suns,Oklahoma City Thunder,0,5203685,Khaman Maluach,C,0,0,0,2,2,0,0,0,0,15,1,-10,0,3,0,0,0,1
401869192,2026-04-19,nba,2026,POST,Phoenix Suns,Oklahoma City Thunder,0,4066387,Amir Coffey,G,0,0,0,0,0,0,0,0,0,4,0,1,0,0,0,0,0,1
401869192,2026-04-19,nba,2026,POST,Phoenix Suns,Oklahoma City Thunder,0,4278585,Collin Gillespie,G,0,2,0,2,6,3,1,0,0,23,0,-35,8,2,1,4,2,2
401869192,2026-04-19,nba,2026,POST,Phoenix Suns,Oklahoma City Thunder,0,4280245,Jamaree Bouyea,G,0,1,0,2,3,1,0,2,1,8,1,-1,3,3,1,0,0,0
401869192,2026-04-19,nba,2026,POST,Phoenix Suns,Oklahoma City Thunder,0,3135045,Grayson Allen,G,0,,,,,,,,,,,,,,,,,
401869192,2026-04-19,nba,2026,POST,Oklahoma City Thunder,Phoenix Suns,1,4222252,Isaiah Hartenstein,C,1,2,2,4,4,4,4,0,0,20,4,7,8,8,0,0,0,1
401869192,2026-04-19,nba,2026,POST,Oklahoma City Thunder,Phoenix Suns,1,4433255,Chet Holmgren,C,1,0,2,5,10,5,1,4,4,25,2,12,16,7,2,6,2,1
401869192,2026-04-19,nba,2026,POST,Oklahoma City Thunder,Phoenix Suns,1,4278073,Shai Gilgeous-Alexander,G,1,7,2,3,18,5,2,17,15,29,1,24,25,4,0,4,0,0
401869192,2026-04-19,nba,2026,POST,Oklahoma City Thunder,Phoenix Suns,1,4397020,Luguentz Dort,G,1,2,0,2,8,3,2,0,0,24,0,8,8,2,1,6,2,0
401869192,2026-04-19,nba,2026,POST,Oklahoma City Thunder,Phoenix Suns,1,4593803,Jalen Williams,G,1,6,1,5,15,9,1,2,2,29,2,22,22,7,1,5,2,1
401869192,2026-04-19,nba,2026,POST,Oklahoma City Thunder,Phoenix Suns,1,4432823,Jaylin Williams,F,0,2,0,4,5,2,1,0,0,10,0,24,5,4,4,4,1,2
401869192,2026-04-19,nba,2026,POST,Oklahoma City Thunder,Phoenix Suns,1,2991350,Alex Caruso,G,0,1,0,3,3,1,2,0,0,13,2,14,2,5,0,1,0,0
401869192,2026-04-19,nba,2026,POST,Oklahoma City Thunder,Phoenix Suns,1,3133626,Kenrich Williams,G,0,1,0,2,3,1,0,0,0,8,2,1,2,4,0,2,0,0
401869192,2026-04-19,nba,2026,POST,Oklahoma City Thunder,Phoenix Suns,1,4395702,Isaiah Joe,G,0,1,0,2,8,3,2,0,0,20,0,12,9,2,1,8,3,0
401869192,2026-04-19,nba,2026,POST,Oklahoma City Thunder,Phoenix Suns,1,4397183,Aaron Wiggins,G,0,1,0,1,2,1,0,0,0,8,1,1,2,2,0,1,0,1
401869192,2026-04-19,nba,2026,POST,Oklahoma City Thunder,Phoenix Suns,1,4683692,Cason Wallace,G,0,2,0,2,5,3,4,0,0,21,2,23,6,4,2,2,0,0
401869192,2026-04-19,nba,2026,POST,Oklahoma City Thunder,Phoenix Suns,1,4683778,Jared McCain,G,0,0,0,0,5,2,2,0,0,8,0,6,5,0,0,3,1,0
401869192,2026-04-19,nba,2026,POST,Oklahoma City Thunder,Phoenix Suns,1,4900671,Ajay Mitchell,G,0,2,0,2,7,3,1,0,0,22,3,22,9,5,2,4,3,0
401869192,2026-04-19,nba,2026,POST,Oklahoma City Thunder,Phoenix Suns,1,5159925,Nikola Topic,G,0,1,0,0,0,0,0,0,0,4,0,-1,0,0,0,0,0,0
401869193,2026-04-19,nba,2026,POST,Orlando Magic,Detroit Pistons,0,4432573,Paolo Banchero,F,1,4,0,8,15,8,1,7,5,37,1,10,23,9,1,4,2,3
401869193,2026-04-19,nba,2026,POST,Orlando Magic,Detroit Pistons,0,4566434,Franz Wagner,F,1,4,0,5,13,7,2,5,4,32,0,9,19,5,2,2,1,3
401869193,2026-04-19,nba,2026,POST,Orlando Magic,Detroit Pistons,0,4277847,Wendell Carter Jr.,C,1,5,1,6,9,8,1,0,0,37,1,20,17,7,2,2,1,0
401869193,2026-04-19,nba,2026,POST,Orlando Magic,Detroit Pistons,0,4066320,Desmond Bane,G,1,5,0,4,20,7,5,2,2,35,2,17,17,6,2,8,1,2
401869193,2026-04-19,nba,2026,POST,Orlando Magic,Detroit Pistons,0,4432165,Jalen Suggs,G,1,4,1,3,16,6,6,1,1,36,1,11,16,4,3,10,3,1
401869193,2026-04-19,nba,2026,POST,Orlando Magic,Detroit Pistons,0,4278572,Jamal Cain,F,0,0,0,1,2,1,2,0,0,9,0,-6,2,1,0,1,0,2
401869193,2026-04-19,nba,2026,POST,Orlando Magic,Detroit Pistons,0,4702382,Tristan da Silva,F,0,0,0,2,6,3,2,0,0,21,2,6,7,4,0,3,1,1
401869193,2026-04-19,nba,2026,POST,Orlando Magic,Detroit Pistons,0,4348700,Goga Bitadze,C,0,1,2,3,2,1,1,2,2,11,3,-9,4,6,0,0,0,0
401869193,2026-04-19,nba,2026,POST,Orlando Magic,Detroit Pistons,0,4712849,Anthony Black,G,0,3,2,2,7,3,4,2,0,22,1,-3,7,3,1,4,1,0
401869193,2026-04-19,nba,2026,POST,Orlando Magic,Detroit Pistons,0,5214637,Noah Penda,F,0,,,,,,,,,,,,,,,,,
401869193,2026-04-19,nba,2026,POST,Orlando Magic,Detroit Pistons,0,3150844,Moritz Wagner,C,0,,,,,,,,,,,,,,,,,
401869193,2026-04-19,nba,2026,POST,Orlando Magic,Detroit Pistons,0,3133635,Jevon Carter,G,0,,,,,,,,,,,,,,,,,
401869193,2026-04-19,nba,2026,POST,Orlando Magic,Detroit Pistons,0,5105806,Jett Howard,G,0,,,,,,,,,,,,,,,,,
401869193,2026-04-19,nba,2026,POST,Orlando Magic,Detroit Pistons,0,5239561,Jase Richardson,G,0,,,,,,,,,,,,,,,,,
401869193,2026-04-19,nba,2026,POST,Detroit Pistons,Orlando Magic,1,6440,Tobias Harris,F,1,3,2,5,15,5,3,7,6,36,1,-15,17,6,1,7,1,3
401869193,2026-04-19,nba,2026,POST,Detroit Pistons,Orlando Magic,1,3157465,Duncan Robinson,F,1,4,0,0,8,3,3,0,0,26,0,-14,9,0,0,6,3,1
401869193,2026-04-19,nba,2026,POST,Detroit Pistons,Orlando Magic,1,4433621,Jalen Duren,C,1,1,1,6,4,3,3,4,2,33,1,-21,8,7,0,0,0,3
401869193,2026-04-19,nba,2026,POST,Detroit Pistons,Orlando Magic,1,4432166,Cade Cunningham,G,1,4,0,5,27,13,0,11,10,40,0,-1,39,5,0,8,3,3
401869193,2026-04-19,nba,2026,POST,Detroit Pistons,Orlando Magic,1,4684742,Ausar Thompson,G,1,1,0,4,7,3,1,2,2,25,3,-5,8,7,3,0,0,2
401869193,2026-04-19,nba,2026,POST,Detroit Pistons,Orlando Magic,1,4683771,Ronald Holland II,F,0,1,0,2,2,1,1,0,0,11,0,-6,2,2,1,0,0,2
401869193,2026-04-19,nba,2026,POST,Detroit Pistons,Orlando Magic,1,4432810,Isaiah Stewart,C,0,0,1,4,2,0,3,4,3,19,0,6,3,4,1,1,0,0
401869193,2026-04-19,nba,2026,POST,Detroit Pistons,Orlando Magic,1,2596112,Javonte Green,G,0,1,0,1,1,0,1,4,3,5,0,4,3,1,2,1,0,0
401869193,2026-04-19,nba,2026,POST,Detroit Pistons,Orlando Magic,1,2991043,Caris LeVert,G,0,1,1,3,1,1,1,0,0,4,0,1,3,3,0,1,1,0
401869193,2026-04-19,nba,2026,POST,Detroit Pistons,Orlando Magic,1,4066372,Kevin Huerter,G,0,1,0,2,3,1,1,0,0,18,0,7,3,2,1,2,1,0
401869193,2026-04-19,nba,2026,POST,Detroit Pistons,Orlando Magic,1,5107199,Daniss Jenkins,G,0,2,1,1,7,1,0,6,3,22,1,-11,6,2,0,6,1,0
401869193,2026-04-19,nba,2026,POST,Detroit Pistons,Orlando Magic,1,4278562,Paul Reed,F,0,,,,,,,,,,,,,,,,,
401869193,2026-04-19,nba,2026,POST,Detroit Pistons,Orlando Magic,1,4397882,Tolu Smith,F,0,,,,,,,,,,,,,,,,,
401869193,2026-04-19,nba,2026,POST,Detroit Pistons,Orlando Magic,1,4432107,Marcus Sasser,G,0,,,,,,,,,,,,,,,,,
401869193,2026-04-19,nba,2026,POST,Detroit Pistons,Orlando Magic,1,4700852,Chaz Lanier,G,0,,,,,,,,,,,,,,,,,
401869194,2026-04-19,nba,2026,POST,Portland Trail Blazers,San Antonio Spurs,0,4431736,Toumani Camara,F,1,1,1,1,7,2,2,2,2,32,1,-15,8,2,2,5,2,2
401869194,2026-04-19,nba,2026,POST,Portland Trail Blazers,San Antonio Spurs,0,4683021,Deni Avdija,F,1,5,1,9,21,12,2,6,4,39,1,-12,30,10,1,5,2,2
401869194,2026-04-19,nba,2026,POST,Portland Trail Blazers,San Antonio Spurs,0,5105565,Donovan Clingan,C,1,1,0,6,7,2,3,0,0,22,1,-10,4,7,0,3,0,0
401869194,2026-04-19,nba,2026,POST,Portland Trail Blazers,San Antonio Spurs,0,3995,Jrue Holiday,G,1,11,0,2,15,4,3,0,0,36,2,-7,9,4,1,7,1,1
401869194,2026-04-19,nba,2026,POST,Portland Trail Blazers,San Antonio Spurs,0,4683678,Scoot Henderson,G,1,3,0,3,11,7,4,2,2,27,0,-3,18,3,1,4,2,3
401869194,2026-04-19,nba,2026,POST,Portland Trail Blazers,San Antonio Spurs,0,2991070,Jerami Grant,F,0,0,0,0,6,2,1,0,0,19,0,-25,5,0,2,3,1,2
401869194,2026-04-19,nba,2026,POST,Portland Trail Blazers,San Antonio Spurs,0,4594326,Kris Murray,F,0,0,0,0,0,0,0,0,0,2,0,-1,0,0,0,0,0,0
401869194,2026-04-19,nba,2026,POST,Portland Trail Blazers,San Antonio Spurs,0,4066211,Robert Williams III,C,0,4,0,3,7,5,0,0,0,17,3,3,11,6,0,3,1,0
401869194,2026-04-19,nba,2026,POST,Portland Trail Blazers,San Antonio Spurs,0,5217746,Yang Hansen,C,0,0,0,0,0,0,0,0,0,1,0,0,0,0,0,0,0,0
401869194,2026-04-19,nba,2026,POST,Portland Trail Blazers,San Antonio Spurs,0,3907498,Matisse Thybulle,G,0,1,0,4,3,1,1,0,0,21,0,-4,3,4,1,3,1,0
401869194,2026-04-19,nba,2026,POST,Portland Trail Blazers,San Antonio Spurs,0,4578893,Vit Krejci,G,0,0,0,0,0,0,0,0,0,1,0,0,0,0,0,0,0,0
401869194,2026-04-19,nba,2026,POST,Portland Trail Blazers,San Antonio Spurs,0,4683935,Blake Wesley,G,0,0,0,0,0,0,0,0,0,1,0,0,0,0,0,0,0,0
401869194,2026-04-19,nba,2026,POST,Portland Trail Blazers,San Antonio Spurs,0,4914336,Shaedon Sharpe,G,0,2,0,1,13,4,1,2,2,22,0,9,10,1,1,4,0,0
401869194,2026-04-19,nba,2026,POST,Portland Trail Blazers,San Antonio Spurs,0,5081727,Sidy Cissoko,G,0,0,0,1,1,0,0,0,0,1,0,0,0,1,0,1,0,0
401869194,2026-04-19,nba,2026,POST,San Antonio Spurs,Portland Trail Blazers,1,4592479,Julian Champagnie,F,1,2,1,4,3,2,2,0,0,30,1,13,6,5,3,3,2,1
401869194,2026-04-19,nba,2026,POST,San Antonio Spurs,Portland Trail Blazers,1,5104157,Victor Wembanyama,F,1,1,2,5,21,13,2,5,4,33,0,4,35,5,0,6,5,4
401869194,2026-04-19,nba,2026,POST,San Antonio Spurs,Portland Trail Blazers,1,4066259,De'Aaron Fox,G,1,8,0,3,15,7,3,2,1,34,2,12,17,5,1,5,2,0
401869194,2026-04-19,nba,2026,POST,San Antonio Spurs,Portland Trail Blazers,1,4395630,Devin Vassell,G,1,2,2,3,13,5,2,2,1,34,0,8,15,3,0,9,4,1
401869194,2026-04-19,nba,2026,POST,San Antonio Spurs,Portland Trail Blazers,1,4845367,Stephon Castle,G,1,7,0,6,13,4,3,8,8,33,1,-2,17,7,0,5,1,3
401869194,2026-04-19,nba,2026,POST,San Antonio Spurs,Portland Trail Blazers,1,6578,Harrison Barnes,F,0,0,0,0,2,0,0,2,2,11,1,0,2,1,0,1,0,0
401869194,2026-04-19,nba,2026,POST,San Antonio Spurs,Portland Trail Blazers,1,2489663,Kelly Olynyk,F,0,0,0,0,0,0,0,0,0,1,0,0,0,0,0,0,0,0
401869194,2026-04-19,nba,2026,POST,San Antonio Spurs,Portland Trail Blazers,1,4066317,Lindy Waters III,F,0,0,0,0,0,0,0,0,0,1,0,0,0,0,0,0,0,0
401869194,2026-04-19,nba,2026,POST,San Antonio Spurs,Portland Trail Blazers,1,4395723,Keldon Johnson,F,0,1,0,4,4,1,2,0,0,20,3,2,3,7,1,2,1,2
401869194,2026-04-19,nba,2026,POST,San Antonio Spurs,Portland Trail Blazers,1,5061568,Carter Bryant,F,0,0,0,2,0,0,3,0,0,4,0,1,0,2,0,0,0,0
401869194,2026-04-19,nba,2026,POST,San Antonio Spurs,Portland Trail Blazers,1,6427,Bismack Biyombo,C,0,0,0,0,0,0,0,0,0,1,0,0,0,0,0,0,0,0
401869194,2026-04-19,nba,2026,POST,San Antonio Spurs,Portland Trail Blazers,1,3064560,Luke Kornet,C,0,1,0,4,6,5,0,0,0,14,2,9,10,6,1,0,0,0
401869194,2026-04-19,nba,2026,POST,San Antonio Spurs,Portland Trail Blazers,1,5037871,Dylan Harper,G,0,2,0,3,7,3,2,0,0,23,1,18,6,4,0,2,0,2
401869194,2026-04-19,nba,2026,POST,San Antonio Spurs,Portland Trail Blazers,1,2488653,Mason Plumlee,C,0,,,,,,,,,,,,,,,,,
401869369,2026-04-20,nba,2026,POST,Toronto Raptors,Cleveland Cavaliers,0,3913176,Brandon Ingram,F,1,3,0,4,15,3,2,0,0,36,0,-15,7,4,1,3,1,5
401869369,2026-04-20,nba,2026,POST,Toronto Raptors,Cleveland Cavaliers,0,4395625,RJ Barrett,F,1,5,0,5,13,10,5,2,2,38,4,-9,22,9,0,1,0,4
401869369,2026-04-20,nba,2026,POST,Toronto Raptors,Cleveland Cavaliers,0,4433134,Scottie Barnes,F,1,5,1,3,19,11,4,4,3,40,1,-17,26,4,2,4,1,4
401869369,2026-04-20,nba,2026,POST,Toronto Raptors,Cleveland Cavaliers,0,3134908,Jakob Poeltl,C,1,1,0,2,2,1,1,0,0,9,2,-7,2,4,0,0,0,2
401869369,2026-04-20,nba,2026,POST,Toronto Raptors,Cleveland Cavaliers,0,4432241,Jamal Shead,G,1,4,1,3,5,1,5,0,0,38,0,1,3,3,2,5,1,3
401869369,2026-04-20,nba,2026,POST,Toronto Raptors,Cleveland Cavaliers,0,4278580,Sandro Mamukelashvili,F,0,2,0,7,8,5,3,2,1,21,3,7,12,10,1,3,1,2
401869369,2026-04-20,nba,2026,POST,Toronto Raptors,Cleveland Cavaliers,0,5093267,Collin Murray-Boyles,F,0,1,1,5,10,6,2,6,5,26,2,-6,17,7,1,2,0,1
401869369,2026-04-20,nba,2026,POST,Toronto Raptors,Cleveland Cavaliers,0,4067017,A.J. Lawson,G,0,1,0,0,2,0,0,2,2,5,0,2,2,0,0,1,0,0
401869369,2026-04-20,nba,2026,POST,Toronto Raptors,Cleveland Cavaliers,0,4684272,Ja'Kobe Walter,G,0,1,0,1,9,5,2,1,1,28,0,-6,14,1,1,7,3,1
401869369,2026-04-20,nba,2026,POST,Toronto Raptors,Cleveland Cavaliers,0,4431684,Trayce Jackson-Davis,F,0,,,,,,,,,,,,,,,,,
401869369,2026-04-20,nba,2026,POST,Toronto Raptors,Cleveland Cavaliers,0,4431893,Jamison Battle,F,0,,,,,,,,,,,,,,,,,
401869369,2026-04-20,nba,2026,POST,Toronto Raptors,Cleveland Cavaliers,0,5107897,Jonathan Mogbo,F,0,,,,,,,,,,,,,,,,,
401869369,2026-04-20,nba,2026,POST,Toronto Raptors,Cleveland Cavaliers,0,4023,Garrett Temple,G,0,,,,,,,,,,,,,,,,,
401869369,2026-04-20,nba,2026,POST,Toronto Raptors,Cleveland Cavaliers,0,5106258,Gradey Dick,G,0,,,,,,,,,,,,,,,,,
401869369,2026-04-20,nba,2026,POST,Cleveland Cavaliers,Toronto Raptors,1,3912848,Dean Wade,F,1,1,0,3,3,1,2,0,0,28,2,14,3,5,2,3,1,1
401869369,2026-04-20,nba,2026,POST,Cleveland Cavaliers,Toronto Raptors,1,4066328,Jarrett Allen,C,1,1,3,3,6,4,1,4,2,25,0,18,10,3,2,0,0,0
401869369,2026-04-20,nba,2026,POST,Cleveland Cavaliers,Toronto Raptors,1,4432158,Evan Mobley,C,1,2,1,6,13,11,3,3,2,33,2,3,25,8,0,2,1,1
401869369,2026-04-20,nba,2026,POST,Cleveland Cavaliers,Toronto Raptors,1,3992,James Harden,G,1,4,1,5,14,9,2,10,7,35,0,14,28,5,5,8,3,5
401869369,2026-04-20,nba,2026,POST,Cleveland Cavaliers,Toronto Raptors,1,3908809,Donovan Mitchell,G,1,5,0,4,23,13,3,1,0,37,3,11,30,7,1,10,4,1
401869369,2026-04-20,nba,2026,POST,Cleveland Cavaliers,Toronto Raptors,1,3032979,Dennis Schroder,G,0,4,0,1,5,1,0,3,3,14,0,-3,5,1,0,2,0,0
401869369,2026-04-20,nba,2026,POST,Cleveland Cavaliers,Toronto Raptors,1,4065778,Max Strus,G,0,3,0,3,5,2,2,0,0,27,0,-3,6,3,0,4,2,1
401869369,2026-04-20,nba,2026,POST,Cleveland Cavaliers,Toronto Raptors,1,4066757,Sam Merrill,G,0,1,0,1,6,2,2,1,0,20,0,1,5,1,1,5,1,1
401869369,2026-04-20,nba,2026,POST,Cleveland Cavaliers,Toronto Raptors,1,4683747,Jaylon Tyson,G,0,1,0,1,4,1,3,0,0,12,1,-2,3,2,0,2,1,1
401869369,2026-04-20,nba,2026,POST,Cleveland Cavaliers,Toronto Raptors,1,4702177,Keon Ellis,G,0,0,0,0,4,0,2,0,0,9,0,-3,0,0,2,4,0,1
401869369,2026-04-20,nba,2026,POST,Cleveland Cavaliers,Toronto Raptors,1,2580365,Larry Nance Jr.,F,0,,,,,,,,,,,,,,,,,
401869369,2026-04-20,nba,2026,POST,Cleveland Cavaliers,Toronto Raptors,1,5106268,Nae'Qwan Tomlin,F,0,,,,,,,,,,,,,,,,,
401869369,2026-04-20,nba,2026,POST,Cleveland Cavaliers,Toronto Raptors,1,4701233,Craig Porter Jr.,G,0,,,,,,,,,,,,,,,,,
401869369,2026-04-20,nba,2026,POST,Cleveland Cavaliers,Toronto Raptors,1,5023693,Tyrese Proctor,G,0,,,,,,,,,,,,,,,,,
401869387,2026-04-20,nba,2026,POST,Atlanta Hawks,New York Knicks,0,4431680,Onyeka Okongwu,F,1,1,0,7,9,6,4,2,1,30,1,-1,15,8,0,3,2,1
401869387,2026-04-20,nba,2026,POST,Atlanta Hawks,New York Knicks,0,4701230,Jalen Johnson,F,1,3,0,7,12,6,4,5,5,36,1,-10,17,8,1,3,0,3
401869387,2026-04-20,nba,2026,POST,Atlanta Hawks,New York Knicks,0,2490149,CJ McCollum,G,1,6,1,3,22,12,2,7,5,35,0,9,32,3,2,10,3,2
401869387,2026-04-20,nba,2026,POST,Atlanta Hawks,New York Knicks,0,4278039,Nickeil Alexander-Walker,G,1,6,3,4,12,3,1,1,1,38,1,0,9,5,0,5,2,2
401869387,2026-04-20,nba,2026,POST,Atlanta Hawks,New York Knicks,0,4869342,Dyson Daniels,G,1,2,1,3,5,2,4,2,2,26,1,-15,6,4,2,1,0,0
401869387,2026-04-20,nba,2026,POST,Atlanta Hawks,New York Knicks,0,4280151,Corey Kispert,F,0,1,0,2,3,2,3,0,0,9,0,10,4,2,1,1,0,1
401869387,2026-04-20,nba,2026,POST,Atlanta Hawks,New York Knicks,0,4433247,Jonathan Kuminga,F,0,1,1,3,12,7,4,6,4,35,1,10,19,4,2,4,1,1
401869387,2026-04-20,nba,2026,POST,Atlanta Hawks,New York Knicks,0,4712863,Mouhamed Gueye,F,0,0,0,0,2,0,1,0,0,5,0,-3,0,0,0,1,0,0
401869387,2026-04-20,nba,2026,POST,Atlanta Hawks,New York Knicks,0,4065673,Tony Bradley,C,0,1,1,1,2,1,1,0,0,12,0,7,2,1,1,0,0,1
401869387,2026-04-20,nba,2026,POST,Atlanta Hawks,New York Knicks,0,3137259,Gabe Vincent,G,0,1,0,0,2,1,2,0,0,14,1,-2,3,1,0,2,1,0
401869387,2026-04-20,nba,2026,POST,Atlanta Hawks,New York Knicks,0,4873201,Asa Newell,F,0,,,,,,,,,,,,,,,,,
401869387,2026-04-20,nba,2026,POST,Atlanta Hawks,New York Knicks,0,5211175,Zaccharie Risacher,F,0,,,,,,,,,,,,,,,,,
401869387,2026-04-20,nba,2026,POST,Atlanta Hawks,New York Knicks,0,2990984,Buddy Hield,G,0,,,,,,,,,,,,,,,,,
401869387,2026-04-20,nba,2026,POST,Atlanta Hawks,New York Knicks,0,4279118,Keaton Wallace,G,0,,,,,,,,,,,,,,,,,
401869387,2026-04-20,nba,2026,POST,New York Knicks,Atlanta Hawks,1,3934719,OG Anunoby,F,1,2,1,8,9,4,3,8,4,38,0,-1,14,8,2,4,2,1
401869387,2026-04-20,nba,2026,POST,New York Knicks,Atlanta Hawks,1,3136195,Karl-Anthony Towns,C,1,2,2,5,12,8,4,0,0,34,3,5,18,8,0,5,2,3
401869387,2026-04-20,nba,2026,POST,New York Knicks,Atlanta Hawks,1,3062679,Josh Hart,G,1,6,0,12,11,5,2,6,4,35,1,8,15,13,1,5,1,1
401869387,2026-04-20,nba,2026,POST,New York Knicks,Atlanta Hawks,1,3147657,Mikal Bridges,G,1,2,0,1,10,3,3,2,2,37,0,0,10,1,1,6,2,0
401869387,2026-04-20,nba,2026,POST,New York Knicks,Atlanta Hawks,1,3934672,Jalen Brunson,G,1,7,0,2,26,10,4,7,5,35,0,3,29,2,0,10,4,3
401869387,2026-04-20,nba,2026,POST,New York Knicks,Atlanta Hawks,1,4351852,Mitchell Robinson,C,0,0,1,3,6,6,2,2,1,18,4,-10,13,7,1,0,0,1
401869387,2026-04-20,nba,2026,POST,New York Knicks,Atlanta Hawks,1,2528426,Jordan Clarkson,G,0,0,0,0,6,3,1,2,1,11,5,-5,7,5,0,1,0,0
401869387,2026-04-20,nba,2026,POST,New York Knicks,Atlanta Hawks,1,3914044,Landry Shamet,G,0,0,0,0,1,0,1,0,0,10,0,-6,0,0,0,1,0,2
401869387,2026-04-20,nba,2026,POST,New York Knicks,Atlanta Hawks,1,4277869,Jose Alvarado,G,0,3,0,2,3,0,1,0,0,9,0,5,0,2,0,1,0,1
401869387,2026-04-20,nba,2026,POST,New York Knicks,Atlanta Hawks,1,4431823,Miles McBride,G,0,0,0,0,3,0,0,0,0,13,1,-4,0,1,0,1,0,2
401869387,2026-04-20,nba,2026,POST,New York Knicks,Atlanta Hawks,1,4610139,Jeremy Sochan,F,0,,,,,,,,,,,,,,,,,
401869387,2026-04-20,nba,2026,POST,New York Knicks,Atlanta Hawks,1,5211983,Pacome Dadiet,F,0,,,,,,,,,,,,,,,,,
401869387,2026-04-20,nba,2026,POST,New York Knicks,Atlanta Hawks,1,5289900,Mohamed Diawara,F,0,,,,,,,,,,,,,,,,,
401869387,2026-04-20,nba,2026,POST,New York Knicks,Atlanta Hawks,1,4871141,Ariel Hukporti,C,0,,,,,,,,,,,,,,,,,
401869387,2026-04-20,nba,2026,POST,New York Knicks,Atlanta Hawks,1,4433225,Tyler Kolek,G,0,,,,,,,,,,,,,,,,,
401869395,2026-04-20,nba,2026,POST,Minnesota Timberwolves,Denver Nuggets,0,3064514,Julius Randle,F,1,6,0,9,14,7,4,10,8,36,0,6,24,9,0,4,2,1
401869395,2026-04-20,nba,2026,POST,Minnesota Timberwolves,Denver Nuggets,0,4431671,Jaden McDaniels,F,1,3,0,1,15,7,5,1,0,37,1,6,14,2,0,3,0,3
401869395,2026-04-20,nba,2026,POST,Minnesota Timberwolves,Denver Nuggets,0,3032976,Rudy Gobert,C,1,1,0,4,4,1,5,2,0,28,3,-4,2,7,2,0,0,2
401869395,2026-04-20,nba,2026,POST,Minnesota Timberwolves,Denver Nuggets,0,3934673,Donte DiVincenzo,G,1,6,0,7,9,6,3,2,0,31,0,20,16,7,1,7,4,2
401869395,2026-04-20,nba,2026,POST,Minnesota Timberwolves,Denver Nuggets,0,4594268,Anthony Edwards,G,1,2,2,9,25,10,2,9,7,40,1,0,30,10,1,11,3,2
401869395,2026-04-20,nba,2026,POST,Minnesota Timberwolves,Denver Nuggets,0,2993874,Kyle Anderson,F,0,2,0,1,1,0,1,0,0,5,0,3,0,1,1,0,0,0
401869395,2026-04-20,nba,2026,POST,Minnesota Timberwolves,Denver Nuggets,0,4396971,Naz Reid,C,0,1,0,7,9,4,2,4,2,27,2,-4,11,9,0,3,1,0
401869395,2026-04-20,nba,2026,POST,Minnesota Timberwolves,Denver Nuggets,0,3195,Mike Conley,G,0,2,0,0,0,0,1,0,0,4,0,1,0,0,0,0,0,0
401869395,2026-04-20,nba,2026,POST,Minnesota Timberwolves,Denver Nuggets,0,4397002,Ayo Dosunmu,G,0,5,0,2,8,4,3,0,0,22,2,-3,9,4,0,2,1,1
401869395,2026-04-20,nba,2026,POST,Minnesota Timberwolves,Denver Nuggets,0,4592492,Bones Hyland,G,0,2,0,0,5,4,4,2,2,10,0,0,13,0,1,4,3,1
401869395,2026-04-20,nba,2026,POST,Minnesota Timberwolves,Denver Nuggets,0,2968436,Joe Ingles,F,0,,,,,,,,,,,,,,,,,
401869395,2026-04-20,nba,2026,POST,Minnesota Timberwolves,Denver Nuggets,0,5105553,Julian Phillips,F,0,,,,,,,,,,,,,,,,,
401869395,2026-04-20,nba,2026,POST,Minnesota Timberwolves,Denver Nuggets,0,5279133,Joan Beringer,F,0,,,,,,,,,,,,,,,,,
401869395,2026-04-20,nba,2026,POST,Minnesota Timberwolves,Denver Nuggets,0,4432247,Jaylen Clark,G,0,,,,,,,,,,,,,,,,,
401869395,2026-04-20,nba,2026,POST,Minnesota Timberwolves,Denver Nuggets,0,4432847,Terrence Shannon Jr.,G,0,,,,,,,,,,,,,,,,,
401869395,2026-04-20,nba,2026,POST,Denver Nuggets,Minnesota Timberwolves,1,3064290,Aaron Gordon,F,1,4,0,7,9,3,4,2,1,37,0,-1,8,7,0,4,1,0
401869395,2026-04-20,nba,2026,POST,Denver Nuggets,Minnesota Timberwolves,1,3138196,Cameron Johnson,F,1,2,0,1,10,5,5,2,2,28,0,-10,13,1,1,6,1,0
401869395,2026-04-20,nba,2026,POST,Denver Nuggets,Minnesota Timberwolves,1,3112335,Nikola Jokic,C,1,8,1,15,20,8,3,7,7,40,0,1,24,15,0,7,1,3
401869395,2026-04-20,nba,2026,POST,Denver Nuggets,Minnesota Timberwolves,1,3936299,Jamal Murray,G,1,7,0,4,25,11,0,2,2,43,3,-4,30,7,1,14,6,4
401869395,2026-04-20,nba,2026,POST,Denver Nuggets,Minnesota Timberwolves,1,4431767,Christian Braun,G,1,5,0,3,9,5,1,7,5,35,0,4,16,3,2,3,1,0
401869395,2026-04-20,nba,2026,POST,Denver Nuggets,Minnesota Timberwolves,1,4592427,Spencer Jones,F,0,0,0,2,0,0,3,0,0,10,0,-4,0,2,0,0,0,1
401869395,2026-04-20,nba,2026,POST,Denver Nuggets,Minnesota Timberwolves,1,6477,Jonas Valanciunas,C,0,0,0,1,0,0,2,0,0,3,1,-4,0,2,0,0,0,0
401869395,2026-04-20,nba,2026,POST,Denver Nuggets,Minnesota Timberwolves,1,2528210,Tim Hardaway Jr.,G,0,0,0,2,9,4,3,8,5,27,1,4,16,3,1,3,3,0
401869395,2026-04-20,nba,2026,POST,Denver Nuggets,Minnesota Timberwolves,1,4065670,Bruce Brown,G,0,2,0,3,4,2,3,2,1,16,0,-11,7,3,0,4,2,1
401869395,2026-04-20,nba,2026,POST,Denver Nuggets,Minnesota Timberwolves,1,4431690,Zeke Nnaji,F,0,,,,,,,,,,,,,,,,,
401869395,2026-04-20,nba,2026,POST,Denver Nuggets,Minnesota Timberwolves,1,4433607,DaRon Holmes II,F,0,,,,,,,,,,,,,,,,,
401869395,2026-04-20,nba,2026,POST,Denver Nuggets,Minnesota Timberwolves,1,3135046,Tyus Jones,G,0,,,,,,,,,,,,,,,,,
401869395,2026-04-20,nba,2026,POST,Denver Nuggets,Minnesota Timberwolves,1,4398390,Jalen Pickett,G,0,,,,,,,,,,,,,,,,,
401869395,2026-04-20,nba,2026,POST,Denver Nuggets,Minnesota Timberwolves,1,4432181,Julian Strawther,G,0,,,,,,,,,,,,,,,,,
401869378,2026-04-21,nba,2026,POST,Portland Trail Blazers,San Antonio Spurs,0,4431736,Toumani Camara,F,1,1,1,7,7,3,1,2,2,35,2,17,10,9,3,5,2,0
401869378,2026-04-21,nba,2026,POST,Portland Trail Blazers,San Antonio Spurs,0,4683021,Deni Avdija,F,1,3,1,4,13,5,5,5,3,30,0,-1,14,4,0,2,1,4
401869378,2026-04-21,nba,2026,POST,Portland Trail Blazers,San Antonio Spurs,0,5105565,Donovan Clingan,C,1,2,2,5,12,4,3,0,0,24,5,-14,9,10,1,6,1,1
401869378,2026-04-21,nba,2026,POST,Portland Trail Blazers,San Antonio Spurs,0,3995,Jrue Holiday,G,1,9,2,2,17,6,3,2,2,39,3,12,16,5,1,6,2,5
401869378,2026-04-21,nba,2026,POST,Portland Trail Blazers,San Antonio Spurs,0,4683678,Scoot Henderson,G,1,0,1,0,17,11,3,6,4,38,1,9,31,1,1,9,5,2
401869378,2026-04-21,nba,2026,POST,Portland Trail Blazers,San Antonio Spurs,0,2991070,Jerami Grant,F,0,0,0,1,8,1,2,3,3,20,0,2,5,1,1,2,0,0
401869378,2026-04-21,nba,2026,POST,Portland Trail Blazers,San Antonio Spurs,0,4594326,Kris Murray,F,0,0,0,1,1,0,1,2,1,8,1,0,1,2,0,1,0,3
401869378,2026-04-21,nba,2026,POST,Portland Trail Blazers,San Antonio Spurs,0,4066211,Robert Williams III,C,0,4,2,6,6,5,2,1,0,23,3,13,11,9,1,2,1,0
401869378,2026-04-21,nba,2026,POST,Portland Trail Blazers,San Antonio Spurs,0,3907498,Matisse Thybulle,G,0,1,1,1,3,0,1,0,0,10,0,-22,0,1,0,2,0,0
401869378,2026-04-21,nba,2026,POST,Portland Trail Blazers,San Antonio Spurs,0,4914336,Shaedon Sharpe,G,0,0,1,1,5,3,2,2,2,13,0,-1,9,1,0,3,1,0
401869378,2026-04-21,nba,2026,POST,Portland Trail Blazers,San Antonio Spurs,0,5217746,Yang Hansen,C,0,,,,,,,,,,,,,,,,,
401869378,2026-04-21,nba,2026,POST,Portland Trail Blazers,San Antonio Spurs,0,4578893,Vit Krejci,G,0,,,,,,,,,,,,,,,,,
401869378,2026-04-21,nba,2026,POST,Portland Trail Blazers,San Antonio Spurs,0,4683935,Blake Wesley,G,0,,,,,,,,,,,,,,,,,
401869378,2026-04-21,nba,2026,POST,Portland Trail Blazers,San Antonio Spurs,0,5081727,Sidy Cissoko,G,0,,,,,,,,,,,,,,,,,
401869378,2026-04-21,nba,2026,POST,San Antonio Spurs,Portland Trail Blazers,1,4592479,Julian Champagnie,F,1,0,2,4,4,3,5,2,1,27,0,-14,9,4,1,3,2,1
401869378,2026-04-21,nba,2026,POST,San Antonio Spurs,Portland Trail Blazers,1,5104157,Victor Wembanyama,F,1,1,1,2,3,1,1,4,3,12,2,-7,5,4,0,1,0,2
401869378,2026-04-21,nba,2026,POST,San Antonio Spurs,Portland Trail Blazers,1,4066259,De'Aaron Fox,G,1,4,0,1,16,6,4,5,4,34,1,-14,17,2,2,3,1,3
401869378,2026-04-21,nba,2026,POST,San Antonio Spurs,Portland Trail Blazers,1,4395630,Devin Vassell,G,1,2,1,11,16,6,0,5,4,34,1,-1,16,12,3,5,0,1
401869378,2026-04-21,nba,2026,POST,San Antonio Spurs,Portland Trail Blazers,1,4845367,Stephon Castle,G,1,5,1,5,20,7,2,5,2,38,2,-1,18,7,2,6,2,3
401869378,2026-04-21,nba,2026,POST,San Antonio Spurs,Portland Trail Blazers,1,6578,Harrison Barnes,F,0,0,0,1,3,1,0,2,2,15,0,13,4,1,0,1,0,0
401869378,2026-04-21,nba,2026,POST,San Antonio Spurs,Portland Trail Blazers,1,4395723,Keldon Johnson,F,0,1,0,4,7,3,3,0,0,18,0,7,7,4,2,3,1,1
401869378,2026-04-21,nba,2026,POST,San Antonio Spurs,Portland Trail Blazers,1,5061568,Carter Bryant,F,0,2,0,1,5,3,2,0,0,12,1,-13,7,2,0,2,1,1
401869378,2026-04-21,nba,2026,POST,San Antonio Spurs,Portland Trail Blazers,1,3064560,Luke Kornet,C,0,2,0,4,5,4,2,3,2,28,5,11,10,9,2,0,0,1
401869378,2026-04-21,nba,2026,POST,San Antonio Spurs,Portland Trail Blazers,1,5037871,Dylan Harper,G,0,2,0,0,7,4,2,2,2,23,0,4,10,0,1,0,0,3
401869378,2026-04-21,nba,2026,POST,San Antonio Spurs,Portland Trail Blazers,1,2489663,Kelly Olynyk,F,0,,,,,,,,,,,,,,,,,
401869378,2026-04-21,nba,2026,POST,San Antonio Spurs,Portland Trail Blazers,1,4066317,Lindy Waters III,F,0,,,,,,,,,,,,,,,,,
401869378,2026-04-21,nba,2026,POST,San Antonio Spurs,Portland Trail Blazers,1,6427,Bismack Biyombo,C,0,,,,,,,,,,,,,,,,,
401869378,2026-04-21,nba,2026,POST,San Antonio Spurs,Portland Trail Blazers,1,2488653,Mason Plumlee,C,0,,,,,,,,,,,,,,,,,
401869396,2026-04-21,nba,2026,POST,Philadelphia 76ers,Boston Celtics,0,4251,Paul George,F,1,3,1,3,13,7,3,6,3,35,1,0,19,4,1,5,2,1
401869396,2026-04-21,nba,2026,POST,Philadelphia 76ers,Boston Celtics,0,5105637,Adem Bona,C,1,0,1,3,4,0,2,0,0,22,0,0,0,3,0,0,0,1
401869396,2026-04-21,nba,2026,POST,Philadelphia 76ers,Boston Celtics,0,3133603,Kelly Oubre Jr.,G,1,0,0,4,10,5,4,1,0,32,1,10,12,5,0,6,2,0
401869396,2026-04-21,nba,2026,POST,Philadelphia 76ers,Boston Celtics,0,4431678,Tyrese Maxey,G,1,9,0,3,28,11,2,2,2,40,1,6,29,4,2,12,5,1
401869396,2026-04-21,nba,2026,POST,Philadelphia 76ers,Boston Celtics,0,5124612,VJ Edgecombe,G,1,2,0,6,20,12,0,0,0,35,4,17,30,10,2,10,6,2
401869396,2026-04-21,nba,2026,POST,Philadelphia 76ers,Boston Celtics,0,4711297,Justin Edwards,F,0,1,1,3,5,2,1,0,0,22,1,8,5,4,0,2,1,0
401869396,2026-04-21,nba,2026,POST,Philadelphia 76ers,Boston Celtics,0,4870562,Dominick Barlow,F,0,0,0,0,0,0,2,0,0,7,1,10,0,1,0,0,0,0
401869396,2026-04-21,nba,2026,POST,Philadelphia 76ers,Boston Celtics,0,6585,Andre Drummond,C,0,2,0,5,4,4,2,2,1,26,3,12,10,8,1,1,1,1
401869396,2026-04-21,nba,2026,POST,Philadelphia 76ers,Boston Celtics,0,4397014,Quentin Grimes,G,0,1,1,3,6,2,1,0,0,21,0,7,6,3,0,3,2,1
401869396,2026-04-21,nba,2026,POST,Philadelphia 76ers,Boston Celtics,0,4431675,Trendon Watford,F,0,,,,,,,,,,,,,,,,,
401869396,2026-04-21,nba,2026,POST,Philadelphia 76ers,Boston Celtics,0,4432446,Jabari Walker,F,0,,,,,,,,,,,,,,,,,
401869396,2026-04-21,nba,2026,POST,Philadelphia 76ers,Boston Celtics,0,4433569,Johni Broome,F,0,,,,,,,,,,,,,,,,,
401869396,2026-04-21,nba,2026,POST,Philadelphia 76ers,Boston Celtics,0,3012,Kyle Lowry,G,0,,,,,,,,,,,,,,,,,
401869396,2026-04-21,nba,2026,POST,Philadelphia 76ers,Boston Celtics,0,4433159,Dalen Terry,G,0,,,,,,,,,,,,,,,,,
401869396,2026-04-21,nba,2026,POST,Boston Celtics,Philadelphia 76ers,1,4065648,Jayson Tatum,F,1,9,0,11,19,8,5,2,1,39,3,1,19,14,1,8,2,3
401869396,2026-04-21,nba,2026,POST,Boston Celtics,Philadelphia 76ers,1,4065804,Sam Hauser,F,1,1,1,2,8,2,0,0,0,25,2,-2,6,4,0,8,2,0
401869396,2026-04-21,nba,2026,POST,Boston Celtics,Philadelphia 76ers,1,4397424,Neemias Queta,C,1,0,0,5,4,3,3,2,2,28,1,-4,8,6,0,0,0,1
401869396,2026-04-21,nba,2026,POST,Boston Celtics,Philadelphia 76ers,1,3078576,Derrick White,G,1,3,2,2,12,3,2,0,0,39,0,-8,8,2,0,10,2,3
401869396,2026-04-21,nba,2026,POST,Boston Celtics,Philadelphia 76ers,1,3917376,Jaylen Brown,G,1,4,1,4,24,11,4,12,9,38,3,-9,36,7,1,12,5,3
401869396,2026-04-21,nba,2026,POST,Boston Celtics,Philadelphia 76ers,1,6478,Nikola Vucevic,C,0,1,0,4,7,3,2,2,2,18,1,-7,9,5,0,4,1,0
401869396,2026-04-21,nba,2026,POST,Boston Celtics,Philadelphia 76ers,1,4277951,Luka Garza,C,0,0,0,1,2,1,0,0,0,2,2,-1,2,3,0,1,0,0
401869396,2026-04-21,nba,2026,POST,Boston Celtics,Philadelphia 76ers,1,4066354,Payton Pritchard,G,0,5,0,1,8,2,0,0,0,27,4,-15,4,5,0,4,0,1
401869396,2026-04-21,nba,2026,POST,Boston Celtics,Philadelphia 76ers,1,4397251,Ron Harper Jr.,G,0,1,0,0,1,0,0,0,0,2,0,-1,0,0,0,1,0,0
401869396,2026-04-21,nba,2026,POST,Boston Celtics,Philadelphia 76ers,1,4593841,Baylor Scheierman,G,0,0,0,0,2,2,0,0,0,11,1,-8,5,1,1,1,1,0
401869396,2026-04-21,nba,2026,POST,Boston Celtics,Philadelphia 76ers,1,4683689,Jordan Walsh,G,0,0,0,2,1,0,1,0,0,9,1,-15,0,3,0,0,0,0
401869396,2026-04-21,nba,2026,POST,Boston Celtics,Philadelphia 76ers,1,4701992,Max Shulga,G,0,0,0,0,1,0,0,0,0,2,0,-1,0,0,0,1,0,0
401869396,2026-04-21,nba,2026,POST,Boston Celtics,Philadelphia 76ers,1,4397885,Dalano Banton,F,0,,,,,,,,,,,,,,,,,
401869396,2026-04-21,nba,2026,POST,Boston Celtics,Philadelphia 76ers,1,4702745,Amari Williams,F,0,,,,,,,,,,,,,,,,,
401869396,2026-04-21,nba,2026,POST,Boston Celtics,Philadelphia 76ers,1,5175647,Hugo Gonzalez,G,0,,,,,,,,,,,,,,,,,
401869397,2026-04-21,nba,2026,POST,Houston Rockets,Los Angeles Lakers,0,3202,Kevin Durant,F,1,4,1,4,12,7,4,9,8,41,2,-2,23,6,1,4,1,9
401869397,2026-04-21,nba,2026,POST,Houston Rockets,Los Angeles Lakers,0,4432639,Jabari Smith Jr.,F,1,1,1,5,16,7,2,2,1,39,1,-11,18,6,0,7,3,1
401869397,2026-04-21,nba,2026,POST,Houston Rockets,Los Angeles Lakers,0,4871144,Alperen Sengun,C,1,5,2,6,20,9,4,3,2,35,5,1,20,11,4,1,0,1
401869397,2026-04-21,nba,2026,POST,Houston Rockets,Los Angeles Lakers,0,4065663,Josh Okogie,G,1,0,0,1,6,3,3,0,0,24,1,-4,7,2,0,3,1,0
401869397,2026-04-21,nba,2026,POST,Houston Rockets,Los Angeles Lakers,0,4684740,Amen Thompson,G,1,9,0,4,10,6,4,5,4,42,1,1,16,5,1,1,0,3
401869397,2026-04-21,nba,2026,POST,Houston Rockets,Los Angeles Lakers,0,3136777,Jae'Sean Tate,F,0,0,0,0,1,0,3,0,0,9,1,-4,0,1,0,1,0,0
401869397,2026-04-21,nba,2026,POST,Houston Rockets,Los Angeles Lakers,0,4433192,Tari Eason,F,0,1,1,3,14,4,2,0,0,27,5,-4,10,8,0,6,2,1
401869397,2026-04-21,nba,2026,POST,Houston Rockets,Los Angeles Lakers,0,3102529,Clint Capela,C,0,0,1,1,3,0,0,0,0,5,1,-9,0,2,0,0,0,0
401869397,2026-04-21,nba,2026,POST,Houston Rockets,Los Angeles Lakers,0,3922230,Aaron Holiday,G,0,0,0,1,3,0,0,0,0,7,0,-4,0,1,1,3,0,0
401869397,2026-04-21,nba,2026,POST,Houston Rockets,Los Angeles Lakers,0,4711272,Reed Sheppard,G,0,3,0,0,4,0,0,0,0,11,0,1,0,0,1,3,0,0
401869397,2026-04-21,nba,2026,POST,Houston Rockets,Los Angeles Lakers,0,3209,Jeff Green,F,0,,,,,,,,,,,,,,,,,
401869397,2026-04-21,nba,2026,POST,Houston Rockets,Los Angeles Lakers,0,2578185,Dorian Finney-Smith,F,0,,,,,,,,,,,,,,,,,
401869397,2026-04-21,nba,2026,POST,Houston Rockets,Los Angeles Lakers,0,4576085,JD Davison,G,0,,,,,,,,,,,,,,,,,
401869397,2026-04-21,nba,2026,POST,Los Angeles Lakers,Houston Rockets,1,1966,LeBron James,F,1,7,0,7,20,8,3,14,10,39,1,6,28,8,1,5,2,3
401869397,2026-04-21,nba,2026,POST,Los Angeles Lakers,Houston Rockets,1,4066648,Rui Hachimura,F,1,2,0,4,10,5,3,0,0,43,1,0,13,5,0,6,3,0
401869397,2026-04-21,nba,2026,POST,Los Angeles Lakers,Houston Rockets,1,4278129,Deandre Ayton,C,1,1,1,4,8,3,1,0,0,27,1,-5,6,5,0,0,0,1
401869397,2026-04-21,nba,2026,POST,Los Angeles Lakers,Houston Rockets,1,2990992,Marcus Smart,G,1,7,1,1,13,8,3,5,4,35,1,3,25,2,5,7,5,3
401869397,2026-04-21,nba,2026,POST,Los Angeles Lakers,Houston Rockets,1,3913174,Luke Kennard,G,1,2,0,5,13,8,1,4,4,42,1,2,23,6,3,6,3,2
401869397,2026-04-21,nba,2026,POST,Los Angeles Lakers,Houston Rockets,1,4278077,Jarred Vanderbilt,F,0,1,0,4,3,0,2,0,0,14,1,8,0,5,1,2,0,0
401869397,2026-04-21,nba,2026,POST,Los Angeles Lakers,Houston Rockets,1,4592691,Jake LaRavia,F,0,0,1,1,2,0,5,0,0,16,1,8,0,2,0,1,0,2
401869397,2026-04-21,nba,2026,POST,Los Angeles Lakers,Houston Rockets,1,4397077,Jaxson Hayes,C,0,1,2,2,2,1,2,5,4,21,2,12,6,4,1,1,0,0
401869397,2026-04-21,nba,2026,POST,Los Angeles Lakers,Houston Rockets,1,4683774,Bronny James,G,0,0,0,0,1,0,0,0,0,3,0,1,0,0,0,0,0,1
401869397,2026-04-21,nba,2026,POST,Los Angeles Lakers,Houston Rockets,1,2960236,Maxi Kleber,F,0,,,,,,,,,,,,,,,,,
401869397,2026-04-21,nba,2026,POST,Los Angeles Lakers,Houston Rockets,1,4897943,Dalton Knecht,F,0,,,,,,,,,,,,,,,,,
401869397,2026-04-21,nba,2026,POST,Los Angeles Lakers,Houston Rockets,1,5060631,Adou Thiero,F,0,,,,,,,,,,,,,,,,,
401869397,2026-04-21,nba,2026,POST,Los Angeles Lakers,Houston Rockets,1,4683686,Nick Smith Jr.,G,0,,,,,,,,,,,,,,,,,
401869368,2026-04-22,nba,2026,POST,Phoenix Suns,Oklahoma City Thunder,0,3155526,Dillon Brooks,F,1,1,0,6,23,12,6,1,1,38,0,-11,30,6,0,9,5,1
401869368,2026-04-22,nba,2026,POST,Phoenix Suns,Oklahoma City Thunder,0,4601023,Oso Ighodaro,F,1,5,1,4,8,3,2,2,1,29,4,-23,7,8,0,0,0,2
401869368,2026-04-22,nba,2026,POST,Phoenix Suns,Oklahoma City Thunder,0,3136193,Devin Booker,G,1,4,0,4,14,7,3,10,8,40,3,-12,22,7,1,3,0,5
401869368,2026-04-22,nba,2026,POST,Phoenix Suns,Oklahoma City Thunder,0,4278585,Collin Gillespie,G,1,6,0,3,9,3,4,0,0,29,3,-14,7,6,2,5,1,2
401869368,2026-04-22,nba,2026,POST,Phoenix Suns,Oklahoma City Thunder,0,4437244,Jalen Green,G,1,3,0,2,23,8,2,5,4,41,3,-12,21,5,2,8,1,7
401869368,2026-04-22,nba,2026,POST,Phoenix Suns,Oklahoma City Thunder,0,2583632,Royce O'Neale,F,0,4,0,7,5,4,4,4,4,34,2,-4,16,9,2,5,4,2
401869368,2026-04-22,nba,2026,POST,Phoenix Suns,Oklahoma City Thunder,0,4888725,Ryan Dunn,F,0,0,0,1,0,0,1,0,0,8,0,1,0,1,0,0,0,0
401869368,2026-04-22,nba,2026,POST,Phoenix Suns,Oklahoma City Thunder,0,5105977,Rasheer Fleming,F,0,0,0,0,0,0,0,0,0,0,0,0,0,0,0,0,0,0
401869368,2026-04-22,nba,2026,POST,Phoenix Suns,Oklahoma City Thunder,0,5203685,Khaman Maluach,C,0,0,0,2,3,2,3,0,0,19,0,10,4,2,0,1,0,2
401869368,2026-04-22,nba,2026,POST,Phoenix Suns,Oklahoma City Thunder,0,4066387,Amir Coffey,G,0,0,0,0,0,0,0,0,0,0,0,0,0,0,0,0,0,0
401869368,2026-04-22,nba,2026,POST,Phoenix Suns,Oklahoma City Thunder,0,4280245,Jamaree Bouyea,G,0,0,0,0,0,0,0,0,0,0,0,0,0,0,0,0,0,0
401869368,2026-04-22,nba,2026,POST,Phoenix Suns,Oklahoma City Thunder,0,4291678,Haywood Highsmith,F,0,,,,,,,,,,,,,,,,,
401869368,2026-04-22,nba,2026,POST,Phoenix Suns,Oklahoma City Thunder,0,3135045,Grayson Allen,G,0,,,,,,,,,,,,,,,,,
401869368,2026-04-22,nba,2026,POST,Oklahoma City Thunder,Phoenix Suns,1,4222252,Isaiah Hartenstein,C,1,2,1,4,6,3,4,4,3,22,6,7,9,10,1,0,0,1
401869368,2026-04-22,nba,2026,POST,Oklahoma City Thunder,Phoenix Suns,1,4433255,Chet Holmgren,C,1,0,4,7,12,7,2,3,2,32,1,6,19,8,0,6,3,3
401869368,2026-04-22,nba,2026,POST,Oklahoma City Thunder,Phoenix Suns,1,4278073,Shai Gilgeous-Alexander,G,1,9,0,4,25,13,1,9,9,38,1,16,37,5,1,5,2,3
401869368,2026-04-22,nba,2026,POST,Oklahoma City Thunder,Phoenix Suns,1,4397020,Luguentz Dort,G,1,0,0,1,7,3,3,0,0,24,0,12,9,1,1,7,3,0
401869368,2026-04-22,nba,2026,POST,Oklahoma City Thunder,Phoenix Suns,1,4593803,Jalen Williams,G,1,4,0,1,11,7,1,5,3,23,0,17,19,1,1,3,2,1
401869368,2026-04-22,nba,2026,POST,Oklahoma City Thunder,Phoenix Suns,1,4432823,Jaylin Williams,F,0,1,1,1,2,0,2,0,0,11,0,1,0,1,1,1,0,0
401869368,2026-04-22,nba,2026,POST,Oklahoma City Thunder,Phoenix Suns,1,2991350,Alex Caruso,G,0,1,0,2,7,3,2,0,0,23,0,3,7,2,3,4,1,0
401869368,2026-04-22,nba,2026,POST,Oklahoma City Thunder,Phoenix Suns,1,4395702,Isaiah Joe,G,0,0,0,1,7,2,2,0,0,15,0,-9,6,1,1,7,2,1
401869368,2026-04-22,nba,2026,POST,Oklahoma City Thunder,Phoenix Suns,1,4683692,Cason Wallace,G,0,2,0,5,2,0,2,0,0,21,1,3,0,6,3,2,0,0
401869368,2026-04-22,nba,2026,POST,Oklahoma City Thunder,Phoenix Suns,1,4683778,Jared McCain,G,0,0,0,0,0,0,0,0,0,0,0,0,0,0,0,0,0,0
401869368,2026-04-22,nba,2026,POST,Oklahoma City Thunder,Phoenix Suns,1,4900671,Ajay Mitchell,G,0,5,0,2,12,5,2,4,3,29,3,9,14,5,2,5,1,1
401869368,2026-04-22,nba,2026,POST,Oklahoma City Thunder,Phoenix Suns,1,3133626,Kenrich Williams,G,0,,,,,,,,,,,,,,,,,
401869368,2026-04-22,nba,2026,POST,Oklahoma City Thunder,Phoenix Suns,1,4397183,Aaron Wiggins,G,0,,,,,,,,,,,,,,,,,
401869368,2026-04-22,nba,2026,POST,Oklahoma City Thunder,Phoenix Suns,1,5159925,Nikola Topic,G,0,,,,,,,,,,,,,,,,,
401869411,2026-04-22,nba,2026,POST,Orlando Magic,Detroit Pistons,0,4432573,Paolo Banchero,F,1,8,1,5,17,7,3,8,4,34,1,-15,18,6,1,2,0,4
401869411,2026-04-22,nba,2026,POST,Orlando Magic,Detroit Pistons,0,4566434,Franz Wagner,F,1,1,0,5,11,4,1,4,4,32,2,-22,12,7,4,2,0,2
401869411,2026-04-22,nba,2026,POST,Orlando Magic,Detroit Pistons,0,4277847,Wendell Carter Jr.,C,1,0,2,3,6,1,6,2,1,24,2,-29,3,5,1,2,0,0
401869411,2026-04-22,nba,2026,POST,Orlando Magic,Detroit Pistons,0,4066320,Desmond Bane,G,1,2,1,1,11,2,4,7,6,34,3,-22,12,4,2,7,2,3
401869411,2026-04-22,nba,2026,POST,Orlando Magic,Detroit Pistons,0,4432165,Jalen Suggs,G,1,4,0,4,18,7,3,2,2,32,2,-18,19,6,0,10,3,3
401869411,2026-04-22,nba,2026,POST,Orlando Magic,Detroit Pistons,0,4278572,Jamal Cain,F,0,0,0,1,2,1,0,1,0,8,0,3,2,1,1,1,0,1
401869411,2026-04-22,nba,2026,POST,Orlando Magic,Detroit Pistons,0,4702382,Tristan da Silva,F,0,0,0,2,3,1,2,0,0,17,1,2,3,3,1,2,1,1
401869411,2026-04-22,nba,2026,POST,Orlando Magic,Detroit Pistons,0,5214637,Noah Penda,F,0,0,0,1,0,0,0,0,0,3,0,3,0,1,0,0,0,0
401869411,2026-04-22,nba,2026,POST,Orlando Magic,Detroit Pistons,0,3150844,Moritz Wagner,C,0,0,0,1,1,0,1,0,0,3,0,3,0,1,0,0,0,0
401869411,2026-04-22,nba,2026,POST,Orlando Magic,Detroit Pistons,0,4348700,Goga Bitadze,C,0,0,2,3,0,0,5,4,3,21,2,11,3,5,2,0,0,2
401869411,2026-04-22,nba,2026,POST,Orlando Magic,Detroit Pistons,0,3133635,Jevon Carter,G,0,1,0,0,1,0,0,0,0,3,0,3,0,0,1,1,0,0
401869411,2026-04-22,nba,2026,POST,Orlando Magic,Detroit Pistons,0,4712849,Anthony Black,G,0,1,0,3,6,1,0,4,3,24,0,0,5,3,3,1,0,1
401869411,2026-04-22,nba,2026,POST,Orlando Magic,Detroit Pistons,0,5105806,Jett Howard,G,0,0,0,0,2,0,0,0,0,3,0,3,0,0,0,2,0,0
401869411,2026-04-22,nba,2026,POST,Orlando Magic,Detroit Pistons,0,5239561,Jase Richardson,G,0,0,0,0,2,2,0,0,0,3,0,3,6,0,0,2,2,0
401869411,2026-04-22,nba,2026,POST,Detroit Pistons,Orlando Magic,1,6440,Tobias Harris,F,1,1,2,7,17,7,1,2,2,33,4,14,16,11,2,3,0,1
401869411,2026-04-22,nba,2026,POST,Detroit Pistons,Orlando Magic,1,3157465,Duncan Robinson,F,1,3,1,4,9,3,4,2,1,32,2,25,10,6,2,8,3,2
401869411,2026-04-22,nba,2026,POST,Detroit Pistons,Orlando Magic,1,4433621,Jalen Duren,C,1,4,0,5,10,4,1,5,3,32,4,21,11,9,1,0,0,3
401869411,2026-04-22,nba,2026,POST,Detroit Pistons,Orlando Magic,1,4432166,Cade Cunningham,G,1,11,1,6,19,11,2,8,4,37,0,16,27,6,1,6,1,7
401869411,2026-04-22,nba,2026,POST,Detroit Pistons,Orlando Magic,1,4684742,Ausar Thompson,G,1,1,1,5,9,5,3,2,1,28,3,24,11,8,2,0,0,2
401869411,2026-04-22,nba,2026,POST,Detroit Pistons,Orlando Magic,1,4278562,Paul Reed,F,0,0,0,0,0,0,0,0,0,1,0,0,0,0,0,0,0,0
401869411,2026-04-22,nba,2026,POST,Detroit Pistons,Orlando Magic,1,4683771,Ronald Holland II,F,0,0,0,3,1,0,2,0,0,7,0,-3,0,3,0,1,0,0
401869411,2026-04-22,nba,2026,POST,Detroit Pistons,Orlando Magic,1,4432810,Isaiah Stewart,C,0,0,2,3,4,4,5,1,1,16,2,-6,10,5,0,1,1,3
401869411,2026-04-22,nba,2026,POST,Detroit Pistons,Orlando Magic,1,2596112,Javonte Green,G,0,0,3,4,1,0,3,2,2,23,1,-2,2,5,1,1,0,1
401869411,2026-04-22,nba,2026,POST,Detroit Pistons,Orlando Magic,1,2991043,Caris LeVert,G,0,0,0,1,6,2,0,0,0,14,0,-7,4,1,0,2,0,0
401869411,2026-04-22,nba,2026,POST,Detroit Pistons,Orlando Magic,1,4066372,Kevin Huerter,G,0,0,0,1,2,1,0,0,0,6,0,-4,3,1,0,2,1,2
401869411,2026-04-22,nba,2026,POST,Detroit Pistons,Orlando Magic,1,4432107,Marcus Sasser,G,0,0,0,0,0,0,0,0,0,1,0,0,0,0,0,0,0,0
401869411,2026-04-22,nba,2026,POST,Detroit Pistons,Orlando Magic,1,5107199,Daniss Jenkins,G,0,2,1,1,7,2,2,2,0,11,1,-3,4,2,0,2,0,1
401869411,2026-04-22,nba,2026,POST,Detroit Pistons,Orlando Magic,1,4397882,Tolu Smith,F,0,,,,,,,,,,,,,,,,,
401869411,2026-04-22,nba,2026,POST,Detroit Pistons,Orlando Magic,1,4700852,Chaz Lanier,G,0,,,,,,,,,,,,,,,,,
401869375,2026-04-23,nba,2026,POST,Cleveland Cavaliers,Toronto Raptors,0,3912848,Dean Wade,F,1,0,0,2,5,2,1,2,0,22,3,-10,5,5,1,4,1,0
401869375,2026-04-23,nba,2026,POST,Cleveland Cavaliers,Toronto Raptors,0,4066328,Jarrett Allen,C,1,1,3,3,7,5,4,2,2,26,1,-22,12,4,2,0,0,1
401869375,2026-04-23,nba,2026,POST,Cleveland Cavaliers,Toronto Raptors,0,4432158,Evan Mobley,C,1,7,1,4,13,4,0,8,7,33,2,-20,15,6,2,4,0,2
401869375,2026-04-23,nba,2026,POST,Cleveland Cavaliers,Toronto Raptors,0,3992,James Harden,G,1,4,0,4,13,5,2,6,5,33,0,-17,18,4,0,10,3,8
401869375,2026-04-23,nba,2026,POST,Cleveland Cavaliers,Toronto Raptors,0,3908809,Donovan Mitchell,G,1,3,0,4,16,7,2,0,0,33,1,-14,15,5,0,7,1,3
401869375,2026-04-23,nba,2026,POST,Cleveland Cavaliers,Toronto Raptors,0,2580365,Larry Nance Jr.,F,0,0,0,0,0,0,0,0,0,3,0,0,0,0,0,0,0,0
401869375,2026-04-23,nba,2026,POST,Cleveland Cavaliers,Toronto Raptors,0,5106268,Nae'Qwan Tomlin,F,0,1,0,0,1,0,0,0,0,3,1,0,0,1,0,0,0,0
401869375,2026-04-23,nba,2026,POST,Cleveland Cavaliers,Toronto Raptors,0,3934723,Thomas Bryant,C,0,0,1,1,2,1,0,1,1,3,0,0,3,1,0,1,0,0
401869375,2026-04-23,nba,2026,POST,Cleveland Cavaliers,Toronto Raptors,0,3032979,Dennis Schroder,G,0,0,0,1,2,1,0,0,0,5,0,-8,3,1,0,2,1,3
401869375,2026-04-23,nba,2026,POST,Cleveland Cavaliers,Toronto Raptors,0,4065778,Max Strus,G,0,3,0,3,10,5,2,2,1,26,3,-16,15,6,1,8,4,2
401869375,2026-04-23,nba,2026,POST,Cleveland Cavaliers,Toronto Raptors,0,4066757,Sam Merrill,G,0,0,0,0,2,1,0,0,0,18,3,-5,3,3,0,2,1,0
401869375,2026-04-23,nba,2026,POST,Cleveland Cavaliers,Toronto Raptors,0,4683747,Jaylon Tyson,G,0,4,0,1,9,5,2,0,0,16,1,1,13,2,1,6,3,0
401869375,2026-04-23,nba,2026,POST,Cleveland Cavaliers,Toronto Raptors,0,4701233,Craig Porter Jr.,G,0,0,0,0,1,0,0,0,0,3,0,0,0,0,0,1,0,0
401869375,2026-04-23,nba,2026,POST,Cleveland Cavaliers,Toronto Raptors,0,4702177,Keon Ellis,G,0,0,1,3,0,0,2,0,0,15,1,1,0,4,0,0,0,1
401869375,2026-04-23,nba,2026,POST,Cleveland Cavaliers,Toronto Raptors,0,5023693,Tyrese Proctor,G,0,0,0,0,0,0,0,2,2,3,0,0,2,0,0,0,0,0
401869375,2026-04-23,nba,2026,POST,Toronto Raptors,Cleveland Cavaliers,1,3913176,Brandon Ingram,F,1,2,0,3,9,5,4,2,1,29,0,15,12,3,2,2,1,2
401869375,2026-04-23,nba,2026,POST,Toronto Raptors,Cleveland Cavaliers,1,4395625,RJ Barrett,F,1,5,1,5,19,12,3,7,3,39,0,24,33,5,2,8,6,2
401869375,2026-04-23,nba,2026,POST,Toronto Raptors,Cleveland Cavaliers,1,4433134,Scottie Barnes,F,1,11,1,4,17,11,3,10,8,35,1,23,33,5,1,5,3,1
401869375,2026-04-23,nba,2026,POST,Toronto Raptors,Cleveland Cavaliers,1,3134908,Jakob Poeltl,C,1,2,1,3,6,4,4,0,0,18,3,4,8,6,0,0,0,0
401869375,2026-04-23,nba,2026,POST,Toronto Raptors,Cleveland Cavaliers,1,4684272,Ja'Kobe Walter,G,1,0,0,2,6,0,2,0,0,26,0,6,0,2,0,3,0,0
401869375,2026-04-23,nba,2026,POST,Toronto Raptors,Cleveland Cavaliers,1,4278580,Sandro Mamukelashvili,F,0,1,0,1,3,0,0,2,0,11,1,0,0,2,0,0,0,1
401869375,2026-04-23,nba,2026,POST,Toronto Raptors,Cleveland Cavaliers,1,4431684,Trayce Jackson-Davis,F,0,0,0,0,1,0,1,0,0,2,1,-3,0,1,0,0,0,0
401869375,2026-04-23,nba,2026,POST,Toronto Raptors,Cleveland Cavaliers,1,4431893,Jamison Battle,F,0,0,0,2,5,5,1,0,0,16,0,20,14,2,0,4,4,0
401869375,2026-04-23,nba,2026,POST,Toronto Raptors,Cleveland Cavaliers,1,5093267,Collin Murray-Boyles,F,0,2,1,3,15,11,1,0,0,28,5,21,22,8,1,0,0,2
401869375,2026-04-23,nba,2026,POST,Toronto Raptors,Cleveland Cavaliers,1,5107897,Jonathan Mogbo,F,0,0,0,0,1,1,1,0,0,2,0,-3,2,0,0,0,0,0
401869375,2026-04-23,nba,2026,POST,Toronto Raptors,Cleveland Cavaliers,1,4023,Garrett Temple,G,0,1,0,0,1,0,0,0,0,2,0,-3,0,0,0,0,0,0
401869375,2026-04-23,nba,2026,POST,Toronto Raptors,Cleveland Cavaliers,1,4067017,A.J. Lawson,G,0,0,0,0,1,0,0,0,0,2,0,-3,0,0,0,0,0,0
401869375,2026-04-23,nba,2026,POST,Toronto Raptors,Cleveland Cavaliers,1,4432241,Jamal Shead,G,0,5,0,1,3,1,1,0,0,30,0,12,2,1,5,1,0,3
401869375,2026-04-23,nba,2026,POST,Toronto Raptors,Cleveland Cavaliers,1,5106258,Gradey Dick,G,0,0,0,0,0,0,0,0,0,2,0,-3,0,0,0,0,0,0
401869389,2026-04-23,nba,2026,POST,New York Knicks,Atlanta Hawks,0,3934719,OG Anunoby,F,1,1,3,5,16,9,3,7,7,37,4,-4,29,9,1,8,4,0
401869389,2026-04-23,nba,2026,POST,New York Knicks,Atlanta Hawks,0,3136195,Karl-Anthony Towns,C,1,4,2,13,12,7,2,6,6,34,4,22,21,17,2,3,1,3
401869389,2026-04-23,nba,2026,POST,New York Knicks,Atlanta Hawks,0,3062679,Josh Hart,G,1,6,0,7,9,1,3,0,0,40,2,3,2,9,2,4,0,2
401869389,2026-04-23,nba,2026,POST,New York Knicks,Atlanta Hawks,0,3147657,Mikal Bridges,G,1,2,0,1,3,0,2,0,0,21,0,-26,0,1,0,2,0,4
401869389,2026-04-23,nba,2026,POST,New York Knicks,Atlanta Hawks,0,3934672,Jalen Brunson,G,1,4,0,3,23,11,3,5,4,40,0,1,26,3,2,5,0,3
401869389,2026-04-23,nba,2026,POST,New York Knicks,Atlanta Hawks,0,4351852,Mitchell Robinson,C,0,0,0,2,2,1,0,0,0,11,2,-18,2,4,1,0,0,0
401869389,2026-04-23,nba,2026,POST,New York Knicks,Atlanta Hawks,0,2528426,Jordan Clarkson,G,0,1,0,0,11,4,0,1,0,17,2,1,8,2,0,2,0,1
401869389,2026-04-23,nba,2026,POST,New York Knicks,Atlanta Hawks,0,3914044,Landry Shamet,G,0,0,0,0,0,0,0,0,0,3,0,-2,0,0,0,0,0,0
401869389,2026-04-23,nba,2026,POST,New York Knicks,Atlanta Hawks,0,4277869,Jose Alvarado,G,0,0,0,0,3,2,1,1,1,6,0,2,5,0,0,1,0,0
401869389,2026-04-23,nba,2026,POST,New York Knicks,Atlanta Hawks,0,4431823,Miles McBride,G,0,1,0,1,14,5,3,0,0,31,0,16,15,1,2,10,5,2
401869389,2026-04-23,nba,2026,POST,New York Knicks,Atlanta Hawks,0,4610139,Jeremy Sochan,F,0,,,,,,,,,,,,,,,,,
401869389,2026-04-23,nba,2026,POST,New York Knicks,Atlanta Hawks,0,5211983,Pacome Dadiet,F,0,,,,,,,,,,,,,,,,,
401869389,2026-04-23,nba,2026,POST,New York Knicks,Atlanta Hawks,0,5289900,Mohamed Diawara,F,0,,,,,,,,,,,,,,,,,
401869389,2026-04-23,nba,2026,POST,New York Knicks,Atlanta Hawks,0,4871141,Ariel Hukporti,C,0,,,,,,,,,,,,,,,,,
401869389,2026-04-23,nba,2026,POST,New York Knicks,Atlanta Hawks,0,4433225,Tyler Kolek,G,0,,,,,,,,,,,,,,,,,
401869389,2026-04-23,nba,2026,POST,Atlanta Hawks,New York Knicks,1,4431680,Onyeka Okongwu,F,1,1,2,5,7,4,3,0,0,37,2,-4,9,7,1,4,1,1
401869389,2026-04-23,nba,2026,POST,Atlanta Hawks,New York Knicks,1,4701230,Jalen Johnson,F,1,8,1,9,19,8,3,10,6,38,1,2,24,10,2,6,2,2
401869389,2026-04-23,nba,2026,POST,Atlanta Hawks,New York Knicks,1,2490149,CJ McCollum,G,1,1,2,2,19,8,3,7,5,35,3,-6,23,5,2,4,2,4
401869389,2026-04-23,nba,2026,POST,Atlanta Hawks,New York Knicks,1,4278039,Nickeil Alexander-Walker,G,1,0,1,3,12,4,1,3,3,38,0,-11,14,3,1,7,3,2
401869389,2026-04-23,nba,2026,POST,Atlanta Hawks,New York Knicks,1,4869342,Dyson Daniels,G,1,6,1,10,7,3,1,2,1,33,3,4,8,13,3,2,1,5
401869389,2026-04-23,nba,2026,POST,Atlanta Hawks,New York Knicks,1,4280151,Corey Kispert,F,0,1,0,1,1,0,1,0,0,5,0,0,0,1,0,0,0,0
401869389,2026-04-23,nba,2026,POST,Atlanta Hawks,New York Knicks,1,4433247,Jonathan Kuminga,F,0,0,1,2,14,9,3,2,1,28,2,3,21,4,1,4,2,1
401869389,2026-04-23,nba,2026,POST,Atlanta Hawks,New York Knicks,1,4712863,Mouhamed Gueye,F,0,1,0,0,4,2,1,0,0,11,1,5,5,1,0,3,1,0
401869389,2026-04-23,nba,2026,POST,Atlanta Hawks,New York Knicks,1,3137259,Gabe Vincent,G,0,1,0,0,3,1,1,2,2,14,1,12,5,1,0,3,1,1
401869389,2026-04-23,nba,2026,POST,Atlanta Hawks,New York Knicks,1,4873201,Asa Newell,F,0,,,,,,,,,,,,,,,,,
401869389,2026-04-23,nba,2026,POST,Atlanta Hawks,New York Knicks,1,5211175,Zaccharie Risacher,F,0,,,,,,,,,,,,,,,,,
401869389,2026-04-23,nba,2026,POST,Atlanta Hawks,New York Knicks,1,4065673,Tony Bradley,C,0,,,,,,,,,,,,,,,,,
401869389,2026-04-23,nba,2026,POST,Atlanta Hawks,New York Knicks,1,2990984,Buddy Hield,G,0,,,,,,,,,,,,,,,,,
401869389,2026-04-23,nba,2026,POST,Atlanta Hawks,New York Knicks,1,4279118,Keaton Wallace,G,0,,,,,,,,,,,,,,,,,
401869398,2026-04-23,nba,2026,POST,Denver Nuggets,Minnesota Timberwolves,0,3138196,Cameron Johnson,F,1,1,0,2,6,2,3,2,2,24,0,-14,6,2,1,3,0,0
401869398,2026-04-23,nba,2026,POST,Denver Nuggets,Minnesota Timberwolves,0,4592427,Spencer Jones,F,1,0,1,1,3,2,4,0,0,28,0,-5,6,1,0,2,2,1
401869398,2026-04-23,nba,2026,POST,Denver Nuggets,Minnesota Timberwolves,0,3112335,Nikola Jokic,C,1,3,0,13,26,7,3,11,11,35,2,-21,27,15,2,10,2,4
401869398,2026-04-23,nba,2026,POST,Denver Nuggets,Minnesota Timberwolves,0,3936299,Jamal Murray,G,1,4,0,3,17,5,0,7,6,35,0,-12,16,3,0,5,0,1
401869398,2026-04-23,nba,2026,POST,Denver Nuggets,Minnesota Timberwolves,0,4431767,Christian Braun,G,1,0,1,1,4,0,1,4,2,24,1,-19,2,2,0,1,0,0
401869398,2026-04-23,nba,2026,POST,Denver Nuggets,Minnesota Timberwolves,0,4431690,Zeke Nnaji,F,0,1,0,2,2,2,3,6,5,16,1,2,10,3,1,1,1,0
401869398,2026-04-23,nba,2026,POST,Denver Nuggets,Minnesota Timberwolves,0,4433607,DaRon Holmes II,F,0,0,0,2,0,0,0,0,0,4,0,0,0,2,0,0,0,0
401869398,2026-04-23,nba,2026,POST,Denver Nuggets,Minnesota Timberwolves,0,2528210,Tim Hardaway Jr.,G,0,0,0,4,8,3,1,4,3,28,1,-13,11,5,0,6,2,1
401869398,2026-04-23,nba,2026,POST,Denver Nuggets,Minnesota Timberwolves,0,3135046,Tyus Jones,G,0,0,0,0,2,1,0,0,0,4,0,0,2,0,0,1,0,0
401869398,2026-04-23,nba,2026,POST,Denver Nuggets,Minnesota Timberwolves,0,4065670,Bruce Brown,G,0,2,0,4,7,4,2,2,1,23,0,-3,9,4,1,0,0,1
401869398,2026-04-23,nba,2026,POST,Denver Nuggets,Minnesota Timberwolves,0,4398390,Jalen Pickett,G,0,1,0,0,0,0,0,2,1,4,0,0,1,0,0,0,0,0
401869398,2026-04-23,nba,2026,POST,Denver Nuggets,Minnesota Timberwolves,0,4432181,Julian Strawther,G,0,0,0,2,7,2,1,2,1,14,1,0,6,3,0,3,1,2
401869398,2026-04-23,nba,2026,POST,Denver Nuggets,Minnesota Timberwolves,0,6477,Jonas Valanciunas,C,0,,,,,,,,,,,,,,,,,
401869398,2026-04-23,nba,2026,POST,Minnesota Timberwolves,Denver Nuggets,1,3064514,Julius Randle,F,1,4,1,5,15,6,3,6,3,33,1,8,15,6,0,3,0,1
401869398,2026-04-23,nba,2026,POST,Minnesota Timberwolves,Denver Nuggets,1,4431671,Jaden McDaniels,F,1,3,1,6,13,9,2,1,1,41,4,8,20,10,1,3,1,0
401869398,2026-04-23,nba,2026,POST,Minnesota Timberwolves,Denver Nuggets,1,3032976,Rudy Gobert,C,1,3,3,9,7,3,4,5,4,36,3,18,10,12,0,0,0,0
401869398,2026-04-23,nba,2026,POST,Minnesota Timberwolves,Denver Nuggets,1,3934673,Donte DiVincenzo,G,1,7,0,4,13,6,4,0,0,33,0,20,15,4,4,8,3,1
401869398,2026-04-23,nba,2026,POST,Minnesota Timberwolves,Denver Nuggets,1,4594268,Anthony Edwards,G,1,3,0,5,15,6,5,3,3,24,0,11,17,5,0,8,2,2
401869398,2026-04-23,nba,2026,POST,Minnesota Timberwolves,Denver Nuggets,1,2968436,Joe Ingles,F,0,0,0,0,0,0,0,0,0,1,0,0,0,0,0,0,0,0
401869398,2026-04-23,nba,2026,POST,Minnesota Timberwolves,Denver Nuggets,1,2993874,Kyle Anderson,F,0,0,0,0,1,0,1,0,0,5,0,3,0,0,0,0,0,0
401869398,2026-04-23,nba,2026,POST,Minnesota Timberwolves,Denver Nuggets,1,5105553,Julian Phillips,F,0,0,0,1,0,0,0,0,0,1,0,3,0,1,1,0,0,0
401869398,2026-04-23,nba,2026,POST,Minnesota Timberwolves,Denver Nuggets,1,5279133,Joan Beringer,F,0,0,0,0,1,0,0,0,0,1,2,0,0,2,0,0,0,0
401869398,2026-04-23,nba,2026,POST,Minnesota Timberwolves,Denver Nuggets,1,4396971,Naz Reid,C,0,2,0,5,7,2,4,0,0,18,1,4,5,6,0,4,1,2
401869398,2026-04-23,nba,2026,POST,Minnesota Timberwolves,Denver Nuggets,1,3195,Mike Conley,G,0,0,0,0,1,0,0,0,0,1,0,0,0,0,0,1,0,0
401869398,2026-04-23,nba,2026,POST,Minnesota Timberwolves,Denver Nuggets,1,4397002,Ayo Dosunmu,G,0,9,0,2,15,10,2,6,5,32,1,11,25,3,0,3,0,2
401869398,2026-04-23,nba,2026,POST,Minnesota Timberwolves,Denver Nuggets,1,4592492,Bones Hyland,G,0,0,0,4,5,2,2,0,0,15,0,-1,6,4,0,4,2,2
401869382,2026-04-24,nba,2026,POST,San Antonio Spurs,Portland Trail Blazers,0,4592479,Julian Champagnie,F,1,1,0,6,7,3,1,1,1,27,0,7,9,6,1,4,2,1
401869382,2026-04-24,nba,2026,POST,San Antonio Spurs,Portland Trail Blazers,0,3064560,Luke Kornet,C,1,2,2,5,9,6,5,2,1,30,5,4,14,10,0,1,1,1
401869382,2026-04-24,nba,2026,POST,San Antonio Spurs,Portland Trail Blazers,0,4066259,De'Aaron Fox,G,1,6,0,4,16,7,4,5,3,36,0,8,18,4,0,6,1,2
401869382,2026-04-24,nba,2026,POST,San Antonio Spurs,Portland Trail Blazers,0,4395630,Devin Vassell,G,1,3,1,6,12,4,3,1,0,33,1,6,11,7,2,7,3,2
401869382,2026-04-24,nba,2026,POST,San Antonio Spurs,Portland Trail Blazers,0,4845367,Stephon Castle,G,1,5,0,2,18,10,2,11,10,34,0,-9,33,2,1,4,3,4
401869382,2026-04-24,nba,2026,POST,San Antonio Spurs,Portland Trail Blazers,0,6578,Harrison Barnes,F,0,0,0,0,1,0,0,0,0,6,0,-2,0,0,0,1,0,0
401869382,2026-04-24,nba,2026,POST,San Antonio Spurs,Portland Trail Blazers,0,4395723,Keldon Johnson,F,0,3,1,4,7,1,2,2,2,21,1,4,5,5,1,1,1,2
401869382,2026-04-24,nba,2026,POST,San Antonio Spurs,Portland Trail Blazers,0,5061568,Carter Bryant,F,0,4,3,2,5,1,4,0,0,23,4,17,3,6,0,4,1,0
401869382,2026-04-24,nba,2026,POST,San Antonio Spurs,Portland Trail Blazers,0,5037871,Dylan Harper,G,0,3,1,7,12,9,4,6,5,30,3,25,27,10,1,5,4,1
401869382,2026-04-24,nba,2026,POST,San Antonio Spurs,Portland Trail Blazers,0,2489663,Kelly Olynyk,F,0,,,,,,,,,,,,,,,,,
401869382,2026-04-24,nba,2026,POST,San Antonio Spurs,Portland Trail Blazers,0,4066317,Lindy Waters III,F,0,,,,,,,,,,,,,,,,,
401869382,2026-04-24,nba,2026,POST,San Antonio Spurs,Portland Trail Blazers,0,6427,Bismack Biyombo,C,0,,,,,,,,,,,,,,,,,
401869382,2026-04-24,nba,2026,POST,San Antonio Spurs,Portland Trail Blazers,0,2488653,Mason Plumlee,C,0,,,,,,,,,,,,,,,,,
401869382,2026-04-24,nba,2026,POST,Portland Trail Blazers,San Antonio Spurs,1,4431736,Toumani Camara,F,1,1,0,3,6,1,5,0,0,33,0,-12,2,3,1,4,0,2
401869382,2026-04-24,nba,2026,POST,Portland Trail Blazers,San Antonio Spurs,1,4683021,Deni Avdija,F,1,9,0,5,15,3,2,16,12,37,1,-16,19,6,0,4,1,2
401869382,2026-04-24,nba,2026,POST,Portland Trail Blazers,San Antonio Spurs,1,5105565,Donovan Clingan,C,1,2,0,8,6,2,3,4,2,20,3,0,7,11,0,3,1,0
401869382,2026-04-24,nba,2026,POST,Portland Trail Blazers,San Antonio Spurs,1,3995,Jrue Holiday,G,1,5,0,4,18,12,4,0,0,41,2,-7,29,6,4,9,5,2
401869382,2026-04-24,nba,2026,POST,Portland Trail Blazers,San Antonio Spurs,1,4683678,Scoot Henderson,G,1,1,0,2,18,8,4,0,0,36,0,9,21,2,1,10,5,2
401869382,2026-04-24,nba,2026,POST,Portland Trail Blazers,San Antonio Spurs,1,2991070,Jerami Grant,F,0,0,0,1,11,4,3,3,3,23,1,-19,13,2,0,5,2,0
401869382,2026-04-24,nba,2026,POST,Portland Trail Blazers,San Antonio Spurs,1,4594326,Kris Murray,F,0,0,0,0,0,0,0,0,0,2,0,-2,0,0,0,0,0,0
401869382,2026-04-24,nba,2026,POST,Portland Trail Blazers,San Antonio Spurs,1,4066211,Robert Williams III,C,0,2,2,3,8,5,1,2,1,25,6,-11,11,9,1,1,0,2
401869382,2026-04-24,nba,2026,POST,Portland Trail Blazers,San Antonio Spurs,1,5217746,Yang Hansen,C,0,0,0,1,0,0,0,0,0,1,0,0,0,1,0,0,0,0
401869382,2026-04-24,nba,2026,POST,Portland Trail Blazers,San Antonio Spurs,1,3907498,Matisse Thybulle,G,0,0,1,1,2,0,0,2,2,6,1,2,2,2,0,1,0,0
401869382,2026-04-24,nba,2026,POST,Portland Trail Blazers,San Antonio Spurs,1,4578893,Vit Krejci,G,0,0,0,0,1,0,0,0,0,1,0,0,0,0,0,1,0,0
401869382,2026-04-24,nba,2026,POST,Portland Trail Blazers,San Antonio Spurs,1,4683935,Blake Wesley,G,0,0,0,0,0,0,0,0,0,1,0,0,0,0,0,0,0,0
401869382,2026-04-24,nba,2026,POST,Portland Trail Blazers,San Antonio Spurs,1,4914336,Shaedon Sharpe,G,0,1,1,1,5,2,2,2,0,14,2,-4,4,3,0,0,0,0
401869382,2026-04-24,nba,2026,POST,Portland Trail Blazers,San Antonio Spurs,1,5081727,Sidy Cissoko,G,0,0,0,0,0,0,0,0,0,1,0,0,0,0,0,0,0,0
401869400,2026-04-24,nba,2026,POST,Los Angeles Lakers,Houston Rockets,0,1966,LeBron James,F,1,6,1,13,22,10,1,6,5,45,0,0,29,13,3,9,4,8
401869400,2026-04-24,nba,2026,POST,Los Angeles Lakers,Houston Rockets,0,4066648,Rui Hachimura,F,1,2,0,3,14,8,5,4,2,44,1,0,22,4,1,7,4,1
401869400,2026-04-24,nba,2026,POST,Los Angeles Lakers,Houston Rockets,0,4278129,Deandre Ayton,C,1,2,1,4,3,1,3,0,0,33,2,-6,2,6,1,0,0,3
401869400,2026-04-24,nba,2026,POST,Los Angeles Lakers,Houston Rockets,0,2990992,Marcus Smart,G,1,10,2,3,9,5,2,11,9,39,1,3,21,4,5,4,2,3
401869400,2026-04-24,nba,2026,POST,Los Angeles Lakers,Houston Rockets,0,3913174,Luke Kennard,G,1,6,0,6,12,4,3,6,5,45,0,-3,14,6,0,6,1,3
401869400,2026-04-24,nba,2026,POST,Los Angeles Lakers,Houston Rockets,0,4278077,Jarred Vanderbilt,F,0,1,0,5,5,2,3,2,1,15,1,6,5,6,0,2,0,0
401869400,2026-04-24,nba,2026,POST,Los Angeles Lakers,Houston Rockets,0,4592691,Jake LaRavia,F,0,1,0,0,4,1,3,0,0,15,2,9,2,2,1,0,0,1
401869400,2026-04-24,nba,2026,POST,Los Angeles Lakers,Houston Rockets,0,4397077,Jaxson Hayes,C,0,0,2,2,8,5,2,3,2,20,2,7,12,4,1,0,0,1
401869400,2026-04-24,nba,2026,POST,Los Angeles Lakers,Houston Rockets,0,4683686,Nick Smith Jr.,G,0,0,0,0,0,0,0,0,0,0,0,0,0,0,0,0,0,0
401869400,2026-04-24,nba,2026,POST,Los Angeles Lakers,Houston Rockets,0,4683774,Bronny James,G,0,0,0,0,2,2,1,0,0,9,0,4,5,0,0,1,1,0
401869400,2026-04-24,nba,2026,POST,Los Angeles Lakers,Houston Rockets,0,2960236,Maxi Kleber,F,0,,,,,,,,,,,,,,,,,
401869400,2026-04-24,nba,2026,POST,Los Angeles Lakers,Houston Rockets,0,4897943,Dalton Knecht,F,0,,,,,,,,,,,,,,,,,
401869400,2026-04-24,nba,2026,POST,Los Angeles Lakers,Houston Rockets,0,5060631,Adou Thiero,F,0,,,,,,,,,,,,,,,,,
401869400,2026-04-24,nba,2026,POST,Los Angeles Lakers,Houston Rockets,0,4066457,Austin Reaves,G,0,,,,,,,,,,,,,,,,,
401869400,2026-04-24,nba,2026,POST,Houston Rockets,Los Angeles Lakers,1,4432639,Jabari Smith Jr.,F,1,1,0,5,16,8,4,2,2,44,1,4,24,6,1,10,6,2
401869400,2026-04-24,nba,2026,POST,Houston Rockets,Los Angeles Lakers,1,4433192,Tari Eason,F,1,2,0,2,9,2,3,1,1,46,2,6,5,4,4,4,0,1
401869400,2026-04-24,nba,2026,POST,Houston Rockets,Los Angeles Lakers,1,4871144,Alperen Sengun,C,1,6,1,11,27,15,2,3,2,47,5,10,33,16,3,5,1,3
401869400,2026-04-24,nba,2026,POST,Houston Rockets,Los Angeles Lakers,1,4684740,Amen Thompson,G,1,4,3,6,14,8,2,13,10,48,5,6,26,11,3,1,0,1
401869400,2026-04-24,nba,2026,POST,Houston Rockets,Los Angeles Lakers,1,4711272,Reed Sheppard,G,1,7,2,3,21,6,5,2,1,46,1,-2,17,4,3,13,4,5
401869400,2026-04-24,nba,2026,POST,Houston Rockets,Los Angeles Lakers,1,3209,Jeff Green,F,0,0,0,0,2,0,1,0,0,8,0,-4,0,0,0,1,0,1
401869400,2026-04-24,nba,2026,POST,Houston Rockets,Los Angeles Lakers,1,2578185,Dorian Finney-Smith,F,0,0,0,3,5,0,1,0,0,11,1,-6,0,4,1,4,0,0
401869400,2026-04-24,nba,2026,POST,Houston Rockets,Los Angeles Lakers,1,3136777,Jae'Sean Tate,F,0,0,0,1,0,0,1,2,1,3,0,-9,1,1,0,0,0,0
401869400,2026-04-24,nba,2026,POST,Houston Rockets,Los Angeles Lakers,1,3102529,Clint Capela,C,0,1,0,0,2,1,1,0,0,4,2,-11,2,2,0,0,0,0
401869400,2026-04-24,nba,2026,POST,Houston Rockets,Los Angeles Lakers,1,3922230,Aaron Holiday,G,0,0,0,0,1,0,0,0,0,6,0,-1,0,0,0,1,0,1
401869400,2026-04-24,nba,2026,POST,Houston Rockets,Los Angeles Lakers,1,4065663,Josh Okogie,G,0,0,0,0,1,0,0,0,0,4,1,-13,0,1,0,0,0,1
401869400,2026-04-24,nba,2026,POST,Houston Rockets,Los Angeles Lakers,1,3202,Kevin Durant,F,0,,,,,,,,,,,,,,,,,
401869400,2026-04-24,nba,2026,POST,Houston Rockets,Los Angeles Lakers,1,4576085,JD Davison,G,0,,,,,,,,,,,,,,,,,
401869404,2026-04-24,nba,2026,POST,Boston Celtics,Philadelphia 76ers,0,4065648,Jayson Tatum,F,1,7,0,5,17,9,1,3,2,42,0,2,25,5,1,9,5,1
401869404,2026-04-24,nba,2026,POST,Boston Celtics,Philadelphia 76ers,0,4065804,Sam Hauser,F,1,0,0,2,4,2,1,0,0,18,1,-6,6,3,0,2,2,0
401869404,2026-04-24,nba,2026,POST,Boston Celtics,Philadelphia 76ers,0,4397424,Neemias Queta,C,1,0,2,5,1,1,4,4,4,13,2,-2,6,7,1,0,0,3
401869404,2026-04-24,nba,2026,POST,Boston Celtics,Philadelphia 76ers,0,3078576,Derrick White,G,1,2,3,2,12,3,0,4,4,34,2,-6,11,4,1,8,1,2
401869404,2026-04-24,nba,2026,POST,Boston Celtics,Philadelphia 76ers,0,3917376,Jaylen Brown,G,1,4,3,4,16,9,3,6,6,40,3,13,25,7,1,2,1,6
401869404,2026-04-24,nba,2026,POST,Boston Celtics,Philadelphia 76ers,0,6478,Nikola Vucevic,C,0,4,3,5,10,4,5,0,0,31,1,7,11,6,0,9,3,4
401869404,2026-04-24,nba,2026,POST,Boston Celtics,Philadelphia 76ers,0,4277951,Luka Garza,C,0,1,0,1,3,1,1,0,0,4,1,1,3,2,0,2,1,0
401869404,2026-04-24,nba,2026,POST,Boston Celtics,Philadelphia 76ers,0,4066354,Payton Pritchard,G,0,2,0,2,12,5,2,0,0,33,2,18,15,4,0,10,5,1
401869404,2026-04-24,nba,2026,POST,Boston Celtics,Philadelphia 76ers,0,4593841,Baylor Scheierman,G,0,1,0,1,4,2,1,0,0,12,2,-5,6,3,2,4,2,0
401869404,2026-04-24,nba,2026,POST,Boston Celtics,Philadelphia 76ers,0,4683689,Jordan Walsh,G,0,0,0,3,2,0,1,0,0,13,1,18,0,4,0,1,0,0
401869404,2026-04-24,nba,2026,POST,Boston Celtics,Philadelphia 76ers,0,4397885,Dalano Banton,F,0,,,,,,,,,,,,,,,,,
401869404,2026-04-24,nba,2026,POST,Boston Celtics,Philadelphia 76ers,0,4702745,Amari Williams,F,0,,,,,,,,,,,,,,,,,
401869404,2026-04-24,nba,2026,POST,Boston Celtics,Philadelphia 76ers,0,4397251,Ron Harper Jr.,G,0,,,,,,,,,,,,,,,,,
401869404,2026-04-24,nba,2026,POST,Boston Celtics,Philadelphia 76ers,0,4701992,Max Shulga,G,0,,,,,,,,,,,,,,,,,
401869404,2026-04-24,nba,2026,POST,Boston Celtics,Philadelphia 76ers,0,5175647,Hugo Gonzalez,G,0,,,,,,,,,,,,,,,,,
401869404,2026-04-24,nba,2026,POST,Philadelphia 76ers,Boston Celtics,1,4251,Paul George,F,1,5,0,0,14,7,1,0,0,41,0,-4,18,0,2,7,4,1
401869404,2026-04-24,nba,2026,POST,Philadelphia 76ers,Boston Celtics,1,5105637,Adem Bona,C,1,0,3,3,5,3,6,6,4,22,2,9,10,5,1,0,0,3
401869404,2026-04-24,nba,2026,POST,Philadelphia 76ers,Boston Celtics,1,3133603,Kelly Oubre Jr.,G,1,1,1,4,12,6,2,4,4,40,2,-8,17,6,1,4,1,0
401869404,2026-04-24,nba,2026,POST,Philadelphia 76ers,Boston Celtics,1,4431678,Tyrese Maxey,G,1,6,2,3,31,12,1,2,2,42,1,-5,31,4,1,13,5,1
401869404,2026-04-24,nba,2026,POST,Philadelphia 76ers,Boston Celtics,1,5124612,VJ Edgecombe,G,1,5,1,6,17,5,3,0,0,41,4,0,10,10,1,7,0,2
401869404,2026-04-24,nba,2026,POST,Philadelphia 76ers,Boston Celtics,1,4711297,Justin Edwards,F,0,0,0,1,1,0,3,0,0,13,1,-7,0,2,0,1,0,2
401869404,2026-04-24,nba,2026,POST,Philadelphia 76ers,Boston Celtics,1,6585,Andre Drummond,C,0,0,0,3,6,5,3,2,0,26,3,-17,12,6,0,2,2,2
401869404,2026-04-24,nba,2026,POST,Philadelphia 76ers,Boston Celtics,1,4397014,Quentin Grimes,G,0,1,1,4,1,0,1,2,2,15,0,-8,2,4,0,1,0,0
401869404,2026-04-24,nba,2026,POST,Philadelphia 76ers,Boston Celtics,1,4431675,Trendon Watford,F,0,,,,,,,,,,,,,,,,,
401869404,2026-04-24,nba,2026,POST,Philadelphia 76ers,Boston Celtics,1,4432446,Jabari Walker,F,0,,,,,,,,,,,,,,,,,
401869404,2026-04-24,nba,2026,POST,Philadelphia 76ers,Boston Celtics,1,4433569,Johni Broome,F,0,,,,,,,,,,,,,,,,,
401869404,2026-04-24,nba,2026,POST,Philadelphia 76ers,Boston Celtics,1,4870562,Dominick Barlow,F,0,,,,,,,,,,,,,,,,,
401869404,2026-04-24,nba,2026,POST,Philadelphia 76ers,Boston Celtics,1,3012,Kyle Lowry,G,0,,,,,,,,,,,,,,,,,
401869404,2026-04-24,nba,2026,POST,Philadelphia 76ers,Boston Celtics,1,4433159,Dalen Terry,G,0,,,,,,,,,,,,,,,,,
401869370,2026-04-25,nba,2026,POST,Oklahoma City Thunder,Phoenix Suns,0,4222252,Isaiah Hartenstein,C,1,1,1,2,4,3,5,4,3,23,1,-3,9,3,1,0,0,2
401869370,2026-04-25,nba,2026,POST,Oklahoma City Thunder,Phoenix Suns,0,4433255,Chet Holmgren,C,1,2,2,7,6,5,5,0,0,29,0,-5,10,7,1,1,0,0
401869370,2026-04-25,nba,2026,POST,Oklahoma City Thunder,Phoenix Suns,0,4278073,Shai Gilgeous-Alexander,G,1,8,0,3,18,15,4,12,11,38,1,10,42,4,1,3,1,3
401869370,2026-04-25,nba,2026,POST,Oklahoma City Thunder,Phoenix Suns,0,4397020,Luguentz Dort,G,1,3,0,4,8,3,3,0,0,23,2,-2,9,6,0,7,3,0
401869370,2026-04-25,nba,2026,POST,Oklahoma City Thunder,Phoenix Suns,0,4900671,Ajay Mitchell,G,1,2,0,4,20,5,1,4,4,32,2,15,15,6,0,5,1,1
401869370,2026-04-25,nba,2026,POST,Oklahoma City Thunder,Phoenix Suns,0,4432823,Jaylin Williams,F,0,1,1,6,8,3,2,0,0,21,0,17,8,6,0,6,2,0
401869370,2026-04-25,nba,2026,POST,Oklahoma City Thunder,Phoenix Suns,0,2991350,Alex Caruso,G,0,1,1,4,9,5,1,0,0,22,1,16,13,5,1,6,3,1
401869370,2026-04-25,nba,2026,POST,Oklahoma City Thunder,Phoenix Suns,0,3133626,Kenrich Williams,G,0,0,0,0,1,0,0,0,0,1,0,-2,0,0,0,1,0,0
401869370,2026-04-25,nba,2026,POST,Oklahoma City Thunder,Phoenix Suns,0,4397183,Aaron Wiggins,G,0,2,0,1,1,1,1,0,0,11,0,8,2,1,0,0,0,0
401869370,2026-04-25,nba,2026,POST,Oklahoma City Thunder,Phoenix Suns,0,4683692,Cason Wallace,G,0,2,1,1,8,2,0,0,0,26,0,11,6,1,2,6,2,0
401869370,2026-04-25,nba,2026,POST,Oklahoma City Thunder,Phoenix Suns,0,4683778,Jared McCain,G,0,1,0,3,8,3,0,1,1,12,1,-3,7,4,0,2,0,0
401869370,2026-04-25,nba,2026,POST,Oklahoma City Thunder,Phoenix Suns,0,5159925,Nikola Topic,G,0,0,0,0,0,0,0,0,0,1,0,-2,0,0,0,0,0,0
401869370,2026-04-25,nba,2026,POST,Phoenix Suns,Oklahoma City Thunder,1,3155526,Dillon Brooks,F,1,1,0,4,21,11,5,7,7,37,3,-2,33,7,0,9,4,3
401869370,2026-04-25,nba,2026,POST,Phoenix Suns,Oklahoma City Thunder,1,4601023,Oso Ighodaro,F,1,4,1,3,8,6,5,4,3,39,0,-2,15,3,0,0,0,2
401869370,2026-04-25,nba,2026,POST,Phoenix Suns,Oklahoma City Thunder,1,3136193,Devin Booker,G,1,7,0,1,16,6,3,2,2,39,3,-14,16,4,0,6,2,2
401869370,2026-04-25,nba,2026,POST,Phoenix Suns,Oklahoma City Thunder,1,4278585,Collin Gillespie,G,1,5,1,7,9,3,3,0,0,33,3,-6,7,10,1,5,1,0
401869370,2026-04-25,nba,2026,POST,Phoenix Suns,Oklahoma City Thunder,1,4437244,Jalen Green,G,1,6,0,5,19,8,2,8,7,39,0,4,26,5,1,9,3,1
401869370,2026-04-25,nba,2026,POST,Phoenix Suns,Oklahoma City Thunder,1,2583632,Royce O'Neale,F,0,0,0,6,4,1,3,0,0,22,0,-14,3,6,0,4,1,1
401869370,2026-04-25,nba,2026,POST,Phoenix Suns,Oklahoma City Thunder,1,4291678,Haywood Highsmith,F,0,0,0,1,0,0,0,0,0,4,0,-12,0,1,0,0,0,1
401869370,2026-04-25,nba,2026,POST,Phoenix Suns,Oklahoma City Thunder,1,4888725,Ryan Dunn,F,0,1,0,0,0,0,0,0,0,1,0,2,0,0,0,0,0,0
401869370,2026-04-25,nba,2026,POST,Phoenix Suns,Oklahoma City Thunder,1,5105977,Rasheer Fleming,F,0,0,0,0,0,0,0,0,0,1,0,2,0,0,0,0,0,0
401869370,2026-04-25,nba,2026,POST,Phoenix Suns,Oklahoma City Thunder,1,5203685,Khaman Maluach,C,0,0,0,2,2,1,1,0,0,7,0,-6,2,2,0,0,0,0
401869370,2026-04-25,nba,2026,POST,Phoenix Suns,Oklahoma City Thunder,1,3135045,Grayson Allen,G,0,1,0,1,8,2,3,2,1,17,0,-16,7,1,0,8,2,0
401869370,2026-04-25,nba,2026,POST,Phoenix Suns,Oklahoma City Thunder,1,4066387,Amir Coffey,G,0,0,0,0,0,0,0,0,0,1,0,2,0,0,0,0,0,1
401869370,2026-04-25,nba,2026,POST,Phoenix Suns,Oklahoma City Thunder,1,4280245,Jamaree Bouyea,G,0,0,0,0,0,0,0,0,0,1,0,2,0,0,0,0,0,0
401869391,2026-04-25,nba,2026,POST,New York Knicks,Atlanta Hawks,0,3934719,OG Anunoby,F,1,1,1,8,16,9,3,2,1,40,2,19,22,10,1,6,3,1
401869391,2026-04-25,nba,2026,POST,New York Knicks,Atlanta Hawks,0,3136195,Karl-Anthony Towns,C,1,10,0,7,10,6,5,9,7,29,3,16,20,10,2,2,1,2
401869391,2026-04-25,nba,2026,POST,New York Knicks,Atlanta Hawks,0,3062679,Josh Hart,G,1,3,0,9,10,4,3,2,1,31,0,16,10,9,2,5,1,2
401869391,2026-04-25,nba,2026,POST,New York Knicks,Atlanta Hawks,0,3147657,Mikal Bridges,G,1,1,0,2,4,3,1,2,2,19,0,0,8,2,0,0,0,0
401869391,2026-04-25,nba,2026,POST,New York Knicks,Atlanta Hawks,0,3934672,Jalen Brunson,G,1,3,0,0,18,7,2,2,2,34,0,11,19,0,1,7,3,6
401869391,2026-04-25,nba,2026,POST,New York Knicks,Atlanta Hawks,0,5289900,Mohamed Diawara,F,0,1,0,0,3,0,0,0,0,4,0,-5,0,0,0,0,0,0
401869391,2026-04-25,nba,2026,POST,New York Knicks,Atlanta Hawks,0,4351852,Mitchell Robinson,C,0,1,0,3,3,2,1,3,2,15,5,5,6,8,0,0,0,0
401869391,2026-04-25,nba,2026,POST,New York Knicks,Atlanta Hawks,0,4871141,Ariel Hukporti,C,0,0,1,1,1,0,0,0,0,4,2,-5,0,3,0,0,0,1
401869391,2026-04-25,nba,2026,POST,New York Knicks,Atlanta Hawks,0,2528426,Jordan Clarkson,G,0,0,0,0,4,2,2,3,3,21,0,12,7,0,0,1,0,0
401869391,2026-04-25,nba,2026,POST,New York Knicks,Atlanta Hawks,0,3914044,Landry Shamet,G,0,0,0,0,1,1,0,0,0,4,0,-5,3,0,0,1,1,1
401869391,2026-04-25,nba,2026,POST,New York Knicks,Atlanta Hawks,0,4277869,Jose Alvarado,G,0,2,0,1,5,2,1,0,0,14,0,8,6,1,3,3,2,1
401869391,2026-04-25,nba,2026,POST,New York Knicks,Atlanta Hawks,0,4431823,Miles McBride,G,0,1,0,0,7,4,4,0,0,23,0,13,11,0,0,6,3,0
401869391,2026-04-25,nba,2026,POST,New York Knicks,Atlanta Hawks,0,4433225,Tyler Kolek,G,0,0,1,0,1,1,1,0,0,4,0,-5,2,0,0,0,0,0
401869391,2026-04-25,nba,2026,POST,New York Knicks,Atlanta Hawks,0,4610139,Jeremy Sochan,F,0,,,,,,,,,,,,,,,,,
401869391,2026-04-25,nba,2026,POST,New York Knicks,Atlanta Hawks,0,5211983,Pacome Dadiet,F,0,,,,,,,,,,,,,,,,,
401869391,2026-04-25,nba,2026,POST,Atlanta Hawks,New York Knicks,1,4431680,Onyeka Okongwu,F,1,1,0,6,7,4,4,4,3,28,0,-10,12,6,4,3,1,1
401869391,2026-04-25,nba,2026,POST,Atlanta Hawks,New York Knicks,1,4701230,Jalen Johnson,F,1,5,0,2,12,4,4,5,5,35,1,-19,14,3,0,5,1,2
401869391,2026-04-25,nba,2026,POST,Atlanta Hawks,New York Knicks,1,2490149,CJ McCollum,G,1,3,2,1,15,8,1,3,1,32,0,-17,17,1,1,4,0,4
401869391,2026-04-25,nba,2026,POST,Atlanta Hawks,New York Knicks,1,4278039,Nickeil Alexander-Walker,G,1,1,0,2,11,5,4,0,0,35,2,-17,15,4,0,10,5,6
401869391,2026-04-25,nba,2026,POST,Atlanta Hawks,New York Knicks,1,4869342,Dyson Daniels,G,1,6,0,6,7,3,2,0,0,30,3,-9,6,9,2,2,0,2
401869391,2026-04-25,nba,2026,POST,Atlanta Hawks,New York Knicks,1,4280151,Corey Kispert,F,0,1,0,0,7,1,1,1,1,11,2,5,3,2,0,3,0,0
401869391,2026-04-25,nba,2026,POST,Atlanta Hawks,New York Knicks,1,4433247,Jonathan Kuminga,F,0,0,0,1,10,3,3,5,4,25,1,-7,10,2,0,6,0,2
401869391,2026-04-25,nba,2026,POST,Atlanta Hawks,New York Knicks,1,4712863,Mouhamed Gueye,F,0,0,0,3,1,0,0,0,0,11,1,-12,0,4,0,1,0,0
401869391,2026-04-25,nba,2026,POST,Atlanta Hawks,New York Knicks,1,4873201,Asa Newell,F,0,1,1,0,2,1,0,0,0,4,0,5,2,0,1,0,0,0
401869391,2026-04-25,nba,2026,POST,Atlanta Hawks,New York Knicks,1,5211175,Zaccharie Risacher,F,0,0,0,1,2,1,0,0,0,4,1,5,3,2,0,2,1,0
401869391,2026-04-25,nba,2026,POST,Atlanta Hawks,New York Knicks,1,4065673,Tony Bradley,C,0,0,1,4,1,1,1,2,2,7,1,5,4,5,0,0,0,0
401869391,2026-04-25,nba,2026,POST,Atlanta Hawks,New York Knicks,1,3137259,Gabe Vincent,G,0,2,1,0,6,3,1,3,2,14,0,-14,10,0,0,4,2,1
401869391,2026-04-25,nba,2026,POST,Atlanta Hawks,New York Knicks,1,4279118,Keaton Wallace,G,0,0,0,0,2,0,0,2,2,4,0,5,2,0,0,1,0,0
401869391,2026-04-25,nba,2026,POST,Atlanta Hawks,New York Knicks,1,2990984,Buddy Hield,G,0,,,,,,,,,,,,,,,,,
401869399,2026-04-25,nba,2026,POST,Denver Nuggets,Minnesota Timberwolves,0,3064290,Aaron Gordon,F,1,0,1,1,11,4,2,0,0,23,0,-7,9,1,0,5,1,0
401869399,2026-04-25,nba,2026,POST,Denver Nuggets,Minnesota Timberwolves,0,3138196,Cameron Johnson,F,1,2,1,1,6,3,3,4,2,27,1,-12,9,2,1,2,1,2
401869399,2026-04-25,nba,2026,POST,Denver Nuggets,Minnesota Timberwolves,0,3112335,Nikola Jokic,C,1,9,1,10,22,8,3,8,8,41,5,-12,24,15,3,3,0,4
401869399,2026-04-25,nba,2026,POST,Denver Nuggets,Minnesota Timberwolves,0,3936299,Jamal Murray,G,1,5,1,4,25,10,3,7,7,42,1,-13,30,5,0,7,3,2
401869399,2026-04-25,nba,2026,POST,Denver Nuggets,Minnesota Timberwolves,0,4431767,Christian Braun,G,1,1,1,5,4,2,3,4,3,34,0,-9,8,5,1,1,1,2
401869399,2026-04-25,nba,2026,POST,Denver Nuggets,Minnesota Timberwolves,0,4433607,DaRon Holmes II,F,0,0,0,0,0,0,0,0,0,0,0,0,0,0,0,0,0,0
401869399,2026-04-25,nba,2026,POST,Denver Nuggets,Minnesota Timberwolves,0,4592427,Spencer Jones,F,0,0,2,1,2,0,3,0,0,25,3,-14,0,4,1,2,0,0
401869399,2026-04-25,nba,2026,POST,Denver Nuggets,Minnesota Timberwolves,0,2528210,Tim Hardaway Jr.,G,0,2,0,3,10,3,2,5,4,28,2,1,10,5,1,6,0,0
401869399,2026-04-25,nba,2026,POST,Denver Nuggets,Minnesota Timberwolves,0,4065670,Bruce Brown,G,0,2,0,1,7,3,3,0,0,21,0,-14,6,1,0,2,0,0
401869399,2026-04-25,nba,2026,POST,Denver Nuggets,Minnesota Timberwolves,0,4398390,Jalen Pickett,G,0,0,0,0,0,0,0,0,0,0,0,0,0,0,0,0,0,0
401869399,2026-04-25,nba,2026,POST,Denver Nuggets,Minnesota Timberwolves,0,4431690,Zeke Nnaji,F,0,,,,,,,,,,,,,,,,,
401869399,2026-04-25,nba,2026,POST,Denver Nuggets,Minnesota Timberwolves,0,6477,Jonas Valanciunas,C,0,,,,,,,,,,,,,,,,,
401869399,2026-04-25,nba,2026,POST,Denver Nuggets,Minnesota Timberwolves,0,3135046,Tyus Jones,G,0,,,,,,,,,,,,,,,,,
401869399,2026-04-25,nba,2026,POST,Denver Nuggets,Minnesota Timberwolves,0,4432181,Julian Strawther,G,0,,,,,,,,,,,,,,,,,
401869399,2026-04-25,nba,2026,POST,Minnesota Timberwolves,Denver Nuggets,1,3064514,Julius Randle,F,1,2,0,7,16,6,3,4,3,32,2,13,15,9,0,1,0,4
401869399,2026-04-25,nba,2026,POST,Minnesota Timberwolves,Denver Nuggets,1,4431671,Jaden McDaniels,F,1,3,1,4,11,4,5,4,4,33,4,14,12,8,0,1,0,2
401869399,2026-04-25,nba,2026,POST,Minnesota Timberwolves,Denver Nuggets,1,3032976,Rudy Gobert,C,1,2,2,10,8,2,2,0,0,36,5,1,4,15,2,1,0,2
401869399,2026-04-25,nba,2026,POST,Minnesota Timberwolves,Denver Nuggets,1,3934673,Donte DiVincenzo,G,1,1,0,0,1,0,0,0,0,1,0,5,0,0,0,1,0,0
401869399,2026-04-25,nba,2026,POST,Minnesota Timberwolves,Denver Nuggets,1,4594268,Anthony Edwards,G,1,0,0,3,8,1,0,2,2,18,0,-3,5,3,0,3,1,0
401869399,2026-04-25,nba,2026,POST,Minnesota Timberwolves,Denver Nuggets,1,2993874,Kyle Anderson,F,0,0,0,0,1,0,0,0,0,3,0,5,0,0,0,0,0,0
401869399,2026-04-25,nba,2026,POST,Minnesota Timberwolves,Denver Nuggets,1,4396971,Naz Reid,C,0,2,1,6,13,7,2,2,2,28,3,14,17,9,1,5,1,2
401869399,2026-04-25,nba,2026,POST,Minnesota Timberwolves,Denver Nuggets,1,3195,Mike Conley,G,0,4,0,1,4,2,4,0,0,21,0,7,5,1,2,2,1,1
401869399,2026-04-25,nba,2026,POST,Minnesota Timberwolves,Denver Nuggets,1,4397002,Ayo Dosunmu,G,0,1,1,2,17,13,4,12,12,42,2,10,43,4,0,5,5,1
401869399,2026-04-25,nba,2026,POST,Minnesota Timberwolves,Denver Nuggets,1,4432847,Terrence Shannon Jr.,G,0,0,0,0,1,1,1,0,0,7,0,5,3,0,0,1,1,0
401869399,2026-04-25,nba,2026,POST,Minnesota Timberwolves,Denver Nuggets,1,4592492,Bones Hyland,G,0,7,0,1,9,3,1,2,2,20,0,9,8,1,1,5,0,0
401869399,2026-04-25,nba,2026,POST,Minnesota Timberwolves,Denver Nuggets,1,2968436,Joe Ingles,F,0,,,,,,,,,,,,,,,,,
401869399,2026-04-25,nba,2026,POST,Minnesota Timberwolves,Denver Nuggets,1,5105553,Julian Phillips,F,0,,,,,,,,,,,,,,,,,
401869399,2026-04-25,nba,2026,POST,Minnesota Timberwolves,Denver Nuggets,1,5279133,Joan Beringer,F,0,,,,,,,,,,,,,,,,,
401869399,2026-04-25,nba,2026,POST,Minnesota Timberwolves,Denver Nuggets,1,4432247,Jaylen Clark,G,0,,,,,,,,,,,,,,,,,
401869414,2026-04-25,nba,2026,POST,Detroit Pistons,Orlando Magic,0,6440,Tobias Harris,F,1,2,0,7,16,8,2,5,5,38,0,-7,23,7,2,6,2,1
401869414,2026-04-25,nba,2026,POST,Detroit Pistons,Orlando Magic,0,3157465,Duncan Robinson,F,1,3,1,0,8,3,3,1,1,28,0,-8,10,0,0,7,3,0
401869414,2026-04-25,nba,2026,POST,Detroit Pistons,Orlando Magic,0,4433621,Jalen Duren,C,1,1,5,6,10,3,6,2,2,27,3,0,8,9,0,0,0,2
401869414,2026-04-25,nba,2026,POST,Detroit Pistons,Orlando Magic,0,4432166,Cade Cunningham,G,1,9,0,3,23,8,3,9,8,41,2,2,27,5,0,10,3,9
401869414,2026-04-25,nba,2026,POST,Detroit Pistons,Orlando Magic,0,4684742,Ausar Thompson,G,1,3,5,4,10,7,3,5,3,37,4,-10,17,8,2,1,0,1
401869414,2026-04-25,nba,2026,POST,Detroit Pistons,Orlando Magic,0,4278562,Paul Reed,F,0,0,0,4,3,2,3,0,0,7,1,1,4,5,0,0,0,0
401869414,2026-04-25,nba,2026,POST,Detroit Pistons,Orlando Magic,0,4432810,Isaiah Stewart,C,0,0,1,3,3,1,3,2,1,12,0,-6,3,3,0,0,0,0
401869414,2026-04-25,nba,2026,POST,Detroit Pistons,Orlando Magic,0,2596112,Javonte Green,G,0,1,0,1,6,2,0,0,0,23,0,-3,6,1,1,6,2,2
401869414,2026-04-25,nba,2026,POST,Detroit Pistons,Orlando Magic,0,2991043,Caris LeVert,G,0,0,0,1,1,1,0,0,0,4,0,2,2,1,0,0,0,1
401869414,2026-04-25,nba,2026,POST,Detroit Pistons,Orlando Magic,0,4066372,Kevin Huerter,G,0,5,0,1,2,0,1,0,0,15,0,-1,0,1,1,1,0,0
401869414,2026-04-25,nba,2026,POST,Detroit Pistons,Orlando Magic,0,5107199,Daniss Jenkins,G,0,0,0,2,3,2,1,0,0,7,0,-10,5,2,0,1,1,0
401869414,2026-04-25,nba,2026,POST,Detroit Pistons,Orlando Magic,0,4397882,Tolu Smith,F,0,,,,,,,,,,,,,,,,,
401869414,2026-04-25,nba,2026,POST,Detroit Pistons,Orlando Magic,0,4683771,Ronald Holland II,F,0,,,,,,,,,,,,,,,,,
401869414,2026-04-25,nba,2026,POST,Detroit Pistons,Orlando Magic,0,4432107,Marcus Sasser,G,0,,,,,,,,,,,,,,,,,
401869414,2026-04-25,nba,2026,POST,Detroit Pistons,Orlando Magic,0,4700852,Chaz Lanier,G,0,,,,,,,,,,,,,,,,,
401869414,2026-04-25,nba,2026,POST,Orlando Magic,Detroit Pistons,1,4432573,Paolo Banchero,F,1,9,2,10,17,6,3,14,11,38,2,6,25,12,3,5,2,3
401869414,2026-04-25,nba,2026,POST,Orlando Magic,Detroit Pistons,1,4566434,Franz Wagner,F,1,6,1,4,18,7,3,2,2,34,1,19,17,5,1,2,1,1
401869414,2026-04-25,nba,2026,POST,Orlando Magic,Detroit Pistons,1,4277847,Wendell Carter Jr.,C,1,3,1,9,9,5,5,5,4,37,8,8,14,17,0,3,0,4
401869414,2026-04-25,nba,2026,POST,Orlando Magic,Detroit Pistons,1,4066320,Desmond Bane,G,1,0,0,6,18,9,3,0,0,38,1,9,25,7,1,9,7,1
401869414,2026-04-25,nba,2026,POST,Orlando Magic,Detroit Pistons,1,4432165,Jalen Suggs,G,1,3,0,2,12,5,5,2,2,33,1,2,15,3,0,8,3,5
401869414,2026-04-25,nba,2026,POST,Orlando Magic,Detroit Pistons,1,4278572,Jamal Cain,F,0,0,0,1,4,2,1,2,2,14,0,12,7,1,0,2,1,0
401869414,2026-04-25,nba,2026,POST,Orlando Magic,Detroit Pistons,1,4702382,Tristan da Silva,F,0,0,0,0,2,0,1,0,0,9,0,-4,0,0,0,1,0,0
401869414,2026-04-25,nba,2026,POST,Orlando Magic,Detroit Pistons,1,4348700,Goga Bitadze,C,0,0,1,1,3,1,1,0,0,11,1,0,2,2,0,0,0,0
401869414,2026-04-25,nba,2026,POST,Orlando Magic,Detroit Pistons,1,4712849,Anthony Black,G,0,1,3,1,6,1,2,8,5,26,0,-12,8,1,3,3,1,0
401869414,2026-04-25,nba,2026,POST,Orlando Magic,Detroit Pistons,1,5214637,Noah Penda,F,0,,,,,,,,,,,,,,,,,
401869414,2026-04-25,nba,2026,POST,Orlando Magic,Detroit Pistons,1,3150844,Moritz Wagner,C,0,,,,,,,,,,,,,,,,,
401869414,2026-04-25,nba,2026,POST,Orlando Magic,Detroit Pistons,1,3133635,Jevon Carter,G,0,,,,,,,,,,,,,,,,,
401869414,2026-04-25,nba,2026,POST,Orlando Magic,Detroit Pistons,1,5105806,Jett Howard,G,0,,,,,,,,,,,,,,,,,
401869414,2026-04-25,nba,2026,POST,Orlando Magic,Detroit Pistons,1,5239561,Jase Richardson,G,0,,,,,,,,,,,,,,,,,
401869377,2026-04-26,nba,2026,POST,Cleveland Cavaliers,Toronto Raptors,0,3912848,Dean Wade,F,1,0,0,5,5,3,1,0,0,28,0,11,7,5,0,3,1,0
401869377,2026-04-26,nba,2026,POST,Cleveland Cavaliers,Toronto Raptors,0,4066328,Jarrett Allen,C,1,0,2,9,5,1,4,4,1,27,6,14,3,15,1,0,0,0
401869377,2026-04-26,nba,2026,POST,Cleveland Cavaliers,Toronto Raptors,0,4432158,Evan Mobley,C,1,3,1,5,11,4,5,0,0,32,4,-13,8,9,1,3,0,1
401869377,2026-04-26,nba,2026,POST,Cleveland Cavaliers,Toronto Raptors,0,3992,James Harden,G,1,8,1,2,14,6,3,6,5,37,0,1,19,2,1,6,2,7
401869377,2026-04-26,nba,2026,POST,Cleveland Cavaliers,Toronto Raptors,0,3908809,Donovan Mitchell,G,1,3,0,6,24,6,4,4,4,37,0,-8,20,6,1,12,4,4
401869377,2026-04-26,nba,2026,POST,Cleveland Cavaliers,Toronto Raptors,0,3032979,Dennis Schroder,G,0,0,1,5,7,4,1,0,0,13,0,0,8,5,1,2,0,2
401869377,2026-04-26,nba,2026,POST,Cleveland Cavaliers,Toronto Raptors,0,4065778,Max Strus,G,0,0,0,4,5,0,3,2,1,21,3,-15,1,7,0,5,0,1
401869377,2026-04-26,nba,2026,POST,Cleveland Cavaliers,Toronto Raptors,0,4066757,Sam Merrill,G,0,0,0,0,9,5,2,1,1,19,0,4,14,0,0,7,3,0
401869377,2026-04-26,nba,2026,POST,Cleveland Cavaliers,Toronto Raptors,0,4683747,Jaylon Tyson,G,0,0,0,3,6,3,4,6,3,21,2,-11,9,5,0,1,0,2
401869377,2026-04-26,nba,2026,POST,Cleveland Cavaliers,Toronto Raptors,0,4702177,Keon Ellis,G,0,1,0,1,1,0,0,0,0,4,1,-3,0,2,0,1,0,0
401869377,2026-04-26,nba,2026,POST,Cleveland Cavaliers,Toronto Raptors,0,2580365,Larry Nance Jr.,F,0,,,,,,,,,,,,,,,,,
401869377,2026-04-26,nba,2026,POST,Cleveland Cavaliers,Toronto Raptors,0,5106268,Nae'Qwan Tomlin,F,0,,,,,,,,,,,,,,,,,
401869377,2026-04-26,nba,2026,POST,Cleveland Cavaliers,Toronto Raptors,0,3934723,Thomas Bryant,C,0,,,,,,,,,,,,,,,,,
401869377,2026-04-26,nba,2026,POST,Cleveland Cavaliers,Toronto Raptors,0,4701233,Craig Porter Jr.,G,0,,,,,,,,,,,,,,,,,
401869377,2026-04-26,nba,2026,POST,Cleveland Cavaliers,Toronto Raptors,0,5023693,Tyrese Proctor,G,0,,,,,,,,,,,,,,,,,
401869377,2026-04-26,nba,2026,POST,Toronto Raptors,Cleveland Cavaliers,1,3913176,Brandon Ingram,F,1,0,2,4,23,6,2,9,8,36,2,1,23,6,0,7,3,1
401869377,2026-04-26,nba,2026,POST,Toronto Raptors,Cleveland Cavaliers,1,4395625,RJ Barrett,F,1,1,1,5,22,8,4,4,1,39,3,-2,18,8,2,6,1,4
401869377,2026-04-26,nba,2026,POST,Toronto Raptors,Cleveland Cavaliers,1,4433134,Scottie Barnes,F,1,6,3,5,15,6,3,14,11,42,4,9,23,9,1,2,0,4
401869377,2026-04-26,nba,2026,POST,Toronto Raptors,Cleveland Cavaliers,1,3134908,Jakob Poeltl,C,1,1,1,3,7,4,2,2,2,21,3,-7,10,6,1,0,0,0
401869377,2026-04-26,nba,2026,POST,Toronto Raptors,Cleveland Cavaliers,1,4684272,Ja'Kobe Walter,G,1,3,0,6,9,0,3,0,0,27,1,-15,0,7,3,8,0,0
401869377,2026-04-26,nba,2026,POST,Toronto Raptors,Cleveland Cavaliers,1,4278580,Sandro Mamukelashvili,F,0,1,1,5,3,1,1,0,0,13,3,6,2,8,2,1,0,0
401869377,2026-04-26,nba,2026,POST,Toronto Raptors,Cleveland Cavaliers,1,4431893,Jamison Battle,F,0,0,0,1,1,0,0,0,0,9,0,0,0,1,0,1,0,0
401869377,2026-04-26,nba,2026,POST,Toronto Raptors,Cleveland Cavaliers,1,5093267,Collin Murray-Boyles,F,0,3,0,5,11,5,2,7,5,27,5,11,15,10,2,0,0,2
401869377,2026-04-26,nba,2026,POST,Toronto Raptors,Cleveland Cavaliers,1,4067017,A.J. Lawson,G,0,0,0,0,0,0,0,0,0,1,0,2,0,0,0,0,0,0
401869377,2026-04-26,nba,2026,POST,Toronto Raptors,Cleveland Cavaliers,1,4432241,Jamal Shead,G,0,4,0,4,6,1,2,0,0,26,0,15,2,4,0,5,0,0
401869377,2026-04-26,nba,2026,POST,Toronto Raptors,Cleveland Cavaliers,1,4431684,Trayce Jackson-Davis,F,0,,,,,,,,,,,,,,,,,
401869377,2026-04-26,nba,2026,POST,Toronto Raptors,Cleveland Cavaliers,1,5107897,Jonathan Mogbo,F,0,,,,,,,,,,,,,,,,,
401869377,2026-04-26,nba,2026,POST,Toronto Raptors,Cleveland Cavaliers,1,4023,Garrett Temple,G,0,,,,,,,,,,,,,,,,,
401869377,2026-04-26,nba,2026,POST,Toronto Raptors,Cleveland Cavaliers,1,5106258,Gradey Dick,G,0,,,,,,,,,,,,,,,,,
401869385,2026-04-26,nba,2026,POST,San Antonio Spurs,Portland Trail Blazers,0,4592479,Julian Champagnie,F,1,0,0,3,6,3,1,0,0,29,0,22,8,3,1,4,2,0
401869385,2026-04-26,nba,2026,POST,San Antonio Spurs,Portland Trail Blazers,0,5104157,Victor Wembanyama,F,1,3,7,11,17,9,3,8,8,34,1,28,27,12,4,4,1,4
401869385,2026-04-26,nba,2026,POST,San Antonio Spurs,Portland Trail Blazers,0,4066259,De'Aaron Fox,G,1,7,2,5,17,11,1,4,2,39,1,21,28,6,1,8,4,3
401869385,2026-04-26,nba,2026,POST,San Antonio Spurs,Portland Trail Blazers,0,4395630,Devin Vassell,G,1,3,1,5,9,5,3,0,0,35,1,14,11,6,1,3,1,2
401869385,2026-04-26,nba,2026,POST,San Antonio Spurs,Portland Trail Blazers,0,4845367,Stephon Castle,G,1,8,0,1,14,6,5,1,1,26,0,17,16,1,1,6,3,1
401869385,2026-04-26,nba,2026,POST,San Antonio Spurs,Portland Trail Blazers,0,6578,Harrison Barnes,F,0,1,0,0,2,1,1,0,0,11,1,8,2,1,0,1,0,0
401869385,2026-04-26,nba,2026,POST,San Antonio Spurs,Portland Trail Blazers,0,4066317,Lindy Waters III,F,0,0,0,0,0,0,0,0,0,2,0,2,0,0,0,0,0,0
401869385,2026-04-26,nba,2026,POST,San Antonio Spurs,Portland Trail Blazers,0,4395723,Keldon Johnson,F,0,1,0,1,5,3,1,2,2,17,0,-5,9,1,1,2,1,0
401869385,2026-04-26,nba,2026,POST,San Antonio Spurs,Portland Trail Blazers,0,5061568,Carter Bryant,F,0,1,0,0,3,2,1,0,0,6,1,-3,6,1,0,3,2,1
401869385,2026-04-26,nba,2026,POST,San Antonio Spurs,Portland Trail Blazers,0,6427,Bismack Biyombo,C,0,0,0,0,0,0,0,0,0,2,0,2,0,0,0,0,0,0
401869385,2026-04-26,nba,2026,POST,San Antonio Spurs,Portland Trail Blazers,0,2488653,Mason Plumlee,C,0,0,0,0,0,0,0,0,0,2,0,3,0,0,0,0,0,0
401869385,2026-04-26,nba,2026,POST,San Antonio Spurs,Portland Trail Blazers,0,3064560,Luke Kornet,C,0,0,0,3,7,1,1,0,0,12,4,-10,2,7,1,0,0,1
401869385,2026-04-26,nba,2026,POST,San Antonio Spurs,Portland Trail Blazers,0,3134916,Jordan McLaughlin,G,0,1,0,0,1,1,1,0,0,2,0,2,2,0,1,0,0,0
401869385,2026-04-26,nba,2026,POST,San Antonio Spurs,Portland Trail Blazers,0,5037871,Dylan Harper,G,0,1,0,2,6,1,3,2,1,25,0,4,3,2,1,2,0,0
401869385,2026-04-26,nba,2026,POST,San Antonio Spurs,Portland Trail Blazers,0,2489663,Kelly Olynyk,F,0,,,,,,,,,,,,,,,,,
401869385,2026-04-26,nba,2026,POST,Portland Trail Blazers,San Antonio Spurs,1,4431736,Toumani Camara,F,1,1,1,3,8,3,3,0,0,31,2,-12,8,5,1,6,2,2
401869385,2026-04-26,nba,2026,POST,Portland Trail Blazers,San Antonio Spurs,1,4683021,Deni Avdija,F,1,3,0,7,14,8,6,9,8,37,0,-16,26,7,1,3,2,5
401869385,2026-04-26,nba,2026,POST,Portland Trail Blazers,San Antonio Spurs,1,5105565,Donovan Clingan,C,1,0,1,4,10,2,2,0,0,14,2,-14,5,6,0,6,1,1
401869385,2026-04-26,nba,2026,POST,Portland Trail Blazers,San Antonio Spurs,1,3995,Jrue Holiday,G,1,4,0,6,13,6,2,6,5,37,0,-25,20,6,1,6,3,6
401869385,2026-04-26,nba,2026,POST,Portland Trail Blazers,San Antonio Spurs,1,4683678,Scoot Henderson,G,1,2,0,0,7,0,4,0,0,27,0,-22,0,0,1,3,0,1
401869385,2026-04-26,nba,2026,POST,Portland Trail Blazers,San Antonio Spurs,1,2991070,Jerami Grant,F,0,1,1,4,12,6,2,4,4,33,1,-6,17,5,0,3,1,1
401869385,2026-04-26,nba,2026,POST,Portland Trail Blazers,San Antonio Spurs,1,4594326,Kris Murray,F,0,0,0,1,3,2,1,0,0,13,0,-9,4,1,0,1,0,0
401869385,2026-04-26,nba,2026,POST,Portland Trail Blazers,San Antonio Spurs,1,4066211,Robert Williams III,C,0,2,2,5,4,2,0,0,0,26,1,3,4,6,0,0,0,0
401869385,2026-04-26,nba,2026,POST,Portland Trail Blazers,San Antonio Spurs,1,5217746,Yang Hansen,C,0,0,0,0,0,0,0,0,0,2,0,-2,0,0,0,0,0,0
401869385,2026-04-26,nba,2026,POST,Portland Trail Blazers,San Antonio Spurs,1,4578893,Vit Krejci,G,0,0,0,0,0,0,0,0,0,2,0,-2,0,0,0,0,0,0
401869385,2026-04-26,nba,2026,POST,Portland Trail Blazers,San Antonio Spurs,1,4683935,Blake Wesley,G,0,0,0,0,0,0,0,2,1,2,0,-2,1,0,0,0,0,1
401869385,2026-04-26,nba,2026,POST,Portland Trail Blazers,San Antonio Spurs,1,4914336,Shaedon Sharpe,G,0,0,0,2,6,3,0,2,1,13,1,5,8,3,1,2,1,0
401869385,2026-04-26,nba,2026,POST,Portland Trail Blazers,San Antonio Spurs,1,5081727,Sidy Cissoko,G,0,1,0,0,3,0,0,0,0,4,0,-3,0,0,1,1,0,1
401869385,2026-04-26,nba,2026,POST,Portland Trail Blazers,San Antonio Spurs,1,3907498,Matisse Thybulle,G,0,,,,,,,,,,,,,,,,,
401869405,2026-04-26,nba,2026,POST,Los Angeles Lakers,Houston Rockets,0,1966,LeBron James,F,1,9,0,4,9,2,2,6,6,33,0,-18,10,4,0,3,0,8
401869405,2026-04-26,nba,2026,POST,Los Angeles Lakers,Houston Rockets,0,4066648,Rui Hachimura,F,1,1,1,3,10,6,2,0,0,30,0,-18,13,3,1,2,1,1
401869405,2026-04-26,nba,2026,POST,Los Angeles Lakers,Houston Rockets,0,4278129,Deandre Ayton,C,1,0,0,8,12,9,3,1,1,25,2,-19,19,10,0,0,0,2
401869405,2026-04-26,nba,2026,POST,Los Angeles Lakers,Houston Rockets,0,2990992,Marcus Smart,G,1,5,3,1,8,3,2,3,3,31,1,-20,9,2,3,2,0,4
401869405,2026-04-26,nba,2026,POST,Los Angeles Lakers,Houston Rockets,0,3913174,Luke Kennard,G,1,2,0,3,8,3,3,1,1,32,0,-13,7,3,0,3,0,2
401869405,2026-04-26,nba,2026,POST,Los Angeles Lakers,Houston Rockets,0,2960236,Maxi Kleber,F,0,2,0,0,0,0,1,2,1,7,1,1,1,1,1,0,0,0
401869405,2026-04-26,nba,2026,POST,Los Angeles Lakers,Houston Rockets,0,4278077,Jarred Vanderbilt,F,0,0,0,2,6,4,0,1,0,14,2,-1,8,4,1,1,0,1
401869405,2026-04-26,nba,2026,POST,Los Angeles Lakers,Houston Rockets,0,4592691,Jake LaRavia,F,0,0,1,1,5,2,0,2,2,16,2,-14,6,3,0,1,0,2
401869405,2026-04-26,nba,2026,POST,Los Angeles Lakers,Houston Rockets,0,4897943,Dalton Knecht,F,0,0,0,3,3,2,0,2,2,7,0,4,8,3,0,3,2,0
401869405,2026-04-26,nba,2026,POST,Los Angeles Lakers,Houston Rockets,0,5060631,Adou Thiero,F,0,0,0,0,1,1,1,1,1,6,0,4,3,0,0,0,0,1
401869405,2026-04-26,nba,2026,POST,Los Angeles Lakers,Houston Rockets,0,4397077,Jaxson Hayes,C,0,0,1,2,2,1,4,2,0,15,0,-4,2,2,0,0,0,0
401869405,2026-04-26,nba,2026,POST,Los Angeles Lakers,Houston Rockets,0,4683686,Nick Smith Jr.,G,0,0,1,0,5,2,0,0,0,7,0,4,5,0,0,3,1,1
401869405,2026-04-26,nba,2026,POST,Los Angeles Lakers,Houston Rockets,0,4683774,Bronny James,G,0,4,0,0,5,2,2,0,0,15,2,-1,5,2,0,4,1,1
401869405,2026-04-26,nba,2026,POST,Los Angeles Lakers,Houston Rockets,0,4066457,Austin Reaves,G,0,,,,,,,,,,,,,,,,,
401869405,2026-04-26,nba,2026,POST,Houston Rockets,Los Angeles Lakers,1,4432639,Jabari Smith Jr.,F,1,3,0,7,15,4,3,6,6,42,1,24,16,8,3,10,2,1
401869405,2026-04-26,nba,2026,POST,Houston Rockets,Los Angeles Lakers,1,4433192,Tari Eason,F,1,2,1,7,10,7,4,4,4,30,1,31,20,8,5,5,2,2
401869405,2026-04-26,nba,2026,POST,Houston Rockets,Los Angeles Lakers,1,4871144,Alperen Sengun,C,1,2,1,3,12,6,3,13,7,33,3,7,19,6,1,0,0,2
401869405,2026-04-26,nba,2026,POST,Houston Rockets,Los Angeles Lakers,1,4684740,Amen Thompson,G,1,7,0,2,16,10,2,3,3,41,2,21,23,4,1,0,0,4
401869405,2026-04-26,nba,2026,POST,Houston Rockets,Los Angeles Lakers,1,4711272,Reed Sheppard,G,1,3,0,1,12,6,2,1,1,29,0,22,17,1,3,7,4,1
401869405,2026-04-26,nba,2026,POST,Houston Rockets,Los Angeles Lakers,1,3209,Jeff Green,F,0,0,0,0,0,0,0,0,0,3,0,-4,0,0,0,0,0,0
401869405,2026-04-26,nba,2026,POST,Houston Rockets,Los Angeles Lakers,1,2578185,Dorian Finney-Smith,F,0,0,1,1,2,0,3,2,2,19,0,-13,2,1,0,1,0,0
401869405,2026-04-26,nba,2026,POST,Houston Rockets,Los Angeles Lakers,1,3136777,Jae'Sean Tate,F,0,0,0,0,1,1,2,0,0,3,1,-6,2,1,0,0,0,0
401869405,2026-04-26,nba,2026,POST,Houston Rockets,Los Angeles Lakers,1,3922230,Aaron Holiday,G,0,1,1,0,8,3,0,0,0,19,0,-1,9,0,1,5,3,1
401869405,2026-04-26,nba,2026,POST,Houston Rockets,Los Angeles Lakers,1,4065663,Josh Okogie,G,0,1,0,1,5,2,3,0,0,19,3,20,5,4,3,2,1,0
401869405,2026-04-26,nba,2026,POST,Houston Rockets,Los Angeles Lakers,1,4576085,JD Davison,G,0,0,0,2,0,0,0,2,2,3,0,-6,2,2,0,0,0,2
401869405,2026-04-26,nba,2026,POST,Houston Rockets,Los Angeles Lakers,1,3102529,Clint Capela,C,0,,,,,,,,,,,,,,,,,
401869406,2026-04-26,nba,2026,POST,Boston Celtics,Philadelphia 76ers,0,4065648,Jayson Tatum,F,1,11,0,7,16,8,3,9,9,35,0,25,30,7,0,10,5,5
401869406,2026-04-26,nba,2026,POST,Boston Celtics,Philadelphia 76ers,0,4065804,Sam Hauser,F,1,1,0,2,8,2,2,0,0,22,2,13,6,4,0,6,2,0
401869406,2026-04-26,nba,2026,POST,Boston Celtics,Philadelphia 76ers,0,4397424,Neemias Queta,C,1,1,1,6,3,3,4,4,3,17,2,12,9,8,0,0,0,0
401869406,2026-04-26,nba,2026,POST,Boston Celtics,Philadelphia 76ers,0,3078576,Derrick White,G,1,3,2,2,5,2,1,0,0,33,4,11,6,6,1,4,2,2
401869406,2026-04-26,nba,2026,POST,Boston Celtics,Philadelphia 76ers,0,3917376,Jaylen Brown,G,1,1,1,7,15,6,2,9,5,31,0,7,20,7,1,7,3,3
401869406,2026-04-26,nba,2026,POST,Boston Celtics,Philadelphia 76ers,0,4397885,Dalano Banton,F,0,0,0,0,0,0,0,0,0,3,0,6,0,0,0,0,0,0
401869406,2026-04-26,nba,2026,POST,Boston Celtics,Philadelphia 76ers,0,6478,Nikola Vucevic,C,0,2,0,3,6,2,2,2,0,19,2,11,4,5,0,2,0,1
401869406,2026-04-26,nba,2026,POST,Boston Celtics,Philadelphia 76ers,0,4277951,Luka Garza,C,0,2,0,3,2,2,5,2,1,11,0,12,6,3,0,1,1,0
401869406,2026-04-26,nba,2026,POST,Boston Celtics,Philadelphia 76ers,0,4066354,Payton Pritchard,G,0,5,0,3,21,12,0,2,2,35,1,20,32,4,1,12,6,0
401869406,2026-04-26,nba,2026,POST,Boston Celtics,Philadelphia 76ers,0,4397251,Ron Harper Jr.,G,0,0,0,1,1,1,0,0,0,3,0,6,3,1,0,1,1,0
401869406,2026-04-26,nba,2026,POST,Boston Celtics,Philadelphia 76ers,0,4593841,Baylor Scheierman,G,0,0,0,3,5,2,1,0,0,14,2,12,6,5,0,5,2,0
401869406,2026-04-26,nba,2026,POST,Boston Celtics,Philadelphia 76ers,0,4683689,Jordan Walsh,G,0,0,1,0,4,1,0,0,0,12,1,13,3,1,2,4,1,0
401869406,2026-04-26,nba,2026,POST,Boston Celtics,Philadelphia 76ers,0,4701992,Max Shulga,G,0,0,0,0,1,1,1,0,0,3,0,6,3,0,0,1,1,0
401869406,2026-04-26,nba,2026,POST,Boston Celtics,Philadelphia 76ers,0,5175647,Hugo Gonzalez,G,0,2,0,0,0,0,0,0,0,3,0,6,0,0,0,0,0,1
401869406,2026-04-26,nba,2026,POST,Boston Celtics,Philadelphia 76ers,0,4702745,Amari Williams,F,0,,,,,,,,,,,,,,,,,
401869406,2026-04-26,nba,2026,POST,Philadelphia 76ers,Boston Celtics,1,4251,Paul George,F,1,1,1,3,13,6,1,1,1,31,1,-13,16,4,3,3,3,1
401869406,2026-04-26,nba,2026,POST,Philadelphia 76ers,Boston Celtics,1,3059318,Joel Embiid,C,1,6,1,8,21,9,2,9,7,34,2,-25,26,10,1,6,1,3
401869406,2026-04-26,nba,2026,POST,Philadelphia 76ers,Boston Celtics,1,3133603,Kelly Oubre Jr.,G,1,1,1,4,6,0,4,2,2,31,0,-31,2,4,0,2,0,0
401869406,2026-04-26,nba,2026,POST,Philadelphia 76ers,Boston Celtics,1,4431678,Tyrese Maxey,G,1,6,1,2,14,7,3,4,4,40,0,-22,22,2,0,7,4,1
401869406,2026-04-26,nba,2026,POST,Philadelphia 76ers,Boston Celtics,1,5124612,VJ Edgecombe,G,1,1,0,2,9,2,5,2,2,36,2,-14,6,4,1,4,0,1
401869406,2026-04-26,nba,2026,POST,Philadelphia 76ers,Boston Celtics,1,4431675,Trendon Watford,F,0,1,0,0,1,1,0,2,2,5,0,-5,4,0,0,0,0,0
401869406,2026-04-26,nba,2026,POST,Philadelphia 76ers,Boston Celtics,1,4432446,Jabari Walker,F,0,0,0,0,4,1,0,0,0,4,1,-5,2,1,0,2,0,0
401869406,2026-04-26,nba,2026,POST,Philadelphia 76ers,Boston Celtics,1,4711297,Justin Edwards,F,0,2,0,2,0,0,0,0,0,11,0,-17,0,2,0,0,0,0
401869406,2026-04-26,nba,2026,POST,Philadelphia 76ers,Boston Celtics,1,4870562,Dominick Barlow,F,0,0,2,1,1,0,1,0,0,11,0,-16,0,1,0,1,0,0
401869406,2026-04-26,nba,2026,POST,Philadelphia 76ers,Boston Celtics,1,6585,Andre Drummond,C,0,1,0,0,1,0,3,2,2,5,0,-6,2,0,0,1,0,0
401869406,2026-04-26,nba,2026,POST,Philadelphia 76ers,Boston Celtics,1,5105637,Adem Bona,C,0,0,0,0,2,2,0,0,0,4,0,4,4,0,0,0,0,1
401869406,2026-04-26,nba,2026,POST,Philadelphia 76ers,Boston Celtics,1,4397014,Quentin Grimes,G,0,6,1,2,7,5,2,2,1,24,0,-5,12,2,1,3,1,0
401869406,2026-04-26,nba,2026,POST,Philadelphia 76ers,Boston Celtics,1,4433159,Dalen Terry,G,0,0,0,0,1,0,0,0,0,4,0,-5,0,0,0,1,0,1
401869406,2026-04-26,nba,2026,POST,Philadelphia 76ers,Boston Celtics,1,4433569,Johni Broome,F,0,,,,,,,,,,,,,,,,,
401869406,2026-04-26,nba,2026,POST,Philadelphia 76ers,Boston Celtics,1,3012,Kyle Lowry,G,0,,,,,,,,,,,,,,,,,
401869373,2026-04-27,nba,2026,POST,Oklahoma City Thunder,Phoenix Suns,0,4222252,Isaiah Hartenstein,C,1,3,0,5,7,5,2,9,8,29,7,13,18,12,1,0,0,2
401869373,2026-04-27,nba,2026,POST,Oklahoma City Thunder,Phoenix Suns,0,4433255,Chet Holmgren,C,1,3,0,10,16,9,2,4,4,34,2,21,24,12,2,5,2,2
401869373,2026-04-27,nba,2026,POST,Oklahoma City Thunder,Phoenix Suns,0,4278073,Shai Gilgeous-Alexander,G,1,8,1,2,17,10,2,11,9,38,0,-7,31,2,0,4,2,3
401869373,2026-04-27,nba,2026,POST,Oklahoma City Thunder,Phoenix Suns,0,4397020,Luguentz Dort,G,1,0,1,1,2,0,4,2,1,27,0,5,1,1,0,2,0,0
401869373,2026-04-27,nba,2026,POST,Oklahoma City Thunder,Phoenix Suns,0,4900671,Ajay Mitchell,G,1,6,0,3,16,7,2,4,4,34,1,27,22,4,0,6,4,3
401869373,2026-04-27,nba,2026,POST,Oklahoma City Thunder,Phoenix Suns,0,4432823,Jaylin Williams,F,0,1,1,0,3,1,2,0,0,10,0,-8,3,0,0,3,1,0
401869373,2026-04-27,nba,2026,POST,Oklahoma City Thunder,Phoenix Suns,0,2991350,Alex Caruso,G,0,1,0,4,7,5,2,0,0,25,0,5,14,4,1,6,4,3
401869373,2026-04-27,nba,2026,POST,Oklahoma City Thunder,Phoenix Suns,0,3133626,Kenrich Williams,G,0,0,0,0,0,0,0,0,0,1,0,-2,0,0,0,0,0,0
401869373,2026-04-27,nba,2026,POST,Oklahoma City Thunder,Phoenix Suns,0,4395702,Isaiah Joe,G,0,0,0,0,5,2,1,0,0,7,0,-10,6,0,0,5,2,1
401869373,2026-04-27,nba,2026,POST,Oklahoma City Thunder,Phoenix Suns,0,4397183,Aaron Wiggins,G,0,2,0,0,1,1,1,0,0,11,0,6,2,0,0,0,0,0
401869373,2026-04-27,nba,2026,POST,Oklahoma City Thunder,Phoenix Suns,0,4683692,Cason Wallace,G,0,4,1,1,7,4,2,0,0,22,3,-1,10,4,1,3,2,2
401869373,2026-04-27,nba,2026,POST,Oklahoma City Thunder,Phoenix Suns,0,4683778,Jared McCain,G,0,0,0,0,1,0,0,0,0,1,0,-2,0,0,0,0,0,0
401869373,2026-04-27,nba,2026,POST,Oklahoma City Thunder,Phoenix Suns,0,5159925,Nikola Topic,G,0,0,0,0,0,0,0,0,0,1,0,-2,0,0,0,0,0,0
401869373,2026-04-27,nba,2026,POST,Phoenix Suns,Oklahoma City Thunder,1,3155526,Dillon Brooks,F,1,3,1,2,19,10,3,1,1,42,2,1,23,4,1,4,2,0
401869373,2026-04-27,nba,2026,POST,Phoenix Suns,Oklahoma City Thunder,1,4601023,Oso Ighodaro,F,1,4,1,7,5,4,5,0,0,34,1,-1,8,8,2,0,0,2
401869373,2026-04-27,nba,2026,POST,Phoenix Suns,Oklahoma City Thunder,1,3136193,Devin Booker,G,1,6,1,0,16,8,5,9,7,41,0,-16,24,0,0,6,1,6
401869373,2026-04-27,nba,2026,POST,Phoenix Suns,Oklahoma City Thunder,1,4278585,Collin Gillespie,G,1,2,0,2,12,7,4,1,0,29,0,-27,20,2,1,11,6,0
401869373,2026-04-27,nba,2026,POST,Phoenix Suns,Oklahoma City Thunder,1,4437244,Jalen Green,G,1,4,0,4,25,10,3,3,2,39,2,-15,23,6,4,10,1,2
401869373,2026-04-27,nba,2026,POST,Phoenix Suns,Oklahoma City Thunder,1,2583632,Royce O'Neale,F,0,2,0,5,3,3,3,0,0,18,2,-3,8,7,0,2,2,1
401869373,2026-04-27,nba,2026,POST,Phoenix Suns,Oklahoma City Thunder,1,4888725,Ryan Dunn,F,0,0,0,0,1,0,0,0,0,1,0,2,0,0,0,1,0,0
401869373,2026-04-27,nba,2026,POST,Phoenix Suns,Oklahoma City Thunder,1,5105977,Rasheer Fleming,F,0,0,1,0,2,0,2,0,0,9,1,2,0,1,2,2,0,1
401869373,2026-04-27,nba,2026,POST,Phoenix Suns,Oklahoma City Thunder,1,5203685,Khaman Maluach,C,0,0,0,1,1,1,0,0,0,5,1,-7,2,2,0,0,0,0
401869373,2026-04-27,nba,2026,POST,Phoenix Suns,Oklahoma City Thunder,1,3135045,Grayson Allen,G,0,3,2,2,5,4,0,2,2,21,1,15,12,3,0,3,2,0
401869373,2026-04-27,nba,2026,POST,Phoenix Suns,Oklahoma City Thunder,1,4066387,Amir Coffey,G,0,0,0,0,0,0,0,0,0,1,0,2,0,0,0,0,0,0
401869373,2026-04-27,nba,2026,POST,Phoenix Suns,Oklahoma City Thunder,1,4280245,Jamaree Bouyea,G,0,0,0,0,1,1,0,0,0,1,0,2,2,0,0,0,0,0
401869373,2026-04-27,nba,2026,POST,Phoenix Suns,Oklahoma City Thunder,1,4291678,Haywood Highsmith,F,0,,,,,,,,,,,,,,,,,
401869401,2026-04-27,nba,2026,POST,Minnesota Timberwolves,Denver Nuggets,0,3064514,Julius Randle,F,1,6,0,6,15,8,5,11,9,32,3,-16,27,9,1,4,2,5
401869401,2026-04-27,nba,2026,POST,Minnesota Timberwolves,Denver Nuggets,0,4431671,Jaden McDaniels,F,1,1,1,2,11,5,5,5,3,27,1,-25,13,3,0,3,0,4
401869401,2026-04-27,nba,2026,POST,Minnesota Timberwolves,Denver Nuggets,0,3032976,Rudy Gobert,C,1,2,0,6,2,1,2,1,1,29,1,-25,3,7,2,0,0,1
401869401,2026-04-27,nba,2026,POST,Minnesota Timberwolves,Denver Nuggets,0,3195,Mike Conley,G,1,4,0,1,4,2,2,0,0,17,0,-7,4,1,0,0,0,1
401869401,2026-04-27,nba,2026,POST,Minnesota Timberwolves,Denver Nuggets,0,4397002,Ayo Dosunmu,G,1,4,0,2,14,7,3,1,1,38,1,-17,18,3,1,5,3,2
401869401,2026-04-27,nba,2026,POST,Minnesota Timberwolves,Denver Nuggets,0,2968436,Joe Ingles,F,0,0,0,0,0,0,0,0,0,3,0,6,0,0,0,0,0,0
401869401,2026-04-27,nba,2026,POST,Minnesota Timberwolves,Denver Nuggets,0,2993874,Kyle Anderson,F,0,6,0,2,4,2,1,0,0,15,1,3,4,3,0,0,0,4
401869401,2026-04-27,nba,2026,POST,Minnesota Timberwolves,Denver Nuggets,0,5105553,Julian Phillips,F,0,0,0,0,0,0,0,0,0,3,0,6,0,0,0,0,0,0
401869401,2026-04-27,nba,2026,POST,Minnesota Timberwolves,Denver Nuggets,0,5279133,Joan Beringer,F,0,0,0,1,0,0,0,2,2,3,0,6,2,1,1,0,0,1
401869401,2026-04-27,nba,2026,POST,Minnesota Timberwolves,Denver Nuggets,0,4396971,Naz Reid,C,0,1,0,7,11,5,4,0,0,24,1,3,12,8,0,5,2,3
401869401,2026-04-27,nba,2026,POST,Minnesota Timberwolves,Denver Nuggets,0,4432247,Jaylen Clark,G,0,1,1,1,1,0,3,0,0,11,0,13,0,1,0,0,0,0
401869401,2026-04-27,nba,2026,POST,Minnesota Timberwolves,Denver Nuggets,0,4432847,Terrence Shannon Jr.,G,0,0,0,1,10,6,1,1,1,14,0,-4,15,1,0,4,2,1
401869401,2026-04-27,nba,2026,POST,Minnesota Timberwolves,Denver Nuggets,0,4592492,Bones Hyland,G,0,1,0,0,9,5,1,2,2,23,1,-3,15,1,1,7,3,3
401869401,2026-04-27,nba,2026,POST,Minnesota Timberwolves,Denver Nuggets,0,4592979,Zyon Pullin,G,0,,,,,,,,,,,,,,,,,
401869401,2026-04-27,nba,2026,POST,Denver Nuggets,Minnesota Timberwolves,1,3138196,Cameron Johnson,F,1,5,0,4,13,8,1,0,0,36,2,24,18,6,3,7,2,1
401869401,2026-04-27,nba,2026,POST,Denver Nuggets,Minnesota Timberwolves,1,4592427,Spencer Jones,F,1,1,3,3,9,7,5,2,2,37,0,13,20,3,3,5,4,1
401869401,2026-04-27,nba,2026,POST,Denver Nuggets,Minnesota Timberwolves,1,3112335,Nikola Jokic,C,1,16,2,12,15,9,4,10,8,38,0,18,27,12,0,4,1,3
401869401,2026-04-27,nba,2026,POST,Denver Nuggets,Minnesota Timberwolves,1,3936299,Jamal Murray,G,1,7,0,2,23,9,3,4,4,39,2,6,24,4,4,6,2,4
401869401,2026-04-27,nba,2026,POST,Denver Nuggets,Minnesota Timberwolves,1,4431767,Christian Braun,G,1,3,0,2,5,3,4,2,2,31,0,18,9,2,3,2,1,1
401869401,2026-04-27,nba,2026,POST,Denver Nuggets,Minnesota Timberwolves,1,6477,Jonas Valanciunas,C,0,1,1,1,4,4,5,2,1,10,1,-6,9,2,0,0,0,3
401869401,2026-04-27,nba,2026,POST,Denver Nuggets,Minnesota Timberwolves,1,2528210,Tim Hardaway Jr.,G,0,0,0,0,5,3,2,1,1,12,0,-1,8,0,0,3,1,0
401869401,2026-04-27,nba,2026,POST,Denver Nuggets,Minnesota Timberwolves,1,3135046,Tyus Jones,G,0,2,0,0,2,1,1,2,1,14,0,-7,3,0,1,0,0,0
401869401,2026-04-27,nba,2026,POST,Denver Nuggets,Minnesota Timberwolves,1,4065670,Bruce Brown,G,0,0,0,0,7,3,3,2,1,20,0,0,7,0,2,2,0,3
401869401,2026-04-27,nba,2026,POST,Denver Nuggets,Minnesota Timberwolves,1,4432181,Julian Strawther,G,0,0,0,0,0,0,1,0,0,4,0,-5,0,0,0,0,0,0
401869401,2026-04-27,nba,2026,POST,Denver Nuggets,Minnesota Timberwolves,1,4431690,Zeke Nnaji,F,0,,,,,,,,,,,,,,,,,
401869401,2026-04-27,nba,2026,POST,Denver Nuggets,Minnesota Timberwolves,1,4433607,DaRon Holmes II,F,0,,,,,,,,,,,,,,,,,
401869401,2026-04-27,nba,2026,POST,Denver Nuggets,Minnesota Timberwolves,1,4398390,Jalen Pickett,G,0,,,,,,,,,,,,,,,,,
401869415,2026-04-27,nba,2026,POST,Detroit Pistons,Orlando Magic,0,6440,Tobias Harris,F,1,0,1,6,17,8,3,5,4,35,0,-10,20,6,1,5,0,1
401869415,2026-04-27,nba,2026,POST,Detroit Pistons,Orlando Magic,0,3157465,Duncan Robinson,F,1,0,0,1,8,2,3,2,2,29,0,-18,7,1,1,6,1,1
401869415,2026-04-27,nba,2026,POST,Detroit Pistons,Orlando Magic,0,4433621,Jalen Duren,C,1,3,1,4,8,5,5,2,2,31,4,-11,12,8,1,0,0,4
401869415,2026-04-27,nba,2026,POST,Detroit Pistons,Orlando Magic,0,4432166,Cade Cunningham,G,1,6,2,9,23,7,5,10,8,39,0,-7,25,9,0,11,3,8
401869415,2026-04-27,nba,2026,POST,Detroit Pistons,Orlando Magic,0,4684742,Ausar Thompson,G,1,1,2,5,8,2,3,4,2,32,4,-16,6,9,1,0,0,2
401869415,2026-04-27,nba,2026,POST,Detroit Pistons,Orlando Magic,0,4432810,Isaiah Stewart,C,0,1,8,0,4,3,4,3,1,17,3,5,8,3,0,1,1,2
401869415,2026-04-27,nba,2026,POST,Detroit Pistons,Orlando Magic,0,2596112,Javonte Green,G,0,0,2,5,4,2,4,0,0,17,0,8,5,5,1,3,1,0
401869415,2026-04-27,nba,2026,POST,Detroit Pistons,Orlando Magic,0,2991043,Caris LeVert,G,0,3,2,5,4,1,1,0,0,25,0,11,2,5,0,1,0,2
401869415,2026-04-27,nba,2026,POST,Detroit Pistons,Orlando Magic,0,4066372,Kevin Huerter,G,0,0,0,1,0,0,0,0,0,3,0,6,0,1,0,0,0,0
401869415,2026-04-27,nba,2026,POST,Detroit Pistons,Orlando Magic,0,5107199,Daniss Jenkins,G,0,4,0,1,6,1,1,2,1,13,1,2,3,2,0,3,0,0
401869415,2026-04-27,nba,2026,POST,Detroit Pistons,Orlando Magic,0,4278562,Paul Reed,F,0,,,,,,,,,,,,,,,,,
401869415,2026-04-27,nba,2026,POST,Detroit Pistons,Orlando Magic,0,4397882,Tolu Smith,F,0,,,,,,,,,,,,,,,,,
401869415,2026-04-27,nba,2026,POST,Detroit Pistons,Orlando Magic,0,4683771,Ronald Holland II,F,0,,,,,,,,,,,,,,,,,
401869415,2026-04-27,nba,2026,POST,Detroit Pistons,Orlando Magic,0,4432107,Marcus Sasser,G,0,,,,,,,,,,,,,,,,,
401869415,2026-04-27,nba,2026,POST,Detroit Pistons,Orlando Magic,0,4700852,Chaz Lanier,G,0,,,,,,,,,,,,,,,,,
401869415,2026-04-27,nba,2026,POST,Orlando Magic,Detroit Pistons,1,4432573,Paolo Banchero,F,1,4,1,8,18,4,2,13,10,40,0,8,18,8,1,4,0,2
401869415,2026-04-27,nba,2026,POST,Orlando Magic,Detroit Pistons,1,4566434,Franz Wagner,F,1,3,0,4,15,7,2,4,4,24,1,17,19,5,4,3,1,0
401869415,2026-04-27,nba,2026,POST,Orlando Magic,Detroit Pistons,1,4277847,Wendell Carter Jr.,C,1,4,2,6,8,3,2,8,5,35,5,17,12,11,0,2,1,2
401869415,2026-04-27,nba,2026,POST,Orlando Magic,Detroit Pistons,1,4066320,Desmond Bane,G,1,1,0,3,18,7,4,4,3,37,2,15,22,5,1,10,5,3
401869415,2026-04-27,nba,2026,POST,Orlando Magic,Detroit Pistons,1,4432165,Jalen Suggs,G,1,2,1,2,13,1,4,2,2,35,0,17,5,2,2,11,1,3
401869415,2026-04-27,nba,2026,POST,Orlando Magic,Detroit Pistons,1,4278572,Jamal Cain,F,0,0,0,6,8,4,4,0,0,24,3,-9,8,9,0,2,0,0
401869415,2026-04-27,nba,2026,POST,Orlando Magic,Detroit Pistons,1,4702382,Tristan da Silva,F,0,1,0,3,4,2,0,2,1,14,1,-5,6,4,0,3,1,0
401869415,2026-04-27,nba,2026,POST,Orlando Magic,Detroit Pistons,1,4348700,Goga Bitadze,C,0,0,2,2,4,1,4,1,0,13,4,-11,2,6,0,0,0,0
401869415,2026-04-27,nba,2026,POST,Orlando Magic,Detroit Pistons,1,4712849,Anthony Black,G,0,0,0,2,4,1,3,0,0,18,0,-19,2,2,0,0,0,0
401869415,2026-04-27,nba,2026,POST,Orlando Magic,Detroit Pistons,1,5214637,Noah Penda,F,0,,,,,,,,,,,,,,,,,
401869415,2026-04-27,nba,2026,POST,Orlando Magic,Detroit Pistons,1,3150844,Moritz Wagner,C,0,,,,,,,,,,,,,,,,,
401869415,2026-04-27,nba,2026,POST,Orlando Magic,Detroit Pistons,1,3133635,Jevon Carter,G,0,,,,,,,,,,,,,,,,,
401869415,2026-04-27,nba,2026,POST,Orlando Magic,Detroit Pistons,1,5105806,Jett Howard,G,0,,,,,,,,,,,,,,,,,
401869415,2026-04-27,nba,2026,POST,Orlando Magic,Detroit Pistons,1,5239561,Jase Richardson,G,0,,,,,,,,,,,,,,,,,
401869386,2026-04-28,nba,2026,POST,Portland Trail Blazers,San Antonio Spurs,0,4431736,Toumani Camara,F,1,2,0,5,10,2,2,2,2,33,3,-22,7,8,0,7,1,1
401869386,2026-04-28,nba,2026,POST,Portland Trail Blazers,San Antonio Spurs,0,4683021,Deni Avdija,F,1,3,1,2,15,7,4,11,7,32,1,-20,22,3,0,6,1,4
401869386,2026-04-28,nba,2026,POST,Portland Trail Blazers,San Antonio Spurs,0,5105565,Donovan Clingan,C,1,6,0,2,11,4,3,0,0,27,3,-9,10,5,0,7,2,1
401869386,2026-04-28,nba,2026,POST,Portland Trail Blazers,San Antonio Spurs,0,3995,Jrue Holiday,G,1,7,0,5,14,3,3,1,1,40,1,-22,8,6,0,6,1,2
401869386,2026-04-28,nba,2026,POST,Portland Trail Blazers,San Antonio Spurs,0,4683678,Scoot Henderson,G,1,0,0,1,6,2,2,0,0,17,1,-19,5,2,0,2,1,1
401869386,2026-04-28,nba,2026,POST,Portland Trail Blazers,San Antonio Spurs,0,2991070,Jerami Grant,F,0,1,0,1,6,2,3,8,7,17,0,3,12,1,2,2,1,0
401869386,2026-04-28,nba,2026,POST,Portland Trail Blazers,San Antonio Spurs,0,4594326,Kris Murray,F,0,0,0,0,0,0,1,0,0,1,0,0,0,0,0,0,0,0
401869386,2026-04-28,nba,2026,POST,Portland Trail Blazers,San Antonio Spurs,0,4066211,Robert Williams III,C,0,1,0,4,10,5,2,0,0,17,3,-4,11,7,1,3,1,0
401869386,2026-04-28,nba,2026,POST,Portland Trail Blazers,San Antonio Spurs,0,5217746,Yang Hansen,C,0,0,0,0,2,0,0,0,0,1,0,0,0,0,0,2,0,0
401869386,2026-04-28,nba,2026,POST,Portland Trail Blazers,San Antonio Spurs,0,3907498,Matisse Thybulle,G,0,2,1,1,6,1,1,0,0,15,0,-5,2,1,2,5,0,0
401869386,2026-04-28,nba,2026,POST,Portland Trail Blazers,San Antonio Spurs,0,4578893,Vit Krejci,G,0,2,0,1,3,1,3,0,0,13,0,1,2,1,0,2,0,0
401869386,2026-04-28,nba,2026,POST,Portland Trail Blazers,San Antonio Spurs,0,4683935,Blake Wesley,G,0,0,0,0,0,0,0,0,0,1,0,0,0,0,0,0,0,0
401869386,2026-04-28,nba,2026,POST,Portland Trail Blazers,San Antonio Spurs,0,4914336,Shaedon Sharpe,G,0,0,0,0,5,2,0,0,0,6,0,-7,5,0,0,2,1,0
401869386,2026-04-28,nba,2026,POST,Portland Trail Blazers,San Antonio Spurs,0,5081727,Sidy Cissoko,G,0,0,0,2,6,4,4,1,1,20,2,9,11,4,3,3,2,0
401869386,2026-04-28,nba,2026,POST,San Antonio Spurs,Portland Trail Blazers,1,4592479,Julian Champagnie,F,1,3,0,7,9,6,2,3,2,30,0,10,19,7,0,7,5,0
401869386,2026-04-28,nba,2026,POST,San Antonio Spurs,Portland Trail Blazers,1,5104157,Victor Wembanyama,F,1,3,6,14,7,5,3,6,6,34,0,20,17,14,0,2,1,1
401869386,2026-04-28,nba,2026,POST,San Antonio Spurs,Portland Trail Blazers,1,4066259,De'Aaron Fox,G,1,9,0,3,14,8,4,4,3,34,0,26,21,3,1,5,2,2
401869386,2026-04-28,nba,2026,POST,San Antonio Spurs,Portland Trail Blazers,1,4395630,Devin Vassell,G,1,2,1,1,11,4,2,2,2,34,0,22,10,1,1,4,0,1
401869386,2026-04-28,nba,2026,POST,San Antonio Spurs,Portland Trail Blazers,1,4845367,Stephon Castle,G,1,5,1,2,11,6,6,2,1,33,1,12,15,3,0,6,2,7
401869386,2026-04-28,nba,2026,POST,San Antonio Spurs,Portland Trail Blazers,1,6578,Harrison Barnes,F,0,0,0,0,3,1,1,2,1,13,1,0,3,1,0,2,0,0
401869386,2026-04-28,nba,2026,POST,San Antonio Spurs,Portland Trail Blazers,1,2489663,Kelly Olynyk,F,0,0,0,0,0,0,0,2,0,1,0,0,0,0,0,0,0,0
401869386,2026-04-28,nba,2026,POST,San Antonio Spurs,Portland Trail Blazers,1,4066317,Lindy Waters III,F,0,0,0,1,1,0,0,0,0,1,0,0,0,1,0,1,0,0
401869386,2026-04-28,nba,2026,POST,San Antonio Spurs,Portland Trail Blazers,1,4395723,Keldon Johnson,F,0,1,0,3,8,3,1,2,0,18,2,2,7,5,0,2,1,2
401869386,2026-04-28,nba,2026,POST,San Antonio Spurs,Portland Trail Blazers,1,5061568,Carter Bryant,F,0,0,0,0,0,0,0,0,0,1,0,0,0,0,0,0,0,0
401869386,2026-04-28,nba,2026,POST,San Antonio Spurs,Portland Trail Blazers,1,6427,Bismack Biyombo,C,0,0,0,1,0,0,0,0,0,1,0,0,0,1,0,0,0,0
401869386,2026-04-28,nba,2026,POST,San Antonio Spurs,Portland Trail Blazers,1,3064560,Luke Kornet,C,0,3,0,2,2,2,3,1,1,13,1,-1,5,3,0,0,0,0
401869386,2026-04-28,nba,2026,POST,San Antonio Spurs,Portland Trail Blazers,1,3134916,Jordan McLaughlin,G,0,0,0,0,0,0,0,0,0,1,0,0,0,0,0,0,0,0
401869386,2026-04-28,nba,2026,POST,San Antonio Spurs,Portland Trail Blazers,1,5037871,Dylan Harper,G,0,1,0,1,9,6,2,5,4,26,2,4,17,3,3,1,1,1
401869386,2026-04-28,nba,2026,POST,San Antonio Spurs,Portland Trail Blazers,1,2488653,Mason Plumlee,C,0,,,,,,,,,,,,,,,,,
401869392,2026-04-28,nba,2026,POST,Atlanta Hawks,New York Knicks,0,4431680,Onyeka Okongwu,F,1,4,1,3,10,6,3,2,2,34,2,-10,16,5,1,4,2,0
401869392,2026-04-28,nba,2026,POST,Atlanta Hawks,New York Knicks,0,4701230,Jalen Johnson,F,1,6,0,9,15,7,4,3,3,35,1,-18,18,10,2,5,1,3
401869392,2026-04-28,nba,2026,POST,Atlanta Hawks,New York Knicks,0,2490149,CJ McCollum,G,1,1,1,2,10,3,3,3,0,32,1,-14,6,3,1,2,0,4
401869392,2026-04-28,nba,2026,POST,Atlanta Hawks,New York Knicks,0,4278039,Nickeil Alexander-Walker,G,1,3,0,0,11,6,2,1,0,34,0,-15,16,0,1,9,4,1
401869392,2026-04-28,nba,2026,POST,Atlanta Hawks,New York Knicks,0,4869342,Dyson Daniels,G,1,5,0,1,11,7,1,2,1,25,1,-17,17,2,0,4,2,0
401869392,2026-04-28,nba,2026,POST,Atlanta Hawks,New York Knicks,0,4280151,Corey Kispert,F,0,2,0,1,4,0,1,0,0,14,0,-7,0,1,1,3,0,0
401869392,2026-04-28,nba,2026,POST,Atlanta Hawks,New York Knicks,0,4433247,Jonathan Kuminga,F,0,1,0,4,10,4,2,4,4,17,0,-11,13,4,0,5,1,1
401869392,2026-04-28,nba,2026,POST,Atlanta Hawks,New York Knicks,0,4712863,Mouhamed Gueye,F,0,0,0,0,1,0,1,0,0,5,0,-7,0,0,0,1,0,0
401869392,2026-04-28,nba,2026,POST,Atlanta Hawks,New York Knicks,0,4065673,Tony Bradley,C,0,1,0,2,0,0,5,2,0,13,0,-17,0,2,1,0,0,0
401869392,2026-04-28,nba,2026,POST,Atlanta Hawks,New York Knicks,0,2990984,Buddy Hield,G,0,0,0,0,3,2,0,0,0,4,0,-5,5,0,0,1,1,1
401869392,2026-04-28,nba,2026,POST,Atlanta Hawks,New York Knicks,0,3137259,Gabe Vincent,G,0,1,0,0,7,2,3,0,0,24,0,-20,6,0,0,7,2,0
401869392,2026-04-28,nba,2026,POST,Atlanta Hawks,New York Knicks,0,4279118,Keaton Wallace,G,0,1,0,0,1,0,1,0,0,2,0,-4,0,0,0,1,0,0
401869392,2026-04-28,nba,2026,POST,Atlanta Hawks,New York Knicks,0,4873201,Asa Newell,F,0,,,,,,,,,,,,,,,,,
401869392,2026-04-28,nba,2026,POST,Atlanta Hawks,New York Knicks,0,5211175,Zaccharie Risacher,F,0,,,,,,,,,,,,,,,,,
401869392,2026-04-28,nba,2026,POST,New York Knicks,Atlanta Hawks,1,3934719,OG Anunoby,F,1,1,1,9,8,5,2,5,5,35,1,19,17,10,2,3,2,0
401869392,2026-04-28,nba,2026,POST,New York Knicks,Atlanta Hawks,1,3136195,Karl-Anthony Towns,C,1,6,2,13,7,5,2,6,5,34,1,11,16,14,2,3,1,3
401869392,2026-04-28,nba,2026,POST,New York Knicks,Atlanta Hawks,1,3062679,Josh Hart,G,1,4,0,4,8,3,2,2,2,30,1,15,9,5,0,4,1,1
401869392,2026-04-28,nba,2026,POST,New York Knicks,Atlanta Hawks,1,3147657,Mikal Bridges,G,1,1,0,1,6,3,4,0,0,27,0,11,7,1,1,3,1,1
401869392,2026-04-28,nba,2026,POST,New York Knicks,Atlanta Hawks,1,3934672,Jalen Brunson,G,1,8,0,2,23,15,4,8,6,35,1,23,39,3,0,5,3,1
401869392,2026-04-28,nba,2026,POST,New York Knicks,Atlanta Hawks,1,4610139,Jeremy Sochan,F,0,0,0,1,4,4,0,2,1,3,0,2,10,1,0,1,1,0
401869392,2026-04-28,nba,2026,POST,New York Knicks,Atlanta Hawks,1,5211983,Pacome Dadiet,F,0,0,0,0,0,0,0,0,0,1,0,2,0,0,0,0,0,0
401869392,2026-04-28,nba,2026,POST,New York Knicks,Atlanta Hawks,1,4351852,Mitchell Robinson,C,0,0,1,4,3,3,2,4,1,16,2,19,7,6,0,0,0,2
401869392,2026-04-28,nba,2026,POST,New York Knicks,Atlanta Hawks,1,4871141,Ariel Hukporti,C,0,0,1,1,0,0,0,2,0,3,1,2,0,2,1,0,0,0
401869392,2026-04-28,nba,2026,POST,New York Knicks,Atlanta Hawks,1,2528426,Jordan Clarkson,G,0,1,0,0,7,3,3,3,3,16,0,14,9,0,0,1,0,1
401869392,2026-04-28,nba,2026,POST,New York Knicks,Atlanta Hawks,1,3914044,Landry Shamet,G,0,1,0,0,1,0,0,0,0,4,0,2,0,0,0,1,0,0
401869392,2026-04-28,nba,2026,POST,New York Knicks,Atlanta Hawks,1,4277869,Jose Alvarado,G,0,1,1,2,7,4,2,2,2,12,0,4,12,2,0,3,2,1
401869392,2026-04-28,nba,2026,POST,New York Knicks,Atlanta Hawks,1,4431823,Miles McBride,G,0,1,0,2,4,0,2,0,0,20,1,19,0,3,0,2,0,1
401869392,2026-04-28,nba,2026,POST,New York Knicks,Atlanta Hawks,1,4433225,Tyler Kolek,G,0,2,0,1,1,0,0,0,0,3,0,2,0,1,0,0,0,0
401869392,2026-04-28,nba,2026,POST,New York Knicks,Atlanta Hawks,1,5289900,Mohamed Diawara,F,0,,,,,,,,,,,,,,,,,
401869408,2026-04-28,nba,2026,POST,Philadelphia 76ers,Boston Celtics,0,4251,Paul George,F,1,7,0,9,13,6,5,0,0,43,0,19,16,9,2,9,4,2
401869408,2026-04-28,nba,2026,POST,Philadelphia 76ers,Boston Celtics,0,3059318,Joel Embiid,C,1,8,1,3,23,12,4,10,9,39,1,13,33,4,0,5,0,3
401869408,2026-04-28,nba,2026,POST,Philadelphia 76ers,Boston Celtics,0,3133603,Kelly Oubre Jr.,G,1,1,0,6,5,2,2,1,0,32,0,7,4,6,0,2,0,0
401869408,2026-04-28,nba,2026,POST,Philadelphia 76ers,Boston Celtics,0,4431678,Tyrese Maxey,G,1,5,1,10,18,10,1,2,2,43,0,15,25,10,2,10,3,2
401869408,2026-04-28,nba,2026,POST,Philadelphia 76ers,Boston Celtics,0,5124612,VJ Edgecombe,G,1,3,0,5,8,3,3,2,1,40,2,9,10,7,1,6,3,1
401869408,2026-04-28,nba,2026,POST,Philadelphia 76ers,Boston Celtics,0,4431675,Trendon Watford,F,0,0,0,1,0,0,0,0,0,2,0,1,0,1,0,0,0,0
401869408,2026-04-28,nba,2026,POST,Philadelphia 76ers,Boston Celtics,0,4432446,Jabari Walker,F,0,0,0,0,2,0,0,0,0,2,0,1,0,0,0,2,0,0
401869408,2026-04-28,nba,2026,POST,Philadelphia 76ers,Boston Celtics,0,4870562,Dominick Barlow,F,0,0,0,1,0,0,1,2,2,6,2,-7,2,3,0,0,0,0
401869408,2026-04-28,nba,2026,POST,Philadelphia 76ers,Boston Celtics,0,6585,Andre Drummond,C,0,0,0,4,1,1,0,2,2,7,0,2,5,4,0,1,1,0
401869408,2026-04-28,nba,2026,POST,Philadelphia 76ers,Boston Celtics,0,5105637,Adem Bona,C,0,0,0,0,0,0,0,0,0,0,0,0,0,0,0,0,0,0
401869408,2026-04-28,nba,2026,POST,Philadelphia 76ers,Boston Celtics,0,3012,Kyle Lowry,G,0,0,0,1,0,0,1,0,0,2,0,1,0,1,0,0,0,0
401869408,2026-04-28,nba,2026,POST,Philadelphia 76ers,Boston Celtics,0,4397014,Quentin Grimes,G,0,0,1,2,8,5,3,4,4,24,0,18,18,2,0,7,4,1
401869408,2026-04-28,nba,2026,POST,Philadelphia 76ers,Boston Celtics,0,4433159,Dalen Terry,G,0,0,0,0,0,0,0,0,0,2,0,1,0,0,0,0,0,0
401869408,2026-04-28,nba,2026,POST,Philadelphia 76ers,Boston Celtics,0,4433569,Johni Broome,F,0,,,,,,,,,,,,,,,,,
401869408,2026-04-28,nba,2026,POST,Philadelphia 76ers,Boston Celtics,0,4711297,Justin Edwards,F,0,,,,,,,,,,,,,,,,,
401869408,2026-04-28,nba,2026,POST,Boston Celtics,Philadelphia 76ers,1,4065648,Jayson Tatum,F,1,4,0,13,19,8,0,7,4,41,3,-9,24,16,3,12,4,4
401869408,2026-04-28,nba,2026,POST,Boston Celtics,Philadelphia 76ers,1,4065804,Sam Hauser,F,1,0,0,3,7,3,2,0,0,20,2,-21,8,5,0,5,2,2
401869408,2026-04-28,nba,2026,POST,Boston Celtics,Philadelphia 76ers,1,4397424,Neemias Queta,C,1,1,0,9,8,4,5,2,0,26,5,-10,8,14,0,0,0,0
401869408,2026-04-28,nba,2026,POST,Boston Celtics,Philadelphia 76ers,1,3078576,Derrick White,G,1,3,0,1,8,2,2,2,2,36,0,-14,6,1,0,4,0,1
401869408,2026-04-28,nba,2026,POST,Boston Celtics,Philadelphia 76ers,1,3917376,Jaylen Brown,G,1,5,0,2,23,9,2,5,3,41,3,-17,22,5,1,4,1,3
401869408,2026-04-28,nba,2026,POST,Boston Celtics,Philadelphia 76ers,1,4702745,Amari Williams,F,0,0,0,0,1,0,0,2,1,2,1,-1,1,1,0,0,0,0
401869408,2026-04-28,nba,2026,POST,Boston Celtics,Philadelphia 76ers,1,6478,Nikola Vucevic,C,0,3,0,2,6,3,2,0,0,15,0,-10,8,2,0,5,2,1
401869408,2026-04-28,nba,2026,POST,Boston Celtics,Philadelphia 76ers,1,4277951,Luka Garza,C,0,1,0,0,2,1,1,2,2,6,0,5,4,0,0,1,0,0
401869408,2026-04-28,nba,2026,POST,Boston Celtics,Philadelphia 76ers,1,4066354,Payton Pritchard,G,0,6,0,2,10,5,0,1,1,26,0,8,12,2,0,5,1,0
401869408,2026-04-28,nba,2026,POST,Boston Celtics,Philadelphia 76ers,1,4397251,Ron Harper Jr.,G,0,0,0,0,1,0,0,0,0,2,0,-3,0,0,0,0,0,0
401869408,2026-04-28,nba,2026,POST,Boston Celtics,Philadelphia 76ers,1,4593841,Baylor Scheierman,G,0,0,0,0,2,1,1,0,0,9,0,-3,3,0,0,2,1,1
401869408,2026-04-28,nba,2026,POST,Boston Celtics,Philadelphia 76ers,1,4683689,Jordan Walsh,G,0,2,0,2,2,0,2,2,1,16,1,-2,1,3,2,1,0,0
401869408,2026-04-28,nba,2026,POST,Boston Celtics,Philadelphia 76ers,1,5175647,Hugo Gonzalez,G,0,0,0,0,0,0,0,0,0,2,0,-3,0,0,0,0,0,0
401869408,2026-04-28,nba,2026,POST,Boston Celtics,Philadelphia 76ers,1,4397885,Dalano Banton,F,0,,,,,,,,,,,,,,,,,
401869408,2026-04-28,nba,2026,POST,Boston Celtics,Philadelphia 76ers,1,4701992,Max Shulga,G,0,,,,,,,,,,,,,,,,,
401869380,2026-04-29,nba,2026,POST,Toronto Raptors,Cleveland Cavaliers,0,3913176,Brandon Ingram,F,1,2,1,1,2,0,0,2,1,11,0,-2,1,1,0,0,0,1
401869380,2026-04-29,nba,2026,POST,Toronto Raptors,Cleveland Cavaliers,0,4395625,RJ Barrett,F,1,5,0,7,19,9,3,9,5,38,5,2,25,12,0,5,2,3
401869380,2026-04-29,nba,2026,POST,Toronto Raptors,Cleveland Cavaliers,0,4433134,Scottie Barnes,F,1,11,3,6,16,6,2,6,5,39,2,2,17,8,1,3,0,4
401869380,2026-04-29,nba,2026,POST,Toronto Raptors,Cleveland Cavaliers,0,3134908,Jakob Poeltl,C,1,3,1,9,6,5,2,6,4,21,0,6,14,9,0,0,0,0
401869380,2026-04-29,nba,2026,POST,Toronto Raptors,Cleveland Cavaliers,0,4684272,Ja'Kobe Walter,G,1,2,0,2,16,7,5,0,0,35,1,-7,20,3,4,14,6,1
401869380,2026-04-29,nba,2026,POST,Toronto Raptors,Cleveland Cavaliers,0,4278580,Sandro Mamukelashvili,F,0,0,1,2,9,3,1,2,2,15,1,-1,10,3,0,5,2,0
401869380,2026-04-29,nba,2026,POST,Toronto Raptors,Cleveland Cavaliers,0,4431893,Jamison Battle,F,0,0,0,3,5,3,2,0,0,19,3,-13,7,6,0,1,1,1
401869380,2026-04-29,nba,2026,POST,Toronto Raptors,Cleveland Cavaliers,0,5093267,Collin Murray-Boyles,F,0,2,2,3,5,4,4,0,0,26,2,-7,8,5,1,0,0,1
401869380,2026-04-29,nba,2026,POST,Toronto Raptors,Cleveland Cavaliers,0,4067017,A.J. Lawson,G,0,0,0,0,2,0,0,0,0,2,0,-3,0,0,0,0,0,0
401869380,2026-04-29,nba,2026,POST,Toronto Raptors,Cleveland Cavaliers,0,4432241,Jamal Shead,G,0,7,0,0,15,7,2,0,0,34,1,-2,18,1,2,10,4,3
401869380,2026-04-29,nba,2026,POST,Toronto Raptors,Cleveland Cavaliers,0,4431684,Trayce Jackson-Davis,F,0,,,,,,,,,,,,,,,,,
401869380,2026-04-29,nba,2026,POST,Toronto Raptors,Cleveland Cavaliers,0,5107897,Jonathan Mogbo,F,0,,,,,,,,,,,,,,,,,
401869380,2026-04-29,nba,2026,POST,Toronto Raptors,Cleveland Cavaliers,0,4023,Garrett Temple,G,0,,,,,,,,,,,,,,,,,
401869380,2026-04-29,nba,2026,POST,Toronto Raptors,Cleveland Cavaliers,0,5106258,Gradey Dick,G,0,,,,,,,,,,,,,,,,,
401869380,2026-04-29,nba,2026,POST,Cleveland Cavaliers,Toronto Raptors,1,4066328,Jarrett Allen,C,1,1,3,3,5,4,0,2,1,25,0,-4,9,3,0,0,0,3
401869380,2026-04-29,nba,2026,POST,Cleveland Cavaliers,Toronto Raptors,1,4432158,Evan Mobley,C,1,1,3,7,13,8,3,8,4,33,2,-2,23,9,1,3,3,0
401869380,2026-04-29,nba,2026,POST,Cleveland Cavaliers,Toronto Raptors,1,3992,James Harden,G,1,5,1,8,13,7,2,6,5,40,1,10,23,9,2,8,4,6
401869380,2026-04-29,nba,2026,POST,Cleveland Cavaliers,Toronto Raptors,1,3908809,Donovan Mitchell,G,1,3,1,5,17,7,3,2,2,31,0,-9,19,5,1,5,3,2
401869380,2026-04-29,nba,2026,POST,Cleveland Cavaliers,Toronto Raptors,1,4065778,Max Strus,G,1,2,0,4,4,2,3,4,4,27,0,0,8,4,1,2,0,0
401869380,2026-04-29,nba,2026,POST,Cleveland Cavaliers,Toronto Raptors,1,3912848,Dean Wade,F,0,1,0,2,10,3,2,0,0,21,1,4,7,3,1,6,1,0
401869380,2026-04-29,nba,2026,POST,Cleveland Cavaliers,Toronto Raptors,1,3934723,Thomas Bryant,C,0,1,0,0,0,0,1,0,0,5,0,-1,0,0,1,0,0,1
401869380,2026-04-29,nba,2026,POST,Cleveland Cavaliers,Toronto Raptors,1,3032979,Dennis Schroder,G,0,2,0,0,11,7,1,2,2,21,0,8,19,0,0,6,3,0
401869380,2026-04-29,nba,2026,POST,Cleveland Cavaliers,Toronto Raptors,1,4066757,Sam Merrill,G,0,2,0,1,3,2,0,4,3,23,0,19,9,1,1,2,2,2
401869380,2026-04-29,nba,2026,POST,Cleveland Cavaliers,Toronto Raptors,1,4683747,Jaylon Tyson,G,0,2,0,1,5,3,1,0,0,13,0,0,8,1,0,4,2,0
401869380,2026-04-29,nba,2026,POST,Cleveland Cavaliers,Toronto Raptors,1,2580365,Larry Nance Jr.,F,0,,,,,,,,,,,,,,,,,
401869380,2026-04-29,nba,2026,POST,Cleveland Cavaliers,Toronto Raptors,1,5106268,Nae'Qwan Tomlin,F,0,,,,,,,,,,,,,,,,,
401869380,2026-04-29,nba,2026,POST,Cleveland Cavaliers,Toronto Raptors,1,4701233,Craig Porter Jr.,G,0,,,,,,,,,,,,,,,,,
401869380,2026-04-29,nba,2026,POST,Cleveland Cavaliers,Toronto Raptors,1,4702177,Keon Ellis,G,0,,,,,,,,,,,,,,,,,
401869380,2026-04-29,nba,2026,POST,Cleveland Cavaliers,Toronto Raptors,1,5023693,Tyrese Proctor,G,0,,,,,,,,,,,,,,,,,
401869407,2026-04-29,nba,2026,POST,Houston Rockets,Los Angeles Lakers,0,4432639,Jabari Smith Jr.,F,1,3,2,5,13,6,2,8,6,42,2,5,22,7,0,9,4,0
401869407,2026-04-29,nba,2026,POST,Houston Rockets,Los Angeles Lakers,0,4433192,Tari Eason,F,1,1,1,4,11,6,5,5,4,31,1,-3,18,5,0,6,2,0
401869407,2026-04-29,nba,2026,POST,Houston Rockets,Los Angeles Lakers,0,4871144,Alperen Sengun,C,1,8,1,8,9,5,3,4,4,43,1,8,14,9,2,0,0,5
401869407,2026-04-29,nba,2026,POST,Houston Rockets,Los Angeles Lakers,0,4684740,Amen Thompson,G,1,4,0,5,14,4,2,8,5,46,2,5,15,7,4,5,2,3
401869407,2026-04-29,nba,2026,POST,Houston Rockets,Los Angeles Lakers,0,4711272,Reed Sheppard,G,1,6,0,0,12,5,3,0,0,35,0,2,12,0,3,7,2,1
401869407,2026-04-29,nba,2026,POST,Houston Rockets,Los Angeles Lakers,0,2578185,Dorian Finney-Smith,F,0,1,0,3,5,2,1,0,0,11,0,6,6,3,0,5,2,1
401869407,2026-04-29,nba,2026,POST,Houston Rockets,Los Angeles Lakers,0,3922230,Aaron Holiday,G,0,0,0,0,5,2,3,0,0,13,0,4,5,0,0,4,1,0
401869407,2026-04-29,nba,2026,POST,Houston Rockets,Los Angeles Lakers,0,4065663,Josh Okogie,G,0,2,0,3,6,3,3,0,0,18,0,3,7,3,1,4,1,0
401869407,2026-04-29,nba,2026,POST,Houston Rockets,Los Angeles Lakers,0,3209,Jeff Green,F,0,,,,,,,,,,,,,,,,,
401869407,2026-04-29,nba,2026,POST,Houston Rockets,Los Angeles Lakers,0,3136777,Jae'Sean Tate,F,0,,,,,,,,,,,,,,,,,
401869407,2026-04-29,nba,2026,POST,Houston Rockets,Los Angeles Lakers,0,3102529,Clint Capela,C,0,,,,,,,,,,,,,,,,,
401869407,2026-04-29,nba,2026,POST,Houston Rockets,Los Angeles Lakers,0,4576085,JD Davison,G,0,,,,,,,,,,,,,,,,,
401869407,2026-04-29,nba,2026,POST,Los Angeles Lakers,Houston Rockets,1,1966,LeBron James,F,1,7,0,3,20,9,1,10,7,39,0,-5,25,3,2,6,0,2
401869407,2026-04-29,nba,2026,POST,Los Angeles Lakers,Houston Rockets,1,4066648,Rui Hachimura,F,1,0,0,3,11,5,4,0,0,37,1,5,12,4,1,3,2,1
401869407,2026-04-29,nba,2026,POST,Los Angeles Lakers,Houston Rockets,1,4278129,Deandre Ayton,C,1,0,2,7,14,9,3,0,0,38,10,2,18,17,0,0,0,1
401869407,2026-04-29,nba,2026,POST,Los Angeles Lakers,Houston Rockets,1,2990992,Marcus Smart,G,1,2,0,5,7,3,2,2,2,37,0,-7,11,5,0,7,3,6
401869407,2026-04-29,nba,2026,POST,Los Angeles Lakers,Houston Rockets,1,3913174,Luke Kennard,G,1,2,1,3,4,0,2,2,1,31,0,-3,1,3,2,2,0,1
401869407,2026-04-29,nba,2026,POST,Los Angeles Lakers,Houston Rockets,1,4278077,Jarred Vanderbilt,F,0,0,0,2,3,1,1,0,0,6,0,-8,2,2,0,1,0,0
401869407,2026-04-29,nba,2026,POST,Los Angeles Lakers,Houston Rockets,1,4592691,Jake LaRavia,F,0,1,1,1,1,1,2,0,0,9,1,-1,2,2,0,0,0,0
401869407,2026-04-29,nba,2026,POST,Los Angeles Lakers,Houston Rockets,1,4397077,Jaxson Hayes,C,0,1,0,0,0,0,2,0,0,10,1,-8,0,1,0,0,0,1
401869407,2026-04-29,nba,2026,POST,Los Angeles Lakers,Houston Rockets,1,4066457,Austin Reaves,G,0,6,1,4,16,4,3,13,12,34,0,-5,22,4,0,8,2,3
401869407,2026-04-29,nba,2026,POST,Los Angeles Lakers,Houston Rockets,1,2960236,Maxi Kleber,F,0,,,,,,,,,,,,,,,,,
401869407,2026-04-29,nba,2026,POST,Los Angeles Lakers,Houston Rockets,1,4897943,Dalton Knecht,F,0,,,,,,,,,,,,,,,,,
401869407,2026-04-29,nba,2026,POST,Los Angeles Lakers,Houston Rockets,1,5060631,Adou Thiero,F,0,,,,,,,,,,,,,,,,,
401869407,2026-04-29,nba,2026,POST,Los Angeles Lakers,Houston Rockets,1,4683686,Nick Smith Jr.,G,0,,,,,,,,,,,,,,,,,
401869407,2026-04-29,nba,2026,POST,Los Angeles Lakers,Houston Rockets,1,4683774,Bronny James,G,0,,,,,,,,,,,,,,,,,
401869416,2026-04-29,nba,2026,POST,Orlando Magic,Detroit Pistons,0,4278572,Jamal Cain,F,1,1,0,3,4,1,2,7,3,25,1,-9,5,4,0,1,0,1
401869416,2026-04-29,nba,2026,POST,Orlando Magic,Detroit Pistons,0,4432573,Paolo Banchero,F,1,7,0,7,31,17,2,12,5,41,2,0,45,9,2,11,6,6
401869416,2026-04-29,nba,2026,POST,Orlando Magic,Detroit Pistons,0,4277847,Wendell Carter Jr.,C,1,4,3,2,4,2,5,4,4,34,2,6,9,4,1,3,1,1
401869416,2026-04-29,nba,2026,POST,Orlando Magic,Detroit Pistons,0,4066320,Desmond Bane,G,1,1,0,4,15,6,5,2,2,34,1,-2,18,5,3,10,4,2
401869416,2026-04-29,nba,2026,POST,Orlando Magic,Detroit Pistons,0,4432165,Jalen Suggs,G,1,5,0,2,9,4,2,1,0,37,0,-4,10,2,3,5,2,1
401869416,2026-04-29,nba,2026,POST,Orlando Magic,Detroit Pistons,0,4702382,Tristan da Silva,F,0,0,0,1,4,1,3,2,1,16,2,-9,3,3,0,2,0,0
401869416,2026-04-29,nba,2026,POST,Orlando Magic,Detroit Pistons,0,4348700,Goga Bitadze,C,0,0,2,1,1,0,2,0,0,14,0,-13,0,1,0,0,0,2
401869416,2026-04-29,nba,2026,POST,Orlando Magic,Detroit Pistons,0,4712849,Anthony Black,G,0,3,0,5,12,7,5,2,1,39,0,-4,19,5,3,6,4,3
401869416,2026-04-29,nba,2026,POST,Orlando Magic,Detroit Pistons,0,5214637,Noah Penda,F,0,,,,,,,,,,,,,,,,,
401869416,2026-04-29,nba,2026,POST,Orlando Magic,Detroit Pistons,0,3150844,Moritz Wagner,C,0,,,,,,,,,,,,,,,,,
401869416,2026-04-29,nba,2026,POST,Orlando Magic,Detroit Pistons,0,3133635,Jevon Carter,G,0,,,,,,,,,,,,,,,,,
401869416,2026-04-29,nba,2026,POST,Orlando Magic,Detroit Pistons,0,5105806,Jett Howard,G,0,,,,,,,,,,,,,,,,,
401869416,2026-04-29,nba,2026,POST,Orlando Magic,Detroit Pistons,0,5239561,Jase Richardson,G,0,,,,,,,,,,,,,,,,,
401869416,2026-04-29,nba,2026,POST,Detroit Pistons,Orlando Magic,1,6440,Tobias Harris,F,1,1,0,7,18,9,3,7,4,31,1,6,23,8,2,3,1,1
401869416,2026-04-29,nba,2026,POST,Detroit Pistons,Orlando Magic,1,3157465,Duncan Robinson,F,1,1,0,2,8,4,1,2,1,25,1,2,12,3,0,6,3,1
401869416,2026-04-29,nba,2026,POST,Detroit Pistons,Orlando Magic,1,4433621,Jalen Duren,C,1,2,2,4,6,4,5,4,4,28,5,-3,12,9,0,0,0,3
401869416,2026-04-29,nba,2026,POST,Detroit Pistons,Orlando Magic,1,4432166,Cade Cunningham,G,1,5,0,1,23,13,3,14,14,44,3,3,45,4,1,8,5,6
401869416,2026-04-29,nba,2026,POST,Detroit Pistons,Orlando Magic,1,4684742,Ausar Thompson,G,1,6,2,11,5,3,1,2,0,36,4,-2,6,15,5,0,0,5
401869416,2026-04-29,nba,2026,POST,Detroit Pistons,Orlando Magic,1,4432810,Isaiah Stewart,C,0,0,1,4,3,1,3,4,3,20,1,10,5,5,0,1,0,0
401869416,2026-04-29,nba,2026,POST,Detroit Pistons,Orlando Magic,1,2596112,Javonte Green,G,0,1,0,2,5,2,0,0,0,15,0,4,5,2,1,4,1,0
401869416,2026-04-29,nba,2026,POST,Detroit Pistons,Orlando Magic,1,2991043,Caris LeVert,G,0,2,0,2,4,1,4,0,0,25,1,5,2,3,0,1,0,1
401869416,2026-04-29,nba,2026,POST,Detroit Pistons,Orlando Magic,1,5107199,Daniss Jenkins,G,0,2,0,0,8,2,1,2,2,16,0,10,6,0,1,5,0,0
401869416,2026-04-29,nba,2026,POST,Detroit Pistons,Orlando Magic,1,4278562,Paul Reed,F,0,,,,,,,,,,,,,,,,,
401869416,2026-04-29,nba,2026,POST,Detroit Pistons,Orlando Magic,1,4397882,Tolu Smith,F,0,,,,,,,,,,,,,,,,,
401869416,2026-04-29,nba,2026,POST,Detroit Pistons,Orlando Magic,1,4683771,Ronald Holland II,F,0,,,,,,,,,,,,,,,,,
401869416,2026-04-29,nba,2026,POST,Detroit Pistons,Orlando Magic,1,4432107,Marcus Sasser,G,0,,,,,,,,,,,,,,,,,
401869416,2026-04-29,nba,2026,POST,Detroit Pistons,Orlando Magic,1,4700852,Chaz Lanier,G,0,,,,,,,,,,,,,,,,,
401869393,2026-04-30,nba,2026,POST,New York Knicks,Atlanta Hawks,0,3934719,OG Anunoby,F,1,2,1,7,14,11,0,5,3,27,0,42,29,7,4,6,4,0
401869393,2026-04-30,nba,2026,POST,New York Knicks,Atlanta Hawks,0,3136195,Karl-Anthony Towns,C,1,10,1,7,4,1,3,10,10,28,4,35,12,11,3,1,0,3
401869393,2026-04-30,nba,2026,POST,New York Knicks,Atlanta Hawks,0,3062679,Josh Hart,G,1,2,0,5,10,6,1,1,0,27,0,35,14,5,0,4,2,2
401869393,2026-04-30,nba,2026,POST,New York Knicks,Atlanta Hawks,0,3147657,Mikal Bridges,G,1,3,1,4,12,10,2,2,2,27,1,40,24,5,0,2,2,0
401869393,2026-04-30,nba,2026,POST,New York Knicks,Atlanta Hawks,0,3934672,Jalen Brunson,G,1,8,0,2,12,6,2,4,4,29,0,41,17,2,2,6,1,0
401869393,2026-04-30,nba,2026,POST,New York Knicks,Atlanta Hawks,0,4610139,Jeremy Sochan,F,0,0,0,0,3,2,1,0,0,7,0,0,4,0,1,1,0,0
401869393,2026-04-30,nba,2026,POST,New York Knicks,Atlanta Hawks,0,5211983,Pacome Dadiet,F,0,0,0,1,4,2,1,0,0,8,0,-2,5,1,0,3,1,0
401869393,2026-04-30,nba,2026,POST,New York Knicks,Atlanta Hawks,0,5289900,Mohamed Diawara,F,0,2,0,3,4,1,0,0,0,12,1,-2,2,4,1,2,0,1
401869393,2026-04-30,nba,2026,POST,New York Knicks,Atlanta Hawks,0,4351852,Mitchell Robinson,C,0,0,2,1,3,3,1,0,0,9,2,29,6,3,0,0,0,0
401869393,2026-04-30,nba,2026,POST,New York Knicks,Atlanta Hawks,0,4871141,Ariel Hukporti,C,0,0,1,3,0,0,3,6,3,12,1,-4,3,4,0,0,0,2
401869393,2026-04-30,nba,2026,POST,New York Knicks,Atlanta Hawks,0,2528426,Jordan Clarkson,G,0,1,0,0,4,2,0,4,3,11,0,22,7,0,1,1,0,0
401869393,2026-04-30,nba,2026,POST,New York Knicks,Atlanta Hawks,0,3914044,Landry Shamet,G,0,0,0,1,5,2,2,0,0,15,0,-4,5,1,0,3,1,0
401869393,2026-04-30,nba,2026,POST,New York Knicks,Atlanta Hawks,0,4277869,Jose Alvarado,G,0,2,0,1,2,1,1,0,0,7,0,12,3,1,2,2,1,0
401869393,2026-04-30,nba,2026,POST,New York Knicks,Atlanta Hawks,0,4431823,Miles McBride,G,0,0,0,1,3,1,4,0,0,10,0,13,3,1,2,3,1,0
401869393,2026-04-30,nba,2026,POST,New York Knicks,Atlanta Hawks,0,4433225,Tyler Kolek,G,0,3,0,1,5,2,1,2,2,12,0,-2,6,1,0,2,0,1
401869393,2026-04-30,nba,2026,POST,Atlanta Hawks,New York Knicks,1,4431680,Onyeka Okongwu,F,1,5,1,4,6,2,3,0,0,32,2,-38,4,6,1,2,0,2
401869393,2026-04-30,nba,2026,POST,Atlanta Hawks,New York Knicks,1,4701230,Jalen Johnson,F,1,6,1,6,15,7,2,5,5,32,2,-43,21,8,0,5,2,3
401869393,2026-04-30,nba,2026,POST,Atlanta Hawks,New York Knicks,1,2490149,CJ McCollum,G,1,0,0,0,13,4,3,2,2,24,3,-24,11,3,0,4,1,2
401869393,2026-04-30,nba,2026,POST,Atlanta Hawks,New York Knicks,1,4278039,Nickeil Alexander-Walker,G,1,2,0,1,8,3,3,6,4,29,0,-29,11,1,1,4,1,5
401869393,2026-04-30,nba,2026,POST,Atlanta Hawks,New York Knicks,1,4869342,Dyson Daniels,G,1,0,0,0,4,1,2,0,0,15,0,-36,3,0,1,3,1,2
401869393,2026-04-30,nba,2026,POST,Atlanta Hawks,New York Knicks,1,4280151,Corey Kispert,F,0,1,0,1,7,1,2,2,1,15,1,5,4,2,0,5,1,2
401869393,2026-04-30,nba,2026,POST,Atlanta Hawks,New York Knicks,1,4433247,Jonathan Kuminga,F,0,3,1,1,7,3,2,6,4,23,1,-44,11,2,0,3,1,1
401869393,2026-04-30,nba,2026,POST,Atlanta Hawks,New York Knicks,1,4712863,Mouhamed Gueye,F,0,2,0,1,3,1,1,0,0,9,1,-15,2,2,0,2,0,1
401869393,2026-04-30,nba,2026,POST,Atlanta Hawks,New York Knicks,1,4873201,Asa Newell,F,0,0,0,0,0,0,1,0,0,7,0,4,0,0,0,0,0,0
401869393,2026-04-30,nba,2026,POST,Atlanta Hawks,New York Knicks,1,5211175,Zaccharie Risacher,F,0,0,0,2,9,4,1,0,0,16,1,-2,8,3,0,3,0,0
401869393,2026-04-30,nba,2026,POST,Atlanta Hawks,New York Knicks,1,4065673,Tony Bradley,C,0,1,1,3,1,1,0,2,2,8,0,2,5,3,0,1,1,0
401869393,2026-04-30,nba,2026,POST,Atlanta Hawks,New York Knicks,1,2990984,Buddy Hield,G,0,0,0,2,2,2,0,0,0,9,0,-10,5,2,0,1,1,1
401869393,2026-04-30,nba,2026,POST,Atlanta Hawks,New York Knicks,1,3137259,Gabe Vincent,G,0,0,0,0,2,0,2,0,0,13,0,-27,0,0,1,1,0,0
401869393,2026-04-30,nba,2026,POST,Atlanta Hawks,New York Knicks,1,4279118,Keaton Wallace,G,0,2,0,3,5,2,0,0,0,10,0,2,4,3,1,1,0,0
401869402,2026-04-30,nba,2026,POST,Denver Nuggets,Minnesota Timberwolves,0,3138196,Cameron Johnson,F,1,3,1,8,15,8,5,9,6,39,0,-3,27,8,0,10,5,2
401869402,2026-04-30,nba,2026,POST,Denver Nuggets,Minnesota Timberwolves,0,4592427,Spencer Jones,F,1,1,1,2,4,3,5,0,0,35,0,-9,8,2,0,3,2,1
401869402,2026-04-30,nba,2026,POST,Denver Nuggets,Minnesota Timberwolves,0,3112335,Nikola Jokic,C,1,10,1,8,19,11,5,6,5,43,1,-9,28,9,0,5,1,4
401869402,2026-04-30,nba,2026,POST,Denver Nuggets,Minnesota Timberwolves,0,3936299,Jamal Murray,G,1,4,1,5,17,4,2,4,4,40,1,-18,12,6,0,2,0,0
401869402,2026-04-30,nba,2026,POST,Denver Nuggets,Minnesota Timberwolves,0,4431767,Christian Braun,G,1,0,3,1,4,1,2,0,0,28,0,-9,3,1,0,4,1,1
401869402,2026-04-30,nba,2026,POST,Denver Nuggets,Minnesota Timberwolves,0,4431690,Zeke Nnaji,F,0,0,0,0,0,0,0,0,0,3,0,-5,0,0,0,0,0,0
401869402,2026-04-30,nba,2026,POST,Denver Nuggets,Minnesota Timberwolves,0,6477,Jonas Valanciunas,C,0,0,0,1,3,1,1,0,0,4,1,-2,2,2,0,0,0,1
401869402,2026-04-30,nba,2026,POST,Denver Nuggets,Minnesota Timberwolves,0,2528210,Tim Hardaway Jr.,G,0,2,1,2,7,4,1,4,4,21,2,-5,13,4,1,2,1,1
401869402,2026-04-30,nba,2026,POST,Denver Nuggets,Minnesota Timberwolves,0,3135046,Tyus Jones,G,0,3,0,0,4,2,2,0,0,12,0,5,4,0,1,0,0,0
401869402,2026-04-30,nba,2026,POST,Denver Nuggets,Minnesota Timberwolves,0,4065670,Bruce Brown,G,0,1,0,0,2,0,3,2,1,14,1,-5,1,1,2,1,0,3
401869402,2026-04-30,nba,2026,POST,Denver Nuggets,Minnesota Timberwolves,0,4433607,DaRon Holmes II,F,0,,,,,,,,,,,,,,,,,
401869402,2026-04-30,nba,2026,POST,Denver Nuggets,Minnesota Timberwolves,0,4398390,Jalen Pickett,G,0,,,,,,,,,,,,,,,,,
401869402,2026-04-30,nba,2026,POST,Denver Nuggets,Minnesota Timberwolves,0,4432181,Julian Strawther,G,0,,,,,,,,,,,,,,,,,
401869402,2026-04-30,nba,2026,POST,Minnesota Timberwolves,Denver Nuggets,1,3064514,Julius Randle,F,1,5,0,2,17,6,2,6,4,37,2,15,18,4,1,5,2,4
401869402,2026-04-30,nba,2026,POST,Minnesota Timberwolves,Denver Nuggets,1,4431671,Jaden McDaniels,F,1,3,1,6,25,13,4,6,5,45,4,16,32,10,2,4,1,0
401869402,2026-04-30,nba,2026,POST,Minnesota Timberwolves,Denver Nuggets,1,3032976,Rudy Gobert,C,1,8,2,6,6,4,5,4,2,42,7,11,10,13,1,0,0,0
401869402,2026-04-30,nba,2026,POST,Minnesota Timberwolves,Denver Nuggets,1,3195,Mike Conley,G,1,3,0,5,7,3,3,0,0,26,1,-1,7,6,1,4,1,1
401869402,2026-04-30,nba,2026,POST,Minnesota Timberwolves,Denver Nuggets,1,4432847,Terrence Shannon Jr.,G,1,1,0,4,20,9,2,5,5,35,2,7,24,6,2,7,1,0
401869402,2026-04-30,nba,2026,POST,Minnesota Timberwolves,Denver Nuggets,1,4396971,Naz Reid,C,0,4,0,6,13,7,2,1,0,34,1,11,15,7,1,3,1,2
401869402,2026-04-30,nba,2026,POST,Minnesota Timberwolves,Denver Nuggets,1,4432247,Jaylen Clark,G,0,1,0,1,3,1,2,0,0,12,1,-3,3,2,0,3,1,0
401869402,2026-04-30,nba,2026,POST,Minnesota Timberwolves,Denver Nuggets,1,4592492,Bones Hyland,G,0,1,0,1,3,0,1,2,1,9,1,4,1,2,0,3,0,0
401869402,2026-04-30,nba,2026,POST,Minnesota Timberwolves,Denver Nuggets,1,2968436,Joe Ingles,F,0,,,,,,,,,,,,,,,,,
401869402,2026-04-30,nba,2026,POST,Minnesota Timberwolves,Denver Nuggets,1,5105553,Julian Phillips,F,0,,,,,,,,,,,,,,,,,
401869402,2026-04-30,nba,2026,POST,Minnesota Timberwolves,Denver Nuggets,1,5279133,Joan Beringer,F,0,,,,,,,,,,,,,,,,,
401869402,2026-04-30,nba,2026,POST,Minnesota Timberwolves,Denver Nuggets,1,4397002,Ayo Dosunmu,G,0,,,,,,,,,,,,,,,,,
401869410,2026-04-30,nba,2026,POST,Boston Celtics,Philadelphia 76ers,0,4065648,Jayson Tatum,F,1,3,0,11,13,6,1,5,3,29,0,-11,17,11,0,6,2,3
401869410,2026-04-30,nba,2026,POST,Boston Celtics,Philadelphia 76ers,0,4065804,Sam Hauser,F,1,1,0,4,6,2,1,0,0,21,0,-12,5,4,0,5,1,0
401869410,2026-04-30,nba,2026,POST,Boston Celtics,Philadelphia 76ers,0,4397424,Neemias Queta,C,1,0,2,10,5,2,3,0,0,20,1,-14,4,11,0,0,0,1
401869410,2026-04-30,nba,2026,POST,Boston Celtics,Philadelphia 76ers,0,3078576,Derrick White,G,1,1,0,0,8,3,3,2,2,32,1,-25,11,1,3,6,3,2
401869410,2026-04-30,nba,2026,POST,Boston Celtics,Philadelphia 76ers,0,3917376,Jaylen Brown,G,1,2,0,1,17,7,4,6,2,28,0,-24,18,1,0,6,2,5
401869410,2026-04-30,nba,2026,POST,Boston Celtics,Philadelphia 76ers,0,4397885,Dalano Banton,F,0,0,0,0,1,1,0,0,0,1,0,4,2,0,0,0,0,0
401869410,2026-04-30,nba,2026,POST,Boston Celtics,Philadelphia 76ers,0,6478,Nikola Vucevic,C,0,1,0,1,5,1,0,0,0,14,1,-5,2,2,1,2,0,0
401869410,2026-04-30,nba,2026,POST,Boston Celtics,Philadelphia 76ers,0,4277951,Luka Garza,C,0,1,0,0,5,4,2,0,0,14,2,6,9,2,0,2,1,0
401869410,2026-04-30,nba,2026,POST,Boston Celtics,Philadelphia 76ers,0,4066354,Payton Pritchard,G,0,5,0,3,16,6,0,1,1,36,0,-6,14,3,0,8,1,1
401869410,2026-04-30,nba,2026,POST,Boston Celtics,Philadelphia 76ers,0,4397251,Ron Harper Jr.,G,0,0,0,2,3,1,1,0,0,10,1,10,3,3,1,2,1,0
401869410,2026-04-30,nba,2026,POST,Boston Celtics,Philadelphia 76ers,0,4593841,Baylor Scheierman,G,0,1,0,3,4,2,2,0,0,15,0,2,5,3,2,3,1,1
401869410,2026-04-30,nba,2026,POST,Boston Celtics,Philadelphia 76ers,0,4683689,Jordan Walsh,G,0,3,1,3,3,1,1,2,1,19,2,10,3,5,0,1,0,0
401869410,2026-04-30,nba,2026,POST,Boston Celtics,Philadelphia 76ers,0,4702745,Amari Williams,F,0,,,,,,,,,,,,,,,,,
401869410,2026-04-30,nba,2026,POST,Boston Celtics,Philadelphia 76ers,0,4701992,Max Shulga,G,0,,,,,,,,,,,,,,,,,
401869410,2026-04-30,nba,2026,POST,Boston Celtics,Philadelphia 76ers,0,5175647,Hugo Gonzalez,G,0,,,,,,,,,,,,,,,,,
401869410,2026-04-30,nba,2026,POST,Philadelphia 76ers,Boston Celtics,1,4251,Paul George,F,1,3,1,4,17,8,2,2,2,40,0,11,23,4,2,9,5,4
401869410,2026-04-30,nba,2026,POST,Philadelphia 76ers,Boston Celtics,1,3059318,Joel Embiid,C,1,8,0,9,18,6,2,7,6,34,1,7,19,10,1,5,1,1
401869410,2026-04-30,nba,2026,POST,Philadelphia 76ers,Boston Celtics,1,3133603,Kelly Oubre Jr.,G,1,1,2,6,11,6,3,2,1,39,3,23,14,9,2,3,1,3
401869410,2026-04-30,nba,2026,POST,Philadelphia 76ers,Boston Celtics,1,4431678,Tyrese Maxey,G,1,5,0,1,22,11,1,5,5,40,1,15,30,2,2,5,3,0
401869410,2026-04-30,nba,2026,POST,Philadelphia 76ers,Boston Celtics,1,5124612,VJ Edgecombe,G,1,3,2,8,11,5,3,3,3,38,0,18,14,8,0,6,1,0
401869410,2026-04-30,nba,2026,POST,Philadelphia 76ers,Boston Celtics,1,4431675,Trendon Watford,F,0,0,0,0,0,0,0,0,0,1,0,-4,0,0,0,0,0,0
401869410,2026-04-30,nba,2026,POST,Philadelphia 76ers,Boston Celtics,1,4711297,Justin Edwards,F,0,0,0,4,3,1,2,0,0,10,1,-5,2,5,0,2,0,2
401869410,2026-04-30,nba,2026,POST,Philadelphia 76ers,Boston Celtics,1,6585,Andre Drummond,C,0,0,1,6,1,1,2,0,0,13,1,10,2,7,0,0,0,0
401869410,2026-04-30,nba,2026,POST,Philadelphia 76ers,Boston Celtics,1,5105637,Adem Bona,C,0,0,0,0,0,0,0,0,0,1,0,-4,0,0,0,0,0,0
401869410,2026-04-30,nba,2026,POST,Philadelphia 76ers,Boston Celtics,1,3012,Kyle Lowry,G,0,0,0,0,0,0,0,0,0,1,0,-4,0,0,0,0,0,0
401869410,2026-04-30,nba,2026,POST,Philadelphia 76ers,Boston Celtics,1,4397014,Quentin Grimes,G,0,2,0,2,6,1,0,0,0,22,1,2,2,3,0,3,0,0
401869410,2026-04-30,nba,2026,POST,Philadelphia 76ers,Boston Celtics,1,4433159,Dalen Terry,G,0,0,0,0,0,0,0,0,0,1,0,-4,0,0,0,0,0,0
401869410,2026-04-30,nba,2026,POST,Philadelphia 76ers,Boston Celtics,1,4432446,Jabari Walker,F,0,,,,,,,,,,,,,,,,,
401869410,2026-04-30,nba,2026,POST,Philadelphia 76ers,Boston Celtics,1,4433569,Johni Broome,F,0,,,,,,,,,,,,,,,,,
401869410,2026-04-30,nba,2026,POST,Philadelphia 76ers,Boston Celtics,1,4870562,Dominick Barlow,F,0,,,,,,,,,,,,,,,,,
401869381,2026-05-01,nba,2026,POST,Cleveland Cavaliers,Toronto Raptors,0,4066328,Jarrett Allen,C,1,1,2,4,8,6,2,6,2,34,3,8,14,7,1,0,0,0
401869381,2026-05-01,nba,2026,POST,Cleveland Cavaliers,Toronto Raptors,0,4432158,Evan Mobley,C,1,3,0,10,15,9,2,8,5,41,4,-3,26,14,1,7,3,3
401869381,2026-05-01,nba,2026,POST,Cleveland Cavaliers,Toronto Raptors,0,3992,James Harden,G,1,9,1,4,14,5,2,5,5,44,5,11,16,9,2,4,1,4
401869381,2026-05-01,nba,2026,POST,Cleveland Cavaliers,Toronto Raptors,0,3908809,Donovan Mitchell,G,1,2,1,5,26,11,2,0,0,41,0,-4,24,5,0,10,2,3
401869381,2026-05-01,nba,2026,POST,Cleveland Cavaliers,Toronto Raptors,0,4065778,Max Strus,G,1,3,0,4,6,2,1,0,0,20,1,-4,6,5,0,4,2,1
401869381,2026-05-01,nba,2026,POST,Cleveland Cavaliers,Toronto Raptors,0,3912848,Dean Wade,F,0,0,0,3,8,4,4,0,0,28,2,10,10,5,1,6,2,2
401869381,2026-05-01,nba,2026,POST,Cleveland Cavaliers,Toronto Raptors,0,3934723,Thomas Bryant,C,0,0,0,1,1,0,1,0,0,7,1,-7,0,2,0,1,0,0
401869381,2026-05-01,nba,2026,POST,Cleveland Cavaliers,Toronto Raptors,0,3032979,Dennis Schroder,G,0,1,0,0,4,0,2,8,7,16,0,-9,7,0,2,1,0,2
401869381,2026-05-01,nba,2026,POST,Cleveland Cavaliers,Toronto Raptors,0,4066757,Sam Merrill,G,0,1,0,0,5,1,3,0,0,18,1,-6,2,1,1,3,0,1
401869381,2026-05-01,nba,2026,POST,Cleveland Cavaliers,Toronto Raptors,0,4683747,Jaylon Tyson,G,0,3,0,2,6,2,2,0,0,16,2,-6,5,4,0,5,1,2
401869381,2026-05-01,nba,2026,POST,Cleveland Cavaliers,Toronto Raptors,0,2580365,Larry Nance Jr.,F,0,,,,,,,,,,,,,,,,,
401869381,2026-05-01,nba,2026,POST,Cleveland Cavaliers,Toronto Raptors,0,5106268,Nae'Qwan Tomlin,F,0,,,,,,,,,,,,,,,,,
401869381,2026-05-01,nba,2026,POST,Cleveland Cavaliers,Toronto Raptors,0,4701233,Craig Porter Jr.,G,0,,,,,,,,,,,,,,,,,
401869381,2026-05-01,nba,2026,POST,Cleveland Cavaliers,Toronto Raptors,0,4702177,Keon Ellis,G,0,,,,,,,,,,,,,,,,,
401869381,2026-05-01,nba,2026,POST,Cleveland Cavaliers,Toronto Raptors,0,5023693,Tyrese Proctor,G,0,,,,,,,,,,,,,,,,,
401869381,2026-05-01,nba,2026,POST,Toronto Raptors,Cleveland Cavaliers,1,4395625,RJ Barrett,F,1,3,0,7,21,8,4,5,4,43,2,9,24,9,1,12,4,5
401869381,2026-05-01,nba,2026,POST,Toronto Raptors,Cleveland Cavaliers,1,4433134,Scottie Barnes,F,1,14,3,5,21,11,2,4,3,48,2,2,25,7,3,2,0,3
401869381,2026-05-01,nba,2026,POST,Toronto Raptors,Cleveland Cavaliers,1,3134908,Jakob Poeltl,C,1,1,1,2,3,1,3,0,0,22,2,0,2,4,2,0,0,0
401869381,2026-05-01,nba,2026,POST,Toronto Raptors,Cleveland Cavaliers,1,4432241,Jamal Shead,G,1,6,0,1,9,2,5,2,1,33,0,6,7,1,1,7,2,2
401869381,2026-05-01,nba,2026,POST,Toronto Raptors,Cleveland Cavaliers,1,4684272,Ja'Kobe Walter,G,1,0,1,5,13,7,4,6,6,43,0,-6,24,5,3,9,4,0
401869381,2026-05-01,nba,2026,POST,Toronto Raptors,Cleveland Cavaliers,1,4278580,Sandro Mamukelashvili,F,0,1,1,4,3,1,0,0,0,14,0,4,2,4,1,1,0,0
401869381,2026-05-01,nba,2026,POST,Toronto Raptors,Cleveland Cavaliers,1,4431893,Jamison Battle,F,0,0,0,0,4,2,1,0,0,11,0,-6,5,0,0,2,1,0
401869381,2026-05-01,nba,2026,POST,Toronto Raptors,Cleveland Cavaliers,1,5093267,Collin Murray-Boyles,F,0,2,3,3,10,6,4,6,5,40,4,2,17,7,2,0,0,4
401869381,2026-05-01,nba,2026,POST,Toronto Raptors,Cleveland Cavaliers,1,4067017,A.J. Lawson,G,0,0,0,1,3,2,2,0,0,10,0,-1,6,1,0,3,2,1
401869381,2026-05-01,nba,2026,POST,Toronto Raptors,Cleveland Cavaliers,1,4431684,Trayce Jackson-Davis,F,0,,,,,,,,,,,,,,,,,
401869381,2026-05-01,nba,2026,POST,Toronto Raptors,Cleveland Cavaliers,1,5107897,Jonathan Mogbo,F,0,,,,,,,,,,,,,,,,,
401869381,2026-05-01,nba,2026,POST,Toronto Raptors,Cleveland Cavaliers,1,4023,Garrett Temple,G,0,,,,,,,,,,,,,,,,,
401869381,2026-05-01,nba,2026,POST,Toronto Raptors,Cleveland Cavaliers,1,5106258,Gradey Dick,G,0,,,,,,,,,,,,,,,,,
401869409,2026-05-01,nba,2026,POST,Los Angeles Lakers,Houston Rockets,0,1966,LeBron James,F,1,8,0,6,25,10,2,8,6,37,1,26,28,7,0,5,2,3
401869409,2026-05-01,nba,2026,POST,Los Angeles Lakers,Houston Rockets,0,4066648,Rui Hachimura,F,1,2,1,5,15,8,2,0,0,35,1,20,21,6,0,7,5,0
401869409,2026-05-01,nba,2026,POST,Los Angeles Lakers,Houston Rockets,0,4278129,Deandre Ayton,C,1,1,1,13,6,2,5,7,3,28,3,5,7,16,0,0,0,0
401869409,2026-05-01,nba,2026,POST,Los Angeles Lakers,Houston Rockets,0,2990992,Marcus Smart,G,1,1,2,6,7,2,1,2,1,35,1,25,7,7,2,4,2,1
401869409,2026-05-01,nba,2026,POST,Los Angeles Lakers,Houston Rockets,0,4066457,Austin Reaves,G,1,2,3,3,14,7,3,1,1,31,0,3,15,3,0,4,0,2
401869409,2026-05-01,nba,2026,POST,Los Angeles Lakers,Houston Rockets,0,4592691,Jake LaRavia,F,0,0,1,2,8,3,2,0,0,16,3,2,7,5,0,2,1,2
401869409,2026-05-01,nba,2026,POST,Los Angeles Lakers,Houston Rockets,0,4897943,Dalton Knecht,F,0,0,0,1,1,0,0,0,0,3,0,-6,0,1,0,1,0,0
401869409,2026-05-01,nba,2026,POST,Los Angeles Lakers,Houston Rockets,0,5060631,Adou Thiero,F,0,0,0,0,1,1,1,2,0,3,1,-6,2,1,0,0,0,0
401869409,2026-05-01,nba,2026,POST,Los Angeles Lakers,Houston Rockets,0,4397077,Jaxson Hayes,C,0,1,1,2,1,1,2,4,3,17,2,21,5,4,0,0,0,1
401869409,2026-05-01,nba,2026,POST,Los Angeles Lakers,Houston Rockets,0,3913174,Luke Kennard,G,0,3,0,1,6,1,1,0,0,29,2,22,3,3,1,2,1,1
401869409,2026-05-01,nba,2026,POST,Los Angeles Lakers,Houston Rockets,0,4683686,Nick Smith Jr.,G,0,0,0,0,4,1,0,0,0,3,0,-6,3,0,0,2,1,0
401869409,2026-05-01,nba,2026,POST,Los Angeles Lakers,Houston Rockets,0,4683774,Bronny James,G,0,1,0,0,1,0,0,0,0,3,1,-6,0,1,1,1,0,0
401869409,2026-05-01,nba,2026,POST,Los Angeles Lakers,Houston Rockets,0,2960236,Maxi Kleber,F,0,,,,,,,,,,,,,,,,,
401869409,2026-05-01,nba,2026,POST,Los Angeles Lakers,Houston Rockets,0,4278077,Jarred Vanderbilt,F,0,,,,,,,,,,,,,,,,,
401869409,2026-05-01,nba,2026,POST,Houston Rockets,Los Angeles Lakers,1,4432639,Jabari Smith Jr.,F,1,3,1,10,11,3,5,3,2,42,2,-24,9,12,0,6,1,1
401869409,2026-05-01,nba,2026,POST,Houston Rockets,Los Angeles Lakers,1,4433192,Tari Eason,F,1,2,1,5,14,5,4,2,2,37,0,-14,14,5,3,7,2,0
401869409,2026-05-01,nba,2026,POST,Houston Rockets,Los Angeles Lakers,1,4871144,Alperen Sengun,C,1,1,2,8,12,5,4,10,7,38,3,-27,17,11,0,0,0,4
401869409,2026-05-01,nba,2026,POST,Houston Rockets,Los Angeles Lakers,1,4684740,Amen Thompson,G,1,3,3,7,14,7,5,6,4,45,1,-26,18,8,0,0,0,2
401869409,2026-05-01,nba,2026,POST,Houston Rockets,Los Angeles Lakers,1,4711272,Reed Sheppard,G,1,1,2,0,19,4,2,1,1,36,0,-24,10,0,2,10,1,1
401869409,2026-05-01,nba,2026,POST,Houston Rockets,Los Angeles Lakers,1,2578185,Dorian Finney-Smith,F,0,0,0,0,2,0,1,0,0,8,0,-13,0,0,0,1,0,1
401869409,2026-05-01,nba,2026,POST,Houston Rockets,Los Angeles Lakers,1,3136777,Jae'Sean Tate,F,0,0,0,3,3,1,0,2,1,6,0,10,3,3,0,2,0,0
401869409,2026-05-01,nba,2026,POST,Houston Rockets,Los Angeles Lakers,1,3102529,Clint Capela,C,0,0,0,0,1,1,0,0,0,2,1,7,2,1,0,0,0,0
401869409,2026-05-01,nba,2026,POST,Houston Rockets,Los Angeles Lakers,1,3922230,Aaron Holiday,G,0,2,0,1,1,1,1,0,0,12,0,4,2,1,0,0,0,0
401869409,2026-05-01,nba,2026,POST,Houston Rockets,Los Angeles Lakers,1,4065663,Josh Okogie,G,0,1,0,3,3,1,1,0,0,13,1,0,3,4,1,2,1,2
401869409,2026-05-01,nba,2026,POST,Houston Rockets,Los Angeles Lakers,1,4576085,JD Davison,G,0,0,0,0,0,0,0,0,0,2,0,7,0,0,0,0,0,0
401869409,2026-05-01,nba,2026,POST,Houston Rockets,Los Angeles Lakers,1,3209,Jeff Green,F,0,,,,,,,,,,,,,,,,,
401869417,2026-05-01,nba,2026,POST,Detroit Pistons,Orlando Magic,0,6440,Tobias Harris,F,1,0,0,10,20,7,4,9,6,38,0,14,22,10,0,7,2,0
401869417,2026-05-01,nba,2026,POST,Detroit Pistons,Orlando Magic,0,3157465,Duncan Robinson,F,1,3,0,5,11,5,4,0,0,36,0,24,14,5,0,9,4,2
401869417,2026-05-01,nba,2026,POST,Detroit Pistons,Orlando Magic,0,4433621,Jalen Duren,C,1,1,0,4,6,4,5,1,0,32,5,9,8,9,0,0,0,2
401869417,2026-05-01,nba,2026,POST,Detroit Pistons,Orlando Magic,0,4432166,Cade Cunningham,G,1,3,1,9,23,10,3,12,10,42,1,7,32,10,4,4,2,4
401869417,2026-05-01,nba,2026,POST,Detroit Pistons,Orlando Magic,0,4684742,Ausar Thompson,G,1,6,4,5,7,2,1,0,0,37,5,22,4,10,1,0,0,0
401869417,2026-05-01,nba,2026,POST,Detroit Pistons,Orlando Magic,0,4278562,Paul Reed,F,0,0,3,3,4,2,2,2,2,11,3,7,6,6,0,2,0,1
401869417,2026-05-01,nba,2026,POST,Detroit Pistons,Orlando Magic,0,4432810,Isaiah Stewart,C,0,0,0,0,0,0,0,0,0,8,0,-8,0,0,0,0,0,0
401869417,2026-05-01,nba,2026,POST,Detroit Pistons,Orlando Magic,0,2596112,Javonte Green,G,0,0,0,1,0,0,0,0,0,12,0,-1,0,1,0,0,0,0
401869417,2026-05-01,nba,2026,POST,Detroit Pistons,Orlando Magic,0,2991043,Caris LeVert,G,0,0,0,0,2,0,0,0,0,5,0,-5,0,0,0,1,0,0
401869417,2026-05-01,nba,2026,POST,Detroit Pistons,Orlando Magic,0,5107199,Daniss Jenkins,G,0,3,0,1,7,2,2,2,2,19,0,1,7,1,0,4,1,1
401869417,2026-05-01,nba,2026,POST,Detroit Pistons,Orlando Magic,0,4397882,Tolu Smith,F,0,,,,,,,,,,,,,,,,,
401869417,2026-05-01,nba,2026,POST,Detroit Pistons,Orlando Magic,0,4683771,Ronald Holland II,F,0,,,,,,,,,,,,,,,,,
401869417,2026-05-01,nba,2026,POST,Detroit Pistons,Orlando Magic,0,4432107,Marcus Sasser,G,0,,,,,,,,,,,,,,,,,
401869417,2026-05-01,nba,2026,POST,Detroit Pistons,Orlando Magic,0,4700852,Chaz Lanier,G,0,,,,,,,,,,,,,,,,,
401869417,2026-05-01,nba,2026,POST,Orlando Magic,Detroit Pistons,1,4278572,Jamal Cain,F,1,2,1,3,3,1,4,0,0,20,1,-7,3,4,1,2,1,1
401869417,2026-05-01,nba,2026,POST,Orlando Magic,Detroit Pistons,1,4432573,Paolo Banchero,F,1,6,0,9,20,4,3,12,9,41,1,-8,17,10,2,9,0,1
401869417,2026-05-01,nba,2026,POST,Orlando Magic,Detroit Pistons,1,4277847,Wendell Carter Jr.,C,1,2,2,0,5,3,6,4,2,32,0,-10,9,0,0,2,1,2
401869417,2026-05-01,nba,2026,POST,Orlando Magic,Detroit Pistons,1,4066320,Desmond Bane,G,1,1,0,2,18,7,3,0,0,38,1,-27,17,3,2,9,3,0
401869417,2026-05-01,nba,2026,POST,Orlando Magic,Detroit Pistons,1,4432165,Jalen Suggs,G,1,7,0,6,10,1,3,4,4,38,1,-14,7,7,1,6,1,5
401869417,2026-05-01,nba,2026,POST,Orlando Magic,Detroit Pistons,1,4702382,Tristan da Silva,F,0,0,0,5,9,4,0,0,0,23,1,10,10,6,0,4,2,1
401869417,2026-05-01,nba,2026,POST,Orlando Magic,Detroit Pistons,1,4348700,Goga Bitadze,C,0,1,1,1,5,3,1,0,0,13,3,-3,6,4,0,0,0,0
401869417,2026-05-01,nba,2026,POST,Orlando Magic,Detroit Pistons,1,3133635,Jevon Carter,G,0,0,0,1,1,1,0,0,0,2,0,1,2,1,0,0,0,0
401869417,2026-05-01,nba,2026,POST,Orlando Magic,Detroit Pistons,1,4712849,Anthony Black,G,0,1,0,3,7,3,2,1,1,34,0,-12,8,3,0,4,1,0
401869417,2026-05-01,nba,2026,POST,Orlando Magic,Detroit Pistons,1,5214637,Noah Penda,F,0,,,,,,,,,,,,,,,,,
401869417,2026-05-01,nba,2026,POST,Orlando Magic,Detroit Pistons,1,3150844,Moritz Wagner,C,0,,,,,,,,,,,,,,,,,
401869417,2026-05-01,nba,2026,POST,Orlando Magic,Detroit Pistons,1,5105806,Jett Howard,G,0,,,,,,,,,,,,,,,,,
401869417,2026-05-01,nba,2026,POST,Orlando Magic,Detroit Pistons,1,5239561,Jase Richardson,G,0,,,,,,,,,,,,,,,,,
401869412,2026-05-02,nba,2026,POST,Philadelphia 76ers,Boston Celtics,0,4251,Paul George,F,1,1,0,3,10,5,4,0,0,42,0,9,13,3,0,5,3,3
401869412,2026-05-02,nba,2026,POST,Philadelphia 76ers,Boston Celtics,0,3059318,Joel Embiid,C,1,6,1,10,26,12,2,11,9,39,2,11,34,12,0,4,1,1
401869412,2026-05-02,nba,2026,POST,Philadelphia 76ers,Boston Celtics,0,3133603,Kelly Oubre Jr.,G,1,2,0,5,6,2,4,2,2,31,0,6,6,5,0,3,0,1
401869412,2026-05-02,nba,2026,POST,Philadelphia 76ers,Boston Celtics,0,4431678,Tyrese Maxey,G,1,7,0,11,18,11,4,6,6,45,0,8,30,11,0,4,2,1
401869412,2026-05-02,nba,2026,POST,Philadelphia 76ers,Boston Celtics,0,5124612,VJ Edgecombe,G,1,4,0,5,17,8,2,2,2,44,1,19,23,6,0,11,5,3
401869412,2026-05-02,nba,2026,POST,Philadelphia 76ers,Boston Celtics,0,4711297,Justin Edwards,F,0,0,0,0,1,0,1,0,0,2,0,-8,0,0,0,0,0,0
401869412,2026-05-02,nba,2026,POST,Philadelphia 76ers,Boston Celtics,0,4870562,Dominick Barlow,F,0,0,0,0,0,0,0,0,0,2,0,1,0,0,0,0,0,0
401869412,2026-05-02,nba,2026,POST,Philadelphia 76ers,Boston Celtics,0,6585,Andre Drummond,C,0,1,0,1,0,0,2,0,0,8,0,-2,0,1,0,0,0,0
401869412,2026-05-02,nba,2026,POST,Philadelphia 76ers,Boston Celtics,0,4397014,Quentin Grimes,G,0,4,0,6,4,1,0,2,1,26,0,1,3,6,0,1,0,0
401869412,2026-05-02,nba,2026,POST,Philadelphia 76ers,Boston Celtics,0,4431675,Trendon Watford,F,0,,,,,,,,,,,,,,,,,
401869412,2026-05-02,nba,2026,POST,Philadelphia 76ers,Boston Celtics,0,4432446,Jabari Walker,F,0,,,,,,,,,,,,,,,,,
401869412,2026-05-02,nba,2026,POST,Philadelphia 76ers,Boston Celtics,0,4433569,Johni Broome,F,0,,,,,,,,,,,,,,,,,
401869412,2026-05-02,nba,2026,POST,Philadelphia 76ers,Boston Celtics,0,5105637,Adem Bona,C,0,,,,,,,,,,,,,,,,,
401869412,2026-05-02,nba,2026,POST,Philadelphia 76ers,Boston Celtics,0,3012,Kyle Lowry,G,0,,,,,,,,,,,,,,,,,
401869412,2026-05-02,nba,2026,POST,Philadelphia 76ers,Boston Celtics,0,4433159,Dalen Terry,G,0,,,,,,,,,,,,,,,,,
401869412,2026-05-02,nba,2026,POST,Boston Celtics,Philadelphia 76ers,1,4277951,Luka Garza,C,1,0,1,0,2,0,3,0,0,9,0,-15,0,0,0,2,0,1
401869412,2026-05-02,nba,2026,POST,Boston Celtics,Philadelphia 76ers,1,3078576,Derrick White,G,1,4,3,4,26,9,3,4,3,45,2,-6,26,6,0,16,5,0
401869412,2026-05-02,nba,2026,POST,Boston Celtics,Philadelphia 76ers,1,3917376,Jaylen Brown,G,1,4,3,8,27,12,3,6,6,40,1,-16,33,9,0,9,3,3
401869412,2026-05-02,nba,2026,POST,Boston Celtics,Philadelphia 76ers,1,4397251,Ron Harper Jr.,G,1,0,0,0,1,0,0,0,0,4,0,-7,0,0,2,1,0,0
401869412,2026-05-02,nba,2026,POST,Boston Celtics,Philadelphia 76ers,1,4593841,Baylor Scheierman,G,1,2,0,4,4,0,2,0,0,22,2,-9,0,6,1,3,0,0
401869412,2026-05-02,nba,2026,POST,Boston Celtics,Philadelphia 76ers,1,4065804,Sam Hauser,F,0,1,0,2,7,4,2,0,0,30,1,-3,11,3,0,6,3,0
401869412,2026-05-02,nba,2026,POST,Boston Celtics,Philadelphia 76ers,1,4397424,Neemias Queta,C,0,1,0,11,8,7,5,3,3,33,1,9,17,12,0,0,0,1
401869412,2026-05-02,nba,2026,POST,Boston Celtics,Philadelphia 76ers,1,4066354,Payton Pritchard,G,0,7,0,3,13,5,1,1,1,39,2,-2,13,5,1,7,2,0
401869412,2026-05-02,nba,2026,POST,Boston Celtics,Philadelphia 76ers,1,4683689,Jordan Walsh,G,0,0,0,0,2,0,0,0,0,5,0,1,0,0,0,2,0,0
401869412,2026-05-02,nba,2026,POST,Boston Celtics,Philadelphia 76ers,1,5175647,Hugo Gonzalez,G,0,0,0,2,3,0,4,2,0,13,1,3,0,3,0,3,0,0
401869412,2026-05-02,nba,2026,POST,Boston Celtics,Philadelphia 76ers,1,4065648,Jayson Tatum,F,0,,,,,,,,,,,,,,,,,
401869412,2026-05-02,nba,2026,POST,Boston Celtics,Philadelphia 76ers,1,4397885,Dalano Banton,F,0,,,,,,,,,,,,,,,,,
401869412,2026-05-02,nba,2026,POST,Boston Celtics,Philadelphia 76ers,1,4702745,Amari Williams,F,0,,,,,,,,,,,,,,,,,
401869412,2026-05-02,nba,2026,POST,Boston Celtics,Philadelphia 76ers,1,6478,Nikola Vucevic,C,0,,,,,,,,,,,,,,,,,
401869412,2026-05-02,nba,2026,POST,Boston Celtics,Philadelphia 76ers,1,4701992,Max Shulga,G,0,,,,,,,,,,,,,,,,,
401869384,2026-05-03,nba,2026,POST,Toronto Raptors,Cleveland Cavaliers,0,4395625,RJ Barrett,F,1,6,0,4,25,9,3,5,4,43,0,-4,23,4,3,6,1,3
401869384,2026-05-03,nba,2026,POST,Toronto Raptors,Cleveland Cavaliers,0,4433134,Scottie Barnes,F,1,6,1,8,14,8,5,7,7,37,1,0,24,9,0,1,1,3
401869384,2026-05-03,nba,2026,POST,Toronto Raptors,Cleveland Cavaliers,0,3134908,Jakob Poeltl,C,1,0,0,5,5,4,4,4,1,22,2,9,9,7,2,0,0,2
401869384,2026-05-03,nba,2026,POST,Toronto Raptors,Cleveland Cavaliers,0,4432241,Jamal Shead,G,1,7,0,1,16,5,3,3,2,36,2,-13,14,3,0,8,2,1
401869384,2026-05-03,nba,2026,POST,Toronto Raptors,Cleveland Cavaliers,0,4684272,Ja'Kobe Walter,G,1,2,1,2,9,4,4,3,2,38,0,-15,13,2,3,7,3,2
401869384,2026-05-03,nba,2026,POST,Toronto Raptors,Cleveland Cavaliers,0,4278580,Sandro Mamukelashvili,F,0,0,0,0,6,3,2,1,0,9,0,-9,6,0,0,2,0,1
401869384,2026-05-03,nba,2026,POST,Toronto Raptors,Cleveland Cavaliers,0,4431684,Trayce Jackson-Davis,F,0,0,0,0,0,0,0,0,0,0,0,0,0,0,0,0,0,0
401869384,2026-05-03,nba,2026,POST,Toronto Raptors,Cleveland Cavaliers,0,4431893,Jamison Battle,F,0,1,0,2,3,1,2,0,0,14,0,-8,3,2,0,2,1,0
401869384,2026-05-03,nba,2026,POST,Toronto Raptors,Cleveland Cavaliers,0,5093267,Collin Murray-Boyles,F,0,3,1,2,5,3,3,3,2,24,2,-19,8,4,2,0,0,2
401869384,2026-05-03,nba,2026,POST,Toronto Raptors,Cleveland Cavaliers,0,5107897,Jonathan Mogbo,F,0,0,0,0,0,0,0,0,0,0,0,0,0,0,0,0,0,0
401869384,2026-05-03,nba,2026,POST,Toronto Raptors,Cleveland Cavaliers,0,4023,Garrett Temple,G,0,0,0,0,0,0,0,0,0,0,0,0,0,0,0,0,0,0
401869384,2026-05-03,nba,2026,POST,Toronto Raptors,Cleveland Cavaliers,0,4067017,A.J. Lawson,G,0,0,1,2,4,1,2,0,0,16,0,-1,2,2,0,2,0,0
401869384,2026-05-03,nba,2026,POST,Toronto Raptors,Cleveland Cavaliers,0,5106258,Gradey Dick,G,0,0,0,0,0,0,0,0,0,0,0,0,0,0,0,0,0,0
401869384,2026-05-03,nba,2026,POST,Cleveland Cavaliers,Toronto Raptors,1,3912848,Dean Wade,F,1,1,0,2,5,2,0,0,0,21,2,-6,5,4,1,3,1,2
401869384,2026-05-03,nba,2026,POST,Cleveland Cavaliers,Toronto Raptors,1,4066328,Jarrett Allen,C,1,2,3,11,11,7,2,14,8,33,8,13,22,19,2,0,0,3
401869384,2026-05-03,nba,2026,POST,Cleveland Cavaliers,Toronto Raptors,1,4432158,Evan Mobley,C,1,4,1,6,7,5,5,4,2,27,1,-4,13,7,0,2,1,4
401869384,2026-05-03,nba,2026,POST,Cleveland Cavaliers,Toronto Raptors,1,3992,James Harden,G,1,3,0,6,9,3,3,13,11,37,0,5,18,6,3,5,1,2
401869384,2026-05-03,nba,2026,POST,Cleveland Cavaliers,Toronto Raptors,1,3908809,Donovan Mitchell,G,1,1,0,1,20,9,3,2,2,35,2,8,22,3,0,9,2,2
401869384,2026-05-03,nba,2026,POST,Cleveland Cavaliers,Toronto Raptors,1,3032979,Dennis Schroder,G,0,1,0,1,7,1,1,0,0,14,0,-11,2,1,0,2,0,0
401869384,2026-05-03,nba,2026,POST,Cleveland Cavaliers,Toronto Raptors,1,4065778,Max Strus,G,0,5,1,4,10,4,3,2,2,31,4,20,12,8,2,8,2,3
401869384,2026-05-03,nba,2026,POST,Cleveland Cavaliers,Toronto Raptors,1,4066757,Sam Merrill,G,0,2,0,2,8,4,4,2,2,23,1,16,13,3,0,7,3,0
401869384,2026-05-03,nba,2026,POST,Cleveland Cavaliers,Toronto Raptors,1,4683747,Jaylon Tyson,G,0,4,0,7,8,3,2,0,0,19,2,19,7,9,0,3,1,0
401869384,2026-05-03,nba,2026,POST,Cleveland Cavaliers,Toronto Raptors,1,2580365,Larry Nance Jr.,F,0,,,,,,,,,,,,,,,,,
401869384,2026-05-03,nba,2026,POST,Cleveland Cavaliers,Toronto Raptors,1,5106268,Nae'Qwan Tomlin,F,0,,,,,,,,,,,,,,,,,
401869384,2026-05-03,nba,2026,POST,Cleveland Cavaliers,Toronto Raptors,1,3934723,Thomas Bryant,C,0,,,,,,,,,,,,,,,,,
401869384,2026-05-03,nba,2026,POST,Cleveland Cavaliers,Toronto Raptors,1,4701233,Craig Porter Jr.,G,0,,,,,,,,,,,,,,,,,
401869384,2026-05-03,nba,2026,POST,Cleveland Cavaliers,Toronto Raptors,1,4702177,Keon Ellis,G,0,,,,,,,,,,,,,,,,,
401869384,2026-05-03,nba,2026,POST,Cleveland Cavaliers,Toronto Raptors,1,5023693,Tyrese Proctor,G,0,,,,,,,,,,,,,,,,,
401869418,2026-05-03,nba,2026,POST,Orlando Magic,Detroit Pistons,0,4278572,Jamal Cain,F,1,1,2,2,6,2,1,1,0,24,2,-16,5,4,0,3,1,0
401869418,2026-05-03,nba,2026,POST,Orlando Magic,Detroit Pistons,0,4432573,Paolo Banchero,F,1,6,1,7,25,14,4,8,6,42,2,-18,38,9,0,7,4,5
401869418,2026-05-03,nba,2026,POST,Orlando Magic,Detroit Pistons,0,4277847,Wendell Carter Jr.,C,1,2,1,3,7,3,3,8,6,38,2,-27,13,5,0,4,1,1
401869418,2026-05-03,nba,2026,POST,Orlando Magic,Detroit Pistons,0,4066320,Desmond Bane,G,1,3,1,3,10,5,4,5,3,38,0,-8,16,3,2,5,3,0
401869418,2026-05-03,nba,2026,POST,Orlando Magic,Detroit Pistons,0,4432165,Jalen Suggs,G,1,4,2,4,9,2,4,2,2,36,0,-28,6,4,4,4,0,3
401869418,2026-05-03,nba,2026,POST,Orlando Magic,Detroit Pistons,0,4702382,Tristan da Silva,F,0,0,0,0,1,0,0,0,0,8,0,-12,0,0,0,1,0,2
401869418,2026-05-03,nba,2026,POST,Orlando Magic,Detroit Pistons,0,3150844,Moritz Wagner,C,0,0,0,1,3,1,2,2,2,10,1,5,5,2,0,1,1,1
401869418,2026-05-03,nba,2026,POST,Orlando Magic,Detroit Pistons,0,3133635,Jevon Carter,G,0,1,0,0,2,0,0,0,0,11,1,5,0,1,0,1,0,0
401869418,2026-05-03,nba,2026,POST,Orlando Magic,Detroit Pistons,0,4712849,Anthony Black,G,0,1,0,4,12,4,3,4,3,33,1,-11,11,5,5,4,0,1
401869418,2026-05-03,nba,2026,POST,Orlando Magic,Detroit Pistons,0,5214637,Noah Penda,F,0,,,,,,,,,,,,,,,,,
401869418,2026-05-03,nba,2026,POST,Orlando Magic,Detroit Pistons,0,4348700,Goga Bitadze,C,0,,,,,,,,,,,,,,,,,
401869418,2026-05-03,nba,2026,POST,Orlando Magic,Detroit Pistons,0,5105806,Jett Howard,G,0,,,,,,,,,,,,,,,,,
401869418,2026-05-03,nba,2026,POST,Orlando Magic,Detroit Pistons,0,5239561,Jase Richardson,G,0,,,,,,,,,,,,,,,,,
401869418,2026-05-03,nba,2026,POST,Detroit Pistons,Orlando Magic,1,6440,Tobias Harris,F,1,2,1,7,18,11,2,3,3,36,2,22,30,9,3,7,5,1
401869418,2026-05-03,nba,2026,POST,Detroit Pistons,Orlando Magic,1,3157465,Duncan Robinson,F,1,3,0,5,13,4,3,0,0,36,1,15,10,6,3,10,2,1
401869418,2026-05-03,nba,2026,POST,Detroit Pistons,Orlando Magic,1,4433621,Jalen Duren,C,1,3,0,9,9,5,3,6,5,37,6,27,15,15,1,0,0,2
401869418,2026-05-03,nba,2026,POST,Detroit Pistons,Orlando Magic,1,4432166,Cade Cunningham,G,1,12,2,1,18,10,4,10,8,39,0,29,32,1,0,6,4,4
401869418,2026-05-03,nba,2026,POST,Detroit Pistons,Orlando Magic,1,4684742,Ausar Thompson,G,1,4,2,2,5,4,1,1,0,34,2,12,8,4,2,0,0,1
401869418,2026-05-03,nba,2026,POST,Detroit Pistons,Orlando Magic,1,4278562,Paul Reed,F,0,0,0,0,1,0,1,0,0,2,0,-5,0,0,0,0,0,0
401869418,2026-05-03,nba,2026,POST,Detroit Pistons,Orlando Magic,1,4397882,Tolu Smith,F,0,0,0,0,0,0,0,0,0,1,0,0,0,0,0,0,0,0
401869418,2026-05-03,nba,2026,POST,Detroit Pistons,Orlando Magic,1,4683771,Ronald Holland II,F,0,0,0,0,0,0,0,0,0,1,0,0,0,0,0,0,0,0
401869418,2026-05-03,nba,2026,POST,Detroit Pistons,Orlando Magic,1,4432810,Isaiah Stewart,C,0,0,0,1,2,0,2,0,0,8,0,0,0,1,0,0,0,1
401869418,2026-05-03,nba,2026,POST,Detroit Pistons,Orlando Magic,1,2596112,Javonte Green,G,0,0,0,2,5,1,3,0,0,14,0,3,3,2,0,5,1,0
401869418,2026-05-03,nba,2026,POST,Detroit Pistons,Orlando Magic,1,4432107,Marcus Sasser,G,0,1,0,0,0,0,0,0,0,1,0,0,0,0,0,0,0,0
401869418,2026-05-03,nba,2026,POST,Detroit Pistons,Orlando Magic,1,4700852,Chaz Lanier,G,0,0,0,0,1,1,0,0,0,1,0,2,2,0,0,0,0,0
401869418,2026-05-03,nba,2026,POST,Detroit Pistons,Orlando Magic,1,5107199,Daniss Jenkins,G,0,5,1,3,8,5,2,2,2,29,0,5,16,3,0,5,4,3
401869418,2026-05-03,nba,2026,POST,Detroit Pistons,Orlando Magic,1,2991043,Caris LeVert,G,0,,,,,,,,,,,,,,,,,
401869418,2026-05-03,nba,2026,POST,Detroit Pistons,Orlando Magic,1,4066372,Kevin Huerter,G,0,,,,,,,,,,,,,,,,,
401871152,2026-05-04,nba,2026,POST,Minnesota Timberwolves,San Antonio Spurs,0,3064514,Julius Randle,F,1,2,0,5,20,8,5,6,3,41,5,-3,21,10,1,6,2,5
401871152,2026-05-04,nba,2026,POST,Minnesota Timberwolves,San Antonio Spurs,0,4431671,Jaden McDaniels,F,1,2,1,4,14,7,5,2,2,36,1,-2,16,5,1,2,0,1
401871152,2026-05-04,nba,2026,POST,Minnesota Timberwolves,San Antonio Spurs,0,3032976,Rudy Gobert,C,1,3,1,7,7,3,1,5,1,30,3,2,7,10,4,0,0,1
401871152,2026-05-04,nba,2026,POST,Minnesota Timberwolves,San Antonio Spurs,0,3195,Mike Conley,G,1,6,0,2,8,4,1,0,0,24,0,13,12,2,0,7,4,0
401871152,2026-05-04,nba,2026,POST,Minnesota Timberwolves,San Antonio Spurs,0,4432847,Terrence Shannon Jr.,G,1,1,0,5,13,5,3,8,6,35,0,-10,16,5,0,1,0,0
401871152,2026-05-04,nba,2026,POST,Minnesota Timberwolves,San Antonio Spurs,0,4396971,Naz Reid,C,0,1,1,8,8,5,4,0,0,30,1,15,12,9,0,3,2,2
401871152,2026-05-04,nba,2026,POST,Minnesota Timberwolves,San Antonio Spurs,0,4432247,Jaylen Clark,G,0,0,0,0,1,1,0,0,0,7,1,-1,2,1,0,0,0,0
401871152,2026-05-04,nba,2026,POST,Minnesota Timberwolves,San Antonio Spurs,0,4592492,Bones Hyland,G,0,2,1,1,6,0,0,0,0,12,0,-2,0,1,1,4,0,0
401871152,2026-05-04,nba,2026,POST,Minnesota Timberwolves,San Antonio Spurs,0,4594268,Anthony Edwards,G,0,3,1,2,13,8,3,0,0,25,1,-2,18,3,0,3,2,1
401871152,2026-05-04,nba,2026,POST,Minnesota Timberwolves,San Antonio Spurs,0,2968436,Joe Ingles,F,0,,,,,,,,,,,,,,,,,
401871152,2026-05-04,nba,2026,POST,Minnesota Timberwolves,San Antonio Spurs,0,2993874,Kyle Anderson,F,0,,,,,,,,,,,,,,,,,
401871152,2026-05-04,nba,2026,POST,Minnesota Timberwolves,San Antonio Spurs,0,5105553,Julian Phillips,F,0,,,,,,,,,,,,,,,,,
401871152,2026-05-04,nba,2026,POST,Minnesota Timberwolves,San Antonio Spurs,0,5279133,Joan Beringer,F,0,,,,,,,,,,,,,,,,,
401871152,2026-05-04,nba,2026,POST,San Antonio Spurs,Minnesota Timberwolves,1,4592479,Julian Champagnie,F,1,0,0,4,12,7,2,0,0,32,3,7,17,7,0,7,3,1
401871152,2026-05-04,nba,2026,POST,San Antonio Spurs,Minnesota Timberwolves,1,5104157,Victor Wembanyama,F,1,5,12,13,17,5,3,2,1,40,2,5,11,15,0,8,0,3
401871152,2026-05-04,nba,2026,POST,San Antonio Spurs,Minnesota Timberwolves,1,4066259,De'Aaron Fox,G,1,6,0,3,14,5,3,0,0,33,0,-13,10,3,1,4,0,6
401871152,2026-05-04,nba,2026,POST,San Antonio Spurs,Minnesota Timberwolves,1,4395630,Devin Vassell,G,1,3,1,2,11,5,4,1,1,36,3,7,14,5,3,6,3,1
401871152,2026-05-04,nba,2026,POST,San Antonio Spurs,Minnesota Timberwolves,1,4845367,Stephon Castle,G,1,5,0,5,8,4,6,8,6,28,0,4,17,5,0,5,3,0
401871152,2026-05-04,nba,2026,POST,San Antonio Spurs,Minnesota Timberwolves,1,6578,Harrison Barnes,F,0,0,1,1,1,1,0,0,0,10,3,4,2,4,0,0,0,0
401871152,2026-05-04,nba,2026,POST,San Antonio Spurs,Minnesota Timberwolves,1,4395723,Keldon Johnson,F,0,1,0,2,10,5,2,2,1,24,0,-13,11,2,0,2,0,0
401871152,2026-05-04,nba,2026,POST,San Antonio Spurs,Minnesota Timberwolves,1,3064560,Luke Kornet,C,0,0,0,0,1,0,1,2,2,8,2,-7,2,2,0,0,0,2
401871152,2026-05-04,nba,2026,POST,San Antonio Spurs,Minnesota Timberwolves,1,5037871,Dylan Harper,G,0,4,0,4,13,7,4,3,3,29,0,-4,18,4,0,4,1,0
401871152,2026-05-04,nba,2026,POST,San Antonio Spurs,Minnesota Timberwolves,1,2489663,Kelly Olynyk,F,0,,,,,,,,,,,,,,,,,
401871152,2026-05-04,nba,2026,POST,San Antonio Spurs,Minnesota Timberwolves,1,4066317,Lindy Waters III,F,0,,,,,,,,,,,,,,,,,
401871152,2026-05-04,nba,2026,POST,San Antonio Spurs,Minnesota Timberwolves,1,6427,Bismack Biyombo,C,0,,,,,,,,,,,,,,,,,
401871152,2026-05-04,nba,2026,POST,San Antonio Spurs,Minnesota Timberwolves,1,2488653,Mason Plumlee,C,0,,,,,,,,,,,,,,,,,
401871152,2026-05-04,nba,2026,POST,San Antonio Spurs,Minnesota Timberwolves,1,3134916,Jordan McLaughlin,G,0,,,,,,,,,,,,,,,,,
401871159,2026-05-04,nba,2026,POST,Philadelphia 76ers,New York Knicks,0,4251,Paul George,F,1,3,0,3,11,6,1,1,1,26,0,-26,17,3,0,6,4,1
401871159,2026-05-04,nba,2026,POST,Philadelphia 76ers,New York Knicks,0,3059318,Joel Embiid,C,1,1,0,4,11,3,1,9,8,25,0,-24,14,4,0,2,0,1
401871159,2026-05-04,nba,2026,POST,Philadelphia 76ers,New York Knicks,0,3133603,Kelly Oubre Jr.,G,1,1,1,3,8,5,1,1,1,27,2,-25,12,5,1,2,1,2
401871159,2026-05-04,nba,2026,POST,Philadelphia 76ers,New York Knicks,0,4431678,Tyrese Maxey,G,1,2,0,2,9,3,1,7,7,27,1,-28,13,3,0,3,0,4
401871159,2026-05-04,nba,2026,POST,Philadelphia 76ers,New York Knicks,0,5124612,VJ Edgecombe,G,1,2,0,0,11,5,3,2,0,28,1,-15,12,1,1,5,2,1
401871159,2026-05-04,nba,2026,POST,Philadelphia 76ers,New York Knicks,0,4431675,Trendon Watford,F,0,1,0,1,4,1,0,4,3,14,0,-12,5,1,1,1,0,2
401871159,2026-05-04,nba,2026,POST,Philadelphia 76ers,New York Knicks,0,4432446,Jabari Walker,F,0,0,0,1,2,0,2,2,2,10,1,-8,2,2,0,0,0,1
401871159,2026-05-04,nba,2026,POST,Philadelphia 76ers,New York Knicks,0,4433569,Johni Broome,F,0,0,0,0,1,0,0,0,0,5,1,0,0,1,0,1,0,0
401871159,2026-05-04,nba,2026,POST,Philadelphia 76ers,New York Knicks,0,4711297,Justin Edwards,F,0,0,0,0,4,2,5,4,2,16,0,-10,8,0,0,4,2,2
401871159,2026-05-04,nba,2026,POST,Philadelphia 76ers,New York Knicks,0,4870562,Dominick Barlow,F,0,0,0,2,3,3,0,2,1,13,1,-8,7,3,1,0,0,0
401871159,2026-05-04,nba,2026,POST,Philadelphia 76ers,New York Knicks,0,6585,Andre Drummond,C,0,0,0,2,1,0,2,0,0,9,1,-3,0,3,0,1,0,2
401871159,2026-05-04,nba,2026,POST,Philadelphia 76ers,New York Knicks,0,5105637,Adem Bona,C,0,0,0,1,0,0,5,0,0,4,0,-4,0,1,0,0,0,3
401871159,2026-05-04,nba,2026,POST,Philadelphia 76ers,New York Knicks,0,4397014,Quentin Grimes,G,0,4,0,1,4,1,3,2,2,24,0,-24,5,1,1,3,1,0
401871159,2026-05-04,nba,2026,POST,Philadelphia 76ers,New York Knicks,0,4433159,Dalen Terry,G,0,1,0,0,4,1,0,0,0,12,0,-8,3,0,1,2,1,0
401871159,2026-05-04,nba,2026,POST,Philadelphia 76ers,New York Knicks,0,3012,Kyle Lowry,G,0,,,,,,,,,,,,,,,,,
401871159,2026-05-04,nba,2026,POST,New York Knicks,Philadelphia 76ers,1,3934719,OG Anunoby,F,1,1,1,3,8,7,3,2,2,30,0,22,18,3,0,2,2,2
401871159,2026-05-04,nba,2026,POST,New York Knicks,Philadelphia 76ers,1,3136195,Karl-Anthony Towns,C,1,6,2,4,11,7,4,0,0,20,2,11,17,6,0,5,3,3
401871159,2026-05-04,nba,2026,POST,New York Knicks,Philadelphia 76ers,1,3062679,Josh Hart,G,1,6,1,7,7,3,1,2,1,26,1,24,8,8,3,2,1,1
401871159,2026-05-04,nba,2026,POST,New York Knicks,Philadelphia 76ers,1,3147657,Mikal Bridges,G,1,5,0,1,10,7,2,0,0,27,1,19,17,2,1,5,3,0
401871159,2026-05-04,nba,2026,POST,New York Knicks,Philadelphia 76ers,1,3934672,Jalen Brunson,G,1,3,0,1,18,12,0,8,8,31,0,27,35,1,2,6,3,1
401871159,2026-05-04,nba,2026,POST,New York Knicks,Philadelphia 76ers,1,5211983,Pacome Dadiet,F,0,2,0,0,3,2,0,0,0,9,1,7,4,1,1,1,0,0
401871159,2026-05-04,nba,2026,POST,New York Knicks,Philadelphia 76ers,1,5289900,Mohamed Diawara,F,0,1,0,2,3,2,1,0,0,8,0,9,5,2,0,2,1,0
401871159,2026-05-04,nba,2026,POST,New York Knicks,Philadelphia 76ers,1,4351852,Mitchell Robinson,C,0,1,0,4,1,1,4,4,0,12,0,6,2,4,0,0,0,0
401871159,2026-05-04,nba,2026,POST,New York Knicks,Philadelphia 76ers,1,4871141,Ariel Hukporti,C,0,0,2,6,2,2,4,1,1,17,3,22,5,9,0,0,0,1
401871159,2026-05-04,nba,2026,POST,New York Knicks,Philadelphia 76ers,1,2528426,Jordan Clarkson,G,0,0,0,2,2,1,3,0,0,14,0,11,2,2,1,1,0,4
401871159,2026-05-04,nba,2026,POST,New York Knicks,Philadelphia 76ers,1,3914044,Landry Shamet,G,0,2,0,0,4,1,2,0,0,12,0,8,3,0,1,3,1,1
401871159,2026-05-04,nba,2026,POST,New York Knicks,Philadelphia 76ers,1,4277869,Jose Alvarado,G,0,1,0,1,4,2,0,0,0,9,0,5,5,1,1,3,1,0
401871159,2026-05-04,nba,2026,POST,New York Knicks,Philadelphia 76ers,1,4431823,Miles McBride,G,0,2,0,0,6,3,1,0,0,16,0,16,8,0,0,5,2,0
401871159,2026-05-04,nba,2026,POST,New York Knicks,Philadelphia 76ers,1,4433225,Tyler Kolek,G,0,4,0,0,5,3,0,0,0,10,0,8,8,0,0,2,2,1
401871159,2026-05-04,nba,2026,POST,New York Knicks,Philadelphia 76ers,1,4610139,Jeremy Sochan,F,0,,,,,,,,,,,,,,,,,
401871326,2026-05-05,nba,2026,POST,Los Angeles Lakers,Oklahoma City Thunder,0,1966,LeBron James,F,1,6,0,3,17,12,1,1,0,36,1,-6,27,4,1,6,3,2
401871326,2026-05-05,nba,2026,POST,Los Angeles Lakers,Oklahoma City Thunder,0,4066648,Rui Hachimura,F,1,2,1,2,13,7,1,2,1,37,0,-21,18,2,1,6,3,1
401871326,2026-05-05,nba,2026,POST,Los Angeles Lakers,Oklahoma City Thunder,0,4278129,Deandre Ayton,C,1,2,1,7,12,5,4,0,0,27,5,-4,10,12,0,0,0,1
401871326,2026-05-05,nba,2026,POST,Los Angeles Lakers,Oklahoma City Thunder,0,2990992,Marcus Smart,G,1,7,0,2,15,4,3,2,2,32,2,-10,12,4,4,8,2,2
401871326,2026-05-05,nba,2026,POST,Los Angeles Lakers,Oklahoma City Thunder,0,4066457,Austin Reaves,G,1,6,1,4,16,3,3,2,2,36,1,-10,8,5,0,5,0,4
401871326,2026-05-05,nba,2026,POST,Los Angeles Lakers,Oklahoma City Thunder,0,4278077,Jarred Vanderbilt,F,0,0,0,1,2,1,1,0,0,6,0,-4,2,1,0,1,0,0
401871326,2026-05-05,nba,2026,POST,Los Angeles Lakers,Oklahoma City Thunder,0,4592691,Jake LaRavia,F,0,0,1,1,2,1,0,0,0,14,0,-9,3,1,1,1,1,2
401871326,2026-05-05,nba,2026,POST,Los Angeles Lakers,Oklahoma City Thunder,0,4897943,Dalton Knecht,F,0,0,0,0,1,0,0,0,0,2,0,0,0,0,0,0,0,0
401871326,2026-05-05,nba,2026,POST,Los Angeles Lakers,Oklahoma City Thunder,0,5060631,Adou Thiero,F,0,0,0,0,0,0,0,0,0,2,0,0,0,0,0,0,0,0
401871326,2026-05-05,nba,2026,POST,Los Angeles Lakers,Oklahoma City Thunder,0,4397077,Jaxson Hayes,C,0,1,0,3,3,1,2,2,1,16,3,-12,3,6,0,0,0,3
401871326,2026-05-05,nba,2026,POST,Los Angeles Lakers,Oklahoma City Thunder,0,3913174,Luke Kennard,G,0,1,0,5,4,1,1,4,4,29,0,-14,7,5,1,3,1,2
401871326,2026-05-05,nba,2026,POST,Los Angeles Lakers,Oklahoma City Thunder,0,4683686,Nick Smith Jr.,G,0,0,0,1,0,0,0,0,0,2,0,0,0,1,0,0,0,0
401871326,2026-05-05,nba,2026,POST,Los Angeles Lakers,Oklahoma City Thunder,0,4683774,Bronny James,G,0,1,0,0,0,0,0,0,0,2,0,0,0,0,0,0,0,0
401871326,2026-05-05,nba,2026,POST,Los Angeles Lakers,Oklahoma City Thunder,0,2960236,Maxi Kleber,F,0,,,,,,,,,,,,,,,,,
401871326,2026-05-05,nba,2026,POST,Oklahoma City Thunder,Los Angeles Lakers,1,4222252,Isaiah Hartenstein,C,1,4,1,7,3,3,2,2,2,25,2,5,8,9,1,0,0,0
401871326,2026-05-05,nba,2026,POST,Oklahoma City Thunder,Los Angeles Lakers,1,4433255,Chet Holmgren,C,1,1,3,9,17,9,0,4,4,31,3,10,24,12,1,2,2,0
401871326,2026-05-05,nba,2026,POST,Oklahoma City Thunder,Los Angeles Lakers,1,4278073,Shai Gilgeous-Alexander,G,1,6,2,2,15,8,1,3,2,35,0,9,18,2,1,1,0,7
401871326,2026-05-05,nba,2026,POST,Oklahoma City Thunder,Los Angeles Lakers,1,4397020,Luguentz Dort,G,1,4,0,3,5,2,1,0,0,28,0,2,6,3,0,5,2,2
401871326,2026-05-05,nba,2026,POST,Oklahoma City Thunder,Los Angeles Lakers,1,4900671,Ajay Mitchell,G,1,4,0,2,16,7,1,3,3,28,0,14,18,2,0,5,1,1
401871326,2026-05-05,nba,2026,POST,Oklahoma City Thunder,Los Angeles Lakers,1,4432823,Jaylin Williams,F,0,3,0,5,3,1,3,0,0,20,2,11,3,7,1,2,1,2
401871326,2026-05-05,nba,2026,POST,Oklahoma City Thunder,Los Angeles Lakers,1,2991350,Alex Caruso,G,0,2,0,2,5,2,1,0,0,20,0,15,5,2,0,4,1,0
401871326,2026-05-05,nba,2026,POST,Oklahoma City Thunder,Los Angeles Lakers,1,3133626,Kenrich Williams,G,0,0,0,0,0,0,0,0,0,2,0,0,0,0,0,0,0,0
401871326,2026-05-05,nba,2026,POST,Oklahoma City Thunder,Los Angeles Lakers,1,4395702,Isaiah Joe,G,0,1,0,1,6,4,0,0,0,11,0,11,9,1,1,3,1,0
401871326,2026-05-05,nba,2026,POST,Oklahoma City Thunder,Los Angeles Lakers,1,4397183,Aaron Wiggins,G,0,0,0,0,2,0,0,0,0,5,0,-2,0,0,0,0,0,0
401871326,2026-05-05,nba,2026,POST,Oklahoma City Thunder,Los Angeles Lakers,1,4683692,Cason Wallace,G,0,2,1,3,6,2,2,0,0,19,1,11,5,4,3,3,1,2
401871326,2026-05-05,nba,2026,POST,Oklahoma City Thunder,Los Angeles Lakers,1,4683778,Jared McCain,G,0,2,0,1,7,4,3,0,0,15,1,4,12,2,0,5,4,0
401871326,2026-05-05,nba,2026,POST,Oklahoma City Thunder,Los Angeles Lakers,1,5159925,Nikola Topic,G,0,,,,,,,,,,,,,,,,,
401871333,2026-05-05,nba,2026,POST,Cleveland Cavaliers,Detroit Pistons,0,3912848,Dean Wade,F,1,1,0,2,3,2,1,0,0,28,1,-4,5,3,1,2,1,0
401871333,2026-05-05,nba,2026,POST,Cleveland Cavaliers,Detroit Pistons,0,4066328,Jarrett Allen,C,1,1,1,2,4,1,4,0,0,18,1,4,2,3,0,0,0,1
401871333,2026-05-05,nba,2026,POST,Cleveland Cavaliers,Detroit Pistons,0,4432158,Evan Mobley,C,1,5,2,6,11,6,3,0,0,35,3,-18,14,9,0,5,2,1
401871333,2026-05-05,nba,2026,POST,Cleveland Cavaliers,Detroit Pistons,0,3992,James Harden,G,1,7,2,6,15,6,3,9,9,35,2,-7,22,8,1,7,1,7
401871333,2026-05-05,nba,2026,POST,Cleveland Cavaliers,Detroit Pistons,0,3908809,Donovan Mitchell,G,1,2,0,3,19,9,3,2,1,35,1,-7,23,4,1,10,4,3
401871333,2026-05-05,nba,2026,POST,Cleveland Cavaliers,Detroit Pistons,0,3934723,Thomas Bryant,C,0,0,0,0,4,1,1,2,2,10,0,-3,4,0,1,2,0,0
401871333,2026-05-05,nba,2026,POST,Cleveland Cavaliers,Detroit Pistons,0,3032979,Dennis Schroder,G,0,3,0,0,6,3,1,2,2,16,1,0,9,1,0,1,1,4
401871333,2026-05-05,nba,2026,POST,Cleveland Cavaliers,Detroit Pistons,0,4065778,Max Strus,G,0,2,0,4,13,7,3,1,1,28,1,-9,19,5,1,8,4,1
401871333,2026-05-05,nba,2026,POST,Cleveland Cavaliers,Detroit Pistons,0,4066757,Sam Merrill,G,0,1,0,0,0,0,0,0,0,7,0,-10,0,0,0,0,0,1
401871333,2026-05-05,nba,2026,POST,Cleveland Cavaliers,Detroit Pistons,0,4683747,Jaylon Tyson,G,0,1,0,5,1,0,2,0,0,18,0,9,0,5,0,0,0,1
401871333,2026-05-05,nba,2026,POST,Cleveland Cavaliers,Detroit Pistons,0,4702177,Keon Ellis,G,0,0,0,2,4,1,1,0,0,11,1,-5,3,3,2,3,1,0
401871333,2026-05-05,nba,2026,POST,Cleveland Cavaliers,Detroit Pistons,0,2580365,Larry Nance Jr.,F,0,,,,,,,,,,,,,,,,,
401871333,2026-05-05,nba,2026,POST,Cleveland Cavaliers,Detroit Pistons,0,5106268,Nae'Qwan Tomlin,F,0,,,,,,,,,,,,,,,,,
401871333,2026-05-05,nba,2026,POST,Cleveland Cavaliers,Detroit Pistons,0,4701233,Craig Porter Jr.,G,0,,,,,,,,,,,,,,,,,
401871333,2026-05-05,nba,2026,POST,Cleveland Cavaliers,Detroit Pistons,0,5023693,Tyrese Proctor,G,0,,,,,,,,,,,,,,,,,
401871333,2026-05-05,nba,2026,POST,Detroit Pistons,Cleveland Cavaliers,1,6440,Tobias Harris,F,1,1,0,7,14,6,1,8,7,39,1,6,20,8,2,5,1,2
401871333,2026-05-05,nba,2026,POST,Detroit Pistons,Cleveland Cavaliers,1,3157465,Duncan Robinson,F,1,2,0,0,12,7,4,1,0,28,0,6,19,0,2,8,5,0
401871333,2026-05-05,nba,2026,POST,Detroit Pistons,Cleveland Cavaliers,1,4433621,Jalen Duren,C,1,4,2,5,11,4,0,4,3,35,7,17,11,12,0,0,0,1
401871333,2026-05-05,nba,2026,POST,Detroit Pistons,Cleveland Cavaliers,1,4432166,Cade Cunningham,G,1,7,0,3,19,6,2,11,9,42,0,12,23,3,2,5,2,4
401871333,2026-05-05,nba,2026,POST,Detroit Pistons,Cleveland Cavaliers,1,4684742,Ausar Thompson,G,1,5,1,4,6,4,4,4,3,33,4,-9,11,8,1,0,0,1
401871333,2026-05-05,nba,2026,POST,Detroit Pistons,Cleveland Cavaliers,1,4683771,Ronald Holland II,F,0,0,0,1,3,2,2,3,1,10,0,8,6,1,1,2,1,0
401871333,2026-05-05,nba,2026,POST,Detroit Pistons,Cleveland Cavaliers,1,4432810,Isaiah Stewart,C,0,1,0,2,2,2,2,2,2,13,1,-7,6,3,0,0,0,2
401871333,2026-05-05,nba,2026,POST,Detroit Pistons,Cleveland Cavaliers,1,2596112,Javonte Green,G,0,0,0,1,3,1,0,0,0,3,0,-4,3,1,0,3,1,0
401871333,2026-05-05,nba,2026,POST,Detroit Pistons,Cleveland Cavaliers,1,2991043,Caris LeVert,G,0,0,0,2,1,0,1,0,0,9,0,13,0,2,0,0,0,0
401871333,2026-05-05,nba,2026,POST,Detroit Pistons,Cleveland Cavaliers,1,5107199,Daniss Jenkins,G,0,3,0,4,13,5,2,2,2,29,3,8,12,7,4,3,0,1
401871333,2026-05-05,nba,2026,POST,Detroit Pistons,Cleveland Cavaliers,1,4278562,Paul Reed,F,0,,,,,,,,,,,,,,,,,
401871333,2026-05-05,nba,2026,POST,Detroit Pistons,Cleveland Cavaliers,1,4397882,Tolu Smith,F,0,,,,,,,,,,,,,,,,,
401871333,2026-05-05,nba,2026,POST,Detroit Pistons,Cleveland Cavaliers,1,4432107,Marcus Sasser,G,0,,,,,,,,,,,,,,,,,
401871333,2026-05-05,nba,2026,POST,Detroit Pistons,Cleveland Cavaliers,1,4700852,Chaz Lanier,G,0,,,,,,,,,,,,,,,,,
401871153,2026-05-06,nba,2026,POST,Minnesota Timberwolves,San Antonio Spurs,0,3064514,Julius Randle,F,1,2,0,4,10,4,2,5,4,27,1,-26,12,5,2,2,0,5
401871153,2026-05-06,nba,2026,POST,Minnesota Timberwolves,San Antonio Spurs,0,4431671,Jaden McDaniels,F,1,4,1,1,10,6,5,1,0,20,2,-6,12,3,0,1,0,2
401871153,2026-05-06,nba,2026,POST,Minnesota Timberwolves,San Antonio Spurs,0,3032976,Rudy Gobert,C,1,1,0,6,4,1,4,9,3,28,4,-23,5,10,0,0,0,4
401871153,2026-05-06,nba,2026,POST,Minnesota Timberwolves,San Antonio Spurs,0,3195,Mike Conley,G,1,3,0,1,4,1,1,0,0,16,0,-10,3,1,1,3,1,0
401871153,2026-05-06,nba,2026,POST,Minnesota Timberwolves,San Antonio Spurs,0,4432847,Terrence Shannon Jr.,G,1,1,0,3,12,4,5,4,4,25,2,-19,12,5,0,4,0,1
401871153,2026-05-06,nba,2026,POST,Minnesota Timberwolves,San Antonio Spurs,0,2968436,Joe Ingles,F,0,0,0,1,3,2,0,2,1,10,1,-1,7,2,2,3,2,1
401871153,2026-05-06,nba,2026,POST,Minnesota Timberwolves,San Antonio Spurs,0,2993874,Kyle Anderson,F,0,4,0,2,6,3,2,6,2,14,1,-13,8,3,0,1,0,1
401871153,2026-05-06,nba,2026,POST,Minnesota Timberwolves,San Antonio Spurs,0,5105553,Julian Phillips,F,0,1,0,0,3,1,1,0,0,10,0,-1,3,0,0,1,1,0
401871153,2026-05-06,nba,2026,POST,Minnesota Timberwolves,San Antonio Spurs,0,5279133,Joan Beringer,F,0,0,0,2,4,3,0,2,1,8,1,-1,7,3,0,0,0,1
401871153,2026-05-06,nba,2026,POST,Minnesota Timberwolves,San Antonio Spurs,0,4396971,Naz Reid,C,0,0,0,7,7,4,3,0,0,21,0,-26,11,7,0,4,3,2
401871153,2026-05-06,nba,2026,POST,Minnesota Timberwolves,San Antonio Spurs,0,4397002,Ayo Dosunmu,G,0,0,1,0,4,0,0,0,0,10,0,-6,0,0,1,1,0,0
401871153,2026-05-06,nba,2026,POST,Minnesota Timberwolves,San Antonio Spurs,0,4432247,Jaylen Clark,G,0,1,0,0,5,1,1,0,0,15,0,-8,3,0,1,4,1,0
401871153,2026-05-06,nba,2026,POST,Minnesota Timberwolves,San Antonio Spurs,0,4592492,Bones Hyland,G,0,2,0,1,3,0,0,0,0,11,0,-17,0,1,0,1,0,1
401871153,2026-05-06,nba,2026,POST,Minnesota Timberwolves,San Antonio Spurs,0,4594268,Anthony Edwards,G,0,0,0,3,13,5,1,2,1,24,0,-33,12,3,0,5,1,4
401871153,2026-05-06,nba,2026,POST,San Antonio Spurs,Minnesota Timberwolves,1,4592479,Julian Champagnie,F,1,2,1,3,6,4,1,0,0,22,0,19,12,3,2,6,4,0
401871153,2026-05-06,nba,2026,POST,San Antonio Spurs,Minnesota Timberwolves,1,5104157,Victor Wembanyama,F,1,2,2,11,15,7,1,3,3,26,4,12,19,15,1,7,2,2
401871153,2026-05-06,nba,2026,POST,San Antonio Spurs,Minnesota Timberwolves,1,4066259,De'Aaron Fox,G,1,2,0,0,10,5,1,5,4,26,0,24,16,0,2,2,2,1
401871153,2026-05-06,nba,2026,POST,San Antonio Spurs,Minnesota Timberwolves,1,4395630,Devin Vassell,G,1,4,0,4,9,3,1,2,2,22,1,13,10,5,0,6,2,0
401871153,2026-05-06,nba,2026,POST,San Antonio Spurs,Minnesota Timberwolves,1,4845367,Stephon Castle,G,1,4,0,3,10,6,5,9,9,24,1,17,21,4,2,1,0,5
401871153,2026-05-06,nba,2026,POST,San Antonio Spurs,Minnesota Timberwolves,1,6578,Harrison Barnes,F,0,0,0,1,7,4,3,2,2,15,1,18,12,2,0,5,2,1
401871153,2026-05-06,nba,2026,POST,San Antonio Spurs,Minnesota Timberwolves,1,2489663,Kelly Olynyk,F,0,2,0,1,3,2,2,0,0,10,0,1,5,1,1,2,1,1
401871153,2026-05-06,nba,2026,POST,San Antonio Spurs,Minnesota Timberwolves,1,4066317,Lindy Waters III,F,0,1,0,2,5,3,1,0,0,8,2,1,8,4,0,4,2,1
401871153,2026-05-06,nba,2026,POST,San Antonio Spurs,Minnesota Timberwolves,1,4395723,Keldon Johnson,F,0,1,1,8,8,2,4,8,5,19,2,28,9,10,0,1,0,1
401871153,2026-05-06,nba,2026,POST,San Antonio Spurs,Minnesota Timberwolves,1,5061568,Carter Bryant,F,0,2,0,1,3,1,5,2,0,16,1,18,2,2,0,2,0,1
401871153,2026-05-06,nba,2026,POST,San Antonio Spurs,Minnesota Timberwolves,1,6427,Bismack Biyombo,C,0,0,0,0,2,1,0,0,0,3,0,-4,2,0,0,0,0,0
401871153,2026-05-06,nba,2026,POST,San Antonio Spurs,Minnesota Timberwolves,1,2488653,Mason Plumlee,C,0,1,2,0,0,0,0,0,0,3,0,-4,0,0,0,0,0,0
401871153,2026-05-06,nba,2026,POST,San Antonio Spurs,Minnesota Timberwolves,1,3064560,Luke Kornet,C,0,1,3,2,1,1,1,2,2,13,0,22,4,2,2,0,0,0
401871153,2026-05-06,nba,2026,POST,San Antonio Spurs,Minnesota Timberwolves,1,3134916,Jordan McLaughlin,G,0,2,0,0,1,1,1,0,0,10,0,1,2,0,1,0,0,0
401871153,2026-05-06,nba,2026,POST,San Antonio Spurs,Minnesota Timberwolves,1,5037871,Dylan Harper,G,0,5,0,6,10,5,2,0,0,22,1,24,11,7,2,3,1,2
401871160,2026-05-06,nba,2026,POST,Philadelphia 76ers,New York Knicks,0,4251,Paul George,F,1,4,2,5,18,7,4,1,0,43,1,-4,19,6,2,13,5,2
401871160,2026-05-06,nba,2026,POST,Philadelphia 76ers,New York Knicks,0,6585,Andre Drummond,C,1,1,0,6,2,2,4,2,2,15,2,-3,6,8,1,0,0,0
401871160,2026-05-06,nba,2026,POST,Philadelphia 76ers,New York Knicks,0,3133603,Kelly Oubre Jr.,G,1,2,0,5,12,6,2,4,4,40,0,-8,19,5,1,6,3,1
401871160,2026-05-06,nba,2026,POST,Philadelphia 76ers,New York Knicks,0,4431678,Tyrese Maxey,G,1,6,0,3,23,9,1,9,7,47,0,0,26,3,1,6,1,6
401871160,2026-05-06,nba,2026,POST,Philadelphia 76ers,New York Knicks,0,5124612,VJ Edgecombe,G,1,3,0,3,13,6,3,4,2,40,2,-5,17,5,1,7,3,4
401871160,2026-05-06,nba,2026,POST,Philadelphia 76ers,New York Knicks,0,4870562,Dominick Barlow,F,0,0,2,2,3,3,1,0,0,16,0,-6,6,2,1,0,0,2
401871160,2026-05-06,nba,2026,POST,Philadelphia 76ers,New York Knicks,0,5105637,Adem Bona,C,0,1,2,1,0,0,5,4,2,16,6,2,2,7,0,0,0,2
401871160,2026-05-06,nba,2026,POST,Philadelphia 76ers,New York Knicks,0,4397014,Quentin Grimes,G,0,3,0,3,4,1,3,4,4,24,0,-6,7,3,1,2,1,1
401871160,2026-05-06,nba,2026,POST,Philadelphia 76ers,New York Knicks,0,4431675,Trendon Watford,F,0,,,,,,,,,,,,,,,,,
401871160,2026-05-06,nba,2026,POST,Philadelphia 76ers,New York Knicks,0,4432446,Jabari Walker,F,0,,,,,,,,,,,,,,,,,
401871160,2026-05-06,nba,2026,POST,Philadelphia 76ers,New York Knicks,0,4433569,Johni Broome,F,0,,,,,,,,,,,,,,,,,
401871160,2026-05-06,nba,2026,POST,Philadelphia 76ers,New York Knicks,0,4711297,Justin Edwards,F,0,,,,,,,,,,,,,,,,,
401871160,2026-05-06,nba,2026,POST,Philadelphia 76ers,New York Knicks,0,3012,Kyle Lowry,G,0,,,,,,,,,,,,,,,,,
401871160,2026-05-06,nba,2026,POST,Philadelphia 76ers,New York Knicks,0,4433159,Dalen Terry,G,0,,,,,,,,,,,,,,,,,
401871160,2026-05-06,nba,2026,POST,New York Knicks,Philadelphia 76ers,1,3934719,OG Anunoby,F,1,2,1,3,17,9,3,4,4,37,2,12,24,5,4,7,2,0
401871160,2026-05-06,nba,2026,POST,New York Knicks,Philadelphia 76ers,1,3136195,Karl-Anthony Towns,C,1,7,0,8,8,6,4,9,7,27,2,6,20,10,1,1,1,3
401871160,2026-05-06,nba,2026,POST,New York Knicks,Philadelphia 76ers,1,3062679,Josh Hart,G,1,6,0,7,6,2,3,0,0,44,0,5,5,7,3,5,1,4
401871160,2026-05-06,nba,2026,POST,New York Knicks,Philadelphia 76ers,1,3147657,Mikal Bridges,G,1,2,1,4,13,9,1,0,0,38,1,7,18,5,1,2,0,0
401871160,2026-05-06,nba,2026,POST,New York Knicks,Philadelphia 76ers,1,3934672,Jalen Brunson,G,1,6,0,1,21,9,1,8,7,41,0,7,26,1,1,5,1,3
401871160,2026-05-06,nba,2026,POST,New York Knicks,Philadelphia 76ers,1,4610139,Jeremy Sochan,F,0,0,0,0,0,0,0,0,0,1,0,-1,0,0,0,0,0,0
401871160,2026-05-06,nba,2026,POST,New York Knicks,Philadelphia 76ers,1,4871141,Ariel Hukporti,C,0,0,0,2,3,1,4,0,0,7,1,-3,2,3,0,0,0,0
401871160,2026-05-06,nba,2026,POST,New York Knicks,Philadelphia 76ers,1,2528426,Jordan Clarkson,G,0,0,0,2,4,2,0,2,2,8,3,-6,6,5,0,1,0,1
401871160,2026-05-06,nba,2026,POST,New York Knicks,Philadelphia 76ers,1,3914044,Landry Shamet,G,0,0,0,0,0,0,0,0,0,8,0,6,0,0,0,0,0,0
401871160,2026-05-06,nba,2026,POST,New York Knicks,Philadelphia 76ers,1,4277869,Jose Alvarado,G,0,1,0,0,2,1,2,0,0,7,0,-1,3,0,0,1,1,1
401871160,2026-05-06,nba,2026,POST,New York Knicks,Philadelphia 76ers,1,4431823,Miles McBride,G,0,1,0,1,5,1,2,2,1,21,0,-2,4,1,0,4,1,1
401871160,2026-05-06,nba,2026,POST,New York Knicks,Philadelphia 76ers,1,5211983,Pacome Dadiet,F,0,,,,,,,,,,,,,,,,,
401871160,2026-05-06,nba,2026,POST,New York Knicks,Philadelphia 76ers,1,5289900,Mohamed Diawara,F,0,,,,,,,,,,,,,,,,,
401871160,2026-05-06,nba,2026,POST,New York Knicks,Philadelphia 76ers,1,4351852,Mitchell Robinson,C,0,,,,,,,,,,,,,,,,,
401871160,2026-05-06,nba,2026,POST,New York Knicks,Philadelphia 76ers,1,4433225,Tyler Kolek,G,0,,,,,,,,,,,,,,,,,
401871327,2026-05-07,nba,2026,POST,Los Angeles Lakers,Oklahoma City Thunder,0,1966,LeBron James,F,1,6,0,1,18,9,1,4,4,38,1,-9,23,2,3,4,1,3
401871327,2026-05-07,nba,2026,POST,Los Angeles Lakers,Oklahoma City Thunder,0,4066648,Rui Hachimura,F,1,2,0,4,10,6,2,0,0,39,0,-19,16,4,1,7,4,2
401871327,2026-05-07,nba,2026,POST,Los Angeles Lakers,Oklahoma City Thunder,0,4278129,Deandre Ayton,C,1,0,0,5,7,1,3,2,1,27,5,-4,3,10,0,0,0,2
401871327,2026-05-07,nba,2026,POST,Los Angeles Lakers,Oklahoma City Thunder,0,2990992,Marcus Smart,G,1,5,0,2,13,4,5,5,5,34,2,2,14,4,1,7,1,3
401871327,2026-05-07,nba,2026,POST,Los Angeles Lakers,Oklahoma City Thunder,0,4066457,Austin Reaves,G,1,6,0,2,16,10,5,10,8,38,0,-20,31,2,0,6,3,5
401871327,2026-05-07,nba,2026,POST,Los Angeles Lakers,Oklahoma City Thunder,0,4592691,Jake LaRavia,F,0,1,0,0,2,0,2,0,0,10,0,-14,0,0,1,1,0,1
401871327,2026-05-07,nba,2026,POST,Los Angeles Lakers,Oklahoma City Thunder,0,4897943,Dalton Knecht,F,0,0,0,1,1,1,0,0,0,2,0,-1,2,1,0,0,0,1
401871327,2026-05-07,nba,2026,POST,Los Angeles Lakers,Oklahoma City Thunder,0,5060631,Adou Thiero,F,0,0,0,2,0,0,1,0,0,6,1,3,0,3,0,0,0,1
401871327,2026-05-07,nba,2026,POST,Los Angeles Lakers,Oklahoma City Thunder,0,4397077,Jaxson Hayes,C,0,2,0,2,3,3,5,0,0,15,1,-11,6,3,1,0,0,2
401871327,2026-05-07,nba,2026,POST,Los Angeles Lakers,Oklahoma City Thunder,0,3913174,Luke Kennard,G,0,0,0,1,5,4,2,0,0,26,0,-15,10,1,0,3,2,0
401871327,2026-05-07,nba,2026,POST,Los Angeles Lakers,Oklahoma City Thunder,0,4683686,Nick Smith Jr.,G,0,1,0,0,3,1,0,0,0,2,0,-1,2,0,0,1,0,0
401871327,2026-05-07,nba,2026,POST,Los Angeles Lakers,Oklahoma City Thunder,0,4683774,Bronny James,G,0,1,0,0,0,0,0,0,0,2,0,-1,0,0,0,0,0,0
401871327,2026-05-07,nba,2026,POST,Los Angeles Lakers,Oklahoma City Thunder,0,2960236,Maxi Kleber,F,0,,,,,,,,,,,,,,,,,
401871327,2026-05-07,nba,2026,POST,Oklahoma City Thunder,Los Angeles Lakers,1,4222252,Isaiah Hartenstein,C,1,1,2,5,6,5,2,0,0,27,4,1,10,9,2,0,0,1
401871327,2026-05-07,nba,2026,POST,Oklahoma City Thunder,Los Angeles Lakers,1,4433255,Chet Holmgren,C,1,3,2,6,11,7,3,7,5,33,3,19,22,9,4,5,3,2
401871327,2026-05-07,nba,2026,POST,Oklahoma City Thunder,Los Angeles Lakers,1,4278073,Shai Gilgeous-Alexander,G,1,2,0,2,13,7,4,9,7,28,0,5,22,2,1,3,1,3
401871327,2026-05-07,nba,2026,POST,Oklahoma City Thunder,Los Angeles Lakers,1,4397020,Luguentz Dort,G,1,2,0,1,6,1,2,0,0,23,0,-1,3,1,1,6,1,2
401871327,2026-05-07,nba,2026,POST,Oklahoma City Thunder,Los Angeles Lakers,1,4900671,Ajay Mitchell,G,1,6,0,2,12,7,2,7,6,30,1,18,20,3,0,3,0,2
401871327,2026-05-07,nba,2026,POST,Oklahoma City Thunder,Los Angeles Lakers,1,4432823,Jaylin Williams,F,0,1,0,2,4,2,2,1,1,15,0,12,7,2,0,4,2,0
401871327,2026-05-07,nba,2026,POST,Oklahoma City Thunder,Los Angeles Lakers,1,2991350,Alex Caruso,G,0,4,0,4,6,2,0,0,0,22,0,17,5,4,2,5,1,1
401871327,2026-05-07,nba,2026,POST,Oklahoma City Thunder,Los Angeles Lakers,1,3133626,Kenrich Williams,G,0,0,0,0,1,0,0,0,0,2,0,1,0,0,0,1,0,0
401871327,2026-05-07,nba,2026,POST,Oklahoma City Thunder,Los Angeles Lakers,1,4395702,Isaiah Joe,G,0,3,0,0,3,2,0,0,0,9,0,-1,4,0,0,1,0,0
401871327,2026-05-07,nba,2026,POST,Oklahoma City Thunder,Los Angeles Lakers,1,4397183,Aaron Wiggins,G,0,0,0,0,0,0,0,0,0,2,0,1,0,0,1,0,0,0
401871327,2026-05-07,nba,2026,POST,Oklahoma City Thunder,Los Angeles Lakers,1,4683692,Cason Wallace,G,0,4,1,1,7,4,3,2,2,31,1,17,12,2,1,3,2,0
401871327,2026-05-07,nba,2026,POST,Oklahoma City Thunder,Los Angeles Lakers,1,4683778,Jared McCain,G,0,0,0,0,11,7,3,0,0,18,0,1,18,0,0,5,4,1
401871327,2026-05-07,nba,2026,POST,Oklahoma City Thunder,Los Angeles Lakers,1,5159925,Nikola Topic,G,0,0,0,0,1,1,0,0,0,1,0,0,2,0,0,0,0,0
401871334,2026-05-07,nba,2026,POST,Cleveland Cavaliers,Detroit Pistons,0,3912848,Dean Wade,F,1,0,0,3,6,3,1,0,0,23,2,-4,8,5,0,4,2,0
401871334,2026-05-07,nba,2026,POST,Cleveland Cavaliers,Detroit Pistons,0,4066328,Jarrett Allen,C,1,3,1,4,9,7,5,10,8,31,3,-6,22,7,1,0,0,1
401871334,2026-05-07,nba,2026,POST,Cleveland Cavaliers,Detroit Pistons,0,4432158,Evan Mobley,C,1,4,3,1,10,4,3,0,0,36,0,-6,9,1,3,4,1,2
401871334,2026-05-07,nba,2026,POST,Cleveland Cavaliers,Detroit Pistons,0,3992,James Harden,G,1,3,0,6,13,3,3,4,4,37,0,-15,10,6,1,4,0,4
401871334,2026-05-07,nba,2026,POST,Cleveland Cavaliers,Detroit Pistons,0,3908809,Donovan Mitchell,G,1,3,0,5,24,11,2,9,7,37,1,-2,31,6,2,9,2,2
401871334,2026-05-07,nba,2026,POST,Cleveland Cavaliers,Detroit Pistons,0,3032979,Dennis Schroder,G,0,5,0,2,5,1,2,2,2,20,1,-4,4,3,0,2,0,2
401871334,2026-05-07,nba,2026,POST,Cleveland Cavaliers,Detroit Pistons,0,4065778,Max Strus,G,0,1,2,3,6,1,2,0,0,28,0,-9,3,3,0,6,1,0
401871334,2026-05-07,nba,2026,POST,Cleveland Cavaliers,Detroit Pistons,0,4683747,Jaylon Tyson,G,0,1,0,3,7,3,1,2,1,22,2,-3,7,5,0,2,0,0
401871334,2026-05-07,nba,2026,POST,Cleveland Cavaliers,Detroit Pistons,0,4702177,Keon Ellis,G,0,0,0,0,1,1,0,0,0,6,0,-1,3,0,0,1,1,0
401871334,2026-05-07,nba,2026,POST,Cleveland Cavaliers,Detroit Pistons,0,2580365,Larry Nance Jr.,F,0,,,,,,,,,,,,,,,,,
401871334,2026-05-07,nba,2026,POST,Cleveland Cavaliers,Detroit Pistons,0,5106268,Nae'Qwan Tomlin,F,0,,,,,,,,,,,,,,,,,
401871334,2026-05-07,nba,2026,POST,Cleveland Cavaliers,Detroit Pistons,0,3934723,Thomas Bryant,C,0,,,,,,,,,,,,,,,,,
401871334,2026-05-07,nba,2026,POST,Cleveland Cavaliers,Detroit Pistons,0,4066757,Sam Merrill,G,0,,,,,,,,,,,,,,,,,
401871334,2026-05-07,nba,2026,POST,Cleveland Cavaliers,Detroit Pistons,0,4701233,Craig Porter Jr.,G,0,,,,,,,,,,,,,,,,,
401871334,2026-05-07,nba,2026,POST,Cleveland Cavaliers,Detroit Pistons,0,5023693,Tyrese Proctor,G,0,,,,,,,,,,,,,,,,,
401871334,2026-05-07,nba,2026,POST,Detroit Pistons,Cleveland Cavaliers,1,6440,Tobias Harris,F,1,0,2,6,16,9,2,2,1,37,1,8,21,7,2,3,2,1
401871334,2026-05-07,nba,2026,POST,Detroit Pistons,Cleveland Cavaliers,1,3157465,Duncan Robinson,F,1,3,0,3,12,6,1,0,0,37,0,5,17,3,3,9,5,1
401871334,2026-05-07,nba,2026,POST,Detroit Pistons,Cleveland Cavaliers,1,4433621,Jalen Duren,C,1,1,0,8,7,2,3,6,4,33,2,6,8,10,0,0,0,2
401871334,2026-05-07,nba,2026,POST,Detroit Pistons,Cleveland Cavaliers,1,4432166,Cade Cunningham,G,1,10,2,3,14,7,3,8,8,42,0,13,25,3,1,6,3,5
401871334,2026-05-07,nba,2026,POST,Detroit Pistons,Cleveland Cavaliers,1,4684742,Ausar Thompson,G,1,2,0,4,8,5,5,2,0,24,3,4,10,7,2,0,0,0
401871334,2026-05-07,nba,2026,POST,Detroit Pistons,Cleveland Cavaliers,1,4683771,Ronald Holland II,F,0,0,1,1,3,0,2,2,2,9,1,2,2,2,1,2,0,0
401871334,2026-05-07,nba,2026,POST,Detroit Pistons,Cleveland Cavaliers,1,4432810,Isaiah Stewart,C,0,0,0,0,1,1,5,0,0,15,2,4,2,2,0,0,0,0
401871334,2026-05-07,nba,2026,POST,Detroit Pistons,Cleveland Cavaliers,1,2596112,Javonte Green,G,0,0,0,0,0,0,0,0,0,4,0,0,0,0,0,0,0,0
401871334,2026-05-07,nba,2026,POST,Detroit Pistons,Cleveland Cavaliers,1,2991043,Caris LeVert,G,0,1,0,1,5,3,0,0,0,13,1,-1,8,2,0,3,2,0
401871334,2026-05-07,nba,2026,POST,Detroit Pistons,Cleveland Cavaliers,1,5107199,Daniss Jenkins,G,0,4,0,4,14,6,1,0,0,26,2,9,14,6,0,5,2,1
401871334,2026-05-07,nba,2026,POST,Detroit Pistons,Cleveland Cavaliers,1,4278562,Paul Reed,F,0,,,,,,,,,,,,,,,,,
401871334,2026-05-07,nba,2026,POST,Detroit Pistons,Cleveland Cavaliers,1,4397882,Tolu Smith,F,0,,,,,,,,,,,,,,,,,
401871334,2026-05-07,nba,2026,POST,Detroit Pistons,Cleveland Cavaliers,1,4432107,Marcus Sasser,G,0,,,,,,,,,,,,,,,,,
401871334,2026-05-07,nba,2026,POST,Detroit Pistons,Cleveland Cavaliers,1,4700852,Chaz Lanier,G,0,,,,,,,,,,,,,,,,,
401871154,2026-05-08,nba,2026,POST,San Antonio Spurs,Minnesota Timberwolves,0,4592479,Julian Champagnie,F,1,3,0,8,7,2,2,0,0,29,4,5,6,12,2,6,2,0
401871154,2026-05-08,nba,2026,POST,San Antonio Spurs,Minnesota Timberwolves,0,5104157,Victor Wembanyama,F,1,1,5,14,18,13,5,12,10,37,1,16,39,15,1,5,3,1
401871154,2026-05-08,nba,2026,POST,San Antonio Spurs,Minnesota Timberwolves,0,4066259,De'Aaron Fox,G,1,5,0,2,19,7,3,3,2,35,1,-2,17,3,1,5,1,2
401871154,2026-05-08,nba,2026,POST,San Antonio Spurs,Minnesota Timberwolves,0,4395630,Devin Vassell,G,1,3,0,5,14,6,2,0,0,36,1,10,13,6,2,6,1,1
401871154,2026-05-08,nba,2026,POST,San Antonio Spurs,Minnesota Timberwolves,0,4845367,Stephon Castle,G,1,12,0,4,11,3,3,8,6,40,0,17,13,4,0,3,1,4
401871154,2026-05-08,nba,2026,POST,San Antonio Spurs,Minnesota Timberwolves,0,6578,Harrison Barnes,F,0,0,0,1,0,0,0,0,0,6,0,3,0,1,1,0,0,0
401871154,2026-05-08,nba,2026,POST,San Antonio Spurs,Minnesota Timberwolves,0,4395723,Keldon Johnson,F,0,1,0,2,7,3,1,4,3,19,0,-11,11,2,1,4,2,0
401871154,2026-05-08,nba,2026,POST,San Antonio Spurs,Minnesota Timberwolves,0,5061568,Carter Bryant,F,0,0,0,0,2,2,2,0,0,8,0,7,6,0,0,2,2,0
401871154,2026-05-08,nba,2026,POST,San Antonio Spurs,Minnesota Timberwolves,0,3064560,Luke Kornet,C,0,0,1,1,1,1,3,0,0,11,0,-9,2,1,0,0,0,0
401871154,2026-05-08,nba,2026,POST,San Antonio Spurs,Minnesota Timberwolves,0,5037871,Dylan Harper,G,0,1,1,3,6,2,2,6,4,20,1,-1,8,4,1,2,0,1
401871154,2026-05-08,nba,2026,POST,San Antonio Spurs,Minnesota Timberwolves,0,2489663,Kelly Olynyk,F,0,,,,,,,,,,,,,,,,,
401871154,2026-05-08,nba,2026,POST,San Antonio Spurs,Minnesota Timberwolves,0,4066317,Lindy Waters III,F,0,,,,,,,,,,,,,,,,,
401871154,2026-05-08,nba,2026,POST,San Antonio Spurs,Minnesota Timberwolves,0,6427,Bismack Biyombo,C,0,,,,,,,,,,,,,,,,,
401871154,2026-05-08,nba,2026,POST,San Antonio Spurs,Minnesota Timberwolves,0,2488653,Mason Plumlee,C,0,,,,,,,,,,,,,,,,,
401871154,2026-05-08,nba,2026,POST,San Antonio Spurs,Minnesota Timberwolves,0,3134916,Jordan McLaughlin,G,0,,,,,,,,,,,,,,,,,
401871154,2026-05-08,nba,2026,POST,Minnesota Timberwolves,San Antonio Spurs,1,3064514,Julius Randle,F,1,0,0,2,12,3,5,6,6,31,4,-11,12,6,1,3,0,2
401871154,2026-05-08,nba,2026,POST,Minnesota Timberwolves,San Antonio Spurs,1,4431671,Jaden McDaniels,F,1,2,1,3,22,5,4,4,4,40,4,-15,17,7,1,8,3,1
401871154,2026-05-08,nba,2026,POST,Minnesota Timberwolves,San Antonio Spurs,1,3032976,Rudy Gobert,C,1,2,3,4,7,6,2,1,1,31,3,-6,13,7,0,0,0,1
401871154,2026-05-08,nba,2026,POST,Minnesota Timberwolves,San Antonio Spurs,1,3195,Mike Conley,G,1,0,0,2,1,0,0,0,0,4,0,-10,0,2,0,1,0,1
401871154,2026-05-08,nba,2026,POST,Minnesota Timberwolves,San Antonio Spurs,1,4594268,Anthony Edwards,G,1,6,1,13,26,12,5,6,5,41,1,-10,32,14,0,9,3,2
401871154,2026-05-08,nba,2026,POST,Minnesota Timberwolves,San Antonio Spurs,1,4396971,Naz Reid,C,0,5,2,7,13,6,4,4,2,32,2,3,18,9,0,8,4,0
401871154,2026-05-08,nba,2026,POST,Minnesota Timberwolves,San Antonio Spurs,1,4397002,Ayo Dosunmu,G,0,5,0,6,12,4,3,0,0,32,1,-5,11,7,1,8,3,4
401871154,2026-05-08,nba,2026,POST,Minnesota Timberwolves,San Antonio Spurs,1,4432847,Terrence Shannon Jr.,G,0,2,0,2,6,2,2,0,0,28,0,19,5,2,0,3,1,1
401871154,2026-05-08,nba,2026,POST,Minnesota Timberwolves,San Antonio Spurs,1,2968436,Joe Ingles,F,0,,,,,,,,,,,,,,,,,
401871154,2026-05-08,nba,2026,POST,Minnesota Timberwolves,San Antonio Spurs,1,2993874,Kyle Anderson,F,0,,,,,,,,,,,,,,,,,
401871154,2026-05-08,nba,2026,POST,Minnesota Timberwolves,San Antonio Spurs,1,5105553,Julian Phillips,F,0,,,,,,,,,,,,,,,,,
401871154,2026-05-08,nba,2026,POST,Minnesota Timberwolves,San Antonio Spurs,1,5279133,Joan Beringer,F,0,,,,,,,,,,,,,,,,,
401871154,2026-05-08,nba,2026,POST,Minnesota Timberwolves,San Antonio Spurs,1,4432247,Jaylen Clark,G,0,,,,,,,,,,,,,,,,,
401871154,2026-05-08,nba,2026,POST,Minnesota Timberwolves,San Antonio Spurs,1,4592492,Bones Hyland,G,0,,,,,,,,,,,,,,,,,
401871161,2026-05-08,nba,2026,POST,New York Knicks,Philadelphia 76ers,0,3136195,Karl-Anthony Towns,C,1,7,1,8,8,3,5,2,2,26,4,3,8,12,0,2,0,1
401871161,2026-05-08,nba,2026,POST,New York Knicks,Philadelphia 76ers,0,3062679,Josh Hart,G,1,3,0,9,12,6,4,2,0,40,2,5,12,11,1,4,0,4
401871161,2026-05-08,nba,2026,POST,New York Knicks,Philadelphia 76ers,0,3147657,Mikal Bridges,G,1,1,0,3,14,8,3,5,5,37,0,15,23,3,2,4,2,0
401871161,2026-05-08,nba,2026,POST,New York Knicks,Philadelphia 76ers,0,3934672,Jalen Brunson,G,1,9,0,5,22,11,2,9,8,38,0,13,33,5,0,8,3,3
401871161,2026-05-08,nba,2026,POST,New York Knicks,Philadelphia 76ers,0,4431823,Miles McBride,G,1,2,2,0,6,1,1,0,0,21,0,-4,3,0,0,5,1,0
401871161,2026-05-08,nba,2026,POST,New York Knicks,Philadelphia 76ers,0,4610139,Jeremy Sochan,F,0,0,0,2,0,0,0,2,1,2,0,-1,1,2,0,0,0,0
401871161,2026-05-08,nba,2026,POST,New York Knicks,Philadelphia 76ers,0,5211983,Pacome Dadiet,F,0,0,0,1,0,0,0,0,0,2,0,-1,0,1,0,0,0,1
401871161,2026-05-08,nba,2026,POST,New York Knicks,Philadelphia 76ers,0,5289900,Mohamed Diawara,F,0,0,0,0,0,0,0,0,0,2,0,-2,0,0,0,0,0,1
401871161,2026-05-08,nba,2026,POST,New York Knicks,Philadelphia 76ers,0,4351852,Mitchell Robinson,C,0,0,1,4,3,1,2,8,4,19,2,16,6,6,1,0,0,0
401871161,2026-05-08,nba,2026,POST,New York Knicks,Philadelphia 76ers,0,4871141,Ariel Hukporti,C,0,0,0,0,0,0,0,0,0,3,1,-5,0,1,0,0,0,0
401871161,2026-05-08,nba,2026,POST,New York Knicks,Philadelphia 76ers,0,2528426,Jordan Clarkson,G,0,3,0,3,3,2,1,0,0,13,2,11,4,5,1,0,0,2
401871161,2026-05-08,nba,2026,POST,New York Knicks,Philadelphia 76ers,0,3914044,Landry Shamet,G,0,0,0,1,6,5,3,4,3,26,2,20,15,3,1,3,2,2
401871161,2026-05-08,nba,2026,POST,New York Knicks,Philadelphia 76ers,0,4277869,Jose Alvarado,G,0,0,0,0,1,1,0,0,0,8,0,2,3,0,0,1,1,0
401871161,2026-05-08,nba,2026,POST,New York Knicks,Philadelphia 76ers,0,4433225,Tyler Kolek,G,0,0,0,0,1,0,0,0,0,2,0,-2,0,0,0,0,0,0
401871161,2026-05-08,nba,2026,POST,Philadelphia 76ers,New York Knicks,1,4251,Paul George,F,1,3,0,2,18,6,3,0,0,38,3,-14,15,5,2,8,3,3
401871161,2026-05-08,nba,2026,POST,Philadelphia 76ers,New York Knicks,1,3059318,Joel Embiid,C,1,5,3,5,17,7,3,6,4,35,1,-9,18,6,0,4,0,3
401871161,2026-05-08,nba,2026,POST,Philadelphia 76ers,New York Knicks,1,3133603,Kelly Oubre Jr.,G,1,1,0,6,16,7,4,6,6,36,2,-6,22,8,0,5,2,0
401871161,2026-05-08,nba,2026,POST,Philadelphia 76ers,New York Knicks,1,4431678,Tyrese Maxey,G,1,7,0,2,12,8,2,0,0,44,0,-11,17,2,1,3,1,2
401871161,2026-05-08,nba,2026,POST,Philadelphia 76ers,New York Knicks,1,5124612,VJ Edgecombe,G,1,4,0,5,9,4,4,2,2,40,2,-9,11,7,2,5,1,2
401871161,2026-05-08,nba,2026,POST,Philadelphia 76ers,New York Knicks,1,4431675,Trendon Watford,F,0,0,0,0,1,1,0,2,1,2,0,2,3,0,0,0,0,0
401871161,2026-05-08,nba,2026,POST,Philadelphia 76ers,New York Knicks,1,4432446,Jabari Walker,F,0,0,0,0,1,0,0,0,0,2,0,2,0,0,0,1,0,0
401871161,2026-05-08,nba,2026,POST,Philadelphia 76ers,New York Knicks,1,4711297,Justin Edwards,F,0,0,0,0,0,0,0,0,0,2,0,2,0,0,0,0,0,0
401871161,2026-05-08,nba,2026,POST,Philadelphia 76ers,New York Knicks,1,4870562,Dominick Barlow,F,0,0,0,1,1,1,2,0,0,12,0,-7,2,1,0,0,0,0
401871161,2026-05-08,nba,2026,POST,Philadelphia 76ers,New York Knicks,1,6585,Andre Drummond,C,0,0,0,1,1,0,1,0,0,4,0,3,0,1,1,1,0,0
401871161,2026-05-08,nba,2026,POST,Philadelphia 76ers,New York Knicks,1,5105637,Adem Bona,C,0,0,0,0,0,0,1,0,0,2,0,-8,0,0,0,0,0,0
401871161,2026-05-08,nba,2026,POST,Philadelphia 76ers,New York Knicks,1,4397014,Quentin Grimes,G,0,2,0,1,6,2,4,0,0,22,1,-17,6,2,0,5,2,1
401871161,2026-05-08,nba,2026,POST,Philadelphia 76ers,New York Knicks,1,4433159,Dalen Terry,G,0,1,0,1,2,0,1,0,0,2,0,2,0,1,1,0,0,0
401871161,2026-05-08,nba,2026,POST,Philadelphia 76ers,New York Knicks,1,4433569,Johni Broome,F,0,,,,,,,,,,,,,,,,,
401871161,2026-05-08,nba,2026,POST,Philadelphia 76ers,New York Knicks,1,3012,Kyle Lowry,G,0,,,,,,,,,,,,,,,,,
401871328,2026-05-09,nba,2026,POST,Oklahoma City Thunder,Los Angeles Lakers,0,4222252,Isaiah Hartenstein,C,1,2,0,7,7,6,1,0,0,31,2,26,12,9,1,0,0,4
401871328,2026-05-09,nba,2026,POST,Oklahoma City Thunder,Los Angeles Lakers,0,4433255,Chet Holmgren,C,1,1,1,7,14,9,1,0,0,31,2,18,18,9,0,4,0,1
401871328,2026-05-09,nba,2026,POST,Oklahoma City Thunder,Los Angeles Lakers,0,4278073,Shai Gilgeous-Alexander,G,1,9,2,2,20,7,1,7,6,33,2,24,23,4,1,7,3,2
401871328,2026-05-09,nba,2026,POST,Oklahoma City Thunder,Los Angeles Lakers,0,4397020,Luguentz Dort,G,1,0,0,2,5,4,4,0,0,20,1,21,10,3,1,2,2,0
401871328,2026-05-09,nba,2026,POST,Oklahoma City Thunder,Los Angeles Lakers,0,4900671,Ajay Mitchell,G,1,10,0,2,17,10,3,3,2,30,2,14,24,4,3,4,2,0
401871328,2026-05-09,nba,2026,POST,Oklahoma City Thunder,Los Angeles Lakers,0,4432823,Jaylin Williams,F,0,2,0,4,2,1,2,0,0,13,0,0,3,4,0,2,1,0
401871328,2026-05-09,nba,2026,POST,Oklahoma City Thunder,Los Angeles Lakers,0,2991350,Alex Caruso,G,0,2,0,2,6,3,3,0,0,20,0,11,6,2,3,3,0,0
401871328,2026-05-09,nba,2026,POST,Oklahoma City Thunder,Los Angeles Lakers,0,3133626,Kenrich Williams,G,0,0,0,0,2,0,1,0,0,3,0,-1,0,0,0,2,0,0
401871328,2026-05-09,nba,2026,POST,Oklahoma City Thunder,Los Angeles Lakers,0,4395702,Isaiah Joe,G,0,2,0,3,7,4,3,0,0,18,2,-2,12,5,1,6,4,0
401871328,2026-05-09,nba,2026,POST,Oklahoma City Thunder,Los Angeles Lakers,0,4397183,Aaron Wiggins,G,0,0,0,0,2,2,0,0,0,3,0,-1,4,0,0,0,0,0
401871328,2026-05-09,nba,2026,POST,Oklahoma City Thunder,Los Angeles Lakers,0,4683692,Cason Wallace,G,0,1,0,0,10,6,3,0,0,25,1,13,16,1,1,6,4,1
401871328,2026-05-09,nba,2026,POST,Oklahoma City Thunder,Los Angeles Lakers,0,4683778,Jared McCain,G,0,1,0,0,1,1,0,0,0,10,0,-6,3,0,0,1,1,0
401871328,2026-05-09,nba,2026,POST,Oklahoma City Thunder,Los Angeles Lakers,0,5159925,Nikola Topic,G,0,0,0,2,1,0,0,0,0,3,0,-2,0,2,1,1,0,1
401871328,2026-05-09,nba,2026,POST,Los Angeles Lakers,Oklahoma City Thunder,1,1966,LeBron James,F,1,8,0,6,19,7,1,4,3,37,0,-24,19,6,1,6,2,3
401871328,2026-05-09,nba,2026,POST,Los Angeles Lakers,Oklahoma City Thunder,1,4066648,Rui Hachimura,F,1,4,0,4,14,7,1,2,2,39,1,-24,21,5,1,8,5,1
401871328,2026-05-09,nba,2026,POST,Los Angeles Lakers,Oklahoma City Thunder,1,4278129,Deandre Ayton,C,1,0,1,1,9,5,3,0,0,24,5,-8,10,6,1,0,0,0
401871328,2026-05-09,nba,2026,POST,Los Angeles Lakers,Oklahoma City Thunder,1,2990992,Marcus Smart,G,1,3,0,1,7,3,4,4,3,32,2,-22,10,3,1,2,1,2
401871328,2026-05-09,nba,2026,POST,Los Angeles Lakers,Oklahoma City Thunder,1,4066457,Austin Reaves,G,1,9,0,2,13,5,2,8,6,39,1,-23,17,3,0,5,1,5
401871328,2026-05-09,nba,2026,POST,Los Angeles Lakers,Oklahoma City Thunder,1,2960236,Maxi Kleber,F,0,1,0,0,1,0,1,0,0,8,1,-1,0,1,0,0,0,2
401871328,2026-05-09,nba,2026,POST,Los Angeles Lakers,Oklahoma City Thunder,1,4897943,Dalton Knecht,F,0,3,0,1,2,0,0,0,0,4,0,0,0,1,0,1,0,0
401871328,2026-05-09,nba,2026,POST,Los Angeles Lakers,Oklahoma City Thunder,1,5060631,Adou Thiero,F,0,1,0,5,3,1,1,3,2,13,3,0,4,8,0,1,0,2
401871328,2026-05-09,nba,2026,POST,Los Angeles Lakers,Oklahoma City Thunder,1,4397077,Jaxson Hayes,C,0,0,0,1,0,0,2,2,1,9,1,-5,1,2,0,0,0,0
401871328,2026-05-09,nba,2026,POST,Los Angeles Lakers,Oklahoma City Thunder,1,3913174,Luke Kennard,G,0,2,0,2,10,7,1,0,0,29,0,-8,18,2,1,6,4,0
401871328,2026-05-09,nba,2026,POST,Los Angeles Lakers,Oklahoma City Thunder,1,4683686,Nick Smith Jr.,G,0,0,0,0,2,2,0,2,1,4,0,0,6,0,1,1,1,0
401871328,2026-05-09,nba,2026,POST,Los Angeles Lakers,Oklahoma City Thunder,1,4683774,Bronny James,G,0,0,0,0,1,1,0,0,0,4,0,0,2,0,0,0,0,1
401871328,2026-05-09,nba,2026,POST,Los Angeles Lakers,Oklahoma City Thunder,1,4278077,Jarred Vanderbilt,F,0,,,,,,,,,,,,,,,,,
401871328,2026-05-09,nba,2026,POST,Los Angeles Lakers,Oklahoma City Thunder,1,4592691,Jake LaRavia,F,0,,,,,,,,,,,,,,,,,
401871335,2026-05-09,nba,2026,POST,Detroit Pistons,Cleveland Cavaliers,0,6440,Tobias Harris,F,1,0,0,4,14,7,2,5,5,38,1,3,21,5,0,3,2,1
401871335,2026-05-09,nba,2026,POST,Detroit Pistons,Cleveland Cavaliers,0,3157465,Duncan Robinson,F,1,4,1,3,9,5,3,2,1,36,0,1,15,3,5,7,4,0
401871335,2026-05-09,nba,2026,POST,Detroit Pistons,Cleveland Cavaliers,0,4433621,Jalen Duren,C,1,1,0,3,8,5,3,2,1,29,1,-14,11,4,2,0,0,3
401871335,2026-05-09,nba,2026,POST,Detroit Pistons,Cleveland Cavaliers,0,4432166,Cade Cunningham,G,1,10,0,4,27,10,5,6,5,39,6,6,27,10,1,6,2,8
401871335,2026-05-09,nba,2026,POST,Detroit Pistons,Cleveland Cavaliers,0,4684742,Ausar Thompson,G,1,5,2,4,10,4,4,2,1,29,3,12,9,7,0,2,0,0
401871335,2026-05-09,nba,2026,POST,Detroit Pistons,Cleveland Cavaliers,0,4278562,Paul Reed,F,0,0,0,1,4,4,2,3,3,10,2,11,11,3,0,0,0,1
401871335,2026-05-09,nba,2026,POST,Detroit Pistons,Cleveland Cavaliers,0,4592187,Wendell Moore Jr.,F,0,0,0,0,0,0,0,0,0,,0,0,0,0,0,0,0,0
401871335,2026-05-09,nba,2026,POST,Detroit Pistons,Cleveland Cavaliers,0,4683771,Ronald Holland II,F,0,0,1,1,0,0,0,0,0,4,0,-3,0,1,0,0,0,0
401871335,2026-05-09,nba,2026,POST,Detroit Pistons,Cleveland Cavaliers,0,4432810,Isaiah Stewart,C,0,0,0,2,3,2,2,0,0,9,0,-4,4,2,0,0,0,0
401871335,2026-05-09,nba,2026,POST,Detroit Pistons,Cleveland Cavaliers,0,5107818,Isaac Jones,C,0,0,0,0,0,0,0,0,0,,0,0,0,0,0,0,0,0
401871335,2026-05-09,nba,2026,POST,Detroit Pistons,Cleveland Cavaliers,0,2596112,Javonte Green,G,0,0,0,1,5,1,1,0,0,11,1,-9,3,2,0,4,1,0
401871335,2026-05-09,nba,2026,POST,Detroit Pistons,Cleveland Cavaliers,0,2991043,Caris LeVert,G,0,0,0,0,6,2,0,2,2,17,2,-10,6,2,4,0,0,1
401871335,2026-05-09,nba,2026,POST,Detroit Pistons,Cleveland Cavaliers,0,5107199,Daniss Jenkins,G,0,3,0,0,5,1,3,0,0,18,1,-28,2,1,0,3,0,1
401871335,2026-05-09,nba,2026,POST,Detroit Pistons,Cleveland Cavaliers,0,4397882,Tolu Smith,F,0,,,,,,,,,,,,,,,,,
401871335,2026-05-09,nba,2026,POST,Detroit Pistons,Cleveland Cavaliers,0,4432107,Marcus Sasser,G,0,,,,,,,,,,,,,,,,,
401871335,2026-05-09,nba,2026,POST,Detroit Pistons,Cleveland Cavaliers,0,4700852,Chaz Lanier,G,0,,,,,,,,,,,,,,,,,
401871335,2026-05-09,nba,2026,POST,Cleveland Cavaliers,Detroit Pistons,1,3912848,Dean Wade,F,1,0,0,1,2,1,0,0,0,17,0,-6,3,1,0,2,1,2
401871335,2026-05-09,nba,2026,POST,Cleveland Cavaliers,Detroit Pistons,1,4066328,Jarrett Allen,C,1,1,2,3,9,7,1,7,4,32,1,3,18,4,1,0,0,1
401871335,2026-05-09,nba,2026,POST,Cleveland Cavaliers,Detroit Pistons,1,4432158,Evan Mobley,C,1,4,2,6,6,4,5,10,5,36,2,9,13,8,0,2,0,1
401871335,2026-05-09,nba,2026,POST,Cleveland Cavaliers,Detroit Pistons,1,3992,James Harden,G,1,7,0,1,14,8,1,1,0,40,1,8,19,2,1,7,3,3
401871335,2026-05-09,nba,2026,POST,Cleveland Cavaliers,Detroit Pistons,1,3908809,Donovan Mitchell,G,1,4,0,9,24,13,3,8,7,38,1,7,35,10,0,8,2,3
401871335,2026-05-09,nba,2026,POST,Cleveland Cavaliers,Detroit Pistons,1,4278046,Olivier Sarr,F,0,0,0,0,0,0,0,0,0,,0,0,0,0,0,0,0,0
401871335,2026-05-09,nba,2026,POST,Cleveland Cavaliers,Detroit Pistons,1,4431734,Tristan Enaruna,F,0,0,0,0,0,0,0,0,0,,0,0,0,0,0,0,0,0
401871335,2026-05-09,nba,2026,POST,Cleveland Cavaliers,Detroit Pistons,1,5177362,Riley Minix,F,0,0,0,0,0,0,0,0,0,,0,0,0,0,0,0,0,0
401871335,2026-05-09,nba,2026,POST,Cleveland Cavaliers,Detroit Pistons,1,3032979,Dennis Schroder,G,0,2,2,1,5,4,0,0,0,22,0,0,11,1,0,3,3,2
401871335,2026-05-09,nba,2026,POST,Cleveland Cavaliers,Detroit Pistons,1,4065778,Max Strus,G,0,2,0,5,7,3,5,0,0,26,0,8,7,5,1,4,1,2
401871335,2026-05-09,nba,2026,POST,Cleveland Cavaliers,Detroit Pistons,1,4066757,Sam Merrill,G,0,0,0,0,4,2,2,2,2,14,0,4,7,0,0,3,1,0
401871335,2026-05-09,nba,2026,POST,Cleveland Cavaliers,Detroit Pistons,1,4683747,Jaylon Tyson,G,0,2,1,2,3,1,0,0,0,14,0,2,3,2,0,3,1,1
401871335,2026-05-09,nba,2026,POST,Cleveland Cavaliers,Detroit Pistons,1,2580365,Larry Nance Jr.,F,0,,,,,,,,,,,,,,,,,
401871335,2026-05-09,nba,2026,POST,Cleveland Cavaliers,Detroit Pistons,1,5106268,Nae'Qwan Tomlin,F,0,,,,,,,,,,,,,,,,,
401871335,2026-05-09,nba,2026,POST,Cleveland Cavaliers,Detroit Pistons,1,3934723,Thomas Bryant,C,0,,,,,,,,,,,,,,,,,
401871335,2026-05-09,nba,2026,POST,Cleveland Cavaliers,Detroit Pistons,1,4701233,Craig Porter Jr.,G,0,,,,,,,,,,,,,,,,,
401871335,2026-05-09,nba,2026,POST,Cleveland Cavaliers,Detroit Pistons,1,4702177,Keon Ellis,G,0,,,,,,,,,,,,,,,,,
401871335,2026-05-09,nba,2026,POST,Cleveland Cavaliers,Detroit Pistons,1,5023693,Tyrese Proctor,G,0,,,,,,,,,,,,,,,,,
401871155,2026-05-10,nba,2026,POST,San Antonio Spurs,Minnesota Timberwolves,0,4592479,Julian Champagnie,F,1,3,0,4,8,2,1,4,4,30,1,-5,8,5,2,5,0,0
401871155,2026-05-10,nba,2026,POST,San Antonio Spurs,Minnesota Timberwolves,0,5104157,Victor Wembanyama,F,1,1,0,3,5,2,3,0,0,12,1,-1,4,4,0,1,0,2
401871155,2026-05-10,nba,2026,POST,San Antonio Spurs,Minnesota Timberwolves,0,4066259,De'Aaron Fox,G,1,3,0,4,23,8,2,10,7,37,0,-6,24,4,3,7,1,1
401871155,2026-05-10,nba,2026,POST,San Antonio Spurs,Minnesota Timberwolves,0,4395630,Devin Vassell,G,1,3,0,1,10,6,2,0,0,33,0,5,14,1,2,5,2,1
401871155,2026-05-10,nba,2026,POST,San Antonio Spurs,Minnesota Timberwolves,0,4845367,Stephon Castle,G,1,4,1,3,17,8,4,3,2,37,3,8,20,6,1,6,2,1
401871155,2026-05-10,nba,2026,POST,San Antonio Spurs,Minnesota Timberwolves,0,6578,Harrison Barnes,F,0,0,0,1,2,1,0,0,0,9,0,-5,2,1,0,0,0,0
401871155,2026-05-10,nba,2026,POST,San Antonio Spurs,Minnesota Timberwolves,0,4395723,Keldon Johnson,F,0,1,0,2,4,2,1,1,0,17,1,-5,4,3,1,0,0,3
401871155,2026-05-10,nba,2026,POST,San Antonio Spurs,Minnesota Timberwolves,0,5061568,Carter Bryant,F,0,0,0,1,2,1,3,0,0,12,0,-2,2,1,0,1,0,3
401871155,2026-05-10,nba,2026,POST,San Antonio Spurs,Minnesota Timberwolves,0,3064560,Luke Kornet,C,0,1,2,4,4,3,2,2,1,26,5,0,7,9,1,0,0,1
401871155,2026-05-10,nba,2026,POST,San Antonio Spurs,Minnesota Timberwolves,0,5037871,Dylan Harper,G,0,1,0,5,11,8,2,7,7,27,2,-14,24,7,3,1,1,2
401871155,2026-05-10,nba,2026,POST,San Antonio Spurs,Minnesota Timberwolves,0,2489663,Kelly Olynyk,F,0,,,,,,,,,,,,,,,,,
401871155,2026-05-10,nba,2026,POST,San Antonio Spurs,Minnesota Timberwolves,0,4066317,Lindy Waters III,F,0,,,,,,,,,,,,,,,,,
401871155,2026-05-10,nba,2026,POST,San Antonio Spurs,Minnesota Timberwolves,0,6427,Bismack Biyombo,C,0,,,,,,,,,,,,,,,,,
401871155,2026-05-10,nba,2026,POST,San Antonio Spurs,Minnesota Timberwolves,0,2488653,Mason Plumlee,C,0,,,,,,,,,,,,,,,,,
401871155,2026-05-10,nba,2026,POST,San Antonio Spurs,Minnesota Timberwolves,0,3134916,Jordan McLaughlin,G,0,,,,,,,,,,,,,,,,,
401871155,2026-05-10,nba,2026,POST,Minnesota Timberwolves,San Antonio Spurs,1,3064514,Julius Randle,F,1,3,0,4,12,5,2,0,0,38,4,12,12,8,0,4,2,6
401871155,2026-05-10,nba,2026,POST,Minnesota Timberwolves,San Antonio Spurs,1,4431671,Jaden McDaniels,F,1,0,0,4,15,6,4,2,2,41,2,-5,14,6,0,2,0,1
401871155,2026-05-10,nba,2026,POST,Minnesota Timberwolves,San Antonio Spurs,1,3032976,Rudy Gobert,C,1,4,1,7,7,4,1,4,3,30,6,-7,11,13,0,1,0,0
401871155,2026-05-10,nba,2026,POST,Minnesota Timberwolves,San Antonio Spurs,1,4397002,Ayo Dosunmu,G,1,3,0,5,12,3,4,3,3,30,0,-4,10,5,2,4,1,2
401871155,2026-05-10,nba,2026,POST,Minnesota Timberwolves,San Antonio Spurs,1,4594268,Anthony Edwards,G,1,2,0,5,22,13,5,8,7,40,1,0,36,6,1,5,3,4
401871155,2026-05-10,nba,2026,POST,Minnesota Timberwolves,San Antonio Spurs,1,4396971,Naz Reid,C,0,4,0,7,12,6,5,3,3,31,2,8,15,9,1,4,0,1
401871155,2026-05-10,nba,2026,POST,Minnesota Timberwolves,San Antonio Spurs,1,3195,Mike Conley,G,0,2,0,0,2,2,1,2,2,11,0,10,8,0,0,2,2,1
401871155,2026-05-10,nba,2026,POST,Minnesota Timberwolves,San Antonio Spurs,1,4432847,Terrence Shannon Jr.,G,0,2,0,2,12,3,1,0,0,20,0,11,8,2,1,5,2,2
401871155,2026-05-10,nba,2026,POST,Minnesota Timberwolves,San Antonio Spurs,1,2968436,Joe Ingles,F,0,,,,,,,,,,,,,,,,,
401871155,2026-05-10,nba,2026,POST,Minnesota Timberwolves,San Antonio Spurs,1,2993874,Kyle Anderson,F,0,,,,,,,,,,,,,,,,,
401871155,2026-05-10,nba,2026,POST,Minnesota Timberwolves,San Antonio Spurs,1,5105553,Julian Phillips,F,0,,,,,,,,,,,,,,,,,
401871155,2026-05-10,nba,2026,POST,Minnesota Timberwolves,San Antonio Spurs,1,5279133,Joan Beringer,F,0,,,,,,,,,,,,,,,,,
401871155,2026-05-10,nba,2026,POST,Minnesota Timberwolves,San Antonio Spurs,1,4432247,Jaylen Clark,G,0,,,,,,,,,,,,,,,,,
401871155,2026-05-10,nba,2026,POST,Minnesota Timberwolves,San Antonio Spurs,1,4592492,Bones Hyland,G,0,,,,,,,,,,,,,,,,,
401871162,2026-05-10,nba,2026,POST,New York Knicks,Philadelphia 76ers,0,3136195,Karl-Anthony Towns,C,1,10,2,2,7,5,5,6,5,20,2,23,17,4,0,3,2,2
401871162,2026-05-10,nba,2026,POST,New York Knicks,Philadelphia 76ers,0,3062679,Josh Hart,G,1,1,1,8,10,6,0,1,1,29,1,30,17,9,1,6,4,1
401871162,2026-05-10,nba,2026,POST,New York Knicks,Philadelphia 76ers,0,3147657,Mikal Bridges,G,1,6,0,3,10,6,1,0,0,28,1,31,12,4,3,2,0,1
401871162,2026-05-10,nba,2026,POST,New York Knicks,Philadelphia 76ers,0,3934672,Jalen Brunson,G,1,6,0,2,17,8,2,0,0,28,2,31,22,4,0,10,6,0
401871162,2026-05-10,nba,2026,POST,New York Knicks,Philadelphia 76ers,0,4431823,Miles McBride,G,1,0,0,3,10,7,0,4,4,29,1,33,25,4,1,9,7,0
401871162,2026-05-10,nba,2026,POST,New York Knicks,Philadelphia 76ers,0,4610139,Jeremy Sochan,F,0,2,1,1,1,1,1,4,3,9,1,-14,5,2,0,0,0,1
401871162,2026-05-10,nba,2026,POST,New York Knicks,Philadelphia 76ers,0,4702159,Dillon Jones,F,0,0,0,0,0,0,0,0,0,,0,0,0,0,0,0,0,0
401871162,2026-05-10,nba,2026,POST,New York Knicks,Philadelphia 76ers,0,5211983,Pacome Dadiet,F,0,1,0,3,4,2,0,0,0,12,0,-9,5,3,0,1,1,1
401871162,2026-05-10,nba,2026,POST,New York Knicks,Philadelphia 76ers,0,5289900,Mohamed Diawara,F,0,0,0,0,3,0,1,0,0,9,0,-14,0,0,0,2,0,0
401871162,2026-05-10,nba,2026,POST,New York Knicks,Philadelphia 76ers,0,4351852,Mitchell Robinson,C,0,0,0,2,4,2,2,4,2,16,4,14,6,6,0,0,0,0
401871162,2026-05-10,nba,2026,POST,New York Knicks,Philadelphia 76ers,0,4395623,Trey Jemison III,C,0,0,0,0,0,0,0,0,0,,0,0,0,0,0,0,0,0
401871162,2026-05-10,nba,2026,POST,New York Knicks,Philadelphia 76ers,0,4871141,Ariel Hukporti,C,0,1,0,2,4,1,5,6,3,16,2,-2,5,4,0,1,0,1
401871162,2026-05-10,nba,2026,POST,New York Knicks,Philadelphia 76ers,0,2528426,Jordan Clarkson,G,0,3,0,0,3,2,2,4,3,8,1,8,7,1,0,0,0,0
401871162,2026-05-10,nba,2026,POST,New York Knicks,Philadelphia 76ers,0,3914044,Landry Shamet,G,0,0,0,0,7,4,2,0,0,11,0,13,12,0,0,6,4,0
401871162,2026-05-10,nba,2026,POST,New York Knicks,Philadelphia 76ers,0,4277869,Jose Alvarado,G,0,1,0,3,6,3,0,0,0,10,0,13,7,3,1,2,1,1
401871162,2026-05-10,nba,2026,POST,New York Knicks,Philadelphia 76ers,0,4411057,Kevin McCullar Jr.,G,0,0,0,0,0,0,0,0,0,,0,0,0,0,0,0,0,0
401871162,2026-05-10,nba,2026,POST,New York Knicks,Philadelphia 76ers,0,4433225,Tyler Kolek,G,0,2,0,3,5,2,1,0,0,13,0,-7,4,3,0,2,0,1
401871162,2026-05-10,nba,2026,POST,Philadelphia 76ers,New York Knicks,1,4251,Paul George,F,1,2,0,1,7,3,2,0,0,27,0,-35,7,1,0,4,1,2
401871162,2026-05-10,nba,2026,POST,Philadelphia 76ers,New York Knicks,1,3059318,Joel Embiid,C,1,4,0,4,8,8,3,7,6,28,1,-24,24,5,0,2,2,3
401871162,2026-05-10,nba,2026,POST,Philadelphia 76ers,New York Knicks,1,3133603,Kelly Oubre Jr.,G,1,0,0,3,6,4,0,3,2,26,1,-28,10,4,0,1,0,0
401871162,2026-05-10,nba,2026,POST,Philadelphia 76ers,New York Knicks,1,4431678,Tyrese Maxey,G,1,4,0,2,16,6,2,6,4,33,0,-35,17,2,0,7,1,2
401871162,2026-05-10,nba,2026,POST,Philadelphia 76ers,New York Knicks,1,5124612,VJ Edgecombe,G,1,7,1,4,14,4,1,0,0,30,2,-33,8,6,0,6,0,0
401871162,2026-05-10,nba,2026,POST,Philadelphia 76ers,New York Knicks,1,4431675,Trendon Watford,F,0,1,0,0,1,1,2,0,0,9,0,14,2,0,2,0,0,0
401871162,2026-05-10,nba,2026,POST,Philadelphia 76ers,New York Knicks,1,4432179,MarJon Beauchamp,F,0,0,0,0,0,0,0,0,0,,0,0,0,0,0,0,0,0
401871162,2026-05-10,nba,2026,POST,Philadelphia 76ers,New York Knicks,1,4432446,Jabari Walker,F,0,0,0,2,1,0,1,0,0,7,0,12,0,2,0,0,0,0
401871162,2026-05-10,nba,2026,POST,Philadelphia 76ers,New York Knicks,1,4433569,Johni Broome,F,0,1,0,1,5,3,0,0,0,3,0,4,7,1,0,3,1,0
401871162,2026-05-10,nba,2026,POST,Philadelphia 76ers,New York Knicks,1,4711297,Justin Edwards,F,0,1,0,1,9,3,1,2,2,17,0,3,8,1,0,6,0,0
401871162,2026-05-10,nba,2026,POST,Philadelphia 76ers,New York Knicks,1,4870562,Dominick Barlow,F,0,1,0,1,3,2,1,1,1,15,0,-3,5,1,0,0,0,0
401871162,2026-05-10,nba,2026,POST,Philadelphia 76ers,New York Knicks,1,6585,Andre Drummond,C,0,0,0,2,4,2,5,0,0,7,2,-14,4,4,0,0,0,1
401871162,2026-05-10,nba,2026,POST,Philadelphia 76ers,New York Knicks,1,5105637,Adem Bona,C,0,0,1,1,2,2,1,4,3,10,1,4,7,2,0,0,0,0
401871162,2026-05-10,nba,2026,POST,Philadelphia 76ers,New York Knicks,1,4397014,Quentin Grimes,G,0,0,1,0,6,2,2,0,0,16,0,-24,6,0,0,5,2,0
401871162,2026-05-10,nba,2026,POST,Philadelphia 76ers,New York Knicks,1,4397179,Tyrese Martin,G,0,0,0,0,0,0,0,0,0,,0,0,0,0,0,0,0,0
401871162,2026-05-10,nba,2026,POST,Philadelphia 76ers,New York Knicks,1,4433159,Dalen Terry,G,0,3,0,1,4,3,2,5,2,12,0,9,9,1,3,1,1,1
401871162,2026-05-10,nba,2026,POST,Philadelphia 76ers,New York Knicks,1,3012,Kyle Lowry,G,0,,,,,,,,,,,,,,,,,
401871329,2026-05-11,nba,2026,POST,Oklahoma City Thunder,Los Angeles Lakers,0,4222252,Isaiah Hartenstein,C,1,5,0,7,4,2,5,2,1,28,3,30,5,10,3,0,0,3
401871329,2026-05-11,nba,2026,POST,Oklahoma City Thunder,Los Angeles Lakers,0,4433255,Chet Holmgren,C,1,0,0,8,9,6,2,4,4,35,1,1,16,9,1,2,0,1
401871329,2026-05-11,nba,2026,POST,Oklahoma City Thunder,Los Angeles Lakers,0,4278073,Shai Gilgeous-Alexander,G,1,8,0,1,22,11,1,15,12,39,0,-7,35,1,1,4,1,3
401871329,2026-05-11,nba,2026,POST,Oklahoma City Thunder,Los Angeles Lakers,0,4397020,Luguentz Dort,G,1,0,0,2,6,2,3,0,0,31,0,-1,6,2,0,5,2,0
401871329,2026-05-11,nba,2026,POST,Oklahoma City Thunder,Los Angeles Lakers,0,4900671,Ajay Mitchell,G,1,4,0,2,19,12,2,3,3,33,1,17,28,3,4,4,1,1
401871329,2026-05-11,nba,2026,POST,Oklahoma City Thunder,Los Angeles Lakers,0,4432823,Jaylin Williams,F,0,0,0,1,0,0,1,0,0,9,0,-13,0,1,0,0,0,0
401871329,2026-05-11,nba,2026,POST,Oklahoma City Thunder,Los Angeles Lakers,0,2991350,Alex Caruso,G,0,1,0,4,7,3,5,0,0,22,0,7,9,4,2,5,3,1
401871329,2026-05-11,nba,2026,POST,Oklahoma City Thunder,Los Angeles Lakers,0,4395702,Isaiah Joe,G,0,1,0,0,2,0,3,0,0,7,0,-12,0,0,0,2,0,1
401871329,2026-05-11,nba,2026,POST,Oklahoma City Thunder,Los Angeles Lakers,0,4397183,Aaron Wiggins,G,0,0,0,0,0,0,0,0,0,0,0,0,0,0,0,0,0,0
401871329,2026-05-11,nba,2026,POST,Oklahoma City Thunder,Los Angeles Lakers,0,4683692,Cason Wallace,G,0,0,0,2,2,1,2,0,0,19,0,-24,3,2,1,1,1,1
401871329,2026-05-11,nba,2026,POST,Oklahoma City Thunder,Los Angeles Lakers,0,4683778,Jared McCain,G,0,0,0,1,10,5,0,0,0,16,1,27,13,2,0,8,3,0
401871329,2026-05-11,nba,2026,POST,Oklahoma City Thunder,Los Angeles Lakers,0,3133626,Kenrich Williams,G,0,,,,,,,,,,,,,,,,,
401871329,2026-05-11,nba,2026,POST,Oklahoma City Thunder,Los Angeles Lakers,0,5159925,Nikola Topic,G,0,,,,,,,,,,,,,,,,,
401871329,2026-05-11,nba,2026,POST,Los Angeles Lakers,Oklahoma City Thunder,1,1966,LeBron James,F,1,3,1,12,18,8,1,8,6,40,0,-17,24,12,0,6,2,4
401871329,2026-05-11,nba,2026,POST,Los Angeles Lakers,Oklahoma City Thunder,1,4066648,Rui Hachimura,F,1,2,1,4,15,9,5,3,3,43,1,-2,25,5,0,8,4,0
401871329,2026-05-11,nba,2026,POST,Los Angeles Lakers,Oklahoma City Thunder,1,4278129,Deandre Ayton,C,1,1,0,2,3,3,2,0,0,21,1,-2,6,3,0,0,0,0
401871329,2026-05-11,nba,2026,POST,Los Angeles Lakers,Oklahoma City Thunder,1,2990992,Marcus Smart,G,1,3,0,2,8,2,5,1,1,36,0,5,5,2,2,4,0,6
401871329,2026-05-11,nba,2026,POST,Los Angeles Lakers,Oklahoma City Thunder,1,4066457,Austin Reaves,G,1,6,2,6,16,8,5,9,8,43,1,-6,27,7,0,7,3,8
401871329,2026-05-11,nba,2026,POST,Los Angeles Lakers,Oklahoma City Thunder,1,2960236,Maxi Kleber,F,0,0,0,0,0,0,0,0,0,0,0,0,0,0,0,0,0,0
401871329,2026-05-11,nba,2026,POST,Los Angeles Lakers,Oklahoma City Thunder,1,4278077,Jarred Vanderbilt,F,0,0,0,0,1,0,0,0,0,3,1,-12,0,1,0,0,0,0
401871329,2026-05-11,nba,2026,POST,Los Angeles Lakers,Oklahoma City Thunder,1,5060631,Adou Thiero,F,0,0,0,0,1,0,1,0,0,3,0,-5,0,0,0,1,0,0
401871329,2026-05-11,nba,2026,POST,Los Angeles Lakers,Oklahoma City Thunder,1,4397077,Jaxson Hayes,C,0,1,1,2,8,6,2,6,6,27,3,-1,18,5,0,0,0,1
401871329,2026-05-11,nba,2026,POST,Los Angeles Lakers,Oklahoma City Thunder,1,3913174,Luke Kennard,G,0,2,0,2,5,2,1,0,0,24,0,15,5,2,1,2,1,0
401871329,2026-05-11,nba,2026,POST,Los Angeles Lakers,Oklahoma City Thunder,1,4592691,Jake LaRavia,F,0,,,,,,,,,,,,,,,,,
401871329,2026-05-11,nba,2026,POST,Los Angeles Lakers,Oklahoma City Thunder,1,4897943,Dalton Knecht,F,0,,,,,,,,,,,,,,,,,
401871329,2026-05-11,nba,2026,POST,Los Angeles Lakers,Oklahoma City Thunder,1,4683686,Nick Smith Jr.,G,0,,,,,,,,,,,,,,,,,
401871329,2026-05-11,nba,2026,POST,Los Angeles Lakers,Oklahoma City Thunder,1,4683774,Bronny James,G,0,,,,,,,,,,,,,,,,,
401871336,2026-05-11,nba,2026,POST,Detroit Pistons,Cleveland Cavaliers,0,6440,Tobias Harris,F,1,5,1,6,17,6,1,2,2,36,2,-12,16,8,2,5,2,0
401871336,2026-05-11,nba,2026,POST,Detroit Pistons,Cleveland Cavaliers,0,3157465,Duncan Robinson,F,1,1,0,1,2,1,4,2,1,29,0,-19,4,1,0,2,1,1
401871336,2026-05-11,nba,2026,POST,Detroit Pistons,Cleveland Cavaliers,0,4433621,Jalen Duren,C,1,2,1,1,8,4,5,0,0,27,1,-12,8,2,2,0,0,4
401871336,2026-05-11,nba,2026,POST,Detroit Pistons,Cleveland Cavaliers,0,4432166,Cade Cunningham,G,1,6,0,3,16,7,3,3,3,39,0,-23,19,3,1,5,2,5
401871336,2026-05-11,nba,2026,POST,Detroit Pistons,Cleveland Cavaliers,0,4684742,Ausar Thompson,G,1,1,0,3,3,2,3,0,0,19,1,-27,4,4,1,0,0,4
401871336,2026-05-11,nba,2026,POST,Detroit Pistons,Cleveland Cavaliers,0,4278562,Paul Reed,F,0,2,0,2,9,7,1,2,0,14,2,-3,15,4,1,2,1,1
401871336,2026-05-11,nba,2026,POST,Detroit Pistons,Cleveland Cavaliers,0,4683771,Ronald Holland II,F,0,0,0,3,1,0,1,0,0,8,0,11,0,3,1,1,0,1
401871336,2026-05-11,nba,2026,POST,Detroit Pistons,Cleveland Cavaliers,0,4432810,Isaiah Stewart,C,0,0,0,1,3,2,3,0,0,7,2,6,4,3,0,0,0,1
401871336,2026-05-11,nba,2026,POST,Detroit Pistons,Cleveland Cavaliers,0,2596112,Javonte Green,G,0,0,0,0,0,0,2,0,0,6,0,5,0,0,0,0,0,0
401871336,2026-05-11,nba,2026,POST,Detroit Pistons,Cleveland Cavaliers,0,2991043,Caris LeVert,G,0,3,1,2,16,10,2,1,1,31,2,15,24,4,1,6,3,0
401871336,2026-05-11,nba,2026,POST,Detroit Pistons,Cleveland Cavaliers,0,4432107,Marcus Sasser,G,0,0,0,0,4,3,0,0,0,3,0,8,7,0,1,2,1,0
401871336,2026-05-11,nba,2026,POST,Detroit Pistons,Cleveland Cavaliers,0,5107199,Daniss Jenkins,G,0,3,0,2,4,0,2,2,2,21,1,6,2,3,0,0,0,1
401871336,2026-05-11,nba,2026,POST,Detroit Pistons,Cleveland Cavaliers,0,4397882,Tolu Smith,F,0,,,,,,,,,,,,,,,,,
401871336,2026-05-11,nba,2026,POST,Detroit Pistons,Cleveland Cavaliers,0,4700852,Chaz Lanier,G,0,,,,,,,,,,,,,,,,,
401871336,2026-05-11,nba,2026,POST,Cleveland Cavaliers,Detroit Pistons,1,3912848,Dean Wade,F,1,0,0,3,1,0,1,0,0,23,2,20,0,5,0,0,0,1
401871336,2026-05-11,nba,2026,POST,Cleveland Cavaliers,Detroit Pistons,1,4066328,Jarrett Allen,C,1,1,2,3,6,3,1,4,3,32,2,5,9,5,0,0,0,1
401871336,2026-05-11,nba,2026,POST,Cleveland Cavaliers,Detroit Pistons,1,4432158,Evan Mobley,C,1,5,5,4,11,6,2,4,4,39,4,30,17,8,3,4,1,3
401871336,2026-05-11,nba,2026,POST,Cleveland Cavaliers,Detroit Pistons,1,3992,James Harden,G,1,11,1,0,14,5,0,9,9,37,0,9,24,0,3,9,5,2
401871336,2026-05-11,nba,2026,POST,Cleveland Cavaliers,Detroit Pistons,1,3908809,Donovan Mitchell,G,1,2,0,4,26,13,1,15,13,37,1,28,43,5,1,12,4,1
401871336,2026-05-11,nba,2026,POST,Cleveland Cavaliers,Detroit Pistons,1,5106268,Nae'Qwan Tomlin,F,0,0,0,0,0,0,0,0,0,0,0,-4,0,0,0,0,0,0
401871336,2026-05-11,nba,2026,POST,Cleveland Cavaliers,Detroit Pistons,1,3934723,Thomas Bryant,C,0,0,0,0,0,0,0,0,0,0,0,-4,0,0,0,0,0,0
401871336,2026-05-11,nba,2026,POST,Cleveland Cavaliers,Detroit Pistons,1,3032979,Dennis Schroder,G,0,0,0,2,4,3,3,0,0,20,0,-14,7,2,1,2,1,1
401871336,2026-05-11,nba,2026,POST,Cleveland Cavaliers,Detroit Pistons,1,4065778,Max Strus,G,0,2,0,2,7,2,3,0,0,27,2,-12,5,4,2,6,1,2
401871336,2026-05-11,nba,2026,POST,Cleveland Cavaliers,Detroit Pistons,1,4066757,Sam Merrill,G,0,2,0,1,8,2,4,0,0,16,0,6,6,1,1,7,2,0
401871336,2026-05-11,nba,2026,POST,Cleveland Cavaliers,Detroit Pistons,1,4683747,Jaylon Tyson,G,0,0,0,2,1,0,0,2,1,8,1,-7,1,3,0,1,0,0
401871336,2026-05-11,nba,2026,POST,Cleveland Cavaliers,Detroit Pistons,1,4701233,Craig Porter Jr.,G,0,0,0,0,0,0,0,0,0,0,0,-4,0,0,0,0,0,1
401871336,2026-05-11,nba,2026,POST,Cleveland Cavaliers,Detroit Pistons,1,4702177,Keon Ellis,G,0,0,0,0,0,0,0,0,0,0,0,-4,0,0,0,0,0,0
401871336,2026-05-11,nba,2026,POST,Cleveland Cavaliers,Detroit Pistons,1,5023693,Tyrese Proctor,G,0,0,0,0,0,0,0,0,0,0,0,-4,0,0,0,0,0,1
401871336,2026-05-11,nba,2026,POST,Cleveland Cavaliers,Detroit Pistons,1,2580365,Larry Nance Jr.,F,0,,,,,,,,,,,,,,,,,
401871156,2026-05-12,nba,2026,POST,Minnesota Timberwolves,San Antonio Spurs,0,3064514,Julius Randle,F,1,1,0,5,17,6,3,7,5,36,5,-22,17,10,0,4,0,0
401871156,2026-05-12,nba,2026,POST,Minnesota Timberwolves,San Antonio Spurs,0,4431671,Jaden McDaniels,F,1,2,0,5,13,6,5,2,2,30,1,-12,17,6,1,7,3,2
401871156,2026-05-12,nba,2026,POST,Minnesota Timberwolves,San Antonio Spurs,0,3032976,Rudy Gobert,C,1,0,1,2,4,1,3,2,2,23,3,-15,4,5,2,0,0,1
401871156,2026-05-12,nba,2026,POST,Minnesota Timberwolves,San Antonio Spurs,0,4397002,Ayo Dosunmu,G,1,4,2,9,14,7,4,2,1,33,0,-20,16,9,3,4,1,2
401871156,2026-05-12,nba,2026,POST,Minnesota Timberwolves,San Antonio Spurs,0,4594268,Anthony Edwards,G,1,2,0,2,13,6,0,7,7,39,0,-9,20,2,0,3,1,4
401871156,2026-05-12,nba,2026,POST,Minnesota Timberwolves,San Antonio Spurs,0,2993874,Kyle Anderson,F,0,0,0,0,1,0,0,2,1,3,0,-7,1,0,0,0,0,0
401871156,2026-05-12,nba,2026,POST,Minnesota Timberwolves,San Antonio Spurs,0,5105553,Julian Phillips,F,0,0,0,0,1,0,0,0,0,3,0,-7,0,0,0,1,0,0
401871156,2026-05-12,nba,2026,POST,Minnesota Timberwolves,San Antonio Spurs,0,5279133,Joan Beringer,F,0,0,1,2,1,0,0,4,3,3,1,-7,3,3,0,0,0,1
401871156,2026-05-12,nba,2026,POST,Minnesota Timberwolves,San Antonio Spurs,0,4396971,Naz Reid,C,0,2,0,5,10,4,4,2,1,31,0,-21,12,5,1,7,3,0
401871156,2026-05-12,nba,2026,POST,Minnesota Timberwolves,San Antonio Spurs,0,3195,Mike Conley,G,0,2,0,1,3,2,1,0,0,15,0,-6,5,1,0,2,1,0
401871156,2026-05-12,nba,2026,POST,Minnesota Timberwolves,San Antonio Spurs,0,4432247,Jaylen Clark,G,0,0,0,0,0,0,0,0,0,3,0,-7,0,0,0,0,0,0
401871156,2026-05-12,nba,2026,POST,Minnesota Timberwolves,San Antonio Spurs,0,4432847,Terrence Shannon Jr.,G,0,4,0,0,5,0,4,2,2,17,0,-5,2,0,0,4,0,2
401871156,2026-05-12,nba,2026,POST,Minnesota Timberwolves,San Antonio Spurs,0,4592492,Bones Hyland,G,0,0,0,1,1,0,0,0,0,3,0,-7,0,1,0,1,0,1
401871156,2026-05-12,nba,2026,POST,Minnesota Timberwolves,San Antonio Spurs,0,2968436,Joe Ingles,F,0,,,,,,,,,,,,,,,,,
401871156,2026-05-12,nba,2026,POST,San Antonio Spurs,Minnesota Timberwolves,1,4592479,Julian Champagnie,F,1,0,0,4,9,3,5,0,0,29,0,15,8,4,2,8,2,0
401871156,2026-05-12,nba,2026,POST,San Antonio Spurs,Minnesota Timberwolves,1,5104157,Victor Wembanyama,F,1,5,3,15,16,9,1,9,7,33,2,24,27,17,0,5,2,4
401871156,2026-05-12,nba,2026,POST,San Antonio Spurs,Minnesota Timberwolves,1,4066259,De'Aaron Fox,G,1,5,0,4,15,6,2,5,5,34,0,24,18,4,0,4,1,1
401871156,2026-05-12,nba,2026,POST,San Antonio Spurs,Minnesota Timberwolves,1,4395630,Devin Vassell,G,1,2,1,2,10,4,3,3,2,32,1,22,12,3,0,7,2,1
401871156,2026-05-12,nba,2026,POST,San Antonio Spurs,Minnesota Timberwolves,1,4845367,Stephon Castle,G,1,6,1,4,11,8,3,3,1,27,0,4,17,4,2,1,0,4
401871156,2026-05-12,nba,2026,POST,San Antonio Spurs,Minnesota Timberwolves,1,6578,Harrison Barnes,F,0,1,0,0,0,0,0,0,0,4,1,0,0,1,0,0,0,0
401871156,2026-05-12,nba,2026,POST,San Antonio Spurs,Minnesota Timberwolves,1,2489663,Kelly Olynyk,F,0,0,0,0,1,1,0,0,0,2,0,4,3,0,0,1,1,0
401871156,2026-05-12,nba,2026,POST,San Antonio Spurs,Minnesota Timberwolves,1,4066317,Lindy Waters III,F,0,0,0,0,2,1,0,0,0,2,0,4,3,0,0,1,1,0
401871156,2026-05-12,nba,2026,POST,San Antonio Spurs,Minnesota Timberwolves,1,4395723,Keldon Johnson,F,0,0,1,0,11,8,3,5,4,22,2,17,21,2,2,3,1,2
401871156,2026-05-12,nba,2026,POST,San Antonio Spurs,Minnesota Timberwolves,1,5061568,Carter Bryant,F,0,2,0,4,1,1,1,0,0,12,0,9,3,4,0,1,1,1
401871156,2026-05-12,nba,2026,POST,San Antonio Spurs,Minnesota Timberwolves,1,6427,Bismack Biyombo,C,0,0,0,1,2,1,2,0,0,2,0,4,2,1,0,0,0,0
401871156,2026-05-12,nba,2026,POST,San Antonio Spurs,Minnesota Timberwolves,1,3064560,Luke Kornet,C,0,0,1,0,1,0,1,0,0,11,0,-2,0,0,2,0,0,0
401871156,2026-05-12,nba,2026,POST,San Antonio Spurs,Minnesota Timberwolves,1,3134916,Jordan McLaughlin,G,0,2,0,0,0,0,0,0,0,3,0,7,0,0,0,0,0,0
401871156,2026-05-12,nba,2026,POST,San Antonio Spurs,Minnesota Timberwolves,1,5037871,Dylan Harper,G,0,2,1,5,10,5,3,2,2,25,5,13,12,10,1,1,0,2
401871156,2026-05-12,nba,2026,POST,San Antonio Spurs,Minnesota Timberwolves,1,2488653,Mason Plumlee,C,0,,,,,,,,,,,,,,,,,
401871337,2026-05-13,nba,2026,POST,Cleveland Cavaliers,Detroit Pistons,0,3912848,Dean Wade,F,1,0,0,5,0,0,1,0,0,23,1,2,0,6,1,0,0,0
401871337,2026-05-13,nba,2026,POST,Cleveland Cavaliers,Detroit Pistons,0,4066328,Jarrett Allen,C,1,1,2,4,10,6,1,5,4,36,6,14,16,10,1,0,0,1
401871337,2026-05-13,nba,2026,POST,Cleveland Cavaliers,Detroit Pistons,0,4432158,Evan Mobley,C,1,8,3,7,13,6,2,6,5,43,1,-7,19,8,1,3,2,4
401871337,2026-05-13,nba,2026,POST,Cleveland Cavaliers,Detroit Pistons,0,3992,James Harden,G,1,6,3,5,21,8,5,14,11,43,3,11,30,8,1,10,3,6
401871337,2026-05-13,nba,2026,POST,Cleveland Cavaliers,Detroit Pistons,0,3908809,Donovan Mitchell,G,1,3,0,4,18,7,2,6,6,42,0,-4,21,4,0,8,1,2
401871337,2026-05-13,nba,2026,POST,Cleveland Cavaliers,Detroit Pistons,0,3032979,Dennis Schroder,G,0,5,0,0,4,1,1,5,3,17,0,9,5,0,0,1,0,2
401871337,2026-05-13,nba,2026,POST,Cleveland Cavaliers,Detroit Pistons,0,4065778,Max Strus,G,0,1,1,6,8,6,3,2,2,36,2,9,20,8,1,8,6,0
401871337,2026-05-13,nba,2026,POST,Cleveland Cavaliers,Detroit Pistons,0,4066757,Sam Merrill,G,0,1,0,0,5,2,1,0,0,21,0,-7,6,0,1,5,2,0
401871337,2026-05-13,nba,2026,POST,Cleveland Cavaliers,Detroit Pistons,0,4683747,Jaylon Tyson,G,0,0,0,0,1,0,0,0,0,3,0,-7,0,0,0,0,0,1
401871337,2026-05-13,nba,2026,POST,Cleveland Cavaliers,Detroit Pistons,0,2580365,Larry Nance Jr.,F,0,,,,,,,,,,,,,,,,,
401871337,2026-05-13,nba,2026,POST,Cleveland Cavaliers,Detroit Pistons,0,5106268,Nae'Qwan Tomlin,F,0,,,,,,,,,,,,,,,,,
401871337,2026-05-13,nba,2026,POST,Cleveland Cavaliers,Detroit Pistons,0,3934723,Thomas Bryant,C,0,,,,,,,,,,,,,,,,,
401871337,2026-05-13,nba,2026,POST,Cleveland Cavaliers,Detroit Pistons,0,4701233,Craig Porter Jr.,G,0,,,,,,,,,,,,,,,,,
401871337,2026-05-13,nba,2026,POST,Cleveland Cavaliers,Detroit Pistons,0,4702177,Keon Ellis,G,0,,,,,,,,,,,,,,,,,
401871337,2026-05-13,nba,2026,POST,Cleveland Cavaliers,Detroit Pistons,0,5023693,Tyrese Proctor,G,0,,,,,,,,,,,,,,,,,
401871337,2026-05-13,nba,2026,POST,Detroit Pistons,Cleveland Cavaliers,1,6440,Tobias Harris,F,1,3,1,4,19,6,5,0,0,40,2,-2,13,6,1,7,1,0
401871337,2026-05-13,nba,2026,POST,Detroit Pistons,Cleveland Cavaliers,1,4433621,Jalen Duren,C,1,4,0,4,5,3,2,4,3,25,1,-16,9,5,1,0,0,0
401871337,2026-05-13,nba,2026,POST,Detroit Pistons,Cleveland Cavaliers,1,4432166,Cade Cunningham,G,1,9,0,6,27,13,4,8,7,48,1,-4,39,7,2,10,6,6
401871337,2026-05-13,nba,2026,POST,Detroit Pistons,Cleveland Cavaliers,1,4684742,Ausar Thompson,G,1,5,3,4,6,2,2,2,2,41,3,1,6,7,4,1,0,2
401871337,2026-05-13,nba,2026,POST,Detroit Pistons,Cleveland Cavaliers,1,5107199,Daniss Jenkins,G,1,3,2,1,17,8,3,1,1,41,1,-9,19,2,1,8,2,0
401871337,2026-05-13,nba,2026,POST,Detroit Pistons,Cleveland Cavaliers,1,4278562,Paul Reed,F,0,1,2,4,7,4,3,2,2,17,4,0,10,8,0,0,0,1
401871337,2026-05-13,nba,2026,POST,Detroit Pistons,Cleveland Cavaliers,1,4432810,Isaiah Stewart,C,0,1,1,0,5,3,2,0,0,11,2,12,8,2,0,3,2,0
401871337,2026-05-13,nba,2026,POST,Detroit Pistons,Cleveland Cavaliers,1,2991043,Caris LeVert,G,0,1,1,1,7,2,4,3,3,24,0,-7,7,1,1,3,0,0
401871337,2026-05-13,nba,2026,POST,Detroit Pistons,Cleveland Cavaliers,1,4066372,Kevin Huerter,G,0,1,0,0,0,0,0,0,0,3,0,-4,0,0,0,0,0,0
401871337,2026-05-13,nba,2026,POST,Detroit Pistons,Cleveland Cavaliers,1,4432107,Marcus Sasser,G,0,0,0,1,2,1,1,0,0,16,1,9,2,2,0,1,0,1
401871337,2026-05-13,nba,2026,POST,Detroit Pistons,Cleveland Cavaliers,1,4397882,Tolu Smith,F,0,,,,,,,,,,,,,,,,,
401871337,2026-05-13,nba,2026,POST,Detroit Pistons,Cleveland Cavaliers,1,4683771,Ronald Holland II,F,0,,,,,,,,,,,,,,,,,
401871337,2026-05-13,nba,2026,POST,Detroit Pistons,Cleveland Cavaliers,1,2596112,Javonte Green,G,0,,,,,,,,,,,,,,,,,
401871337,2026-05-13,nba,2026,POST,Detroit Pistons,Cleveland Cavaliers,1,4700852,Chaz Lanier,G,0,,,,,,,,,,,,,,,,,
401871157,2026-05-15,nba,2026,POST,San Antonio Spurs,Minnesota Timberwolves,0,4592479,Julian Champagnie,F,1,2,0,5,10,5,3,4,4,26,0,35,18,5,2,9,4,0
401871157,2026-05-15,nba,2026,POST,San Antonio Spurs,Minnesota Timberwolves,0,5104157,Victor Wembanyama,F,1,2,3,5,11,6,3,9,7,27,1,25,19,6,0,2,0,4
401871157,2026-05-15,nba,2026,POST,San Antonio Spurs,Minnesota Timberwolves,0,4066259,De'Aaron Fox,G,1,9,2,4,10,8,1,2,2,24,0,26,21,4,0,3,3,1
401871157,2026-05-15,nba,2026,POST,San Antonio Spurs,Minnesota Timberwolves,0,4395630,Devin Vassell,G,1,4,1,5,10,4,3,0,0,27,0,14,11,5,0,7,3,1
401871157,2026-05-15,nba,2026,POST,San Antonio Spurs,Minnesota Timberwolves,0,4845367,Stephon Castle,G,1,6,0,8,16,11,2,6,5,30,3,28,32,11,0,7,5,2
401871157,2026-05-15,nba,2026,POST,San Antonio Spurs,Minnesota Timberwolves,0,6578,Harrison Barnes,F,0,2,0,1,3,1,0,0,0,7,3,7,3,4,0,3,1,0
401871157,2026-05-15,nba,2026,POST,San Antonio Spurs,Minnesota Timberwolves,0,2489663,Kelly Olynyk,F,0,1,0,4,4,1,0,0,0,8,0,-3,3,4,0,2,1,1
401871157,2026-05-15,nba,2026,POST,San Antonio Spurs,Minnesota Timberwolves,0,4066317,Lindy Waters III,F,0,1,0,0,3,1,0,0,0,8,1,-3,2,1,0,1,0,0
401871157,2026-05-15,nba,2026,POST,San Antonio Spurs,Minnesota Timberwolves,0,4395723,Keldon Johnson,F,0,2,0,0,2,0,1,0,0,10,0,-8,0,0,0,0,0,0
401871157,2026-05-15,nba,2026,POST,San Antonio Spurs,Minnesota Timberwolves,0,5061568,Carter Bryant,F,0,1,0,5,3,1,0,2,1,13,1,16,3,6,0,1,0,0
401871157,2026-05-15,nba,2026,POST,San Antonio Spurs,Minnesota Timberwolves,0,6427,Bismack Biyombo,C,0,0,2,0,2,1,1,0,0,7,0,-5,2,0,0,0,0,1
401871157,2026-05-15,nba,2026,POST,San Antonio Spurs,Minnesota Timberwolves,0,2488653,Mason Plumlee,C,0,0,0,2,2,1,1,0,0,5,0,-3,2,2,0,0,0,1
401871157,2026-05-15,nba,2026,POST,San Antonio Spurs,Minnesota Timberwolves,0,3064560,Luke Kornet,C,0,1,4,4,3,2,4,2,2,14,2,8,6,6,0,0,0,1
401871157,2026-05-15,nba,2026,POST,San Antonio Spurs,Minnesota Timberwolves,0,3134916,Jordan McLaughlin,G,0,1,0,1,1,1,0,0,0,8,0,-3,2,1,0,0,0,0
401871157,2026-05-15,nba,2026,POST,San Antonio Spurs,Minnesota Timberwolves,0,5037871,Dylan Harper,G,0,2,1,4,8,6,2,2,2,26,1,16,15,5,0,3,1,3
401871157,2026-05-15,nba,2026,POST,Minnesota Timberwolves,San Antonio Spurs,1,3064514,Julius Randle,F,1,1,0,5,8,1,3,2,1,24,2,-34,3,7,0,2,0,0
401871157,2026-05-15,nba,2026,POST,Minnesota Timberwolves,San Antonio Spurs,1,4431671,Jaden McDaniels,F,1,3,1,0,13,4,5,3,3,23,1,-21,13,1,0,4,2,0
401871157,2026-05-15,nba,2026,POST,Minnesota Timberwolves,San Antonio Spurs,1,3032976,Rudy Gobert,C,1,0,0,2,4,0,3,0,0,22,1,-10,0,3,0,0,0,0
401871157,2026-05-15,nba,2026,POST,Minnesota Timberwolves,San Antonio Spurs,1,4397002,Ayo Dosunmu,G,1,9,0,1,8,4,3,2,2,23,0,-28,10,1,0,1,0,0
401871157,2026-05-15,nba,2026,POST,Minnesota Timberwolves,San Antonio Spurs,1,4594268,Anthony Edwards,G,1,2,0,1,26,9,4,7,4,36,1,-31,24,2,3,7,2,3
401871157,2026-05-15,nba,2026,POST,Minnesota Timberwolves,San Antonio Spurs,1,2993874,Kyle Anderson,F,0,3,0,0,3,1,0,0,0,8,0,3,2,0,0,0,0,0
401871157,2026-05-15,nba,2026,POST,Minnesota Timberwolves,San Antonio Spurs,1,5105553,Julian Phillips,F,0,1,0,0,2,1,0,0,0,8,0,3,3,0,1,2,1,1
401871157,2026-05-15,nba,2026,POST,Minnesota Timberwolves,San Antonio Spurs,1,5279133,Joan Beringer,F,0,0,1,1,3,2,0,0,0,8,1,3,4,2,1,0,0,0
401871157,2026-05-15,nba,2026,POST,Minnesota Timberwolves,San Antonio Spurs,1,4396971,Naz Reid,C,0,1,0,6,13,7,0,1,1,32,1,-15,18,7,0,7,3,0
401871157,2026-05-15,nba,2026,POST,Minnesota Timberwolves,San Antonio Spurs,1,3195,Mike Conley,G,0,4,0,0,3,2,0,0,0,19,0,-5,6,0,3,3,2,0
401871157,2026-05-15,nba,2026,POST,Minnesota Timberwolves,San Antonio Spurs,1,4432247,Jaylen Clark,G,0,0,0,3,2,0,0,2,2,8,0,3,2,3,0,1,0,0
401871157,2026-05-15,nba,2026,POST,Minnesota Timberwolves,San Antonio Spurs,1,4432847,Terrence Shannon Jr.,G,0,1,0,1,15,8,3,4,4,22,1,-21,21,2,1,3,1,1
401871157,2026-05-15,nba,2026,POST,Minnesota Timberwolves,San Antonio Spurs,1,4592492,Bones Hyland,G,0,0,0,0,6,1,1,0,0,8,1,3,3,1,0,4,1,0
401871157,2026-05-15,nba,2026,POST,Minnesota Timberwolves,San Antonio Spurs,1,2968436,Joe Ingles,F,0,,,,,,,,,,,,,,,,,
401871338,2026-05-15,nba,2026,POST,Detroit Pistons,Cleveland Cavaliers,0,6440,Tobias Harris,F,1,3,0,5,7,2,4,2,2,25,0,6,6,5,2,2,0,2
401871338,2026-05-15,nba,2026,POST,Detroit Pistons,Cleveland Cavaliers,0,4433621,Jalen Duren,C,1,0,3,7,10,7,2,4,1,27,4,9,15,11,1,0,0,0
401871338,2026-05-15,nba,2026,POST,Detroit Pistons,Cleveland Cavaliers,0,4432166,Cade Cunningham,G,1,8,0,2,19,7,2,2,2,42,0,13,21,2,0,10,5,7
401871338,2026-05-15,nba,2026,POST,Detroit Pistons,Cleveland Cavaliers,0,4684742,Ausar Thompson,G,1,4,1,4,6,4,6,3,2,24,5,12,10,9,4,1,0,2
401871338,2026-05-15,nba,2026,POST,Detroit Pistons,Cleveland Cavaliers,0,5107199,Daniss Jenkins,G,1,3,0,2,11,5,0,2,2,31,1,12,15,3,0,7,3,0
401871338,2026-05-15,nba,2026,POST,Detroit Pistons,Cleveland Cavaliers,0,3157465,Duncan Robinson,F,0,2,0,2,7,4,2,3,2,20,0,3,14,2,0,7,4,0
401871338,2026-05-15,nba,2026,POST,Detroit Pistons,Cleveland Cavaliers,0,4278562,Paul Reed,F,0,1,1,3,9,7,1,3,2,16,3,8,17,6,0,1,1,3
401871338,2026-05-15,nba,2026,POST,Detroit Pistons,Cleveland Cavaliers,0,4397882,Tolu Smith,F,0,0,0,0,0,0,0,0,0,0,0,0,0,0,0,0,0,0
401871338,2026-05-15,nba,2026,POST,Detroit Pistons,Cleveland Cavaliers,0,4683771,Ronald Holland II,F,0,0,0,0,0,0,1,0,0,2,0,2,0,0,0,0,0,0
401871338,2026-05-15,nba,2026,POST,Detroit Pistons,Cleveland Cavaliers,0,4432810,Isaiah Stewart,C,0,0,0,1,1,0,0,0,0,4,0,2,0,1,0,1,0,0
401871338,2026-05-15,nba,2026,POST,Detroit Pistons,Cleveland Cavaliers,0,2991043,Caris LeVert,G,0,3,1,3,7,3,4,0,0,29,0,12,8,3,1,5,2,2
401871338,2026-05-15,nba,2026,POST,Detroit Pistons,Cleveland Cavaliers,0,4432107,Marcus Sasser,G,0,1,0,1,5,4,0,0,0,18,0,27,9,1,1,2,1,1
401871338,2026-05-15,nba,2026,POST,Detroit Pistons,Cleveland Cavaliers,0,4700852,Chaz Lanier,G,0,0,0,0,0,0,0,0,0,1,0,-1,0,0,0,0,0,0
401871338,2026-05-15,nba,2026,POST,Detroit Pistons,Cleveland Cavaliers,0,2596112,Javonte Green,G,0,,,,,,,,,,,,,,,,,
401871338,2026-05-15,nba,2026,POST,Detroit Pistons,Cleveland Cavaliers,0,4066372,Kevin Huerter,G,0,,,,,,,,,,,,,,,,,
401871338,2026-05-15,nba,2026,POST,Cleveland Cavaliers,Detroit Pistons,1,3912848,Dean Wade,F,1,0,0,2,2,1,0,0,0,22,1,-16,3,3,0,2,1,0
401871338,2026-05-15,nba,2026,POST,Cleveland Cavaliers,Detroit Pistons,1,4066328,Jarrett Allen,C,1,1,1,1,6,5,1,4,3,30,7,-5,13,8,1,0,0,1
401871338,2026-05-15,nba,2026,POST,Cleveland Cavaliers,Detroit Pistons,1,4432158,Evan Mobley,C,1,2,2,4,14,6,2,8,4,36,2,-24,18,6,2,5,2,3
401871338,2026-05-15,nba,2026,POST,Cleveland Cavaliers,Detroit Pistons,1,3992,James Harden,G,1,4,0,7,13,6,3,10,8,37,0,-5,23,7,4,8,3,8
401871338,2026-05-15,nba,2026,POST,Cleveland Cavaliers,Detroit Pistons,1,3908809,Donovan Mitchell,G,1,3,0,2,20,6,2,4,4,37,2,-25,18,4,1,6,2,3
401871338,2026-05-15,nba,2026,POST,Cleveland Cavaliers,Detroit Pistons,1,5106268,Nae'Qwan Tomlin,F,0,0,0,0,0,0,0,2,1,2,1,0,1,1,0,0,0,0
401871338,2026-05-15,nba,2026,POST,Cleveland Cavaliers,Detroit Pistons,1,3934723,Thomas Bryant,C,0,0,0,0,2,0,0,0,0,2,0,0,0,0,0,1,0,0
401871338,2026-05-15,nba,2026,POST,Cleveland Cavaliers,Detroit Pistons,1,3032979,Dennis Schroder,G,0,3,0,2,4,0,2,0,0,15,0,-4,0,2,0,1,0,3
401871338,2026-05-15,nba,2026,POST,Cleveland Cavaliers,Detroit Pistons,1,4065778,Max Strus,G,0,0,0,5,9,2,3,0,0,30,3,-16,6,8,0,7,2,1
401871338,2026-05-15,nba,2026,POST,Cleveland Cavaliers,Detroit Pistons,1,4066757,Sam Merrill,G,0,1,0,1,6,3,4,2,2,20,0,-10,10,1,0,5,2,0
401871338,2026-05-15,nba,2026,POST,Cleveland Cavaliers,Detroit Pistons,1,4683747,Jaylon Tyson,G,0,0,0,0,1,1,1,0,0,2,0,0,2,0,0,0,0,0
401871338,2026-05-15,nba,2026,POST,Cleveland Cavaliers,Detroit Pistons,1,4701233,Craig Porter Jr.,G,0,0,0,0,0,0,0,0,0,2,0,0,0,0,0,0,0,0
401871338,2026-05-15,nba,2026,POST,Cleveland Cavaliers,Detroit Pistons,1,4702177,Keon Ellis,G,0,1,0,0,0,0,0,0,0,2,0,0,0,0,1,0,0,1
401871338,2026-05-15,nba,2026,POST,Cleveland Cavaliers,Detroit Pistons,1,2580365,Larry Nance Jr.,F,0,,,,,,,,,,,,,,,,,
401871338,2026-05-15,nba,2026,POST,Cleveland Cavaliers,Detroit Pistons,1,5023693,Tyrese Proctor,G,0,,,,,,,,,,,,,,,,,
401871339,2026-05-17,nba,2026,POST,Cleveland Cavaliers,Detroit Pistons,0,4066328,Jarrett Allen,C,1,1,1,4,14,8,1,13,7,25,3,9,23,7,1,0,0,2
401871339,2026-05-17,nba,2026,POST,Cleveland Cavaliers,Detroit Pistons,0,4432158,Evan Mobley,C,1,6,2,10,10,7,1,11,6,36,2,31,21,12,2,4,1,2
401871339,2026-05-17,nba,2026,POST,Cleveland Cavaliers,Detroit Pistons,0,3992,James Harden,G,1,6,0,5,10,2,4,8,5,36,0,31,9,5,0,6,0,1
401871339,2026-05-17,nba,2026,POST,Cleveland Cavaliers,Detroit Pistons,0,3908809,Donovan Mitchell,G,1,8,1,4,22,10,6,6,4,31,2,17,26,6,1,6,2,0
401871339,2026-05-17,nba,2026,POST,Cleveland Cavaliers,Detroit Pistons,0,4065778,Max Strus,G,1,2,0,2,7,3,2,2,2,28,1,11,9,3,3,5,1,0
401871339,2026-05-17,nba,2026,POST,Cleveland Cavaliers,Detroit Pistons,0,3912848,Dean Wade,F,0,1,0,4,2,2,2,0,0,21,2,17,5,6,0,1,1,0
401871339,2026-05-17,nba,2026,POST,Cleveland Cavaliers,Detroit Pistons,0,5106268,Nae'Qwan Tomlin,F,0,0,0,1,1,1,0,0,0,4,0,1,2,1,1,0,0,0
401871339,2026-05-17,nba,2026,POST,Cleveland Cavaliers,Detroit Pistons,0,3934723,Thomas Bryant,C,0,1,0,2,4,0,1,0,0,4,2,1,0,4,0,2,0,1
401871339,2026-05-17,nba,2026,POST,Cleveland Cavaliers,Detroit Pistons,0,3032979,Dennis Schroder,G,0,3,0,2,1,1,1,0,0,18,1,12,2,3,1,0,0,2
401871339,2026-05-17,nba,2026,POST,Cleveland Cavaliers,Detroit Pistons,0,4066757,Sam Merrill,G,0,2,0,0,10,7,3,4,4,25,1,22,23,1,1,8,5,2
401871339,2026-05-17,nba,2026,POST,Cleveland Cavaliers,Detroit Pistons,0,4683747,Jaylon Tyson,G,0,0,0,0,1,0,0,0,0,4,0,1,0,0,0,1,0,0
401871339,2026-05-17,nba,2026,POST,Cleveland Cavaliers,Detroit Pistons,0,4701233,Craig Porter Jr.,G,0,1,0,2,2,1,0,0,0,4,0,1,2,2,0,0,0,0
401871339,2026-05-17,nba,2026,POST,Cleveland Cavaliers,Detroit Pistons,0,4702177,Keon Ellis,G,0,0,0,0,1,1,1,0,0,4,0,1,3,0,0,1,1,1
401871339,2026-05-17,nba,2026,POST,Cleveland Cavaliers,Detroit Pistons,0,5023693,Tyrese Proctor,G,0,,,,,,,,,,,,,,,,,
401871339,2026-05-17,nba,2026,POST,Detroit Pistons,Cleveland Cavaliers,1,6440,Tobias Harris,F,1,2,1,4,6,0,3,6,5,23,1,-23,5,5,1,2,0,1
401871339,2026-05-17,nba,2026,POST,Detroit Pistons,Cleveland Cavaliers,1,4433621,Jalen Duren,C,1,3,2,7,7,3,5,2,1,26,2,-18,7,9,0,0,0,3
401871339,2026-05-17,nba,2026,POST,Detroit Pistons,Cleveland Cavaliers,1,4432166,Cade Cunningham,G,1,5,0,4,16,5,4,3,3,37,0,-32,13,4,2,7,0,3
401871339,2026-05-17,nba,2026,POST,Detroit Pistons,Cleveland Cavaliers,1,4684742,Ausar Thompson,G,1,0,2,6,7,2,4,2,0,29,1,-14,5,7,0,2,1,1
401871339,2026-05-17,nba,2026,POST,Detroit Pistons,Cleveland Cavaliers,1,5107199,Daniss Jenkins,G,1,5,0,2,12,4,3,8,7,34,1,-15,17,3,0,7,2,1
401871339,2026-05-17,nba,2026,POST,Detroit Pistons,Cleveland Cavaliers,1,3157465,Duncan Robinson,F,0,1,0,1,7,4,3,3,2,22,0,-20,13,1,1,5,3,3
401871339,2026-05-17,nba,2026,POST,Detroit Pistons,Cleveland Cavaliers,1,4278562,Paul Reed,F,0,1,0,1,5,2,1,0,0,8,3,-7,4,4,0,0,0,0
401871339,2026-05-17,nba,2026,POST,Detroit Pistons,Cleveland Cavaliers,1,4397882,Tolu Smith,F,0,0,0,2,2,2,0,0,0,5,0,4,4,2,1,0,0,1
401871339,2026-05-17,nba,2026,POST,Detroit Pistons,Cleveland Cavaliers,1,4683771,Ronald Holland II,F,0,0,0,2,3,1,0,0,0,6,0,4,3,2,0,2,1,0
401871339,2026-05-17,nba,2026,POST,Detroit Pistons,Cleveland Cavaliers,1,4432810,Isaiah Stewart,C,0,0,0,0,1,1,2,1,1,6,0,-8,3,0,0,0,0,0
401871339,2026-05-17,nba,2026,POST,Detroit Pistons,Cleveland Cavaliers,1,2991043,Caris LeVert,G,0,2,0,2,5,3,3,4,3,17,0,-14,11,2,1,4,2,1
401871339,2026-05-17,nba,2026,POST,Detroit Pistons,Cleveland Cavaliers,1,4432107,Marcus Sasser,G,0,1,0,0,12,3,3,0,0,23,2,-16,9,2,1,9,3,0
401871339,2026-05-17,nba,2026,POST,Detroit Pistons,Cleveland Cavaliers,1,4700852,Chaz Lanier,G,0,1,0,0,2,0,0,0,0,5,0,4,0,0,0,1,0,0
401871339,2026-05-17,nba,2026,POST,Detroit Pistons,Cleveland Cavaliers,1,2596112,Javonte Green,G,0,,,,,,,,,,,,,,,,,
401871339,2026-05-17,nba,2026,POST,Detroit Pistons,Cleveland Cavaliers,1,4066372,Kevin Huerter,G,0,,,,,,,,,,,,,,,,,
401873197,2026-05-18,nba,2026,POST,San Antonio Spurs,Oklahoma City Thunder,0,4592479,Julian Champagnie,F,1,1,2,7,12,4,3,0,0,44,2,8,11,9,1,11,3,1
401873197,2026-05-18,nba,2026,POST,San Antonio Spurs,Oklahoma City Thunder,0,5104157,Victor Wembanyama,F,1,3,3,15,25,14,4,13,12,49,9,16,41,24,1,2,1,3
401873197,2026-05-18,nba,2026,POST,San Antonio Spurs,Oklahoma City Thunder,0,4395630,Devin Vassell,G,1,2,2,5,12,5,2,0,0,51,1,3,13,6,1,9,3,3
401873197,2026-05-18,nba,2026,POST,San Antonio Spurs,Oklahoma City Thunder,0,4845367,Stephon Castle,G,1,11,0,4,14,5,3,7,6,49,2,-1,17,6,1,6,1,11
401873197,2026-05-18,nba,2026,POST,San Antonio Spurs,Oklahoma City Thunder,0,5037871,Dylan Harper,G,1,6,0,10,20,8,3,7,7,47,1,14,24,11,7,7,1,1
401873197,2026-05-18,nba,2026,POST,San Antonio Spurs,Oklahoma City Thunder,0,6578,Harrison Barnes,F,0,0,0,0,1,0,0,0,0,6,0,-9,0,0,0,0,0,0
401873197,2026-05-18,nba,2026,POST,San Antonio Spurs,Oklahoma City Thunder,0,4395723,Keldon Johnson,F,0,0,0,0,9,4,1,2,2,22,0,3,13,0,0,6,3,1
401873197,2026-05-18,nba,2026,POST,San Antonio Spurs,Oklahoma City Thunder,0,5061568,Carter Bryant,F,0,1,0,2,2,1,2,0,0,14,0,10,3,2,0,2,1,0
401873197,2026-05-18,nba,2026,POST,San Antonio Spurs,Oklahoma City Thunder,0,3064560,Luke Kornet,C,0,1,0,3,1,0,1,0,0,9,0,-9,0,3,0,0,0,1
401873197,2026-05-18,nba,2026,POST,San Antonio Spurs,Oklahoma City Thunder,0,2489663,Kelly Olynyk,F,0,,,,,,,,,,,,,,,,,
401873197,2026-05-18,nba,2026,POST,San Antonio Spurs,Oklahoma City Thunder,0,4066317,Lindy Waters III,F,0,,,,,,,,,,,,,,,,,
401873197,2026-05-18,nba,2026,POST,San Antonio Spurs,Oklahoma City Thunder,0,6427,Bismack Biyombo,C,0,,,,,,,,,,,,,,,,,
401873197,2026-05-18,nba,2026,POST,San Antonio Spurs,Oklahoma City Thunder,0,2488653,Mason Plumlee,C,0,,,,,,,,,,,,,,,,,
401873197,2026-05-18,nba,2026,POST,San Antonio Spurs,Oklahoma City Thunder,0,3134916,Jordan McLaughlin,G,0,,,,,,,,,,,,,,,,,
401873197,2026-05-18,nba,2026,POST,Oklahoma City Thunder,San Antonio Spurs,1,4222252,Isaiah Hartenstein,C,1,2,2,2,1,0,2,2,2,12,0,2,2,2,1,0,0,1
401873197,2026-05-18,nba,2026,POST,Oklahoma City Thunder,San Antonio Spurs,1,4433255,Chet Holmgren,C,1,0,2,6,7,2,3,2,2,41,2,-7,8,8,1,4,2,1
401873197,2026-05-18,nba,2026,POST,Oklahoma City Thunder,San Antonio Spurs,1,4278073,Shai Gilgeous-Alexander,G,1,12,1,3,23,7,3,9,8,51,0,-15,24,3,5,7,2,4
401873197,2026-05-18,nba,2026,POST,Oklahoma City Thunder,San Antonio Spurs,1,4397020,Luguentz Dort,G,1,1,0,2,6,2,4,0,0,22,1,-6,5,3,0,5,1,0
401873197,2026-05-18,nba,2026,POST,Oklahoma City Thunder,San Antonio Spurs,1,4593803,Jalen Williams,G,1,3,1,4,25,11,2,3,3,37,3,-3,26,7,1,3,1,2
401873197,2026-05-18,nba,2026,POST,Oklahoma City Thunder,San Antonio Spurs,1,4432823,Jaylin Williams,F,0,0,0,3,0,0,1,0,0,10,0,-6,0,3,0,0,0,1
401873197,2026-05-18,nba,2026,POST,Oklahoma City Thunder,San Antonio Spurs,1,2991350,Alex Caruso,G,0,1,2,2,19,11,3,3,1,32,0,0,31,2,2,14,8,2
401873197,2026-05-18,nba,2026,POST,Oklahoma City Thunder,San Antonio Spurs,1,4395702,Isaiah Joe,G,0,0,0,0,0,0,0,0,0,0,0,0,0,0,0,0,0,0
401873197,2026-05-18,nba,2026,POST,Oklahoma City Thunder,San Antonio Spurs,1,4397183,Aaron Wiggins,G,0,0,0,0,3,0,0,0,0,4,0,-7,0,0,0,3,0,0
401873197,2026-05-18,nba,2026,POST,Oklahoma City Thunder,San Antonio Spurs,1,4683692,Cason Wallace,G,0,0,0,3,6,3,0,0,0,28,3,-9,8,6,2,5,2,1
401873197,2026-05-18,nba,2026,POST,Oklahoma City Thunder,San Antonio Spurs,1,4683778,Jared McCain,G,0,1,0,2,6,3,3,0,0,18,0,9,7,2,0,3,1,2
401873197,2026-05-18,nba,2026,POST,Oklahoma City Thunder,San Antonio Spurs,1,4900671,Ajay Mitchell,G,0,5,0,4,5,2,5,0,0,34,0,7,4,4,2,1,0,0
401873197,2026-05-18,nba,2026,POST,Oklahoma City Thunder,San Antonio Spurs,1,3133626,Kenrich Williams,G,0,,,,,,,,,,,,,,,,,
401873197,2026-05-18,nba,2026,POST,Oklahoma City Thunder,San Antonio Spurs,1,5159925,Nikola Topic,G,0,,,,,,,,,,,,,,,,,
401873341,2026-05-19,nba,2026,POST,Cleveland Cavaliers,New York Knicks,0,3912848,Dean Wade,F,1,3,0,3,5,3,0,1,1,29,2,1,10,5,0,5,3,0
401873341,2026-05-19,nba,2026,POST,Cleveland Cavaliers,New York Knicks,0,4066328,Jarrett Allen,C,1,3,1,1,6,3,3,8,4,35,6,-10,10,7,1,0,0,1
401873341,2026-05-19,nba,2026,POST,Cleveland Cavaliers,New York Knicks,0,4432158,Evan Mobley,C,1,3,3,13,16,6,2,2,1,40,1,-6,15,14,0,8,2,3
401873341,2026-05-19,nba,2026,POST,Cleveland Cavaliers,New York Knicks,0,3992,James Harden,G,1,3,1,3,16,5,5,6,4,42,1,-6,15,4,1,8,1,6
401873341,2026-05-19,nba,2026,POST,Cleveland Cavaliers,New York Knicks,0,3908809,Donovan Mitchell,G,1,3,1,5,23,12,5,1,1,41,0,-13,29,5,6,11,4,4
401873341,2026-05-19,nba,2026,POST,Cleveland Cavaliers,New York Knicks,0,3032979,Dennis Schroder,G,0,5,0,0,9,1,3,0,0,18,0,1,3,0,1,4,1,0
401873341,2026-05-19,nba,2026,POST,Cleveland Cavaliers,New York Knicks,0,4065778,Max Strus,G,0,1,0,1,6,2,5,2,2,25,1,-11,8,2,1,6,2,3
401873341,2026-05-19,nba,2026,POST,Cleveland Cavaliers,New York Knicks,0,4066757,Sam Merrill,G,0,2,0,1,9,4,5,1,1,28,0,-17,12,1,1,8,3,0
401873341,2026-05-19,nba,2026,POST,Cleveland Cavaliers,New York Knicks,0,4702177,Keon Ellis,G,0,0,0,0,0,0,1,2,2,5,0,6,2,0,0,0,0,2
401873341,2026-05-19,nba,2026,POST,Cleveland Cavaliers,New York Knicks,0,2580365,Larry Nance Jr.,F,0,,,,,,,,,,,,,,,,,
401873341,2026-05-19,nba,2026,POST,Cleveland Cavaliers,New York Knicks,0,5106268,Nae'Qwan Tomlin,F,0,,,,,,,,,,,,,,,,,
401873341,2026-05-19,nba,2026,POST,Cleveland Cavaliers,New York Knicks,0,3934723,Thomas Bryant,C,0,,,,,,,,,,,,,,,,,
401873341,2026-05-19,nba,2026,POST,Cleveland Cavaliers,New York Knicks,0,4683747,Jaylon Tyson,G,0,,,,,,,,,,,,,,,,,
401873341,2026-05-19,nba,2026,POST,Cleveland Cavaliers,New York Knicks,0,4701233,Craig Porter Jr.,G,0,,,,,,,,,,,,,,,,,
401873341,2026-05-19,nba,2026,POST,Cleveland Cavaliers,New York Knicks,0,5023693,Tyrese Proctor,G,0,,,,,,,,,,,,,,,,,
401873341,2026-05-19,nba,2026,POST,New York Knicks,Cleveland Cavaliers,1,3934719,OG Anunoby,F,1,2,0,5,9,2,3,10,8,34,0,15,13,5,1,6,1,1
401873341,2026-05-19,nba,2026,POST,New York Knicks,Cleveland Cavaliers,1,3136195,Karl-Anthony Towns,C,1,5,1,9,14,6,4,0,0,40,4,13,13,13,1,5,1,7
401873341,2026-05-19,nba,2026,POST,New York Knicks,Cleveland Cavaliers,1,3062679,Josh Hart,G,1,4,0,7,11,5,3,2,2,31,0,-23,13,7,1,5,1,2
401873341,2026-05-19,nba,2026,POST,New York Knicks,Cleveland Cavaliers,1,3147657,Mikal Bridges,G,1,1,0,5,11,7,3,2,2,42,0,12,18,5,2,4,2,3
401873341,2026-05-19,nba,2026,POST,New York Knicks,Cleveland Cavaliers,1,3934672,Jalen Brunson,G,1,6,0,5,29,15,5,10,7,46,0,15,38,5,3,6,1,3
401873341,2026-05-19,nba,2026,POST,New York Knicks,Cleveland Cavaliers,1,4351852,Mitchell Robinson,C,0,1,0,2,3,1,1,8,2,14,4,-8,4,6,2,0,0,0
401873341,2026-05-19,nba,2026,POST,New York Knicks,Cleveland Cavaliers,1,2528426,Jordan Clarkson,G,0,0,1,2,3,1,2,0,0,16,0,2,3,2,0,1,1,1
401873341,2026-05-19,nba,2026,POST,New York Knicks,Cleveland Cavaliers,1,3914044,Landry Shamet,G,0,0,0,1,4,3,0,0,0,17,0,25,9,1,0,3,3,0
401873341,2026-05-19,nba,2026,POST,New York Knicks,Cleveland Cavaliers,1,4277869,Jose Alvarado,G,0,0,0,1,3,2,0,0,0,7,0,-1,4,1,0,1,0,0
401873341,2026-05-19,nba,2026,POST,New York Knicks,Cleveland Cavaliers,1,4431823,Miles McBride,G,0,1,0,1,1,0,5,0,0,17,1,5,0,2,0,1,0,0
401873341,2026-05-19,nba,2026,POST,New York Knicks,Cleveland Cavaliers,1,4610139,Jeremy Sochan,F,0,,,,,,,,,,,,,,,,,
401873341,2026-05-19,nba,2026,POST,New York Knicks,Cleveland Cavaliers,1,5211983,Pacome Dadiet,F,0,,,,,,,,,,,,,,,,,
401873341,2026-05-19,nba,2026,POST,New York Knicks,Cleveland Cavaliers,1,5289900,Mohamed Diawara,F,0,,,,,,,,,,,,,,,,,
401873341,2026-05-19,nba,2026,POST,New York Knicks,Cleveland Cavaliers,1,4871141,Ariel Hukporti,C,0,,,,,,,,,,,,,,,,,
401873341,2026-05-19,nba,2026,POST,New York Knicks,Cleveland Cavaliers,1,4433225,Tyler Kolek,G,0,,,,,,,,,,,,,,,,,
401873198,2026-05-20,nba,2026,POST,San Antonio Spurs,Oklahoma City Thunder,0,4592479,Julian Champagnie,F,1,2,0,5,8,2,3,4,3,36,0,11,8,5,1,7,1,0
401873198,2026-05-20,nba,2026,POST,San Antonio Spurs,Oklahoma City Thunder,0,5104157,Victor Wembanyama,F,1,6,4,12,16,8,3,2,2,37,5,1,21,17,1,7,3,4
401873198,2026-05-20,nba,2026,POST,San Antonio Spurs,Oklahoma City Thunder,0,4395630,Devin Vassell,G,1,1,1,4,14,7,4,2,2,38,0,-7,22,4,0,12,6,1
401873198,2026-05-20,nba,2026,POST,San Antonio Spurs,Oklahoma City Thunder,0,4845367,Stephon Castle,G,1,8,0,3,17,10,3,4,4,38,2,-11,25,5,1,6,1,9
401873198,2026-05-20,nba,2026,POST,San Antonio Spurs,Oklahoma City Thunder,0,5037871,Dylan Harper,G,1,3,0,2,10,5,1,2,2,25,0,6,12,2,0,0,0,1
401873198,2026-05-20,nba,2026,POST,San Antonio Spurs,Oklahoma City Thunder,0,6578,Harrison Barnes,F,0,0,0,2,2,1,1,2,2,12,1,-1,5,3,0,2,1,2
401873198,2026-05-20,nba,2026,POST,San Antonio Spurs,Oklahoma City Thunder,0,4395723,Keldon Johnson,F,0,1,0,0,12,4,4,1,0,26,5,-14,10,5,0,4,2,1
401873198,2026-05-20,nba,2026,POST,San Antonio Spurs,Oklahoma City Thunder,0,5061568,Carter Bryant,F,0,0,1,0,0,0,0,0,0,10,1,-10,0,1,1,0,0,2
401873198,2026-05-20,nba,2026,POST,San Antonio Spurs,Oklahoma City Thunder,0,3064560,Luke Kornet,C,0,0,0,1,2,2,1,0,0,11,1,-10,4,2,1,0,0,0
401873198,2026-05-20,nba,2026,POST,San Antonio Spurs,Oklahoma City Thunder,0,3134916,Jordan McLaughlin,G,0,1,0,0,3,2,1,0,0,7,1,-10,6,1,0,2,2,1
401873198,2026-05-20,nba,2026,POST,San Antonio Spurs,Oklahoma City Thunder,0,2489663,Kelly Olynyk,F,0,,,,,,,,,,,,,,,,,
401873198,2026-05-20,nba,2026,POST,San Antonio Spurs,Oklahoma City Thunder,0,4066317,Lindy Waters III,F,0,,,,,,,,,,,,,,,,,
401873198,2026-05-20,nba,2026,POST,San Antonio Spurs,Oklahoma City Thunder,0,6427,Bismack Biyombo,C,0,,,,,,,,,,,,,,,,,
401873198,2026-05-20,nba,2026,POST,San Antonio Spurs,Oklahoma City Thunder,0,2488653,Mason Plumlee,C,0,,,,,,,,,,,,,,,,,
401873198,2026-05-20,nba,2026,POST,Oklahoma City Thunder,San Antonio Spurs,1,4222252,Isaiah Hartenstein,C,1,3,0,5,8,4,4,4,2,27,8,2,10,13,0,0,0,3
401873198,2026-05-20,nba,2026,POST,Oklahoma City Thunder,San Antonio Spurs,1,4433255,Chet Holmgren,C,1,2,0,3,10,5,2,4,3,27,1,6,13,4,0,2,0,1
401873198,2026-05-20,nba,2026,POST,Oklahoma City Thunder,San Antonio Spurs,1,4278073,Shai Gilgeous-Alexander,G,1,9,2,4,24,12,5,6,6,38,0,14,30,4,1,3,0,1
401873198,2026-05-20,nba,2026,POST,Oklahoma City Thunder,San Antonio Spurs,1,4397020,Luguentz Dort,G,1,3,0,1,4,3,2,2,1,16,2,-10,8,3,0,2,1,1
401873198,2026-05-20,nba,2026,POST,Oklahoma City Thunder,San Antonio Spurs,1,4593803,Jalen Williams,G,1,0,0,1,4,2,0,0,0,7,0,2,4,1,2,0,0,0
401873198,2026-05-20,nba,2026,POST,Oklahoma City Thunder,San Antonio Spurs,1,4432823,Jaylin Williams,F,0,2,0,3,6,2,2,0,0,10,0,-5,6,3,0,6,2,0
401873198,2026-05-20,nba,2026,POST,Oklahoma City Thunder,San Antonio Spurs,1,2991350,Alex Caruso,G,0,5,0,2,7,5,1,4,4,25,1,18,17,3,1,4,3,0
401873198,2026-05-20,nba,2026,POST,Oklahoma City Thunder,San Antonio Spurs,1,4395702,Isaiah Joe,G,0,1,0,0,3,0,3,0,0,10,0,1,0,0,0,2,0,0
401873198,2026-05-20,nba,2026,POST,Oklahoma City Thunder,San Antonio Spurs,1,4397183,Aaron Wiggins,G,0,0,0,0,0,0,0,0,0,0,0,0,0,0,0,0,0,0
401873198,2026-05-20,nba,2026,POST,Oklahoma City Thunder,San Antonio Spurs,1,4683692,Cason Wallace,G,0,4,0,3,6,4,2,0,0,25,1,-3,12,4,4,6,4,0
401873198,2026-05-20,nba,2026,POST,Oklahoma City Thunder,San Antonio Spurs,1,4683778,Jared McCain,G,0,3,0,2,14,4,0,2,1,26,4,9,12,6,2,9,3,0
401873198,2026-05-20,nba,2026,POST,Oklahoma City Thunder,San Antonio Spurs,1,4900671,Ajay Mitchell,G,0,2,1,0,8,4,0,2,2,28,0,11,10,0,4,2,0,3
401873198,2026-05-20,nba,2026,POST,Oklahoma City Thunder,San Antonio Spurs,1,3133626,Kenrich Williams,G,0,,,,,,,,,,,,,,,,,
401873198,2026-05-20,nba,2026,POST,Oklahoma City Thunder,San Antonio Spurs,1,5159925,Nikola Topic,G,0,,,,,,,,,,,,,,,,,
401873342,2026-05-21,nba,2026,POST,Cleveland Cavaliers,New York Knicks,0,3912848,Dean Wade,F,1,3,0,2,3,1,2,0,0,21,1,-10,3,3,0,3,1,2
401873342,2026-05-21,nba,2026,POST,Cleveland Cavaliers,New York Knicks,0,4066328,Jarrett Allen,C,1,0,2,5,10,5,1,6,3,29,5,-20,13,10,1,0,0,0
401873342,2026-05-21,nba,2026,POST,Cleveland Cavaliers,New York Knicks,0,4432158,Evan Mobley,C,1,3,2,4,8,5,0,4,2,37,2,-5,14,6,0,3,2,1
401873342,2026-05-21,nba,2026,POST,Cleveland Cavaliers,New York Knicks,0,3992,James Harden,G,1,2,0,6,15,6,2,3,3,32,0,-22,18,6,2,7,3,0
401873342,2026-05-21,nba,2026,POST,Cleveland Cavaliers,New York Knicks,0,3908809,Donovan Mitchell,G,1,1,1,4,18,8,5,9,8,39,0,-8,26,4,0,7,2,1
401873342,2026-05-21,nba,2026,POST,Cleveland Cavaliers,New York Knicks,0,5106268,Nae'Qwan Tomlin,F,0,0,0,0,1,1,0,0,0,1,1,2,2,1,0,0,0,0
401873342,2026-05-21,nba,2026,POST,Cleveland Cavaliers,New York Knicks,0,3934723,Thomas Bryant,C,0,0,0,1,1,0,0,0,0,1,0,2,0,1,0,0,0,0
401873342,2026-05-21,nba,2026,POST,Cleveland Cavaliers,New York Knicks,0,3032979,Dennis Schroder,G,0,3,0,3,5,2,1,2,0,18,1,0,4,4,0,1,0,0
401873342,2026-05-21,nba,2026,POST,Cleveland Cavaliers,New York Knicks,0,4065778,Max Strus,G,0,3,0,2,7,1,6,2,2,26,2,-17,5,4,1,4,1,3
401873342,2026-05-21,nba,2026,POST,Cleveland Cavaliers,New York Knicks,0,4066757,Sam Merrill,G,0,0,0,0,8,1,2,4,2,23,0,-8,4,0,0,7,0,1
401873342,2026-05-21,nba,2026,POST,Cleveland Cavaliers,New York Knicks,0,4683747,Jaylon Tyson,G,0,0,0,2,4,1,1,2,2,10,1,0,4,3,0,3,0,0
401873342,2026-05-21,nba,2026,POST,Cleveland Cavaliers,New York Knicks,0,4701233,Craig Porter Jr.,G,0,0,0,0,0,0,0,0,0,1,0,2,0,0,0,0,0,0
401873342,2026-05-21,nba,2026,POST,Cleveland Cavaliers,New York Knicks,0,4702177,Keon Ellis,G,0,0,0,0,0,0,0,0,0,1,0,2,0,0,0,0,0,0
401873342,2026-05-21,nba,2026,POST,Cleveland Cavaliers,New York Knicks,0,5023693,Tyrese Proctor,G,0,0,0,0,0,0,0,0,0,1,0,2,0,0,0,0,0,0
401873342,2026-05-21,nba,2026,POST,Cleveland Cavaliers,New York Knicks,0,2580365,Larry Nance Jr.,F,0,,,,,,,,,,,,,,,,,
401873342,2026-05-21,nba,2026,POST,New York Knicks,Cleveland Cavaliers,1,3934719,OG Anunoby,F,1,3,3,4,8,5,3,2,2,32,0,22,14,4,1,4,2,0
401873342,2026-05-21,nba,2026,POST,New York Knicks,Cleveland Cavaliers,1,3136195,Karl-Anthony Towns,C,1,1,0,13,12,7,3,2,1,36,0,18,18,13,0,5,3,0
401873342,2026-05-21,nba,2026,POST,New York Knicks,Cleveland Cavaliers,1,3062679,Josh Hart,G,1,7,0,3,21,10,5,2,1,33,1,18,26,4,2,11,5,1
401873342,2026-05-21,nba,2026,POST,New York Knicks,Cleveland Cavaliers,1,3147657,Mikal Bridges,G,1,3,0,3,12,9,1,0,0,40,0,20,19,3,1,1,1,0
401873342,2026-05-21,nba,2026,POST,New York Knicks,Cleveland Cavaliers,1,3934672,Jalen Brunson,G,1,14,0,3,16,7,1,4,4,40,0,18,19,3,0,7,1,3
401873342,2026-05-21,nba,2026,POST,New York Knicks,Cleveland Cavaliers,1,5211983,Pacome Dadiet,F,0,0,0,0,1,0,0,0,0,1,0,-2,0,0,0,1,0,0
401873342,2026-05-21,nba,2026,POST,New York Knicks,Cleveland Cavaliers,1,4351852,Mitchell Robinson,C,0,0,1,3,2,2,1,4,0,12,1,-1,4,4,0,0,0,1
401873342,2026-05-21,nba,2026,POST,New York Knicks,Cleveland Cavaliers,1,2528426,Jordan Clarkson,G,0,0,0,0,2,2,2,0,0,7,0,-1,4,0,0,0,0,1
401873342,2026-05-21,nba,2026,POST,New York Knicks,Cleveland Cavaliers,1,3914044,Landry Shamet,G,0,0,0,4,1,0,4,0,0,15,0,-5,0,4,1,0,0,0
401873342,2026-05-21,nba,2026,POST,New York Knicks,Cleveland Cavaliers,1,4277869,Jose Alvarado,G,0,1,1,1,1,0,0,0,0,8,0,-2,0,1,0,1,0,0
401873342,2026-05-21,nba,2026,POST,New York Knicks,Cleveland Cavaliers,1,4431823,Miles McBride,G,0,3,0,1,9,2,2,0,0,14,3,-3,5,4,0,6,1,0
401873342,2026-05-21,nba,2026,POST,New York Knicks,Cleveland Cavaliers,1,4433225,Tyler Kolek,G,0,0,0,0,0,0,0,0,0,1,0,-2,0,0,0,0,0,0
401873342,2026-05-21,nba,2026,POST,New York Knicks,Cleveland Cavaliers,1,4610139,Jeremy Sochan,F,0,,,,,,,,,,,,,,,,,
401873342,2026-05-21,nba,2026,POST,New York Knicks,Cleveland Cavaliers,1,5289900,Mohamed Diawara,F,0,,,,,,,,,,,,,,,,,
401873342,2026-05-21,nba,2026,POST,New York Knicks,Cleveland Cavaliers,1,4871141,Ariel Hukporti,C,0,,,,,,,,,,,,,,,,,
401873199,2026-05-22,nba,2026,POST,Oklahoma City Thunder,San Antonio Spurs,0,4222252,Isaiah Hartenstein,C,1,4,0,8,4,2,5,2,1,21,0,-6,5,8,0,1,0,2
401873199,2026-05-22,nba,2026,POST,Oklahoma City Thunder,San Antonio Spurs,0,4433255,Chet Holmgren,C,1,1,0,1,7,5,4,4,3,28,2,-2,14,3,0,2,1,0
401873199,2026-05-22,nba,2026,POST,Oklahoma City Thunder,San Antonio Spurs,0,4278073,Shai Gilgeous-Alexander,G,1,12,1,2,17,6,2,12,12,36,0,11,26,2,0,4,2,2
401873199,2026-05-22,nba,2026,POST,Oklahoma City Thunder,San Antonio Spurs,0,4397020,Luguentz Dort,G,1,3,0,4,1,0,2,0,0,23,1,-9,0,5,0,1,0,1
401873199,2026-05-22,nba,2026,POST,Oklahoma City Thunder,San Antonio Spurs,0,4900671,Ajay Mitchell,G,1,1,0,5,5,1,1,0,0,17,0,-3,2,5,0,1,0,3
401873199,2026-05-22,nba,2026,POST,Oklahoma City Thunder,San Antonio Spurs,0,4432823,Jaylin Williams,F,0,1,0,5,7,5,3,3,3,22,0,22,18,5,2,6,5,0
401873199,2026-05-22,nba,2026,POST,Oklahoma City Thunder,San Antonio Spurs,0,2991350,Alex Caruso,G,0,1,1,2,7,4,3,6,4,24,1,28,15,3,2,5,3,1
401873199,2026-05-22,nba,2026,POST,Oklahoma City Thunder,San Antonio Spurs,0,3133626,Kenrich Williams,G,0,0,0,0,2,2,0,0,0,2,1,0,5,1,0,1,1,0
401873199,2026-05-22,nba,2026,POST,Oklahoma City Thunder,San Antonio Spurs,0,4395702,Isaiah Joe,G,0,1,0,0,1,1,0,0,0,9,0,-2,3,0,0,1,1,0
401873199,2026-05-22,nba,2026,POST,Oklahoma City Thunder,San Antonio Spurs,0,4397183,Aaron Wiggins,G,0,0,0,0,0,0,0,0,0,2,0,0,0,0,0,0,0,0
401873199,2026-05-22,nba,2026,POST,Oklahoma City Thunder,San Antonio Spurs,0,4683692,Cason Wallace,G,0,4,0,4,8,3,3,4,3,28,1,8,11,5,3,6,2,0
401873199,2026-05-22,nba,2026,POST,Oklahoma City Thunder,San Antonio Spurs,0,4683778,Jared McCain,G,0,1,0,3,21,10,2,2,2,27,1,28,24,4,0,10,2,1
401873199,2026-05-22,nba,2026,POST,Oklahoma City Thunder,San Antonio Spurs,0,5159925,Nikola Topic,G,0,0,0,0,1,0,0,0,0,1,0,0,0,0,0,0,0,0
401873199,2026-05-22,nba,2026,POST,San Antonio Spurs,Oklahoma City Thunder,1,4592479,Julian Champagnie,F,1,2,1,5,10,4,2,0,0,35,0,-4,10,5,1,8,2,0
401873199,2026-05-22,nba,2026,POST,San Antonio Spurs,Oklahoma City Thunder,1,5104157,Victor Wembanyama,F,1,3,2,4,15,8,3,10,8,39,0,4,26,4,1,5,2,2
401873199,2026-05-22,nba,2026,POST,San Antonio Spurs,Oklahoma City Thunder,1,4066259,De'Aaron Fox,G,1,6,0,5,14,7,2,0,0,31,2,9,15,7,1,6,1,4
401873199,2026-05-22,nba,2026,POST,San Antonio Spurs,Oklahoma City Thunder,1,4395630,Devin Vassell,G,1,2,0,5,12,6,4,5,5,36,2,-5,20,7,4,6,3,0
401873199,2026-05-22,nba,2026,POST,San Antonio Spurs,Oklahoma City Thunder,1,4845367,Stephon Castle,G,1,7,2,3,8,1,5,14,11,35,2,-17,14,5,1,5,1,1
401873199,2026-05-22,nba,2026,POST,San Antonio Spurs,Oklahoma City Thunder,1,6578,Harrison Barnes,F,0,0,0,0,1,0,0,0,0,3,0,2,0,0,0,1,0,0
401873199,2026-05-22,nba,2026,POST,San Antonio Spurs,Oklahoma City Thunder,1,2489663,Kelly Olynyk,F,0,0,0,0,1,1,1,0,0,2,0,0,3,0,0,1,1,2
401873199,2026-05-22,nba,2026,POST,San Antonio Spurs,Oklahoma City Thunder,1,4066317,Lindy Waters III,F,0,0,0,0,0,0,0,0,0,2,0,0,0,0,0,0,0,0
401873199,2026-05-22,nba,2026,POST,San Antonio Spurs,Oklahoma City Thunder,1,4395723,Keldon Johnson,F,0,0,0,1,5,1,5,2,2,12,1,-23,5,2,0,4,1,1
401873199,2026-05-22,nba,2026,POST,San Antonio Spurs,Oklahoma City Thunder,1,5061568,Carter Bryant,F,0,1,0,1,3,1,3,0,0,10,0,-10,3,1,0,2,1,1
401873199,2026-05-22,nba,2026,POST,San Antonio Spurs,Oklahoma City Thunder,1,6427,Bismack Biyombo,C,0,0,0,0,0,0,0,0,0,2,0,0,0,0,0,0,0,0
401873199,2026-05-22,nba,2026,POST,San Antonio Spurs,Oklahoma City Thunder,1,2488653,Mason Plumlee,C,0,1,1,0,1,1,0,0,0,2,0,0,2,0,0,0,0,0
401873199,2026-05-22,nba,2026,POST,San Antonio Spurs,Oklahoma City Thunder,1,3064560,Luke Kornet,C,0,1,0,1,3,2,1,0,0,13,1,-18,4,2,0,0,0,2
401873199,2026-05-22,nba,2026,POST,San Antonio Spurs,Oklahoma City Thunder,1,3134916,Jordan McLaughlin,G,0,1,0,1,0,0,0,0,0,2,0,0,0,1,0,0,0,0
401873199,2026-05-22,nba,2026,POST,San Antonio Spurs,Oklahoma City Thunder,1,5037871,Dylan Harper,G,0,2,0,2,7,2,2,2,1,17,1,-13,6,3,0,3,1,2
401873343,2026-05-23,nba,2026,POST,New York Knicks,Cleveland Cavaliers,0,3934719,OG Anunoby,F,1,4,0,5,10,6,2,6,6,31,2,11,21,7,0,4,3,1
401873343,2026-05-23,nba,2026,POST,New York Knicks,Cleveland Cavaliers,0,3136195,Karl-Anthony Towns,C,1,7,1,5,9,4,4,4,4,36,3,23,13,8,3,3,1,0
401873343,2026-05-23,nba,2026,POST,New York Knicks,Cleveland Cavaliers,0,3062679,Josh Hart,G,1,5,0,8,12,5,2,0,0,35,1,3,12,9,4,7,2,4
401873343,2026-05-23,nba,2026,POST,New York Knicks,Cleveland Cavaliers,0,3147657,Mikal Bridges,G,1,2,2,5,15,11,0,0,0,39,1,19,22,6,3,1,0,2
401873343,2026-05-23,nba,2026,POST,New York Knicks,Cleveland Cavaliers,0,3934672,Jalen Brunson,G,1,6,0,3,19,10,2,12,10,41,0,15,30,3,1,4,0,4
401873343,2026-05-23,nba,2026,POST,New York Knicks,Cleveland Cavaliers,0,4351852,Mitchell Robinson,C,0,0,0,2,1,1,3,0,0,9,1,-4,2,3,0,0,0,0
401873343,2026-05-23,nba,2026,POST,New York Knicks,Cleveland Cavaliers,0,2528426,Jordan Clarkson,G,0,0,0,0,0,0,0,0,0,3,0,-5,0,0,0,0,0,0
401873343,2026-05-23,nba,2026,POST,New York Knicks,Cleveland Cavaliers,0,3914044,Landry Shamet,G,0,3,0,1,5,4,3,3,2,28,0,5,14,1,0,5,4,2
401873343,2026-05-23,nba,2026,POST,New York Knicks,Cleveland Cavaliers,0,4277869,Jose Alvarado,G,0,0,0,0,3,1,1,0,0,4,0,-3,2,0,0,2,0,1
401873343,2026-05-23,nba,2026,POST,New York Knicks,Cleveland Cavaliers,0,4431823,Miles McBride,G,0,0,1,0,3,1,2,2,2,14,0,1,5,0,0,2,1,0
401873343,2026-05-23,nba,2026,POST,New York Knicks,Cleveland Cavaliers,0,4610139,Jeremy Sochan,F,0,,,,,,,,,,,,,,,,,
401873343,2026-05-23,nba,2026,POST,New York Knicks,Cleveland Cavaliers,0,5211983,Pacome Dadiet,F,0,,,,,,,,,,,,,,,,,
401873343,2026-05-23,nba,2026,POST,New York Knicks,Cleveland Cavaliers,0,5289900,Mohamed Diawara,F,0,,,,,,,,,,,,,,,,,
401873343,2026-05-23,nba,2026,POST,New York Knicks,Cleveland Cavaliers,0,4871141,Ariel Hukporti,C,0,,,,,,,,,,,,,,,,,
401873343,2026-05-23,nba,2026,POST,New York Knicks,Cleveland Cavaliers,0,4433225,Tyler Kolek,G,0,,,,,,,,,,,,,,,,,
401873343,2026-05-23,nba,2026,POST,Cleveland Cavaliers,New York Knicks,1,3912848,Dean Wade,F,1,1,0,2,1,0,1,0,0,17,0,-1,0,2,1,1,0,0
401873343,2026-05-23,nba,2026,POST,Cleveland Cavaliers,New York Knicks,1,4066328,Jarrett Allen,C,1,0,0,3,9,7,2,4,3,36,4,-14,17,7,0,0,0,0
401873343,2026-05-23,nba,2026,POST,Cleveland Cavaliers,New York Knicks,1,4432158,Evan Mobley,C,1,2,1,5,18,10,2,4,3,36,1,-21,24,6,0,6,1,5
401873343,2026-05-23,nba,2026,POST,Cleveland Cavaliers,New York Knicks,1,3992,James Harden,G,1,5,0,5,15,8,2,3,2,41,0,-8,19,5,1,7,1,6
401873343,2026-05-23,nba,2026,POST,Cleveland Cavaliers,New York Knicks,1,3908809,Donovan Mitchell,G,1,4,0,1,21,9,4,6,2,38,0,-22,23,1,3,10,3,5
401873343,2026-05-23,nba,2026,POST,Cleveland Cavaliers,New York Knicks,1,3032979,Dennis Schroder,G,0,2,0,0,1,1,1,0,0,9,0,2,3,0,0,1,1,0
401873343,2026-05-23,nba,2026,POST,Cleveland Cavaliers,New York Knicks,1,4065778,Max Strus,G,0,6,0,3,12,4,5,1,1,31,4,-3,13,7,1,11,4,0
401873343,2026-05-23,nba,2026,POST,Cleveland Cavaliers,New York Knicks,1,4066757,Sam Merrill,G,0,1,0,3,5,2,4,0,0,24,0,-1,6,3,1,4,2,0
401873343,2026-05-23,nba,2026,POST,Cleveland Cavaliers,New York Knicks,1,4683747,Jaylon Tyson,G,0,1,0,3,2,1,1,1,1,9,0,3,3,3,0,1,0,1
401873343,2026-05-23,nba,2026,POST,Cleveland Cavaliers,New York Knicks,1,2580365,Larry Nance Jr.,F,0,,,,,,,,,,,,,,,,,
401873343,2026-05-23,nba,2026,POST,Cleveland Cavaliers,New York Knicks,1,5106268,Nae'Qwan Tomlin,F,0,,,,,,,,,,,,,,,,,
401873343,2026-05-23,nba,2026,POST,Cleveland Cavaliers,New York Knicks,1,3934723,Thomas Bryant,C,0,,,,,,,,,,,,,,,,,
401873343,2026-05-23,nba,2026,POST,Cleveland Cavaliers,New York Knicks,1,4701233,Craig Porter Jr.,G,0,,,,,,,,,,,,,,,,,
401873343,2026-05-23,nba,2026,POST,Cleveland Cavaliers,New York Knicks,1,4702177,Keon Ellis,G,0,,,,,,,,,,,,,,,,,
401873343,2026-05-23,nba,2026,POST,Cleveland Cavaliers,New York Knicks,1,5023693,Tyrese Proctor,G,0,,,,,,,,,,,,,,,,,
401873200,2026-05-24,nba,2026,POST,Oklahoma City Thunder,San Antonio Spurs,0,4222252,Isaiah Hartenstein,C,1,3,0,5,11,6,3,0,0,18,2,-16,12,7,0,0,0,1
401873200,2026-05-24,nba,2026,POST,Oklahoma City Thunder,San Antonio Spurs,0,4433255,Chet Holmgren,C,1,2,1,6,8,3,2,6,4,26,3,2,10,9,0,1,0,3
401873200,2026-05-24,nba,2026,POST,Oklahoma City Thunder,San Antonio Spurs,0,4278073,Shai Gilgeous-Alexander,G,1,7,0,4,15,6,3,7,7,31,0,-18,19,4,2,1,0,4
401873200,2026-05-24,nba,2026,POST,Oklahoma City Thunder,San Antonio Spurs,0,4397020,Luguentz Dort,G,1,0,0,2,2,1,5,0,0,17,2,-16,2,4,2,1,0,1
401873200,2026-05-24,nba,2026,POST,Oklahoma City Thunder,San Antonio Spurs,0,4683692,Cason Wallace,G,1,1,0,2,8,2,1,0,0,21,2,-10,5,4,2,3,1,0
401873200,2026-05-24,nba,2026,POST,Oklahoma City Thunder,San Antonio Spurs,0,4432823,Jaylin Williams,F,0,1,0,2,7,1,0,0,0,23,1,-11,3,3,0,7,1,1
401873200,2026-05-24,nba,2026,POST,Oklahoma City Thunder,San Antonio Spurs,0,2991350,Alex Caruso,G,0,1,2,2,1,0,4,0,0,14,0,-22,0,2,0,0,0,0
401873200,2026-05-24,nba,2026,POST,Oklahoma City Thunder,San Antonio Spurs,0,3133626,Kenrich Williams,G,0,3,0,5,7,3,4,2,2,23,0,-4,10,5,1,4,2,1
401873200,2026-05-24,nba,2026,POST,Oklahoma City Thunder,San Antonio Spurs,0,4395702,Isaiah Joe,G,0,2,1,5,9,4,0,1,1,19,0,6,11,5,2,7,2,1
401873200,2026-05-24,nba,2026,POST,Oklahoma City Thunder,San Antonio Spurs,0,4397183,Aaron Wiggins,G,0,0,1,2,11,2,1,0,0,21,0,-4,4,2,0,4,0,2
401873200,2026-05-24,nba,2026,POST,Oklahoma City Thunder,San Antonio Spurs,0,4683778,Jared McCain,G,0,0,0,1,10,1,2,2,2,24,1,-13,4,2,0,5,0,2
401873200,2026-05-24,nba,2026,POST,Oklahoma City Thunder,San Antonio Spurs,0,5159925,Nikola Topic,G,0,2,0,0,2,1,0,0,0,4,0,1,2,0,0,0,0,1
401873200,2026-05-24,nba,2026,POST,San Antonio Spurs,Oklahoma City Thunder,1,4592479,Julian Champagnie,F,1,2,1,4,7,1,1,0,0,29,0,0,2,4,0,5,0,0
401873200,2026-05-24,nba,2026,POST,San Antonio Spurs,Oklahoma City Thunder,1,5104157,Victor Wembanyama,F,1,5,3,5,22,11,2,9,8,31,3,29,33,8,2,7,3,4
401873200,2026-05-24,nba,2026,POST,San Antonio Spurs,Oklahoma City Thunder,1,4066259,De'Aaron Fox,G,1,5,1,8,13,5,3,1,1,31,2,-3,12,10,1,2,1,0
401873200,2026-05-24,nba,2026,POST,San Antonio Spurs,Oklahoma City Thunder,1,4395630,Devin Vassell,G,1,3,1,6,7,3,0,6,5,33,0,27,13,6,1,4,2,1
401873200,2026-05-24,nba,2026,POST,San Antonio Spurs,Oklahoma City Thunder,1,4845367,Stephon Castle,G,1,6,1,1,11,5,5,2,2,30,2,25,13,3,1,3,1,1
401873200,2026-05-24,nba,2026,POST,San Antonio Spurs,Oklahoma City Thunder,1,6578,Harrison Barnes,F,0,0,0,1,4,0,1,6,5,16,2,13,5,3,1,2,0,1
401873200,2026-05-24,nba,2026,POST,San Antonio Spurs,Oklahoma City Thunder,1,2489663,Kelly Olynyk,F,0,0,0,1,3,1,0,0,0,4,0,1,3,1,3,2,1,0
401873200,2026-05-24,nba,2026,POST,San Antonio Spurs,Oklahoma City Thunder,1,4066317,Lindy Waters III,F,0,1,0,0,0,0,0,0,0,4,0,1,0,0,0,0,0,0
401873200,2026-05-24,nba,2026,POST,San Antonio Spurs,Oklahoma City Thunder,1,4395723,Keldon Johnson,F,0,0,0,2,12,3,1,2,0,18,1,7,6,3,1,4,0,2
401873200,2026-05-24,nba,2026,POST,San Antonio Spurs,Oklahoma City Thunder,1,5061568,Carter Bryant,F,0,1,1,1,1,0,4,0,0,7,0,-10,0,1,1,1,0,1
401873200,2026-05-24,nba,2026,POST,San Antonio Spurs,Oklahoma City Thunder,1,3064560,Luke Kornet,C,0,0,2,5,4,3,1,0,0,13,2,-9,6,7,0,0,0,0
401873200,2026-05-24,nba,2026,POST,San Antonio Spurs,Oklahoma City Thunder,1,3134916,Jordan McLaughlin,G,0,0,0,0,2,1,0,0,0,4,1,-1,3,1,0,2,1,0
401873200,2026-05-24,nba,2026,POST,San Antonio Spurs,Oklahoma City Thunder,1,5037871,Dylan Harper,G,0,2,0,4,4,2,2,6,3,21,1,25,7,5,0,1,0,2
401873200,2026-05-24,nba,2026,POST,San Antonio Spurs,Oklahoma City Thunder,1,6427,Bismack Biyombo,C,0,,,,,,,,,,,,,,,,,
401873200,2026-05-24,nba,2026,POST,San Antonio Spurs,Oklahoma City Thunder,1,2488653,Mason Plumlee,C,0,,,,,,,,,,,,,,,,,
401873344,2026-05-25,nba,2026,POST,New York Knicks,Cleveland Cavaliers,0,3934719,OG Anunoby,F,1,4,0,4,13,6,4,4,4,27,3,14,17,7,2,5,1,1
401873344,2026-05-25,nba,2026,POST,New York Knicks,Cleveland Cavaliers,0,3136195,Karl-Anthony Towns,C,1,3,2,12,11,8,4,0,0,26,2,25,19,14,2,3,3,2
401873344,2026-05-25,nba,2026,POST,New York Knicks,Cleveland Cavaliers,0,3062679,Josh Hart,G,1,6,0,7,5,2,3,2,1,24,4,20,6,11,2,3,1,2
401873344,2026-05-25,nba,2026,POST,New York Knicks,Cleveland Cavaliers,0,3147657,Mikal Bridges,G,1,5,0,3,16,4,2,6,6,30,0,10,15,3,0,8,1,2
401873344,2026-05-25,nba,2026,POST,New York Knicks,Cleveland Cavaliers,0,3934672,Jalen Brunson,G,1,5,0,1,14,6,0,2,1,31,1,16,15,2,0,5,2,0
401873344,2026-05-25,nba,2026,POST,New York Knicks,Cleveland Cavaliers,0,5211983,Pacome Dadiet,F,0,0,0,0,4,2,0,2,1,7,1,2,6,1,1,2,1,0
401873344,2026-05-25,nba,2026,POST,New York Knicks,Cleveland Cavaliers,0,5289900,Mohamed Diawara,F,0,2,0,3,0,0,1,0,0,8,0,2,0,3,0,0,0,1
401873344,2026-05-25,nba,2026,POST,New York Knicks,Cleveland Cavaliers,0,4351852,Mitchell Robinson,C,0,0,0,5,6,4,1,2,0,18,5,14,8,10,1,0,0,2
401873344,2026-05-25,nba,2026,POST,New York Knicks,Cleveland Cavaliers,0,4871141,Ariel Hukporti,C,0,1,0,3,1,1,1,0,0,8,2,2,2,5,1,0,0,0
401873344,2026-05-25,nba,2026,POST,New York Knicks,Cleveland Cavaliers,0,2528426,Jordan Clarkson,G,0,0,0,0,6,1,1,0,0,9,1,4,3,1,0,4,1,1
401873344,2026-05-25,nba,2026,POST,New York Knicks,Cleveland Cavaliers,0,3914044,Landry Shamet,G,0,2,0,0,6,5,1,2,2,19,0,28,16,0,1,4,4,0
401873344,2026-05-25,nba,2026,POST,New York Knicks,Cleveland Cavaliers,0,4277869,Jose Alvarado,G,0,2,0,0,3,2,1,0,0,10,0,21,4,0,2,1,0,2
401873344,2026-05-25,nba,2026,POST,New York Knicks,Cleveland Cavaliers,0,4431823,Miles McBride,G,0,2,0,2,6,4,1,0,0,17,0,25,11,2,3,5,3,0
401873344,2026-05-25,nba,2026,POST,New York Knicks,Cleveland Cavaliers,0,4433225,Tyler Kolek,G,0,1,0,0,7,3,0,0,0,8,1,2,8,1,0,3,2,0
401873344,2026-05-25,nba,2026,POST,New York Knicks,Cleveland Cavaliers,0,4610139,Jeremy Sochan,F,0,,,,,,,,,,,,,,,,,
401873344,2026-05-25,nba,2026,POST,Cleveland Cavaliers,New York Knicks,1,4066328,Jarrett Allen,C,1,1,2,3,5,3,0,0,0,26,0,-22,6,3,2,0,0,1
401873344,2026-05-25,nba,2026,POST,Cleveland Cavaliers,New York Knicks,1,4432158,Evan Mobley,C,1,4,0,5,15,7,1,1,0,33,2,-30,15,7,1,4,1,3
401873344,2026-05-25,nba,2026,POST,Cleveland Cavaliers,New York Knicks,1,3992,James Harden,G,1,2,1,4,8,2,2,9,8,33,0,-19,12,4,1,6,0,5
401873344,2026-05-25,nba,2026,POST,Cleveland Cavaliers,New York Knicks,1,3908809,Donovan Mitchell,G,1,1,0,4,18,9,3,10,8,32,0,-23,31,4,1,9,5,4
401873344,2026-05-25,nba,2026,POST,Cleveland Cavaliers,New York Knicks,1,4065778,Max Strus,G,1,2,0,2,6,2,3,0,0,22,0,-9,5,2,0,4,1,2
401873344,2026-05-25,nba,2026,POST,Cleveland Cavaliers,New York Knicks,1,3912848,Dean Wade,F,0,1,1,0,1,0,0,0,0,12,1,-14,0,1,2,1,0,0
401873344,2026-05-25,nba,2026,POST,Cleveland Cavaliers,New York Knicks,1,5106268,Nae'Qwan Tomlin,F,0,1,0,0,2,1,1,0,0,7,1,-2,2,1,0,0,0,0
401873344,2026-05-25,nba,2026,POST,Cleveland Cavaliers,New York Knicks,1,3934723,Thomas Bryant,C,0,0,0,3,7,4,0,0,0,9,0,-4,10,3,0,5,2,0
401873344,2026-05-25,nba,2026,POST,Cleveland Cavaliers,New York Knicks,1,4066757,Sam Merrill,G,0,1,0,0,4,2,3,0,0,18,1,-13,5,1,0,2,1,1
401873344,2026-05-25,nba,2026,POST,Cleveland Cavaliers,New York Knicks,1,4683747,Jaylon Tyson,G,0,2,0,2,6,1,2,0,0,16,1,-21,2,3,1,4,0,2
401873344,2026-05-25,nba,2026,POST,Cleveland Cavaliers,New York Knicks,1,4701233,Craig Porter Jr.,G,0,3,0,1,0,0,1,0,0,9,0,-4,0,1,0,0,0,3
401873344,2026-05-25,nba,2026,POST,Cleveland Cavaliers,New York Knicks,1,4702177,Keon Ellis,G,0,1,0,2,3,1,1,2,2,16,0,-20,5,2,1,3,1,0
401873344,2026-05-25,nba,2026,POST,Cleveland Cavaliers,New York Knicks,1,5023693,Tyrese Proctor,G,0,2,0,1,2,0,1,0,0,9,0,-4,0,1,0,2,0,1
401873344,2026-05-25,nba,2026,POST,Cleveland Cavaliers,New York Knicks,1,2580365,Larry Nance Jr.,F,0,,,,,,,,,,,,,,,,,
401873201,2026-05-26,nba,2026,POST,San Antonio Spurs,Oklahoma City Thunder,0,4592479,Julian Champagnie,F,1,1,0,5,15,8,4,3,2,30,3,-20,22,8,3,8,4,2
401873201,2026-05-26,nba,2026,POST,San Antonio Spurs,Oklahoma City Thunder,0,5104157,Victor Wembanyama,F,1,1,3,5,15,4,2,12,12,38,1,-8,20,6,2,5,0,2
401873201,2026-05-26,nba,2026,POST,San Antonio Spurs,Oklahoma City Thunder,0,4066259,De'Aaron Fox,G,1,8,0,3,15,4,3,2,1,33,1,-10,9,4,3,4,0,1
401873201,2026-05-26,nba,2026,POST,San Antonio Spurs,Oklahoma City Thunder,0,4395630,Devin Vassell,G,1,4,0,3,11,2,1,1,0,36,1,-2,6,4,3,9,2,1
401873201,2026-05-26,nba,2026,POST,San Antonio Spurs,Oklahoma City Thunder,0,4845367,Stephon Castle,G,1,6,0,4,11,7,5,8,7,33,1,-9,24,5,3,5,3,3
401873201,2026-05-26,nba,2026,POST,San Antonio Spurs,Oklahoma City Thunder,0,6578,Harrison Barnes,F,0,0,0,0,0,0,0,0,0,4,0,-6,0,0,0,0,0,0
401873201,2026-05-26,nba,2026,POST,San Antonio Spurs,Oklahoma City Thunder,0,2489663,Kelly Olynyk,F,0,0,0,0,0,0,0,2,2,2,0,1,2,0,0,0,0,0
401873201,2026-05-26,nba,2026,POST,San Antonio Spurs,Oklahoma City Thunder,0,4395723,Keldon Johnson,F,0,2,0,1,13,7,5,0,0,20,3,3,15,4,0,4,1,2
401873201,2026-05-26,nba,2026,POST,San Antonio Spurs,Oklahoma City Thunder,0,5061568,Carter Bryant,F,0,0,0,1,5,3,2,0,0,5,0,-4,7,1,0,3,1,0
401873201,2026-05-26,nba,2026,POST,San Antonio Spurs,Oklahoma City Thunder,0,6427,Bismack Biyombo,C,0,0,0,0,0,0,1,0,0,2,1,1,0,1,0,0,0,1
401873201,2026-05-26,nba,2026,POST,San Antonio Spurs,Oklahoma City Thunder,0,2488653,Mason Plumlee,C,0,0,0,1,0,0,2,0,0,2,0,1,0,1,0,0,0,0
401873201,2026-05-26,nba,2026,POST,San Antonio Spurs,Oklahoma City Thunder,0,3064560,Luke Kornet,C,0,0,0,0,1,0,3,0,0,8,1,-6,0,1,0,0,0,0
401873201,2026-05-26,nba,2026,POST,San Antonio Spurs,Oklahoma City Thunder,0,3134916,Jordan McLaughlin,G,0,0,0,0,1,1,0,2,2,2,0,1,4,0,0,0,0,0
401873201,2026-05-26,nba,2026,POST,San Antonio Spurs,Oklahoma City Thunder,0,5037871,Dylan Harper,G,0,3,0,3,5,1,1,2,2,25,3,-7,5,6,0,3,1,3
401873201,2026-05-26,nba,2026,POST,San Antonio Spurs,Oklahoma City Thunder,0,4066317,Lindy Waters III,F,0,,,,,,,,,,,,,,,,,
401873201,2026-05-26,nba,2026,POST,Oklahoma City Thunder,San Antonio Spurs,1,4222252,Isaiah Hartenstein,C,1,4,1,9,8,6,4,0,0,31,6,24,12,15,0,0,0,3
401873201,2026-05-26,nba,2026,POST,Oklahoma City Thunder,San Antonio Spurs,1,4433255,Chet Holmgren,C,1,1,1,8,9,6,3,4,4,30,3,-1,16,11,1,1,0,3
401873201,2026-05-26,nba,2026,POST,Oklahoma City Thunder,San Antonio Spurs,1,4278073,Shai Gilgeous-Alexander,G,1,9,1,2,19,7,3,17,16,37,0,8,32,2,2,3,2,6
401873201,2026-05-26,nba,2026,POST,Oklahoma City Thunder,San Antonio Spurs,1,4397020,Luguentz Dort,G,1,0,0,3,7,3,1,0,0,18,1,-4,7,4,0,4,1,0
401873201,2026-05-26,nba,2026,POST,Oklahoma City Thunder,San Antonio Spurs,1,4683778,Jared McCain,G,1,0,0,3,19,7,1,5,3,33,0,1,20,3,0,9,3,2
401873201,2026-05-26,nba,2026,POST,Oklahoma City Thunder,San Antonio Spurs,1,4432823,Jaylin Williams,F,0,1,0,3,3,1,3,2,0,17,1,-9,3,4,0,2,1,0
401873201,2026-05-26,nba,2026,POST,Oklahoma City Thunder,San Antonio Spurs,1,2991350,Alex Caruso,G,0,6,0,1,10,5,2,8,8,28,1,18,22,2,3,8,4,2
401873201,2026-05-26,nba,2026,POST,Oklahoma City Thunder,San Antonio Spurs,1,3133626,Kenrich Williams,G,0,0,0,2,3,3,1,0,0,12,1,7,8,3,0,2,2,0
401873201,2026-05-26,nba,2026,POST,Oklahoma City Thunder,San Antonio Spurs,1,4395702,Isaiah Joe,G,0,0,0,0,0,0,1,0,0,2,0,-4,0,0,1,0,0,0
401873201,2026-05-26,nba,2026,POST,Oklahoma City Thunder,San Antonio Spurs,1,4397183,Aaron Wiggins,G,0,0,0,0,0,0,1,0,0,1,0,-2,0,0,0,0,0,0
401873201,2026-05-26,nba,2026,POST,Oklahoma City Thunder,San Antonio Spurs,1,4683692,Cason Wallace,G,0,5,2,3,5,2,2,2,2,31,1,29,7,4,2,3,1,0
401873201,2026-05-26,nba,2026,POST,Oklahoma City Thunder,San Antonio Spurs,1,5159925,Nikola Topic,G,0,0,0,0,0,0,0,0,0,1,0,-2,0,0,0,0,0,0
401873202,2026-05-28,nba,2026,POST,Oklahoma City Thunder,San Antonio Spurs,0,4222252,Isaiah Hartenstein,C,1,3,0,2,10,5,3,0,0,16,3,-25,10,5,0,0,0,0
401873202,2026-05-28,nba,2026,POST,Oklahoma City Thunder,San Antonio Spurs,0,4433255,Chet Holmgren,C,1,1,2,7,8,4,2,2,2,24,4,-9,10,11,1,1,0,0
401873202,2026-05-28,nba,2026,POST,Oklahoma City Thunder,San Antonio Spurs,0,4278073,Shai Gilgeous-Alexander,G,1,4,0,1,18,6,1,3,3,28,0,-28,15,1,0,5,0,2
401873202,2026-05-28,nba,2026,POST,Oklahoma City Thunder,San Antonio Spurs,0,4397020,Luguentz Dort,G,1,0,1,1,11,2,2,0,0,23,0,-9,5,1,1,9,1,1
401873202,2026-05-28,nba,2026,POST,Oklahoma City Thunder,San Antonio Spurs,0,4683778,Jared McCain,G,1,6,0,2,11,4,1,3,3,27,0,-14,13,2,2,3,2,2
401873202,2026-05-28,nba,2026,POST,Oklahoma City Thunder,San Antonio Spurs,0,4432823,Jaylin Williams,F,0,2,0,9,6,2,4,0,0,26,0,-1,4,9,0,4,0,0
401873202,2026-05-28,nba,2026,POST,Oklahoma City Thunder,San Antonio Spurs,0,2991350,Alex Caruso,G,0,0,0,0,7,3,1,0,0,21,0,-4,7,0,1,3,1,0
401873202,2026-05-28,nba,2026,POST,Oklahoma City Thunder,San Antonio Spurs,0,3133626,Kenrich Williams,G,0,2,0,5,8,2,1,2,2,15,1,-6,7,6,0,4,1,1
401873202,2026-05-28,nba,2026,POST,Oklahoma City Thunder,San Antonio Spurs,0,4395702,Isaiah Joe,G,0,2,0,1,4,1,2,0,0,16,3,-6,3,4,0,4,1,1
401873202,2026-05-28,nba,2026,POST,Oklahoma City Thunder,San Antonio Spurs,0,4397183,Aaron Wiggins,G,0,0,0,0,3,2,0,0,0,7,0,0,5,0,0,1,1,1
401873202,2026-05-28,nba,2026,POST,Oklahoma City Thunder,San Antonio Spurs,0,4593803,Jalen Williams,G,0,1,0,0,1,0,1,2,1,10,0,-18,1,0,0,1,0,2
401873202,2026-05-28,nba,2026,POST,Oklahoma City Thunder,San Antonio Spurs,0,4683692,Cason Wallace,G,0,1,0,2,6,4,2,0,0,20,1,-14,11,3,3,4,3,2
401873202,2026-05-28,nba,2026,POST,Oklahoma City Thunder,San Antonio Spurs,0,5159925,Nikola Topic,G,0,0,0,0,1,0,1,0,0,6,0,-1,0,0,1,1,0,0
401873202,2026-05-28,nba,2026,POST,San Antonio Spurs,Oklahoma City Thunder,1,4592479,Julian Champagnie,F,1,2,2,5,8,4,2,0,0,25,1,24,10,6,1,6,2,1
401873202,2026-05-28,nba,2026,POST,San Antonio Spurs,Oklahoma City Thunder,1,5104157,Victor Wembanyama,F,1,2,3,6,21,10,0,4,4,28,4,13,28,10,2,9,4,3
401873202,2026-05-28,nba,2026,POST,San Antonio Spurs,Oklahoma City Thunder,1,4066259,De'Aaron Fox,G,1,7,0,5,9,1,2,4,3,26,0,17,5,5,0,3,0,0
401873202,2026-05-28,nba,2026,POST,San Antonio Spurs,Oklahoma City Thunder,1,4395630,Devin Vassell,G,1,2,2,1,7,4,0,0,0,26,0,18,12,1,1,7,4,1
401873202,2026-05-28,nba,2026,POST,San Antonio Spurs,Oklahoma City Thunder,1,4845367,Stephon Castle,G,1,9,0,3,10,5,3,8,7,32,2,13,17,5,1,2,0,1
401873202,2026-05-28,nba,2026,POST,San Antonio Spurs,Oklahoma City Thunder,1,6578,Harrison Barnes,F,0,0,0,0,4,2,0,0,0,13,1,5,6,1,0,4,2,1
401873202,2026-05-28,nba,2026,POST,San Antonio Spurs,Oklahoma City Thunder,1,2489663,Kelly Olynyk,F,0,0,0,1,3,2,0,3,2,5,0,1,6,1,0,0,0,0
401873202,2026-05-28,nba,2026,POST,San Antonio Spurs,Oklahoma City Thunder,1,4066317,Lindy Waters III,F,0,1,0,0,2,1,1,0,0,6,0,1,2,0,1,1,0,0
401873202,2026-05-28,nba,2026,POST,San Antonio Spurs,Oklahoma City Thunder,1,4395723,Keldon Johnson,F,0,0,0,2,7,4,1,0,0,18,1,7,9,3,1,3,1,1
401873202,2026-05-28,nba,2026,POST,San Antonio Spurs,Oklahoma City Thunder,1,5061568,Carter Bryant,F,0,0,0,4,3,1,2,0,0,8,0,2,2,4,0,2,0,1
401873202,2026-05-28,nba,2026,POST,San Antonio Spurs,Oklahoma City Thunder,1,6427,Bismack Biyombo,C,0,0,0,0,1,0,0,0,0,5,0,1,0,0,0,0,0,0
401873202,2026-05-28,nba,2026,POST,San Antonio Spurs,Oklahoma City Thunder,1,2488653,Mason Plumlee,C,0,0,0,1,0,0,1,0,0,5,0,1,0,1,0,0,0,0
401873202,2026-05-28,nba,2026,POST,San Antonio Spurs,Oklahoma City Thunder,1,3064560,Luke Kornet,C,0,1,0,3,2,1,1,2,1,13,2,13,3,5,0,0,0,1
401873202,2026-05-28,nba,2026,POST,San Antonio Spurs,Oklahoma City Thunder,1,3134916,Jordan McLaughlin,G,0,2,0,4,2,0,0,0,0,7,0,0,0,4,0,1,0,1
401873202,2026-05-28,nba,2026,POST,San Antonio Spurs,Oklahoma City Thunder,1,5037871,Dylan Harper,G,0,4,0,6,9,6,1,4,4,22,0,19,18,6,0,3,2,1
401873203,2026-05-30,nba,2026,POST,San Antonio Spurs,Oklahoma City Thunder,0,4592479,Julian Champagnie,F,1,1,0,5,11,6,2,3,2,38,1,16,20,6,1,10,6,1
401873203,2026-05-30,nba,2026,POST,San Antonio Spurs,Oklahoma City Thunder,0,5104157,Victor Wembanyama,F,1,2,1,6,15,7,5,7,5,42,1,7,22,7,1,5,3,1
401873203,2026-05-30,nba,2026,POST,San Antonio Spurs,Oklahoma City Thunder,0,4066259,De'Aaron Fox,G,1,5,0,0,12,6,2,0,0,36,0,3,15,0,3,7,3,2
401873203,2026-05-30,nba,2026,POST,San Antonio Spurs,Oklahoma City Thunder,0,4395630,Devin Vassell,G,1,3,0,5,14,4,1,2,2,33,1,0,11,6,2,6,1,0
401873203,2026-05-30,nba,2026,POST,San Antonio Spurs,Oklahoma City Thunder,0,4845367,Stephon Castle,G,1,6,0,2,15,7,4,3,2,36,4,1,16,6,1,3,0,6
401873203,2026-05-30,nba,2026,POST,San Antonio Spurs,Oklahoma City Thunder,0,6578,Harrison Barnes,F,0,0,0,0,1,0,0,0,0,3,0,-5,0,0,0,1,0,0
401873203,2026-05-30,nba,2026,POST,San Antonio Spurs,Oklahoma City Thunder,0,4395723,Keldon Johnson,F,0,1,0,1,8,4,3,2,1,16,2,6,11,3,1,5,2,0
401873203,2026-05-30,nba,2026,POST,San Antonio Spurs,Oklahoma City Thunder,0,5061568,Carter Bryant,F,0,0,0,1,1,1,0,0,0,3,0,2,2,1,0,0,0,0
401873203,2026-05-30,nba,2026,POST,San Antonio Spurs,Oklahoma City Thunder,0,3064560,Luke Kornet,C,0,0,1,1,3,0,0,2,2,6,3,1,2,4,0,0,0,0
401873203,2026-05-30,nba,2026,POST,San Antonio Spurs,Oklahoma City Thunder,0,5037871,Dylan Harper,G,0,3,0,4,8,5,1,0,0,27,3,9,12,7,0,3,2,2
401873203,2026-05-30,nba,2026,POST,San Antonio Spurs,Oklahoma City Thunder,0,2489663,Kelly Olynyk,F,0,,,,,,,,,,,,,,,,,
401873203,2026-05-30,nba,2026,POST,San Antonio Spurs,Oklahoma City Thunder,0,4066317,Lindy Waters III,F,0,,,,,,,,,,,,,,,,,
401873203,2026-05-30,nba,2026,POST,San Antonio Spurs,Oklahoma City Thunder,0,6427,Bismack Biyombo,C,0,,,,,,,,,,,,,,,,,
401873203,2026-05-30,nba,2026,POST,San Antonio Spurs,Oklahoma City Thunder,0,2488653,Mason Plumlee,C,0,,,,,,,,,,,,,,,,,
401873203,2026-05-30,nba,2026,POST,San Antonio Spurs,Oklahoma City Thunder,0,3134916,Jordan McLaughlin,G,0,,,,,,,,,,,,,,,,,
401873203,2026-05-30,nba,2026,POST,Oklahoma City Thunder,San Antonio Spurs,1,4222252,Isaiah Hartenstein,C,1,0,0,3,7,3,2,1,1,21,2,-14,7,5,1,0,0,2
401873203,2026-05-30,nba,2026,POST,Oklahoma City Thunder,San Antonio Spurs,1,4433255,Chet Holmgren,C,1,0,2,3,2,1,2,4,2,33,1,-3,4,4,2,0,0,2
401873203,2026-05-30,nba,2026,POST,Oklahoma City Thunder,San Antonio Spurs,1,4278073,Shai Gilgeous-Alexander,G,1,9,1,3,21,12,1,11,9,43,1,-7,35,4,3,5,2,3
401873203,2026-05-30,nba,2026,POST,Oklahoma City Thunder,San Antonio Spurs,1,4397020,Luguentz Dort,G,1,2,0,1,4,1,2,0,0,16,0,-9,3,1,0,3,1,0
401873203,2026-05-30,nba,2026,POST,Oklahoma City Thunder,San Antonio Spurs,1,4683692,Cason Wallace,G,1,4,1,5,10,6,2,0,0,36,2,-3,17,7,2,9,5,2
401873203,2026-05-30,nba,2026,POST,Oklahoma City Thunder,San Antonio Spurs,1,4432823,Jaylin Williams,F,0,4,0,7,9,5,4,0,0,26,3,10,11,10,0,3,1,0
401873203,2026-05-30,nba,2026,POST,Oklahoma City Thunder,San Antonio Spurs,1,2991350,Alex Caruso,G,0,4,1,5,14,3,1,6,5,39,0,-5,12,5,0,6,1,3
401873203,2026-05-30,nba,2026,POST,Oklahoma City Thunder,San Antonio Spurs,1,3133626,Kenrich Williams,G,0,0,0,0,4,1,0,0,0,4,1,-1,2,1,0,2,0,0
401873203,2026-05-30,nba,2026,POST,Oklahoma City Thunder,San Antonio Spurs,1,4683778,Jared McCain,G,0,0,0,1,12,5,2,0,0,23,0,-8,12,1,1,7,2,1
401873203,2026-05-30,nba,2026,POST,Oklahoma City Thunder,San Antonio Spurs,1,4395702,Isaiah Joe,G,0,,,,,,,,,,,,,,,,,
401873203,2026-05-30,nba,2026,POST,Oklahoma City Thunder,San Antonio Spurs,1,4397183,Aaron Wiggins,G,0,,,,,,,,,,,,,,,,,
401873203,2026-05-30,nba,2026,POST,Oklahoma City Thunder,San Antonio Spurs,1,5159925,Nikola Topic,G,0,,,,,,,,,,,,,,,,,
401859963,2026-06-03,nba,2026,POST,New York Knicks,San Antonio Spurs,0,3934719,OG Anunoby,F,1,0,1,3,12,5,0,4,4,31,0,-6,17,3,1,6,3,0
401859963,2026-06-03,nba,2026,POST,New York Knicks,San Antonio Spurs,0,3136195,Karl-Anthony Towns,C,1,4,1,8,15,7,4,4,4,34,4,14,18,12,0,2,0,2
401859963,2026-06-03,nba,2026,POST,New York Knicks,San Antonio Spurs,0,3062679,Josh Hart,G,1,6,1,13,5,1,4,1,1,27,2,22,3,15,4,3,0,0
401859963,2026-06-03,nba,2026,POST,New York Knicks,San Antonio Spurs,0,3147657,Mikal Bridges,G,1,3,0,1,6,3,3,4,3,28,2,11,9,3,2,0,0,1
401859963,2026-06-03,nba,2026,POST,New York Knicks,San Antonio Spurs,0,3934672,Jalen Brunson,G,1,2,0,2,31,12,2,4,4,37,1,6,30,3,0,9,2,4
401859963,2026-06-03,nba,2026,POST,New York Knicks,San Antonio Spurs,0,4351852,Mitchell Robinson,C,0,0,0,5,2,1,1,1,0,13,1,-4,2,6,0,0,0,0
401859963,2026-06-03,nba,2026,POST,New York Knicks,San Antonio Spurs,0,2528426,Jordan Clarkson,G,0,0,0,1,1,0,1,0,0,6,0,2,0,1,0,1,0,0
401859963,2026-06-03,nba,2026,POST,New York Knicks,San Antonio Spurs,0,3914044,Landry Shamet,G,0,0,0,1,9,5,4,0,0,33,0,-10,13,1,0,6,3,0
401859963,2026-06-03,nba,2026,POST,New York Knicks,San Antonio Spurs,0,4277869,Jose Alvarado,G,0,1,0,4,6,3,3,0,0,11,0,4,7,4,1,3,1,1
401859963,2026-06-03,nba,2026,POST,New York Knicks,San Antonio Spurs,0,4431823,Miles McBride,G,0,4,1,1,7,2,1,0,0,19,0,11,6,1,0,6,2,0
401859963,2026-06-03,nba,2026,POST,New York Knicks,San Antonio Spurs,0,4610139,Jeremy Sochan,F,0,,,,,,,,,,,,,,,,,
401859963,2026-06-03,nba,2026,POST,New York Knicks,San Antonio Spurs,0,5211983,Pacome Dadiet,F,0,,,,,,,,,,,,,,,,,
401859963,2026-06-03,nba,2026,POST,New York Knicks,San Antonio Spurs,0,5289900,Mohamed Diawara,F,0,,,,,,,,,,,,,,,,,
401859963,2026-06-03,nba,2026,POST,New York Knicks,San Antonio Spurs,0,4871141,Ariel Hukporti,C,0,,,,,,,,,,,,,,,,,
401859963,2026-06-03,nba,2026,POST,New York Knicks,San Antonio Spurs,0,4433225,Tyler Kolek,G,0,,,,,,,,,,,,,,,,,
401859963,2026-06-03,nba,2026,POST,San Antonio Spurs,New York Knicks,1,4592479,Julian Champagnie,F,1,1,1,7,11,5,2,2,1,31,3,-8,16,10,0,10,5,0
401859963,2026-06-03,nba,2026,POST,San Antonio Spurs,New York Knicks,1,5104157,Victor Wembanyama,F,1,2,3,9,21,6,2,13,12,38,3,-3,26,12,1,9,2,6
401859963,2026-06-03,nba,2026,POST,San Antonio Spurs,New York Knicks,1,4066259,De'Aaron Fox,G,1,5,0,4,13,3,5,2,1,38,0,0,7,4,1,4,0,3
401859963,2026-06-03,nba,2026,POST,San Antonio Spurs,New York Knicks,1,4395630,Devin Vassell,G,1,3,0,5,11,4,1,0,0,36,4,-13,9,9,0,6,1,1
401859963,2026-06-03,nba,2026,POST,San Antonio Spurs,New York Knicks,1,4845367,Stephon Castle,G,1,3,0,5,16,7,3,2,2,34,3,-9,17,8,0,5,1,2
401859963,2026-06-03,nba,2026,POST,San Antonio Spurs,New York Knicks,1,6578,Harrison Barnes,F,0,1,0,1,2,0,1,1,0,12,1,-2,0,2,0,2,0,0
401859963,2026-06-03,nba,2026,POST,San Antonio Spurs,New York Knicks,1,4395723,Keldon Johnson,F,0,0,0,0,4,1,3,0,0,8,0,1,3,0,0,2,1,0
401859963,2026-06-03,nba,2026,POST,San Antonio Spurs,New York Knicks,1,5061568,Carter Bryant,F,0,0,0,0,1,0,1,2,1,4,0,-4,1,0,0,1,0,0
401859963,2026-06-03,nba,2026,POST,San Antonio Spurs,New York Knicks,1,3064560,Luke Kornet,C,0,0,0,1,0,0,3,0,0,10,0,-7,0,1,1,0,0,0
401859963,2026-06-03,nba,2026,POST,San Antonio Spurs,New York Knicks,1,5037871,Dylan Harper,G,0,1,0,8,10,6,2,3,3,28,0,-5,16,8,1,4,1,1
401859963,2026-06-03,nba,2026,POST,San Antonio Spurs,New York Knicks,1,2489663,Kelly Olynyk,F,0,,,,,,,,,,,,,,,,,
401859963,2026-06-03,nba,2026,POST,San Antonio Spurs,New York Knicks,1,4066317,Lindy Waters III,F,0,,,,,,,,,,,,,,,,,
401859963,2026-06-03,nba,2026,POST,San Antonio Spurs,New York Knicks,1,6427,Bismack Biyombo,C,0,,,,,,,,,,,,,,,,,
401859963,2026-06-03,nba,2026,POST,San Antonio Spurs,New York Knicks,1,2488653,Mason Plumlee,C,0,,,,,,,,,,,,,,,,,
401859963,2026-06-03,nba,2026,POST,San Antonio Spurs,New York Knicks,1,3134916,Jordan McLaughlin,G,0,,,,,,,,,,,,,,,,,
401859964,2026-06-05,nba,2026,POST,New York Knicks,San Antonio Spurs,0,3934719,OG Anunoby,F,1,3,2,4,10,5,4,5,5,37,0,-9,17,4,2,5,2,0
401859964,2026-06-05,nba,2026,POST,New York Knicks,San Antonio Spurs,0,3136195,Karl-Anthony Towns,C,1,4,1,10,12,8,5,2,2,34,3,11,21,13,1,5,3,2
401859964,2026-06-05,nba,2026,POST,New York Knicks,San Antonio Spurs,0,3062679,Josh Hart,G,1,4,1,6,4,0,5,0,0,18,0,-3,0,6,1,2,0,2
401859964,2026-06-05,nba,2026,POST,New York Knicks,San Antonio Spurs,0,3147657,Mikal Bridges,G,1,6,0,6,13,8,2,0,0,41,0,7,20,6,1,6,4,1
401859964,2026-06-05,nba,2026,POST,New York Knicks,San Antonio Spurs,0,3934672,Jalen Brunson,G,1,6,0,3,25,7,2,5,4,38,2,-10,20,5,5,8,2,4
401859964,2026-06-05,nba,2026,POST,New York Knicks,San Antonio Spurs,0,4351852,Mitchell Robinson,C,0,0,1,2,2,2,3,6,3,14,1,-10,7,3,1,0,0,1
401859964,2026-06-05,nba,2026,POST,New York Knicks,San Antonio Spurs,0,3914044,Landry Shamet,G,0,2,1,2,12,5,0,0,0,30,0,9,13,2,0,7,3,0
401859964,2026-06-05,nba,2026,POST,New York Knicks,San Antonio Spurs,0,4277869,Jose Alvarado,G,0,2,0,1,4,0,1,3,2,10,2,11,2,3,0,2,0,0
401859964,2026-06-05,nba,2026,POST,New York Knicks,San Antonio Spurs,0,4431823,Miles McBride,G,0,2,0,0,7,2,1,0,0,18,2,-1,5,2,0,3,1,2
401859964,2026-06-05,nba,2026,POST,New York Knicks,San Antonio Spurs,0,4610139,Jeremy Sochan,F,0,,,,,,,,,,,,,,,,,
401859964,2026-06-05,nba,2026,POST,New York Knicks,San Antonio Spurs,0,5211983,Pacome Dadiet,F,0,,,,,,,,,,,,,,,,,
401859964,2026-06-05,nba,2026,POST,New York Knicks,San Antonio Spurs,0,5289900,Mohamed Diawara,F,0,,,,,,,,,,,,,,,,,
401859964,2026-06-05,nba,2026,POST,New York Knicks,San Antonio Spurs,0,4871141,Ariel Hukporti,C,0,,,,,,,,,,,,,,,,,
401859964,2026-06-05,nba,2026,POST,New York Knicks,San Antonio Spurs,0,2528426,Jordan Clarkson,G,0,,,,,,,,,,,,,,,,,
401859964,2026-06-05,nba,2026,POST,New York Knicks,San Antonio Spurs,0,4433225,Tyler Kolek,G,0,,,,,,,,,,,,,,,,,
401859964,2026-06-05,nba,2026,POST,San Antonio Spurs,New York Knicks,1,4592479,Julian Champagnie,F,1,1,1,4,6,2,2,2,2,36,0,-8,8,4,0,5,2,0
401859964,2026-06-05,nba,2026,POST,San Antonio Spurs,New York Knicks,1,5104157,Victor Wembanyama,F,1,2,4,6,21,11,2,8,5,40,3,6,29,9,2,6,2,4
401859964,2026-06-05,nba,2026,POST,San Antonio Spurs,New York Knicks,1,4066259,De'Aaron Fox,G,1,5,1,3,12,8,2,2,2,34,0,2,20,3,1,2,2,4
401859964,2026-06-05,nba,2026,POST,San Antonio Spurs,New York Knicks,1,4395630,Devin Vassell,G,1,5,1,9,9,4,2,3,3,38,0,6,14,9,0,7,3,0
401859964,2026-06-05,nba,2026,POST,San Antonio Spurs,New York Knicks,1,4845367,Stephon Castle,G,1,4,0,4,14,5,4,4,2,28,0,-6,14,4,1,4,2,4
401859964,2026-06-05,nba,2026,POST,San Antonio Spurs,New York Knicks,1,6578,Harrison Barnes,F,0,0,0,0,0,0,0,0,0,5,0,-5,0,0,0,0,0,0
401859964,2026-06-05,nba,2026,POST,San Antonio Spurs,New York Knicks,1,4395723,Keldon Johnson,F,0,2,0,3,4,1,1,2,1,16,1,-5,3,4,1,2,0,1
401859964,2026-06-05,nba,2026,POST,San Antonio Spurs,New York Knicks,1,5061568,Carter Bryant,F,0,0,0,0,0,0,2,0,0,3,0,0,0,0,0,0,0,1
401859964,2026-06-05,nba,2026,POST,San Antonio Spurs,New York Knicks,1,3064560,Luke Kornet,C,0,0,0,3,0,0,2,2,1,8,0,-7,1,3,1,0,0,0
401859964,2026-06-05,nba,2026,POST,San Antonio Spurs,New York Knicks,1,5037871,Dylan Harper,G,0,3,0,5,12,6,3,4,3,32,1,12,15,6,1,3,0,2
401859964,2026-06-05,nba,2026,POST,San Antonio Spurs,New York Knicks,1,2489663,Kelly Olynyk,F,0,,,,,,,,,,,,,,,,,
401859964,2026-06-05,nba,2026,POST,San Antonio Spurs,New York Knicks,1,4066317,Lindy Waters III,F,0,,,,,,,,,,,,,,,,,
401859964,2026-06-05,nba,2026,POST,San Antonio Spurs,New York Knicks,1,6427,Bismack Biyombo,C,0,,,,,,,,,,,,,,,,,
401859964,2026-06-05,nba,2026,POST,San Antonio Spurs,New York Knicks,1,2488653,Mason Plumlee,C,0,,,,,,,,,,,,,,,,,
401859964,2026-06-05,nba,2026,POST,San Antonio Spurs,New York Knicks,1,3134916,Jordan McLaughlin,G,0,,,,,,,,,,,,,,,,,
401859965,2026-06-08,nba,2026,POST,San Antonio Spurs,New York Knicks,0,4592479,Julian Champagnie,F,1,3,0,1,9,4,1,2,1,27,0,8,12,1,1,7,3,0
401859965,2026-06-08,nba,2026,POST,San Antonio Spurs,New York Knicks,0,5104157,Victor Wembanyama,F,1,6,3,7,18,11,3,9,8,39,1,7,32,8,2,4,2,1
401859965,2026-06-08,nba,2026,POST,San Antonio Spurs,New York Knicks,0,4066259,De'Aaron Fox,G,1,8,2,3,14,4,3,4,4,37,0,-7,12,3,1,5,0,2
401859965,2026-06-08,nba,2026,POST,San Antonio Spurs,New York Knicks,0,4395630,Devin Vassell,G,1,0,0,4,4,3,3,3,2,38,0,12,11,4,0,4,3,1
401859965,2026-06-08,nba,2026,POST,San Antonio Spurs,New York Knicks,0,4845367,Stephon Castle,G,1,5,1,4,14,8,4,6,5,38,1,6,23,5,1,5,2,2
401859965,2026-06-08,nba,2026,POST,San Antonio Spurs,New York Knicks,0,4395723,Keldon Johnson,F,0,0,0,2,5,3,3,4,1,17,0,14,7,2,1,0,0,2
401859965,2026-06-08,nba,2026,POST,San Antonio Spurs,New York Knicks,0,5061568,Carter Bryant,F,0,0,1,0,1,1,2,0,0,4,0,-9,3,0,0,1,1,0
401859965,2026-06-08,nba,2026,POST,San Antonio Spurs,New York Knicks,0,3064560,Luke Kornet,C,0,2,0,2,1,0,1,2,2,9,3,-3,2,5,1,0,0,0
401859965,2026-06-08,nba,2026,POST,San Antonio Spurs,New York Knicks,0,5037871,Dylan Harper,G,0,4,0,8,18,5,1,2,2,32,1,-8,13,9,0,8,1,0
401859965,2026-06-08,nba,2026,POST,San Antonio Spurs,New York Knicks,0,6578,Harrison Barnes,F,0,,,,,,,,,,,,,,,,,
401859965,2026-06-08,nba,2026,POST,San Antonio Spurs,New York Knicks,0,2489663,Kelly Olynyk,F,0,,,,,,,,,,,,,,,,,
401859965,2026-06-08,nba,2026,POST,San Antonio Spurs,New York Knicks,0,4066317,Lindy Waters III,F,0,,,,,,,,,,,,,,,,,
401859965,2026-06-08,nba,2026,POST,San Antonio Spurs,New York Knicks,0,6427,Bismack Biyombo,C,0,,,,,,,,,,,,,,,,,
401859965,2026-06-08,nba,2026,POST,San Antonio Spurs,New York Knicks,0,2488653,Mason Plumlee,C,0,,,,,,,,,,,,,,,,,
401859965,2026-06-08,nba,2026,POST,San Antonio Spurs,New York Knicks,0,3134916,Jordan McLaughlin,G,0,,,,,,,,,,,,,,,,,
401859965,2026-06-08,nba,2026,POST,New York Knicks,San Antonio Spurs,1,3934719,OG Anunoby,F,1,1,2,5,13,9,2,9,7,38,0,-3,28,5,0,7,3,1
401859965,2026-06-08,nba,2026,POST,New York Knicks,San Antonio Spurs,1,3136195,Karl-Anthony Towns,C,1,1,2,6,10,4,4,3,3,38,2,6,11,8,3,2,0,1
401859965,2026-06-08,nba,2026,POST,New York Knicks,San Antonio Spurs,1,3062679,Josh Hart,G,1,5,0,8,10,6,2,0,0,35,1,-7,16,9,0,7,4,2
401859965,2026-06-08,nba,2026,POST,New York Knicks,San Antonio Spurs,1,3147657,Mikal Bridges,G,1,2,1,5,5,1,4,0,0,29,0,11,2,5,0,3,0,1
401859965,2026-06-08,nba,2026,POST,New York Knicks,San Antonio Spurs,1,3934672,Jalen Brunson,G,1,5,0,3,25,11,5,8,7,35,2,-9,32,5,0,5,3,5
401859965,2026-06-08,nba,2026,POST,New York Knicks,San Antonio Spurs,1,4610139,Jeremy Sochan,F,0,0,0,0,0,0,0,0,0,0,0,0,0,0,0,0,0,0
401859965,2026-06-08,nba,2026,POST,New York Knicks,San Antonio Spurs,1,4351852,Mitchell Robinson,C,0,0,0,0,3,2,0,2,1,7,4,-13,5,4,0,0,0,0
401859965,2026-06-08,nba,2026,POST,New York Knicks,San Antonio Spurs,1,2528426,Jordan Clarkson,G,0,1,0,2,7,4,0,0,0,13,1,8,10,3,1,2,2,2
401859965,2026-06-08,nba,2026,POST,New York Knicks,San Antonio Spurs,1,3914044,Landry Shamet,G,0,2,1,2,8,1,5,0,0,23,2,-20,3,4,0,7,1,0
401859965,2026-06-08,nba,2026,POST,New York Knicks,San Antonio Spurs,1,4277869,Jose Alvarado,G,0,1,0,3,5,2,1,0,0,12,0,5,4,3,0,2,0,0
401859965,2026-06-08,nba,2026,POST,New York Knicks,San Antonio Spurs,1,4431823,Miles McBride,G,0,0,0,0,2,0,0,0,0,9,0,2,0,0,0,2,0,1
401859965,2026-06-08,nba,2026,POST,New York Knicks,San Antonio Spurs,1,5211983,Pacome Dadiet,F,0,,,,,,,,,,,,,,,,,
401859965,2026-06-08,nba,2026,POST,New York Knicks,San Antonio Spurs,1,5289900,Mohamed Diawara,F,0,,,,,,,,,,,,,,,,,
401859965,2026-06-08,nba,2026,POST,New York Knicks,San Antonio Spurs,1,4871141,Ariel Hukporti,C,0,,,,,,,,,,,,,,,,,
401859965,2026-06-08,nba,2026,POST,New York Knicks,San Antonio Spurs,1,4433225,Tyler Kolek,G,0,,,,,,,,,,,,,,,,,
401859966,2026-06-10,nba,2026,POST,San Antonio Spurs,New York Knicks,0,4592479,Julian Champagnie,F,1,3,0,5,9,2,1,0,0,33,0,-4,5,5,4,7,1,0
401859966,2026-06-10,nba,2026,POST,San Antonio Spurs,New York Knicks,0,5104157,Victor Wembanyama,F,1,1,3,8,25,9,1,7,4,44,5,1,24,13,0,8,2,0
401859966,2026-06-10,nba,2026,POST,San Antonio Spurs,New York Knicks,0,4066259,De'Aaron Fox,G,1,7,1,3,16,6,3,2,2,37,2,1,18,5,2,9,4,4
401859966,2026-06-10,nba,2026,POST,San Antonio Spurs,New York Knicks,0,4395630,Devin Vassell,G,1,4,0,4,9,6,2,1,1,40,1,-7,18,5,1,8,5,1
401859966,2026-06-10,nba,2026,POST,San Antonio Spurs,New York Knicks,0,4845367,Stephon Castle,G,1,5,0,3,7,2,5,8,8,26,2,-11,13,5,0,3,1,3
401859966,2026-06-10,nba,2026,POST,San Antonio Spurs,New York Knicks,0,4395723,Keldon Johnson,F,0,1,0,2,5,1,2,0,0,18,2,-1,2,4,1,1,0,0
401859966,2026-06-10,nba,2026,POST,San Antonio Spurs,New York Knicks,0,5061568,Carter Bryant,F,0,0,0,1,3,2,1,0,0,5,0,6,5,1,1,1,1,0
401859966,2026-06-10,nba,2026,POST,San Antonio Spurs,New York Knicks,0,3064560,Luke Kornet,C,0,0,0,0,0,0,3,0,0,4,0,-2,0,0,1,0,0,0
401859966,2026-06-10,nba,2026,POST,San Antonio Spurs,New York Knicks,0,5037871,Dylan Harper,G,0,3,0,4,12,8,3,2,2,32,0,12,21,4,0,6,3,3
401859966,2026-06-10,nba,2026,POST,San Antonio Spurs,New York Knicks,0,6578,Harrison Barnes,F,0,,,,,,,,,,,,,,,,,
401859966,2026-06-10,nba,2026,POST,San Antonio Spurs,New York Knicks,0,2489663,Kelly Olynyk,F,0,,,,,,,,,,,,,,,,,
401859966,2026-06-10,nba,2026,POST,San Antonio Spurs,New York Knicks,0,4066317,Lindy Waters III,F,0,,,,,,,,,,,,,,,,,
401859966,2026-06-10,nba,2026,POST,San Antonio Spurs,New York Knicks,0,6427,Bismack Biyombo,C,0,,,,,,,,,,,,,,,,,
401859966,2026-06-10,nba,2026,POST,San Antonio Spurs,New York Knicks,0,2488653,Mason Plumlee,C,0,,,,,,,,,,,,,,,,,
401859966,2026-06-10,nba,2026,POST,San Antonio Spurs,New York Knicks,0,3134916,Jordan McLaughlin,G,0,,,,,,,,,,,,,,,,,
401859966,2026-06-10,nba,2026,POST,New York Knicks,San Antonio Spurs,1,3934719,OG Anunoby,F,1,1,1,3,15,10,2,6,6,41,1,-1,33,4,1,9,7,1
401859966,2026-06-10,nba,2026,POST,New York Knicks,San Antonio Spurs,1,3136195,Karl-Anthony Towns,C,1,2,0,8,5,4,4,4,4,26,2,17,13,10,0,1,1,3
401859966,2026-06-10,nba,2026,POST,New York Knicks,San Antonio Spurs,1,3062679,Josh Hart,G,1,6,0,6,4,2,3,3,1,33,2,11,6,8,2,2,1,2
401859966,2026-06-10,nba,2026,POST,New York Knicks,San Antonio Spurs,1,3147657,Mikal Bridges,G,1,2,0,2,9,3,0,0,0,28,0,-2,7,2,0,3,1,0
401859966,2026-06-10,nba,2026,POST,New York Knicks,San Antonio Spurs,1,3934672,Jalen Brunson,G,1,7,0,5,25,12,1,11,9,44,0,11,36,5,3,7,3,3
401859966,2026-06-10,nba,2026,POST,New York Knicks,San Antonio Spurs,1,4610139,Jeremy Sochan,F,0,0,0,0,1,0,0,0,0,3,0,-6,0,0,0,0,0,0
401859966,2026-06-10,nba,2026,POST,New York Knicks,San Antonio Spurs,1,4351852,Mitchell Robinson,C,0,1,2,2,5,1,1,4,0,13,3,-14,2,5,0,0,0,1
401859966,2026-06-10,nba,2026,POST,New York Knicks,San Antonio Spurs,1,4871141,Ariel Hukporti,C,0,0,1,0,0,0,1,0,0,3,0,3,0,0,0,0,0,0
401859966,2026-06-10,nba,2026,POST,New York Knicks,San Antonio Spurs,1,2528426,Jordan Clarkson,G,0,0,0,1,3,1,3,0,0,5,0,2,2,1,0,1,0,2
401859966,2026-06-10,nba,2026,POST,New York Knicks,San Antonio Spurs,1,3914044,Landry Shamet,G,0,1,0,2,3,0,1,0,0,21,0,-13,0,2,0,2,0,0
401859966,2026-06-10,nba,2026,POST,New York Knicks,San Antonio Spurs,1,4277869,Jose Alvarado,G,0,3,0,2,4,3,5,0,0,16,0,11,8,2,0,3,2,1
401859966,2026-06-10,nba,2026,POST,New York Knicks,San Antonio Spurs,1,4431823,Miles McBride,G,0,0,0,0,4,0,0,0,0,7,0,-14,0,0,0,4,0,0
401859966,2026-06-10,nba,2026,POST,New York Knicks,San Antonio Spurs,1,5211983,Pacome Dadiet,F,0,,,,,,,,,,,,,,,,,
401859966,2026-06-10,nba,2026,POST,New York Knicks,San Antonio Spurs,1,5289900,Mohamed Diawara,F,0,,,,,,,,,,,,,,,,,
401859966,2026-06-10,nba,2026,POST,New York Knicks,San Antonio Spurs,1,4433225,Tyler Kolek,G,0,,,,,,,,,,,,,,,,,
401859967,2026-06-13,nba,2026,POST,New York Knicks,San Antonio Spurs,0,3934719,OG Anunoby,F,1,0,1,8,11,3,5,6,4,33,0,2,11,8,3,5,1,1
401859967,2026-06-13,nba,2026,POST,New York Knicks,San Antonio Spurs,0,3136195,Karl-Anthony Towns,C,1,1,1,9,7,1,6,0,0,23,1,-4,2,10,3,2,0,5
401859967,2026-06-13,nba,2026,POST,New York Knicks,San Antonio Spurs,0,3062679,Josh Hart,G,1,2,0,8,11,4,3,3,2,39,3,15,13,11,0,6,3,1
401859967,2026-06-13,nba,2026,POST,New York Knicks,San Antonio Spurs,0,3147657,Mikal Bridges,G,1,4,1,2,10,5,1,2,1,39,0,6,14,2,0,7,3,0
401859967,2026-06-13,nba,2026,POST,New York Knicks,San Antonio Spurs,0,3934672,Jalen Brunson,G,1,3,0,2,27,14,1,15,13,41,1,10,45,3,2,7,4,3
401859967,2026-06-13,nba,2026,POST,New York Knicks,San Antonio Spurs,0,4610139,Jeremy Sochan,F,0,0,0,0,0,0,0,0,0,0,0,1,0,0,0,0,0,0
401859967,2026-06-13,nba,2026,POST,New York Knicks,San Antonio Spurs,0,4351852,Mitchell Robinson,C,0,2,0,4,2,1,1,2,0,20,6,5,2,10,0,0,0,0
401859967,2026-06-13,nba,2026,POST,New York Knicks,San Antonio Spurs,0,4871141,Ariel Hukporti,C,0,1,1,0,0,0,0,0,0,2,1,4,0,1,0,0,0,0
401859967,2026-06-13,nba,2026,POST,New York Knicks,San Antonio Spurs,0,2528426,Jordan Clarkson,G,0,0,0,0,5,1,0,0,0,6,1,3,2,1,0,2,0,0
401859967,2026-06-13,nba,2026,POST,New York Knicks,San Antonio Spurs,0,3914044,Landry Shamet,G,0,0,0,1,7,2,2,0,0,13,0,-14,5,1,0,4,1,0
401859967,2026-06-13,nba,2026,POST,New York Knicks,San Antonio Spurs,0,4277869,Jose Alvarado,G,0,0,0,1,5,0,1,0,0,11,0,-11,0,1,0,2,0,0
401859967,2026-06-13,nba,2026,POST,New York Knicks,San Antonio Spurs,0,4431823,Miles McBride,G,0,1,0,0,2,0,1,0,0,13,0,3,0,0,0,2,0,0
401859967,2026-06-13,nba,2026,POST,New York Knicks,San Antonio Spurs,0,5211983,Pacome Dadiet,F,0,,,,,,,,,,,,,,,,,
401859967,2026-06-13,nba,2026,POST,New York Knicks,San Antonio Spurs,0,5289900,Mohamed Diawara,F,0,,,,,,,,,,,,,,,,,
401859967,2026-06-13,nba,2026,POST,New York Knicks,San Antonio Spurs,0,4433225,Tyler Kolek,G,0,,,,,,,,,,,,,,,,,
401859967,2026-06-13,nba,2026,POST,San Antonio Spurs,New York Knicks,1,4592479,Julian Champagnie,F,1,1,0,5,9,5,3,0,0,31,2,-10,14,7,1,8,4,4
401859967,2026-06-13,nba,2026,POST,San Antonio Spurs,New York Knicks,1,5104157,Victor Wembanyama,F,1,2,5,8,19,7,3,5,4,38,6,-3,19,14,0,6,1,2
401859967,2026-06-13,nba,2026,POST,San Antonio Spurs,New York Knicks,1,4066259,De'Aaron Fox,G,1,5,0,0,15,3,2,0,0,37,0,1,7,0,2,8,1,1
401859967,2026-06-13,nba,2026,POST,San Antonio Spurs,New York Knicks,1,4395630,Devin Vassell,G,1,2,1,7,8,5,1,0,0,39,0,-11,12,7,2,5,2,0
401859967,2026-06-13,nba,2026,POST,San Antonio Spurs,New York Knicks,1,4845367,Stephon Castle,G,1,4,0,4,10,1,4,6,4,32,1,-1,6,5,1,3,0,3
401859967,2026-06-13,nba,2026,POST,San Antonio Spurs,New York Knicks,1,4395723,Keldon Johnson,F,0,0,0,3,5,2,2,2,1,16,2,17,7,5,0,3,2,0
401859967,2026-06-13,nba,2026,POST,San Antonio Spurs,New York Knicks,1,5061568,Carter Bryant,F,0,0,0,2,0,0,0,0,0,6,0,2,0,2,0,0,0,1
401859967,2026-06-13,nba,2026,POST,San Antonio Spurs,New York Knicks,1,3064560,Luke Kornet,C,0,0,0,1,1,0,2,0,0,10,1,-3,0,2,0,0,0,1
401859967,2026-06-13,nba,2026,POST,San Antonio Spurs,New York Knicks,1,5037871,Dylan Harper,G,0,4,1,3,19,10,5,6,3,31,2,-12,25,5,0,4,2,0
401859967,2026-06-13,nba,2026,POST,San Antonio Spurs,New York Knicks,1,6578,Harrison Barnes,F,0,,,,,,,,,,,,,,,,,
401859967,2026-06-13,nba,2026,POST,San Antonio Spurs,New York Knicks,1,2489663,Kelly Olynyk,F,0,,,,,,,,,,,,,,,,,
401859967,2026-06-13,nba,2026,POST,San Antonio Spurs,New York Knicks,1,4066317,Lindy Waters III,F,0,,,,,,,,,,,,,,,,,
401859967,2026-06-13,nba,2026,POST,San Antonio Spurs,New York Knicks,1,6427,Bismack Biyombo,C,0,,,,,,,,,,,,,,,,,
401859967,2026-06-13,nba,2026,POST,San Antonio Spurs,New York Knicks,1,2488653,Mason Plumlee,C,0,,,,,,,,,,,,,,,,,
401859967,2026-06-13,nba,2026,POST,San Antonio Spurs,New York Knicks,1,3134916,Jordan McLaughlin,G,0,,,,,,,,,,,,,,,,,
