game_id,game_date,liga,season,tipo,team,opp,is_home,player_id,jugador,posicion,titular,appearances,dorsal,foulsCommitted,foulsSuffered,goalAssists,goalsConceded,offsides,ownGoals,redCards,saves,shotsFaced,shotsOnTarget,subIns,totalGoals,totalShots,yellowCards
609250,2022-03-18,ligue1,2021,10313,Saint-Étienne,Troyes,1,214201,Paul Bernardoni,G,1,1.0,50,0.0,0.0,0.0,1.0,,0.0,0.0,0.0,7.0,0.0,0.0,0.0,0.0,0.0
609250,2022-03-18,ligue1,2021,10313,Saint-Étienne,Troyes,1,127479,Eliaquim Mangala,CD,1,1.0,22,1.0,1.0,0.0,1.0,0.0,0.0,0.0,,0.0,0.0,0.0,0.0,0.0,1.0
609250,2022-03-18,ligue1,2021,10313,Saint-Étienne,Troyes,1,251557,Mickael Nade,CD-L,1,1.0,3,2.0,0.0,0.0,1.0,0.0,0.0,0.0,,0.0,0.0,0.0,0.0,0.0,0.0
609250,2022-03-18,ligue1,2021,10313,Saint-Étienne,Troyes,1,219465,Falaye Sacko,CD-R,1,1.0,14,0.0,0.0,0.0,0.0,0.0,0.0,0.0,,0.0,0.0,0.0,0.0,0.0,0.0
609250,2022-03-18,ligue1,2021,10313,Saint-Étienne,Troyes,1,268966,Mahdi Camara,CM-L,1,1.0,8,0.0,1.0,0.0,1.0,0.0,0.0,0.0,,0.0,0.0,0.0,0.0,1.0,0.0
609250,2022-03-18,ligue1,2021,10313,Saint-Étienne,Troyes,1,303338,Lucas Gourna-Douath,CM-R,1,1.0,6,3.0,0.0,0.0,1.0,0.0,0.0,0.0,,0.0,0.0,0.0,0.0,0.0,0.0
609250,2022-03-18,ligue1,2021,10313,Saint-Étienne,Troyes,1,111320,Ryad Boudebouz,AM,1,1.0,7,0.0,2.0,0.0,1.0,0.0,0.0,0.0,,0.0,1.0,0.0,1.0,1.0,0.0
609250,2022-03-18,ligue1,2021,10313,Saint-Étienne,Troyes,1,127572,Timothée Kolodziejczak,LM,1,1.0,5,2.0,0.0,0.0,1.0,1.0,0.0,0.0,,0.0,0.0,0.0,0.0,1.0,0.0
609250,2022-03-18,ligue1,2021,10313,Saint-Étienne,Troyes,1,215451,Sada Thioub,RM,1,1.0,9,0.0,0.0,0.0,1.0,0.0,0.0,0.0,,0.0,0.0,0.0,0.0,0.0,0.0
609250,2022-03-18,ligue1,2021,10313,Saint-Étienne,Troyes,1,213304,Denis Bouanga,CF-L,1,1.0,20,2.0,3.0,0.0,1.0,0.0,0.0,0.0,,0.0,0.0,0.0,0.0,3.0,0.0
609250,2022-03-18,ligue1,2021,10313,Saint-Étienne,Troyes,1,132241,Wahbi Khazri,CF-R,1,1.0,10,1.0,2.0,0.0,1.0,0.0,0.0,0.0,,0.0,0.0,0.0,0.0,1.0,1.0
609250,2022-03-18,ligue1,2021,10313,Saint-Étienne,Troyes,1,132946,Gabriel Silva,SUB,0,0.0,11,0.0,0.0,0.0,0.0,0.0,0.0,0.0,,0.0,0.0,0.0,0.0,0.0,0.0
609250,2022-03-18,ligue1,2021,10313,Saint-Étienne,Troyes,1,218951,Harold Moukoudi,SUB,0,1.0,2,0.0,0.0,0.0,1.0,0.0,0.0,0.0,,0.0,0.0,1.0,0.0,0.0,0.0
609250,2022-03-18,ligue1,2021,10313,Saint-Étienne,Troyes,1,291401,Aimen Moueffek,SUB,0,1.0,29,0.0,0.0,0.0,0.0,0.0,0.0,0.0,,0.0,0.0,1.0,0.0,0.0,0.0
609250,2022-03-18,ligue1,2021,10313,Saint-Étienne,Troyes,1,250566,Zaydou Youssef,SUB,0,0.0,28,0.0,0.0,0.0,0.0,0.0,0.0,0.0,,0.0,0.0,0.0,0.0,0.0,0.0
609250,2022-03-18,ligue1,2021,10313,Saint-Étienne,Troyes,1,121993,Bakary Sako,SUB,0,0.0,26,0.0,0.0,0.0,0.0,0.0,0.0,0.0,,0.0,0.0,0.0,0.0,0.0,0.0
609250,2022-03-18,ligue1,2021,10313,Saint-Étienne,Troyes,1,214305,Assane Dioussé,SUB,0,0.0,25,0.0,0.0,0.0,0.0,0.0,0.0,0.0,,0.0,0.0,0.0,0.0,0.0,0.0
609250,2022-03-18,ligue1,2021,10313,Saint-Étienne,Troyes,1,291400,Etienne Green,SUB,0,0.0,40,0.0,0.0,0.0,0.0,,0.0,0.0,0.0,0.0,0.0,0.0,0.0,0.0,0.0
609250,2022-03-18,ligue1,2021,10313,Saint-Étienne,Troyes,1,290166,Adil Aouchiche,SUB,0,1.0,17,0.0,0.0,0.0,0.0,0.0,0.0,0.0,,0.0,0.0,1.0,0.0,0.0,0.0
609250,2022-03-18,ligue1,2021,10313,Saint-Étienne,Troyes,1,242738,Arnaud Nordin,SUB,0,1.0,18,0.0,0.0,0.0,0.0,0.0,0.0,0.0,,0.0,0.0,1.0,0.0,1.0,0.0
609245,2022-03-20,ligue1,2021,10313,Metz,Stade Rennais,0,167905,Marc-Aurele Caillard,G,1,1.0,30,0.0,0.0,0.0,6.0,,0.0,0.0,0.0,15.0,0.0,0.0,0.0,0.0,0.0
609245,2022-03-20,ligue1,2021,10313,Metz,Stade Rennais,0,263282,Boubakar Kiki Kouyate,CD,1,1.0,23,2.0,0.0,0.0,6.0,0.0,0.0,0.0,,0.0,0.0,0.0,0.0,0.0,1.0
609245,2022-03-20,ligue1,2021,10313,Metz,Stade Rennais,0,187396,Jemerson,CD-L,1,1.0,5,1.0,1.0,0.0,6.0,0.0,0.0,0.0,,0.0,0.0,0.0,0.0,0.0,0.0
609245,2022-03-20,ligue1,2021,10313,Metz,Stade Rennais,0,240371,Dylan Bronn,CD-R,1,1.0,2,0.0,1.0,1.0,6.0,0.0,0.0,0.0,,0.0,0.0,0.0,0.0,0.0,0.0
609245,2022-03-20,ligue1,2021,10313,Metz,Stade Rennais,0,228736,Kevin N'Doram,CM-L,1,1.0,6,1.0,3.0,0.0,6.0,0.0,0.0,0.0,,0.0,0.0,0.0,0.0,0.0,0.0
609245,2022-03-20,ligue1,2021,10313,Metz,Stade Rennais,0,178107,Ibrahim Amadou,CM-R,1,1.0,32,2.0,0.0,0.0,5.0,0.0,0.0,0.0,,0.0,0.0,0.0,0.0,0.0,0.0
609245,2022-03-20,ligue1,2021,10313,Metz,Stade Rennais,0,287677,Fali Candé,LM,1,1.0,13,1.0,1.0,0.0,6.0,0.0,0.0,0.0,,0.0,0.0,0.0,0.0,0.0,1.0
609245,2022-03-20,ligue1,2021,10313,Metz,Stade Rennais,0,313897,William Mikelbrencis,RM,1,1.0,25,2.0,0.0,0.0,5.0,1.0,0.0,0.0,,0.0,0.0,0.0,0.0,1.0,0.0
609245,2022-03-20,ligue1,2021,10313,Metz,Stade Rennais,0,256685,Ibrahima Niane,F,1,1.0,7,0.0,0.0,0.0,5.0,0.0,0.0,0.0,,0.0,0.0,0.0,0.0,0.0,0.0
609245,2022-03-20,ligue1,2021,10313,Metz,Stade Rennais,0,291431,Papa Ndiaga Yade,CF-L,1,1.0,26,0.0,1.0,0.0,5.0,0.0,0.0,0.0,,0.0,0.0,0.0,0.0,0.0,0.0
609245,2022-03-20,ligue1,2021,10313,Metz,Stade Rennais,0,138559,Nicolas de Préville,CF-R,1,1.0,9,0.0,0.0,0.0,6.0,0.0,0.0,0.0,,0.0,0.0,0.0,0.0,0.0,0.0
609245,2022-03-20,ligue1,2021,10313,Metz,Stade Rennais,0,177223,Opa Nguette,SUB,0,1.0,11,0.0,2.0,0.0,1.0,0.0,0.0,0.0,,0.0,0.0,1.0,0.0,0.0,0.0
609245,2022-03-20,ligue1,2021,10313,Metz,Stade Rennais,0,104028,Alexandre Oukidja,SUB,0,0.0,16,0.0,0.0,0.0,0.0,,0.0,0.0,0.0,0.0,0.0,0.0,0.0,0.0,0.0
609245,2022-03-20,ligue1,2021,10313,Metz,Stade Rennais,0,300971,Lenny Lacroix,SUB,0,0.0,29,0.0,0.0,0.0,0.0,0.0,0.0,0.0,,0.0,0.0,0.0,0.0,0.0,0.0
609245,2022-03-20,ligue1,2021,10313,Metz,Stade Rennais,0,325989,Amadou Salif Mbengue,SUB,0,1.0,33,0.0,0.0,0.0,0.0,0.0,0.0,0.0,,0.0,0.0,1.0,0.0,0.0,0.0
609245,2022-03-20,ligue1,2021,10313,Metz,Stade Rennais,0,301093,Lenny Joseph,SUB,0,0.0,24,0.0,0.0,0.0,0.0,0.0,0.0,0.0,,0.0,0.0,0.0,0.0,0.0,0.0
609245,2022-03-20,ligue1,2021,10313,Metz,Stade Rennais,0,268720,Louis Mafouta,SUB,0,1.0,34,2.0,1.0,0.0,1.0,0.0,0.0,0.0,,0.0,1.0,1.0,1.0,1.0,0.0
609245,2022-03-20,ligue1,2021,10313,Metz,Stade Rennais,0,172966,Farid Boulaya,SUB,0,1.0,10,0.0,0.0,0.0,1.0,0.0,0.0,0.0,,0.0,0.0,1.0,0.0,0.0,0.0
609245,2022-03-20,ligue1,2021,10313,Metz,Stade Rennais,0,297337,Pape Matar Sarr,SUB,0,1.0,15,0.0,1.0,0.0,1.0,0.0,0.0,0.0,,0.0,0.0,1.0,0.0,0.0,0.0
609245,2022-03-20,ligue1,2021,10313,Metz,Stade Rennais,0,255249,Sikou Niakate,SUB,0,0.0,4,0.0,0.0,0.0,0.0,0.0,0.0,0.0,,0.0,0.0,0.0,0.0,0.0,0.0
609246,2022-03-20,ligue1,2021,10313,Bordeaux,Montpellier,1,101360,Benoit Costil,G,1,1.0,1,0.0,0.0,0.0,2.0,,0.0,0.0,0.0,4.0,0.0,0.0,0.0,0.0,0.0
609246,2022-03-20,ligue1,2021,10313,Bordeaux,Montpellier,1,245857,Anel Ahmedhodzic,CD-L,1,1.0,5,3.0,0.0,0.0,2.0,0.0,0.0,0.0,,0.0,1.0,0.0,0.0,1.0,1.0
609246,2022-03-20,ligue1,2021,10313,Bordeaux,Montpellier,1,126764,Marcelo,CD-R,1,1.0,15,0.0,0.0,0.0,2.0,0.0,0.0,0.0,,0.0,0.0,0.0,0.0,0.0,0.0
609246,2022-03-20,ligue1,2021,10313,Bordeaux,Montpellier,1,264484,Gideon Mensah,LB,1,1.0,14,3.0,0.0,0.0,2.0,0.0,0.0,0.0,,0.0,0.0,0.0,0.0,0.0,1.0
609246,2022-03-20,ligue1,2021,10313,Bordeaux,Montpellier,1,188454,Stian Gregersen,RB,1,1.0,2,0.0,2.0,0.0,2.0,1.0,0.0,0.0,,0.0,0.0,0.0,0.0,0.0,0.0
609246,2022-03-20,ligue1,2021,10313,Bordeaux,Montpellier,1,130113,Josuha Guilavogui,CM,1,1.0,23,2.0,1.0,0.0,2.0,0.0,0.0,0.0,,0.0,0.0,0.0,0.0,1.0,0.0
609246,2022-03-20,ligue1,2021,10313,Bordeaux,Montpellier,1,198956,Fransérgio,LM,1,1.0,13,3.0,0.0,0.0,2.0,0.0,0.0,0.0,,0.0,0.0,0.0,0.0,1.0,1.0
609246,2022-03-20,ligue1,2021,10313,Bordeaux,Montpellier,1,275396,Danylo Ignatenko,RM,1,1.0,6,3.0,0.0,0.0,2.0,0.0,0.0,0.0,,0.0,0.0,0.0,0.0,5.0,0.0
609246,2022-03-20,ligue1,2021,10313,Bordeaux,Montpellier,1,305797,Sékou Mara,F,1,1.0,11,1.0,0.0,0.0,2.0,0.0,0.0,0.0,,0.0,1.0,0.0,0.0,3.0,0.0
609246,2022-03-20,ligue1,2021,10313,Bordeaux,Montpellier,1,236628,Hwang Ui-Jo,LF,1,1.0,18,0.0,0.0,0.0,2.0,0.0,0.0,0.0,,0.0,1.0,0.0,0.0,4.0,0.0
609246,2022-03-20,ligue1,2021,10313,Bordeaux,Montpellier,1,195318,Alberth Elis,RF,1,1.0,29,0.0,3.0,0.0,2.0,0.0,0.0,0.0,,0.0,1.0,0.0,0.0,2.0,0.0
609246,2022-03-20,ligue1,2021,10313,Bordeaux,Montpellier,1,223946,Enock Kwateng,SUB,0,0.0,25,0.0,0.0,0.0,0.0,0.0,0.0,0.0,,0.0,0.0,0.0,0.0,0.0,0.0
609246,2022-03-20,ligue1,2021,10313,Bordeaux,Montpellier,1,290829,Davy Rouyard,SUB,0,0.0,30,0.0,0.0,0.0,0.0,,0.0,0.0,0.0,0.0,0.0,0.0,0.0,0.0,0.0
609246,2022-03-20,ligue1,2021,10313,Bordeaux,Montpellier,1,119868,M'Baye Niang,SUB,0,1.0,10,1.0,0.0,0.0,0.0,0.0,0.0,0.0,,0.0,0.0,1.0,0.0,1.0,0.0
609246,2022-03-20,ligue1,2021,10313,Bordeaux,Montpellier,1,302948,Jean Onana,SUB,0,0.0,8,0.0,0.0,0.0,0.0,0.0,0.0,0.0,,0.0,0.0,0.0,0.0,0.0,0.0
609246,2022-03-20,ligue1,2021,10313,Bordeaux,Montpellier,1,289708,Abdel Medioub,SUB,0,0.0,3,0.0,0.0,0.0,0.0,0.0,0.0,0.0,,0.0,0.0,0.0,0.0,0.0,0.0
609246,2022-03-20,ligue1,2021,10313,Bordeaux,Montpellier,1,265911,Yacine Adli,SUB,0,1.0,19,1.0,0.0,0.0,0.0,0.0,0.0,0.0,,0.0,3.0,1.0,0.0,7.0,0.0
609246,2022-03-20,ligue1,2021,10313,Bordeaux,Montpellier,1,272137,Thibault Klidje,SUB,0,1.0,33,0.0,0.0,0.0,0.0,0.0,0.0,0.0,,0.0,0.0,1.0,0.0,0.0,0.0
609246,2022-03-20,ligue1,2021,10313,Bordeaux,Montpellier,1,259871,Ricardo Mangas,SUB,0,1.0,12,0.0,0.0,0.0,0.0,0.0,0.0,0.0,,0.0,0.0,1.0,0.0,0.0,0.0
609246,2022-03-20,ligue1,2021,10313,Bordeaux,Montpellier,1,258971,Javairô Dilrosun,SUB,0,1.0,21,1.0,0.0,0.0,0.0,0.0,0.0,0.0,,0.0,1.0,1.0,0.0,5.0,0.0
609233,2022-04-02,ligue1,2021,10313,Bordeaux,Lille,0,259711,Gaetan Poussin,G,1,1.0,16,0.0,0.0,0.0,0.0,,0.0,0.0,0.0,21.0,0.0,0.0,0.0,0.0,1.0
609233,2022-04-02,ligue1,2021,10313,Bordeaux,Lille,0,289708,Abdel Medioub,CD,1,1.0,3,0.0,0.0,0.0,0.0,0.0,0.0,0.0,,0.0,0.0,0.0,0.0,0.0,0.0
609233,2022-04-02,ligue1,2021,10313,Bordeaux,Lille,0,188454,Stian Gregersen,CD-L,1,1.0,2,0.0,2.0,0.0,0.0,0.0,0.0,0.0,,0.0,0.0,0.0,0.0,0.0,0.0
609233,2022-04-02,ligue1,2021,10313,Bordeaux,Lille,0,223946,Enock Kwateng,CD-R,1,1.0,25,3.0,0.0,0.0,0.0,0.0,0.0,1.0,,0.0,0.0,0.0,0.0,0.0,1.0
609233,2022-04-02,ligue1,2021,10313,Bordeaux,Lille,0,275396,Danylo Ignatenko,CM-L,1,1.0,6,2.0,1.0,0.0,0.0,0.0,0.0,0.0,,0.0,0.0,0.0,0.0,0.0,1.0
609233,2022-04-02,ligue1,2021,10313,Bordeaux,Lille,0,302948,Jean Onana,CM-R,1,1.0,8,4.0,4.0,0.0,0.0,0.0,0.0,0.0,,0.0,0.0,0.0,0.0,0.0,0.0
609233,2022-04-02,ligue1,2021,10313,Bordeaux,Lille,0,259871,Ricardo Mangas,LM,1,1.0,12,1.0,1.0,0.0,0.0,0.0,0.0,0.0,,0.0,0.0,0.0,0.0,0.0,0.0
609233,2022-04-02,ligue1,2021,10313,Bordeaux,Lille,0,312171,Tom Lacoux,RM,1,1.0,27,1.0,0.0,0.0,0.0,0.0,0.0,0.0,,0.0,0.0,0.0,0.0,0.0,0.0
609233,2022-04-02,ligue1,2021,10313,Bordeaux,Lille,0,195318,Alberth Elis,F,1,1.0,29,0.0,0.0,0.0,0.0,0.0,0.0,0.0,,0.0,0.0,0.0,0.0,0.0,0.0
609233,2022-04-02,ligue1,2021,10313,Bordeaux,Lille,0,265911,Yacine Adli,CF-L,1,1.0,19,3.0,2.0,0.0,0.0,0.0,0.0,0.0,,0.0,0.0,0.0,0.0,0.0,0.0
609233,2022-04-02,ligue1,2021,10313,Bordeaux,Lille,0,258971,Javairô Dilrosun,CF-R,1,1.0,21,0.0,1.0,0.0,0.0,0.0,0.0,0.0,,0.0,0.0,0.0,0.0,0.0,0.0
609233,2022-04-02,ligue1,2021,10313,Bordeaux,Lille,0,314784,Issouf Sissokho,SUB,0,0.0,20,0.0,0.0,0.0,0.0,0.0,0.0,0.0,,0.0,0.0,0.0,0.0,0.0,0.0
609233,2022-04-02,ligue1,2021,10313,Bordeaux,Lille,0,305797,Sékou Mara,SUB,0,0.0,11,0.0,0.0,0.0,0.0,0.0,0.0,0.0,,0.0,0.0,0.0,0.0,0.0,0.0
609233,2022-04-02,ligue1,2021,10313,Bordeaux,Lille,0,86210,Paul Baysse,SUB,0,1.0,24,0.0,0.0,0.0,0.0,0.0,0.0,0.0,,0.0,0.0,1.0,0.0,0.0,0.0
609233,2022-04-02,ligue1,2021,10313,Bordeaux,Lille,0,198956,Fransérgio,SUB,0,0.0,13,0.0,0.0,0.0,0.0,0.0,0.0,0.0,,0.0,0.0,0.0,0.0,0.0,0.0
609233,2022-04-02,ligue1,2021,10313,Bordeaux,Lille,0,101360,Benoit Costil,SUB,0,0.0,1,0.0,0.0,0.0,0.0,,0.0,0.0,0.0,0.0,0.0,0.0,0.0,0.0,0.0
609233,2022-04-02,ligue1,2021,10313,Bordeaux,Lille,0,236628,Hwang Ui-Jo,SUB,0,1.0,18,0.0,1.0,0.0,0.0,0.0,0.0,0.0,,0.0,0.0,1.0,0.0,1.0,0.0
609233,2022-04-02,ligue1,2021,10313,Bordeaux,Lille,0,264484,Gideon Mensah,SUB,0,1.0,14,0.0,0.0,0.0,0.0,0.0,0.0,0.0,,0.0,0.0,1.0,0.0,0.0,0.0
609233,2022-04-02,ligue1,2021,10313,Bordeaux,Lille,0,238363,Rémi Oudin,SUB,0,1.0,28,0.0,1.0,0.0,0.0,0.0,0.0,0.0,,0.0,0.0,1.0,0.0,0.0,0.0
609233,2022-04-02,ligue1,2021,10313,Bordeaux,Lille,0,119868,M'Baye Niang,SUB,0,0.0,10,0.0,0.0,0.0,0.0,0.0,0.0,0.0,,0.0,0.0,0.0,0.0,0.0,0.0
609231,2022-04-03,ligue1,2021,10313,Metz,AS Monaco,1,167905,Marc-Aurele Caillard,G,1,1.0,30,0.0,0.0,0.0,2.0,,0.0,0.0,0.0,12.0,0.0,0.0,0.0,0.0,0.0
609231,2022-04-03,ligue1,2021,10313,Metz,AS Monaco,1,112485,Jean-Armel Kana-Biyik,CD,1,1.0,27,0.0,1.0,0.0,2.0,0.0,0.0,0.0,,0.0,0.0,0.0,0.0,0.0,0.0
609231,2022-04-03,ligue1,2021,10313,Metz,AS Monaco,1,187396,Jemerson,CD-L,1,1.0,5,0.0,0.0,0.0,2.0,0.0,0.0,0.0,,0.0,0.0,0.0,0.0,0.0,0.0
609231,2022-04-03,ligue1,2021,10313,Metz,AS Monaco,1,240371,Dylan Bronn,CD-R,1,1.0,2,0.0,0.0,0.0,2.0,1.0,0.0,0.0,,0.0,0.0,0.0,0.0,1.0,0.0
609231,2022-04-03,ligue1,2021,10313,Metz,AS Monaco,1,228736,Kevin N'Doram,CM-L,1,1.0,6,0.0,0.0,0.0,2.0,0.0,0.0,0.0,,0.0,0.0,0.0,0.0,1.0,0.0
609231,2022-04-03,ligue1,2021,10313,Metz,AS Monaco,1,178107,Ibrahim Amadou,CM-R,1,1.0,32,0.0,0.0,0.0,2.0,0.0,0.0,0.0,,0.0,1.0,0.0,1.0,1.0,0.0
609231,2022-04-03,ligue1,2021,10313,Metz,AS Monaco,1,172966,Farid Boulaya,AM,1,1.0,10,1.0,0.0,1.0,1.0,0.0,0.0,0.0,,0.0,0.0,0.0,0.0,1.0,0.0
609231,2022-04-03,ligue1,2021,10313,Metz,AS Monaco,1,287677,Fali Candé,LM,1,1.0,13,1.0,2.0,0.0,2.0,0.0,0.0,0.0,,0.0,0.0,0.0,0.0,2.0,0.0
609231,2022-04-03,ligue1,2021,10313,Metz,AS Monaco,1,158498,Thomas Delaine,RM,1,1.0,17,1.0,0.0,0.0,2.0,0.0,0.0,0.0,,0.0,1.0,0.0,0.0,1.0,0.0
609231,2022-04-03,ligue1,2021,10313,Metz,AS Monaco,1,138559,Nicolas de Préville,CF-L,1,1.0,9,1.0,5.0,0.0,2.0,0.0,0.0,0.0,,0.0,0.0,0.0,0.0,6.0,0.0
609231,2022-04-03,ligue1,2021,10313,Metz,AS Monaco,1,238394,Didier Lamkel Ze,CF-R,1,1.0,22,1.0,0.0,0.0,1.0,0.0,0.0,0.0,,0.0,1.0,0.0,0.0,2.0,0.0
609231,2022-04-03,ligue1,2021,10313,Metz,AS Monaco,1,313897,William Mikelbrencis,SUB,0,0.0,25,0.0,0.0,0.0,0.0,0.0,0.0,0.0,,0.0,0.0,0.0,0.0,0.0,0.0
609231,2022-04-03,ligue1,2021,10313,Metz,AS Monaco,1,297337,Pape Matar Sarr,SUB,0,1.0,15,1.0,0.0,0.0,1.0,0.0,0.0,0.0,,0.0,0.0,1.0,0.0,1.0,0.0
609231,2022-04-03,ligue1,2021,10313,Metz,AS Monaco,1,291431,Papa Ndiaga Yade,SUB,0,1.0,26,0.0,0.0,0.0,0.0,0.0,0.0,0.0,,0.0,0.0,1.0,0.0,0.0,0.0
609231,2022-04-03,ligue1,2021,10313,Metz,AS Monaco,1,255249,Sikou Niakate,SUB,0,1.0,4,0.0,0.0,0.0,0.0,0.0,0.0,0.0,,0.0,0.0,1.0,0.0,0.0,0.0
609231,2022-04-03,ligue1,2021,10313,Metz,AS Monaco,1,177223,Opa Nguette,SUB,0,1.0,11,0.0,0.0,0.0,0.0,0.0,0.0,0.0,,0.0,0.0,1.0,0.0,0.0,0.0
609231,2022-04-03,ligue1,2021,10313,Metz,AS Monaco,1,104028,Alexandre Oukidja,SUB,0,0.0,16,0.0,0.0,0.0,0.0,,0.0,0.0,0.0,0.0,0.0,0.0,0.0,0.0,0.0
609231,2022-04-03,ligue1,2021,10313,Metz,AS Monaco,1,301093,Lenny Joseph,SUB,0,0.0,24,0.0,0.0,0.0,0.0,0.0,0.0,0.0,,0.0,0.0,0.0,0.0,0.0,0.0
609231,2022-04-03,ligue1,2021,10313,Metz,AS Monaco,1,268720,Louis Mafouta,SUB,0,1.0,34,0.0,0.0,0.0,1.0,0.0,0.0,0.0,,0.0,1.0,1.0,0.0,1.0,0.0
609231,2022-04-03,ligue1,2021,10313,Metz,AS Monaco,1,256685,Ibrahima Niane,SUB,0,0.0,7,0.0,0.0,0.0,0.0,0.0,0.0,0.0,,0.0,0.0,0.0,0.0,0.0,0.0
609237,2022-04-03,ligue1,2021,10313,Saint-Étienne,Marseille,1,214201,Paul Bernardoni,G,1,1.0,50,0.0,0.0,0.0,3.0,,0.0,0.0,0.0,12.0,0.0,0.0,0.0,0.0,0.0
609237,2022-04-03,ligue1,2021,10313,Saint-Étienne,Marseille,1,127479,Eliaquim Mangala,CD,1,1.0,22,1.0,3.0,0.0,3.0,1.0,0.0,0.0,,0.0,0.0,0.0,0.0,0.0,1.0
609237,2022-04-03,ligue1,2021,10313,Saint-Étienne,Marseille,1,251557,Mickael Nade,CD-L,1,1.0,3,3.0,0.0,0.0,3.0,0.0,0.0,0.0,,0.0,0.0,0.0,0.0,0.0,0.0
609237,2022-04-03,ligue1,2021,10313,Saint-Étienne,Marseille,1,268966,Mahdi Camara,CD-R,1,1.0,8,1.0,1.0,0.0,3.0,0.0,0.0,0.0,,0.0,0.0,0.0,0.0,0.0,0.0
609237,2022-04-03,ligue1,2021,10313,Saint-Étienne,Marseille,1,303338,Lucas Gourna-Douath,CM-L,1,1.0,6,0.0,0.0,0.0,3.0,0.0,0.0,0.0,,0.0,1.0,0.0,1.0,1.0,0.0
609237,2022-04-03,ligue1,2021,10313,Saint-Étienne,Marseille,1,250566,Zaydou Youssef,CM-R,1,1.0,28,1.0,0.0,0.0,1.0,0.0,0.0,0.0,,0.0,0.0,0.0,0.0,0.0,0.0
609237,2022-04-03,ligue1,2021,10313,Saint-Étienne,Marseille,1,127572,Timothée Kolodziejczak,LM,1,1.0,5,3.0,0.0,0.0,3.0,0.0,1.0,0.0,,0.0,1.0,0.0,0.0,1.0,0.0
609237,2022-04-03,ligue1,2021,10313,Saint-Étienne,Marseille,1,215451,Sada Thioub,RM,1,1.0,9,1.0,1.0,0.0,3.0,1.0,0.0,0.0,,0.0,0.0,0.0,0.0,0.0,1.0
609237,2022-04-03,ligue1,2021,10313,Saint-Étienne,Marseille,1,111320,Ryad Boudebouz,F,1,1.0,7,0.0,0.0,0.0,1.0,0.0,0.0,0.0,,0.0,0.0,0.0,0.0,0.0,0.0
609237,2022-04-03,ligue1,2021,10313,Saint-Étienne,Marseille,1,213304,Denis Bouanga,CF-L,1,1.0,20,3.0,2.0,0.0,3.0,0.0,0.0,0.0,,0.0,1.0,0.0,1.0,3.0,0.0
609237,2022-04-03,ligue1,2021,10313,Saint-Étienne,Marseille,1,242738,Arnaud Nordin,CF-R,1,1.0,18,1.0,2.0,0.0,3.0,0.0,0.0,0.0,,0.0,0.0,0.0,0.0,0.0,0.0
609237,2022-04-03,ligue1,2021,10313,Saint-Étienne,Marseille,1,132946,Gabriel Silva,SUB,0,1.0,11,0.0,1.0,0.0,0.0,0.0,0.0,0.0,,0.0,0.0,1.0,0.0,0.0,0.0
609237,2022-04-03,ligue1,2021,10313,Saint-Étienne,Marseille,1,291400,Etienne Green,SUB,0,0.0,40,0.0,0.0,0.0,0.0,,0.0,0.0,0.0,0.0,0.0,0.0,0.0,0.0,0.0
609237,2022-04-03,ligue1,2021,10313,Saint-Étienne,Marseille,1,169644,El Hadji Mohamed Dieye,SUB,0,0.0,33,0.0,0.0,0.0,0.0,0.0,0.0,0.0,,0.0,0.0,0.0,0.0,0.0,0.0
609237,2022-04-03,ligue1,2021,10313,Saint-Étienne,Marseille,1,290166,Adil Aouchiche,SUB,0,1.0,17,0.0,0.0,0.0,2.0,0.0,0.0,0.0,,0.0,0.0,1.0,0.0,0.0,0.0
609237,2022-04-03,ligue1,2021,10313,Saint-Étienne,Marseille,1,214305,Assane Dioussé,SUB,0,0.0,25,0.0,0.0,0.0,0.0,0.0,0.0,0.0,,0.0,0.0,0.0,0.0,0.0,0.0
609237,2022-04-03,ligue1,2021,10313,Saint-Étienne,Marseille,1,301323,Maxence Rivera,SUB,0,0.0,30,0.0,0.0,0.0,0.0,0.0,0.0,0.0,,0.0,0.0,0.0,0.0,0.0,0.0
609237,2022-04-03,ligue1,2021,10313,Saint-Étienne,Marseille,1,121993,Bakary Sako,SUB,0,1.0,26,0.0,2.0,0.0,0.0,0.0,0.0,0.0,,0.0,0.0,1.0,0.0,0.0,0.0
609237,2022-04-03,ligue1,2021,10313,Saint-Étienne,Marseille,1,218951,Harold Moukoudi,SUB,0,1.0,2,0.0,0.0,0.0,0.0,0.0,0.0,0.0,,0.0,0.0,1.0,0.0,0.0,0.0
609237,2022-04-03,ligue1,2021,10313,Saint-Étienne,Marseille,1,199645,Enzo Crivelli,SUB,0,1.0,31,0.0,0.0,0.0,2.0,0.0,0.0,0.0,,0.0,0.0,1.0,0.0,0.0,0.0
609228,2022-04-08,ligue1,2021,10313,Saint-Étienne,Lorient,0,214201,Paul Bernardoni,G,1,1.0,50,0.0,0.0,0.0,6.0,,0.0,0.0,0.0,11.0,0.0,0.0,0.0,0.0,0.0
609228,2022-04-08,ligue1,2021,10313,Saint-Étienne,Lorient,0,127479,Eliaquim Mangala,CD,1,1.0,22,2.0,0.0,0.0,4.0,0.0,0.0,0.0,,0.0,0.0,0.0,0.0,0.0,1.0
609228,2022-04-08,ligue1,2021,10313,Saint-Étienne,Lorient,0,251557,Mickael Nade,CD-L,1,1.0,3,2.0,1.0,0.0,6.0,0.0,0.0,0.0,,0.0,0.0,0.0,0.0,0.0,1.0
609228,2022-04-08,ligue1,2021,10313,Saint-Étienne,Lorient,0,218951,Harold Moukoudi,CD-R,1,1.0,2,1.0,1.0,0.0,6.0,0.0,0.0,0.0,,0.0,0.0,0.0,0.0,1.0,0.0
609228,2022-04-08,ligue1,2021,10313,Saint-Étienne,Lorient,0,303338,Lucas Gourna-Douath,CM-L,1,1.0,6,3.0,4.0,0.0,4.0,0.0,0.0,0.0,,0.0,0.0,0.0,0.0,0.0,0.0
609228,2022-04-08,ligue1,2021,10313,Saint-Étienne,Lorient,0,290166,Adil Aouchiche,CM-R,1,1.0,17,1.0,0.0,0.0,3.0,0.0,0.0,0.0,,0.0,0.0,0.0,0.0,0.0,0.0
609228,2022-04-08,ligue1,2021,10313,Saint-Étienne,Lorient,0,111320,Ryad Boudebouz,AM,1,1.0,7,1.0,2.0,1.0,6.0,0.0,0.0,0.0,,0.0,1.0,0.0,0.0,1.0,0.0
609228,2022-04-08,ligue1,2021,10313,Saint-Étienne,Lorient,0,127572,Timothée Kolodziejczak,LM,1,1.0,5,2.0,0.0,1.0,3.0,0.0,0.0,0.0,,0.0,0.0,0.0,0.0,1.0,1.0
609228,2022-04-08,ligue1,2021,10313,Saint-Étienne,Lorient,0,215451,Sada Thioub,RM,1,1.0,9,1.0,0.0,0.0,4.0,0.0,0.0,0.0,,0.0,0.0,0.0,0.0,0.0,0.0
609228,2022-04-08,ligue1,2021,10313,Saint-Étienne,Lorient,0,213304,Denis Bouanga,CF-L,1,1.0,20,1.0,1.0,0.0,6.0,0.0,0.0,0.0,,0.0,1.0,0.0,1.0,3.0,0.0
609228,2022-04-08,ligue1,2021,10313,Saint-Étienne,Lorient,0,242738,Arnaud Nordin,CF-R,1,1.0,18,0.0,4.0,0.0,6.0,0.0,0.0,0.0,,0.0,2.0,0.0,1.0,4.0,0.0
609228,2022-04-08,ligue1,2021,10313,Saint-Étienne,Lorient,0,132946,Gabriel Silva,SUB,0,1.0,11,0.0,0.0,0.0,2.0,0.0,0.0,0.0,,0.0,0.0,1.0,0.0,0.0,0.0
609228,2022-04-08,ligue1,2021,10313,Saint-Étienne,Lorient,0,252477,Yvan Neyou,SUB,0,1.0,19,2.0,1.0,0.0,3.0,0.0,0.0,1.0,,0.0,0.0,1.0,0.0,0.0,1.0
609228,2022-04-08,ligue1,2021,10313,Saint-Étienne,Lorient,0,199645,Enzo Crivelli,SUB,0,0.0,31,0.0,0.0,0.0,0.0,0.0,0.0,0.0,,0.0,0.0,0.0,0.0,0.0,0.0
609228,2022-04-08,ligue1,2021,10313,Saint-Étienne,Lorient,0,214305,Assane Dioussé,SUB,0,0.0,25,0.0,0.0,0.0,0.0,0.0,0.0,0.0,,0.0,0.0,0.0,0.0,0.0,0.0
609228,2022-04-08,ligue1,2021,10313,Saint-Étienne,Lorient,0,121993,Bakary Sako,SUB,0,1.0,26,1.0,0.0,0.0,2.0,0.0,0.0,0.0,,0.0,0.0,1.0,0.0,2.0,0.0
609228,2022-04-08,ligue1,2021,10313,Saint-Étienne,Lorient,0,291400,Etienne Green,SUB,0,0.0,40,0.0,0.0,0.0,0.0,,0.0,0.0,0.0,0.0,0.0,0.0,0.0,0.0,0.0
609228,2022-04-08,ligue1,2021,10313,Saint-Étienne,Lorient,0,250566,Zaydou Youssef,SUB,0,1.0,28,0.0,3.0,0.0,2.0,0.0,0.0,0.0,,0.0,0.0,1.0,0.0,1.0,0.0
609228,2022-04-08,ligue1,2021,10313,Saint-Étienne,Lorient,0,156342,Miguel Trauco,SUB,0,1.0,13,0.0,0.0,0.0,3.0,0.0,0.0,0.0,,0.0,0.0,1.0,0.0,1.0,0.0
609223,2022-04-10,ligue1,2021,10313,Bordeaux,Metz,1,259711,Gaetan Poussin,G,1,1.0,16,0.0,1.0,0.0,1.0,,0.0,0.0,0.0,8.0,0.0,0.0,0.0,0.0,0.0
609223,2022-04-10,ligue1,2021,10313,Bordeaux,Metz,1,130113,Josuha Guilavogui,CD,1,1.0,23,1.0,2.0,0.0,1.0,1.0,0.0,0.0,,0.0,1.0,0.0,0.0,1.0,0.0
609223,2022-04-10,ligue1,2021,10313,Bordeaux,Metz,1,188454,Stian Gregersen,CD-L,1,1.0,2,2.0,0.0,0.0,1.0,0.0,0.0,0.0,,0.0,0.0,0.0,0.0,0.0,1.0
609223,2022-04-10,ligue1,2021,10313,Bordeaux,Metz,1,245857,Anel Ahmedhodzic,CD-R,1,1.0,5,0.0,2.0,0.0,1.0,0.0,0.0,0.0,,0.0,1.0,0.0,0.0,1.0,0.0
609223,2022-04-10,ligue1,2021,10313,Bordeaux,Metz,1,275396,Danylo Ignatenko,CM-L,1,1.0,6,3.0,1.0,0.0,1.0,0.0,0.0,0.0,,0.0,0.0,0.0,0.0,0.0,0.0
609223,2022-04-10,ligue1,2021,10313,Bordeaux,Metz,1,302948,Jean Onana,CM-R,1,1.0,8,1.0,1.0,0.0,1.0,0.0,0.0,0.0,,0.0,0.0,0.0,0.0,2.0,0.0
609223,2022-04-10,ligue1,2021,10313,Bordeaux,Metz,1,258971,Javairô Dilrosun,AM,1,1.0,21,1.0,1.0,0.0,1.0,0.0,0.0,0.0,,0.0,0.0,0.0,0.0,0.0,0.0
609223,2022-04-10,ligue1,2021,10313,Bordeaux,Metz,1,259871,Ricardo Mangas,LM,1,1.0,12,1.0,1.0,0.0,1.0,0.0,0.0,0.0,,0.0,1.0,0.0,1.0,1.0,0.0
609223,2022-04-10,ligue1,2021,10313,Bordeaux,Metz,1,297167,Timothee Pembélé,RM,1,1.0,22,0.0,1.0,0.0,1.0,0.0,0.0,0.0,,0.0,0.0,0.0,0.0,1.0,0.0
609223,2022-04-10,ligue1,2021,10313,Bordeaux,Metz,1,119868,M'Baye Niang,CF-L,1,1.0,10,1.0,4.0,0.0,1.0,0.0,0.0,0.0,,0.0,2.0,0.0,1.0,4.0,0.0
609223,2022-04-10,ligue1,2021,10313,Bordeaux,Metz,1,236628,Hwang Ui-Jo,CF-R,1,1.0,18,1.0,0.0,0.0,1.0,0.0,0.0,0.0,,0.0,2.0,0.0,1.0,2.0,1.0
609223,2022-04-10,ligue1,2021,10313,Bordeaux,Metz,1,86210,Paul Baysse,SUB,0,0.0,24,0.0,0.0,0.0,0.0,0.0,0.0,0.0,,0.0,0.0,0.0,0.0,0.0,0.0
609223,2022-04-10,ligue1,2021,10313,Bordeaux,Metz,1,264484,Gideon Mensah,SUB,0,1.0,14,0.0,0.0,1.0,0.0,0.0,0.0,0.0,,0.0,0.0,1.0,0.0,0.0,0.0
609223,2022-04-10,ligue1,2021,10313,Bordeaux,Metz,1,272137,Thibault Klidje,SUB,0,0.0,33,0.0,0.0,0.0,0.0,0.0,0.0,0.0,,0.0,0.0,0.0,0.0,0.0,0.0
609223,2022-04-10,ligue1,2021,10313,Bordeaux,Metz,1,101360,Benoit Costil,SUB,0,0.0,1,0.0,0.0,0.0,0.0,,0.0,0.0,0.0,0.0,0.0,0.0,0.0,0.0,0.0
609223,2022-04-10,ligue1,2021,10313,Bordeaux,Metz,1,312171,Tom Lacoux,SUB,0,1.0,27,2.0,1.0,0.0,0.0,0.0,0.0,0.0,,0.0,0.0,1.0,0.0,0.0,1.0
609223,2022-04-10,ligue1,2021,10313,Bordeaux,Metz,1,198956,Fransérgio,SUB,0,0.0,13,0.0,0.0,0.0,0.0,0.0,0.0,0.0,,0.0,0.0,0.0,0.0,0.0,0.0
609223,2022-04-10,ligue1,2021,10313,Bordeaux,Metz,1,289708,Abdel Medioub,SUB,0,0.0,3,0.0,0.0,0.0,0.0,0.0,0.0,0.0,,0.0,0.0,0.0,0.0,0.0,0.0
609223,2022-04-10,ligue1,2021,10313,Bordeaux,Metz,1,265911,Yacine Adli,SUB,0,1.0,19,0.0,0.0,1.0,0.0,0.0,0.0,0.0,,0.0,0.0,1.0,0.0,0.0,0.0
609223,2022-04-10,ligue1,2021,10313,Bordeaux,Metz,1,305797,Sékou Mara,SUB,0,1.0,11,0.0,0.0,0.0,0.0,0.0,0.0,0.0,,0.0,0.0,1.0,0.0,0.0,0.0
609223,2022-04-10,ligue1,2021,10313,Metz,Bordeaux,0,167905,Marc-Aurele Caillard,G,1,1.0,30,0.0,0.0,0.0,3.0,,0.0,0.0,0.0,9.0,0.0,0.0,0.0,0.0,0.0
609223,2022-04-10,ligue1,2021,10313,Metz,Bordeaux,0,263282,Boubakar Kiki Kouyate,CD,1,1.0,23,1.0,1.0,0.0,3.0,0.0,0.0,0.0,,0.0,0.0,0.0,0.0,2.0,1.0
609223,2022-04-10,ligue1,2021,10313,Metz,Bordeaux,0,112485,Jean-Armel Kana-Biyik,CD-L,1,1.0,27,0.0,2.0,0.0,2.0,0.0,0.0,0.0,,0.0,0.0,0.0,0.0,0.0,0.0
609223,2022-04-10,ligue1,2021,10313,Metz,Bordeaux,0,240371,Dylan Bronn,CD-R,1,1.0,2,2.0,0.0,0.0,3.0,0.0,0.0,0.0,,0.0,0.0,0.0,0.0,0.0,0.0
609223,2022-04-10,ligue1,2021,10313,Metz,Bordeaux,0,228736,Kevin N'Doram,CM-L,1,1.0,6,3.0,0.0,0.0,3.0,0.0,0.0,0.0,,0.0,0.0,0.0,0.0,0.0,0.0
609223,2022-04-10,ligue1,2021,10313,Metz,Bordeaux,0,150282,Vincent Pajot,CM-R,1,1.0,14,2.0,3.0,0.0,3.0,0.0,0.0,0.0,,0.0,0.0,0.0,0.0,1.0,0.0
609223,2022-04-10,ligue1,2021,10313,Metz,Bordeaux,0,297337,Pape Matar Sarr,AM,1,1.0,15,1.0,0.0,0.0,3.0,1.0,0.0,0.0,,0.0,1.0,0.0,0.0,2.0,0.0
609223,2022-04-10,ligue1,2021,10313,Metz,Bordeaux,0,287677,Fali Candé,LM,1,1.0,13,1.0,1.0,0.0,2.0,0.0,0.0,0.0,,0.0,0.0,0.0,0.0,0.0,0.0
609223,2022-04-10,ligue1,2021,10313,Metz,Bordeaux,0,158498,Thomas Delaine,RM,1,1.0,17,1.0,2.0,0.0,3.0,0.0,0.0,0.0,,0.0,0.0,0.0,0.0,2.0,0.0
609223,2022-04-10,ligue1,2021,10313,Metz,Bordeaux,0,138559,Nicolas de Préville,CF-L,1,1.0,9,0.0,1.0,1.0,0.0,0.0,0.0,0.0,,0.0,0.0,0.0,0.0,1.0,0.0
609223,2022-04-10,ligue1,2021,10313,Metz,Bordeaux,0,238394,Didier Lamkel Ze,CF-R,1,1.0,22,1.0,2.0,0.0,1.0,1.0,0.0,0.0,,0.0,1.0,0.0,1.0,1.0,1.0
609223,2022-04-10,ligue1,2021,10313,Metz,Bordeaux,0,256685,Ibrahima Niane,SUB,0,0.0,7,0.0,0.0,0.0,0.0,0.0,0.0,0.0,,0.0,0.0,0.0,0.0,0.0,0.0
609223,2022-04-10,ligue1,2021,10313,Metz,Bordeaux,0,178107,Ibrahim Amadou,SUB,0,0.0,32,0.0,0.0,0.0,0.0,0.0,0.0,0.0,,0.0,0.0,0.0,0.0,0.0,0.0
609223,2022-04-10,ligue1,2021,10313,Metz,Bordeaux,0,187396,Jemerson,SUB,0,0.0,5,0.0,0.0,0.0,0.0,0.0,0.0,0.0,,0.0,0.0,0.0,0.0,0.0,0.0
609223,2022-04-10,ligue1,2021,10313,Metz,Bordeaux,0,268720,Louis Mafouta,SUB,0,1.0,34,3.0,0.0,0.0,2.0,0.0,0.0,0.0,,0.0,0.0,1.0,0.0,0.0,0.0
609223,2022-04-10,ligue1,2021,10313,Metz,Bordeaux,0,172966,Farid Boulaya,SUB,0,1.0,10,0.0,0.0,0.0,3.0,0.0,0.0,0.0,,0.0,0.0,1.0,0.0,0.0,0.0
609223,2022-04-10,ligue1,2021,10313,Metz,Bordeaux,0,228563,Boubacar Traoré,SUB,0,0.0,8,0.0,0.0,0.0,0.0,0.0,0.0,0.0,,0.0,0.0,0.0,0.0,0.0,0.0
609223,2022-04-10,ligue1,2021,10313,Metz,Bordeaux,0,177223,Opa Nguette,SUB,0,1.0,11,0.0,0.0,0.0,1.0,0.0,0.0,0.0,,0.0,0.0,1.0,0.0,0.0,0.0
609223,2022-04-10,ligue1,2021,10313,Metz,Bordeaux,0,104028,Alexandre Oukidja,SUB,0,0.0,16,0.0,0.0,0.0,0.0,,0.0,0.0,0.0,0.0,0.0,0.0,0.0,0.0,0.0
609223,2022-04-10,ligue1,2021,10313,Metz,Bordeaux,0,291431,Papa Ndiaga Yade,SUB,0,1.0,26,0.0,1.0,0.0,1.0,0.0,0.0,0.0,,0.0,0.0,1.0,0.0,0.0,0.0
609214,2022-04-16,ligue1,2021,10313,Saint-Étienne,Brest,1,214201,Paul Bernardoni,G,1,1.0,50,0.0,0.0,0.0,1.0,,0.0,0.0,0.0,6.0,0.0,0.0,0.0,0.0,0.0
609214,2022-04-16,ligue1,2021,10313,Saint-Étienne,Brest,1,127479,Eliaquim Mangala,CD,1,1.0,22,0.0,0.0,0.0,1.0,0.0,0.0,0.0,,0.0,0.0,0.0,0.0,0.0,0.0
609214,2022-04-16,ligue1,2021,10313,Saint-Étienne,Brest,1,251557,Mickael Nade,CD-L,1,1.0,3,2.0,1.0,0.0,1.0,0.0,0.0,0.0,,0.0,0.0,0.0,0.0,0.0,0.0
609214,2022-04-16,ligue1,2021,10313,Saint-Étienne,Brest,1,313277,Abdoulaye Bakayoko,CD-R,1,1.0,33,0.0,0.0,0.0,1.0,0.0,0.0,0.0,,0.0,0.0,0.0,0.0,0.0,0.0
609214,2022-04-16,ligue1,2021,10313,Saint-Étienne,Brest,1,303338,Lucas Gourna-Douath,CM-L,1,1.0,6,1.0,2.0,0.0,1.0,1.0,0.0,0.0,,0.0,0.0,0.0,0.0,1.0,0.0
609214,2022-04-16,ligue1,2021,10313,Saint-Étienne,Brest,1,268966,Mahdi Camara,CM-R,1,1.0,8,0.0,0.0,0.0,1.0,0.0,0.0,0.0,,0.0,2.0,0.0,2.0,2.0,0.0
609214,2022-04-16,ligue1,2021,10313,Saint-Étienne,Brest,1,132946,Gabriel Silva,LM,1,1.0,11,1.0,2.0,0.0,1.0,0.0,0.0,0.0,,0.0,0.0,0.0,0.0,0.0,0.0
609214,2022-04-16,ligue1,2021,10313,Saint-Étienne,Brest,1,215451,Sada Thioub,RM,1,1.0,9,1.0,0.0,0.0,1.0,0.0,0.0,0.0,,0.0,0.0,0.0,0.0,0.0,0.0
609214,2022-04-16,ligue1,2021,10313,Saint-Étienne,Brest,1,132241,Wahbi Khazri,F,1,1.0,10,0.0,0.0,0.0,1.0,0.0,0.0,0.0,,0.0,0.0,0.0,0.0,3.0,0.0
609214,2022-04-16,ligue1,2021,10313,Saint-Étienne,Brest,1,213304,Denis Bouanga,CF-L,1,1.0,20,1.0,2.0,2.0,1.0,0.0,0.0,0.0,,0.0,0.0,0.0,0.0,3.0,0.0
609214,2022-04-16,ligue1,2021,10313,Saint-Étienne,Brest,1,111320,Ryad Boudebouz,CF-R,1,1.0,7,3.0,0.0,0.0,1.0,0.0,0.0,0.0,,0.0,1.0,0.0,0.0,1.0,0.0
609214,2022-04-16,ligue1,2021,10313,Saint-Étienne,Brest,1,218951,Harold Moukoudi,SUB,0,0.0,2,0.0,0.0,0.0,0.0,0.0,0.0,0.0,,0.0,0.0,0.0,0.0,0.0,0.0
609214,2022-04-16,ligue1,2021,10313,Saint-Étienne,Brest,1,291400,Etienne Green,SUB,0,0.0,40,0.0,0.0,0.0,0.0,,0.0,0.0,0.0,0.0,0.0,0.0,0.0,0.0,0.0
609214,2022-04-16,ligue1,2021,10313,Saint-Étienne,Brest,1,127572,Timothée Kolodziejczak,SUB,0,0.0,5,0.0,0.0,0.0,0.0,0.0,0.0,0.0,,0.0,0.0,0.0,0.0,0.0,0.0
609214,2022-04-16,ligue1,2021,10313,Saint-Étienne,Brest,1,214305,Assane Dioussé,SUB,0,0.0,25,0.0,0.0,0.0,0.0,0.0,0.0,0.0,,0.0,0.0,0.0,0.0,0.0,0.0
609214,2022-04-16,ligue1,2021,10313,Saint-Étienne,Brest,1,121993,Bakary Sako,SUB,0,0.0,26,0.0,0.0,0.0,0.0,0.0,0.0,0.0,,0.0,0.0,0.0,0.0,0.0,0.0
609214,2022-04-16,ligue1,2021,10313,Saint-Étienne,Brest,1,250566,Zaydou Youssef,SUB,0,1.0,28,0.0,1.0,0.0,0.0,0.0,0.0,0.0,,0.0,0.0,1.0,0.0,0.0,0.0
609214,2022-04-16,ligue1,2021,10313,Saint-Étienne,Brest,1,156342,Miguel Trauco,SUB,0,1.0,13,0.0,0.0,0.0,0.0,0.0,0.0,0.0,,0.0,0.0,1.0,0.0,0.0,0.0
609214,2022-04-16,ligue1,2021,10313,Saint-Étienne,Brest,1,290166,Adil Aouchiche,SUB,0,1.0,17,0.0,0.0,0.0,0.0,1.0,0.0,0.0,,0.0,0.0,1.0,0.0,0.0,0.0
609214,2022-04-16,ligue1,2021,10313,Saint-Étienne,Brest,1,242738,Arnaud Nordin,SUB,0,1.0,18,1.0,2.0,0.0,0.0,0.0,0.0,0.0,,0.0,1.0,1.0,0.0,1.0,0.0
609213,2022-04-17,ligue1,2021,10313,Bordeaux,Lyon,0,259711,Gaetan Poussin,G,1,1.0,16,0.0,0.0,0.0,6.0,,0.0,0.0,0.0,8.0,0.0,0.0,0.0,0.0,0.0
609213,2022-04-17,ligue1,2021,10313,Bordeaux,Lyon,0,289708,Abdel Medioub,CD,1,1.0,3,1.0,0.0,0.0,5.0,0.0,0.0,0.0,,0.0,0.0,0.0,0.0,0.0,0.0
609213,2022-04-17,ligue1,2021,10313,Bordeaux,Lyon,0,259871,Ricardo Mangas,CD-L,1,1.0,12,3.0,0.0,0.0,6.0,0.0,0.0,0.0,,0.0,0.0,0.0,0.0,0.0,0.0
609213,2022-04-17,ligue1,2021,10313,Bordeaux,Lyon,0,245857,Anel Ahmedhodzic,CD-R,1,1.0,5,1.0,0.0,0.0,6.0,0.0,0.0,0.0,,0.0,0.0,0.0,0.0,1.0,0.0
609213,2022-04-17,ligue1,2021,10313,Bordeaux,Lyon,0,130113,Josuha Guilavogui,CM-L,1,1.0,23,3.0,2.0,0.0,6.0,0.0,0.0,0.0,,0.0,0.0,0.0,0.0,2.0,0.0
609213,2022-04-17,ligue1,2021,10313,Bordeaux,Lyon,0,302948,Jean Onana,CM-R,1,1.0,8,2.0,2.0,0.0,6.0,0.0,0.0,0.0,,0.0,0.0,0.0,0.0,3.0,0.0
609213,2022-04-17,ligue1,2021,10313,Bordeaux,Lyon,0,265911,Yacine Adli,AM,1,1.0,19,0.0,1.0,0.0,4.0,0.0,0.0,0.0,,0.0,0.0,0.0,0.0,1.0,0.0
609213,2022-04-17,ligue1,2021,10313,Bordeaux,Lyon,0,264484,Gideon Mensah,LM,1,1.0,14,1.0,0.0,0.0,6.0,0.0,0.0,0.0,,0.0,0.0,0.0,0.0,0.0,0.0
609213,2022-04-17,ligue1,2021,10313,Bordeaux,Lyon,0,312171,Tom Lacoux,RM,1,1.0,27,1.0,1.0,0.0,5.0,0.0,0.0,0.0,,0.0,0.0,0.0,0.0,0.0,0.0
609213,2022-04-17,ligue1,2021,10313,Bordeaux,Lyon,0,236628,Hwang Ui-Jo,CF-L,1,1.0,18,0.0,0.0,0.0,5.0,0.0,0.0,0.0,,0.0,1.0,0.0,0.0,1.0,0.0
609213,2022-04-17,ligue1,2021,10313,Bordeaux,Lyon,0,119868,M'Baye Niang,CF-R,1,1.0,10,0.0,0.0,0.0,4.0,0.0,0.0,0.0,,0.0,0.0,0.0,0.0,0.0,0.0
609213,2022-04-17,ligue1,2021,10313,Bordeaux,Lyon,0,258971,Javairô Dilrosun,SUB,0,1.0,21,0.0,0.0,0.0,2.0,1.0,0.0,0.0,,0.0,1.0,1.0,0.0,1.0,0.0
609213,2022-04-17,ligue1,2021,10313,Bordeaux,Lyon,0,272137,Thibault Klidje,SUB,0,0.0,33,0.0,0.0,0.0,0.0,0.0,0.0,0.0,,0.0,0.0,0.0,0.0,0.0,0.0
609213,2022-04-17,ligue1,2021,10313,Bordeaux,Lyon,0,238363,Rémi Oudin,SUB,0,1.0,28,1.0,0.0,0.0,2.0,0.0,0.0,0.0,,0.0,1.0,1.0,0.0,2.0,0.0
609213,2022-04-17,ligue1,2021,10313,Bordeaux,Lyon,0,84893,Jimmy Briand,SUB,0,0.0,7,0.0,0.0,0.0,0.0,0.0,0.0,0.0,,0.0,0.0,0.0,0.0,0.0,0.0
609213,2022-04-17,ligue1,2021,10313,Bordeaux,Lyon,0,223946,Enock Kwateng,SUB,0,1.0,25,0.0,1.0,0.0,1.0,0.0,0.0,0.0,,0.0,0.0,1.0,0.0,0.0,0.0
609213,2022-04-17,ligue1,2021,10313,Bordeaux,Lyon,0,305797,Sékou Mara,SUB,0,1.0,11,0.0,1.0,0.0,1.0,0.0,0.0,0.0,,0.0,2.0,1.0,1.0,5.0,0.0
609213,2022-04-17,ligue1,2021,10313,Bordeaux,Lyon,0,198956,Fransérgio,SUB,0,1.0,13,0.0,0.0,0.0,1.0,0.0,0.0,0.0,,0.0,0.0,1.0,0.0,1.0,0.0
609213,2022-04-17,ligue1,2021,10313,Bordeaux,Lyon,0,86210,Paul Baysse,SUB,0,0.0,24,0.0,0.0,0.0,0.0,0.0,0.0,0.0,,0.0,0.0,0.0,0.0,0.0,0.0
609213,2022-04-17,ligue1,2021,10313,Bordeaux,Lyon,0,101360,Benoit Costil,SUB,0,0.0,1,0.0,0.0,0.0,0.0,,0.0,0.0,0.0,0.0,0.0,0.0,0.0,0.0,0.0
609215,2022-04-17,ligue1,2021,10313,Metz,Clermont Foot,1,238394,Didier Lamkel Ze,,0,1.0,22,0.0,1.0,0.0,0.0,0.0,0.0,0.0,,0.0,0.0,1.0,0.0,0.0,0.0
609215,2022-04-17,ligue1,2021,10313,Metz,Clermont Foot,1,172966,Farid Boulaya,,0,0.0,10,0.0,0.0,0.0,0.0,0.0,0.0,0.0,,0.0,0.0,0.0,0.0,0.0,0.0
609215,2022-04-17,ligue1,2021,10313,Metz,Clermont Foot,1,167905,Marc-Aurele Caillard,,0,0.0,30,0.0,0.0,0.0,0.0,0.0,0.0,0.0,,0.0,0.0,0.0,0.0,0.0,0.0
609215,2022-04-17,ligue1,2021,10313,Metz,Clermont Foot,1,313897,William Mikelbrencis,,0,0.0,25,0.0,0.0,0.0,0.0,0.0,0.0,0.0,,0.0,0.0,0.0,0.0,0.0,0.0
609215,2022-04-17,ligue1,2021,10313,Metz,Clermont Foot,1,112485,Jean-Armel Kana-Biyik,,0,0.0,27,0.0,0.0,0.0,0.0,0.0,0.0,0.0,,0.0,0.0,0.0,0.0,0.0,0.0
609215,2022-04-17,ligue1,2021,10313,Metz,Clermont Foot,1,268720,Louis Mafouta,,0,1.0,34,1.0,0.0,0.0,0.0,0.0,0.0,0.0,,0.0,0.0,1.0,0.0,0.0,0.0
609215,2022-04-17,ligue1,2021,10313,Metz,Clermont Foot,1,177223,Opa Nguette,,0,0.0,11,0.0,0.0,0.0,0.0,0.0,0.0,0.0,,0.0,0.0,0.0,0.0,0.0,0.0
609215,2022-04-17,ligue1,2021,10313,Metz,Clermont Foot,1,291431,Papa Ndiaga Yade,,0,1.0,26,0.0,0.0,0.0,0.0,0.0,0.0,0.0,,0.0,0.0,1.0,0.0,1.0,0.0
609215,2022-04-17,ligue1,2021,10313,Metz,Clermont Foot,1,187396,Jemerson,,0,0.0,5,0.0,0.0,0.0,0.0,0.0,0.0,0.0,,0.0,0.0,0.0,0.0,0.0,0.0
609215,2022-04-17,ligue1,2021,10313,Metz,Clermont Foot,1,104028,Alexandre Oukidja,G,1,1.0,16,0.0,1.0,0.0,1.0,,0.0,0.0,0.0,25.0,0.0,0.0,0.0,0.0,0.0
609215,2022-04-17,ligue1,2021,10313,Metz,Clermont Foot,1,178107,Ibrahim Amadou,CD-L,1,1.0,32,0.0,1.0,0.0,1.0,0.0,0.0,0.0,,0.0,0.0,0.0,0.0,0.0,0.0
609215,2022-04-17,ligue1,2021,10313,Metz,Clermont Foot,1,263282,Boubakar Kiki Kouyate,CD-R,1,1.0,23,1.0,2.0,0.0,1.0,0.0,0.0,0.0,,0.0,0.0,0.0,0.0,0.0,0.0
609215,2022-04-17,ligue1,2021,10313,Metz,Clermont Foot,1,158498,Thomas Delaine,LB,1,1.0,17,0.0,0.0,0.0,1.0,0.0,0.0,0.0,,0.0,0.0,0.0,0.0,0.0,0.0
609215,2022-04-17,ligue1,2021,10313,Metz,Clermont Foot,1,240371,Dylan Bronn,RB,1,1.0,2,1.0,1.0,0.0,1.0,1.0,0.0,0.0,,0.0,0.0,0.0,0.0,0.0,1.0
609215,2022-04-17,ligue1,2021,10313,Metz,Clermont Foot,1,256685,Ibrahima Niane,M,1,1.0,7,2.0,1.0,0.0,1.0,0.0,0.0,1.0,,0.0,0.0,0.0,0.0,0.0,0.0
609215,2022-04-17,ligue1,2021,10313,Metz,Clermont Foot,1,228736,Kevin N'Doram,CM,1,1.0,6,0.0,1.0,0.0,1.0,0.0,0.0,0.0,,0.0,0.0,0.0,0.0,0.0,0.0
609215,2022-04-17,ligue1,2021,10313,Metz,Clermont Foot,1,297337,Pape Matar Sarr,AM,1,1.0,15,1.0,0.0,1.0,1.0,0.0,0.0,0.0,,0.0,1.0,0.0,0.0,1.0,0.0
609215,2022-04-17,ligue1,2021,10313,Metz,Clermont Foot,1,150282,Vincent Pajot,LM,1,1.0,14,2.0,2.0,0.0,1.0,0.0,0.0,0.0,,0.0,0.0,0.0,0.0,1.0,0.0
609215,2022-04-17,ligue1,2021,10313,Metz,Clermont Foot,1,228563,Boubacar Traoré,RM,1,1.0,8,5.0,1.0,0.0,1.0,0.0,0.0,0.0,,0.0,0.0,0.0,0.0,0.0,0.0
609215,2022-04-17,ligue1,2021,10313,Metz,Clermont Foot,1,138559,Nicolas de Préville,CF-R,1,1.0,9,2.0,0.0,0.0,1.0,0.0,0.0,0.0,,0.0,1.0,0.0,1.0,1.0,0.0
609204,2022-04-20,ligue1,2021,10313,Metz,Lorient,0,104028,Alexandre Oukidja,G,1,1.0,16,0.0,1.0,0.0,1.0,,0.0,0.0,0.0,15.0,0.0,0.0,0.0,0.0,0.0
609204,2022-04-20,ligue1,2021,10313,Metz,Lorient,0,263282,Boubakar Kiki Kouyate,CD,1,1.0,23,1.0,2.0,0.0,1.0,0.0,0.0,0.0,,0.0,0.0,0.0,0.0,2.0,0.0
609204,2022-04-20,ligue1,2021,10313,Metz,Lorient,0,178107,Ibrahim Amadou,CD-L,1,1.0,32,1.0,0.0,0.0,0.0,0.0,0.0,0.0,,0.0,0.0,0.0,0.0,0.0,1.0
609204,2022-04-20,ligue1,2021,10313,Metz,Lorient,0,187396,Jemerson,CD-R,1,1.0,5,0.0,0.0,0.0,1.0,0.0,0.0,0.0,,0.0,1.0,0.0,0.0,2.0,0.0
609204,2022-04-20,ligue1,2021,10313,Metz,Lorient,0,150282,Vincent Pajot,CM-L,1,1.0,14,1.0,2.0,0.0,1.0,0.0,0.0,0.0,,0.0,0.0,0.0,0.0,0.0,0.0
609204,2022-04-20,ligue1,2021,10313,Metz,Lorient,0,228563,Boubacar Traoré,CM-R,1,1.0,8,2.0,1.0,0.0,1.0,0.0,0.0,0.0,,0.0,0.0,0.0,0.0,1.0,0.0
609204,2022-04-20,ligue1,2021,10313,Metz,Lorient,0,228736,Kevin N'Doram,AM,1,1.0,6,1.0,0.0,0.0,0.0,0.0,0.0,0.0,,0.0,0.0,0.0,0.0,1.0,0.0
609204,2022-04-20,ligue1,2021,10313,Metz,Lorient,0,158498,Thomas Delaine,LM,1,1.0,17,0.0,1.0,0.0,1.0,0.0,0.0,0.0,,0.0,0.0,0.0,0.0,1.0,0.0
609204,2022-04-20,ligue1,2021,10313,Metz,Lorient,0,313897,William Mikelbrencis,RM,1,1.0,25,2.0,0.0,0.0,1.0,0.0,0.0,0.0,,0.0,1.0,0.0,0.0,2.0,0.0
609204,2022-04-20,ligue1,2021,10313,Metz,Lorient,0,238394,Didier Lamkel Ze,CF-L,1,1.0,22,0.0,3.0,0.0,0.0,0.0,0.0,0.0,,0.0,1.0,0.0,0.0,5.0,0.0
609204,2022-04-20,ligue1,2021,10313,Metz,Lorient,0,138559,Nicolas de Préville,CF-R,1,1.0,9,2.0,2.0,0.0,0.0,0.0,0.0,0.0,,0.0,0.0,0.0,0.0,3.0,0.0
609204,2022-04-20,ligue1,2021,10313,Metz,Lorient,0,301093,Lenny Joseph,SUB,0,1.0,24,2.0,0.0,0.0,1.0,0.0,0.0,0.0,,0.0,0.0,1.0,0.0,0.0,0.0
609204,2022-04-20,ligue1,2021,10313,Metz,Lorient,0,291431,Papa Ndiaga Yade,SUB,0,0.0,26,0.0,0.0,0.0,0.0,0.0,0.0,0.0,,0.0,0.0,0.0,0.0,0.0,0.0
609204,2022-04-20,ligue1,2021,10313,Metz,Lorient,0,297337,Pape Matar Sarr,SUB,0,1.0,15,1.0,0.0,0.0,1.0,0.0,0.0,0.0,,0.0,0.0,1.0,0.0,2.0,0.0
609204,2022-04-20,ligue1,2021,10313,Metz,Lorient,0,268720,Louis Mafouta,SUB,0,1.0,34,1.0,0.0,0.0,1.0,0.0,0.0,0.0,,0.0,1.0,1.0,0.0,1.0,0.0
609204,2022-04-20,ligue1,2021,10313,Metz,Lorient,0,177223,Opa Nguette,SUB,0,1.0,11,1.0,1.0,0.0,0.0,0.0,0.0,0.0,,0.0,0.0,1.0,0.0,0.0,1.0
609204,2022-04-20,ligue1,2021,10313,Metz,Lorient,0,325989,Amadou Salif Mbengue,SUB,0,1.0,33,1.0,0.0,0.0,1.0,1.0,0.0,0.0,,0.0,0.0,1.0,0.0,1.0,0.0
609204,2022-04-20,ligue1,2021,10313,Metz,Lorient,0,172966,Farid Boulaya,SUB,0,0.0,10,0.0,0.0,0.0,0.0,0.0,0.0,0.0,,0.0,0.0,0.0,0.0,0.0,0.0
609204,2022-04-20,ligue1,2021,10313,Metz,Lorient,0,167905,Marc-Aurele Caillard,SUB,0,0.0,30,0.0,0.0,0.0,0.0,,0.0,0.0,0.0,0.0,0.0,0.0,0.0,0.0,0.0
609209,2022-04-20,ligue1,2021,10313,Bordeaux,Saint-Étienne,1,259711,Gaetan Poussin,G,1,1.0,16,0.0,0.0,0.0,2.0,,0.0,0.0,0.0,6.0,0.0,0.0,0.0,0.0,0.0
609209,2022-04-20,ligue1,2021,10313,Bordeaux,Saint-Étienne,1,130113,Josuha Guilavogui,CD,1,1.0,23,0.0,0.0,0.0,2.0,1.0,0.0,0.0,,0.0,0.0,0.0,0.0,0.0,0.0
609209,2022-04-20,ligue1,2021,10313,Bordeaux,Saint-Étienne,1,188454,Stian Gregersen,CD-L,1,1.0,2,3.0,0.0,0.0,2.0,0.0,0.0,0.0,,0.0,0.0,0.0,0.0,0.0,1.0
609209,2022-04-20,ligue1,2021,10313,Bordeaux,Saint-Étienne,1,245857,Anel Ahmedhodzic,CD-R,1,1.0,5,2.0,2.0,0.0,2.0,0.0,0.0,0.0,,0.0,0.0,0.0,0.0,0.0,1.0
609209,2022-04-20,ligue1,2021,10313,Bordeaux,Saint-Étienne,1,275396,Danylo Ignatenko,CM-L,1,1.0,6,4.0,2.0,1.0,2.0,1.0,0.0,0.0,,0.0,0.0,0.0,0.0,0.0,1.0
609209,2022-04-20,ligue1,2021,10313,Bordeaux,Saint-Étienne,1,302948,Jean Onana,CM-R,1,1.0,8,2.0,1.0,0.0,2.0,2.0,0.0,0.0,,0.0,1.0,0.0,1.0,2.0,1.0
609209,2022-04-20,ligue1,2021,10313,Bordeaux,Saint-Étienne,1,258971,Javairô Dilrosun,AM,1,1.0,21,0.0,1.0,1.0,2.0,0.0,0.0,0.0,,0.0,0.0,0.0,0.0,0.0,0.0
609209,2022-04-20,ligue1,2021,10313,Bordeaux,Saint-Étienne,1,259871,Ricardo Mangas,LM,1,1.0,12,0.0,1.0,0.0,2.0,0.0,0.0,0.0,,0.0,1.0,0.0,0.0,1.0,0.0
609209,2022-04-20,ligue1,2021,10313,Bordeaux,Saint-Étienne,1,312171,Tom Lacoux,RM,1,1.0,27,0.0,0.0,0.0,2.0,0.0,0.0,0.0,,0.0,0.0,0.0,0.0,0.0,1.0
609209,2022-04-20,ligue1,2021,10313,Bordeaux,Saint-Étienne,1,119868,M'Baye Niang,CF-L,1,1.0,10,1.0,5.0,0.0,2.0,0.0,0.0,0.0,,0.0,0.0,0.0,0.0,1.0,0.0
609209,2022-04-20,ligue1,2021,10313,Bordeaux,Saint-Étienne,1,305797,Sékou Mara,CF-R,1,1.0,11,4.0,3.0,0.0,2.0,0.0,0.0,0.0,,0.0,4.0,0.0,1.0,4.0,0.0
609209,2022-04-20,ligue1,2021,10313,Bordeaux,Saint-Étienne,1,84893,Jimmy Briand,SUB,0,1.0,7,0.0,0.0,0.0,0.0,0.0,0.0,0.0,,0.0,1.0,1.0,0.0,1.0,0.0
609209,2022-04-20,ligue1,2021,10313,Bordeaux,Saint-Étienne,1,238363,Rémi Oudin,SUB,0,1.0,28,0.0,0.0,0.0,0.0,0.0,0.0,0.0,,0.0,0.0,1.0,0.0,1.0,0.0
609209,2022-04-20,ligue1,2021,10313,Bordeaux,Saint-Étienne,1,86210,Paul Baysse,SUB,0,0.0,24,0.0,0.0,0.0,0.0,0.0,0.0,0.0,,0.0,0.0,0.0,0.0,0.0,0.0
609209,2022-04-20,ligue1,2021,10313,Bordeaux,Saint-Étienne,1,223946,Enock Kwateng,SUB,0,1.0,25,0.0,0.0,0.0,0.0,0.0,0.0,0.0,,0.0,0.0,1.0,0.0,0.0,0.0
609209,2022-04-20,ligue1,2021,10313,Bordeaux,Saint-Étienne,1,198956,Fransérgio,SUB,0,0.0,13,0.0,0.0,0.0,0.0,0.0,0.0,0.0,,0.0,0.0,0.0,0.0,0.0,0.0
609209,2022-04-20,ligue1,2021,10313,Bordeaux,Saint-Étienne,1,264484,Gideon Mensah,SUB,0,0.0,14,0.0,0.0,0.0,0.0,0.0,0.0,0.0,,0.0,0.0,0.0,0.0,0.0,0.0
609209,2022-04-20,ligue1,2021,10313,Bordeaux,Saint-Étienne,1,101360,Benoit Costil,SUB,0,0.0,1,0.0,0.0,0.0,0.0,,0.0,0.0,0.0,0.0,0.0,0.0,0.0,0.0,0.0
609209,2022-04-20,ligue1,2021,10313,Bordeaux,Saint-Étienne,1,272137,Thibault Klidje,SUB,0,1.0,33,0.0,2.0,0.0,0.0,0.0,0.0,0.0,,0.0,0.0,1.0,0.0,0.0,0.0
609209,2022-04-20,ligue1,2021,10313,Bordeaux,Saint-Étienne,1,265911,Yacine Adli,SUB,0,1.0,19,0.0,1.0,0.0,0.0,1.0,0.0,0.0,,0.0,0.0,1.0,0.0,1.0,0.0
609209,2022-04-20,ligue1,2021,10313,Saint-Étienne,Bordeaux,0,214201,Paul Bernardoni,G,1,1.0,50,0.0,0.0,0.0,2.0,,0.0,0.0,0.0,9.0,0.0,0.0,0.0,0.0,0.0
609209,2022-04-20,ligue1,2021,10313,Saint-Étienne,Bordeaux,0,127572,Timothée Kolodziejczak,CD,1,1.0,5,1.0,0.0,0.0,2.0,0.0,0.0,0.0,,0.0,0.0,0.0,0.0,0.0,0.0
609209,2022-04-20,ligue1,2021,10313,Saint-Étienne,Bordeaux,0,251557,Mickael Nade,CD-L,1,1.0,3,2.0,2.0,0.0,2.0,0.0,0.0,0.0,,0.0,0.0,0.0,0.0,0.0,0.0
609209,2022-04-20,ligue1,2021,10313,Saint-Étienne,Bordeaux,0,313277,Abdoulaye Bakayoko,CD-R,1,1.0,33,2.0,1.0,0.0,2.0,0.0,0.0,0.0,,0.0,0.0,0.0,0.0,0.0,0.0
609209,2022-04-20,ligue1,2021,10313,Saint-Étienne,Bordeaux,0,303338,Lucas Gourna-Douath,CM-L,1,1.0,6,4.0,1.0,0.0,2.0,0.0,0.0,0.0,,0.0,0.0,0.0,0.0,1.0,1.0
609209,2022-04-20,ligue1,2021,10313,Saint-Étienne,Bordeaux,0,268966,Mahdi Camara,CM-R,1,1.0,8,2.0,2.0,0.0,2.0,0.0,0.0,0.0,,0.0,0.0,0.0,0.0,1.0,1.0
609209,2022-04-20,ligue1,2021,10313,Saint-Étienne,Bordeaux,0,156342,Miguel Trauco,LM,1,1.0,13,0.0,0.0,0.0,2.0,0.0,0.0,0.0,,0.0,0.0,0.0,0.0,0.0,0.0
609209,2022-04-20,ligue1,2021,10313,Saint-Étienne,Bordeaux,0,132946,Gabriel Silva,RM,1,1.0,11,1.0,0.0,0.0,2.0,0.0,0.0,0.0,,0.0,0.0,0.0,0.0,0.0,0.0
609209,2022-04-20,ligue1,2021,10313,Saint-Étienne,Bordeaux,0,111320,Ryad Boudebouz,F,1,1.0,7,0.0,1.0,1.0,2.0,0.0,0.0,0.0,,0.0,0.0,0.0,0.0,0.0,0.0
609209,2022-04-20,ligue1,2021,10313,Saint-Étienne,Bordeaux,0,242738,Arnaud Nordin,CF-L,1,1.0,18,1.0,4.0,0.0,2.0,0.0,0.0,0.0,,0.0,1.0,0.0,1.0,4.0,1.0
609209,2022-04-20,ligue1,2021,10313,Saint-Étienne,Bordeaux,0,213304,Denis Bouanga,CF-R,1,1.0,20,0.0,3.0,1.0,2.0,0.0,0.0,0.0,,0.0,1.0,0.0,1.0,1.0,1.0
609209,2022-04-20,ligue1,2021,10313,Saint-Étienne,Bordeaux,0,121993,Bakary Sako,SUB,0,0.0,26,0.0,0.0,0.0,0.0,0.0,0.0,0.0,,0.0,0.0,0.0,0.0,0.0,0.0
609209,2022-04-20,ligue1,2021,10313,Saint-Étienne,Bordeaux,0,302488,Yvann Maçon,SUB,0,0.0,27,0.0,0.0,0.0,0.0,0.0,0.0,0.0,,0.0,0.0,0.0,0.0,0.0,0.0
609209,2022-04-20,ligue1,2021,10313,Saint-Étienne,Bordeaux,0,291400,Etienne Green,SUB,0,0.0,40,0.0,0.0,0.0,0.0,,0.0,0.0,0.0,0.0,0.0,0.0,0.0,0.0,0.0
609209,2022-04-20,ligue1,2021,10313,Saint-Étienne,Bordeaux,0,290166,Adil Aouchiche,SUB,0,1.0,17,1.0,0.0,0.0,0.0,0.0,0.0,0.0,,0.0,0.0,1.0,0.0,0.0,0.0
609209,2022-04-20,ligue1,2021,10313,Saint-Étienne,Bordeaux,0,215451,Sada Thioub,SUB,0,1.0,9,1.0,0.0,0.0,0.0,2.0,0.0,0.0,,0.0,0.0,1.0,0.0,0.0,0.0
609209,2022-04-20,ligue1,2021,10313,Saint-Étienne,Bordeaux,0,214305,Assane Dioussé,SUB,0,0.0,25,0.0,0.0,0.0,0.0,0.0,0.0,0.0,,0.0,0.0,0.0,0.0,0.0,0.0
609209,2022-04-20,ligue1,2021,10313,Saint-Étienne,Bordeaux,0,132241,Wahbi Khazri,SUB,0,1.0,10,1.0,1.0,0.0,0.0,0.0,0.0,0.0,,0.0,0.0,1.0,0.0,1.0,1.0
609209,2022-04-20,ligue1,2021,10313,Saint-Étienne,Bordeaux,0,252477,Yvan Neyou,SUB,0,1.0,19,1.0,1.0,0.0,0.0,0.0,0.0,0.0,,0.0,0.0,1.0,0.0,0.0,1.0
609209,2022-04-20,ligue1,2021,10313,Saint-Étienne,Bordeaux,0,218951,Harold Moukoudi,SUB,0,1.0,2,1.0,0.0,0.0,0.0,0.0,0.0,0.0,,0.0,0.0,1.0,0.0,0.0,0.0
609191,2022-04-23,ligue1,2021,10313,Saint-Étienne,AS Monaco,1,214201,Paul Bernardoni,G,1,1.0,50,0.0,0.0,0.0,4.0,,0.0,0.0,3.0,10.0,0.0,0.0,0.0,0.0,0.0
609191,2022-04-23,ligue1,2021,10313,Saint-Étienne,AS Monaco,1,127479,Eliaquim Mangala,CD,1,1.0,22,2.0,2.0,0.0,4.0,0.0,0.0,0.0,,0.0,0.0,0.0,0.0,0.0,1.0
609191,2022-04-23,ligue1,2021,10313,Saint-Étienne,AS Monaco,1,127572,Timothée Kolodziejczak,CD-L,1,1.0,5,1.0,0.0,0.0,3.0,0.0,1.0,0.0,,0.0,1.0,0.0,0.0,1.0,0.0
609191,2022-04-23,ligue1,2021,10313,Saint-Étienne,AS Monaco,1,251557,Mickael Nade,CD-R,1,1.0,3,2.0,2.0,0.0,4.0,0.0,0.0,0.0,,0.0,0.0,0.0,0.0,0.0,0.0
609191,2022-04-23,ligue1,2021,10313,Saint-Étienne,AS Monaco,1,303338,Lucas Gourna-Douath,CM-L,1,1.0,6,3.0,1.0,0.0,3.0,0.0,0.0,0.0,,0.0,0.0,0.0,0.0,0.0,0.0
609191,2022-04-23,ligue1,2021,10313,Saint-Étienne,AS Monaco,1,268966,Mahdi Camara,CM-R,1,1.0,8,0.0,2.0,0.0,4.0,0.0,0.0,0.0,,0.0,0.0,0.0,0.0,0.0,0.0
609191,2022-04-23,ligue1,2021,10313,Saint-Étienne,AS Monaco,1,111320,Ryad Boudebouz,AM,1,1.0,7,0.0,2.0,0.0,4.0,0.0,0.0,0.0,,0.0,0.0,0.0,0.0,1.0,0.0
609191,2022-04-23,ligue1,2021,10313,Saint-Étienne,AS Monaco,1,132946,Gabriel Silva,LM,1,1.0,11,1.0,2.0,0.0,2.0,0.0,0.0,0.0,,0.0,0.0,0.0,0.0,0.0,0.0
609191,2022-04-23,ligue1,2021,10313,Saint-Étienne,AS Monaco,1,302488,Yvann Maçon,RM,1,1.0,27,0.0,0.0,0.0,3.0,0.0,0.0,0.0,,0.0,1.0,0.0,0.0,1.0,0.0
609191,2022-04-23,ligue1,2021,10313,Saint-Étienne,AS Monaco,1,213304,Denis Bouanga,CF-L,1,1.0,20,1.0,1.0,0.0,4.0,1.0,0.0,0.0,,0.0,1.0,0.0,0.0,3.0,0.0
609191,2022-04-23,ligue1,2021,10313,Saint-Étienne,AS Monaco,1,132241,Wahbi Khazri,CF-R,1,1.0,10,1.0,3.0,0.0,3.0,1.0,0.0,0.0,,0.0,1.0,0.0,1.0,1.0,1.0
609191,2022-04-23,ligue1,2021,10313,Saint-Étienne,AS Monaco,1,156342,Miguel Trauco,SUB,0,1.0,13,0.0,0.0,0.0,1.0,0.0,0.0,0.0,,0.0,0.0,1.0,0.0,0.0,0.0
609191,2022-04-23,ligue1,2021,10313,Saint-Étienne,AS Monaco,1,250566,Zaydou Youssef,SUB,0,1.0,28,0.0,0.0,0.0,1.0,0.0,0.0,0.0,,0.0,0.0,1.0,0.0,0.0,0.0
609191,2022-04-23,ligue1,2021,10313,Saint-Étienne,AS Monaco,1,215451,Sada Thioub,SUB,0,0.0,9,0.0,0.0,0.0,0.0,0.0,0.0,0.0,,0.0,0.0,0.0,0.0,0.0,0.0
609191,2022-04-23,ligue1,2021,10313,Saint-Étienne,AS Monaco,1,137415,Romain Hamouma,SUB,0,1.0,21,0.0,1.0,0.0,1.0,0.0,0.0,0.0,,0.0,0.0,1.0,0.0,0.0,0.0
609191,2022-04-23,ligue1,2021,10313,Saint-Étienne,AS Monaco,1,121993,Bakary Sako,SUB,0,0.0,26,0.0,0.0,0.0,0.0,0.0,0.0,0.0,,0.0,0.0,0.0,0.0,0.0,0.0
609191,2022-04-23,ligue1,2021,10313,Saint-Étienne,AS Monaco,1,242738,Arnaud Nordin,SUB,0,1.0,18,0.0,1.0,0.0,2.0,0.0,0.0,0.0,,0.0,0.0,1.0,0.0,0.0,0.0
609191,2022-04-23,ligue1,2021,10313,Saint-Étienne,AS Monaco,1,291400,Etienne Green,SUB,0,0.0,40,0.0,0.0,0.0,0.0,,0.0,0.0,0.0,0.0,0.0,0.0,0.0,0.0,0.0
609191,2022-04-23,ligue1,2021,10313,Saint-Étienne,AS Monaco,1,290166,Adil Aouchiche,SUB,0,1.0,17,0.0,0.0,0.0,1.0,0.0,0.0,0.0,,0.0,0.0,1.0,0.0,1.0,0.0
609191,2022-04-23,ligue1,2021,10313,Saint-Étienne,AS Monaco,1,218951,Harold Moukoudi,SUB,0,0.0,2,0.0,0.0,0.0,0.0,0.0,0.0,0.0,,0.0,0.0,0.0,0.0,0.0,0.0
609193,2022-04-24,ligue1,2021,10313,Bordeaux,Nantes,0,101360,Benoit Costil,G,1,1.0,1,0.0,0.0,0.0,4.0,,0.0,0.0,0.0,11.0,0.0,0.0,0.0,0.0,0.0
609193,2022-04-24,ligue1,2021,10313,Bordeaux,Nantes,0,126764,Marcelo,CD,1,1.0,15,1.0,0.0,0.0,3.0,0.0,0.0,0.0,,0.0,0.0,0.0,0.0,0.0,1.0
609193,2022-04-24,ligue1,2021,10313,Bordeaux,Nantes,0,245857,Anel Ahmedhodzic,CD-L,1,1.0,5,2.0,0.0,0.0,4.0,1.0,0.0,0.0,,0.0,1.0,0.0,0.0,1.0,0.0
609193,2022-04-24,ligue1,2021,10313,Bordeaux,Nantes,0,130113,Josuha Guilavogui,CD-R,1,1.0,23,0.0,0.0,0.0,4.0,0.0,0.0,0.0,,0.0,0.0,0.0,0.0,1.0,0.0
609193,2022-04-24,ligue1,2021,10313,Bordeaux,Nantes,0,275396,Danylo Ignatenko,CM-L,1,1.0,6,1.0,0.0,1.0,4.0,0.0,0.0,0.0,,0.0,0.0,0.0,0.0,0.0,0.0
609193,2022-04-24,ligue1,2021,10313,Bordeaux,Nantes,0,302948,Jean Onana,CM-R,1,1.0,8,3.0,0.0,0.0,1.0,0.0,0.0,0.0,,0.0,0.0,0.0,0.0,1.0,0.0
609193,2022-04-24,ligue1,2021,10313,Bordeaux,Nantes,0,258971,Javairô Dilrosun,AM,1,1.0,21,0.0,2.0,1.0,4.0,0.0,0.0,0.0,,0.0,1.0,0.0,1.0,3.0,0.0
609193,2022-04-24,ligue1,2021,10313,Bordeaux,Nantes,0,259871,Ricardo Mangas,LM,1,1.0,12,0.0,1.0,0.0,4.0,0.0,1.0,0.0,,0.0,1.0,0.0,0.0,2.0,0.0
609193,2022-04-24,ligue1,2021,10313,Bordeaux,Nantes,0,223946,Enock Kwateng,RM,1,1.0,25,1.0,0.0,0.0,3.0,0.0,0.0,0.0,,0.0,1.0,0.0,1.0,1.0,0.0
609193,2022-04-24,ligue1,2021,10313,Bordeaux,Nantes,0,119868,M'Baye Niang,CF-L,1,1.0,10,4.0,4.0,1.0,1.0,0.0,0.0,0.0,,0.0,1.0,0.0,1.0,2.0,0.0
609193,2022-04-24,ligue1,2021,10313,Bordeaux,Nantes,0,236628,Hwang Ui-Jo,CF-R,1,1.0,18,0.0,1.0,0.0,2.0,0.0,0.0,0.0,,0.0,0.0,0.0,0.0,2.0,0.0
609193,2022-04-24,ligue1,2021,10313,Bordeaux,Nantes,0,84893,Jimmy Briand,SUB,0,1.0,7,0.0,0.0,0.0,1.0,0.0,0.0,0.0,,0.0,0.0,1.0,0.0,0.0,0.0
609193,2022-04-24,ligue1,2021,10313,Bordeaux,Nantes,0,305797,Sékou Mara,SUB,0,1.0,11,0.0,1.0,0.0,3.0,0.0,0.0,0.0,,0.0,1.0,1.0,0.0,1.0,0.0
609193,2022-04-24,ligue1,2021,10313,Bordeaux,Nantes,0,198956,Fransérgio,SUB,0,0.0,13,0.0,0.0,0.0,0.0,0.0,0.0,0.0,,0.0,0.0,0.0,0.0,0.0,0.0
609193,2022-04-24,ligue1,2021,10313,Bordeaux,Nantes,0,272137,Thibault Klidje,SUB,0,1.0,33,1.0,2.0,0.0,2.0,0.0,0.0,0.0,,0.0,0.0,1.0,0.0,0.0,0.0
609193,2022-04-24,ligue1,2021,10313,Bordeaux,Nantes,0,238363,Rémi Oudin,SUB,0,1.0,28,0.0,0.0,0.0,1.0,0.0,0.0,0.0,,0.0,0.0,1.0,0.0,2.0,0.0
609193,2022-04-24,ligue1,2021,10313,Bordeaux,Nantes,0,265911,Yacine Adli,SUB,0,1.0,19,1.0,0.0,0.0,3.0,0.0,0.0,0.0,,0.0,1.0,1.0,0.0,1.0,0.0
609193,2022-04-24,ligue1,2021,10313,Bordeaux,Nantes,0,259711,Gaetan Poussin,SUB,0,0.0,16,0.0,0.0,0.0,0.0,,0.0,0.0,0.0,0.0,0.0,0.0,0.0,0.0,0.0
609193,2022-04-24,ligue1,2021,10313,Bordeaux,Nantes,0,86210,Paul Baysse,SUB,0,0.0,24,0.0,0.0,0.0,0.0,0.0,0.0,0.0,,0.0,0.0,0.0,0.0,0.0,0.0
609193,2022-04-24,ligue1,2021,10313,Bordeaux,Nantes,0,312171,Tom Lacoux,SUB,0,0.0,27,0.0,0.0,0.0,0.0,0.0,0.0,0.0,,0.0,0.0,0.0,0.0,0.0,0.0
609194,2022-04-24,ligue1,2021,10313,Metz,Brest,1,104028,Alexandre Oukidja,G,1,1.0,16,0.0,0.0,0.0,1.0,,0.0,1.0,0.0,15.0,0.0,0.0,0.0,0.0,0.0
609194,2022-04-24,ligue1,2021,10313,Metz,Brest,1,263282,Boubakar Kiki Kouyate,CD,1,1.0,23,3.0,2.0,0.0,1.0,0.0,0.0,0.0,,0.0,0.0,0.0,0.0,3.0,1.0
609194,2022-04-24,ligue1,2021,10313,Metz,Brest,1,187396,Jemerson,CD-L,1,1.0,5,3.0,2.0,0.0,1.0,0.0,0.0,1.0,,0.0,0.0,0.0,0.0,0.0,1.0
609194,2022-04-24,ligue1,2021,10313,Metz,Brest,1,325989,Amadou Salif Mbengue,CD-R,1,1.0,33,1.0,1.0,0.0,1.0,0.0,0.0,0.0,,0.0,0.0,0.0,0.0,1.0,0.0
609194,2022-04-24,ligue1,2021,10313,Metz,Brest,1,297337,Pape Matar Sarr,CM-L,1,1.0,15,0.0,1.0,0.0,1.0,0.0,0.0,0.0,,0.0,0.0,0.0,0.0,0.0,0.0
609194,2022-04-24,ligue1,2021,10313,Metz,Brest,1,228736,Kevin N'Doram,CM-R,1,1.0,6,2.0,0.0,0.0,1.0,0.0,0.0,0.0,,0.0,0.0,0.0,0.0,0.0,1.0
609194,2022-04-24,ligue1,2021,10313,Metz,Brest,1,228563,Boubacar Traoré,AM,1,1.0,8,2.0,0.0,0.0,1.0,0.0,0.0,0.0,,0.0,0.0,0.0,0.0,3.0,0.0
609194,2022-04-24,ligue1,2021,10313,Metz,Brest,1,158498,Thomas Delaine,LM,1,1.0,17,0.0,0.0,0.0,1.0,0.0,0.0,0.0,,0.0,0.0,0.0,0.0,1.0,1.0
609194,2022-04-24,ligue1,2021,10313,Metz,Brest,1,313897,William Mikelbrencis,RM,1,1.0,25,0.0,0.0,0.0,1.0,0.0,0.0,0.0,,0.0,0.0,0.0,0.0,0.0,0.0
609194,2022-04-24,ligue1,2021,10313,Metz,Brest,1,238394,Didier Lamkel Ze,CF-L,1,1.0,22,1.0,2.0,0.0,1.0,0.0,0.0,0.0,,0.0,0.0,0.0,0.0,1.0,0.0
609194,2022-04-24,ligue1,2021,10313,Metz,Brest,1,138559,Nicolas de Préville,CF-R,1,1.0,9,2.0,3.0,0.0,1.0,0.0,0.0,0.0,,0.0,0.0,0.0,0.0,0.0,0.0
609194,2022-04-24,ligue1,2021,10313,Metz,Brest,1,301093,Lenny Joseph,SUB,0,1.0,24,0.0,1.0,0.0,0.0,0.0,0.0,0.0,,0.0,0.0,1.0,0.0,0.0,0.0
609194,2022-04-24,ligue1,2021,10313,Metz,Brest,1,172966,Farid Boulaya,SUB,0,0.0,10,0.0,0.0,0.0,0.0,0.0,0.0,0.0,,0.0,0.0,0.0,0.0,0.0,0.0
609194,2022-04-24,ligue1,2021,10313,Metz,Brest,1,255249,Sikou Niakate,SUB,0,0.0,4,0.0,0.0,0.0,0.0,0.0,0.0,0.0,,0.0,0.0,0.0,0.0,0.0,0.0
609194,2022-04-24,ligue1,2021,10313,Metz,Brest,1,268720,Louis Mafouta,SUB,0,0.0,34,0.0,0.0,0.0,0.0,0.0,0.0,0.0,,0.0,0.0,0.0,0.0,0.0,0.0
609194,2022-04-24,ligue1,2021,10313,Metz,Brest,1,150282,Vincent Pajot,SUB,0,1.0,14,0.0,0.0,0.0,0.0,0.0,0.0,0.0,,0.0,0.0,1.0,0.0,1.0,0.0
609194,2022-04-24,ligue1,2021,10313,Metz,Brest,1,256685,Ibrahima Niane,SUB,0,1.0,7,1.0,3.0,0.0,0.0,0.0,0.0,0.0,,0.0,0.0,1.0,0.0,0.0,0.0
609194,2022-04-24,ligue1,2021,10313,Metz,Brest,1,291431,Papa Ndiaga Yade,SUB,0,0.0,26,0.0,0.0,0.0,0.0,0.0,0.0,0.0,,0.0,0.0,0.0,0.0,0.0,0.0
609194,2022-04-24,ligue1,2021,10313,Metz,Brest,1,223339,Fabien Centonze,SUB,0,1.0,18,0.0,2.0,0.0,0.0,0.0,0.0,0.0,,0.0,0.0,1.0,0.0,0.0,0.0
609194,2022-04-24,ligue1,2021,10313,Metz,Brest,1,167905,Marc-Aurele Caillard,SUB,0,1.0,30,0.0,0.0,0.0,0.0,,0.0,0.0,0.0,0.0,0.0,1.0,0.0,0.0,0.0
609189,2022-04-30,ligue1,2021,10313,Saint-Étienne,Stade Rennais,0,214201,Paul Bernardoni,G,1,1.0,50,0.0,0.0,0.0,2.0,,0.0,0.0,0.0,11.0,0.0,0.0,0.0,0.0,0.0
609189,2022-04-30,ligue1,2021,10313,Saint-Étienne,Stade Rennais,0,218951,Harold Moukoudi,CD,1,1.0,2,2.0,0.0,0.0,2.0,0.0,0.0,0.0,,0.0,0.0,0.0,0.0,0.0,0.0
609189,2022-04-30,ligue1,2021,10313,Saint-Étienne,Stade Rennais,0,251557,Mickael Nade,CD-L,1,1.0,3,1.0,1.0,0.0,2.0,0.0,0.0,0.0,,0.0,0.0,0.0,0.0,0.0,1.0
609189,2022-04-30,ligue1,2021,10313,Saint-Étienne,Stade Rennais,0,127479,Eliaquim Mangala,CD-R,1,1.0,22,2.0,2.0,0.0,2.0,0.0,0.0,0.0,,0.0,0.0,0.0,0.0,0.0,0.0
609189,2022-04-30,ligue1,2021,10313,Saint-Étienne,Stade Rennais,0,156342,Miguel Trauco,LB,1,1.0,13,1.0,0.0,0.0,1.0,0.0,0.0,0.0,,0.0,0.0,0.0,0.0,0.0,1.0
609189,2022-04-30,ligue1,2021,10313,Saint-Étienne,Stade Rennais,0,302488,Yvann Maçon,RB,1,1.0,27,3.0,0.0,0.0,2.0,0.0,0.0,0.0,,0.0,0.0,0.0,0.0,1.0,1.0
609189,2022-04-30,ligue1,2021,10313,Saint-Étienne,Stade Rennais,0,303338,Lucas Gourna-Douath,CM-L,1,1.0,6,1.0,1.0,0.0,1.0,0.0,0.0,0.0,,0.0,0.0,0.0,0.0,0.0,1.0
609189,2022-04-30,ligue1,2021,10313,Saint-Étienne,Stade Rennais,0,268966,Mahdi Camara,CM-R,1,1.0,8,2.0,2.0,0.0,2.0,0.0,0.0,0.0,,0.0,1.0,0.0,0.0,1.0,0.0
609189,2022-04-30,ligue1,2021,10313,Saint-Étienne,Stade Rennais,0,290166,Adil Aouchiche,LM,1,1.0,17,1.0,1.0,0.0,1.0,0.0,0.0,0.0,,0.0,1.0,0.0,0.0,1.0,0.0
609189,2022-04-30,ligue1,2021,10313,Saint-Étienne,Stade Rennais,0,213304,Denis Bouanga,RM,1,1.0,20,1.0,2.0,0.0,2.0,0.0,0.0,0.0,,0.0,0.0,0.0,0.0,2.0,0.0
609189,2022-04-30,ligue1,2021,10313,Saint-Étienne,Stade Rennais,0,242738,Arnaud Nordin,F,1,1.0,18,0.0,0.0,0.0,1.0,0.0,0.0,0.0,,0.0,1.0,0.0,0.0,1.0,0.0
609189,2022-04-30,ligue1,2021,10313,Saint-Étienne,Stade Rennais,0,291400,Etienne Green,SUB,0,0.0,40,0.0,0.0,0.0,0.0,,0.0,0.0,0.0,0.0,0.0,0.0,0.0,0.0,0.0
609189,2022-04-30,ligue1,2021,10313,Saint-Étienne,Stade Rennais,0,214305,Assane Dioussé,SUB,0,0.0,25,0.0,0.0,0.0,0.0,0.0,0.0,0.0,,0.0,0.0,0.0,0.0,0.0,0.0
609189,2022-04-30,ligue1,2021,10313,Saint-Étienne,Stade Rennais,0,132946,Gabriel Silva,SUB,0,1.0,11,0.0,0.0,0.0,0.0,0.0,0.0,0.0,,0.0,0.0,1.0,0.0,0.0,0.0
609189,2022-04-30,ligue1,2021,10313,Saint-Étienne,Stade Rennais,0,252477,Yvan Neyou,SUB,0,1.0,19,0.0,1.0,0.0,1.0,0.0,0.0,0.0,,0.0,0.0,1.0,0.0,0.0,0.0
609189,2022-04-30,ligue1,2021,10313,Saint-Étienne,Stade Rennais,0,127572,Timothée Kolodziejczak,SUB,0,0.0,5,0.0,0.0,0.0,0.0,0.0,0.0,0.0,,0.0,0.0,0.0,0.0,0.0,0.0
609189,2022-04-30,ligue1,2021,10313,Saint-Étienne,Stade Rennais,0,250566,Zaydou Youssef,SUB,0,1.0,28,0.0,1.0,0.0,1.0,0.0,0.0,0.0,,0.0,0.0,1.0,0.0,0.0,0.0
609189,2022-04-30,ligue1,2021,10313,Saint-Étienne,Stade Rennais,0,215451,Sada Thioub,SUB,0,1.0,9,0.0,0.0,0.0,1.0,0.0,0.0,0.0,,0.0,0.0,1.0,0.0,0.0,0.0
609189,2022-04-30,ligue1,2021,10313,Saint-Étienne,Stade Rennais,0,121993,Bakary Sako,SUB,0,1.0,26,1.0,0.0,0.0,1.0,0.0,0.0,0.0,,0.0,0.0,1.0,0.0,1.0,0.0
609189,2022-04-30,ligue1,2021,10313,Saint-Étienne,Stade Rennais,0,306558,Saïdou Sow,SUB,0,0.0,4,0.0,0.0,0.0,0.0,0.0,0.0,0.0,,0.0,0.0,0.0,0.0,0.0,0.0
609185,2022-05-01,ligue1,2021,10313,Metz,Montpellier,0,167905,Marc-Aurele Caillard,G,1,1.0,30,0.0,0.0,0.0,2.0,,0.0,0.0,0.0,17.0,0.0,0.0,0.0,0.0,0.0
609185,2022-05-01,ligue1,2021,10313,Metz,Montpellier,0,263282,Boubakar Kiki Kouyate,CD,1,1.0,23,2.0,1.0,0.0,2.0,0.0,0.0,0.0,,0.0,0.0,0.0,0.0,0.0,0.0
609185,2022-05-01,ligue1,2021,10313,Metz,Montpellier,0,255249,Sikou Niakate,CD-L,1,1.0,4,1.0,0.0,0.0,1.0,0.0,0.0,0.0,,0.0,1.0,0.0,0.0,1.0,0.0
609185,2022-05-01,ligue1,2021,10313,Metz,Montpellier,0,300971,Lenny Lacroix,CD-R,1,1.0,29,0.0,0.0,0.0,2.0,0.0,0.0,0.0,,0.0,0.0,0.0,0.0,0.0,0.0
609185,2022-05-01,ligue1,2021,10313,Metz,Montpellier,0,297337,Pape Matar Sarr,CM-L,1,1.0,15,1.0,0.0,0.0,2.0,0.0,0.0,0.0,,0.0,0.0,0.0,0.0,3.0,1.0
609185,2022-05-01,ligue1,2021,10313,Metz,Montpellier,0,228563,Boubacar Traoré,CM-R,1,1.0,8,3.0,0.0,1.0,2.0,0.0,0.0,0.0,,0.0,1.0,0.0,0.0,3.0,0.0
609185,2022-05-01,ligue1,2021,10313,Metz,Montpellier,0,150282,Vincent Pajot,AM,1,1.0,14,2.0,1.0,0.0,2.0,0.0,0.0,0.0,,0.0,0.0,0.0,0.0,0.0,1.0
609185,2022-05-01,ligue1,2021,10313,Metz,Montpellier,0,158498,Thomas Delaine,LM,1,1.0,17,0.0,0.0,0.0,2.0,0.0,0.0,0.0,,0.0,1.0,0.0,1.0,2.0,0.0
609185,2022-05-01,ligue1,2021,10313,Metz,Montpellier,0,223339,Fabien Centonze,RM,1,1.0,18,0.0,0.0,0.0,0.0,0.0,0.0,0.0,,0.0,0.0,0.0,0.0,0.0,0.0
609185,2022-05-01,ligue1,2021,10313,Metz,Montpellier,0,238394,Didier Lamkel Ze,CF-L,1,1.0,22,0.0,3.0,0.0,0.0,0.0,0.0,0.0,,0.0,0.0,0.0,0.0,2.0,1.0
609185,2022-05-01,ligue1,2021,10313,Metz,Montpellier,0,138559,Nicolas de Préville,CF-R,1,1.0,9,0.0,3.0,0.0,0.0,0.0,0.0,0.0,,0.0,1.0,0.0,0.0,2.0,0.0
609185,2022-05-01,ligue1,2021,10313,Metz,Montpellier,0,268720,Louis Mafouta,SUB,0,1.0,34,3.0,0.0,0.0,2.0,0.0,0.0,0.0,,0.0,1.0,1.0,1.0,1.0,0.0
609185,2022-05-01,ligue1,2021,10313,Metz,Montpellier,0,256685,Ibrahima Niane,SUB,0,0.0,7,0.0,0.0,0.0,0.0,0.0,0.0,0.0,,0.0,0.0,0.0,0.0,0.0,0.0
609185,2022-05-01,ligue1,2021,10313,Metz,Montpellier,0,177223,Opa Nguette,SUB,0,1.0,11,0.0,1.0,0.0,2.0,0.0,0.0,0.0,,0.0,0.0,1.0,0.0,2.0,0.0
609185,2022-05-01,ligue1,2021,10313,Metz,Montpellier,0,301093,Lenny Joseph,SUB,0,0.0,24,0.0,0.0,0.0,0.0,0.0,0.0,0.0,,0.0,0.0,0.0,0.0,0.0,0.0
609185,2022-05-01,ligue1,2021,10313,Metz,Montpellier,0,172966,Farid Boulaya,SUB,0,0.0,10,0.0,0.0,0.0,0.0,0.0,0.0,0.0,,0.0,0.0,0.0,0.0,0.0,0.0
609185,2022-05-01,ligue1,2021,10313,Metz,Montpellier,0,228736,Kevin N'Doram,SUB,0,1.0,6,0.0,0.0,0.0,1.0,0.0,0.0,0.0,,0.0,0.0,1.0,0.0,0.0,0.0
609185,2022-05-01,ligue1,2021,10313,Metz,Montpellier,0,333939,Danley Jean Jacques,SUB,0,0.0,31,0.0,0.0,0.0,0.0,0.0,0.0,0.0,,0.0,0.0,0.0,0.0,0.0,0.0
609185,2022-05-01,ligue1,2021,10313,Metz,Montpellier,0,297350,Ousmane Ba,SUB,0,0.0,40,0.0,0.0,0.0,0.0,,0.0,0.0,0.0,0.0,0.0,0.0,0.0,0.0,0.0
609185,2022-05-01,ligue1,2021,10313,Metz,Montpellier,0,313897,William Mikelbrencis,SUB,0,1.0,25,1.0,0.0,1.0,2.0,0.0,0.0,0.0,,0.0,0.0,1.0,0.0,0.0,0.0
609187,2022-05-01,ligue1,2021,10313,Bordeaux,Nice,1,101360,Benoit Costil,G,1,1.0,1,0.0,0.0,0.0,1.0,,0.0,0.0,0.0,13.0,0.0,0.0,0.0,0.0,0.0
609187,2022-05-01,ligue1,2021,10313,Bordeaux,Nice,1,126764,Marcelo,CD,1,1.0,15,1.0,1.0,0.0,1.0,0.0,0.0,0.0,,0.0,0.0,0.0,0.0,0.0,1.0
609187,2022-05-01,ligue1,2021,10313,Bordeaux,Nice,1,245857,Anel Ahmedhodzic,CD-L,1,1.0,5,2.0,0.0,0.0,1.0,0.0,0.0,0.0,,0.0,0.0,0.0,0.0,0.0,0.0
609187,2022-05-01,ligue1,2021,10313,Bordeaux,Nice,1,130113,Josuha Guilavogui,CD-R,1,1.0,23,1.0,1.0,0.0,1.0,0.0,0.0,0.0,,0.0,0.0,0.0,0.0,0.0,0.0
609187,2022-05-01,ligue1,2021,10313,Bordeaux,Nice,1,265911,Yacine Adli,CM-L,1,1.0,19,1.0,1.0,0.0,1.0,1.0,0.0,0.0,,0.0,0.0,0.0,0.0,0.0,0.0
609187,2022-05-01,ligue1,2021,10313,Bordeaux,Nice,1,302948,Jean Onana,CM-R,1,1.0,8,1.0,2.0,0.0,1.0,0.0,0.0,0.0,,0.0,0.0,0.0,0.0,1.0,0.0
609187,2022-05-01,ligue1,2021,10313,Bordeaux,Nice,1,258971,Javairô Dilrosun,AM,1,1.0,21,0.0,1.0,0.0,0.0,0.0,0.0,0.0,,0.0,0.0,0.0,0.0,1.0,0.0
609187,2022-05-01,ligue1,2021,10313,Bordeaux,Nice,1,264484,Gideon Mensah,LM,1,1.0,14,1.0,1.0,0.0,1.0,3.0,0.0,0.0,,0.0,0.0,0.0,0.0,0.0,0.0
609187,2022-05-01,ligue1,2021,10313,Bordeaux,Nice,1,312171,Tom Lacoux,RM,1,1.0,27,0.0,1.0,0.0,1.0,0.0,0.0,0.0,,0.0,0.0,0.0,0.0,1.0,0.0
609187,2022-05-01,ligue1,2021,10313,Bordeaux,Nice,1,236628,Hwang Ui-Jo,CF-L,1,1.0,18,0.0,1.0,0.0,1.0,0.0,0.0,0.0,,0.0,0.0,0.0,0.0,0.0,0.0
609187,2022-05-01,ligue1,2021,10313,Bordeaux,Nice,1,119868,M'Baye Niang,CF-R,1,1.0,10,0.0,2.0,0.0,0.0,0.0,0.0,0.0,,0.0,0.0,0.0,0.0,1.0,0.0
609187,2022-05-01,ligue1,2021,10313,Bordeaux,Nice,1,84893,Jimmy Briand,SUB,0,1.0,7,0.0,0.0,0.0,0.0,0.0,0.0,0.0,,0.0,0.0,1.0,0.0,0.0,0.0
609187,2022-05-01,ligue1,2021,10313,Bordeaux,Nice,1,272137,Thibault Klidje,SUB,0,1.0,33,1.0,0.0,0.0,0.0,0.0,0.0,0.0,,0.0,0.0,1.0,0.0,1.0,0.0
609187,2022-05-01,ligue1,2021,10313,Bordeaux,Nice,1,86210,Paul Baysse,SUB,0,0.0,24,0.0,0.0,0.0,0.0,0.0,0.0,0.0,,0.0,0.0,0.0,0.0,0.0,0.0
609187,2022-05-01,ligue1,2021,10313,Bordeaux,Nice,1,198956,Fransérgio,SUB,0,1.0,13,0.0,0.0,0.0,0.0,0.0,0.0,0.0,,0.0,0.0,1.0,0.0,0.0,0.0
609187,2022-05-01,ligue1,2021,10313,Bordeaux,Nice,1,289708,Abdel Medioub,SUB,0,0.0,3,0.0,0.0,0.0,0.0,0.0,0.0,0.0,,0.0,0.0,0.0,0.0,0.0,0.0
609187,2022-05-01,ligue1,2021,10313,Bordeaux,Nice,1,238363,Rémi Oudin,SUB,0,1.0,28,0.0,0.0,0.0,1.0,0.0,0.0,0.0,,0.0,0.0,1.0,0.0,0.0,0.0
609187,2022-05-01,ligue1,2021,10313,Bordeaux,Nice,1,305797,Sékou Mara,SUB,0,1.0,11,0.0,0.0,0.0,1.0,0.0,0.0,0.0,,0.0,0.0,1.0,0.0,0.0,0.0
609187,2022-05-01,ligue1,2021,10313,Bordeaux,Nice,1,259711,Gaetan Poussin,SUB,0,0.0,16,0.0,0.0,0.0,0.0,,0.0,0.0,0.0,0.0,0.0,0.0,0.0,0.0,0.0
609187,2022-05-01,ligue1,2021,10313,Bordeaux,Nice,1,340583,Junior Mwanga,SUB,0,0.0,34,0.0,0.0,0.0,0.0,0.0,0.0,0.0,,0.0,0.0,0.0,0.0,0.0,0.0
609172,2022-05-08,ligue1,2021,10313,Bordeaux,Angers,0,101360,Benoit Costil,G,1,1.0,1,0.0,0.0,0.0,4.0,,0.0,0.0,0.0,8.0,0.0,0.0,0.0,0.0,0.0
609172,2022-05-08,ligue1,2021,10313,Bordeaux,Angers,0,126764,Marcelo,CD,1,1.0,15,1.0,0.0,0.0,2.0,0.0,0.0,0.0,,0.0,0.0,0.0,0.0,0.0,0.0
609172,2022-05-08,ligue1,2021,10313,Bordeaux,Angers,0,245857,Anel Ahmedhodzic,CD-L,1,1.0,5,3.0,1.0,0.0,4.0,0.0,0.0,0.0,,0.0,0.0,0.0,0.0,0.0,1.0
609172,2022-05-08,ligue1,2021,10313,Bordeaux,Angers,0,130113,Josuha Guilavogui,CD-R,1,1.0,23,1.0,1.0,0.0,4.0,0.0,0.0,0.0,,0.0,0.0,0.0,0.0,1.0,1.0
609172,2022-05-08,ligue1,2021,10313,Bordeaux,Angers,0,198956,Fransérgio,CM-L,1,1.0,13,3.0,1.0,0.0,4.0,2.0,0.0,0.0,,0.0,0.0,0.0,0.0,1.0,1.0
609172,2022-05-08,ligue1,2021,10313,Bordeaux,Angers,0,302948,Jean Onana,CM-R,1,1.0,8,2.0,2.0,0.0,3.0,0.0,0.0,0.0,,0.0,0.0,0.0,0.0,0.0,0.0
609172,2022-05-08,ligue1,2021,10313,Bordeaux,Angers,0,258971,Javairô Dilrosun,AM,1,1.0,21,1.0,3.0,1.0,4.0,0.0,0.0,0.0,,0.0,0.0,0.0,0.0,0.0,1.0
609172,2022-05-08,ligue1,2021,10313,Bordeaux,Angers,0,259871,Ricardo Mangas,LM,1,1.0,12,0.0,1.0,0.0,4.0,1.0,0.0,0.0,,0.0,0.0,0.0,0.0,1.0,0.0
609172,2022-05-08,ligue1,2021,10313,Bordeaux,Angers,0,264484,Gideon Mensah,RM,1,1.0,14,1.0,0.0,0.0,2.0,1.0,0.0,0.0,,0.0,0.0,0.0,0.0,0.0,0.0
609172,2022-05-08,ligue1,2021,10313,Bordeaux,Angers,0,238363,Rémi Oudin,CF-L,1,1.0,28,0.0,0.0,0.0,2.0,0.0,0.0,0.0,,0.0,1.0,0.0,0.0,1.0,0.0
609172,2022-05-08,ligue1,2021,10313,Bordeaux,Angers,0,119868,M'Baye Niang,CF-R,1,1.0,10,0.0,0.0,0.0,3.0,0.0,0.0,0.0,,0.0,0.0,0.0,0.0,1.0,0.0
609172,2022-05-08,ligue1,2021,10313,Bordeaux,Angers,0,312171,Tom Lacoux,SUB,0,0.0,27,0.0,0.0,0.0,0.0,0.0,0.0,0.0,,0.0,0.0,0.0,0.0,0.0,0.0
609172,2022-05-08,ligue1,2021,10313,Bordeaux,Angers,0,223946,Enock Kwateng,SUB,0,1.0,25,1.0,0.0,0.0,2.0,0.0,0.0,0.0,,0.0,0.0,1.0,0.0,0.0,0.0
609172,2022-05-08,ligue1,2021,10313,Bordeaux,Angers,0,265911,Yacine Adli,SUB,0,1.0,19,2.0,1.0,0.0,1.0,0.0,0.0,0.0,,0.0,0.0,1.0,0.0,0.0,0.0
609172,2022-05-08,ligue1,2021,10313,Bordeaux,Angers,0,297157,Dilane Bakwa,SUB,0,1.0,32,2.0,1.0,0.0,1.0,0.0,0.0,0.0,,0.0,1.0,1.0,0.0,1.0,0.0
609172,2022-05-08,ligue1,2021,10313,Bordeaux,Angers,0,259711,Gaetan Poussin,SUB,0,0.0,16,0.0,0.0,0.0,0.0,,0.0,0.0,0.0,0.0,0.0,0.0,0.0,0.0,0.0
609172,2022-05-08,ligue1,2021,10313,Bordeaux,Angers,0,86210,Paul Baysse,SUB,0,0.0,24,0.0,0.0,0.0,0.0,0.0,0.0,0.0,,0.0,0.0,0.0,0.0,0.0,0.0
609172,2022-05-08,ligue1,2021,10313,Bordeaux,Angers,0,84893,Jimmy Briand,SUB,0,0.0,7,0.0,0.0,0.0,0.0,0.0,0.0,0.0,,0.0,0.0,0.0,0.0,0.0,0.0
609172,2022-05-08,ligue1,2021,10313,Bordeaux,Angers,0,236628,Hwang Ui-Jo,SUB,0,1.0,18,0.0,1.0,0.0,2.0,0.0,0.0,0.0,,0.0,0.0,1.0,0.0,0.0,0.0
609172,2022-05-08,ligue1,2021,10313,Bordeaux,Angers,0,305797,Sékou Mara,SUB,0,1.0,11,1.0,1.0,0.0,2.0,0.0,0.0,0.0,,0.0,1.0,1.0,1.0,1.0,1.0
609174,2022-05-08,ligue1,2021,10313,Metz,Lyon,1,167905,Marc-Aurele Caillard,G,1,1.0,30,0.0,0.0,0.0,2.0,,0.0,0.0,0.0,15.0,0.0,0.0,0.0,0.0,0.0
609174,2022-05-08,ligue1,2021,10313,Metz,Lyon,1,263282,Boubakar Kiki Kouyate,CD,1,1.0,23,2.0,0.0,0.0,2.0,0.0,0.0,0.0,,0.0,2.0,0.0,0.0,2.0,0.0
609174,2022-05-08,ligue1,2021,10313,Metz,Lyon,1,255249,Sikou Niakate,CD-L,1,1.0,4,3.0,0.0,0.0,2.0,0.0,0.0,0.0,,0.0,0.0,0.0,0.0,0.0,1.0
609174,2022-05-08,ligue1,2021,10313,Metz,Lyon,1,300971,Lenny Lacroix,CD-R,1,1.0,29,0.0,0.0,1.0,1.0,0.0,0.0,0.0,,0.0,0.0,0.0,0.0,2.0,0.0
609174,2022-05-08,ligue1,2021,10313,Metz,Lyon,1,297337,Pape Matar Sarr,CM-L,1,1.0,15,0.0,0.0,1.0,1.0,0.0,0.0,0.0,,0.0,0.0,0.0,0.0,0.0,0.0
609174,2022-05-08,ligue1,2021,10313,Metz,Lyon,1,150282,Vincent Pajot,CM-R,1,1.0,14,0.0,1.0,0.0,1.0,0.0,0.0,0.0,,0.0,1.0,0.0,1.0,3.0,0.0
609174,2022-05-08,ligue1,2021,10313,Metz,Lyon,1,228563,Boubacar Traoré,AM,1,1.0,8,5.0,2.0,0.0,2.0,0.0,0.0,0.0,,0.0,0.0,0.0,0.0,2.0,1.0
609174,2022-05-08,ligue1,2021,10313,Metz,Lyon,1,158498,Thomas Delaine,LM,1,1.0,17,0.0,0.0,0.0,1.0,1.0,0.0,0.0,,0.0,0.0,0.0,0.0,0.0,0.0
609174,2022-05-08,ligue1,2021,10313,Metz,Lyon,1,313897,William Mikelbrencis,RM,1,1.0,25,3.0,0.0,0.0,1.0,0.0,0.0,0.0,,0.0,0.0,0.0,0.0,0.0,0.0
609174,2022-05-08,ligue1,2021,10313,Metz,Lyon,1,138559,Nicolas de Préville,CF-L,1,1.0,9,4.0,0.0,0.0,2.0,0.0,0.0,0.0,,0.0,1.0,0.0,0.0,2.0,1.0
609174,2022-05-08,ligue1,2021,10313,Metz,Lyon,1,238394,Didier Lamkel Ze,CF-R,1,1.0,22,0.0,3.0,0.0,2.0,1.0,0.0,0.0,,0.0,2.0,0.0,1.0,2.0,0.0
609174,2022-05-08,ligue1,2021,10313,Metz,Lyon,1,240371,Dylan Bronn,SUB,0,1.0,2,0.0,0.0,0.0,1.0,0.0,0.0,0.0,,0.0,0.0,1.0,0.0,0.0,0.0
609174,2022-05-08,ligue1,2021,10313,Metz,Lyon,1,256685,Ibrahima Niane,SUB,0,0.0,7,0.0,0.0,0.0,0.0,0.0,0.0,0.0,,0.0,0.0,0.0,0.0,0.0,0.0
609174,2022-05-08,ligue1,2021,10313,Metz,Lyon,1,228736,Kevin N'Doram,SUB,0,1.0,6,1.0,1.0,0.0,1.0,0.0,0.0,0.0,,0.0,0.0,1.0,0.0,1.0,0.0
609174,2022-05-08,ligue1,2021,10313,Metz,Lyon,1,291431,Papa Ndiaga Yade,SUB,0,1.0,26,0.0,1.0,1.0,1.0,0.0,0.0,0.0,,0.0,0.0,1.0,0.0,0.0,0.0
609174,2022-05-08,ligue1,2021,10313,Metz,Lyon,1,268720,Louis Mafouta,SUB,0,0.0,34,0.0,0.0,0.0,0.0,0.0,0.0,0.0,,0.0,0.0,0.0,0.0,0.0,0.0
609174,2022-05-08,ligue1,2021,10313,Metz,Lyon,1,177223,Opa Nguette,SUB,0,0.0,11,0.0,0.0,0.0,0.0,0.0,0.0,0.0,,0.0,0.0,0.0,0.0,0.0,0.0
609174,2022-05-08,ligue1,2021,10313,Metz,Lyon,1,172966,Farid Boulaya,SUB,0,1.0,10,0.0,0.0,0.0,1.0,0.0,0.0,0.0,,0.0,1.0,1.0,1.0,1.0,0.0
609174,2022-05-08,ligue1,2021,10313,Metz,Lyon,1,112485,Jean-Armel Kana-Biyik,SUB,0,1.0,27,0.0,0.0,0.0,1.0,0.0,0.0,0.0,,0.0,0.0,1.0,0.0,0.0,0.0
609174,2022-05-08,ligue1,2021,10313,Metz,Lyon,1,297350,Ousmane Ba,SUB,0,0.0,40,0.0,0.0,0.0,0.0,,0.0,0.0,0.0,0.0,0.0,0.0,0.0,0.0,0.0
609177,2022-05-11,ligue1,2021,10313,Saint-Étienne,Nice,0,214201,Paul Bernardoni,G,1,1.0,50,0.0,0.0,0.0,4.0,,0.0,0.0,0.0,10.0,0.0,0.0,0.0,0.0,0.0
609177,2022-05-11,ligue1,2021,10313,Saint-Étienne,Nice,0,218951,Harold Moukoudi,CD,1,1.0,2,1.0,0.0,0.0,4.0,0.0,0.0,0.0,,0.0,0.0,0.0,0.0,0.0,1.0
609177,2022-05-11,ligue1,2021,10313,Saint-Étienne,Nice,0,127479,Eliaquim Mangala,CD-L,1,1.0,22,5.0,1.0,0.0,4.0,0.0,0.0,0.0,,0.0,0.0,0.0,0.0,1.0,1.0
609177,2022-05-11,ligue1,2021,10313,Saint-Étienne,Nice,0,306558,Saïdou Sow,CD-R,1,1.0,4,1.0,1.0,0.0,4.0,0.0,0.0,0.0,,0.0,0.0,0.0,0.0,0.0,0.0
609177,2022-05-11,ligue1,2021,10313,Saint-Étienne,Nice,0,132946,Gabriel Silva,LB,1,1.0,11,1.0,3.0,0.0,4.0,0.0,0.0,0.0,,0.0,0.0,0.0,0.0,0.0,0.0
609177,2022-05-11,ligue1,2021,10313,Saint-Étienne,Nice,0,302488,Yvann Maçon,RB,1,1.0,27,1.0,0.0,0.0,3.0,0.0,0.0,0.0,,0.0,0.0,0.0,0.0,2.0,1.0
609177,2022-05-11,ligue1,2021,10313,Saint-Étienne,Nice,0,250566,Zaydou Youssef,CM-L,1,1.0,28,2.0,0.0,0.0,3.0,0.0,0.0,0.0,,0.0,1.0,0.0,1.0,1.0,0.0
609177,2022-05-11,ligue1,2021,10313,Saint-Étienne,Nice,0,268966,Mahdi Camara,CM-R,1,1.0,8,2.0,2.0,0.0,4.0,0.0,0.0,0.0,,0.0,0.0,0.0,0.0,0.0,0.0
609177,2022-05-11,ligue1,2021,10313,Saint-Étienne,Nice,0,213304,Denis Bouanga,LM,1,1.0,20,0.0,1.0,0.0,4.0,0.0,0.0,0.0,,0.0,3.0,0.0,1.0,3.0,0.0
609177,2022-05-11,ligue1,2021,10313,Saint-Étienne,Nice,0,242738,Arnaud Nordin,RM,1,1.0,18,0.0,1.0,0.0,3.0,0.0,0.0,0.0,,0.0,0.0,0.0,0.0,1.0,0.0
609177,2022-05-11,ligue1,2021,10313,Saint-Étienne,Nice,0,111320,Ryad Boudebouz,F,1,1.0,7,0.0,0.0,1.0,3.0,0.0,0.0,0.0,,0.0,0.0,0.0,0.0,0.0,0.0
609177,2022-05-11,ligue1,2021,10313,Saint-Étienne,Nice,0,215451,Sada Thioub,SUB,0,1.0,9,0.0,0.0,0.0,1.0,0.0,0.0,0.0,,0.0,0.0,1.0,0.0,1.0,0.0
609177,2022-05-11,ligue1,2021,10313,Saint-Étienne,Nice,0,290166,Adil Aouchiche,SUB,0,1.0,17,1.0,0.0,0.0,1.0,0.0,0.0,0.0,,0.0,1.0,1.0,0.0,1.0,0.0
609177,2022-05-11,ligue1,2021,10313,Saint-Étienne,Nice,0,291401,Aimen Moueffek,SUB,0,1.0,29,0.0,0.0,0.0,1.0,0.0,0.0,0.0,,0.0,0.0,1.0,0.0,0.0,0.0
609177,2022-05-11,ligue1,2021,10313,Saint-Étienne,Nice,0,291400,Etienne Green,SUB,0,0.0,40,0.0,0.0,0.0,0.0,,0.0,0.0,0.0,0.0,0.0,0.0,0.0,0.0,0.0
609177,2022-05-11,ligue1,2021,10313,Saint-Étienne,Nice,0,156342,Miguel Trauco,SUB,0,0.0,13,0.0,0.0,0.0,0.0,0.0,0.0,0.0,,0.0,0.0,0.0,0.0,0.0,0.0
609177,2022-05-11,ligue1,2021,10313,Saint-Étienne,Nice,0,137415,Romain Hamouma,SUB,0,1.0,21,0.0,0.0,0.0,0.0,0.0,0.0,0.0,,0.0,0.0,1.0,0.0,0.0,0.0
609177,2022-05-11,ligue1,2021,10313,Saint-Étienne,Nice,0,214305,Assane Dioussé,SUB,0,0.0,25,0.0,0.0,0.0,0.0,0.0,0.0,0.0,,0.0,0.0,0.0,0.0,0.0,0.0
609177,2022-05-11,ligue1,2021,10313,Saint-Étienne,Nice,0,251557,Mickael Nade,SUB,0,0.0,3,0.0,0.0,0.0,0.0,0.0,0.0,0.0,,0.0,0.0,0.0,0.0,0.0,0.0
609177,2022-05-11,ligue1,2021,10313,Saint-Étienne,Nice,0,199645,Enzo Crivelli,SUB,0,1.0,31,0.0,0.0,0.0,1.0,0.0,0.0,0.0,,0.0,0.0,1.0,0.0,1.0,0.0
609161,2022-05-14,ligue1,2021,10313,Metz,Angers,1,167905,Marc-Aurele Caillard,G,1,1.0,30,0.0,0.0,0.0,0.0,,0.0,0.0,0.0,11.0,0.0,0.0,0.0,0.0,0.0
609161,2022-05-14,ligue1,2021,10313,Metz,Angers,1,263282,Boubakar Kiki Kouyate,CD,1,1.0,23,0.0,1.0,0.0,0.0,1.0,0.0,0.0,,0.0,0.0,0.0,0.0,1.0,0.0
609161,2022-05-14,ligue1,2021,10313,Metz,Angers,1,255249,Sikou Niakate,CD-L,1,1.0,4,0.0,1.0,0.0,0.0,0.0,0.0,0.0,,0.0,0.0,0.0,0.0,0.0,0.0
609161,2022-05-14,ligue1,2021,10313,Metz,Angers,1,240371,Dylan Bronn,CD-R,1,1.0,2,2.0,1.0,0.0,0.0,0.0,0.0,0.0,,0.0,0.0,0.0,0.0,0.0,0.0
609161,2022-05-14,ligue1,2021,10313,Metz,Angers,1,228563,Boubacar Traoré,CM-L,1,1.0,8,3.0,2.0,1.0,0.0,1.0,0.0,0.0,,0.0,0.0,0.0,0.0,0.0,1.0
609161,2022-05-14,ligue1,2021,10313,Metz,Angers,1,297337,Pape Matar Sarr,CM-R,1,1.0,15,1.0,2.0,0.0,0.0,0.0,0.0,0.0,,0.0,0.0,0.0,0.0,1.0,0.0
609161,2022-05-14,ligue1,2021,10313,Metz,Angers,1,172966,Farid Boulaya,AM,1,1.0,10,1.0,2.0,0.0,0.0,0.0,0.0,0.0,,0.0,0.0,0.0,0.0,1.0,0.0
609161,2022-05-14,ligue1,2021,10313,Metz,Angers,1,287677,Fali Candé,LM,1,1.0,13,1.0,1.0,1.0,0.0,0.0,0.0,0.0,,0.0,0.0,0.0,0.0,0.0,1.0
609161,2022-05-14,ligue1,2021,10313,Metz,Angers,1,313897,William Mikelbrencis,RM,1,1.0,25,4.0,0.0,0.0,0.0,0.0,0.0,0.0,,0.0,0.0,0.0,0.0,1.0,0.0
609161,2022-05-14,ligue1,2021,10313,Metz,Angers,1,238394,Didier Lamkel Ze,CF-L,1,1.0,22,2.0,0.0,0.0,0.0,0.0,0.0,0.0,,0.0,2.0,0.0,1.0,2.0,0.0
609161,2022-05-14,ligue1,2021,10313,Metz,Angers,1,138559,Nicolas de Préville,CF-R,1,1.0,9,1.0,4.0,0.0,0.0,0.0,0.0,0.0,,0.0,0.0,0.0,0.0,1.0,0.0
609161,2022-05-14,ligue1,2021,10313,Metz,Angers,1,104028,Alexandre Oukidja,SUB,0,0.0,16,0.0,0.0,0.0,0.0,,0.0,0.0,0.0,0.0,0.0,0.0,0.0,0.0,0.0
609161,2022-05-14,ligue1,2021,10313,Metz,Angers,1,333939,Danley Jean Jacques,SUB,0,0.0,31,0.0,0.0,0.0,0.0,0.0,0.0,0.0,,0.0,0.0,0.0,0.0,0.0,0.0
609161,2022-05-14,ligue1,2021,10313,Metz,Angers,1,112485,Jean-Armel Kana-Biyik,SUB,0,1.0,27,0.0,0.0,0.0,0.0,0.0,0.0,0.0,,0.0,0.0,1.0,0.0,0.0,0.0
609161,2022-05-14,ligue1,2021,10313,Metz,Angers,1,256685,Ibrahima Niane,SUB,0,0.0,7,0.0,0.0,0.0,0.0,0.0,0.0,0.0,,0.0,0.0,0.0,0.0,0.0,0.0
609161,2022-05-14,ligue1,2021,10313,Metz,Angers,1,177223,Opa Nguette,SUB,0,0.0,11,0.0,0.0,0.0,0.0,0.0,0.0,0.0,,0.0,0.0,0.0,0.0,0.0,0.0
609161,2022-05-14,ligue1,2021,10313,Metz,Angers,1,158498,Thomas Delaine,SUB,0,1.0,17,1.0,1.0,0.0,0.0,0.0,0.0,0.0,,0.0,0.0,1.0,0.0,0.0,1.0
609161,2022-05-14,ligue1,2021,10313,Metz,Angers,1,300971,Lenny Lacroix,SUB,0,0.0,29,0.0,0.0,0.0,0.0,0.0,0.0,0.0,,0.0,0.0,0.0,0.0,0.0,0.0
609161,2022-05-14,ligue1,2021,10313,Metz,Angers,1,268720,Louis Mafouta,SUB,0,1.0,34,0.0,0.0,0.0,0.0,0.0,0.0,0.0,,0.0,0.0,1.0,0.0,0.0,0.0
609161,2022-05-14,ligue1,2021,10313,Metz,Angers,1,291431,Papa Ndiaga Yade,SUB,0,0.0,26,0.0,0.0,0.0,0.0,0.0,0.0,0.0,,0.0,0.0,0.0,0.0,0.0,0.0
609166,2022-05-14,ligue1,2021,10313,Bordeaux,Lorient,1,259711,Gaetan Poussin,G,1,1.0,16,0.0,0.0,0.0,0.0,,0.0,0.0,0.0,13.0,0.0,0.0,0.0,0.0,0.0
609166,2022-05-14,ligue1,2021,10313,Bordeaux,Lorient,1,126764,Marcelo,CD,1,1.0,15,0.0,0.0,0.0,0.0,0.0,0.0,0.0,,0.0,0.0,0.0,0.0,1.0,0.0
609166,2022-05-14,ligue1,2021,10313,Bordeaux,Lorient,1,245857,Anel Ahmedhodzic,CD-L,1,1.0,5,2.0,1.0,0.0,0.0,0.0,0.0,0.0,,0.0,0.0,0.0,0.0,0.0,1.0
609166,2022-05-14,ligue1,2021,10313,Bordeaux,Lorient,1,130113,Josuha Guilavogui,CD-R,1,1.0,23,1.0,0.0,0.0,0.0,0.0,0.0,0.0,,0.0,0.0,0.0,0.0,0.0,0.0
609166,2022-05-14,ligue1,2021,10313,Bordeaux,Lorient,1,198956,Fransérgio,CM-L,1,1.0,13,0.0,0.0,0.0,0.0,0.0,0.0,0.0,,0.0,0.0,0.0,0.0,0.0,1.0
609166,2022-05-14,ligue1,2021,10313,Bordeaux,Lorient,1,275396,Danylo Ignatenko,CM-R,1,1.0,6,1.0,2.0,0.0,0.0,0.0,0.0,0.0,,0.0,0.0,0.0,0.0,3.0,1.0
609166,2022-05-14,ligue1,2021,10313,Bordeaux,Lorient,1,258971,Javairô Dilrosun,AM,1,1.0,21,0.0,0.0,0.0,0.0,0.0,0.0,0.0,,0.0,0.0,0.0,0.0,1.0,0.0
609166,2022-05-14,ligue1,2021,10313,Bordeaux,Lorient,1,259871,Ricardo Mangas,LM,1,1.0,12,1.0,2.0,0.0,0.0,0.0,0.0,0.0,,0.0,0.0,0.0,0.0,0.0,0.0
609166,2022-05-14,ligue1,2021,10313,Bordeaux,Lorient,1,223946,Enock Kwateng,RM,1,1.0,25,0.0,0.0,0.0,0.0,0.0,0.0,0.0,,0.0,0.0,0.0,0.0,0.0,0.0
609166,2022-05-14,ligue1,2021,10313,Bordeaux,Lorient,1,236628,Hwang Ui-Jo,CF-L,1,1.0,18,0.0,0.0,0.0,0.0,0.0,0.0,0.0,,0.0,0.0,0.0,0.0,4.0,0.0
609166,2022-05-14,ligue1,2021,10313,Bordeaux,Lorient,1,305797,Sékou Mara,CF-R,1,1.0,11,3.0,4.0,0.0,0.0,0.0,0.0,0.0,,0.0,1.0,0.0,0.0,4.0,0.0
609166,2022-05-14,ligue1,2021,10313,Bordeaux,Lorient,1,86210,Paul Baysse,SUB,0,0.0,24,0.0,0.0,0.0,0.0,0.0,0.0,0.0,,0.0,0.0,0.0,0.0,0.0,0.0
609166,2022-05-14,ligue1,2021,10313,Bordeaux,Lorient,1,272137,Thibault Klidje,SUB,0,1.0,33,0.0,1.0,0.0,0.0,0.0,0.0,0.0,,0.0,0.0,1.0,0.0,0.0,0.0
609166,2022-05-14,ligue1,2021,10313,Bordeaux,Lorient,1,264484,Gideon Mensah,SUB,0,1.0,14,1.0,0.0,0.0,0.0,0.0,0.0,1.0,,0.0,0.0,1.0,0.0,0.0,0.0
609166,2022-05-14,ligue1,2021,10313,Bordeaux,Lorient,1,312171,Tom Lacoux,SUB,0,0.0,27,0.0,0.0,0.0,0.0,0.0,0.0,0.0,,0.0,0.0,0.0,0.0,0.0,0.0
609166,2022-05-14,ligue1,2021,10313,Bordeaux,Lorient,1,265911,Yacine Adli,SUB,0,0.0,19,0.0,0.0,0.0,0.0,0.0,0.0,0.0,,0.0,0.0,0.0,0.0,0.0,0.0
609166,2022-05-14,ligue1,2021,10313,Bordeaux,Lorient,1,297157,Dilane Bakwa,SUB,0,1.0,32,0.0,0.0,0.0,0.0,0.0,0.0,0.0,,0.0,0.0,1.0,0.0,0.0,0.0
609166,2022-05-14,ligue1,2021,10313,Bordeaux,Lorient,1,290829,Davy Rouyard,SUB,0,0.0,30,0.0,0.0,0.0,0.0,,0.0,0.0,0.0,0.0,0.0,0.0,0.0,0.0,0.0
609166,2022-05-14,ligue1,2021,10313,Bordeaux,Lorient,1,84893,Jimmy Briand,SUB,0,1.0,7,1.0,0.0,0.0,0.0,0.0,0.0,0.0,,0.0,0.0,1.0,0.0,0.0,0.0
609166,2022-05-14,ligue1,2021,10313,Bordeaux,Lorient,1,238363,Rémi Oudin,SUB,0,1.0,28,0.0,0.0,0.0,0.0,0.0,0.0,0.0,,0.0,0.0,1.0,0.0,1.0,1.0
609170,2022-05-14,ligue1,2021,10313,Saint-Étienne,Stade de Reims,1,214201,Paul Bernardoni,G,1,1.0,50,0.0,0.0,0.0,2.0,,0.0,0.0,0.0,15.0,0.0,0.0,0.0,0.0,0.0
609170,2022-05-14,ligue1,2021,10313,Saint-Étienne,Stade de Reims,1,127479,Eliaquim Mangala,CD,1,1.0,22,2.0,0.0,0.0,2.0,0.0,0.0,0.0,,0.0,1.0,0.0,1.0,1.0,1.0
609170,2022-05-14,ligue1,2021,10313,Saint-Étienne,Stade de Reims,1,251557,Mickael Nade,CD-L,1,1.0,3,2.0,0.0,0.0,2.0,0.0,0.0,0.0,,0.0,0.0,0.0,0.0,0.0,0.0
609170,2022-05-14,ligue1,2021,10313,Saint-Étienne,Stade de Reims,1,306558,Saïdou Sow,CD-R,1,1.0,4,0.0,0.0,0.0,2.0,0.0,0.0,0.0,,0.0,0.0,0.0,0.0,0.0,0.0
609170,2022-05-14,ligue1,2021,10313,Saint-Étienne,Stade de Reims,1,303338,Lucas Gourna-Douath,CM-L,1,1.0,6,0.0,1.0,0.0,2.0,0.0,0.0,0.0,,0.0,1.0,0.0,0.0,1.0,0.0
609170,2022-05-14,ligue1,2021,10313,Saint-Étienne,Stade de Reims,1,268966,Mahdi Camara,CM-R,1,1.0,8,1.0,2.0,0.0,2.0,0.0,0.0,0.0,,0.0,1.0,0.0,0.0,2.0,0.0
609170,2022-05-14,ligue1,2021,10313,Saint-Étienne,Stade de Reims,1,111320,Ryad Boudebouz,AM,1,1.0,7,0.0,1.0,0.0,2.0,0.0,0.0,0.0,,0.0,1.0,0.0,0.0,2.0,0.0
609170,2022-05-14,ligue1,2021,10313,Saint-Étienne,Stade de Reims,1,156342,Miguel Trauco,LM,1,1.0,13,1.0,3.0,0.0,2.0,0.0,0.0,0.0,,0.0,0.0,0.0,0.0,1.0,0.0
609170,2022-05-14,ligue1,2021,10313,Saint-Étienne,Stade de Reims,1,302488,Yvann Maçon,RM,1,1.0,27,0.0,0.0,0.0,2.0,0.0,0.0,0.0,,0.0,0.0,0.0,0.0,0.0,0.0
609170,2022-05-14,ligue1,2021,10313,Saint-Étienne,Stade de Reims,1,132241,Wahbi Khazri,CF-L,1,1.0,10,0.0,0.0,0.0,2.0,0.0,0.0,0.0,,0.0,0.0,0.0,0.0,4.0,0.0
609170,2022-05-14,ligue1,2021,10313,Saint-Étienne,Stade de Reims,1,213304,Denis Bouanga,CF-R,1,1.0,20,1.0,1.0,0.0,2.0,0.0,0.0,0.0,,0.0,0.0,0.0,0.0,2.0,0.0
609170,2022-05-14,ligue1,2021,10313,Saint-Étienne,Stade de Reims,1,290166,Adil Aouchiche,SUB,0,0.0,17,0.0,0.0,0.0,0.0,0.0,0.0,0.0,,0.0,0.0,0.0,0.0,0.0,0.0
609170,2022-05-14,ligue1,2021,10313,Saint-Étienne,Stade de Reims,1,291400,Etienne Green,SUB,0,0.0,40,0.0,0.0,0.0,0.0,,0.0,0.0,0.0,0.0,0.0,0.0,0.0,0.0,0.0
609170,2022-05-14,ligue1,2021,10313,Saint-Étienne,Stade de Reims,1,242738,Arnaud Nordin,SUB,0,1.0,18,0.0,0.0,0.0,0.0,0.0,0.0,0.0,,0.0,0.0,1.0,0.0,0.0,0.0
609170,2022-05-14,ligue1,2021,10313,Saint-Étienne,Stade de Reims,1,199645,Enzo Crivelli,SUB,0,1.0,31,0.0,0.0,0.0,0.0,0.0,0.0,0.0,,0.0,1.0,1.0,0.0,1.0,0.0
609170,2022-05-14,ligue1,2021,10313,Saint-Étienne,Stade de Reims,1,218951,Harold Moukoudi,SUB,0,1.0,2,0.0,0.0,0.0,0.0,0.0,0.0,0.0,,0.0,0.0,1.0,0.0,0.0,0.0
609170,2022-05-14,ligue1,2021,10313,Saint-Étienne,Stade de Reims,1,219465,Falaye Sacko,SUB,0,1.0,14,0.0,0.0,0.0,0.0,0.0,0.0,0.0,,0.0,0.0,1.0,0.0,0.0,0.0
609170,2022-05-14,ligue1,2021,10313,Saint-Étienne,Stade de Reims,1,137415,Romain Hamouma,SUB,0,1.0,21,1.0,0.0,0.0,0.0,0.0,0.0,0.0,,0.0,1.0,1.0,0.0,1.0,0.0
609170,2022-05-14,ligue1,2021,10313,Saint-Étienne,Stade de Reims,1,250566,Zaydou Youssef,SUB,0,0.0,28,0.0,0.0,0.0,0.0,0.0,0.0,0.0,,0.0,0.0,0.0,0.0,0.0,0.0
609170,2022-05-14,ligue1,2021,10313,Saint-Étienne,Stade de Reims,1,132946,Gabriel Silva,SUB,0,0.0,11,0.0,0.0,0.0,0.0,0.0,0.0,0.0,,0.0,0.0,0.0,0.0,0.0,0.0
609152,2022-05-21,ligue1,2021,10313,Bordeaux,Brest,0,259711,Gaetan Poussin,G,1,1.0,16,0.0,0.0,0.0,2.0,,0.0,0.0,0.0,9.0,0.0,0.0,0.0,0.0,0.0
609152,2022-05-21,ligue1,2021,10313,Bordeaux,Brest,0,126764,Marcelo,CD,1,1.0,15,0.0,0.0,0.0,2.0,0.0,0.0,0.0,,0.0,0.0,0.0,0.0,0.0,0.0
609152,2022-05-21,ligue1,2021,10313,Bordeaux,Brest,0,245857,Anel Ahmedhodzic,CD-L,1,1.0,5,1.0,1.0,0.0,2.0,0.0,0.0,0.0,,0.0,0.0,0.0,0.0,1.0,0.0
609152,2022-05-21,ligue1,2021,10313,Bordeaux,Brest,0,340583,Junior Mwanga,CD-R,1,1.0,34,0.0,0.0,0.0,2.0,0.0,0.0,0.0,,0.0,0.0,0.0,0.0,0.0,0.0
609152,2022-05-21,ligue1,2021,10313,Bordeaux,Brest,0,130113,Josuha Guilavogui,CM-L,1,1.0,23,4.0,0.0,1.0,2.0,0.0,0.0,0.0,,0.0,0.0,0.0,0.0,1.0,0.0
609152,2022-05-21,ligue1,2021,10313,Bordeaux,Brest,0,275396,Danylo Ignatenko,CM-R,1,1.0,6,0.0,1.0,1.0,2.0,0.0,0.0,0.0,,0.0,1.0,0.0,0.0,2.0,0.0
609152,2022-05-21,ligue1,2021,10313,Bordeaux,Brest,0,258971,Javairô Dilrosun,AM,1,1.0,21,1.0,2.0,0.0,2.0,0.0,0.0,0.0,,0.0,2.0,0.0,1.0,3.0,0.0
609152,2022-05-21,ligue1,2021,10313,Bordeaux,Brest,0,259871,Ricardo Mangas,LM,1,1.0,12,3.0,2.0,0.0,2.0,0.0,0.0,0.0,,0.0,1.0,0.0,1.0,1.0,0.0
609152,2022-05-21,ligue1,2021,10313,Bordeaux,Brest,0,223946,Enock Kwateng,RM,1,1.0,25,0.0,0.0,0.0,2.0,0.0,0.0,0.0,,0.0,0.0,0.0,0.0,0.0,0.0
609152,2022-05-21,ligue1,2021,10313,Bordeaux,Brest,0,236628,Hwang Ui-Jo,CF-L,1,1.0,18,0.0,0.0,0.0,2.0,0.0,0.0,0.0,,0.0,1.0,0.0,0.0,3.0,0.0
609152,2022-05-21,ligue1,2021,10313,Bordeaux,Brest,0,305797,Sékou Mara,CF-R,1,1.0,11,3.0,2.0,0.0,2.0,0.0,0.0,0.0,,0.0,2.0,0.0,2.0,2.0,0.0
609152,2022-05-21,ligue1,2021,10313,Bordeaux,Brest,0,290829,Davy Rouyard,SUB,0,0.0,30,0.0,0.0,0.0,0.0,,0.0,0.0,0.0,0.0,0.0,0.0,0.0,0.0,0.0
609152,2022-05-21,ligue1,2021,10313,Bordeaux,Brest,0,297157,Dilane Bakwa,SUB,0,1.0,32,0.0,0.0,0.0,0.0,0.0,0.0,0.0,,0.0,0.0,1.0,0.0,1.0,0.0
609152,2022-05-21,ligue1,2021,10313,Bordeaux,Brest,0,333214,Johaneko Louis Jean,SUB,0,1.0,35,0.0,0.0,0.0,0.0,0.0,0.0,0.0,,0.0,0.0,1.0,0.0,0.0,0.0
609152,2022-05-21,ligue1,2021,10313,Bordeaux,Brest,0,312171,Tom Lacoux,SUB,0,0.0,27,0.0,0.0,0.0,0.0,0.0,0.0,0.0,,0.0,0.0,0.0,0.0,0.0,0.0
609152,2022-05-21,ligue1,2021,10313,Bordeaux,Brest,0,198956,Fransérgio,SUB,0,0.0,13,0.0,0.0,0.0,0.0,0.0,0.0,0.0,,0.0,0.0,0.0,0.0,0.0,0.0
609152,2022-05-21,ligue1,2021,10313,Bordeaux,Brest,0,238363,Rémi Oudin,SUB,0,1.0,28,0.0,0.0,0.0,0.0,0.0,0.0,0.0,,0.0,0.0,1.0,0.0,1.0,0.0
609152,2022-05-21,ligue1,2021,10313,Bordeaux,Brest,0,84893,Jimmy Briand,SUB,0,1.0,7,0.0,0.0,0.0,0.0,0.0,0.0,0.0,,0.0,0.0,1.0,0.0,0.0,0.0
609152,2022-05-21,ligue1,2021,10313,Bordeaux,Brest,0,272137,Thibault Klidje,SUB,0,0.0,33,0.0,0.0,0.0,0.0,0.0,0.0,0.0,,0.0,0.0,0.0,0.0,0.0,0.0
609152,2022-05-21,ligue1,2021,10313,Bordeaux,Brest,0,86210,Paul Baysse,SUB,0,1.0,24,0.0,0.0,0.0,0.0,0.0,0.0,0.0,,0.0,0.0,1.0,0.0,0.0,0.0
609154,2022-05-21,ligue1,2021,10313,Metz,Paris Saint-Germain,0,167905,Marc-Aurele Caillard,G,1,1.0,30,0.0,0.0,0.0,5.0,,0.0,0.0,6.0,22.0,0.0,0.0,0.0,0.0,0.0
609154,2022-05-21,ligue1,2021,10313,Metz,Paris Saint-Germain,0,263282,Boubakar Kiki Kouyate,CD,1,1.0,23,1.0,1.0,0.0,5.0,0.0,0.0,0.0,,0.0,0.0,0.0,0.0,0.0,0.0
609154,2022-05-21,ligue1,2021,10313,Metz,Paris Saint-Germain,0,112485,Jean-Armel Kana-Biyik,CD-L,1,1.0,27,0.0,0.0,0.0,4.0,0.0,0.0,0.0,,0.0,0.0,0.0,0.0,0.0,0.0
609154,2022-05-21,ligue1,2021,10313,Metz,Paris Saint-Germain,0,240371,Dylan Bronn,CD-R,1,1.0,2,0.0,0.0,0.0,5.0,0.0,0.0,0.0,,0.0,0.0,0.0,0.0,1.0,0.0
609154,2022-05-21,ligue1,2021,10313,Metz,Paris Saint-Germain,0,287677,Fali Candé,LB,1,1.0,13,0.0,1.0,0.0,5.0,0.0,0.0,0.0,,0.0,1.0,0.0,0.0,1.0,0.0
609154,2022-05-21,ligue1,2021,10313,Metz,Paris Saint-Germain,0,313897,William Mikelbrencis,RB,1,1.0,25,1.0,0.0,0.0,4.0,0.0,0.0,0.0,,0.0,0.0,0.0,0.0,0.0,0.0
609154,2022-05-21,ligue1,2021,10313,Metz,Paris Saint-Germain,0,228563,Boubacar Traoré,CM-L,1,1.0,8,3.0,0.0,0.0,4.0,0.0,0.0,1.0,,0.0,0.0,0.0,0.0,0.0,0.0
609154,2022-05-21,ligue1,2021,10313,Metz,Paris Saint-Germain,0,150282,Vincent Pajot,CM-R,1,1.0,14,2.0,2.0,0.0,5.0,0.0,0.0,0.0,,0.0,0.0,0.0,0.0,1.0,0.0
609154,2022-05-21,ligue1,2021,10313,Metz,Paris Saint-Germain,0,172966,Farid Boulaya,LM,1,1.0,10,0.0,1.0,0.0,5.0,0.0,0.0,0.0,,0.0,0.0,0.0,0.0,0.0,0.0
609154,2022-05-21,ligue1,2021,10313,Metz,Paris Saint-Germain,0,297337,Pape Matar Sarr,RM,1,1.0,15,2.0,1.0,0.0,5.0,0.0,0.0,0.0,,0.0,0.0,0.0,0.0,1.0,0.0
609154,2022-05-21,ligue1,2021,10313,Metz,Paris Saint-Germain,0,238394,Didier Lamkel Ze,F,1,1.0,22,1.0,0.0,0.0,5.0,2.0,0.0,0.0,,0.0,0.0,0.0,0.0,0.0,0.0
609154,2022-05-21,ligue1,2021,10313,Metz,Paris Saint-Germain,0,300971,Lenny Lacroix,SUB,0,0.0,29,0.0,0.0,0.0,0.0,0.0,0.0,0.0,,0.0,0.0,0.0,0.0,0.0,0.0
609154,2022-05-21,ligue1,2021,10313,Metz,Paris Saint-Germain,0,255249,Sikou Niakate,SUB,0,1.0,4,0.0,0.0,0.0,1.0,0.0,0.0,0.0,,0.0,0.0,1.0,0.0,0.0,0.0
609154,2022-05-21,ligue1,2021,10313,Metz,Paris Saint-Germain,0,301093,Lenny Joseph,SUB,0,1.0,24,1.0,0.0,0.0,0.0,0.0,0.0,0.0,,0.0,0.0,1.0,0.0,0.0,0.0
609154,2022-05-21,ligue1,2021,10313,Metz,Paris Saint-Germain,0,177223,Opa Nguette,SUB,0,0.0,11,0.0,0.0,0.0,0.0,0.0,0.0,0.0,,0.0,0.0,0.0,0.0,0.0,0.0
609154,2022-05-21,ligue1,2021,10313,Metz,Paris Saint-Germain,0,104028,Alexandre Oukidja,SUB,0,0.0,16,0.0,0.0,0.0,0.0,,0.0,0.0,0.0,0.0,0.0,0.0,0.0,0.0,0.0
609154,2022-05-21,ligue1,2021,10313,Metz,Paris Saint-Germain,0,268720,Louis Mafouta,SUB,0,1.0,34,0.0,0.0,0.0,0.0,0.0,0.0,0.0,,0.0,0.0,1.0,0.0,0.0,0.0
609154,2022-05-21,ligue1,2021,10313,Metz,Paris Saint-Germain,0,256685,Ibrahima Niane,SUB,0,0.0,7,0.0,0.0,0.0,0.0,0.0,0.0,0.0,,0.0,0.0,0.0,0.0,0.0,0.0
609154,2022-05-21,ligue1,2021,10313,Metz,Paris Saint-Germain,0,325989,Amadou Salif Mbengue,SUB,0,1.0,33,1.0,0.0,0.0,1.0,0.0,0.0,0.0,,0.0,0.0,1.0,0.0,0.0,0.0
609154,2022-05-21,ligue1,2021,10313,Metz,Paris Saint-Germain,0,333939,Danley Jean Jacques,SUB,0,0.0,31,0.0,0.0,0.0,0.0,0.0,0.0,0.0,,0.0,0.0,0.0,0.0,0.0,0.0
609157,2022-05-21,ligue1,2021,10313,Saint-Étienne,Nantes,0,214201,Paul Bernardoni,G,1,1.0,50,0.0,0.0,0.0,1.0,,0.0,0.0,0.0,11.0,0.0,0.0,0.0,0.0,0.0
609157,2022-05-21,ligue1,2021,10313,Saint-Étienne,Nantes,0,127479,Eliaquim Mangala,CD,1,1.0,22,0.0,1.0,0.0,1.0,0.0,0.0,0.0,,0.0,0.0,0.0,0.0,1.0,0.0
609157,2022-05-21,ligue1,2021,10313,Saint-Étienne,Nantes,0,251557,Mickael Nade,CD-L,1,1.0,3,3.0,1.0,0.0,1.0,0.0,0.0,0.0,,0.0,0.0,0.0,0.0,1.0,0.0
609157,2022-05-21,ligue1,2021,10313,Saint-Étienne,Nantes,0,219465,Falaye Sacko,CD-R,1,1.0,14,0.0,1.0,0.0,1.0,0.0,0.0,0.0,,0.0,0.0,0.0,0.0,0.0,0.0
609157,2022-05-21,ligue1,2021,10313,Saint-Étienne,Nantes,0,268966,Mahdi Camara,CM-L,1,1.0,8,1.0,0.0,0.0,1.0,0.0,0.0,0.0,,0.0,0.0,0.0,0.0,1.0,0.0
609157,2022-05-21,ligue1,2021,10313,Saint-Étienne,Nantes,0,250566,Zaydou Youssef,CM-R,1,1.0,28,0.0,0.0,0.0,1.0,0.0,0.0,0.0,,0.0,0.0,0.0,0.0,0.0,0.0
609157,2022-05-21,ligue1,2021,10313,Saint-Étienne,Nantes,0,290166,Adil Aouchiche,AM,1,1.0,17,0.0,1.0,0.0,1.0,0.0,0.0,0.0,,0.0,0.0,0.0,0.0,1.0,0.0
609157,2022-05-21,ligue1,2021,10313,Saint-Étienne,Nantes,0,156342,Miguel Trauco,LM,1,1.0,13,1.0,1.0,0.0,1.0,1.0,0.0,0.0,,0.0,0.0,0.0,0.0,1.0,0.0
609157,2022-05-21,ligue1,2021,10313,Saint-Étienne,Nantes,0,215451,Sada Thioub,RM,1,1.0,9,0.0,0.0,0.0,1.0,0.0,0.0,0.0,,0.0,0.0,0.0,0.0,0.0,0.0
609157,2022-05-21,ligue1,2021,10313,Saint-Étienne,Nantes,0,213304,Denis Bouanga,CF-L,1,1.0,20,1.0,1.0,1.0,1.0,1.0,0.0,0.0,,0.0,1.0,0.0,0.0,3.0,0.0
609157,2022-05-21,ligue1,2021,10313,Saint-Étienne,Nantes,0,132241,Wahbi Khazri,CF-R,1,1.0,10,1.0,2.0,0.0,1.0,0.0,0.0,0.0,,0.0,0.0,0.0,0.0,1.0,0.0
609157,2022-05-21,ligue1,2021,10313,Saint-Étienne,Nantes,0,121993,Bakary Sako,SUB,0,0.0,26,0.0,0.0,0.0,0.0,0.0,0.0,0.0,,0.0,0.0,0.0,0.0,0.0,0.0
609157,2022-05-21,ligue1,2021,10313,Saint-Étienne,Nantes,0,199645,Enzo Crivelli,SUB,0,1.0,31,0.0,0.0,0.0,0.0,0.0,0.0,0.0,,0.0,0.0,1.0,0.0,0.0,0.0
609157,2022-05-21,ligue1,2021,10313,Saint-Étienne,Nantes,0,132946,Gabriel Silva,SUB,0,0.0,11,0.0,0.0,0.0,0.0,0.0,0.0,0.0,,0.0,0.0,0.0,0.0,0.0,0.0
609157,2022-05-21,ligue1,2021,10313,Saint-Étienne,Nantes,0,242738,Arnaud Nordin,SUB,0,1.0,18,1.0,0.0,0.0,0.0,0.0,0.0,0.0,,0.0,0.0,1.0,0.0,0.0,0.0
609157,2022-05-21,ligue1,2021,10313,Saint-Étienne,Nantes,0,137415,Romain Hamouma,SUB,0,1.0,21,0.0,0.0,0.0,0.0,0.0,0.0,0.0,,0.0,2.0,1.0,1.0,4.0,0.0
609157,2022-05-21,ligue1,2021,10313,Saint-Étienne,Nantes,0,291400,Etienne Green,SUB,0,0.0,40,0.0,0.0,0.0,0.0,,0.0,0.0,0.0,0.0,0.0,0.0,0.0,0.0,0.0
609157,2022-05-21,ligue1,2021,10313,Saint-Étienne,Nantes,0,218951,Harold Moukoudi,SUB,0,1.0,2,0.0,0.0,0.0,0.0,0.0,0.0,0.0,,0.0,0.0,1.0,0.0,0.0,0.0
609157,2022-05-21,ligue1,2021,10313,Saint-Étienne,Nantes,0,303338,Lucas Gourna-Douath,SUB,0,1.0,6,0.0,0.0,0.0,0.0,0.0,0.0,0.0,,0.0,0.0,1.0,0.0,0.0,0.0
609157,2022-05-21,ligue1,2021,10313,Saint-Étienne,Nantes,0,302488,Yvann Maçon,SUB,0,0.0,27,0.0,0.0,0.0,0.0,0.0,0.0,0.0,,0.0,0.0,0.0,0.0,0.0,0.0
639894,2023-03-31,ligue1,2022,11147,Montpellier,Marseille,0,149517,Benjamin Lecomte,G,1,1.0,40,0.0,0.0,0.0,1.0,,0.0,0.0,1.0,10.0,0.0,0.0,0.0,0.0,0.0
639894,2023-03-31,ligue1,2022,11147,Montpellier,Marseille,0,263282,Boubakar Kiki Kouyate,CD-L,1,1.0,4,1.0,0.0,0.0,0.0,0.0,0.0,0.0,,0.0,0.0,0.0,0.0,1.0,0.0
639894,2023-03-31,ligue1,2022,11147,Montpellier,Marseille,0,172984,Christopher Jullien,CD-R,1,1.0,6,1.0,0.0,0.0,1.0,0.0,0.0,0.0,,0.0,0.0,0.0,0.0,0.0,0.0
639894,2023-03-31,ligue1,2022,11147,Montpellier,Marseille,0,180747,Issiaga Sylla,LB,1,1.0,3,0.0,1.0,0.0,1.0,0.0,0.0,0.0,,0.0,0.0,0.0,0.0,0.0,0.0
639894,2023-03-31,ligue1,2022,11147,Montpellier,Marseille,0,219465,Falaye Sacko,RB,1,1.0,77,0.0,1.0,0.0,1.0,0.0,0.0,0.0,,0.0,0.0,0.0,0.0,0.0,0.0
639894,2023-03-31,ligue1,2022,11147,Montpellier,Marseille,0,163924,Téji Savanier,AM,1,1.0,11,1.0,2.0,0.0,1.0,1.0,0.0,0.0,,0.0,0.0,0.0,0.0,0.0,0.0
639894,2023-03-31,ligue1,2022,11147,Montpellier,Marseille,0,286120,Leo Leroy,LM,1,1.0,18,0.0,1.0,0.0,1.0,0.0,0.0,0.0,,0.0,0.0,0.0,0.0,0.0,0.0
639894,2023-03-31,ligue1,2022,11147,Montpellier,Marseille,0,291850,Joris Chotard,RM,1,1.0,13,0.0,1.0,0.0,1.0,0.0,0.0,0.0,,0.0,0.0,0.0,0.0,1.0,0.0
639894,2023-03-31,ligue1,2022,11147,Montpellier,Marseille,0,311118,Elye Wahi,F,1,1.0,21,0.0,3.0,1.0,1.0,0.0,0.0,0.0,,0.0,1.0,0.0,0.0,2.0,0.0
639894,2023-03-31,ligue1,2022,11147,Montpellier,Marseille,0,132241,Wahbi Khazri,AM-L,1,1.0,99,0.0,2.0,0.0,1.0,0.0,0.0,0.0,,0.0,0.0,0.0,0.0,2.0,0.0
639894,2023-03-31,ligue1,2022,11147,Montpellier,Marseille,0,242738,Arnaud Nordin,AM-R,1,1.0,7,1.0,2.0,0.0,1.0,0.0,0.0,0.0,,0.0,1.0,0.0,1.0,1.0,0.0
639894,2023-03-31,ligue1,2022,11147,Montpellier,Marseille,0,157901,Valère Germain,SUB,0,1.0,9,1.0,0.0,0.0,0.0,0.0,0.0,0.0,,0.0,0.0,1.0,0.0,0.0,1.0
639894,2023-03-31,ligue1,2022,11147,Montpellier,Marseille,0,359869,Edvin Bongemba,SUB,0,0.0,32,0.0,0.0,0.0,0.0,0.0,0.0,0.0,,0.0,0.0,0.0,0.0,0.0,0.0
639894,2023-03-31,ligue1,2022,11147,Montpellier,Marseille,0,334986,Enzo Tchato,SUB,0,1.0,29,1.0,0.0,0.0,0.0,0.0,0.0,0.0,,0.0,1.0,1.0,0.0,1.0,0.0
639894,2023-03-31,ligue1,2022,11147,Montpellier,Marseille,0,304899,Thibault Tamas,SUB,0,0.0,26,0.0,0.0,0.0,0.0,0.0,0.0,0.0,,0.0,0.0,0.0,0.0,0.0,0.0
639894,2023-03-31,ligue1,2022,11147,Montpellier,Marseille,0,344231,Khalil Fayad,SUB,0,1.0,22,1.0,0.0,0.0,0.0,0.0,0.0,0.0,,0.0,0.0,1.0,0.0,0.0,0.0
639894,2023-03-31,ligue1,2022,11147,Montpellier,Marseille,0,96162,Mamadou Sakho,SUB,0,1.0,75,1.0,1.0,0.0,1.0,0.0,0.0,0.0,,0.0,0.0,1.0,0.0,0.0,1.0
639894,2023-03-31,ligue1,2022,11147,Montpellier,Marseille,0,207369,Bingourou Kamara,SUB,0,0.0,90,0.0,0.0,0.0,0.0,,0.0,0.0,0.0,0.0,0.0,0.0,0.0,0.0,0.0
639894,2023-03-31,ligue1,2022,11147,Montpellier,Marseille,0,169222,Pedro Mendes,SUB,0,0.0,5,0.0,0.0,0.0,0.0,0.0,0.0,0.0,,0.0,0.0,0.0,0.0,0.0,0.0
639894,2023-03-31,ligue1,2022,11147,Montpellier,Marseille,0,225549,Stephy Mavididi,SUB,0,1.0,10,0.0,0.0,0.0,0.0,0.0,0.0,0.0,,0.0,0.0,1.0,0.0,1.0,0.0
639891,2023-04-02,ligue1,2022,11147,Nantes,Stade de Reims,1,231282,Alban Lafont,G,1,1.0,1,0.0,0.0,0.0,3.0,,0.0,0.0,6.0,11.0,0.0,0.0,0.0,0.0,0.0
639891,2023-04-02,ligue1,2022,11147,Nantes,Stade de Reims,1,146205,Nicolas Pallois,CD-L,1,1.0,4,1.0,1.0,0.0,3.0,0.0,0.0,0.0,,0.0,0.0,0.0,0.0,1.0,0.0
639891,2023-04-02,ligue1,2022,11147,Nantes,Stade de Reims,1,186952,Andrei Girotto,CD-R,1,1.0,3,3.0,1.0,0.0,3.0,0.0,0.0,0.0,,0.0,0.0,0.0,0.0,0.0,1.0
639891,2023-04-02,ligue1,2022,11147,Nantes,Stade de Reims,1,222212,Pedro Chirivella,DM,1,1.0,5,0.0,0.0,0.0,2.0,0.0,0.0,0.0,,0.0,0.0,0.0,0.0,0.0,0.0
639891,2023-04-02,ligue1,2022,11147,Nantes,Stade de Reims,1,132056,Sébastien Corchia,LB,1,1.0,24,2.0,1.0,0.0,3.0,0.0,0.0,0.0,,0.0,0.0,0.0,0.0,1.0,0.0
639891,2023-04-02,ligue1,2022,11147,Nantes,Stade de Reims,1,287946,João Victor,RB,1,1.0,38,0.0,0.0,0.0,3.0,0.0,0.0,0.0,,0.0,0.0,0.0,0.0,0.0,0.0
639891,2023-04-02,ligue1,2022,11147,Nantes,Stade de Reims,1,173616,Florent Mollet,CM-L,1,1.0,25,0.0,0.0,0.0,3.0,0.0,0.0,0.0,,0.0,1.0,0.0,0.0,2.0,0.0
639891,2023-04-02,ligue1,2022,11147,Nantes,Stade de Reims,1,104658,Moussa Sissoko,CM-R,1,1.0,17,0.0,3.0,0.0,3.0,0.0,0.0,0.0,,0.0,0.0,0.0,0.0,2.0,0.0
639891,2023-04-02,ligue1,2022,11147,Nantes,Stade de Reims,1,187647,Moses Simon,LM,1,1.0,27,0.0,1.0,0.0,3.0,0.0,0.0,0.0,,0.0,1.0,0.0,0.0,1.0,0.0
639891,2023-04-02,ligue1,2022,11147,Nantes,Stade de Reims,1,223120,Ludovic Blas,RM,1,1.0,10,1.0,2.0,0.0,3.0,0.0,0.0,0.0,,0.0,0.0,0.0,0.0,1.0,0.0
639891,2023-04-02,ligue1,2022,11147,Nantes,Stade de Reims,1,138571,Andy Delort,F,1,1.0,99,2.0,1.0,0.0,3.0,0.0,0.0,0.0,,0.0,2.0,0.0,0.0,2.0,0.0
639891,2023-04-02,ligue1,2022,11147,Nantes,Stade de Reims,1,243816,Mostafa Mohamed,SUB,0,1.0,31,0.0,0.0,0.0,0.0,0.0,0.0,0.0,,0.0,1.0,1.0,0.0,1.0,0.0
639891,2023-04-02,ligue1,2022,11147,Nantes,Stade de Reims,1,260932,Samuel Moutoussamy,SUB,0,1.0,8,0.0,0.0,0.0,1.0,0.0,0.0,0.0,,0.0,0.0,1.0,0.0,0.0,0.0
639891,2023-04-02,ligue1,2022,11147,Nantes,Stade de Reims,1,214739,Marcus Coco,SUB,0,1.0,11,0.0,0.0,0.0,0.0,0.0,0.0,0.0,,0.0,0.0,1.0,0.0,0.0,0.0
639891,2023-04-02,ligue1,2022,11147,Nantes,Stade de Reims,1,288924,Evann Guessand,SUB,0,0.0,7,0.0,0.0,0.0,0.0,0.0,0.0,0.0,,0.0,0.0,0.0,0.0,0.0,0.0
639891,2023-04-02,ligue1,2022,11147,Nantes,Stade de Reims,1,262507,Ignatius Ganago,SUB,0,1.0,14,0.0,1.0,0.0,0.0,0.0,0.0,0.0,,0.0,0.0,1.0,0.0,1.0,0.0
639891,2023-04-02,ligue1,2022,11147,Nantes,Stade de Reims,1,223339,Fabien Centonze,SUB,0,1.0,28,0.0,2.0,0.0,0.0,0.0,0.0,0.0,,0.0,0.0,1.0,0.0,0.0,0.0
639891,2023-04-02,ligue1,2022,11147,Nantes,Stade de Reims,1,185683,Jean-Charles Castelletto,SUB,0,0.0,21,0.0,0.0,0.0,0.0,0.0,0.0,0.0,,0.0,0.0,0.0,0.0,0.0,0.0
639891,2023-04-02,ligue1,2022,11147,Nantes,Stade de Reims,1,222175,Rémy Descamps,SUB,0,0.0,16,0.0,0.0,0.0,0.0,,0.0,0.0,0.0,0.0,0.0,0.0,0.0,0.0,0.0
639891,2023-04-02,ligue1,2022,11147,Stade de Reims,Nantes,0,241029,Yehvann Diouf,G,1,1.0,94,0.0,1.0,0.0,0.0,,0.0,0.0,5.0,12.0,0.0,0.0,0.0,0.0,0.0
639891,2023-04-02,ligue1,2022,11147,Stade de Reims,Nantes,0,166634,Yunis Abdelhamid,CD-L,1,1.0,5,1.0,0.0,0.0,0.0,0.0,0.0,0.0,,0.0,0.0,0.0,0.0,0.0,0.0
639891,2023-04-02,ligue1,2022,11147,Stade de Reims,Nantes,0,308449,Emmanuel Agbadou,CD-R,1,1.0,24,2.0,0.0,0.0,0.0,0.0,0.0,0.0,,0.0,0.0,0.0,0.0,0.0,0.0
639891,2023-04-02,ligue1,2022,11147,Stade de Reims,Nantes,0,246805,Thibault De Smet,LB,1,1.0,25,0.0,0.0,0.0,0.0,0.0,0.0,0.0,,0.0,0.0,0.0,0.0,0.0,0.0
639891,2023-04-02,ligue1,2022,11147,Stade de Reims,Nantes,0,179985,Thomas Foket,RB,1,1.0,32,0.0,1.0,0.0,0.0,0.0,0.0,0.0,,0.0,0.0,0.0,0.0,0.0,0.0
639891,2023-04-02,ligue1,2022,11147,Stade de Reims,Nantes,0,266096,Marshall Munetsi,AM,1,1.0,15,2.0,1.0,0.0,0.0,0.0,0.0,0.0,,0.0,1.0,0.0,1.0,2.0,0.0
639891,2023-04-02,ligue1,2022,11147,Stade de Reims,Nantes,0,274971,Jens Cajuste,LM,1,1.0,8,1.0,0.0,0.0,0.0,0.0,0.0,0.0,,0.0,0.0,0.0,0.0,0.0,1.0
639891,2023-04-02,ligue1,2022,11147,Stade de Reims,Nantes,0,246825,Azor Matusiwa,RM,1,1.0,21,3.0,1.0,0.0,0.0,0.0,0.0,0.0,,0.0,0.0,0.0,0.0,0.0,1.0
639891,2023-04-02,ligue1,2022,11147,Stade de Reims,Nantes,0,282643,Folarin Balogun,F,1,1.0,29,2.0,2.0,1.0,0.0,0.0,0.0,0.0,,0.0,3.0,0.0,0.0,4.0,0.0
639891,2023-04-02,ligue1,2022,11147,Stade de Reims,Nantes,0,265916,Alexis Flips,AM-L,1,1.0,70,0.0,2.0,0.0,0.0,1.0,0.0,0.0,,0.0,2.0,0.0,2.0,3.0,0.0
639891,2023-04-02,ligue1,2022,11147,Stade de Reims,Nantes,0,219350,Junya Ito,AM-R,1,1.0,39,1.0,1.0,0.0,0.0,0.0,0.0,0.0,,0.0,1.0,0.0,0.0,1.0,0.0
639891,2023-04-02,ligue1,2022,11147,Stade de Reims,Nantes,0,231832,Mitchell van Bergen,SUB,0,1.0,19,0.0,0.0,0.0,0.0,0.0,0.0,0.0,,0.0,1.0,1.0,0.0,1.0,0.0
639891,2023-04-02,ligue1,2022,11147,Stade de Reims,Nantes,0,227051,Alexandre Olliero,SUB,0,0.0,96,0.0,0.0,0.0,0.0,,0.0,0.0,0.0,0.0,0.0,0.0,0.0,0.0,0.0
639891,2023-04-02,ligue1,2022,11147,Stade de Reims,Nantes,0,207878,Cheick Keita,SUB,0,0.0,43,0.0,0.0,0.0,0.0,0.0,0.0,0.0,,0.0,0.0,0.0,0.0,0.0,0.0
639891,2023-04-02,ligue1,2022,11147,Stade de Reims,Nantes,0,330412,Kamory Doumbia,SUB,0,1.0,3,1.0,0.0,0.0,0.0,0.0,0.0,0.0,,0.0,0.0,1.0,0.0,2.0,0.0
639891,2023-04-02,ligue1,2022,11147,Stade de Reims,Nantes,0,202705,Arbër Zeneli,SUB,0,1.0,10,0.0,0.0,0.0,0.0,0.0,0.0,0.0,,0.0,1.0,1.0,0.0,1.0,0.0
639891,2023-04-02,ligue1,2022,11147,Stade de Reims,Nantes,0,276839,Maxime Busi,SUB,0,1.0,4,0.0,0.0,0.0,0.0,0.0,0.0,0.0,,0.0,0.0,1.0,0.0,0.0,0.0
639891,2023-04-02,ligue1,2022,11147,Stade de Reims,Nantes,0,250529,Kaj Sierhuis,SUB,0,0.0,9,0.0,0.0,0.0,0.0,0.0,0.0,0.0,,0.0,0.0,0.0,0.0,0.0,0.0
639891,2023-04-02,ligue1,2022,11147,Stade de Reims,Nantes,0,359165,Valentin Atangana,SUB,0,0.0,49,0.0,0.0,0.0,0.0,0.0,0.0,0.0,,0.0,0.0,0.0,0.0,0.0,0.0
639891,2023-04-02,ligue1,2022,11147,Stade de Reims,Nantes,0,255654,Myziane Maolida,SUB,0,1.0,11,0.0,0.0,0.0,0.0,0.0,0.0,0.0,,0.0,0.0,1.0,0.0,0.0,0.0
639896,2023-04-02,ligue1,2022,11147,Clermont Foot,AC Ajaccio,1,197631,Mory Diaw,G,1,1.0,99,0.0,0.0,0.0,1.0,,0.0,0.0,1.0,2.0,0.0,0.0,0.0,0.0,0.0
639896,2023-04-02,ligue1,2022,11147,Clermont Foot,AC Ajaccio,1,305669,Alidu Seidu,CD-L,1,1.0,36,1.0,2.0,0.0,1.0,0.0,0.0,0.0,,0.0,0.0,0.0,0.0,0.0,1.0
639896,2023-04-02,ligue1,2022,11147,Clermont Foot,AC Ajaccio,1,212258,Mateusz Wieteska,CD-R,1,1.0,4,1.0,4.0,0.0,1.0,0.0,0.0,0.0,,0.0,0.0,0.0,0.0,0.0,0.0
639896,2023-04-02,ligue1,2022,11147,Clermont Foot,AC Ajaccio,1,272281,Neto Borges,LB,1,1.0,3,0.0,3.0,0.0,1.0,0.0,0.0,0.0,,0.0,1.0,0.0,0.0,2.0,0.0
639896,2023-04-02,ligue1,2022,11147,Clermont Foot,AC Ajaccio,1,359153,Cheick Konate,RB,1,1.0,15,3.0,0.0,0.0,1.0,0.0,0.0,0.0,,0.0,0.0,0.0,0.0,0.0,1.0
639896,2023-04-02,ligue1,2022,11147,Clermont Foot,AC Ajaccio,1,192989,Saif-Eddine Khaoui,AM,1,1.0,10,0.0,1.0,0.0,1.0,0.0,0.0,0.0,,0.0,1.0,0.0,0.0,1.0,0.0
639896,2023-04-02,ligue1,2022,11147,Clermont Foot,AC Ajaccio,1,118091,Johan Gastien,LM,1,1.0,25,1.0,4.0,0.0,1.0,0.0,0.0,0.0,,0.0,0.0,0.0,0.0,0.0,0.0
639896,2023-04-02,ligue1,2022,11147,Clermont Foot,AC Ajaccio,1,131748,Maxime Gonalons,RM,1,1.0,12,2.0,3.0,0.0,1.0,0.0,0.0,0.0,,0.0,0.0,0.0,0.0,1.0,0.0
639896,2023-04-02,ligue1,2022,11147,Clermont Foot,AC Ajaccio,1,211668,Grejohn Kyei,F,1,1.0,95,3.0,0.0,0.0,1.0,1.0,0.0,0.0,,0.0,2.0,0.0,2.0,3.0,0.0
639896,2023-04-02,ligue1,2022,11147,Clermont Foot,AC Ajaccio,1,221165,Elbasan Rashani,AM-L,1,1.0,18,1.0,1.0,0.0,1.0,0.0,0.0,0.0,,0.0,1.0,0.0,0.0,3.0,0.0
639896,2023-04-02,ligue1,2022,11147,Clermont Foot,AC Ajaccio,1,284333,Jim Allevinah,AM-R,1,1.0,11,1.0,3.0,0.0,1.0,0.0,0.0,0.0,,0.0,0.0,0.0,0.0,3.0,0.0
639896,2023-04-02,ligue1,2022,11147,Clermont Foot,AC Ajaccio,1,360221,Stan Berkani,SUB,0,0.0,33,0.0,0.0,0.0,0.0,0.0,0.0,0.0,,0.0,0.0,0.0,0.0,0.0,0.0
639896,2023-04-02,ligue1,2022,11147,Clermont Foot,AC Ajaccio,1,276441,Yohann Magnin,SUB,0,1.0,7,0.0,0.0,0.0,0.0,0.0,0.0,0.0,,0.0,0.0,1.0,0.0,0.0,0.0
639896,2023-04-02,ligue1,2022,11147,Clermont Foot,AC Ajaccio,1,293919,Muhammed-Cham Saracevic,SUB,0,1.0,70,0.0,0.0,0.0,0.0,0.0,0.0,0.0,,0.0,0.0,1.0,0.0,2.0,0.0
639896,2023-04-02,ligue1,2022,11147,Clermont Foot,AC Ajaccio,1,329077,Aiman Maurer,SUB,0,1.0,22,0.0,0.0,0.0,0.0,0.0,0.0,0.0,,0.0,0.0,1.0,0.0,0.0,0.0
639896,2023-04-02,ligue1,2022,11147,Clermont Foot,AC Ajaccio,1,179229,Jérémie Bela,SUB,0,0.0,91,0.0,0.0,0.0,0.0,0.0,0.0,0.0,,0.0,0.0,0.0,0.0,0.0,0.0
639896,2023-04-02,ligue1,2022,11147,Clermont Foot,AC Ajaccio,1,150292,Florent Ogier,SUB,0,1.0,21,0.0,0.0,0.0,0.0,0.0,0.0,0.0,,0.0,0.0,1.0,0.0,0.0,0.0
639896,2023-04-02,ligue1,2022,11147,Clermont Foot,AC Ajaccio,1,332869,Wabo Kamdem,SUB,0,0.0,17,0.0,0.0,0.0,0.0,0.0,0.0,0.0,,0.0,0.0,0.0,0.0,0.0,0.0
639896,2023-04-02,ligue1,2022,11147,Clermont Foot,AC Ajaccio,1,276445,Ouparine Djoco,SUB,0,0.0,40,0.0,0.0,0.0,0.0,,0.0,0.0,0.0,0.0,0.0,0.0,0.0,0.0,0.0
639896,2023-04-02,ligue1,2022,11147,Clermont Foot,AC Ajaccio,1,233027,Max Caufriez,SUB,0,1.0,5,1.0,0.0,0.0,0.0,0.0,0.0,0.0,,0.0,0.0,1.0,0.0,0.0,0.0
639896,2023-04-02,ligue1,2022,11147,AC Ajaccio,Clermont Foot,0,139363,Benjamin Leroy,G,1,1.0,1,0.0,0.0,0.0,2.0,,0.0,0.0,4.0,13.0,0.0,0.0,0.0,0.0,1.0
639896,2023-04-02,ligue1,2022,11147,AC Ajaccio,Clermont Foot,0,275654,Clément Vidal,CD-L,1,1.0,15,1.0,0.0,0.0,2.0,0.0,0.0,0.0,,0.0,0.0,0.0,0.0,0.0,1.0
639896,2023-04-02,ligue1,2022,11147,AC Ajaccio,Clermont Foot,0,245914,Fernand Mayembo,CD-R,1,1.0,77,0.0,4.0,0.0,2.0,0.0,0.0,0.0,,0.0,0.0,0.0,0.0,0.0,0.0
639896,2023-04-02,ligue1,2022,11147,AC Ajaccio,Clermont Foot,0,187905,Youssouf Koné,LB,1,1.0,99,1.0,0.0,0.0,1.0,1.0,0.0,0.0,,0.0,0.0,0.0,0.0,0.0,0.0
639896,2023-04-02,ligue1,2022,11147,AC Ajaccio,Clermont Foot,0,223338,Mickaël Alphonse,RB,1,1.0,2,1.0,2.0,0.0,2.0,0.0,0.0,0.0,,0.0,0.0,0.0,0.0,0.0,1.0
639896,2023-04-02,ligue1,2022,11147,AC Ajaccio,Clermont Foot,0,84988,Mathieu Coutadeur,CM-L,1,1.0,6,2.0,0.0,0.0,2.0,0.0,0.0,0.0,,0.0,0.0,0.0,0.0,0.0,1.0
639896,2023-04-02,ligue1,2022,11147,AC Ajaccio,Clermont Foot,0,154616,Michael Barreto,CM-R,1,1.0,4,4.0,1.0,0.0,2.0,0.0,0.0,0.0,,0.0,0.0,0.0,0.0,1.0,0.0
639896,2023-04-02,ligue1,2022,11147,AC Ajaccio,Clermont Foot,0,343952,Kevin Spadanuda,LM,1,1.0,27,3.0,3.0,1.0,1.0,0.0,0.0,0.0,,0.0,0.0,0.0,0.0,0.0,0.0
639896,2023-04-02,ligue1,2022,11147,AC Ajaccio,Clermont Foot,0,138522,Riad Nouri,RM,1,1.0,5,0.0,0.0,0.0,1.0,0.0,0.0,0.0,,0.0,0.0,0.0,0.0,0.0,0.0
639896,2023-04-02,ligue1,2022,11147,AC Ajaccio,Clermont Foot,0,357000,Moussa Soumano,CF-L,1,1.0,34,3.0,0.0,0.0,1.0,0.0,0.0,0.0,,0.0,1.0,0.0,0.0,1.0,1.0
639896,2023-04-02,ligue1,2022,11147,AC Ajaccio,Clermont Foot,0,282290,Mounaim El Idrissy,CF-R,1,1.0,7,5.0,4.0,0.0,2.0,1.0,0.0,0.0,,0.0,1.0,0.0,1.0,1.0,0.0
639896,2023-04-02,ligue1,2022,11147,AC Ajaccio,Clermont Foot,0,277284,Florian Chabrolle,SUB,0,0.0,29,0.0,0.0,0.0,0.0,0.0,0.0,0.0,,0.0,0.0,0.0,0.0,0.0,0.0
639896,2023-04-02,ligue1,2022,11147,AC Ajaccio,Clermont Foot,0,357866,Ivane Chegra,SUB,0,0.0,38,0.0,0.0,0.0,0.0,0.0,0.0,0.0,,0.0,0.0,0.0,0.0,0.0,0.0
639896,2023-04-02,ligue1,2022,11147,AC Ajaccio,Clermont Foot,0,359408,Ruan Levine,SUB,0,1.0,24,0.0,0.0,0.0,1.0,0.0,0.0,0.0,,0.0,0.0,1.0,0.0,0.0,0.0
639896,2023-04-02,ligue1,2022,11147,AC Ajaccio,Clermont Foot,0,105036,Mohamed Youssouf,SUB,0,1.0,20,1.0,0.0,0.0,1.0,0.0,0.0,1.0,,0.0,0.0,1.0,0.0,0.0,0.0
639896,2023-04-02,ligue1,2022,11147,AC Ajaccio,Clermont Foot,0,85080,Thomas Mangani,SUB,0,1.0,23,0.0,0.0,0.0,1.0,0.0,0.0,0.0,,0.0,0.0,1.0,0.0,0.0,0.0
639896,2023-04-02,ligue1,2022,11147,AC Ajaccio,Clermont Foot,0,204683,Francois-Joseph Sollacaro,SUB,0,0.0,16,0.0,0.0,0.0,0.0,,0.0,0.0,0.0,0.0,0.0,0.0,0.0,0.0,0.0
639896,2023-04-02,ligue1,2022,11147,AC Ajaccio,Clermont Foot,0,158896,Yoann Touzghar,SUB,0,1.0,9,0.0,0.0,0.0,1.0,0.0,0.0,0.0,,0.0,0.0,1.0,0.0,0.0,0.0
639896,2023-04-02,ligue1,2022,11147,AC Ajaccio,Clermont Foot,0,89067,Cédric Avinel,SUB,0,1.0,21,0.0,0.0,0.0,1.0,0.0,0.0,0.0,,0.0,0.0,1.0,0.0,0.0,0.0
639900,2023-04-09,ligue1,2022,11147,Stade de Reims,Brest,1,241029,Yehvann Diouf,G,1,1.0,94,0.0,0.0,0.0,1.0,,0.0,0.0,4.0,11.0,0.0,0.0,0.0,0.0,0.0
639900,2023-04-09,ligue1,2022,11147,Stade de Reims,Brest,1,166634,Yunis Abdelhamid,CD-L,1,1.0,5,1.0,1.0,0.0,1.0,0.0,0.0,0.0,,0.0,0.0,0.0,0.0,1.0,0.0
639900,2023-04-09,ligue1,2022,11147,Stade de Reims,Brest,1,308449,Emmanuel Agbadou,CD-R,1,1.0,24,0.0,0.0,0.0,1.0,0.0,0.0,0.0,,0.0,0.0,0.0,0.0,3.0,0.0
639900,2023-04-09,ligue1,2022,11147,Stade de Reims,Brest,1,246805,Thibault De Smet,LB,1,1.0,25,2.0,2.0,0.0,1.0,0.0,0.0,0.0,,0.0,0.0,0.0,0.0,0.0,0.0
639900,2023-04-09,ligue1,2022,11147,Stade de Reims,Brest,1,179985,Thomas Foket,RB,1,1.0,32,0.0,1.0,0.0,1.0,0.0,0.0,0.0,,0.0,0.0,0.0,0.0,0.0,0.0
639900,2023-04-09,ligue1,2022,11147,Stade de Reims,Brest,1,266096,Marshall Munetsi,AM,1,1.0,15,1.0,0.0,0.0,1.0,0.0,0.0,0.0,,0.0,0.0,0.0,0.0,4.0,0.0
639900,2023-04-09,ligue1,2022,11147,Stade de Reims,Brest,1,274971,Jens Cajuste,LM,1,1.0,8,0.0,1.0,0.0,1.0,0.0,0.0,0.0,,0.0,1.0,0.0,0.0,3.0,0.0
639900,2023-04-09,ligue1,2022,11147,Stade de Reims,Brest,1,246825,Azor Matusiwa,RM,1,1.0,21,1.0,2.0,0.0,1.0,0.0,0.0,0.0,,0.0,1.0,0.0,0.0,1.0,0.0
639900,2023-04-09,ligue1,2022,11147,Stade de Reims,Brest,1,282643,Folarin Balogun,F,1,1.0,29,3.0,1.0,0.0,1.0,1.0,0.0,0.0,,0.0,2.0,0.0,1.0,6.0,0.0
639900,2023-04-09,ligue1,2022,11147,Stade de Reims,Brest,1,265916,Alexis Flips,AM-L,1,1.0,70,0.0,2.0,0.0,1.0,0.0,0.0,0.0,,0.0,0.0,0.0,0.0,2.0,0.0
639900,2023-04-09,ligue1,2022,11147,Stade de Reims,Brest,1,219350,Junya Ito,AM-R,1,1.0,39,0.0,2.0,0.0,1.0,0.0,0.0,0.0,,0.0,0.0,0.0,0.0,1.0,0.0
639900,2023-04-09,ligue1,2022,11147,Stade de Reims,Brest,1,202705,Arbër Zeneli,SUB,0,1.0,10,0.0,1.0,0.0,0.0,0.0,0.0,0.0,,0.0,0.0,1.0,0.0,1.0,0.0
639900,2023-04-09,ligue1,2022,11147,Stade de Reims,Brest,1,359165,Valentin Atangana,SUB,0,0.0,49,0.0,0.0,0.0,0.0,0.0,0.0,0.0,,0.0,0.0,0.0,0.0,0.0,0.0
639900,2023-04-09,ligue1,2022,11147,Stade de Reims,Brest,1,227051,Alexandre Olliero,SUB,0,0.0,96,0.0,0.0,0.0,0.0,,0.0,0.0,0.0,0.0,0.0,0.0,0.0,0.0,0.0
639900,2023-04-09,ligue1,2022,11147,Stade de Reims,Brest,1,330412,Kamory Doumbia,SUB,0,0.0,3,0.0,0.0,0.0,0.0,0.0,0.0,0.0,,0.0,0.0,0.0,0.0,0.0,0.0
639900,2023-04-09,ligue1,2022,11147,Stade de Reims,Brest,1,276839,Maxime Busi,SUB,0,1.0,4,1.0,0.0,0.0,0.0,0.0,0.0,0.0,,0.0,0.0,1.0,0.0,0.0,0.0
639900,2023-04-09,ligue1,2022,11147,Stade de Reims,Brest,1,250529,Kaj Sierhuis,SUB,0,1.0,9,0.0,0.0,0.0,0.0,1.0,0.0,0.0,,0.0,0.0,1.0,0.0,2.0,0.0
639900,2023-04-09,ligue1,2022,11147,Stade de Reims,Brest,1,207878,Cheick Keita,SUB,0,0.0,43,0.0,0.0,0.0,0.0,0.0,0.0,0.0,,0.0,0.0,0.0,0.0,0.0,0.0
639900,2023-04-09,ligue1,2022,11147,Stade de Reims,Brest,1,231832,Mitchell van Bergen,SUB,0,1.0,19,0.0,0.0,0.0,0.0,0.0,0.0,0.0,,0.0,0.0,1.0,0.0,0.0,0.0
639900,2023-04-09,ligue1,2022,11147,Stade de Reims,Brest,1,255654,Myziane Maolida,SUB,0,1.0,11,0.0,0.0,0.0,0.0,0.0,0.0,0.0,,0.0,0.0,1.0,0.0,0.0,0.0
639901,2023-04-09,ligue1,2022,11147,AC Ajaccio,AJ Auxerre,1,139363,Benjamin Leroy,G,1,1.0,1,0.0,0.0,0.0,2.0,,0.0,0.0,2.0,9.0,0.0,0.0,0.0,0.0,0.0
639901,2023-04-09,ligue1,2022,11147,AC Ajaccio,AJ Auxerre,1,238259,Oumar Gonzalez,CD-L,1,1.0,25,2.0,1.0,0.0,2.0,1.0,0.0,0.0,,0.0,1.0,0.0,0.0,2.0,0.0
639901,2023-04-09,ligue1,2022,11147,AC Ajaccio,AJ Auxerre,1,245914,Fernand Mayembo,CD-R,1,1.0,77,1.0,0.0,0.0,2.0,0.0,0.0,0.0,,0.0,0.0,0.0,0.0,0.0,0.0
639901,2023-04-09,ligue1,2022,11147,AC Ajaccio,AJ Auxerre,1,187905,Youssouf Koné,LB,1,1.0,99,2.0,2.0,0.0,2.0,0.0,0.0,0.0,,0.0,0.0,0.0,0.0,0.0,0.0
639901,2023-04-09,ligue1,2022,11147,AC Ajaccio,AJ Auxerre,1,223338,Mickaël Alphonse,RB,1,1.0,2,0.0,1.0,0.0,2.0,0.0,1.0,0.0,,0.0,1.0,0.0,0.0,1.0,0.0
639901,2023-04-09,ligue1,2022,11147,AC Ajaccio,AJ Auxerre,1,84988,Mathieu Coutadeur,CM-L,1,1.0,6,0.0,0.0,0.0,2.0,2.0,0.0,0.0,,0.0,0.0,0.0,0.0,1.0,0.0
639901,2023-04-09,ligue1,2022,11147,AC Ajaccio,AJ Auxerre,1,219153,Vincent Marchetti,CM-R,1,1.0,8,1.0,1.0,0.0,2.0,1.0,0.0,0.0,,0.0,0.0,0.0,0.0,1.0,0.0
639901,2023-04-09,ligue1,2022,11147,AC Ajaccio,AJ Auxerre,1,343952,Kevin Spadanuda,LM,1,1.0,27,1.0,3.0,0.0,2.0,0.0,0.0,0.0,,0.0,0.0,0.0,0.0,0.0,0.0
639901,2023-04-09,ligue1,2022,11147,AC Ajaccio,AJ Auxerre,1,154616,Michael Barreto,RM,1,1.0,4,2.0,1.0,0.0,2.0,0.0,0.0,0.0,,0.0,0.0,0.0,0.0,0.0,0.0
639901,2023-04-09,ligue1,2022,11147,AC Ajaccio,AJ Auxerre,1,137415,Romain Hamouma,CF-L,1,1.0,17,1.0,0.0,0.0,2.0,0.0,0.0,0.0,,0.0,0.0,0.0,0.0,0.0,0.0
639901,2023-04-09,ligue1,2022,11147,AC Ajaccio,AJ Auxerre,1,282290,Mounaim El Idrissy,CF-R,1,1.0,7,0.0,2.0,0.0,2.0,0.0,0.0,0.0,,0.0,0.0,0.0,0.0,2.0,0.0
639901,2023-04-09,ligue1,2022,11147,AC Ajaccio,AJ Auxerre,1,138522,Riad Nouri,SUB,0,1.0,5,1.0,0.0,0.0,0.0,0.0,0.0,0.0,,0.0,0.0,1.0,0.0,0.0,0.0
639901,2023-04-09,ligue1,2022,11147,AC Ajaccio,AJ Auxerre,1,317319,Kouamé Botué,SUB,0,0.0,18,0.0,0.0,0.0,0.0,0.0,0.0,0.0,,0.0,0.0,0.0,0.0,0.0,0.0
639901,2023-04-09,ligue1,2022,11147,AC Ajaccio,AJ Auxerre,1,357000,Moussa Soumano,SUB,0,1.0,34,0.0,0.0,0.0,0.0,0.0,0.0,0.0,,0.0,0.0,1.0,0.0,0.0,0.0
639901,2023-04-09,ligue1,2022,11147,AC Ajaccio,AJ Auxerre,1,277284,Florian Chabrolle,SUB,0,0.0,29,0.0,0.0,0.0,0.0,0.0,0.0,0.0,,0.0,0.0,0.0,0.0,0.0,0.0
639901,2023-04-09,ligue1,2022,11147,AC Ajaccio,AJ Auxerre,1,89067,Cédric Avinel,SUB,0,1.0,21,0.0,0.0,0.0,0.0,0.0,0.0,0.0,,0.0,0.0,1.0,0.0,1.0,0.0
639901,2023-04-09,ligue1,2022,11147,AC Ajaccio,AJ Auxerre,1,275654,Clément Vidal,SUB,0,0.0,15,0.0,0.0,0.0,0.0,0.0,0.0,0.0,,0.0,0.0,0.0,0.0,0.0,0.0
639901,2023-04-09,ligue1,2022,11147,AC Ajaccio,AJ Auxerre,1,85080,Thomas Mangani,SUB,0,1.0,23,0.0,0.0,0.0,0.0,0.0,0.0,0.0,,0.0,0.0,1.0,0.0,0.0,0.0
639901,2023-04-09,ligue1,2022,11147,AC Ajaccio,AJ Auxerre,1,204683,Francois-Joseph Sollacaro,SUB,0,0.0,16,0.0,0.0,0.0,0.0,,0.0,0.0,0.0,0.0,0.0,0.0,0.0,0.0,0.0
639901,2023-04-09,ligue1,2022,11147,AC Ajaccio,AJ Auxerre,1,194710,Ismaël Diallo,SUB,0,1.0,3,2.0,3.0,0.0,0.0,0.0,0.0,0.0,,0.0,0.0,1.0,0.0,1.0,1.0
639902,2023-04-09,ligue1,2022,11147,Clermont Foot,Troyes,0,197631,Mory Diaw,G,1,1.0,99,0.0,0.0,0.0,0.0,,0.0,0.0,3.0,9.0,0.0,0.0,0.0,0.0,0.0
639902,2023-04-09,ligue1,2022,11147,Clermont Foot,Troyes,0,233027,Max Caufriez,CD-L,1,1.0,5,2.0,1.0,0.0,0.0,0.0,0.0,0.0,,0.0,0.0,0.0,0.0,0.0,0.0
639902,2023-04-09,ligue1,2022,11147,Clermont Foot,Troyes,0,212258,Mateusz Wieteska,CD-R,1,1.0,4,0.0,0.0,0.0,0.0,0.0,0.0,0.0,,0.0,0.0,0.0,0.0,1.0,0.0
639902,2023-04-09,ligue1,2022,11147,Clermont Foot,Troyes,0,272281,Neto Borges,LB,1,1.0,3,1.0,1.0,0.0,0.0,0.0,0.0,0.0,,0.0,0.0,0.0,0.0,0.0,0.0
639902,2023-04-09,ligue1,2022,11147,Clermont Foot,Troyes,0,305669,Alidu Seidu,RB,1,1.0,36,0.0,2.0,0.0,0.0,0.0,0.0,0.0,,0.0,0.0,0.0,0.0,0.0,1.0
639902,2023-04-09,ligue1,2022,11147,Clermont Foot,Troyes,0,293919,Muhammed-Cham Saracevic,AM,1,1.0,70,0.0,3.0,0.0,0.0,0.0,0.0,0.0,,0.0,1.0,0.0,1.0,2.0,0.0
639902,2023-04-09,ligue1,2022,11147,Clermont Foot,Troyes,0,118091,Johan Gastien,LM,1,1.0,25,0.0,1.0,0.0,0.0,0.0,0.0,0.0,,0.0,2.0,0.0,1.0,4.0,0.0
639902,2023-04-09,ligue1,2022,11147,Clermont Foot,Troyes,0,131748,Maxime Gonalons,RM,1,1.0,12,0.0,1.0,0.0,0.0,0.0,0.0,0.0,,0.0,0.0,0.0,0.0,0.0,0.0
639902,2023-04-09,ligue1,2022,11147,Clermont Foot,Troyes,0,211668,Grejohn Kyei,F,1,1.0,95,2.0,5.0,0.0,0.0,1.0,0.0,0.0,,0.0,0.0,0.0,0.0,1.0,0.0
639902,2023-04-09,ligue1,2022,11147,Clermont Foot,Troyes,0,221165,Elbasan Rashani,AM-L,1,1.0,18,1.0,1.0,1.0,0.0,0.0,0.0,0.0,,0.0,0.0,0.0,0.0,2.0,0.0
639902,2023-04-09,ligue1,2022,11147,Clermont Foot,Troyes,0,284333,Jim Allevinah,AM-R,1,1.0,11,1.0,2.0,1.0,0.0,0.0,0.0,0.0,,0.0,0.0,0.0,0.0,0.0,0.0
639902,2023-04-09,ligue1,2022,11147,Clermont Foot,Troyes,0,169822,Mehdi Zeffane,SUB,0,1.0,2,0.0,0.0,0.0,0.0,0.0,0.0,0.0,,0.0,0.0,1.0,0.0,1.0,0.0
639902,2023-04-09,ligue1,2022,11147,Clermont Foot,Troyes,0,150292,Florent Ogier,SUB,0,1.0,21,0.0,0.0,0.0,0.0,0.0,0.0,0.0,,0.0,0.0,1.0,0.0,0.0,0.0
639902,2023-04-09,ligue1,2022,11147,Clermont Foot,Troyes,0,329077,Aiman Maurer,SUB,0,1.0,22,0.0,0.0,0.0,0.0,0.0,0.0,0.0,,0.0,0.0,1.0,0.0,1.0,0.0
639902,2023-04-09,ligue1,2022,11147,Clermont Foot,Troyes,0,359153,Cheick Konate,SUB,0,0.0,15,0.0,0.0,0.0,0.0,0.0,0.0,0.0,,0.0,0.0,0.0,0.0,0.0,0.0
639902,2023-04-09,ligue1,2022,11147,Clermont Foot,Troyes,0,345390,Yanis Massolin,SUB,0,0.0,97,0.0,0.0,0.0,0.0,0.0,0.0,0.0,,0.0,0.0,0.0,0.0,0.0,0.0
639902,2023-04-09,ligue1,2022,11147,Clermont Foot,Troyes,0,192989,Saif-Eddine Khaoui,SUB,0,1.0,10,0.0,1.0,0.0,0.0,0.0,0.0,0.0,,0.0,0.0,1.0,0.0,1.0,0.0
639902,2023-04-09,ligue1,2022,11147,Clermont Foot,Troyes,0,179229,Jérémie Bela,SUB,0,0.0,91,0.0,0.0,0.0,0.0,0.0,0.0,0.0,,0.0,0.0,0.0,0.0,0.0,0.0
639902,2023-04-09,ligue1,2022,11147,Clermont Foot,Troyes,0,276441,Yohann Magnin,SUB,0,1.0,7,1.0,0.0,0.0,0.0,0.0,0.0,0.0,,0.0,0.0,1.0,0.0,0.0,1.0
639902,2023-04-09,ligue1,2022,11147,Clermont Foot,Troyes,0,276445,Ouparine Djoco,SUB,0,0.0,40,0.0,0.0,0.0,0.0,,0.0,0.0,0.0,0.0,0.0,0.0,0.0,0.0,0.0
639907,2023-04-09,ligue1,2022,11147,Montpellier,Toulouse,1,149517,Benjamin Lecomte,G,1,1.0,40,0.0,0.0,0.0,2.0,,0.0,0.0,6.0,13.0,0.0,0.0,0.0,0.0,0.0
639907,2023-04-09,ligue1,2022,11147,Montpellier,Toulouse,1,96162,Mamadou Sakho,CD-L,1,1.0,75,2.0,0.0,0.0,1.0,0.0,0.0,0.0,,0.0,0.0,0.0,0.0,0.0,0.0
639907,2023-04-09,ligue1,2022,11147,Montpellier,Toulouse,1,172984,Christopher Jullien,CD-R,1,1.0,6,1.0,0.0,0.0,2.0,0.0,0.0,0.0,,0.0,0.0,0.0,0.0,0.0,0.0
639907,2023-04-09,ligue1,2022,11147,Montpellier,Toulouse,1,180747,Issiaga Sylla,LB,1,1.0,3,1.0,1.0,0.0,2.0,0.0,0.0,0.0,,0.0,0.0,0.0,0.0,4.0,0.0
639907,2023-04-09,ligue1,2022,11147,Montpellier,Toulouse,1,219465,Falaye Sacko,RB,1,1.0,77,0.0,2.0,0.0,2.0,0.0,0.0,0.0,,0.0,0.0,0.0,0.0,0.0,0.0
639907,2023-04-09,ligue1,2022,11147,Montpellier,Toulouse,1,163924,Téji Savanier,AM,1,1.0,11,2.0,4.0,0.0,2.0,1.0,0.0,0.0,,0.0,2.0,0.0,0.0,5.0,0.0
639907,2023-04-09,ligue1,2022,11147,Montpellier,Toulouse,1,291850,Joris Chotard,LM,1,1.0,13,2.0,3.0,0.0,2.0,0.0,0.0,0.0,,0.0,0.0,0.0,0.0,0.0,0.0
639907,2023-04-09,ligue1,2022,11147,Montpellier,Toulouse,1,167727,Jordan Ferri,RM,1,1.0,12,1.0,0.0,0.0,1.0,0.0,0.0,0.0,,0.0,0.0,0.0,0.0,1.0,0.0
639907,2023-04-09,ligue1,2022,11147,Montpellier,Toulouse,1,311118,Elye Wahi,F,1,1.0,21,0.0,0.0,0.0,2.0,0.0,0.0,0.0,,0.0,3.0,0.0,1.0,3.0,0.0
639907,2023-04-09,ligue1,2022,11147,Montpellier,Toulouse,1,132241,Wahbi Khazri,AM-L,1,1.0,99,4.0,1.0,0.0,2.0,0.0,0.0,0.0,,0.0,1.0,0.0,0.0,1.0,0.0
639907,2023-04-09,ligue1,2022,11147,Montpellier,Toulouse,1,242738,Arnaud Nordin,AM-R,1,1.0,7,0.0,5.0,0.0,1.0,0.0,0.0,0.0,,0.0,1.0,0.0,0.0,1.0,0.0
639907,2023-04-09,ligue1,2022,11147,Montpellier,Toulouse,1,359869,Edvin Bongemba,SUB,0,0.0,34,0.0,0.0,0.0,0.0,0.0,0.0,0.0,,0.0,0.0,0.0,0.0,0.0,0.0
639907,2023-04-09,ligue1,2022,11147,Montpellier,Toulouse,1,207369,Bingourou Kamara,SUB,0,0.0,90,0.0,0.0,0.0,0.0,,0.0,0.0,0.0,0.0,0.0,0.0,0.0,0.0,0.0
639907,2023-04-09,ligue1,2022,11147,Montpellier,Toulouse,1,346603,Mattéo Loubatières,SUB,0,0.0,33,0.0,0.0,0.0,0.0,0.0,0.0,0.0,,0.0,0.0,0.0,0.0,0.0,0.0
639907,2023-04-09,ligue1,2022,11147,Montpellier,Toulouse,1,334986,Enzo Tchato,SUB,0,0.0,29,0.0,0.0,0.0,0.0,0.0,0.0,0.0,,0.0,0.0,0.0,0.0,0.0,0.0
639907,2023-04-09,ligue1,2022,11147,Montpellier,Toulouse,1,225549,Stephy Mavididi,SUB,0,1.0,10,1.0,0.0,0.0,1.0,0.0,0.0,0.0,,0.0,0.0,1.0,0.0,0.0,0.0
639907,2023-04-09,ligue1,2022,11147,Montpellier,Toulouse,1,169222,Pedro Mendes,SUB,0,1.0,5,0.0,1.0,0.0,1.0,0.0,0.0,0.0,,0.0,0.0,1.0,0.0,0.0,0.0
639907,2023-04-09,ligue1,2022,11147,Montpellier,Toulouse,1,157901,Valère Germain,SUB,0,0.0,9,0.0,0.0,0.0,0.0,0.0,0.0,0.0,,0.0,0.0,0.0,0.0,0.0,0.0
639907,2023-04-09,ligue1,2022,11147,Montpellier,Toulouse,1,304899,Thibault Tamas,SUB,0,0.0,26,0.0,0.0,0.0,0.0,0.0,0.0,0.0,,0.0,0.0,0.0,0.0,0.0,0.0
639907,2023-04-09,ligue1,2022,11147,Montpellier,Toulouse,1,286120,Leo Leroy,SUB,0,1.0,18,1.0,0.0,0.0,1.0,0.0,0.0,0.0,,0.0,0.0,1.0,0.0,0.0,0.0
639908,2023-04-09,ligue1,2022,11147,Nantes,AS Monaco,1,231282,Alban Lafont,G,1,1.0,1,0.0,0.0,0.0,2.0,,0.0,0.0,7.0,14.0,0.0,0.0,0.0,0.0,0.0
639908,2023-04-09,ligue1,2022,11147,Nantes,AS Monaco,1,185683,Jean-Charles Castelletto,CD-L,1,1.0,21,1.0,1.0,0.0,2.0,0.0,0.0,0.0,,0.0,0.0,0.0,0.0,0.0,0.0
639908,2023-04-09,ligue1,2022,11147,Nantes,AS Monaco,1,186952,Andrei Girotto,CD-R,1,1.0,3,2.0,1.0,0.0,2.0,0.0,0.0,0.0,,0.0,0.0,0.0,0.0,0.0,1.0
639908,2023-04-09,ligue1,2022,11147,Nantes,AS Monaco,1,132056,Sébastien Corchia,LB,1,1.0,24,1.0,2.0,0.0,2.0,0.0,0.0,0.0,,0.0,0.0,0.0,0.0,0.0,1.0
639908,2023-04-09,ligue1,2022,11147,Nantes,AS Monaco,1,223339,Fabien Centonze,RB,1,1.0,28,1.0,1.0,0.0,2.0,0.0,0.0,0.0,,0.0,0.0,0.0,0.0,0.0,0.0
639908,2023-04-09,ligue1,2022,11147,Nantes,AS Monaco,1,173616,Florent Mollet,AM,1,1.0,25,1.0,0.0,0.0,2.0,0.0,0.0,0.0,,0.0,0.0,0.0,0.0,3.0,0.0
639908,2023-04-09,ligue1,2022,11147,Nantes,AS Monaco,1,260932,Samuel Moutoussamy,LM,1,1.0,8,2.0,0.0,0.0,2.0,1.0,0.0,0.0,,0.0,0.0,0.0,0.0,0.0,0.0
639908,2023-04-09,ligue1,2022,11147,Nantes,AS Monaco,1,104658,Moussa Sissoko,RM,1,1.0,17,0.0,2.0,0.0,2.0,0.0,0.0,0.0,,0.0,0.0,0.0,0.0,0.0,0.0
639908,2023-04-09,ligue1,2022,11147,Nantes,AS Monaco,1,138571,Andy Delort,F,1,1.0,99,0.0,1.0,0.0,2.0,0.0,0.0,0.0,,0.0,0.0,0.0,0.0,0.0,0.0
639908,2023-04-09,ligue1,2022,11147,Nantes,AS Monaco,1,187647,Moses Simon,AM-L,1,1.0,27,1.0,0.0,0.0,2.0,0.0,0.0,0.0,,0.0,0.0,0.0,0.0,1.0,0.0
639908,2023-04-09,ligue1,2022,11147,Nantes,AS Monaco,1,288924,Evann Guessand,AM-R,1,1.0,7,1.0,2.0,0.0,2.0,0.0,0.0,0.0,,0.0,0.0,0.0,0.0,0.0,0.0
639908,2023-04-09,ligue1,2022,11147,Nantes,AS Monaco,1,333208,Lohann Doucet,SUB,0,0.0,20,0.0,0.0,0.0,0.0,0.0,0.0,0.0,,0.0,0.0,0.0,0.0,0.0,0.0
639908,2023-04-09,ligue1,2022,11147,Nantes,AS Monaco,1,243816,Mostafa Mohamed,SUB,0,1.0,31,1.0,0.0,0.0,0.0,0.0,0.0,0.0,,0.0,1.0,1.0,1.0,2.0,0.0
639908,2023-04-09,ligue1,2022,11147,Nantes,AS Monaco,1,227800,Charles Traoré,SUB,0,0.0,93,0.0,0.0,0.0,0.0,0.0,0.0,0.0,,0.0,0.0,0.0,0.0,0.0,0.0
639908,2023-04-09,ligue1,2022,11147,Nantes,AS Monaco,1,112988,Michel Diaz,SUB,0,0.0,63,0.0,0.0,0.0,0.0,0.0,0.0,0.0,,0.0,0.0,0.0,0.0,0.0,0.0
639908,2023-04-09,ligue1,2022,11147,Nantes,AS Monaco,1,313890,Quentin Merlin,SUB,0,1.0,29,1.0,0.0,1.0,0.0,0.0,0.0,0.0,,0.0,0.0,1.0,0.0,1.0,0.0
639908,2023-04-09,ligue1,2022,11147,Nantes,AS Monaco,1,93641,Denis Petric,SUB,0,0.0,30,0.0,0.0,0.0,0.0,,0.0,0.0,0.0,0.0,0.0,0.0,0.0,0.0,0.0
639908,2023-04-09,ligue1,2022,11147,Nantes,AS Monaco,1,214739,Marcus Coco,SUB,0,1.0,11,0.0,0.0,0.0,0.0,0.0,0.0,0.0,,0.0,0.0,1.0,0.0,0.0,0.0
639908,2023-04-09,ligue1,2022,11147,Nantes,AS Monaco,1,223120,Ludovic Blas,SUB,0,1.0,10,1.0,1.0,1.0,0.0,0.0,0.0,0.0,,0.0,1.0,1.0,1.0,1.0,1.0
639908,2023-04-09,ligue1,2022,11147,Nantes,AS Monaco,1,262507,Ignatius Ganago,SUB,0,1.0,14,0.0,0.0,0.0,0.0,1.0,0.0,0.0,,0.0,0.0,1.0,0.0,0.0,0.0
639919,2023-04-15,ligue1,2022,11147,Stade de Reims,Stade Rennais,0,241029,Yehvann Diouf,G,1,1.0,94,0.0,0.0,0.0,3.0,,0.0,0.0,5.0,20.0,0.0,0.0,0.0,0.0,0.0
639919,2023-04-15,ligue1,2022,11147,Stade de Reims,Stade Rennais,0,166634,Yunis Abdelhamid,CD-L,1,1.0,5,1.0,0.0,0.0,3.0,0.0,0.0,0.0,,0.0,0.0,0.0,0.0,1.0,0.0
639919,2023-04-15,ligue1,2022,11147,Stade de Reims,Stade Rennais,0,308449,Emmanuel Agbadou,CD-R,1,1.0,24,3.0,1.0,0.0,3.0,1.0,0.0,0.0,,0.0,0.0,0.0,0.0,0.0,1.0
639919,2023-04-15,ligue1,2022,11147,Stade de Reims,Stade Rennais,0,246805,Thibault De Smet,LB,1,1.0,25,1.0,0.0,0.0,2.0,1.0,0.0,0.0,,0.0,0.0,0.0,0.0,0.0,0.0
639919,2023-04-15,ligue1,2022,11147,Stade de Reims,Stade Rennais,0,179985,Thomas Foket,RB,1,1.0,32,0.0,3.0,0.0,3.0,1.0,0.0,0.0,,0.0,0.0,0.0,0.0,0.0,0.0
639919,2023-04-15,ligue1,2022,11147,Stade de Reims,Stade Rennais,0,265916,Alexis Flips,AM,1,1.0,70,0.0,1.0,0.0,2.0,0.0,0.0,0.0,,0.0,0.0,0.0,0.0,0.0,0.0
639919,2023-04-15,ligue1,2022,11147,Stade de Reims,Stade Rennais,0,266096,Marshall Munetsi,LM,1,1.0,15,5.0,2.0,0.0,3.0,0.0,0.0,0.0,,0.0,1.0,0.0,0.0,3.0,1.0
639919,2023-04-15,ligue1,2022,11147,Stade de Reims,Stade Rennais,0,359165,Valentin Atangana,RM,1,1.0,49,1.0,2.0,0.0,3.0,0.0,0.0,0.0,,0.0,0.0,0.0,0.0,0.0,0.0
639919,2023-04-15,ligue1,2022,11147,Stade de Reims,Stade Rennais,0,282643,Folarin Balogun,F,1,1.0,29,0.0,2.0,0.0,3.0,1.0,0.0,0.0,,0.0,0.0,0.0,0.0,1.0,0.0
639919,2023-04-15,ligue1,2022,11147,Stade de Reims,Stade Rennais,0,202705,Arbër Zeneli,AM-L,1,1.0,10,0.0,0.0,0.0,2.0,0.0,0.0,0.0,,0.0,0.0,0.0,0.0,0.0,0.0
639919,2023-04-15,ligue1,2022,11147,Stade de Reims,Stade Rennais,0,219350,Junya Ito,AM-R,1,1.0,39,1.0,1.0,0.0,3.0,0.0,0.0,0.0,,0.0,0.0,0.0,0.0,0.0,0.0
639919,2023-04-15,ligue1,2022,11147,Stade de Reims,Stade Rennais,0,250529,Kaj Sierhuis,SUB,0,1.0,9,0.0,0.0,0.0,0.0,0.0,0.0,0.0,,0.0,0.0,1.0,0.0,0.0,0.0
639919,2023-04-15,ligue1,2022,11147,Stade de Reims,Stade Rennais,0,207878,Cheick Keita,SUB,0,0.0,43,0.0,0.0,0.0,0.0,0.0,0.0,0.0,,0.0,0.0,0.0,0.0,0.0,0.0
639919,2023-04-15,ligue1,2022,11147,Stade de Reims,Stade Rennais,0,231832,Mitchell van Bergen,SUB,0,1.0,19,0.0,0.0,0.0,1.0,0.0,0.0,0.0,,0.0,0.0,1.0,0.0,0.0,0.0
639919,2023-04-15,ligue1,2022,11147,Stade de Reims,Stade Rennais,0,330412,Kamory Doumbia,SUB,0,1.0,3,0.0,0.0,0.0,0.0,0.0,0.0,0.0,,0.0,0.0,1.0,0.0,0.0,0.0
639919,2023-04-15,ligue1,2022,11147,Stade de Reims,Stade Rennais,0,255654,Myziane Maolida,SUB,0,0.0,11,0.0,0.0,0.0,0.0,0.0,0.0,0.0,,0.0,0.0,0.0,0.0,0.0,0.0
639919,2023-04-15,ligue1,2022,11147,Stade de Reims,Stade Rennais,0,227051,Alexandre Olliero,SUB,0,0.0,96,0.0,0.0,0.0,0.0,,0.0,0.0,0.0,0.0,0.0,0.0,0.0,0.0,0.0
639919,2023-04-15,ligue1,2022,11147,Stade de Reims,Stade Rennais,0,287477,Dion Lopy,SUB,0,1.0,17,0.0,0.0,0.0,1.0,0.0,0.0,0.0,,0.0,0.0,1.0,0.0,0.0,0.0
639919,2023-04-15,ligue1,2022,11147,Stade de Reims,Stade Rennais,0,340578,Samuel Koeberle,SUB,0,0.0,48,0.0,0.0,0.0,0.0,0.0,0.0,0.0,,0.0,0.0,0.0,0.0,0.0,0.0
639919,2023-04-15,ligue1,2022,11147,Stade de Reims,Stade Rennais,0,276839,Maxime Busi,SUB,0,1.0,4,1.0,0.0,0.0,1.0,0.0,0.0,0.0,,0.0,0.0,1.0,0.0,0.0,0.0
639910,2023-04-16,ligue1,2022,11147,AC Ajaccio,Strasbourg,0,139363,Benjamin Leroy,G,1,1.0,1,0.0,0.0,0.0,3.0,,0.0,0.0,2.0,9.0,0.0,0.0,0.0,0.0,0.0
639910,2023-04-16,ligue1,2022,11147,AC Ajaccio,Strasbourg,0,89067,Cédric Avinel,CD-L,1,1.0,21,2.0,0.0,0.0,3.0,0.0,0.0,0.0,,0.0,0.0,0.0,0.0,0.0,1.0
639910,2023-04-16,ligue1,2022,11147,AC Ajaccio,Strasbourg,0,238259,Oumar Gonzalez,CD-R,1,1.0,25,5.0,1.0,0.0,3.0,0.0,0.0,0.0,,0.0,0.0,0.0,0.0,0.0,0.0
639910,2023-04-16,ligue1,2022,11147,AC Ajaccio,Strasbourg,0,187905,Youssouf Koné,LB,1,1.0,99,4.0,4.0,0.0,3.0,0.0,0.0,0.0,,0.0,0.0,0.0,0.0,0.0,1.0
639910,2023-04-16,ligue1,2022,11147,AC Ajaccio,Strasbourg,0,194710,Ismaël Diallo,RB,1,1.0,3,2.0,1.0,0.0,3.0,1.0,0.0,0.0,,0.0,0.0,0.0,0.0,0.0,1.0
639910,2023-04-16,ligue1,2022,11147,AC Ajaccio,Strasbourg,0,154616,Michael Barreto,AM,1,1.0,4,1.0,0.0,0.0,3.0,0.0,0.0,0.0,,0.0,1.0,0.0,1.0,3.0,0.0
639910,2023-04-16,ligue1,2022,11147,AC Ajaccio,Strasbourg,0,85080,Thomas Mangani,LM,1,1.0,23,0.0,2.0,0.0,3.0,0.0,0.0,0.0,,0.0,0.0,0.0,0.0,2.0,0.0
639910,2023-04-16,ligue1,2022,11147,AC Ajaccio,Strasbourg,0,84988,Mathieu Coutadeur,RM,1,1.0,6,0.0,0.0,0.0,1.0,0.0,0.0,0.0,,0.0,0.0,0.0,0.0,0.0,1.0
639910,2023-04-16,ligue1,2022,11147,AC Ajaccio,Strasbourg,0,282290,Mounaim El Idrissy,F,1,1.0,7,3.0,1.0,0.0,1.0,0.0,0.0,0.0,,0.0,0.0,0.0,0.0,0.0,1.0
639910,2023-04-16,ligue1,2022,11147,AC Ajaccio,Strasbourg,0,343952,Kevin Spadanuda,AM-L,1,1.0,27,1.0,0.0,0.0,1.0,0.0,0.0,0.0,,0.0,0.0,0.0,0.0,1.0,0.0
639910,2023-04-16,ligue1,2022,11147,AC Ajaccio,Strasbourg,0,247916,Cyrille Bayala,AM-R,1,1.0,14,1.0,1.0,0.0,1.0,0.0,0.0,0.0,,0.0,0.0,0.0,0.0,0.0,0.0
639910,2023-04-16,ligue1,2022,11147,AC Ajaccio,Strasbourg,0,138522,Riad Nouri,SUB,0,1.0,5,0.0,0.0,0.0,2.0,1.0,0.0,0.0,,0.0,0.0,1.0,0.0,0.0,0.0
639910,2023-04-16,ligue1,2022,11147,AC Ajaccio,Strasbourg,0,362062,Tony Strata,SUB,0,0.0,33,0.0,0.0,0.0,0.0,0.0,0.0,0.0,,0.0,0.0,0.0,0.0,0.0,0.0
639910,2023-04-16,ligue1,2022,11147,AC Ajaccio,Strasbourg,0,277284,Florian Chabrolle,SUB,0,0.0,29,0.0,0.0,0.0,0.0,0.0,0.0,0.0,,0.0,0.0,0.0,0.0,0.0,0.0
639910,2023-04-16,ligue1,2022,11147,AC Ajaccio,Strasbourg,0,356223,Anthony Khelifa,SUB,0,0.0,35,0.0,0.0,0.0,0.0,0.0,0.0,0.0,,0.0,0.0,0.0,0.0,0.0,0.0
639910,2023-04-16,ligue1,2022,11147,AC Ajaccio,Strasbourg,0,245914,Fernand Mayembo,SUB,0,0.0,77,0.0,0.0,0.0,0.0,0.0,0.0,0.0,,0.0,0.0,0.0,0.0,0.0,0.0
639910,2023-04-16,ligue1,2022,11147,AC Ajaccio,Strasbourg,0,219153,Vincent Marchetti,SUB,0,1.0,8,0.0,1.0,1.0,2.0,0.0,0.0,0.0,,0.0,0.0,1.0,0.0,1.0,0.0
639910,2023-04-16,ligue1,2022,11147,AC Ajaccio,Strasbourg,0,137415,Romain Hamouma,SUB,0,1.0,17,0.0,1.0,0.0,2.0,0.0,0.0,0.0,,0.0,0.0,1.0,0.0,1.0,0.0
639910,2023-04-16,ligue1,2022,11147,AC Ajaccio,Strasbourg,0,323810,Ghjuvanni Quilichini,SUB,0,0.0,30,0.0,0.0,0.0,0.0,,0.0,0.0,0.0,0.0,0.0,0.0,0.0,0.0,0.0
639910,2023-04-16,ligue1,2022,11147,AC Ajaccio,Strasbourg,0,158896,Yoann Touzghar,SUB,0,1.0,9,0.0,2.0,0.0,2.0,0.0,0.0,0.0,,0.0,0.0,1.0,0.0,0.0,0.0
639911,2023-04-16,ligue1,2022,11147,Nantes,AJ Auxerre,0,231282,Alban Lafont,G,1,1.0,1,0.0,0.0,0.0,2.0,,0.0,0.0,6.0,11.0,0.0,0.0,0.0,0.0,0.0
639911,2023-04-16,ligue1,2022,11147,Nantes,AJ Auxerre,0,146205,Nicolas Pallois,CD-L,1,1.0,4,1.0,0.0,0.0,2.0,1.0,0.0,0.0,,0.0,0.0,0.0,0.0,0.0,1.0
639911,2023-04-16,ligue1,2022,11147,Nantes,AJ Auxerre,0,185683,Jean-Charles Castelletto,CD-R,1,1.0,21,1.0,1.0,0.0,2.0,0.0,0.0,0.0,,0.0,0.0,0.0,0.0,0.0,0.0
639911,2023-04-16,ligue1,2022,11147,Nantes,AJ Auxerre,0,186952,Andrei Girotto,DM,1,1.0,3,0.0,1.0,0.0,2.0,0.0,0.0,0.0,,0.0,1.0,0.0,0.0,3.0,0.0
639911,2023-04-16,ligue1,2022,11147,Nantes,AJ Auxerre,0,306033,Jaouen Hadjam,LB,1,1.0,26,0.0,3.0,0.0,2.0,0.0,0.0,0.0,,0.0,0.0,0.0,0.0,0.0,0.0
639911,2023-04-16,ligue1,2022,11147,Nantes,AJ Auxerre,0,287946,João Victor,RB,1,1.0,38,1.0,3.0,0.0,2.0,0.0,0.0,0.0,,0.0,0.0,0.0,0.0,1.0,1.0
639911,2023-04-16,ligue1,2022,11147,Nantes,AJ Auxerre,0,260932,Samuel Moutoussamy,CM-L,1,1.0,8,1.0,0.0,0.0,2.0,0.0,0.0,0.0,,0.0,0.0,0.0,0.0,0.0,0.0
639911,2023-04-16,ligue1,2022,11147,Nantes,AJ Auxerre,0,104658,Moussa Sissoko,CM-R,1,1.0,17,0.0,0.0,0.0,2.0,0.0,0.0,0.0,,0.0,0.0,0.0,0.0,1.0,0.0
639911,2023-04-16,ligue1,2022,11147,Nantes,AJ Auxerre,0,187647,Moses Simon,LM,1,1.0,27,0.0,1.0,1.0,2.0,0.0,0.0,0.0,,0.0,0.0,0.0,0.0,0.0,0.0
639911,2023-04-16,ligue1,2022,11147,Nantes,AJ Auxerre,0,223120,Ludovic Blas,RM,1,1.0,10,0.0,1.0,0.0,2.0,0.0,0.0,0.0,,0.0,1.0,0.0,0.0,2.0,0.0
639911,2023-04-16,ligue1,2022,11147,Nantes,AJ Auxerre,0,243816,Mostafa Mohamed,F,1,1.0,31,1.0,2.0,0.0,2.0,0.0,0.0,0.0,,0.0,1.0,0.0,1.0,2.0,0.0
639911,2023-04-16,ligue1,2022,11147,Nantes,AJ Auxerre,0,360228,Stredair Appuah,SUB,0,1.0,33,0.0,0.0,0.0,0.0,0.0,0.0,0.0,,0.0,0.0,1.0,0.0,1.0,0.0
639911,2023-04-16,ligue1,2022,11147,Nantes,AJ Auxerre,0,262507,Ignatius Ganago,SUB,0,1.0,14,0.0,0.0,0.0,0.0,1.0,0.0,0.0,,0.0,1.0,1.0,0.0,2.0,0.0
639911,2023-04-16,ligue1,2022,11147,Nantes,AJ Auxerre,0,173616,Florent Mollet,SUB,0,1.0,25,0.0,2.0,0.0,0.0,0.0,0.0,0.0,,0.0,1.0,1.0,0.0,3.0,0.0
639911,2023-04-16,ligue1,2022,11147,Nantes,AJ Auxerre,0,138571,Andy Delort,SUB,0,1.0,99,1.0,0.0,0.0,0.0,0.0,0.0,0.0,,0.0,0.0,1.0,0.0,1.0,0.0
639911,2023-04-16,ligue1,2022,11147,Nantes,AJ Auxerre,0,132056,Sébastien Corchia,SUB,0,0.0,24,0.0,0.0,0.0,0.0,0.0,0.0,0.0,,0.0,0.0,0.0,0.0,0.0,0.0
639911,2023-04-16,ligue1,2022,11147,Nantes,AJ Auxerre,0,223339,Fabien Centonze,SUB,0,1.0,28,0.0,0.0,0.0,0.0,0.0,0.0,0.0,,0.0,0.0,1.0,0.0,2.0,0.0
639911,2023-04-16,ligue1,2022,11147,Nantes,AJ Auxerre,0,313890,Quentin Merlin,SUB,0,0.0,29,0.0,0.0,0.0,0.0,0.0,0.0,0.0,,0.0,0.0,0.0,0.0,0.0,0.0
639911,2023-04-16,ligue1,2022,11147,Nantes,AJ Auxerre,0,214739,Marcus Coco,SUB,0,0.0,11,0.0,0.0,0.0,0.0,0.0,0.0,0.0,,0.0,0.0,0.0,0.0,0.0,0.0
639911,2023-04-16,ligue1,2022,11147,Nantes,AJ Auxerre,0,93641,Denis Petric,SUB,0,0.0,30,0.0,0.0,0.0,0.0,,0.0,0.0,0.0,0.0,0.0,0.0,0.0,0.0,0.0
639914,2023-04-16,ligue1,2022,11147,Clermont Foot,Angers,1,197631,Mory Diaw,G,1,1.0,99,0.0,2.0,0.0,1.0,,0.0,0.0,3.0,6.0,0.0,0.0,0.0,0.0,0.0
639914,2023-04-16,ligue1,2022,11147,Clermont Foot,Angers,1,233027,Max Caufriez,CD-L,1,1.0,5,1.0,2.0,0.0,1.0,0.0,0.0,0.0,,0.0,0.0,0.0,0.0,1.0,0.0
639914,2023-04-16,ligue1,2022,11147,Clermont Foot,Angers,1,212258,Mateusz Wieteska,CD-R,1,1.0,4,0.0,1.0,0.0,1.0,0.0,0.0,0.0,,0.0,0.0,0.0,0.0,0.0,0.0
639914,2023-04-16,ligue1,2022,11147,Clermont Foot,Angers,1,272281,Neto Borges,LB,1,1.0,3,1.0,3.0,0.0,1.0,0.0,0.0,1.0,,0.0,0.0,0.0,0.0,0.0,0.0
639914,2023-04-16,ligue1,2022,11147,Clermont Foot,Angers,1,305669,Alidu Seidu,RB,1,1.0,36,1.0,2.0,0.0,1.0,0.0,0.0,1.0,,0.0,0.0,0.0,0.0,0.0,1.0
639914,2023-04-16,ligue1,2022,11147,Clermont Foot,Angers,1,293919,Muhammed-Cham Saracevic,AM,1,1.0,70,0.0,0.0,0.0,1.0,0.0,0.0,0.0,,0.0,1.0,0.0,1.0,3.0,0.0
639914,2023-04-16,ligue1,2022,11147,Clermont Foot,Angers,1,118091,Johan Gastien,LM,1,1.0,25,0.0,0.0,0.0,1.0,0.0,0.0,0.0,,0.0,0.0,0.0,0.0,0.0,0.0
639914,2023-04-16,ligue1,2022,11147,Clermont Foot,Angers,1,131748,Maxime Gonalons,RM,1,1.0,12,3.0,0.0,0.0,1.0,0.0,0.0,0.0,,0.0,1.0,0.0,0.0,1.0,0.0
639914,2023-04-16,ligue1,2022,11147,Clermont Foot,Angers,1,211668,Grejohn Kyei,F,1,1.0,95,1.0,3.0,0.0,1.0,0.0,0.0,0.0,,0.0,1.0,0.0,1.0,5.0,0.0
639914,2023-04-16,ligue1,2022,11147,Clermont Foot,Angers,1,221165,Elbasan Rashani,AM-L,1,1.0,18,2.0,1.0,0.0,1.0,0.0,0.0,0.0,,0.0,0.0,0.0,0.0,0.0,0.0
639914,2023-04-16,ligue1,2022,11147,Clermont Foot,Angers,1,284333,Jim Allevinah,AM-R,1,1.0,11,1.0,0.0,0.0,1.0,0.0,0.0,0.0,,0.0,1.0,0.0,0.0,1.0,0.0
639914,2023-04-16,ligue1,2022,11147,Clermont Foot,Angers,1,304184,Lucas Margueron,SUB,0,0.0,16,0.0,0.0,0.0,0.0,,0.0,0.0,0.0,0.0,0.0,0.0,0.0,0.0,0.0
639914,2023-04-16,ligue1,2022,11147,Clermont Foot,Angers,1,150292,Florent Ogier,SUB,0,1.0,21,0.0,0.0,0.0,0.0,0.0,0.0,0.0,,0.0,0.0,1.0,0.0,0.0,0.0
639914,2023-04-16,ligue1,2022,11147,Clermont Foot,Angers,1,169822,Mehdi Zeffane,SUB,0,1.0,2,0.0,0.0,0.0,0.0,0.0,0.0,0.0,,0.0,0.0,1.0,0.0,0.0,0.0
639914,2023-04-16,ligue1,2022,11147,Clermont Foot,Angers,1,360221,Stan Berkani,SUB,0,0.0,33,0.0,0.0,0.0,0.0,0.0,0.0,0.0,,0.0,0.0,0.0,0.0,0.0,0.0
639914,2023-04-16,ligue1,2022,11147,Clermont Foot,Angers,1,359153,Cheick Konate,SUB,0,1.0,15,0.0,0.0,0.0,0.0,0.0,0.0,0.0,,0.0,0.0,1.0,0.0,0.0,0.0
639914,2023-04-16,ligue1,2022,11147,Clermont Foot,Angers,1,179229,Jérémie Bela,SUB,0,0.0,91,0.0,0.0,0.0,0.0,0.0,0.0,0.0,,0.0,0.0,0.0,0.0,0.0,0.0
639914,2023-04-16,ligue1,2022,11147,Clermont Foot,Angers,1,329077,Aiman Maurer,SUB,0,0.0,22,0.0,0.0,0.0,0.0,0.0,0.0,0.0,,0.0,0.0,0.0,0.0,0.0,0.0
639914,2023-04-16,ligue1,2022,11147,Clermont Foot,Angers,1,276441,Yohann Magnin,SUB,0,1.0,7,0.0,1.0,0.0,0.0,0.0,0.0,0.0,,0.0,1.0,1.0,0.0,1.0,0.0
639915,2023-04-16,ligue1,2022,11147,Montpellier,Lille,0,149517,Benjamin Lecomte,G,1,1.0,40,0.0,0.0,0.0,2.0,,0.0,0.0,5.0,15.0,0.0,0.0,0.0,0.0,0.0
639915,2023-04-16,ligue1,2022,11147,Montpellier,Lille,0,263282,Boubakar Kiki Kouyate,CD-L,1,1.0,4,5.0,1.0,0.0,2.0,0.0,0.0,0.0,,0.0,0.0,0.0,0.0,0.0,1.0
639915,2023-04-16,ligue1,2022,11147,Montpellier,Lille,0,172984,Christopher Jullien,CD-R,1,1.0,6,2.0,0.0,0.0,2.0,0.0,0.0,0.0,,0.0,0.0,0.0,0.0,0.0,1.0
639915,2023-04-16,ligue1,2022,11147,Montpellier,Lille,0,180747,Issiaga Sylla,LB,1,1.0,3,0.0,1.0,0.0,2.0,1.0,0.0,0.0,,0.0,1.0,0.0,1.0,1.0,0.0
639915,2023-04-16,ligue1,2022,11147,Montpellier,Lille,0,219465,Falaye Sacko,RB,1,1.0,77,2.0,0.0,0.0,2.0,0.0,0.0,0.0,,0.0,0.0,0.0,0.0,0.0,0.0
639915,2023-04-16,ligue1,2022,11147,Montpellier,Lille,0,163924,Téji Savanier,AM,1,1.0,11,2.0,3.0,0.0,2.0,0.0,0.0,0.0,,0.0,0.0,0.0,0.0,1.0,0.0
639915,2023-04-16,ligue1,2022,11147,Montpellier,Lille,0,291850,Joris Chotard,LM,1,1.0,13,0.0,0.0,0.0,2.0,0.0,0.0,0.0,,0.0,0.0,0.0,0.0,0.0,0.0
639915,2023-04-16,ligue1,2022,11147,Montpellier,Lille,0,167727,Jordan Ferri,RM,1,1.0,12,2.0,1.0,0.0,2.0,0.0,0.0,0.0,,0.0,0.0,0.0,0.0,1.0,0.0
639915,2023-04-16,ligue1,2022,11147,Montpellier,Lille,0,311118,Elye Wahi,F,1,1.0,21,2.0,1.0,1.0,0.0,0.0,0.0,0.0,,0.0,0.0,0.0,0.0,1.0,1.0
639915,2023-04-16,ligue1,2022,11147,Montpellier,Lille,0,132241,Wahbi Khazri,AM-L,1,1.0,99,2.0,1.0,0.0,0.0,2.0,0.0,0.0,,0.0,0.0,0.0,0.0,0.0,0.0
639915,2023-04-16,ligue1,2022,11147,Montpellier,Lille,0,242738,Arnaud Nordin,AM-R,1,1.0,7,0.0,5.0,0.0,2.0,0.0,0.0,0.0,,0.0,0.0,0.0,0.0,0.0,0.0
639915,2023-04-16,ligue1,2022,11147,Montpellier,Lille,0,334986,Enzo Tchato,SUB,0,0.0,29,0.0,0.0,0.0,0.0,0.0,0.0,0.0,,0.0,0.0,0.0,0.0,0.0,0.0
639915,2023-04-16,ligue1,2022,11147,Montpellier,Lille,0,218754,Dimitry Bertaud,SUB,0,0.0,16,0.0,0.0,0.0,0.0,,0.0,0.0,0.0,0.0,0.0,0.0,0.0,0.0,0.0
639915,2023-04-16,ligue1,2022,11147,Montpellier,Lille,0,286120,Leo Leroy,SUB,0,1.0,18,0.0,0.0,0.0,0.0,0.0,0.0,0.0,,0.0,0.0,1.0,0.0,0.0,0.0
639915,2023-04-16,ligue1,2022,11147,Montpellier,Lille,0,344231,Khalil Fayad,SUB,0,1.0,22,1.0,0.0,0.0,0.0,0.0,0.0,0.0,,0.0,0.0,1.0,0.0,0.0,0.0
639915,2023-04-16,ligue1,2022,11147,Montpellier,Lille,0,225549,Stephy Mavididi,SUB,0,1.0,10,0.0,0.0,0.0,2.0,0.0,0.0,0.0,,0.0,0.0,1.0,0.0,0.0,0.0
639915,2023-04-16,ligue1,2022,11147,Montpellier,Lille,0,223557,Faitout Maouassa,SUB,0,1.0,27,1.0,1.0,0.0,2.0,0.0,0.0,0.0,,0.0,0.0,1.0,0.0,0.0,0.0
639915,2023-04-16,ligue1,2022,11147,Montpellier,Lille,0,157901,Valère Germain,SUB,0,1.0,9,0.0,0.0,0.0,0.0,0.0,0.0,0.0,,0.0,0.0,1.0,0.0,0.0,0.0
639915,2023-04-16,ligue1,2022,11147,Montpellier,Lille,0,96162,Mamadou Sakho,SUB,0,0.0,75,0.0,0.0,0.0,0.0,0.0,0.0,0.0,,0.0,0.0,0.0,0.0,0.0,0.0
639915,2023-04-16,ligue1,2022,11147,Montpellier,Lille,0,169222,Pedro Mendes,SUB,0,0.0,5,0.0,0.0,0.0,0.0,0.0,0.0,0.0,,0.0,0.0,0.0,0.0,0.0,0.0
639920,2023-04-23,ligue1,2022,11147,Clermont Foot,Nice,0,197631,Mory Diaw,G,1,1.0,99,0.0,0.0,0.0,1.0,,0.0,0.0,4.0,13.0,0.0,0.0,0.0,0.0,0.0
639920,2023-04-23,ligue1,2022,11147,Clermont Foot,Nice,0,212258,Mateusz Wieteska,CD,1,1.0,4,1.0,1.0,0.0,1.0,0.0,0.0,0.0,,0.0,0.0,0.0,0.0,0.0,0.0
639920,2023-04-23,ligue1,2022,11147,Clermont Foot,Nice,0,233027,Max Caufriez,CD-L,1,1.0,5,2.0,2.0,0.0,1.0,0.0,0.0,0.0,,0.0,0.0,0.0,0.0,0.0,1.0
639920,2023-04-23,ligue1,2022,11147,Clermont Foot,Nice,0,150292,Florent Ogier,CD-R,1,1.0,21,0.0,0.0,0.0,1.0,0.0,0.0,0.0,,0.0,0.0,0.0,0.0,0.0,0.0
639920,2023-04-23,ligue1,2022,11147,Clermont Foot,Nice,0,284333,Jim Allevinah,LB,1,1.0,11,1.0,2.0,0.0,1.0,0.0,0.0,0.0,,0.0,0.0,0.0,0.0,0.0,0.0
639920,2023-04-23,ligue1,2022,11147,Clermont Foot,Nice,0,169822,Mehdi Zeffane,RB,1,1.0,2,0.0,0.0,0.0,1.0,0.0,0.0,0.0,,0.0,0.0,0.0,0.0,0.0,0.0
639920,2023-04-23,ligue1,2022,11147,Clermont Foot,Nice,0,118091,Johan Gastien,CM-L,1,1.0,25,0.0,1.0,1.0,1.0,0.0,0.0,0.0,,0.0,0.0,0.0,0.0,0.0,0.0
639920,2023-04-23,ligue1,2022,11147,Clermont Foot,Nice,0,131748,Maxime Gonalons,CM-R,1,1.0,12,0.0,2.0,0.0,1.0,0.0,0.0,0.0,,0.0,0.0,0.0,0.0,0.0,0.0
639920,2023-04-23,ligue1,2022,11147,Clermont Foot,Nice,0,221165,Elbasan Rashani,LM,1,1.0,18,0.0,1.0,0.0,1.0,0.0,0.0,0.0,,0.0,0.0,0.0,0.0,1.0,0.0
639920,2023-04-23,ligue1,2022,11147,Clermont Foot,Nice,0,293919,Muhammed-Cham Saracevic,RM,1,1.0,70,0.0,3.0,0.0,1.0,1.0,0.0,0.0,,0.0,2.0,0.0,1.0,4.0,0.0
639920,2023-04-23,ligue1,2022,11147,Clermont Foot,Nice,0,211668,Grejohn Kyei,F,1,1.0,95,4.0,4.0,1.0,1.0,0.0,0.0,0.0,,0.0,0.0,0.0,0.0,2.0,1.0
639920,2023-04-23,ligue1,2022,11147,Clermont Foot,Nice,0,345391,Souleymane Cissé,SUB,0,0.0,13,0.0,0.0,0.0,0.0,0.0,0.0,0.0,,0.0,0.0,0.0,0.0,0.0,0.0
639920,2023-04-23,ligue1,2022,11147,Clermont Foot,Nice,0,359153,Cheick Konate,SUB,0,1.0,15,0.0,1.0,0.0,0.0,0.0,0.0,0.0,,0.0,0.0,1.0,0.0,0.0,0.0
639920,2023-04-23,ligue1,2022,11147,Clermont Foot,Nice,0,179229,Jérémie Bela,SUB,0,1.0,91,0.0,1.0,0.0,0.0,0.0,0.0,0.0,,0.0,0.0,1.0,0.0,1.0,0.0
639920,2023-04-23,ligue1,2022,11147,Clermont Foot,Nice,0,360221,Stan Berkani,SUB,0,0.0,33,0.0,0.0,0.0,0.0,0.0,0.0,0.0,,0.0,0.0,0.0,0.0,0.0,0.0
639920,2023-04-23,ligue1,2022,11147,Clermont Foot,Nice,0,332869,Wabo Kamdem,SUB,0,0.0,17,0.0,0.0,0.0,0.0,0.0,0.0,0.0,,0.0,0.0,0.0,0.0,0.0,0.0
639920,2023-04-23,ligue1,2022,11147,Clermont Foot,Nice,0,329077,Aiman Maurer,SUB,0,0.0,22,0.0,0.0,0.0,0.0,0.0,0.0,0.0,,0.0,0.0,0.0,0.0,0.0,0.0
639920,2023-04-23,ligue1,2022,11147,Clermont Foot,Nice,0,276441,Yohann Magnin,SUB,0,1.0,7,0.0,0.0,0.0,0.0,0.0,0.0,0.0,,0.0,0.0,1.0,0.0,0.0,0.0
639920,2023-04-23,ligue1,2022,11147,Clermont Foot,Nice,0,304184,Lucas Margueron,SUB,0,0.0,16,0.0,0.0,0.0,0.0,,0.0,0.0,0.0,0.0,0.0,0.0,0.0,0.0,0.0
639920,2023-04-23,ligue1,2022,11147,Clermont Foot,Nice,0,192989,Saif-Eddine Khaoui,SUB,0,1.0,10,1.0,1.0,0.0,0.0,0.0,0.0,0.0,,0.0,1.0,1.0,1.0,1.0,0.0
639921,2023-04-23,ligue1,2022,11147,AC Ajaccio,Brest,1,139363,Benjamin Leroy,G,1,1.0,1,0.0,1.0,0.0,0.0,,0.0,0.0,2.0,8.0,0.0,0.0,0.0,0.0,0.0
639921,2023-04-23,ligue1,2022,11147,AC Ajaccio,Brest,1,275654,Clément Vidal,CD-L,1,1.0,15,0.0,1.0,0.0,0.0,0.0,0.0,0.0,,0.0,0.0,0.0,0.0,0.0,0.0
639921,2023-04-23,ligue1,2022,11147,AC Ajaccio,Brest,1,238259,Oumar Gonzalez,CD-R,1,1.0,25,2.0,1.0,0.0,0.0,0.0,0.0,0.0,,0.0,1.0,0.0,0.0,1.0,0.0
639921,2023-04-23,ligue1,2022,11147,AC Ajaccio,Brest,1,187905,Youssouf Koné,LB,1,1.0,99,1.0,1.0,0.0,0.0,0.0,0.0,0.0,,0.0,0.0,0.0,0.0,0.0,0.0
639921,2023-04-23,ligue1,2022,11147,AC Ajaccio,Brest,1,194710,Ismaël Diallo,RB,1,1.0,3,1.0,5.0,0.0,0.0,0.0,0.0,0.0,,0.0,0.0,0.0,0.0,0.0,1.0
639921,2023-04-23,ligue1,2022,11147,AC Ajaccio,Brest,1,85080,Thomas Mangani,CM-L,1,1.0,23,1.0,2.0,0.0,0.0,1.0,0.0,0.0,,0.0,0.0,0.0,0.0,0.0,0.0
639921,2023-04-23,ligue1,2022,11147,AC Ajaccio,Brest,1,219153,Vincent Marchetti,CM-R,1,1.0,8,1.0,2.0,0.0,0.0,0.0,0.0,0.0,,0.0,0.0,0.0,0.0,0.0,0.0
639921,2023-04-23,ligue1,2022,11147,AC Ajaccio,Brest,1,264770,Youcef Belaïli,LM,1,1.0,10,0.0,2.0,0.0,0.0,1.0,0.0,0.0,,0.0,1.0,0.0,0.0,1.0,0.0
639921,2023-04-23,ligue1,2022,11147,AC Ajaccio,Brest,1,154616,Michael Barreto,RM,1,1.0,4,0.0,0.0,0.0,0.0,0.0,0.0,0.0,,0.0,0.0,0.0,0.0,0.0,0.0
639921,2023-04-23,ligue1,2022,11147,AC Ajaccio,Brest,1,282290,Mounaim El Idrissy,CF-L,1,1.0,7,3.0,2.0,0.0,0.0,0.0,0.0,0.0,,0.0,0.0,0.0,0.0,0.0,1.0
639921,2023-04-23,ligue1,2022,11147,AC Ajaccio,Brest,1,137415,Romain Hamouma,CF-R,1,1.0,17,0.0,0.0,0.0,0.0,0.0,0.0,0.0,,0.0,0.0,0.0,0.0,0.0,0.0
639921,2023-04-23,ligue1,2022,11147,AC Ajaccio,Brest,1,357000,Moussa Soumano,SUB,0,0.0,34,0.0,0.0,0.0,0.0,0.0,0.0,0.0,,0.0,0.0,0.0,0.0,0.0,0.0
639921,2023-04-23,ligue1,2022,11147,AC Ajaccio,Brest,1,84988,Mathieu Coutadeur,SUB,0,0.0,6,0.0,0.0,0.0,0.0,0.0,0.0,0.0,,0.0,0.0,0.0,0.0,0.0,0.0
639921,2023-04-23,ligue1,2022,11147,AC Ajaccio,Brest,1,277284,Florian Chabrolle,SUB,0,0.0,29,0.0,0.0,0.0,0.0,0.0,0.0,0.0,,0.0,0.0,0.0,0.0,0.0,0.0
639921,2023-04-23,ligue1,2022,11147,AC Ajaccio,Brest,1,247916,Cyrille Bayala,SUB,0,1.0,14,0.0,1.0,0.0,0.0,0.0,0.0,0.0,,0.0,0.0,1.0,0.0,1.0,0.0
639921,2023-04-23,ligue1,2022,11147,AC Ajaccio,Brest,1,204683,Francois-Joseph Sollacaro,SUB,0,0.0,16,0.0,0.0,0.0,0.0,,0.0,0.0,0.0,0.0,0.0,0.0,0.0,0.0,0.0
639921,2023-04-23,ligue1,2022,11147,AC Ajaccio,Brest,1,343952,Kevin Spadanuda,SUB,0,1.0,27,0.0,1.0,0.0,0.0,0.0,0.0,0.0,,0.0,0.0,1.0,0.0,0.0,0.0
639921,2023-04-23,ligue1,2022,11147,AC Ajaccio,Brest,1,245914,Fernand Mayembo,SUB,0,0.0,77,0.0,0.0,0.0,0.0,0.0,0.0,0.0,,0.0,0.0,0.0,0.0,0.0,0.0
639921,2023-04-23,ligue1,2022,11147,AC Ajaccio,Brest,1,89067,Cédric Avinel,SUB,0,1.0,21,0.0,0.0,0.0,0.0,0.0,0.0,0.0,,0.0,0.0,1.0,0.0,0.0,0.0
639921,2023-04-23,ligue1,2022,11147,AC Ajaccio,Brest,1,158896,Yoann Touzghar,SUB,0,1.0,9,1.0,0.0,0.0,0.0,0.0,0.0,1.0,,0.0,0.0,1.0,0.0,0.0,0.0
639922,2023-04-23,ligue1,2022,11147,Stade de Reims,Strasbourg,1,241029,Yehvann Diouf,G,1,1.0,94,0.0,0.0,0.0,2.0,,0.0,0.0,2.0,7.0,0.0,0.0,0.0,0.0,0.0
639922,2023-04-23,ligue1,2022,11147,Stade de Reims,Strasbourg,1,166634,Yunis Abdelhamid,CD-L,1,1.0,5,1.0,2.0,0.0,2.0,0.0,0.0,0.0,,0.0,0.0,0.0,0.0,0.0,0.0
639922,2023-04-23,ligue1,2022,11147,Stade de Reims,Strasbourg,1,308449,Emmanuel Agbadou,CD-R,1,1.0,24,0.0,0.0,0.0,2.0,0.0,0.0,0.0,,0.0,0.0,0.0,0.0,1.0,1.0
639922,2023-04-23,ligue1,2022,11147,Stade de Reims,Strasbourg,1,276839,Maxime Busi,LB,1,1.0,4,2.0,1.0,0.0,2.0,0.0,0.0,0.0,,0.0,0.0,0.0,0.0,0.0,0.0
639922,2023-04-23,ligue1,2022,11147,Stade de Reims,Strasbourg,1,179985,Thomas Foket,RB,1,1.0,32,0.0,1.0,0.0,2.0,0.0,0.0,0.0,,0.0,0.0,0.0,0.0,0.0,0.0
639922,2023-04-23,ligue1,2022,11147,Stade de Reims,Strasbourg,1,266096,Marshall Munetsi,AM,1,1.0,15,0.0,0.0,0.0,2.0,0.0,0.0,0.0,,0.0,0.0,0.0,0.0,2.0,0.0
639922,2023-04-23,ligue1,2022,11147,Stade de Reims,Strasbourg,1,246825,Azor Matusiwa,LM,1,1.0,21,0.0,1.0,0.0,2.0,0.0,0.0,0.0,,0.0,0.0,0.0,0.0,0.0,0.0
639922,2023-04-23,ligue1,2022,11147,Stade de Reims,Strasbourg,1,287477,Dion Lopy,RM,1,1.0,17,4.0,2.0,0.0,2.0,0.0,0.0,0.0,,0.0,0.0,0.0,0.0,1.0,1.0
639922,2023-04-23,ligue1,2022,11147,Stade de Reims,Strasbourg,1,282643,Folarin Balogun,F,1,1.0,29,1.0,2.0,0.0,2.0,1.0,0.0,0.0,,0.0,1.0,0.0,0.0,4.0,0.0
639922,2023-04-23,ligue1,2022,11147,Stade de Reims,Strasbourg,1,231832,Mitchell van Bergen,AM-L,1,1.0,19,0.0,0.0,0.0,2.0,0.0,0.0,0.0,,0.0,0.0,0.0,0.0,1.0,0.0
639922,2023-04-23,ligue1,2022,11147,Stade de Reims,Strasbourg,1,219350,Junya Ito,AM-R,1,1.0,39,2.0,0.0,0.0,2.0,0.0,0.0,0.0,,0.0,1.0,0.0,0.0,1.0,0.0
639922,2023-04-23,ligue1,2022,11147,Stade de Reims,Strasbourg,1,330412,Kamory Doumbia,SUB,0,1.0,3,1.0,1.0,0.0,0.0,0.0,0.0,0.0,,0.0,0.0,1.0,0.0,1.0,0.0
639922,2023-04-23,ligue1,2022,11147,Stade de Reims,Strasbourg,1,274971,Jens Cajuste,SUB,0,1.0,8,0.0,1.0,0.0,0.0,0.0,0.0,0.0,,0.0,0.0,1.0,0.0,0.0,0.0
639922,2023-04-23,ligue1,2022,11147,Stade de Reims,Strasbourg,1,227051,Alexandre Olliero,SUB,0,0.0,96,0.0,0.0,0.0,0.0,,0.0,0.0,0.0,0.0,0.0,0.0,0.0,0.0,0.0
639922,2023-04-23,ligue1,2022,11147,Stade de Reims,Strasbourg,1,202705,Arbër Zeneli,SUB,0,0.0,10,0.0,0.0,0.0,0.0,0.0,0.0,0.0,,0.0,0.0,0.0,0.0,0.0,0.0
639922,2023-04-23,ligue1,2022,11147,Stade de Reims,Strasbourg,1,359165,Valentin Atangana,SUB,0,0.0,49,0.0,0.0,0.0,0.0,0.0,0.0,0.0,,0.0,0.0,0.0,0.0,0.0,0.0
639922,2023-04-23,ligue1,2022,11147,Stade de Reims,Strasbourg,1,265916,Alexis Flips,SUB,0,1.0,70,0.0,1.0,0.0,0.0,0.0,0.0,0.0,,0.0,0.0,1.0,0.0,1.0,0.0
639922,2023-04-23,ligue1,2022,11147,Stade de Reims,Strasbourg,1,207878,Cheick Keita,SUB,0,0.0,43,0.0,0.0,0.0,0.0,0.0,0.0,0.0,,0.0,0.0,0.0,0.0,0.0,0.0
639922,2023-04-23,ligue1,2022,11147,Stade de Reims,Strasbourg,1,246805,Thibault De Smet,SUB,0,1.0,25,0.0,0.0,0.0,0.0,0.0,0.0,0.0,,0.0,0.0,1.0,0.0,0.0,0.0
639922,2023-04-23,ligue1,2022,11147,Stade de Reims,Strasbourg,1,250529,Kaj Sierhuis,SUB,0,1.0,9,0.0,0.0,0.0,0.0,0.0,0.0,0.0,,0.0,1.0,1.0,0.0,3.0,0.0
639928,2023-04-23,ligue1,2022,11147,Montpellier,Stade Rennais,1,149517,Benjamin Lecomte,G,1,1.0,40,0.0,0.0,0.0,0.0,,0.0,0.0,4.0,16.0,0.0,0.0,0.0,0.0,0.0
639928,2023-04-23,ligue1,2022,11147,Montpellier,Stade Rennais,1,263282,Boubakar Kiki Kouyate,CD-L,1,1.0,4,2.0,1.0,0.0,0.0,0.0,0.0,0.0,,0.0,0.0,0.0,0.0,0.0,1.0
639928,2023-04-23,ligue1,2022,11147,Montpellier,Stade Rennais,1,172984,Christopher Jullien,CD-R,1,1.0,6,0.0,0.0,1.0,0.0,0.0,0.0,0.0,,0.0,0.0,0.0,0.0,0.0,0.0
639928,2023-04-23,ligue1,2022,11147,Montpellier,Stade Rennais,1,180747,Issiaga Sylla,LB,1,1.0,3,0.0,0.0,0.0,0.0,0.0,0.0,0.0,,0.0,0.0,0.0,0.0,0.0,0.0
639928,2023-04-23,ligue1,2022,11147,Montpellier,Stade Rennais,1,219465,Falaye Sacko,RB,1,1.0,77,1.0,0.0,0.0,0.0,0.0,0.0,0.0,,0.0,0.0,0.0,0.0,1.0,0.0
639928,2023-04-23,ligue1,2022,11147,Montpellier,Stade Rennais,1,163924,Téji Savanier,AM,1,1.0,11,2.0,2.0,0.0,0.0,0.0,0.0,1.0,,0.0,0.0,0.0,0.0,1.0,0.0
639928,2023-04-23,ligue1,2022,11147,Montpellier,Stade Rennais,1,286120,Leo Leroy,LM,1,1.0,18,2.0,2.0,0.0,0.0,1.0,0.0,0.0,,0.0,1.0,0.0,0.0,1.0,0.0
639928,2023-04-23,ligue1,2022,11147,Montpellier,Stade Rennais,1,167727,Jordan Ferri,RM,1,1.0,12,3.0,3.0,0.0,0.0,1.0,0.0,0.0,,0.0,0.0,0.0,0.0,1.0,0.0
639928,2023-04-23,ligue1,2022,11147,Montpellier,Stade Rennais,1,311118,Elye Wahi,F,1,1.0,21,0.0,1.0,0.0,0.0,0.0,0.0,0.0,,0.0,0.0,0.0,0.0,1.0,1.0
639928,2023-04-23,ligue1,2022,11147,Montpellier,Stade Rennais,1,132241,Wahbi Khazri,AM-L,1,1.0,99,0.0,1.0,0.0,0.0,0.0,0.0,0.0,,0.0,0.0,0.0,0.0,3.0,1.0
639928,2023-04-23,ligue1,2022,11147,Montpellier,Stade Rennais,1,242738,Arnaud Nordin,AM-R,1,1.0,7,1.0,1.0,0.0,0.0,0.0,0.0,0.0,,0.0,0.0,0.0,0.0,1.0,0.0
639928,2023-04-23,ligue1,2022,11147,Montpellier,Stade Rennais,1,334986,Enzo Tchato,SUB,0,0.0,29,0.0,0.0,0.0,0.0,0.0,0.0,0.0,,0.0,0.0,0.0,0.0,0.0,0.0
639928,2023-04-23,ligue1,2022,11147,Montpellier,Stade Rennais,1,223557,Faitout Maouassa,SUB,0,1.0,27,0.0,1.0,0.0,0.0,0.0,0.0,0.0,,0.0,0.0,1.0,0.0,0.0,0.0
639928,2023-04-23,ligue1,2022,11147,Montpellier,Stade Rennais,1,218754,Dimitry Bertaud,SUB,0,0.0,16,0.0,0.0,0.0,0.0,,0.0,0.0,0.0,0.0,0.0,0.0,0.0,0.0,0.0
639928,2023-04-23,ligue1,2022,11147,Montpellier,Stade Rennais,1,344231,Khalil Fayad,SUB,0,0.0,22,0.0,0.0,0.0,0.0,0.0,0.0,0.0,,0.0,0.0,0.0,0.0,0.0,0.0
639928,2023-04-23,ligue1,2022,11147,Montpellier,Stade Rennais,1,157901,Valère Germain,SUB,0,0.0,9,0.0,0.0,0.0,0.0,0.0,0.0,0.0,,0.0,0.0,0.0,0.0,0.0,0.0
639928,2023-04-23,ligue1,2022,11147,Montpellier,Stade Rennais,1,96162,Mamadou Sakho,SUB,0,0.0,75,0.0,0.0,0.0,0.0,0.0,0.0,0.0,,0.0,0.0,0.0,0.0,0.0,0.0
639928,2023-04-23,ligue1,2022,11147,Montpellier,Stade Rennais,1,291850,Joris Chotard,SUB,0,1.0,13,0.0,0.0,0.0,0.0,0.0,0.0,0.0,,0.0,0.0,1.0,0.0,0.0,0.0
639928,2023-04-23,ligue1,2022,11147,Montpellier,Stade Rennais,1,304899,Thibault Tamas,SUB,0,0.0,26,0.0,0.0,0.0,0.0,0.0,0.0,0.0,,0.0,0.0,0.0,0.0,0.0,0.0
639928,2023-04-23,ligue1,2022,11147,Montpellier,Stade Rennais,1,225549,Stephy Mavididi,SUB,0,1.0,10,0.0,0.0,0.0,0.0,0.0,0.0,0.0,,0.0,1.0,1.0,1.0,1.0,0.0
639929,2023-04-23,ligue1,2022,11147,Nantes,Troyes,1,231282,Alban Lafont,G,1,1.0,1,0.0,0.0,0.0,2.0,,0.0,0.0,3.0,7.0,0.0,0.0,0.0,0.0,0.0
639929,2023-04-23,ligue1,2022,11147,Nantes,Troyes,1,146205,Nicolas Pallois,CD-L,1,1.0,4,0.0,1.0,0.0,2.0,0.0,0.0,0.0,,0.0,1.0,0.0,1.0,1.0,0.0
639929,2023-04-23,ligue1,2022,11147,Nantes,Troyes,1,185683,Jean-Charles Castelletto,CD-R,1,1.0,21,1.0,0.0,0.0,2.0,0.0,0.0,0.0,,0.0,1.0,0.0,0.0,1.0,0.0
639929,2023-04-23,ligue1,2022,11147,Nantes,Troyes,1,313890,Quentin Merlin,LB,1,1.0,29,0.0,0.0,0.0,1.0,0.0,0.0,0.0,,0.0,0.0,0.0,0.0,0.0,0.0
639929,2023-04-23,ligue1,2022,11147,Nantes,Troyes,1,223339,Fabien Centonze,RB,1,1.0,28,2.0,1.0,0.0,2.0,0.0,0.0,0.0,,0.0,0.0,0.0,0.0,2.0,1.0
639929,2023-04-23,ligue1,2022,11147,Nantes,Troyes,1,260932,Samuel Moutoussamy,CM-L,1,1.0,8,0.0,3.0,0.0,2.0,0.0,0.0,0.0,,0.0,0.0,0.0,0.0,1.0,0.0
639929,2023-04-23,ligue1,2022,11147,Nantes,Troyes,1,104658,Moussa Sissoko,CM-R,1,1.0,17,2.0,0.0,0.0,1.0,0.0,0.0,0.0,,0.0,0.0,0.0,0.0,0.0,0.0
639929,2023-04-23,ligue1,2022,11147,Nantes,Troyes,1,187647,Moses Simon,LM,1,1.0,27,0.0,1.0,0.0,1.0,0.0,0.0,0.0,,0.0,0.0,0.0,0.0,1.0,0.0
639929,2023-04-23,ligue1,2022,11147,Nantes,Troyes,1,223120,Ludovic Blas,RM,1,1.0,10,3.0,4.0,1.0,1.0,0.0,0.0,0.0,,0.0,0.0,0.0,0.0,1.0,0.0
639929,2023-04-23,ligue1,2022,11147,Nantes,Troyes,1,138571,Andy Delort,CF-L,1,1.0,99,0.0,0.0,0.0,1.0,0.0,0.0,0.0,,0.0,2.0,0.0,0.0,4.0,0.0
639929,2023-04-23,ligue1,2022,11147,Nantes,Troyes,1,243816,Mostafa Mohamed,CF-R,1,1.0,31,2.0,0.0,0.0,2.0,0.0,0.0,0.0,,0.0,2.0,0.0,0.0,4.0,0.0
639929,2023-04-23,ligue1,2022,11147,Nantes,Troyes,1,262507,Ignatius Ganago,SUB,0,1.0,14,0.0,0.0,0.0,1.0,0.0,0.0,0.0,,0.0,0.0,1.0,0.0,1.0,0.0
639929,2023-04-23,ligue1,2022,11147,Nantes,Troyes,1,288924,Evann Guessand,SUB,0,1.0,7,0.0,0.0,0.0,1.0,0.0,0.0,0.0,,0.0,1.0,1.0,1.0,1.0,0.0
639929,2023-04-23,ligue1,2022,11147,Nantes,Troyes,1,287946,João Victor,SUB,0,1.0,38,0.0,0.0,0.0,1.0,0.0,0.0,0.0,,0.0,0.0,1.0,0.0,0.0,0.0
639929,2023-04-23,ligue1,2022,11147,Nantes,Troyes,1,132056,Sébastien Corchia,SUB,0,0.0,24,0.0,0.0,0.0,0.0,0.0,0.0,0.0,,0.0,0.0,0.0,0.0,0.0,0.0
639929,2023-04-23,ligue1,2022,11147,Nantes,Troyes,1,306033,Jaouen Hadjam,SUB,0,0.0,26,0.0,0.0,0.0,0.0,0.0,0.0,0.0,,0.0,0.0,0.0,0.0,0.0,0.0
639929,2023-04-23,ligue1,2022,11147,Nantes,Troyes,1,214739,Marcus Coco,SUB,0,1.0,11,1.0,0.0,0.0,1.0,0.0,0.0,0.0,,0.0,0.0,1.0,0.0,0.0,0.0
639929,2023-04-23,ligue1,2022,11147,Nantes,Troyes,1,173616,Florent Mollet,SUB,0,1.0,25,0.0,1.0,1.0,1.0,1.0,0.0,0.0,,0.0,0.0,1.0,0.0,0.0,0.0
639929,2023-04-23,ligue1,2022,11147,Nantes,Troyes,1,93641,Denis Petric,SUB,0,0.0,30,0.0,0.0,0.0,0.0,,0.0,0.0,0.0,0.0,0.0,0.0,0.0,0.0,0.0
639937,2023-04-29,ligue1,2022,11147,AC Ajaccio,Lille,0,139363,Benjamin Leroy,G,1,1.0,1,0.0,0.0,0.0,3.0,,0.0,0.0,2.0,6.0,0.0,0.0,0.0,0.0,0.0
639937,2023-04-29,ligue1,2022,11147,AC Ajaccio,Lille,0,275654,Clément Vidal,CD-L,1,1.0,15,1.0,1.0,0.0,3.0,0.0,0.0,0.0,,0.0,0.0,0.0,0.0,0.0,0.0
639937,2023-04-29,ligue1,2022,11147,AC Ajaccio,Lille,0,238259,Oumar Gonzalez,CD-R,1,1.0,25,1.0,2.0,0.0,3.0,0.0,0.0,0.0,,0.0,0.0,0.0,0.0,0.0,0.0
639937,2023-04-29,ligue1,2022,11147,AC Ajaccio,Lille,0,194710,Ismaël Diallo,LB,1,1.0,3,2.0,2.0,0.0,3.0,0.0,0.0,0.0,,0.0,0.0,0.0,0.0,0.0,0.0
639937,2023-04-29,ligue1,2022,11147,AC Ajaccio,Lille,0,105036,Mohamed Youssouf,RB,1,1.0,20,1.0,2.0,0.0,3.0,0.0,0.0,0.0,,0.0,0.0,0.0,0.0,0.0,0.0
639937,2023-04-29,ligue1,2022,11147,AC Ajaccio,Lille,0,85080,Thomas Mangani,CM-L,1,1.0,23,1.0,0.0,0.0,3.0,1.0,0.0,0.0,,0.0,0.0,0.0,0.0,0.0,0.0
639937,2023-04-29,ligue1,2022,11147,AC Ajaccio,Lille,0,219153,Vincent Marchetti,CM-R,1,1.0,8,0.0,0.0,0.0,3.0,0.0,0.0,0.0,,0.0,0.0,0.0,0.0,1.0,0.0
639937,2023-04-29,ligue1,2022,11147,AC Ajaccio,Lille,0,343952,Kevin Spadanuda,LM,1,1.0,27,1.0,0.0,0.0,3.0,0.0,0.0,0.0,,0.0,0.0,0.0,0.0,1.0,1.0
639937,2023-04-29,ligue1,2022,11147,AC Ajaccio,Lille,0,247916,Cyrille Bayala,RM,1,1.0,14,0.0,1.0,0.0,3.0,1.0,0.0,0.0,,0.0,0.0,0.0,0.0,0.0,0.0
639937,2023-04-29,ligue1,2022,11147,AC Ajaccio,Lille,0,357000,Moussa Soumano,CF-L,1,1.0,34,2.0,0.0,0.0,3.0,0.0,0.0,0.0,,0.0,0.0,0.0,0.0,0.0,1.0
639937,2023-04-29,ligue1,2022,11147,AC Ajaccio,Lille,0,282290,Mounaim El Idrissy,CF-R,1,1.0,7,3.0,2.0,0.0,3.0,1.0,0.0,0.0,,0.0,0.0,0.0,0.0,0.0,0.0
639937,2023-04-29,ligue1,2022,11147,AC Ajaccio,Lille,0,187905,Youssouf Koné,SUB,0,1.0,99,0.0,0.0,0.0,0.0,0.0,0.0,0.0,,0.0,0.0,1.0,0.0,0.0,0.0
639937,2023-04-29,ligue1,2022,11147,AC Ajaccio,Lille,0,356223,Anthony Khelifa,SUB,0,0.0,35,0.0,0.0,0.0,0.0,0.0,0.0,0.0,,0.0,0.0,0.0,0.0,0.0,0.0
639937,2023-04-29,ligue1,2022,11147,AC Ajaccio,Lille,0,277284,Florian Chabrolle,SUB,0,0.0,29,0.0,0.0,0.0,0.0,0.0,0.0,0.0,,0.0,0.0,0.0,0.0,0.0,0.0
639937,2023-04-29,ligue1,2022,11147,AC Ajaccio,Lille,0,357866,Ivane Chegra,SUB,0,1.0,38,0.0,0.0,0.0,0.0,0.0,0.0,0.0,,0.0,0.0,1.0,0.0,0.0,0.0
639937,2023-04-29,ligue1,2022,11147,AC Ajaccio,Lille,0,84988,Mathieu Coutadeur,SUB,0,1.0,6,0.0,0.0,0.0,0.0,0.0,0.0,0.0,,0.0,0.0,1.0,0.0,0.0,0.0
639937,2023-04-29,ligue1,2022,11147,AC Ajaccio,Lille,0,204683,Francois-Joseph Sollacaro,SUB,0,0.0,16,0.0,0.0,0.0,0.0,,0.0,0.0,0.0,0.0,0.0,0.0,0.0,0.0,0.0
639937,2023-04-29,ligue1,2022,11147,AC Ajaccio,Lille,0,89067,Cédric Avinel,SUB,0,0.0,21,0.0,0.0,0.0,0.0,0.0,0.0,0.0,,0.0,0.0,0.0,0.0,0.0,0.0
639937,2023-04-29,ligue1,2022,11147,AC Ajaccio,Lille,0,138522,Riad Nouri,SUB,0,1.0,5,0.0,0.0,0.0,0.0,0.0,0.0,0.0,,0.0,0.0,1.0,0.0,0.0,0.0
639937,2023-04-29,ligue1,2022,11147,AC Ajaccio,Lille,0,245914,Fernand Mayembo,SUB,0,0.0,77,0.0,0.0,0.0,0.0,0.0,0.0,0.0,,0.0,0.0,0.0,0.0,0.0,0.0
639935,2023-04-30,ligue1,2022,11147,Montpellier,AS Monaco,0,149517,Benjamin Lecomte,G,1,1.0,40,0.0,0.0,0.0,0.0,,0.0,0.0,5.0,7.0,0.0,0.0,0.0,0.0,0.0
639935,2023-04-30,ligue1,2022,11147,Montpellier,AS Monaco,0,263282,Boubakar Kiki Kouyate,CD-L,1,1.0,4,1.0,0.0,0.0,0.0,0.0,0.0,0.0,,0.0,1.0,0.0,0.0,3.0,1.0
639935,2023-04-30,ligue1,2022,11147,Montpellier,AS Monaco,0,172984,Christopher Jullien,CD-R,1,1.0,6,0.0,0.0,0.0,0.0,0.0,0.0,0.0,,0.0,0.0,0.0,0.0,1.0,0.0
639935,2023-04-30,ligue1,2022,11147,Montpellier,AS Monaco,0,180747,Issiaga Sylla,LB,1,1.0,3,2.0,0.0,0.0,0.0,0.0,0.0,0.0,,0.0,0.0,0.0,0.0,0.0,0.0
639935,2023-04-30,ligue1,2022,11147,Montpellier,AS Monaco,0,219465,Falaye Sacko,RB,1,1.0,77,1.0,0.0,0.0,0.0,0.0,0.0,0.0,,0.0,0.0,0.0,0.0,0.0,0.0
639935,2023-04-30,ligue1,2022,11147,Montpellier,AS Monaco,0,132241,Wahbi Khazri,AM,1,1.0,99,0.0,2.0,0.0,0.0,0.0,0.0,0.0,,0.0,1.0,0.0,0.0,3.0,0.0
639935,2023-04-30,ligue1,2022,11147,Montpellier,AS Monaco,0,286120,Leo Leroy,LM,1,1.0,18,3.0,0.0,0.0,0.0,0.0,0.0,0.0,,0.0,0.0,0.0,0.0,0.0,0.0
639935,2023-04-30,ligue1,2022,11147,Montpellier,AS Monaco,0,167727,Jordan Ferri,RM,1,1.0,12,2.0,2.0,0.0,0.0,0.0,0.0,0.0,,0.0,0.0,0.0,0.0,0.0,0.0
639935,2023-04-30,ligue1,2022,11147,Montpellier,AS Monaco,0,311118,Elye Wahi,F,1,1.0,21,1.0,1.0,1.0,0.0,0.0,0.0,0.0,,0.0,1.0,0.0,0.0,3.0,0.0
639935,2023-04-30,ligue1,2022,11147,Montpellier,AS Monaco,0,223557,Faitout Maouassa,AM-L,1,1.0,27,0.0,2.0,0.0,0.0,0.0,0.0,0.0,,0.0,1.0,0.0,1.0,2.0,0.0
639935,2023-04-30,ligue1,2022,11147,Montpellier,AS Monaco,0,242738,Arnaud Nordin,AM-R,1,1.0,7,0.0,1.0,1.0,0.0,0.0,0.0,0.0,,0.0,4.0,0.0,2.0,5.0,0.0
639935,2023-04-30,ligue1,2022,11147,Montpellier,AS Monaco,0,157901,Valère Germain,SUB,0,1.0,9,1.0,0.0,0.0,0.0,0.0,0.0,0.0,,0.0,0.0,1.0,0.0,0.0,0.0
639935,2023-04-30,ligue1,2022,11147,Montpellier,AS Monaco,0,349562,Axel Gueguin,SUB,0,1.0,33,0.0,0.0,0.0,0.0,0.0,0.0,0.0,,0.0,0.0,1.0,0.0,0.0,0.0
639935,2023-04-30,ligue1,2022,11147,Montpellier,AS Monaco,0,225549,Stephy Mavididi,SUB,0,1.0,10,0.0,1.0,1.0,0.0,0.0,0.0,0.0,,0.0,1.0,1.0,1.0,2.0,0.0
639935,2023-04-30,ligue1,2022,11147,Montpellier,AS Monaco,0,291850,Joris Chotard,SUB,0,1.0,13,0.0,0.0,0.0,0.0,0.0,0.0,0.0,,0.0,0.0,1.0,0.0,0.0,0.0
639935,2023-04-30,ligue1,2022,11147,Montpellier,AS Monaco,0,334986,Enzo Tchato,SUB,0,0.0,29,0.0,0.0,0.0,0.0,0.0,0.0,0.0,,0.0,0.0,0.0,0.0,0.0,0.0
639935,2023-04-30,ligue1,2022,11147,Montpellier,AS Monaco,0,304899,Thibault Tamas,SUB,0,0.0,26,0.0,0.0,0.0,0.0,0.0,0.0,0.0,,0.0,0.0,0.0,0.0,0.0,0.0
639935,2023-04-30,ligue1,2022,11147,Montpellier,AS Monaco,0,207369,Bingourou Kamara,SUB,0,0.0,90,0.0,0.0,0.0,0.0,,0.0,0.0,0.0,0.0,0.0,0.0,0.0,0.0,0.0
639935,2023-04-30,ligue1,2022,11147,Montpellier,AS Monaco,0,344231,Khalil Fayad,SUB,0,1.0,22,0.0,1.0,0.0,0.0,0.0,0.0,0.0,,0.0,0.0,1.0,0.0,0.0,0.0
639935,2023-04-30,ligue1,2022,11147,Montpellier,AS Monaco,0,96162,Mamadou Sakho,SUB,0,0.0,75,0.0,0.0,0.0,0.0,0.0,0.0,0.0,,0.0,0.0,0.0,0.0,0.0,0.0
639938,2023-04-30,ligue1,2022,11147,Clermont Foot,Stade de Reims,1,197631,Mory Diaw,G,1,1.0,99,0.0,0.0,0.0,0.0,,0.0,0.0,3.0,16.0,0.0,0.0,0.0,0.0,0.0
639938,2023-04-30,ligue1,2022,11147,Clermont Foot,Stade de Reims,1,212258,Mateusz Wieteska,CD,1,1.0,4,0.0,1.0,0.0,0.0,0.0,0.0,1.0,,0.0,0.0,0.0,0.0,1.0,0.0
639938,2023-04-30,ligue1,2022,11147,Clermont Foot,Stade de Reims,1,233027,Max Caufriez,CD-L,1,1.0,5,1.0,2.0,0.0,0.0,0.0,0.0,0.0,,0.0,0.0,0.0,0.0,0.0,0.0
639938,2023-04-30,ligue1,2022,11147,Clermont Foot,Stade de Reims,1,150292,Florent Ogier,CD-R,1,1.0,21,0.0,1.0,0.0,0.0,0.0,0.0,0.0,,0.0,0.0,0.0,0.0,0.0,0.0
639938,2023-04-30,ligue1,2022,11147,Clermont Foot,Stade de Reims,1,118091,Johan Gastien,CM-L,1,1.0,25,2.0,1.0,0.0,0.0,0.0,0.0,0.0,,0.0,0.0,0.0,0.0,0.0,0.0
639938,2023-04-30,ligue1,2022,11147,Clermont Foot,Stade de Reims,1,131748,Maxime Gonalons,CM-R,1,1.0,12,2.0,1.0,0.0,0.0,0.0,0.0,0.0,,0.0,0.0,0.0,0.0,0.0,0.0
639938,2023-04-30,ligue1,2022,11147,Clermont Foot,Stade de Reims,1,284333,Jim Allevinah,LM,1,1.0,11,1.0,2.0,0.0,0.0,0.0,0.0,0.0,,0.0,0.0,0.0,0.0,1.0,0.0
639938,2023-04-30,ligue1,2022,11147,Clermont Foot,Stade de Reims,1,169822,Mehdi Zeffane,RM,1,1.0,2,0.0,1.0,0.0,0.0,1.0,0.0,0.0,,0.0,1.0,0.0,0.0,3.0,0.0
639938,2023-04-30,ligue1,2022,11147,Clermont Foot,Stade de Reims,1,211668,Grejohn Kyei,F,1,1.0,95,1.0,1.0,0.0,0.0,0.0,0.0,0.0,,0.0,1.0,0.0,1.0,2.0,0.0
639938,2023-04-30,ligue1,2022,11147,Clermont Foot,Stade de Reims,1,221165,Elbasan Rashani,CF-L,1,1.0,18,1.0,1.0,0.0,0.0,0.0,0.0,0.0,,0.0,0.0,0.0,0.0,1.0,0.0
639938,2023-04-30,ligue1,2022,11147,Clermont Foot,Stade de Reims,1,293919,Muhammed-Cham Saracevic,CF-R,1,1.0,70,0.0,1.0,1.0,0.0,0.0,0.0,0.0,,0.0,0.0,0.0,0.0,0.0,0.0
639938,2023-04-30,ligue1,2022,11147,Clermont Foot,Stade de Reims,1,345391,Souleymane Cissé,SUB,0,0.0,13,0.0,0.0,0.0,0.0,0.0,0.0,0.0,,0.0,0.0,0.0,0.0,0.0,0.0
639938,2023-04-30,ligue1,2022,11147,Clermont Foot,Stade de Reims,1,304184,Lucas Margueron,SUB,0,0.0,16,0.0,0.0,0.0,0.0,,0.0,0.0,0.0,0.0,0.0,0.0,0.0,0.0,0.0
639938,2023-04-30,ligue1,2022,11147,Clermont Foot,Stade de Reims,1,359153,Cheick Konate,SUB,0,1.0,15,0.0,0.0,0.0,0.0,0.0,0.0,0.0,,0.0,0.0,1.0,0.0,1.0,0.0
639938,2023-04-30,ligue1,2022,11147,Clermont Foot,Stade de Reims,1,329077,Aiman Maurer,SUB,0,1.0,22,0.0,0.0,0.0,0.0,0.0,0.0,0.0,,0.0,0.0,1.0,0.0,0.0,0.0
639938,2023-04-30,ligue1,2022,11147,Clermont Foot,Stade de Reims,1,239280,Komnen Andric,SUB,0,1.0,9,0.0,1.0,0.0,0.0,0.0,0.0,0.0,,0.0,0.0,1.0,0.0,0.0,0.0
639938,2023-04-30,ligue1,2022,11147,Clermont Foot,Stade de Reims,1,179229,Jérémie Bela,SUB,0,0.0,91,0.0,0.0,0.0,0.0,0.0,0.0,0.0,,0.0,0.0,0.0,0.0,0.0,0.0
639938,2023-04-30,ligue1,2022,11147,Clermont Foot,Stade de Reims,1,276441,Yohann Magnin,SUB,0,1.0,7,1.0,0.0,0.0,0.0,0.0,0.0,0.0,,0.0,0.0,1.0,0.0,0.0,0.0
639938,2023-04-30,ligue1,2022,11147,Clermont Foot,Stade de Reims,1,332869,Wabo Kamdem,SUB,0,0.0,17,0.0,0.0,0.0,0.0,0.0,0.0,0.0,,0.0,0.0,0.0,0.0,0.0,0.0
639938,2023-04-30,ligue1,2022,11147,Clermont Foot,Stade de Reims,1,192989,Saif-Eddine Khaoui,SUB,0,1.0,10,1.0,0.0,0.0,0.0,0.0,0.0,0.0,,0.0,0.0,1.0,0.0,0.0,0.0
639938,2023-04-30,ligue1,2022,11147,Stade de Reims,Clermont Foot,0,241029,Yehvann Diouf,G,1,1.0,94,0.0,0.0,0.0,1.0,,0.0,0.0,1.0,8.0,0.0,0.0,0.0,0.0,0.0
639938,2023-04-30,ligue1,2022,11147,Stade de Reims,Clermont Foot,0,166634,Yunis Abdelhamid,CD-L,1,1.0,5,1.0,1.0,0.0,1.0,0.0,0.0,0.0,,0.0,0.0,0.0,0.0,3.0,0.0
639938,2023-04-30,ligue1,2022,11147,Stade de Reims,Clermont Foot,0,308449,Emmanuel Agbadou,CD-R,1,1.0,24,0.0,0.0,0.0,1.0,0.0,0.0,0.0,,0.0,0.0,0.0,0.0,1.0,0.0
639938,2023-04-30,ligue1,2022,11147,Stade de Reims,Clermont Foot,0,246805,Thibault De Smet,LB,1,1.0,25,1.0,0.0,0.0,1.0,0.0,0.0,0.0,,0.0,0.0,0.0,0.0,0.0,0.0
639938,2023-04-30,ligue1,2022,11147,Stade de Reims,Clermont Foot,0,179985,Thomas Foket,RB,1,1.0,32,2.0,1.0,0.0,1.0,0.0,0.0,0.0,,0.0,0.0,0.0,0.0,0.0,0.0
639938,2023-04-30,ligue1,2022,11147,Stade de Reims,Clermont Foot,0,330412,Kamory Doumbia,AM,1,1.0,3,0.0,1.0,0.0,1.0,0.0,0.0,0.0,,0.0,0.0,0.0,0.0,1.0,0.0
639938,2023-04-30,ligue1,2022,11147,Stade de Reims,Clermont Foot,0,266096,Marshall Munetsi,LM,1,1.0,15,1.0,1.0,0.0,1.0,0.0,0.0,0.0,,0.0,0.0,0.0,0.0,4.0,1.0
639938,2023-04-30,ligue1,2022,11147,Stade de Reims,Clermont Foot,0,246825,Azor Matusiwa,RM,1,1.0,21,2.0,1.0,0.0,1.0,1.0,0.0,0.0,,0.0,0.0,0.0,0.0,1.0,0.0
639938,2023-04-30,ligue1,2022,11147,Stade de Reims,Clermont Foot,0,282643,Folarin Balogun,F,1,1.0,29,2.0,0.0,0.0,1.0,0.0,0.0,0.0,,0.0,1.0,0.0,0.0,2.0,1.0
639938,2023-04-30,ligue1,2022,11147,Stade de Reims,Clermont Foot,0,265916,Alexis Flips,AM-L,1,1.0,70,1.0,0.0,0.0,1.0,0.0,0.0,0.0,,0.0,1.0,0.0,0.0,3.0,0.0
639938,2023-04-30,ligue1,2022,11147,Stade de Reims,Clermont Foot,0,219350,Junya Ito,AM-R,1,1.0,39,1.0,2.0,0.0,1.0,1.0,0.0,0.0,,0.0,0.0,0.0,0.0,0.0,0.0
639938,2023-04-30,ligue1,2022,11147,Stade de Reims,Clermont Foot,0,227051,Alexandre Olliero,SUB,0,0.0,96,0.0,0.0,0.0,0.0,,0.0,0.0,0.0,0.0,0.0,0.0,0.0,0.0,0.0
639938,2023-04-30,ligue1,2022,11147,Stade de Reims,Clermont Foot,0,207878,Cheick Keita,SUB,0,0.0,43,0.0,0.0,0.0,0.0,0.0,0.0,0.0,,0.0,0.0,0.0,0.0,0.0,0.0
639938,2023-04-30,ligue1,2022,11147,Stade de Reims,Clermont Foot,0,276839,Maxime Busi,SUB,0,0.0,4,0.0,0.0,0.0,0.0,0.0,0.0,0.0,,0.0,0.0,0.0,0.0,0.0,0.0
639938,2023-04-30,ligue1,2022,11147,Stade de Reims,Clermont Foot,0,287477,Dion Lopy,SUB,0,1.0,17,1.0,0.0,0.0,0.0,0.0,0.0,0.0,,0.0,0.0,1.0,0.0,0.0,0.0
639938,2023-04-30,ligue1,2022,11147,Stade de Reims,Clermont Foot,0,274971,Jens Cajuste,SUB,0,1.0,8,1.0,0.0,0.0,0.0,0.0,0.0,0.0,,0.0,0.0,1.0,0.0,0.0,0.0
639938,2023-04-30,ligue1,2022,11147,Stade de Reims,Clermont Foot,0,358348,Soumaïla Sylla,SUB,0,0.0,60,0.0,0.0,0.0,0.0,,0.0,0.0,0.0,0.0,0.0,0.0,0.0,0.0,0.0
639938,2023-04-30,ligue1,2022,11147,Stade de Reims,Clermont Foot,0,250529,Kaj Sierhuis,SUB,0,1.0,9,0.0,3.0,0.0,0.0,1.0,0.0,0.0,,0.0,0.0,1.0,0.0,0.0,0.0
639938,2023-04-30,ligue1,2022,11147,Stade de Reims,Clermont Foot,0,231832,Mitchell van Bergen,SUB,0,1.0,19,0.0,0.0,0.0,0.0,0.0,0.0,0.0,,0.0,0.0,1.0,0.0,1.0,0.0
639934,2023-05-03,ligue1,2022,11147,Nantes,Brest,0,231282,Alban Lafont,G,1,1.0,1,0.0,0.0,0.0,2.0,,0.0,0.0,2.0,4.0,0.0,0.0,0.0,0.0,0.0
639934,2023-05-03,ligue1,2022,11147,Nantes,Brest,0,146205,Nicolas Pallois,CD-L,1,1.0,4,0.0,0.0,0.0,2.0,0.0,0.0,0.0,,0.0,0.0,0.0,0.0,2.0,0.0
639934,2023-05-03,ligue1,2022,11147,Nantes,Brest,0,185683,Jean-Charles Castelletto,CD-R,1,1.0,21,4.0,0.0,0.0,2.0,0.0,0.0,0.0,,0.0,0.0,0.0,0.0,1.0,0.0
639934,2023-05-03,ligue1,2022,11147,Nantes,Brest,0,313890,Quentin Merlin,LB,1,1.0,29,2.0,0.0,0.0,2.0,0.0,0.0,0.0,,0.0,0.0,0.0,0.0,1.0,0.0
639934,2023-05-03,ligue1,2022,11147,Nantes,Brest,0,223339,Fabien Centonze,RB,1,1.0,28,0.0,0.0,0.0,2.0,0.0,0.0,0.0,,0.0,0.0,0.0,0.0,0.0,0.0
639934,2023-05-03,ligue1,2022,11147,Nantes,Brest,0,104658,Moussa Sissoko,AM,1,1.0,17,0.0,0.0,0.0,2.0,0.0,0.0,0.0,,0.0,0.0,0.0,0.0,0.0,0.0
639934,2023-05-03,ligue1,2022,11147,Nantes,Brest,0,260932,Samuel Moutoussamy,LM,1,1.0,8,3.0,0.0,0.0,2.0,0.0,0.0,0.0,,0.0,0.0,0.0,0.0,0.0,1.0
639934,2023-05-03,ligue1,2022,11147,Nantes,Brest,0,186952,Andrei Girotto,RM,1,1.0,3,1.0,1.0,0.0,2.0,0.0,0.0,0.0,,0.0,0.0,0.0,0.0,1.0,0.0
639934,2023-05-03,ligue1,2022,11147,Nantes,Brest,0,243816,Mostafa Mohamed,F,1,1.0,31,0.0,1.0,0.0,2.0,0.0,0.0,0.0,,0.0,2.0,0.0,0.0,3.0,0.0
639934,2023-05-03,ligue1,2022,11147,Nantes,Brest,0,262507,Ignatius Ganago,AM-L,1,1.0,14,0.0,0.0,0.0,2.0,0.0,0.0,0.0,,0.0,0.0,0.0,0.0,0.0,0.0
639934,2023-05-03,ligue1,2022,11147,Nantes,Brest,0,288924,Evann Guessand,AM-R,1,1.0,7,1.0,1.0,0.0,2.0,0.0,0.0,0.0,,0.0,0.0,0.0,0.0,0.0,0.0
639934,2023-05-03,ligue1,2022,11147,Nantes,Brest,0,223120,Ludovic Blas,SUB,0,1.0,10,1.0,3.0,0.0,0.0,0.0,0.0,0.0,,0.0,1.0,1.0,0.0,2.0,0.0
639934,2023-05-03,ligue1,2022,11147,Nantes,Brest,0,214739,Marcus Coco,SUB,0,1.0,11,0.0,0.0,0.0,0.0,0.0,0.0,0.0,,0.0,0.0,1.0,0.0,1.0,0.0
639934,2023-05-03,ligue1,2022,11147,Nantes,Brest,0,306033,Jaouen Hadjam,SUB,0,1.0,26,0.0,0.0,0.0,0.0,0.0,0.0,0.0,,0.0,0.0,1.0,0.0,0.0,0.0
639934,2023-05-03,ligue1,2022,11147,Nantes,Brest,0,222175,Rémy Descamps,SUB,0,0.0,16,0.0,0.0,0.0,0.0,,0.0,0.0,0.0,0.0,0.0,0.0,0.0,0.0,0.0
639934,2023-05-03,ligue1,2022,11147,Nantes,Brest,0,187647,Moses Simon,SUB,0,1.0,27,0.0,0.0,0.0,0.0,0.0,0.0,0.0,,0.0,0.0,1.0,0.0,0.0,0.0
639934,2023-05-03,ligue1,2022,11147,Nantes,Brest,0,287946,João Victor,SUB,0,0.0,38,0.0,0.0,0.0,0.0,0.0,0.0,0.0,,0.0,0.0,0.0,0.0,0.0,0.0
639934,2023-05-03,ligue1,2022,11147,Nantes,Brest,0,173616,Florent Mollet,SUB,0,1.0,25,2.0,0.0,0.0,0.0,0.0,0.0,0.0,,0.0,1.0,1.0,0.0,1.0,0.0
639934,2023-05-03,ligue1,2022,11147,Nantes,Brest,0,132056,Sébastien Corchia,SUB,0,0.0,24,0.0,0.0,0.0,0.0,0.0,0.0,0.0,,0.0,0.0,0.0,0.0,0.0,0.0
639942,2023-05-06,ligue1,2022,11147,Nice,Stade Rennais,1,40200,Kasper Schmeichel,G,1,1.0,1,0.0,0.0,0.0,1.0,,0.0,0.0,3.0,14.0,0.0,0.0,0.0,0.0,0.0
639942,2023-05-06,ligue1,2022,11147,Nice,Stade Rennais,1,130165,Dante,CD-L,1,1.0,4,1.0,0.0,0.0,1.0,0.0,0.0,0.0,,0.0,0.0,0.0,0.0,0.0,0.0
639942,2023-05-06,ligue1,2022,11147,Nice,Stade Rennais,1,277327,Jean-Clair Todibo,CD-R,1,1.0,25,0.0,0.0,0.0,1.0,1.0,0.0,0.0,,0.0,0.0,0.0,0.0,1.0,0.0
639942,2023-05-06,ligue1,2022,11147,Nice,Stade Rennais,1,265923,Melvin Bard,LB,1,1.0,26,3.0,1.0,0.0,1.0,1.0,0.0,0.0,,0.0,0.0,0.0,0.0,0.0,0.0
639942,2023-05-06,ligue1,2022,11147,Nice,Stade Rennais,1,238878,Jordan Lotomba,RB,1,1.0,23,0.0,1.0,0.0,1.0,0.0,0.0,0.0,,0.0,1.0,0.0,0.0,1.0,0.0
639942,2023-05-06,ligue1,2022,11147,Nice,Stade Rennais,1,287078,Hicham Boudaoui,CM,1,1.0,28,0.0,1.0,0.0,1.0,0.0,0.0,0.0,,0.0,0.0,0.0,0.0,2.0,0.0
639942,2023-05-06,ligue1,2022,11147,Nice,Stade Rennais,1,283139,Khéphren Thuram,LM,1,1.0,19,4.0,2.0,0.0,1.0,2.0,0.0,0.0,,0.0,0.0,0.0,0.0,1.0,0.0
639942,2023-05-06,ligue1,2022,11147,Nice,Stade Rennais,1,98681,Aaron Ramsey,RM,1,1.0,16,0.0,0.0,0.0,0.0,0.0,0.0,0.0,,0.0,0.0,0.0,0.0,0.0,0.0
639942,2023-05-06,ligue1,2022,11147,Nice,Stade Rennais,1,289769,Terem Moffi,F,1,1.0,9,0.0,1.0,0.0,1.0,0.0,0.0,0.0,,0.0,1.0,0.0,1.0,3.0,0.0
639942,2023-05-06,ligue1,2022,11147,Nice,Stade Rennais,1,206161,Gaëtan Laborde,LF,1,1.0,24,2.0,2.0,0.0,1.0,0.0,0.0,0.0,,0.0,1.0,0.0,1.0,2.0,0.0
639942,2023-05-06,ligue1,2022,11147,Nice,Stade Rennais,1,345115,Badredine Bouanani,RF,1,1.0,35,0.0,2.0,1.0,0.0,0.0,0.0,0.0,,0.0,1.0,0.0,0.0,1.0,0.0
639942,2023-05-06,ligue1,2022,11147,Nice,Stade Rennais,1,319161,Antoine Mendy,SUB,0,0.0,33,0.0,0.0,0.0,0.0,0.0,0.0,0.0,,0.0,0.0,0.0,0.0,0.0,0.0
639942,2023-05-06,ligue1,2022,11147,Nice,Stade Rennais,1,299990,Mattia Viti,SUB,0,0.0,42,0.0,0.0,0.0,0.0,0.0,0.0,0.0,,0.0,0.0,0.0,0.0,0.0,0.0
639942,2023-05-06,ligue1,2022,11147,Nice,Stade Rennais,1,223776,Pablo Rosario,SUB,0,1.0,8,0.0,0.0,0.0,1.0,0.0,0.0,0.0,,0.0,0.0,1.0,0.0,0.0,0.0
639942,2023-05-06,ligue1,2022,11147,Nice,Stade Rennais,1,345323,Reda Belahyane,SUB,0,0.0,37,0.0,0.0,0.0,0.0,0.0,0.0,0.0,,0.0,0.0,0.0,0.0,0.0,0.0
639942,2023-05-06,ligue1,2022,11147,Nice,Stade Rennais,1,260035,Marcin Bulka,SUB,0,0.0,90,0.0,0.0,0.0,0.0,,0.0,0.0,0.0,0.0,0.0,0.0,0.0,0.0,0.0
639942,2023-05-06,ligue1,2022,11147,Nice,Stade Rennais,1,288917,Alexis Beka Beka,SUB,0,0.0,21,0.0,0.0,0.0,0.0,0.0,0.0,0.0,,0.0,0.0,0.0,0.0,0.0,0.0
639942,2023-05-06,ligue1,2022,11147,Nice,Stade Rennais,1,263364,Youcef Atal,SUB,0,1.0,20,0.0,0.0,0.0,1.0,0.0,0.0,0.0,,0.0,0.0,1.0,0.0,0.0,0.0
639942,2023-05-06,ligue1,2022,11147,Nice,Stade Rennais,1,152469,Ross Barkley,SUB,0,0.0,11,0.0,0.0,0.0,0.0,0.0,0.0,0.0,,0.0,0.0,0.0,0.0,0.0,0.0
639942,2023-05-06,ligue1,2022,11147,Nice,Stade Rennais,1,279137,Bilal Brahimi,SUB,0,0.0,14,0.0,0.0,0.0,0.0,0.0,0.0,0.0,,0.0,0.0,0.0,0.0,0.0,0.0
639942,2023-05-06,ligue1,2022,11147,Stade Rennais,Nice,0,89018,Steve Mandanda,G,1,1.0,30,0.0,0.0,0.0,2.0,,0.0,0.0,2.0,9.0,0.0,0.0,0.0,0.0,0.0
639942,2023-05-06,ligue1,2022,11147,Stade Rennais,Nice,0,304222,Arthur Theate,CD-L,1,1.0,5,0.0,0.0,0.0,2.0,0.0,0.0,0.0,,0.0,0.0,0.0,0.0,1.0,0.0
639942,2023-05-06,ligue1,2022,11147,Stade Rennais,Nice,0,309840,Warmed Omari,CD-R,1,1.0,23,2.0,1.0,0.0,2.0,0.0,0.0,0.0,,0.0,0.0,0.0,0.0,1.0,0.0
639942,2023-05-06,ligue1,2022,11147,Stade Rennais,Nice,0,309563,Lesley Ugochukwu,DM,1,1.0,6,1.0,0.0,0.0,2.0,0.0,0.0,0.0,,0.0,0.0,0.0,0.0,0.0,0.0
639942,2023-05-06,ligue1,2022,11147,Stade Rennais,Nice,0,333927,Jeanuël Belocian,LB,1,1.0,18,2.0,0.0,0.0,2.0,0.0,0.0,0.0,,0.0,0.0,0.0,0.0,0.0,0.0
639942,2023-05-06,ligue1,2022,11147,Stade Rennais,Nice,0,196729,Hamari Traoré,RB,1,1.0,27,1.0,0.0,0.0,2.0,0.0,0.0,0.0,,0.0,0.0,0.0,0.0,1.0,1.0
639942,2023-05-06,ligue1,2022,11147,Stade Rennais,Nice,0,237549,Lovro Majer,CM-L,1,1.0,21,1.0,2.0,0.0,2.0,0.0,0.0,0.0,,0.0,1.0,0.0,0.0,1.0,0.0
639942,2023-05-06,ligue1,2022,11147,Stade Rennais,Nice,0,185869,Benjamin Bourigeaud,CM-R,1,1.0,14,1.0,1.0,0.0,2.0,0.0,0.0,0.0,,0.0,1.0,0.0,1.0,4.0,0.0
639942,2023-05-06,ligue1,2022,11147,Stade Rennais,Nice,0,259743,Amine Gouiri,LM,1,1.0,19,0.0,0.0,0.0,2.0,0.0,0.0,0.0,,0.0,0.0,0.0,0.0,3.0,0.0
639942,2023-05-06,ligue1,2022,11147,Stade Rennais,Nice,0,283672,Jérémy Doku,RM,1,1.0,10,0.0,4.0,0.0,2.0,0.0,0.0,0.0,,0.0,1.0,0.0,0.0,2.0,0.0
639942,2023-05-06,ligue1,2022,11147,Stade Rennais,Nice,0,296321,Arnaud Kalimuendo,F,1,1.0,9,0.0,1.0,0.0,1.0,0.0,0.0,0.0,,0.0,1.0,0.0,0.0,1.0,0.0
639942,2023-05-06,ligue1,2022,11147,Stade Rennais,Nice,0,192403,Baptiste Santamaria,SUB,0,0.0,8,0.0,0.0,0.0,0.0,0.0,0.0,0.0,,0.0,0.0,0.0,0.0,0.0,0.0
639942,2023-05-06,ligue1,2022,11147,Stade Rennais,Nice,0,355980,Jérémy Jacquet,SUB,0,0.0,42,0.0,0.0,0.0,0.0,0.0,0.0,0.0,,0.0,0.0,0.0,0.0,0.0,0.0
639942,2023-05-06,ligue1,2022,11147,Stade Rennais,Nice,0,183932,Flavien Tait,SUB,0,0.0,20,0.0,0.0,0.0,0.0,0.0,0.0,0.0,,0.0,0.0,0.0,0.0,0.0,0.0
639942,2023-05-06,ligue1,2022,11147,Stade Rennais,Nice,0,358471,Alan do Marcolino,SUB,0,0.0,41,0.0,0.0,0.0,0.0,0.0,0.0,0.0,,0.0,0.0,0.0,0.0,0.0,0.0
639942,2023-05-06,ligue1,2022,11147,Stade Rennais,Nice,0,278790,Dogan Alemdar,SUB,0,0.0,1,0.0,0.0,0.0,0.0,,0.0,0.0,0.0,0.0,0.0,0.0,0.0,0.0,0.0
639942,2023-05-06,ligue1,2022,11147,Stade Rennais,Nice,0,308461,Lorenz Assignon,SUB,0,1.0,22,1.0,1.0,0.0,0.0,0.0,0.0,0.0,,0.0,0.0,1.0,0.0,0.0,0.0
639942,2023-05-06,ligue1,2022,11147,Stade Rennais,Nice,0,232325,Joe Rodon,SUB,0,0.0,2,0.0,0.0,0.0,0.0,0.0,0.0,0.0,,0.0,0.0,0.0,0.0,0.0,0.0
639942,2023-05-06,ligue1,2022,11147,Stade Rennais,Nice,0,207040,Karl Toko Ekambi,SUB,0,1.0,17,1.0,0.0,1.0,1.0,0.0,0.0,0.0,,0.0,0.0,1.0,0.0,1.0,0.0
639942,2023-05-06,ligue1,2022,11147,Stade Rennais,Nice,0,333257,Ibrahim Salah,SUB,0,1.0,34,0.0,0.0,0.0,0.0,0.0,0.0,0.0,,0.0,0.0,1.0,0.0,0.0,0.0
639946,2023-05-06,ligue1,2022,11147,Marseille,Lens,0,203061,Pau López,G,1,1.0,16,0.0,0.0,0.0,2.0,,0.0,0.0,1.0,7.0,0.0,0.0,0.0,0.0,0.0
639946,2023-05-06,ligue1,2022,11147,Marseille,Lens,0,191102,Samuel Gigot,CD,1,1.0,4,0.0,0.0,0.0,0.0,0.0,0.0,0.0,,0.0,0.0,0.0,0.0,0.0,0.0
639946,2023-05-06,ligue1,2022,11147,Marseille,Lens,0,170553,Sead Kolasinac,CD-L,1,1.0,23,4.0,1.0,0.0,2.0,1.0,0.0,0.0,,0.0,0.0,0.0,0.0,1.0,0.0
639946,2023-05-06,ligue1,2022,11147,Marseille,Lens,0,174322,Chancel Mbemba,CD-R,1,1.0,99,1.0,1.0,0.0,2.0,0.0,0.0,0.0,,0.0,0.0,0.0,0.0,0.0,0.0
639946,2023-05-06,ligue1,2022,11147,Marseille,Lens,0,157675,Jordan Veretout,CM-L,1,1.0,27,1.0,1.0,0.0,2.0,0.0,0.0,0.0,,0.0,1.0,0.0,0.0,2.0,0.0
639946,2023-05-06,ligue1,2022,11147,Marseille,Lens,0,207136,Valentin Rongier,CM-R,1,1.0,21,1.0,1.0,1.0,2.0,0.0,0.0,0.0,,0.0,1.0,0.0,0.0,1.0,1.0
639946,2023-05-06,ligue1,2022,11147,Marseille,Lens,0,288901,Nuno Tavares,LM,1,1.0,30,1.0,2.0,0.0,2.0,0.0,0.0,0.0,,0.0,0.0,0.0,0.0,1.0,1.0
639946,2023-05-06,ligue1,2022,11147,Marseille,Lens,0,232089,Jonathan Clauss,RM,1,1.0,7,1.0,0.0,0.0,2.0,0.0,0.0,0.0,,0.0,0.0,0.0,0.0,1.0,0.0
639946,2023-05-06,ligue1,2022,11147,Marseille,Lens,0,92055,Alexis Sánchez,F,1,1.0,70,1.0,0.0,0.0,1.0,0.0,0.0,0.0,,0.0,0.0,0.0,0.0,0.0,0.0
639946,2023-05-06,ligue1,2022,11147,Marseille,Lens,0,208789,Ruslan Malinovskyi,CF-L,1,1.0,18,2.0,1.0,0.0,2.0,0.0,0.0,0.0,,0.0,0.0,0.0,0.0,3.0,0.0
639946,2023-05-06,ligue1,2022,11147,Marseille,Lens,0,239706,Cengiz Ünder,CF-R,1,1.0,17,0.0,1.0,0.0,2.0,0.0,0.0,0.0,,0.0,0.0,0.0,0.0,1.0,0.0
639946,2023-05-06,ligue1,2022,11147,Marseille,Lens,0,271555,Leonardo Balerdi,SUB,0,1.0,5,3.0,1.0,0.0,2.0,0.0,0.0,0.0,,0.0,0.0,1.0,0.0,1.0,0.0
639946,2023-05-06,ligue1,2022,11147,Marseille,Lens,0,357152,François Mughe,SUB,0,0.0,33,0.0,0.0,0.0,0.0,0.0,0.0,0.0,,0.0,0.0,0.0,0.0,0.0,0.0
639946,2023-05-06,ligue1,2022,11147,Marseille,Lens,0,294427,Issa Kaboré,SUB,0,1.0,29,0.0,0.0,0.0,0.0,0.0,0.0,0.0,,0.0,0.0,1.0,0.0,0.0,0.0
639946,2023-05-06,ligue1,2022,11147,Marseille,Lens,0,403234,Vitinha,SUB,0,1.0,9,0.0,1.0,0.0,1.0,1.0,0.0,0.0,,0.0,0.0,1.0,0.0,1.0,0.0
639946,2023-05-06,ligue1,2022,11147,Marseille,Lens,0,167069,Rubén Blanco,SUB,0,0.0,36,0.0,0.0,0.0,0.0,,0.0,0.0,0.0,0.0,0.0,0.0,0.0,0.0,0.0
639946,2023-05-06,ligue1,2022,11147,Marseille,Lens,0,84877,Dimitri Payet,SUB,0,1.0,10,0.0,0.0,0.0,0.0,0.0,0.0,0.0,,0.0,1.0,1.0,1.0,2.0,0.0
639946,2023-05-06,ligue1,2022,11147,Marseille,Lens,0,311984,Bartug Elmaz,SUB,0,0.0,47,0.0,0.0,0.0,0.0,0.0,0.0,0.0,,0.0,0.0,0.0,0.0,0.0,0.0
639946,2023-05-06,ligue1,2022,11147,Marseille,Lens,0,248676,Matteo Guendouzi,SUB,0,1.0,6,1.0,0.0,0.0,0.0,0.0,0.0,0.0,,0.0,0.0,1.0,0.0,0.0,0.0
639948,2023-05-06,ligue1,2022,11147,Stade de Reims,Lille,1,287477,Dion Lopy,,0,1.0,17,0.0,0.0,0.0,0.0,0.0,0.0,0.0,,0.0,0.0,1.0,0.0,0.0,0.0
639948,2023-05-06,ligue1,2022,11147,Stade de Reims,Lille,1,355253,Fallou Fall,,0,0.0,46,0.0,0.0,0.0,0.0,0.0,0.0,0.0,,0.0,0.0,0.0,0.0,0.0,0.0
639948,2023-05-06,ligue1,2022,11147,Stade de Reims,Lille,1,265916,Alexis Flips,,0,1.0,70,0.0,0.0,0.0,0.0,0.0,0.0,0.0,,0.0,0.0,1.0,0.0,1.0,0.0
639948,2023-05-06,ligue1,2022,11147,Stade de Reims,Lille,1,276839,Maxime Busi,,0,1.0,4,1.0,0.0,0.0,0.0,0.0,0.0,0.0,,0.0,0.0,1.0,0.0,0.0,1.0
639948,2023-05-06,ligue1,2022,11147,Stade de Reims,Lille,1,250529,Kaj Sierhuis,,0,0.0,9,0.0,0.0,0.0,0.0,0.0,0.0,0.0,,0.0,0.0,0.0,0.0,0.0,0.0
639948,2023-05-06,ligue1,2022,11147,Stade de Reims,Lille,1,227051,Alexandre Olliero,,0,0.0,96,0.0,0.0,0.0,0.0,0.0,0.0,0.0,,0.0,0.0,0.0,0.0,0.0,0.0
639948,2023-05-06,ligue1,2022,11147,Stade de Reims,Lille,1,202705,Arbër Zeneli,,0,0.0,10,0.0,0.0,0.0,0.0,0.0,0.0,0.0,,0.0,0.0,0.0,0.0,0.0,0.0
639948,2023-05-06,ligue1,2022,11147,Stade de Reims,Lille,1,302688,Mohamed Toure,,0,1.0,57,0.0,0.0,0.0,0.0,0.0,0.0,0.0,,0.0,0.0,1.0,0.0,0.0,0.0
639948,2023-05-06,ligue1,2022,11147,Stade de Reims,Lille,1,359165,Valentin Atangana,,0,1.0,49,2.0,1.0,0.0,0.0,0.0,0.0,0.0,,0.0,0.0,1.0,0.0,0.0,0.0
639948,2023-05-06,ligue1,2022,11147,Stade de Reims,Lille,1,241029,Yehvann Diouf,G,1,1.0,94,0.0,0.0,0.0,0.0,,0.0,0.0,5.0,10.0,0.0,0.0,0.0,0.0,0.0
639948,2023-05-06,ligue1,2022,11147,Stade de Reims,Lille,1,166634,Yunis Abdelhamid,CD-L,1,1.0,5,2.0,1.0,0.0,0.0,2.0,0.0,0.0,,0.0,0.0,0.0,0.0,1.0,1.0
639948,2023-05-06,ligue1,2022,11147,Stade de Reims,Lille,1,207878,Cheick Keita,CD-R,1,1.0,43,0.0,0.0,0.0,0.0,2.0,0.0,0.0,,0.0,0.0,0.0,0.0,1.0,0.0
639948,2023-05-06,ligue1,2022,11147,Stade de Reims,Lille,1,246805,Thibault De Smet,LB,1,1.0,25,2.0,0.0,0.0,0.0,1.0,0.0,0.0,,0.0,0.0,0.0,0.0,0.0,0.0
639948,2023-05-06,ligue1,2022,11147,Stade de Reims,Lille,1,179985,Thomas Foket,RB,1,1.0,32,2.0,0.0,0.0,0.0,0.0,0.0,0.0,,0.0,0.0,0.0,0.0,0.0,0.0
639948,2023-05-06,ligue1,2022,11147,Stade de Reims,Lille,1,282643,Folarin Balogun,M,1,1.0,29,2.0,4.0,0.0,0.0,0.0,0.0,0.0,,0.0,2.0,0.0,0.0,7.0,0.0
639948,2023-05-06,ligue1,2022,11147,Stade de Reims,Lille,1,274971,Jens Cajuste,CM,1,1.0,8,0.0,0.0,0.0,0.0,0.0,0.0,0.0,,0.0,0.0,0.0,0.0,0.0,0.0
639948,2023-05-06,ligue1,2022,11147,Stade de Reims,Lille,1,330412,Kamory Doumbia,AM,1,1.0,3,0.0,0.0,0.0,0.0,2.0,0.0,0.0,,0.0,0.0,0.0,0.0,0.0,0.0
639948,2023-05-06,ligue1,2022,11147,Stade de Reims,Lille,1,246825,Azor Matusiwa,LM,1,1.0,21,2.0,1.0,0.0,0.0,0.0,0.0,0.0,,0.0,1.0,0.0,0.0,1.0,0.0
639948,2023-05-06,ligue1,2022,11147,Stade de Reims,Lille,1,266096,Marshall Munetsi,RM,1,1.0,15,3.0,1.0,0.0,0.0,0.0,0.0,0.0,,0.0,1.0,0.0,1.0,2.0,0.0
639948,2023-05-06,ligue1,2022,11147,Stade de Reims,Lille,1,219350,Junya Ito,CF-R,1,1.0,39,0.0,2.0,0.0,0.0,1.0,0.0,0.0,,0.0,0.0,0.0,0.0,1.0,0.0
639940,2023-05-07,ligue1,2022,11147,Troyes,Paris Saint-Germain,1,190293,Gauthier Gallon,G,1,1.0,30,0.0,0.0,0.0,3.0,,0.0,0.0,9.0,28.0,0.0,0.0,0.0,0.0,0.0
639940,2023-05-07,ligue1,2022,11147,Troyes,Paris Saint-Germain,1,98688,Adil Rami,CD,1,1.0,23,0.0,1.0,0.0,3.0,0.0,0.0,0.0,,0.0,0.0,0.0,0.0,0.0,0.0
639940,2023-05-07,ligue1,2022,11147,Troyes,Paris Saint-Germain,1,191847,Erik Palmer-Brown,CD-L,1,1.0,4,1.0,0.0,0.0,3.0,0.0,0.0,0.0,,0.0,0.0,0.0,0.0,1.0,0.0
639940,2023-05-07,ligue1,2022,11147,Troyes,Paris Saint-Germain,1,324657,Tanguy Zoukrou,CD-R,1,1.0,22,0.0,0.0,0.0,3.0,0.0,0.0,0.0,,0.0,0.0,0.0,0.0,0.0,0.0
639940,2023-05-07,ligue1,2022,11147,Troyes,Paris Saint-Germain,1,174903,Xavier Chavalerin,CM-L,1,1.0,24,1.0,0.0,0.0,3.0,1.0,0.0,0.0,,0.0,1.0,0.0,1.0,1.0,0.0
639940,2023-05-07,ligue1,2022,11147,Troyes,Paris Saint-Germain,1,282289,Lucien Agoumé,CM-R,1,1.0,8,0.0,0.0,0.0,2.0,0.0,0.0,0.0,,0.0,0.0,0.0,0.0,0.0,0.0
639940,2023-05-07,ligue1,2022,11147,Troyes,Paris Saint-Germain,1,289837,Yasser Larouci,LM,1,1.0,39,0.0,1.0,0.0,2.0,0.0,0.0,0.0,,0.0,0.0,0.0,0.0,0.0,0.0
639940,2023-05-07,ligue1,2022,11147,Troyes,Paris Saint-Germain,1,266141,Andreas Bruus,RM,1,1.0,19,0.0,0.0,0.0,2.0,0.0,0.0,0.0,,0.0,0.0,0.0,0.0,0.0,0.0
639940,2023-05-07,ligue1,2022,11147,Troyes,Paris Saint-Germain,1,225545,Ike Ugbo,F,1,1.0,9,0.0,0.0,0.0,2.0,0.0,0.0,0.0,,0.0,0.0,0.0,0.0,2.0,0.0
639940,2023-05-07,ligue1,2022,11147,Troyes,Paris Saint-Germain,1,259960,Mama Baldé,CF-L,1,1.0,7,1.0,1.0,0.0,3.0,0.0,0.0,0.0,,0.0,1.0,0.0,0.0,2.0,1.0
639940,2023-05-07,ligue1,2022,11147,Troyes,Paris Saint-Germain,1,345687,Wilson Odobert,CF-R,1,1.0,29,0.0,1.0,0.0,3.0,0.0,0.0,0.0,,0.0,0.0,0.0,0.0,0.0,0.0
639940,2023-05-07,ligue1,2022,11147,Troyes,Paris Saint-Germain,1,324659,Derek Mazou-Sacko,SUB,0,0.0,28,0.0,0.0,0.0,0.0,0.0,0.0,0.0,,0.0,0.0,0.0,0.0,0.0,0.0
639940,2023-05-07,ligue1,2022,11147,Troyes,Paris Saint-Germain,1,176423,Rony Lopes,SUB,0,1.0,11,0.0,0.0,0.0,1.0,0.0,0.0,0.0,,0.0,0.0,1.0,0.0,0.0,0.0
639940,2023-05-07,ligue1,2022,11147,Troyes,Paris Saint-Germain,1,322891,Thierno Balde,SUB,0,1.0,18,0.0,0.0,0.0,1.0,0.0,0.0,0.0,,0.0,0.0,1.0,0.0,0.0,0.0
639940,2023-05-07,ligue1,2022,11147,Troyes,Paris Saint-Germain,1,286665,Jackson Porozo,SUB,0,0.0,2,0.0,0.0,0.0,0.0,0.0,0.0,0.0,,0.0,0.0,0.0,0.0,0.0,0.0
639940,2023-05-07,ligue1,2022,11147,Troyes,Paris Saint-Germain,1,214458,Yoann Salmier,SUB,0,0.0,17,0.0,0.0,0.0,0.0,0.0,0.0,0.0,,0.0,0.0,0.0,0.0,0.0,0.0
639940,2023-05-07,ligue1,2022,11147,Troyes,Paris Saint-Germain,1,291431,Papa Ndiaga Yade,SUB,0,1.0,26,0.0,0.0,1.0,1.0,0.0,0.0,0.0,,0.0,0.0,1.0,0.0,0.0,0.0
639940,2023-05-07,ligue1,2022,11147,Troyes,Paris Saint-Germain,1,222728,Mateusz Lis,SUB,0,0.0,1,0.0,0.0,0.0,0.0,,0.0,0.0,0.0,0.0,0.0,0.0,0.0,0.0,0.0
639940,2023-05-07,ligue1,2022,11147,Troyes,Paris Saint-Germain,1,276581,Ante Palaversa,SUB,0,0.0,15,0.0,0.0,0.0,0.0,0.0,0.0,0.0,,0.0,0.0,0.0,0.0,0.0,0.0
639940,2023-05-07,ligue1,2022,11147,Troyes,Paris Saint-Germain,1,241661,Rominigue Kouamé,SUB,0,1.0,6,1.0,0.0,0.0,1.0,0.0,0.0,0.0,,0.0,0.0,1.0,0.0,1.0,0.0
639940,2023-05-07,ligue1,2022,11147,Paris Saint-Germain,Troyes,0,217092,Gianluigi Donnarumma,G,1,1.0,99,0.0,0.0,0.0,1.0,,0.0,0.0,1.0,6.0,0.0,0.0,0.0,0.0,0.0
639940,2023-05-07,ligue1,2022,11147,Paris Saint-Germain,Troyes,0,41579,Sergio Ramos,CD,1,1.0,4,0.0,1.0,0.0,1.0,0.0,0.0,0.0,,0.0,0.0,0.0,0.0,1.0,0.0
639940,2023-05-07,ligue1,2022,11147,Paris Saint-Germain,Troyes,0,76717,Danilo Pereira,CD-L,1,1.0,15,1.0,0.0,0.0,1.0,1.0,0.0,0.0,,0.0,0.0,0.0,0.0,2.0,0.0
639940,2023-05-07,ligue1,2022,11147,Paris Saint-Germain,Troyes,0,159047,Marquinhos,CD-R,1,1.0,5,0.0,0.0,0.0,1.0,0.0,0.0,0.0,,0.0,0.0,0.0,0.0,1.0,0.0
639940,2023-05-07,ligue1,2022,11147,Paris Saint-Germain,Troyes,0,214596,Fabián Ruiz,CM-L,1,1.0,8,0.0,0.0,0.0,1.0,0.0,0.0,0.0,,0.0,3.0,0.0,1.0,5.0,0.0
639940,2023-05-07,ligue1,2022,11147,Paris Saint-Germain,Troyes,0,288897,Vitinha,CM-R,1,1.0,17,1.0,0.0,0.0,1.0,0.0,0.0,0.0,,0.0,2.0,0.0,1.0,3.0,0.0
639940,2023-05-07,ligue1,2022,11147,Paris Saint-Germain,Troyes,0,134847,Marco Verratti,AM,1,1.0,6,1.0,1.0,0.0,0.0,1.0,0.0,0.0,,0.0,1.0,0.0,0.0,2.0,0.0
639940,2023-05-07,ligue1,2022,11147,Paris Saint-Germain,Troyes,0,164194,Juan Bernat,LM,1,1.0,14,0.0,0.0,0.0,1.0,0.0,0.0,0.0,,0.0,0.0,0.0,0.0,1.0,0.0
639940,2023-05-07,ligue1,2022,11147,Paris Saint-Germain,Troyes,0,345581,Warren Zaïre-Emery,RM,1,1.0,33,0.0,0.0,0.0,1.0,0.0,0.0,0.0,,0.0,0.0,0.0,0.0,1.0,0.0
639940,2023-05-07,ligue1,2022,11147,Paris Saint-Germain,Troyes,0,231388,Kylian Mbappé,CF-L,1,1.0,7,0.0,0.0,0.0,1.0,0.0,0.0,0.0,,0.0,3.0,0.0,1.0,8.0,0.0
639940,2023-05-07,ligue1,2022,11147,Paris Saint-Germain,Troyes,0,304901,Hugo Ekitike,CF-R,1,1.0,44,1.0,1.0,0.0,0.0,0.0,0.0,0.0,,0.0,2.0,0.0,0.0,6.0,0.0
639940,2023-05-07,ligue1,2022,11147,Paris Saint-Germain,Troyes,0,317473,Ismaël Gharbi,SUB,0,1.0,35,0.0,0.0,0.0,0.0,0.0,0.0,0.0,,0.0,0.0,1.0,0.0,0.0,0.0
639940,2023-05-07,ligue1,2022,11147,Paris Saint-Germain,Troyes,0,355969,Ilyes Housni,SUB,0,0.0,37,0.0,0.0,0.0,0.0,0.0,0.0,0.0,,0.0,0.0,0.0,0.0,0.0,0.0
639940,2023-05-07,ligue1,2022,11147,Paris Saint-Germain,Troyes,0,235072,Carlos Soler,SUB,0,1.0,28,0.0,0.0,0.0,1.0,0.0,0.0,0.0,,0.0,0.0,1.0,0.0,0.0,0.0
639940,2023-05-07,ligue1,2022,11147,Paris Saint-Germain,Troyes,0,150279,Alexandre Letellier,SUB,0,0.0,90,0.0,0.0,0.0,0.0,,0.0,0.0,0.0,0.0,0.0,0.0,0.0,0.0,0.0
639940,2023-05-07,ligue1,2022,11147,Paris Saint-Germain,Troyes,0,169293,Sergio Rico,SUB,0,0.0,16,0.0,0.0,0.0,0.0,,0.0,0.0,0.0,0.0,0.0,0.0,0.0,0.0,0.0
639940,2023-05-07,ligue1,2022,11147,Paris Saint-Germain,Troyes,0,227217,Renato Sanches,SUB,0,1.0,18,0.0,1.0,0.0,1.0,0.0,0.0,0.0,,0.0,0.0,1.0,0.0,1.0,0.0
639940,2023-05-07,ligue1,2022,11147,Paris Saint-Germain,Troyes,0,362126,Serif Nhaga,SUB,0,0.0,34,0.0,0.0,0.0,0.0,0.0,0.0,0.0,,0.0,0.0,0.0,0.0,0.0,0.0
639940,2023-05-07,ligue1,2022,11147,Paris Saint-Germain,Troyes,0,304740,El Chadaille Bitshiabu,SUB,0,0.0,31,0.0,0.0,0.0,0.0,0.0,0.0,0.0,,0.0,0.0,0.0,0.0,0.0,0.0
639941,2023-05-07,ligue1,2022,11147,Angers,AS Monaco,1,214201,Paul Bernardoni,G,1,1.0,1,0.0,0.0,0.0,2.0,,0.0,0.0,4.0,11.0,0.0,0.0,0.0,0.0,0.0
639941,2023-05-07,ligue1,2022,11147,Angers,AS Monaco,1,192057,Cédric Hountondji,CD,1,1.0,22,2.0,2.0,0.0,2.0,0.0,0.0,0.0,,0.0,0.0,0.0,0.0,0.0,0.0
639941,2023-05-07,ligue1,2022,11147,Angers,AS Monaco,1,127828,Abdoulaye Bamba,CD-L,1,1.0,25,2.0,2.0,0.0,2.0,0.0,0.0,0.0,,0.0,0.0,0.0,0.0,0.0,0.0
639941,2023-05-07,ligue1,2022,11147,Angers,AS Monaco,1,240588,Yan Valery,CD-R,1,1.0,94,4.0,0.0,0.0,2.0,0.0,0.0,0.0,,0.0,0.0,0.0,0.0,1.0,1.0
639941,2023-05-07,ligue1,2022,11147,Angers,AS Monaco,1,361266,Justin-Noel Kalumba,LB,1,1.0,17,0.0,0.0,0.0,2.0,0.0,0.0,0.0,,0.0,0.0,0.0,0.0,0.0,0.0
639941,2023-05-07,ligue1,2022,11147,Angers,AS Monaco,1,215451,Sada Thioub,RB,1,1.0,92,0.0,0.0,0.0,2.0,0.0,0.0,0.0,,0.0,0.0,0.0,0.0,0.0,0.0
639941,2023-05-07,ligue1,2022,11147,Angers,AS Monaco,1,265917,Batista Mendy,CM,1,1.0,2,0.0,3.0,0.0,1.0,0.0,0.0,0.0,,0.0,0.0,0.0,0.0,0.0,0.0
639941,2023-05-07,ligue1,2022,11147,Angers,AS Monaco,1,277525,Himad Abdelli,CM-L,1,1.0,10,1.0,4.0,1.0,2.0,0.0,0.0,0.0,,0.0,1.0,0.0,0.0,3.0,0.0
639941,2023-05-07,ligue1,2022,11147,Angers,AS Monaco,1,179187,Nabil Bentaleb,CM-R,1,1.0,6,1.0,3.0,0.0,2.0,0.0,0.0,0.0,,0.0,0.0,0.0,0.0,1.0,1.0
639941,2023-05-07,ligue1,2022,11147,Angers,AS Monaco,1,346662,Jean-Mattéo Bahoya,CF-L,1,1.0,24,0.0,0.0,0.0,1.0,0.0,0.0,0.0,,0.0,0.0,0.0,0.0,0.0,0.0
639941,2023-05-07,ligue1,2022,11147,Angers,AS Monaco,1,256685,Ibrahima Niane,CF-R,1,1.0,7,2.0,1.0,0.0,2.0,0.0,0.0,0.0,,0.0,1.0,0.0,0.0,3.0,1.0
639941,2023-05-07,ligue1,2022,11147,Angers,AS Monaco,1,275602,Halid Sabanovic,SUB,0,1.0,4,0.0,0.0,0.0,0.0,0.0,0.0,0.0,,0.0,0.0,1.0,0.0,0.0,0.0
639941,2023-05-07,ligue1,2022,11147,Angers,AS Monaco,1,221403,Miha Blazic,SUB,0,0.0,5,0.0,0.0,0.0,0.0,0.0,0.0,0.0,,0.0,0.0,0.0,0.0,0.0,0.0
639941,2023-05-07,ligue1,2022,11147,Angers,AS Monaco,1,222174,Souleyman Doumbia,SUB,0,1.0,3,0.0,1.0,0.0,0.0,0.0,0.0,0.0,,0.0,0.0,1.0,0.0,0.0,0.0
639941,2023-05-07,ligue1,2022,11147,Angers,AS Monaco,1,186278,Adrien Hunou,SUB,0,1.0,23,0.0,1.0,0.0,1.0,0.0,0.0,0.0,,0.0,0.0,1.0,0.0,0.0,0.0
639941,2023-05-07,ligue1,2022,11147,Angers,AS Monaco,1,290575,Zinédine Ould Khaled,SUB,0,1.0,12,0.0,0.0,0.0,0.0,0.0,0.0,0.0,,0.0,0.0,1.0,0.0,0.0,0.0
639941,2023-05-07,ligue1,2022,11147,Angers,AS Monaco,1,362128,Yacine Gaya,SUB,0,0.0,70,0.0,0.0,0.0,0.0,0.0,0.0,0.0,,0.0,0.0,0.0,0.0,0.0,0.0
639941,2023-05-07,ligue1,2022,11147,Angers,AS Monaco,1,297773,Waniss Taibi,SUB,0,0.0,26,0.0,0.0,0.0,0.0,0.0,0.0,0.0,,0.0,0.0,0.0,0.0,0.0,0.0
639941,2023-05-07,ligue1,2022,11147,Angers,AS Monaco,1,261595,Yahia Fofana,SUB,0,0.0,30,0.0,0.0,0.0,0.0,,0.0,0.0,0.0,0.0,0.0,0.0,0.0,0.0,0.0
639941,2023-05-07,ligue1,2022,11147,Angers,AS Monaco,1,308246,Abdallah Sima,SUB,0,1.0,19,1.0,0.0,0.0,1.0,0.0,0.0,0.0,,0.0,1.0,1.0,1.0,2.0,0.0
639941,2023-05-07,ligue1,2022,11147,AS Monaco,Angers,0,205750,Alexander Nübel,G,1,1.0,16,0.0,0.0,0.0,1.0,,0.0,0.0,2.0,9.0,0.0,0.0,0.0,0.0,0.0
639941,2023-05-07,ligue1,2022,11147,AS Monaco,Angers,0,297165,Chrislain Matsima,CD,1,1.0,34,0.0,1.0,0.0,1.0,0.0,0.0,0.0,,0.0,0.0,0.0,0.0,0.0,0.0
639941,2023-05-07,ligue1,2022,11147,AS Monaco,Angers,0,240353,Caio Henrique,CD-L,1,1.0,12,0.0,0.0,0.0,1.0,0.0,0.0,0.0,,0.0,0.0,0.0,0.0,0.0,0.0
639941,2023-05-07,ligue1,2022,11147,AS Monaco,Angers,0,231718,Axel Disasi,CD-R,1,1.0,6,2.0,1.0,0.0,1.0,0.0,0.0,0.0,,0.0,0.0,0.0,0.0,0.0,1.0
639941,2023-05-07,ligue1,2022,11147,AS Monaco,Angers,0,277307,Youssouf Fofana,CM-L,1,1.0,19,1.0,3.0,1.0,1.0,0.0,0.0,0.0,,0.0,1.0,0.0,0.0,3.0,0.0
639941,2023-05-07,ligue1,2022,11147,AS Monaco,Angers,0,306055,Eliot Matazo,CM-R,1,1.0,15,1.0,0.0,0.0,0.0,0.0,0.0,0.0,,0.0,0.0,0.0,0.0,0.0,0.0
639941,2023-05-07,ligue1,2022,11147,AS Monaco,Angers,0,253992,Krépin Diatta,LM,1,1.0,27,0.0,1.0,0.0,1.0,0.0,0.0,0.0,,0.0,0.0,0.0,0.0,1.0,0.0
639941,2023-05-07,ligue1,2022,11147,AS Monaco,Angers,0,310640,Vanderson,RM,1,1.0,2,2.0,0.0,1.0,1.0,0.0,0.0,0.0,,0.0,0.0,0.0,0.0,0.0,0.0
639941,2023-05-07,ligue1,2022,11147,AS Monaco,Angers,0,259143,Myron Boadu,F,1,1.0,9,1.0,1.0,0.0,1.0,0.0,0.0,0.0,,0.0,2.0,0.0,1.0,3.0,0.0
639941,2023-05-07,ligue1,2022,11147,AS Monaco,Angers,0,195501,Aleksandr Golovin,CF-L,1,1.0,17,4.0,1.0,0.0,1.0,0.0,0.0,0.0,,0.0,1.0,0.0,1.0,2.0,0.0
639941,2023-05-07,ligue1,2022,11147,AS Monaco,Angers,0,159348,Takumi Minamino,CF-R,1,1.0,18,2.0,1.0,0.0,1.0,1.0,0.0,0.0,,0.0,1.0,0.0,0.0,3.0,0.0
639941,2023-05-07,ligue1,2022,11147,AS Monaco,Angers,0,362399,Mohamed Camara,SUB,0,1.0,4,2.0,1.0,0.0,1.0,0.0,0.0,0.0,,0.0,0.0,1.0,0.0,1.0,1.0
639941,2023-05-07,ligue1,2022,11147,AS Monaco,Angers,0,188221,Thomas Didillon,SUB,0,0.0,30,0.0,0.0,0.0,0.0,,0.0,0.0,0.0,0.0,0.0,0.0,0.0,0.0,0.0
639941,2023-05-07,ligue1,2022,11147,AS Monaco,Angers,0,345645,Edan Diop,SUB,0,1.0,42,0.0,1.0,0.0,0.0,0.0,0.0,0.0,,0.0,0.0,1.0,0.0,0.0,0.0
639941,2023-05-07,ligue1,2022,11147,AS Monaco,Angers,0,181946,Ruben Aguilar,SUB,0,0.0,26,0.0,0.0,0.0,0.0,0.0,0.0,0.0,,0.0,0.0,0.0,0.0,0.0,0.0
639941,2023-05-07,ligue1,2022,11147,AS Monaco,Angers,0,329690,Maghnes Akliouche,SUB,0,0.0,21,0.0,0.0,0.0,0.0,0.0,0.0,0.0,,0.0,0.0,0.0,0.0,0.0,0.0
639941,2023-05-07,ligue1,2022,11147,AS Monaco,Angers,0,332396,Yllan Okou,SUB,0,0.0,99,0.0,0.0,0.0,0.0,0.0,0.0,0.0,,0.0,0.0,0.0,0.0,0.0,0.0
639941,2023-05-07,ligue1,2022,11147,AS Monaco,Angers,0,268796,Ismail Jakobs,SUB,0,1.0,14,1.0,1.0,0.0,0.0,0.0,0.0,0.0,,0.0,0.0,1.0,0.0,0.0,0.0
639941,2023-05-07,ligue1,2022,11147,AS Monaco,Angers,0,346947,Eliesse Ben Seghir,SUB,0,1.0,44,0.0,1.0,0.0,0.0,0.0,0.0,0.0,,0.0,0.0,1.0,0.0,0.0,0.0
639941,2023-05-07,ligue1,2022,11147,AS Monaco,Angers,0,149558,Kevin Volland,SUB,0,1.0,31,1.0,0.0,0.0,0.0,0.0,0.0,0.0,,0.0,0.0,1.0,0.0,0.0,0.0
639943,2023-05-07,ligue1,2022,11147,Nantes,Strasbourg,1,231282,Alban Lafont,G,1,1.0,1,0.0,0.0,0.0,2.0,,0.0,0.0,4.0,4.0,0.0,0.0,0.0,0.0,0.0
639943,2023-05-07,ligue1,2022,11147,Nantes,Strasbourg,1,185683,Jean-Charles Castelletto,CD,1,1.0,21,4.0,0.0,0.0,2.0,0.0,0.0,0.0,,0.0,0.0,0.0,0.0,0.0,0.0
639943,2023-05-07,ligue1,2022,11147,Nantes,Strasbourg,1,146205,Nicolas Pallois,CD-L,1,1.0,4,1.0,2.0,0.0,2.0,0.0,0.0,0.0,,0.0,0.0,0.0,0.0,0.0,0.0
639943,2023-05-07,ligue1,2022,11147,Nantes,Strasbourg,1,287946,João Victor,CD-R,1,1.0,38,2.0,0.0,0.0,1.0,0.0,0.0,0.0,,0.0,0.0,0.0,0.0,0.0,1.0
639943,2023-05-07,ligue1,2022,11147,Nantes,Strasbourg,1,260932,Samuel Moutoussamy,CM-L,1,1.0,8,2.0,0.0,0.0,2.0,0.0,0.0,0.0,,0.0,0.0,0.0,0.0,0.0,0.0
639943,2023-05-07,ligue1,2022,11147,Nantes,Strasbourg,1,186952,Andrei Girotto,CM-R,1,1.0,3,1.0,0.0,0.0,2.0,0.0,0.0,0.0,,0.0,1.0,0.0,0.0,3.0,0.0
639943,2023-05-07,ligue1,2022,11147,Nantes,Strasbourg,1,223120,Ludovic Blas,AM,1,1.0,10,2.0,1.0,0.0,2.0,0.0,0.0,0.0,,0.0,0.0,0.0,0.0,1.0,0.0
639943,2023-05-07,ligue1,2022,11147,Nantes,Strasbourg,1,313890,Quentin Merlin,LM,1,1.0,29,1.0,0.0,0.0,2.0,0.0,0.0,0.0,,0.0,0.0,0.0,0.0,0.0,0.0
639943,2023-05-07,ligue1,2022,11147,Nantes,Strasbourg,1,223339,Fabien Centonze,RM,1,1.0,28,0.0,0.0,0.0,1.0,0.0,0.0,0.0,,0.0,0.0,0.0,0.0,1.0,0.0
639943,2023-05-07,ligue1,2022,11147,Nantes,Strasbourg,1,262507,Ignatius Ganago,CF-L,1,1.0,14,1.0,4.0,0.0,2.0,0.0,0.0,0.0,,0.0,1.0,0.0,0.0,2.0,0.0
639943,2023-05-07,ligue1,2022,11147,Nantes,Strasbourg,1,243816,Mostafa Mohamed,CF-R,1,1.0,31,2.0,3.0,0.0,2.0,0.0,0.0,0.0,,0.0,1.0,0.0,0.0,3.0,0.0
639943,2023-05-07,ligue1,2022,11147,Nantes,Strasbourg,1,187647,Moses Simon,SUB,0,1.0,27,0.0,0.0,0.0,0.0,0.0,0.0,0.0,,0.0,0.0,1.0,0.0,0.0,0.0
639943,2023-05-07,ligue1,2022,11147,Nantes,Strasbourg,1,132056,Sébastien Corchia,SUB,0,0.0,24,0.0,0.0,0.0,0.0,0.0,0.0,0.0,,0.0,0.0,0.0,0.0,0.0,0.0
639943,2023-05-07,ligue1,2022,11147,Nantes,Strasbourg,1,227800,Charles Traoré,SUB,0,0.0,93,0.0,0.0,0.0,0.0,0.0,0.0,0.0,,0.0,0.0,0.0,0.0,0.0,0.0
639943,2023-05-07,ligue1,2022,11147,Nantes,Strasbourg,1,306033,Jaouen Hadjam,SUB,0,1.0,26,1.0,1.0,0.0,0.0,0.0,0.0,0.0,,0.0,0.0,1.0,0.0,0.0,0.0
639943,2023-05-07,ligue1,2022,11147,Nantes,Strasbourg,1,173616,Florent Mollet,SUB,0,1.0,25,1.0,1.0,0.0,1.0,0.0,0.0,0.0,,0.0,1.0,1.0,0.0,3.0,1.0
639943,2023-05-07,ligue1,2022,11147,Nantes,Strasbourg,1,214739,Marcus Coco,SUB,0,1.0,11,3.0,1.0,0.0,1.0,0.0,0.0,0.0,,0.0,0.0,1.0,0.0,0.0,1.0
639943,2023-05-07,ligue1,2022,11147,Nantes,Strasbourg,1,138571,Andy Delort,SUB,0,1.0,99,1.0,1.0,0.0,0.0,0.0,0.0,0.0,,0.0,0.0,1.0,0.0,0.0,0.0
639943,2023-05-07,ligue1,2022,11147,Nantes,Strasbourg,1,288924,Evann Guessand,SUB,0,0.0,7,0.0,0.0,0.0,0.0,0.0,0.0,0.0,,0.0,0.0,0.0,0.0,0.0,0.0
639943,2023-05-07,ligue1,2022,11147,Nantes,Strasbourg,1,222175,Rémy Descamps,SUB,0,0.0,16,0.0,0.0,0.0,0.0,,0.0,0.0,0.0,0.0,0.0,0.0,0.0,0.0,0.0
639943,2023-05-07,ligue1,2022,11147,Strasbourg,Nantes,0,179497,Matz Sels,G,1,1.0,1,0.0,0.0,0.0,0.0,,0.0,0.0,5.0,13.0,0.0,0.0,0.0,0.0,0.0
639943,2023-05-07,ligue1,2022,11147,Strasbourg,Nantes,0,180573,Alexander Djiku,CD,1,1.0,24,1.0,1.0,0.0,0.0,0.0,0.0,0.0,,0.0,0.0,0.0,0.0,0.0,0.0
639943,2023-05-07,ligue1,2022,11147,Strasbourg,Nantes,0,135548,Maxime Le Marchand,CD-L,1,1.0,23,2.0,1.0,0.0,0.0,0.0,0.0,0.0,,0.0,0.0,0.0,0.0,0.0,0.0
639943,2023-05-07,ligue1,2022,11147,Strasbourg,Nantes,0,275790,Lucas Perrin,CD-R,1,1.0,5,3.0,1.0,0.0,0.0,0.0,0.0,0.0,,0.0,0.0,0.0,0.0,0.0,0.0
639943,2023-05-07,ligue1,2022,11147,Strasbourg,Nantes,0,176816,Morgan Sanson,CM-L,1,1.0,8,1.0,2.0,0.0,0.0,0.0,0.0,0.0,,0.0,1.0,0.0,0.0,1.0,0.0
639943,2023-05-07,ligue1,2022,11147,Strasbourg,Nantes,0,305935,Ismael Doukoure,CM-R,1,1.0,29,0.0,2.0,0.0,0.0,0.0,0.0,0.0,,0.0,0.0,0.0,0.0,0.0,0.0
639943,2023-05-07,ligue1,2022,11147,Strasbourg,Nantes,0,184088,Eduard Sobol,LM,1,1.0,77,0.0,4.0,0.0,0.0,0.0,0.0,0.0,,0.0,0.0,0.0,0.0,0.0,0.0
639943,2023-05-07,ligue1,2022,11147,Strasbourg,Nantes,0,215709,Frédéric Guilbert,RM,1,1.0,32,0.0,3.0,0.0,0.0,0.0,0.0,0.0,,0.0,0.0,0.0,0.0,0.0,0.0
639943,2023-05-07,ligue1,2022,11147,Strasbourg,Nantes,0,223376,Habib Diallo,F,1,1.0,20,1.0,4.0,1.0,0.0,0.0,0.0,0.0,,0.0,2.0,0.0,1.0,2.0,0.0
639943,2023-05-07,ligue1,2022,11147,Strasbourg,Nantes,0,240369,Jean-Ricner Bellegarde,CF-L,1,1.0,17,1.0,3.0,0.0,0.0,0.0,0.0,0.0,,0.0,0.0,0.0,0.0,1.0,0.0
639943,2023-05-07,ligue1,2022,11147,Strasbourg,Nantes,0,324991,Habib Diarra,CF-R,1,1.0,19,3.0,1.0,0.0,0.0,0.0,0.0,0.0,,0.0,1.0,0.0,1.0,2.0,0.0
639943,2023-05-07,ligue1,2022,11147,Strasbourg,Nantes,0,101468,Kevin Gameiro,SUB,0,0.0,9,0.0,0.0,0.0,0.0,0.0,0.0,0.0,,0.0,0.0,0.0,0.0,0.0,0.0
639943,2023-05-07,ligue1,2022,11147,Strasbourg,Nantes,0,276335,Colin Dagba,SUB,0,1.0,2,1.0,0.0,0.0,0.0,0.0,0.0,0.0,,0.0,0.0,1.0,0.0,0.0,1.0
639943,2023-05-07,ligue1,2022,11147,Strasbourg,Nantes,0,238446,Dimitri Liénard,SUB,0,1.0,11,0.0,0.0,0.0,0.0,0.0,0.0,0.0,,0.0,0.0,1.0,0.0,0.0,0.0
639943,2023-05-07,ligue1,2022,11147,Strasbourg,Nantes,0,240464,Lebo Mothiba,SUB,0,0.0,12,0.0,0.0,0.0,0.0,0.0,0.0,0.0,,0.0,0.0,0.0,0.0,0.0,0.0
639943,2023-05-07,ligue1,2022,11147,Strasbourg,Nantes,0,196164,Jean-Eudes Aholou,SUB,0,1.0,6,1.0,0.0,0.0,0.0,0.0,0.0,0.0,,0.0,0.0,1.0,0.0,0.0,0.0
639943,2023-05-07,ligue1,2022,11147,Strasbourg,Nantes,0,303031,Yuito Suzuki,SUB,0,0.0,18,0.0,0.0,0.0,0.0,0.0,0.0,0.0,,0.0,0.0,0.0,0.0,0.0,0.0
639943,2023-05-07,ligue1,2022,11147,Strasbourg,Nantes,0,167054,Sanjin Prcic,SUB,0,1.0,14,0.0,0.0,0.0,0.0,0.0,0.0,0.0,,0.0,0.0,1.0,0.0,0.0,0.0
639943,2023-05-07,ligue1,2022,11147,Strasbourg,Nantes,0,344517,Robin Risser,SUB,0,0.0,40,0.0,0.0,0.0,0.0,,0.0,0.0,0.0,0.0,0.0,0.0,0.0,0.0,0.0
639943,2023-05-07,ligue1,2022,11147,Strasbourg,Nantes,0,355864,Franci Bouebari,SUB,0,0.0,35,0.0,0.0,0.0,0.0,0.0,0.0,0.0,,0.0,0.0,0.0,0.0,0.0,0.0
639944,2023-05-07,ligue1,2022,11147,Montpellier,Lyon,0,149517,Benjamin Lecomte,G,1,1.0,40,0.0,0.0,0.0,5.0,,0.0,0.0,3.0,10.0,0.0,0.0,0.0,0.0,0.0
639944,2023-05-07,ligue1,2022,11147,Montpellier,Lyon,0,96162,Mamadou Sakho,CD-L,1,1.0,75,0.0,0.0,0.0,3.0,0.0,0.0,0.0,,0.0,0.0,0.0,0.0,0.0,0.0
639944,2023-05-07,ligue1,2022,11147,Montpellier,Lyon,0,172984,Christopher Jullien,CD-R,1,1.0,6,2.0,0.0,0.0,5.0,0.0,0.0,0.0,,0.0,0.0,0.0,0.0,0.0,1.0
639944,2023-05-07,ligue1,2022,11147,Montpellier,Lyon,0,180747,Issiaga Sylla,LB,1,1.0,3,0.0,0.0,0.0,1.0,1.0,0.0,0.0,,0.0,0.0,0.0,0.0,0.0,0.0
639944,2023-05-07,ligue1,2022,11147,Montpellier,Lyon,0,219465,Falaye Sacko,RB,1,1.0,77,2.0,0.0,0.0,5.0,0.0,0.0,0.0,,0.0,0.0,0.0,0.0,0.0,1.0
639944,2023-05-07,ligue1,2022,11147,Montpellier,Lyon,0,344231,Khalil Fayad,AM,1,1.0,22,0.0,0.0,0.0,2.0,1.0,0.0,0.0,,0.0,0.0,0.0,0.0,1.0,0.0
639944,2023-05-07,ligue1,2022,11147,Montpellier,Lyon,0,291850,Joris Chotard,LM,1,1.0,13,0.0,0.0,2.0,5.0,0.0,0.0,0.0,,0.0,0.0,0.0,0.0,0.0,0.0
639944,2023-05-07,ligue1,2022,11147,Montpellier,Lyon,0,167727,Jordan Ferri,RM,1,1.0,12,1.0,3.0,0.0,5.0,0.0,0.0,0.0,,0.0,0.0,0.0,0.0,0.0,0.0
639944,2023-05-07,ligue1,2022,11147,Montpellier,Lyon,0,311118,Elye Wahi,F,1,1.0,21,3.0,1.0,0.0,3.0,0.0,0.0,0.0,,0.0,4.0,0.0,4.0,4.0,1.0
639944,2023-05-07,ligue1,2022,11147,Montpellier,Lyon,0,223557,Faitout Maouassa,AM-L,1,1.0,27,1.0,2.0,0.0,2.0,0.0,0.0,0.0,,0.0,1.0,0.0,0.0,2.0,0.0
639944,2023-05-07,ligue1,2022,11147,Montpellier,Lyon,0,242738,Arnaud Nordin,AM-R,1,1.0,7,1.0,3.0,0.0,5.0,0.0,0.0,0.0,,0.0,1.0,0.0,0.0,3.0,0.0
639944,2023-05-07,ligue1,2022,11147,Montpellier,Lyon,0,286120,Leo Leroy,SUB,0,1.0,18,1.0,1.0,0.0,3.0,0.0,0.0,0.0,,0.0,0.0,1.0,0.0,1.0,0.0
639944,2023-05-07,ligue1,2022,11147,Montpellier,Lyon,0,225549,Stephy Mavididi,SUB,0,1.0,10,2.0,1.0,0.0,4.0,0.0,0.0,0.0,,0.0,0.0,1.0,0.0,0.0,0.0
639944,2023-05-07,ligue1,2022,11147,Montpellier,Lyon,0,264354,Théo Sainte-Luce,SUB,0,1.0,17,1.0,0.0,0.0,3.0,0.0,0.0,0.0,,0.0,0.0,1.0,0.0,0.0,0.0
639944,2023-05-07,ligue1,2022,11147,Montpellier,Lyon,0,157901,Valère Germain,SUB,0,1.0,9,0.0,0.0,0.0,2.0,0.0,0.0,0.0,,0.0,0.0,1.0,0.0,0.0,0.0
639944,2023-05-07,ligue1,2022,11147,Montpellier,Lyon,0,334986,Enzo Tchato,SUB,0,0.0,29,0.0,0.0,0.0,0.0,0.0,0.0,0.0,,0.0,0.0,0.0,0.0,0.0,0.0
639944,2023-05-07,ligue1,2022,11147,Montpellier,Lyon,0,318316,Maxime Estève,SUB,0,1.0,14,0.0,0.0,0.0,2.0,0.0,0.0,0.0,,0.0,0.0,1.0,0.0,1.0,0.0
639944,2023-05-07,ligue1,2022,11147,Montpellier,Lyon,0,207369,Bingourou Kamara,SUB,0,0.0,90,0.0,0.0,0.0,0.0,,0.0,0.0,0.0,0.0,0.0,0.0,0.0,0.0,0.0
639944,2023-05-07,ligue1,2022,11147,Montpellier,Lyon,0,349562,Axel Gueguin,SUB,0,0.0,33,0.0,0.0,0.0,0.0,0.0,0.0,0.0,,0.0,0.0,0.0,0.0,0.0,0.0
639945,2023-05-07,ligue1,2022,11147,Lorient,Brest,1,199381,Yvon Mvogo,G,1,1.0,38,0.0,0.0,0.0,1.0,,0.0,0.0,1.0,13.0,0.0,0.0,0.0,0.0,0.0
639945,2023-05-07,ligue1,2022,11147,Lorient,Brest,1,265099,Montassar Talbi,CD,1,1.0,3,1.0,2.0,1.0,1.0,0.0,0.0,0.0,,0.0,0.0,0.0,0.0,0.0,0.0
639945,2023-05-07,ligue1,2022,11147,Lorient,Brest,1,146496,Vincent Le Goff,CD-L,1,1.0,25,0.0,0.0,0.0,1.0,0.0,0.0,0.0,,0.0,0.0,0.0,0.0,0.0,0.0
639945,2023-05-07,ligue1,2022,11147,Lorient,Brest,1,291345,Gédéon Kalulu,CD-R,1,1.0,24,0.0,0.0,0.0,1.0,0.0,0.0,0.0,,0.0,0.0,0.0,0.0,0.0,0.0
639945,2023-05-07,ligue1,2022,11147,Lorient,Brest,1,181133,Laurent Abergel,CM-L,1,1.0,19,2.0,1.0,0.0,1.0,0.0,0.0,0.0,,0.0,0.0,0.0,0.0,0.0,0.0
639945,2023-05-07,ligue1,2022,11147,Lorient,Brest,1,208414,Innocent Bonke,CM-R,1,1.0,8,1.0,1.0,0.0,0.0,0.0,0.0,0.0,,0.0,0.0,0.0,0.0,0.0,0.0
639945,2023-05-07,ligue1,2022,11147,Lorient,Brest,1,296511,Darlin Yongwa,LM,1,1.0,12,1.0,2.0,0.0,1.0,0.0,0.0,0.0,,0.0,1.0,0.0,0.0,1.0,1.0
639945,2023-05-07,ligue1,2022,11147,Lorient,Brest,1,305670,Yoann Cathline,RM,1,1.0,22,1.0,3.0,0.0,1.0,0.0,0.0,0.0,,0.0,0.0,0.0,0.0,0.0,0.0
639945,2023-05-07,ligue1,2022,11147,Lorient,Brest,1,41549,Ibrahima Koné,F,1,1.0,9,0.0,1.0,0.0,1.0,0.0,0.0,0.0,,0.0,2.0,0.0,2.0,2.0,0.0
639945,2023-05-07,ligue1,2022,11147,Lorient,Brest,1,288340,Enzo Le Fée,CF-L,1,1.0,80,2.0,4.0,0.0,1.0,0.0,0.0,0.0,,0.0,0.0,0.0,0.0,1.0,0.0
639945,2023-05-07,ligue1,2022,11147,Lorient,Brest,1,268591,Romain Faivre,CF-R,1,1.0,14,1.0,4.0,1.0,1.0,1.0,0.0,0.0,,0.0,0.0,0.0,0.0,0.0,0.0
639945,2023-05-07,ligue1,2022,11147,Lorient,Brest,1,313889,Bamba Dieng,SUB,0,1.0,11,1.0,1.0,0.0,0.0,0.0,0.0,0.0,,0.0,0.0,1.0,0.0,1.0,0.0
639945,2023-05-07,ligue1,2022,11147,Lorient,Brest,1,234912,Stéphane Diarra,SUB,0,0.0,7,0.0,0.0,0.0,0.0,0.0,0.0,0.0,,0.0,0.0,0.0,0.0,0.0,0.0
639945,2023-05-07,ligue1,2022,11147,Lorient,Brest,1,353112,Ayman Kari,SUB,0,1.0,44,0.0,0.0,0.0,0.0,0.0,0.0,0.0,,0.0,0.0,1.0,0.0,1.0,0.0
639945,2023-05-07,ligue1,2022,11147,Lorient,Brest,1,184794,Julian Pollersbeck,SUB,0,0.0,23,0.0,0.0,0.0,0.0,,0.0,0.0,0.0,0.0,0.0,0.0,0.0,0.0,0.0
639945,2023-05-07,ligue1,2022,11147,Lorient,Brest,1,325992,Théo Le Bris,SUB,0,1.0,37,0.0,0.0,0.0,0.0,0.0,0.0,0.0,,0.0,0.0,1.0,0.0,0.0,0.0
639945,2023-05-07,ligue1,2022,11147,Lorient,Brest,1,225557,Jean-Victor Makengo,SUB,0,1.0,17,3.0,1.0,0.0,1.0,0.0,0.0,1.0,,0.0,0.0,1.0,0.0,0.0,1.0
639945,2023-05-07,ligue1,2022,11147,Lorient,Brest,1,337967,Maxime Wackers,SUB,0,0.0,34,0.0,0.0,0.0,0.0,0.0,0.0,0.0,,0.0,0.0,0.0,0.0,0.0,0.0
639945,2023-05-07,ligue1,2022,11147,Lorient,Brest,1,305602,Ckene Doucouré,SUB,0,0.0,29,0.0,0.0,0.0,0.0,0.0,0.0,0.0,,0.0,0.0,0.0,0.0,0.0,0.0
639945,2023-05-07,ligue1,2022,11147,Lorient,Brest,1,276450,Julien Ponceau,SUB,0,0.0,21,0.0,0.0,0.0,0.0,0.0,0.0,0.0,,0.0,0.0,0.0,0.0,0.0,0.0
639945,2023-05-07,ligue1,2022,11147,Brest,Lorient,0,132233,Marco Bizot,G,1,1.0,40,0.0,0.0,0.0,2.0,,0.0,0.0,1.0,4.0,0.0,0.0,0.0,0.0,0.0
639945,2023-05-07,ligue1,2022,11147,Brest,Lorient,0,290141,Lilian Brassier,CD-L,1,1.0,3,3.0,2.0,0.0,2.0,0.0,0.0,0.0,,0.0,1.0,0.0,0.0,2.0,0.0
639945,2023-05-07,ligue1,2022,11147,Brest,Lorient,0,186408,Brendan Chardonnet,CD-R,1,1.0,5,1.0,0.0,0.0,2.0,0.0,0.0,0.0,,0.0,0.0,0.0,0.0,1.0,0.0
639945,2023-05-07,ligue1,2022,11147,Brest,Lorient,0,221527,Pierre Lees-Melou,DM,1,1.0,20,1.0,4.0,0.0,2.0,0.0,0.0,0.0,,0.0,0.0,0.0,0.0,1.0,1.0
639945,2023-05-07,ligue1,2022,11147,Brest,Lorient,0,241032,Jean-Kévin Duverne,LB,1,1.0,2,4.0,1.0,0.0,2.0,0.0,0.0,0.0,,0.0,0.0,0.0,0.0,0.0,1.0
639945,2023-05-07,ligue1,2022,11147,Brest,Lorient,0,164187,Kenny Lala,RB,1,1.0,27,0.0,3.0,0.0,2.0,0.0,0.0,0.0,,0.0,0.0,0.0,0.0,4.0,0.0
639945,2023-05-07,ligue1,2022,11147,Brest,Lorient,0,250377,Hugo Magnetti,CM-L,1,1.0,8,1.0,0.0,0.0,2.0,0.0,0.0,0.0,,0.0,0.0,0.0,0.0,1.0,0.0
639945,2023-05-07,ligue1,2022,11147,Brest,Lorient,0,206993,Haris Belkebla,CM-R,1,1.0,7,3.0,0.0,0.0,2.0,0.0,0.0,0.0,,0.0,0.0,0.0,0.0,0.0,0.0
639945,2023-05-07,ligue1,2022,11147,Brest,Lorient,0,305693,Jeremy Le Douaron,LM,1,1.0,22,1.0,1.0,0.0,2.0,0.0,0.0,0.0,,0.0,0.0,0.0,0.0,2.0,0.0
639945,2023-05-07,ligue1,2022,11147,Brest,Lorient,0,324419,Felix Lemarechal,RM,1,1.0,37,2.0,0.0,0.0,2.0,0.0,0.0,0.0,,0.0,0.0,0.0,0.0,0.0,0.0
639945,2023-05-07,ligue1,2022,11147,Brest,Lorient,0,192672,Steve Mounié,F,1,1.0,15,3.0,1.0,0.0,2.0,0.0,0.0,0.0,,0.0,0.0,0.0,0.0,1.0,0.0
639945,2023-05-07,ligue1,2022,11147,Brest,Lorient,0,233835,Mathias Pereira Lage,SUB,0,0.0,29,0.0,0.0,0.0,0.0,0.0,0.0,0.0,,0.0,0.0,0.0,0.0,0.0,0.0
639945,2023-05-07,ligue1,2022,11147,Brest,Lorient,0,172299,Christophe Hérelle,SUB,0,0.0,23,0.0,0.0,0.0,0.0,0.0,0.0,0.0,,0.0,0.0,0.0,0.0,0.0,0.0
639945,2023-05-07,ligue1,2022,11147,Brest,Lorient,0,283557,Achraf Dari,SUB,0,0.0,4,0.0,0.0,0.0,0.0,0.0,0.0,0.0,,0.0,0.0,0.0,0.0,0.0,0.0
639945,2023-05-07,ligue1,2022,11147,Brest,Lorient,0,268966,Mahdi Camara,SUB,0,1.0,45,0.0,1.0,0.0,0.0,0.0,0.0,0.0,,0.0,0.0,1.0,0.0,1.0,0.0
639945,2023-05-07,ligue1,2022,11147,Brest,Lorient,0,230896,Romain Del Castillo,SUB,0,1.0,10,1.0,0.0,0.0,0.0,0.0,0.0,0.0,,0.0,1.0,1.0,1.0,1.0,0.0
639945,2023-05-07,ligue1,2022,11147,Brest,Lorient,0,196029,Franck Honorat,SUB,0,1.0,9,0.0,0.0,0.0,0.0,0.0,0.0,0.0,,0.0,0.0,1.0,0.0,0.0,0.0
639945,2023-05-07,ligue1,2022,11147,Brest,Lorient,0,276303,Joaquín Blázquez,SUB,0,0.0,1,0.0,0.0,0.0,0.0,,0.0,0.0,0.0,0.0,0.0,0.0,0.0,0.0,0.0
639945,2023-05-07,ligue1,2022,11147,Brest,Lorient,0,324572,Bradley Locko,SUB,0,1.0,28,0.0,0.0,0.0,0.0,0.0,0.0,0.0,,0.0,0.0,1.0,0.0,0.0,0.0
639945,2023-05-07,ligue1,2022,11147,Brest,Lorient,0,288616,Karamoko Dembele,SUB,0,0.0,18,0.0,0.0,0.0,0.0,0.0,0.0,0.0,,0.0,0.0,0.0,0.0,0.0,0.0
639947,2023-05-07,ligue1,2022,11147,AJ Auxerre,Clermont Foot,1,144720,Andrei Radu,G,1,1.0,1,0.0,0.0,0.0,1.0,,0.0,0.0,3.0,8.0,0.0,0.0,0.0,0.0,0.0
639947,2023-05-07,ligue1,2022,11147,AJ Auxerre,Clermont Foot,1,198563,Jubal,CD,1,1.0,4,1.0,1.0,0.0,1.0,0.0,0.0,0.0,,0.0,1.0,0.0,0.0,1.0,0.0
639947,2023-05-07,ligue1,2022,11147,AJ Auxerre,Clermont Foot,1,306535,Isaak Touré,CD-L,1,1.0,95,0.0,0.0,0.0,1.0,0.0,0.0,0.0,,0.0,1.0,0.0,1.0,1.0,0.0
639947,2023-05-07,ligue1,2022,11147,AJ Auxerre,Clermont Foot,1,213101,Rayan Raveloson,CD-R,1,1.0,97,0.0,2.0,0.0,1.0,0.0,0.0,0.0,,0.0,0.0,0.0,0.0,0.0,0.0
639947,2023-05-07,ligue1,2022,11147,AJ Auxerre,Clermont Foot,1,174896,Birama Touré,CM-L,1,1.0,12,1.0,0.0,0.0,1.0,1.0,0.0,0.0,,0.0,0.0,0.0,0.0,1.0,0.0
639947,2023-05-07,ligue1,2022,11147,AJ Auxerre,Clermont Foot,1,282885,Han-Noah Massengo,CM-R,1,1.0,80,2.0,1.0,0.0,1.0,0.0,0.0,0.0,,0.0,0.0,0.0,0.0,1.0,0.0
639947,2023-05-07,ligue1,2022,11147,AJ Auxerre,Clermont Foot,1,264484,Gideon Mensah,LM,1,1.0,14,0.0,0.0,0.0,1.0,1.0,0.0,0.0,,0.0,0.0,0.0,0.0,1.0,0.0
639947,2023-05-07,ligue1,2022,11147,AJ Auxerre,Clermont Foot,1,204778,Akim Zedadka,RM,1,1.0,13,2.0,2.0,0.0,1.0,0.0,0.0,0.0,,0.0,0.0,0.0,0.0,0.0,1.0
639947,2023-05-07,ligue1,2022,11147,AJ Auxerre,Clermont Foot,1,119868,M'Baye Niang,F,1,1.0,11,4.0,3.0,0.0,1.0,0.0,0.0,0.0,,0.0,0.0,0.0,0.0,2.0,0.0
639947,2023-05-07,ligue1,2022,11147,AJ Auxerre,Clermont Foot,1,224798,Nuno da Costa,CF-L,1,1.0,9,3.0,1.0,0.0,1.0,0.0,0.0,0.0,,0.0,0.0,0.0,0.0,1.0,0.0
639947,2023-05-07,ligue1,2022,11147,AJ Auxerre,Clermont Foot,1,239905,Gauthier Hein,CF-R,1,1.0,7,0.0,0.0,0.0,1.0,0.0,0.0,0.0,,0.0,1.0,0.0,0.0,2.0,0.0
639947,2023-05-07,ligue1,2022,11147,AJ Auxerre,Clermont Foot,1,176561,Julian Jeanvier,SUB,0,1.0,27,0.0,0.0,0.0,0.0,0.0,0.0,0.0,,0.0,0.0,1.0,0.0,0.0,0.0
639947,2023-05-07,ligue1,2022,11147,AJ Auxerre,Clermont Foot,1,172195,Youssouf M'Changama,SUB,0,0.0,6,0.0,0.0,0.0,0.0,0.0,0.0,0.0,,0.0,0.0,0.0,0.0,0.0,0.0
639947,2023-05-07,ligue1,2022,11147,AJ Auxerre,Clermont Foot,1,231778,Gaetan Perrin,SUB,0,1.0,10,2.0,1.0,0.0,0.0,1.0,0.0,0.0,,0.0,0.0,1.0,0.0,0.0,0.0
639947,2023-05-07,ligue1,2022,11147,AJ Auxerre,Clermont Foot,1,318389,Matthis Abline,SUB,0,1.0,19,1.0,0.0,0.0,0.0,0.0,0.0,0.0,,0.0,0.0,1.0,0.0,1.0,0.0
639947,2023-05-07,ligue1,2022,11147,AJ Auxerre,Clermont Foot,1,144018,Mathias Autret,SUB,0,0.0,29,0.0,0.0,0.0,0.0,0.0,0.0,0.0,,0.0,0.0,0.0,0.0,0.0,0.0
639947,2023-05-07,ligue1,2022,11147,AJ Auxerre,Clermont Foot,1,164165,Donovan Léon,SUB,0,0.0,16,0.0,0.0,0.0,0.0,,0.0,0.0,0.0,0.0,0.0,0.0,0.0,0.0,0.0
639947,2023-05-07,ligue1,2022,11147,AJ Auxerre,Clermont Foot,1,271137,Lassine Sinayoko,SUB,0,1.0,17,1.0,1.0,0.0,0.0,0.0,0.0,0.0,,0.0,0.0,1.0,0.0,0.0,0.0
639947,2023-05-07,ligue1,2022,11147,AJ Auxerre,Clermont Foot,1,259032,Siriki Dembele,SUB,0,0.0,77,0.0,0.0,0.0,0.0,0.0,0.0,0.0,,0.0,0.0,0.0,0.0,0.0,0.0
639947,2023-05-07,ligue1,2022,11147,AJ Auxerre,Clermont Foot,1,190292,Hamza Sakhi,SUB,0,1.0,22,0.0,1.0,0.0,0.0,0.0,0.0,0.0,,0.0,0.0,1.0,0.0,0.0,0.0
639947,2023-05-07,ligue1,2022,11147,Clermont Foot,AJ Auxerre,0,197631,Mory Diaw,G,1,1.0,99,0.0,1.0,0.0,1.0,,0.0,0.0,3.0,10.0,0.0,0.0,0.0,0.0,0.0
639947,2023-05-07,ligue1,2022,11147,Clermont Foot,AJ Auxerre,0,150292,Florent Ogier,CD,1,1.0,21,1.0,0.0,0.0,1.0,0.0,0.0,0.0,,0.0,0.0,0.0,0.0,0.0,0.0
639947,2023-05-07,ligue1,2022,11147,Clermont Foot,AJ Auxerre,0,233027,Max Caufriez,CD-L,1,1.0,5,1.0,4.0,0.0,1.0,0.0,0.0,0.0,,0.0,0.0,0.0,0.0,0.0,0.0
639947,2023-05-07,ligue1,2022,11147,Clermont Foot,AJ Auxerre,0,305669,Alidu Seidu,CD-R,1,1.0,36,2.0,2.0,0.0,1.0,1.0,0.0,0.0,,0.0,0.0,0.0,0.0,0.0,0.0
639947,2023-05-07,ligue1,2022,11147,Clermont Foot,AJ Auxerre,0,118091,Johan Gastien,CM-L,1,1.0,25,1.0,2.0,0.0,1.0,0.0,0.0,0.0,,0.0,0.0,0.0,0.0,0.0,0.0
639947,2023-05-07,ligue1,2022,11147,Clermont Foot,AJ Auxerre,0,276441,Yohann Magnin,CM-R,1,1.0,7,1.0,2.0,0.0,1.0,0.0,0.0,0.0,,0.0,0.0,0.0,0.0,1.0,0.0
639947,2023-05-07,ligue1,2022,11147,Clermont Foot,AJ Auxerre,0,272281,Neto Borges,LM,1,1.0,3,0.0,1.0,1.0,1.0,0.0,0.0,0.0,,0.0,0.0,0.0,0.0,1.0,0.0
639947,2023-05-07,ligue1,2022,11147,Clermont Foot,AJ Auxerre,0,284333,Jim Allevinah,RM,1,1.0,11,1.0,0.0,0.0,1.0,0.0,0.0,0.0,,0.0,0.0,0.0,0.0,1.0,0.0
639947,2023-05-07,ligue1,2022,11147,Clermont Foot,AJ Auxerre,0,211668,Grejohn Kyei,F,1,1.0,95,2.0,1.0,0.0,1.0,0.0,0.0,0.0,,0.0,1.0,0.0,0.0,1.0,0.0
639947,2023-05-07,ligue1,2022,11147,Clermont Foot,AJ Auxerre,0,221165,Elbasan Rashani,CF-L,1,1.0,18,3.0,1.0,0.0,1.0,0.0,0.0,0.0,,0.0,0.0,0.0,0.0,1.0,0.0
639947,2023-05-07,ligue1,2022,11147,Clermont Foot,AJ Auxerre,0,192989,Saif-Eddine Khaoui,CF-R,1,1.0,10,0.0,0.0,0.0,1.0,0.0,0.0,0.0,,0.0,3.0,0.0,1.0,4.0,0.0
639947,2023-05-07,ligue1,2022,11147,Clermont Foot,AJ Auxerre,0,345390,Yanis Massolin,SUB,0,0.0,97,0.0,0.0,0.0,0.0,0.0,0.0,0.0,,0.0,0.0,0.0,0.0,0.0,0.0
639947,2023-05-07,ligue1,2022,11147,Clermont Foot,AJ Auxerre,0,293919,Muhammed-Cham Saracevic,SUB,0,1.0,70,0.0,3.0,0.0,0.0,1.0,0.0,0.0,,0.0,0.0,1.0,0.0,0.0,0.0
639947,2023-05-07,ligue1,2022,11147,Clermont Foot,AJ Auxerre,0,345391,Souleymane Cissé,SUB,0,0.0,13,0.0,0.0,0.0,0.0,0.0,0.0,0.0,,0.0,0.0,0.0,0.0,0.0,0.0
639947,2023-05-07,ligue1,2022,11147,Clermont Foot,AJ Auxerre,0,304184,Lucas Margueron,SUB,0,0.0,16,0.0,0.0,0.0,0.0,,0.0,0.0,0.0,0.0,0.0,0.0,0.0,0.0,0.0
639947,2023-05-07,ligue1,2022,11147,Clermont Foot,AJ Auxerre,0,359153,Cheick Konate,SUB,0,0.0,15,0.0,0.0,0.0,0.0,0.0,0.0,0.0,,0.0,0.0,0.0,0.0,0.0,0.0
639947,2023-05-07,ligue1,2022,11147,Clermont Foot,AJ Auxerre,0,179229,Jérémie Bela,SUB,0,1.0,91,1.0,0.0,0.0,0.0,0.0,0.0,0.0,,0.0,0.0,1.0,0.0,0.0,0.0
639947,2023-05-07,ligue1,2022,11147,Clermont Foot,AJ Auxerre,0,169822,Mehdi Zeffane,SUB,0,1.0,2,0.0,0.0,0.0,0.0,0.0,0.0,0.0,,0.0,0.0,1.0,0.0,0.0,0.0
639947,2023-05-07,ligue1,2022,11147,Clermont Foot,AJ Auxerre,0,329077,Aiman Maurer,SUB,0,0.0,22,0.0,0.0,0.0,0.0,0.0,0.0,0.0,,0.0,0.0,0.0,0.0,0.0,0.0
639947,2023-05-07,ligue1,2022,11147,Clermont Foot,AJ Auxerre,0,239280,Komnen Andric,SUB,0,1.0,9,0.0,0.0,0.0,0.0,0.0,0.0,0.0,,0.0,0.0,1.0,0.0,0.0,0.0
639949,2023-05-07,ligue1,2022,11147,AC Ajaccio,Toulouse,1,204683,Francois-Joseph Sollacaro,G,1,1.0,16,0.0,0.0,0.0,0.0,,0.0,0.0,5.0,15.0,0.0,0.0,0.0,0.0,0.0
639949,2023-05-07,ligue1,2022,11147,AC Ajaccio,Toulouse,1,275654,Clément Vidal,CD-L,1,1.0,15,1.0,0.0,0.0,0.0,0.0,0.0,0.0,,0.0,0.0,0.0,0.0,1.0,0.0
639949,2023-05-07,ligue1,2022,11147,AC Ajaccio,Toulouse,1,238259,Oumar Gonzalez,CD-R,1,1.0,25,2.0,2.0,0.0,0.0,0.0,0.0,0.0,,0.0,0.0,0.0,0.0,0.0,1.0
639949,2023-05-07,ligue1,2022,11147,AC Ajaccio,Toulouse,1,187905,Youssouf Koné,LB,1,1.0,99,0.0,0.0,0.0,0.0,0.0,0.0,0.0,,0.0,0.0,0.0,0.0,0.0,0.0
639949,2023-05-07,ligue1,2022,11147,AC Ajaccio,Toulouse,1,105036,Mohamed Youssouf,RB,1,1.0,20,0.0,0.0,0.0,0.0,0.0,0.0,0.0,,0.0,1.0,0.0,0.0,2.0,0.0
639949,2023-05-07,ligue1,2022,11147,AC Ajaccio,Toulouse,1,84988,Mathieu Coutadeur,CM-L,1,1.0,6,0.0,1.0,0.0,0.0,0.0,0.0,0.0,,0.0,0.0,0.0,0.0,0.0,0.0
639949,2023-05-07,ligue1,2022,11147,AC Ajaccio,Toulouse,1,219153,Vincent Marchetti,CM-R,1,1.0,8,0.0,1.0,0.0,0.0,0.0,0.0,0.0,,0.0,1.0,0.0,0.0,1.0,1.0
639949,2023-05-07,ligue1,2022,11147,AC Ajaccio,Toulouse,1,85080,Thomas Mangani,AM,1,1.0,23,2.0,1.0,0.0,0.0,0.0,0.0,0.0,,0.0,0.0,0.0,0.0,0.0,1.0
639949,2023-05-07,ligue1,2022,11147,AC Ajaccio,Toulouse,1,343952,Kevin Spadanuda,LM,1,1.0,27,0.0,2.0,0.0,0.0,0.0,0.0,0.0,,0.0,0.0,0.0,0.0,0.0,0.0
639949,2023-05-07,ligue1,2022,11147,AC Ajaccio,Toulouse,1,138522,Riad Nouri,RM,1,1.0,5,0.0,1.0,0.0,0.0,0.0,0.0,0.0,,0.0,0.0,0.0,0.0,0.0,0.0
639949,2023-05-07,ligue1,2022,11147,AC Ajaccio,Toulouse,1,137415,Romain Hamouma,F,1,1.0,17,2.0,0.0,0.0,0.0,0.0,0.0,0.0,,0.0,0.0,0.0,0.0,0.0,0.0
639949,2023-05-07,ligue1,2022,11147,AC Ajaccio,Toulouse,1,245914,Fernand Mayembo,SUB,0,0.0,77,0.0,0.0,0.0,0.0,0.0,0.0,0.0,,0.0,0.0,0.0,0.0,0.0,0.0
639949,2023-05-07,ligue1,2022,11147,AC Ajaccio,Toulouse,1,223338,Mickaël Alphonse,SUB,0,1.0,2,2.0,0.0,0.0,0.0,0.0,0.0,0.0,,0.0,0.0,1.0,0.0,0.0,0.0
639949,2023-05-07,ligue1,2022,11147,AC Ajaccio,Toulouse,1,139363,Benjamin Leroy,SUB,0,0.0,1,0.0,0.0,0.0,0.0,,0.0,0.0,0.0,0.0,0.0,0.0,0.0,0.0,0.0
639949,2023-05-07,ligue1,2022,11147,AC Ajaccio,Toulouse,1,362491,Ben Touré,SUB,0,1.0,33,0.0,0.0,0.0,0.0,0.0,0.0,0.0,,0.0,0.0,1.0,0.0,0.0,0.0
639949,2023-05-07,ligue1,2022,11147,AC Ajaccio,Toulouse,1,277284,Florian Chabrolle,SUB,0,0.0,29,0.0,0.0,0.0,0.0,0.0,0.0,0.0,,0.0,0.0,0.0,0.0,0.0,0.0
639949,2023-05-07,ligue1,2022,11147,AC Ajaccio,Toulouse,1,357866,Ivane Chegra,SUB,0,1.0,38,1.0,0.0,0.0,0.0,0.0,0.0,0.0,,0.0,0.0,1.0,0.0,0.0,0.0
639949,2023-05-07,ligue1,2022,11147,AC Ajaccio,Toulouse,1,247916,Cyrille Bayala,SUB,0,1.0,14,0.0,0.0,0.0,0.0,0.0,0.0,0.0,,0.0,0.0,1.0,0.0,0.0,0.0
639949,2023-05-07,ligue1,2022,11147,AC Ajaccio,Toulouse,1,357000,Moussa Soumano,SUB,0,1.0,34,0.0,0.0,0.0,0.0,1.0,0.0,0.0,,0.0,0.0,1.0,0.0,0.0,0.0
639949,2023-05-07,ligue1,2022,11147,AC Ajaccio,Toulouse,1,89067,Cédric Avinel,SUB,0,0.0,21,0.0,0.0,0.0,0.0,0.0,0.0,0.0,,0.0,0.0,0.0,0.0,0.0,0.0
639949,2023-05-07,ligue1,2022,11147,Toulouse,AC Ajaccio,0,157963,Maxime Dupé,G,1,1.0,30,0.0,0.0,0.0,0.0,,0.0,0.0,2.0,4.0,0.0,0.0,0.0,0.0,0.0
639949,2023-05-07,ligue1,2022,11147,Toulouse,AC Ajaccio,0,238213,Rasmus Nicolaisen,CD-L,1,1.0,2,1.0,1.0,0.0,0.0,0.0,0.0,0.0,,0.0,0.0,0.0,0.0,0.0,0.0
639949,2023-05-07,ligue1,2022,11147,Toulouse,AC Ajaccio,0,291614,Anthony Rouault,CD-R,1,1.0,4,0.0,1.0,0.0,0.0,0.0,0.0,0.0,,0.0,1.0,0.0,0.0,1.0,0.0
639949,2023-05-07,ligue1,2022,11147,Toulouse,AC Ajaccio,0,222037,Gabriel Suazo,LB,1,1.0,15,2.0,1.0,0.0,0.0,0.0,0.0,0.0,,0.0,0.0,0.0,0.0,0.0,0.0
639949,2023-05-07,ligue1,2022,11147,Toulouse,AC Ajaccio,0,213250,Mikkel Desler,RB,1,1.0,3,2.0,0.0,0.0,0.0,0.0,0.0,0.0,,0.0,0.0,0.0,0.0,0.0,0.0
639949,2023-05-07,ligue1,2022,11147,Toulouse,AC Ajaccio,0,195532,Brecht Dejaegere,AM,1,1.0,10,1.0,0.0,0.0,0.0,0.0,0.0,0.0,,0.0,0.0,0.0,0.0,1.0,0.0
639949,2023-05-07,ligue1,2022,11147,Toulouse,AC Ajaccio,0,196234,Branco van den Boomen,LM,1,1.0,8,0.0,1.0,0.0,0.0,0.0,0.0,0.0,,0.0,0.0,0.0,0.0,1.0,0.0
639949,2023-05-07,ligue1,2022,11147,Toulouse,AC Ajaccio,0,216288,Stijn Spierings,RM,1,1.0,17,0.0,0.0,0.0,0.0,0.0,0.0,0.0,,0.0,0.0,0.0,0.0,0.0,0.0
639949,2023-05-07,ligue1,2022,11147,Toulouse,AC Ajaccio,0,266280,Thijs Dallinga,F,1,1.0,27,1.0,1.0,0.0,0.0,0.0,0.0,0.0,,0.0,0.0,0.0,0.0,1.0,0.0
639949,2023-05-07,ligue1,2022,11147,Toulouse,AC Ajaccio,0,337306,Farès Chaïbi,AM-L,1,1.0,28,1.0,3.0,0.0,0.0,0.0,0.0,0.0,,0.0,2.0,0.0,0.0,4.0,0.0
639949,2023-05-07,ligue1,2022,11147,Toulouse,AC Ajaccio,0,277865,Zakaria Aboukhlal,AM-R,1,1.0,6,0.0,1.0,0.0,0.0,1.0,0.0,0.0,,0.0,2.0,0.0,0.0,5.0,0.0
639949,2023-05-07,ligue1,2022,11147,Toulouse,AC Ajaccio,0,238991,Veljko Birmancevic,SUB,0,1.0,19,0.0,0.0,0.0,0.0,0.0,0.0,0.0,,0.0,0.0,1.0,0.0,2.0,0.0
639949,2023-05-07,ligue1,2022,11147,Toulouse,AC Ajaccio,0,213535,Moussa Diarra,SUB,0,0.0,23,0.0,0.0,0.0,0.0,0.0,0.0,0.0,,0.0,0.0,0.0,0.0,0.0,0.0
639949,2023-05-07,ligue1,2022,11147,Toulouse,AC Ajaccio,0,218857,Vincent Sierro,SUB,0,1.0,13,0.0,0.0,0.0,0.0,0.0,0.0,0.0,,0.0,0.0,1.0,0.0,0.0,0.0
639949,2023-05-07,ligue1,2022,11147,Toulouse,AC Ajaccio,0,304889,Waren Kamanzi,SUB,0,0.0,26,0.0,0.0,0.0,0.0,0.0,0.0,0.0,,0.0,0.0,0.0,0.0,0.0,0.0
639949,2023-05-07,ligue1,2022,11147,Toulouse,AC Ajaccio,0,271129,Logan Costa,SUB,0,0.0,14,0.0,0.0,0.0,0.0,0.0,0.0,0.0,,0.0,0.0,0.0,0.0,0.0,0.0
639949,2023-05-07,ligue1,2022,11147,Toulouse,AC Ajaccio,0,253174,Ado Onaiwu,SUB,0,1.0,7,0.0,0.0,0.0,0.0,0.0,0.0,0.0,,0.0,0.0,1.0,0.0,0.0,0.0
639949,2023-05-07,ligue1,2022,11147,Toulouse,AC Ajaccio,0,342866,Saïd Hamulic,SUB,0,1.0,29,0.0,0.0,0.0,0.0,0.0,0.0,0.0,,0.0,0.0,1.0,0.0,0.0,0.0
639949,2023-05-07,ligue1,2022,11147,Toulouse,AC Ajaccio,0,261423,Kjetil Haug,SUB,0,0.0,16,0.0,0.0,0.0,0.0,,0.0,0.0,0.0,0.0,0.0,0.0,0.0,0.0,0.0
639949,2023-05-07,ligue1,2022,11147,Toulouse,AC Ajaccio,0,198512,Rafael Ratão,SUB,0,1.0,21,0.0,1.0,0.0,0.0,0.0,0.0,0.0,,0.0,0.0,1.0,0.0,0.0,0.0
639955,2023-05-12,ligue1,2022,11147,Lens,Stade de Reims,1,164126,Brice Samba,G,1,1.0,30,0.0,1.0,0.0,1.0,,0.0,0.0,3.0,15.0,0.0,0.0,0.0,0.0,0.0
639955,2023-05-12,ligue1,2022,11147,Lens,Stade de Reims,1,250543,Kevin Danso,CD,1,1.0,4,1.0,0.0,0.0,1.0,0.0,0.0,1.0,,0.0,0.0,0.0,0.0,0.0,0.0
639955,2023-05-12,ligue1,2022,11147,Lens,Stade de Reims,1,249663,Facundo Medina,CD-L,1,1.0,14,1.0,1.0,0.0,1.0,0.0,0.0,0.0,,0.0,0.0,0.0,0.0,0.0,0.0
639955,2023-05-12,ligue1,2022,11147,Lens,Stade de Reims,1,197187,Jonathan Gradit,CD-R,1,1.0,24,0.0,3.0,0.0,1.0,0.0,0.0,0.0,,0.0,0.0,0.0,0.0,0.0,0.0
639955,2023-05-12,ligue1,2022,11147,Lens,Stade de Reims,1,184118,Seko Fofana,CM-L,1,1.0,8,0.0,5.0,0.0,1.0,0.0,0.0,0.0,,0.0,1.0,0.0,1.0,1.0,0.0
639955,2023-05-12,ligue1,2022,11147,Lens,Stade de Reims,1,292769,Salis Abdul Samed,CM-R,1,1.0,26,0.0,0.0,0.0,1.0,1.0,0.0,0.0,,0.0,0.0,0.0,0.0,0.0,0.0
639955,2023-05-12,ligue1,2022,11147,Lens,Stade de Reims,1,197401,Deiver Machado,LM,1,1.0,3,1.0,2.0,1.0,1.0,0.0,0.0,0.0,,0.0,0.0,0.0,0.0,0.0,0.0
639955,2023-05-12,ligue1,2022,11147,Lens,Stade de Reims,1,190806,Przemyslaw Frankowski,RM,1,1.0,29,1.0,1.0,0.0,1.0,0.0,0.0,0.0,,0.0,1.0,0.0,1.0,2.0,1.0
639955,2023-05-12,ligue1,2022,11147,Lens,Stade de Reims,1,276265,Loïs Openda,F,1,1.0,11,1.0,2.0,0.0,1.0,0.0,0.0,0.0,,0.0,3.0,0.0,0.0,3.0,0.0
639955,2023-05-12,ligue1,2022,11147,Lens,Stade de Reims,1,173266,Adrien Thomasson,CF-L,1,1.0,28,0.0,2.0,0.0,1.0,0.0,0.0,0.0,,0.0,1.0,0.0,0.0,1.0,0.0
639955,2023-05-12,ligue1,2022,11147,Lens,Stade de Reims,1,215687,Florian Sotoca,CF-R,1,1.0,7,0.0,0.0,0.0,1.0,0.0,0.0,0.0,,0.0,0.0,0.0,0.0,1.0,0.0
639955,2023-05-12,ligue1,2022,11147,Lens,Stade de Reims,1,121956,Jean-Louis Leca,SUB,0,0.0,16,0.0,0.0,0.0,0.0,,0.0,0.0,0.0,0.0,0.0,0.0,0.0,0.0,0.0
639955,2023-05-12,ligue1,2022,11147,Lens,Stade de Reims,1,154532,Massadio Haidara,SUB,0,1.0,21,1.0,0.0,0.0,0.0,0.0,0.0,0.0,,0.0,0.0,1.0,0.0,0.0,0.0
639955,2023-05-12,ligue1,2022,11147,Lens,Stade de Reims,1,323063,Julien Le Cardinal,SUB,0,0.0,25,0.0,0.0,0.0,0.0,0.0,0.0,0.0,,0.0,0.0,0.0,0.0,0.0,0.0
639955,2023-05-12,ligue1,2022,11147,Lens,Stade de Reims,1,326499,Lukasz Poreba,SUB,0,0.0,13,0.0,0.0,0.0,0.0,0.0,0.0,0.0,,0.0,0.0,0.0,0.0,0.0,0.0
639955,2023-05-12,ligue1,2022,11147,Lens,Stade de Reims,1,302948,Jean Onana,SUB,0,1.0,6,0.0,0.0,0.0,0.0,0.0,0.0,0.0,,0.0,0.0,1.0,0.0,0.0,0.0
639955,2023-05-12,ligue1,2022,11147,Lens,Stade de Reims,1,215452,Angelo Fulgini,SUB,0,1.0,20,0.0,0.0,0.0,0.0,0.0,0.0,0.0,,0.0,0.0,1.0,0.0,0.0,0.0
639955,2023-05-12,ligue1,2022,11147,Lens,Stade de Reims,1,303579,David Da Costa,SUB,0,0.0,10,0.0,0.0,0.0,0.0,0.0,0.0,0.0,,0.0,0.0,0.0,0.0,0.0,0.0
639955,2023-05-12,ligue1,2022,11147,Lens,Stade de Reims,1,257211,Adam Buksa,SUB,0,0.0,9,0.0,0.0,0.0,0.0,0.0,0.0,0.0,,0.0,0.0,0.0,0.0,0.0,0.0
639955,2023-05-12,ligue1,2022,11147,Lens,Stade de Reims,1,228503,Alexis Claude-Maurice,SUB,0,0.0,18,0.0,0.0,0.0,0.0,0.0,0.0,0.0,,0.0,0.0,0.0,0.0,0.0,0.0
639955,2023-05-12,ligue1,2022,11147,Stade de Reims,Lens,0,241029,Yehvann Diouf,G,1,1.0,94,0.0,0.0,0.0,2.0,,0.0,0.0,4.0,6.0,0.0,0.0,0.0,0.0,0.0
639955,2023-05-12,ligue1,2022,11147,Stade de Reims,Lens,0,166634,Yunis Abdelhamid,CD-L,1,1.0,5,1.0,1.0,0.0,2.0,0.0,0.0,0.0,,0.0,0.0,0.0,0.0,1.0,1.0
639955,2023-05-12,ligue1,2022,11147,Stade de Reims,Lens,0,308449,Emmanuel Agbadou,CD-R,1,1.0,24,1.0,0.0,0.0,2.0,0.0,0.0,0.0,,0.0,0.0,0.0,0.0,1.0,0.0
639955,2023-05-12,ligue1,2022,11147,Stade de Reims,Lens,0,246825,Azor Matusiwa,DM,1,1.0,21,0.0,0.0,0.0,2.0,0.0,0.0,0.0,,0.0,0.0,0.0,0.0,1.0,0.0
639955,2023-05-12,ligue1,2022,11147,Stade de Reims,Lens,0,179985,Thomas Foket,LB,1,1.0,32,1.0,0.0,0.0,2.0,0.0,0.0,0.0,,0.0,0.0,0.0,0.0,0.0,0.0
639955,2023-05-12,ligue1,2022,11147,Stade de Reims,Lens,0,276839,Maxime Busi,RB,1,1.0,4,1.0,0.0,0.0,2.0,0.0,0.0,0.0,,0.0,0.0,0.0,0.0,0.0,0.0
639955,2023-05-12,ligue1,2022,11147,Stade de Reims,Lens,0,265916,Alexis Flips,AM,1,1.0,70,1.0,0.0,0.0,2.0,0.0,0.0,0.0,,0.0,0.0,0.0,0.0,1.0,1.0
639955,2023-05-12,ligue1,2022,11147,Stade de Reims,Lens,0,274971,Jens Cajuste,LM,1,1.0,8,4.0,1.0,0.0,2.0,0.0,0.0,0.0,,0.0,1.0,0.0,0.0,3.0,0.0
639955,2023-05-12,ligue1,2022,11147,Stade de Reims,Lens,0,266096,Marshall Munetsi,RM,1,1.0,15,5.0,2.0,0.0,2.0,0.0,0.0,0.0,,0.0,0.0,0.0,0.0,1.0,0.0
639955,2023-05-12,ligue1,2022,11147,Stade de Reims,Lens,0,282643,Folarin Balogun,CF-L,1,1.0,29,1.0,0.0,0.0,2.0,0.0,0.0,0.0,,0.0,1.0,0.0,1.0,4.0,1.0
639955,2023-05-12,ligue1,2022,11147,Stade de Reims,Lens,0,219350,Junya Ito,CF-R,1,1.0,39,0.0,1.0,0.0,2.0,0.0,0.0,0.0,,0.0,0.0,0.0,0.0,2.0,0.0
639955,2023-05-12,ligue1,2022,11147,Stade de Reims,Lens,0,227051,Alexandre Olliero,SUB,0,0.0,96,0.0,0.0,0.0,0.0,,0.0,0.0,0.0,0.0,0.0,0.0,0.0,0.0,0.0
639955,2023-05-12,ligue1,2022,11147,Stade de Reims,Lens,0,202705,Arbër Zeneli,SUB,0,1.0,10,0.0,0.0,0.0,0.0,0.0,0.0,0.0,,0.0,0.0,1.0,0.0,1.0,0.0
639955,2023-05-12,ligue1,2022,11147,Stade de Reims,Lens,0,360232,Thérence Koudou,SUB,0,0.0,45,0.0,0.0,0.0,0.0,0.0,0.0,0.0,,0.0,0.0,0.0,0.0,0.0,0.0
639955,2023-05-12,ligue1,2022,11147,Stade de Reims,Lens,0,359165,Valentin Atangana,SUB,0,1.0,49,0.0,1.0,0.0,0.0,0.0,0.0,0.0,,0.0,0.0,1.0,0.0,1.0,0.0
639955,2023-05-12,ligue1,2022,11147,Stade de Reims,Lens,0,207878,Cheick Keita,SUB,0,0.0,43,0.0,0.0,0.0,0.0,0.0,0.0,0.0,,0.0,0.0,0.0,0.0,0.0,0.0
639955,2023-05-12,ligue1,2022,11147,Stade de Reims,Lens,0,250529,Kaj Sierhuis,SUB,0,1.0,9,1.0,0.0,0.0,0.0,0.0,0.0,0.0,,0.0,0.0,1.0,0.0,0.0,0.0
639955,2023-05-12,ligue1,2022,11147,Stade de Reims,Lens,0,302688,Mohamed Toure,SUB,0,1.0,57,1.0,0.0,0.0,0.0,0.0,0.0,0.0,,0.0,0.0,1.0,0.0,0.0,0.0
639955,2023-05-12,ligue1,2022,11147,Stade de Reims,Lens,0,287477,Dion Lopy,SUB,0,0.0,17,0.0,0.0,0.0,0.0,0.0,0.0,0.0,,0.0,0.0,0.0,0.0,0.0,0.0
639955,2023-05-12,ligue1,2022,11147,Stade de Reims,Lens,0,355253,Fallou Fall,SUB,0,0.0,46,0.0,0.0,0.0,0.0,0.0,0.0,0.0,,0.0,0.0,0.0,0.0,0.0,0.0
639951,2023-05-13,ligue1,2022,11147,Paris Saint-Germain,AC Ajaccio,1,217092,Gianluigi Donnarumma,G,1,1.0,99,0.0,1.0,0.0,0.0,,0.0,0.0,2.0,6.0,0.0,0.0,0.0,0.0,0.0
639951,2023-05-13,ligue1,2022,11147,Paris Saint-Germain,AC Ajaccio,1,41579,Sergio Ramos,CD,1,1.0,4,2.0,0.0,0.0,0.0,0.0,0.0,0.0,,0.0,0.0,0.0,0.0,0.0,0.0
639951,2023-05-13,ligue1,2022,11147,Paris Saint-Germain,AC Ajaccio,1,76717,Danilo Pereira,CD-L,1,1.0,15,0.0,0.0,0.0,0.0,0.0,0.0,0.0,,0.0,1.0,0.0,0.0,1.0,0.0
639951,2023-05-13,ligue1,2022,11147,Paris Saint-Germain,AC Ajaccio,1,159047,Marquinhos,CD-R,1,1.0,5,0.0,0.0,0.0,0.0,0.0,0.0,0.0,,0.0,0.0,0.0,0.0,0.0,1.0
639951,2023-05-13,ligue1,2022,11147,Paris Saint-Germain,AC Ajaccio,1,214596,Fabián Ruiz,CM-L,1,1.0,8,0.0,0.0,0.0,0.0,0.0,0.0,0.0,,0.0,1.0,0.0,1.0,2.0,0.0
639951,2023-05-13,ligue1,2022,11147,Paris Saint-Germain,AC Ajaccio,1,134847,Marco Verratti,CM-R,1,1.0,6,0.0,2.0,0.0,0.0,0.0,0.0,0.0,,0.0,0.0,0.0,0.0,0.0,0.0
639951,2023-05-13,ligue1,2022,11147,Paris Saint-Germain,AC Ajaccio,1,164194,Juan Bernat,LM,1,1.0,14,0.0,0.0,0.0,0.0,0.0,0.0,0.0,,0.0,0.0,0.0,0.0,0.0,0.0
639951,2023-05-13,ligue1,2022,11147,Paris Saint-Germain,AC Ajaccio,1,240233,Achraf Hakimi,RM,1,1.0,2,0.0,1.0,0.0,0.0,0.0,0.0,1.0,,0.0,1.0,0.0,1.0,1.0,0.0
639951,2023-05-13,ligue1,2022,11147,Paris Saint-Germain,AC Ajaccio,1,304901,Hugo Ekitike,F,1,1.0,44,3.0,1.0,1.0,0.0,0.0,0.0,0.0,,0.0,0.0,0.0,0.0,0.0,0.0
639951,2023-05-13,ligue1,2022,11147,Paris Saint-Germain,AC Ajaccio,1,231388,Kylian Mbappé,CF-L,1,1.0,7,1.0,1.0,0.0,0.0,0.0,0.0,0.0,,0.0,3.0,0.0,2.0,5.0,0.0
639951,2023-05-13,ligue1,2022,11147,Paris Saint-Germain,AC Ajaccio,1,45843,Lionel Messi,CF-R,1,1.0,30,0.0,0.0,0.0,0.0,1.0,0.0,0.0,,0.0,1.0,0.0,0.0,4.0,0.0
639951,2023-05-13,ligue1,2022,11147,Paris Saint-Germain,AC Ajaccio,1,345581,Warren Zaïre-Emery,SUB,0,1.0,33,0.0,0.0,0.0,0.0,0.0,0.0,0.0,,0.0,0.0,1.0,0.0,2.0,0.0
639951,2023-05-13,ligue1,2022,11147,Paris Saint-Germain,AC Ajaccio,1,362126,Serif Nhaga,SUB,0,0.0,34,0.0,0.0,0.0,0.0,0.0,0.0,0.0,,0.0,0.0,0.0,0.0,0.0,0.0
639951,2023-05-13,ligue1,2022,11147,Paris Saint-Germain,AC Ajaccio,1,355969,Ilyes Housni,SUB,0,0.0,37,0.0,0.0,0.0,0.0,0.0,0.0,0.0,,0.0,0.0,0.0,0.0,0.0,0.0
639951,2023-05-13,ligue1,2022,11147,Paris Saint-Germain,AC Ajaccio,1,317473,Ismaël Gharbi,SUB,0,0.0,35,0.0,0.0,0.0,0.0,0.0,0.0,0.0,,0.0,0.0,0.0,0.0,0.0,0.0
639951,2023-05-13,ligue1,2022,11147,Paris Saint-Germain,AC Ajaccio,1,288897,Vitinha,SUB,0,1.0,17,0.0,0.0,0.0,0.0,0.0,0.0,0.0,,0.0,1.0,1.0,0.0,1.0,0.0
639951,2023-05-13,ligue1,2022,11147,Paris Saint-Germain,AC Ajaccio,1,227217,Renato Sanches,SUB,0,1.0,18,0.0,0.0,0.0,0.0,0.0,0.0,0.0,,0.0,0.0,1.0,0.0,0.0,0.0
639951,2023-05-13,ligue1,2022,11147,Paris Saint-Germain,AC Ajaccio,1,304740,El Chadaille Bitshiabu,SUB,0,1.0,31,0.0,0.0,0.0,0.0,0.0,0.0,0.0,,0.0,0.0,1.0,0.0,0.0,0.0
639951,2023-05-13,ligue1,2022,11147,Paris Saint-Germain,AC Ajaccio,1,235072,Carlos Soler,SUB,0,1.0,28,0.0,0.0,0.0,0.0,0.0,0.0,0.0,,0.0,0.0,1.0,0.0,0.0,0.0
639951,2023-05-13,ligue1,2022,11147,Paris Saint-Germain,AC Ajaccio,1,169293,Sergio Rico,SUB,0,0.0,16,0.0,0.0,0.0,0.0,,0.0,0.0,0.0,0.0,0.0,0.0,0.0,0.0,0.0
639951,2023-05-13,ligue1,2022,11147,AC Ajaccio,Paris Saint-Germain,0,204683,Francois-Joseph Sollacaro,G,1,1.0,16,0.0,0.0,0.0,4.0,,0.0,0.0,5.0,12.0,0.0,0.0,0.0,0.0,0.0
639951,2023-05-13,ligue1,2022,11147,AC Ajaccio,Paris Saint-Germain,0,275654,Clément Vidal,CD-L,1,1.0,15,1.0,1.0,0.0,4.0,0.0,0.0,0.0,,0.0,0.0,0.0,0.0,0.0,0.0
639951,2023-05-13,ligue1,2022,11147,AC Ajaccio,Paris Saint-Germain,0,89067,Cédric Avinel,CD-R,1,1.0,21,1.0,0.0,0.0,4.0,0.0,0.0,0.0,,0.0,0.0,0.0,0.0,0.0,0.0
639951,2023-05-13,ligue1,2022,11147,AC Ajaccio,Paris Saint-Germain,0,194710,Ismaël Diallo,LB,1,1.0,3,1.0,0.0,0.0,4.0,0.0,0.0,0.0,,0.0,0.0,0.0,0.0,0.0,0.0
639951,2023-05-13,ligue1,2022,11147,AC Ajaccio,Paris Saint-Germain,0,105036,Mohamed Youssouf,RB,1,1.0,20,0.0,1.0,0.0,4.0,0.0,1.0,0.0,,0.0,1.0,0.0,0.0,1.0,0.0
639951,2023-05-13,ligue1,2022,11147,AC Ajaccio,Paris Saint-Germain,0,85080,Thomas Mangani,CM,1,1.0,23,0.0,1.0,0.0,4.0,0.0,0.0,1.0,,0.0,0.0,0.0,0.0,1.0,0.0
639951,2023-05-13,ligue1,2022,11147,AC Ajaccio,Paris Saint-Germain,0,84988,Mathieu Coutadeur,LM,1,1.0,6,0.0,0.0,0.0,4.0,0.0,0.0,0.0,,0.0,0.0,0.0,0.0,0.0,0.0
639951,2023-05-13,ligue1,2022,11147,AC Ajaccio,Paris Saint-Germain,0,219153,Vincent Marchetti,RM,1,1.0,8,2.0,1.0,0.0,4.0,0.0,0.0,0.0,,0.0,0.0,0.0,0.0,1.0,1.0
639951,2023-05-13,ligue1,2022,11147,AC Ajaccio,Paris Saint-Germain,0,282290,Mounaim El Idrissy,F,1,1.0,7,0.0,2.0,0.0,4.0,0.0,0.0,0.0,,0.0,0.0,0.0,0.0,0.0,0.0
639951,2023-05-13,ligue1,2022,11147,AC Ajaccio,Paris Saint-Germain,0,343952,Kevin Spadanuda,LF,1,1.0,27,1.0,0.0,0.0,4.0,0.0,0.0,0.0,,0.0,0.0,0.0,0.0,0.0,0.0
639951,2023-05-13,ligue1,2022,11147,AC Ajaccio,Paris Saint-Germain,0,154616,Michael Barreto,RF,1,1.0,4,0.0,0.0,0.0,4.0,0.0,0.0,0.0,,0.0,1.0,0.0,0.0,3.0,0.0
639951,2023-05-13,ligue1,2022,11147,AC Ajaccio,Paris Saint-Germain,0,138522,Riad Nouri,SUB,0,1.0,5,0.0,0.0,0.0,0.0,0.0,0.0,0.0,,0.0,0.0,1.0,0.0,0.0,0.0
639951,2023-05-13,ligue1,2022,11147,AC Ajaccio,Paris Saint-Germain,0,362491,Ben Touré,SUB,0,0.0,33,0.0,0.0,0.0,0.0,0.0,0.0,0.0,,0.0,0.0,0.0,0.0,0.0,0.0
639951,2023-05-13,ligue1,2022,11147,AC Ajaccio,Paris Saint-Germain,0,245914,Fernand Mayembo,SUB,0,0.0,77,0.0,0.0,0.0,0.0,0.0,0.0,0.0,,0.0,0.0,0.0,0.0,0.0,0.0
639951,2023-05-13,ligue1,2022,11147,AC Ajaccio,Paris Saint-Germain,0,223338,Mickaël Alphonse,SUB,0,1.0,2,0.0,0.0,0.0,0.0,0.0,0.0,0.0,,0.0,0.0,1.0,0.0,0.0,0.0
639951,2023-05-13,ligue1,2022,11147,AC Ajaccio,Paris Saint-Germain,0,139363,Benjamin Leroy,SUB,0,0.0,1,0.0,0.0,0.0,0.0,,0.0,0.0,0.0,0.0,0.0,0.0,0.0,0.0,0.0
639951,2023-05-13,ligue1,2022,11147,AC Ajaccio,Paris Saint-Germain,0,356223,Anthony Khelifa,SUB,0,0.0,35,0.0,0.0,0.0,0.0,0.0,0.0,0.0,,0.0,0.0,0.0,0.0,0.0,0.0
639951,2023-05-13,ligue1,2022,11147,AC Ajaccio,Paris Saint-Germain,0,357000,Moussa Soumano,SUB,0,1.0,34,0.0,0.0,0.0,0.0,0.0,0.0,0.0,,0.0,0.0,1.0,0.0,1.0,0.0
639951,2023-05-13,ligue1,2022,11147,AC Ajaccio,Paris Saint-Germain,0,357866,Ivane Chegra,SUB,0,1.0,38,0.0,0.0,0.0,0.0,0.0,0.0,0.0,,0.0,0.0,1.0,0.0,0.0,0.0
639951,2023-05-13,ligue1,2022,11147,AC Ajaccio,Paris Saint-Germain,0,277284,Florian Chabrolle,SUB,0,1.0,29,0.0,0.0,0.0,0.0,0.0,0.0,0.0,,0.0,0.0,1.0,0.0,0.0,0.0
639958,2023-05-13,ligue1,2022,11147,Strasbourg,Nice,1,179497,Matz Sels,G,1,1.0,1,0.0,0.0,0.0,0.0,,0.0,0.0,4.0,9.0,0.0,0.0,0.0,0.0,0.0
639958,2023-05-13,ligue1,2022,11147,Strasbourg,Nice,1,305935,Ismael Doukoure,CD,1,1.0,29,1.0,1.0,0.0,0.0,0.0,0.0,0.0,,0.0,0.0,0.0,0.0,0.0,0.0
639958,2023-05-13,ligue1,2022,11147,Strasbourg,Nice,1,135548,Maxime Le Marchand,CD-L,1,1.0,23,1.0,0.0,0.0,0.0,0.0,0.0,0.0,,0.0,0.0,0.0,0.0,0.0,0.0
639958,2023-05-13,ligue1,2022,11147,Strasbourg,Nice,1,275790,Lucas Perrin,CD-R,1,1.0,5,2.0,0.0,0.0,0.0,0.0,0.0,0.0,,0.0,1.0,0.0,0.0,1.0,0.0
639958,2023-05-13,ligue1,2022,11147,Strasbourg,Nice,1,176816,Morgan Sanson,CM-L,1,1.0,8,1.0,3.0,0.0,0.0,0.0,0.0,0.0,,0.0,0.0,0.0,0.0,1.0,0.0
639958,2023-05-13,ligue1,2022,11147,Strasbourg,Nice,1,236004,Ibrahima Sissoko,CM-R,1,1.0,27,3.0,0.0,1.0,0.0,0.0,0.0,0.0,,0.0,0.0,0.0,0.0,0.0,1.0
639958,2023-05-13,ligue1,2022,11147,Strasbourg,Nice,1,215709,Frédéric Guilbert,LM,1,1.0,32,4.0,0.0,0.0,0.0,0.0,0.0,0.0,,0.0,0.0,0.0,0.0,0.0,0.0
639958,2023-05-13,ligue1,2022,11147,Strasbourg,Nice,1,276335,Colin Dagba,RM,1,1.0,2,0.0,0.0,0.0,0.0,0.0,0.0,0.0,,0.0,0.0,0.0,0.0,2.0,0.0
639958,2023-05-13,ligue1,2022,11147,Strasbourg,Nice,1,223376,Habib Diallo,F,1,1.0,20,0.0,2.0,0.0,0.0,0.0,0.0,0.0,,0.0,2.0,0.0,2.0,6.0,0.0
639958,2023-05-13,ligue1,2022,11147,Strasbourg,Nice,1,240369,Jean-Ricner Bellegarde,CF-L,1,1.0,17,1.0,1.0,0.0,0.0,0.0,0.0,0.0,,0.0,0.0,0.0,0.0,0.0,0.0
639958,2023-05-13,ligue1,2022,11147,Strasbourg,Nice,1,324991,Habib Diarra,CF-R,1,1.0,19,0.0,1.0,0.0,0.0,0.0,0.0,0.0,,0.0,0.0,0.0,0.0,1.0,0.0
639958,2023-05-13,ligue1,2022,11147,Strasbourg,Nice,1,101468,Kevin Gameiro,SUB,0,1.0,9,0.0,0.0,0.0,0.0,0.0,0.0,0.0,,0.0,0.0,1.0,0.0,0.0,0.0
639958,2023-05-13,ligue1,2022,11147,Strasbourg,Nice,1,344517,Robin Risser,SUB,0,0.0,40,0.0,0.0,0.0,0.0,,0.0,0.0,0.0,0.0,0.0,0.0,0.0,0.0,0.0
639958,2023-05-13,ligue1,2022,11147,Strasbourg,Nice,1,167054,Sanjin Prcic,SUB,0,0.0,14,0.0,0.0,0.0,0.0,0.0,0.0,0.0,,0.0,0.0,0.0,0.0,0.0,0.0
639958,2023-05-13,ligue1,2022,11147,Strasbourg,Nice,1,303031,Yuito Suzuki,SUB,0,0.0,18,0.0,0.0,0.0,0.0,0.0,0.0,0.0,,0.0,0.0,0.0,0.0,0.0,0.0
639958,2023-05-13,ligue1,2022,11147,Strasbourg,Nice,1,240464,Lebo Mothiba,SUB,0,1.0,12,0.0,1.0,0.0,0.0,0.0,0.0,0.0,,0.0,0.0,1.0,0.0,0.0,0.0
639958,2023-05-13,ligue1,2022,11147,Strasbourg,Nice,1,264519,Gerzino Nyamsi,SUB,0,0.0,22,0.0,0.0,0.0,0.0,0.0,0.0,0.0,,0.0,0.0,0.0,0.0,0.0,0.0
639958,2023-05-13,ligue1,2022,11147,Strasbourg,Nice,1,355864,Franci Bouebari,SUB,0,0.0,35,0.0,0.0,0.0,0.0,0.0,0.0,0.0,,0.0,0.0,0.0,0.0,0.0,0.0
639958,2023-05-13,ligue1,2022,11147,Strasbourg,Nice,1,196164,Jean-Eudes Aholou,SUB,0,1.0,6,0.0,0.0,0.0,0.0,0.0,0.0,0.0,,0.0,0.0,1.0,0.0,0.0,0.0
639958,2023-05-13,ligue1,2022,11147,Strasbourg,Nice,1,238446,Dimitri Liénard,SUB,0,1.0,11,0.0,0.0,0.0,0.0,0.0,0.0,0.0,,0.0,0.0,1.0,0.0,0.0,0.0
639958,2023-05-13,ligue1,2022,11147,Nice,Strasbourg,0,40200,Kasper Schmeichel,G,1,1.0,1,0.0,0.0,0.0,2.0,,0.0,0.0,2.0,9.0,0.0,0.0,0.0,0.0,0.0
639958,2023-05-13,ligue1,2022,11147,Nice,Strasbourg,0,130165,Dante,CD-L,1,1.0,4,2.0,0.0,0.0,2.0,0.0,0.0,0.0,,0.0,1.0,0.0,0.0,1.0,1.0
639958,2023-05-13,ligue1,2022,11147,Nice,Strasbourg,0,277327,Jean-Clair Todibo,CD-R,1,1.0,25,2.0,0.0,0.0,2.0,0.0,0.0,0.0,,0.0,1.0,0.0,0.0,1.0,0.0
639958,2023-05-13,ligue1,2022,11147,Nice,Strasbourg,0,265923,Melvin Bard,LB,1,1.0,26,0.0,2.0,0.0,2.0,0.0,0.0,0.0,,0.0,0.0,0.0,0.0,0.0,0.0
639958,2023-05-13,ligue1,2022,11147,Nice,Strasbourg,0,238878,Jordan Lotomba,RB,1,1.0,23,1.0,3.0,0.0,2.0,0.0,0.0,0.0,,0.0,0.0,0.0,0.0,1.0,0.0
639958,2023-05-13,ligue1,2022,11147,Nice,Strasbourg,0,287078,Hicham Boudaoui,CM,1,1.0,28,1.0,1.0,0.0,2.0,0.0,0.0,0.0,,0.0,0.0,0.0,0.0,0.0,0.0
639958,2023-05-13,ligue1,2022,11147,Nice,Strasbourg,0,283139,Khéphren Thuram,LM,1,1.0,19,0.0,0.0,0.0,1.0,0.0,0.0,0.0,,0.0,0.0,0.0,0.0,0.0,0.0
639958,2023-05-13,ligue1,2022,11147,Nice,Strasbourg,0,223776,Pablo Rosario,RM,1,1.0,8,0.0,0.0,0.0,2.0,1.0,0.0,0.0,,0.0,0.0,0.0,0.0,0.0,0.0
639958,2023-05-13,ligue1,2022,11147,Nice,Strasbourg,0,289769,Terem Moffi,F,1,1.0,9,0.0,0.0,0.0,2.0,0.0,0.0,0.0,,0.0,1.0,0.0,0.0,1.0,0.0
639958,2023-05-13,ligue1,2022,11147,Nice,Strasbourg,0,206161,Gaëtan Laborde,LF,1,1.0,24,0.0,1.0,0.0,2.0,0.0,0.0,0.0,,0.0,0.0,0.0,0.0,1.0,0.0
639958,2023-05-13,ligue1,2022,11147,Nice,Strasbourg,0,345115,Badredine Bouanani,RF,1,1.0,35,0.0,5.0,0.0,2.0,0.0,0.0,0.0,,0.0,0.0,0.0,0.0,1.0,0.0
639958,2023-05-13,ligue1,2022,11147,Nice,Strasbourg,0,263364,Youcef Atal,SUB,0,1.0,20,0.0,0.0,0.0,0.0,0.0,0.0,0.0,,0.0,0.0,1.0,0.0,1.0,0.0
639958,2023-05-13,ligue1,2022,11147,Nice,Strasbourg,0,279137,Bilal Brahimi,SUB,0,1.0,14,0.0,0.0,0.0,0.0,0.0,0.0,0.0,,0.0,0.0,1.0,0.0,0.0,0.0
639958,2023-05-13,ligue1,2022,11147,Nice,Strasbourg,0,164154,Joe Bryan,SUB,0,0.0,15,0.0,0.0,0.0,0.0,0.0,0.0,0.0,,0.0,0.0,0.0,0.0,0.0,0.0
639958,2023-05-13,ligue1,2022,11147,Nice,Strasbourg,0,345323,Reda Belahyane,SUB,0,1.0,37,1.0,0.0,0.0,1.0,0.0,0.0,0.0,,0.0,0.0,1.0,0.0,0.0,0.0
639958,2023-05-13,ligue1,2022,11147,Nice,Strasbourg,0,276995,Sofiane Diop,SUB,0,1.0,10,1.0,1.0,0.0,0.0,0.0,0.0,0.0,,0.0,0.0,1.0,0.0,1.0,0.0
639958,2023-05-13,ligue1,2022,11147,Nice,Strasbourg,0,260035,Marcin Bulka,SUB,0,0.0,90,0.0,0.0,0.0,0.0,,0.0,0.0,0.0,0.0,0.0,0.0,0.0,0.0,0.0
639958,2023-05-13,ligue1,2022,11147,Nice,Strasbourg,0,299990,Mattia Viti,SUB,0,0.0,42,0.0,0.0,0.0,0.0,0.0,0.0,0.0,,0.0,0.0,0.0,0.0,0.0,0.0
639958,2023-05-13,ligue1,2022,11147,Nice,Strasbourg,0,152469,Ross Barkley,SUB,0,1.0,11,1.0,0.0,0.0,0.0,0.0,0.0,0.0,,0.0,1.0,1.0,0.0,1.0,0.0
639958,2023-05-13,ligue1,2022,11147,Nice,Strasbourg,0,288917,Alexis Beka Beka,SUB,0,0.0,21,0.0,0.0,0.0,0.0,0.0,0.0,0.0,,0.0,0.0,0.0,0.0,0.0,0.0
639950,2023-05-14,ligue1,2022,11147,Stade Rennais,Troyes,1,89018,Steve Mandanda,G,1,1.0,30,0.0,0.0,0.0,0.0,,0.0,0.0,0.0,4.0,0.0,0.0,0.0,0.0,0.0
639950,2023-05-14,ligue1,2022,11147,Stade Rennais,Troyes,1,304222,Arthur Theate,CD-L,1,1.0,5,0.0,0.0,0.0,0.0,1.0,0.0,0.0,,0.0,3.0,0.0,1.0,5.0,0.0
639950,2023-05-14,ligue1,2022,11147,Stade Rennais,Troyes,1,309840,Warmed Omari,CD-R,1,1.0,23,0.0,0.0,0.0,0.0,0.0,0.0,0.0,,0.0,0.0,0.0,0.0,0.0,0.0
639950,2023-05-14,ligue1,2022,11147,Stade Rennais,Troyes,1,192403,Baptiste Santamaria,DM,1,1.0,8,0.0,1.0,0.0,0.0,0.0,0.0,0.0,,0.0,0.0,0.0,0.0,1.0,0.0
639950,2023-05-14,ligue1,2022,11147,Stade Rennais,Troyes,1,333927,Jeanuël Belocian,LB,1,1.0,18,1.0,0.0,0.0,0.0,0.0,0.0,0.0,,0.0,0.0,0.0,0.0,1.0,0.0
639950,2023-05-14,ligue1,2022,11147,Stade Rennais,Troyes,1,196729,Hamari Traoré,RB,1,1.0,27,0.0,0.0,0.0,0.0,0.0,0.0,0.0,,0.0,1.0,0.0,0.0,3.0,0.0
639950,2023-05-14,ligue1,2022,11147,Stade Rennais,Troyes,1,237549,Lovro Majer,CM-L,1,1.0,21,1.0,2.0,0.0,0.0,1.0,0.0,0.0,,0.0,1.0,0.0,0.0,3.0,0.0
639950,2023-05-14,ligue1,2022,11147,Stade Rennais,Troyes,1,185869,Benjamin Bourigeaud,CM-R,1,1.0,14,0.0,1.0,0.0,0.0,1.0,0.0,0.0,,0.0,2.0,0.0,1.0,4.0,0.0
639950,2023-05-14,ligue1,2022,11147,Stade Rennais,Troyes,1,259743,Amine Gouiri,LM,1,1.0,19,0.0,1.0,0.0,0.0,0.0,0.0,0.0,,0.0,0.0,0.0,0.0,4.0,0.0
639950,2023-05-14,ligue1,2022,11147,Stade Rennais,Troyes,1,283672,Jérémy Doku,RM,1,1.0,10,0.0,2.0,2.0,0.0,0.0,0.0,0.0,,0.0,0.0,0.0,0.0,2.0,0.0
639950,2023-05-14,ligue1,2022,11147,Stade Rennais,Troyes,1,207040,Karl Toko Ekambi,F,1,1.0,17,0.0,1.0,0.0,0.0,0.0,0.0,0.0,,0.0,2.0,0.0,2.0,2.0,0.0
639950,2023-05-14,ligue1,2022,11147,Stade Rennais,Troyes,1,308461,Lorenz Assignon,SUB,0,1.0,22,0.0,0.0,0.0,0.0,0.0,0.0,0.0,,0.0,0.0,1.0,0.0,0.0,0.0
639950,2023-05-14,ligue1,2022,11147,Stade Rennais,Troyes,1,291852,Elias Damergy,SUB,0,0.0,40,0.0,0.0,0.0,0.0,,0.0,0.0,0.0,0.0,0.0,0.0,0.0,0.0,0.0
639950,2023-05-14,ligue1,2022,11147,Stade Rennais,Troyes,1,333257,Ibrahim Salah,SUB,0,1.0,34,0.0,0.0,0.0,0.0,0.0,0.0,0.0,,0.0,0.0,1.0,0.0,0.0,0.0
639950,2023-05-14,ligue1,2022,11147,Stade Rennais,Troyes,1,358471,Alan do Marcolino,SUB,0,1.0,41,1.0,0.0,0.0,0.0,0.0,0.0,0.0,,0.0,0.0,1.0,0.0,0.0,0.0
639950,2023-05-14,ligue1,2022,11147,Stade Rennais,Troyes,1,346636,Guela Doué,SUB,0,0.0,31,0.0,0.0,0.0,0.0,0.0,0.0,0.0,,0.0,0.0,0.0,0.0,0.0,0.0
639950,2023-05-14,ligue1,2022,11147,Stade Rennais,Troyes,1,278790,Dogan Alemdar,SUB,0,0.0,1,0.0,0.0,0.0,0.0,,0.0,0.0,0.0,0.0,0.0,0.0,0.0,0.0,0.0
639950,2023-05-14,ligue1,2022,11147,Stade Rennais,Troyes,1,232325,Joe Rodon,SUB,0,0.0,2,0.0,0.0,0.0,0.0,0.0,0.0,0.0,,0.0,0.0,0.0,0.0,0.0,0.0
639950,2023-05-14,ligue1,2022,11147,Stade Rennais,Troyes,1,183932,Flavien Tait,SUB,0,1.0,20,1.0,0.0,0.0,0.0,0.0,0.0,0.0,,0.0,0.0,1.0,0.0,1.0,0.0
639950,2023-05-14,ligue1,2022,11147,Stade Rennais,Troyes,1,309563,Lesley Ugochukwu,SUB,0,1.0,6,0.0,1.0,0.0,0.0,0.0,0.0,0.0,,0.0,0.0,1.0,0.0,0.0,0.0
639950,2023-05-14,ligue1,2022,11147,Troyes,Stade Rennais,0,190293,Gauthier Gallon,G,1,1.0,30,0.0,0.0,0.0,4.0,,0.0,0.0,5.0,22.0,0.0,0.0,0.0,0.0,0.0
639950,2023-05-14,ligue1,2022,11147,Troyes,Stade Rennais,0,98688,Adil Rami,CD,1,1.0,23,1.0,0.0,0.0,4.0,0.0,0.0,0.0,,0.0,0.0,0.0,0.0,0.0,0.0
639950,2023-05-14,ligue1,2022,11147,Troyes,Stade Rennais,0,191847,Erik Palmer-Brown,CD-L,1,1.0,4,0.0,0.0,0.0,4.0,0.0,0.0,0.0,,0.0,0.0,0.0,0.0,0.0,0.0
639950,2023-05-14,ligue1,2022,11147,Troyes,Stade Rennais,0,324657,Tanguy Zoukrou,CD-R,1,1.0,22,2.0,1.0,0.0,4.0,0.0,0.0,0.0,,0.0,0.0,0.0,0.0,0.0,0.0
639950,2023-05-14,ligue1,2022,11147,Troyes,Stade Rennais,0,174903,Xavier Chavalerin,CM-L,1,1.0,24,1.0,0.0,0.0,4.0,1.0,0.0,0.0,,0.0,0.0,0.0,0.0,1.0,0.0
639950,2023-05-14,ligue1,2022,11147,Troyes,Stade Rennais,0,241661,Rominigue Kouamé,CM-R,1,1.0,6,1.0,0.0,0.0,4.0,0.0,0.0,0.0,,0.0,0.0,0.0,0.0,0.0,1.0
639950,2023-05-14,ligue1,2022,11147,Troyes,Stade Rennais,0,289837,Yasser Larouci,LM,1,1.0,39,1.0,0.0,0.0,2.0,0.0,0.0,0.0,,0.0,0.0,0.0,0.0,0.0,0.0
639950,2023-05-14,ligue1,2022,11147,Troyes,Stade Rennais,0,266141,Andreas Bruus,RM,1,1.0,19,0.0,0.0,0.0,4.0,0.0,0.0,0.0,,0.0,0.0,0.0,0.0,1.0,0.0
639950,2023-05-14,ligue1,2022,11147,Troyes,Stade Rennais,0,259960,Mama Baldé,F,1,1.0,7,1.0,1.0,0.0,4.0,0.0,0.0,0.0,,0.0,0.0,0.0,0.0,0.0,0.0
639950,2023-05-14,ligue1,2022,11147,Troyes,Stade Rennais,0,345687,Wilson Odobert,CF-L,1,1.0,29,0.0,0.0,0.0,4.0,0.0,0.0,0.0,,0.0,0.0,0.0,0.0,0.0,0.0
639950,2023-05-14,ligue1,2022,11147,Troyes,Stade Rennais,0,176423,Rony Lopes,CF-R,1,1.0,11,1.0,0.0,0.0,4.0,0.0,0.0,0.0,,0.0,0.0,0.0,0.0,1.0,0.0
639950,2023-05-14,ligue1,2022,11147,Troyes,Stade Rennais,0,258918,Abdu Conté,SUB,0,1.0,12,0.0,0.0,0.0,2.0,0.0,0.0,0.0,,0.0,0.0,1.0,0.0,0.0,0.0
639950,2023-05-14,ligue1,2022,11147,Troyes,Stade Rennais,0,222728,Mateusz Lis,SUB,0,0.0,1,0.0,0.0,0.0,0.0,,0.0,0.0,0.0,0.0,0.0,0.0,0.0,0.0,0.0
639950,2023-05-14,ligue1,2022,11147,Troyes,Stade Rennais,0,291431,Papa Ndiaga Yade,SUB,0,0.0,26,0.0,0.0,0.0,0.0,0.0,0.0,0.0,,0.0,0.0,0.0,0.0,0.0,0.0
639950,2023-05-14,ligue1,2022,11147,Troyes,Stade Rennais,0,324658,Rudy Kohon,SUB,0,0.0,33,0.0,0.0,0.0,0.0,0.0,0.0,0.0,,0.0,0.0,0.0,0.0,0.0,0.0
639950,2023-05-14,ligue1,2022,11147,Troyes,Stade Rennais,0,282289,Lucien Agoumé,SUB,0,0.0,8,0.0,0.0,0.0,0.0,0.0,0.0,0.0,,0.0,0.0,0.0,0.0,0.0,0.0
639950,2023-05-14,ligue1,2022,11147,Troyes,Stade Rennais,0,346835,Kyliane Dong,SUB,0,1.0,27,1.0,0.0,0.0,0.0,0.0,0.0,0.0,,0.0,0.0,1.0,0.0,0.0,0.0
639950,2023-05-14,ligue1,2022,11147,Troyes,Stade Rennais,0,286665,Jackson Porozo,SUB,0,1.0,2,0.0,2.0,0.0,0.0,0.0,0.0,0.0,,0.0,0.0,1.0,0.0,1.0,0.0
639950,2023-05-14,ligue1,2022,11147,Troyes,Stade Rennais,0,276581,Ante Palaversa,SUB,0,0.0,15,0.0,0.0,0.0,0.0,0.0,0.0,0.0,,0.0,0.0,0.0,0.0,0.0,0.0
639950,2023-05-14,ligue1,2022,11147,Troyes,Stade Rennais,0,313337,Ryan Fage,SUB,0,0.0,36,0.0,0.0,0.0,0.0,0.0,0.0,0.0,,0.0,0.0,0.0,0.0,0.0,0.0
639952,2023-05-14,ligue1,2022,11147,Montpellier,Lorient,1,149517,Benjamin Lecomte,G,1,1.0,40,0.0,0.0,0.0,1.0,,0.0,0.0,2.0,10.0,0.0,0.0,0.0,0.0,0.0
639952,2023-05-14,ligue1,2022,11147,Montpellier,Lorient,1,263282,Boubakar Kiki Kouyate,CD-L,1,1.0,4,1.0,1.0,0.0,1.0,0.0,0.0,0.0,,0.0,0.0,0.0,0.0,1.0,1.0
639952,2023-05-14,ligue1,2022,11147,Montpellier,Lorient,1,172984,Christopher Jullien,CD-R,1,1.0,6,2.0,0.0,0.0,1.0,0.0,0.0,0.0,,0.0,0.0,0.0,0.0,2.0,0.0
639952,2023-05-14,ligue1,2022,11147,Montpellier,Lorient,1,180747,Issiaga Sylla,LB,1,1.0,3,1.0,1.0,0.0,1.0,0.0,0.0,0.0,,0.0,0.0,0.0,0.0,1.0,0.0
639952,2023-05-14,ligue1,2022,11147,Montpellier,Lorient,1,334986,Enzo Tchato,RB,1,1.0,29,2.0,0.0,0.0,1.0,0.0,0.0,0.0,,0.0,0.0,0.0,0.0,0.0,0.0
639952,2023-05-14,ligue1,2022,11147,Montpellier,Lorient,1,167727,Jordan Ferri,CM,1,1.0,12,2.0,2.0,0.0,1.0,0.0,0.0,0.0,,0.0,0.0,0.0,0.0,1.0,1.0
639952,2023-05-14,ligue1,2022,11147,Montpellier,Lorient,1,344231,Khalil Fayad,LM,1,1.0,22,2.0,1.0,0.0,1.0,0.0,0.0,0.0,,0.0,0.0,0.0,0.0,1.0,0.0
639952,2023-05-14,ligue1,2022,11147,Montpellier,Lorient,1,291850,Joris Chotard,RM,1,1.0,13,2.0,0.0,0.0,1.0,0.0,0.0,0.0,,0.0,0.0,0.0,0.0,1.0,0.0
639952,2023-05-14,ligue1,2022,11147,Montpellier,Lorient,1,311118,Elye Wahi,F,1,1.0,21,1.0,1.0,1.0,1.0,0.0,0.0,0.0,,0.0,0.0,0.0,0.0,2.0,0.0
639952,2023-05-14,ligue1,2022,11147,Montpellier,Lorient,1,225549,Stephy Mavididi,LF,1,1.0,10,3.0,1.0,0.0,1.0,0.0,0.0,0.0,,0.0,0.0,0.0,0.0,2.0,0.0
639952,2023-05-14,ligue1,2022,11147,Montpellier,Lorient,1,242738,Arnaud Nordin,RF,1,1.0,7,0.0,6.0,0.0,1.0,0.0,0.0,0.0,,0.0,2.0,0.0,0.0,3.0,0.0
639952,2023-05-14,ligue1,2022,11147,Montpellier,Lorient,1,223557,Faitout Maouassa,SUB,0,1.0,27,2.0,2.0,0.0,0.0,0.0,0.0,0.0,,0.0,1.0,1.0,1.0,1.0,0.0
639952,2023-05-14,ligue1,2022,11147,Montpellier,Lorient,1,349562,Axel Gueguin,SUB,0,1.0,33,0.0,0.0,0.0,0.0,0.0,0.0,0.0,,0.0,0.0,1.0,0.0,0.0,0.0
639952,2023-05-14,ligue1,2022,11147,Montpellier,Lorient,1,318316,Maxime Estève,SUB,0,0.0,14,0.0,0.0,0.0,0.0,0.0,0.0,0.0,,0.0,0.0,0.0,0.0,0.0,0.0
639952,2023-05-14,ligue1,2022,11147,Montpellier,Lorient,1,218754,Dimitry Bertaud,SUB,0,0.0,16,0.0,0.0,0.0,0.0,,0.0,0.0,0.0,0.0,0.0,0.0,0.0,0.0,0.0
639952,2023-05-14,ligue1,2022,11147,Montpellier,Lorient,1,219465,Falaye Sacko,SUB,0,1.0,77,1.0,0.0,0.0,0.0,0.0,0.0,0.0,,0.0,0.0,1.0,0.0,0.0,0.0
639952,2023-05-14,ligue1,2022,11147,Montpellier,Lorient,1,264354,Théo Sainte-Luce,SUB,0,0.0,17,0.0,0.0,0.0,0.0,0.0,0.0,0.0,,0.0,0.0,0.0,0.0,0.0,0.0
639952,2023-05-14,ligue1,2022,11147,Montpellier,Lorient,1,157901,Valère Germain,SUB,0,1.0,9,0.0,0.0,0.0,0.0,0.0,0.0,0.0,,0.0,0.0,1.0,0.0,0.0,0.0
639952,2023-05-14,ligue1,2022,11147,Montpellier,Lorient,1,96162,Mamadou Sakho,SUB,0,0.0,75,0.0,0.0,0.0,0.0,0.0,0.0,0.0,,0.0,0.0,0.0,0.0,0.0,0.0
639952,2023-05-14,ligue1,2022,11147,Lorient,Montpellier,0,199381,Yvon Mvogo,G,1,1.0,38,0.0,0.0,0.0,1.0,,0.0,0.0,2.0,14.0,0.0,0.0,0.0,0.0,0.0
639952,2023-05-14,ligue1,2022,11147,Lorient,Montpellier,0,265099,Montassar Talbi,CD,1,1.0,3,0.0,3.0,0.0,1.0,0.0,0.0,0.0,,0.0,1.0,0.0,0.0,1.0,0.0
639952,2023-05-14,ligue1,2022,11147,Lorient,Montpellier,0,146496,Vincent Le Goff,CD-L,1,1.0,25,4.0,0.0,0.0,1.0,0.0,0.0,0.0,,0.0,0.0,0.0,0.0,0.0,0.0
639952,2023-05-14,ligue1,2022,11147,Lorient,Montpellier,0,324960,Bamo Meïté,CD-R,1,1.0,18,1.0,0.0,0.0,1.0,0.0,0.0,0.0,,0.0,0.0,0.0,0.0,0.0,1.0
639952,2023-05-14,ligue1,2022,11147,Lorient,Montpellier,0,181133,Laurent Abergel,CM-L,1,1.0,19,2.0,2.0,0.0,1.0,0.0,0.0,0.0,,0.0,0.0,0.0,0.0,0.0,0.0
639952,2023-05-14,ligue1,2022,11147,Lorient,Montpellier,0,208414,Innocent Bonke,CM-R,1,1.0,8,2.0,2.0,0.0,0.0,0.0,0.0,0.0,,0.0,0.0,0.0,0.0,1.0,0.0
639952,2023-05-14,ligue1,2022,11147,Lorient,Montpellier,0,296511,Darlin Yongwa,LM,1,1.0,12,2.0,2.0,1.0,1.0,1.0,0.0,0.0,,0.0,0.0,0.0,0.0,1.0,0.0
639952,2023-05-14,ligue1,2022,11147,Lorient,Montpellier,0,291345,Gédéon Kalulu,RM,1,1.0,24,0.0,0.0,0.0,0.0,0.0,0.0,0.0,,0.0,0.0,0.0,0.0,0.0,0.0
639952,2023-05-14,ligue1,2022,11147,Lorient,Montpellier,0,41549,Ibrahima Koné,F,1,1.0,9,1.0,0.0,0.0,0.0,0.0,0.0,0.0,,0.0,0.0,0.0,0.0,2.0,1.0
639952,2023-05-14,ligue1,2022,11147,Lorient,Montpellier,0,288340,Enzo Le Fée,CF-L,1,1.0,80,2.0,1.0,0.0,1.0,0.0,0.0,0.0,,0.0,0.0,0.0,0.0,1.0,1.0
639952,2023-05-14,ligue1,2022,11147,Lorient,Montpellier,0,268591,Romain Faivre,CF-R,1,1.0,14,0.0,4.0,0.0,0.0,0.0,0.0,0.0,,0.0,2.0,0.0,1.0,3.0,0.0
639952,2023-05-14,ligue1,2022,11147,Lorient,Montpellier,0,325992,Théo Le Bris,SUB,0,1.0,37,0.0,0.0,0.0,1.0,0.0,0.0,0.0,,0.0,0.0,1.0,0.0,0.0,0.0
639952,2023-05-14,ligue1,2022,11147,Lorient,Montpellier,0,305602,Ckene Doucouré,SUB,0,1.0,29,1.0,1.0,0.0,1.0,0.0,0.0,0.0,,0.0,0.0,1.0,0.0,1.0,0.0
639952,2023-05-14,ligue1,2022,11147,Lorient,Montpellier,0,290166,Adil Aouchiche,SUB,0,0.0,10,0.0,0.0,0.0,0.0,0.0,0.0,0.0,,0.0,0.0,0.0,0.0,0.0,0.0
639952,2023-05-14,ligue1,2022,11147,Lorient,Montpellier,0,217170,Julien Laporte,SUB,0,0.0,15,0.0,0.0,0.0,0.0,0.0,0.0,0.0,,0.0,0.0,0.0,0.0,0.0,0.0
639952,2023-05-14,ligue1,2022,11147,Lorient,Montpellier,0,282679,Teddy Bartouche,SUB,0,0.0,77,0.0,0.0,0.0,0.0,,0.0,0.0,0.0,0.0,0.0,0.0,0.0,0.0,0.0
639952,2023-05-14,ligue1,2022,11147,Lorient,Montpellier,0,276450,Julien Ponceau,SUB,0,1.0,21,0.0,0.0,0.0,1.0,0.0,0.0,0.0,,0.0,0.0,1.0,0.0,0.0,0.0
639952,2023-05-14,ligue1,2022,11147,Lorient,Montpellier,0,234912,Stéphane Diarra,SUB,0,0.0,7,0.0,0.0,0.0,0.0,0.0,0.0,0.0,,0.0,0.0,0.0,0.0,0.0,0.0
639952,2023-05-14,ligue1,2022,11147,Lorient,Montpellier,0,353112,Ayman Kari,SUB,0,1.0,44,0.0,4.0,0.0,1.0,0.0,0.0,0.0,,0.0,0.0,1.0,0.0,1.0,0.0
639952,2023-05-14,ligue1,2022,11147,Lorient,Montpellier,0,305670,Yoann Cathline,SUB,0,0.0,22,0.0,0.0,0.0,0.0,0.0,0.0,0.0,,0.0,0.0,0.0,0.0,0.0,0.0
639953,2023-05-14,ligue1,2022,11147,AS Monaco,Lille,1,205750,Alexander Nübel,G,1,1.0,16,0.0,1.0,0.0,0.0,,0.0,0.0,4.0,10.0,0.0,0.0,0.0,0.0,0.0
639953,2023-05-14,ligue1,2022,11147,AS Monaco,Lille,1,297165,Chrislain Matsima,CD-L,1,1.0,34,1.0,0.0,0.0,0.0,0.0,0.0,0.0,,0.0,0.0,0.0,0.0,0.0,0.0
639953,2023-05-14,ligue1,2022,11147,AS Monaco,Lille,1,231718,Axel Disasi,CD-R,1,1.0,6,0.0,0.0,0.0,0.0,1.0,0.0,0.0,,0.0,0.0,0.0,0.0,1.0,0.0
639953,2023-05-14,ligue1,2022,11147,AS Monaco,Lille,1,240353,Caio Henrique,LB,1,1.0,12,0.0,1.0,0.0,0.0,0.0,0.0,0.0,,0.0,0.0,0.0,0.0,0.0,0.0
639953,2023-05-14,ligue1,2022,11147,AS Monaco,Lille,1,310640,Vanderson,RB,1,1.0,2,3.0,1.0,0.0,0.0,0.0,0.0,0.0,,0.0,0.0,0.0,0.0,2.0,0.0
639953,2023-05-14,ligue1,2022,11147,AS Monaco,Lille,1,195501,Aleksandr Golovin,AM,1,1.0,17,3.0,0.0,0.0,0.0,0.0,0.0,0.0,,0.0,0.0,0.0,0.0,1.0,0.0
639953,2023-05-14,ligue1,2022,11147,AS Monaco,Lille,1,306055,Eliot Matazo,LM,1,1.0,15,3.0,1.0,0.0,0.0,1.0,0.0,0.0,,0.0,0.0,0.0,0.0,0.0,0.0
639953,2023-05-14,ligue1,2022,11147,AS Monaco,Lille,1,277307,Youssouf Fofana,RM,1,1.0,19,1.0,1.0,0.0,0.0,0.0,0.0,0.0,,0.0,0.0,0.0,0.0,0.0,0.0
639953,2023-05-14,ligue1,2022,11147,AS Monaco,Lille,1,259143,Myron Boadu,F,1,1.0,9,1.0,1.0,0.0,0.0,0.0,0.0,0.0,,0.0,1.0,0.0,0.0,1.0,0.0
639953,2023-05-14,ligue1,2022,11147,AS Monaco,Lille,1,268796,Ismail Jakobs,AM-L,1,1.0,14,2.0,2.0,0.0,0.0,0.0,0.0,0.0,,0.0,0.0,0.0,0.0,1.0,0.0
639953,2023-05-14,ligue1,2022,11147,AS Monaco,Lille,1,159348,Takumi Minamino,AM-R,1,1.0,18,3.0,0.0,0.0,0.0,0.0,0.0,0.0,,0.0,0.0,0.0,0.0,1.0,0.0
639953,2023-05-14,ligue1,2022,11147,AS Monaco,Lille,1,332396,Yllan Okou,SUB,0,0.0,99,0.0,0.0,0.0,0.0,0.0,0.0,0.0,,0.0,0.0,0.0,0.0,0.0,0.0
639953,2023-05-14,ligue1,2022,11147,AS Monaco,Lille,1,346947,Eliesse Ben Seghir,SUB,0,1.0,44,1.0,2.0,0.0,0.0,0.0,0.0,0.0,,0.0,0.0,1.0,0.0,0.0,0.0
639953,2023-05-14,ligue1,2022,11147,AS Monaco,Lille,1,202099,Breel Embolo,SUB,0,1.0,36,0.0,3.0,0.0,0.0,0.0,0.0,0.0,,0.0,0.0,1.0,0.0,0.0,0.0
639953,2023-05-14,ligue1,2022,11147,AS Monaco,Lille,1,188221,Thomas Didillon,SUB,0,0.0,30,0.0,0.0,0.0,0.0,,0.0,0.0,0.0,0.0,0.0,0.0,0.0,0.0,0.0
639953,2023-05-14,ligue1,2022,11147,AS Monaco,Lille,1,181946,Ruben Aguilar,SUB,0,0.0,26,0.0,0.0,0.0,0.0,0.0,0.0,0.0,,0.0,0.0,0.0,0.0,0.0,0.0
639953,2023-05-14,ligue1,2022,11147,AS Monaco,Lille,1,329690,Maghnes Akliouche,SUB,0,1.0,21,0.0,0.0,0.0,0.0,1.0,0.0,0.0,,0.0,0.0,1.0,0.0,1.0,0.0
639953,2023-05-14,ligue1,2022,11147,AS Monaco,Lille,1,345645,Edan Diop,SUB,0,0.0,42,0.0,0.0,0.0,0.0,0.0,0.0,0.0,,0.0,0.0,0.0,0.0,0.0,0.0
639953,2023-05-14,ligue1,2022,11147,AS Monaco,Lille,1,333240,Soungoutou Magassa,SUB,0,0.0,41,0.0,0.0,0.0,0.0,0.0,0.0,0.0,,0.0,0.0,0.0,0.0,0.0,0.0
639953,2023-05-14,ligue1,2022,11147,AS Monaco,Lille,1,208518,Mamadou Coulibaly,SUB,0,0.0,33,0.0,0.0,0.0,0.0,0.0,0.0,0.0,,0.0,0.0,0.0,0.0,0.0,0.0
639953,2023-05-14,ligue1,2022,11147,Lille,AS Monaco,0,288925,Lucas Chevalier,G,1,1.0,30,0.0,0.0,0.0,0.0,,0.0,0.0,1.0,8.0,0.0,0.0,0.0,0.0,0.0
639953,2023-05-14,ligue1,2022,11147,Lille,AS Monaco,0,340900,Alexsandro,CD-L,1,1.0,4,1.0,4.0,0.0,0.0,0.0,0.0,0.0,,0.0,0.0,0.0,0.0,1.0,0.0
639953,2023-05-14,ligue1,2022,11147,Lille,AS Monaco,0,104172,José Fonte,CD-R,1,1.0,6,2.0,0.0,0.0,0.0,0.0,0.0,0.0,,0.0,0.0,0.0,0.0,0.0,0.0
639953,2023-05-14,ligue1,2022,11147,Lille,AS Monaco,0,151020,Ismaily,LB,1,1.0,31,1.0,1.0,0.0,0.0,0.0,0.0,0.0,,0.0,0.0,0.0,0.0,0.0,0.0
639953,2023-05-14,ligue1,2022,11147,Lille,AS Monaco,0,282675,Bafodé Diakité,RB,1,1.0,18,1.0,1.0,0.0,0.0,0.0,0.0,0.0,,0.0,0.0,0.0,0.0,0.0,1.0
639953,2023-05-14,ligue1,2022,11147,Lille,AS Monaco,0,136688,Rémy Cabella,AM,1,1.0,10,0.0,2.0,0.0,0.0,0.0,0.0,0.0,,0.0,0.0,0.0,0.0,1.0,0.0
639953,2023-05-14,ligue1,2022,11147,Lille,AS Monaco,0,256773,Angel Gomes,LM,1,1.0,20,2.0,4.0,0.0,0.0,0.0,0.0,0.0,,0.0,0.0,0.0,0.0,2.0,1.0
639953,2023-05-14,ligue1,2022,11147,Lille,AS Monaco,0,123683,Benjamin André,RM,1,1.0,21,1.0,1.0,0.0,0.0,0.0,0.0,0.0,,0.0,0.0,0.0,0.0,1.0,0.0
639953,2023-05-14,ligue1,2022,11147,Lille,AS Monaco,0,266027,Timothy Weah,F,1,1.0,22,0.0,0.0,0.0,0.0,0.0,0.0,0.0,,0.0,1.0,0.0,0.0,2.0,0.0
639953,2023-05-14,ligue1,2022,11147,Lille,AS Monaco,0,273499,Jonathan David,AM-L,1,1.0,9,1.0,3.0,0.0,0.0,0.0,0.0,0.0,,0.0,1.0,0.0,0.0,1.0,0.0
639953,2023-05-14,ligue1,2022,11147,Lille,AS Monaco,0,210538,Jonathan Bamba,AM-R,1,1.0,7,2.0,1.0,0.0,0.0,0.0,0.0,0.0,,0.0,2.0,0.0,0.0,2.0,0.0
639953,2023-05-14,ligue1,2022,11147,Lille,AS Monaco,0,250166,Gabriel Gudmundsson,SUB,0,0.0,5,0.0,0.0,0.0,0.0,0.0,0.0,0.0,,0.0,0.0,0.0,0.0,0.0,0.0
639953,2023-05-14,ligue1,2022,11147,Lille,AS Monaco,0,175108,André Gomes,SUB,0,1.0,28,1.0,0.0,0.0,0.0,0.0,0.0,0.0,,0.0,0.0,1.0,0.0,0.0,0.0
639953,2023-05-14,ligue1,2022,11147,Lille,AS Monaco,0,340206,Leny Yoro,SUB,0,0.0,15,0.0,0.0,0.0,0.0,0.0,0.0,0.0,,0.0,0.0,0.0,0.0,0.0,0.0
639953,2023-05-14,ligue1,2022,11147,Lille,AS Monaco,0,338814,Carlos Baleba,SUB,0,0.0,35,0.0,0.0,0.0,0.0,0.0,0.0,0.0,,0.0,0.0,0.0,0.0,0.0,0.0
639953,2023-05-14,ligue1,2022,11147,Lille,AS Monaco,0,304743,Alan Virginius,SUB,0,1.0,26,0.0,0.0,0.0,0.0,0.0,0.0,0.0,,0.0,0.0,1.0,0.0,0.0,0.0
639953,2023-05-14,ligue1,2022,11147,Lille,AS Monaco,0,101360,Benoit Costil,SUB,0,0.0,25,0.0,0.0,0.0,0.0,,0.0,0.0,0.0,0.0,0.0,0.0,0.0,0.0,0.0
639953,2023-05-14,ligue1,2022,11147,Lille,AS Monaco,0,267519,Mohamed Bayo,SUB,0,0.0,27,0.0,0.0,0.0,0.0,0.0,0.0,0.0,,0.0,0.0,0.0,0.0,0.0,0.0
639953,2023-05-14,ligue1,2022,11147,Lille,AS Monaco,0,227932,Adam Ounas,SUB,0,1.0,11,1.0,1.0,0.0,0.0,0.0,0.0,0.0,,0.0,0.0,1.0,0.0,0.0,0.0
639953,2023-05-14,ligue1,2022,11147,Lille,AS Monaco,0,148986,Jonas Martin,SUB,0,0.0,8,0.0,0.0,0.0,0.0,0.0,0.0,0.0,,0.0,0.0,0.0,0.0,0.0,0.0
639954,2023-05-14,ligue1,2022,11147,Toulouse,Nantes,1,157963,Maxime Dupé,G,1,1.0,30,0.0,0.0,0.0,0.0,,0.0,0.0,1.0,7.0,0.0,0.0,0.0,0.0,0.0
639954,2023-05-14,ligue1,2022,11147,Toulouse,Nantes,1,238213,Rasmus Nicolaisen,CD-L,1,1.0,2,1.0,1.0,0.0,0.0,0.0,0.0,0.0,,0.0,1.0,0.0,0.0,1.0,0.0
639954,2023-05-14,ligue1,2022,11147,Toulouse,Nantes,1,291614,Anthony Rouault,CD-R,1,1.0,4,0.0,1.0,0.0,0.0,0.0,0.0,0.0,,0.0,0.0,0.0,0.0,0.0,0.0
639954,2023-05-14,ligue1,2022,11147,Toulouse,Nantes,1,304889,Waren Kamanzi,LB,1,1.0,26,0.0,3.0,0.0,0.0,0.0,0.0,0.0,,0.0,0.0,0.0,0.0,1.0,0.0
639954,2023-05-14,ligue1,2022,11147,Toulouse,Nantes,1,213250,Mikkel Desler,RB,1,1.0,3,0.0,0.0,0.0,0.0,0.0,0.0,0.0,,0.0,0.0,0.0,0.0,1.0,1.0
639954,2023-05-14,ligue1,2022,11147,Toulouse,Nantes,1,240957,Denis Genreau,AM,1,1.0,5,1.0,1.0,0.0,0.0,0.0,0.0,0.0,,0.0,1.0,0.0,0.0,1.0,0.0
639954,2023-05-14,ligue1,2022,11147,Toulouse,Nantes,1,218857,Vincent Sierro,LM,1,1.0,13,1.0,1.0,0.0,0.0,2.0,0.0,0.0,,0.0,1.0,0.0,0.0,2.0,0.0
639954,2023-05-14,ligue1,2022,11147,Toulouse,Nantes,1,216288,Stijn Spierings,RM,1,1.0,17,0.0,5.0,0.0,0.0,0.0,0.0,0.0,,0.0,0.0,0.0,0.0,0.0,0.0
639954,2023-05-14,ligue1,2022,11147,Toulouse,Nantes,1,266280,Thijs Dallinga,F,1,1.0,27,0.0,0.0,0.0,0.0,0.0,0.0,0.0,,0.0,1.0,0.0,0.0,2.0,0.0
639954,2023-05-14,ligue1,2022,11147,Toulouse,Nantes,1,198512,Rafael Ratão,AM-L,1,1.0,21,1.0,0.0,0.0,0.0,1.0,0.0,0.0,,0.0,0.0,0.0,0.0,4.0,0.0
639954,2023-05-14,ligue1,2022,11147,Toulouse,Nantes,1,253174,Ado Onaiwu,AM-R,1,1.0,7,0.0,0.0,0.0,0.0,0.0,0.0,0.0,,0.0,1.0,0.0,0.0,1.0,0.0
639954,2023-05-14,ligue1,2022,11147,Toulouse,Nantes,1,195532,Brecht Dejaegere,SUB,0,1.0,10,0.0,0.0,0.0,0.0,0.0,0.0,0.0,,0.0,0.0,1.0,0.0,0.0,0.0
639954,2023-05-14,ligue1,2022,11147,Toulouse,Nantes,1,271129,Logan Costa,SUB,0,0.0,14,0.0,0.0,0.0,0.0,0.0,0.0,0.0,,0.0,0.0,0.0,0.0,0.0,0.0
639954,2023-05-14,ligue1,2022,11147,Toulouse,Nantes,1,261423,Kjetil Haug,SUB,0,0.0,16,0.0,0.0,0.0,0.0,,0.0,0.0,0.0,0.0,0.0,0.0,0.0,0.0,0.0
639954,2023-05-14,ligue1,2022,11147,Toulouse,Nantes,1,313891,Kévin Keben,SUB,0,0.0,31,0.0,0.0,0.0,0.0,0.0,0.0,0.0,,0.0,0.0,0.0,0.0,0.0,0.0
639954,2023-05-14,ligue1,2022,11147,Toulouse,Nantes,1,238991,Veljko Birmancevic,SUB,0,1.0,19,0.0,0.0,0.0,0.0,0.0,0.0,0.0,,0.0,0.0,1.0,0.0,0.0,0.0
639954,2023-05-14,ligue1,2022,11147,Toulouse,Nantes,1,362586,Bonota Traoré,SUB,0,0.0,33,0.0,0.0,0.0,0.0,0.0,0.0,0.0,,0.0,0.0,0.0,0.0,0.0,0.0
639954,2023-05-14,ligue1,2022,11147,Toulouse,Nantes,1,350525,Christian Mawissa,SUB,0,0.0,32,0.0,0.0,0.0,0.0,0.0,0.0,0.0,,0.0,0.0,0.0,0.0,0.0,0.0
639954,2023-05-14,ligue1,2022,11147,Toulouse,Nantes,1,337306,Farès Chaïbi,SUB,0,1.0,28,0.0,0.0,0.0,0.0,0.0,0.0,0.0,,0.0,1.0,1.0,0.0,1.0,0.0
639954,2023-05-14,ligue1,2022,11147,Toulouse,Nantes,1,196234,Branco van den Boomen,SUB,0,1.0,8,0.0,0.0,0.0,0.0,0.0,0.0,0.0,,0.0,0.0,1.0,0.0,0.0,0.0
639954,2023-05-14,ligue1,2022,11147,Nantes,Toulouse,0,231282,Alban Lafont,G,1,1.0,1,0.0,0.0,0.0,0.0,,0.0,0.0,6.0,14.0,0.0,0.0,0.0,0.0,0.0
639954,2023-05-14,ligue1,2022,11147,Nantes,Toulouse,0,186952,Andrei Girotto,CD,1,1.0,3,1.0,1.0,0.0,0.0,0.0,0.0,0.0,,0.0,0.0,0.0,0.0,1.0,1.0
639954,2023-05-14,ligue1,2022,11147,Nantes,Toulouse,0,146205,Nicolas Pallois,CD-L,1,1.0,4,0.0,1.0,0.0,0.0,0.0,0.0,0.0,,0.0,0.0,0.0,0.0,0.0,0.0
639954,2023-05-14,ligue1,2022,11147,Nantes,Toulouse,0,185683,Jean-Charles Castelletto,CD-R,1,1.0,21,1.0,0.0,0.0,0.0,0.0,0.0,0.0,,0.0,0.0,0.0,0.0,0.0,0.0
639954,2023-05-14,ligue1,2022,11147,Nantes,Toulouse,0,260932,Samuel Moutoussamy,CM-L,1,1.0,8,2.0,0.0,0.0,0.0,0.0,0.0,0.0,,0.0,0.0,0.0,0.0,1.0,0.0
639954,2023-05-14,ligue1,2022,11147,Nantes,Toulouse,0,173616,Florent Mollet,CM-R,1,1.0,25,3.0,1.0,0.0,0.0,0.0,0.0,0.0,,0.0,0.0,0.0,0.0,0.0,0.0
639954,2023-05-14,ligue1,2022,11147,Nantes,Toulouse,0,223120,Ludovic Blas,AM,1,1.0,10,2.0,1.0,0.0,0.0,0.0,0.0,0.0,,0.0,0.0,0.0,0.0,3.0,0.0
639954,2023-05-14,ligue1,2022,11147,Nantes,Toulouse,0,313890,Quentin Merlin,LM,1,1.0,29,0.0,0.0,0.0,0.0,0.0,0.0,0.0,,0.0,0.0,0.0,0.0,0.0,0.0
639954,2023-05-14,ligue1,2022,11147,Nantes,Toulouse,0,223339,Fabien Centonze,RM,1,1.0,28,0.0,0.0,0.0,0.0,1.0,0.0,0.0,,0.0,0.0,0.0,0.0,0.0,0.0
639954,2023-05-14,ligue1,2022,11147,Nantes,Toulouse,0,214739,Marcus Coco,CF-L,1,1.0,11,2.0,0.0,0.0,0.0,0.0,0.0,0.0,,0.0,0.0,0.0,0.0,0.0,0.0
639954,2023-05-14,ligue1,2022,11147,Nantes,Toulouse,0,187647,Moses Simon,CF-R,1,1.0,27,0.0,0.0,0.0,0.0,0.0,0.0,0.0,,0.0,1.0,0.0,0.0,1.0,0.0
639954,2023-05-14,ligue1,2022,11147,Nantes,Toulouse,0,227800,Charles Traoré,SUB,0,1.0,93,0.0,0.0,0.0,0.0,0.0,0.0,0.0,,0.0,0.0,1.0,0.0,0.0,0.0
639954,2023-05-14,ligue1,2022,11147,Nantes,Toulouse,0,288924,Evann Guessand,SUB,0,1.0,7,1.0,0.0,0.0,0.0,0.0,0.0,0.0,,0.0,0.0,1.0,0.0,1.0,0.0
639954,2023-05-14,ligue1,2022,11147,Nantes,Toulouse,0,222175,Rémy Descamps,SUB,0,0.0,16,0.0,0.0,0.0,0.0,,0.0,0.0,0.0,0.0,0.0,0.0,0.0,0.0,0.0
639954,2023-05-14,ligue1,2022,11147,Nantes,Toulouse,0,306033,Jaouen Hadjam,SUB,0,0.0,26,0.0,0.0,0.0,0.0,0.0,0.0,0.0,,0.0,0.0,0.0,0.0,0.0,0.0
639954,2023-05-14,ligue1,2022,11147,Nantes,Toulouse,0,132056,Sébastien Corchia,SUB,0,0.0,24,0.0,0.0,0.0,0.0,0.0,0.0,0.0,,0.0,0.0,0.0,0.0,0.0,0.0
639954,2023-05-14,ligue1,2022,11147,Nantes,Toulouse,0,112988,Michel Diaz,SUB,0,0.0,63,0.0,0.0,0.0,0.0,0.0,0.0,0.0,,0.0,0.0,0.0,0.0,0.0,0.0
639954,2023-05-14,ligue1,2022,11147,Nantes,Toulouse,0,93641,Denis Petric,SUB,0,0.0,30,0.0,0.0,0.0,0.0,,0.0,0.0,0.0,0.0,0.0,0.0,0.0,0.0,0.0
639954,2023-05-14,ligue1,2022,11147,Nantes,Toulouse,0,104658,Moussa Sissoko,SUB,0,1.0,17,0.0,0.0,0.0,0.0,0.0,0.0,0.0,,0.0,0.0,1.0,0.0,0.0,0.0
639956,2023-05-14,ligue1,2022,11147,Clermont Foot,Lyon,1,197631,Mory Diaw,G,1,1.0,99,0.0,0.0,0.0,1.0,,0.0,0.0,2.0,13.0,0.0,0.0,0.0,0.0,0.0
639956,2023-05-14,ligue1,2022,11147,Clermont Foot,Lyon,1,150292,Florent Ogier,CD,1,1.0,21,2.0,0.0,0.0,1.0,1.0,0.0,0.0,,0.0,0.0,0.0,0.0,0.0,1.0
639956,2023-05-14,ligue1,2022,11147,Clermont Foot,Lyon,1,233027,Max Caufriez,CD-L,1,1.0,5,2.0,1.0,0.0,1.0,0.0,0.0,0.0,,0.0,1.0,0.0,0.0,2.0,0.0
639956,2023-05-14,ligue1,2022,11147,Clermont Foot,Lyon,1,305669,Alidu Seidu,CD-R,1,1.0,36,0.0,3.0,0.0,1.0,0.0,0.0,0.0,,0.0,0.0,0.0,0.0,0.0,0.0
639956,2023-05-14,ligue1,2022,11147,Clermont Foot,Lyon,1,118091,Johan Gastien,CM-L,1,1.0,25,2.0,1.0,0.0,1.0,0.0,0.0,0.0,,0.0,0.0,0.0,0.0,0.0,0.0
639956,2023-05-14,ligue1,2022,11147,Clermont Foot,Lyon,1,276441,Yohann Magnin,CM-R,1,1.0,7,2.0,0.0,0.0,1.0,0.0,0.0,0.0,,0.0,0.0,0.0,0.0,0.0,0.0
639956,2023-05-14,ligue1,2022,11147,Clermont Foot,Lyon,1,272281,Neto Borges,LM,1,1.0,3,1.0,3.0,0.0,1.0,0.0,0.0,0.0,,0.0,1.0,0.0,0.0,1.0,0.0
639956,2023-05-14,ligue1,2022,11147,Clermont Foot,Lyon,1,169822,Mehdi Zeffane,RM,1,1.0,2,1.0,0.0,1.0,1.0,0.0,0.0,0.0,,0.0,0.0,0.0,0.0,0.0,0.0
639956,2023-05-14,ligue1,2022,11147,Clermont Foot,Lyon,1,211668,Grejohn Kyei,F,1,1.0,95,0.0,1.0,0.0,1.0,0.0,0.0,0.0,,0.0,2.0,0.0,2.0,2.0,0.0
639956,2023-05-14,ligue1,2022,11147,Clermont Foot,Lyon,1,221165,Elbasan Rashani,CF-L,1,1.0,18,2.0,0.0,0.0,1.0,1.0,0.0,0.0,,0.0,0.0,0.0,0.0,1.0,1.0
639956,2023-05-14,ligue1,2022,11147,Clermont Foot,Lyon,1,192989,Saif-Eddine Khaoui,CF-R,1,1.0,10,1.0,1.0,0.0,1.0,0.0,0.0,0.0,,0.0,2.0,0.0,0.0,2.0,0.0
639956,2023-05-14,ligue1,2022,11147,Clermont Foot,Lyon,1,131748,Maxime Gonalons,SUB,0,1.0,12,1.0,0.0,0.0,0.0,0.0,0.0,0.0,,0.0,0.0,1.0,0.0,0.0,0.0
639956,2023-05-14,ligue1,2022,11147,Clermont Foot,Lyon,1,284333,Jim Allevinah,SUB,0,1.0,11,0.0,0.0,0.0,0.0,0.0,0.0,0.0,,0.0,0.0,1.0,0.0,0.0,0.0
639956,2023-05-14,ligue1,2022,11147,Clermont Foot,Lyon,1,179229,Jérémie Bela,SUB,0,0.0,91,0.0,0.0,0.0,0.0,0.0,0.0,0.0,,0.0,0.0,0.0,0.0,0.0,0.0
639956,2023-05-14,ligue1,2022,11147,Clermont Foot,Lyon,1,359153,Cheick Konate,SUB,0,0.0,15,0.0,0.0,0.0,0.0,0.0,0.0,0.0,,0.0,0.0,0.0,0.0,0.0,0.0
639956,2023-05-14,ligue1,2022,11147,Clermont Foot,Lyon,1,239280,Komnen Andric,SUB,0,1.0,9,0.0,0.0,0.0,0.0,0.0,0.0,0.0,,0.0,0.0,1.0,0.0,1.0,1.0
639956,2023-05-14,ligue1,2022,11147,Clermont Foot,Lyon,1,329077,Aiman Maurer,SUB,0,0.0,22,0.0,0.0,0.0,0.0,0.0,0.0,0.0,,0.0,0.0,0.0,0.0,0.0,0.0
639956,2023-05-14,ligue1,2022,11147,Clermont Foot,Lyon,1,293919,Muhammed-Cham Saracevic,SUB,0,1.0,70,0.0,0.0,0.0,0.0,0.0,0.0,0.0,,0.0,0.0,1.0,0.0,0.0,0.0
639956,2023-05-14,ligue1,2022,11147,Clermont Foot,Lyon,1,345391,Souleymane Cissé,SUB,0,0.0,13,0.0,0.0,0.0,0.0,0.0,0.0,0.0,,0.0,0.0,0.0,0.0,0.0,0.0
639956,2023-05-14,ligue1,2022,11147,Clermont Foot,Lyon,1,304184,Lucas Margueron,SUB,0,0.0,16,0.0,0.0,0.0,0.0,,0.0,0.0,0.0,0.0,0.0,0.0,0.0,0.0,0.0
639956,2023-05-14,ligue1,2022,11147,Lyon,Clermont Foot,0,131743,Anthony Lopes,G,1,1.0,1,0.0,0.0,0.0,2.0,,0.0,0.0,4.0,7.0,0.0,0.0,0.0,0.0,1.0
639956,2023-05-14,ligue1,2022,11147,Lyon,Clermont Foot,0,123560,Dejan Lovren,CD,1,1.0,5,0.0,0.0,0.0,1.0,0.0,0.0,0.0,,0.0,0.0,0.0,0.0,0.0,0.0
639956,2023-05-14,ligue1,2022,11147,Lyon,Clermont Foot,0,319100,Castello Lukeba,CD-L,1,1.0,4,2.0,0.0,0.0,2.0,0.0,0.0,0.0,,0.0,0.0,0.0,0.0,0.0,1.0
639956,2023-05-14,ligue1,2022,11147,Lyon,Clermont Foot,0,302862,Sinaly Diomande,CD-R,1,1.0,2,1.0,0.0,0.0,2.0,0.0,0.0,0.0,,0.0,1.0,0.0,0.0,1.0,0.0
639956,2023-05-14,ligue1,2022,11147,Lyon,Clermont Foot,0,192060,Corentin Tolisso,CM-L,1,1.0,88,0.0,2.0,0.0,2.0,0.0,0.0,0.0,,0.0,0.0,0.0,0.0,1.0,0.0
639956,2023-05-14,ligue1,2022,11147,Lyon,Clermont Foot,0,265912,Maxence Caqueret,CM-R,1,1.0,6,0.0,0.0,0.0,2.0,1.0,0.0,0.0,,0.0,0.0,0.0,0.0,0.0,0.0
639956,2023-05-14,ligue1,2022,11147,Lyon,Clermont Foot,0,298008,Rayan Cherki,AM,1,1.0,18,2.0,1.0,0.0,2.0,1.0,0.0,0.0,,0.0,0.0,0.0,0.0,4.0,0.0
639956,2023-05-14,ligue1,2022,11147,Lyon,Clermont Foot,0,145190,Nicolás Tagliafico,LM,1,1.0,3,0.0,3.0,0.0,2.0,0.0,0.0,0.0,,0.0,0.0,0.0,0.0,1.0,1.0
639956,2023-05-14,ligue1,2022,11147,Lyon,Clermont Foot,0,308947,Malo Gusto,RM,1,1.0,27,4.0,1.0,0.0,2.0,0.0,0.0,0.0,,0.0,0.0,0.0,0.0,0.0,0.0
639956,2023-05-14,ligue1,2022,11147,Lyon,Clermont Foot,0,131752,Alexandre Lacazette,CF-L,1,1.0,10,1.0,2.0,0.0,2.0,1.0,0.0,0.0,,0.0,1.0,0.0,1.0,5.0,0.0
639956,2023-05-14,ligue1,2022,11147,Lyon,Clermont Foot,0,303752,Amin Sarr,CF-R,1,1.0,7,0.0,2.0,1.0,2.0,0.0,0.0,0.0,,0.0,1.0,0.0,0.0,1.0,0.0
639956,2023-05-14,ligue1,2022,11147,Lyon,Clermont Foot,0,86255,Rémy Riou,SUB,0,0.0,35,0.0,0.0,0.0,0.0,,0.0,0.0,0.0,0.0,0.0,0.0,0.0,0.0,0.0
639956,2023-05-14,ligue1,2022,11147,Lyon,Clermont Foot,0,200671,Henrique,SUB,0,0.0,12,0.0,0.0,0.0,0.0,0.0,0.0,0.0,,0.0,0.0,0.0,0.0,0.0,0.0
639956,2023-05-14,ligue1,2022,11147,Lyon,Clermont Foot,0,297166,Johann Lepenant,SUB,0,0.0,24,0.0,0.0,0.0,0.0,0.0,0.0,0.0,,0.0,0.0,0.0,0.0,0.0,0.0
639956,2023-05-14,ligue1,2022,11147,Lyon,Clermont Foot,0,201717,Thiago Mendes,SUB,0,1.0,23,0.0,1.0,0.0,1.0,0.0,0.0,0.0,,0.0,0.0,1.0,0.0,0.0,0.0
639956,2023-05-14,ligue1,2022,11147,Lyon,Clermont Foot,0,241116,Houssem Aouar,SUB,0,1.0,8,0.0,0.0,0.0,0.0,0.0,0.0,0.0,,0.0,0.0,1.0,0.0,0.0,0.0
639956,2023-05-14,ligue1,2022,11147,Lyon,Clermont Foot,0,196576,Moussa Dembélé,SUB,0,1.0,9,0.0,0.0,0.0,0.0,0.0,0.0,0.0,,0.0,0.0,1.0,0.0,0.0,0.0
639956,2023-05-14,ligue1,2022,11147,Lyon,Clermont Foot,0,301780,Jeffinho,SUB,0,1.0,47,0.0,1.0,0.0,0.0,0.0,0.0,0.0,,0.0,0.0,1.0,0.0,0.0,0.0
639956,2023-05-14,ligue1,2022,11147,Lyon,Clermont Foot,0,331084,Saël Kumbedi,SUB,0,1.0,20,0.0,1.0,0.0,0.0,0.0,0.0,0.0,,0.0,0.0,1.0,0.0,1.0,0.0
639957,2023-05-14,ligue1,2022,11147,Brest,AJ Auxerre,1,132233,Marco Bizot,G,1,1.0,40,0.0,0.0,0.0,0.0,,0.0,0.0,2.0,10.0,0.0,0.0,0.0,0.0,0.0
639957,2023-05-14,ligue1,2022,11147,Brest,AJ Auxerre,1,290141,Lilian Brassier,CD-L,1,1.0,3,0.0,0.0,0.0,0.0,1.0,0.0,0.0,,0.0,0.0,0.0,0.0,0.0,0.0
639957,2023-05-14,ligue1,2022,11147,Brest,AJ Auxerre,1,186408,Brendan Chardonnet,CD-R,1,1.0,5,1.0,0.0,0.0,0.0,0.0,0.0,0.0,,0.0,1.0,0.0,0.0,1.0,0.0
639957,2023-05-14,ligue1,2022,11147,Brest,AJ Auxerre,1,221527,Pierre Lees-Melou,DM,1,1.0,20,3.0,2.0,0.0,0.0,0.0,0.0,0.0,,0.0,0.0,0.0,0.0,2.0,0.0
639957,2023-05-14,ligue1,2022,11147,Brest,AJ Auxerre,1,241032,Jean-Kévin Duverne,LB,1,1.0,2,1.0,1.0,0.0,0.0,0.0,0.0,0.0,,0.0,0.0,0.0,0.0,1.0,0.0
639957,2023-05-14,ligue1,2022,11147,Brest,AJ Auxerre,1,164187,Kenny Lala,RB,1,1.0,27,1.0,0.0,0.0,0.0,2.0,0.0,0.0,,0.0,0.0,0.0,0.0,0.0,0.0
639957,2023-05-14,ligue1,2022,11147,Brest,AJ Auxerre,1,230896,Romain Del Castillo,CM-L,1,1.0,10,0.0,0.0,0.0,0.0,0.0,0.0,0.0,,0.0,2.0,0.0,0.0,3.0,0.0
639957,2023-05-14,ligue1,2022,11147,Brest,AJ Auxerre,1,206993,Haris Belkebla,CM-R,1,1.0,7,0.0,0.0,0.0,0.0,0.0,0.0,0.0,,0.0,0.0,0.0,0.0,0.0,0.0
639957,2023-05-14,ligue1,2022,11147,Brest,AJ Auxerre,1,305693,Jeremy Le Douaron,LM,1,1.0,22,1.0,3.0,0.0,0.0,0.0,0.0,0.0,,0.0,3.0,0.0,1.0,4.0,0.0
639957,2023-05-14,ligue1,2022,11147,Brest,AJ Auxerre,1,196029,Franck Honorat,RM,1,1.0,9,0.0,1.0,0.0,0.0,0.0,0.0,0.0,,0.0,0.0,0.0,0.0,0.0,0.0
639957,2023-05-14,ligue1,2022,11147,Brest,AJ Auxerre,1,192672,Steve Mounié,F,1,1.0,15,0.0,0.0,0.0,0.0,0.0,0.0,0.0,,0.0,3.0,0.0,0.0,3.0,0.0
639957,2023-05-14,ligue1,2022,11147,Brest,AJ Auxerre,1,268966,Mahdi Camara,SUB,0,1.0,45,0.0,0.0,0.0,0.0,0.0,0.0,0.0,,0.0,0.0,1.0,0.0,1.0,0.0
639957,2023-05-14,ligue1,2022,11147,Brest,AJ Auxerre,1,250377,Hugo Magnetti,SUB,0,0.0,8,0.0,0.0,0.0,0.0,0.0,0.0,0.0,,0.0,0.0,0.0,0.0,0.0,0.0
639957,2023-05-14,ligue1,2022,11147,Brest,AJ Auxerre,1,283557,Achraf Dari,SUB,0,0.0,4,0.0,0.0,0.0,0.0,0.0,0.0,0.0,,0.0,0.0,0.0,0.0,0.0,0.0
639957,2023-05-14,ligue1,2022,11147,Brest,AJ Auxerre,1,233835,Mathias Pereira Lage,SUB,0,1.0,29,1.0,0.0,0.0,0.0,0.0,0.0,0.0,,0.0,0.0,1.0,0.0,0.0,0.0
639957,2023-05-14,ligue1,2022,11147,Brest,AJ Auxerre,1,324419,Felix Lemarechal,SUB,0,0.0,37,0.0,0.0,0.0,0.0,0.0,0.0,0.0,,0.0,0.0,0.0,0.0,0.0,0.0
639957,2023-05-14,ligue1,2022,11147,Brest,AJ Auxerre,1,276303,Joaquín Blázquez,SUB,0,0.0,1,0.0,0.0,0.0,0.0,,0.0,0.0,0.0,0.0,0.0,0.0,0.0,0.0,0.0
639957,2023-05-14,ligue1,2022,11147,Brest,AJ Auxerre,1,324572,Bradley Locko,SUB,0,0.0,28,0.0,0.0,0.0,0.0,0.0,0.0,0.0,,0.0,0.0,0.0,0.0,0.0,0.0
639957,2023-05-14,ligue1,2022,11147,Brest,AJ Auxerre,1,288616,Karamoko Dembele,SUB,0,0.0,18,0.0,0.0,0.0,0.0,0.0,0.0,0.0,,0.0,0.0,0.0,0.0,0.0,0.0
639957,2023-05-14,ligue1,2022,11147,Brest,AJ Auxerre,1,172299,Christophe Hérelle,SUB,0,0.0,23,0.0,0.0,0.0,0.0,0.0,0.0,0.0,,0.0,0.0,0.0,0.0,0.0,0.0
639957,2023-05-14,ligue1,2022,11147,AJ Auxerre,Brest,0,144720,Andrei Radu,G,1,1.0,1,0.0,0.0,0.0,1.0,,0.0,0.0,9.0,14.0,0.0,0.0,0.0,0.0,0.0
639957,2023-05-14,ligue1,2022,11147,AJ Auxerre,Brest,0,198563,Jubal,CD,1,1.0,4,0.0,0.0,0.0,1.0,0.0,0.0,0.0,,0.0,0.0,0.0,0.0,0.0,0.0
639957,2023-05-14,ligue1,2022,11147,AJ Auxerre,Brest,0,306535,Isaak Touré,CD-L,1,1.0,95,0.0,0.0,0.0,1.0,0.0,0.0,0.0,,0.0,0.0,0.0,0.0,1.0,0.0
639957,2023-05-14,ligue1,2022,11147,AJ Auxerre,Brest,0,176561,Julian Jeanvier,CD-R,1,1.0,27,2.0,0.0,0.0,1.0,0.0,0.0,0.0,,0.0,0.0,0.0,0.0,0.0,0.0
639957,2023-05-14,ligue1,2022,11147,AJ Auxerre,Brest,0,264484,Gideon Mensah,LB,1,1.0,14,0.0,1.0,0.0,1.0,0.0,0.0,0.0,,0.0,0.0,0.0,0.0,0.0,0.0
639957,2023-05-14,ligue1,2022,11147,AJ Auxerre,Brest,0,213101,Rayan Raveloson,RB,1,1.0,97,0.0,1.0,0.0,1.0,0.0,0.0,0.0,,0.0,0.0,0.0,0.0,1.0,0.0
639957,2023-05-14,ligue1,2022,11147,AJ Auxerre,Brest,0,174896,Birama Touré,CM,1,1.0,12,0.0,0.0,0.0,1.0,0.0,0.0,0.0,,0.0,0.0,0.0,0.0,0.0,0.0
639957,2023-05-14,ligue1,2022,11147,AJ Auxerre,Brest,0,282885,Han-Noah Massengo,CM-L,1,1.0,80,0.0,4.0,0.0,1.0,0.0,0.0,0.0,,0.0,0.0,0.0,0.0,1.0,0.0
639957,2023-05-14,ligue1,2022,11147,AJ Auxerre,Brest,0,172195,Youssouf M'Changama,CM-R,1,1.0,6,1.0,1.0,0.0,1.0,0.0,0.0,0.0,,0.0,0.0,0.0,0.0,3.0,0.0
639957,2023-05-14,ligue1,2022,11147,AJ Auxerre,Brest,0,239905,Gauthier Hein,CF-L,1,1.0,7,1.0,0.0,0.0,0.0,0.0,0.0,0.0,,0.0,0.0,0.0,0.0,0.0,0.0
639957,2023-05-14,ligue1,2022,11147,AJ Auxerre,Brest,0,224798,Nuno da Costa,CF-R,1,1.0,9,2.0,0.0,0.0,0.0,0.0,0.0,0.0,,0.0,0.0,0.0,0.0,0.0,0.0
639957,2023-05-14,ligue1,2022,11147,AJ Auxerre,Brest,0,190292,Hamza Sakhi,SUB,0,0.0,22,0.0,0.0,0.0,0.0,0.0,0.0,0.0,,0.0,0.0,0.0,0.0,0.0,0.0
639957,2023-05-14,ligue1,2022,11147,AJ Auxerre,Brest,0,259032,Siriki Dembele,SUB,0,1.0,77,1.0,1.0,0.0,0.0,0.0,0.0,0.0,,0.0,1.0,1.0,0.0,1.0,0.0
639957,2023-05-14,ligue1,2022,11147,AJ Auxerre,Brest,0,197153,Théo Pellenard,SUB,0,0.0,5,0.0,0.0,0.0,0.0,0.0,0.0,0.0,,0.0,0.0,0.0,0.0,0.0,0.0
639957,2023-05-14,ligue1,2022,11147,AJ Auxerre,Brest,0,231778,Gaetan Perrin,SUB,0,1.0,10,0.0,0.0,0.0,1.0,0.0,0.0,0.0,,0.0,0.0,1.0,0.0,0.0,0.0
639957,2023-05-14,ligue1,2022,11147,AJ Auxerre,Brest,0,271137,Lassine Sinayoko,SUB,0,1.0,17,0.0,0.0,0.0,0.0,0.0,0.0,0.0,,0.0,0.0,1.0,0.0,0.0,0.0
639957,2023-05-14,ligue1,2022,11147,AJ Auxerre,Brest,0,204778,Akim Zedadka,SUB,0,1.0,13,0.0,0.0,0.0,0.0,0.0,0.0,0.0,,0.0,0.0,1.0,0.0,0.0,0.0
639957,2023-05-14,ligue1,2022,11147,AJ Auxerre,Brest,0,144018,Mathias Autret,SUB,0,0.0,29,0.0,0.0,0.0,0.0,0.0,0.0,0.0,,0.0,0.0,0.0,0.0,0.0,0.0
639957,2023-05-14,ligue1,2022,11147,AJ Auxerre,Brest,0,318389,Matthis Abline,SUB,0,1.0,19,0.0,0.0,0.0,1.0,0.0,0.0,0.0,,0.0,1.0,1.0,0.0,3.0,0.0
639957,2023-05-14,ligue1,2022,11147,AJ Auxerre,Brest,0,164165,Donovan Léon,SUB,0,0.0,16,0.0,0.0,0.0,0.0,,0.0,0.0,0.0,0.0,0.0,0.0,0.0,0.0,0.0
639959,2023-05-14,ligue1,2022,11147,Marseille,Angers,1,203061,Pau López,G,1,1.0,16,0.0,0.0,0.0,1.0,,0.0,0.0,0.0,3.0,0.0,0.0,0.0,0.0,0.0
639959,2023-05-14,ligue1,2022,11147,Marseille,Angers,1,271555,Leonardo Balerdi,CD,1,1.0,5,4.0,1.0,0.0,1.0,0.0,0.0,0.0,,0.0,0.0,0.0,0.0,0.0,0.0
639959,2023-05-14,ligue1,2022,11147,Marseille,Angers,1,170553,Sead Kolasinac,CD-L,1,1.0,23,2.0,0.0,0.0,1.0,0.0,0.0,0.0,,0.0,0.0,0.0,0.0,0.0,0.0
639959,2023-05-14,ligue1,2022,11147,Marseille,Angers,1,207136,Valentin Rongier,CD-R,1,1.0,21,1.0,0.0,0.0,1.0,1.0,0.0,0.0,,0.0,1.0,0.0,0.0,1.0,0.0
639959,2023-05-14,ligue1,2022,11147,Marseille,Angers,1,157675,Jordan Veretout,CM-L,1,1.0,27,1.0,1.0,0.0,1.0,0.0,0.0,0.0,,0.0,1.0,0.0,1.0,2.0,0.0
639959,2023-05-14,ligue1,2022,11147,Marseille,Angers,1,248676,Matteo Guendouzi,CM-R,1,1.0,6,1.0,0.0,0.0,1.0,0.0,0.0,0.0,,0.0,0.0,0.0,0.0,0.0,0.0
639959,2023-05-14,ligue1,2022,11147,Marseille,Angers,1,232089,Jonathan Clauss,LM,1,1.0,7,0.0,1.0,1.0,1.0,0.0,0.0,0.0,,0.0,0.0,0.0,0.0,0.0,0.0
639959,2023-05-14,ligue1,2022,11147,Marseille,Angers,1,239706,Cengiz Ünder,RM,1,1.0,17,3.0,0.0,0.0,1.0,1.0,0.0,0.0,,0.0,0.0,0.0,0.0,1.0,0.0
639959,2023-05-14,ligue1,2022,11147,Marseille,Angers,1,92055,Alexis Sánchez,F,1,1.0,70,0.0,0.0,1.0,1.0,1.0,0.0,0.0,,0.0,2.0,0.0,1.0,3.0,0.0
639959,2023-05-14,ligue1,2022,11147,Marseille,Angers,1,84877,Dimitri Payet,CF-L,1,1.0,10,0.0,3.0,0.0,1.0,0.0,0.0,0.0,,0.0,2.0,0.0,1.0,5.0,0.0
639959,2023-05-14,ligue1,2022,11147,Marseille,Angers,1,208789,Ruslan Malinovskyi,CF-R,1,1.0,18,2.0,0.0,0.0,1.0,1.0,0.0,0.0,,0.0,0.0,0.0,0.0,1.0,0.0
639959,2023-05-14,ligue1,2022,11147,Marseille,Angers,1,311984,Bartug Elmaz,SUB,0,0.0,47,0.0,0.0,0.0,0.0,0.0,0.0,0.0,,0.0,0.0,0.0,0.0,0.0,0.0
639959,2023-05-14,ligue1,2022,11147,Marseille,Angers,1,288901,Nuno Tavares,SUB,0,1.0,30,2.0,0.0,0.0,0.0,1.0,0.0,0.0,,0.0,0.0,1.0,0.0,0.0,1.0
639959,2023-05-14,ligue1,2022,11147,Marseille,Angers,1,174322,Chancel Mbemba,SUB,0,1.0,99,0.0,0.0,0.0,0.0,0.0,0.0,0.0,,0.0,0.0,1.0,0.0,0.0,0.0
639959,2023-05-14,ligue1,2022,11147,Marseille,Angers,1,357152,François Mughe,SUB,0,0.0,33,0.0,0.0,0.0,0.0,0.0,0.0,0.0,,0.0,0.0,0.0,0.0,0.0,0.0
639959,2023-05-14,ligue1,2022,11147,Marseille,Angers,1,294427,Issa Kaboré,SUB,0,1.0,29,0.0,0.0,0.0,0.0,0.0,0.0,0.0,,0.0,0.0,1.0,0.0,0.0,0.0
639959,2023-05-14,ligue1,2022,11147,Marseille,Angers,1,403234,Vitinha,SUB,0,1.0,9,0.0,1.0,0.0,0.0,1.0,0.0,0.0,,0.0,0.0,1.0,0.0,1.0,0.0
639959,2023-05-14,ligue1,2022,11147,Marseille,Angers,1,212342,Eric Bailly,SUB,0,1.0,3,1.0,0.0,0.0,0.0,0.0,0.0,0.0,,0.0,0.0,1.0,0.0,0.0,0.0
639959,2023-05-14,ligue1,2022,11147,Marseille,Angers,1,167069,Rubén Blanco,SUB,0,0.0,36,0.0,0.0,0.0,0.0,,0.0,0.0,0.0,0.0,0.0,0.0,0.0,0.0,0.0
639959,2023-05-14,ligue1,2022,11147,Angers,Marseille,0,214201,Paul Bernardoni,G,1,1.0,1,0.0,0.0,0.0,3.0,,0.0,0.0,3.0,11.0,0.0,0.0,0.0,0.0,0.0
639959,2023-05-14,ligue1,2022,11147,Angers,Marseille,0,221403,Miha Blazic,CD,1,1.0,5,1.0,0.0,0.0,3.0,0.0,0.0,0.0,,0.0,0.0,0.0,0.0,0.0,0.0
639959,2023-05-14,ligue1,2022,11147,Angers,Marseille,0,127828,Abdoulaye Bamba,CD-L,1,1.0,25,0.0,0.0,0.0,3.0,0.0,0.0,0.0,,0.0,0.0,0.0,0.0,0.0,0.0
639959,2023-05-14,ligue1,2022,11147,Angers,Marseille,0,240588,Yan Valery,CD-R,1,1.0,94,0.0,2.0,0.0,3.0,0.0,0.0,0.0,,0.0,0.0,0.0,0.0,1.0,0.0
639959,2023-05-14,ligue1,2022,11147,Angers,Marseille,0,361266,Justin-Noel Kalumba,LB,1,1.0,17,0.0,2.0,0.0,3.0,0.0,0.0,0.0,,0.0,0.0,0.0,0.0,0.0,0.0
639959,2023-05-14,ligue1,2022,11147,Angers,Marseille,0,215451,Sada Thioub,RB,1,1.0,92,1.0,2.0,0.0,3.0,0.0,0.0,0.0,,0.0,0.0,0.0,0.0,0.0,0.0
639959,2023-05-14,ligue1,2022,11147,Angers,Marseille,0,265917,Batista Mendy,CM,1,1.0,2,1.0,1.0,0.0,3.0,0.0,0.0,0.0,,0.0,0.0,0.0,0.0,0.0,0.0
639959,2023-05-14,ligue1,2022,11147,Angers,Marseille,0,277525,Himad Abdelli,CM-L,1,1.0,10,2.0,1.0,1.0,3.0,0.0,0.0,0.0,,0.0,0.0,0.0,0.0,0.0,0.0
639959,2023-05-14,ligue1,2022,11147,Angers,Marseille,0,179187,Nabil Bentaleb,CM-R,1,1.0,6,1.0,0.0,0.0,3.0,0.0,0.0,0.0,,0.0,0.0,0.0,0.0,1.0,1.0
639959,2023-05-14,ligue1,2022,11147,Angers,Marseille,0,256685,Ibrahima Niane,CF-L,1,1.0,7,1.0,3.0,0.0,3.0,0.0,0.0,0.0,,0.0,0.0,0.0,0.0,1.0,1.0
639959,2023-05-14,ligue1,2022,11147,Angers,Marseille,0,308246,Abdallah Sima,CF-R,1,1.0,19,0.0,5.0,0.0,3.0,0.0,0.0,0.0,,0.0,1.0,0.0,1.0,1.0,0.0
639959,2023-05-14,ligue1,2022,11147,Angers,Marseille,0,362128,Yacine Gaya,SUB,0,0.0,70,0.0,0.0,0.0,0.0,0.0,0.0,0.0,,0.0,0.0,0.0,0.0,0.0,0.0
639959,2023-05-14,ligue1,2022,11147,Angers,Marseille,0,299926,Jason Mbock,SUB,0,0.0,18,0.0,0.0,0.0,0.0,0.0,0.0,0.0,,0.0,0.0,0.0,0.0,0.0,0.0
639959,2023-05-14,ligue1,2022,11147,Angers,Marseille,0,275602,Halid Sabanovic,SUB,0,1.0,4,0.0,0.0,0.0,0.0,0.0,0.0,0.0,,0.0,0.0,1.0,0.0,0.0,0.0
639959,2023-05-14,ligue1,2022,11147,Angers,Marseille,0,297773,Waniss Taibi,SUB,0,0.0,26,0.0,0.0,0.0,0.0,0.0,0.0,0.0,,0.0,0.0,0.0,0.0,0.0,0.0
639959,2023-05-14,ligue1,2022,11147,Angers,Marseille,0,261595,Yahia Fofana,SUB,0,0.0,30,0.0,0.0,0.0,0.0,,0.0,0.0,0.0,0.0,0.0,0.0,0.0,0.0,0.0
639959,2023-05-14,ligue1,2022,11147,Angers,Marseille,0,357154,Lilian Raolisoa,SUB,0,0.0,37,0.0,0.0,0.0,0.0,0.0,0.0,0.0,,0.0,0.0,0.0,0.0,0.0,0.0
639959,2023-05-14,ligue1,2022,11147,Angers,Marseille,0,346662,Jean-Mattéo Bahoya,SUB,0,1.0,24,0.0,1.0,0.0,0.0,0.0,0.0,0.0,,0.0,0.0,1.0,0.0,0.0,0.0
639959,2023-05-14,ligue1,2022,11147,Angers,Marseille,0,186278,Adrien Hunou,SUB,0,1.0,23,0.0,0.0,0.0,0.0,0.0,0.0,0.0,,0.0,0.0,1.0,0.0,0.0,0.0
639959,2023-05-14,ligue1,2022,11147,Angers,Marseille,0,290575,Zinédine Ould Khaled,SUB,0,0.0,12,0.0,0.0,0.0,0.0,0.0,0.0,0.0,,0.0,0.0,0.0,0.0,0.0,0.0
639964,2023-05-19,ligue1,2022,11147,Lyon,AS Monaco,1,131743,Anthony Lopes,G,1,1.0,1,1.0,1.0,0.0,1.0,,0.0,0.0,8.0,12.0,0.0,0.0,0.0,0.0,0.0
639964,2023-05-19,ligue1,2022,11147,Lyon,AS Monaco,1,319100,Castello Lukeba,CD-L,1,1.0,4,0.0,0.0,0.0,1.0,0.0,0.0,0.0,,0.0,0.0,0.0,0.0,1.0,0.0
639964,2023-05-19,ligue1,2022,11147,Lyon,AS Monaco,1,302862,Sinaly Diomande,CD-R,1,1.0,2,0.0,2.0,0.0,1.0,0.0,0.0,0.0,,0.0,0.0,0.0,0.0,0.0,0.0
639964,2023-05-19,ligue1,2022,11147,Lyon,AS Monaco,1,145190,Nicolás Tagliafico,LB,1,1.0,3,1.0,1.0,0.0,1.0,0.0,0.0,0.0,,0.0,0.0,0.0,0.0,1.0,0.0
639964,2023-05-19,ligue1,2022,11147,Lyon,AS Monaco,1,331084,Saël Kumbedi,RB,1,1.0,20,1.0,2.0,0.0,1.0,0.0,0.0,0.0,,0.0,0.0,0.0,0.0,2.0,0.0
639964,2023-05-19,ligue1,2022,11147,Lyon,AS Monaco,1,298008,Rayan Cherki,AM,1,1.0,18,0.0,0.0,0.0,1.0,0.0,0.0,0.0,,0.0,4.0,0.0,1.0,6.0,0.0
639964,2023-05-19,ligue1,2022,11147,Lyon,AS Monaco,1,192060,Corentin Tolisso,LM,1,1.0,88,0.0,0.0,0.0,1.0,0.0,0.0,0.0,,0.0,1.0,0.0,0.0,3.0,0.0
639964,2023-05-19,ligue1,2022,11147,Lyon,AS Monaco,1,265912,Maxence Caqueret,RM,1,1.0,6,0.0,3.0,0.0,1.0,0.0,0.0,0.0,,0.0,1.0,0.0,1.0,1.0,0.0
639964,2023-05-19,ligue1,2022,11147,Lyon,AS Monaco,1,131752,Alexandre Lacazette,F,1,1.0,10,1.0,2.0,1.0,1.0,0.0,0.0,0.0,,0.0,4.0,0.0,1.0,6.0,0.0
639964,2023-05-19,ligue1,2022,11147,Lyon,AS Monaco,1,301780,Jeffinho,AM-L,1,1.0,47,2.0,3.0,0.0,1.0,0.0,0.0,0.0,,0.0,1.0,0.0,0.0,2.0,0.0
639964,2023-05-19,ligue1,2022,11147,Lyon,AS Monaco,1,328238,Bradley Barcola,AM-R,1,1.0,26,1.0,0.0,1.0,1.0,0.0,0.0,0.0,,0.0,0.0,0.0,0.0,1.0,0.0
639964,2023-05-19,ligue1,2022,11147,Lyon,AS Monaco,1,86255,Rémy Riou,SUB,0,0.0,35,0.0,0.0,0.0,0.0,,0.0,0.0,0.0,0.0,0.0,0.0,0.0,0.0,0.0
639964,2023-05-19,ligue1,2022,11147,Lyon,AS Monaco,1,95290,Jérôme Boateng,SUB,0,0.0,17,0.0,0.0,0.0,0.0,0.0,0.0,0.0,,0.0,0.0,0.0,0.0,0.0,0.0
639964,2023-05-19,ligue1,2022,11147,Lyon,AS Monaco,1,241116,Houssem Aouar,SUB,0,0.0,8,0.0,0.0,0.0,0.0,0.0,0.0,0.0,,0.0,0.0,0.0,0.0,0.0,0.0
639964,2023-05-19,ligue1,2022,11147,Lyon,AS Monaco,1,308947,Malo Gusto,SUB,0,0.0,27,0.0,0.0,0.0,0.0,0.0,0.0,0.0,,0.0,0.0,0.0,0.0,0.0,0.0
639964,2023-05-19,ligue1,2022,11147,Lyon,AS Monaco,1,196576,Moussa Dembélé,SUB,0,0.0,9,0.0,0.0,0.0,0.0,0.0,0.0,0.0,,0.0,0.0,0.0,0.0,0.0,0.0
639964,2023-05-19,ligue1,2022,11147,Lyon,AS Monaco,1,200671,Henrique,SUB,0,0.0,12,0.0,0.0,0.0,0.0,0.0,0.0,0.0,,0.0,0.0,0.0,0.0,0.0,0.0
639964,2023-05-19,ligue1,2022,11147,Lyon,AS Monaco,1,303752,Amin Sarr,SUB,0,0.0,7,0.0,0.0,0.0,0.0,0.0,0.0,0.0,,0.0,0.0,0.0,0.0,0.0,0.0
639964,2023-05-19,ligue1,2022,11147,Lyon,AS Monaco,1,297166,Johann Lepenant,SUB,0,0.0,24,0.0,0.0,0.0,0.0,0.0,0.0,0.0,,0.0,0.0,0.0,0.0,0.0,0.0
639964,2023-05-19,ligue1,2022,11147,Lyon,AS Monaco,1,201717,Thiago Mendes,SUB,0,1.0,23,0.0,0.0,0.0,0.0,0.0,0.0,0.0,,0.0,0.0,1.0,0.0,0.0,0.0
639964,2023-05-19,ligue1,2022,11147,AS Monaco,Lyon,0,205750,Alexander Nübel,G,1,1.0,16,0.0,0.0,0.0,3.0,,0.0,0.0,8.0,20.0,0.0,0.0,0.0,0.0,0.0
639964,2023-05-19,ligue1,2022,11147,AS Monaco,Lyon,0,297165,Chrislain Matsima,CD,1,1.0,34,1.0,0.0,0.0,3.0,0.0,0.0,0.0,,0.0,1.0,0.0,0.0,2.0,0.0
639964,2023-05-19,ligue1,2022,11147,AS Monaco,Lyon,0,240353,Caio Henrique,CD-L,1,1.0,12,0.0,0.0,0.0,3.0,0.0,0.0,0.0,,0.0,0.0,0.0,0.0,0.0,0.0
639964,2023-05-19,ligue1,2022,11147,AS Monaco,Lyon,0,231718,Axel Disasi,CD-R,1,1.0,6,0.0,0.0,0.0,3.0,0.0,0.0,0.0,,0.0,1.0,0.0,0.0,1.0,0.0
639964,2023-05-19,ligue1,2022,11147,AS Monaco,Lyon,0,306055,Eliot Matazo,CM-L,1,1.0,15,1.0,0.0,0.0,2.0,1.0,0.0,0.0,,0.0,0.0,0.0,0.0,0.0,0.0
639964,2023-05-19,ligue1,2022,11147,AS Monaco,Lyon,0,277307,Youssouf Fofana,CM-R,1,1.0,19,1.0,0.0,0.0,3.0,0.0,0.0,0.0,,0.0,2.0,0.0,0.0,4.0,0.0
639964,2023-05-19,ligue1,2022,11147,AS Monaco,Lyon,0,268796,Ismail Jakobs,LM,1,1.0,14,2.0,0.0,0.0,3.0,0.0,0.0,0.0,,0.0,1.0,0.0,0.0,2.0,1.0
639964,2023-05-19,ligue1,2022,11147,AS Monaco,Lyon,0,310640,Vanderson,RM,1,1.0,2,3.0,1.0,0.0,3.0,0.0,0.0,0.0,,0.0,0.0,0.0,0.0,0.0,1.0
639964,2023-05-19,ligue1,2022,11147,AS Monaco,Lyon,0,148530,Wissam Ben Yedder,F,1,1.0,10,0.0,3.0,0.0,2.0,0.0,0.0,0.0,,0.0,1.0,0.0,1.0,2.0,0.0
639964,2023-05-19,ligue1,2022,11147,AS Monaco,Lyon,0,195501,Aleksandr Golovin,CF-L,1,1.0,17,2.0,0.0,0.0,2.0,2.0,0.0,0.0,,0.0,0.0,0.0,0.0,0.0,1.0
639964,2023-05-19,ligue1,2022,11147,AS Monaco,Lyon,0,329690,Maghnes Akliouche,CF-R,1,1.0,21,2.0,1.0,0.0,2.0,0.0,0.0,0.0,,0.0,0.0,0.0,0.0,1.0,0.0
639964,2023-05-19,ligue1,2022,11147,AS Monaco,Lyon,0,202099,Breel Embolo,SUB,0,1.0,36,1.0,0.0,0.0,1.0,0.0,0.0,0.0,,0.0,1.0,1.0,0.0,1.0,0.0
639964,2023-05-19,ligue1,2022,11147,AS Monaco,Lyon,0,200562,Guillermo Maripán,SUB,0,0.0,3,0.0,0.0,0.0,0.0,0.0,0.0,0.0,,0.0,0.0,0.0,0.0,0.0,0.0
639964,2023-05-19,ligue1,2022,11147,AS Monaco,Lyon,0,159348,Takumi Minamino,SUB,0,0.0,18,0.0,0.0,0.0,0.0,0.0,0.0,0.0,,0.0,0.0,0.0,0.0,0.0,0.0
639964,2023-05-19,ligue1,2022,11147,AS Monaco,Lyon,0,181946,Ruben Aguilar,SUB,0,0.0,26,0.0,0.0,0.0,0.0,0.0,0.0,0.0,,0.0,0.0,0.0,0.0,0.0,0.0
639964,2023-05-19,ligue1,2022,11147,AS Monaco,Lyon,0,149558,Kevin Volland,SUB,0,0.0,31,0.0,0.0,0.0,0.0,0.0,0.0,0.0,,0.0,0.0,0.0,0.0,0.0,0.0
639964,2023-05-19,ligue1,2022,11147,AS Monaco,Lyon,0,346947,Eliesse Ben Seghir,SUB,0,1.0,44,0.0,1.0,0.0,1.0,0.0,0.0,0.0,,0.0,0.0,1.0,0.0,0.0,0.0
639964,2023-05-19,ligue1,2022,11147,AS Monaco,Lyon,0,188221,Thomas Didillon,SUB,0,0.0,30,0.0,0.0,0.0,0.0,,0.0,0.0,0.0,0.0,0.0,0.0,0.0,0.0,0.0
639964,2023-05-19,ligue1,2022,11147,AS Monaco,Lyon,0,362399,Mohamed Camara,SUB,0,1.0,4,0.0,1.0,0.0,1.0,0.0,0.0,0.0,,0.0,0.0,1.0,0.0,0.0,0.0
639964,2023-05-19,ligue1,2022,11147,AS Monaco,Lyon,0,253992,Krépin Diatta,SUB,0,1.0,27,1.0,0.0,0.0,1.0,0.0,0.0,0.0,,0.0,0.0,1.0,0.0,0.0,0.0
639963,2023-05-20,ligue1,2022,11147,Nantes,Montpellier,1,231282,Alban Lafont,G,1,1.0,1,0.0,0.0,0.0,3.0,,0.0,0.0,3.0,9.0,0.0,0.0,0.0,0.0,0.0
639963,2023-05-20,ligue1,2022,11147,Nantes,Montpellier,1,186952,Andrei Girotto,CD,1,1.0,3,3.0,1.0,0.0,3.0,0.0,0.0,0.0,,0.0,0.0,0.0,0.0,2.0,0.0
639963,2023-05-20,ligue1,2022,11147,Nantes,Montpellier,1,146205,Nicolas Pallois,CD-L,1,1.0,4,1.0,0.0,0.0,2.0,0.0,0.0,0.0,,0.0,0.0,0.0,0.0,0.0,0.0
639963,2023-05-20,ligue1,2022,11147,Nantes,Montpellier,1,185683,Jean-Charles Castelletto,CD-R,1,1.0,21,1.0,1.0,0.0,3.0,0.0,0.0,0.0,,0.0,0.0,0.0,0.0,0.0,0.0
639963,2023-05-20,ligue1,2022,11147,Nantes,Montpellier,1,260932,Samuel Moutoussamy,CM-L,1,1.0,8,2.0,0.0,0.0,3.0,0.0,0.0,0.0,,0.0,1.0,0.0,0.0,1.0,1.0
639963,2023-05-20,ligue1,2022,11147,Nantes,Montpellier,1,173616,Florent Mollet,CM-R,1,1.0,25,2.0,1.0,0.0,3.0,0.0,0.0,0.0,,0.0,0.0,0.0,0.0,1.0,1.0
639963,2023-05-20,ligue1,2022,11147,Nantes,Montpellier,1,313890,Quentin Merlin,LM,1,1.0,29,1.0,1.0,0.0,2.0,0.0,0.0,0.0,,0.0,0.0,0.0,0.0,0.0,1.0
639963,2023-05-20,ligue1,2022,11147,Nantes,Montpellier,1,223339,Fabien Centonze,RM,1,1.0,28,1.0,0.0,0.0,3.0,0.0,0.0,0.0,,0.0,0.0,0.0,0.0,1.0,0.0
639963,2023-05-20,ligue1,2022,11147,Nantes,Montpellier,1,138571,Andy Delort,F,1,1.0,99,0.0,0.0,0.0,0.0,0.0,0.0,0.0,,0.0,0.0,0.0,0.0,0.0,0.0
639963,2023-05-20,ligue1,2022,11147,Nantes,Montpellier,1,187647,Moses Simon,CF-L,1,1.0,27,0.0,1.0,0.0,3.0,1.0,0.0,0.0,,0.0,0.0,0.0,0.0,2.0,0.0
639963,2023-05-20,ligue1,2022,11147,Nantes,Montpellier,1,223120,Ludovic Blas,CF-R,1,1.0,10,1.0,2.0,0.0,2.0,1.0,0.0,0.0,,0.0,2.0,0.0,0.0,5.0,1.0
639963,2023-05-20,ligue1,2022,11147,Nantes,Montpellier,1,243816,Mostafa Mohamed,SUB,0,1.0,31,1.0,0.0,0.0,3.0,0.0,0.0,0.0,,0.0,0.0,1.0,0.0,0.0,0.0
639963,2023-05-20,ligue1,2022,11147,Nantes,Montpellier,1,214739,Marcus Coco,SUB,0,1.0,11,0.0,0.0,0.0,1.0,0.0,0.0,0.0,,0.0,0.0,1.0,0.0,0.0,0.0
639963,2023-05-20,ligue1,2022,11147,Nantes,Montpellier,1,306033,Jaouen Hadjam,SUB,0,0.0,26,0.0,0.0,0.0,0.0,0.0,0.0,0.0,,0.0,0.0,0.0,0.0,0.0,0.0
639963,2023-05-20,ligue1,2022,11147,Nantes,Montpellier,1,222175,Rémy Descamps,SUB,0,0.0,16,0.0,0.0,0.0,0.0,,0.0,0.0,0.0,0.0,0.0,0.0,0.0,0.0,0.0
639963,2023-05-20,ligue1,2022,11147,Nantes,Montpellier,1,104658,Moussa Sissoko,SUB,0,1.0,17,0.0,0.0,0.0,1.0,0.0,0.0,0.0,,0.0,0.0,1.0,0.0,0.0,0.0
639963,2023-05-20,ligue1,2022,11147,Nantes,Montpellier,1,360228,Stredair Appuah,SUB,0,1.0,33,0.0,1.0,0.0,1.0,0.0,0.0,0.0,,0.0,0.0,1.0,0.0,1.0,0.0
639963,2023-05-20,ligue1,2022,11147,Nantes,Montpellier,1,322792,Santiago Eneme,SUB,0,0.0,47,0.0,0.0,0.0,0.0,0.0,0.0,0.0,,0.0,0.0,0.0,0.0,0.0,0.0
639963,2023-05-20,ligue1,2022,11147,Nantes,Montpellier,1,227800,Charles Traoré,SUB,0,0.0,93,0.0,0.0,0.0,0.0,0.0,0.0,0.0,,0.0,0.0,0.0,0.0,0.0,0.0
639963,2023-05-20,ligue1,2022,11147,Nantes,Montpellier,1,287946,João Victor,SUB,0,0.0,38,0.0,0.0,0.0,0.0,0.0,0.0,0.0,,0.0,0.0,0.0,0.0,0.0,0.0
639963,2023-05-20,ligue1,2022,11147,Montpellier,Nantes,0,149517,Benjamin Lecomte,G,1,1.0,40,0.0,0.0,0.0,0.0,,0.0,0.0,4.0,13.0,0.0,0.0,0.0,0.0,0.0
639963,2023-05-20,ligue1,2022,11147,Montpellier,Nantes,0,318316,Maxime Estève,CD-L,1,1.0,14,1.0,1.0,0.0,0.0,0.0,0.0,0.0,,0.0,0.0,0.0,0.0,1.0,0.0
639963,2023-05-20,ligue1,2022,11147,Montpellier,Nantes,0,263282,Boubakar Kiki Kouyate,CD-R,1,1.0,4,0.0,0.0,0.0,0.0,0.0,0.0,0.0,,0.0,0.0,0.0,0.0,0.0,0.0
639963,2023-05-20,ligue1,2022,11147,Montpellier,Nantes,0,180747,Issiaga Sylla,LB,1,1.0,3,1.0,1.0,0.0,0.0,0.0,0.0,0.0,,0.0,0.0,0.0,0.0,0.0,0.0
639963,2023-05-20,ligue1,2022,11147,Montpellier,Nantes,0,219465,Falaye Sacko,RB,1,1.0,77,1.0,0.0,0.0,0.0,0.0,0.0,0.0,,0.0,1.0,0.0,1.0,1.0,0.0
639963,2023-05-20,ligue1,2022,11147,Montpellier,Nantes,0,163924,Téji Savanier,AM,1,1.0,11,0.0,3.0,1.0,0.0,0.0,0.0,0.0,,0.0,0.0,0.0,0.0,2.0,0.0
639963,2023-05-20,ligue1,2022,11147,Montpellier,Nantes,0,291850,Joris Chotard,LM,1,1.0,13,0.0,1.0,2.0,0.0,0.0,0.0,0.0,,0.0,0.0,0.0,0.0,0.0,0.0
639963,2023-05-20,ligue1,2022,11147,Montpellier,Nantes,0,167727,Jordan Ferri,RM,1,1.0,12,0.0,1.0,0.0,0.0,0.0,0.0,0.0,,0.0,1.0,0.0,1.0,1.0,0.0
639963,2023-05-20,ligue1,2022,11147,Montpellier,Nantes,0,132241,Wahbi Khazri,F,1,1.0,99,1.0,2.0,0.0,0.0,0.0,0.0,0.0,,0.0,0.0,0.0,0.0,0.0,0.0
639963,2023-05-20,ligue1,2022,11147,Montpellier,Nantes,0,223557,Faitout Maouassa,AM-L,1,1.0,27,1.0,2.0,0.0,0.0,1.0,0.0,0.0,,0.0,0.0,0.0,0.0,0.0,0.0
639963,2023-05-20,ligue1,2022,11147,Montpellier,Nantes,0,242738,Arnaud Nordin,AM-R,1,1.0,7,0.0,1.0,0.0,0.0,0.0,0.0,0.0,,0.0,3.0,0.0,1.0,6.0,0.0
639963,2023-05-20,ligue1,2022,11147,Montpellier,Nantes,0,96162,Mamadou Sakho,SUB,0,1.0,75,0.0,0.0,0.0,0.0,0.0,0.0,0.0,,0.0,0.0,1.0,0.0,0.0,0.0
639963,2023-05-20,ligue1,2022,11147,Montpellier,Nantes,0,346603,Mattéo Loubatières,SUB,0,0.0,33,0.0,0.0,0.0,0.0,0.0,0.0,0.0,,0.0,0.0,0.0,0.0,0.0,0.0
639963,2023-05-20,ligue1,2022,11147,Montpellier,Nantes,0,334986,Enzo Tchato,SUB,0,0.0,29,0.0,0.0,0.0,0.0,0.0,0.0,0.0,,0.0,0.0,0.0,0.0,0.0,0.0
639963,2023-05-20,ligue1,2022,11147,Montpellier,Nantes,0,286120,Leo Leroy,SUB,0,1.0,18,1.0,1.0,0.0,0.0,0.0,0.0,0.0,,0.0,1.0,1.0,0.0,1.0,0.0
639963,2023-05-20,ligue1,2022,11147,Montpellier,Nantes,0,225549,Stephy Mavididi,SUB,0,1.0,10,1.0,0.0,0.0,0.0,0.0,0.0,0.0,,0.0,0.0,1.0,0.0,0.0,0.0
639963,2023-05-20,ligue1,2022,11147,Montpellier,Nantes,0,218754,Dimitry Bertaud,SUB,0,0.0,16,0.0,0.0,0.0,0.0,,0.0,0.0,0.0,0.0,0.0,0.0,0.0,0.0,0.0
639963,2023-05-20,ligue1,2022,11147,Montpellier,Nantes,0,172984,Christopher Jullien,SUB,0,0.0,6,0.0,0.0,0.0,0.0,0.0,0.0,0.0,,0.0,0.0,0.0,0.0,0.0,0.0
639963,2023-05-20,ligue1,2022,11147,Montpellier,Nantes,0,264354,Théo Sainte-Luce,SUB,0,1.0,17,1.0,0.0,0.0,0.0,0.0,0.0,0.0,,0.0,0.0,1.0,0.0,0.0,0.0
639968,2023-05-20,ligue1,2022,11147,Lille,Marseille,1,288925,Lucas Chevalier,G,1,1.0,30,0.0,1.0,0.0,1.0,,0.0,0.0,2.0,7.0,0.0,0.0,0.0,0.0,0.0
639968,2023-05-20,ligue1,2022,11147,Lille,Marseille,1,282675,Bafodé Diakité,CD-L,1,1.0,18,2.0,0.0,0.0,1.0,0.0,0.0,0.0,,0.0,0.0,0.0,0.0,1.0,0.0
639968,2023-05-20,ligue1,2022,11147,Lille,Marseille,1,340206,Leny Yoro,CD-R,1,1.0,15,0.0,1.0,0.0,1.0,0.0,0.0,0.0,,0.0,0.0,0.0,0.0,0.0,0.0
639968,2023-05-20,ligue1,2022,11147,Lille,Marseille,1,123683,Benjamin André,DM,1,1.0,21,1.0,0.0,0.0,1.0,0.0,0.0,0.0,,0.0,0.0,0.0,0.0,1.0,1.0
639968,2023-05-20,ligue1,2022,11147,Lille,Marseille,1,151020,Ismaily,LB,1,1.0,31,0.0,0.0,0.0,0.0,0.0,0.0,0.0,,0.0,0.0,0.0,0.0,0.0,0.0
639968,2023-05-20,ligue1,2022,11147,Lille,Marseille,1,266027,Timothy Weah,RB,1,1.0,22,1.0,1.0,0.0,1.0,0.0,0.0,0.0,,0.0,0.0,0.0,0.0,2.0,0.0
639968,2023-05-20,ligue1,2022,11147,Lille,Marseille,1,338814,Carlos Baleba,AM,1,1.0,35,3.0,5.0,0.0,1.0,0.0,0.0,0.0,,0.0,0.0,0.0,0.0,1.0,0.0
639968,2023-05-20,ligue1,2022,11147,Lille,Marseille,1,175108,André Gomes,LM,1,1.0,28,2.0,1.0,0.0,1.0,0.0,0.0,0.0,,0.0,0.0,0.0,0.0,0.0,0.0
639968,2023-05-20,ligue1,2022,11147,Lille,Marseille,1,148986,Jonas Martin,RM,1,1.0,8,1.0,2.0,0.0,1.0,0.0,0.0,0.0,,0.0,0.0,0.0,0.0,0.0,0.0
639968,2023-05-20,ligue1,2022,11147,Lille,Marseille,1,210538,Jonathan Bamba,CF-L,1,1.0,7,0.0,4.0,0.0,1.0,0.0,0.0,0.0,,0.0,2.0,0.0,1.0,3.0,1.0
639968,2023-05-20,ligue1,2022,11147,Lille,Marseille,1,273499,Jonathan David,CF-R,1,1.0,9,0.0,1.0,0.0,1.0,0.0,0.0,0.0,,0.0,1.0,0.0,1.0,2.0,0.0
639968,2023-05-20,ligue1,2022,11147,Lille,Marseille,1,136688,Rémy Cabella,SUB,0,1.0,10,0.0,0.0,1.0,0.0,0.0,0.0,0.0,,0.0,0.0,1.0,0.0,0.0,0.0
639968,2023-05-20,ligue1,2022,11147,Lille,Marseille,1,337968,Simon Ramet,SUB,0,0.0,38,0.0,0.0,0.0,0.0,0.0,0.0,0.0,,0.0,0.0,0.0,0.0,0.0,0.0
639968,2023-05-20,ligue1,2022,11147,Lille,Marseille,1,256773,Angel Gomes,SUB,0,1.0,20,1.0,0.0,0.0,0.0,0.0,0.0,0.0,,0.0,0.0,1.0,0.0,1.0,0.0
639968,2023-05-20,ligue1,2022,11147,Lille,Marseille,1,101360,Benoit Costil,SUB,0,0.0,25,0.0,0.0,0.0,0.0,,0.0,0.0,0.0,0.0,0.0,0.0,0.0,0.0,0.0
639968,2023-05-20,ligue1,2022,11147,Lille,Marseille,1,250166,Gabriel Gudmundsson,SUB,0,1.0,5,0.0,2.0,0.0,1.0,0.0,0.0,0.0,,0.0,0.0,1.0,0.0,1.0,0.0
639968,2023-05-20,ligue1,2022,11147,Lille,Marseille,1,227932,Adam Ounas,SUB,0,1.0,11,0.0,0.0,0.0,0.0,0.0,0.0,0.0,,0.0,0.0,1.0,0.0,0.0,0.0
639968,2023-05-20,ligue1,2022,11147,Lille,Marseille,1,362759,Amine Messoussa,SUB,0,0.0,32,0.0,0.0,0.0,0.0,0.0,0.0,0.0,,0.0,0.0,0.0,0.0,0.0,0.0
639968,2023-05-20,ligue1,2022,11147,Lille,Marseille,1,290723,Abdoulaye Ousame,SUB,0,0.0,41,0.0,0.0,0.0,0.0,0.0,0.0,0.0,,0.0,0.0,0.0,0.0,0.0,0.0
639968,2023-05-20,ligue1,2022,11147,Lille,Marseille,1,267519,Mohamed Bayo,SUB,0,1.0,27,1.0,0.0,0.0,0.0,0.0,0.0,0.0,,0.0,0.0,1.0,0.0,0.0,1.0
639968,2023-05-20,ligue1,2022,11147,Marseille,Lille,0,203061,Pau López,G,1,1.0,16,1.0,0.0,0.0,2.0,,0.0,0.0,1.0,10.0,0.0,0.0,0.0,0.0,0.0
639968,2023-05-20,ligue1,2022,11147,Marseille,Lille,0,191102,Samuel Gigot,CD,1,1.0,4,2.0,1.0,0.0,0.0,0.0,0.0,0.0,,0.0,0.0,0.0,0.0,0.0,0.0
639968,2023-05-20,ligue1,2022,11147,Marseille,Lille,0,271555,Leonardo Balerdi,CD-L,1,1.0,5,3.0,1.0,0.0,2.0,0.0,0.0,0.0,,0.0,0.0,0.0,0.0,0.0,1.0
639968,2023-05-20,ligue1,2022,11147,Marseille,Lille,0,174322,Chancel Mbemba,CD-R,1,1.0,99,1.0,0.0,0.0,2.0,2.0,0.0,0.0,,0.0,0.0,0.0,0.0,0.0,0.0
639968,2023-05-20,ligue1,2022,11147,Marseille,Lille,0,157675,Jordan Veretout,CM-L,1,1.0,27,1.0,2.0,0.0,2.0,0.0,0.0,0.0,,0.0,0.0,0.0,0.0,0.0,0.0
639968,2023-05-20,ligue1,2022,11147,Marseille,Lille,0,207136,Valentin Rongier,CM-R,1,1.0,21,2.0,0.0,0.0,2.0,1.0,0.0,0.0,,0.0,0.0,0.0,0.0,0.0,1.0
639968,2023-05-20,ligue1,2022,11147,Marseille,Lille,0,170553,Sead Kolasinac,LM,1,1.0,23,1.0,0.0,0.0,2.0,0.0,0.0,0.0,,0.0,0.0,0.0,0.0,0.0,0.0
639968,2023-05-20,ligue1,2022,11147,Marseille,Lille,0,232089,Jonathan Clauss,RM,1,1.0,7,1.0,0.0,1.0,2.0,1.0,0.0,0.0,,0.0,1.0,0.0,1.0,2.0,0.0
639968,2023-05-20,ligue1,2022,11147,Marseille,Lille,0,92055,Alexis Sánchez,F,1,1.0,70,2.0,2.0,0.0,2.0,0.0,0.0,0.0,,0.0,1.0,0.0,0.0,1.0,0.0
639968,2023-05-20,ligue1,2022,11147,Marseille,Lille,0,239706,Cengiz Ünder,CF-L,1,1.0,17,1.0,1.0,0.0,2.0,0.0,0.0,0.0,,0.0,1.0,0.0,0.0,2.0,0.0
639968,2023-05-20,ligue1,2022,11147,Marseille,Lille,0,208789,Ruslan Malinovskyi,CF-R,1,1.0,18,2.0,4.0,1.0,2.0,1.0,0.0,0.0,,0.0,0.0,0.0,0.0,2.0,0.0
639968,2023-05-20,ligue1,2022,11147,Marseille,Lille,0,311984,Bartug Elmaz,SUB,0,0.0,47,0.0,0.0,0.0,0.0,0.0,0.0,0.0,,0.0,0.0,0.0,0.0,0.0,0.0
639968,2023-05-20,ligue1,2022,11147,Marseille,Lille,0,248676,Matteo Guendouzi,SUB,0,0.0,6,0.0,0.0,0.0,0.0,0.0,0.0,0.0,,0.0,0.0,0.0,0.0,0.0,0.0
639968,2023-05-20,ligue1,2022,11147,Marseille,Lille,0,212342,Eric Bailly,SUB,0,0.0,3,0.0,0.0,0.0,0.0,0.0,0.0,0.0,,0.0,0.0,0.0,0.0,0.0,0.0
639968,2023-05-20,ligue1,2022,11147,Marseille,Lille,0,357152,François Mughe,SUB,0,0.0,33,0.0,0.0,0.0,0.0,0.0,0.0,0.0,,0.0,0.0,0.0,0.0,0.0,0.0
639968,2023-05-20,ligue1,2022,11147,Marseille,Lille,0,291747,Simon Ngapandouentnbu,SUB,0,0.0,1,0.0,0.0,0.0,0.0,,0.0,0.0,0.0,0.0,0.0,0.0,0.0,0.0,0.0
639968,2023-05-20,ligue1,2022,11147,Marseille,Lille,0,167069,Rubén Blanco,SUB,0,0.0,36,0.0,0.0,0.0,0.0,,0.0,0.0,0.0,0.0,0.0,0.0,0.0,0.0,0.0
639968,2023-05-20,ligue1,2022,11147,Marseille,Lille,0,403234,Vitinha,SUB,0,1.0,9,0.0,0.0,0.0,1.0,0.0,0.0,0.0,,0.0,0.0,1.0,0.0,1.0,0.0
639968,2023-05-20,ligue1,2022,11147,Marseille,Lille,0,294427,Issa Kaboré,SUB,0,1.0,29,1.0,1.0,0.0,1.0,0.0,0.0,0.0,,0.0,0.0,1.0,0.0,0.0,0.0
639960,2023-05-21,ligue1,2022,11147,Troyes,Strasbourg,1,190293,Gauthier Gallon,G,1,1.0,30,0.0,0.0,0.0,1.0,,0.0,1.0,4.0,15.0,0.0,0.0,0.0,0.0,0.0
639960,2023-05-21,ligue1,2022,11147,Troyes,Strasbourg,1,98688,Adil Rami,CD,1,1.0,23,0.0,1.0,0.0,1.0,1.0,0.0,0.0,,0.0,1.0,0.0,0.0,1.0,0.0
639960,2023-05-21,ligue1,2022,11147,Troyes,Strasbourg,1,191847,Erik Palmer-Brown,CD-L,1,1.0,4,3.0,0.0,0.0,1.0,0.0,0.0,0.0,,0.0,0.0,0.0,0.0,0.0,1.0
639960,2023-05-21,ligue1,2022,11147,Troyes,Strasbourg,1,214458,Yoann Salmier,CD-R,1,1.0,17,1.0,1.0,0.0,1.0,0.0,0.0,0.0,,0.0,0.0,0.0,0.0,0.0,0.0
639960,2023-05-21,ligue1,2022,11147,Troyes,Strasbourg,1,174903,Xavier Chavalerin,CM-L,1,1.0,24,2.0,0.0,0.0,1.0,0.0,0.0,0.0,,0.0,0.0,0.0,0.0,0.0,0.0
639960,2023-05-21,ligue1,2022,11147,Troyes,Strasbourg,1,241661,Rominigue Kouamé,CM-R,1,1.0,6,0.0,3.0,0.0,1.0,1.0,0.0,0.0,,0.0,0.0,0.0,0.0,0.0,0.0
639960,2023-05-21,ligue1,2022,11147,Troyes,Strasbourg,1,258918,Abdu Conté,LM,1,1.0,12,0.0,2.0,0.0,1.0,1.0,0.0,0.0,,0.0,1.0,0.0,0.0,1.0,0.0
639960,2023-05-21,ligue1,2022,11147,Troyes,Strasbourg,1,322891,Thierno Balde,RM,1,1.0,18,0.0,3.0,0.0,1.0,0.0,0.0,0.0,,0.0,0.0,0.0,0.0,0.0,0.0
639960,2023-05-21,ligue1,2022,11147,Troyes,Strasbourg,1,225545,Ike Ugbo,F,1,1.0,9,1.0,3.0,0.0,1.0,0.0,0.0,0.0,,0.0,0.0,0.0,0.0,1.0,0.0
639960,2023-05-21,ligue1,2022,11147,Troyes,Strasbourg,1,346835,Kyliane Dong,CF-L,1,1.0,27,0.0,2.0,0.0,1.0,0.0,0.0,0.0,,0.0,0.0,0.0,0.0,1.0,0.0
639960,2023-05-21,ligue1,2022,11147,Troyes,Strasbourg,1,176423,Rony Lopes,CF-R,1,1.0,11,0.0,2.0,0.0,1.0,0.0,0.0,0.0,,0.0,1.0,0.0,1.0,4.0,0.0
639960,2023-05-21,ligue1,2022,11147,Troyes,Strasbourg,1,291431,Papa Ndiaga Yade,SUB,0,0.0,26,0.0,0.0,0.0,0.0,0.0,0.0,0.0,,0.0,0.0,0.0,0.0,0.0,0.0
639960,2023-05-21,ligue1,2022,11147,Troyes,Strasbourg,1,289837,Yasser Larouci,SUB,0,1.0,39,0.0,0.0,0.0,0.0,0.0,0.0,0.0,,0.0,1.0,1.0,0.0,1.0,0.0
639960,2023-05-21,ligue1,2022,11147,Troyes,Strasbourg,1,266141,Andreas Bruus,SUB,0,1.0,19,0.0,0.0,0.0,0.0,0.0,0.0,0.0,,0.0,0.0,1.0,0.0,0.0,0.0
639960,2023-05-21,ligue1,2022,11147,Troyes,Strasbourg,1,336367,Yoann Beaka,SUB,0,0.0,33,0.0,0.0,0.0,0.0,0.0,0.0,0.0,,0.0,0.0,0.0,0.0,0.0,0.0
639960,2023-05-21,ligue1,2022,11147,Troyes,Strasbourg,1,282289,Lucien Agoumé,SUB,0,0.0,8,0.0,0.0,0.0,0.0,0.0,0.0,0.0,,0.0,0.0,0.0,0.0,0.0,0.0
639960,2023-05-21,ligue1,2022,11147,Troyes,Strasbourg,1,276581,Ante Palaversa,SUB,0,0.0,15,0.0,0.0,0.0,0.0,0.0,0.0,0.0,,0.0,0.0,0.0,0.0,0.0,0.0
639960,2023-05-21,ligue1,2022,11147,Troyes,Strasbourg,1,286665,Jackson Porozo,SUB,0,0.0,2,0.0,0.0,0.0,0.0,0.0,0.0,0.0,,0.0,0.0,0.0,0.0,0.0,0.0
639960,2023-05-21,ligue1,2022,11147,Troyes,Strasbourg,1,222728,Mateusz Lis,SUB,0,1.0,1,0.0,0.0,0.0,0.0,,0.0,0.0,0.0,0.0,0.0,1.0,0.0,0.0,0.0
639960,2023-05-21,ligue1,2022,11147,Troyes,Strasbourg,1,218627,Jeff Reine-Adélaide,SUB,0,0.0,14,0.0,0.0,0.0,0.0,0.0,0.0,0.0,,0.0,0.0,0.0,0.0,0.0,0.0
639960,2023-05-21,ligue1,2022,11147,Strasbourg,Troyes,0,179497,Matz Sels,G,1,1.0,1,0.0,0.0,0.0,1.0,,0.0,0.0,4.0,8.0,0.0,0.0,0.0,0.0,0.0
639960,2023-05-21,ligue1,2022,11147,Strasbourg,Troyes,0,180573,Alexander Djiku,CD,1,1.0,24,3.0,1.0,0.0,1.0,0.0,0.0,1.0,,0.0,0.0,0.0,0.0,1.0,0.0
639960,2023-05-21,ligue1,2022,11147,Strasbourg,Troyes,0,135548,Maxime Le Marchand,CD-L,1,1.0,23,1.0,0.0,0.0,1.0,0.0,0.0,0.0,,0.0,0.0,0.0,0.0,0.0,0.0
639960,2023-05-21,ligue1,2022,11147,Strasbourg,Troyes,0,275790,Lucas Perrin,CD-R,1,1.0,5,2.0,1.0,1.0,1.0,0.0,0.0,0.0,,0.0,1.0,0.0,0.0,1.0,1.0
639960,2023-05-21,ligue1,2022,11147,Strasbourg,Troyes,0,176816,Morgan Sanson,CM-L,1,1.0,8,2.0,1.0,0.0,1.0,0.0,0.0,0.0,,0.0,0.0,0.0,0.0,1.0,0.0
639960,2023-05-21,ligue1,2022,11147,Strasbourg,Troyes,0,236004,Ibrahima Sissoko,CM-R,1,1.0,27,4.0,0.0,0.0,1.0,0.0,0.0,0.0,,0.0,0.0,0.0,0.0,0.0,0.0
639960,2023-05-21,ligue1,2022,11147,Strasbourg,Troyes,0,215709,Frédéric Guilbert,LM,1,1.0,32,2.0,0.0,0.0,1.0,0.0,0.0,0.0,,0.0,0.0,0.0,0.0,0.0,0.0
639960,2023-05-21,ligue1,2022,11147,Strasbourg,Troyes,0,305935,Ismael Doukoure,RM,1,1.0,29,0.0,1.0,0.0,1.0,0.0,0.0,0.0,,0.0,0.0,0.0,0.0,2.0,0.0
639960,2023-05-21,ligue1,2022,11147,Strasbourg,Troyes,0,223376,Habib Diallo,F,1,1.0,20,0.0,0.0,0.0,1.0,1.0,0.0,0.0,,0.0,1.0,0.0,0.0,4.0,0.0
639960,2023-05-21,ligue1,2022,11147,Strasbourg,Troyes,0,240369,Jean-Ricner Bellegarde,CF-L,1,1.0,17,0.0,3.0,0.0,1.0,0.0,0.0,0.0,,0.0,0.0,0.0,0.0,4.0,0.0
639960,2023-05-21,ligue1,2022,11147,Strasbourg,Troyes,0,324991,Habib Diarra,CF-R,1,1.0,19,1.0,0.0,0.0,1.0,0.0,0.0,0.0,,0.0,2.0,0.0,1.0,3.0,0.0
639960,2023-05-21,ligue1,2022,11147,Strasbourg,Troyes,0,238446,Dimitri Liénard,SUB,0,0.0,11,0.0,0.0,0.0,0.0,0.0,0.0,0.0,,0.0,0.0,0.0,0.0,0.0,0.0
639960,2023-05-21,ligue1,2022,11147,Strasbourg,Troyes,0,303031,Yuito Suzuki,SUB,0,0.0,18,0.0,0.0,0.0,0.0,0.0,0.0,0.0,,0.0,0.0,0.0,0.0,0.0,0.0
639960,2023-05-21,ligue1,2022,11147,Strasbourg,Troyes,0,196164,Jean-Eudes Aholou,SUB,0,0.0,6,0.0,0.0,0.0,0.0,0.0,0.0,0.0,,0.0,0.0,0.0,0.0,0.0,0.0
639960,2023-05-21,ligue1,2022,11147,Strasbourg,Troyes,0,276335,Colin Dagba,SUB,0,0.0,2,0.0,0.0,0.0,0.0,0.0,0.0,0.0,,0.0,0.0,0.0,0.0,0.0,0.0
639960,2023-05-21,ligue1,2022,11147,Strasbourg,Troyes,0,264519,Gerzino Nyamsi,SUB,0,1.0,22,1.0,0.0,0.0,0.0,0.0,0.0,0.0,,0.0,0.0,1.0,0.0,0.0,0.0
639960,2023-05-21,ligue1,2022,11147,Strasbourg,Troyes,0,240464,Lebo Mothiba,SUB,0,0.0,12,0.0,0.0,0.0,0.0,0.0,0.0,0.0,,0.0,0.0,0.0,0.0,0.0,0.0
639960,2023-05-21,ligue1,2022,11147,Strasbourg,Troyes,0,167054,Sanjin Prcic,SUB,0,0.0,14,0.0,0.0,0.0,0.0,0.0,0.0,0.0,,0.0,0.0,0.0,0.0,0.0,0.0
639960,2023-05-21,ligue1,2022,11147,Strasbourg,Troyes,0,344517,Robin Risser,SUB,0,0.0,40,0.0,0.0,0.0,0.0,,0.0,0.0,0.0,0.0,0.0,0.0,0.0,0.0,0.0
639960,2023-05-21,ligue1,2022,11147,Strasbourg,Troyes,0,101468,Kevin Gameiro,SUB,0,1.0,9,1.0,0.0,0.0,0.0,0.0,0.0,0.0,,0.0,0.0,1.0,0.0,0.0,0.0
639961,2023-05-21,ligue1,2022,11147,Stade de Reims,Angers,1,241029,Yehvann Diouf,G,1,1.0,94,0.0,0.0,0.0,2.0,,0.0,0.0,1.0,4.0,0.0,0.0,0.0,0.0,0.0
639961,2023-05-21,ligue1,2022,11147,Stade de Reims,Angers,1,166634,Yunis Abdelhamid,CD-L,1,1.0,5,2.0,0.0,1.0,2.0,0.0,0.0,0.0,,0.0,0.0,0.0,0.0,0.0,0.0
639961,2023-05-21,ligue1,2022,11147,Stade de Reims,Angers,1,308449,Emmanuel Agbadou,CD-R,1,1.0,24,1.0,0.0,1.0,2.0,0.0,0.0,0.0,,0.0,0.0,0.0,0.0,0.0,0.0
639961,2023-05-21,ligue1,2022,11147,Stade de Reims,Angers,1,179985,Thomas Foket,LB,1,1.0,32,1.0,1.0,0.0,2.0,0.0,0.0,0.0,,0.0,0.0,0.0,0.0,0.0,0.0
639961,2023-05-21,ligue1,2022,11147,Stade de Reims,Angers,1,276839,Maxime Busi,RB,1,1.0,4,0.0,2.0,0.0,2.0,0.0,0.0,0.0,,0.0,0.0,0.0,0.0,0.0,0.0
639961,2023-05-21,ligue1,2022,11147,Stade de Reims,Angers,1,265916,Alexis Flips,AM,1,1.0,70,1.0,2.0,0.0,2.0,0.0,0.0,0.0,,0.0,0.0,0.0,0.0,1.0,0.0
639961,2023-05-21,ligue1,2022,11147,Stade de Reims,Angers,1,266096,Marshall Munetsi,LM,1,1.0,15,2.0,1.0,0.0,2.0,1.0,0.0,0.0,,0.0,1.0,0.0,0.0,1.0,0.0
639961,2023-05-21,ligue1,2022,11147,Stade de Reims,Angers,1,287477,Dion Lopy,RM,1,1.0,17,3.0,1.0,0.0,1.0,0.0,0.0,0.0,,0.0,0.0,0.0,0.0,0.0,0.0
639961,2023-05-21,ligue1,2022,11147,Stade de Reims,Angers,1,250529,Kaj Sierhuis,F,1,1.0,9,0.0,0.0,0.0,1.0,0.0,0.0,0.0,,0.0,0.0,0.0,0.0,0.0,0.0
639961,2023-05-21,ligue1,2022,11147,Stade de Reims,Angers,1,282643,Folarin Balogun,AM-L,1,1.0,29,1.0,0.0,0.0,2.0,0.0,0.0,0.0,,0.0,2.0,0.0,1.0,4.0,0.0
639961,2023-05-21,ligue1,2022,11147,Stade de Reims,Angers,1,219350,Junya Ito,AM-R,1,1.0,39,0.0,0.0,0.0,2.0,0.0,0.0,0.0,,0.0,1.0,0.0,1.0,2.0,0.0
639961,2023-05-21,ligue1,2022,11147,Stade de Reims,Angers,1,277007,Noah Holm,SUB,0,0.0,7,0.0,0.0,0.0,0.0,0.0,0.0,0.0,,0.0,0.0,0.0,0.0,0.0,0.0
639961,2023-05-21,ligue1,2022,11147,Stade de Reims,Angers,1,202705,Arbër Zeneli,SUB,0,0.0,10,0.0,0.0,0.0,0.0,0.0,0.0,0.0,,0.0,0.0,0.0,0.0,0.0,0.0
639961,2023-05-21,ligue1,2022,11147,Stade de Reims,Angers,1,355253,Fallou Fall,SUB,0,0.0,46,0.0,0.0,0.0,0.0,0.0,0.0,0.0,,0.0,0.0,0.0,0.0,0.0,0.0
639961,2023-05-21,ligue1,2022,11147,Stade de Reims,Angers,1,274971,Jens Cajuste,SUB,0,1.0,8,0.0,2.0,0.0,1.0,0.0,0.0,0.0,,0.0,0.0,1.0,0.0,1.0,0.0
639961,2023-05-21,ligue1,2022,11147,Stade de Reims,Angers,1,302688,Mohamed Toure,SUB,0,1.0,57,0.0,0.0,0.0,0.0,0.0,0.0,0.0,,0.0,0.0,1.0,0.0,0.0,0.0
639961,2023-05-21,ligue1,2022,11147,Stade de Reims,Angers,1,345392,Florent Duparchy,SUB,0,0.0,40,0.0,0.0,0.0,0.0,,0.0,0.0,0.0,0.0,0.0,0.0,0.0,0.0,0.0
639961,2023-05-21,ligue1,2022,11147,Stade de Reims,Angers,1,340578,Samuel Koeberle,SUB,0,0.0,48,0.0,0.0,0.0,0.0,0.0,0.0,0.0,,0.0,0.0,0.0,0.0,0.0,0.0
639961,2023-05-21,ligue1,2022,11147,Stade de Reims,Angers,1,255654,Myziane Maolida,SUB,0,1.0,11,1.0,0.0,0.0,1.0,0.0,0.0,0.0,,0.0,0.0,1.0,0.0,2.0,0.0
639961,2023-05-21,ligue1,2022,11147,Stade de Reims,Angers,1,359165,Valentin Atangana,SUB,0,1.0,49,0.0,1.0,0.0,0.0,0.0,0.0,0.0,,0.0,0.0,1.0,0.0,0.0,0.0
639961,2023-05-21,ligue1,2022,11147,Angers,Stade de Reims,0,261595,Yahia Fofana,G,1,1.0,30,0.0,0.0,0.0,2.0,,0.0,0.0,2.0,9.0,0.0,0.0,0.0,0.0,1.0
639961,2023-05-21,ligue1,2022,11147,Angers,Stade de Reims,0,192057,Cédric Hountondji,CD,1,1.0,22,0.0,1.0,0.0,2.0,0.0,0.0,0.0,,0.0,0.0,0.0,0.0,0.0,0.0
639961,2023-05-21,ligue1,2022,11147,Angers,Stade de Reims,0,127828,Abdoulaye Bamba,CD-L,1,1.0,25,0.0,0.0,0.0,2.0,0.0,0.0,0.0,,0.0,0.0,0.0,0.0,0.0,0.0
639961,2023-05-21,ligue1,2022,11147,Angers,Stade de Reims,0,240588,Yan Valery,CD-R,1,1.0,94,2.0,0.0,0.0,2.0,0.0,0.0,0.0,,0.0,0.0,0.0,0.0,0.0,0.0
639961,2023-05-21,ligue1,2022,11147,Angers,Stade de Reims,0,275602,Halid Sabanovic,LB,1,1.0,4,0.0,0.0,0.0,2.0,0.0,0.0,0.0,,0.0,1.0,0.0,1.0,1.0,0.0
639961,2023-05-21,ligue1,2022,11147,Angers,Stade de Reims,0,215451,Sada Thioub,RB,1,1.0,92,1.0,0.0,0.0,2.0,0.0,0.0,0.0,,0.0,0.0,0.0,0.0,0.0,0.0
639961,2023-05-21,ligue1,2022,11147,Angers,Stade de Reims,0,265917,Batista Mendy,CM,1,1.0,2,2.0,3.0,0.0,2.0,0.0,0.0,0.0,,0.0,0.0,0.0,0.0,0.0,0.0
639961,2023-05-21,ligue1,2022,11147,Angers,Stade de Reims,0,186278,Adrien Hunou,CM-L,1,1.0,23,0.0,0.0,0.0,2.0,0.0,0.0,0.0,,0.0,0.0,0.0,0.0,1.0,0.0
639961,2023-05-21,ligue1,2022,11147,Angers,Stade de Reims,0,277525,Himad Abdelli,CM-R,1,1.0,10,2.0,2.0,0.0,2.0,0.0,0.0,0.0,,0.0,1.0,0.0,1.0,1.0,0.0
639961,2023-05-21,ligue1,2022,11147,Angers,Stade de Reims,0,308246,Abdallah Sima,CF-L,1,1.0,19,0.0,3.0,0.0,2.0,0.0,0.0,0.0,,0.0,0.0,0.0,0.0,1.0,0.0
639961,2023-05-21,ligue1,2022,11147,Angers,Stade de Reims,0,256685,Ibrahima Niane,CF-R,1,1.0,7,2.0,3.0,0.0,2.0,0.0,0.0,0.0,,0.0,0.0,0.0,0.0,1.0,1.0
639961,2023-05-21,ligue1,2022,11147,Angers,Stade de Reims,0,170284,Pierrick Capelle,SUB,0,1.0,15,1.0,0.0,0.0,0.0,0.0,0.0,0.0,,0.0,0.0,1.0,0.0,0.0,0.0
639961,2023-05-21,ligue1,2022,11147,Angers,Stade de Reims,0,290575,Zinédine Ould Khaled,SUB,0,1.0,12,0.0,0.0,0.0,0.0,0.0,0.0,0.0,,0.0,0.0,1.0,0.0,0.0,0.0
639961,2023-05-21,ligue1,2022,11147,Angers,Stade de Reims,0,297773,Waniss Taibi,SUB,0,0.0,26,0.0,0.0,0.0,0.0,0.0,0.0,0.0,,0.0,0.0,0.0,0.0,0.0,0.0
639961,2023-05-21,ligue1,2022,11147,Angers,Stade de Reims,0,272011,Farid El Mellali,SUB,0,0.0,28,0.0,0.0,0.0,0.0,0.0,0.0,0.0,,0.0,0.0,0.0,0.0,0.0,0.0
639961,2023-05-21,ligue1,2022,11147,Angers,Stade de Reims,0,181007,Loïs Diony,SUB,0,1.0,9,0.0,0.0,0.0,0.0,0.0,0.0,0.0,,0.0,0.0,1.0,0.0,1.0,0.0
639961,2023-05-21,ligue1,2022,11147,Angers,Stade de Reims,0,299926,Jason Mbock,SUB,0,0.0,18,0.0,0.0,0.0,0.0,0.0,0.0,0.0,,0.0,0.0,0.0,0.0,0.0,0.0
639961,2023-05-21,ligue1,2022,11147,Angers,Stade de Reims,0,221403,Miha Blazic,SUB,0,0.0,5,0.0,0.0,0.0,0.0,0.0,0.0,0.0,,0.0,0.0,0.0,0.0,0.0,0.0
639961,2023-05-21,ligue1,2022,11147,Angers,Stade de Reims,0,357154,Lilian Raolisoa,SUB,0,1.0,37,0.0,0.0,0.0,0.0,0.0,0.0,0.0,,0.0,0.0,1.0,0.0,0.0,0.0
639961,2023-05-21,ligue1,2022,11147,Angers,Stade de Reims,0,214201,Paul Bernardoni,SUB,0,0.0,1,0.0,0.0,0.0,0.0,,0.0,0.0,0.0,0.0,0.0,0.0,0.0,0.0,0.0
639962,2023-05-21,ligue1,2022,11147,Nice,Toulouse,1,40200,Kasper Schmeichel,G,1,1.0,1,0.0,0.0,0.0,0.0,,0.0,0.0,3.0,7.0,0.0,0.0,0.0,0.0,0.0
639962,2023-05-21,ligue1,2022,11147,Nice,Toulouse,1,130165,Dante,CD-L,1,1.0,4,0.0,1.0,0.0,0.0,0.0,0.0,0.0,,0.0,0.0,0.0,0.0,0.0,0.0
639962,2023-05-21,ligue1,2022,11147,Nice,Toulouse,1,277327,Jean-Clair Todibo,CD-R,1,1.0,25,1.0,0.0,0.0,0.0,0.0,0.0,0.0,,0.0,0.0,0.0,0.0,1.0,0.0
639962,2023-05-21,ligue1,2022,11147,Nice,Toulouse,1,238878,Jordan Lotomba,LB,1,1.0,23,0.0,0.0,0.0,0.0,0.0,0.0,0.0,,0.0,0.0,0.0,0.0,0.0,0.0
639962,2023-05-21,ligue1,2022,11147,Nice,Toulouse,1,263364,Youcef Atal,RB,1,1.0,20,0.0,0.0,0.0,0.0,0.0,0.0,0.0,,0.0,0.0,0.0,0.0,1.0,0.0
639962,2023-05-21,ligue1,2022,11147,Nice,Toulouse,1,287078,Hicham Boudaoui,CM,1,1.0,28,1.0,3.0,0.0,0.0,0.0,0.0,0.0,,0.0,1.0,0.0,0.0,1.0,0.0
639962,2023-05-21,ligue1,2022,11147,Nice,Toulouse,1,288917,Alexis Beka Beka,LM,1,1.0,21,0.0,1.0,0.0,0.0,0.0,0.0,0.0,,0.0,0.0,0.0,0.0,2.0,1.0
639962,2023-05-21,ligue1,2022,11147,Nice,Toulouse,1,223776,Pablo Rosario,RM,1,1.0,8,0.0,0.0,0.0,0.0,0.0,0.0,0.0,,0.0,1.0,0.0,0.0,2.0,0.0
639962,2023-05-21,ligue1,2022,11147,Nice,Toulouse,1,289769,Terem Moffi,F,1,1.0,9,1.0,1.0,0.0,0.0,0.0,0.0,0.0,,0.0,1.0,0.0,0.0,6.0,1.0
639962,2023-05-21,ligue1,2022,11147,Nice,Toulouse,1,206161,Gaëtan Laborde,LF,1,1.0,24,1.0,1.0,0.0,0.0,0.0,0.0,0.0,,0.0,1.0,0.0,0.0,2.0,0.0
639962,2023-05-21,ligue1,2022,11147,Nice,Toulouse,1,345115,Badredine Bouanani,RF,1,1.0,35,1.0,2.0,0.0,0.0,0.0,0.0,0.0,,0.0,1.0,0.0,0.0,1.0,0.0
639962,2023-05-21,ligue1,2022,11147,Nice,Toulouse,1,152469,Ross Barkley,SUB,0,1.0,11,0.0,0.0,0.0,0.0,0.0,0.0,0.0,,0.0,0.0,1.0,0.0,1.0,0.0
639962,2023-05-21,ligue1,2022,11147,Nice,Toulouse,1,299990,Mattia Viti,SUB,0,0.0,42,0.0,0.0,0.0,0.0,0.0,0.0,0.0,,0.0,0.0,0.0,0.0,0.0,0.0
639962,2023-05-21,ligue1,2022,11147,Nice,Toulouse,1,260035,Marcin Bulka,SUB,0,0.0,90,0.0,0.0,0.0,0.0,,0.0,0.0,0.0,0.0,0.0,0.0,0.0,0.0,0.0
639962,2023-05-21,ligue1,2022,11147,Nice,Toulouse,1,276995,Sofiane Diop,SUB,0,1.0,10,0.0,4.0,0.0,0.0,0.0,0.0,0.0,,0.0,1.0,1.0,0.0,3.0,0.0
639962,2023-05-21,ligue1,2022,11147,Nice,Toulouse,1,310859,Teddy Boulhendi,SUB,0,0.0,77,0.0,0.0,0.0,0.0,,0.0,0.0,0.0,0.0,0.0,0.0,0.0,0.0,0.0
639962,2023-05-21,ligue1,2022,11147,Nice,Toulouse,1,164154,Joe Bryan,SUB,0,0.0,15,0.0,0.0,0.0,0.0,0.0,0.0,0.0,,0.0,0.0,0.0,0.0,0.0,0.0
639962,2023-05-21,ligue1,2022,11147,Nice,Toulouse,1,345323,Reda Belahyane,SUB,0,0.0,37,0.0,0.0,0.0,0.0,0.0,0.0,0.0,,0.0,0.0,0.0,0.0,0.0,0.0
639962,2023-05-21,ligue1,2022,11147,Nice,Toulouse,1,265923,Melvin Bard,SUB,0,1.0,26,0.0,1.0,0.0,0.0,0.0,0.0,0.0,,0.0,1.0,1.0,0.0,1.0,0.0
639962,2023-05-21,ligue1,2022,11147,Nice,Toulouse,1,279137,Bilal Brahimi,SUB,0,1.0,14,1.0,1.0,0.0,0.0,0.0,0.0,0.0,,0.0,0.0,1.0,0.0,0.0,0.0
639962,2023-05-21,ligue1,2022,11147,Toulouse,Nice,0,157963,Maxime Dupé,G,1,1.0,30,0.0,0.0,0.0,0.0,,0.0,0.0,8.0,21.0,0.0,0.0,0.0,0.0,0.0
639962,2023-05-21,ligue1,2022,11147,Toulouse,Nice,0,238213,Rasmus Nicolaisen,CD-L,1,1.0,2,2.0,0.0,0.0,0.0,0.0,0.0,0.0,,0.0,0.0,0.0,0.0,0.0,1.0
639962,2023-05-21,ligue1,2022,11147,Toulouse,Nice,0,271129,Logan Costa,CD-R,1,1.0,14,0.0,0.0,0.0,0.0,0.0,0.0,0.0,,0.0,0.0,0.0,0.0,0.0,0.0
639962,2023-05-21,ligue1,2022,11147,Toulouse,Nice,0,222037,Gabriel Suazo,LB,1,1.0,15,3.0,1.0,0.0,0.0,0.0,0.0,0.0,,0.0,0.0,0.0,0.0,0.0,0.0
639962,2023-05-21,ligue1,2022,11147,Toulouse,Nice,0,213250,Mikkel Desler,RB,1,1.0,3,0.0,0.0,0.0,0.0,0.0,0.0,0.0,,0.0,0.0,0.0,0.0,0.0,0.0
639962,2023-05-21,ligue1,2022,11147,Toulouse,Nice,0,240957,Denis Genreau,AM,1,1.0,5,0.0,1.0,0.0,0.0,0.0,0.0,0.0,,0.0,0.0,0.0,0.0,0.0,0.0
639962,2023-05-21,ligue1,2022,11147,Toulouse,Nice,0,218857,Vincent Sierro,LM,1,1.0,13,3.0,1.0,0.0,0.0,0.0,0.0,0.0,,0.0,0.0,0.0,0.0,0.0,0.0
639962,2023-05-21,ligue1,2022,11147,Toulouse,Nice,0,216288,Stijn Spierings,RM,1,1.0,17,3.0,1.0,0.0,0.0,0.0,0.0,0.0,,0.0,0.0,0.0,0.0,0.0,1.0
639962,2023-05-21,ligue1,2022,11147,Toulouse,Nice,0,266280,Thijs Dallinga,F,1,1.0,27,2.0,0.0,0.0,0.0,0.0,0.0,0.0,,0.0,2.0,0.0,0.0,2.0,0.0
639962,2023-05-21,ligue1,2022,11147,Toulouse,Nice,0,337306,Farès Chaïbi,AM-L,1,1.0,28,0.0,0.0,0.0,0.0,0.0,0.0,0.0,,0.0,1.0,0.0,0.0,3.0,0.0
639962,2023-05-21,ligue1,2022,11147,Toulouse,Nice,0,198512,Rafael Ratão,AM-R,1,1.0,21,0.0,0.0,0.0,0.0,0.0,0.0,0.0,,0.0,1.0,0.0,0.0,1.0,0.0
639962,2023-05-21,ligue1,2022,11147,Toulouse,Nice,0,342866,Saïd Hamulic,SUB,0,1.0,29,0.0,1.0,0.0,0.0,0.0,0.0,0.0,,0.0,0.0,1.0,0.0,0.0,0.0
639962,2023-05-21,ligue1,2022,11147,Toulouse,Nice,0,253174,Ado Onaiwu,SUB,0,0.0,7,0.0,0.0,0.0,0.0,0.0,0.0,0.0,,0.0,0.0,0.0,0.0,0.0,0.0
639962,2023-05-21,ligue1,2022,11147,Toulouse,Nice,0,213535,Moussa Diarra,SUB,0,0.0,23,0.0,0.0,0.0,0.0,0.0,0.0,0.0,,0.0,0.0,0.0,0.0,0.0,0.0
639962,2023-05-21,ligue1,2022,11147,Toulouse,Nice,0,304889,Waren Kamanzi,SUB,0,1.0,26,0.0,0.0,0.0,0.0,0.0,0.0,0.0,,0.0,0.0,1.0,0.0,0.0,0.0
639962,2023-05-21,ligue1,2022,11147,Toulouse,Nice,0,238991,Veljko Birmancevic,SUB,0,1.0,19,0.0,0.0,0.0,0.0,0.0,0.0,0.0,,0.0,0.0,1.0,0.0,0.0,0.0
639962,2023-05-21,ligue1,2022,11147,Toulouse,Nice,0,261423,Kjetil Haug,SUB,0,0.0,16,0.0,0.0,0.0,0.0,,0.0,0.0,0.0,0.0,0.0,0.0,0.0,0.0,0.0
639962,2023-05-21,ligue1,2022,11147,Toulouse,Nice,0,277865,Zakaria Aboukhlal,SUB,0,1.0,6,1.0,1.0,0.0,0.0,0.0,0.0,0.0,,0.0,0.0,1.0,0.0,1.0,0.0
639962,2023-05-21,ligue1,2022,11147,Toulouse,Nice,0,195532,Brecht Dejaegere,SUB,0,1.0,10,1.0,0.0,0.0,0.0,0.0,0.0,0.0,,0.0,0.0,1.0,0.0,0.0,0.0
639962,2023-05-21,ligue1,2022,11147,Toulouse,Nice,0,291614,Anthony Rouault,SUB,0,0.0,4,0.0,0.0,0.0,0.0,0.0,0.0,0.0,,0.0,0.0,0.0,0.0,0.0,0.0
639965,2023-05-21,ligue1,2022,11147,Lorient,Lens,1,199381,Yvon Mvogo,G,1,1.0,38,0.0,1.0,0.0,3.0,,0.0,0.0,4.0,11.0,0.0,0.0,0.0,0.0,0.0
639965,2023-05-21,ligue1,2022,11147,Lorient,Lens,1,265099,Montassar Talbi,CD,1,1.0,3,0.0,0.0,0.0,3.0,0.0,0.0,0.0,,0.0,0.0,0.0,0.0,0.0,0.0
639965,2023-05-21,ligue1,2022,11147,Lorient,Lens,1,146496,Vincent Le Goff,CD-L,1,1.0,25,0.0,0.0,0.0,3.0,0.0,0.0,0.0,,0.0,1.0,0.0,0.0,1.0,0.0
639965,2023-05-21,ligue1,2022,11147,Lorient,Lens,1,324960,Bamo Meïté,CD-R,1,1.0,18,2.0,1.0,0.0,3.0,0.0,0.0,0.0,,0.0,0.0,0.0,0.0,0.0,0.0
639965,2023-05-21,ligue1,2022,11147,Lorient,Lens,1,181133,Laurent Abergel,CM-L,1,1.0,19,1.0,1.0,0.0,2.0,0.0,0.0,0.0,,0.0,0.0,0.0,0.0,2.0,0.0
639965,2023-05-21,ligue1,2022,11147,Lorient,Lens,1,208414,Innocent Bonke,CM-R,1,1.0,8,4.0,1.0,0.0,2.0,0.0,0.0,0.0,,0.0,0.0,0.0,0.0,0.0,0.0
639965,2023-05-21,ligue1,2022,11147,Lorient,Lens,1,296511,Darlin Yongwa,LM,1,1.0,12,1.0,2.0,0.0,3.0,0.0,0.0,0.0,,0.0,0.0,0.0,0.0,1.0,1.0
639965,2023-05-21,ligue1,2022,11147,Lorient,Lens,1,291345,Gédéon Kalulu,RM,1,1.0,24,3.0,0.0,0.0,2.0,0.0,0.0,0.0,,0.0,0.0,0.0,0.0,0.0,1.0
639965,2023-05-21,ligue1,2022,11147,Lorient,Lens,1,41549,Ibrahima Koné,F,1,1.0,9,0.0,2.0,0.0,3.0,0.0,0.0,0.0,,0.0,2.0,0.0,0.0,5.0,0.0
639965,2023-05-21,ligue1,2022,11147,Lorient,Lens,1,288340,Enzo Le Fée,CF-L,1,1.0,80,0.0,2.0,0.0,3.0,0.0,0.0,0.0,,0.0,0.0,0.0,0.0,1.0,0.0
639965,2023-05-21,ligue1,2022,11147,Lorient,Lens,1,268591,Romain Faivre,CF-R,1,1.0,14,0.0,1.0,0.0,3.0,0.0,0.0,0.0,,0.0,1.0,0.0,1.0,1.0,0.0
639965,2023-05-21,ligue1,2022,11147,Lorient,Lens,1,353112,Ayman Kari,SUB,0,0.0,44,0.0,0.0,0.0,0.0,0.0,0.0,0.0,,0.0,0.0,0.0,0.0,0.0,0.0
639965,2023-05-21,ligue1,2022,11147,Lorient,Lens,1,305670,Yoann Cathline,SUB,0,0.0,22,0.0,0.0,0.0,0.0,0.0,0.0,0.0,,0.0,0.0,0.0,0.0,0.0,0.0
639965,2023-05-21,ligue1,2022,11147,Lorient,Lens,1,305602,Ckene Doucouré,SUB,0,0.0,29,0.0,0.0,0.0,0.0,0.0,0.0,0.0,,0.0,0.0,0.0,0.0,0.0,0.0
639965,2023-05-21,ligue1,2022,11147,Lorient,Lens,1,276450,Julien Ponceau,SUB,0,0.0,21,0.0,0.0,0.0,0.0,0.0,0.0,0.0,,0.0,0.0,0.0,0.0,0.0,0.0
639965,2023-05-21,ligue1,2022,11147,Lorient,Lens,1,225557,Jean-Victor Makengo,SUB,0,1.0,17,2.0,1.0,0.0,1.0,0.0,0.0,0.0,,0.0,0.0,1.0,0.0,1.0,0.0
639965,2023-05-21,ligue1,2022,11147,Lorient,Lens,1,325992,Théo Le Bris,SUB,0,1.0,37,0.0,0.0,0.0,1.0,0.0,0.0,0.0,,0.0,0.0,1.0,0.0,0.0,0.0
639965,2023-05-21,ligue1,2022,11147,Lorient,Lens,1,217170,Julien Laporte,SUB,0,0.0,15,0.0,0.0,0.0,0.0,0.0,0.0,0.0,,0.0,0.0,0.0,0.0,0.0,0.0
639965,2023-05-21,ligue1,2022,11147,Lorient,Lens,1,313889,Bamba Dieng,SUB,0,1.0,11,0.0,0.0,0.0,1.0,0.0,0.0,0.0,,0.0,1.0,1.0,0.0,1.0,0.0
639965,2023-05-21,ligue1,2022,11147,Lorient,Lens,1,184794,Julian Pollersbeck,SUB,0,0.0,23,0.0,0.0,0.0,0.0,,0.0,0.0,0.0,0.0,0.0,0.0,0.0,0.0,0.0
639965,2023-05-21,ligue1,2022,11147,Lens,Lorient,0,164126,Brice Samba,G,1,1.0,30,0.0,0.0,0.0,1.0,,0.0,0.0,4.0,12.0,0.0,0.0,0.0,0.0,0.0
639965,2023-05-21,ligue1,2022,11147,Lens,Lorient,0,302948,Jean Onana,CD,1,1.0,6,1.0,0.0,0.0,1.0,0.0,0.0,0.0,,0.0,0.0,0.0,0.0,1.0,0.0
639965,2023-05-21,ligue1,2022,11147,Lens,Lorient,0,249663,Facundo Medina,CD-L,1,1.0,14,2.0,0.0,0.0,1.0,0.0,0.0,0.0,,0.0,0.0,0.0,0.0,1.0,1.0
639965,2023-05-21,ligue1,2022,11147,Lens,Lorient,0,197187,Jonathan Gradit,CD-R,1,1.0,24,1.0,1.0,0.0,1.0,0.0,0.0,0.0,,0.0,0.0,0.0,0.0,0.0,0.0
639965,2023-05-21,ligue1,2022,11147,Lens,Lorient,0,184118,Seko Fofana,CM-L,1,1.0,8,2.0,1.0,1.0,1.0,0.0,0.0,0.0,,0.0,1.0,0.0,1.0,3.0,0.0
639965,2023-05-21,ligue1,2022,11147,Lens,Lorient,0,292769,Salis Abdul Samed,CM-R,1,1.0,26,1.0,0.0,0.0,1.0,0.0,0.0,0.0,,0.0,0.0,0.0,0.0,0.0,0.0
639965,2023-05-21,ligue1,2022,11147,Lens,Lorient,0,197401,Deiver Machado,LM,1,1.0,3,2.0,4.0,0.0,1.0,0.0,0.0,0.0,,0.0,0.0,0.0,0.0,1.0,1.0
639965,2023-05-21,ligue1,2022,11147,Lens,Lorient,0,190806,Przemyslaw Frankowski,RM,1,1.0,29,0.0,1.0,0.0,1.0,0.0,0.0,0.0,,0.0,0.0,0.0,0.0,1.0,0.0
639965,2023-05-21,ligue1,2022,11147,Lens,Lorient,0,276265,Loïs Openda,F,1,1.0,11,1.0,0.0,0.0,1.0,0.0,0.0,0.0,,0.0,1.0,0.0,0.0,2.0,0.0
639965,2023-05-21,ligue1,2022,11147,Lens,Lorient,0,173266,Adrien Thomasson,CF-L,1,1.0,28,0.0,1.0,0.0,1.0,0.0,0.0,0.0,,0.0,2.0,0.0,1.0,3.0,0.0
639965,2023-05-21,ligue1,2022,11147,Lens,Lorient,0,215687,Florian Sotoca,CF-R,1,1.0,7,0.0,3.0,0.0,1.0,0.0,0.0,0.0,,0.0,1.0,0.0,1.0,1.0,0.0
639965,2023-05-21,ligue1,2022,11147,Lens,Lorient,0,121956,Jean-Louis Leca,SUB,0,0.0,16,0.0,0.0,0.0,0.0,,0.0,0.0,0.0,0.0,0.0,0.0,0.0,0.0,0.0
639965,2023-05-21,ligue1,2022,11147,Lens,Lorient,0,228503,Alexis Claude-Maurice,SUB,0,1.0,18,0.0,0.0,1.0,0.0,0.0,0.0,0.0,,0.0,0.0,1.0,0.0,0.0,0.0
639965,2023-05-21,ligue1,2022,11147,Lens,Lorient,0,303579,David Da Costa,SUB,0,1.0,10,0.0,0.0,0.0,0.0,0.0,0.0,0.0,,0.0,0.0,1.0,0.0,0.0,0.0
639965,2023-05-21,ligue1,2022,11147,Lens,Lorient,0,326499,Lukasz Poreba,SUB,0,0.0,13,0.0,0.0,0.0,0.0,0.0,0.0,0.0,,0.0,0.0,0.0,0.0,0.0,0.0
639965,2023-05-21,ligue1,2022,11147,Lens,Lorient,0,304898,Ismael Boura,SUB,0,0.0,23,0.0,0.0,0.0,0.0,0.0,0.0,0.0,,0.0,0.0,0.0,0.0,0.0,0.0
639965,2023-05-21,ligue1,2022,11147,Lens,Lorient,0,257211,Adam Buksa,SUB,0,0.0,9,0.0,0.0,0.0,0.0,0.0,0.0,0.0,,0.0,0.0,0.0,0.0,0.0,0.0
639965,2023-05-21,ligue1,2022,11147,Lens,Lorient,0,323063,Julien Le Cardinal,SUB,0,1.0,25,1.0,0.0,0.0,0.0,0.0,0.0,0.0,,0.0,0.0,1.0,0.0,0.0,0.0
639965,2023-05-21,ligue1,2022,11147,Lens,Lorient,0,215452,Angelo Fulgini,SUB,0,1.0,20,1.0,2.0,0.0,0.0,0.0,0.0,0.0,,0.0,0.0,1.0,0.0,0.0,0.0
639965,2023-05-21,ligue1,2022,11147,Lens,Lorient,0,154532,Massadio Haidara,SUB,0,1.0,21,0.0,0.0,0.0,0.0,0.0,0.0,0.0,,0.0,0.0,1.0,0.0,1.0,0.0
639966,2023-05-21,ligue1,2022,11147,AJ Auxerre,Paris Saint-Germain,1,144720,Andrei Radu,G,1,1.0,1,0.0,0.0,0.0,2.0,,0.0,0.0,2.0,13.0,0.0,0.0,0.0,0.0,0.0
639966,2023-05-21,ligue1,2022,11147,AJ Auxerre,Paris Saint-Germain,1,198563,Jubal,CD,1,1.0,4,2.0,0.0,0.0,2.0,0.0,0.0,0.0,,0.0,0.0,0.0,0.0,0.0,1.0
639966,2023-05-21,ligue1,2022,11147,AJ Auxerre,Paris Saint-Germain,1,306535,Isaak Touré,CD-L,1,1.0,95,0.0,1.0,0.0,2.0,0.0,0.0,0.0,,0.0,0.0,0.0,0.0,0.0,0.0
639966,2023-05-21,ligue1,2022,11147,AJ Auxerre,Paris Saint-Germain,1,213101,Rayan Raveloson,CD-R,1,1.0,97,3.0,1.0,0.0,2.0,0.0,0.0,0.0,,0.0,0.0,0.0,0.0,2.0,0.0
639966,2023-05-21,ligue1,2022,11147,AJ Auxerre,Paris Saint-Germain,1,264484,Gideon Mensah,LB,1,1.0,14,1.0,0.0,0.0,2.0,0.0,0.0,0.0,,0.0,0.0,0.0,0.0,0.0,0.0
639966,2023-05-21,ligue1,2022,11147,AJ Auxerre,Paris Saint-Germain,1,204778,Akim Zedadka,RB,1,1.0,13,1.0,0.0,0.0,2.0,0.0,0.0,0.0,,0.0,0.0,0.0,0.0,0.0,0.0
639966,2023-05-21,ligue1,2022,11147,AJ Auxerre,Paris Saint-Germain,1,174896,Birama Touré,CM-L,1,1.0,12,1.0,1.0,0.0,2.0,0.0,0.0,0.0,,0.0,0.0,0.0,0.0,2.0,0.0
639966,2023-05-21,ligue1,2022,11147,AJ Auxerre,Paris Saint-Germain,1,282885,Han-Noah Massengo,CM-R,1,1.0,80,0.0,1.0,0.0,2.0,0.0,0.0,0.0,,0.0,0.0,0.0,0.0,1.0,0.0
639966,2023-05-21,ligue1,2022,11147,AJ Auxerre,Paris Saint-Germain,1,271137,Lassine Sinayoko,LM,1,1.0,17,3.0,0.0,0.0,2.0,0.0,0.0,0.0,,0.0,2.0,0.0,1.0,3.0,0.0
639966,2023-05-21,ligue1,2022,11147,AJ Auxerre,Paris Saint-Germain,1,239905,Gauthier Hein,RM,1,1.0,7,0.0,0.0,0.0,2.0,0.0,0.0,0.0,,0.0,3.0,0.0,0.0,4.0,0.0
639966,2023-05-21,ligue1,2022,11147,AJ Auxerre,Paris Saint-Germain,1,224798,Nuno da Costa,F,1,1.0,9,0.0,1.0,1.0,2.0,0.0,0.0,0.0,,0.0,1.0,0.0,0.0,1.0,0.0
639966,2023-05-21,ligue1,2022,11147,AJ Auxerre,Paris Saint-Germain,1,231778,Gaetan Perrin,SUB,0,1.0,10,0.0,0.0,0.0,0.0,0.0,0.0,0.0,,0.0,0.0,1.0,0.0,0.0,0.0
639966,2023-05-21,ligue1,2022,11147,AJ Auxerre,Paris Saint-Germain,1,318389,Matthis Abline,SUB,0,0.0,19,0.0,0.0,0.0,0.0,0.0,0.0,0.0,,0.0,0.0,0.0,0.0,0.0,0.0
639966,2023-05-21,ligue1,2022,11147,AJ Auxerre,Paris Saint-Germain,1,176561,Julian Jeanvier,SUB,0,0.0,27,0.0,0.0,0.0,0.0,0.0,0.0,0.0,,0.0,0.0,0.0,0.0,0.0,0.0
639966,2023-05-21,ligue1,2022,11147,AJ Auxerre,Paris Saint-Germain,1,172195,Youssouf M'Changama,SUB,0,0.0,6,0.0,0.0,0.0,0.0,0.0,0.0,0.0,,0.0,0.0,0.0,0.0,0.0,0.0
639966,2023-05-21,ligue1,2022,11147,AJ Auxerre,Paris Saint-Germain,1,144018,Mathias Autret,SUB,0,0.0,29,0.0,0.0,0.0,0.0,0.0,0.0,0.0,,0.0,0.0,0.0,0.0,0.0,0.0
639966,2023-05-21,ligue1,2022,11147,AJ Auxerre,Paris Saint-Germain,1,259032,Siriki Dembele,SUB,0,1.0,77,1.0,0.0,0.0,0.0,0.0,0.0,0.0,,0.0,1.0,1.0,0.0,1.0,0.0
639966,2023-05-21,ligue1,2022,11147,AJ Auxerre,Paris Saint-Germain,1,119868,M'Baye Niang,SUB,0,1.0,11,0.0,1.0,0.0,0.0,0.0,0.0,0.0,,0.0,0.0,1.0,0.0,0.0,0.0
639966,2023-05-21,ligue1,2022,11147,AJ Auxerre,Paris Saint-Germain,1,164165,Donovan Léon,SUB,0,0.0,16,0.0,0.0,0.0,0.0,,0.0,0.0,0.0,0.0,0.0,0.0,0.0,0.0,0.0
639966,2023-05-21,ligue1,2022,11147,AJ Auxerre,Paris Saint-Germain,1,190292,Hamza Sakhi,SUB,0,0.0,22,0.0,0.0,0.0,0.0,0.0,0.0,0.0,,0.0,0.0,0.0,0.0,0.0,0.0
639966,2023-05-21,ligue1,2022,11147,Paris Saint-Germain,AJ Auxerre,0,217092,Gianluigi Donnarumma,G,1,1.0,99,0.0,1.0,0.0,1.0,,0.0,0.0,6.0,13.0,0.0,0.0,0.0,0.0,0.0
639966,2023-05-21,ligue1,2022,11147,Paris Saint-Germain,AJ Auxerre,0,41579,Sergio Ramos,CD,1,1.0,4,2.0,0.0,0.0,1.0,0.0,0.0,0.0,,0.0,0.0,0.0,0.0,1.0,0.0
639966,2023-05-21,ligue1,2022,11147,Paris Saint-Germain,AJ Auxerre,0,76717,Danilo Pereira,CD-L,1,1.0,15,0.0,1.0,0.0,1.0,2.0,0.0,0.0,,0.0,0.0,0.0,0.0,0.0,0.0
639966,2023-05-21,ligue1,2022,11147,Paris Saint-Germain,AJ Auxerre,0,159047,Marquinhos,CD-R,1,1.0,5,0.0,0.0,0.0,1.0,0.0,0.0,0.0,,0.0,0.0,0.0,0.0,1.0,0.0
639966,2023-05-21,ligue1,2022,11147,Paris Saint-Germain,AJ Auxerre,0,214596,Fabián Ruiz,CM-L,1,1.0,8,1.0,2.0,1.0,1.0,1.0,0.0,0.0,,0.0,0.0,0.0,0.0,0.0,0.0
639966,2023-05-21,ligue1,2022,11147,Paris Saint-Germain,AJ Auxerre,0,134847,Marco Verratti,CM-R,1,1.0,6,1.0,4.0,0.0,1.0,1.0,0.0,0.0,,0.0,0.0,0.0,0.0,0.0,0.0
639966,2023-05-21,ligue1,2022,11147,Paris Saint-Germain,AJ Auxerre,0,164194,Juan Bernat,LM,1,1.0,14,0.0,0.0,0.0,1.0,0.0,0.0,0.0,,0.0,0.0,0.0,0.0,0.0,0.0
639966,2023-05-21,ligue1,2022,11147,Paris Saint-Germain,AJ Auxerre,0,345581,Warren Zaïre-Emery,RM,1,1.0,33,1.0,0.0,0.0,1.0,0.0,0.0,0.0,,0.0,0.0,0.0,0.0,0.0,0.0
639966,2023-05-21,ligue1,2022,11147,Paris Saint-Germain,AJ Auxerre,0,304901,Hugo Ekitike,F,1,1.0,44,0.0,2.0,0.0,1.0,0.0,0.0,0.0,,0.0,0.0,0.0,0.0,0.0,0.0
639966,2023-05-21,ligue1,2022,11147,Paris Saint-Germain,AJ Auxerre,0,231388,Kylian Mbappé,CF-L,1,1.0,7,1.0,1.0,0.0,1.0,0.0,0.0,0.0,,0.0,3.0,0.0,2.0,7.0,0.0
639966,2023-05-21,ligue1,2022,11147,Paris Saint-Germain,AJ Auxerre,0,45843,Lionel Messi,CF-R,1,1.0,30,0.0,0.0,1.0,1.0,1.0,0.0,0.0,,0.0,1.0,0.0,0.0,4.0,0.0
639966,2023-05-21,ligue1,2022,11147,Paris Saint-Germain,AJ Auxerre,0,304740,El Chadaille Bitshiabu,SUB,0,0.0,31,0.0,0.0,0.0,0.0,0.0,0.0,0.0,,0.0,0.0,0.0,0.0,0.0,0.0
639966,2023-05-21,ligue1,2022,11147,Paris Saint-Germain,AJ Auxerre,0,169293,Sergio Rico,SUB,0,0.0,16,0.0,0.0,0.0,0.0,,0.0,0.0,0.0,0.0,0.0,0.0,0.0,0.0,0.0
639966,2023-05-21,ligue1,2022,11147,Paris Saint-Germain,AJ Auxerre,0,150279,Alexandre Letellier,SUB,0,0.0,90,0.0,0.0,0.0,0.0,,0.0,0.0,0.0,0.0,0.0,0.0,0.0,0.0,0.0
639966,2023-05-21,ligue1,2022,11147,Paris Saint-Germain,AJ Auxerre,0,227217,Renato Sanches,SUB,0,1.0,18,0.0,1.0,0.0,0.0,0.0,0.0,0.0,,0.0,0.0,1.0,0.0,2.0,0.0
639966,2023-05-21,ligue1,2022,11147,Paris Saint-Germain,AJ Auxerre,0,362126,Serif Nhaga,SUB,0,0.0,34,0.0,0.0,0.0,0.0,0.0,0.0,0.0,,0.0,0.0,0.0,0.0,0.0,0.0
639966,2023-05-21,ligue1,2022,11147,Paris Saint-Germain,AJ Auxerre,0,317473,Ismaël Gharbi,SUB,0,0.0,35,0.0,0.0,0.0,0.0,0.0,0.0,0.0,,0.0,0.0,0.0,0.0,0.0,0.0
639966,2023-05-21,ligue1,2022,11147,Paris Saint-Germain,AJ Auxerre,0,288897,Vitinha,SUB,0,1.0,17,0.0,0.0,0.0,0.0,0.0,0.0,0.0,,0.0,0.0,1.0,0.0,0.0,0.0
639966,2023-05-21,ligue1,2022,11147,Paris Saint-Germain,AJ Auxerre,0,235072,Carlos Soler,SUB,0,0.0,28,0.0,0.0,0.0,0.0,0.0,0.0,0.0,,0.0,0.0,0.0,0.0,0.0,0.0
639966,2023-05-21,ligue1,2022,11147,Paris Saint-Germain,AJ Auxerre,0,297167,Timothee Pembélé,SUB,0,0.0,29,0.0,0.0,0.0,0.0,0.0,0.0,0.0,,0.0,0.0,0.0,0.0,0.0,0.0
639967,2023-05-21,ligue1,2022,11147,Brest,Clermont Foot,1,132233,Marco Bizot,G,1,1.0,40,0.0,0.0,0.0,1.0,,0.0,0.0,0.0,7.0,0.0,0.0,0.0,0.0,0.0
639967,2023-05-21,ligue1,2022,11147,Brest,Clermont Foot,1,290141,Lilian Brassier,CD-L,1,1.0,3,2.0,0.0,0.0,1.0,0.0,0.0,0.0,,0.0,0.0,0.0,0.0,0.0,1.0
639967,2023-05-21,ligue1,2022,11147,Brest,Clermont Foot,1,186408,Brendan Chardonnet,CD-R,1,1.0,5,3.0,0.0,0.0,1.0,0.0,0.0,0.0,,0.0,0.0,0.0,0.0,1.0,0.0
639967,2023-05-21,ligue1,2022,11147,Brest,Clermont Foot,1,241032,Jean-Kévin Duverne,LB,1,1.0,2,0.0,0.0,0.0,1.0,0.0,0.0,0.0,,0.0,0.0,0.0,0.0,0.0,0.0
639967,2023-05-21,ligue1,2022,11147,Brest,Clermont Foot,1,164187,Kenny Lala,RB,1,1.0,27,0.0,0.0,0.0,1.0,0.0,0.0,0.0,,0.0,0.0,0.0,0.0,1.0,0.0
639967,2023-05-21,ligue1,2022,11147,Brest,Clermont Foot,1,230896,Romain Del Castillo,AM,1,1.0,10,3.0,2.0,0.0,1.0,1.0,0.0,0.0,,0.0,0.0,0.0,0.0,0.0,0.0
639967,2023-05-21,ligue1,2022,11147,Brest,Clermont Foot,1,221527,Pierre Lees-Melou,LM,1,1.0,20,2.0,3.0,2.0,1.0,0.0,0.0,0.0,,0.0,1.0,0.0,0.0,1.0,0.0
639967,2023-05-21,ligue1,2022,11147,Brest,Clermont Foot,1,206993,Haris Belkebla,RM,1,1.0,7,0.0,0.0,0.0,1.0,0.0,0.0,0.0,,0.0,0.0,0.0,0.0,0.0,0.0
639967,2023-05-21,ligue1,2022,11147,Brest,Clermont Foot,1,192672,Steve Mounié,F,1,1.0,15,3.0,0.0,0.0,1.0,0.0,0.0,0.0,,0.0,1.0,0.0,1.0,3.0,1.0
639967,2023-05-21,ligue1,2022,11147,Brest,Clermont Foot,1,305693,Jeremy Le Douaron,AM-L,1,1.0,22,0.0,4.0,0.0,1.0,1.0,0.0,0.0,,0.0,0.0,0.0,0.0,2.0,0.0
639967,2023-05-21,ligue1,2022,11147,Brest,Clermont Foot,1,196029,Franck Honorat,AM-R,1,1.0,9,2.0,0.0,0.0,1.0,0.0,0.0,0.0,,0.0,1.0,0.0,1.0,2.0,0.0
639967,2023-05-21,ligue1,2022,11147,Brest,Clermont Foot,1,276303,Joaquín Blázquez,SUB,0,0.0,1,0.0,0.0,0.0,0.0,,0.0,0.0,0.0,0.0,0.0,0.0,0.0,0.0,0.0
639967,2023-05-21,ligue1,2022,11147,Brest,Clermont Foot,1,250377,Hugo Magnetti,SUB,0,0.0,8,0.0,0.0,0.0,0.0,0.0,0.0,0.0,,0.0,0.0,0.0,0.0,0.0,0.0
639967,2023-05-21,ligue1,2022,11147,Brest,Clermont Foot,1,324572,Bradley Locko,SUB,0,0.0,28,0.0,0.0,0.0,0.0,0.0,0.0,0.0,,0.0,0.0,0.0,0.0,0.0,0.0
639967,2023-05-21,ligue1,2022,11147,Brest,Clermont Foot,1,283557,Achraf Dari,SUB,0,0.0,4,0.0,0.0,0.0,0.0,0.0,0.0,0.0,,0.0,0.0,0.0,0.0,0.0,0.0
639967,2023-05-21,ligue1,2022,11147,Brest,Clermont Foot,1,195318,Alberth Elis,SUB,0,0.0,17,0.0,0.0,0.0,0.0,0.0,0.0,0.0,,0.0,0.0,0.0,0.0,0.0,0.0
639967,2023-05-21,ligue1,2022,11147,Brest,Clermont Foot,1,172299,Christophe Hérelle,SUB,0,0.0,23,0.0,0.0,0.0,0.0,0.0,0.0,0.0,,0.0,0.0,0.0,0.0,0.0,0.0
639967,2023-05-21,ligue1,2022,11147,Brest,Clermont Foot,1,268966,Mahdi Camara,SUB,0,1.0,45,1.0,0.0,0.0,0.0,0.0,0.0,0.0,,0.0,0.0,1.0,0.0,1.0,1.0
639967,2023-05-21,ligue1,2022,11147,Brest,Clermont Foot,1,233835,Mathias Pereira Lage,SUB,0,0.0,29,0.0,0.0,0.0,0.0,0.0,0.0,0.0,,0.0,0.0,0.0,0.0,0.0,0.0
639967,2023-05-21,ligue1,2022,11147,Brest,Clermont Foot,1,324419,Felix Lemarechal,SUB,0,1.0,37,0.0,0.0,0.0,0.0,0.0,0.0,0.0,,0.0,0.0,1.0,0.0,0.0,0.0
639967,2023-05-21,ligue1,2022,11147,Clermont Foot,Brest,0,276445,Ouparine Djoco,G,1,1.0,40,0.0,0.0,0.0,2.0,,0.0,0.0,1.0,9.0,0.0,0.0,0.0,0.0,0.0
639967,2023-05-21,ligue1,2022,11147,Clermont Foot,Brest,0,212258,Mateusz Wieteska,CD,1,1.0,4,1.0,2.0,0.0,2.0,0.0,0.0,0.0,,0.0,0.0,0.0,0.0,1.0,1.0
639967,2023-05-21,ligue1,2022,11147,Clermont Foot,Brest,0,233027,Max Caufriez,CD-L,1,1.0,5,1.0,1.0,0.0,2.0,0.0,0.0,0.0,,0.0,0.0,0.0,0.0,1.0,1.0
639967,2023-05-21,ligue1,2022,11147,Clermont Foot,Brest,0,305669,Alidu Seidu,CD-R,1,1.0,36,2.0,2.0,0.0,2.0,0.0,0.0,0.0,,0.0,0.0,0.0,0.0,0.0,1.0
639967,2023-05-21,ligue1,2022,11147,Clermont Foot,Brest,0,118091,Johan Gastien,CM-L,1,1.0,25,2.0,1.0,0.0,2.0,0.0,0.0,0.0,,0.0,0.0,0.0,0.0,0.0,1.0
639967,2023-05-21,ligue1,2022,11147,Clermont Foot,Brest,0,276441,Yohann Magnin,CM-R,1,1.0,7,1.0,2.0,0.0,2.0,0.0,0.0,0.0,,0.0,0.0,0.0,0.0,1.0,0.0
639967,2023-05-21,ligue1,2022,11147,Clermont Foot,Brest,0,272281,Neto Borges,LM,1,1.0,3,0.0,1.0,0.0,2.0,0.0,0.0,0.0,,0.0,1.0,0.0,1.0,1.0,0.0
639967,2023-05-21,ligue1,2022,11147,Clermont Foot,Brest,0,284333,Jim Allevinah,RM,1,1.0,11,0.0,0.0,0.0,2.0,0.0,0.0,0.0,,0.0,0.0,0.0,0.0,0.0,0.0
639967,2023-05-21,ligue1,2022,11147,Clermont Foot,Brest,0,211668,Grejohn Kyei,F,1,1.0,95,0.0,3.0,0.0,2.0,0.0,0.0,0.0,,0.0,0.0,0.0,0.0,2.0,0.0
639967,2023-05-21,ligue1,2022,11147,Clermont Foot,Brest,0,221165,Elbasan Rashani,CF-L,1,1.0,18,0.0,1.0,0.0,2.0,0.0,0.0,0.0,,0.0,0.0,0.0,0.0,0.0,0.0
639967,2023-05-21,ligue1,2022,11147,Clermont Foot,Brest,0,293919,Muhammed-Cham Saracevic,CF-R,1,1.0,70,1.0,0.0,1.0,2.0,0.0,0.0,0.0,,0.0,0.0,0.0,0.0,1.0,0.0
639967,2023-05-21,ligue1,2022,11147,Clermont Foot,Brest,0,131748,Maxime Gonalons,SUB,0,1.0,12,1.0,1.0,0.0,0.0,0.0,0.0,0.0,,0.0,0.0,1.0,0.0,0.0,0.0
639967,2023-05-21,ligue1,2022,11147,Clermont Foot,Brest,0,179229,Jérémie Bela,SUB,0,1.0,91,0.0,0.0,0.0,0.0,0.0,0.0,0.0,,0.0,0.0,1.0,0.0,0.0,0.0
639967,2023-05-21,ligue1,2022,11147,Clermont Foot,Brest,0,329077,Aiman Maurer,SUB,0,0.0,22,0.0,0.0,0.0,0.0,0.0,0.0,0.0,,0.0,0.0,0.0,0.0,0.0,0.0
639967,2023-05-21,ligue1,2022,11147,Clermont Foot,Brest,0,239280,Komnen Andric,SUB,0,1.0,9,0.0,0.0,0.0,0.0,0.0,0.0,0.0,,0.0,0.0,1.0,0.0,0.0,0.0
639967,2023-05-21,ligue1,2022,11147,Clermont Foot,Brest,0,150292,Florent Ogier,SUB,0,0.0,21,0.0,0.0,0.0,0.0,0.0,0.0,0.0,,0.0,0.0,0.0,0.0,0.0,0.0
639967,2023-05-21,ligue1,2022,11147,Clermont Foot,Brest,0,169822,Mehdi Zeffane,SUB,0,1.0,2,0.0,0.0,0.0,0.0,0.0,0.0,0.0,,0.0,0.0,1.0,0.0,0.0,0.0
639967,2023-05-21,ligue1,2022,11147,Clermont Foot,Brest,0,359153,Cheick Konate,SUB,0,0.0,15,0.0,0.0,0.0,0.0,0.0,0.0,0.0,,0.0,0.0,0.0,0.0,0.0,0.0
639967,2023-05-21,ligue1,2022,11147,Clermont Foot,Brest,0,192989,Saif-Eddine Khaoui,SUB,0,1.0,10,0.0,2.0,0.0,0.0,0.0,0.0,0.0,,0.0,0.0,1.0,0.0,1.0,0.0
639967,2023-05-21,ligue1,2022,11147,Clermont Foot,Brest,0,304184,Lucas Margueron,SUB,0,0.0,16,0.0,0.0,0.0,0.0,,0.0,0.0,0.0,0.0,0.0,0.0,0.0,0.0,0.0
639969,2023-05-21,ligue1,2022,11147,AC Ajaccio,Stade Rennais,1,139363,Benjamin Leroy,G,1,1.0,1,0.0,0.0,0.0,5.0,,0.0,0.0,2.0,8.0,0.0,0.0,0.0,0.0,0.0
639969,2023-05-21,ligue1,2022,11147,AC Ajaccio,Stade Rennais,1,275654,Clément Vidal,CD-L,1,1.0,15,1.0,1.0,0.0,5.0,1.0,0.0,0.0,,0.0,0.0,0.0,0.0,1.0,1.0
639969,2023-05-21,ligue1,2022,11147,AC Ajaccio,Stade Rennais,1,238259,Oumar Gonzalez,CD-R,1,1.0,25,2.0,0.0,0.0,5.0,0.0,0.0,0.0,,0.0,0.0,0.0,0.0,0.0,0.0
639969,2023-05-21,ligue1,2022,11147,AC Ajaccio,Stade Rennais,1,223338,Mickaël Alphonse,LB,1,1.0,2,1.0,1.0,0.0,5.0,0.0,0.0,1.0,,0.0,0.0,0.0,0.0,0.0,0.0
639969,2023-05-21,ligue1,2022,11147,AC Ajaccio,Stade Rennais,1,105036,Mohamed Youssouf,RB,1,1.0,20,0.0,0.0,0.0,5.0,0.0,0.0,0.0,,0.0,0.0,0.0,0.0,0.0,0.0
639969,2023-05-21,ligue1,2022,11147,AC Ajaccio,Stade Rennais,1,84988,Mathieu Coutadeur,CM-L,1,1.0,6,0.0,1.0,0.0,5.0,0.0,0.0,0.0,,0.0,0.0,0.0,0.0,0.0,0.0
639969,2023-05-21,ligue1,2022,11147,AC Ajaccio,Stade Rennais,1,154616,Michael Barreto,CM-R,1,1.0,4,0.0,1.0,0.0,5.0,0.0,0.0,0.0,,0.0,0.0,0.0,0.0,1.0,0.0
639969,2023-05-21,ligue1,2022,11147,AC Ajaccio,Stade Rennais,1,357866,Ivane Chegra,LM,1,1.0,38,0.0,3.0,0.0,4.0,0.0,0.0,0.0,,0.0,0.0,0.0,0.0,0.0,0.0
639969,2023-05-21,ligue1,2022,11147,AC Ajaccio,Stade Rennais,1,343952,Kevin Spadanuda,RM,1,1.0,27,0.0,1.0,0.0,4.0,0.0,0.0,0.0,,0.0,0.0,0.0,0.0,0.0,0.0
639969,2023-05-21,ligue1,2022,11147,AC Ajaccio,Stade Rennais,1,357000,Moussa Soumano,CF-L,1,1.0,34,0.0,0.0,0.0,4.0,0.0,0.0,0.0,,0.0,0.0,0.0,0.0,0.0,0.0
639969,2023-05-21,ligue1,2022,11147,AC Ajaccio,Stade Rennais,1,282290,Mounaim El Idrissy,CF-R,1,1.0,7,3.0,2.0,0.0,5.0,0.0,0.0,0.0,,0.0,0.0,0.0,0.0,0.0,0.0
639969,2023-05-21,ligue1,2022,11147,AC Ajaccio,Stade Rennais,1,89067,Cédric Avinel,SUB,0,0.0,21,0.0,0.0,0.0,0.0,0.0,0.0,0.0,,0.0,0.0,0.0,0.0,0.0,0.0
639969,2023-05-21,ligue1,2022,11147,AC Ajaccio,Stade Rennais,1,323810,Ghjuvanni Quilichini,SUB,0,0.0,30,0.0,0.0,0.0,0.0,,0.0,0.0,0.0,0.0,0.0,0.0,0.0,0.0,0.0
639969,2023-05-21,ligue1,2022,11147,AC Ajaccio,Stade Rennais,1,362062,Tony Strata,SUB,0,1.0,31,0.0,0.0,0.0,1.0,0.0,0.0,0.0,,0.0,0.0,1.0,0.0,0.0,0.0
639969,2023-05-21,ligue1,2022,11147,AC Ajaccio,Stade Rennais,1,356223,Anthony Khelifa,SUB,0,1.0,35,0.0,0.0,0.0,0.0,0.0,0.0,0.0,,0.0,0.0,1.0,0.0,0.0,0.0
639969,2023-05-21,ligue1,2022,11147,AC Ajaccio,Stade Rennais,1,138522,Riad Nouri,SUB,0,1.0,5,0.0,2.0,0.0,1.0,0.0,0.0,0.0,,0.0,0.0,1.0,0.0,0.0,0.0
639969,2023-05-21,ligue1,2022,11147,AC Ajaccio,Stade Rennais,1,359135,Mehdi Puch-Herrantz,SUB,0,1.0,37,0.0,0.0,0.0,0.0,0.0,0.0,0.0,,0.0,0.0,1.0,0.0,0.0,0.0
639969,2023-05-21,ligue1,2022,11147,AC Ajaccio,Stade Rennais,1,329793,Lebas da Silva,SUB,0,0.0,32,0.0,0.0,0.0,0.0,0.0,0.0,0.0,,0.0,0.0,0.0,0.0,0.0,0.0
639969,2023-05-21,ligue1,2022,11147,AC Ajaccio,Stade Rennais,1,362491,Ben Touré,SUB,0,1.0,33,1.0,1.0,0.0,1.0,0.0,0.0,0.0,,0.0,0.0,1.0,0.0,0.0,0.0
639969,2023-05-21,ligue1,2022,11147,AC Ajaccio,Stade Rennais,1,247916,Cyrille Bayala,SUB,0,0.0,14,0.0,0.0,0.0,0.0,0.0,0.0,0.0,,0.0,0.0,0.0,0.0,0.0,0.0
639969,2023-05-21,ligue1,2022,11147,Stade Rennais,AC Ajaccio,0,89018,Steve Mandanda,G,1,1.0,30,0.0,0.0,0.0,0.0,,0.0,0.0,0.0,2.0,0.0,0.0,0.0,0.0,0.0
639969,2023-05-21,ligue1,2022,11147,Stade Rennais,AC Ajaccio,0,232325,Joe Rodon,CD-L,1,1.0,2,1.0,2.0,0.0,0.0,0.0,0.0,0.0,,0.0,0.0,0.0,0.0,0.0,0.0
639969,2023-05-21,ligue1,2022,11147,Stade Rennais,AC Ajaccio,0,309840,Warmed Omari,CD-R,1,1.0,23,0.0,1.0,0.0,0.0,0.0,0.0,0.0,,0.0,0.0,0.0,0.0,0.0,0.0
639969,2023-05-21,ligue1,2022,11147,Stade Rennais,AC Ajaccio,0,192403,Baptiste Santamaria,DM,1,1.0,8,2.0,1.0,0.0,0.0,0.0,0.0,0.0,,0.0,1.0,0.0,1.0,1.0,0.0
639969,2023-05-21,ligue1,2022,11147,Stade Rennais,AC Ajaccio,0,333927,Jeanuël Belocian,LB,1,1.0,18,2.0,1.0,0.0,0.0,0.0,0.0,0.0,,0.0,0.0,0.0,0.0,0.0,1.0
639969,2023-05-21,ligue1,2022,11147,Stade Rennais,AC Ajaccio,0,196729,Hamari Traoré,RB,1,1.0,27,0.0,0.0,2.0,0.0,0.0,0.0,0.0,,0.0,0.0,0.0,0.0,0.0,0.0
639969,2023-05-21,ligue1,2022,11147,Stade Rennais,AC Ajaccio,0,237549,Lovro Majer,CM-L,1,1.0,21,2.0,0.0,2.0,0.0,1.0,0.0,0.0,,0.0,0.0,0.0,0.0,0.0,0.0
639969,2023-05-21,ligue1,2022,11147,Stade Rennais,AC Ajaccio,0,185869,Benjamin Bourigeaud,CM-R,1,1.0,14,1.0,0.0,0.0,0.0,1.0,0.0,0.0,,0.0,1.0,0.0,0.0,2.0,0.0
639969,2023-05-21,ligue1,2022,11147,Stade Rennais,AC Ajaccio,0,259743,Amine Gouiri,LM,1,1.0,19,0.0,0.0,0.0,0.0,0.0,0.0,0.0,,0.0,3.0,0.0,3.0,4.0,0.0
639969,2023-05-21,ligue1,2022,11147,Stade Rennais,AC Ajaccio,0,283672,Jérémy Doku,RM,1,1.0,10,3.0,2.0,0.0,0.0,0.0,0.0,0.0,,0.0,1.0,0.0,1.0,1.0,0.0
639969,2023-05-21,ligue1,2022,11147,Stade Rennais,AC Ajaccio,0,207040,Karl Toko Ekambi,F,1,1.0,17,1.0,1.0,1.0,0.0,0.0,0.0,0.0,,0.0,1.0,0.0,0.0,2.0,0.0
639969,2023-05-21,ligue1,2022,11147,Stade Rennais,AC Ajaccio,0,333257,Ibrahim Salah,SUB,0,1.0,34,0.0,0.0,0.0,0.0,0.0,0.0,0.0,,0.0,0.0,1.0,0.0,2.0,0.0
639969,2023-05-21,ligue1,2022,11147,Stade Rennais,AC Ajaccio,0,309563,Lesley Ugochukwu,SUB,0,0.0,6,0.0,0.0,0.0,0.0,0.0,0.0,0.0,,0.0,0.0,0.0,0.0,0.0,0.0
639969,2023-05-21,ligue1,2022,11147,Stade Rennais,AC Ajaccio,0,308461,Lorenz Assignon,SUB,0,1.0,22,1.0,0.0,0.0,0.0,0.0,0.0,0.0,,0.0,0.0,1.0,0.0,0.0,1.0
639969,2023-05-21,ligue1,2022,11147,Stade Rennais,AC Ajaccio,0,278790,Dogan Alemdar,SUB,0,0.0,1,0.0,0.0,0.0,0.0,,0.0,0.0,0.0,0.0,0.0,0.0,0.0,0.0,0.0
639969,2023-05-21,ligue1,2022,11147,Stade Rennais,AC Ajaccio,0,346636,Guela Doué,SUB,0,0.0,31,0.0,0.0,0.0,0.0,0.0,0.0,0.0,,0.0,0.0,0.0,0.0,0.0,0.0
639969,2023-05-21,ligue1,2022,11147,Stade Rennais,AC Ajaccio,0,336388,Désiré Doué,SUB,0,1.0,33,0.0,0.0,0.0,0.0,0.0,0.0,0.0,,0.0,0.0,1.0,0.0,0.0,0.0
639969,2023-05-21,ligue1,2022,11147,Stade Rennais,AC Ajaccio,0,296321,Arnaud Kalimuendo,SUB,0,1.0,9,0.0,0.0,0.0,0.0,0.0,0.0,0.0,,0.0,0.0,1.0,0.0,0.0,0.0
639969,2023-05-21,ligue1,2022,11147,Stade Rennais,AC Ajaccio,0,291852,Elias Damergy,SUB,0,0.0,40,0.0,0.0,0.0,0.0,,0.0,0.0,0.0,0.0,0.0,0.0,0.0,0.0,0.0
639969,2023-05-21,ligue1,2022,11147,Stade Rennais,AC Ajaccio,0,183932,Flavien Tait,SUB,0,1.0,20,0.0,0.0,0.0,0.0,0.0,0.0,0.0,,0.0,0.0,1.0,0.0,1.0,0.0
639970,2023-05-27,ligue1,2022,11147,Stade Rennais,AS Monaco,1,89018,Steve Mandanda,G,1,1.0,30,0.0,0.0,0.0,0.0,,0.0,0.0,3.0,11.0,0.0,0.0,0.0,0.0,0.0
639970,2023-05-27,ligue1,2022,11147,Stade Rennais,AS Monaco,1,304222,Arthur Theate,CD-L,1,1.0,5,0.0,0.0,0.0,0.0,1.0,0.0,0.0,,0.0,0.0,0.0,0.0,1.0,0.0
639970,2023-05-27,ligue1,2022,11147,Stade Rennais,AS Monaco,1,309840,Warmed Omari,CD-R,1,1.0,23,0.0,0.0,0.0,0.0,0.0,0.0,0.0,,0.0,0.0,0.0,0.0,0.0,0.0
639970,2023-05-27,ligue1,2022,11147,Stade Rennais,AS Monaco,1,192403,Baptiste Santamaria,DM,1,1.0,8,1.0,3.0,0.0,0.0,0.0,0.0,0.0,,0.0,0.0,0.0,0.0,2.0,0.0
639970,2023-05-27,ligue1,2022,11147,Stade Rennais,AS Monaco,1,333927,Jeanuël Belocian,LB,1,1.0,18,1.0,0.0,0.0,0.0,0.0,0.0,0.0,,0.0,0.0,0.0,0.0,0.0,0.0
639970,2023-05-27,ligue1,2022,11147,Stade Rennais,AS Monaco,1,196729,Hamari Traoré,RB,1,1.0,27,2.0,0.0,0.0,0.0,0.0,0.0,0.0,,0.0,0.0,0.0,0.0,1.0,0.0
639970,2023-05-27,ligue1,2022,11147,Stade Rennais,AS Monaco,1,237549,Lovro Majer,CM-L,1,1.0,21,2.0,1.0,0.0,0.0,0.0,0.0,0.0,,0.0,4.0,0.0,1.0,4.0,0.0
639970,2023-05-27,ligue1,2022,11147,Stade Rennais,AS Monaco,1,185869,Benjamin Bourigeaud,CM-R,1,1.0,14,1.0,0.0,2.0,0.0,0.0,0.0,0.0,,0.0,1.0,0.0,0.0,2.0,0.0
639970,2023-05-27,ligue1,2022,11147,Stade Rennais,AS Monaco,1,259743,Amine Gouiri,LM,1,1.0,19,1.0,0.0,0.0,0.0,0.0,0.0,0.0,,0.0,1.0,0.0,1.0,1.0,0.0
639970,2023-05-27,ligue1,2022,11147,Stade Rennais,AS Monaco,1,283672,Jérémy Doku,RM,1,1.0,10,2.0,3.0,0.0,0.0,1.0,0.0,0.0,,0.0,0.0,0.0,0.0,1.0,0.0
639970,2023-05-27,ligue1,2022,11147,Stade Rennais,AS Monaco,1,207040,Karl Toko Ekambi,F,1,1.0,17,0.0,0.0,0.0,0.0,0.0,0.0,0.0,,0.0,0.0,0.0,0.0,0.0,0.0
639970,2023-05-27,ligue1,2022,11147,Stade Rennais,AS Monaco,1,308461,Lorenz Assignon,SUB,0,1.0,22,0.0,0.0,0.0,0.0,0.0,0.0,0.0,,0.0,0.0,1.0,0.0,0.0,0.0
639970,2023-05-27,ligue1,2022,11147,Stade Rennais,AS Monaco,1,232325,Joe Rodon,SUB,0,0.0,2,0.0,0.0,0.0,0.0,0.0,0.0,0.0,,0.0,0.0,0.0,0.0,0.0,0.0
639970,2023-05-27,ligue1,2022,11147,Stade Rennais,AS Monaco,1,192115,Birger Meling,SUB,0,1.0,25,0.0,0.0,0.0,0.0,0.0,0.0,0.0,,0.0,0.0,1.0,0.0,0.0,0.0
639970,2023-05-27,ligue1,2022,11147,Stade Rennais,AS Monaco,1,333257,Ibrahim Salah,SUB,0,0.0,34,0.0,0.0,0.0,0.0,0.0,0.0,0.0,,0.0,0.0,0.0,0.0,0.0,0.0
639970,2023-05-27,ligue1,2022,11147,Stade Rennais,AS Monaco,1,278790,Dogan Alemdar,SUB,0,1.0,1,0.0,0.0,0.0,0.0,,0.0,0.0,0.0,0.0,0.0,1.0,0.0,0.0,0.0
639970,2023-05-27,ligue1,2022,11147,Stade Rennais,AS Monaco,1,336388,Désiré Doué,SUB,0,0.0,33,0.0,0.0,0.0,0.0,0.0,0.0,0.0,,0.0,0.0,0.0,0.0,0.0,0.0
639970,2023-05-27,ligue1,2022,11147,Stade Rennais,AS Monaco,1,183932,Flavien Tait,SUB,0,0.0,20,0.0,0.0,0.0,0.0,0.0,0.0,0.0,,0.0,0.0,0.0,0.0,0.0,0.0
639970,2023-05-27,ligue1,2022,11147,Stade Rennais,AS Monaco,1,309563,Lesley Ugochukwu,SUB,0,1.0,6,1.0,0.0,0.0,0.0,0.0,0.0,0.0,,0.0,0.0,1.0,0.0,0.0,0.0
639970,2023-05-27,ligue1,2022,11147,Stade Rennais,AS Monaco,1,296321,Arnaud Kalimuendo,SUB,0,1.0,9,0.0,0.0,0.0,0.0,0.0,0.0,0.0,,0.0,0.0,1.0,0.0,0.0,0.0
639970,2023-05-27,ligue1,2022,11147,AS Monaco,Stade Rennais,0,205750,Alexander Nübel,G,1,1.0,16,0.0,0.0,0.0,2.0,,0.0,0.0,4.0,10.0,0.0,0.0,0.0,0.0,0.0
639970,2023-05-27,ligue1,2022,11147,AS Monaco,Stade Rennais,0,200562,Guillermo Maripán,CD-L,1,1.0,3,1.0,0.0,0.0,2.0,0.0,0.0,0.0,,0.0,0.0,0.0,0.0,0.0,1.0
639970,2023-05-27,ligue1,2022,11147,AS Monaco,Stade Rennais,0,231718,Axel Disasi,CD-R,1,1.0,6,0.0,0.0,0.0,2.0,0.0,0.0,0.0,,0.0,0.0,0.0,0.0,3.0,0.0
639970,2023-05-27,ligue1,2022,11147,AS Monaco,Stade Rennais,0,268796,Ismail Jakobs,LB,1,1.0,14,0.0,0.0,0.0,2.0,1.0,0.0,0.0,,0.0,0.0,0.0,0.0,0.0,0.0
639970,2023-05-27,ligue1,2022,11147,AS Monaco,Stade Rennais,0,181946,Ruben Aguilar,RB,1,1.0,26,0.0,0.0,0.0,2.0,0.0,0.0,0.0,,0.0,0.0,0.0,0.0,1.0,0.0
639970,2023-05-27,ligue1,2022,11147,AS Monaco,Stade Rennais,0,362399,Mohamed Camara,CM-L,1,1.0,4,1.0,1.0,0.0,1.0,0.0,0.0,0.0,,0.0,0.0,0.0,0.0,2.0,0.0
639970,2023-05-27,ligue1,2022,11147,AS Monaco,Stade Rennais,0,277307,Youssouf Fofana,CM-R,1,1.0,19,0.0,2.0,0.0,2.0,0.0,0.0,0.0,,0.0,0.0,0.0,0.0,1.0,0.0
639970,2023-05-27,ligue1,2022,11147,AS Monaco,Stade Rennais,0,195501,Aleksandr Golovin,LM,1,1.0,17,0.0,2.0,0.0,1.0,1.0,0.0,0.0,,0.0,0.0,0.0,0.0,0.0,0.0
639970,2023-05-27,ligue1,2022,11147,AS Monaco,Stade Rennais,0,310640,Vanderson,RM,1,1.0,2,1.0,1.0,0.0,2.0,1.0,0.0,0.0,,0.0,1.0,0.0,0.0,1.0,1.0
639970,2023-05-27,ligue1,2022,11147,AS Monaco,Stade Rennais,0,148530,Wissam Ben Yedder,F,1,1.0,10,0.0,1.0,0.0,1.0,0.0,0.0,0.0,,0.0,0.0,0.0,0.0,1.0,0.0
639970,2023-05-27,ligue1,2022,11147,AS Monaco,Stade Rennais,0,346947,Eliesse Ben Seghir,RCF,1,1.0,44,1.0,3.0,0.0,1.0,0.0,0.0,0.0,,0.0,1.0,0.0,0.0,1.0,0.0
639970,2023-05-27,ligue1,2022,11147,AS Monaco,Stade Rennais,0,202099,Breel Embolo,SUB,0,1.0,36,2.0,0.0,0.0,1.0,0.0,0.0,0.0,,0.0,1.0,1.0,0.0,1.0,1.0
639970,2023-05-27,ligue1,2022,11147,AS Monaco,Stade Rennais,0,149558,Kevin Volland,SUB,0,1.0,31,0.0,0.0,0.0,1.0,0.0,0.0,0.0,,0.0,0.0,1.0,0.0,0.0,0.0
639970,2023-05-27,ligue1,2022,11147,AS Monaco,Stade Rennais,0,240353,Caio Henrique,SUB,0,1.0,12,0.0,0.0,0.0,0.0,0.0,0.0,0.0,,0.0,0.0,1.0,0.0,0.0,0.0
639970,2023-05-27,ligue1,2022,11147,AS Monaco,Stade Rennais,0,253992,Krépin Diatta,SUB,0,1.0,27,0.0,1.0,0.0,1.0,0.0,0.0,0.0,,0.0,0.0,1.0,0.0,0.0,0.0
639970,2023-05-27,ligue1,2022,11147,AS Monaco,Stade Rennais,0,188221,Thomas Didillon,SUB,0,0.0,30,0.0,0.0,0.0,0.0,,0.0,0.0,0.0,0.0,0.0,0.0,0.0,0.0,0.0
639970,2023-05-27,ligue1,2022,11147,AS Monaco,Stade Rennais,0,345645,Edan Diop,SUB,0,0.0,42,0.0,0.0,0.0,0.0,0.0,0.0,0.0,,0.0,0.0,0.0,0.0,0.0,0.0
639970,2023-05-27,ligue1,2022,11147,AS Monaco,Stade Rennais,0,306055,Eliot Matazo,SUB,0,1.0,15,1.0,0.0,0.0,1.0,0.0,0.0,0.0,,0.0,0.0,1.0,0.0,0.0,0.0
639970,2023-05-27,ligue1,2022,11147,AS Monaco,Stade Rennais,0,297165,Chrislain Matsima,SUB,0,0.0,34,0.0,0.0,0.0,0.0,0.0,0.0,0.0,,0.0,0.0,0.0,0.0,0.0,0.0
639970,2023-05-27,ligue1,2022,11147,AS Monaco,Stade Rennais,0,159348,Takumi Minamino,SUB,0,0.0,18,0.0,0.0,0.0,0.0,0.0,0.0,0.0,,0.0,0.0,0.0,0.0,0.0,0.0
639971,2023-05-27,ligue1,2022,11147,Montpellier,Nice,1,149517,Benjamin Lecomte,G,1,1.0,40,0.0,0.0,0.0,3.0,,0.0,0.0,12.0,20.0,0.0,0.0,0.0,0.0,0.0
639971,2023-05-27,ligue1,2022,11147,Montpellier,Nice,1,318316,Maxime Estève,CD-L,1,1.0,14,1.0,1.0,0.0,3.0,0.0,0.0,0.0,,0.0,0.0,0.0,0.0,0.0,0.0
639971,2023-05-27,ligue1,2022,11147,Montpellier,Nice,1,263282,Boubakar Kiki Kouyate,CD-R,1,1.0,4,0.0,2.0,0.0,3.0,0.0,0.0,0.0,,0.0,0.0,0.0,0.0,1.0,0.0
639971,2023-05-27,ligue1,2022,11147,Montpellier,Nice,1,264354,Théo Sainte-Luce,LB,1,1.0,17,1.0,0.0,0.0,1.0,0.0,0.0,0.0,,0.0,0.0,0.0,0.0,0.0,0.0
639971,2023-05-27,ligue1,2022,11147,Montpellier,Nice,1,219465,Falaye Sacko,RB,1,1.0,77,1.0,1.0,0.0,3.0,0.0,0.0,0.0,,0.0,1.0,0.0,0.0,1.0,0.0
639971,2023-05-27,ligue1,2022,11147,Montpellier,Nice,1,163924,Téji Savanier,AM,1,1.0,11,4.0,5.0,0.0,3.0,0.0,0.0,0.0,,0.0,2.0,0.0,2.0,3.0,0.0
639971,2023-05-27,ligue1,2022,11147,Montpellier,Nice,1,291850,Joris Chotard,LM,1,1.0,13,1.0,2.0,0.0,3.0,0.0,0.0,0.0,,0.0,0.0,0.0,0.0,0.0,0.0
639971,2023-05-27,ligue1,2022,11147,Montpellier,Nice,1,167727,Jordan Ferri,RM,1,1.0,12,1.0,0.0,0.0,2.0,0.0,0.0,0.0,,0.0,0.0,0.0,0.0,0.0,0.0
639971,2023-05-27,ligue1,2022,11147,Montpellier,Nice,1,225549,Stephy Mavididi,F,1,1.0,10,0.0,1.0,0.0,1.0,0.0,0.0,0.0,,0.0,2.0,0.0,0.0,3.0,0.0
639971,2023-05-27,ligue1,2022,11147,Montpellier,Nice,1,132241,Wahbi Khazri,AM-L,1,1.0,99,0.0,0.0,0.0,0.0,0.0,0.0,0.0,,0.0,0.0,0.0,0.0,2.0,0.0
639971,2023-05-27,ligue1,2022,11147,Montpellier,Nice,1,242738,Arnaud Nordin,AM-R,1,1.0,7,1.0,3.0,0.0,3.0,1.0,0.0,0.0,,0.0,0.0,0.0,0.0,1.0,0.0
639971,2023-05-27,ligue1,2022,11147,Montpellier,Nice,1,172984,Christopher Jullien,SUB,0,0.0,6,0.0,0.0,0.0,0.0,0.0,0.0,0.0,,0.0,0.0,0.0,0.0,0.0,0.0
639971,2023-05-27,ligue1,2022,11147,Montpellier,Nice,1,311118,Elye Wahi,SUB,0,1.0,21,1.0,0.0,0.0,3.0,0.0,0.0,0.0,,0.0,1.0,1.0,0.0,1.0,0.0
639971,2023-05-27,ligue1,2022,11147,Montpellier,Nice,1,180747,Issiaga Sylla,SUB,0,0.0,3,0.0,0.0,0.0,0.0,0.0,0.0,0.0,,0.0,0.0,0.0,0.0,0.0,0.0
639971,2023-05-27,ligue1,2022,11147,Montpellier,Nice,1,157901,Valère Germain,SUB,0,0.0,9,0.0,0.0,0.0,0.0,0.0,0.0,0.0,,0.0,0.0,0.0,0.0,0.0,0.0
639971,2023-05-27,ligue1,2022,11147,Montpellier,Nice,1,223557,Faitout Maouassa,SUB,0,1.0,27,1.0,0.0,0.0,2.0,0.0,0.0,0.0,,0.0,0.0,1.0,0.0,1.0,0.0
639971,2023-05-27,ligue1,2022,11147,Montpellier,Nice,1,207369,Bingourou Kamara,SUB,0,0.0,90,0.0,0.0,0.0,0.0,,0.0,0.0,0.0,0.0,0.0,0.0,0.0,0.0,0.0
639971,2023-05-27,ligue1,2022,11147,Montpellier,Nice,1,96162,Mamadou Sakho,SUB,0,0.0,75,0.0,0.0,0.0,0.0,0.0,0.0,0.0,,0.0,0.0,0.0,0.0,0.0,0.0
639971,2023-05-27,ligue1,2022,11147,Montpellier,Nice,1,334986,Enzo Tchato,SUB,0,1.0,29,0.0,0.0,0.0,2.0,0.0,0.0,0.0,,0.0,0.0,1.0,0.0,0.0,0.0
639971,2023-05-27,ligue1,2022,11147,Montpellier,Nice,1,286120,Leo Leroy,SUB,0,1.0,18,0.0,0.0,0.0,1.0,0.0,0.0,0.0,,0.0,1.0,1.0,0.0,1.0,0.0
639971,2023-05-27,ligue1,2022,11147,Nice,Montpellier,0,40200,Kasper Schmeichel,G,1,1.0,1,0.0,0.0,0.0,2.0,,0.0,0.0,6.0,12.0,0.0,0.0,0.0,0.0,0.0
639971,2023-05-27,ligue1,2022,11147,Nice,Montpellier,0,130165,Dante,CD-L,1,1.0,4,2.0,0.0,0.0,2.0,1.0,0.0,0.0,,0.0,0.0,0.0,0.0,1.0,1.0
639971,2023-05-27,ligue1,2022,11147,Nice,Montpellier,0,277327,Jean-Clair Todibo,CD-R,1,1.0,25,1.0,0.0,0.0,2.0,0.0,0.0,0.0,,0.0,0.0,0.0,0.0,1.0,0.0
639971,2023-05-27,ligue1,2022,11147,Nice,Montpellier,0,265923,Melvin Bard,LB,1,1.0,26,2.0,0.0,0.0,2.0,0.0,0.0,0.0,,0.0,0.0,0.0,0.0,0.0,0.0
639971,2023-05-27,ligue1,2022,11147,Nice,Montpellier,0,238878,Jordan Lotomba,RB,1,1.0,23,1.0,2.0,0.0,2.0,0.0,0.0,0.0,,0.0,1.0,0.0,0.0,1.0,0.0
639971,2023-05-27,ligue1,2022,11147,Nice,Montpellier,0,287078,Hicham Boudaoui,CM,1,1.0,28,4.0,4.0,0.0,2.0,0.0,0.0,0.0,,0.0,1.0,0.0,0.0,1.0,1.0
639971,2023-05-27,ligue1,2022,11147,Nice,Montpellier,0,276995,Sofiane Diop,LM,1,1.0,10,1.0,2.0,0.0,2.0,0.0,0.0,0.0,,0.0,1.0,0.0,0.0,2.0,0.0
639971,2023-05-27,ligue1,2022,11147,Nice,Montpellier,0,152469,Ross Barkley,RM,1,1.0,11,0.0,1.0,0.0,2.0,0.0,0.0,0.0,,0.0,1.0,0.0,1.0,3.0,0.0
639971,2023-05-27,ligue1,2022,11147,Nice,Montpellier,0,289769,Terem Moffi,F,1,1.0,9,2.0,0.0,1.0,2.0,0.0,0.0,0.0,,0.0,2.0,0.0,0.0,2.0,0.0
639971,2023-05-27,ligue1,2022,11147,Nice,Montpellier,0,279137,Bilal Brahimi,LF,1,1.0,14,0.0,1.0,0.0,2.0,0.0,0.0,0.0,,0.0,1.0,0.0,0.0,2.0,0.0
639971,2023-05-27,ligue1,2022,11147,Nice,Montpellier,0,206161,Gaëtan Laborde,RF,1,1.0,24,0.0,1.0,1.0,2.0,0.0,0.0,0.0,,0.0,7.0,0.0,2.0,9.0,0.0
639971,2023-05-27,ligue1,2022,11147,Nice,Montpellier,0,324328,Ayoub Amraoui,SUB,0,1.0,38,1.0,0.0,0.0,0.0,0.0,0.0,0.0,,0.0,0.0,1.0,0.0,0.0,0.0
639971,2023-05-27,ligue1,2022,11147,Nice,Montpellier,0,260035,Marcin Bulka,SUB,0,0.0,90,0.0,0.0,0.0,0.0,,0.0,0.0,0.0,0.0,0.0,0.0,0.0,0.0,0.0
639971,2023-05-27,ligue1,2022,11147,Nice,Montpellier,0,310859,Teddy Boulhendi,SUB,0,0.0,77,0.0,0.0,0.0,0.0,,0.0,0.0,0.0,0.0,0.0,0.0,0.0,0.0,0.0
639971,2023-05-27,ligue1,2022,11147,Nice,Montpellier,0,345323,Reda Belahyane,SUB,0,0.0,37,0.0,0.0,0.0,0.0,0.0,0.0,0.0,,0.0,0.0,0.0,0.0,0.0,0.0
639971,2023-05-27,ligue1,2022,11147,Nice,Montpellier,0,319161,Antoine Mendy,SUB,0,0.0,33,0.0,0.0,0.0,0.0,0.0,0.0,0.0,,0.0,0.0,0.0,0.0,0.0,0.0
639971,2023-05-27,ligue1,2022,11147,Nice,Montpellier,0,223776,Pablo Rosario,SUB,0,1.0,8,0.0,0.0,0.0,0.0,0.0,0.0,0.0,,0.0,0.0,1.0,0.0,0.0,1.0
639971,2023-05-27,ligue1,2022,11147,Nice,Montpellier,0,263364,Youcef Atal,SUB,0,1.0,20,0.0,0.0,0.0,0.0,0.0,0.0,0.0,,0.0,0.0,1.0,0.0,0.0,0.0
639971,2023-05-27,ligue1,2022,11147,Nice,Montpellier,0,288917,Alexis Beka Beka,SUB,0,1.0,21,1.0,0.0,0.0,0.0,0.0,0.0,0.0,,0.0,0.0,1.0,0.0,1.0,0.0
639971,2023-05-27,ligue1,2022,11147,Nice,Montpellier,0,345115,Badredine Bouanani,SUB,0,1.0,35,0.0,1.0,0.0,0.0,0.0,0.0,0.0,,0.0,0.0,1.0,0.0,0.0,0.0
639972,2023-05-27,ligue1,2022,11147,Marseille,Brest,1,203061,Pau López,G,1,1.0,16,0.0,0.0,0.0,2.0,,0.0,0.0,3.0,13.0,0.0,0.0,0.0,0.0,0.0
639972,2023-05-27,ligue1,2022,11147,Marseille,Brest,1,212342,Eric Bailly,CD,1,1.0,3,0.0,0.0,0.0,1.0,0.0,0.0,0.0,,0.0,0.0,0.0,0.0,0.0,0.0
639972,2023-05-27,ligue1,2022,11147,Marseille,Brest,1,271555,Leonardo Balerdi,CD-L,1,1.0,5,3.0,1.0,0.0,2.0,0.0,0.0,0.0,,0.0,0.0,0.0,0.0,0.0,1.0
639972,2023-05-27,ligue1,2022,11147,Marseille,Brest,1,174322,Chancel Mbemba,CD-R,1,1.0,99,0.0,1.0,0.0,2.0,0.0,0.0,0.0,,0.0,1.0,0.0,1.0,1.0,0.0
639972,2023-05-27,ligue1,2022,11147,Marseille,Brest,1,157675,Jordan Veretout,CM-L,1,1.0,27,2.0,2.0,1.0,2.0,0.0,0.0,0.0,,0.0,0.0,0.0,0.0,0.0,1.0
639972,2023-05-27,ligue1,2022,11147,Marseille,Brest,1,207136,Valentin Rongier,CM-R,1,1.0,21,2.0,1.0,0.0,2.0,0.0,0.0,0.0,,0.0,0.0,0.0,0.0,0.0,0.0
639972,2023-05-27,ligue1,2022,11147,Marseille,Brest,1,232089,Jonathan Clauss,LM,1,1.0,7,1.0,0.0,0.0,2.0,0.0,0.0,0.0,,0.0,0.0,0.0,0.0,0.0,0.0
639972,2023-05-27,ligue1,2022,11147,Marseille,Brest,1,239706,Cengiz Ünder,RM,1,1.0,17,1.0,2.0,0.0,2.0,0.0,0.0,0.0,,0.0,1.0,0.0,0.0,3.0,0.0
639972,2023-05-27,ligue1,2022,11147,Marseille,Brest,1,403234,Vitinha,F,1,1.0,9,1.0,4.0,0.0,0.0,0.0,0.0,0.0,,0.0,2.0,0.0,0.0,3.0,0.0
639972,2023-05-27,ligue1,2022,11147,Marseille,Brest,1,92055,Alexis Sánchez,CF-L,1,1.0,70,2.0,1.0,0.0,2.0,0.0,0.0,0.0,,0.0,0.0,0.0,0.0,0.0,0.0
639972,2023-05-27,ligue1,2022,11147,Marseille,Brest,1,248676,Matteo Guendouzi,CF-R,1,1.0,6,0.0,0.0,0.0,1.0,0.0,0.0,0.0,,0.0,0.0,0.0,0.0,1.0,0.0
639972,2023-05-27,ligue1,2022,11147,Marseille,Brest,1,288901,Nuno Tavares,SUB,0,1.0,30,1.0,3.0,0.0,2.0,0.0,0.0,0.0,,0.0,0.0,1.0,0.0,2.0,0.0
639972,2023-05-27,ligue1,2022,11147,Marseille,Brest,1,167069,Rubén Blanco,SUB,0,0.0,36,0.0,0.0,0.0,0.0,,0.0,0.0,0.0,0.0,0.0,0.0,0.0,0.0,0.0
639972,2023-05-27,ligue1,2022,11147,Marseille,Brest,1,208789,Ruslan Malinovskyi,SUB,0,1.0,18,0.0,0.0,0.0,1.0,0.0,0.0,0.0,,0.0,0.0,1.0,0.0,0.0,0.0
639972,2023-05-27,ligue1,2022,11147,Marseille,Brest,1,311984,Bartug Elmaz,SUB,0,0.0,47,0.0,0.0,0.0,0.0,0.0,0.0,0.0,,0.0,0.0,0.0,0.0,0.0,0.0
639972,2023-05-27,ligue1,2022,11147,Marseille,Brest,1,294427,Issa Kaboré,SUB,0,0.0,29,0.0,0.0,0.0,0.0,0.0,0.0,0.0,,0.0,0.0,0.0,0.0,0.0,0.0
639972,2023-05-27,ligue1,2022,11147,Marseille,Brest,1,170553,Sead Kolasinac,SUB,0,1.0,23,0.0,1.0,0.0,1.0,1.0,0.0,0.0,,0.0,0.0,1.0,0.0,0.0,0.0
639972,2023-05-27,ligue1,2022,11147,Brest,Marseille,0,132233,Marco Bizot,G,1,1.0,40,0.0,0.0,0.0,1.0,,0.0,0.0,3.0,9.0,0.0,0.0,0.0,0.0,0.0
639972,2023-05-27,ligue1,2022,11147,Brest,Marseille,0,290141,Lilian Brassier,CD-L,1,1.0,3,3.0,1.0,0.0,1.0,0.0,0.0,0.0,,0.0,0.0,0.0,0.0,1.0,0.0
639972,2023-05-27,ligue1,2022,11147,Brest,Marseille,0,186408,Brendan Chardonnet,CD-R,1,1.0,5,2.0,1.0,0.0,1.0,0.0,0.0,0.0,,0.0,0.0,0.0,0.0,1.0,1.0
639972,2023-05-27,ligue1,2022,11147,Brest,Marseille,0,241032,Jean-Kévin Duverne,LB,1,1.0,2,1.0,0.0,0.0,1.0,0.0,0.0,0.0,,0.0,0.0,0.0,0.0,0.0,0.0
639972,2023-05-27,ligue1,2022,11147,Brest,Marseille,0,164187,Kenny Lala,RB,1,1.0,27,2.0,3.0,0.0,1.0,0.0,0.0,0.0,,0.0,1.0,0.0,0.0,1.0,1.0
639972,2023-05-27,ligue1,2022,11147,Brest,Marseille,0,221527,Pierre Lees-Melou,CM,1,1.0,20,0.0,1.0,2.0,1.0,0.0,0.0,0.0,,0.0,0.0,0.0,0.0,2.0,0.0
639972,2023-05-27,ligue1,2022,11147,Brest,Marseille,0,250377,Hugo Magnetti,LM,1,1.0,8,2.0,1.0,0.0,0.0,0.0,0.0,0.0,,0.0,1.0,0.0,1.0,1.0,0.0
639972,2023-05-27,ligue1,2022,11147,Brest,Marseille,0,206993,Haris Belkebla,RM,1,1.0,7,1.0,1.0,0.0,0.0,0.0,0.0,0.0,,0.0,0.0,0.0,0.0,0.0,0.0
639972,2023-05-27,ligue1,2022,11147,Brest,Marseille,0,192672,Steve Mounié,F,1,1.0,15,0.0,2.0,0.0,1.0,0.0,0.0,0.0,,0.0,1.0,0.0,0.0,3.0,0.0
639972,2023-05-27,ligue1,2022,11147,Brest,Marseille,0,305693,Jeremy Le Douaron,LF,1,1.0,22,1.0,0.0,0.0,0.0,0.0,0.0,0.0,,0.0,0.0,0.0,0.0,0.0,0.0
639972,2023-05-27,ligue1,2022,11147,Brest,Marseille,0,233835,Mathias Pereira Lage,RF,1,1.0,29,0.0,0.0,0.0,0.0,0.0,0.0,0.0,,0.0,1.0,0.0,0.0,1.0,0.0
639972,2023-05-27,ligue1,2022,11147,Brest,Marseille,0,172299,Christophe Hérelle,SUB,0,0.0,23,0.0,0.0,0.0,0.0,0.0,0.0,0.0,,0.0,0.0,0.0,0.0,0.0,0.0
639972,2023-05-27,ligue1,2022,11147,Brest,Marseille,0,324572,Bradley Locko,SUB,0,0.0,28,0.0,0.0,0.0,0.0,0.0,0.0,0.0,,0.0,0.0,0.0,0.0,0.0,0.0
639972,2023-05-27,ligue1,2022,11147,Brest,Marseille,0,196029,Franck Honorat,SUB,0,1.0,9,0.0,0.0,0.0,1.0,0.0,0.0,0.0,,0.0,0.0,1.0,0.0,1.0,0.0
639972,2023-05-27,ligue1,2022,11147,Brest,Marseille,0,283557,Achraf Dari,SUB,0,0.0,4,0.0,0.0,0.0,0.0,0.0,0.0,0.0,,0.0,0.0,0.0,0.0,0.0,0.0
639972,2023-05-27,ligue1,2022,11147,Brest,Marseille,0,230896,Romain Del Castillo,SUB,0,1.0,10,1.0,0.0,0.0,1.0,0.0,0.0,0.0,,0.0,0.0,1.0,0.0,2.0,0.0
639972,2023-05-27,ligue1,2022,11147,Brest,Marseille,0,324419,Felix Lemarechal,SUB,0,1.0,37,1.0,0.0,0.0,1.0,0.0,0.0,0.0,,0.0,0.0,1.0,0.0,1.0,0.0
639972,2023-05-27,ligue1,2022,11147,Brest,Marseille,0,268966,Mahdi Camara,SUB,0,1.0,45,0.0,2.0,0.0,1.0,0.0,0.0,0.0,,0.0,1.0,1.0,1.0,1.0,0.0
639972,2023-05-27,ligue1,2022,11147,Brest,Marseille,0,260239,Grégoire Coudert,SUB,0,0.0,30,0.0,0.0,0.0,0.0,,0.0,0.0,0.0,0.0,0.0,0.0,0.0,0.0,0.0
639972,2023-05-27,ligue1,2022,11147,Brest,Marseille,0,195318,Alberth Elis,SUB,0,1.0,17,2.0,1.0,0.0,0.0,0.0,0.0,0.0,,0.0,0.0,1.0,0.0,0.0,0.0
639973,2023-05-27,ligue1,2022,11147,Lyon,Stade de Reims,1,131743,Anthony Lopes,G,1,1.0,1,0.0,1.0,0.0,0.0,,0.0,0.0,2.0,10.0,0.0,0.0,0.0,0.0,0.0
639973,2023-05-27,ligue1,2022,11147,Lyon,Stade de Reims,1,319100,Castello Lukeba,CD-L,1,1.0,4,0.0,3.0,0.0,0.0,0.0,0.0,0.0,,0.0,0.0,0.0,0.0,0.0,0.0
639973,2023-05-27,ligue1,2022,11147,Lyon,Stade de Reims,1,95290,Jérôme Boateng,CD-R,1,1.0,17,0.0,0.0,0.0,0.0,0.0,0.0,0.0,,0.0,0.0,0.0,0.0,0.0,0.0
639973,2023-05-27,ligue1,2022,11147,Lyon,Stade de Reims,1,145190,Nicolás Tagliafico,LB,1,1.0,3,1.0,1.0,0.0,0.0,1.0,0.0,0.0,,0.0,0.0,0.0,0.0,1.0,0.0
639973,2023-05-27,ligue1,2022,11147,Lyon,Stade de Reims,1,331084,Saël Kumbedi,RB,1,1.0,20,2.0,0.0,0.0,0.0,0.0,0.0,0.0,,0.0,0.0,0.0,0.0,0.0,0.0
639973,2023-05-27,ligue1,2022,11147,Lyon,Stade de Reims,1,298008,Rayan Cherki,AM,1,1.0,18,0.0,1.0,1.0,0.0,1.0,0.0,0.0,,0.0,1.0,0.0,0.0,4.0,0.0
639973,2023-05-27,ligue1,2022,11147,Lyon,Stade de Reims,1,192060,Corentin Tolisso,LM,1,1.0,88,1.0,2.0,0.0,0.0,0.0,0.0,0.0,,0.0,0.0,0.0,0.0,5.0,0.0
639973,2023-05-27,ligue1,2022,11147,Lyon,Stade de Reims,1,265912,Maxence Caqueret,RM,1,1.0,6,3.0,2.0,0.0,0.0,0.0,0.0,0.0,,0.0,1.0,0.0,1.0,1.0,0.0
639973,2023-05-27,ligue1,2022,11147,Lyon,Stade de Reims,1,131752,Alexandre Lacazette,F,1,1.0,10,1.0,4.0,0.0,0.0,0.0,0.0,0.0,,0.0,1.0,0.0,1.0,4.0,0.0
639973,2023-05-27,ligue1,2022,11147,Lyon,Stade de Reims,1,301780,Jeffinho,AM-L,1,1.0,47,0.0,1.0,0.0,0.0,1.0,0.0,0.0,,0.0,1.0,0.0,0.0,2.0,0.0
639973,2023-05-27,ligue1,2022,11147,Lyon,Stade de Reims,1,328238,Bradley Barcola,AM-R,1,1.0,26,0.0,0.0,1.0,0.0,1.0,0.0,0.0,,0.0,1.0,0.0,0.0,2.0,0.0
639973,2023-05-27,ligue1,2022,11147,Lyon,Stade de Reims,1,201717,Thiago Mendes,SUB,0,0.0,23,0.0,0.0,0.0,0.0,0.0,0.0,0.0,,0.0,0.0,0.0,0.0,0.0,0.0
639973,2023-05-27,ligue1,2022,11147,Lyon,Stade de Reims,1,355433,Mamadou Sarr,SUB,0,1.0,29,0.0,0.0,0.0,0.0,0.0,0.0,0.0,,0.0,0.0,1.0,0.0,0.0,0.0
639973,2023-05-27,ligue1,2022,11147,Lyon,Stade de Reims,1,308947,Malo Gusto,SUB,0,1.0,27,0.0,0.0,0.0,0.0,0.0,0.0,0.0,,0.0,0.0,1.0,0.0,0.0,0.0
639973,2023-05-27,ligue1,2022,11147,Lyon,Stade de Reims,1,200671,Henrique,SUB,0,0.0,12,0.0,0.0,0.0,0.0,0.0,0.0,0.0,,0.0,0.0,0.0,0.0,0.0,0.0
639973,2023-05-27,ligue1,2022,11147,Lyon,Stade de Reims,1,241116,Houssem Aouar,SUB,0,1.0,8,1.0,0.0,0.0,0.0,0.0,0.0,0.0,,0.0,2.0,1.0,0.0,3.0,0.0
639973,2023-05-27,ligue1,2022,11147,Lyon,Stade de Reims,1,303752,Amin Sarr,SUB,0,1.0,7,0.0,0.0,0.0,0.0,0.0,0.0,0.0,,0.0,0.0,1.0,0.0,0.0,0.0
639973,2023-05-27,ligue1,2022,11147,Lyon,Stade de Reims,1,86255,Rémy Riou,SUB,0,0.0,35,0.0,0.0,0.0,0.0,,0.0,0.0,0.0,0.0,0.0,0.0,0.0,0.0,0.0
639973,2023-05-27,ligue1,2022,11147,Lyon,Stade de Reims,1,297166,Johann Lepenant,SUB,0,1.0,24,1.0,0.0,0.0,0.0,0.0,0.0,0.0,,0.0,0.0,1.0,0.0,1.0,1.0
639973,2023-05-27,ligue1,2022,11147,Stade de Reims,Lyon,0,241029,Yehvann Diouf,G,1,1.0,94,0.0,0.0,0.0,2.0,,0.0,0.0,5.0,21.0,0.0,0.0,0.0,0.0,0.0
639973,2023-05-27,ligue1,2022,11147,Stade de Reims,Lyon,0,266096,Marshall Munetsi,CD,1,1.0,15,1.0,0.0,0.0,2.0,1.0,0.0,0.0,,0.0,0.0,0.0,0.0,0.0,0.0
639973,2023-05-27,ligue1,2022,11147,Stade de Reims,Lyon,0,308449,Emmanuel Agbadou,CD-L,1,1.0,24,2.0,0.0,0.0,2.0,0.0,1.0,1.0,,0.0,1.0,0.0,0.0,1.0,0.0
639973,2023-05-27,ligue1,2022,11147,Stade de Reims,Lyon,0,179985,Thomas Foket,CD-R,1,1.0,32,0.0,0.0,0.0,2.0,1.0,0.0,0.0,,0.0,0.0,0.0,0.0,0.0,0.0
639973,2023-05-27,ligue1,2022,11147,Stade de Reims,Lyon,0,274971,Jens Cajuste,CM-L,1,1.0,8,1.0,1.0,0.0,2.0,0.0,0.0,0.0,,0.0,0.0,0.0,0.0,0.0,0.0
639973,2023-05-27,ligue1,2022,11147,Stade de Reims,Lyon,0,359165,Valentin Atangana,CM-R,1,1.0,49,4.0,2.0,0.0,1.0,0.0,0.0,0.0,,0.0,0.0,0.0,0.0,0.0,0.0
639973,2023-05-27,ligue1,2022,11147,Stade de Reims,Lyon,0,246825,Azor Matusiwa,AM,1,1.0,21,2.0,3.0,0.0,2.0,1.0,0.0,0.0,,0.0,0.0,0.0,0.0,0.0,0.0
639973,2023-05-27,ligue1,2022,11147,Stade de Reims,Lyon,0,265916,Alexis Flips,LM,1,1.0,70,1.0,0.0,0.0,1.0,0.0,0.0,0.0,,0.0,0.0,0.0,0.0,3.0,0.0
639973,2023-05-27,ligue1,2022,11147,Stade de Reims,Lyon,0,276839,Maxime Busi,RM,1,1.0,4,3.0,0.0,0.0,2.0,1.0,0.0,0.0,,0.0,0.0,0.0,0.0,0.0,0.0
639973,2023-05-27,ligue1,2022,11147,Stade de Reims,Lyon,0,282643,Folarin Balogun,CF-L,1,1.0,29,0.0,1.0,0.0,2.0,0.0,0.0,0.0,,0.0,1.0,0.0,0.0,5.0,0.0
639973,2023-05-27,ligue1,2022,11147,Stade de Reims,Lyon,0,219350,Junya Ito,CF-R,1,1.0,39,0.0,2.0,0.0,2.0,0.0,0.0,0.0,,0.0,0.0,0.0,0.0,1.0,0.0
639973,2023-05-27,ligue1,2022,11147,Stade de Reims,Lyon,0,340578,Samuel Koeberle,SUB,0,1.0,48,0.0,0.0,0.0,0.0,0.0,0.0,0.0,,0.0,0.0,1.0,0.0,0.0,0.0
639973,2023-05-27,ligue1,2022,11147,Stade de Reims,Lyon,0,302688,Mohamed Toure,SUB,0,0.0,57,0.0,0.0,0.0,0.0,0.0,0.0,0.0,,0.0,0.0,0.0,0.0,0.0,0.0
639973,2023-05-27,ligue1,2022,11147,Stade de Reims,Lyon,0,287477,Dion Lopy,SUB,0,1.0,17,0.0,0.0,0.0,1.0,0.0,0.0,0.0,,0.0,0.0,1.0,0.0,1.0,0.0
639973,2023-05-27,ligue1,2022,11147,Stade de Reims,Lyon,0,362875,Mamadou Diakhon,SUB,0,1.0,67,0.0,0.0,0.0,0.0,0.0,0.0,0.0,,0.0,0.0,1.0,0.0,0.0,0.0
639973,2023-05-27,ligue1,2022,11147,Stade de Reims,Lyon,0,345392,Florent Duparchy,SUB,0,0.0,40,0.0,0.0,0.0,0.0,,0.0,0.0,0.0,0.0,0.0,0.0,0.0,0.0,0.0
639973,2023-05-27,ligue1,2022,11147,Stade de Reims,Lyon,0,250529,Kaj Sierhuis,SUB,0,0.0,9,0.0,0.0,0.0,0.0,0.0,0.0,0.0,,0.0,0.0,0.0,0.0,0.0,0.0
639973,2023-05-27,ligue1,2022,11147,Stade de Reims,Lyon,0,355253,Fallou Fall,SUB,0,1.0,46,1.0,1.0,0.0,1.0,0.0,0.0,0.0,,0.0,0.0,1.0,0.0,0.0,1.0
639973,2023-05-27,ligue1,2022,11147,Stade de Reims,Lyon,0,246805,Thibault De Smet,SUB,0,1.0,25,0.0,0.0,0.0,0.0,0.0,0.0,0.0,,0.0,0.0,1.0,0.0,0.0,0.0
639973,2023-05-27,ligue1,2022,11147,Stade de Reims,Lyon,0,202705,Arbër Zeneli,SUB,0,0.0,10,0.0,0.0,0.0,0.0,0.0,0.0,0.0,,0.0,0.0,0.0,0.0,0.0,0.0
639974,2023-05-27,ligue1,2022,11147,Toulouse,AJ Auxerre,1,157963,Maxime Dupé,G,1,1.0,30,0.0,0.0,0.0,1.0,,0.0,0.0,1.0,15.0,0.0,0.0,0.0,0.0,0.0
639974,2023-05-27,ligue1,2022,11147,Toulouse,AJ Auxerre,1,238213,Rasmus Nicolaisen,CD-L,1,1.0,2,0.0,2.0,0.0,1.0,0.0,0.0,0.0,,0.0,1.0,0.0,0.0,1.0,0.0
639974,2023-05-27,ligue1,2022,11147,Toulouse,AJ Auxerre,1,291614,Anthony Rouault,CD-R,1,1.0,4,1.0,1.0,0.0,1.0,0.0,0.0,0.0,,0.0,0.0,0.0,0.0,0.0,0.0
639974,2023-05-27,ligue1,2022,11147,Toulouse,AJ Auxerre,1,222037,Gabriel Suazo,LB,1,1.0,15,2.0,1.0,0.0,1.0,0.0,0.0,0.0,,0.0,0.0,0.0,0.0,0.0,0.0
639974,2023-05-27,ligue1,2022,11147,Toulouse,AJ Auxerre,1,213250,Mikkel Desler,RB,1,1.0,3,1.0,0.0,0.0,1.0,1.0,0.0,0.0,,0.0,0.0,0.0,0.0,0.0,0.0
639974,2023-05-27,ligue1,2022,11147,Toulouse,AJ Auxerre,1,195532,Brecht Dejaegere,AM,1,1.0,10,2.0,1.0,0.0,1.0,1.0,0.0,0.0,,0.0,0.0,0.0,0.0,0.0,0.0
639974,2023-05-27,ligue1,2022,11147,Toulouse,AJ Auxerre,1,196234,Branco van den Boomen,LM,1,1.0,8,3.0,1.0,0.0,1.0,0.0,0.0,0.0,,0.0,1.0,0.0,0.0,2.0,0.0
639974,2023-05-27,ligue1,2022,11147,Toulouse,AJ Auxerre,1,216288,Stijn Spierings,RM,1,1.0,17,2.0,3.0,0.0,1.0,1.0,0.0,0.0,,0.0,0.0,0.0,0.0,0.0,1.0
639974,2023-05-27,ligue1,2022,11147,Toulouse,AJ Auxerre,1,266280,Thijs Dallinga,F,1,1.0,27,0.0,0.0,0.0,1.0,0.0,0.0,0.0,,0.0,0.0,0.0,0.0,3.0,0.0
639974,2023-05-27,ligue1,2022,11147,Toulouse,AJ Auxerre,1,277865,Zakaria Aboukhlal,AM-L,1,1.0,6,1.0,1.0,0.0,1.0,1.0,0.0,0.0,,0.0,1.0,0.0,1.0,2.0,0.0
639974,2023-05-27,ligue1,2022,11147,Toulouse,AJ Auxerre,1,198512,Rafael Ratão,AM-R,1,1.0,21,2.0,2.0,1.0,1.0,0.0,0.0,0.0,,0.0,0.0,0.0,0.0,1.0,0.0
639974,2023-05-27,ligue1,2022,11147,Toulouse,AJ Auxerre,1,253174,Ado Onaiwu,SUB,0,1.0,7,0.0,0.0,0.0,0.0,0.0,0.0,0.0,,0.0,0.0,1.0,0.0,0.0,0.0
639974,2023-05-27,ligue1,2022,11147,Toulouse,AJ Auxerre,1,240957,Denis Genreau,SUB,0,0.0,5,0.0,0.0,0.0,0.0,0.0,0.0,0.0,,0.0,0.0,0.0,0.0,0.0,0.0
639974,2023-05-27,ligue1,2022,11147,Toulouse,AJ Auxerre,1,238991,Veljko Birmancevic,SUB,0,0.0,19,0.0,0.0,0.0,0.0,0.0,0.0,0.0,,0.0,0.0,0.0,0.0,0.0,0.0
639974,2023-05-27,ligue1,2022,11147,Toulouse,AJ Auxerre,1,218857,Vincent Sierro,SUB,0,1.0,13,2.0,0.0,0.0,0.0,0.0,0.0,0.0,,0.0,0.0,1.0,0.0,0.0,0.0
639974,2023-05-27,ligue1,2022,11147,Toulouse,AJ Auxerre,1,271129,Logan Costa,SUB,0,0.0,14,0.0,0.0,0.0,0.0,0.0,0.0,0.0,,0.0,0.0,0.0,0.0,0.0,0.0
639974,2023-05-27,ligue1,2022,11147,Toulouse,AJ Auxerre,1,261423,Kjetil Haug,SUB,0,0.0,16,0.0,0.0,0.0,0.0,,0.0,0.0,0.0,0.0,0.0,0.0,0.0,0.0,0.0
639974,2023-05-27,ligue1,2022,11147,Toulouse,AJ Auxerre,1,304889,Waren Kamanzi,SUB,0,0.0,26,0.0,0.0,0.0,0.0,0.0,0.0,0.0,,0.0,0.0,0.0,0.0,0.0,0.0
639974,2023-05-27,ligue1,2022,11147,Toulouse,AJ Auxerre,1,213535,Moussa Diarra,SUB,0,0.0,23,0.0,0.0,0.0,0.0,0.0,0.0,0.0,,0.0,0.0,0.0,0.0,0.0,0.0
639974,2023-05-27,ligue1,2022,11147,Toulouse,AJ Auxerre,1,337306,Farès Chaïbi,SUB,0,1.0,28,1.0,1.0,0.0,0.0,0.0,0.0,0.0,,0.0,0.0,1.0,0.0,0.0,0.0
639974,2023-05-27,ligue1,2022,11147,AJ Auxerre,Toulouse,0,144720,Andrei Radu,G,1,1.0,1,0.0,0.0,0.0,1.0,,0.0,0.0,3.0,8.0,0.0,0.0,0.0,0.0,0.0
639974,2023-05-27,ligue1,2022,11147,AJ Auxerre,Toulouse,0,198563,Jubal,CD,1,1.0,4,1.0,0.0,0.0,1.0,0.0,0.0,0.0,,0.0,1.0,0.0,0.0,1.0,1.0
639974,2023-05-27,ligue1,2022,11147,AJ Auxerre,Toulouse,0,306535,Isaak Touré,CD-L,1,1.0,95,1.0,0.0,0.0,1.0,0.0,0.0,0.0,,0.0,0.0,0.0,0.0,0.0,0.0
639974,2023-05-27,ligue1,2022,11147,AJ Auxerre,Toulouse,0,213101,Rayan Raveloson,CD-R,1,1.0,97,0.0,2.0,0.0,1.0,0.0,0.0,0.0,,0.0,1.0,0.0,1.0,4.0,0.0
639974,2023-05-27,ligue1,2022,11147,AJ Auxerre,Toulouse,0,264484,Gideon Mensah,LB,1,1.0,14,0.0,3.0,0.0,1.0,0.0,0.0,0.0,,0.0,0.0,0.0,0.0,0.0,0.0
639974,2023-05-27,ligue1,2022,11147,AJ Auxerre,Toulouse,0,204778,Akim Zedadka,RB,1,1.0,13,2.0,1.0,0.0,1.0,0.0,0.0,0.0,,0.0,0.0,0.0,0.0,1.0,0.0
639974,2023-05-27,ligue1,2022,11147,AJ Auxerre,Toulouse,0,174896,Birama Touré,CM-L,1,1.0,12,2.0,1.0,0.0,1.0,0.0,0.0,0.0,,0.0,0.0,0.0,0.0,0.0,0.0
639974,2023-05-27,ligue1,2022,11147,AJ Auxerre,Toulouse,0,282885,Han-Noah Massengo,CM-R,1,1.0,80,2.0,5.0,0.0,1.0,0.0,0.0,0.0,,0.0,0.0,0.0,0.0,1.0,1.0
639974,2023-05-27,ligue1,2022,11147,AJ Auxerre,Toulouse,0,271137,Lassine Sinayoko,LM,1,1.0,17,2.0,0.0,0.0,1.0,0.0,0.0,0.0,,0.0,0.0,0.0,0.0,2.0,0.0
639974,2023-05-27,ligue1,2022,11147,AJ Auxerre,Toulouse,0,239905,Gauthier Hein,RM,1,1.0,7,0.0,0.0,0.0,1.0,1.0,0.0,0.0,,0.0,0.0,0.0,0.0,2.0,0.0
639974,2023-05-27,ligue1,2022,11147,AJ Auxerre,Toulouse,0,224798,Nuno da Costa,F,1,1.0,9,2.0,1.0,0.0,1.0,0.0,0.0,0.0,,0.0,0.0,0.0,0.0,1.0,0.0
639974,2023-05-27,ligue1,2022,11147,AJ Auxerre,Toulouse,0,144018,Mathias Autret,SUB,0,1.0,29,0.0,0.0,0.0,0.0,0.0,0.0,0.0,,0.0,0.0,1.0,0.0,0.0,0.0
639974,2023-05-27,ligue1,2022,11147,AJ Auxerre,Toulouse,0,172195,Youssouf M'Changama,SUB,0,0.0,6,0.0,0.0,0.0,0.0,0.0,0.0,0.0,,0.0,0.0,0.0,0.0,0.0,0.0
639974,2023-05-27,ligue1,2022,11147,AJ Auxerre,Toulouse,0,164165,Donovan Léon,SUB,0,0.0,16,0.0,0.0,0.0,0.0,,0.0,0.0,0.0,0.0,0.0,0.0,0.0,0.0,0.0
639974,2023-05-27,ligue1,2022,11147,AJ Auxerre,Toulouse,0,190292,Hamza Sakhi,SUB,0,1.0,22,0.0,0.0,0.0,0.0,0.0,0.0,0.0,,0.0,0.0,1.0,0.0,1.0,0.0
639974,2023-05-27,ligue1,2022,11147,AJ Auxerre,Toulouse,0,176561,Julian Jeanvier,SUB,0,0.0,27,0.0,0.0,0.0,0.0,0.0,0.0,0.0,,0.0,0.0,0.0,0.0,0.0,0.0
639974,2023-05-27,ligue1,2022,11147,AJ Auxerre,Toulouse,0,318389,Matthis Abline,SUB,0,1.0,19,1.0,1.0,0.0,0.0,0.0,0.0,0.0,,0.0,0.0,1.0,0.0,1.0,1.0
639974,2023-05-27,ligue1,2022,11147,AJ Auxerre,Toulouse,0,259032,Siriki Dembele,SUB,0,1.0,77,0.0,1.0,0.0,0.0,0.0,0.0,0.0,,0.0,0.0,1.0,0.0,0.0,0.0
639974,2023-05-27,ligue1,2022,11147,AJ Auxerre,Toulouse,0,231778,Gaetan Perrin,SUB,0,1.0,10,0.0,2.0,0.0,0.0,0.0,0.0,0.0,,0.0,0.0,1.0,0.0,2.0,0.0
639974,2023-05-27,ligue1,2022,11147,AJ Auxerre,Toulouse,0,197153,Théo Pellenard,SUB,0,0.0,5,0.0,0.0,0.0,0.0,0.0,0.0,0.0,,0.0,0.0,0.0,0.0,0.0,0.0
639975,2023-05-27,ligue1,2022,11147,Lens,AC Ajaccio,1,164126,Brice Samba,G,1,1.0,30,0.0,0.0,0.0,0.0,,0.0,0.0,0.0,5.0,0.0,0.0,0.0,0.0,0.0
639975,2023-05-27,ligue1,2022,11147,Lens,AC Ajaccio,1,250543,Kevin Danso,CD,1,1.0,4,2.0,2.0,0.0,0.0,0.0,0.0,0.0,,0.0,0.0,0.0,0.0,0.0,0.0
639975,2023-05-27,ligue1,2022,11147,Lens,AC Ajaccio,1,249663,Facundo Medina,CD-L,1,1.0,14,3.0,0.0,1.0,0.0,0.0,0.0,0.0,,0.0,0.0,0.0,0.0,0.0,0.0
639975,2023-05-27,ligue1,2022,11147,Lens,AC Ajaccio,1,197187,Jonathan Gradit,CD-R,1,1.0,24,0.0,2.0,0.0,0.0,2.0,0.0,0.0,,0.0,0.0,0.0,0.0,0.0,0.0
639975,2023-05-27,ligue1,2022,11147,Lens,AC Ajaccio,1,184118,Seko Fofana,CM-L,1,1.0,8,1.0,2.0,0.0,0.0,0.0,0.0,0.0,,0.0,0.0,0.0,0.0,4.0,0.0
639975,2023-05-27,ligue1,2022,11147,Lens,AC Ajaccio,1,292769,Salis Abdul Samed,CM-R,1,1.0,26,0.0,0.0,0.0,0.0,0.0,0.0,0.0,,0.0,0.0,0.0,0.0,0.0,0.0
639975,2023-05-27,ligue1,2022,11147,Lens,AC Ajaccio,1,197401,Deiver Machado,LM,1,1.0,3,2.0,1.0,0.0,0.0,0.0,0.0,0.0,,0.0,1.0,0.0,1.0,1.0,0.0
639975,2023-05-27,ligue1,2022,11147,Lens,AC Ajaccio,1,215687,Florian Sotoca,RM,1,1.0,7,0.0,3.0,0.0,0.0,0.0,0.0,0.0,,0.0,0.0,0.0,0.0,1.0,0.0
639975,2023-05-27,ligue1,2022,11147,Lens,AC Ajaccio,1,276265,Loïs Openda,F,1,1.0,11,2.0,0.0,0.0,0.0,0.0,0.0,0.0,,0.0,1.0,0.0,1.0,1.0,1.0
639975,2023-05-27,ligue1,2022,11147,Lens,AC Ajaccio,1,173266,Adrien Thomasson,CF-L,1,1.0,28,1.0,0.0,1.0,0.0,0.0,0.0,0.0,,0.0,1.0,0.0,1.0,2.0,0.0
639975,2023-05-27,ligue1,2022,11147,Lens,AC Ajaccio,1,215452,Angelo Fulgini,CF-R,1,1.0,20,1.0,0.0,0.0,0.0,0.0,0.0,0.0,,0.0,0.0,0.0,0.0,0.0,0.0
639975,2023-05-27,ligue1,2022,11147,Lens,AC Ajaccio,1,186189,Wesley Saïd,SUB,0,1.0,22,0.0,0.0,0.0,0.0,0.0,0.0,0.0,,0.0,0.0,1.0,0.0,0.0,0.0
639975,2023-05-27,ligue1,2022,11147,Lens,AC Ajaccio,1,154532,Massadio Haidara,SUB,0,1.0,21,0.0,0.0,0.0,0.0,0.0,0.0,0.0,,0.0,0.0,1.0,0.0,2.0,0.0
639975,2023-05-27,ligue1,2022,11147,Lens,AC Ajaccio,1,326499,Lukasz Poreba,SUB,0,0.0,13,0.0,0.0,0.0,0.0,0.0,0.0,0.0,,0.0,0.0,0.0,0.0,0.0,0.0
639975,2023-05-27,ligue1,2022,11147,Lens,AC Ajaccio,1,257211,Adam Buksa,SUB,0,1.0,9,0.0,0.0,0.0,0.0,0.0,0.0,0.0,,0.0,0.0,1.0,0.0,0.0,0.0
639975,2023-05-27,ligue1,2022,11147,Lens,AC Ajaccio,1,121956,Jean-Louis Leca,SUB,0,0.0,16,0.0,0.0,0.0,0.0,,0.0,0.0,0.0,0.0,0.0,0.0,0.0,0.0,0.0
639975,2023-05-27,ligue1,2022,11147,Lens,AC Ajaccio,1,323063,Julien Le Cardinal,SUB,0,0.0,25,0.0,0.0,0.0,0.0,0.0,0.0,0.0,,0.0,0.0,0.0,0.0,0.0,0.0
639975,2023-05-27,ligue1,2022,11147,Lens,AC Ajaccio,1,303579,David Da Costa,SUB,0,1.0,10,0.0,0.0,0.0,0.0,0.0,0.0,0.0,,0.0,0.0,1.0,0.0,1.0,0.0
639975,2023-05-27,ligue1,2022,11147,Lens,AC Ajaccio,1,302948,Jean Onana,SUB,0,0.0,6,0.0,0.0,0.0,0.0,0.0,0.0,0.0,,0.0,0.0,0.0,0.0,0.0,0.0
639975,2023-05-27,ligue1,2022,11147,Lens,AC Ajaccio,1,228503,Alexis Claude-Maurice,SUB,0,1.0,18,0.0,0.0,0.0,0.0,0.0,0.0,0.0,,0.0,0.0,1.0,0.0,0.0,0.0
639975,2023-05-27,ligue1,2022,11147,AC Ajaccio,Lens,0,204683,Francois-Joseph Sollacaro,G,1,1.0,16,0.0,0.0,0.0,3.0,,0.0,0.0,0.0,9.0,0.0,0.0,0.0,0.0,0.0
639975,2023-05-27,ligue1,2022,11147,AC Ajaccio,Lens,0,275654,Clément Vidal,CD,1,1.0,15,0.0,3.0,0.0,3.0,0.0,0.0,0.0,,0.0,0.0,0.0,0.0,0.0,0.0
639975,2023-05-27,ligue1,2022,11147,AC Ajaccio,Lens,0,89067,Cédric Avinel,CD-L,1,1.0,21,0.0,1.0,0.0,3.0,0.0,0.0,0.0,,0.0,0.0,0.0,0.0,0.0,0.0
639975,2023-05-27,ligue1,2022,11147,AC Ajaccio,Lens,0,238259,Oumar Gonzalez,CD-R,1,1.0,25,1.0,0.0,0.0,3.0,0.0,0.0,0.0,,0.0,0.0,0.0,0.0,0.0,1.0
639975,2023-05-27,ligue1,2022,11147,AC Ajaccio,Lens,0,154616,Michael Barreto,CM-L,1,1.0,4,0.0,1.0,0.0,3.0,1.0,0.0,0.0,,0.0,0.0,0.0,0.0,2.0,0.0
639975,2023-05-27,ligue1,2022,11147,AC Ajaccio,Lens,0,219153,Vincent Marchetti,CM-R,1,1.0,8,0.0,0.0,0.0,3.0,0.0,0.0,0.0,,0.0,0.0,0.0,0.0,0.0,0.0
639975,2023-05-27,ligue1,2022,11147,AC Ajaccio,Lens,0,362062,Tony Strata,LM,1,1.0,31,2.0,1.0,0.0,3.0,0.0,0.0,0.0,,0.0,0.0,0.0,0.0,0.0,1.0
639975,2023-05-27,ligue1,2022,11147,AC Ajaccio,Lens,0,105036,Mohamed Youssouf,RM,1,1.0,20,0.0,1.0,0.0,3.0,0.0,0.0,0.0,,0.0,0.0,0.0,0.0,1.0,0.0
639975,2023-05-27,ligue1,2022,11147,AC Ajaccio,Lens,0,362491,Ben Touré,F,1,1.0,33,2.0,1.0,0.0,3.0,0.0,0.0,0.0,,0.0,0.0,0.0,0.0,1.0,0.0
639975,2023-05-27,ligue1,2022,11147,AC Ajaccio,Lens,0,138522,Riad Nouri,CF-L,1,1.0,5,2.0,0.0,0.0,3.0,0.0,0.0,0.0,,0.0,0.0,0.0,0.0,1.0,0.0
639975,2023-05-27,ligue1,2022,11147,AC Ajaccio,Lens,0,247916,Cyrille Bayala,CF-R,1,1.0,14,2.0,4.0,0.0,3.0,0.0,0.0,0.0,,0.0,0.0,0.0,0.0,0.0,0.0
639975,2023-05-27,ligue1,2022,11147,AC Ajaccio,Lens,0,139363,Benjamin Leroy,SUB,0,0.0,1,0.0,0.0,0.0,0.0,,0.0,0.0,0.0,0.0,0.0,0.0,0.0,0.0,0.0
639975,2023-05-27,ligue1,2022,11147,AC Ajaccio,Lens,0,84988,Mathieu Coutadeur,SUB,0,1.0,6,0.0,0.0,0.0,0.0,0.0,0.0,0.0,,0.0,0.0,1.0,0.0,0.0,0.0
639975,2023-05-27,ligue1,2022,11147,AC Ajaccio,Lens,0,359135,Mehdi Puch-Herrantz,SUB,0,0.0,37,0.0,0.0,0.0,0.0,0.0,0.0,0.0,,0.0,0.0,0.0,0.0,0.0,0.0
639975,2023-05-27,ligue1,2022,11147,AC Ajaccio,Lens,0,357000,Moussa Soumano,SUB,0,1.0,34,1.0,0.0,0.0,0.0,0.0,0.0,0.0,,0.0,0.0,1.0,0.0,0.0,0.0
639975,2023-05-27,ligue1,2022,11147,AC Ajaccio,Lens,0,357866,Ivane Chegra,SUB,0,1.0,38,0.0,0.0,0.0,0.0,0.0,0.0,0.0,,0.0,0.0,1.0,0.0,0.0,0.0
639975,2023-05-27,ligue1,2022,11147,AC Ajaccio,Lens,0,356223,Anthony Khelifa,SUB,0,0.0,35,0.0,0.0,0.0,0.0,0.0,0.0,0.0,,0.0,0.0,0.0,0.0,0.0,0.0
639975,2023-05-27,ligue1,2022,11147,AC Ajaccio,Lens,0,343952,Kevin Spadanuda,SUB,0,0.0,27,0.0,0.0,0.0,0.0,0.0,0.0,0.0,,0.0,0.0,0.0,0.0,0.0,0.0
639975,2023-05-27,ligue1,2022,11147,AC Ajaccio,Lens,0,277284,Florian Chabrolle,SUB,0,0.0,29,0.0,0.0,0.0,0.0,0.0,0.0,0.0,,0.0,0.0,0.0,0.0,0.0,0.0
639976,2023-05-27,ligue1,2022,11147,Clermont Foot,Lorient,1,197631,Mory Diaw,G,1,1.0,99,0.0,0.0,0.0,0.0,,0.0,0.0,0.0,5.0,0.0,0.0,0.0,0.0,0.0
639976,2023-05-27,ligue1,2022,11147,Clermont Foot,Lorient,1,212258,Mateusz Wieteska,CD,1,1.0,4,0.0,0.0,0.0,0.0,0.0,0.0,0.0,,0.0,0.0,0.0,0.0,0.0,0.0
639976,2023-05-27,ligue1,2022,11147,Clermont Foot,Lorient,1,233027,Max Caufriez,CD-L,1,1.0,5,1.0,2.0,0.0,0.0,0.0,0.0,0.0,,0.0,2.0,0.0,1.0,4.0,0.0
639976,2023-05-27,ligue1,2022,11147,Clermont Foot,Lorient,1,305669,Alidu Seidu,CD-R,1,1.0,36,1.0,2.0,0.0,0.0,0.0,0.0,0.0,,0.0,0.0,0.0,0.0,0.0,0.0
639976,2023-05-27,ligue1,2022,11147,Clermont Foot,Lorient,1,118091,Johan Gastien,CM-L,1,1.0,25,1.0,0.0,0.0,0.0,0.0,0.0,0.0,,0.0,0.0,0.0,0.0,0.0,0.0
639976,2023-05-27,ligue1,2022,11147,Clermont Foot,Lorient,1,131748,Maxime Gonalons,CM-R,1,1.0,12,1.0,1.0,0.0,0.0,0.0,0.0,0.0,,0.0,0.0,0.0,0.0,0.0,0.0
639976,2023-05-27,ligue1,2022,11147,Clermont Foot,Lorient,1,272281,Neto Borges,LM,1,1.0,3,2.0,0.0,0.0,0.0,0.0,0.0,0.0,,0.0,0.0,0.0,0.0,0.0,0.0
639976,2023-05-27,ligue1,2022,11147,Clermont Foot,Lorient,1,169822,Mehdi Zeffane,RM,1,1.0,2,1.0,1.0,0.0,0.0,0.0,0.0,0.0,,0.0,0.0,0.0,0.0,3.0,0.0
639976,2023-05-27,ligue1,2022,11147,Clermont Foot,Lorient,1,211668,Grejohn Kyei,F,1,1.0,95,3.0,0.0,0.0,0.0,0.0,0.0,0.0,,0.0,1.0,0.0,0.0,3.0,0.0
639976,2023-05-27,ligue1,2022,11147,Clermont Foot,Lorient,1,329077,Aiman Maurer,CF-L,1,1.0,22,1.0,3.0,1.0,0.0,1.0,0.0,0.0,,0.0,1.0,0.0,0.0,2.0,0.0
639976,2023-05-27,ligue1,2022,11147,Clermont Foot,Lorient,1,192989,Saif-Eddine Khaoui,CF-R,1,1.0,10,1.0,1.0,0.0,0.0,0.0,0.0,0.0,,0.0,1.0,0.0,1.0,1.0,0.0
639976,2023-05-27,ligue1,2022,11147,Clermont Foot,Lorient,1,150292,Florent Ogier,SUB,0,0.0,21,0.0,0.0,0.0,0.0,0.0,0.0,0.0,,0.0,0.0,0.0,0.0,0.0,0.0
639976,2023-05-27,ligue1,2022,11147,Clermont Foot,Lorient,1,359153,Cheick Konate,SUB,0,0.0,15,0.0,0.0,0.0,0.0,0.0,0.0,0.0,,0.0,0.0,0.0,0.0,0.0,0.0
639976,2023-05-27,ligue1,2022,11147,Clermont Foot,Lorient,1,276441,Yohann Magnin,SUB,0,1.0,7,0.0,0.0,0.0,0.0,0.0,0.0,0.0,,0.0,0.0,1.0,0.0,0.0,0.0
639976,2023-05-27,ligue1,2022,11147,Clermont Foot,Lorient,1,221165,Elbasan Rashani,SUB,0,1.0,18,0.0,0.0,0.0,0.0,0.0,0.0,0.0,,0.0,0.0,1.0,0.0,1.0,0.0
639976,2023-05-27,ligue1,2022,11147,Clermont Foot,Lorient,1,284333,Jim Allevinah,SUB,0,1.0,11,0.0,0.0,0.0,0.0,0.0,0.0,0.0,,0.0,0.0,1.0,0.0,0.0,0.0
639976,2023-05-27,ligue1,2022,11147,Clermont Foot,Lorient,1,179229,Jérémie Bela,SUB,0,0.0,91,0.0,0.0,0.0,0.0,0.0,0.0,0.0,,0.0,0.0,0.0,0.0,0.0,0.0
639976,2023-05-27,ligue1,2022,11147,Clermont Foot,Lorient,1,293919,Muhammed-Cham Saracevic,SUB,0,1.0,70,0.0,1.0,0.0,0.0,0.0,0.0,0.0,,0.0,0.0,1.0,0.0,2.0,0.0
639976,2023-05-27,ligue1,2022,11147,Clermont Foot,Lorient,1,276445,Ouparine Djoco,SUB,0,0.0,40,0.0,0.0,0.0,0.0,,0.0,0.0,0.0,0.0,0.0,0.0,0.0,0.0,0.0
639976,2023-05-27,ligue1,2022,11147,Clermont Foot,Lorient,1,239280,Komnen Andric,SUB,0,1.0,9,1.0,0.0,0.0,0.0,0.0,0.0,0.0,,0.0,0.0,1.0,0.0,0.0,0.0
639976,2023-05-27,ligue1,2022,11147,Lorient,Clermont Foot,0,199381,Yvon Mvogo,G,1,1.0,38,0.0,0.0,0.0,2.0,,0.0,0.0,5.0,14.0,0.0,0.0,0.0,0.0,0.0
639976,2023-05-27,ligue1,2022,11147,Lorient,Clermont Foot,0,217170,Julien Laporte,CD,1,1.0,15,1.0,1.0,0.0,2.0,0.0,0.0,0.0,,0.0,0.0,0.0,0.0,0.0,0.0
639976,2023-05-27,ligue1,2022,11147,Lorient,Clermont Foot,0,146496,Vincent Le Goff,CD-L,1,1.0,25,0.0,1.0,0.0,2.0,0.0,0.0,0.0,,0.0,0.0,0.0,0.0,0.0,0.0
639976,2023-05-27,ligue1,2022,11147,Lorient,Clermont Foot,0,265099,Montassar Talbi,CD-R,1,1.0,3,0.0,3.0,0.0,2.0,0.0,0.0,0.0,,0.0,0.0,0.0,0.0,0.0,0.0
639976,2023-05-27,ligue1,2022,11147,Lorient,Clermont Foot,0,225557,Jean-Victor Makengo,CM-L,1,1.0,17,0.0,0.0,0.0,1.0,0.0,0.0,0.0,,0.0,0.0,0.0,0.0,1.0,0.0
639976,2023-05-27,ligue1,2022,11147,Lorient,Clermont Foot,0,181133,Laurent Abergel,CM-R,1,1.0,19,1.0,1.0,0.0,2.0,0.0,0.0,0.0,,0.0,0.0,0.0,0.0,0.0,0.0
639976,2023-05-27,ligue1,2022,11147,Lorient,Clermont Foot,0,296511,Darlin Yongwa,LM,1,1.0,12,2.0,1.0,0.0,1.0,0.0,0.0,0.0,,0.0,0.0,0.0,0.0,2.0,0.0
639976,2023-05-27,ligue1,2022,11147,Lorient,Clermont Foot,0,291345,Gédéon Kalulu,RM,1,1.0,24,1.0,0.0,0.0,2.0,0.0,0.0,0.0,,0.0,0.0,0.0,0.0,0.0,0.0
639976,2023-05-27,ligue1,2022,11147,Lorient,Clermont Foot,0,41549,Ibrahima Koné,F,1,1.0,9,1.0,0.0,0.0,2.0,0.0,0.0,0.0,,0.0,0.0,0.0,0.0,0.0,0.0
639976,2023-05-27,ligue1,2022,11147,Lorient,Clermont Foot,0,288340,Enzo Le Fée,CF-L,1,1.0,80,4.0,1.0,0.0,2.0,0.0,0.0,0.0,,0.0,0.0,0.0,0.0,0.0,0.0
639976,2023-05-27,ligue1,2022,11147,Lorient,Clermont Foot,0,268591,Romain Faivre,CF-R,1,1.0,14,0.0,4.0,0.0,2.0,0.0,0.0,0.0,,0.0,0.0,0.0,0.0,2.0,0.0
639976,2023-05-27,ligue1,2022,11147,Lorient,Clermont Foot,0,208414,Innocent Bonke,SUB,0,0.0,8,0.0,0.0,0.0,0.0,0.0,0.0,0.0,,0.0,0.0,0.0,0.0,0.0,0.0
639976,2023-05-27,ligue1,2022,11147,Lorient,Clermont Foot,0,325992,Théo Le Bris,SUB,0,1.0,37,0.0,0.0,0.0,1.0,0.0,0.0,0.0,,0.0,0.0,1.0,0.0,0.0,0.0
639976,2023-05-27,ligue1,2022,11147,Lorient,Clermont Foot,0,305670,Yoann Cathline,SUB,0,1.0,22,0.0,0.0,0.0,0.0,0.0,0.0,0.0,,0.0,0.0,1.0,0.0,0.0,0.0
639976,2023-05-27,ligue1,2022,11147,Lorient,Clermont Foot,0,305602,Ckene Doucouré,SUB,0,1.0,29,0.0,1.0,0.0,0.0,1.0,0.0,0.0,,0.0,0.0,1.0,0.0,0.0,0.0
639976,2023-05-27,ligue1,2022,11147,Lorient,Clermont Foot,0,353112,Ayman Kari,SUB,0,1.0,44,1.0,0.0,0.0,1.0,0.0,0.0,0.0,,0.0,0.0,1.0,0.0,0.0,0.0
639976,2023-05-27,ligue1,2022,11147,Lorient,Clermont Foot,0,324960,Bamo Meïté,SUB,0,0.0,18,0.0,0.0,0.0,0.0,0.0,0.0,0.0,,0.0,0.0,0.0,0.0,0.0,0.0
639976,2023-05-27,ligue1,2022,11147,Lorient,Clermont Foot,0,234912,Stéphane Diarra,SUB,0,0.0,7,0.0,0.0,0.0,0.0,0.0,0.0,0.0,,0.0,0.0,0.0,0.0,0.0,0.0
639976,2023-05-27,ligue1,2022,11147,Lorient,Clermont Foot,0,276450,Julien Ponceau,SUB,0,0.0,21,0.0,0.0,0.0,0.0,0.0,0.0,0.0,,0.0,0.0,0.0,0.0,0.0,0.0
639976,2023-05-27,ligue1,2022,11147,Lorient,Clermont Foot,0,184794,Julian Pollersbeck,SUB,0,0.0,23,0.0,0.0,0.0,0.0,,0.0,0.0,0.0,0.0,0.0,0.0,0.0,0.0,0.0
639977,2023-05-27,ligue1,2022,11147,Angers,Troyes,1,261595,Yahia Fofana,G,1,1.0,30,0.0,0.0,0.0,1.0,,0.0,0.0,2.0,4.0,0.0,0.0,0.0,0.0,0.0
639977,2023-05-27,ligue1,2022,11147,Angers,Troyes,1,192057,Cédric Hountondji,CD,1,1.0,22,0.0,1.0,0.0,1.0,0.0,0.0,0.0,,0.0,0.0,0.0,0.0,1.0,0.0
639977,2023-05-27,ligue1,2022,11147,Angers,Troyes,1,127828,Abdoulaye Bamba,CD-L,1,1.0,25,0.0,1.0,0.0,1.0,0.0,0.0,0.0,,0.0,0.0,0.0,0.0,0.0,0.0
639977,2023-05-27,ligue1,2022,11147,Angers,Troyes,1,240588,Yan Valery,CD-R,1,1.0,94,0.0,0.0,0.0,1.0,0.0,0.0,0.0,,0.0,0.0,0.0,0.0,2.0,0.0
639977,2023-05-27,ligue1,2022,11147,Angers,Troyes,1,275602,Halid Sabanovic,LB,1,1.0,4,0.0,0.0,0.0,1.0,0.0,0.0,0.0,,0.0,0.0,0.0,0.0,2.0,0.0
639977,2023-05-27,ligue1,2022,11147,Angers,Troyes,1,215451,Sada Thioub,RB,1,1.0,92,1.0,0.0,0.0,1.0,0.0,0.0,0.0,,0.0,0.0,0.0,0.0,1.0,0.0
639977,2023-05-27,ligue1,2022,11147,Angers,Troyes,1,265917,Batista Mendy,CM,1,1.0,2,6.0,0.0,0.0,1.0,1.0,0.0,0.0,,0.0,1.0,0.0,0.0,1.0,0.0
639977,2023-05-27,ligue1,2022,11147,Angers,Troyes,1,186278,Adrien Hunou,CM-L,1,1.0,23,0.0,0.0,0.0,1.0,0.0,0.0,0.0,,0.0,0.0,0.0,0.0,0.0,0.0
639977,2023-05-27,ligue1,2022,11147,Angers,Troyes,1,277525,Himad Abdelli,CM-R,1,1.0,10,0.0,2.0,0.0,1.0,0.0,0.0,0.0,,0.0,1.0,0.0,1.0,3.0,0.0
639977,2023-05-27,ligue1,2022,11147,Angers,Troyes,1,308246,Abdallah Sima,CF-L,1,1.0,19,2.0,0.0,0.0,1.0,0.0,0.0,0.0,,0.0,0.0,0.0,0.0,1.0,0.0
639977,2023-05-27,ligue1,2022,11147,Angers,Troyes,1,256685,Ibrahima Niane,CF-R,1,1.0,7,0.0,3.0,0.0,1.0,0.0,0.0,0.0,,0.0,0.0,0.0,0.0,3.0,1.0
639977,2023-05-27,ligue1,2022,11147,Angers,Troyes,1,214201,Paul Bernardoni,SUB,0,0.0,1,0.0,0.0,0.0,0.0,,0.0,0.0,0.0,0.0,0.0,0.0,0.0,0.0,0.0
639977,2023-05-27,ligue1,2022,11147,Angers,Troyes,1,362128,Yacine Gaya,SUB,0,0.0,70,0.0,0.0,0.0,0.0,0.0,0.0,0.0,,0.0,0.0,0.0,0.0,0.0,0.0
639977,2023-05-27,ligue1,2022,11147,Angers,Troyes,1,357154,Lilian Raolisoa,SUB,0,1.0,37,1.0,0.0,0.0,0.0,0.0,0.0,0.0,,0.0,1.0,1.0,1.0,1.0,0.0
639977,2023-05-27,ligue1,2022,11147,Angers,Troyes,1,221403,Miha Blazic,SUB,0,1.0,5,0.0,0.0,0.0,0.0,1.0,0.0,0.0,,0.0,1.0,1.0,0.0,1.0,0.0
639977,2023-05-27,ligue1,2022,11147,Angers,Troyes,1,181007,Loïs Diony,SUB,0,1.0,9,0.0,0.0,0.0,0.0,0.0,0.0,0.0,,0.0,0.0,1.0,0.0,0.0,0.0
639977,2023-05-27,ligue1,2022,11147,Angers,Troyes,1,290575,Zinédine Ould Khaled,SUB,0,0.0,12,0.0,0.0,0.0,0.0,0.0,0.0,0.0,,0.0,0.0,0.0,0.0,0.0,0.0
639977,2023-05-27,ligue1,2022,11147,Angers,Troyes,1,346662,Jean-Mattéo Bahoya,SUB,0,0.0,24,0.0,0.0,0.0,0.0,0.0,0.0,0.0,,0.0,0.0,0.0,0.0,0.0,0.0
639977,2023-05-27,ligue1,2022,11147,Angers,Troyes,1,170284,Pierrick Capelle,SUB,0,1.0,15,2.0,0.0,1.0,0.0,0.0,0.0,0.0,,0.0,1.0,1.0,0.0,2.0,0.0
639977,2023-05-27,ligue1,2022,11147,Angers,Troyes,1,272011,Farid El Mellali,SUB,0,1.0,28,0.0,0.0,0.0,0.0,0.0,0.0,0.0,,0.0,0.0,1.0,0.0,0.0,0.0
639977,2023-05-27,ligue1,2022,11147,Troyes,Angers,0,222728,Mateusz Lis,G,1,1.0,1,0.0,0.0,0.0,2.0,,0.0,0.0,3.0,16.0,0.0,0.0,0.0,0.0,0.0
639977,2023-05-27,ligue1,2022,11147,Troyes,Angers,0,191847,Erik Palmer-Brown,CD,1,1.0,4,2.0,0.0,0.0,2.0,0.0,0.0,0.0,,0.0,0.0,0.0,0.0,1.0,0.0
639977,2023-05-27,ligue1,2022,11147,Troyes,Angers,0,258918,Abdu Conté,CD-L,1,1.0,12,0.0,0.0,0.0,0.0,0.0,0.0,0.0,,0.0,0.0,0.0,0.0,0.0,0.0
639977,2023-05-27,ligue1,2022,11147,Troyes,Angers,0,286665,Jackson Porozo,CD-R,1,1.0,2,1.0,0.0,0.0,2.0,0.0,0.0,0.0,,0.0,0.0,0.0,0.0,1.0,0.0
639977,2023-05-27,ligue1,2022,11147,Troyes,Angers,0,174903,Xavier Chavalerin,CM-L,1,1.0,24,0.0,1.0,0.0,2.0,0.0,0.0,0.0,,0.0,1.0,0.0,1.0,1.0,0.0
639977,2023-05-27,ligue1,2022,11147,Troyes,Angers,0,241661,Rominigue Kouamé,CM-R,1,1.0,6,1.0,1.0,0.0,2.0,0.0,0.0,0.0,,0.0,0.0,0.0,0.0,0.0,1.0
639977,2023-05-27,ligue1,2022,11147,Troyes,Angers,0,289837,Yasser Larouci,LM,1,1.0,39,0.0,4.0,1.0,2.0,0.0,0.0,0.0,,0.0,0.0,0.0,0.0,0.0,0.0
639977,2023-05-27,ligue1,2022,11147,Troyes,Angers,0,322891,Thierno Balde,RM,1,1.0,18,0.0,2.0,0.0,2.0,0.0,0.0,0.0,,0.0,0.0,0.0,0.0,0.0,0.0
639977,2023-05-27,ligue1,2022,11147,Troyes,Angers,0,225545,Ike Ugbo,F,1,1.0,9,2.0,1.0,0.0,1.0,0.0,0.0,0.0,,0.0,1.0,0.0,0.0,1.0,0.0
639977,2023-05-27,ligue1,2022,11147,Troyes,Angers,0,346835,Kyliane Dong,CF-L,1,1.0,27,0.0,0.0,0.0,1.0,0.0,0.0,0.0,,0.0,0.0,0.0,0.0,0.0,0.0
639977,2023-05-27,ligue1,2022,11147,Troyes,Angers,0,176423,Rony Lopes,CF-R,1,1.0,11,1.0,1.0,0.0,2.0,1.0,0.0,0.0,,0.0,0.0,0.0,0.0,0.0,0.0
639977,2023-05-27,ligue1,2022,11147,Troyes,Angers,0,345371,Danel Dongmo,SUB,0,0.0,31,0.0,0.0,0.0,0.0,0.0,0.0,0.0,,0.0,0.0,0.0,0.0,0.0,0.0
639977,2023-05-27,ligue1,2022,11147,Troyes,Angers,0,324658,Rudy Kohon,SUB,0,1.0,33,0.0,0.0,0.0,2.0,0.0,0.0,0.0,,0.0,0.0,1.0,0.0,0.0,0.0
639977,2023-05-27,ligue1,2022,11147,Troyes,Angers,0,313337,Ryan Fage,SUB,0,0.0,36,0.0,0.0,0.0,0.0,0.0,0.0,0.0,,0.0,0.0,0.0,0.0,0.0,0.0
639977,2023-05-27,ligue1,2022,11147,Troyes,Angers,0,86328,Jessy Moulin,SUB,0,0.0,40,0.0,0.0,0.0,0.0,,0.0,0.0,0.0,0.0,0.0,0.0,0.0,0.0,0.0
639977,2023-05-27,ligue1,2022,11147,Troyes,Angers,0,324659,Derek Mazou-Sacko,SUB,0,0.0,28,0.0,0.0,0.0,0.0,0.0,0.0,0.0,,0.0,0.0,0.0,0.0,0.0,0.0
639977,2023-05-27,ligue1,2022,11147,Troyes,Angers,0,266141,Andreas Bruus,SUB,0,1.0,19,0.0,1.0,0.0,1.0,0.0,0.0,0.0,,0.0,1.0,1.0,0.0,1.0,0.0
639977,2023-05-27,ligue1,2022,11147,Troyes,Angers,0,291431,Papa Ndiaga Yade,SUB,0,0.0,26,0.0,0.0,0.0,0.0,0.0,0.0,0.0,,0.0,0.0,0.0,0.0,0.0,0.0
639977,2023-05-27,ligue1,2022,11147,Troyes,Angers,0,259960,Mama Baldé,SUB,0,1.0,7,0.0,1.0,0.0,1.0,0.0,0.0,0.0,,0.0,0.0,1.0,0.0,0.0,0.0
639978,2023-05-27,ligue1,2022,11147,Strasbourg,Paris Saint-Germain,1,179497,Matz Sels,G,1,1.0,1,0.0,0.0,0.0,1.0,,0.0,0.0,1.0,4.0,0.0,0.0,0.0,0.0,0.0
639978,2023-05-27,ligue1,2022,11147,Strasbourg,Paris Saint-Germain,1,264519,Gerzino Nyamsi,CD,1,1.0,22,1.0,0.0,0.0,1.0,0.0,0.0,0.0,,0.0,0.0,0.0,0.0,0.0,0.0
639978,2023-05-27,ligue1,2022,11147,Strasbourg,Paris Saint-Germain,1,275790,Lucas Perrin,CD-L,1,1.0,5,0.0,0.0,0.0,1.0,0.0,0.0,0.0,,0.0,0.0,0.0,0.0,1.0,0.0
639978,2023-05-27,ligue1,2022,11147,Strasbourg,Paris Saint-Germain,1,305935,Ismael Doukoure,CD-R,1,1.0,29,0.0,0.0,0.0,1.0,0.0,0.0,0.0,,0.0,0.0,0.0,0.0,0.0,0.0
639978,2023-05-27,ligue1,2022,11147,Strasbourg,Paris Saint-Germain,1,176816,Morgan Sanson,CM-L,1,1.0,8,0.0,0.0,0.0,1.0,1.0,0.0,0.0,,0.0,2.0,0.0,0.0,3.0,0.0
639978,2023-05-27,ligue1,2022,11147,Strasbourg,Paris Saint-Germain,1,324991,Habib Diarra,CM-R,1,1.0,19,2.0,1.0,0.0,1.0,0.0,0.0,0.0,,0.0,0.0,0.0,0.0,1.0,1.0
639978,2023-05-27,ligue1,2022,11147,Strasbourg,Paris Saint-Germain,1,236004,Ibrahima Sissoko,AM,1,1.0,27,2.0,1.0,0.0,1.0,0.0,0.0,0.0,,0.0,0.0,0.0,0.0,1.0,0.0
639978,2023-05-27,ligue1,2022,11147,Strasbourg,Paris Saint-Germain,1,215709,Frédéric Guilbert,LM,1,1.0,32,1.0,0.0,0.0,1.0,0.0,0.0,0.0,,0.0,0.0,0.0,0.0,1.0,0.0
639978,2023-05-27,ligue1,2022,11147,Strasbourg,Paris Saint-Germain,1,276335,Colin Dagba,RM,1,1.0,2,0.0,0.0,0.0,1.0,0.0,0.0,0.0,,0.0,0.0,0.0,0.0,0.0,0.0
639978,2023-05-27,ligue1,2022,11147,Strasbourg,Paris Saint-Germain,1,223376,Habib Diallo,F,1,1.0,20,0.0,1.0,0.0,1.0,0.0,0.0,0.0,,0.0,1.0,0.0,0.0,5.0,0.0
639978,2023-05-27,ligue1,2022,11147,Strasbourg,Paris Saint-Germain,1,240369,Jean-Ricner Bellegarde,RCF,1,1.0,17,1.0,3.0,0.0,1.0,1.0,0.0,0.0,,0.0,1.0,0.0,0.0,2.0,0.0
639978,2023-05-27,ligue1,2022,11147,Strasbourg,Paris Saint-Germain,1,158498,Thomas Delaine,SUB,0,0.0,3,0.0,0.0,0.0,0.0,0.0,0.0,0.0,,0.0,0.0,0.0,0.0,0.0,0.0
639978,2023-05-27,ligue1,2022,11147,Strasbourg,Paris Saint-Germain,1,303031,Yuito Suzuki,SUB,0,0.0,18,0.0,0.0,0.0,0.0,0.0,0.0,0.0,,0.0,0.0,0.0,0.0,0.0,0.0
639978,2023-05-27,ligue1,2022,11147,Strasbourg,Paris Saint-Germain,1,167054,Sanjin Prcic,SUB,0,0.0,14,0.0,0.0,0.0,0.0,0.0,0.0,0.0,,0.0,0.0,0.0,0.0,0.0,0.0
639978,2023-05-27,ligue1,2022,11147,Strasbourg,Paris Saint-Germain,1,238446,Dimitri Liénard,SUB,0,1.0,11,0.0,0.0,0.0,0.0,0.0,0.0,0.0,,0.0,0.0,1.0,0.0,1.0,0.0
639978,2023-05-27,ligue1,2022,11147,Strasbourg,Paris Saint-Germain,1,240464,Lebo Mothiba,SUB,0,0.0,12,0.0,0.0,0.0,0.0,0.0,0.0,0.0,,0.0,0.0,0.0,0.0,0.0,0.0
639978,2023-05-27,ligue1,2022,11147,Strasbourg,Paris Saint-Germain,1,101468,Kevin Gameiro,SUB,0,1.0,9,0.0,1.0,0.0,0.0,0.0,0.0,0.0,,0.0,1.0,1.0,1.0,1.0,0.0
639978,2023-05-27,ligue1,2022,11147,Strasbourg,Paris Saint-Germain,1,196164,Jean-Eudes Aholou,SUB,0,0.0,6,0.0,0.0,0.0,0.0,0.0,0.0,0.0,,0.0,0.0,0.0,0.0,0.0,0.0
639978,2023-05-27,ligue1,2022,11147,Strasbourg,Paris Saint-Germain,1,184088,Eduard Sobol,SUB,0,0.0,77,0.0,0.0,0.0,0.0,0.0,0.0,0.0,,0.0,0.0,0.0,0.0,0.0,0.0
639978,2023-05-27,ligue1,2022,11147,Strasbourg,Paris Saint-Germain,1,344517,Robin Risser,SUB,0,0.0,40,0.0,0.0,0.0,0.0,,0.0,0.0,0.0,0.0,0.0,0.0,0.0,0.0,0.0
639978,2023-05-27,ligue1,2022,11147,Paris Saint-Germain,Strasbourg,0,217092,Gianluigi Donnarumma,G,1,1.0,99,0.0,0.0,0.0,1.0,,0.0,0.0,4.0,15.0,0.0,0.0,0.0,0.0,0.0
639978,2023-05-27,ligue1,2022,11147,Paris Saint-Germain,Strasbourg,0,41579,Sergio Ramos,CD,1,1.0,4,2.0,1.0,0.0,1.0,0.0,0.0,0.0,,0.0,0.0,0.0,0.0,1.0,0.0
639978,2023-05-27,ligue1,2022,11147,Paris Saint-Germain,Strasbourg,0,304740,El Chadaille Bitshiabu,CD-L,1,1.0,31,0.0,0.0,0.0,1.0,0.0,0.0,0.0,,0.0,0.0,0.0,0.0,0.0,0.0
639978,2023-05-27,ligue1,2022,11147,Paris Saint-Germain,Strasbourg,0,76717,Danilo Pereira,CD-R,1,1.0,15,1.0,1.0,0.0,1.0,0.0,0.0,0.0,,0.0,0.0,0.0,0.0,0.0,0.0
639978,2023-05-27,ligue1,2022,11147,Paris Saint-Germain,Strasbourg,0,227217,Renato Sanches,CM-L,1,1.0,18,2.0,1.0,0.0,1.0,0.0,0.0,0.0,,0.0,0.0,0.0,0.0,0.0,0.0
639978,2023-05-27,ligue1,2022,11147,Paris Saint-Germain,Strasbourg,0,288897,Vitinha,CM-R,1,1.0,17,1.0,1.0,0.0,1.0,0.0,0.0,0.0,,0.0,0.0,0.0,0.0,0.0,1.0
639978,2023-05-27,ligue1,2022,11147,Paris Saint-Germain,Strasbourg,0,134847,Marco Verratti,AM,1,1.0,6,1.0,1.0,0.0,1.0,0.0,0.0,0.0,,0.0,0.0,0.0,0.0,0.0,1.0
639978,2023-05-27,ligue1,2022,11147,Paris Saint-Germain,Strasbourg,0,164194,Juan Bernat,LM,1,1.0,14,0.0,0.0,0.0,1.0,0.0,0.0,0.0,,0.0,0.0,0.0,0.0,0.0,0.0
639978,2023-05-27,ligue1,2022,11147,Paris Saint-Germain,Strasbourg,0,345581,Warren Zaïre-Emery,RM,1,1.0,33,0.0,0.0,0.0,1.0,0.0,0.0,0.0,,0.0,0.0,0.0,0.0,0.0,0.0
639978,2023-05-27,ligue1,2022,11147,Paris Saint-Germain,Strasbourg,0,231388,Kylian Mbappé,CF-L,1,1.0,7,0.0,1.0,1.0,1.0,1.0,0.0,0.0,,0.0,0.0,0.0,0.0,1.0,0.0
639978,2023-05-27,ligue1,2022,11147,Paris Saint-Germain,Strasbourg,0,45843,Lionel Messi,CF-R,1,1.0,30,0.0,1.0,0.0,1.0,1.0,0.0,0.0,,0.0,1.0,0.0,1.0,3.0,0.0
639978,2023-05-27,ligue1,2022,11147,Paris Saint-Germain,Strasbourg,0,297167,Timothee Pembélé,SUB,0,0.0,29,0.0,0.0,0.0,0.0,0.0,0.0,0.0,,0.0,0.0,0.0,0.0,0.0,0.0
639978,2023-05-27,ligue1,2022,11147,Paris Saint-Germain,Strasbourg,0,169293,Sergio Rico,SUB,0,0.0,16,0.0,0.0,0.0,0.0,,0.0,0.0,0.0,0.0,0.0,0.0,0.0,0.0,0.0
639978,2023-05-27,ligue1,2022,11147,Paris Saint-Germain,Strasbourg,0,360419,Hugo Lamy,SUB,0,0.0,39,0.0,0.0,0.0,0.0,0.0,0.0,0.0,,0.0,0.0,0.0,0.0,0.0,0.0
639978,2023-05-27,ligue1,2022,11147,Paris Saint-Germain,Strasbourg,0,317473,Ismaël Gharbi,SUB,0,0.0,35,0.0,0.0,0.0,0.0,0.0,0.0,0.0,,0.0,0.0,0.0,0.0,0.0,0.0
639978,2023-05-27,ligue1,2022,11147,Paris Saint-Germain,Strasbourg,0,362126,Serif Nhaga,SUB,0,0.0,34,0.0,0.0,0.0,0.0,0.0,0.0,0.0,,0.0,0.0,0.0,0.0,0.0,0.0
639978,2023-05-27,ligue1,2022,11147,Paris Saint-Germain,Strasbourg,0,235072,Carlos Soler,SUB,0,1.0,28,0.0,0.0,0.0,0.0,0.0,0.0,0.0,,0.0,0.0,1.0,0.0,0.0,0.0
639979,2023-05-27,ligue1,2022,11147,Lille,Nantes,1,288925,Lucas Chevalier,G,1,1.0,30,0.0,0.0,0.0,1.0,,0.0,0.0,2.0,7.0,0.0,0.0,0.0,0.0,0.0
639979,2023-05-27,ligue1,2022,11147,Lille,Nantes,1,340900,Alexsandro,CD-L,1,1.0,4,2.0,1.0,0.0,1.0,0.0,0.0,0.0,,0.0,0.0,0.0,0.0,0.0,0.0
639979,2023-05-27,ligue1,2022,11147,Lille,Nantes,1,104172,José Fonte,CD-R,1,1.0,6,0.0,0.0,0.0,1.0,0.0,0.0,0.0,,0.0,0.0,0.0,0.0,0.0,0.0
639979,2023-05-27,ligue1,2022,11147,Lille,Nantes,1,266027,Timothy Weah,LB,1,1.0,22,1.0,1.0,0.0,1.0,0.0,0.0,0.0,,0.0,0.0,0.0,0.0,0.0,0.0
639979,2023-05-27,ligue1,2022,11147,Lille,Nantes,1,282675,Bafodé Diakité,RB,1,1.0,18,1.0,1.0,0.0,1.0,0.0,0.0,0.0,,0.0,0.0,0.0,0.0,1.0,0.0
639979,2023-05-27,ligue1,2022,11147,Lille,Nantes,1,136688,Rémy Cabella,AM,1,1.0,10,0.0,1.0,0.0,1.0,0.0,0.0,0.0,,0.0,0.0,0.0,0.0,1.0,0.0
639979,2023-05-27,ligue1,2022,11147,Lille,Nantes,1,123683,Benjamin André,LM,1,1.0,21,0.0,1.0,0.0,1.0,1.0,0.0,0.0,,0.0,0.0,0.0,0.0,1.0,0.0
639979,2023-05-27,ligue1,2022,11147,Lille,Nantes,1,338814,Carlos Baleba,RM,1,1.0,35,1.0,3.0,0.0,1.0,0.0,0.0,0.0,,0.0,0.0,0.0,0.0,3.0,1.0
639979,2023-05-27,ligue1,2022,11147,Lille,Nantes,1,267519,Mohamed Bayo,F,1,1.0,27,0.0,0.0,0.0,1.0,0.0,0.0,0.0,,0.0,0.0,0.0,0.0,0.0,0.0
639979,2023-05-27,ligue1,2022,11147,Lille,Nantes,1,210538,Jonathan Bamba,AM-L,1,1.0,7,0.0,0.0,0.0,1.0,0.0,0.0,0.0,,0.0,0.0,0.0,0.0,0.0,0.0
639979,2023-05-27,ligue1,2022,11147,Lille,Nantes,1,273499,Jonathan David,AM-R,1,1.0,9,2.0,3.0,0.0,1.0,0.0,0.0,0.0,,0.0,2.0,0.0,2.0,2.0,1.0
639979,2023-05-27,ligue1,2022,11147,Lille,Nantes,1,340206,Leny Yoro,SUB,0,1.0,15,0.0,0.0,0.0,0.0,0.0,0.0,0.0,,0.0,0.0,1.0,0.0,0.0,0.0
639979,2023-05-27,ligue1,2022,11147,Lille,Nantes,1,220924,Adam Jakubech,SUB,0,0.0,16,0.0,0.0,0.0,0.0,,0.0,0.0,0.0,0.0,0.0,0.0,0.0,0.0,0.0
639979,2023-05-27,ligue1,2022,11147,Lille,Nantes,1,101360,Benoit Costil,SUB,0,0.0,25,0.0,0.0,0.0,0.0,,0.0,0.0,0.0,0.0,0.0,0.0,0.0,0.0,0.0
639979,2023-05-27,ligue1,2022,11147,Lille,Nantes,1,250166,Gabriel Gudmundsson,SUB,0,1.0,5,0.0,0.0,0.0,0.0,0.0,0.0,0.0,,0.0,0.0,1.0,0.0,0.0,0.0
639979,2023-05-27,ligue1,2022,11147,Lille,Nantes,1,227932,Adam Ounas,SUB,0,1.0,11,0.0,1.0,0.0,0.0,0.0,0.0,0.0,,0.0,0.0,1.0,0.0,1.0,0.0
639979,2023-05-27,ligue1,2022,11147,Lille,Nantes,1,148986,Jonas Martin,SUB,0,1.0,8,0.0,0.0,0.0,0.0,0.0,0.0,0.0,,0.0,0.0,1.0,0.0,0.0,0.0
639979,2023-05-27,ligue1,2022,11147,Lille,Nantes,1,362759,Amine Messoussa,SUB,0,1.0,32,0.0,0.0,0.0,0.0,0.0,0.0,0.0,,0.0,0.0,1.0,0.0,0.0,0.0
639979,2023-05-27,ligue1,2022,11147,Nantes,Lille,0,231282,Alban Lafont,G,1,1.0,1,1.0,0.0,0.0,2.0,,0.0,0.0,1.0,7.0,0.0,0.0,0.0,0.0,0.0
639979,2023-05-27,ligue1,2022,11147,Nantes,Lille,0,185683,Jean-Charles Castelletto,CD-L,1,1.0,21,2.0,0.0,0.0,2.0,0.0,0.0,0.0,,0.0,0.0,0.0,0.0,0.0,1.0
639979,2023-05-27,ligue1,2022,11147,Nantes,Lille,0,186952,Andrei Girotto,CD-R,1,1.0,3,0.0,0.0,0.0,2.0,0.0,0.0,0.0,,0.0,0.0,0.0,0.0,0.0,0.0
639979,2023-05-27,ligue1,2022,11147,Nantes,Lille,0,227800,Charles Traoré,LB,1,1.0,93,1.0,0.0,0.0,2.0,0.0,0.0,0.0,,0.0,0.0,0.0,0.0,0.0,0.0
639979,2023-05-27,ligue1,2022,11147,Nantes,Lille,0,287946,João Victor,RB,1,1.0,38,0.0,1.0,0.0,2.0,0.0,0.0,0.0,,0.0,0.0,0.0,0.0,1.0,1.0
639979,2023-05-27,ligue1,2022,11147,Nantes,Lille,0,222212,Pedro Chirivella,CM,1,1.0,5,4.0,0.0,0.0,1.0,0.0,0.0,0.0,,0.0,0.0,0.0,0.0,0.0,0.0
639979,2023-05-27,ligue1,2022,11147,Nantes,Lille,0,260932,Samuel Moutoussamy,LM,1,1.0,8,0.0,0.0,0.0,2.0,0.0,0.0,0.0,,0.0,0.0,0.0,0.0,0.0,0.0
639979,2023-05-27,ligue1,2022,11147,Nantes,Lille,0,214739,Marcus Coco,RM,1,1.0,11,3.0,2.0,0.0,1.0,0.0,0.0,0.0,,0.0,0.0,0.0,0.0,0.0,0.0
639979,2023-05-27,ligue1,2022,11147,Nantes,Lille,0,262507,Ignatius Ganago,F,1,1.0,14,0.0,1.0,0.0,1.0,0.0,0.0,0.0,,0.0,1.0,0.0,0.0,2.0,0.0
639979,2023-05-27,ligue1,2022,11147,Nantes,Lille,0,313890,Quentin Merlin,LF,1,1.0,29,0.0,1.0,0.0,1.0,0.0,0.0,0.0,,0.0,1.0,0.0,1.0,1.0,0.0
639979,2023-05-27,ligue1,2022,11147,Nantes,Lille,0,223120,Ludovic Blas,RF,1,1.0,10,1.0,1.0,0.0,2.0,0.0,0.0,0.0,,0.0,0.0,0.0,0.0,2.0,1.0
639979,2023-05-27,ligue1,2022,11147,Nantes,Lille,0,223339,Fabien Centonze,SUB,0,0.0,28,0.0,0.0,0.0,0.0,0.0,0.0,0.0,,0.0,0.0,0.0,0.0,0.0,0.0
639979,2023-05-27,ligue1,2022,11147,Nantes,Lille,0,146205,Nicolas Pallois,SUB,0,0.0,4,0.0,0.0,0.0,0.0,0.0,0.0,0.0,,0.0,0.0,0.0,0.0,0.0,0.0
639979,2023-05-27,ligue1,2022,11147,Nantes,Lille,0,104658,Moussa Sissoko,SUB,0,1.0,17,0.0,0.0,0.0,1.0,0.0,0.0,0.0,,0.0,0.0,1.0,0.0,0.0,0.0
639979,2023-05-27,ligue1,2022,11147,Nantes,Lille,0,306033,Jaouen Hadjam,SUB,0,0.0,26,0.0,0.0,0.0,0.0,0.0,0.0,0.0,,0.0,0.0,0.0,0.0,0.0,0.0
639979,2023-05-27,ligue1,2022,11147,Nantes,Lille,0,187647,Moses Simon,SUB,0,1.0,27,0.0,1.0,0.0,1.0,0.0,0.0,0.0,,0.0,1.0,1.0,0.0,1.0,0.0
639979,2023-05-27,ligue1,2022,11147,Nantes,Lille,0,173616,Florent Mollet,SUB,0,1.0,25,0.0,0.0,0.0,1.0,0.0,0.0,0.0,,0.0,0.0,1.0,0.0,0.0,0.0
639979,2023-05-27,ligue1,2022,11147,Nantes,Lille,0,360228,Stredair Appuah,SUB,0,1.0,33,0.0,0.0,0.0,0.0,0.0,0.0,0.0,,0.0,0.0,1.0,0.0,1.0,0.0
639979,2023-05-27,ligue1,2022,11147,Nantes,Lille,0,243816,Mostafa Mohamed,SUB,0,1.0,31,0.0,0.0,0.0,1.0,0.0,0.0,0.0,,0.0,0.0,1.0,0.0,0.0,1.0
639979,2023-05-27,ligue1,2022,11147,Nantes,Lille,0,222175,Rémy Descamps,SUB,0,0.0,16,0.0,0.0,0.0,0.0,,0.0,0.0,0.0,0.0,0.0,0.0,0.0,0.0,0.0
639980,2023-06-03,ligue1,2022,11147,AC Ajaccio,Marseille,1,139363,Benjamin Leroy,G,1,1.0,1,0.0,0.0,0.0,0.0,,0.0,0.0,3.0,16.0,0.0,0.0,0.0,0.0,0.0
639980,2023-06-03,ligue1,2022,11147,AC Ajaccio,Marseille,1,275654,Clément Vidal,CD-L,1,1.0,15,1.0,0.0,0.0,0.0,0.0,0.0,0.0,,0.0,1.0,0.0,1.0,1.0,0.0
639980,2023-06-03,ligue1,2022,11147,AC Ajaccio,Marseille,1,238259,Oumar Gonzalez,CD-R,1,1.0,25,3.0,3.0,0.0,0.0,0.0,0.0,0.0,,0.0,0.0,0.0,0.0,0.0,0.0
639980,2023-06-03,ligue1,2022,11147,AC Ajaccio,Marseille,1,84988,Mathieu Coutadeur,DM,1,1.0,6,1.0,1.0,0.0,0.0,1.0,0.0,0.0,,0.0,0.0,0.0,0.0,0.0,0.0
639980,2023-06-03,ligue1,2022,11147,AC Ajaccio,Marseille,1,194710,Ismaël Diallo,LB,1,1.0,3,0.0,2.0,0.0,0.0,0.0,0.0,0.0,,0.0,0.0,0.0,0.0,0.0,0.0
639980,2023-06-03,ligue1,2022,11147,AC Ajaccio,Marseille,1,105036,Mohamed Youssouf,RB,1,1.0,20,1.0,0.0,0.0,0.0,0.0,0.0,0.0,,0.0,0.0,0.0,0.0,0.0,0.0
639980,2023-06-03,ligue1,2022,11147,AC Ajaccio,Marseille,1,219153,Vincent Marchetti,CM-L,1,1.0,8,1.0,2.0,0.0,0.0,0.0,0.0,0.0,,0.0,0.0,0.0,0.0,0.0,0.0
639980,2023-06-03,ligue1,2022,11147,AC Ajaccio,Marseille,1,154616,Michael Barreto,CM-R,1,1.0,4,2.0,0.0,0.0,0.0,1.0,0.0,0.0,,0.0,0.0,0.0,0.0,0.0,0.0
639980,2023-06-03,ligue1,2022,11147,AC Ajaccio,Marseille,1,138522,Riad Nouri,LM,1,1.0,5,0.0,0.0,0.0,0.0,0.0,0.0,0.0,,0.0,0.0,0.0,0.0,0.0,0.0
639980,2023-06-03,ligue1,2022,11147,AC Ajaccio,Marseille,1,247916,Cyrille Bayala,RM,1,1.0,14,1.0,2.0,0.0,0.0,0.0,0.0,0.0,,0.0,0.0,0.0,0.0,0.0,0.0
639980,2023-06-03,ligue1,2022,11147,AC Ajaccio,Marseille,1,362491,Ben Touré,F,1,1.0,33,2.0,3.0,0.0,0.0,0.0,0.0,0.0,,0.0,0.0,0.0,0.0,1.0,0.0
639980,2023-06-03,ligue1,2022,11147,AC Ajaccio,Marseille,1,85080,Thomas Mangani,SUB,0,1.0,23,0.0,0.0,0.0,0.0,0.0,0.0,0.0,,0.0,0.0,1.0,0.0,0.0,0.0
639980,2023-06-03,ligue1,2022,11147,AC Ajaccio,Marseille,1,343952,Kevin Spadanuda,SUB,0,0.0,27,0.0,0.0,0.0,0.0,0.0,0.0,0.0,,0.0,0.0,0.0,0.0,0.0,0.0
639980,2023-06-03,ligue1,2022,11147,AC Ajaccio,Marseille,1,359135,Mehdi Puch-Herrantz,SUB,0,1.0,37,1.0,1.0,0.0,0.0,0.0,0.0,0.0,,0.0,0.0,1.0,0.0,0.0,0.0
639980,2023-06-03,ligue1,2022,11147,AC Ajaccio,Marseille,1,89067,Cédric Avinel,SUB,0,0.0,21,0.0,0.0,0.0,0.0,0.0,0.0,0.0,,0.0,0.0,0.0,0.0,0.0,0.0
639980,2023-06-03,ligue1,2022,11147,AC Ajaccio,Marseille,1,356223,Anthony Khelifa,SUB,0,0.0,35,0.0,0.0,0.0,0.0,0.0,0.0,0.0,,0.0,0.0,0.0,0.0,0.0,0.0
639980,2023-06-03,ligue1,2022,11147,AC Ajaccio,Marseille,1,204683,Francois-Joseph Sollacaro,SUB,0,0.0,16,0.0,0.0,0.0,0.0,,0.0,0.0,0.0,0.0,0.0,0.0,0.0,0.0,0.0
639980,2023-06-03,ligue1,2022,11147,AC Ajaccio,Marseille,1,362062,Tony Strata,SUB,0,1.0,31,0.0,0.0,0.0,0.0,0.0,0.0,0.0,,0.0,0.0,1.0,0.0,0.0,0.0
639980,2023-06-03,ligue1,2022,11147,AC Ajaccio,Marseille,1,357000,Moussa Soumano,SUB,0,1.0,34,3.0,1.0,0.0,0.0,0.0,0.0,0.0,,0.0,0.0,1.0,0.0,0.0,1.0
639980,2023-06-03,ligue1,2022,11147,AC Ajaccio,Marseille,1,357866,Ivane Chegra,SUB,0,1.0,38,2.0,0.0,0.0,0.0,0.0,0.0,0.0,,0.0,0.0,1.0,0.0,1.0,0.0
639980,2023-06-03,ligue1,2022,11147,Marseille,AC Ajaccio,0,167069,Rubén Blanco,G,1,1.0,36,0.0,1.0,0.0,0.0,,0.0,0.0,0.0,1.0,0.0,0.0,0.0,0.0,0.0
639980,2023-06-03,ligue1,2022,11147,Marseille,AC Ajaccio,0,271555,Leonardo Balerdi,CD,1,1.0,5,2.0,1.0,0.0,0.0,0.0,0.0,0.0,,0.0,0.0,0.0,0.0,1.0,1.0
639980,2023-06-03,ligue1,2022,11147,Marseille,AC Ajaccio,0,170553,Sead Kolasinac,CD-L,1,1.0,23,3.0,1.0,0.0,1.0,0.0,0.0,0.0,,0.0,0.0,0.0,0.0,0.0,0.0
639980,2023-06-03,ligue1,2022,11147,Marseille,AC Ajaccio,0,174322,Chancel Mbemba,CD-R,1,1.0,99,0.0,3.0,0.0,1.0,0.0,0.0,0.0,,0.0,0.0,0.0,0.0,1.0,0.0
639980,2023-06-03,ligue1,2022,11147,Marseille,AC Ajaccio,0,157675,Jordan Veretout,CM-L,1,1.0,27,0.0,1.0,0.0,1.0,0.0,0.0,0.0,,0.0,0.0,0.0,0.0,1.0,0.0
639980,2023-06-03,ligue1,2022,11147,Marseille,AC Ajaccio,0,248676,Matteo Guendouzi,CM-R,1,1.0,6,0.0,1.0,0.0,1.0,0.0,0.0,0.0,,0.0,0.0,0.0,0.0,0.0,0.0
639980,2023-06-03,ligue1,2022,11147,Marseille,AC Ajaccio,0,232089,Jonathan Clauss,LM,1,1.0,7,0.0,0.0,0.0,0.0,0.0,0.0,0.0,,0.0,0.0,0.0,0.0,0.0,0.0
639980,2023-06-03,ligue1,2022,11147,Marseille,AC Ajaccio,0,294427,Issa Kaboré,RM,1,1.0,29,3.0,4.0,0.0,1.0,0.0,0.0,0.0,,0.0,0.0,0.0,0.0,1.0,0.0
639980,2023-06-03,ligue1,2022,11147,Marseille,AC Ajaccio,0,92055,Alexis Sánchez,F,1,1.0,70,2.0,2.0,0.0,0.0,0.0,0.0,0.0,,0.0,0.0,0.0,0.0,1.0,0.0
639980,2023-06-03,ligue1,2022,11147,Marseille,AC Ajaccio,0,208789,Ruslan Malinovskyi,CF-L,1,1.0,18,3.0,0.0,0.0,0.0,0.0,0.0,0.0,,0.0,2.0,0.0,0.0,6.0,0.0
639980,2023-06-03,ligue1,2022,11147,Marseille,AC Ajaccio,0,239706,Cengiz Ünder,CF-R,1,1.0,17,0.0,1.0,0.0,1.0,0.0,0.0,0.0,,0.0,0.0,0.0,0.0,3.0,0.0
639980,2023-06-03,ligue1,2022,11147,Marseille,AC Ajaccio,0,288901,Nuno Tavares,SUB,0,1.0,30,1.0,1.0,0.0,1.0,0.0,0.0,0.0,,0.0,0.0,1.0,0.0,1.0,0.0
639980,2023-06-03,ligue1,2022,11147,Marseille,AC Ajaccio,0,357152,François Mughe,SUB,0,1.0,33,0.0,0.0,0.0,1.0,0.0,0.0,0.0,,0.0,0.0,1.0,0.0,0.0,0.0
639980,2023-06-03,ligue1,2022,11147,Marseille,AC Ajaccio,0,212342,Eric Bailly,SUB,0,1.0,3,0.0,2.0,0.0,1.0,0.0,0.0,0.0,,0.0,0.0,1.0,0.0,0.0,0.0
639980,2023-06-03,ligue1,2022,11147,Marseille,AC Ajaccio,0,403234,Vitinha,SUB,0,1.0,9,1.0,0.0,0.0,1.0,0.0,0.0,0.0,,0.0,0.0,1.0,0.0,1.0,0.0
639980,2023-06-03,ligue1,2022,11147,Marseille,AC Ajaccio,0,203061,Pau López,SUB,0,1.0,16,0.0,0.0,0.0,1.0,,0.0,0.0,0.0,0.0,0.0,1.0,0.0,0.0,0.0
639980,2023-06-03,ligue1,2022,11147,Marseille,AC Ajaccio,0,311984,Bartug Elmaz,SUB,0,0.0,47,0.0,0.0,0.0,0.0,0.0,0.0,0.0,,0.0,0.0,0.0,0.0,0.0,0.0
639981,2023-06-03,ligue1,2022,11147,AJ Auxerre,Lens,1,144720,Andrei Radu,G,1,1.0,1,0.0,0.0,0.0,3.0,,0.0,0.0,4.0,11.0,0.0,0.0,0.0,0.0,0.0
639981,2023-06-03,ligue1,2022,11147,AJ Auxerre,Lens,1,198563,Jubal,CD,1,1.0,4,3.0,1.0,0.0,3.0,0.0,0.0,0.0,,0.0,0.0,0.0,0.0,0.0,1.0
639981,2023-06-03,ligue1,2022,11147,AJ Auxerre,Lens,1,306535,Isaak Touré,CD-L,1,1.0,95,1.0,1.0,0.0,3.0,0.0,0.0,0.0,,0.0,0.0,0.0,0.0,1.0,0.0
639981,2023-06-03,ligue1,2022,11147,AJ Auxerre,Lens,1,213101,Rayan Raveloson,CD-R,1,1.0,97,0.0,3.0,0.0,3.0,0.0,0.0,0.0,,0.0,0.0,0.0,0.0,1.0,0.0
639981,2023-06-03,ligue1,2022,11147,AJ Auxerre,Lens,1,174896,Birama Touré,CM-L,1,1.0,12,3.0,1.0,0.0,3.0,0.0,0.0,0.0,,0.0,1.0,0.0,0.0,1.0,0.0
639981,2023-06-03,ligue1,2022,11147,AJ Auxerre,Lens,1,282885,Han-Noah Massengo,CM-R,1,1.0,80,0.0,0.0,0.0,2.0,1.0,0.0,0.0,,0.0,0.0,0.0,0.0,3.0,0.0
639981,2023-06-03,ligue1,2022,11147,AJ Auxerre,Lens,1,264484,Gideon Mensah,LM,1,1.0,14,0.0,1.0,0.0,3.0,0.0,0.0,0.0,,0.0,0.0,0.0,0.0,0.0,0.0
639981,2023-06-03,ligue1,2022,11147,AJ Auxerre,Lens,1,204778,Akim Zedadka,RM,1,1.0,13,1.0,2.0,0.0,1.0,0.0,0.0,0.0,,0.0,0.0,0.0,0.0,0.0,0.0
639981,2023-06-03,ligue1,2022,11147,AJ Auxerre,Lens,1,224798,Nuno da Costa,F,1,1.0,9,0.0,0.0,0.0,1.0,0.0,0.0,0.0,,0.0,0.0,0.0,0.0,1.0,0.0
639981,2023-06-03,ligue1,2022,11147,AJ Auxerre,Lens,1,231778,Gaetan Perrin,CF-L,1,1.0,10,0.0,1.0,0.0,2.0,0.0,0.0,0.0,,0.0,0.0,0.0,0.0,1.0,0.0
639981,2023-06-03,ligue1,2022,11147,AJ Auxerre,Lens,1,239905,Gauthier Hein,CF-R,1,1.0,7,1.0,1.0,0.0,2.0,0.0,0.0,0.0,,0.0,0.0,0.0,0.0,0.0,0.0
639981,2023-06-03,ligue1,2022,11147,AJ Auxerre,Lens,1,172195,Youssouf M'Changama,SUB,0,0.0,6,0.0,0.0,0.0,0.0,0.0,0.0,0.0,,0.0,0.0,0.0,0.0,0.0,0.0
639981,2023-06-03,ligue1,2022,11147,AJ Auxerre,Lens,1,119868,M'Baye Niang,SUB,0,1.0,11,0.0,0.0,0.0,2.0,0.0,0.0,0.0,,0.0,2.0,1.0,1.0,3.0,0.0
639981,2023-06-03,ligue1,2022,11147,AJ Auxerre,Lens,1,144018,Mathias Autret,SUB,0,0.0,29,0.0,0.0,0.0,0.0,0.0,0.0,0.0,,0.0,0.0,0.0,0.0,0.0,0.0
639981,2023-06-03,ligue1,2022,11147,AJ Auxerre,Lens,1,271137,Lassine Sinayoko,SUB,0,1.0,17,0.0,1.0,0.0,1.0,0.0,0.0,0.0,,0.0,0.0,1.0,0.0,3.0,0.0
639981,2023-06-03,ligue1,2022,11147,AJ Auxerre,Lens,1,164165,Donovan Léon,SUB,0,0.0,16,0.0,0.0,0.0,0.0,,0.0,0.0,0.0,0.0,0.0,0.0,0.0,0.0,0.0
639981,2023-06-03,ligue1,2022,11147,AJ Auxerre,Lens,1,318389,Matthis Abline,SUB,0,1.0,19,0.0,0.0,0.0,1.0,1.0,0.0,0.0,,0.0,1.0,1.0,0.0,2.0,0.0
639981,2023-06-03,ligue1,2022,11147,AJ Auxerre,Lens,1,259032,Siriki Dembele,SUB,0,1.0,77,1.0,2.0,0.0,2.0,0.0,0.0,0.0,,0.0,0.0,1.0,0.0,1.0,0.0
639981,2023-06-03,ligue1,2022,11147,AJ Auxerre,Lens,1,190292,Hamza Sakhi,SUB,0,1.0,22,0.0,1.0,0.0,1.0,1.0,0.0,0.0,,0.0,0.0,1.0,0.0,0.0,0.0
639981,2023-06-03,ligue1,2022,11147,AJ Auxerre,Lens,1,176561,Julian Jeanvier,SUB,0,0.0,27,0.0,0.0,0.0,0.0,0.0,0.0,0.0,,0.0,0.0,0.0,0.0,0.0,0.0
639981,2023-06-03,ligue1,2022,11147,Lens,AJ Auxerre,0,121956,Jean-Louis Leca,G,1,1.0,16,0.0,0.0,0.0,1.0,,0.0,0.0,3.0,16.0,0.0,0.0,0.0,0.0,0.0
639981,2023-06-03,ligue1,2022,11147,Lens,AJ Auxerre,0,250543,Kevin Danso,CD,1,1.0,4,0.0,0.0,0.0,0.0,0.0,0.0,0.0,,0.0,0.0,0.0,0.0,0.0,0.0
639981,2023-06-03,ligue1,2022,11147,Lens,AJ Auxerre,0,154532,Massadio Haidara,CD-L,1,1.0,21,3.0,0.0,0.0,1.0,0.0,0.0,0.0,,0.0,0.0,0.0,0.0,0.0,1.0
639981,2023-06-03,ligue1,2022,11147,Lens,AJ Auxerre,0,197187,Jonathan Gradit,CD-R,1,1.0,24,2.0,1.0,0.0,1.0,0.0,0.0,0.0,,0.0,0.0,0.0,0.0,0.0,1.0
639981,2023-06-03,ligue1,2022,11147,Lens,AJ Auxerre,0,173266,Adrien Thomasson,CM-L,1,1.0,28,1.0,1.0,1.0,1.0,2.0,0.0,0.0,,0.0,0.0,0.0,0.0,1.0,0.0
639981,2023-06-03,ligue1,2022,11147,Lens,AJ Auxerre,0,292769,Salis Abdul Samed,CM-R,1,1.0,26,1.0,1.0,0.0,1.0,0.0,0.0,0.0,,0.0,0.0,0.0,0.0,0.0,1.0
639981,2023-06-03,ligue1,2022,11147,Lens,AJ Auxerre,0,197401,Deiver Machado,LM,1,1.0,3,3.0,2.0,0.0,1.0,0.0,0.0,0.0,,0.0,0.0,0.0,0.0,1.0,0.0
639981,2023-06-03,ligue1,2022,11147,Lens,AJ Auxerre,0,190806,Przemyslaw Frankowski,RM,1,1.0,29,0.0,0.0,0.0,1.0,0.0,0.0,0.0,,0.0,0.0,0.0,0.0,0.0,0.0
639981,2023-06-03,ligue1,2022,11147,Lens,AJ Auxerre,0,276265,Loïs Openda,F,1,1.0,11,1.0,2.0,1.0,1.0,0.0,0.0,0.0,,0.0,1.0,0.0,1.0,5.0,0.0
639981,2023-06-03,ligue1,2022,11147,Lens,AJ Auxerre,0,215452,Angelo Fulgini,CF-L,1,1.0,20,1.0,2.0,0.0,0.0,1.0,0.0,0.0,,0.0,2.0,0.0,0.0,2.0,0.0
639981,2023-06-03,ligue1,2022,11147,Lens,AJ Auxerre,0,228503,Alexis Claude-Maurice,CF-R,1,1.0,18,1.0,1.0,0.0,0.0,0.0,0.0,0.0,,0.0,3.0,0.0,2.0,3.0,0.0
639981,2023-06-03,ligue1,2022,11147,Lens,AJ Auxerre,0,215687,Florian Sotoca,SUB,0,1.0,7,0.0,0.0,2.0,1.0,0.0,0.0,0.0,,0.0,0.0,1.0,0.0,0.0,0.0
639981,2023-06-03,ligue1,2022,11147,Lens,AJ Auxerre,0,326499,Lukasz Poreba,SUB,0,0.0,13,0.0,0.0,0.0,0.0,0.0,0.0,0.0,,0.0,0.0,0.0,0.0,0.0,0.0
639981,2023-06-03,ligue1,2022,11147,Lens,AJ Auxerre,0,302948,Jean Onana,SUB,0,1.0,6,0.0,0.0,0.0,1.0,0.0,0.0,0.0,,0.0,0.0,1.0,0.0,0.0,0.0
639981,2023-06-03,ligue1,2022,11147,Lens,AJ Auxerre,0,184118,Seko Fofana,SUB,0,0.0,8,0.0,0.0,0.0,0.0,0.0,0.0,0.0,,0.0,0.0,0.0,0.0,0.0,0.0
639981,2023-06-03,ligue1,2022,11147,Lens,AJ Auxerre,0,323063,Julien Le Cardinal,SUB,0,1.0,25,1.0,0.0,0.0,0.0,0.0,0.0,0.0,,0.0,0.0,1.0,0.0,0.0,0.0
639981,2023-06-03,ligue1,2022,11147,Lens,AJ Auxerre,0,186189,Wesley Saïd,SUB,0,1.0,22,1.0,0.0,0.0,1.0,1.0,0.0,0.0,,0.0,1.0,1.0,0.0,2.0,0.0
639981,2023-06-03,ligue1,2022,11147,Lens,AJ Auxerre,0,164126,Brice Samba,SUB,0,0.0,30,0.0,0.0,0.0,0.0,,0.0,0.0,0.0,0.0,0.0,0.0,0.0,0.0,0.0
639981,2023-06-03,ligue1,2022,11147,Lens,AJ Auxerre,0,257211,Adam Buksa,SUB,0,1.0,9,0.0,0.0,0.0,0.0,0.0,0.0,0.0,,0.0,0.0,1.0,0.0,0.0,0.0
639981,2023-06-03,ligue1,2022,11147,Lens,AJ Auxerre,0,249663,Facundo Medina,SUB,0,0.0,14,0.0,0.0,0.0,0.0,0.0,0.0,0.0,,0.0,0.0,0.0,0.0,0.0,0.0
639982,2023-06-03,ligue1,2022,11147,Brest,Stade Rennais,1,132233,Marco Bizot,G,1,1.0,40,0.0,0.0,0.0,2.0,,0.0,0.0,1.0,10.0,0.0,0.0,0.0,0.0,0.0
639982,2023-06-03,ligue1,2022,11147,Brest,Stade Rennais,1,290141,Lilian Brassier,CD-L,1,1.0,3,1.0,0.0,0.0,2.0,0.0,0.0,0.0,,0.0,1.0,0.0,0.0,2.0,0.0
639982,2023-06-03,ligue1,2022,11147,Brest,Stade Rennais,1,186408,Brendan Chardonnet,CD-R,1,1.0,5,2.0,1.0,0.0,2.0,1.0,0.0,0.0,,0.0,0.0,0.0,0.0,0.0,0.0
639982,2023-06-03,ligue1,2022,11147,Brest,Stade Rennais,1,241032,Jean-Kévin Duverne,LB,1,1.0,2,1.0,0.0,0.0,2.0,0.0,0.0,0.0,,0.0,0.0,0.0,0.0,0.0,0.0
639982,2023-06-03,ligue1,2022,11147,Brest,Stade Rennais,1,164187,Kenny Lala,RB,1,1.0,27,1.0,0.0,0.0,2.0,0.0,0.0,0.0,,0.0,0.0,0.0,0.0,1.0,0.0
639982,2023-06-03,ligue1,2022,11147,Brest,Stade Rennais,1,221527,Pierre Lees-Melou,CM,1,1.0,20,1.0,3.0,0.0,2.0,1.0,0.0,0.0,,0.0,1.0,0.0,0.0,3.0,1.0
639982,2023-06-03,ligue1,2022,11147,Brest,Stade Rennais,1,206993,Haris Belkebla,LM,1,1.0,7,1.0,3.0,0.0,2.0,0.0,0.0,0.0,,0.0,1.0,0.0,1.0,1.0,0.0
639982,2023-06-03,ligue1,2022,11147,Brest,Stade Rennais,1,250377,Hugo Magnetti,RM,1,1.0,8,2.0,0.0,0.0,2.0,0.0,0.0,0.0,,0.0,0.0,0.0,0.0,0.0,1.0
639982,2023-06-03,ligue1,2022,11147,Brest,Stade Rennais,1,192672,Steve Mounié,F,1,1.0,15,1.0,0.0,0.0,2.0,0.0,0.0,0.0,,0.0,1.0,0.0,0.0,5.0,0.0
639982,2023-06-03,ligue1,2022,11147,Brest,Stade Rennais,1,305693,Jeremy Le Douaron,LF,1,1.0,22,0.0,2.0,0.0,2.0,0.0,0.0,0.0,,0.0,0.0,0.0,0.0,1.0,0.0
639982,2023-06-03,ligue1,2022,11147,Brest,Stade Rennais,1,230896,Romain Del Castillo,RF,1,1.0,10,0.0,0.0,0.0,2.0,0.0,0.0,0.0,,0.0,0.0,0.0,0.0,0.0,0.0
639982,2023-06-03,ligue1,2022,11147,Brest,Stade Rennais,1,233835,Mathias Pereira Lage,SUB,0,1.0,29,0.0,0.0,0.0,0.0,0.0,0.0,0.0,,0.0,0.0,1.0,0.0,0.0,0.0
639982,2023-06-03,ligue1,2022,11147,Brest,Stade Rennais,1,324572,Bradley Locko,SUB,0,1.0,28,0.0,2.0,0.0,0.0,0.0,0.0,0.0,,0.0,0.0,1.0,0.0,0.0,0.0
639982,2023-06-03,ligue1,2022,11147,Brest,Stade Rennais,1,268966,Mahdi Camara,SUB,0,1.0,45,0.0,1.0,0.0,0.0,0.0,0.0,0.0,,0.0,1.0,1.0,0.0,2.0,0.0
639982,2023-06-03,ligue1,2022,11147,Brest,Stade Rennais,1,195318,Alberth Elis,SUB,0,0.0,17,0.0,0.0,0.0,0.0,0.0,0.0,0.0,,0.0,0.0,0.0,0.0,0.0,0.0
639982,2023-06-03,ligue1,2022,11147,Brest,Stade Rennais,1,172299,Christophe Hérelle,SUB,0,0.0,23,0.0,0.0,0.0,0.0,0.0,0.0,0.0,,0.0,0.0,0.0,0.0,0.0,0.0
639982,2023-06-03,ligue1,2022,11147,Brest,Stade Rennais,1,324419,Felix Lemarechal,SUB,0,1.0,37,0.0,0.0,0.0,0.0,0.0,0.0,0.0,,0.0,0.0,1.0,0.0,0.0,1.0
639982,2023-06-03,ligue1,2022,11147,Brest,Stade Rennais,1,288616,Karamoko Dembele,SUB,0,1.0,18,0.0,1.0,0.0,0.0,0.0,0.0,0.0,,0.0,0.0,1.0,0.0,0.0,0.0
639982,2023-06-03,ligue1,2022,11147,Brest,Stade Rennais,1,283557,Achraf Dari,SUB,0,0.0,4,0.0,0.0,0.0,0.0,0.0,0.0,0.0,,0.0,0.0,0.0,0.0,0.0,0.0
639982,2023-06-03,ligue1,2022,11147,Brest,Stade Rennais,1,260239,Grégoire Coudert,SUB,0,0.0,30,0.0,0.0,0.0,0.0,,0.0,0.0,0.0,0.0,0.0,0.0,0.0,0.0,0.0
639982,2023-06-03,ligue1,2022,11147,Stade Rennais,Brest,0,278790,Dogan Alemdar,G,1,1.0,1,0.0,0.0,0.0,1.0,,0.0,0.0,4.0,14.0,0.0,0.0,0.0,0.0,1.0
639982,2023-06-03,ligue1,2022,11147,Stade Rennais,Brest,0,232325,Joe Rodon,CD-L,1,1.0,2,0.0,1.0,0.0,1.0,0.0,0.0,0.0,,0.0,0.0,0.0,0.0,0.0,0.0
639982,2023-06-03,ligue1,2022,11147,Stade Rennais,Brest,0,309840,Warmed Omari,CD-R,1,1.0,23,0.0,0.0,0.0,1.0,0.0,0.0,0.0,,0.0,0.0,0.0,0.0,0.0,0.0
639982,2023-06-03,ligue1,2022,11147,Stade Rennais,Brest,0,333927,Jeanuël Belocian,LB,1,1.0,18,0.0,0.0,0.0,1.0,0.0,0.0,0.0,,0.0,0.0,0.0,0.0,0.0,0.0
639982,2023-06-03,ligue1,2022,11147,Stade Rennais,Brest,0,196729,Hamari Traoré,RB,1,1.0,27,0.0,0.0,0.0,1.0,0.0,0.0,0.0,,0.0,0.0,0.0,0.0,3.0,0.0
639982,2023-06-03,ligue1,2022,11147,Stade Rennais,Brest,0,192403,Baptiste Santamaria,CM,1,1.0,8,3.0,2.0,0.0,1.0,1.0,0.0,0.0,,0.0,0.0,0.0,0.0,0.0,0.0
639982,2023-06-03,ligue1,2022,11147,Stade Rennais,Brest,0,237549,Lovro Majer,LM,1,1.0,21,3.0,1.0,0.0,1.0,1.0,0.0,0.0,,0.0,0.0,0.0,0.0,2.0,0.0
639982,2023-06-03,ligue1,2022,11147,Stade Rennais,Brest,0,185869,Benjamin Bourigeaud,RM,1,1.0,14,2.0,0.0,0.0,1.0,0.0,0.0,0.0,,0.0,2.0,0.0,2.0,3.0,1.0
639982,2023-06-03,ligue1,2022,11147,Stade Rennais,Brest,0,207040,Karl Toko Ekambi,F,1,1.0,17,1.0,2.0,0.0,1.0,0.0,0.0,0.0,,0.0,1.0,0.0,0.0,1.0,0.0
639982,2023-06-03,ligue1,2022,11147,Stade Rennais,Brest,0,259743,Amine Gouiri,LF,1,1.0,19,2.0,1.0,0.0,1.0,0.0,0.0,0.0,,0.0,0.0,0.0,0.0,3.0,1.0
639982,2023-06-03,ligue1,2022,11147,Stade Rennais,Brest,0,283672,Jérémy Doku,RF,1,1.0,10,0.0,3.0,0.0,1.0,0.0,0.0,0.0,,0.0,0.0,0.0,0.0,0.0,0.0
639982,2023-06-03,ligue1,2022,11147,Stade Rennais,Brest,0,333257,Ibrahim Salah,SUB,0,0.0,34,0.0,0.0,0.0,0.0,0.0,0.0,0.0,,0.0,0.0,0.0,0.0,0.0,0.0
639982,2023-06-03,ligue1,2022,11147,Stade Rennais,Brest,0,309563,Lesley Ugochukwu,SUB,0,1.0,6,0.0,0.0,0.0,0.0,0.0,0.0,0.0,,0.0,0.0,1.0,0.0,0.0,0.0
639982,2023-06-03,ligue1,2022,11147,Stade Rennais,Brest,0,183932,Flavien Tait,SUB,0,0.0,20,0.0,0.0,0.0,0.0,0.0,0.0,0.0,,0.0,0.0,0.0,0.0,0.0,0.0
639982,2023-06-03,ligue1,2022,11147,Stade Rennais,Brest,0,291852,Elias Damergy,SUB,0,0.0,40,0.0,0.0,0.0,0.0,,0.0,0.0,0.0,0.0,0.0,0.0,0.0,0.0,0.0
639982,2023-06-03,ligue1,2022,11147,Stade Rennais,Brest,0,346636,Guela Doué,SUB,0,0.0,31,0.0,0.0,0.0,0.0,0.0,0.0,0.0,,0.0,0.0,0.0,0.0,0.0,0.0
639982,2023-06-03,ligue1,2022,11147,Stade Rennais,Brest,0,296321,Arnaud Kalimuendo,SUB,0,1.0,9,0.0,0.0,0.0,0.0,0.0,0.0,0.0,,0.0,0.0,1.0,0.0,0.0,0.0
639982,2023-06-03,ligue1,2022,11147,Stade Rennais,Brest,0,192115,Birger Meling,SUB,0,1.0,25,1.0,0.0,0.0,0.0,0.0,0.0,0.0,,0.0,0.0,1.0,0.0,0.0,1.0
639982,2023-06-03,ligue1,2022,11147,Stade Rennais,Brest,0,336388,Désiré Doué,SUB,0,1.0,33,1.0,0.0,0.0,0.0,0.0,0.0,0.0,,0.0,0.0,1.0,0.0,0.0,0.0
639982,2023-06-03,ligue1,2022,11147,Stade Rennais,Brest,0,308461,Lorenz Assignon,SUB,0,1.0,22,0.0,0.0,0.0,0.0,0.0,0.0,0.0,,0.0,0.0,1.0,0.0,0.0,0.0
639983,2023-06-03,ligue1,2022,11147,Lorient,Strasbourg,1,199381,Yvon Mvogo,G,1,1.0,38,0.0,0.0,0.0,1.0,,0.0,0.0,6.0,13.0,0.0,0.0,0.0,0.0,0.0
639983,2023-06-03,ligue1,2022,11147,Lorient,Strasbourg,1,265099,Montassar Talbi,CD,1,1.0,3,0.0,0.0,0.0,1.0,1.0,0.0,0.0,,0.0,0.0,0.0,0.0,0.0,0.0
639983,2023-06-03,ligue1,2022,11147,Lorient,Strasbourg,1,146496,Vincent Le Goff,CD-L,1,1.0,25,0.0,1.0,0.0,1.0,1.0,0.0,0.0,,0.0,0.0,0.0,0.0,0.0,0.0
639983,2023-06-03,ligue1,2022,11147,Lorient,Strasbourg,1,324960,Bamo Meïté,CD-R,1,1.0,18,1.0,1.0,0.0,1.0,0.0,0.0,0.0,,0.0,0.0,0.0,0.0,0.0,0.0
639983,2023-06-03,ligue1,2022,11147,Lorient,Strasbourg,1,225557,Jean-Victor Makengo,CM-L,1,1.0,17,2.0,2.0,0.0,1.0,0.0,0.0,0.0,,0.0,0.0,0.0,0.0,0.0,0.0
639983,2023-06-03,ligue1,2022,11147,Lorient,Strasbourg,1,181133,Laurent Abergel,CM-R,1,1.0,19,1.0,0.0,0.0,1.0,2.0,0.0,0.0,,0.0,0.0,0.0,0.0,0.0,1.0
639983,2023-06-03,ligue1,2022,11147,Lorient,Strasbourg,1,325992,Théo Le Bris,LM,1,1.0,37,1.0,0.0,1.0,1.0,1.0,0.0,0.0,,0.0,0.0,0.0,0.0,0.0,0.0
639983,2023-06-03,ligue1,2022,11147,Lorient,Strasbourg,1,291345,Gédéon Kalulu,RM,1,1.0,24,1.0,2.0,1.0,1.0,0.0,0.0,0.0,,0.0,0.0,0.0,0.0,1.0,0.0
639983,2023-06-03,ligue1,2022,11147,Lorient,Strasbourg,1,41549,Ibrahima Koné,F,1,1.0,9,0.0,3.0,0.0,1.0,0.0,0.0,0.0,,0.0,0.0,0.0,0.0,0.0,0.0
639983,2023-06-03,ligue1,2022,11147,Lorient,Strasbourg,1,288340,Enzo Le Fée,CF-L,1,1.0,80,1.0,2.0,0.0,1.0,0.0,0.0,0.0,,0.0,0.0,0.0,0.0,0.0,0.0
639983,2023-06-03,ligue1,2022,11147,Lorient,Strasbourg,1,268591,Romain Faivre,CF-R,1,1.0,14,1.0,2.0,0.0,1.0,0.0,0.0,0.0,,0.0,2.0,0.0,2.0,3.0,0.0
639983,2023-06-03,ligue1,2022,11147,Lorient,Strasbourg,1,361809,Junior Kroupi,SUB,0,1.0,33,0.0,1.0,0.0,0.0,0.0,0.0,0.0,,0.0,0.0,1.0,0.0,0.0,0.0
639983,2023-06-03,ligue1,2022,11147,Lorient,Strasbourg,1,305670,Yoann Cathline,SUB,0,1.0,22,0.0,0.0,0.0,0.0,0.0,0.0,0.0,,0.0,1.0,1.0,0.0,1.0,0.0
639983,2023-06-03,ligue1,2022,11147,Lorient,Strasbourg,1,276450,Julien Ponceau,SUB,0,0.0,21,0.0,0.0,0.0,0.0,0.0,0.0,0.0,,0.0,0.0,0.0,0.0,0.0,0.0
639983,2023-06-03,ligue1,2022,11147,Lorient,Strasbourg,1,290166,Adil Aouchiche,SUB,0,0.0,10,0.0,0.0,0.0,0.0,0.0,0.0,0.0,,0.0,0.0,0.0,0.0,0.0,0.0
639983,2023-06-03,ligue1,2022,11147,Lorient,Strasbourg,1,234912,Stéphane Diarra,SUB,0,0.0,7,0.0,0.0,0.0,0.0,0.0,0.0,0.0,,0.0,0.0,0.0,0.0,0.0,0.0
639983,2023-06-03,ligue1,2022,11147,Lorient,Strasbourg,1,85400,Vito Mannone,SUB,0,0.0,1,0.0,0.0,0.0,0.0,,0.0,0.0,0.0,0.0,0.0,0.0,0.0,0.0,0.0
639983,2023-06-03,ligue1,2022,11147,Lorient,Strasbourg,1,217170,Julien Laporte,SUB,0,1.0,15,0.0,0.0,0.0,0.0,0.0,0.0,0.0,,0.0,0.0,1.0,0.0,0.0,0.0
639983,2023-06-03,ligue1,2022,11147,Lorient,Strasbourg,1,353112,Ayman Kari,SUB,0,1.0,44,0.0,1.0,0.0,0.0,0.0,0.0,0.0,,0.0,0.0,1.0,0.0,0.0,0.0
639983,2023-06-03,ligue1,2022,11147,Strasbourg,Lorient,0,179497,Matz Sels,G,1,1.0,1,0.0,0.0,0.0,2.0,,0.0,0.0,1.0,3.0,0.0,0.0,0.0,0.0,0.0
639983,2023-06-03,ligue1,2022,11147,Strasbourg,Lorient,0,264519,Gerzino Nyamsi,CD,1,1.0,22,2.0,0.0,0.0,2.0,0.0,0.0,0.0,,0.0,1.0,0.0,0.0,1.0,0.0
639983,2023-06-03,ligue1,2022,11147,Strasbourg,Lorient,0,215709,Frédéric Guilbert,CD-L,1,1.0,32,2.0,0.0,1.0,2.0,1.0,0.0,0.0,,0.0,0.0,0.0,0.0,0.0,0.0
639983,2023-06-03,ligue1,2022,11147,Strasbourg,Lorient,0,305935,Ismael Doukoure,CD-R,1,1.0,29,2.0,0.0,0.0,2.0,0.0,0.0,0.0,,0.0,0.0,0.0,0.0,0.0,0.0
639983,2023-06-03,ligue1,2022,11147,Strasbourg,Lorient,0,176816,Morgan Sanson,CM-L,1,1.0,8,1.0,1.0,0.0,2.0,0.0,0.0,0.0,,0.0,1.0,0.0,0.0,3.0,0.0
639983,2023-06-03,ligue1,2022,11147,Strasbourg,Lorient,0,236004,Ibrahima Sissoko,CM-R,1,1.0,27,1.0,0.0,0.0,2.0,0.0,0.0,0.0,,0.0,0.0,0.0,0.0,1.0,0.0
639983,2023-06-03,ligue1,2022,11147,Strasbourg,Lorient,0,158498,Thomas Delaine,LM,1,1.0,3,0.0,0.0,0.0,2.0,0.0,0.0,0.0,,0.0,0.0,0.0,0.0,0.0,0.0
639983,2023-06-03,ligue1,2022,11147,Strasbourg,Lorient,0,276335,Colin Dagba,RM,1,1.0,2,1.0,1.0,0.0,2.0,0.0,0.0,0.0,,0.0,0.0,0.0,0.0,1.0,0.0
639983,2023-06-03,ligue1,2022,11147,Strasbourg,Lorient,0,223376,Habib Diallo,F,1,1.0,20,0.0,1.0,0.0,2.0,0.0,0.0,0.0,,0.0,1.0,0.0,0.0,3.0,0.0
639983,2023-06-03,ligue1,2022,11147,Strasbourg,Lorient,0,240369,Jean-Ricner Bellegarde,CF-L,1,1.0,17,3.0,1.0,0.0,2.0,0.0,0.0,0.0,,0.0,1.0,0.0,1.0,4.0,1.0
639983,2023-06-03,ligue1,2022,11147,Strasbourg,Lorient,0,324991,Habib Diarra,CF-R,1,1.0,19,0.0,0.0,0.0,2.0,0.0,0.0,0.0,,0.0,0.0,0.0,0.0,0.0,0.0
639983,2023-06-03,ligue1,2022,11147,Strasbourg,Lorient,0,167054,Sanjin Prcic,SUB,0,1.0,14,0.0,1.0,0.0,0.0,0.0,0.0,0.0,,0.0,0.0,1.0,0.0,0.0,0.0
639983,2023-06-03,ligue1,2022,11147,Strasbourg,Lorient,0,303031,Yuito Suzuki,SUB,0,1.0,18,0.0,1.0,0.0,0.0,0.0,0.0,0.0,,0.0,0.0,1.0,0.0,0.0,0.0
639983,2023-06-03,ligue1,2022,11147,Strasbourg,Lorient,0,180573,Alexander Djiku,SUB,0,0.0,24,0.0,0.0,0.0,0.0,0.0,0.0,0.0,,0.0,0.0,0.0,0.0,0.0,0.0
639983,2023-06-03,ligue1,2022,11147,Strasbourg,Lorient,0,101468,Kevin Gameiro,SUB,0,1.0,9,0.0,0.0,0.0,0.0,0.0,0.0,0.0,,0.0,0.0,1.0,0.0,1.0,0.0
639983,2023-06-03,ligue1,2022,11147,Strasbourg,Lorient,0,238446,Dimitri Liénard,SUB,0,0.0,11,0.0,0.0,0.0,0.0,0.0,0.0,0.0,,0.0,0.0,0.0,0.0,0.0,0.0
639983,2023-06-03,ligue1,2022,11147,Strasbourg,Lorient,0,344517,Robin Risser,SUB,0,0.0,40,0.0,0.0,0.0,0.0,,0.0,0.0,0.0,0.0,0.0,0.0,0.0,0.0,0.0
639983,2023-06-03,ligue1,2022,11147,Strasbourg,Lorient,0,184088,Eduard Sobol,SUB,0,1.0,77,0.0,2.0,0.0,0.0,0.0,0.0,0.0,,0.0,0.0,1.0,0.0,0.0,0.0
639983,2023-06-03,ligue1,2022,11147,Strasbourg,Lorient,0,240464,Lebo Mothiba,SUB,0,0.0,12,0.0,0.0,0.0,0.0,0.0,0.0,0.0,,0.0,0.0,0.0,0.0,0.0,0.0
639983,2023-06-03,ligue1,2022,11147,Strasbourg,Lorient,0,196164,Jean-Eudes Aholou,SUB,0,1.0,6,3.0,0.0,0.0,0.0,0.0,0.0,0.0,,0.0,0.0,1.0,0.0,0.0,0.0
639984,2023-06-03,ligue1,2022,11147,Troyes,Lille,1,190293,Gauthier Gallon,G,1,1.0,30,0.0,1.0,0.0,1.0,,0.0,0.0,6.0,17.0,0.0,0.0,0.0,0.0,0.0
639984,2023-06-03,ligue1,2022,11147,Troyes,Lille,1,191847,Erik Palmer-Brown,CD,1,1.0,4,0.0,0.0,0.0,1.0,0.0,0.0,0.0,,0.0,0.0,0.0,0.0,0.0,0.0
639984,2023-06-03,ligue1,2022,11147,Troyes,Lille,1,214458,Yoann Salmier,CD-L,1,1.0,17,1.0,1.0,0.0,1.0,1.0,0.0,0.0,,0.0,0.0,0.0,0.0,1.0,0.0
639984,2023-06-03,ligue1,2022,11147,Troyes,Lille,1,324657,Tanguy Zoukrou,CD-R,1,1.0,22,0.0,0.0,0.0,1.0,0.0,0.0,0.0,,0.0,0.0,0.0,0.0,0.0,0.0
639984,2023-06-03,ligue1,2022,11147,Troyes,Lille,1,174903,Xavier Chavalerin,CM-L,1,1.0,24,0.0,1.0,0.0,1.0,1.0,0.0,0.0,,0.0,0.0,0.0,0.0,1.0,0.0
639984,2023-06-03,ligue1,2022,11147,Troyes,Lille,1,241661,Rominigue Kouamé,CM-R,1,1.0,6,1.0,4.0,0.0,1.0,0.0,0.0,0.0,,0.0,1.0,0.0,0.0,2.0,0.0
639984,2023-06-03,ligue1,2022,11147,Troyes,Lille,1,289837,Yasser Larouci,LM,1,1.0,39,0.0,2.0,0.0,1.0,0.0,0.0,0.0,,0.0,0.0,0.0,0.0,1.0,0.0
639984,2023-06-03,ligue1,2022,11147,Troyes,Lille,1,322891,Thierno Balde,RM,1,1.0,18,0.0,1.0,1.0,1.0,0.0,0.0,0.0,,0.0,0.0,0.0,0.0,0.0,0.0
639984,2023-06-03,ligue1,2022,11147,Troyes,Lille,1,225545,Ike Ugbo,F,1,1.0,9,3.0,1.0,0.0,1.0,0.0,0.0,0.0,,0.0,0.0,0.0,0.0,0.0,0.0
639984,2023-06-03,ligue1,2022,11147,Troyes,Lille,1,259960,Mama Baldé,CF-L,1,1.0,7,0.0,2.0,0.0,1.0,1.0,0.0,0.0,,0.0,1.0,0.0,0.0,2.0,0.0
639984,2023-06-03,ligue1,2022,11147,Troyes,Lille,1,176423,Rony Lopes,CF-R,1,1.0,11,1.0,1.0,0.0,1.0,1.0,0.0,0.0,,0.0,1.0,0.0,1.0,1.0,0.0
639984,2023-06-03,ligue1,2022,11147,Troyes,Lille,1,324658,Rudy Kohon,SUB,0,0.0,33,0.0,0.0,0.0,0.0,0.0,0.0,0.0,,0.0,0.0,0.0,0.0,0.0,0.0
639984,2023-06-03,ligue1,2022,11147,Troyes,Lille,1,266141,Andreas Bruus,SUB,0,1.0,19,0.0,0.0,0.0,0.0,0.0,0.0,0.0,,0.0,0.0,1.0,0.0,0.0,0.0
639984,2023-06-03,ligue1,2022,11147,Troyes,Lille,1,86328,Jessy Moulin,SUB,0,0.0,40,0.0,0.0,0.0,0.0,,0.0,0.0,0.0,0.0,0.0,0.0,0.0,0.0,0.0
639984,2023-06-03,ligue1,2022,11147,Troyes,Lille,1,346835,Kyliane Dong,SUB,0,0.0,27,0.0,0.0,0.0,0.0,0.0,0.0,0.0,,0.0,0.0,0.0,0.0,0.0,0.0
639984,2023-06-03,ligue1,2022,11147,Troyes,Lille,1,324659,Derek Mazou-Sacko,SUB,0,1.0,28,2.0,0.0,0.0,0.0,0.0,0.0,0.0,,0.0,0.0,1.0,0.0,0.0,0.0
639984,2023-06-03,ligue1,2022,11147,Troyes,Lille,1,291431,Papa Ndiaga Yade,SUB,0,1.0,26,0.0,0.0,0.0,0.0,0.0,0.0,0.0,,0.0,0.0,1.0,0.0,0.0,0.0
639984,2023-06-03,ligue1,2022,11147,Troyes,Lille,1,173559,Florien Tardieu,SUB,0,1.0,10,0.0,0.0,0.0,0.0,0.0,0.0,0.0,,0.0,0.0,1.0,0.0,0.0,0.0
639984,2023-06-03,ligue1,2022,11147,Troyes,Lille,1,345687,Wilson Odobert,SUB,0,0.0,29,0.0,0.0,0.0,0.0,0.0,0.0,0.0,,0.0,0.0,0.0,0.0,0.0,0.0
639984,2023-06-03,ligue1,2022,11147,Lille,Troyes,0,288925,Lucas Chevalier,G,1,1.0,30,0.0,0.0,0.0,1.0,,0.0,0.0,2.0,7.0,0.0,0.0,0.0,0.0,0.0
639984,2023-06-03,ligue1,2022,11147,Lille,Troyes,0,340900,Alexsandro,CD-L,1,1.0,4,2.0,0.0,0.0,1.0,1.0,0.0,0.0,,0.0,0.0,0.0,0.0,1.0,0.0
639984,2023-06-03,ligue1,2022,11147,Lille,Troyes,0,104172,José Fonte,CD-R,1,1.0,6,0.0,0.0,0.0,1.0,0.0,0.0,0.0,,0.0,0.0,0.0,0.0,1.0,0.0
639984,2023-06-03,ligue1,2022,11147,Lille,Troyes,0,123683,Benjamin André,DM,1,1.0,21,3.0,3.0,0.0,1.0,1.0,0.0,0.0,,0.0,0.0,0.0,0.0,1.0,1.0
639984,2023-06-03,ligue1,2022,11147,Lille,Troyes,0,250166,Gabriel Gudmundsson,LB,1,1.0,5,1.0,1.0,0.0,0.0,0.0,0.0,0.0,,0.0,0.0,0.0,0.0,0.0,1.0
639984,2023-06-03,ligue1,2022,11147,Lille,Troyes,0,282675,Bafodé Diakité,RB,1,1.0,18,1.0,0.0,0.0,1.0,0.0,0.0,0.0,,0.0,1.0,0.0,1.0,3.0,0.0
639984,2023-06-03,ligue1,2022,11147,Lille,Troyes,0,256773,Angel Gomes,CM-L,1,1.0,20,1.0,1.0,0.0,1.0,0.0,0.0,0.0,,0.0,1.0,0.0,0.0,3.0,1.0
639984,2023-06-03,ligue1,2022,11147,Lille,Troyes,0,136688,Rémy Cabella,CM-R,1,1.0,10,2.0,2.0,0.0,1.0,2.0,0.0,0.0,,0.0,0.0,0.0,0.0,0.0,0.0
639984,2023-06-03,ligue1,2022,11147,Lille,Troyes,0,210538,Jonathan Bamba,LM,1,1.0,7,0.0,0.0,1.0,1.0,0.0,0.0,0.0,,0.0,1.0,0.0,0.0,4.0,0.0
639984,2023-06-03,ligue1,2022,11147,Lille,Troyes,0,227932,Adam Ounas,RM,1,1.0,11,1.0,0.0,0.0,1.0,0.0,0.0,0.0,,0.0,0.0,0.0,0.0,0.0,1.0
639984,2023-06-03,ligue1,2022,11147,Lille,Troyes,0,273499,Jonathan David,F,1,1.0,9,2.0,0.0,0.0,1.0,0.0,0.0,0.0,,0.0,2.0,0.0,0.0,2.0,0.0
639984,2023-06-03,ligue1,2022,11147,Lille,Troyes,0,151020,Ismaily,SUB,0,0.0,31,0.0,0.0,0.0,0.0,0.0,0.0,0.0,,0.0,0.0,0.0,0.0,0.0,0.0
639984,2023-06-03,ligue1,2022,11147,Lille,Troyes,0,338814,Carlos Baleba,SUB,0,1.0,35,0.0,1.0,0.0,0.0,0.0,0.0,0.0,,0.0,0.0,1.0,0.0,0.0,0.0
639984,2023-06-03,ligue1,2022,11147,Lille,Troyes,0,148986,Jonas Martin,SUB,0,0.0,8,0.0,0.0,0.0,0.0,0.0,0.0,0.0,,0.0,0.0,0.0,0.0,0.0,0.0
639984,2023-06-03,ligue1,2022,11147,Lille,Troyes,0,266027,Timothy Weah,SUB,0,1.0,22,1.0,0.0,0.0,1.0,0.0,0.0,0.0,,0.0,0.0,1.0,0.0,0.0,0.0
639984,2023-06-03,ligue1,2022,11147,Lille,Troyes,0,101360,Benoit Costil,SUB,0,0.0,25,0.0,0.0,0.0,0.0,,0.0,0.0,0.0,0.0,0.0,0.0,0.0,0.0,0.0
639984,2023-06-03,ligue1,2022,11147,Lille,Troyes,0,340206,Leny Yoro,SUB,0,0.0,15,0.0,0.0,0.0,0.0,0.0,0.0,0.0,,0.0,0.0,0.0,0.0,0.0,0.0
639984,2023-06-03,ligue1,2022,11147,Lille,Troyes,0,304743,Alan Virginius,SUB,0,0.0,26,0.0,0.0,0.0,0.0,0.0,0.0,0.0,,0.0,0.0,0.0,0.0,0.0,0.0
639984,2023-06-03,ligue1,2022,11147,Lille,Troyes,0,267519,Mohamed Bayo,SUB,0,1.0,27,0.0,0.0,0.0,0.0,0.0,0.0,0.0,,0.0,0.0,1.0,0.0,0.0,0.0
639984,2023-06-03,ligue1,2022,11147,Lille,Troyes,0,260300,Edon Zhegrova,SUB,0,1.0,23,0.0,0.0,0.0,0.0,0.0,0.0,0.0,,0.0,1.0,1.0,0.0,3.0,0.0
639985,2023-06-03,ligue1,2022,11147,Nantes,Angers,1,231282,Alban Lafont,G,1,1.0,1,0.0,0.0,0.0,0.0,,0.0,0.0,1.0,4.0,0.0,0.0,0.0,0.0,0.0
639985,2023-06-03,ligue1,2022,11147,Nantes,Angers,1,185683,Jean-Charles Castelletto,CD-L,1,1.0,21,0.0,1.0,0.0,0.0,0.0,0.0,0.0,,0.0,0.0,0.0,0.0,0.0,0.0
639985,2023-06-03,ligue1,2022,11147,Nantes,Angers,1,186952,Andrei Girotto,CD-R,1,1.0,3,1.0,0.0,0.0,0.0,1.0,0.0,0.0,,0.0,0.0,0.0,0.0,0.0,0.0
639985,2023-06-03,ligue1,2022,11147,Nantes,Angers,1,227800,Charles Traoré,LB,1,1.0,93,1.0,4.0,0.0,0.0,0.0,0.0,0.0,,0.0,0.0,0.0,0.0,0.0,0.0
639985,2023-06-03,ligue1,2022,11147,Nantes,Angers,1,287946,João Victor,RB,1,1.0,38,1.0,2.0,0.0,0.0,0.0,0.0,0.0,,0.0,0.0,0.0,0.0,0.0,0.0
639985,2023-06-03,ligue1,2022,11147,Nantes,Angers,1,223120,Ludovic Blas,AM,1,1.0,10,3.0,0.0,1.0,0.0,0.0,0.0,0.0,,0.0,3.0,0.0,0.0,5.0,1.0
639985,2023-06-03,ligue1,2022,11147,Nantes,Angers,1,260932,Samuel Moutoussamy,LM,1,1.0,8,2.0,1.0,0.0,0.0,0.0,0.0,0.0,,0.0,0.0,0.0,0.0,1.0,0.0
639985,2023-06-03,ligue1,2022,11147,Nantes,Angers,1,222212,Pedro Chirivella,RM,1,1.0,5,4.0,1.0,0.0,0.0,0.0,0.0,0.0,,0.0,0.0,0.0,0.0,0.0,0.0
639985,2023-06-03,ligue1,2022,11147,Nantes,Angers,1,262507,Ignatius Ganago,F,1,1.0,14,0.0,1.0,0.0,0.0,0.0,0.0,0.0,,0.0,1.0,0.0,1.0,2.0,0.0
639985,2023-06-03,ligue1,2022,11147,Nantes,Angers,1,313890,Quentin Merlin,AM-L,1,1.0,29,0.0,1.0,0.0,0.0,0.0,0.0,0.0,,0.0,0.0,0.0,0.0,0.0,0.0
639985,2023-06-03,ligue1,2022,11147,Nantes,Angers,1,214739,Marcus Coco,AM-R,1,1.0,11,0.0,0.0,0.0,0.0,1.0,0.0,0.0,,0.0,0.0,0.0,0.0,1.0,0.0
639985,2023-06-03,ligue1,2022,11147,Nantes,Angers,1,104658,Moussa Sissoko,SUB,0,1.0,17,0.0,0.0,0.0,0.0,0.0,0.0,0.0,,0.0,0.0,1.0,0.0,0.0,0.0
639985,2023-06-03,ligue1,2022,11147,Nantes,Angers,1,223339,Fabien Centonze,SUB,0,0.0,28,0.0,0.0,0.0,0.0,0.0,0.0,0.0,,0.0,0.0,0.0,0.0,0.0,0.0
639985,2023-06-03,ligue1,2022,11147,Nantes,Angers,1,243816,Mostafa Mohamed,SUB,0,0.0,31,0.0,0.0,0.0,0.0,0.0,0.0,0.0,,0.0,0.0,0.0,0.0,0.0,0.0
639985,2023-06-03,ligue1,2022,11147,Nantes,Angers,1,187647,Moses Simon,SUB,0,1.0,27,0.0,1.0,0.0,0.0,0.0,0.0,0.0,,0.0,0.0,1.0,0.0,0.0,0.0
639985,2023-06-03,ligue1,2022,11147,Nantes,Angers,1,173616,Florent Mollet,SUB,0,1.0,25,0.0,0.0,0.0,0.0,0.0,0.0,0.0,,0.0,0.0,1.0,0.0,1.0,0.0
639985,2023-06-03,ligue1,2022,11147,Nantes,Angers,1,306033,Jaouen Hadjam,SUB,0,1.0,26,0.0,0.0,0.0,0.0,0.0,0.0,0.0,,0.0,1.0,1.0,0.0,1.0,0.0
639985,2023-06-03,ligue1,2022,11147,Nantes,Angers,1,360228,Stredair Appuah,SUB,0,1.0,33,0.0,0.0,0.0,0.0,0.0,0.0,0.0,,0.0,0.0,1.0,0.0,0.0,0.0
639985,2023-06-03,ligue1,2022,11147,Nantes,Angers,1,222175,Rémy Descamps,SUB,0,0.0,16,0.0,0.0,0.0,0.0,,0.0,0.0,0.0,0.0,0.0,0.0,0.0,0.0,0.0
639985,2023-06-03,ligue1,2022,11147,Nantes,Angers,1,146205,Nicolas Pallois,SUB,0,0.0,4,0.0,0.0,0.0,0.0,0.0,0.0,0.0,,0.0,0.0,0.0,0.0,0.0,0.0
639985,2023-06-03,ligue1,2022,11147,Angers,Nantes,0,261595,Yahia Fofana,G,1,1.0,30,0.0,0.0,0.0,1.0,,0.0,0.0,6.0,10.0,0.0,0.0,0.0,0.0,0.0
639985,2023-06-03,ligue1,2022,11147,Angers,Nantes,0,221403,Miha Blazic,CD,1,1.0,5,0.0,0.0,0.0,1.0,0.0,0.0,0.0,,0.0,0.0,0.0,0.0,0.0,0.0
639985,2023-06-03,ligue1,2022,11147,Angers,Nantes,0,127828,Abdoulaye Bamba,CD-L,1,1.0,25,0.0,0.0,0.0,1.0,0.0,0.0,0.0,,0.0,0.0,0.0,0.0,0.0,0.0
639985,2023-06-03,ligue1,2022,11147,Angers,Nantes,0,240588,Yan Valery,CD-R,1,1.0,94,4.0,0.0,0.0,1.0,0.0,0.0,0.0,,0.0,0.0,0.0,0.0,0.0,0.0
639985,2023-06-03,ligue1,2022,11147,Angers,Nantes,0,275602,Halid Sabanovic,LB,1,1.0,4,1.0,0.0,0.0,1.0,0.0,0.0,0.0,,0.0,0.0,0.0,0.0,0.0,0.0
639985,2023-06-03,ligue1,2022,11147,Angers,Nantes,0,215451,Sada Thioub,RB,1,1.0,92,0.0,0.0,0.0,1.0,0.0,0.0,0.0,,0.0,0.0,0.0,0.0,0.0,0.0
639985,2023-06-03,ligue1,2022,11147,Angers,Nantes,0,170284,Pierrick Capelle,CM,1,1.0,15,0.0,1.0,0.0,1.0,0.0,0.0,0.0,,0.0,0.0,0.0,0.0,0.0,0.0
639985,2023-06-03,ligue1,2022,11147,Angers,Nantes,0,265917,Batista Mendy,CM-L,1,1.0,2,3.0,2.0,0.0,1.0,0.0,0.0,0.0,,0.0,0.0,0.0,0.0,0.0,0.0
639985,2023-06-03,ligue1,2022,11147,Angers,Nantes,0,179187,Nabil Bentaleb,CM-R,1,1.0,6,2.0,4.0,0.0,1.0,1.0,0.0,0.0,,0.0,0.0,0.0,0.0,1.0,0.0
639985,2023-06-03,ligue1,2022,11147,Angers,Nantes,0,277525,Himad Abdelli,CF-L,1,1.0,10,1.0,2.0,0.0,1.0,1.0,0.0,0.0,,0.0,0.0,0.0,0.0,1.0,0.0
639985,2023-06-03,ligue1,2022,11147,Angers,Nantes,0,308246,Abdallah Sima,CF-R,1,1.0,19,0.0,1.0,0.0,1.0,0.0,0.0,0.0,,0.0,0.0,0.0,0.0,1.0,0.0
639985,2023-06-03,ligue1,2022,11147,Angers,Nantes,0,214201,Paul Bernardoni,SUB,0,0.0,1,0.0,0.0,0.0,0.0,,0.0,0.0,0.0,0.0,0.0,0.0,0.0,0.0,0.0
639985,2023-06-03,ligue1,2022,11147,Angers,Nantes,0,186278,Adrien Hunou,SUB,0,1.0,23,0.0,0.0,0.0,0.0,0.0,0.0,0.0,,0.0,0.0,1.0,0.0,1.0,0.0
639985,2023-06-03,ligue1,2022,11147,Angers,Nantes,0,181007,Loïs Diony,SUB,0,1.0,9,0.0,1.0,0.0,0.0,0.0,0.0,0.0,,0.0,0.0,1.0,0.0,0.0,0.0
639985,2023-06-03,ligue1,2022,11147,Angers,Nantes,0,228521,Ousmane Camara,SUB,0,0.0,29,0.0,0.0,0.0,0.0,0.0,0.0,0.0,,0.0,0.0,0.0,0.0,0.0,0.0
639985,2023-06-03,ligue1,2022,11147,Angers,Nantes,0,362128,Yacine Gaya,SUB,0,0.0,70,0.0,0.0,0.0,0.0,0.0,0.0,0.0,,0.0,0.0,0.0,0.0,0.0,0.0
639985,2023-06-03,ligue1,2022,11147,Angers,Nantes,0,290575,Zinédine Ould Khaled,SUB,0,0.0,12,0.0,0.0,0.0,0.0,0.0,0.0,0.0,,0.0,0.0,0.0,0.0,0.0,0.0
639985,2023-06-03,ligue1,2022,11147,Angers,Nantes,0,272011,Farid El Mellali,SUB,0,1.0,28,1.0,0.0,0.0,0.0,1.0,0.0,0.0,,0.0,0.0,1.0,0.0,0.0,0.0
639985,2023-06-03,ligue1,2022,11147,Angers,Nantes,0,346662,Jean-Mattéo Bahoya,SUB,0,0.0,24,0.0,0.0,0.0,0.0,0.0,0.0,0.0,,0.0,0.0,0.0,0.0,0.0,0.0
639985,2023-06-03,ligue1,2022,11147,Angers,Nantes,0,357154,Lilian Raolisoa,SUB,0,1.0,37,0.0,1.0,0.0,0.0,0.0,0.0,0.0,,0.0,0.0,1.0,0.0,0.0,0.0
639986,2023-06-03,ligue1,2022,11147,Nice,Lyon,1,40200,Kasper Schmeichel,G,1,1.0,1,0.0,0.0,0.0,1.0,,0.0,0.0,6.0,15.0,0.0,0.0,0.0,0.0,0.0
639986,2023-06-03,ligue1,2022,11147,Nice,Lyon,1,130165,Dante,CD,1,1.0,4,1.0,0.0,0.0,1.0,0.0,0.0,0.0,,0.0,0.0,0.0,0.0,0.0,0.0
639986,2023-06-03,ligue1,2022,11147,Nice,Lyon,1,223776,Pablo Rosario,CD-L,1,1.0,8,0.0,2.0,0.0,1.0,0.0,0.0,0.0,,0.0,0.0,0.0,0.0,0.0,0.0
639986,2023-06-03,ligue1,2022,11147,Nice,Lyon,1,319161,Antoine Mendy,CD-R,1,1.0,33,0.0,0.0,0.0,1.0,0.0,0.0,0.0,,0.0,0.0,0.0,0.0,0.0,0.0
639986,2023-06-03,ligue1,2022,11147,Nice,Lyon,1,287078,Hicham Boudaoui,CM-L,1,1.0,28,1.0,0.0,1.0,1.0,0.0,0.0,0.0,,0.0,0.0,0.0,0.0,0.0,0.0
639986,2023-06-03,ligue1,2022,11147,Nice,Lyon,1,288917,Alexis Beka Beka,CM-R,1,1.0,21,0.0,0.0,0.0,1.0,0.0,0.0,0.0,,0.0,2.0,0.0,0.0,3.0,0.0
639986,2023-06-03,ligue1,2022,11147,Nice,Lyon,1,265923,Melvin Bard,LM,1,1.0,26,0.0,1.0,0.0,1.0,1.0,0.0,0.0,,0.0,0.0,0.0,0.0,0.0,0.0
639986,2023-06-03,ligue1,2022,11147,Nice,Lyon,1,238878,Jordan Lotomba,RM,1,1.0,23,0.0,1.0,0.0,1.0,0.0,0.0,0.0,,0.0,0.0,0.0,0.0,1.0,0.0
639986,2023-06-03,ligue1,2022,11147,Nice,Lyon,1,289769,Terem Moffi,F,1,1.0,9,0.0,1.0,0.0,1.0,0.0,0.0,0.0,,0.0,1.0,0.0,1.0,4.0,0.0
639986,2023-06-03,ligue1,2022,11147,Nice,Lyon,1,276995,Sofiane Diop,CF-L,1,1.0,10,2.0,4.0,0.0,1.0,0.0,0.0,0.0,,0.0,1.0,0.0,0.0,1.0,0.0
639986,2023-06-03,ligue1,2022,11147,Nice,Lyon,1,206161,Gaëtan Laborde,CF-R,1,1.0,24,3.0,0.0,0.0,1.0,0.0,0.0,0.0,,0.0,1.0,0.0,1.0,2.0,0.0
639986,2023-06-03,ligue1,2022,11147,Nice,Lyon,1,362975,Andrea Dacourt,SUB,0,1.0,40,0.0,0.0,0.0,0.0,0.0,0.0,0.0,,0.0,0.0,1.0,0.0,0.0,0.0
639986,2023-06-03,ligue1,2022,11147,Nice,Lyon,1,345323,Reda Belahyane,SUB,0,1.0,37,1.0,0.0,0.0,0.0,0.0,0.0,0.0,,0.0,0.0,1.0,0.0,0.0,0.0
639986,2023-06-03,ligue1,2022,11147,Nice,Lyon,1,361979,Théo Trinker,SUB,0,1.0,31,0.0,0.0,0.0,0.0,0.0,0.0,0.0,,0.0,0.0,1.0,0.0,0.0,0.0
639986,2023-06-03,ligue1,2022,11147,Nice,Lyon,1,324328,Ayoub Amraoui,SUB,0,1.0,38,0.0,0.0,0.0,0.0,0.0,0.0,0.0,,0.0,0.0,1.0,0.0,0.0,0.0
639986,2023-06-03,ligue1,2022,11147,Nice,Lyon,1,345115,Badredine Bouanani,SUB,0,1.0,35,0.0,0.0,0.0,0.0,0.0,0.0,0.0,,0.0,1.0,1.0,0.0,3.0,0.0
639986,2023-06-03,ligue1,2022,11147,Nice,Lyon,1,260035,Marcin Bulka,SUB,0,0.0,90,0.0,0.0,0.0,0.0,,0.0,0.0,0.0,0.0,0.0,0.0,0.0,0.0,0.0
639986,2023-06-03,ligue1,2022,11147,Lyon,Nice,0,131743,Anthony Lopes,G,1,1.0,1,0.0,0.0,0.0,2.0,,0.0,0.0,4.0,12.0,0.0,0.0,0.0,0.0,0.0
639986,2023-06-03,ligue1,2022,11147,Lyon,Nice,0,319100,Castello Lukeba,CD-L,1,1.0,4,1.0,0.0,0.0,2.0,0.0,0.0,0.0,,0.0,0.0,0.0,0.0,1.0,1.0
639986,2023-06-03,ligue1,2022,11147,Lyon,Nice,0,95290,Jérôme Boateng,CD-R,1,1.0,17,0.0,0.0,0.0,2.0,0.0,1.0,0.0,,0.0,1.0,0.0,0.0,1.0,0.0
639986,2023-06-03,ligue1,2022,11147,Lyon,Nice,0,145190,Nicolás Tagliafico,LB,1,1.0,3,1.0,1.0,0.0,2.0,0.0,0.0,0.0,,0.0,0.0,0.0,0.0,1.0,0.0
639986,2023-06-03,ligue1,2022,11147,Lyon,Nice,0,331084,Saël Kumbedi,RB,1,1.0,20,2.0,1.0,0.0,2.0,0.0,0.0,0.0,,0.0,0.0,0.0,0.0,1.0,0.0
639986,2023-06-03,ligue1,2022,11147,Lyon,Nice,0,298008,Rayan Cherki,AM,1,1.0,18,0.0,1.0,1.0,2.0,0.0,0.0,0.0,,0.0,1.0,0.0,0.0,2.0,0.0
639986,2023-06-03,ligue1,2022,11147,Lyon,Nice,0,192060,Corentin Tolisso,LM,1,1.0,88,0.0,0.0,0.0,2.0,0.0,0.0,0.0,,0.0,1.0,0.0,0.0,1.0,0.0
639986,2023-06-03,ligue1,2022,11147,Lyon,Nice,0,265912,Maxence Caqueret,RM,1,1.0,6,0.0,1.0,0.0,2.0,0.0,0.0,0.0,,0.0,1.0,0.0,0.0,1.0,0.0
639986,2023-06-03,ligue1,2022,11147,Lyon,Nice,0,131752,Alexandre Lacazette,F,1,1.0,10,2.0,2.0,0.0,2.0,0.0,0.0,0.0,,0.0,0.0,0.0,0.0,4.0,0.0
639986,2023-06-03,ligue1,2022,11147,Lyon,Nice,0,301780,Jeffinho,AM-L,1,1.0,47,1.0,2.0,0.0,2.0,0.0,0.0,0.0,,0.0,1.0,0.0,1.0,1.0,0.0
639986,2023-06-03,ligue1,2022,11147,Lyon,Nice,0,328238,Bradley Barcola,AM-R,1,1.0,26,1.0,0.0,0.0,2.0,0.0,0.0,0.0,,0.0,2.0,0.0,0.0,3.0,0.0
639986,2023-06-03,ligue1,2022,11147,Lyon,Nice,0,241116,Houssem Aouar,SUB,0,0.0,8,0.0,0.0,0.0,0.0,0.0,0.0,0.0,,0.0,0.0,0.0,0.0,0.0,0.0
639986,2023-06-03,ligue1,2022,11147,Lyon,Nice,0,355433,Mamadou Sarr,SUB,0,0.0,29,0.0,0.0,0.0,0.0,0.0,0.0,0.0,,0.0,0.0,0.0,0.0,0.0,0.0
639986,2023-06-03,ligue1,2022,11147,Lyon,Nice,0,297166,Johann Lepenant,SUB,0,1.0,24,0.0,0.0,0.0,0.0,0.0,0.0,0.0,,0.0,0.0,1.0,0.0,0.0,0.0
639986,2023-06-03,ligue1,2022,11147,Lyon,Nice,0,303752,Amin Sarr,SUB,0,1.0,7,1.0,0.0,0.0,0.0,0.0,0.0,0.0,,0.0,1.0,1.0,0.0,1.0,0.0
639986,2023-06-03,ligue1,2022,11147,Lyon,Nice,0,86255,Rémy Riou,SUB,0,0.0,35,0.0,0.0,0.0,0.0,,0.0,0.0,0.0,0.0,0.0,0.0,0.0,0.0,0.0
639986,2023-06-03,ligue1,2022,11147,Lyon,Nice,0,201717,Thiago Mendes,SUB,0,1.0,23,0.0,0.0,0.0,0.0,0.0,0.0,0.0,,0.0,0.0,1.0,0.0,0.0,0.0
639986,2023-06-03,ligue1,2022,11147,Lyon,Nice,0,317565,Sekou Lega,SUB,0,0.0,36,0.0,0.0,0.0,0.0,0.0,0.0,0.0,,0.0,0.0,0.0,0.0,0.0,0.0
639986,2023-06-03,ligue1,2022,11147,Lyon,Nice,0,200671,Henrique,SUB,0,0.0,12,0.0,0.0,0.0,0.0,0.0,0.0,0.0,,0.0,0.0,0.0,0.0,0.0,0.0
639987,2023-06-03,ligue1,2022,11147,Paris Saint-Germain,Clermont Foot,1,217092,Gianluigi Donnarumma,G,1,1.0,99,0.0,0.0,0.0,3.0,,0.0,0.0,2.0,8.0,0.0,0.0,0.0,0.0,0.0
639987,2023-06-03,ligue1,2022,11147,Paris Saint-Germain,Clermont Foot,1,41579,Sergio Ramos,CD,1,1.0,4,1.0,1.0,0.0,3.0,0.0,0.0,0.0,,0.0,1.0,0.0,1.0,1.0,0.0
639987,2023-06-03,ligue1,2022,11147,Paris Saint-Germain,Clermont Foot,1,304740,El Chadaille Bitshiabu,CD-L,1,1.0,31,1.0,0.0,0.0,3.0,0.0,0.0,0.0,,0.0,0.0,0.0,0.0,0.0,0.0
639987,2023-06-03,ligue1,2022,11147,Paris Saint-Germain,Clermont Foot,1,76717,Danilo Pereira,CD-R,1,1.0,15,1.0,0.0,0.0,3.0,0.0,0.0,0.0,,0.0,0.0,0.0,0.0,0.0,1.0
639987,2023-06-03,ligue1,2022,11147,Paris Saint-Germain,Clermont Foot,1,134847,Marco Verratti,CM-L,1,1.0,6,0.0,3.0,0.0,3.0,0.0,0.0,0.0,,0.0,0.0,0.0,0.0,0.0,0.0
639987,2023-06-03,ligue1,2022,11147,Paris Saint-Germain,Clermont Foot,1,288897,Vitinha,CM-R,1,1.0,17,0.0,0.0,1.0,2.0,0.0,0.0,0.0,,0.0,0.0,0.0,0.0,0.0,0.0
639987,2023-06-03,ligue1,2022,11147,Paris Saint-Germain,Clermont Foot,1,45843,Lionel Messi,AM,1,1.0,30,1.0,1.0,0.0,3.0,1.0,0.0,0.0,,0.0,2.0,0.0,0.0,6.0,0.0
639987,2023-06-03,ligue1,2022,11147,Paris Saint-Germain,Clermont Foot,1,240233,Achraf Hakimi,LM,1,1.0,2,2.0,2.0,0.0,3.0,0.0,0.0,0.0,,0.0,0.0,0.0,0.0,0.0,0.0
639987,2023-06-03,ligue1,2022,11147,Paris Saint-Germain,Clermont Foot,1,345581,Warren Zaïre-Emery,RM,1,1.0,33,2.0,0.0,0.0,3.0,0.0,0.0,0.0,,0.0,0.0,0.0,0.0,0.0,0.0
639987,2023-06-03,ligue1,2022,11147,Paris Saint-Germain,Clermont Foot,1,231388,Kylian Mbappé,CF-L,1,1.0,7,3.0,2.0,0.0,3.0,0.0,0.0,0.0,,0.0,2.0,0.0,1.0,3.0,1.0
639987,2023-06-03,ligue1,2022,11147,Paris Saint-Germain,Clermont Foot,1,304901,Hugo Ekitike,CF-R,1,1.0,44,2.0,0.0,0.0,2.0,0.0,0.0,0.0,,0.0,0.0,0.0,0.0,5.0,0.0
639987,2023-06-03,ligue1,2022,11147,Paris Saint-Germain,Clermont Foot,1,227217,Renato Sanches,SUB,0,1.0,18,1.0,0.0,0.0,1.0,0.0,0.0,0.0,,0.0,0.0,1.0,0.0,0.0,0.0
639987,2023-06-03,ligue1,2022,11147,Paris Saint-Germain,Clermont Foot,1,362126,Serif Nhaga,SUB,0,0.0,34,0.0,0.0,0.0,0.0,0.0,0.0,0.0,,0.0,0.0,0.0,0.0,0.0,0.0
639987,2023-06-03,ligue1,2022,11147,Paris Saint-Germain,Clermont Foot,1,297167,Timothee Pembélé,SUB,0,0.0,29,0.0,0.0,0.0,0.0,0.0,0.0,0.0,,0.0,0.0,0.0,0.0,0.0,0.0
639987,2023-06-03,ligue1,2022,11147,Paris Saint-Germain,Clermont Foot,1,235072,Carlos Soler,SUB,0,1.0,28,1.0,0.0,0.0,1.0,0.0,0.0,0.0,,0.0,0.0,1.0,0.0,0.0,0.0
639987,2023-06-03,ligue1,2022,11147,Paris Saint-Germain,Clermont Foot,1,150279,Alexandre Letellier,SUB,0,1.0,90,0.0,0.0,0.0,0.0,,0.0,0.0,0.0,0.0,0.0,1.0,0.0,0.0,0.0
639987,2023-06-03,ligue1,2022,11147,Paris Saint-Germain,Clermont Foot,1,355470,Lucas Lavallée,SUB,0,0.0,70,0.0,0.0,0.0,0.0,,0.0,0.0,0.0,0.0,0.0,0.0,0.0,0.0,0.0
639987,2023-06-03,ligue1,2022,11147,Paris Saint-Germain,Clermont Foot,1,317473,Ismaël Gharbi,SUB,0,1.0,35,0.0,1.0,0.0,0.0,0.0,0.0,0.0,,0.0,0.0,1.0,0.0,0.0,0.0
639987,2023-06-03,ligue1,2022,11147,Paris Saint-Germain,Clermont Foot,1,159047,Marquinhos,SUB,0,1.0,5,0.0,0.0,0.0,0.0,0.0,0.0,0.0,,0.0,0.0,1.0,0.0,1.0,0.0
639987,2023-06-03,ligue1,2022,11147,Clermont Foot,Paris Saint-Germain,0,197631,Mory Diaw,G,1,1.0,99,0.0,1.0,0.0,2.0,,0.0,0.0,4.0,14.0,0.0,0.0,0.0,0.0,0.0
639987,2023-06-03,ligue1,2022,11147,Clermont Foot,Paris Saint-Germain,0,212258,Mateusz Wieteska,CD,1,1.0,4,2.0,1.0,0.0,2.0,0.0,0.0,0.0,,0.0,0.0,0.0,0.0,1.0,1.0
639987,2023-06-03,ligue1,2022,11147,Clermont Foot,Paris Saint-Germain,0,233027,Max Caufriez,CD-L,1,1.0,5,0.0,2.0,0.0,2.0,0.0,0.0,0.0,,0.0,0.0,0.0,0.0,0.0,0.0
639987,2023-06-03,ligue1,2022,11147,Clermont Foot,Paris Saint-Germain,0,305669,Alidu Seidu,CD-R,1,1.0,36,1.0,4.0,0.0,2.0,0.0,0.0,0.0,,0.0,0.0,0.0,0.0,0.0,0.0
639987,2023-06-03,ligue1,2022,11147,Clermont Foot,Paris Saint-Germain,0,118091,Johan Gastien,CM-L,1,1.0,25,0.0,1.0,0.0,2.0,0.0,0.0,0.0,,0.0,1.0,0.0,1.0,3.0,0.0
639987,2023-06-03,ligue1,2022,11147,Clermont Foot,Paris Saint-Germain,0,131748,Maxime Gonalons,CM-R,1,1.0,12,1.0,0.0,0.0,2.0,0.0,0.0,0.0,,0.0,0.0,0.0,0.0,0.0,0.0
639987,2023-06-03,ligue1,2022,11147,Clermont Foot,Paris Saint-Germain,0,272281,Neto Borges,LM,1,1.0,3,0.0,0.0,0.0,2.0,0.0,0.0,0.0,,0.0,0.0,0.0,0.0,0.0,0.0
639987,2023-06-03,ligue1,2022,11147,Clermont Foot,Paris Saint-Germain,0,169822,Mehdi Zeffane,RM,1,1.0,2,0.0,0.0,0.0,2.0,0.0,0.0,0.0,,0.0,1.0,0.0,1.0,1.0,0.0
639987,2023-06-03,ligue1,2022,11147,Clermont Foot,Paris Saint-Germain,0,211668,Grejohn Kyei,F,1,1.0,95,2.0,2.0,0.0,2.0,0.0,0.0,0.0,,0.0,1.0,0.0,1.0,1.0,0.0
639987,2023-06-03,ligue1,2022,11147,Clermont Foot,Paris Saint-Germain,0,221165,Elbasan Rashani,CF-L,1,1.0,18,1.0,2.0,2.0,2.0,0.0,0.0,0.0,,0.0,1.0,0.0,0.0,2.0,0.0
639987,2023-06-03,ligue1,2022,11147,Clermont Foot,Paris Saint-Germain,0,293919,Muhammed-Cham Saracevic,CF-R,1,1.0,70,1.0,1.0,0.0,2.0,0.0,0.0,0.0,,0.0,1.0,0.0,0.0,3.0,0.0
639987,2023-06-03,ligue1,2022,11147,Clermont Foot,Paris Saint-Germain,0,179229,Jérémie Bela,SUB,0,0.0,91,0.0,0.0,0.0,0.0,0.0,0.0,0.0,,0.0,0.0,0.0,0.0,0.0,0.0
639987,2023-06-03,ligue1,2022,11147,Clermont Foot,Paris Saint-Germain,0,150292,Florent Ogier,SUB,0,1.0,21,0.0,0.0,0.0,0.0,0.0,0.0,0.0,,0.0,0.0,1.0,0.0,0.0,0.0
639987,2023-06-03,ligue1,2022,11147,Clermont Foot,Paris Saint-Germain,0,359153,Cheick Konate,SUB,0,0.0,15,0.0,0.0,0.0,0.0,0.0,0.0,0.0,,0.0,0.0,0.0,0.0,0.0,0.0
639987,2023-06-03,ligue1,2022,11147,Clermont Foot,Paris Saint-Germain,0,192989,Saif-Eddine Khaoui,SUB,0,1.0,10,2.0,0.0,0.0,0.0,0.0,0.0,0.0,,0.0,0.0,1.0,0.0,0.0,0.0
639987,2023-06-03,ligue1,2022,11147,Clermont Foot,Paris Saint-Germain,0,276441,Yohann Magnin,SUB,0,1.0,7,0.0,0.0,0.0,0.0,0.0,0.0,0.0,,0.0,0.0,1.0,0.0,0.0,0.0
639987,2023-06-03,ligue1,2022,11147,Clermont Foot,Paris Saint-Germain,0,239280,Komnen Andric,SUB,0,1.0,9,0.0,0.0,0.0,0.0,0.0,0.0,0.0,,0.0,0.0,1.0,0.0,0.0,0.0
639987,2023-06-03,ligue1,2022,11147,Clermont Foot,Paris Saint-Germain,0,329077,Aiman Maurer,SUB,0,0.0,22,0.0,0.0,0.0,0.0,0.0,0.0,0.0,,0.0,0.0,0.0,0.0,0.0,0.0
639987,2023-06-03,ligue1,2022,11147,Clermont Foot,Paris Saint-Germain,0,284333,Jim Allevinah,SUB,0,1.0,11,0.0,1.0,0.0,0.0,0.0,0.0,0.0,,0.0,0.0,1.0,0.0,0.0,0.0
639987,2023-06-03,ligue1,2022,11147,Clermont Foot,Paris Saint-Germain,0,276445,Ouparine Djoco,SUB,0,0.0,40,0.0,0.0,0.0,0.0,,0.0,0.0,0.0,0.0,0.0,0.0,0.0,0.0,0.0
639988,2023-06-03,ligue1,2022,11147,Stade de Reims,Montpellier,1,241029,Yehvann Diouf,G,1,1.0,94,0.0,0.0,0.0,3.0,,0.0,0.0,4.0,13.0,0.0,0.0,0.0,0.0,0.0
639988,2023-06-03,ligue1,2022,11147,Stade de Reims,Montpellier,1,166634,Yunis Abdelhamid,CD-L,1,1.0,5,2.0,3.0,0.0,3.0,0.0,0.0,0.0,,0.0,1.0,0.0,0.0,1.0,1.0
639988,2023-06-03,ligue1,2022,11147,Stade de Reims,Montpellier,1,207878,Cheick Keita,CD-R,1,1.0,43,3.0,1.0,0.0,3.0,0.0,0.0,0.0,,0.0,1.0,0.0,0.0,1.0,0.0
639988,2023-06-03,ligue1,2022,11147,Stade de Reims,Montpellier,1,246805,Thibault De Smet,LB,1,1.0,25,2.0,0.0,0.0,3.0,0.0,0.0,0.0,,0.0,0.0,0.0,0.0,0.0,0.0
639988,2023-06-03,ligue1,2022,11147,Stade de Reims,Montpellier,1,179985,Thomas Foket,RB,1,1.0,32,1.0,1.0,1.0,3.0,0.0,0.0,0.0,,0.0,1.0,0.0,0.0,2.0,0.0
639988,2023-06-03,ligue1,2022,11147,Stade de Reims,Montpellier,1,266096,Marshall Munetsi,AM,1,1.0,15,2.0,0.0,0.0,3.0,0.0,0.0,0.0,,0.0,1.0,0.0,0.0,2.0,0.0
639988,2023-06-03,ligue1,2022,11147,Stade de Reims,Montpellier,1,274971,Jens Cajuste,LM,1,1.0,8,0.0,0.0,0.0,3.0,0.0,0.0,0.0,,0.0,0.0,0.0,0.0,0.0,0.0
639988,2023-06-03,ligue1,2022,11147,Stade de Reims,Montpellier,1,246825,Azor Matusiwa,RM,1,1.0,21,3.0,0.0,0.0,3.0,0.0,0.0,0.0,,0.0,0.0,0.0,0.0,1.0,0.0
639988,2023-06-03,ligue1,2022,11147,Stade de Reims,Montpellier,1,282643,Folarin Balogun,F,1,1.0,29,1.0,0.0,0.0,3.0,0.0,0.0,0.0,,0.0,1.0,0.0,1.0,4.0,0.0
639988,2023-06-03,ligue1,2022,11147,Stade de Reims,Montpellier,1,265916,Alexis Flips,AM-L,1,1.0,70,0.0,0.0,0.0,2.0,1.0,0.0,0.0,,0.0,0.0,0.0,0.0,0.0,0.0
639988,2023-06-03,ligue1,2022,11147,Stade de Reims,Montpellier,1,219350,Junya Ito,AM-R,1,1.0,39,0.0,2.0,0.0,3.0,0.0,0.0,0.0,,0.0,0.0,0.0,0.0,0.0,0.0
639988,2023-06-03,ligue1,2022,11147,Stade de Reims,Montpellier,1,276839,Maxime Busi,SUB,0,1.0,4,1.0,0.0,0.0,0.0,0.0,0.0,0.0,,0.0,0.0,1.0,0.0,0.0,0.0
639988,2023-06-03,ligue1,2022,11147,Stade de Reims,Montpellier,1,202705,Arbër Zeneli,SUB,0,0.0,10,0.0,0.0,0.0,0.0,0.0,0.0,0.0,,0.0,0.0,0.0,0.0,0.0,0.0
639988,2023-06-03,ligue1,2022,11147,Stade de Reims,Montpellier,1,362875,Mamadou Diakhon,SUB,0,1.0,67,0.0,0.0,0.0,1.0,0.0,0.0,0.0,,0.0,0.0,1.0,0.0,1.0,0.0
639988,2023-06-03,ligue1,2022,11147,Stade de Reims,Montpellier,1,359165,Valentin Atangana,SUB,0,1.0,49,0.0,0.0,0.0,0.0,0.0,0.0,0.0,,0.0,0.0,1.0,0.0,0.0,0.0
639988,2023-06-03,ligue1,2022,11147,Stade de Reims,Montpellier,1,330412,Kamory Doumbia,SUB,0,1.0,3,0.0,2.0,0.0,0.0,0.0,0.0,0.0,,0.0,0.0,1.0,0.0,0.0,0.0
639988,2023-06-03,ligue1,2022,11147,Stade de Reims,Montpellier,1,355253,Fallou Fall,SUB,0,0.0,46,0.0,0.0,0.0,0.0,0.0,0.0,0.0,,0.0,0.0,0.0,0.0,0.0,0.0
639988,2023-06-03,ligue1,2022,11147,Stade de Reims,Montpellier,1,345392,Florent Duparchy,SUB,0,0.0,40,0.0,0.0,0.0,0.0,,0.0,0.0,0.0,0.0,0.0,0.0,0.0,0.0,0.0
639988,2023-06-03,ligue1,2022,11147,Stade de Reims,Montpellier,1,287477,Dion Lopy,SUB,0,0.0,17,0.0,0.0,0.0,0.0,0.0,0.0,0.0,,0.0,0.0,0.0,0.0,0.0,0.0
639988,2023-06-03,ligue1,2022,11147,Stade de Reims,Montpellier,1,250529,Kaj Sierhuis,SUB,0,1.0,9,0.0,0.0,0.0,0.0,0.0,0.0,0.0,,0.0,0.0,1.0,0.0,0.0,0.0
639988,2023-06-03,ligue1,2022,11147,Montpellier,Stade de Reims,0,149517,Benjamin Lecomte,G,1,1.0,40,0.0,0.0,0.0,1.0,,0.0,0.0,4.0,11.0,0.0,0.0,0.0,0.0,0.0
639988,2023-06-03,ligue1,2022,11147,Montpellier,Stade de Reims,0,318316,Maxime Estève,CD-L,1,1.0,14,0.0,0.0,0.0,1.0,0.0,0.0,0.0,,0.0,0.0,0.0,0.0,0.0,0.0
639988,2023-06-03,ligue1,2022,11147,Montpellier,Stade de Reims,0,172984,Christopher Jullien,CD-R,1,1.0,6,0.0,0.0,0.0,1.0,0.0,0.0,0.0,,0.0,0.0,0.0,0.0,0.0,0.0
639988,2023-06-03,ligue1,2022,11147,Montpellier,Stade de Reims,0,264354,Théo Sainte-Luce,LB,1,1.0,17,1.0,0.0,0.0,1.0,0.0,0.0,0.0,,0.0,0.0,0.0,0.0,0.0,0.0
639988,2023-06-03,ligue1,2022,11147,Montpellier,Stade de Reims,0,219465,Falaye Sacko,RB,1,1.0,77,0.0,1.0,0.0,1.0,0.0,0.0,0.0,,0.0,0.0,0.0,0.0,0.0,0.0
639988,2023-06-03,ligue1,2022,11147,Montpellier,Stade de Reims,0,163924,Téji Savanier,AM,1,1.0,11,1.0,5.0,1.0,1.0,0.0,0.0,0.0,,0.0,2.0,0.0,0.0,3.0,0.0
639988,2023-06-03,ligue1,2022,11147,Montpellier,Stade de Reims,0,291850,Joris Chotard,LM,1,1.0,13,0.0,0.0,0.0,1.0,1.0,0.0,0.0,,0.0,0.0,0.0,0.0,1.0,0.0
639988,2023-06-03,ligue1,2022,11147,Montpellier,Stade de Reims,0,286120,Leo Leroy,RM,1,1.0,18,1.0,2.0,0.0,1.0,1.0,0.0,0.0,,0.0,0.0,0.0,0.0,2.0,1.0
639988,2023-06-03,ligue1,2022,11147,Montpellier,Stade de Reims,0,311118,Elye Wahi,F,1,1.0,21,1.0,3.0,0.0,1.0,0.0,0.0,0.0,,0.0,2.0,0.0,2.0,3.0,0.0
639988,2023-06-03,ligue1,2022,11147,Montpellier,Stade de Reims,0,223557,Faitout Maouassa,AM-L,1,1.0,27,1.0,1.0,0.0,1.0,0.0,0.0,0.0,,0.0,0.0,0.0,0.0,2.0,0.0
639988,2023-06-03,ligue1,2022,11147,Montpellier,Stade de Reims,0,242738,Arnaud Nordin,AM-R,1,1.0,7,1.0,2.0,0.0,1.0,0.0,0.0,0.0,,0.0,3.0,0.0,1.0,3.0,1.0
639988,2023-06-03,ligue1,2022,11147,Montpellier,Stade de Reims,0,334986,Enzo Tchato,SUB,0,0.0,29,0.0,0.0,0.0,0.0,0.0,0.0,0.0,,0.0,0.0,0.0,0.0,0.0,0.0
639988,2023-06-03,ligue1,2022,11147,Montpellier,Stade de Reims,0,349562,Axel Gueguin,SUB,0,1.0,33,0.0,0.0,0.0,0.0,0.0,0.0,0.0,,0.0,0.0,1.0,0.0,0.0,0.0
639988,2023-06-03,ligue1,2022,11147,Montpellier,Stade de Reims,0,207369,Bingourou Kamara,SUB,0,0.0,90,0.0,0.0,0.0,0.0,,0.0,0.0,0.0,0.0,0.0,0.0,0.0,0.0,0.0
639988,2023-06-03,ligue1,2022,11147,Montpellier,Stade de Reims,0,157901,Valère Germain,SUB,0,1.0,9,0.0,0.0,0.0,0.0,0.0,0.0,0.0,,0.0,0.0,1.0,0.0,0.0,0.0
639988,2023-06-03,ligue1,2022,11147,Montpellier,Stade de Reims,0,263282,Boubakar Kiki Kouyate,SUB,0,0.0,4,0.0,0.0,0.0,0.0,0.0,0.0,0.0,,0.0,0.0,0.0,0.0,0.0,0.0
639988,2023-06-03,ligue1,2022,11147,Montpellier,Stade de Reims,0,225549,Stephy Mavididi,SUB,0,1.0,10,0.0,1.0,0.0,0.0,0.0,0.0,0.0,,0.0,0.0,1.0,0.0,2.0,0.0
639988,2023-06-03,ligue1,2022,11147,Montpellier,Stade de Reims,0,167727,Jordan Ferri,SUB,0,1.0,12,1.0,0.0,0.0,0.0,0.0,0.0,0.0,,0.0,0.0,1.0,0.0,0.0,0.0
639988,2023-06-03,ligue1,2022,11147,Montpellier,Stade de Reims,0,304899,Thibault Tamas,SUB,0,1.0,26,2.0,0.0,0.0,0.0,0.0,0.0,0.0,,0.0,0.0,1.0,0.0,0.0,0.0
639988,2023-06-03,ligue1,2022,11147,Montpellier,Stade de Reims,0,169222,Pedro Mendes,SUB,0,0.0,5,0.0,0.0,0.0,0.0,0.0,0.0,0.0,,0.0,0.0,0.0,0.0,0.0,0.0
639989,2023-06-03,ligue1,2022,11147,AS Monaco,Toulouse,1,205750,Alexander Nübel,G,1,1.0,16,0.0,0.0,0.0,2.0,,0.0,0.0,6.0,20.0,0.0,0.0,0.0,0.0,0.0
639989,2023-06-03,ligue1,2022,11147,AS Monaco,Toulouse,1,200562,Guillermo Maripán,CD-L,1,1.0,3,0.0,0.0,0.0,2.0,0.0,0.0,0.0,,0.0,0.0,0.0,0.0,0.0,0.0
639989,2023-06-03,ligue1,2022,11147,AS Monaco,Toulouse,1,231718,Axel Disasi,CD-R,1,1.0,6,0.0,1.0,0.0,2.0,0.0,0.0,0.0,,0.0,2.0,0.0,0.0,2.0,0.0
639989,2023-06-03,ligue1,2022,11147,AS Monaco,Toulouse,1,240353,Caio Henrique,LB,1,1.0,12,0.0,0.0,0.0,2.0,0.0,0.0,0.0,,0.0,0.0,0.0,0.0,0.0,0.0
639989,2023-06-03,ligue1,2022,11147,AS Monaco,Toulouse,1,181946,Ruben Aguilar,RB,1,1.0,26,1.0,0.0,0.0,2.0,0.0,0.0,0.0,,0.0,0.0,0.0,0.0,0.0,1.0
639989,2023-06-03,ligue1,2022,11147,AS Monaco,Toulouse,1,346947,Eliesse Ben Seghir,AM,1,1.0,44,2.0,2.0,0.0,0.0,0.0,0.0,0.0,,0.0,0.0,0.0,0.0,0.0,0.0
639989,2023-06-03,ligue1,2022,11147,AS Monaco,Toulouse,1,362399,Mohamed Camara,LM,1,1.0,4,1.0,1.0,0.0,2.0,0.0,0.0,0.0,,0.0,0.0,0.0,0.0,2.0,0.0
639989,2023-06-03,ligue1,2022,11147,AS Monaco,Toulouse,1,277307,Youssouf Fofana,RM,1,1.0,19,1.0,1.0,0.0,2.0,0.0,0.0,0.0,,0.0,0.0,0.0,0.0,2.0,0.0
639989,2023-06-03,ligue1,2022,11147,AS Monaco,Toulouse,1,148530,Wissam Ben Yedder,F,1,1.0,10,0.0,2.0,0.0,2.0,3.0,0.0,0.0,,0.0,2.0,0.0,1.0,4.0,0.0
639989,2023-06-03,ligue1,2022,11147,AS Monaco,Toulouse,1,159348,Takumi Minamino,AM-L,1,1.0,18,1.0,0.0,0.0,0.0,0.0,0.0,0.0,,0.0,0.0,0.0,0.0,2.0,0.0
639989,2023-06-03,ligue1,2022,11147,AS Monaco,Toulouse,1,310640,Vanderson,AM-R,1,1.0,2,0.0,0.0,0.0,1.0,1.0,0.0,0.0,,0.0,1.0,0.0,0.0,1.0,0.0
639989,2023-06-03,ligue1,2022,11147,AS Monaco,Toulouse,1,188221,Thomas Didillon,SUB,0,0.0,30,0.0,0.0,0.0,0.0,,0.0,0.0,0.0,0.0,0.0,0.0,0.0,0.0,0.0
639989,2023-06-03,ligue1,2022,11147,AS Monaco,Toulouse,1,297165,Chrislain Matsima,SUB,0,0.0,34,0.0,0.0,0.0,0.0,0.0,0.0,0.0,,0.0,0.0,0.0,0.0,0.0,0.0
639989,2023-06-03,ligue1,2022,11147,AS Monaco,Toulouse,1,345645,Edan Diop,SUB,0,1.0,42,0.0,1.0,0.0,2.0,0.0,0.0,0.0,,0.0,0.0,1.0,0.0,1.0,0.0
639989,2023-06-03,ligue1,2022,11147,AS Monaco,Toulouse,1,202099,Breel Embolo,SUB,0,1.0,36,2.0,1.0,0.0,1.0,0.0,0.0,0.0,,0.0,1.0,1.0,0.0,2.0,0.0
639989,2023-06-03,ligue1,2022,11147,AS Monaco,Toulouse,1,333240,Soungoutou Magassa,SUB,0,0.0,41,0.0,0.0,0.0,0.0,0.0,0.0,0.0,,0.0,0.0,0.0,0.0,0.0,0.0
639989,2023-06-03,ligue1,2022,11147,AS Monaco,Toulouse,1,149558,Kevin Volland,SUB,0,1.0,31,1.0,1.0,0.0,1.0,0.0,0.0,0.0,,0.0,0.0,1.0,0.0,0.0,0.0
639989,2023-06-03,ligue1,2022,11147,AS Monaco,Toulouse,1,332396,Yllan Okou,SUB,0,0.0,99,0.0,0.0,0.0,0.0,0.0,0.0,0.0,,0.0,0.0,0.0,0.0,0.0,0.0
639989,2023-06-03,ligue1,2022,11147,AS Monaco,Toulouse,1,329690,Maghnes Akliouche,SUB,0,1.0,21,0.0,0.0,0.0,1.0,0.0,0.0,0.0,,0.0,0.0,1.0,0.0,3.0,0.0
639989,2023-06-03,ligue1,2022,11147,AS Monaco,Toulouse,1,306055,Eliot Matazo,SUB,0,0.0,15,0.0,0.0,0.0,0.0,0.0,0.0,0.0,,0.0,0.0,0.0,0.0,0.0,0.0
639989,2023-06-03,ligue1,2022,11147,Toulouse,AS Monaco,0,157963,Maxime Dupé,G,1,1.0,30,0.0,0.0,0.0,1.0,,0.0,0.0,6.0,18.0,0.0,0.0,0.0,0.0,0.0
639989,2023-06-03,ligue1,2022,11147,Toulouse,AS Monaco,0,271129,Logan Costa,CD,1,1.0,14,2.0,1.0,0.0,1.0,0.0,0.0,0.0,,0.0,1.0,0.0,0.0,2.0,0.0
639989,2023-06-03,ligue1,2022,11147,Toulouse,AS Monaco,0,213535,Moussa Diarra,CD-L,1,1.0,23,0.0,2.0,0.0,1.0,0.0,0.0,0.0,,0.0,0.0,0.0,0.0,0.0,0.0
639989,2023-06-03,ligue1,2022,11147,Toulouse,AS Monaco,0,291614,Anthony Rouault,CD-R,1,1.0,4,1.0,1.0,0.0,1.0,0.0,0.0,0.0,,0.0,0.0,0.0,0.0,0.0,0.0
639989,2023-06-03,ligue1,2022,11147,Toulouse,AS Monaco,0,222037,Gabriel Suazo,LB,1,1.0,15,1.0,1.0,0.0,1.0,0.0,0.0,0.0,,0.0,0.0,0.0,0.0,1.0,0.0
639989,2023-06-03,ligue1,2022,11147,Toulouse,AS Monaco,0,304889,Waren Kamanzi,RB,1,1.0,26,0.0,1.0,0.0,1.0,0.0,0.0,0.0,,0.0,0.0,0.0,0.0,0.0,0.0
639989,2023-06-03,ligue1,2022,11147,Toulouse,AS Monaco,0,218857,Vincent Sierro,CM-L,1,1.0,13,3.0,1.0,0.0,1.0,0.0,0.0,0.0,,0.0,0.0,0.0,0.0,2.0,1.0
639989,2023-06-03,ligue1,2022,11147,Toulouse,AS Monaco,0,240957,Denis Genreau,CM-R,1,1.0,5,0.0,0.0,0.0,0.0,0.0,0.0,0.0,,0.0,0.0,0.0,0.0,0.0,0.0
639989,2023-06-03,ligue1,2022,11147,Toulouse,AS Monaco,0,238991,Veljko Birmancevic,LM,1,1.0,19,1.0,1.0,0.0,0.0,0.0,0.0,0.0,,0.0,2.0,0.0,0.0,4.0,0.0
639989,2023-06-03,ligue1,2022,11147,Toulouse,AS Monaco,0,253174,Ado Onaiwu,RM,1,1.0,7,0.0,1.0,0.0,0.0,0.0,0.0,0.0,,0.0,0.0,0.0,0.0,2.0,0.0
639989,2023-06-03,ligue1,2022,11147,Toulouse,AS Monaco,0,337306,Farès Chaïbi,F,1,1.0,28,1.0,0.0,0.0,1.0,0.0,0.0,0.0,,0.0,2.0,0.0,0.0,4.0,0.0
639989,2023-06-03,ligue1,2022,11147,Toulouse,AS Monaco,0,179416,Rhys Healey,SUB,0,1.0,9,0.0,0.0,0.0,0.0,0.0,0.0,0.0,,0.0,1.0,1.0,1.0,1.0,1.0
639989,2023-06-03,ligue1,2022,11147,Toulouse,AS Monaco,0,277865,Zakaria Aboukhlal,SUB,0,1.0,6,0.0,0.0,0.0,1.0,0.0,0.0,0.0,,0.0,2.0,1.0,1.0,5.0,0.0
639989,2023-06-03,ligue1,2022,11147,Toulouse,AS Monaco,0,198512,Rafael Ratão,SUB,0,1.0,21,0.0,0.0,1.0,1.0,1.0,0.0,0.0,,0.0,0.0,1.0,0.0,1.0,0.0
639989,2023-06-03,ligue1,2022,11147,Toulouse,AS Monaco,0,355979,Ylies Aradj,SUB,0,0.0,33,0.0,0.0,0.0,0.0,0.0,0.0,0.0,,0.0,0.0,0.0,0.0,0.0,0.0
639989,2023-06-03,ligue1,2022,11147,Toulouse,AS Monaco,0,238213,Rasmus Nicolaisen,SUB,0,0.0,2,0.0,0.0,0.0,0.0,0.0,0.0,0.0,,0.0,0.0,0.0,0.0,0.0,0.0
639989,2023-06-03,ligue1,2022,11147,Toulouse,AS Monaco,0,266280,Thijs Dallinga,SUB,0,0.0,27,0.0,0.0,0.0,0.0,0.0,0.0,0.0,,0.0,0.0,0.0,0.0,0.0,0.0
639989,2023-06-03,ligue1,2022,11147,Toulouse,AS Monaco,0,261423,Kjetil Haug,SUB,0,0.0,16,0.0,0.0,0.0,0.0,,0.0,0.0,0.0,0.0,0.0,0.0,0.0,0.0,0.0
639989,2023-06-03,ligue1,2022,11147,Toulouse,AS Monaco,0,213250,Mikkel Desler,SUB,0,0.0,3,0.0,0.0,0.0,0.0,0.0,0.0,0.0,,0.0,0.0,0.0,0.0,0.0,0.0
639989,2023-06-03,ligue1,2022,11147,Toulouse,AS Monaco,0,196234,Branco van den Boomen,SUB,0,1.0,8,1.0,0.0,0.0,1.0,0.0,0.0,0.0,,0.0,0.0,1.0,0.0,0.0,0.0
401876489,2026-08-21,ligue1,2026,14252,Marseille,Strasbourg,1,228707,Jeffrey de Lange,G,1,1.0,12,0.0,0.0,0.0,0.0,,0.0,0.0,2.0,0.0,0.0,0.0,0.0,0.0,0.0
401876489,2026-08-21,ligue1,2026,14252,Marseille,Strasbourg,1,152270,Geoffrey Kondogbia,CD-L,1,1.0,19,0.0,1.0,0.0,0.0,0.0,0.0,0.0,,0.0,0.0,0.0,0.0,0.0,0.0
401876489,2026-08-21,ligue1,2026,14252,Marseille,Strasbourg,1,307115,CJ Egan-Riley,CD-R,1,1.0,4,0.0,0.0,0.0,0.0,0.0,0.0,0.0,,0.0,0.0,0.0,0.0,0.0,0.0
401876489,2026-08-21,ligue1,2026,14252,Marseille,Strasbourg,1,159051,Emerson,LB,1,1.0,33,1.0,2.0,0.0,0.0,0.0,0.0,0.0,,0.0,0.0,0.0,0.0,0.0,0.0
401876489,2026-08-21,ligue1,2026,14252,Marseille,Strasbourg,1,266027,Timothy Weah,RB,1,1.0,22,2.0,0.0,0.0,0.0,0.0,0.0,0.0,,0.0,0.0,0.0,0.0,0.0,0.0
401876489,2026-08-21,ligue1,2026,14252,Marseille,Strasbourg,1,256773,Angel Gomes,AM,1,1.0,7,1.0,1.0,1.0,0.0,0.0,0.0,0.0,,0.0,1.0,0.0,0.0,3.0,0.0
401876489,2026-08-21,ligue1,2026,14252,Marseille,Strasbourg,1,159543,Pierre-Emile Højbjerg,LM,1,1.0,23,0.0,1.0,0.0,0.0,0.0,0.0,0.0,,0.0,1.0,0.0,1.0,3.0,0.0
401876489,2026-08-21,ligue1,2026,14252,Marseille,Strasbourg,1,277525,Himad Abdelli,RM,1,1.0,8,0.0,0.0,0.0,0.0,0.0,0.0,0.0,,0.0,0.0,0.0,0.0,0.0,0.0
401876489,2026-08-21,ligue1,2026,14252,Marseille,Strasbourg,1,259743,Amine Gouiri,F,1,1.0,9,0.0,3.0,0.0,0.0,0.0,0.0,0.0,,0.0,3.0,0.0,2.0,5.0,0.0
401876489,2026-08-21,ligue1,2026,14252,Marseille,Strasbourg,1,289114,Igor Paixão,AM-L,1,1.0,14,1.0,2.0,0.0,0.0,0.0,0.0,0.0,,0.0,1.0,0.0,0.0,1.0,0.0
401876489,2026-08-21,ligue1,2026,14252,Marseille,Strasbourg,1,238917,Amine Harit,AM-R,1,1.0,77,0.0,1.0,0.0,0.0,0.0,0.0,0.0,,0.0,1.0,0.0,0.0,1.0,0.0
401876489,2026-08-21,ligue1,2026,14252,Marseille,Strasbourg,1,238712,Derek Cornelius,SUB,0,1.0,13,0.0,0.0,0.0,0.0,0.0,0.0,0.0,,0.0,0.0,1.0,0.0,0.0,0.0
401876489,2026-08-21,ligue1,2026,14252,Marseille,Strasbourg,1,411418,Tadjidine Mmadi,SUB,0,0.0,43,0.0,0.0,0.0,0.0,0.0,0.0,0.0,,0.0,0.0,0.0,0.0,0.0,0.0
401876489,2026-08-21,ligue1,2026,14252,Marseille,Strasbourg,1,422095,Kelyann Bezahaf,SUB,0,0.0,74,0.0,0.0,0.0,0.0,0.0,0.0,0.0,,0.0,0.0,0.0,0.0,0.0,0.0
401876489,2026-08-21,ligue1,2026,14252,Marseille,Strasbourg,1,178760,Neal Maupay,SUB,0,1.0,11,0.0,0.0,0.0,0.0,0.0,0.0,0.0,,0.0,0.0,1.0,0.0,0.0,0.0
401876489,2026-08-21,ligue1,2026,14252,Marseille,Strasbourg,1,220718,Ulisses Garcia,SUB,0,0.0,25,0.0,0.0,0.0,0.0,0.0,0.0,0.0,,0.0,0.0,0.0,0.0,0.0,0.0
401876489,2026-08-21,ligue1,2026,14252,Marseille,Strasbourg,1,245243,Nayef Aguerd,SUB,0,1.0,21,1.0,0.0,0.0,0.0,0.0,0.0,0.0,,0.0,0.0,1.0,0.0,0.0,1.0
401876489,2026-08-21,ligue1,2026,14252,Marseille,Strasbourg,1,384005,Keyliane Abdallah,SUB,0,1.0,48,0.0,1.0,0.0,0.0,0.0,0.0,0.0,,0.0,1.0,1.0,1.0,1.0,0.0
401876489,2026-08-21,ligue1,2026,14252,Marseille,Strasbourg,1,343114,Tochukwu Nnadi,SUB,0,1.0,6,0.0,0.0,0.0,0.0,0.0,0.0,0.0,,0.0,0.0,1.0,0.0,0.0,0.0
401876489,2026-08-21,ligue1,2026,14252,Marseille,Strasbourg,1,280650,Théo Vermot,SUB,0,0.0,92,0.0,0.0,0.0,0.0,,0.0,0.0,0.0,0.0,0.0,0.0,0.0,0.0,0.0
401876489,2026-08-21,ligue1,2026,14252,Strasbourg,Marseille,0,304256,Filip Jørgensen,G,1,1.0,1,0.0,0.0,0.0,4.0,,0.0,0.0,4.0,0.0,0.0,0.0,0.0,0.0,0.0
401876489,2026-08-21,ligue1,2026,14252,Strasbourg,Marseille,0,359934,Lucas Høgsberg,CD-L,1,1.0,24,1.0,0.0,0.0,4.0,0.0,0.0,0.0,,0.0,0.0,0.0,0.0,0.0,0.0
401876489,2026-08-21,ligue1,2026,14252,Strasbourg,Marseille,0,290101,Andrew Omobamidele,CD-R,1,1.0,2,1.0,0.0,0.0,4.0,0.0,0.0,0.0,,0.0,0.0,0.0,0.0,0.0,0.0
401876489,2026-08-21,ligue1,2026,14252,Strasbourg,Marseille,0,374221,Genesis Antwi,LB,1,1.0,16,0.0,0.0,0.0,2.0,0.0,0.0,0.0,,0.0,0.0,0.0,0.0,0.0,0.0
401876489,2026-08-21,ligue1,2026,14252,Strasbourg,Marseille,0,346636,Guela Doué,RB,1,1.0,22,1.0,0.0,0.0,4.0,0.0,0.0,0.0,,0.0,0.0,0.0,0.0,1.0,0.0
401876489,2026-08-21,ligue1,2026,14252,Strasbourg,Marseille,0,303787,Sebastian Nanasi,AM,1,1.0,11,0.0,0.0,0.0,2.0,0.0,0.0,0.0,,0.0,0.0,0.0,0.0,0.0,0.0
401876489,2026-08-21,ligue1,2026,14252,Strasbourg,Marseille,0,378491,Samir El Mourabet,LM,1,1.0,29,2.0,0.0,0.0,1.0,0.0,0.0,1.0,,0.0,0.0,0.0,0.0,0.0,0.0
401876489,2026-08-21,ligue1,2026,14252,Strasbourg,Marseille,0,368325,Diogo Sousa,RM,1,1.0,23,3.0,0.0,0.0,2.0,0.0,0.0,0.0,,0.0,1.0,0.0,0.0,1.0,0.0
401876489,2026-08-21,ligue1,2026,14252,Strasbourg,Marseille,0,305797,Sékou Mara,F,1,1.0,14,1.0,0.0,0.0,2.0,0.0,0.0,0.0,,0.0,0.0,0.0,0.0,0.0,1.0
401876489,2026-08-21,ligue1,2026,14252,Strasbourg,Marseille,0,379012,Gessime Yassine,AM-L,1,1.0,80,2.0,3.0,0.0,4.0,0.0,0.0,0.0,,0.0,1.0,0.0,0.0,2.0,0.0
401876489,2026-08-21,ligue1,2026,14252,Strasbourg,Marseille,0,350501,Samuel Amo-Ameyaw,AM-R,1,1.0,7,0.0,2.0,0.0,2.0,0.0,0.0,0.0,,0.0,0.0,0.0,0.0,1.0,1.0
401876489,2026-08-21,ligue1,2026,14252,Strasbourg,Marseille,0,3117410,Jacobo Ortega Conde,SUB,0,1.0,30,0.0,0.0,0.0,2.0,0.0,0.0,0.0,,0.0,0.0,1.0,0.0,0.0,0.0
401876489,2026-08-21,ligue1,2026,14252,Strasbourg,Marseille,0,388392,Fabio Baldé,SUB,0,1.0,19,0.0,0.0,0.0,2.0,0.0,0.0,0.0,,0.0,0.0,1.0,0.0,0.0,0.0
401876489,2026-08-21,ligue1,2026,14252,Strasbourg,Marseille,0,362926,Jeyland Mitchell,SUB,0,0.0,4,0.0,0.0,0.0,0.0,0.0,0.0,0.0,,0.0,0.0,0.0,0.0,0.0,0.0
401876489,2026-08-21,ligue1,2026,14252,Strasbourg,Marseille,0,364764,Mathis Amougou,SUB,0,0.0,17,0.0,0.0,0.0,0.0,0.0,0.0,0.0,,0.0,0.0,0.0,0.0,0.0,0.0
401876489,2026-08-21,ligue1,2026,14252,Strasbourg,Marseille,0,353378,Pape Diop,SUB,0,1.0,21,0.0,0.0,0.0,2.0,0.0,0.0,0.0,,0.0,0.0,1.0,0.0,0.0,0.0
401876489,2026-08-21,ligue1,2026,14252,Strasbourg,Marseille,0,401738,Ghianny Kodia,SUB,0,0.0,37,0.0,0.0,0.0,0.0,0.0,0.0,0.0,,0.0,0.0,0.0,0.0,0.0,0.0
401876489,2026-08-21,ligue1,2026,14252,Strasbourg,Marseille,0,290230,Giovanni Reyna,SUB,0,1.0,10,0.0,1.0,0.0,2.0,0.0,0.0,0.0,,0.0,0.0,1.0,0.0,0.0,0.0
401876489,2026-08-21,ligue1,2026,14252,Strasbourg,Marseille,0,371973,Milosz Piekutowski,SUB,0,0.0,12,0.0,0.0,0.0,0.0,,0.0,0.0,0.0,0.0,0.0,0.0,0.0,0.0,0.0
401876489,2026-08-21,ligue1,2026,14252,Strasbourg,Marseille,0,335877,Mateo Del Blanco,SUB,0,1.0,15,1.0,0.0,0.0,2.0,0.0,0.0,0.0,,0.0,0.0,1.0,0.0,0.0,0.0
401876485,2026-08-22,ligue1,2026,14252,Troyes,Paris FC,1,335240,Patrick Beach,G,1,1.0,33,0.0,0.0,0.0,0.0,,0.0,0.0,1.0,0.0,0.0,0.0,0.0,0.0,0.0
401876485,2026-08-22,ligue1,2026,14252,Troyes,Paris FC,1,112988,Michel Diaz,CD-L,1,1.0,4,3.0,0.0,0.0,0.0,0.0,0.0,0.0,,0.0,0.0,0.0,0.0,0.0,1.0
401876485,2026-08-22,ligue1,2026,14252,Troyes,Paris FC,1,181582,Adrien Monfray,CD-R,1,1.0,6,0.0,0.0,0.0,0.0,0.0,0.0,0.0,,0.0,0.0,0.0,0.0,0.0,0.0
401876485,2026-08-22,ligue1,2026,14252,Troyes,Paris FC,1,408780,Anis Ouzenadji,LB,1,1.0,3,0.0,2.0,0.0,0.0,0.0,0.0,0.0,,0.0,0.0,0.0,0.0,0.0,0.0
401876485,2026-08-22,ligue1,2026,14252,Troyes,Paris FC,1,371562,Yvann Titi,RB,1,1.0,44,0.0,1.0,0.0,0.0,0.0,0.0,0.0,,0.0,0.0,0.0,0.0,1.0,0.0
401876485,2026-08-22,ligue1,2026,14252,Troyes,Paris FC,1,346359,Mouhamed Diop,CM,1,1.0,8,1.0,3.0,0.0,0.0,0.0,0.0,0.0,,0.0,0.0,0.0,0.0,0.0,1.0
401876485,2026-08-22,ligue1,2026,14252,Troyes,Paris FC,1,351379,Hugo Picard,LM,1,1.0,22,0.0,0.0,0.0,0.0,0.0,0.0,0.0,,0.0,0.0,0.0,0.0,0.0,0.0
401876485,2026-08-22,ligue1,2026,14252,Troyes,Paris FC,1,286972,Iron Gomis,RM,1,1.0,11,0.0,2.0,0.0,0.0,0.0,0.0,0.0,,0.0,0.0,0.0,0.0,1.0,0.0
401876485,2026-08-22,ligue1,2026,14252,Troyes,Paris FC,1,176406,Renaud Ripart,F,1,1.0,20,1.0,3.0,0.0,0.0,0.0,0.0,0.0,,0.0,2.0,0.0,0.0,3.0,0.0
401876485,2026-08-22,ligue1,2026,14252,Troyes,Paris FC,1,298511,Kandet Diawara,LF,1,1.0,7,1.0,0.0,0.0,0.0,1.0,0.0,0.0,,0.0,0.0,0.0,0.0,1.0,0.0
401876485,2026-08-22,ligue1,2026,14252,Troyes,Paris FC,1,386387,Merwan Ifnaoui,RF,1,1.0,10,0.0,1.0,0.0,0.0,0.0,0.0,0.0,,0.0,0.0,0.0,0.0,1.0,0.0
401876485,2026-08-22,ligue1,2026,14252,Troyes,Paris FC,1,3131916,Idrissa Soukouna,SUB,0,0.0,36,0.0,0.0,0.0,0.0,0.0,0.0,0.0,,0.0,0.0,0.0,0.0,0.0,0.0
401876485,2026-08-22,ligue1,2026,14252,Troyes,Paris FC,1,323058,Dermane Karim,SUB,0,0.0,29,0.0,0.0,0.0,0.0,0.0,0.0,0.0,,0.0,0.0,0.0,0.0,0.0,0.0
401876485,2026-08-22,ligue1,2026,14252,Troyes,Paris FC,1,270173,Antoine Mille,SUB,0,1.0,17,0.0,0.0,0.0,0.0,0.0,0.0,0.0,,0.0,0.0,1.0,0.0,2.0,0.0
401876485,2026-08-22,ligue1,2026,14252,Troyes,Paris FC,1,403998,Christ Batola,SUB,0,0.0,37,0.0,0.0,0.0,0.0,0.0,0.0,0.0,,0.0,0.0,0.0,0.0,0.0,0.0
401876485,2026-08-22,ligue1,2026,14252,Troyes,Paris FC,1,283692,Alexandre Philiponeau,SUB,0,1.0,26,1.0,0.0,0.0,0.0,0.0,0.0,0.0,,0.0,0.0,1.0,0.0,0.0,0.0
401876485,2026-08-22,ligue1,2026,14252,Troyes,Paris FC,1,206835,Hillel Konaté,SUB,0,0.0,40,0.0,0.0,0.0,0.0,,0.0,0.0,0.0,0.0,0.0,0.0,0.0,0.0,0.0
401876485,2026-08-22,ligue1,2026,14252,Troyes,Paris FC,1,287576,Paolo Gozzi Iweru,SUB,0,0.0,5,0.0,0.0,0.0,0.0,0.0,0.0,0.0,,0.0,0.0,0.0,0.0,0.0,0.0
401876485,2026-08-22,ligue1,2026,14252,Troyes,Paris FC,1,3129214,Yacouba Kone,SUB,0,1.0,39,0.0,0.0,0.0,0.0,0.0,0.0,0.0,,0.0,0.0,1.0,0.0,0.0,0.0
401876485,2026-08-22,ligue1,2026,14252,Troyes,Paris FC,1,414398,Noah Donkor,SUB,0,1.0,31,1.0,1.0,0.0,0.0,0.0,0.0,0.0,,0.0,0.0,1.0,0.0,0.0,0.0
401876485,2026-08-22,ligue1,2026,14252,Paris FC,Troyes,0,122280,Kevin Trapp,G,1,1.0,1,0.0,0.0,0.0,0.0,,0.0,0.0,2.0,0.0,0.0,0.0,0.0,0.0,0.0
401876485,2026-08-22,ligue1,2026,14252,Paris FC,Troyes,0,287474,Moustapha Mbow,CD-L,1,1.0,5,1.0,0.0,0.0,0.0,0.0,0.0,0.0,,0.0,0.0,0.0,0.0,0.0,0.0
401876485,2026-08-22,ligue1,2026,14252,Paris FC,Troyes,0,332549,Diego Coppola,CD-R,1,1.0,42,0.0,1.0,0.0,0.0,0.0,0.0,0.0,,0.0,0.0,0.0,0.0,0.0,0.0
401876485,2026-08-22,ligue1,2026,14252,Paris FC,Troyes,0,308195,Otavio,LB,1,1.0,6,2.0,0.0,0.0,0.0,0.0,0.0,0.0,,0.0,0.0,0.0,0.0,0.0,1.0
401876485,2026-08-22,ligue1,2026,14252,Paris FC,Troyes,0,364746,Adama Camara,RB,1,1.0,17,1.0,1.0,0.0,0.0,0.0,0.0,0.0,,0.0,0.0,0.0,0.0,0.0,0.0
401876485,2026-08-22,ligue1,2026,14252,Paris FC,Troyes,0,334359,Pablo Pagis,AM,1,1.0,7,1.0,2.0,0.0,0.0,0.0,0.0,0.0,,0.0,0.0,0.0,0.0,3.0,0.0
401876485,2026-08-22,ligue1,2026,14252,Paris FC,Troyes,0,221527,Pierre Lees-Melou,LM,1,1.0,33,0.0,0.0,0.0,0.0,0.0,0.0,0.0,,0.0,0.0,0.0,0.0,1.0,0.0
401876485,2026-08-22,ligue1,2026,14252,Paris FC,Troyes,0,402888,Rudy Matondo,RM,1,1.0,23,1.0,0.0,0.0,0.0,0.0,0.0,0.0,,0.0,0.0,0.0,0.0,0.0,0.0
401876485,2026-08-22,ligue1,2026,14252,Paris FC,Troyes,0,271137,Lassine Sinayoko,F,1,1.0,9,2.0,2.0,0.0,0.0,1.0,0.0,0.0,,0.0,0.0,0.0,0.0,1.0,0.0
401876485,2026-08-22,ligue1,2026,14252,Paris FC,Troyes,0,341333,Luca Koleosho,AM-L,1,1.0,15,1.0,0.0,0.0,0.0,1.0,0.0,0.0,,0.0,0.0,0.0,0.0,1.0,0.0
401876485,2026-08-22,ligue1,2026,14252,Paris FC,Troyes,0,304918,Ilan Kebbal,AM-R,1,1.0,10,2.0,0.0,0.0,0.0,0.0,0.0,0.0,,0.0,1.0,0.0,0.0,3.0,0.0
401876485,2026-08-22,ligue1,2026,14252,Paris FC,Troyes,0,187647,Moses Simon,SUB,0,1.0,27,1.0,0.0,0.0,0.0,0.0,0.0,0.0,,0.0,0.0,1.0,0.0,0.0,0.0
401876485,2026-08-22,ligue1,2026,14252,Paris FC,Troyes,0,398780,Zabi Gueu,SUB,0,1.0,8,1.0,1.0,0.0,0.0,0.0,0.0,0.0,,0.0,0.0,1.0,0.0,1.0,0.0
401876485,2026-08-22,ligue1,2026,14252,Paris FC,Troyes,0,301770,Obed Nkambadio,SUB,0,0.0,16,0.0,0.0,0.0,0.0,,0.0,0.0,0.0,0.0,0.0,0.0,0.0,0.0,0.0
401876485,2026-08-22,ligue1,2026,14252,Paris FC,Troyes,0,196729,Hamari Traoré,SUB,0,0.0,14,0.0,0.0,0.0,0.0,0.0,0.0,0.0,,0.0,0.0,0.0,0.0,0.0,0.0
401876485,2026-08-22,ligue1,2026,14252,Paris FC,Troyes,0,223122,Maxime López,SUB,0,1.0,20,1.0,0.0,0.0,0.0,0.0,0.0,0.0,,0.0,0.0,1.0,0.0,0.0,0.0
401876485,2026-08-22,ligue1,2026,14252,Paris FC,Troyes,0,368334,Omar Sissoko,SUB,0,1.0,18,0.0,1.0,0.0,0.0,0.0,0.0,0.0,,0.0,0.0,1.0,0.0,0.0,0.0
401876485,2026-08-22,ligue1,2026,14252,Paris FC,Troyes,0,287572,Samir Chergui,SUB,0,0.0,31,0.0,0.0,0.0,0.0,0.0,0.0,0.0,,0.0,0.0,0.0,0.0,0.0,0.0
401876485,2026-08-22,ligue1,2026,14252,Paris FC,Troyes,0,219153,Vincent Marchetti,SUB,0,0.0,4,0.0,0.0,0.0,0.0,0.0,0.0,0.0,,0.0,0.0,0.0,0.0,0.0,0.0
401876485,2026-08-22,ligue1,2026,14252,Paris FC,Troyes,0,246805,Thibault De Smet,SUB,0,0.0,28,0.0,0.0,0.0,0.0,0.0,0.0,0.0,,0.0,0.0,0.0,0.0,0.0,0.0
401876486,2026-08-22,ligue1,2026,14252,Toulouse,Lyon,1,324289,Guillaume Restes,G,1,1.0,16,0.0,1.0,0.0,2.0,,0.0,0.0,1.0,0.0,0.0,0.0,0.0,0.0,0.0
401876486,2026-08-22,ligue1,2026,14252,Toulouse,Lyon,1,238213,Rasmus Nicolaisen,CD-L,1,1.0,2,0.0,0.0,0.0,2.0,0.0,0.0,0.0,,0.0,0.0,0.0,0.0,2.0,0.0
401876486,2026-08-22,ligue1,2026,14252,Toulouse,Lyon,1,77072,Mark McKenzie,CD-R,1,1.0,3,2.0,0.0,0.0,2.0,0.0,0.0,0.0,,0.0,0.0,0.0,0.0,0.0,0.0
401876486,2026-08-22,ligue1,2026,14252,Toulouse,Lyon,1,385000,Christ Tapé,LB,1,1.0,12,1.0,1.0,0.0,2.0,0.0,0.0,0.0,,0.0,0.0,0.0,0.0,2.0,0.0
401876486,2026-08-22,ligue1,2026,14252,Toulouse,Lyon,1,397384,Ismail Diallo,RB,1,1.0,94,1.0,3.0,0.0,1.0,1.0,0.0,0.0,,0.0,0.0,0.0,0.0,0.0,0.0
401876486,2026-08-22,ligue1,2026,14252,Toulouse,Lyon,1,362777,Thomas Jørgensen,AM,1,1.0,8,2.0,0.0,0.0,2.0,0.0,0.0,0.0,,0.0,0.0,0.0,0.0,2.0,0.0
401876486,2026-08-22,ligue1,2026,14252,Toulouse,Lyon,1,225565,Niklas Schmidt,LM,1,1.0,31,2.0,0.0,0.0,2.0,0.0,0.0,0.0,,0.0,0.0,0.0,0.0,1.0,1.0
401876486,2026-08-22,ligue1,2026,14252,Toulouse,Lyon,1,271244,Cristian Cásseres Jr.,RM,1,1.0,23,0.0,2.0,0.0,2.0,0.0,0.0,0.0,,0.0,0.0,0.0,0.0,1.0,0.0
401876486,2026-08-22,ligue1,2026,14252,Toulouse,Lyon,1,338873,Santiago Hidalgo,F,1,1.0,9,1.0,2.0,0.0,1.0,0.0,0.0,0.0,,0.0,1.0,0.0,0.0,3.0,0.0
401876486,2026-08-22,ligue1,2026,14252,Toulouse,Lyon,1,277383,Yann Gboho,AM-L,1,1.0,10,2.0,0.0,0.0,1.0,1.0,0.0,0.0,,0.0,0.0,0.0,0.0,2.0,0.0
401876486,2026-08-22,ligue1,2026,14252,Toulouse,Lyon,1,380400,Julián Vignolo,AM-R,1,1.0,7,2.0,1.0,0.0,1.0,0.0,0.0,0.0,,0.0,1.0,0.0,0.0,4.0,0.0
401876486,2026-08-22,ligue1,2026,14252,Toulouse,Lyon,1,384162,Rafik Messali,SUB,0,1.0,22,1.0,1.0,0.0,1.0,0.0,0.0,0.0,,0.0,0.0,1.0,0.0,0.0,0.0
401876486,2026-08-22,ligue1,2026,14252,Toulouse,Lyon,1,408252,Seny Koumbassa,SUB,0,0.0,5,0.0,0.0,0.0,0.0,0.0,0.0,0.0,,0.0,0.0,0.0,0.0,0.0,0.0
401876486,2026-08-22,ligue1,2026,14252,Toulouse,Lyon,1,399428,Sion Oppong,SUB,0,1.0,11,0.0,1.0,0.0,1.0,0.0,0.0,0.0,,0.0,0.0,1.0,0.0,0.0,0.0
401876486,2026-08-22,ligue1,2026,14252,Toulouse,Lyon,1,386251,Mathis Saka,SUB,0,1.0,28,1.0,0.0,0.0,0.0,0.0,0.0,0.0,,0.0,0.0,1.0,0.0,0.0,0.0
401876486,2026-08-22,ligue1,2026,14252,Toulouse,Lyon,1,371559,Mathys Niflore,SUB,0,0.0,60,0.0,0.0,0.0,0.0,,0.0,0.0,0.0,0.0,0.0,0.0,0.0,0.0,0.0
401876486,2026-08-22,ligue1,2026,14252,Toulouse,Lyon,1,297121,Jacen Russell-Rowe,SUB,0,1.0,13,0.0,0.0,0.0,1.0,0.0,0.0,0.0,,0.0,0.0,1.0,0.0,0.0,0.0
401876486,2026-08-22,ligue1,2026,14252,Toulouse,Lyon,1,403310,Ilyas Azizi,SUB,0,1.0,37,0.0,1.0,0.0,1.0,0.0,0.0,0.0,,0.0,0.0,1.0,0.0,0.0,0.0
401876486,2026-08-22,ligue1,2026,14252,Toulouse,Lyon,1,362411,David Odogu,SUB,0,0.0,19,0.0,0.0,0.0,0.0,0.0,0.0,0.0,,0.0,0.0,0.0,0.0,0.0,0.0
401876486,2026-08-22,ligue1,2026,14252,Toulouse,Lyon,1,322205,Mario Sauer,SUB,0,0.0,77,0.0,0.0,0.0,0.0,0.0,0.0,0.0,,0.0,0.0,0.0,0.0,0.0,0.0
401876486,2026-08-22,ligue1,2026,14252,Lyon,Toulouse,0,222175,Rémy Descamps,G,1,1.0,40,0.0,0.0,0.0,0.0,,0.0,0.0,2.0,0.0,0.0,0.0,0.0,0.0,0.0
401876486,2026-08-22,ligue1,2026,14252,Lyon,Toulouse,0,214649,Clinton Mata,CD-L,1,1.0,22,0.0,3.0,0.0,0.0,0.0,0.0,0.0,,0.0,0.0,0.0,0.0,0.0,0.0
401876486,2026-08-22,ligue1,2026,14252,Lyon,Toulouse,0,320945,Felix Bacher,CD-R,1,1.0,20,1.0,0.0,0.0,0.0,0.0,0.0,0.0,,0.0,0.0,0.0,0.0,1.0,0.0
401876486,2026-08-22,ligue1,2026,14252,Lyon,Toulouse,0,364589,Mohamed Ouédraogo,LB,1,1.0,76,2.0,1.0,0.0,0.0,0.0,0.0,0.0,,0.0,0.0,0.0,0.0,0.0,0.0
401876486,2026-08-22,ligue1,2026,14252,Lyon,Toulouse,0,370758,Zachary Athekame,RB,1,1.0,13,2.0,3.0,0.0,0.0,0.0,0.0,0.0,,0.0,0.0,0.0,0.0,0.0,0.0
401876486,2026-08-22,ligue1,2026,14252,Lyon,Toulouse,0,402948,Mathys De Carvalho,CM,1,1.0,39,0.0,1.0,0.0,0.0,0.0,0.0,0.0,,0.0,0.0,0.0,0.0,0.0,0.0
401876486,2026-08-22,ligue1,2026,14252,Lyon,Toulouse,0,365562,Noah Nartey,LM,1,1.0,99,2.0,1.0,0.0,0.0,0.0,0.0,0.0,,0.0,1.0,0.0,1.0,1.0,1.0
401876486,2026-08-22,ligue1,2026,14252,Lyon,Toulouse,0,290401,Mads Bidstrup,RM,1,1.0,2,1.0,1.0,0.0,0.0,0.0,0.0,0.0,,0.0,0.0,0.0,0.0,1.0,0.0
401876486,2026-08-22,ligue1,2026,14252,Lyon,Toulouse,0,403842,Rémi Himbert,F,1,1.0,45,3.0,1.0,0.0,0.0,0.0,0.0,0.0,,0.0,0.0,0.0,0.0,0.0,0.0
401876486,2026-08-22,ligue1,2026,14252,Lyon,Toulouse,0,341375,Julien Duranville,LF,1,1.0,24,0.0,1.0,0.0,0.0,0.0,0.0,0.0,,0.0,0.0,0.0,0.0,0.0,0.0
401876486,2026-08-22,ligue1,2026,14252,Lyon,Toulouse,0,379066,Kail Boudache,RF,1,1.0,26,2.0,1.0,0.0,0.0,0.0,0.0,0.0,,0.0,1.0,0.0,0.0,6.0,0.0
401876486,2026-08-22,ligue1,2026,14252,Lyon,Toulouse,0,221278,Dominik Greif,SUB,0,0.0,1,0.0,0.0,0.0,0.0,,0.0,0.0,0.0,0.0,0.0,0.0,0.0,0.0,0.0
401876486,2026-08-22,ligue1,2026,14252,Lyon,Toulouse,0,303308,Tanner Tessmann,SUB,0,1.0,6,1.0,0.0,0.0,0.0,0.0,0.0,0.0,,0.0,0.0,1.0,0.0,0.0,1.0
401876486,2026-08-22,ligue1,2026,14252,Lyon,Toulouse,0,276265,Loïs Openda,SUB,0,0.0,17,0.0,0.0,0.0,0.0,0.0,0.0,0.0,,0.0,0.0,0.0,0.0,0.0,0.0
401876486,2026-08-22,ligue1,2026,14252,Lyon,Toulouse,0,298522,Tyler Morton,SUB,0,1.0,23,0.0,0.0,0.0,0.0,0.0,0.0,0.0,,0.0,0.0,1.0,0.0,0.0,0.0
401876486,2026-08-22,ligue1,2026,14252,Lyon,Toulouse,0,145190,Nicolás Tagliafico,SUB,0,0.0,3,0.0,0.0,0.0,0.0,0.0,0.0,0.0,,0.0,0.0,0.0,0.0,0.0,0.0
401876486,2026-08-22,ligue1,2026,14252,Lyon,Toulouse,0,340645,Malick Fofana,SUB,0,1.0,11,1.0,1.0,0.0,0.0,0.0,0.0,0.0,,0.0,1.0,1.0,1.0,1.0,0.0
401876486,2026-08-22,ligue1,2026,14252,Lyon,Toulouse,0,333310,Ernest Nuamah,SUB,0,0.0,7,0.0,0.0,0.0,0.0,0.0,0.0,0.0,,0.0,0.0,0.0,0.0,0.0,0.0
401876486,2026-08-22,ligue1,2026,14252,Lyon,Toulouse,0,305545,Pavel Sulc,SUB,0,1.0,10,0.0,0.0,1.0,0.0,0.0,0.0,0.0,,0.0,0.0,1.0,0.0,0.0,0.0
401876486,2026-08-22,ligue1,2026,14252,Lyon,Toulouse,0,192060,Corentin Tolisso,SUB,0,1.0,8,0.0,1.0,1.0,0.0,0.0,0.0,0.0,,0.0,0.0,1.0,0.0,1.0,0.0
401876488,2026-08-22,ligue1,2026,14252,Nice,Lorient,1,241029,Yehvann Diouf,G,1,1.0,23,0.0,0.0,0.0,0.0,,0.0,0.0,2.0,0.0,0.0,0.0,0.0,0.0,0.0
401876488,2026-08-22,ligue1,2026,14252,Nice,Lorient,1,255192,Youssouf Ndayishimiye,CD,1,1.0,55,1.0,1.0,0.0,0.0,0.0,0.0,0.0,,0.0,0.0,0.0,0.0,0.0,0.0
401876488,2026-08-22,ligue1,2026,14252,Nice,Lorient,1,3117261,Xavier Junior Mandza Tsiendi,CD-L,1,1.0,35,1.0,0.0,0.0,0.0,0.0,0.0,0.0,,0.0,0.0,0.0,0.0,0.0,0.0
401876488,2026-08-22,ligue1,2026,14252,Nice,Lorient,1,319161,Antoine Mendy,CD-R,1,1.0,33,1.0,2.0,0.0,0.0,0.0,0.0,0.0,,0.0,0.0,0.0,0.0,2.0,0.0
401876488,2026-08-22,ligue1,2026,14252,Nice,Lorient,1,416460,Everton Pereira,CM-L,1,1.0,87,2.0,1.0,0.0,0.0,0.0,0.0,0.0,,0.0,0.0,0.0,0.0,0.0,0.0
401876488,2026-08-22,ligue1,2026,14252,Nice,Lorient,1,357425,Djibril Coulibaly,CM-R,1,1.0,39,0.0,1.0,0.0,0.0,0.0,0.0,0.0,,0.0,0.0,0.0,0.0,0.0,0.0
401876488,2026-08-22,ligue1,2026,14252,Nice,Lorient,1,265923,Melvin Bard,LM,1,1.0,26,1.0,1.0,0.0,0.0,1.0,0.0,0.0,,0.0,0.0,0.0,0.0,1.0,0.0
401876488,2026-08-22,ligue1,2026,14252,Nice,Lorient,1,232089,Jonathan Clauss,RM,1,1.0,92,1.0,0.0,0.0,0.0,0.0,0.0,0.0,,0.0,0.0,0.0,0.0,5.0,0.0
401876488,2026-08-22,ligue1,2026,14252,Nice,Lorient,1,399717,Zoumana Diallo,F,1,1.0,44,3.0,0.0,0.0,0.0,0.0,0.0,0.0,,0.0,0.0,0.0,0.0,1.0,1.0
401876488,2026-08-22,ligue1,2026,14252,Nice,Lorient,1,276995,Sofiane Diop,CF-L,1,1.0,10,1.0,1.0,0.0,0.0,0.0,0.0,0.0,,0.0,1.0,0.0,0.0,1.0,0.0
401876488,2026-08-22,ligue1,2026,14252,Nice,Lorient,1,239905,Gauthier Hein,CF-R,1,1.0,7,0.0,0.0,0.0,0.0,0.0,0.0,0.0,,0.0,0.0,0.0,0.0,1.0,0.0
401876488,2026-08-22,ligue1,2026,14252,Nice,Lorient,1,3131927,Aboulaye Camara,SUB,0,0.0,38,0.0,0.0,0.0,0.0,0.0,0.0,0.0,,0.0,0.0,0.0,0.0,0.0,0.0
401876488,2026-08-22,ligue1,2026,14252,Nice,Lorient,1,404832,Brad-Hamilton Mantsounga,SUB,0,0.0,36,0.0,0.0,0.0,0.0,0.0,0.0,0.0,,0.0,0.0,0.0,0.0,0.0,0.0
401876488,2026-08-22,ligue1,2026,14252,Nice,Lorient,1,306557,Mohamed-Ali Cho,SUB,0,1.0,25,2.0,0.0,0.0,0.0,1.0,0.0,0.0,,0.0,0.0,1.0,0.0,1.0,0.0
401876488,2026-08-22,ligue1,2026,14252,Nice,Lorient,1,282597,Isak Jansson,SUB,0,0.0,21,0.0,0.0,0.0,0.0,0.0,0.0,0.0,,0.0,0.0,0.0,0.0,0.0,0.0
401876488,2026-08-22,ligue1,2026,14252,Nice,Lorient,1,310859,Teddy Boulhendi,SUB,0,0.0,77,0.0,0.0,0.0,0.0,,0.0,0.0,0.0,0.0,0.0,0.0,0.0,0.0,0.0
401876488,2026-08-22,ligue1,2026,14252,Nice,Lorient,1,282676,Nathan N'Goumou,SUB,0,1.0,29,0.0,0.0,0.0,0.0,0.0,0.0,0.0,,0.0,0.0,1.0,0.0,1.0,0.0
401876488,2026-08-22,ligue1,2026,14252,Nice,Lorient,1,236957,Mohamed Abdelmoneim,SUB,0,1.0,5,0.0,0.0,0.0,0.0,0.0,0.0,0.0,,0.0,0.0,1.0,0.0,0.0,0.0
401876488,2026-08-22,ligue1,2026,14252,Nice,Lorient,1,232670,Issiaga Camara,SUB,0,0.0,22,0.0,0.0,0.0,0.0,0.0,0.0,0.0,,0.0,0.0,0.0,0.0,0.0,0.0
401876488,2026-08-22,ligue1,2026,14252,Nice,Lorient,1,376344,Hamza Koutoune,SUB,0,1.0,84,2.0,0.0,0.0,0.0,0.0,0.0,0.0,,0.0,0.0,1.0,0.0,1.0,0.0
401876488,2026-08-22,ligue1,2026,14252,Lorient,Nice,0,199381,Yvon Mvogo,G,1,1.0,38,0.0,0.0,0.0,0.0,,0.0,0.0,1.0,0.0,0.0,0.0,0.0,0.0,0.0
401876488,2026-08-22,ligue1,2026,14252,Lorient,Nice,0,265099,Montassar Talbi,CD,1,1.0,3,0.0,1.0,0.0,0.0,0.0,0.0,0.0,,0.0,0.0,0.0,0.0,0.0,0.0
401876488,2026-08-22,ligue1,2026,14252,Lorient,Nice,0,345563,Nathaniel Adjei,CD-L,1,1.0,32,0.0,2.0,0.0,0.0,0.0,0.0,0.0,,0.0,0.0,0.0,0.0,0.0,0.0
401876488,2026-08-22,ligue1,2026,14252,Lorient,Nice,0,347940,Dembo Sylla,CD-R,1,1.0,20,0.0,1.0,0.0,0.0,0.0,0.0,0.0,,0.0,0.0,0.0,0.0,0.0,0.0
401876488,2026-08-22,ligue1,2026,14252,Lorient,Nice,0,355870,Arthur Avom,CM-L,1,1.0,62,1.0,1.0,0.0,0.0,0.0,0.0,0.0,,0.0,0.0,0.0,0.0,0.0,0.0
401876488,2026-08-22,ligue1,2026,14252,Lorient,Nice,0,315215,Noah Cadiou,CM-R,1,1.0,8,3.0,2.0,0.0,0.0,0.0,0.0,0.0,,0.0,0.0,0.0,0.0,2.0,0.0
401876488,2026-08-22,ligue1,2026,14252,Lorient,Nice,0,381626,Arsène Kouassi,LM,1,1.0,43,1.0,1.0,0.0,0.0,0.0,0.0,0.0,,0.0,0.0,0.0,0.0,0.0,0.0
401876488,2026-08-22,ligue1,2026,14252,Lorient,Nice,0,325992,Théo Le Bris,RM,1,1.0,11,0.0,1.0,0.0,0.0,0.0,0.0,0.0,,0.0,0.0,0.0,0.0,1.0,0.0
401876488,2026-08-22,ligue1,2026,14252,Lorient,Nice,0,416429,Mamadou Koné,F,1,1.0,42,3.0,0.0,0.0,0.0,0.0,0.0,0.0,,0.0,0.0,0.0,0.0,1.0,0.0
401876488,2026-08-22,ligue1,2026,14252,Lorient,Nice,0,225557,Jean-Victor Makengo,CF-L,1,1.0,17,0.0,2.0,0.0,0.0,0.0,0.0,0.0,,0.0,1.0,0.0,0.0,3.0,0.0
401876488,2026-08-22,ligue1,2026,14252,Lorient,Nice,0,397392,Gabin Bernardeau,CF-R,1,1.0,33,0.0,2.0,0.0,0.0,0.0,0.0,0.0,,0.0,1.0,0.0,0.0,1.0,0.0
401876488,2026-08-22,ligue1,2026,14252,Lorient,Nice,0,364754,Panos Katseris,SUB,0,1.0,77,0.0,0.0,0.0,0.0,0.0,0.0,0.0,,0.0,0.0,1.0,0.0,0.0,0.0
401876488,2026-08-22,ligue1,2026,14252,Lorient,Nice,0,258100,Tosin Aiyegun,SUB,0,1.0,15,0.0,0.0,0.0,0.0,1.0,0.0,0.0,,0.0,0.0,1.0,0.0,1.0,0.0
401876488,2026-08-22,ligue1,2026,14252,Lorient,Nice,0,307263,Bandiougou Fadiga,SUB,0,0.0,7,0.0,0.0,0.0,0.0,0.0,0.0,0.0,,0.0,0.0,0.0,0.0,0.0,0.0
401876488,2026-08-22,ligue1,2026,14252,Lorient,Nice,0,315454,Noah Mbamba,SUB,0,0.0,72,0.0,0.0,0.0,0.0,0.0,0.0,0.0,,0.0,0.0,0.0,0.0,0.0,0.0
401876488,2026-08-22,ligue1,2026,14252,Lorient,Nice,0,221548,Alec Georgen,SUB,0,1.0,2,0.0,0.0,0.0,0.0,0.0,0.0,0.0,,0.0,0.0,1.0,0.0,0.0,0.0
401876488,2026-08-22,ligue1,2026,14252,Lorient,Nice,0,417372,Daniel Semedo,SUB,0,0.0,23,0.0,0.0,0.0,0.0,0.0,0.0,0.0,,0.0,0.0,0.0,0.0,0.0,0.0
401876488,2026-08-22,ligue1,2026,14252,Lorient,Nice,0,306535,Isaak Touré,SUB,0,0.0,95,0.0,0.0,0.0,0.0,0.0,0.0,0.0,,0.0,0.0,0.0,0.0,0.0,0.0
401876488,2026-08-22,ligue1,2026,14252,Lorient,Nice,0,297345,Souleymane Faye,SUB,0,1.0,19,0.0,2.0,0.0,0.0,0.0,0.0,0.0,,0.0,0.0,1.0,0.0,1.0,0.0
401876488,2026-08-22,ligue1,2026,14252,Lorient,Nice,0,207369,Bingourou Kamara,SUB,0,0.0,21,0.0,0.0,0.0,0.0,,0.0,0.0,0.0,0.0,0.0,0.0,0.0,0.0,0.0
401876490,2026-08-22,ligue1,2026,14252,Lens,AJ Auxerre,1,344517,Robin Risser,G,1,1.0,40,0.0,0.0,0.0,2.0,,0.0,0.0,2.0,0.0,0.0,0.0,0.0,0.0,0.0
401876490,2026-08-22,ligue1,2026,14252,Lens,AJ Auxerre,1,350577,Pierre Ganiou,CD,1,1.0,25,0.0,2.0,0.0,2.0,0.0,0.0,0.0,,0.0,1.0,0.0,1.0,1.0,0.0
401876490,2026-08-22,ligue1,2026,14252,Lens,AJ Auxerre,1,401306,Souleymane Sagnan,CD-L,1,1.0,31,0.0,0.0,0.0,2.0,0.0,0.0,0.0,,0.0,0.0,0.0,0.0,0.0,0.0
401876490,2026-08-22,ligue1,2026,14252,Lens,AJ Auxerre,1,288487,Maik Nawrocki,CD-R,1,1.0,3,0.0,0.0,0.0,2.0,0.0,0.0,0.0,,0.0,1.0,0.0,0.0,1.0,1.0
401876490,2026-08-22,ligue1,2026,14252,Lens,AJ Auxerre,1,341720,Yassine Titraoui,CM-L,1,1.0,8,0.0,2.0,0.0,2.0,0.0,0.0,0.0,,0.0,0.0,0.0,0.0,0.0,0.0
401876490,2026-08-22,ligue1,2026,14252,Lens,AJ Auxerre,1,258871,Michaël Cuisance,CM-R,1,1.0,27,1.0,0.0,0.0,2.0,0.0,0.0,0.0,,0.0,0.0,0.0,0.0,1.0,0.0
401876490,2026-08-22,ligue1,2026,14252,Lens,AJ Auxerre,1,233199,Matthieu Udol,LM,1,1.0,14,2.0,0.0,0.0,2.0,0.0,0.0,0.0,,0.0,0.0,0.0,0.0,0.0,0.0
401876490,2026-08-22,ligue1,2026,14252,Lens,AJ Auxerre,1,286011,Saud Abdulhamid,RM,1,1.0,23,1.0,1.0,0.0,1.0,0.0,0.0,0.0,,0.0,1.0,0.0,1.0,1.0,0.0
401876490,2026-08-22,ligue1,2026,14252,Lens,AJ Auxerre,1,308246,Abdallah Sima,F,1,1.0,19,0.0,2.0,1.0,2.0,0.0,0.0,0.0,,0.0,0.0,0.0,0.0,0.0,0.0
401876490,2026-08-22,ligue1,2026,14252,Lens,AJ Auxerre,1,364180,Franjo Ivanovic,CF-L,1,1.0,29,1.0,2.0,0.0,1.0,0.0,0.0,0.0,,0.0,2.0,0.0,1.0,3.0,0.0
401876490,2026-08-22,ligue1,2026,14252,Lens,AJ Auxerre,1,156898,Florian Thauvin,CF-R,1,1.0,10,0.0,3.0,1.0,2.0,0.0,0.0,0.0,,0.0,3.0,0.0,2.0,3.0,0.0
401876490,2026-08-22,ligue1,2026,14252,Lens,AJ Auxerre,1,222180,Odsonne Édouard,SUB,0,1.0,11,0.0,1.0,0.0,0.0,0.0,0.0,0.0,,0.0,1.0,1.0,0.0,1.0,0.0
401876490,2026-08-22,ligue1,2026,14252,Lens,AJ Auxerre,1,131742,Mathieu Gorgelin,SUB,0,0.0,16,0.0,0.0,0.0,0.0,,0.0,0.0,0.0,0.0,0.0,0.0,0.0,0.0,0.0
401876490,2026-08-22,ligue1,2026,14252,Lens,AJ Auxerre,1,412217,Mezian Soares,SUB,0,0.0,38,0.0,0.0,0.0,0.0,0.0,0.0,0.0,,0.0,0.0,0.0,0.0,0.0,0.0
401876490,2026-08-22,ligue1,2026,14252,Lens,AJ Auxerre,1,215687,Florian Sotoca,SUB,0,0.0,7,0.0,0.0,0.0,0.0,0.0,0.0,0.0,,0.0,0.0,0.0,0.0,0.0,0.0
401876490,2026-08-22,ligue1,2026,14252,Lens,AJ Auxerre,1,228557,Amadou Haidara,SUB,0,1.0,21,0.0,0.0,0.0,0.0,0.0,0.0,0.0,,0.0,0.0,1.0,0.0,0.0,0.0
401876490,2026-08-22,ligue1,2026,14252,Lens,AJ Auxerre,1,387061,Andrija Bulatovic,SUB,0,1.0,5,0.0,1.0,0.0,0.0,0.0,0.0,0.0,,0.0,0.0,1.0,0.0,0.0,0.0
401876490,2026-08-22,ligue1,2026,14252,Lens,AJ Auxerre,1,288481,Michal Skoras,SUB,0,1.0,22,1.0,4.0,1.0,1.0,0.0,0.0,0.0,,0.0,0.0,1.0,0.0,0.0,0.0
401876490,2026-08-22,ligue1,2026,14252,Lens,AJ Auxerre,1,158066,Thorgan Hazard,SUB,0,1.0,9,0.0,1.0,0.0,1.0,0.0,0.0,0.0,,0.0,0.0,1.0,0.0,1.0,0.0
401876490,2026-08-22,ligue1,2026,14252,Lens,AJ Auxerre,1,401045,Rayan Fofana,SUB,0,0.0,18,0.0,0.0,0.0,0.0,0.0,0.0,0.0,,0.0,0.0,0.0,0.0,0.0,0.0
401876490,2026-08-22,ligue1,2026,14252,AJ Auxerre,Lens,0,345926,Mamadou Diop,G,1,1.0,23,0.0,0.0,0.0,5.0,,0.0,0.0,4.0,0.0,0.0,0.0,0.0,0.0,0.0
401876490,2026-08-22,ligue1,2026,14252,AJ Auxerre,Lens,0,362476,Christ Makosso,CD-L,1,1.0,15,2.0,1.0,0.0,1.0,0.0,0.0,1.0,,0.0,0.0,0.0,0.0,0.0,0.0
401876490,2026-08-22,ligue1,2026,14252,AJ Auxerre,Lens,0,302862,Sinaly Diomande,CD-R,1,1.0,20,1.0,1.0,0.0,5.0,0.0,0.0,0.0,,0.0,0.0,0.0,0.0,1.0,0.0
401876490,2026-08-22,ligue1,2026,14252,AJ Auxerre,Lens,0,344520,Clément Akpa,LB,1,1.0,92,2.0,0.0,0.0,5.0,0.0,0.0,0.0,,0.0,0.0,0.0,0.0,0.0,0.0
401876490,2026-08-22,ligue1,2026,14252,AJ Auxerre,Lens,0,335320,Lamine Sy,RB,1,1.0,27,2.0,0.0,0.0,5.0,0.0,0.0,0.0,,0.0,1.0,0.0,1.0,1.0,0.0
401876490,2026-08-22,ligue1,2026,14252,AJ Auxerre,Lens,0,359360,Arthur Piedfort,CM,1,1.0,46,2.0,0.0,0.0,5.0,0.0,0.0,0.0,,0.0,0.0,0.0,0.0,0.0,0.0
401876490,2026-08-22,ligue1,2026,14252,AJ Auxerre,Lens,0,323722,Kévin Danois,LM,1,1.0,5,2.0,1.0,0.0,5.0,0.0,0.0,0.0,,0.0,1.0,0.0,0.0,2.0,0.0
401876490,2026-08-22,ligue1,2026,14252,AJ Auxerre,Lens,0,297775,Naouirou Ahamada,RM,1,1.0,8,0.0,1.0,0.0,4.0,0.0,0.0,0.0,,0.0,1.0,0.0,0.0,1.0,0.0
401876490,2026-08-22,ligue1,2026,14252,AJ Auxerre,Lens,0,243748,Danny Namaso,F,1,1.0,10,2.0,1.0,0.0,4.0,1.0,0.0,0.0,,0.0,1.0,0.0,1.0,2.0,0.0
401876490,2026-08-22,ligue1,2026,14252,AJ Auxerre,Lens,0,392126,Aristide Zossou,LF,1,1.0,77,1.0,0.0,0.0,4.0,0.0,0.0,0.0,,0.0,0.0,0.0,0.0,1.0,0.0
401876490,2026-08-22,ligue1,2026,14252,AJ Auxerre,Lens,0,268591,Romain Faivre,RF,1,1.0,21,1.0,0.0,0.0,4.0,2.0,0.0,0.0,,0.0,0.0,0.0,0.0,1.0,0.0
401876490,2026-08-22,ligue1,2026,14252,AJ Auxerre,Lens,0,310134,Fredrik Oppegard,SUB,0,0.0,22,0.0,0.0,0.0,0.0,0.0,0.0,0.0,,0.0,0.0,0.0,0.0,0.0,0.0
401876490,2026-08-22,ligue1,2026,14252,AJ Auxerre,Lens,0,409262,Tidiane Devernois,SUB,0,0.0,36,0.0,0.0,0.0,0.0,0.0,0.0,0.0,,0.0,0.0,0.0,0.0,0.0,0.0
401876490,2026-08-22,ligue1,2026,14252,AJ Auxerre,Lens,0,3131801,Salimou Danfakha,SUB,0,0.0,45,0.0,0.0,0.0,0.0,0.0,0.0,0.0,,0.0,0.0,0.0,0.0,0.0,0.0
401876490,2026-08-22,ligue1,2026,14252,AJ Auxerre,Lens,0,304212,Josué Casimir,SUB,0,1.0,7,1.0,0.0,0.0,0.0,0.0,0.0,0.0,,0.0,0.0,1.0,0.0,0.0,0.0
401876490,2026-08-22,ligue1,2026,14252,AJ Auxerre,Lens,0,159312,Paul Nardi,SUB,0,0.0,1,0.0,0.0,0.0,0.0,,0.0,0.0,0.0,0.0,0.0,0.0,0.0,0.0,0.0
401876490,2026-08-22,ligue1,2026,14252,AJ Auxerre,Lens,0,416458,Lamfia Dioubaté,SUB,0,1.0,34,1.0,0.0,0.0,1.0,0.0,0.0,0.0,,0.0,0.0,1.0,0.0,1.0,1.0
401876490,2026-08-22,ligue1,2026,14252,AJ Auxerre,Lens,0,379070,Rayan Mandengue,SUB,0,1.0,32,4.0,1.0,1.0,1.0,0.0,0.0,0.0,,0.0,0.0,1.0,0.0,0.0,0.0
401876490,2026-08-22,ligue1,2026,14252,AJ Auxerre,Lens,0,323175,Lasso Coulibaly,SUB,0,1.0,18,0.0,0.0,0.0,1.0,0.0,0.0,0.0,,0.0,0.0,1.0,0.0,0.0,0.0
401876490,2026-08-22,ligue1,2026,14252,AJ Auxerre,Lens,0,404532,Elikya Legros,SUB,0,1.0,35,0.0,0.0,0.0,1.0,0.0,0.0,0.0,,0.0,0.0,1.0,0.0,0.0,0.0
401876491,2026-08-22,ligue1,2026,14252,Le Mans,Brest,1,233308,Nicolas Kocik,G,1,1.0,98,0.0,1.0,0.0,2.0,,0.0,0.0,4.0,0.0,0.0,0.0,0.0,0.0,0.0
401876491,2026-08-22,ligue1,2026,14252,Le Mans,Brest,1,397317,Théo Eyoum,CD,1,1.0,21,1.0,0.0,0.0,2.0,0.0,0.0,0.0,,0.0,0.0,0.0,0.0,0.0,0.0
401876491,2026-08-22,ligue1,2026,14252,Le Mans,Brest,1,382872,Rayan Bamba,CD-L,1,1.0,26,0.0,0.0,0.0,2.0,0.0,0.0,0.0,,0.0,0.0,0.0,0.0,0.0,0.0
401876491,2026-08-22,ligue1,2026,14252,Le Mans,Brest,1,397394,Noa Boissé,CD-R,1,1.0,15,3.0,1.0,0.0,2.0,0.0,0.0,0.0,,0.0,0.0,0.0,0.0,0.0,0.0
401876491,2026-08-22,ligue1,2026,14252,Le Mans,Brest,1,232335,Antoine Rabillard,CM-L,1,1.0,9,1.0,2.0,0.0,2.0,2.0,0.0,0.0,,0.0,0.0,0.0,0.0,1.0,0.0
401876491,2026-08-22,ligue1,2026,14252,Le Mans,Brest,1,418536,Adil Bourabaa,CM-R,1,1.0,11,1.0,0.0,1.0,2.0,0.0,0.0,0.0,,0.0,0.0,0.0,0.0,1.0,0.0
401876491,2026-08-22,ligue1,2026,14252,Le Mans,Brest,1,287606,Alexandre Lauray,AM,1,1.0,8,1.0,1.0,0.0,2.0,0.0,0.0,0.0,,0.0,0.0,0.0,0.0,0.0,1.0
401876491,2026-08-22,ligue1,2026,14252,Le Mans,Brest,1,289837,Yasser Larouci,LM,1,1.0,76,1.0,1.0,0.0,2.0,0.0,0.0,0.0,,0.0,1.0,0.0,0.0,2.0,0.0
401876491,2026-08-22,ligue1,2026,14252,Le Mans,Brest,1,262482,Lucas Buades,RM,1,1.0,18,0.0,5.0,0.0,2.0,0.0,0.0,0.0,,0.0,1.0,0.0,0.0,1.0,0.0
401876491,2026-08-22,ligue1,2026,14252,Le Mans,Brest,1,268720,Louis Mafouta,CF-L,1,1.0,14,3.0,0.0,1.0,2.0,0.0,0.0,0.0,,0.0,2.0,0.0,1.0,2.0,0.0
401876491,2026-08-22,ligue1,2026,14252,Le Mans,Brest,1,233702,Dame Guèye,CF-R,1,1.0,25,2.0,0.0,0.0,2.0,1.0,0.0,0.0,,0.0,1.0,0.0,1.0,1.0,0.0
401876491,2026-08-22,ligue1,2026,14252,Le Mans,Brest,1,299457,Ewan Hatfout,SUB,0,0.0,1,0.0,0.0,0.0,0.0,,0.0,0.0,0.0,0.0,0.0,0.0,0.0,0.0,0.0
401876491,2026-08-22,ligue1,2026,14252,Le Mans,Brest,1,331636,Lucas Calodat,SUB,0,1.0,22,0.0,0.0,0.0,0.0,0.0,0.0,0.0,,0.0,0.0,1.0,0.0,0.0,0.0
401876491,2026-08-22,ligue1,2026,14252,Le Mans,Brest,1,279137,Bilal Brahimi,SUB,0,1.0,7,0.0,1.0,0.0,0.0,0.0,0.0,0.0,,0.0,0.0,1.0,0.0,0.0,0.0
401876491,2026-08-22,ligue1,2026,14252,Le Mans,Brest,1,30302,Djibril Sidibé,SUB,0,0.0,19,0.0,0.0,0.0,0.0,0.0,0.0,0.0,,0.0,0.0,0.0,0.0,0.0,0.0
401876491,2026-08-22,ligue1,2026,14252,Le Mans,Brest,1,407614,William Harhouz,SUB,0,1.0,20,0.0,0.0,0.0,0.0,0.0,0.0,0.0,,0.0,0.0,1.0,0.0,0.0,0.0
401876491,2026-08-22,ligue1,2026,14252,Le Mans,Brest,1,357006,Erwan Colas,SUB,0,1.0,28,0.0,0.0,0.0,0.0,0.0,0.0,0.0,,0.0,0.0,1.0,0.0,0.0,0.0
401876491,2026-08-22,ligue1,2026,14252,Le Mans,Brest,1,332827,Milan Robin,SUB,0,0.0,24,0.0,0.0,0.0,0.0,0.0,0.0,0.0,,0.0,0.0,0.0,0.0,0.0,0.0
401876491,2026-08-22,ligue1,2026,14252,Le Mans,Brest,1,310024,Raúl Torrente,SUB,0,0.0,16,0.0,0.0,0.0,0.0,0.0,0.0,0.0,,0.0,0.0,0.0,0.0,0.0,0.0
401876491,2026-08-22,ligue1,2026,14252,Le Mans,Brest,1,330722,Lucas Bretelle,SUB,0,1.0,29,1.0,0.0,0.0,0.0,0.0,0.0,0.0,,0.0,0.0,1.0,0.0,0.0,0.0
401876491,2026-08-22,ligue1,2026,14252,Brest,Le Mans,0,286433,Egil Selvik,G,1,1.0,1,0.0,0.0,0.0,2.0,,0.0,0.0,3.0,0.0,0.0,0.0,0.0,0.0,0.0
401876491,2026-08-22,ligue1,2026,14252,Brest,Le Mans,0,397594,Raphaël Le Guen,CD-L,1,1.0,71,0.0,0.0,0.0,2.0,0.0,0.0,0.0,,0.0,0.0,0.0,0.0,3.0,0.0
401876491,2026-08-22,ligue1,2026,14252,Brest,Le Mans,0,215574,Lucas Tousart,CD-R,1,1.0,29,0.0,2.0,0.0,2.0,0.0,0.0,0.0,,0.0,2.0,0.0,0.0,2.0,0.0
401876491,2026-08-22,ligue1,2026,14252,Brest,Le Mans,0,324572,Bradley Locko,LB,1,1.0,2,0.0,1.0,0.0,2.0,0.0,0.0,0.0,,0.0,0.0,0.0,0.0,0.0,0.0
401876491,2026-08-22,ligue1,2026,14252,Brest,Le Mans,0,164187,Kenny Lala,RB,1,1.0,70,0.0,1.0,0.0,2.0,0.0,0.0,0.0,,0.0,0.0,0.0,0.0,0.0,0.0
401876491,2026-08-22,ligue1,2026,14252,Brest,Le Mans,0,330412,Kamory Doumbia,AM,1,1.0,23,1.0,1.0,1.0,2.0,0.0,0.0,0.0,,0.0,1.0,0.0,1.0,4.0,0.0
401876491,2026-08-22,ligue1,2026,14252,Brest,Le Mans,0,355998,Joseph Nonge,LM,1,1.0,7,0.0,3.0,0.0,2.0,0.0,0.0,0.0,,0.0,0.0,0.0,0.0,0.0,0.0
401876491,2026-08-22,ligue1,2026,14252,Brest,Le Mans,0,291850,Joris Chotard,RM,1,1.0,13,2.0,1.0,0.0,2.0,0.0,0.0,0.0,,0.0,0.0,0.0,0.0,2.0,0.0
401876491,2026-08-22,ligue1,2026,14252,Brest,Le Mans,0,192015,Ludovic Ajorque,F,1,1.0,19,2.0,1.0,0.0,2.0,2.0,0.0,0.0,,0.0,2.0,0.0,0.0,7.0,1.0
401876491,2026-08-22,ligue1,2026,14252,Brest,Le Mans,0,365783,Pathé Mboup,AM-L,1,1.0,9,6.0,1.0,0.0,2.0,0.0,0.0,0.0,,0.0,1.0,0.0,0.0,2.0,0.0
401876491,2026-08-22,ligue1,2026,14252,Brest,Le Mans,0,230896,Romain Del Castillo,AM-R,1,1.0,10,0.0,1.0,0.0,2.0,0.0,0.0,0.0,,0.0,1.0,0.0,1.0,1.0,0.0
401876491,2026-08-22,ligue1,2026,14252,Brest,Le Mans,0,416403,Mathis Lainé,SUB,0,1.0,32,0.0,1.0,0.0,0.0,0.0,0.0,0.0,,0.0,0.0,1.0,0.0,0.0,0.0
401876491,2026-08-22,ligue1,2026,14252,Brest,Le Mans,0,325330,Axel Camblan,SUB,0,1.0,11,0.0,0.0,0.0,0.0,0.0,0.0,0.0,,0.0,0.0,1.0,0.0,1.0,0.0
401876491,2026-08-22,ligue1,2026,14252,Brest,Le Mans,0,180174,Gautier Lloris,SUB,0,0.0,4,0.0,0.0,0.0,0.0,0.0,0.0,0.0,,0.0,0.0,0.0,0.0,0.0,0.0
401876491,2026-08-22,ligue1,2026,14252,Brest,Le Mans,0,321098,Mamady Diambou,SUB,0,1.0,6,1.0,0.0,0.0,0.0,0.0,0.0,0.0,,0.0,0.0,1.0,0.0,2.0,0.0
401876491,2026-08-22,ligue1,2026,14252,Brest,Le Mans,0,251556,Romain Cagnon,SUB,0,0.0,49,0.0,0.0,0.0,0.0,,0.0,0.0,0.0,0.0,0.0,0.0,0.0,0.0,0.0
401876491,2026-08-22,ligue1,2026,14252,Brest,Le Mans,0,363150,Luc Zogbe,SUB,0,0.0,20,0.0,0.0,0.0,0.0,0.0,0.0,0.0,,0.0,0.0,0.0,0.0,0.0,0.0
401876491,2026-08-22,ligue1,2026,14252,Brest,Le Mans,0,3131925,Evan Mailly,SUB,0,0.0,34,0.0,0.0,0.0,0.0,0.0,0.0,0.0,,0.0,0.0,0.0,0.0,0.0,0.0
401876491,2026-08-22,ligue1,2026,14252,Brest,Le Mans,0,376352,Hamidou Makalou,SUB,0,0.0,33,0.0,0.0,0.0,0.0,0.0,0.0,0.0,,0.0,0.0,0.0,0.0,0.0,0.0
401876491,2026-08-22,ligue1,2026,14252,Brest,Le Mans,0,259960,Mama Baldé,SUB,0,1.0,17,0.0,1.0,0.0,0.0,0.0,0.0,0.0,,0.0,0.0,1.0,0.0,2.0,0.0
401876487,2026-08-23,ligue1,2026,14252,Stade Rennais,Paris Saint-Germain,1,164126,Brice Samba,G,1,1.0,30,0.0,0.0,0.0,2.0,,0.0,0.0,3.0,0.0,0.0,0.0,0.0,0.0,0.0
401876487,2026-08-23,ligue1,2026,14252,Stade Rennais,Paris Saint-Germain,1,376339,Abdelhamid Aït Boudlal,CD-L,1,1.0,48,1.0,0.0,0.0,2.0,0.0,0.0,0.0,,0.0,0.0,0.0,0.0,0.0,0.0
401876487,2026-08-23,ligue1,2026,14252,Stade Rennais,Paris Saint-Germain,1,307713,Charlie Cresswell,CD-R,1,1.0,4,0.0,1.0,0.0,2.0,0.0,0.0,0.0,,0.0,0.0,0.0,0.0,0.0,0.0
401876487,2026-08-23,ligue1,2026,14252,Stade Rennais,Paris Saint-Germain,1,207136,Valentin Rongier,DM,1,1.0,21,0.0,0.0,0.0,2.0,0.0,0.0,0.0,,0.0,0.0,0.0,0.0,0.0,0.0
401876487,2026-08-23,ligue1,2026,14252,Stade Rennais,Paris Saint-Germain,1,372260,Mahamadou Nagida,LB,1,1.0,18,2.0,0.0,0.0,1.0,0.0,0.0,0.0,,0.0,0.0,0.0,0.0,2.0,0.0
401876487,2026-08-23,ligue1,2026,14252,Stade Rennais,Paris Saint-Germain,1,190806,Przemyslaw Frankowski,RB,1,1.0,95,0.0,0.0,1.0,2.0,0.0,0.0,0.0,,0.0,0.0,0.0,0.0,0.0,0.0
401876487,2026-08-23,ligue1,2026,14252,Stade Rennais,Paris Saint-Germain,1,173266,Adrien Thomasson,CM-L,1,1.0,28,2.0,1.0,1.0,2.0,0.0,0.0,0.0,,0.0,0.0,0.0,0.0,0.0,1.0
401876487,2026-08-23,ligue1,2026,14252,Stade Rennais,Paris Saint-Germain,1,243844,Sebastian Szymanski,CM-R,1,1.0,17,0.0,1.0,0.0,1.0,0.0,0.0,0.0,,0.0,1.0,0.0,1.0,1.0,0.0
401876487,2026-08-23,ligue1,2026,14252,Stade Rennais,Paris Saint-Germain,1,297743,Issa Soumaré,LM,1,1.0,90,1.0,3.0,0.0,2.0,0.0,0.0,0.0,,0.0,0.0,0.0,0.0,0.0,0.0
401876487,2026-08-23,ligue1,2026,14252,Stade Rennais,Paris Saint-Germain,1,257489,Mousa Al-Tamari,RM,1,1.0,11,1.0,0.0,0.0,1.0,0.0,0.0,0.0,,0.0,0.0,0.0,0.0,2.0,1.0
401876487,2026-08-23,ligue1,2026,14252,Stade Rennais,Paris Saint-Germain,1,323850,Esteban Lepaul,F,1,1.0,9,0.0,0.0,0.0,2.0,0.0,0.0,0.0,,0.0,1.0,0.0,1.0,2.0,0.0
401876487,2026-08-23,ligue1,2026,14252,Stade Rennais,Paris Saint-Germain,1,242738,Arnaud Nordin,SUB,0,1.0,70,0.0,0.0,0.0,0.0,0.0,0.0,0.0,,0.0,0.0,1.0,0.0,0.0,0.0
401876487,2026-08-23,ligue1,2026,14252,Stade Rennais,Paris Saint-Germain,1,332862,Eliezer Mayenda,SUB,0,0.0,12,0.0,0.0,0.0,0.0,0.0,0.0,0.0,,0.0,0.0,0.0,0.0,0.0,0.0
401876487,2026-08-23,ligue1,2026,14252,Stade Rennais,Paris Saint-Germain,1,313890,Quentin Merlin,SUB,0,1.0,26,0.0,0.0,0.0,1.0,0.0,0.0,0.0,,0.0,0.0,1.0,0.0,0.0,0.0
401876487,2026-08-23,ligue1,2026,14252,Stade Rennais,Paris Saint-Germain,1,250758,Bryan Reynolds,SUB,0,1.0,14,0.0,0.0,0.0,0.0,0.0,0.0,0.0,,0.0,0.0,1.0,0.0,0.0,0.0
401876487,2026-08-23,ligue1,2026,14252,Stade Rennais,Paris Saint-Germain,1,415193,Elias Legendre,SUB,0,0.0,35,0.0,0.0,0.0,0.0,0.0,0.0,0.0,,0.0,0.0,0.0,0.0,0.0,0.0
401876487,2026-08-23,ligue1,2026,14252,Stade Rennais,Paris Saint-Germain,1,223120,Ludovic Blas,SUB,0,1.0,10,0.0,0.0,0.0,1.0,0.0,0.0,0.0,,0.0,1.0,1.0,0.0,2.0,0.0
401876487,2026-08-23,ligue1,2026,14252,Stade Rennais,Paris Saint-Germain,1,414191,Kilian Belazzoug,SUB,0,0.0,60,0.0,0.0,0.0,0.0,,0.0,0.0,0.0,0.0,0.0,0.0,0.0,0.0,0.0
401876487,2026-08-23,ligue1,2026,14252,Stade Rennais,Paris Saint-Germain,1,291614,Anthony Rouault,SUB,0,0.0,24,0.0,0.0,0.0,0.0,0.0,0.0,0.0,,0.0,0.0,0.0,0.0,0.0,0.0
401876487,2026-08-23,ligue1,2026,14252,Stade Rennais,Paris Saint-Germain,1,398977,Henrick Do Marcolino,SUB,0,1.0,65,0.0,0.0,0.0,1.0,0.0,0.0,0.0,,0.0,0.0,1.0,0.0,0.0,0.0
401876487,2026-08-23,ligue1,2026,14252,Paris Saint-Germain,Stade Rennais,0,248699,Matvei Safonov,G,1,1.0,39,0.0,1.0,0.0,2.0,,0.0,0.0,0.0,0.0,0.0,0.0,0.0,0.0,0.0
401876487,2026-08-23,ligue1,2026,14252,Paris Saint-Germain,Stade Rennais,0,287005,Willian Pacho,CD-L,1,1.0,51,1.0,0.0,0.0,2.0,0.0,0.0,0.0,,0.0,0.0,0.0,0.0,0.0,0.0
401876487,2026-08-23,ligue1,2026,14252,Paris Saint-Germain,Stade Rennais,0,159047,Marquinhos,CD-R,1,1.0,5,2.0,0.0,0.0,2.0,0.0,0.0,0.0,,0.0,0.0,0.0,0.0,0.0,1.0
401876487,2026-08-23,ligue1,2026,14252,Paris Saint-Germain,Stade Rennais,0,196200,Lucas Hernández,LB,1,1.0,21,0.0,0.0,0.0,2.0,0.0,0.0,0.0,,0.0,0.0,0.0,0.0,0.0,0.0
401876487,2026-08-23,ligue1,2026,14252,Paris Saint-Germain,Stade Rennais,0,240233,Achraf Hakimi,RB,1,1.0,2,0.0,2.0,0.0,2.0,1.0,0.0,0.0,,0.0,0.0,0.0,0.0,1.0,1.0
401876487,2026-08-23,ligue1,2026,14252,Paris Saint-Germain,Stade Rennais,0,288897,Vitinha,CM,1,1.0,17,0.0,0.0,0.0,2.0,0.0,0.0,0.0,,0.0,0.0,0.0,0.0,0.0,0.0
401876487,2026-08-23,ligue1,2026,14252,Paris Saint-Germain,Stade Rennais,0,355061,João Neves,LM,1,1.0,87,1.0,0.0,0.0,2.0,0.0,0.0,0.0,,0.0,1.0,0.0,0.0,3.0,0.0
401876487,2026-08-23,ligue1,2026,14252,Paris Saint-Germain,Stade Rennais,0,345581,Warren Zaïre-Emery,RM,1,1.0,33,0.0,0.0,0.0,2.0,0.0,0.0,0.0,,0.0,1.0,0.0,0.0,3.0,0.0
401876487,2026-08-23,ligue1,2026,14252,Paris Saint-Germain,Stade Rennais,0,229744,Ousmane Dembélé,F,1,1.0,10,0.0,0.0,0.0,2.0,0.0,0.0,0.0,,0.0,0.0,0.0,0.0,3.0,0.0
401876487,2026-08-23,ligue1,2026,14252,Paris Saint-Germain,Stade Rennais,0,274745,Khvicha Kvaratskhelia,LF,1,1.0,7,0.0,0.0,0.0,2.0,2.0,0.0,0.0,,0.0,0.0,0.0,0.0,1.0,0.0
401876487,2026-08-23,ligue1,2026,14252,Paris Saint-Germain,Stade Rennais,0,336388,Désiré Doué,RF,1,1.0,14,1.0,4.0,0.0,2.0,3.0,0.0,0.0,,0.0,1.0,0.0,0.0,5.0,0.0
401876487,2026-08-23,ligue1,2026,14252,Paris Saint-Germain,Stade Rennais,0,265869,Ferran Torres,SUB,0,1.0,9,0.0,0.0,0.0,0.0,0.0,0.0,0.0,,0.0,2.0,1.0,2.0,2.0,0.0
401876487,2026-08-23,ligue1,2026,14252,Paris Saint-Germain,Stade Rennais,0,214596,Fabián Ruiz,SUB,0,1.0,8,0.0,0.0,2.0,0.0,0.0,0.0,0.0,,0.0,0.0,1.0,0.0,0.0,0.0
401876487,2026-08-23,ligue1,2026,14252,Paris Saint-Germain,Stade Rennais,0,316128,Lucas Beraldo,SUB,0,1.0,4,0.0,0.0,0.0,0.0,0.0,0.0,0.0,,0.0,0.0,1.0,0.0,0.0,0.0
401876487,2026-08-23,ligue1,2026,14252,Paris Saint-Germain,Stade Rennais,0,304503,Illia Zabarnyi,SUB,0,0.0,6,0.0,0.0,0.0,0.0,0.0,0.0,0.0,,0.0,0.0,0.0,0.0,0.0,0.0
401876487,2026-08-23,ligue1,2026,14252,Paris Saint-Germain,Stade Rennais,0,353363,Mika Godts,SUB,0,1.0,22,1.0,0.0,0.0,0.0,1.0,0.0,0.0,,0.0,0.0,1.0,0.0,1.0,0.0
401876487,2026-08-23,ligue1,2026,14252,Paris Saint-Germain,Stade Rennais,0,160115,Lucas Digne,SUB,0,0.0,12,0.0,0.0,0.0,0.0,0.0,0.0,0.0,,0.0,0.0,0.0,0.0,0.0,0.0
401876487,2026-08-23,ligue1,2026,14252,Paris Saint-Germain,Stade Rennais,0,329690,Maghnes Akliouche,SUB,0,1.0,11,0.0,0.0,0.0,0.0,0.0,0.0,0.0,,0.0,0.0,1.0,0.0,0.0,0.0
401876487,2026-08-23,ligue1,2026,14252,Paris Saint-Germain,Stade Rennais,0,403578,Dro Fernández,SUB,0,0.0,27,0.0,0.0,0.0,0.0,0.0,0.0,0.0,,0.0,0.0,0.0,0.0,0.0,0.0
401876487,2026-08-23,ligue1,2026,14252,Paris Saint-Germain,Stade Rennais,0,288925,Lucas Chevalier,SUB,0,0.0,30,0.0,0.0,0.0,0.0,,0.0,0.0,0.0,0.0,0.0,0.0,0.0,0.0,0.0
401876492,2026-08-23,ligue1,2026,14252,Le Havre AC,AS Monaco,1,211669,Lionel Mpasi,G,1,1.0,77,0.0,0.0,0.0,1.0,,0.0,0.0,6.0,0.0,0.0,0.0,0.0,0.0,0.0
401876492,2026-08-23,ligue1,2026,14252,Le Havre AC,AS Monaco,1,258270,Ayumu Seko,CD,1,1.0,15,0.0,0.0,0.0,1.0,0.0,0.0,0.0,,0.0,0.0,0.0,0.0,0.0,0.0
401876492,2026-08-23,ligue1,2026,14252,Le Havre AC,AS Monaco,1,138563,Vincent Sasso,CD-L,1,1.0,23,2.0,0.0,0.0,1.0,0.0,0.0,0.0,,0.0,0.0,0.0,0.0,0.0,1.0
401876492,2026-08-23,ligue1,2026,14252,Le Havre AC,AS Monaco,1,297167,Timothee Pembélé,CD-R,1,1.0,32,2.0,0.0,0.0,1.0,0.0,0.0,0.0,,0.0,0.0,0.0,0.0,0.0,0.0
401876492,2026-08-23,ligue1,2026,14252,Le Havre AC,AS Monaco,1,340583,Junior Mwanga,CM-L,1,1.0,6,0.0,0.0,0.0,1.0,1.0,0.0,0.0,,0.0,0.0,0.0,0.0,0.0,0.0
401876492,2026-08-23,ligue1,2026,14252,Le Havre AC,AS Monaco,1,346519,Simon Ebonog,CM-R,1,1.0,26,2.0,3.0,0.0,1.0,0.0,0.0,0.0,,0.0,0.0,0.0,0.0,1.0,0.0
401876492,2026-08-23,ligue1,2026,14252,Le Havre AC,AS Monaco,1,386384,Yanis Zouaoui,LM,1,1.0,18,1.0,1.0,0.0,1.0,0.0,0.0,0.0,,0.0,0.0,0.0,0.0,0.0,0.0
401876492,2026-08-23,ligue1,2026,14252,Le Havre AC,AS Monaco,1,306548,Fodé Doucouré,RM,1,1.0,13,1.0,1.0,0.0,1.0,0.0,0.0,0.0,,0.0,0.0,0.0,0.0,2.0,1.0
401876492,2026-08-23,ligue1,2026,14252,Le Havre AC,AS Monaco,1,231366,Mbwana Samatta,F,1,1.0,25,0.0,1.0,0.0,1.0,1.0,0.0,0.0,,0.0,1.0,0.0,0.0,2.0,0.0
401876492,2026-08-23,ligue1,2026,14252,Le Havre AC,AS Monaco,1,319285,Amir Richardson,CF-L,1,1.0,7,2.0,0.0,0.0,1.0,1.0,0.0,0.0,,0.0,1.0,0.0,0.0,2.0,1.0
401876492,2026-08-23,ligue1,2026,14252,Le Havre AC,AS Monaco,1,291982,Rassoul Ndiaye,CF-R,1,1.0,14,0.0,3.0,0.0,1.0,0.0,0.0,0.0,,0.0,0.0,0.0,0.0,3.0,0.0
401876492,2026-08-23,ligue1,2026,14252,Le Havre AC,AS Monaco,1,371557,Ismail Bouneb,SUB,0,0.0,44,0.0,0.0,0.0,0.0,0.0,0.0,0.0,,0.0,0.0,0.0,0.0,0.0,0.0
401876492,2026-08-23,ligue1,2026,14252,Le Havre AC,AS Monaco,1,329755,Elias Jelert,SUB,0,1.0,12,1.0,0.0,0.0,0.0,0.0,0.0,0.0,,0.0,0.0,1.0,0.0,0.0,0.0
401876492,2026-08-23,ligue1,2026,14252,Le Havre AC,AS Monaco,1,388878,Daren Mosengo,SUB,0,0.0,78,0.0,0.0,0.0,0.0,0.0,0.0,0.0,,0.0,0.0,0.0,0.0,0.0,0.0
401876492,2026-08-23,ligue1,2026,14252,Le Havre AC,AS Monaco,1,243514,Josh Maja,SUB,0,1.0,9,0.0,0.0,0.0,0.0,0.0,0.0,0.0,,0.0,0.0,1.0,0.0,0.0,0.0
401876492,2026-08-23,ligue1,2026,14252,Le Havre AC,AS Monaco,1,411169,Enzo Koffi,SUB,0,1.0,27,1.0,2.0,0.0,0.0,0.0,0.0,0.0,,0.0,1.0,1.0,0.0,2.0,0.0
401876492,2026-08-23,ligue1,2026,14252,Le Havre AC,AS Monaco,1,325043,Kaito Mizuta,SUB,0,1.0,17,0.0,0.0,0.0,0.0,0.0,0.0,0.0,,0.0,0.0,1.0,0.0,1.0,0.0
401876492,2026-08-23,ligue1,2026,14252,Le Havre AC,AS Monaco,1,3132216,Djibril Ouziad,SUB,0,0.0,33,0.0,0.0,0.0,0.0,0.0,0.0,0.0,,0.0,0.0,0.0,0.0,0.0,0.0
401876492,2026-08-23,ligue1,2026,14252,Le Havre AC,AS Monaco,1,399434,Sota Nakamura,SUB,0,1.0,30,1.0,0.0,0.0,0.0,0.0,0.0,0.0,,0.0,1.0,1.0,0.0,1.0,0.0
401876492,2026-08-23,ligue1,2026,14252,Le Havre AC,AS Monaco,1,197631,Mory Diaw,SUB,0,0.0,99,0.0,0.0,0.0,0.0,,0.0,0.0,0.0,0.0,0.0,0.0,0.0,0.0,0.0
401876492,2026-08-23,ligue1,2026,14252,AS Monaco,Le Havre AC,0,134169,Lukas Hradecky,G,1,1.0,1,0.0,0.0,0.0,0.0,,0.0,0.0,3.0,0.0,0.0,0.0,0.0,0.0,0.0
401876492,2026-08-23,ligue1,2026,14252,AS Monaco,Le Havre AC,0,155532,Eric Dier,CD-L,1,1.0,15,0.0,0.0,0.0,0.0,0.0,0.0,0.0,,0.0,1.0,0.0,1.0,1.0,0.0
401876492,2026-08-23,ligue1,2026,14252,AS Monaco,Le Havre AC,0,362288,Sadibou Sané,CD-R,1,1.0,72,1.0,0.0,0.0,0.0,0.0,0.0,0.0,,0.0,0.0,0.0,0.0,0.0,0.0
401876492,2026-08-23,ligue1,2026,14252,AS Monaco,Le Havre AC,0,316559,Názinho,LB,1,1.0,20,0.0,1.0,1.0,0.0,0.0,0.0,0.0,,0.0,0.0,0.0,0.0,0.0,0.0
401876492,2026-08-23,ligue1,2026,14252,AS Monaco,Le Havre AC,0,310640,Vanderson,RB,1,1.0,2,3.0,0.0,0.0,0.0,0.0,0.0,0.0,,0.0,0.0,0.0,0.0,1.0,1.0
401876492,2026-08-23,ligue1,2026,14252,AS Monaco,Le Havre AC,0,195501,Aleksandr Golovin,AM,1,1.0,10,0.0,0.0,0.0,0.0,0.0,0.0,0.0,,0.0,2.0,0.0,0.0,2.0,1.0
401876492,2026-08-23,ligue1,2026,14252,AS Monaco,Le Havre AC,0,222628,Denis Zakaria,LM,1,1.0,6,0.0,3.0,0.0,0.0,0.0,0.0,0.0,,0.0,0.0,0.0,0.0,1.0,0.0
401876492,2026-08-23,ligue1,2026,14252,AS Monaco,Le Havre AC,0,38721,Lamine Camara,RM,1,1.0,8,3.0,1.0,0.0,0.0,0.0,0.0,0.0,,0.0,1.0,0.0,0.0,1.0,0.0
401876492,2026-08-23,ligue1,2026,14252,AS Monaco,Le Havre AC,0,365789,Paris Brunner,F,1,1.0,29,0.0,0.0,0.0,0.0,1.0,0.0,0.0,,0.0,1.0,0.0,0.0,4.0,0.0
401876492,2026-08-23,ligue1,2026,14252,AS Monaco,Le Havre AC,0,356925,Stanis Idumbo,AM-L,1,1.0,17,1.0,2.0,0.0,0.0,0.0,0.0,0.0,,0.0,1.0,0.0,0.0,4.0,0.0
401876492,2026-08-23,ligue1,2026,14252,AS Monaco,Le Havre AC,0,208518,Mamadou Coulibaly,AM-R,1,1.0,28,1.0,2.0,0.0,0.0,1.0,0.0,0.0,,0.0,0.0,0.0,0.0,0.0,0.0
401876492,2026-08-23,ligue1,2026,14252,AS Monaco,Le Havre AC,0,299566,Oumar Konaté,SUB,0,1.0,42,1.0,1.0,0.0,0.0,0.0,0.0,0.0,,0.0,0.0,1.0,0.0,0.0,0.0
401876492,2026-08-23,ligue1,2026,14252,AS Monaco,Le Havre AC,0,3124794,Safouane Benzahra,SUB,0,0.0,47,0.0,0.0,0.0,0.0,0.0,0.0,0.0,,0.0,0.0,0.0,0.0,0.0,0.0
401876492,2026-08-23,ligue1,2026,14252,AS Monaco,Le Havre AC,0,411449,Pape Cabral,SUB,0,0.0,19,0.0,0.0,0.0,0.0,0.0,0.0,0.0,,0.0,0.0,0.0,0.0,0.0,0.0
401876492,2026-08-23,ligue1,2026,14252,AS Monaco,Le Havre AC,0,3124795,Anis Soubeir,SUB,0,1.0,46,2.0,1.0,0.0,0.0,0.0,0.0,0.0,,0.0,1.0,1.0,0.0,1.0,0.0
401876492,2026-08-23,ligue1,2026,14252,AS Monaco,Le Havre AC,0,308552,Mika Biereth,SUB,0,1.0,14,0.0,2.0,0.0,0.0,1.0,0.0,0.0,,0.0,0.0,1.0,0.0,0.0,0.0
401876492,2026-08-23,ligue1,2026,14252,AS Monaco,Le Havre AC,0,411027,Ilane Touré,SUB,0,1.0,49,0.0,0.0,0.0,0.0,0.0,0.0,0.0,,0.0,0.0,1.0,0.0,0.0,0.0
401876492,2026-08-23,ligue1,2026,14252,AS Monaco,Le Havre AC,0,214401,Thilo Kehrer,SUB,0,1.0,5,0.0,0.0,0.0,0.0,0.0,0.0,0.0,,0.0,0.0,1.0,0.0,0.0,0.0
401876492,2026-08-23,ligue1,2026,14252,AS Monaco,Le Havre AC,0,397994,Mathys Detourbet,SUB,0,0.0,7,0.0,0.0,0.0,0.0,0.0,0.0,0.0,,0.0,0.0,0.0,0.0,0.0,0.0
401876492,2026-08-23,ligue1,2026,14252,AS Monaco,Le Havre AC,0,258875,Philipp Köhn,SUB,0,0.0,16,0.0,0.0,0.0,0.0,,0.0,0.0,0.0,0.0,0.0,0.0,0.0,0.0,0.0
401876493,2026-08-23,ligue1,2026,14252,Angers,Lille,1,131743,Anthony Lopes,G,1,1.0,1,0.0,0.0,0.0,2.0,,0.0,0.0,6.0,0.0,0.0,0.0,0.0,0.0,0.0
401876493,2026-08-23,ligue1,2026,14252,Angers,Lille,1,191712,Jordan Lefort,CD-L,1,1.0,21,2.0,1.0,0.0,2.0,0.0,0.0,0.0,,0.0,0.0,0.0,0.0,0.0,0.0
401876493,2026-08-23,ligue1,2026,14252,Angers,Lille,1,412232,Ousmane Camara,CD-R,1,1.0,4,0.0,0.0,0.0,2.0,0.0,0.0,0.0,,0.0,0.0,0.0,0.0,0.0,0.0
401876493,2026-08-23,ligue1,2026,14252,Angers,Lille,1,333218,Jacques Ekomie,LB,1,1.0,3,2.0,0.0,0.0,2.0,0.0,0.0,0.0,,0.0,0.0,0.0,0.0,2.0,0.0
401876493,2026-08-23,ligue1,2026,14252,Angers,Lille,1,357154,Lilian Raolisoa,RB,1,1.0,27,0.0,2.0,0.0,2.0,0.0,0.0,0.0,,0.0,0.0,0.0,0.0,1.0,0.0
401876493,2026-08-23,ligue1,2026,14252,Angers,Lille,1,379227,Anthony Bermont,AM,1,1.0,26,2.0,0.0,0.0,2.0,1.0,0.0,0.0,,0.0,0.0,0.0,0.0,2.0,1.0
401876493,2026-08-23,ligue1,2026,14252,Angers,Lille,1,338006,Yassin Belkhdim,LM,1,1.0,14,1.0,1.0,0.0,2.0,0.0,0.0,0.0,,0.0,0.0,0.0,0.0,0.0,0.0
401876493,2026-08-23,ligue1,2026,14252,Angers,Lille,1,196234,Branco van den Boomen,RM,1,1.0,8,1.0,0.0,0.0,2.0,0.0,0.0,0.0,,0.0,0.0,0.0,0.0,0.0,0.0
401876493,2026-08-23,ligue1,2026,14252,Angers,Lille,1,301262,Amine El Ouazzani,F,1,1.0,19,0.0,2.0,0.0,2.0,0.0,0.0,0.0,,0.0,0.0,0.0,0.0,3.0,0.0
401876493,2026-08-23,ligue1,2026,14252,Angers,Lille,1,314388,Amine Sbaï,AM-L,1,1.0,10,0.0,4.0,0.0,2.0,1.0,0.0,0.0,,0.0,0.0,0.0,0.0,3.0,0.0
401876493,2026-08-23,ligue1,2026,14252,Angers,Lille,1,284333,Jim Allevinah,AM-R,1,1.0,18,0.0,2.0,0.0,2.0,0.0,0.0,0.0,,0.0,0.0,0.0,0.0,3.0,0.0
401876493,2026-08-23,ligue1,2026,14252,Angers,Lille,1,416401,Maël Gernigon,SUB,0,0.0,34,0.0,0.0,0.0,0.0,0.0,0.0,0.0,,0.0,0.0,0.0,0.0,0.0,0.0
401876493,2026-08-23,ligue1,2026,14252,Angers,Lille,1,403232,Prosper Peter,SUB,0,1.0,9,0.0,0.0,0.0,0.0,0.0,0.0,0.0,,0.0,2.0,1.0,0.0,3.0,0.0
401876493,2026-08-23,ligue1,2026,14252,Angers,Lille,1,297161,Melvin Zinga,SUB,0,0.0,16,0.0,0.0,0.0,0.0,,0.0,0.0,0.0,0.0,0.0,0.0,0.0,0.0,0.0
401876493,2026-08-23,ligue1,2026,14252,Angers,Lille,1,412871,Harouna Djibirin,SUB,0,1.0,11,1.0,1.0,0.0,0.0,0.0,0.0,0.0,,0.0,0.0,1.0,0.0,0.0,0.0
401876493,2026-08-23,ligue1,2026,14252,Angers,Lille,1,356211,Emmanuel Biumla,SUB,0,0.0,24,0.0,0.0,0.0,0.0,0.0,0.0,0.0,,0.0,0.0,0.0,0.0,0.0,0.0
401876493,2026-08-23,ligue1,2026,14252,Angers,Lille,1,377899,Joseph Kalulu Kyatengwa,SUB,0,0.0,17,0.0,0.0,0.0,0.0,0.0,0.0,0.0,,0.0,0.0,0.0,0.0,0.0,0.0
401876493,2026-08-23,ligue1,2026,14252,Angers,Lille,1,421740,Bané Diatta,SUB,0,1.0,36,0.0,0.0,0.0,0.0,0.0,0.0,0.0,,0.0,0.0,1.0,0.0,0.0,0.0
401876493,2026-08-23,ligue1,2026,14252,Angers,Lille,1,312399,Mamadou Simbakoli,SUB,0,1.0,7,2.0,0.0,0.0,0.0,0.0,0.0,0.0,,0.0,0.0,1.0,0.0,3.0,1.0
401876493,2026-08-23,ligue1,2026,14252,Angers,Lille,1,218703,Carlens Arcus,SUB,0,1.0,2,0.0,0.0,0.0,0.0,0.0,0.0,0.0,,0.0,0.0,1.0,0.0,0.0,0.0
401876493,2026-08-23,ligue1,2026,14252,Lille,Angers,0,257267,Berke Özer,G,1,1.0,1,0.0,0.0,0.0,0.0,,0.0,0.0,2.0,0.0,0.0,0.0,0.0,0.0,0.0
401876493,2026-08-23,ligue1,2026,14252,Lille,Angers,0,340900,Alexsandro,CD-L,1,1.0,4,1.0,1.0,0.0,0.0,0.0,0.0,0.0,,0.0,0.0,0.0,0.0,0.0,0.0
401876493,2026-08-23,ligue1,2026,14252,Lille,Angers,0,318577,Nathan Ngoy,CD-R,1,1.0,3,2.0,1.0,0.0,0.0,0.0,0.0,0.0,,0.0,0.0,0.0,0.0,0.0,0.0
401876493,2026-08-23,ligue1,2026,14252,Lille,Angers,0,250853,Romain Perraud,LB,1,1.0,15,1.0,0.0,0.0,0.0,0.0,0.0,0.0,,0.0,0.0,0.0,0.0,1.0,1.0
401876493,2026-08-23,ligue1,2026,14252,Lille,Angers,0,346844,Tiago Santos,RB,1,1.0,22,1.0,1.0,0.0,0.0,0.0,0.0,0.0,,0.0,2.0,0.0,1.0,2.0,0.0
401876493,2026-08-23,ligue1,2026,14252,Lille,Angers,0,318779,Hákon Haraldsson,AM,1,1.0,10,4.0,1.0,0.0,0.0,0.0,0.0,0.0,,0.0,3.0,0.0,0.0,3.0,1.0
401876493,2026-08-23,ligue1,2026,14252,Lille,Angers,0,179187,Nabil Bentaleb,LM,1,1.0,6,0.0,1.0,1.0,0.0,0.0,0.0,0.0,,0.0,1.0,0.0,0.0,2.0,0.0
401876493,2026-08-23,ligue1,2026,14252,Lille,Angers,0,345988,Ngal'ayel Mukau,RM,1,1.0,17,2.0,0.0,0.0,0.0,0.0,0.0,0.0,,0.0,0.0,0.0,0.0,0.0,0.0
401876493,2026-08-23,ligue1,2026,14252,Lille,Angers,0,88965,Olivier Giroud,F,1,1.0,9,0.0,1.0,0.0,0.0,1.0,0.0,0.0,,0.0,1.0,0.0,1.0,1.0,0.0
401876493,2026-08-23,ligue1,2026,14252,Lille,Angers,0,337855,Basar Önal,AM-L,1,1.0,19,1.0,1.0,0.0,0.0,0.0,0.0,0.0,,0.0,0.0,0.0,0.0,0.0,0.0
401876493,2026-08-23,ligue1,2026,14252,Lille,Angers,0,355971,Ethan Mbappé,AM-R,1,1.0,8,0.0,2.0,0.0,0.0,0.0,0.0,0.0,,0.0,1.0,0.0,0.0,2.0,0.0
401876493,2026-08-23,ligue1,2026,14252,Lille,Angers,0,231778,Gaetan Perrin,SUB,0,1.0,28,0.0,0.0,0.0,0.0,0.0,0.0,0.0,,0.0,0.0,1.0,0.0,0.0,0.0
401876493,2026-08-23,ligue1,2026,14252,Lille,Angers,0,283626,Osame Sahraoui,SUB,0,1.0,11,0.0,1.0,0.0,0.0,0.0,0.0,0.0,,0.0,0.0,1.0,0.0,0.0,0.0
401876493,2026-08-23,ligue1,2026,14252,Lille,Angers,0,367360,Noah Edjouma,SUB,0,0.0,20,0.0,0.0,0.0,0.0,0.0,0.0,0.0,,0.0,0.0,0.0,0.0,0.0,0.0
401876493,2026-08-23,ligue1,2026,14252,Lille,Angers,0,393321,Isaac Cossier,SUB,0,1.0,26,0.0,0.0,0.0,0.0,0.0,0.0,0.0,,0.0,0.0,1.0,0.0,0.0,0.0
401876493,2026-08-23,ligue1,2026,14252,Lille,Angers,0,387346,Loun Srdanovic,SUB,0,0.0,2,0.0,0.0,0.0,0.0,0.0,0.0,0.0,,0.0,0.0,0.0,0.0,0.0,0.0
401876493,2026-08-23,ligue1,2026,14252,Lille,Angers,0,217381,Calvin Verdonk,SUB,0,1.0,24,0.0,0.0,0.0,0.0,0.0,0.0,0.0,,0.0,0.0,1.0,0.0,0.0,0.0
401876493,2026-08-23,ligue1,2026,14252,Lille,Angers,0,400352,Soriba Diaoune,SUB,0,0.0,35,0.0,0.0,0.0,0.0,0.0,0.0,0.0,,0.0,0.0,0.0,0.0,0.0,0.0
401876493,2026-08-23,ligue1,2026,14252,Lille,Angers,0,288900,Felix Correia,SUB,0,1.0,27,1.0,1.0,0.0,0.0,1.0,0.0,0.0,,0.0,0.0,1.0,0.0,0.0,0.0
401876493,2026-08-23,ligue1,2026,14252,Lille,Angers,0,255780,Arnaud Bodart,SUB,0,0.0,16,0.0,0.0,0.0,0.0,,0.0,0.0,0.0,0.0,0.0,0.0,0.0,0.0,0.0
401876476,2026-08-28,ligue1,2026,14252,Lille,Paris Saint-Germain,1,257267,Berke Özer,G,1,1.0,1,0.0,1.0,0.0,2.0,,0.0,0.0,2.0,0.0,0.0,0.0,0.0,0.0,0.0
401876476,2026-08-28,ligue1,2026,14252,Lille,Paris Saint-Germain,1,340900,Alexsandro,CD-L,1,1.0,4,1.0,0.0,0.0,2.0,0.0,0.0,0.0,,0.0,0.0,0.0,0.0,0.0,0.0
401876476,2026-08-28,ligue1,2026,14252,Lille,Paris Saint-Germain,1,318577,Nathan Ngoy,CD-R,1,1.0,3,1.0,1.0,0.0,2.0,0.0,0.0,0.0,,0.0,0.0,0.0,0.0,0.0,0.0
401876476,2026-08-28,ligue1,2026,14252,Lille,Paris Saint-Germain,1,250853,Romain Perraud,LB,1,1.0,15,2.0,0.0,0.0,2.0,0.0,0.0,0.0,,0.0,0.0,0.0,0.0,0.0,1.0
401876476,2026-08-28,ligue1,2026,14252,Lille,Paris Saint-Germain,1,346844,Tiago Santos,RB,1,1.0,22,0.0,1.0,0.0,2.0,0.0,0.0,0.0,,0.0,0.0,0.0,0.0,0.0,0.0
401876476,2026-08-28,ligue1,2026,14252,Lille,Paris Saint-Germain,1,318779,Hákon Haraldsson,AM,1,1.0,10,1.0,0.0,0.0,0.0,0.0,0.0,0.0,,0.0,1.0,0.0,1.0,2.0,0.0
401876476,2026-08-28,ligue1,2026,14252,Lille,Paris Saint-Germain,1,179187,Nabil Bentaleb,LM,1,1.0,6,0.0,1.0,0.0,2.0,0.0,0.0,0.0,,0.0,0.0,0.0,0.0,1.0,0.0
401876476,2026-08-28,ligue1,2026,14252,Lille,Paris Saint-Germain,1,123683,Benjamin André,RM,1,1.0,21,3.0,1.0,0.0,0.0,1.0,0.0,0.0,,0.0,0.0,0.0,0.0,0.0,1.0
401876476,2026-08-28,ligue1,2026,14252,Lille,Paris Saint-Germain,1,88965,Olivier Giroud,F,1,1.0,9,0.0,0.0,2.0,2.0,3.0,0.0,0.0,,0.0,1.0,0.0,0.0,2.0,0.0
401876476,2026-08-28,ligue1,2026,14252,Lille,Paris Saint-Germain,1,288900,Felix Correia,AM-L,1,1.0,27,1.0,0.0,0.0,0.0,1.0,0.0,0.0,,0.0,0.0,0.0,0.0,1.0,0.0
401876476,2026-08-28,ligue1,2026,14252,Lille,Paris Saint-Germain,1,355971,Ethan Mbappé,AM-R,1,1.0,8,1.0,2.0,0.0,0.0,0.0,0.0,0.0,,0.0,1.0,0.0,0.0,2.0,0.0
401876476,2026-08-28,ligue1,2026,14252,Lille,Paris Saint-Germain,1,337855,Basar Önal,SUB,0,0.0,19,0.0,0.0,0.0,0.0,0.0,0.0,0.0,,0.0,0.0,0.0,0.0,0.0,0.0
401876476,2026-08-28,ligue1,2026,14252,Lille,Paris Saint-Germain,1,393321,Isaac Cossier,SUB,0,0.0,26,0.0,0.0,0.0,0.0,0.0,0.0,0.0,,0.0,0.0,0.0,0.0,0.0,0.0
401876476,2026-08-28,ligue1,2026,14252,Lille,Paris Saint-Germain,1,297157,Dilane Bakwa,SUB,0,1.0,18,1.0,0.0,0.0,2.0,0.0,0.0,0.0,,0.0,1.0,1.0,1.0,1.0,0.0
401876476,2026-08-28,ligue1,2026,14252,Lille,Paris Saint-Germain,1,231778,Gaetan Perrin,SUB,0,1.0,28,0.0,0.0,0.0,2.0,0.0,0.0,0.0,,0.0,0.0,1.0,0.0,0.0,0.0
401876476,2026-08-28,ligue1,2026,14252,Lille,Paris Saint-Germain,1,217381,Calvin Verdonk,SUB,0,1.0,24,0.0,0.0,0.0,2.0,0.0,0.0,0.0,,0.0,0.0,1.0,0.0,0.0,0.0
401876476,2026-08-28,ligue1,2026,14252,Lille,Paris Saint-Germain,1,400352,Soriba Diaoune,SUB,0,0.0,35,0.0,0.0,0.0,0.0,0.0,0.0,0.0,,0.0,0.0,0.0,0.0,0.0,0.0
401876476,2026-08-28,ligue1,2026,14252,Lille,Paris Saint-Germain,1,345988,Ngal'ayel Mukau,SUB,0,1.0,17,0.0,0.0,0.0,2.0,0.0,0.0,0.0,,0.0,0.0,1.0,0.0,0.0,0.0
401876476,2026-08-28,ligue1,2026,14252,Lille,Paris Saint-Germain,1,255780,Arnaud Bodart,SUB,0,0.0,16,0.0,0.0,0.0,0.0,,0.0,0.0,0.0,0.0,0.0,0.0,0.0,0.0,0.0
401876476,2026-08-28,ligue1,2026,14252,Lille,Paris Saint-Germain,1,283626,Osame Sahraoui,SUB,0,0.0,11,0.0,0.0,0.0,0.0,0.0,0.0,0.0,,0.0,0.0,0.0,0.0,0.0,0.0
401876476,2026-08-28,ligue1,2026,14252,Paris Saint-Germain,Lille,0,248699,Matvei Safonov,G,1,1.0,39,0.0,0.0,0.0,2.0,,0.0,0.0,2.0,0.0,0.0,0.0,0.0,0.0,0.0
401876476,2026-08-28,ligue1,2026,14252,Paris Saint-Germain,Lille,0,287005,Willian Pacho,CD-L,1,1.0,51,0.0,0.0,0.0,2.0,0.0,0.0,0.0,,0.0,0.0,0.0,0.0,0.0,0.0
401876476,2026-08-28,ligue1,2026,14252,Paris Saint-Germain,Lille,0,159047,Marquinhos,CD-R,1,1.0,5,1.0,0.0,0.0,2.0,0.0,0.0,0.0,,0.0,1.0,0.0,1.0,1.0,0.0
401876476,2026-08-28,ligue1,2026,14252,Paris Saint-Germain,Lille,0,345581,Warren Zaïre-Emery,LB,1,1.0,33,0.0,1.0,0.0,2.0,0.0,0.0,0.0,,0.0,0.0,0.0,0.0,1.0,0.0
401876476,2026-08-28,ligue1,2026,14252,Paris Saint-Germain,Lille,0,240233,Achraf Hakimi,RB,1,1.0,2,0.0,2.0,0.0,2.0,0.0,0.0,0.0,,0.0,0.0,0.0,0.0,2.0,0.0
401876476,2026-08-28,ligue1,2026,14252,Paris Saint-Germain,Lille,0,316128,Lucas Beraldo,CM,1,1.0,4,0.0,0.0,0.0,1.0,0.0,0.0,0.0,,0.0,0.0,0.0,0.0,0.0,0.0
401876476,2026-08-28,ligue1,2026,14252,Paris Saint-Germain,Lille,0,214596,Fabián Ruiz,LM,1,1.0,8,2.0,1.0,0.0,1.0,0.0,0.0,0.0,,0.0,1.0,0.0,0.0,1.0,1.0
401876476,2026-08-28,ligue1,2026,14252,Paris Saint-Germain,Lille,0,288897,Vitinha,RM,1,1.0,17,0.0,0.0,1.0,2.0,0.0,0.0,0.0,,0.0,2.0,0.0,1.0,6.0,0.0
401876476,2026-08-28,ligue1,2026,14252,Paris Saint-Germain,Lille,0,265869,Ferran Torres,F,1,1.0,9,0.0,2.0,0.0,1.0,0.0,0.0,0.0,,0.0,0.0,0.0,0.0,3.0,0.0
401876476,2026-08-28,ligue1,2026,14252,Paris Saint-Germain,Lille,0,336388,Désiré Doué,LF,1,1.0,14,1.0,2.0,0.0,1.0,0.0,0.0,0.0,,0.0,0.0,0.0,0.0,1.0,0.0
401876476,2026-08-28,ligue1,2026,14252,Paris Saint-Germain,Lille,0,329690,Maghnes Akliouche,RF,1,1.0,11,1.0,0.0,0.0,1.0,0.0,0.0,0.0,,0.0,0.0,0.0,0.0,0.0,0.0
401876476,2026-08-28,ligue1,2026,14252,Paris Saint-Germain,Lille,0,196200,Lucas Hernández,SUB,0,0.0,21,0.0,0.0,0.0,0.0,0.0,0.0,0.0,,0.0,0.0,0.0,0.0,0.0,0.0
401876476,2026-08-28,ligue1,2026,14252,Paris Saint-Germain,Lille,0,353363,Mika Godts,SUB,0,1.0,22,1.0,2.0,1.0,1.0,0.0,0.0,0.0,,0.0,0.0,1.0,0.0,0.0,0.0
401876476,2026-08-28,ligue1,2026,14252,Paris Saint-Germain,Lille,0,288925,Lucas Chevalier,SUB,0,0.0,30,0.0,0.0,0.0,0.0,,0.0,0.0,0.0,0.0,0.0,0.0,0.0,0.0,0.0
401876476,2026-08-28,ligue1,2026,14252,Paris Saint-Germain,Lille,0,160115,Lucas Digne,SUB,0,1.0,12,0.0,0.0,0.0,1.0,0.0,0.0,0.0,,0.0,0.0,1.0,0.0,1.0,0.0
401876476,2026-08-28,ligue1,2026,14252,Paris Saint-Germain,Lille,0,403578,Dro Fernández,SUB,0,1.0,27,0.0,0.0,0.0,1.0,0.0,0.0,0.0,,0.0,0.0,1.0,0.0,0.0,0.0
401876476,2026-08-28,ligue1,2026,14252,Paris Saint-Germain,Lille,0,274745,Khvicha Kvaratskhelia,SUB,0,1.0,7,0.0,1.0,0.0,1.0,0.0,0.0,0.0,,0.0,0.0,1.0,0.0,2.0,0.0
401876476,2026-08-28,ligue1,2026,14252,Paris Saint-Germain,Lille,0,304503,Illia Zabarnyi,SUB,0,0.0,6,0.0,0.0,0.0,0.0,0.0,0.0,0.0,,0.0,0.0,0.0,0.0,0.0,0.0
401876476,2026-08-28,ligue1,2026,14252,Paris Saint-Germain,Lille,0,387725,Alessandro Longoni,SUB,0,0.0,16,0.0,0.0,0.0,0.0,,0.0,0.0,0.0,0.0,0.0,0.0,0.0,0.0,0.0
401876476,2026-08-28,ligue1,2026,14252,Paris Saint-Germain,Lille,0,379088,Senny Mayulu,SUB,0,1.0,24,1.0,0.0,0.0,1.0,0.0,0.0,0.0,,0.0,0.0,1.0,0.0,0.0,0.0
401876477,2026-08-29,ligue1,2026,14252,Strasbourg,Lens,1,304256,Filip Jørgensen,G,1,1.0,1,0.0,1.0,0.0,1.0,,0.0,0.0,6.0,0.0,0.0,0.0,0.0,0.0,0.0
401876477,2026-08-29,ligue1,2026,14252,Strasbourg,Lens,1,290101,Andrew Omobamidele,CD-L,1,1.0,2,0.0,0.0,0.0,1.0,0.0,0.0,0.0,,0.0,0.0,0.0,0.0,1.0,0.0
401876477,2026-08-29,ligue1,2026,14252,Strasbourg,Lens,1,362926,Jeyland Mitchell,CD-R,1,1.0,4,1.0,0.0,0.0,1.0,1.0,0.0,0.0,,0.0,0.0,0.0,0.0,1.0,1.0
401876477,2026-08-29,ligue1,2026,14252,Strasbourg,Lens,1,359934,Lucas Høgsberg,LB,1,1.0,24,0.0,0.0,0.0,1.0,0.0,0.0,0.0,,0.0,0.0,0.0,0.0,0.0,0.0
401876477,2026-08-29,ligue1,2026,14252,Strasbourg,Lens,1,374221,Genesis Antwi,RB,1,1.0,16,0.0,0.0,0.0,1.0,0.0,0.0,0.0,,0.0,0.0,0.0,0.0,0.0,0.0
401876477,2026-08-29,ligue1,2026,14252,Strasbourg,Lens,1,353378,Pape Diop,CM,1,1.0,21,2.0,3.0,0.0,1.0,0.0,0.0,0.0,,0.0,0.0,0.0,0.0,3.0,0.0
401876477,2026-08-29,ligue1,2026,14252,Strasbourg,Lens,1,290230,Giovanni Reyna,LM,1,1.0,10,0.0,1.0,0.0,1.0,0.0,0.0,0.0,,0.0,1.0,0.0,0.0,2.0,0.0
401876477,2026-08-29,ligue1,2026,14252,Strasbourg,Lens,1,368325,Diogo Sousa,RM,1,1.0,23,3.0,0.0,0.0,1.0,0.0,0.0,0.0,,0.0,0.0,0.0,0.0,0.0,0.0
401876477,2026-08-29,ligue1,2026,14252,Strasbourg,Lens,1,3117410,Jacobo Ortega Conde,F,1,1.0,30,2.0,1.0,0.0,1.0,1.0,0.0,0.0,,0.0,2.0,0.0,0.0,3.0,0.0
401876477,2026-08-29,ligue1,2026,14252,Strasbourg,Lens,1,303787,Sebastian Nanasi,LF,1,1.0,11,1.0,0.0,2.0,1.0,0.0,0.0,0.0,,0.0,1.0,0.0,0.0,2.0,0.0
401876477,2026-08-29,ligue1,2026,14252,Strasbourg,Lens,1,379012,Gessime Yassine,RF,1,1.0,80,1.0,4.0,0.0,1.0,0.0,0.0,0.0,,0.0,2.0,0.0,2.0,3.0,1.0
401876477,2026-08-29,ligue1,2026,14252,Strasbourg,Lens,1,224074,Karim Coulibaly,SUB,0,1.0,31,0.0,0.0,0.0,0.0,0.0,0.0,0.0,,0.0,0.0,1.0,0.0,0.0,0.0
401876477,2026-08-29,ligue1,2026,14252,Strasbourg,Lens,1,350501,Samuel Amo-Ameyaw,SUB,0,1.0,7,0.0,0.0,0.0,0.0,0.0,0.0,0.0,,0.0,1.0,1.0,0.0,1.0,0.0
401876477,2026-08-29,ligue1,2026,14252,Strasbourg,Lens,1,418506,Tyrese Noubissie,SUB,0,0.0,28,0.0,0.0,0.0,0.0,0.0,0.0,0.0,,0.0,0.0,0.0,0.0,0.0,0.0
401876477,2026-08-29,ligue1,2026,14252,Strasbourg,Lens,1,371973,Milosz Piekutowski,SUB,0,0.0,12,0.0,0.0,0.0,0.0,,0.0,0.0,0.0,0.0,0.0,0.0,0.0,0.0,0.0
401876477,2026-08-29,ligue1,2026,14252,Strasbourg,Lens,1,335877,Mateo Del Blanco,SUB,0,1.0,15,0.0,0.0,0.0,0.0,0.0,0.0,0.0,,0.0,0.0,1.0,0.0,0.0,0.0
401876477,2026-08-29,ligue1,2026,14252,Strasbourg,Lens,1,305797,Sékou Mara,SUB,0,1.0,14,0.0,1.0,0.0,0.0,0.0,0.0,0.0,,0.0,0.0,1.0,0.0,0.0,0.0
401876477,2026-08-29,ligue1,2026,14252,Strasbourg,Lens,1,388392,Fabio Baldé,SUB,0,1.0,19,0.0,0.0,0.0,0.0,1.0,0.0,0.0,,0.0,0.0,1.0,0.0,0.0,0.0
401876477,2026-08-29,ligue1,2026,14252,Strasbourg,Lens,1,380238,Benjamin Brantlind,SUB,0,0.0,45,0.0,0.0,0.0,0.0,0.0,0.0,0.0,,0.0,0.0,0.0,0.0,0.0,0.0
401876477,2026-08-29,ligue1,2026,14252,Strasbourg,Lens,1,364764,Mathis Amougou,SUB,0,0.0,17,0.0,0.0,0.0,0.0,0.0,0.0,0.0,,0.0,0.0,0.0,0.0,0.0,0.0
401876477,2026-08-29,ligue1,2026,14252,Lens,Strasbourg,0,344517,Robin Risser,G,1,1.0,40,0.0,1.0,0.0,2.0,,0.0,0.0,5.0,0.0,0.0,0.0,0.0,0.0,0.0
401876477,2026-08-29,ligue1,2026,14252,Lens,Strasbourg,0,350577,Pierre Ganiou,CD,1,1.0,25,1.0,0.0,0.0,2.0,0.0,0.0,0.0,,0.0,1.0,0.0,0.0,1.0,0.0
401876477,2026-08-29,ligue1,2026,14252,Lens,Strasbourg,0,401306,Souleymane Sagnan,CD-L,1,1.0,31,0.0,1.0,0.0,2.0,0.0,0.0,0.0,,0.0,0.0,0.0,0.0,0.0,0.0
401876477,2026-08-29,ligue1,2026,14252,Lens,Strasbourg,0,288487,Maik Nawrocki,CD-R,1,1.0,3,1.0,0.0,0.0,1.0,0.0,0.0,0.0,,0.0,0.0,0.0,0.0,0.0,0.0
401876477,2026-08-29,ligue1,2026,14252,Lens,Strasbourg,0,258871,Michaël Cuisance,CM-L,1,1.0,27,2.0,0.0,0.0,1.0,0.0,0.0,0.0,,0.0,1.0,0.0,0.0,1.0,0.0
401876477,2026-08-29,ligue1,2026,14252,Lens,Strasbourg,0,341720,Yassine Titraoui,CM-R,1,1.0,8,0.0,1.0,0.0,2.0,0.0,0.0,0.0,,0.0,0.0,0.0,0.0,1.0,0.0
401876477,2026-08-29,ligue1,2026,14252,Lens,Strasbourg,0,233199,Matthieu Udol,LM,1,1.0,14,1.0,1.0,0.0,2.0,0.0,0.0,0.0,,0.0,0.0,0.0,0.0,4.0,0.0
401876477,2026-08-29,ligue1,2026,14252,Lens,Strasbourg,0,288481,Michal Skoras,RM,1,1.0,22,1.0,2.0,0.0,2.0,0.0,0.0,0.0,,0.0,0.0,0.0,0.0,1.0,0.0
401876477,2026-08-29,ligue1,2026,14252,Lens,Strasbourg,0,308246,Abdallah Sima,F,1,1.0,19,1.0,1.0,0.0,2.0,1.0,0.0,0.0,,0.0,1.0,0.0,0.0,2.0,0.0
401876477,2026-08-29,ligue1,2026,14252,Lens,Strasbourg,0,364180,Franjo Ivanovic,CF-L,1,1.0,29,2.0,1.0,0.0,1.0,1.0,0.0,0.0,,0.0,1.0,0.0,0.0,1.0,1.0
401876477,2026-08-29,ligue1,2026,14252,Lens,Strasbourg,0,156898,Florian Thauvin,CF-R,1,1.0,10,0.0,1.0,0.0,2.0,0.0,0.0,0.0,,0.0,1.0,0.0,1.0,1.0,0.0
401876477,2026-08-29,ligue1,2026,14252,Lens,Strasbourg,0,181946,Ruben Aguilar,SUB,0,1.0,2,2.0,0.0,0.0,1.0,0.0,0.0,0.0,,0.0,0.0,1.0,0.0,0.0,1.0
401876477,2026-08-29,ligue1,2026,14252,Lens,Strasbourg,0,215687,Florian Sotoca,SUB,0,1.0,7,0.0,0.0,0.0,0.0,1.0,0.0,0.0,,0.0,1.0,1.0,0.0,2.0,0.0
401876477,2026-08-29,ligue1,2026,14252,Lens,Strasbourg,0,158066,Thorgan Hazard,SUB,0,1.0,9,0.0,0.0,0.0,1.0,0.0,0.0,0.0,,0.0,0.0,1.0,0.0,0.0,0.0
401876477,2026-08-29,ligue1,2026,14252,Lens,Strasbourg,0,131742,Mathieu Gorgelin,SUB,0,0.0,16,0.0,0.0,0.0,0.0,,0.0,0.0,0.0,0.0,0.0,0.0,0.0,0.0,0.0
401876477,2026-08-29,ligue1,2026,14252,Lens,Strasbourg,0,228557,Amadou Haidara,SUB,0,0.0,21,0.0,0.0,0.0,0.0,0.0,0.0,0.0,,0.0,0.0,0.0,0.0,0.0,0.0
401876477,2026-08-29,ligue1,2026,14252,Lens,Strasbourg,0,387044,Nidal Celik,SUB,0,0.0,4,0.0,0.0,0.0,0.0,0.0,0.0,0.0,,0.0,0.0,0.0,0.0,0.0,0.0
401876477,2026-08-29,ligue1,2026,14252,Lens,Strasbourg,0,401045,Rayan Fofana,SUB,0,0.0,18,0.0,0.0,0.0,0.0,0.0,0.0,0.0,,0.0,0.0,0.0,0.0,0.0,0.0
401876477,2026-08-29,ligue1,2026,14252,Lens,Strasbourg,0,387061,Andrija Bulatovic,SUB,0,1.0,5,0.0,0.0,0.0,1.0,0.0,0.0,0.0,,0.0,1.0,1.0,0.0,3.0,0.0
401876477,2026-08-29,ligue1,2026,14252,Lens,Strasbourg,0,412217,Mezian Soares,SUB,0,1.0,38,0.0,0.0,0.0,0.0,0.0,0.0,0.0,,0.0,0.0,1.0,0.0,0.0,0.0
401876481,2026-08-29,ligue1,2026,14252,Lyon,Le Havre AC,1,221278,Dominik Greif,G,1,1.0,1,0.0,0.0,0.0,1.0,,0.0,0.0,3.0,0.0,0.0,0.0,0.0,0.0,0.0
401876481,2026-08-29,ligue1,2026,14252,Lyon,Le Havre AC,1,213181,Moussa Niakhaté,CD-L,1,1.0,19,1.0,0.0,0.0,1.0,1.0,0.0,0.0,,0.0,0.0,0.0,0.0,0.0,0.0
401876481,2026-08-29,ligue1,2026,14252,Lyon,Le Havre AC,1,320945,Felix Bacher,CD-R,1,1.0,20,1.0,0.0,0.0,1.0,1.0,0.0,0.0,,0.0,0.0,0.0,0.0,0.0,0.0
401876481,2026-08-29,ligue1,2026,14252,Lyon,Le Havre AC,1,145190,Nicolás Tagliafico,LB,1,1.0,3,1.0,1.0,0.0,1.0,0.0,0.0,0.0,,0.0,0.0,0.0,0.0,0.0,0.0
401876481,2026-08-29,ligue1,2026,14252,Lyon,Le Havre AC,1,370758,Zachary Athekame,RB,1,1.0,13,0.0,0.0,1.0,1.0,0.0,0.0,0.0,,0.0,0.0,0.0,0.0,2.0,0.0
401876481,2026-08-29,ligue1,2026,14252,Lyon,Le Havre AC,1,192060,Corentin Tolisso,AM,1,1.0,8,1.0,1.0,0.0,1.0,0.0,0.0,0.0,,0.0,2.0,0.0,0.0,3.0,0.0
401876481,2026-08-29,ligue1,2026,14252,Lyon,Le Havre AC,1,298522,Tyler Morton,LM,1,1.0,23,2.0,0.0,0.0,1.0,0.0,0.0,0.0,,0.0,0.0,0.0,0.0,1.0,0.0
401876481,2026-08-29,ligue1,2026,14252,Lyon,Le Havre AC,1,290401,Mads Bidstrup,RM,1,1.0,2,0.0,0.0,0.0,0.0,0.0,0.0,0.0,,0.0,0.0,0.0,0.0,0.0,0.0
401876481,2026-08-29,ligue1,2026,14252,Lyon,Le Havre AC,1,276265,Loïs Openda,F,1,1.0,17,0.0,3.0,0.0,1.0,2.0,0.0,0.0,,0.0,2.0,0.0,1.0,4.0,0.0
401876481,2026-08-29,ligue1,2026,14252,Lyon,Le Havre AC,1,379066,Kail Boudache,AM-L,1,1.0,26,0.0,3.0,0.0,0.0,1.0,0.0,0.0,,0.0,0.0,0.0,0.0,0.0,0.0
401876481,2026-08-29,ligue1,2026,14252,Lyon,Le Havre AC,1,333310,Ernest Nuamah,AM-R,1,1.0,7,1.0,2.0,0.0,1.0,0.0,0.0,0.0,,0.0,0.0,0.0,0.0,2.0,0.0
401876481,2026-08-29,ligue1,2026,14252,Lyon,Le Havre AC,1,305545,Pavel Sulc,SUB,0,1.0,10,0.0,0.0,0.0,0.0,0.0,0.0,0.0,,0.0,1.0,1.0,0.0,1.0,0.0
401876481,2026-08-29,ligue1,2026,14252,Lyon,Le Havre AC,1,340645,Malick Fofana,SUB,0,1.0,11,0.0,1.0,0.0,1.0,0.0,0.0,0.0,,0.0,0.0,1.0,0.0,2.0,0.0
401876481,2026-08-29,ligue1,2026,14252,Lyon,Le Havre AC,1,214402,Ainsley Maitland-Niles,SUB,0,0.0,98,0.0,0.0,0.0,0.0,0.0,0.0,0.0,,0.0,0.0,0.0,0.0,0.0,0.0
401876481,2026-08-29,ligue1,2026,14252,Lyon,Le Havre AC,1,365562,Noah Nartey,SUB,0,1.0,99,0.0,0.0,0.0,1.0,0.0,0.0,0.0,,0.0,0.0,1.0,0.0,0.0,0.0
401876481,2026-08-29,ligue1,2026,14252,Lyon,Le Havre AC,1,222175,Rémy Descamps,SUB,0,0.0,40,0.0,0.0,0.0,0.0,,0.0,0.0,0.0,0.0,0.0,0.0,0.0,0.0,0.0
401876481,2026-08-29,ligue1,2026,14252,Lyon,Le Havre AC,1,214649,Clinton Mata,SUB,0,0.0,22,0.0,0.0,0.0,0.0,0.0,0.0,0.0,,0.0,0.0,0.0,0.0,0.0,0.0
401876481,2026-08-29,ligue1,2026,14252,Lyon,Le Havre AC,1,408345,Khalis Merah,SUB,0,0.0,18,0.0,0.0,0.0,0.0,0.0,0.0,0.0,,0.0,0.0,0.0,0.0,0.0,0.0
401876481,2026-08-29,ligue1,2026,14252,Lyon,Le Havre AC,1,285088,Abner,SUB,0,1.0,16,0.0,1.0,0.0,0.0,0.0,0.0,0.0,,0.0,0.0,1.0,0.0,0.0,0.0
401876481,2026-08-29,ligue1,2026,14252,Lyon,Le Havre AC,1,303308,Tanner Tessmann,SUB,0,0.0,6,0.0,0.0,0.0,0.0,0.0,0.0,0.0,,0.0,0.0,0.0,0.0,0.0,0.0
401876481,2026-08-29,ligue1,2026,14252,Le Havre AC,Lyon,0,211669,Lionel Mpasi,G,1,1.0,77,0.0,0.0,0.0,1.0,,0.0,0.0,4.0,0.0,0.0,0.0,0.0,0.0,0.0
401876481,2026-08-29,ligue1,2026,14252,Le Havre AC,Lyon,0,340583,Junior Mwanga,CD,1,1.0,6,1.0,0.0,0.0,1.0,0.0,0.0,0.0,,0.0,0.0,0.0,0.0,0.0,0.0
401876481,2026-08-29,ligue1,2026,14252,Le Havre AC,Lyon,0,246847,Ahmed Touba,CD-L,1,1.0,5,1.0,0.0,0.0,1.0,0.0,0.0,0.0,,0.0,0.0,0.0,0.0,0.0,0.0
401876481,2026-08-29,ligue1,2026,14252,Le Havre AC,Lyon,0,258270,Ayumu Seko,CD-R,1,1.0,15,2.0,0.0,0.0,1.0,0.0,0.0,0.0,,0.0,0.0,0.0,0.0,1.0,1.0
401876481,2026-08-29,ligue1,2026,14252,Le Havre AC,Lyon,0,319285,Amir Richardson,CM-L,1,1.0,7,0.0,1.0,0.0,1.0,0.0,0.0,0.0,,0.0,0.0,0.0,0.0,1.0,0.0
401876481,2026-08-29,ligue1,2026,14252,Le Havre AC,Lyon,0,346519,Simon Ebonog,CM-R,1,1.0,26,1.0,2.0,0.0,0.0,0.0,0.0,0.0,,0.0,1.0,0.0,0.0,1.0,0.0
401876481,2026-08-29,ligue1,2026,14252,Le Havre AC,Lyon,0,297167,Timothee Pembélé,LM,1,1.0,32,2.0,0.0,0.0,0.0,0.0,0.0,0.0,,0.0,0.0,0.0,0.0,0.0,0.0
401876481,2026-08-29,ligue1,2026,14252,Le Havre AC,Lyon,0,3132216,Djibril Ouziad,RM,1,1.0,33,2.0,1.0,0.0,0.0,0.0,0.0,0.0,,0.0,0.0,0.0,0.0,1.0,0.0
401876481,2026-08-29,ligue1,2026,14252,Le Havre AC,Lyon,0,231366,Mbwana Samatta,F,1,1.0,25,0.0,0.0,0.0,1.0,1.0,0.0,0.0,,0.0,1.0,0.0,1.0,4.0,0.0
401876481,2026-08-29,ligue1,2026,14252,Le Havre AC,Lyon,0,325043,Kaito Mizuta,CF-L,1,1.0,17,1.0,1.0,0.0,0.0,1.0,0.0,0.0,,0.0,0.0,0.0,0.0,2.0,0.0
401876481,2026-08-29,ligue1,2026,14252,Le Havre AC,Lyon,0,291982,Rassoul Ndiaye,CF-R,1,1.0,14,2.0,2.0,0.0,1.0,1.0,0.0,0.0,,0.0,1.0,0.0,0.0,1.0,0.0
401876481,2026-08-29,ligue1,2026,14252,Le Havre AC,Lyon,0,190293,Gauthier Gallon,SUB,0,0.0,93,0.0,0.0,0.0,0.0,,0.0,0.0,0.0,0.0,0.0,0.0,0.0,0.0,0.0
401876481,2026-08-29,ligue1,2026,14252,Le Havre AC,Lyon,0,371557,Ismail Bouneb,SUB,0,0.0,44,0.0,0.0,0.0,0.0,0.0,0.0,0.0,,0.0,0.0,0.0,0.0,0.0,0.0
401876481,2026-08-29,ligue1,2026,14252,Le Havre AC,Lyon,0,243514,Josh Maja,SUB,0,1.0,9,2.0,0.0,0.0,1.0,0.0,0.0,0.0,,0.0,0.0,1.0,0.0,0.0,0.0
401876481,2026-08-29,ligue1,2026,14252,Le Havre AC,Lyon,0,411169,Enzo Koffi,SUB,0,1.0,27,0.0,0.0,0.0,1.0,0.0,0.0,0.0,,0.0,1.0,1.0,0.0,1.0,0.0
401876481,2026-08-29,ligue1,2026,14252,Le Havre AC,Lyon,0,138563,Vincent Sasso,SUB,0,1.0,23,0.0,0.0,0.0,0.0,0.0,0.0,0.0,,0.0,0.0,1.0,0.0,0.0,0.0
401876481,2026-08-29,ligue1,2026,14252,Le Havre AC,Lyon,0,329755,Elias Jelert,SUB,0,0.0,12,0.0,0.0,0.0,0.0,0.0,0.0,0.0,,0.0,0.0,0.0,0.0,0.0,0.0
401876481,2026-08-29,ligue1,2026,14252,Le Havre AC,Lyon,0,306548,Fodé Doucouré,SUB,0,1.0,13,2.0,0.0,1.0,1.0,0.0,0.0,0.0,,0.0,0.0,1.0,0.0,0.0,1.0
401876481,2026-08-29,ligue1,2026,14252,Le Havre AC,Lyon,0,399434,Sota Nakamura,SUB,0,1.0,30,0.0,0.0,0.0,1.0,0.0,0.0,0.0,,0.0,0.0,1.0,0.0,0.0,0.0
401876481,2026-08-29,ligue1,2026,14252,Le Havre AC,Lyon,0,388878,Daren Mosengo,SUB,0,0.0,78,0.0,0.0,0.0,0.0,0.0,0.0,0.0,,0.0,0.0,0.0,0.0,0.0,0.0
401876482,2026-08-29,ligue1,2026,14252,Lorient,Troyes,1,199381,Yvon Mvogo,G,1,1.0,38,0.0,0.0,0.0,2.0,,0.0,0.0,0.0,0.0,0.0,0.0,0.0,0.0,0.0
401876482,2026-08-29,ligue1,2026,14252,Lorient,Troyes,1,265099,Montassar Talbi,CD,1,1.0,3,0.0,0.0,0.0,2.0,0.0,0.0,0.0,,0.0,1.0,0.0,0.0,1.0,0.0
401876482,2026-08-29,ligue1,2026,14252,Lorient,Troyes,1,345563,Nathaniel Adjei,CD-L,1,1.0,32,0.0,0.0,0.0,2.0,0.0,0.0,0.0,,0.0,0.0,0.0,0.0,0.0,0.0
401876482,2026-08-29,ligue1,2026,14252,Lorient,Troyes,1,347940,Dembo Sylla,CD-R,1,1.0,20,2.0,1.0,0.0,2.0,0.0,0.0,0.0,,0.0,0.0,0.0,0.0,0.0,0.0
401876482,2026-08-29,ligue1,2026,14252,Lorient,Troyes,1,315215,Noah Cadiou,CM-L,1,1.0,8,0.0,1.0,0.0,2.0,0.0,0.0,0.0,,0.0,0.0,0.0,0.0,2.0,0.0
401876482,2026-08-29,ligue1,2026,14252,Lorient,Troyes,1,355870,Arthur Avom,CM-R,1,1.0,62,0.0,2.0,0.0,2.0,0.0,0.0,0.0,,0.0,0.0,0.0,0.0,3.0,0.0
401876482,2026-08-29,ligue1,2026,14252,Lorient,Troyes,1,381626,Arsène Kouassi,LM,1,1.0,43,1.0,2.0,0.0,2.0,0.0,0.0,0.0,,0.0,0.0,0.0,0.0,0.0,0.0
401876482,2026-08-29,ligue1,2026,14252,Lorient,Troyes,1,325992,Théo Le Bris,RM,1,1.0,11,1.0,1.0,0.0,2.0,0.0,0.0,0.0,,0.0,1.0,0.0,0.0,1.0,0.0
401876482,2026-08-29,ligue1,2026,14252,Lorient,Troyes,1,416429,Mamadou Koné,F,1,1.0,42,1.0,1.0,0.0,2.0,0.0,0.0,0.0,,0.0,3.0,0.0,0.0,4.0,0.0
401876482,2026-08-29,ligue1,2026,14252,Lorient,Troyes,1,225557,Jean-Victor Makengo,CF-L,1,1.0,17,1.0,2.0,0.0,2.0,0.0,0.0,0.0,,0.0,1.0,0.0,1.0,1.0,0.0
401876482,2026-08-29,ligue1,2026,14252,Lorient,Troyes,1,397392,Gabin Bernardeau,CF-R,1,1.0,33,1.0,1.0,0.0,2.0,0.0,0.0,0.0,,0.0,0.0,0.0,0.0,2.0,0.0
401876482,2026-08-29,ligue1,2026,14252,Lorient,Troyes,1,221548,Alec Georgen,SUB,0,0.0,2,0.0,0.0,0.0,0.0,0.0,0.0,0.0,,0.0,0.0,0.0,0.0,0.0,0.0
401876482,2026-08-29,ligue1,2026,14252,Lorient,Troyes,1,297345,Souleymane Faye,SUB,0,1.0,19,0.0,0.0,0.0,0.0,0.0,0.0,0.0,,0.0,0.0,1.0,0.0,1.0,0.0
401876482,2026-08-29,ligue1,2026,14252,Lorient,Troyes,1,315454,Noah Mbamba,SUB,0,1.0,72,1.0,0.0,0.0,0.0,0.0,0.0,0.0,,0.0,0.0,1.0,0.0,0.0,0.0
401876482,2026-08-29,ligue1,2026,14252,Lorient,Troyes,1,309651,Isak Jensen,SUB,0,1.0,10,0.0,0.0,0.0,0.0,0.0,0.0,0.0,,0.0,0.0,1.0,0.0,0.0,0.0
401876482,2026-08-29,ligue1,2026,14252,Lorient,Troyes,1,306535,Isaak Touré,SUB,0,0.0,95,0.0,0.0,0.0,0.0,0.0,0.0,0.0,,0.0,0.0,0.0,0.0,0.0,0.0
401876482,2026-08-29,ligue1,2026,14252,Lorient,Troyes,1,368592,Nosa Obaretin,SUB,0,0.0,55,0.0,0.0,0.0,0.0,0.0,0.0,0.0,,0.0,0.0,0.0,0.0,0.0,0.0
401876482,2026-08-29,ligue1,2026,14252,Lorient,Troyes,1,207369,Bingourou Kamara,SUB,0,0.0,21,0.0,0.0,0.0,0.0,,0.0,0.0,0.0,0.0,0.0,0.0,0.0,0.0,0.0
401876482,2026-08-29,ligue1,2026,14252,Lorient,Troyes,1,364754,Panos Katseris,SUB,0,1.0,77,1.0,0.0,0.0,0.0,0.0,0.0,0.0,,0.0,0.0,1.0,0.0,0.0,0.0
401876482,2026-08-29,ligue1,2026,14252,Lorient,Troyes,1,258100,Tosin Aiyegun,SUB,0,1.0,15,0.0,0.0,0.0,0.0,0.0,0.0,0.0,,0.0,0.0,1.0,0.0,0.0,0.0
401876482,2026-08-29,ligue1,2026,14252,Troyes,Lorient,0,335240,Patrick Beach,G,1,1.0,33,0.0,0.0,0.0,1.0,,0.0,0.0,4.0,0.0,0.0,0.0,0.0,0.0,0.0
401876482,2026-08-29,ligue1,2026,14252,Troyes,Lorient,0,112988,Michel Diaz,CD-L,1,1.0,4,0.0,0.0,0.0,1.0,0.0,0.0,0.0,,0.0,0.0,0.0,0.0,1.0,0.0
401876482,2026-08-29,ligue1,2026,14252,Troyes,Lorient,0,181582,Adrien Monfray,CD-R,1,1.0,6,0.0,0.0,0.0,1.0,0.0,0.0,0.0,,0.0,0.0,0.0,0.0,1.0,0.0
401876482,2026-08-29,ligue1,2026,14252,Troyes,Lorient,0,408780,Anis Ouzenadji,LB,1,1.0,3,0.0,3.0,0.0,1.0,0.0,0.0,0.0,,0.0,0.0,0.0,0.0,0.0,0.0
401876482,2026-08-29,ligue1,2026,14252,Troyes,Lorient,0,334281,Lucas Maronnier,RB,1,1.0,2,2.0,0.0,0.0,1.0,0.0,0.0,0.0,,0.0,1.0,0.0,1.0,1.0,0.0
401876482,2026-08-29,ligue1,2026,14252,Troyes,Lorient,0,351379,Hugo Picard,AM,1,1.0,22,1.0,0.0,0.0,1.0,2.0,0.0,0.0,,0.0,0.0,0.0,0.0,0.0,0.0
401876482,2026-08-29,ligue1,2026,14252,Troyes,Lorient,0,346359,Mouhamed Diop,LM,1,1.0,8,1.0,0.0,0.0,1.0,0.0,0.0,0.0,,0.0,0.0,0.0,0.0,0.0,0.0
401876482,2026-08-29,ligue1,2026,14252,Troyes,Lorient,0,270173,Antoine Mille,RM,1,1.0,17,3.0,0.0,1.0,1.0,0.0,0.0,0.0,,0.0,0.0,0.0,0.0,1.0,0.0
401876482,2026-08-29,ligue1,2026,14252,Troyes,Lorient,0,176406,Renaud Ripart,F,1,1.0,20,0.0,1.0,0.0,1.0,0.0,0.0,0.0,,0.0,1.0,0.0,1.0,5.0,0.0
401876482,2026-08-29,ligue1,2026,14252,Troyes,Lorient,0,286972,Iron Gomis,AM-L,1,1.0,11,2.0,1.0,0.0,1.0,0.0,0.0,0.0,,0.0,0.0,0.0,0.0,2.0,0.0
401876482,2026-08-29,ligue1,2026,14252,Troyes,Lorient,0,386387,Merwan Ifnaoui,AM-R,1,1.0,10,1.0,1.0,0.0,1.0,0.0,0.0,0.0,,0.0,0.0,0.0,0.0,0.0,0.0
401876482,2026-08-29,ligue1,2026,14252,Troyes,Lorient,0,206835,Hillel Konaté,SUB,0,0.0,40,0.0,0.0,0.0,0.0,,0.0,0.0,0.0,0.0,0.0,0.0,0.0,0.0,0.0
401876482,2026-08-29,ligue1,2026,14252,Troyes,Lorient,0,287576,Paolo Gozzi Iweru,SUB,0,0.0,5,0.0,0.0,0.0,0.0,0.0,0.0,0.0,,0.0,0.0,0.0,0.0,0.0,0.0
401876482,2026-08-29,ligue1,2026,14252,Troyes,Lorient,0,283692,Alexandre Philiponeau,SUB,0,1.0,26,0.0,1.0,0.0,0.0,0.0,0.0,0.0,,0.0,0.0,1.0,0.0,0.0,0.0
401876482,2026-08-29,ligue1,2026,14252,Troyes,Lorient,0,414398,Noah Donkor,SUB,0,1.0,31,0.0,0.0,0.0,0.0,0.0,0.0,0.0,,0.0,0.0,1.0,0.0,0.0,0.0
401876482,2026-08-29,ligue1,2026,14252,Troyes,Lorient,0,403998,Christ Batola,SUB,0,0.0,37,0.0,0.0,0.0,0.0,0.0,0.0,0.0,,0.0,0.0,0.0,0.0,0.0,0.0
401876482,2026-08-29,ligue1,2026,14252,Troyes,Lorient,0,323058,Dermane Karim,SUB,0,1.0,29,1.0,0.0,0.0,0.0,0.0,0.0,0.0,,0.0,0.0,1.0,0.0,0.0,0.0
401876482,2026-08-29,ligue1,2026,14252,Troyes,Lorient,0,298511,Kandet Diawara,SUB,0,1.0,7,0.0,1.0,0.0,0.0,1.0,0.0,0.0,,0.0,0.0,1.0,0.0,0.0,0.0
401876482,2026-08-29,ligue1,2026,14252,Troyes,Lorient,0,3131916,Idrissa Soukouna,SUB,0,0.0,36,0.0,0.0,0.0,0.0,0.0,0.0,0.0,,0.0,0.0,0.0,0.0,0.0,0.0
401876482,2026-08-29,ligue1,2026,14252,Troyes,Lorient,0,3129214,Yacouba Kone,SUB,0,1.0,39,0.0,0.0,0.0,0.0,0.0,0.0,0.0,,0.0,0.0,1.0,0.0,0.0,0.0
401876483,2026-08-29,ligue1,2026,14252,Brest,Toulouse,1,286433,Egil Selvik,G,1,1.0,1,0.0,0.0,0.0,2.0,,0.0,0.0,0.0,0.0,0.0,0.0,0.0,0.0,0.0
401876483,2026-08-29,ligue1,2026,14252,Brest,Toulouse,1,180174,Gautier Lloris,CD-L,1,1.0,4,0.0,0.0,0.0,2.0,0.0,0.0,0.0,,0.0,0.0,0.0,0.0,1.0,0.0
401876483,2026-08-29,ligue1,2026,14252,Brest,Toulouse,1,397594,Raphaël Le Guen,CD-R,1,1.0,71,0.0,1.0,0.0,2.0,0.0,0.0,0.0,,0.0,0.0,0.0,0.0,2.0,0.0
401876483,2026-08-29,ligue1,2026,14252,Brest,Toulouse,1,324572,Bradley Locko,LB,1,1.0,2,2.0,4.0,0.0,2.0,0.0,0.0,0.0,,0.0,0.0,0.0,0.0,0.0,1.0
401876483,2026-08-29,ligue1,2026,14252,Brest,Toulouse,1,164187,Kenny Lala,RB,1,1.0,70,0.0,1.0,0.0,2.0,0.0,0.0,0.0,,0.0,0.0,0.0,0.0,2.0,0.0
401876483,2026-08-29,ligue1,2026,14252,Brest,Toulouse,1,330412,Kamory Doumbia,AM,1,1.0,23,1.0,4.0,0.0,2.0,1.0,0.0,0.0,,0.0,1.0,0.0,1.0,2.0,0.0
401876483,2026-08-29,ligue1,2026,14252,Brest,Toulouse,1,321098,Mamady Diambou,LM,1,1.0,6,2.0,1.0,1.0,2.0,0.0,0.0,0.0,,0.0,2.0,0.0,0.0,4.0,0.0
401876483,2026-08-29,ligue1,2026,14252,Brest,Toulouse,1,291850,Joris Chotard,RM,1,1.0,13,0.0,0.0,0.0,2.0,0.0,0.0,0.0,,0.0,1.0,0.0,0.0,3.0,0.0
401876483,2026-08-29,ligue1,2026,14252,Brest,Toulouse,1,192015,Ludovic Ajorque,F,1,1.0,19,3.0,3.0,0.0,2.0,1.0,0.0,0.0,,0.0,1.0,0.0,1.0,2.0,0.0
401876483,2026-08-29,ligue1,2026,14252,Brest,Toulouse,1,365783,Pathé Mboup,AM-L,1,1.0,9,7.0,0.0,0.0,2.0,1.0,0.0,0.0,,0.0,1.0,0.0,0.0,4.0,1.0
401876483,2026-08-29,ligue1,2026,14252,Brest,Toulouse,1,230896,Romain Del Castillo,AM-R,1,1.0,10,3.0,0.0,0.0,2.0,2.0,0.0,0.0,,0.0,0.0,0.0,0.0,0.0,0.0
401876483,2026-08-29,ligue1,2026,14252,Brest,Toulouse,1,250377,Hugo Magnetti,SUB,0,1.0,8,0.0,1.0,1.0,0.0,0.0,0.0,0.0,,0.0,0.0,1.0,0.0,1.0,0.0
401876483,2026-08-29,ligue1,2026,14252,Brest,Toulouse,1,416403,Mathis Lainé,SUB,0,1.0,32,0.0,1.0,0.0,0.0,0.0,0.0,0.0,,0.0,0.0,1.0,0.0,0.0,0.0
401876483,2026-08-29,ligue1,2026,14252,Brest,Toulouse,1,259960,Mama Baldé,SUB,0,1.0,17,1.0,1.0,0.0,0.0,0.0,0.0,0.0,,0.0,0.0,1.0,0.0,3.0,0.0
401876483,2026-08-29,ligue1,2026,14252,Brest,Toulouse,1,363150,Luc Zogbe,SUB,0,0.0,20,0.0,0.0,0.0,0.0,0.0,0.0,0.0,,0.0,0.0,0.0,0.0,0.0,0.0
401876483,2026-08-29,ligue1,2026,14252,Brest,Toulouse,1,325330,Axel Camblan,SUB,0,0.0,11,0.0,0.0,0.0,0.0,0.0,0.0,0.0,,0.0,0.0,0.0,0.0,0.0,0.0
401876483,2026-08-29,ligue1,2026,14252,Brest,Toulouse,1,215574,Lucas Tousart,SUB,0,1.0,29,0.0,0.0,0.0,0.0,0.0,0.0,0.0,,0.0,1.0,1.0,0.0,2.0,0.0
401876483,2026-08-29,ligue1,2026,14252,Brest,Toulouse,1,365781,Mathieu Patouillet,SUB,0,0.0,30,0.0,0.0,0.0,0.0,,0.0,0.0,0.0,0.0,0.0,0.0,0.0,0.0,0.0
401876483,2026-08-29,ligue1,2026,14252,Brest,Toulouse,1,3131925,Evan Mailly,SUB,0,0.0,34,0.0,0.0,0.0,0.0,0.0,0.0,0.0,,0.0,0.0,0.0,0.0,0.0,0.0
401876483,2026-08-29,ligue1,2026,14252,Brest,Toulouse,1,355998,Joseph Nonge,SUB,0,1.0,7,0.0,0.0,0.0,0.0,0.0,0.0,0.0,,0.0,0.0,1.0,0.0,0.0,0.0
401876483,2026-08-29,ligue1,2026,14252,Toulouse,Brest,0,324289,Guillaume Restes,G,1,1.0,16,0.0,0.0,0.0,2.0,,0.0,0.0,5.0,0.0,0.0,0.0,0.0,0.0,0.0
401876483,2026-08-29,ligue1,2026,14252,Toulouse,Brest,0,238213,Rasmus Nicolaisen,CD-L,1,1.0,2,3.0,1.0,0.0,2.0,0.0,0.0,0.0,,0.0,0.0,0.0,0.0,0.0,1.0
401876483,2026-08-29,ligue1,2026,14252,Toulouse,Brest,0,77072,Mark McKenzie,CD-R,1,1.0,3,0.0,1.0,0.0,2.0,0.0,0.0,0.0,,0.0,0.0,0.0,0.0,0.0,0.0
401876483,2026-08-29,ligue1,2026,14252,Toulouse,Brest,0,385000,Christ Tapé,LB,1,1.0,12,2.0,0.0,0.0,2.0,0.0,0.0,0.0,,0.0,1.0,0.0,1.0,2.0,0.0
401876483,2026-08-29,ligue1,2026,14252,Toulouse,Brest,0,397384,Ismail Diallo,RB,1,1.0,94,0.0,0.0,0.0,1.0,0.0,0.0,0.0,,0.0,0.0,0.0,0.0,1.0,0.0
401876483,2026-08-29,ligue1,2026,14252,Toulouse,Brest,0,362777,Thomas Jørgensen,AM,1,1.0,8,2.0,1.0,0.0,1.0,0.0,0.0,0.0,,0.0,0.0,0.0,0.0,1.0,0.0
401876483,2026-08-29,ligue1,2026,14252,Toulouse,Brest,0,271244,Cristian Cásseres Jr.,LM,1,1.0,23,3.0,4.0,1.0,2.0,0.0,0.0,0.0,,0.0,0.0,0.0,0.0,0.0,1.0
401876483,2026-08-29,ligue1,2026,14252,Toulouse,Brest,0,408251,Alexis Vossah,RM,1,1.0,6,1.0,1.0,0.0,1.0,0.0,0.0,0.0,,0.0,0.0,0.0,0.0,0.0,0.0
401876483,2026-08-29,ligue1,2026,14252,Toulouse,Brest,0,297121,Jacen Russell-Rowe,F,1,1.0,13,1.0,0.0,0.0,1.0,0.0,0.0,0.0,,0.0,1.0,0.0,1.0,1.0,0.0
401876483,2026-08-29,ligue1,2026,14252,Toulouse,Brest,0,277383,Yann Gboho,AM-L,1,1.0,10,1.0,6.0,1.0,2.0,0.0,0.0,0.0,,0.0,0.0,0.0,0.0,0.0,0.0
401876483,2026-08-29,ligue1,2026,14252,Toulouse,Brest,0,380400,Julián Vignolo,AM-R,1,1.0,7,1.0,1.0,0.0,1.0,0.0,0.0,0.0,,0.0,0.0,0.0,0.0,0.0,0.0
401876483,2026-08-29,ligue1,2026,14252,Toulouse,Brest,0,403310,Ilyas Azizi,SUB,0,0.0,37,0.0,0.0,0.0,0.0,0.0,0.0,0.0,,0.0,0.0,0.0,0.0,0.0,0.0
401876483,2026-08-29,ligue1,2026,14252,Toulouse,Brest,0,371559,Mathys Niflore,SUB,0,0.0,60,0.0,0.0,0.0,0.0,,0.0,0.0,0.0,0.0,0.0,0.0,0.0,0.0,0.0
401876483,2026-08-29,ligue1,2026,14252,Toulouse,Brest,0,422969,Aymen Ammaouch,SUB,0,0.0,49,0.0,0.0,0.0,0.0,0.0,0.0,0.0,,0.0,0.0,0.0,0.0,0.0,0.0
401876483,2026-08-29,ligue1,2026,14252,Toulouse,Brest,0,399428,Sion Oppong,SUB,0,1.0,11,0.0,1.0,0.0,1.0,0.0,0.0,0.0,,0.0,0.0,1.0,0.0,0.0,0.0
401876483,2026-08-29,ligue1,2026,14252,Toulouse,Brest,0,338873,Santiago Hidalgo,SUB,0,1.0,9,0.0,0.0,0.0,1.0,0.0,0.0,0.0,,0.0,0.0,1.0,0.0,0.0,0.0
401876483,2026-08-29,ligue1,2026,14252,Toulouse,Brest,0,408252,Seny Koumbassa,SUB,0,1.0,5,1.0,0.0,0.0,1.0,0.0,0.0,0.0,,0.0,0.0,1.0,0.0,0.0,0.0
401876483,2026-08-29,ligue1,2026,14252,Toulouse,Brest,0,362411,David Odogu,SUB,0,0.0,19,0.0,0.0,0.0,0.0,0.0,0.0,0.0,,0.0,0.0,0.0,0.0,0.0,0.0
401876483,2026-08-29,ligue1,2026,14252,Toulouse,Brest,0,225565,Niklas Schmidt,SUB,0,1.0,31,1.0,0.0,0.0,1.0,0.0,0.0,0.0,,0.0,0.0,1.0,0.0,1.0,1.0
401876483,2026-08-29,ligue1,2026,14252,Toulouse,Brest,0,384162,Rafik Messali,SUB,0,1.0,22,2.0,2.0,0.0,1.0,0.0,0.0,0.0,,0.0,0.0,1.0,0.0,0.0,0.0
401876484,2026-08-29,ligue1,2026,14252,AJ Auxerre,Angers,1,345926,Mamadou Diop,G,1,1.0,23,0.0,0.0,0.0,3.0,,0.0,0.0,3.0,0.0,0.0,0.0,0.0,0.0,0.0
401876484,2026-08-29,ligue1,2026,14252,AJ Auxerre,Angers,1,404532,Elikya Legros,CD-L,1,1.0,35,3.0,0.0,0.0,1.0,0.0,0.0,0.0,,0.0,0.0,0.0,0.0,0.0,1.0
401876484,2026-08-29,ligue1,2026,14252,AJ Auxerre,Angers,1,302862,Sinaly Diomande,CD-R,1,1.0,20,2.0,2.0,0.0,3.0,0.0,0.0,0.0,,0.0,0.0,0.0,0.0,1.0,1.0
401876484,2026-08-29,ligue1,2026,14252,AJ Auxerre,Angers,1,344520,Clément Akpa,LB,1,1.0,92,3.0,1.0,0.0,3.0,0.0,0.0,0.0,,0.0,0.0,0.0,0.0,1.0,1.0
401876484,2026-08-29,ligue1,2026,14252,AJ Auxerre,Angers,1,335320,Lamine Sy,RB,1,1.0,27,4.0,0.0,0.0,3.0,0.0,0.0,0.0,,0.0,0.0,0.0,0.0,1.0,0.0
401876484,2026-08-29,ligue1,2026,14252,AJ Auxerre,Angers,1,359360,Arthur Piedfort,CM,1,1.0,46,0.0,2.0,0.0,3.0,0.0,0.0,0.0,,0.0,0.0,0.0,0.0,0.0,0.0
401876484,2026-08-29,ligue1,2026,14252,AJ Auxerre,Angers,1,323722,Kévin Danois,LM,1,1.0,5,1.0,0.0,0.0,3.0,0.0,0.0,0.0,,0.0,0.0,0.0,0.0,4.0,0.0
401876484,2026-08-29,ligue1,2026,14252,AJ Auxerre,Angers,1,297775,Naouirou Ahamada,RM,1,1.0,8,0.0,0.0,0.0,3.0,0.0,0.0,0.0,,0.0,0.0,0.0,0.0,0.0,0.0
401876484,2026-08-29,ligue1,2026,14252,AJ Auxerre,Angers,1,243748,Danny Namaso,F,1,1.0,10,1.0,0.0,0.0,2.0,0.0,0.0,0.0,,0.0,1.0,0.0,0.0,1.0,0.0
401876484,2026-08-29,ligue1,2026,14252,AJ Auxerre,Angers,1,349185,Remy Labeau Lascary,LF,1,1.0,3,0.0,1.0,0.0,1.0,0.0,0.0,0.0,,0.0,4.0,0.0,1.0,5.0,0.0
401876484,2026-08-29,ligue1,2026,14252,AJ Auxerre,Angers,1,268591,Romain Faivre,RF,1,1.0,21,1.0,0.0,1.0,2.0,0.0,0.0,0.0,,0.0,1.0,0.0,0.0,2.0,0.0
401876484,2026-08-29,ligue1,2026,14252,AJ Auxerre,Angers,1,304212,Josué Casimir,SUB,0,1.0,7,0.0,0.0,0.0,1.0,1.0,0.0,0.0,,0.0,0.0,1.0,0.0,2.0,0.0
401876484,2026-08-29,ligue1,2026,14252,AJ Auxerre,Angers,1,307159,Pierre Ekwah,SUB,0,0.0,17,0.0,0.0,0.0,0.0,0.0,0.0,0.0,,0.0,0.0,0.0,0.0,0.0,0.0
401876484,2026-08-29,ligue1,2026,14252,AJ Auxerre,Angers,1,255625,Thelonius Bair,SUB,0,1.0,14,0.0,0.0,0.0,1.0,0.0,0.0,0.0,,0.0,0.0,1.0,0.0,1.0,0.0
401876484,2026-08-29,ligue1,2026,14252,AJ Auxerre,Angers,1,392126,Aristide Zossou,SUB,0,1.0,77,1.0,0.0,0.0,2.0,0.0,0.0,0.0,,0.0,0.0,1.0,0.0,1.0,0.0
401876484,2026-08-29,ligue1,2026,14252,AJ Auxerre,Angers,1,403125,Telli Siwe,SUB,0,0.0,13,0.0,0.0,0.0,0.0,0.0,0.0,0.0,,0.0,0.0,0.0,0.0,0.0,0.0
401876484,2026-08-29,ligue1,2026,14252,AJ Auxerre,Angers,1,379070,Rayan Mandengue,SUB,0,0.0,32,0.0,0.0,0.0,0.0,0.0,0.0,0.0,,0.0,0.0,0.0,0.0,0.0,0.0
401876484,2026-08-29,ligue1,2026,14252,AJ Auxerre,Angers,1,310134,Fredrik Oppegard,SUB,0,1.0,22,0.0,0.0,0.0,2.0,0.0,0.0,0.0,,0.0,0.0,1.0,0.0,0.0,0.0
401876484,2026-08-29,ligue1,2026,14252,AJ Auxerre,Angers,1,159312,Paul Nardi,SUB,0,0.0,1,0.0,0.0,0.0,0.0,,0.0,0.0,0.0,0.0,0.0,0.0,0.0,0.0,0.0
401876484,2026-08-29,ligue1,2026,14252,AJ Auxerre,Angers,1,416458,Lamfia Dioubaté,SUB,0,1.0,34,0.0,0.0,0.0,0.0,0.0,0.0,0.0,,0.0,1.0,1.0,0.0,1.0,0.0
401876484,2026-08-29,ligue1,2026,14252,Angers,AJ Auxerre,0,131743,Anthony Lopes,G,1,1.0,1,0.0,0.0,0.0,1.0,,0.0,0.0,7.0,0.0,0.0,0.0,0.0,0.0,0.0
401876484,2026-08-29,ligue1,2026,14252,Angers,AJ Auxerre,0,191712,Jordan Lefort,CD-L,1,1.0,21,0.0,1.0,0.0,1.0,0.0,0.0,0.0,,0.0,0.0,0.0,0.0,0.0,0.0
401876484,2026-08-29,ligue1,2026,14252,Angers,AJ Auxerre,0,412232,Ousmane Camara,CD-R,1,1.0,4,0.0,0.0,1.0,1.0,0.0,0.0,0.0,,0.0,0.0,0.0,0.0,1.0,0.0
401876484,2026-08-29,ligue1,2026,14252,Angers,AJ Auxerre,0,377899,Joseph Kalulu Kyatengwa,LB,1,1.0,17,0.0,1.0,0.0,1.0,0.0,0.0,0.0,,0.0,0.0,0.0,0.0,0.0,0.0
401876484,2026-08-29,ligue1,2026,14252,Angers,AJ Auxerre,0,218703,Carlens Arcus,RB,1,1.0,2,0.0,0.0,0.0,1.0,0.0,0.0,0.0,,0.0,0.0,0.0,0.0,0.0,0.0
401876484,2026-08-29,ligue1,2026,14252,Angers,AJ Auxerre,0,314388,Amine Sbaï,AM,1,1.0,10,1.0,1.0,0.0,1.0,0.0,0.0,0.0,,0.0,1.0,0.0,0.0,4.0,0.0
401876484,2026-08-29,ligue1,2026,14252,Angers,AJ Auxerre,0,196234,Branco van den Boomen,LM,1,1.0,8,1.0,0.0,0.0,1.0,0.0,0.0,0.0,,0.0,1.0,0.0,1.0,1.0,1.0
401876484,2026-08-29,ligue1,2026,14252,Angers,AJ Auxerre,0,338006,Yassin Belkhdim,RM,1,1.0,14,2.0,1.0,0.0,1.0,0.0,0.0,0.0,,0.0,0.0,0.0,0.0,1.0,0.0
401876484,2026-08-29,ligue1,2026,14252,Angers,AJ Auxerre,0,301262,Amine El Ouazzani,F,1,1.0,19,0.0,3.0,1.0,1.0,0.0,0.0,0.0,,0.0,2.0,0.0,1.0,2.0,0.0
401876484,2026-08-29,ligue1,2026,14252,Angers,AJ Auxerre,0,379227,Anthony Bermont,AM-L,1,1.0,26,1.0,2.0,0.0,1.0,1.0,0.0,0.0,,0.0,0.0,0.0,0.0,2.0,0.0
401876484,2026-08-29,ligue1,2026,14252,Angers,AJ Auxerre,0,284333,Jim Allevinah,AM-R,1,1.0,18,0.0,2.0,0.0,1.0,0.0,0.0,0.0,,0.0,0.0,0.0,0.0,1.0,0.0
401876484,2026-08-29,ligue1,2026,14252,Angers,AJ Auxerre,0,3130908,Jules Bouffandeau,SUB,0,0.0,37,0.0,0.0,0.0,0.0,0.0,0.0,0.0,,0.0,0.0,0.0,0.0,0.0,0.0
401876484,2026-08-29,ligue1,2026,14252,Angers,AJ Auxerre,0,356211,Emmanuel Biumla,SUB,0,0.0,24,0.0,0.0,0.0,0.0,0.0,0.0,0.0,,0.0,0.0,0.0,0.0,0.0,0.0
401876484,2026-08-29,ligue1,2026,14252,Angers,AJ Auxerre,0,412871,Harouna Djibirin,SUB,0,1.0,11,0.0,1.0,0.0,0.0,0.0,0.0,0.0,,0.0,2.0,1.0,1.0,2.0,0.0
401876484,2026-08-29,ligue1,2026,14252,Angers,AJ Auxerre,0,403232,Prosper Peter,SUB,0,1.0,9,1.0,2.0,0.0,0.0,0.0,0.0,0.0,,0.0,0.0,1.0,0.0,1.0,1.0
401876484,2026-08-29,ligue1,2026,14252,Angers,AJ Auxerre,0,378976,Oumar Pona,SUB,0,0.0,40,0.0,0.0,0.0,0.0,,0.0,0.0,0.0,0.0,0.0,0.0,0.0,0.0,0.0
401876484,2026-08-29,ligue1,2026,14252,Angers,AJ Auxerre,0,312399,Mamadou Simbakoli,SUB,0,1.0,7,0.0,0.0,0.0,0.0,0.0,0.0,0.0,,0.0,0.0,1.0,0.0,0.0,0.0
401876484,2026-08-29,ligue1,2026,14252,Angers,AJ Auxerre,0,394476,Marius Louãr,SUB,0,1.0,20,0.0,0.0,0.0,0.0,0.0,0.0,0.0,,0.0,0.0,1.0,0.0,0.0,0.0
401876484,2026-08-29,ligue1,2026,14252,Angers,AJ Auxerre,0,416401,Maël Gernigon,SUB,0,0.0,34,0.0,0.0,0.0,0.0,0.0,0.0,0.0,,0.0,0.0,0.0,0.0,0.0,0.0
401876484,2026-08-29,ligue1,2026,14252,Angers,AJ Auxerre,0,421740,Bané Diatta,SUB,0,1.0,36,0.0,0.0,0.0,0.0,0.0,0.0,0.0,,0.0,0.0,1.0,0.0,0.0,0.0
401876478,2026-08-30,ligue1,2026,14252,Stade Rennais,Le Mans,1,217668,Nicolas Lemaitre,G,1,1.0,16,0.0,0.0,0.0,2.0,,0.0,0.0,3.0,0.0,0.0,0.0,0.0,0.0,0.0
401876478,2026-08-30,ligue1,2026,14252,Stade Rennais,Le Mans,1,376339,Abdelhamid Aït Boudlal,CD-L,1,1.0,48,1.0,0.0,0.0,2.0,0.0,0.0,0.0,,0.0,0.0,0.0,0.0,0.0,1.0
401876478,2026-08-30,ligue1,2026,14252,Stade Rennais,Le Mans,1,307713,Charlie Cresswell,CD-R,1,1.0,4,1.0,0.0,0.0,2.0,0.0,0.0,0.0,,0.0,0.0,0.0,0.0,2.0,0.0
401876478,2026-08-30,ligue1,2026,14252,Stade Rennais,Le Mans,1,313890,Quentin Merlin,LB,1,1.0,26,2.0,1.0,0.0,2.0,0.0,0.0,0.0,,0.0,0.0,0.0,0.0,0.0,0.0
401876478,2026-08-30,ligue1,2026,14252,Stade Rennais,Le Mans,1,190806,Przemyslaw Frankowski,RB,1,1.0,95,3.0,1.0,0.0,2.0,0.0,0.0,0.0,,0.0,0.0,0.0,0.0,2.0,0.0
401876478,2026-08-30,ligue1,2026,14252,Stade Rennais,Le Mans,1,207136,Valentin Rongier,CM,1,1.0,21,2.0,0.0,0.0,2.0,0.0,0.0,0.0,,0.0,1.0,0.0,1.0,1.0,0.0
401876478,2026-08-30,ligue1,2026,14252,Stade Rennais,Le Mans,1,173266,Adrien Thomasson,LM,1,1.0,28,1.0,3.0,1.0,2.0,0.0,0.0,0.0,,0.0,0.0,0.0,0.0,1.0,0.0
401876478,2026-08-30,ligue1,2026,14252,Stade Rennais,Le Mans,1,243844,Sebastian Szymanski,RM,1,1.0,17,0.0,0.0,0.0,2.0,0.0,0.0,0.0,,0.0,0.0,0.0,0.0,1.0,0.0
401876478,2026-08-30,ligue1,2026,14252,Stade Rennais,Le Mans,1,323850,Esteban Lepaul,F,1,1.0,9,1.0,2.0,0.0,2.0,1.0,0.0,0.0,,0.0,4.0,0.0,2.0,6.0,1.0
401876478,2026-08-30,ligue1,2026,14252,Stade Rennais,Le Mans,1,297743,Issa Soumaré,LF,1,1.0,90,2.0,1.0,1.0,2.0,0.0,0.0,0.0,,0.0,0.0,0.0,0.0,2.0,1.0
401876478,2026-08-30,ligue1,2026,14252,Stade Rennais,Le Mans,1,257489,Mousa Al-Tamari,RF,1,1.0,11,1.0,1.0,0.0,2.0,1.0,0.0,0.0,,0.0,2.0,0.0,0.0,3.0,0.0
401876478,2026-08-30,ligue1,2026,14252,Stade Rennais,Le Mans,1,332862,Eliezer Mayenda,SUB,0,1.0,12,1.0,1.0,0.0,0.0,0.0,0.0,0.0,,0.0,0.0,1.0,0.0,0.0,0.0
401876478,2026-08-30,ligue1,2026,14252,Stade Rennais,Le Mans,1,372260,Mahamadou Nagida,SUB,0,1.0,18,0.0,1.0,0.0,0.0,0.0,0.0,0.0,,0.0,0.0,1.0,0.0,0.0,0.0
401876478,2026-08-30,ligue1,2026,14252,Stade Rennais,Le Mans,1,414191,Kilian Belazzoug,SUB,0,0.0,60,0.0,0.0,0.0,0.0,,0.0,0.0,0.0,0.0,0.0,0.0,0.0,0.0,0.0
401876478,2026-08-30,ligue1,2026,14252,Stade Rennais,Le Mans,1,268966,Mahdi Camara,SUB,0,1.0,45,0.0,1.0,0.0,0.0,0.0,0.0,0.0,,0.0,0.0,1.0,0.0,0.0,0.0
401876478,2026-08-30,ligue1,2026,14252,Stade Rennais,Le Mans,1,250758,Bryan Reynolds,SUB,0,0.0,14,0.0,0.0,0.0,0.0,0.0,0.0,0.0,,0.0,0.0,0.0,0.0,0.0,0.0
401876478,2026-08-30,ligue1,2026,14252,Stade Rennais,Le Mans,1,223120,Ludovic Blas,SUB,0,1.0,10,0.0,1.0,0.0,0.0,0.0,0.0,0.0,,0.0,0.0,1.0,0.0,2.0,0.0
401876478,2026-08-30,ligue1,2026,14252,Stade Rennais,Le Mans,1,242738,Arnaud Nordin,SUB,0,1.0,70,0.0,0.0,0.0,0.0,0.0,0.0,0.0,,0.0,1.0,1.0,0.0,2.0,0.0
401876478,2026-08-30,ligue1,2026,14252,Stade Rennais,Le Mans,1,398977,Henrick Do Marcolino,SUB,0,0.0,65,0.0,0.0,0.0,0.0,0.0,0.0,0.0,,0.0,0.0,0.0,0.0,0.0,0.0
401876478,2026-08-30,ligue1,2026,14252,Stade Rennais,Le Mans,1,291614,Anthony Rouault,SUB,0,0.0,24,0.0,0.0,0.0,0.0,0.0,0.0,0.0,,0.0,0.0,0.0,0.0,0.0,0.0
401876478,2026-08-30,ligue1,2026,14252,Le Mans,Stade Rennais,0,273021,Daouda Traoré,,0,0.0,23,0.0,0.0,0.0,0.0,0.0,0.0,0.0,,0.0,0.0,0.0,0.0,0.0,0.0
401876478,2026-08-30,ligue1,2026,14252,Le Mans,Stade Rennais,0,232335,Antoine Rabillard,,0,1.0,9,0.0,1.0,0.0,1.0,1.0,0.0,0.0,,0.0,0.0,1.0,0.0,0.0,0.0
401876478,2026-08-30,ligue1,2026,14252,Le Mans,Stade Rennais,0,315460,Jean Vercruysse,,0,1.0,10,2.0,2.0,0.0,1.0,0.0,0.0,0.0,,0.0,0.0,1.0,0.0,0.0,0.0
401876478,2026-08-30,ligue1,2026,14252,Le Mans,Stade Rennais,0,299457,Ewan Hatfout,,0,1.0,1,0.0,1.0,0.0,1.0,0.0,0.0,0.0,,0.0,0.0,1.0,0.0,0.0,0.0
401876478,2026-08-30,ligue1,2026,14252,Le Mans,Stade Rennais,0,279137,Bilal Brahimi,,0,0.0,7,0.0,0.0,0.0,0.0,0.0,0.0,0.0,,0.0,0.0,0.0,0.0,0.0,0.0
401876478,2026-08-30,ligue1,2026,14252,Le Mans,Stade Rennais,0,407614,William Harhouz,,0,0.0,20,0.0,0.0,0.0,0.0,0.0,0.0,0.0,,0.0,0.0,0.0,0.0,0.0,0.0
401876478,2026-08-30,ligue1,2026,14252,Le Mans,Stade Rennais,0,310024,Raúl Torrente,,0,0.0,16,0.0,0.0,0.0,0.0,0.0,0.0,0.0,,0.0,0.0,0.0,0.0,0.0,0.0
401876478,2026-08-30,ligue1,2026,14252,Le Mans,Stade Rennais,0,332827,Milan Robin,,0,1.0,24,0.0,0.0,0.0,1.0,0.0,0.0,0.0,,0.0,0.0,1.0,0.0,0.0,0.0
401876478,2026-08-30,ligue1,2026,14252,Le Mans,Stade Rennais,0,30302,Djibril Sidibé,,0,1.0,19,1.0,0.0,0.0,0.0,0.0,0.0,1.0,,0.0,0.0,1.0,0.0,0.0,0.0
401876478,2026-08-30,ligue1,2026,14252,Le Mans,Stade Rennais,0,233308,Nicolas Kocik,G,1,1.0,98,0.0,0.0,0.0,2.0,,0.0,0.0,5.0,0.0,0.0,0.0,0.0,0.0,0.0
401876478,2026-08-30,ligue1,2026,14252,Le Mans,Stade Rennais,0,397317,Théo Eyoum,CD,1,1.0,21,1.0,0.0,0.0,3.0,0.0,0.0,0.0,,0.0,0.0,0.0,0.0,0.0,0.0
401876478,2026-08-30,ligue1,2026,14252,Le Mans,Stade Rennais,0,393721,Harold Voyer,CD-L,1,1.0,5,1.0,0.0,0.0,3.0,0.0,0.0,0.0,,0.0,0.0,0.0,0.0,0.0,1.0
401876478,2026-08-30,ligue1,2026,14252,Le Mans,Stade Rennais,0,397394,Noa Boissé,CD-R,1,1.0,15,2.0,0.0,0.0,3.0,1.0,0.0,0.0,,0.0,0.0,0.0,0.0,0.0,0.0
401876478,2026-08-30,ligue1,2026,14252,Le Mans,Stade Rennais,0,287606,Alexandre Lauray,SW,1,1.0,8,3.0,1.0,0.0,3.0,0.0,0.0,0.0,,0.0,1.0,0.0,0.0,2.0,1.0
401876478,2026-08-30,ligue1,2026,14252,Le Mans,Stade Rennais,0,418536,Adil Bourabaa,CM-L,1,1.0,11,2.0,3.0,0.0,2.0,0.0,0.0,0.0,,0.0,0.0,0.0,0.0,2.0,0.0
401876478,2026-08-30,ligue1,2026,14252,Le Mans,Stade Rennais,0,330722,Lucas Bretelle,CM-R,1,1.0,29,0.0,0.0,0.0,2.0,0.0,0.0,0.0,,0.0,0.0,0.0,0.0,0.0,0.0
401876478,2026-08-30,ligue1,2026,14252,Le Mans,Stade Rennais,0,331636,Lucas Calodat,LM,1,1.0,22,1.0,1.0,1.0,2.0,0.0,0.0,0.0,,0.0,1.0,0.0,0.0,1.0,0.0
401876478,2026-08-30,ligue1,2026,14252,Le Mans,Stade Rennais,0,262482,Lucas Buades,RM,1,1.0,18,1.0,3.0,0.0,3.0,0.0,0.0,0.0,,0.0,0.0,0.0,0.0,0.0,0.0
401876478,2026-08-30,ligue1,2026,14252,Le Mans,Stade Rennais,0,268720,Louis Mafouta,CF-L,1,1.0,14,0.0,1.0,0.0,3.0,0.0,0.0,0.0,,0.0,3.0,0.0,2.0,5.0,0.0
401876478,2026-08-30,ligue1,2026,14252,Le Mans,Stade Rennais,0,233702,Dame Guèye,CF-R,1,1.0,25,1.0,0.0,0.0,2.0,1.0,0.0,0.0,,0.0,0.0,0.0,0.0,2.0,0.0
401876479,2026-08-30,ligue1,2026,14252,Paris FC,Nice,1,122280,Kevin Trapp,G,1,1.0,1,0.0,0.0,0.0,0.0,,0.0,0.0,4.0,0.0,0.0,0.0,0.0,0.0,0.0
401876479,2026-08-30,ligue1,2026,14252,Paris FC,Nice,1,332549,Diego Coppola,CD-L,1,1.0,42,1.0,0.0,0.0,0.0,0.0,0.0,0.0,,0.0,0.0,0.0,0.0,0.0,0.0
401876479,2026-08-30,ligue1,2026,14252,Paris FC,Nice,1,287572,Samir Chergui,CD-R,1,1.0,31,2.0,0.0,0.0,0.0,0.0,0.0,0.0,,0.0,1.0,0.0,1.0,1.0,0.0
401876479,2026-08-30,ligue1,2026,14252,Paris FC,Nice,1,308195,Otavio,LB,1,1.0,6,0.0,1.0,0.0,0.0,0.0,0.0,0.0,,0.0,0.0,0.0,0.0,1.0,0.0
401876479,2026-08-30,ligue1,2026,14252,Paris FC,Nice,1,364746,Adama Camara,RB,1,1.0,17,0.0,0.0,0.0,0.0,0.0,0.0,0.0,,0.0,0.0,0.0,0.0,0.0,0.0
401876479,2026-08-30,ligue1,2026,14252,Paris FC,Nice,1,334359,Pablo Pagis,AM,1,1.0,7,1.0,1.0,0.0,0.0,0.0,0.0,0.0,,0.0,0.0,0.0,0.0,0.0,0.0
401876479,2026-08-30,ligue1,2026,14252,Paris FC,Nice,1,221527,Pierre Lees-Melou,LM,1,1.0,33,0.0,1.0,0.0,0.0,0.0,0.0,0.0,,0.0,0.0,0.0,0.0,2.0,0.0
401876479,2026-08-30,ligue1,2026,14252,Paris FC,Nice,1,223122,Maxime López,RM,1,1.0,20,1.0,1.0,0.0,0.0,0.0,0.0,0.0,,0.0,0.0,0.0,0.0,0.0,0.0
401876479,2026-08-30,ligue1,2026,14252,Paris FC,Nice,1,271137,Lassine Sinayoko,F,1,1.0,9,0.0,0.0,0.0,0.0,1.0,0.0,0.0,,0.0,1.0,0.0,1.0,5.0,0.0
401876479,2026-08-30,ligue1,2026,14252,Paris FC,Nice,1,187647,Moses Simon,AM-L,1,1.0,27,0.0,0.0,0.0,0.0,0.0,0.0,0.0,,0.0,0.0,0.0,0.0,0.0,0.0
401876479,2026-08-30,ligue1,2026,14252,Paris FC,Nice,1,304918,Ilan Kebbal,AM-R,1,1.0,10,2.0,1.0,1.0,0.0,1.0,0.0,0.0,,0.0,0.0,0.0,0.0,2.0,0.0
401876479,2026-08-30,ligue1,2026,14252,Paris FC,Nice,1,246805,Thibault De Smet,SUB,0,0.0,28,0.0,0.0,0.0,0.0,0.0,0.0,0.0,,0.0,0.0,0.0,0.0,0.0,0.0
401876479,2026-08-30,ligue1,2026,14252,Paris FC,Nice,1,398780,Zabi Gueu,SUB,0,1.0,8,0.0,0.0,1.0,0.0,0.0,0.0,0.0,,0.0,0.0,1.0,0.0,1.0,0.0
401876479,2026-08-30,ligue1,2026,14252,Paris FC,Nice,1,402888,Rudy Matondo,SUB,0,1.0,23,0.0,0.0,0.0,0.0,0.0,0.0,0.0,,0.0,1.0,1.0,0.0,1.0,0.0
401876479,2026-08-30,ligue1,2026,14252,Paris FC,Nice,1,196729,Hamari Traoré,SUB,0,1.0,14,0.0,1.0,0.0,0.0,0.0,0.0,0.0,,0.0,0.0,1.0,0.0,0.0,0.0
401876479,2026-08-30,ligue1,2026,14252,Paris FC,Nice,1,368334,Omar Sissoko,SUB,0,0.0,18,0.0,0.0,0.0,0.0,0.0,0.0,0.0,,0.0,0.0,0.0,0.0,0.0,0.0
401876479,2026-08-30,ligue1,2026,14252,Paris FC,Nice,1,287474,Moustapha Mbow,SUB,0,0.0,5,0.0,0.0,0.0,0.0,0.0,0.0,0.0,,0.0,0.0,0.0,0.0,0.0,0.0
401876479,2026-08-30,ligue1,2026,14252,Paris FC,Nice,1,257126,Jean-Phillipe Krasso,SUB,0,0.0,11,0.0,0.0,0.0,0.0,0.0,0.0,0.0,,0.0,0.0,0.0,0.0,0.0,0.0
401876479,2026-08-30,ligue1,2026,14252,Paris FC,Nice,1,219153,Vincent Marchetti,SUB,0,1.0,4,0.0,0.0,0.0,0.0,0.0,0.0,0.0,,0.0,1.0,1.0,1.0,2.0,0.0
401876479,2026-08-30,ligue1,2026,14252,Paris FC,Nice,1,301770,Obed Nkambadio,SUB,0,0.0,16,0.0,0.0,0.0,0.0,,0.0,0.0,0.0,0.0,0.0,0.0,0.0,0.0,0.0
401876479,2026-08-30,ligue1,2026,14252,Nice,Paris FC,0,241029,Yehvann Diouf,G,1,1.0,23,0.0,0.0,0.0,3.0,,0.0,0.0,1.0,0.0,0.0,0.0,0.0,0.0,0.0
401876479,2026-08-30,ligue1,2026,14252,Nice,Paris FC,0,255192,Youssouf Ndayishimiye,CD,1,1.0,55,1.0,1.0,0.0,3.0,0.0,0.0,0.0,,0.0,0.0,0.0,0.0,1.0,1.0
401876479,2026-08-30,ligue1,2026,14252,Nice,Paris FC,0,3117261,Xavier Junior Mandza Tsiendi,CD-L,1,1.0,35,0.0,0.0,0.0,3.0,0.0,0.0,0.0,,0.0,1.0,0.0,0.0,3.0,0.0
401876479,2026-08-30,ligue1,2026,14252,Nice,Paris FC,0,236957,Mohamed Abdelmoneim,CD-R,1,1.0,5,0.0,1.0,0.0,2.0,0.0,0.0,0.0,,0.0,0.0,0.0,0.0,1.0,0.0
401876479,2026-08-30,ligue1,2026,14252,Nice,Paris FC,0,164895,Axel Witsel,CM-L,1,1.0,28,0.0,1.0,0.0,2.0,0.0,0.0,0.0,,0.0,0.0,0.0,0.0,0.0,0.0
401876479,2026-08-30,ligue1,2026,14252,Nice,Paris FC,0,357425,Djibril Coulibaly,CM-R,1,1.0,39,2.0,1.0,0.0,3.0,0.0,0.0,0.0,,0.0,0.0,0.0,0.0,1.0,0.0
401876479,2026-08-30,ligue1,2026,14252,Nice,Paris FC,0,265923,Melvin Bard,LM,1,1.0,26,0.0,1.0,0.0,2.0,0.0,0.0,0.0,,0.0,0.0,0.0,0.0,0.0,0.0
401876479,2026-08-30,ligue1,2026,14252,Nice,Paris FC,0,232089,Jonathan Clauss,RM,1,1.0,92,1.0,0.0,0.0,2.0,0.0,0.0,0.0,,0.0,1.0,0.0,0.0,3.0,0.0
401876479,2026-08-30,ligue1,2026,14252,Nice,Paris FC,0,282676,Nathan N'Goumou,F,1,1.0,29,0.0,1.0,0.0,2.0,1.0,0.0,0.0,,0.0,0.0,0.0,0.0,2.0,0.0
401876479,2026-08-30,ligue1,2026,14252,Nice,Paris FC,0,276995,Sofiane Diop,CF-L,1,1.0,10,1.0,0.0,0.0,3.0,0.0,0.0,0.0,,0.0,1.0,0.0,0.0,1.0,0.0
401876479,2026-08-30,ligue1,2026,14252,Nice,Paris FC,0,239905,Gauthier Hein,CF-R,1,1.0,7,1.0,0.0,0.0,3.0,0.0,0.0,0.0,,0.0,0.0,0.0,0.0,1.0,0.0
401876479,2026-08-30,ligue1,2026,14252,Nice,Paris FC,0,3135995,Djelan Morana,SUB,0,1.0,41,0.0,0.0,0.0,1.0,0.0,0.0,0.0,,0.0,0.0,1.0,0.0,0.0,0.0
401876479,2026-08-30,ligue1,2026,14252,Nice,Paris FC,0,282597,Isak Jansson,SUB,0,1.0,21,0.0,0.0,0.0,1.0,0.0,0.0,0.0,,0.0,0.0,1.0,0.0,0.0,0.0
401876479,2026-08-30,ligue1,2026,14252,Nice,Paris FC,0,416460,Everton Pereira,SUB,0,0.0,87,0.0,0.0,0.0,0.0,0.0,0.0,0.0,,0.0,0.0,0.0,0.0,0.0,0.0
401876479,2026-08-30,ligue1,2026,14252,Nice,Paris FC,0,399717,Zoumana Diallo,SUB,0,0.0,44,0.0,0.0,0.0,0.0,0.0,0.0,0.0,,0.0,0.0,0.0,0.0,0.0,0.0
401876479,2026-08-30,ligue1,2026,14252,Nice,Paris FC,0,376344,Hamza Koutoune,SUB,0,1.0,84,1.0,0.0,0.0,1.0,0.0,0.0,0.0,,0.0,0.0,1.0,0.0,0.0,0.0
401876479,2026-08-30,ligue1,2026,14252,Nice,Paris FC,0,3131927,Aboulaye Camara,SUB,0,0.0,38,0.0,0.0,0.0,0.0,0.0,0.0,0.0,,0.0,0.0,0.0,0.0,0.0,0.0
401876479,2026-08-30,ligue1,2026,14252,Nice,Paris FC,0,311118,Elye Wahi,SUB,0,1.0,11,0.0,1.0,0.0,1.0,0.0,0.0,0.0,,0.0,1.0,1.0,0.0,1.0,0.0
401876479,2026-08-30,ligue1,2026,14252,Nice,Paris FC,0,319161,Antoine Mendy,SUB,0,1.0,33,0.0,0.0,0.0,1.0,0.0,0.0,0.0,,0.0,0.0,1.0,0.0,1.0,0.0
401876479,2026-08-30,ligue1,2026,14252,Nice,Paris FC,0,310859,Teddy Boulhendi,SUB,0,0.0,77,0.0,0.0,0.0,0.0,,0.0,0.0,0.0,0.0,0.0,0.0,0.0,0.0,0.0
401876480,2026-08-30,ligue1,2026,14252,AS Monaco,Marseille,1,134169,Lukas Hradecky,G,1,1.0,1,0.0,0.0,0.0,0.0,,0.0,0.0,2.0,0.0,0.0,0.0,0.0,0.0,1.0
401876480,2026-08-30,ligue1,2026,14252,AS Monaco,Marseille,1,155532,Eric Dier,CD-L,1,1.0,15,0.0,0.0,1.0,0.0,0.0,0.0,0.0,,0.0,0.0,0.0,0.0,1.0,0.0
401876480,2026-08-30,ligue1,2026,14252,AS Monaco,Marseille,1,362288,Sadibou Sané,CD-R,1,1.0,72,1.0,0.0,0.0,0.0,0.0,0.0,0.0,,0.0,0.0,0.0,0.0,0.0,0.0
401876480,2026-08-30,ligue1,2026,14252,AS Monaco,Marseille,1,316559,Názinho,LB,1,1.0,20,3.0,0.0,0.0,0.0,0.0,0.0,0.0,,0.0,0.0,0.0,0.0,0.0,1.0
401876480,2026-08-30,ligue1,2026,14252,AS Monaco,Marseille,1,310640,Vanderson,RB,1,1.0,2,1.0,1.0,0.0,0.0,1.0,0.0,0.0,,0.0,0.0,0.0,0.0,0.0,0.0
401876480,2026-08-30,ligue1,2026,14252,AS Monaco,Marseille,1,195501,Aleksandr Golovin,AM,1,1.0,10,0.0,1.0,1.0,0.0,0.0,0.0,0.0,,0.0,0.0,0.0,0.0,0.0,0.0
401876480,2026-08-30,ligue1,2026,14252,AS Monaco,Marseille,1,222628,Denis Zakaria,LM,1,1.0,6,3.0,0.0,0.0,0.0,0.0,0.0,0.0,,0.0,1.0,0.0,0.0,1.0,1.0
401876480,2026-08-30,ligue1,2026,14252,AS Monaco,Marseille,1,38721,Lamine Camara,RM,1,1.0,8,1.0,3.0,0.0,0.0,0.0,0.0,0.0,,0.0,0.0,0.0,0.0,0.0,1.0
401876480,2026-08-30,ligue1,2026,14252,AS Monaco,Marseille,1,365789,Paris Brunner,F,1,1.0,29,0.0,1.0,0.0,0.0,1.0,0.0,0.0,,0.0,3.0,0.0,2.0,5.0,0.0
401876480,2026-08-30,ligue1,2026,14252,AS Monaco,Marseille,1,356925,Stanis Idumbo,AM-L,1,1.0,17,0.0,1.0,0.0,0.0,1.0,0.0,0.0,,0.0,1.0,0.0,0.0,4.0,0.0
401876480,2026-08-30,ligue1,2026,14252,AS Monaco,Marseille,1,208518,Mamadou Coulibaly,AM-R,1,1.0,28,0.0,3.0,0.0,0.0,0.0,0.0,0.0,,0.0,0.0,0.0,0.0,0.0,0.0
401876480,2026-08-30,ligue1,2026,14252,AS Monaco,Marseille,1,3124795,Anis Soubeir,SUB,0,1.0,46,0.0,0.0,0.0,0.0,0.0,0.0,0.0,,0.0,0.0,1.0,0.0,0.0,0.0
401876480,2026-08-30,ligue1,2026,14252,AS Monaco,Marseille,1,318389,Matthis Abline,SUB,0,1.0,11,0.0,0.0,0.0,0.0,0.0,0.0,0.0,,0.0,0.0,1.0,0.0,0.0,0.0
401876480,2026-08-30,ligue1,2026,14252,AS Monaco,Marseille,1,308552,Mika Biereth,SUB,0,1.0,14,0.0,0.0,0.0,0.0,0.0,0.0,0.0,,0.0,0.0,1.0,0.0,0.0,0.0
401876480,2026-08-30,ligue1,2026,14252,AS Monaco,Marseille,1,350525,Christian Mawissa,SUB,0,0.0,13,0.0,0.0,0.0,0.0,0.0,0.0,0.0,,0.0,0.0,0.0,0.0,0.0,0.0
401876480,2026-08-30,ligue1,2026,14252,AS Monaco,Marseille,1,214401,Thilo Kehrer,SUB,0,0.0,5,0.0,0.0,0.0,0.0,0.0,0.0,0.0,,0.0,0.0,0.0,0.0,0.0,0.0
401876480,2026-08-30,ligue1,2026,14252,AS Monaco,Marseille,1,240660,Jordan Teze,SUB,0,0.0,4,0.0,0.0,0.0,0.0,0.0,0.0,0.0,,0.0,0.0,0.0,0.0,0.0,0.0
401876480,2026-08-30,ligue1,2026,14252,AS Monaco,Marseille,1,3124794,Safouane Benzahra,SUB,0,0.0,47,0.0,0.0,0.0,0.0,0.0,0.0,0.0,,0.0,0.0,0.0,0.0,0.0,0.0
401876480,2026-08-30,ligue1,2026,14252,AS Monaco,Marseille,1,397994,Mathys Detourbet,SUB,0,1.0,7,0.0,0.0,0.0,0.0,0.0,0.0,0.0,,0.0,0.0,1.0,0.0,0.0,0.0
401876480,2026-08-30,ligue1,2026,14252,AS Monaco,Marseille,1,258875,Philipp Köhn,SUB,0,0.0,16,0.0,0.0,0.0,0.0,,0.0,0.0,0.0,0.0,0.0,0.0,0.0,0.0,0.0
401876480,2026-08-30,ligue1,2026,14252,Marseille,AS Monaco,0,228707,Jeffrey de Lange,G,1,1.0,12,0.0,0.0,0.0,2.0,,0.0,0.0,3.0,0.0,0.0,0.0,0.0,0.0,0.0
401876480,2026-08-30,ligue1,2026,14252,Marseille,AS Monaco,0,152270,Geoffrey Kondogbia,CD-L,1,1.0,19,1.0,0.0,0.0,2.0,0.0,0.0,0.0,,0.0,0.0,0.0,0.0,0.0,0.0
401876480,2026-08-30,ligue1,2026,14252,Marseille,AS Monaco,0,307115,CJ Egan-Riley,CD-R,1,1.0,4,0.0,0.0,0.0,2.0,0.0,0.0,0.0,,0.0,0.0,0.0,0.0,0.0,0.0
401876480,2026-08-30,ligue1,2026,14252,Marseille,AS Monaco,0,159051,Emerson,LB,1,1.0,33,2.0,0.0,0.0,2.0,0.0,0.0,0.0,,0.0,1.0,0.0,0.0,1.0,0.0
401876480,2026-08-30,ligue1,2026,14252,Marseille,AS Monaco,0,266027,Timothy Weah,RB,1,1.0,22,1.0,1.0,0.0,2.0,0.0,0.0,0.0,,0.0,0.0,0.0,0.0,2.0,0.0
401876480,2026-08-30,ligue1,2026,14252,Marseille,AS Monaco,0,256773,Angel Gomes,AM,1,1.0,7,1.0,1.0,0.0,2.0,0.0,0.0,0.0,,0.0,0.0,0.0,0.0,2.0,0.0
401876480,2026-08-30,ligue1,2026,14252,Marseille,AS Monaco,0,159543,Pierre-Emile Højbjerg,LM,1,1.0,23,1.0,0.0,0.0,2.0,0.0,0.0,0.0,,0.0,0.0,0.0,0.0,0.0,0.0
401876480,2026-08-30,ligue1,2026,14252,Marseille,AS Monaco,0,277525,Himad Abdelli,RM,1,1.0,8,1.0,2.0,0.0,1.0,0.0,0.0,0.0,,0.0,0.0,0.0,0.0,0.0,0.0
401876480,2026-08-30,ligue1,2026,14252,Marseille,AS Monaco,0,259743,Amine Gouiri,F,1,1.0,9,0.0,0.0,0.0,2.0,0.0,0.0,0.0,,0.0,0.0,0.0,0.0,1.0,0.0
401876480,2026-08-30,ligue1,2026,14252,Marseille,AS Monaco,0,282230,Quinten Timber,AM-L,1,1.0,27,2.0,1.0,0.0,1.0,0.0,0.0,0.0,,0.0,0.0,0.0,0.0,0.0,0.0
401876480,2026-08-30,ligue1,2026,14252,Marseille,AS Monaco,0,238917,Amine Harit,AM-R,1,1.0,77,0.0,2.0,0.0,2.0,0.0,0.0,0.0,,0.0,0.0,0.0,0.0,2.0,0.0
401876480,2026-08-30,ligue1,2026,14252,Marseille,AS Monaco,0,411418,Tadjidine Mmadi,SUB,0,0.0,43,0.0,0.0,0.0,0.0,0.0,0.0,0.0,,0.0,0.0,0.0,0.0,0.0,0.0
401876480,2026-08-30,ligue1,2026,14252,Marseille,AS Monaco,0,220718,Ulisses Garcia,SUB,0,0.0,25,0.0,0.0,0.0,0.0,0.0,0.0,0.0,,0.0,0.0,0.0,0.0,0.0,0.0
401876480,2026-08-30,ligue1,2026,14252,Marseille,AS Monaco,0,276160,Faris Moumbagna,SUB,0,1.0,29,0.0,0.0,0.0,0.0,1.0,0.0,0.0,,0.0,0.0,1.0,0.0,1.0,0.0
401876480,2026-08-30,ligue1,2026,14252,Marseille,AS Monaco,0,238712,Derek Cornelius,SUB,0,0.0,13,0.0,0.0,0.0,0.0,0.0,0.0,0.0,,0.0,0.0,0.0,0.0,0.0,0.0
401876480,2026-08-30,ligue1,2026,14252,Marseille,AS Monaco,0,178760,Neal Maupay,SUB,0,1.0,11,0.0,0.0,0.0,0.0,0.0,0.0,0.0,,0.0,0.0,1.0,0.0,1.0,0.0
401876480,2026-08-30,ligue1,2026,14252,Marseille,AS Monaco,0,384005,Keyliane Abdallah,SUB,0,1.0,48,1.0,1.0,0.0,1.0,0.0,0.0,0.0,,0.0,1.0,1.0,0.0,3.0,0.0
401876480,2026-08-30,ligue1,2026,14252,Marseille,AS Monaco,0,280650,Théo Vermot,SUB,0,0.0,92,0.0,0.0,0.0,0.0,,0.0,0.0,0.0,0.0,0.0,0.0,0.0,0.0,0.0
401876480,2026-08-30,ligue1,2026,14252,Marseille,AS Monaco,0,245243,Nayef Aguerd,SUB,0,1.0,21,0.0,0.0,0.0,0.0,0.0,0.0,0.0,,0.0,0.0,1.0,0.0,0.0,0.0
401876480,2026-08-30,ligue1,2026,14252,Marseille,AS Monaco,0,343114,Tochukwu Nnadi,SUB,0,1.0,6,0.0,1.0,0.0,1.0,0.0,0.0,0.0,,0.0,0.0,1.0,0.0,0.0,0.0
401876468,2026-09-03,ligue1,2026,14252,Toulouse,Lille,1,324289,Guillaume Restes,G,1,1.0,16,0.0,0.0,0.0,0.0,,0.0,0.0,3.0,0.0,0.0,0.0,0.0,0.0,0.0
401876468,2026-09-03,ligue1,2026,14252,Toulouse,Lille,1,238213,Rasmus Nicolaisen,CD-L,1,1.0,2,1.0,1.0,0.0,1.0,0.0,0.0,0.0,,0.0,0.0,0.0,0.0,2.0,0.0
401876468,2026-09-03,ligue1,2026,14252,Toulouse,Lille,1,77072,Mark McKenzie,CD-R,1,1.0,3,1.0,1.0,0.0,1.0,0.0,0.0,0.0,,0.0,0.0,0.0,0.0,0.0,0.0
401876468,2026-09-03,ligue1,2026,14252,Toulouse,Lille,1,385000,Christ Tapé,LB,1,1.0,12,0.0,1.0,0.0,1.0,0.0,0.0,0.0,,0.0,1.0,0.0,0.0,1.0,0.0
401876468,2026-09-03,ligue1,2026,14252,Toulouse,Lille,1,384162,Rafik Messali,RB,1,1.0,22,0.0,0.0,0.0,0.0,0.0,0.0,0.0,,0.0,0.0,0.0,0.0,0.0,0.0
401876468,2026-09-03,ligue1,2026,14252,Toulouse,Lille,1,362777,Thomas Jørgensen,AM,1,1.0,8,0.0,0.0,0.0,1.0,1.0,0.0,0.0,,0.0,0.0,0.0,0.0,1.0,0.0
401876468,2026-09-03,ligue1,2026,14252,Toulouse,Lille,1,408251,Alexis Vossah,LM,1,1.0,6,1.0,1.0,0.0,0.0,0.0,0.0,0.0,,0.0,0.0,0.0,0.0,3.0,0.0
401876468,2026-09-03,ligue1,2026,14252,Toulouse,Lille,1,271244,Cristian Cásseres Jr.,RM,1,1.0,23,2.0,3.0,0.0,1.0,0.0,0.0,0.0,,0.0,1.0,0.0,0.0,3.0,0.0
401876468,2026-09-03,ligue1,2026,14252,Toulouse,Lille,1,297121,Jacen Russell-Rowe,F,1,1.0,13,2.0,0.0,0.0,0.0,0.0,0.0,0.0,,0.0,3.0,0.0,0.0,4.0,0.0
401876468,2026-09-03,ligue1,2026,14252,Toulouse,Lille,1,403310,Ilyas Azizi,AM-L,1,1.0,37,4.0,0.0,0.0,1.0,0.0,0.0,0.0,,0.0,1.0,0.0,0.0,2.0,0.0
401876468,2026-09-03,ligue1,2026,14252,Toulouse,Lille,1,338873,Santiago Hidalgo,AM-R,1,1.0,9,3.0,1.0,0.0,0.0,1.0,0.0,0.0,,0.0,4.0,0.0,0.0,5.0,1.0
401876468,2026-09-03,ligue1,2026,14252,Toulouse,Lille,1,364764,Mathis Amougou,SUB,0,0.0,18,0.0,0.0,0.0,0.0,0.0,0.0,0.0,,0.0,0.0,0.0,0.0,0.0,0.0
401876468,2026-09-03,ligue1,2026,14252,Toulouse,Lille,1,399428,Sion Oppong,SUB,0,0.0,11,0.0,0.0,0.0,0.0,0.0,0.0,0.0,,0.0,0.0,0.0,0.0,0.0,0.0
401876468,2026-09-03,ligue1,2026,14252,Toulouse,Lille,1,408252,Seny Koumbassa,SUB,0,0.0,5,0.0,0.0,0.0,0.0,0.0,0.0,0.0,,0.0,0.0,0.0,0.0,0.0,0.0
401876468,2026-09-03,ligue1,2026,14252,Toulouse,Lille,1,380400,Julián Vignolo,SUB,0,1.0,7,2.0,1.0,0.0,1.0,0.0,0.0,0.0,,0.0,0.0,1.0,0.0,0.0,0.0
401876468,2026-09-03,ligue1,2026,14252,Toulouse,Lille,1,306664,Casper Tengstedt,SUB,0,1.0,20,0.0,0.0,0.0,1.0,1.0,0.0,0.0,,0.0,0.0,1.0,0.0,3.0,0.0
401876468,2026-09-03,ligue1,2026,14252,Toulouse,Lille,1,225565,Niklas Schmidt,SUB,0,1.0,31,0.0,0.0,0.0,1.0,0.0,0.0,0.0,,0.0,0.0,1.0,0.0,0.0,0.0
401876468,2026-09-03,ligue1,2026,14252,Toulouse,Lille,1,397384,Ismail Diallo,SUB,0,1.0,94,0.0,0.0,0.0,1.0,0.0,0.0,0.0,,0.0,0.0,1.0,0.0,0.0,0.0
401876468,2026-09-03,ligue1,2026,14252,Toulouse,Lille,1,363538,Niko Sigur,SUB,0,0.0,14,0.0,0.0,0.0,0.0,0.0,0.0,0.0,,0.0,0.0,0.0,0.0,0.0,0.0
401876468,2026-09-03,ligue1,2026,14252,Toulouse,Lille,1,371559,Mathys Niflore,SUB,0,1.0,60,0.0,0.0,0.0,1.0,,0.0,0.0,2.0,0.0,0.0,1.0,0.0,0.0,0.0
401876468,2026-09-03,ligue1,2026,14252,Lille,Toulouse,0,257267,Berke Özer,G,1,1.0,1,0.0,1.0,0.0,0.0,,0.0,0.0,9.0,0.0,0.0,0.0,0.0,0.0,0.0
401876468,2026-09-03,ligue1,2026,14252,Lille,Toulouse,0,340900,Alexsandro,CD-L,1,1.0,4,0.0,2.0,0.0,0.0,0.0,0.0,0.0,,0.0,0.0,0.0,0.0,0.0,0.0
401876468,2026-09-03,ligue1,2026,14252,Lille,Toulouse,0,318577,Nathan Ngoy,CD-R,1,1.0,3,0.0,2.0,0.0,0.0,0.0,0.0,0.0,,0.0,0.0,0.0,0.0,0.0,0.0
401876468,2026-09-03,ligue1,2026,14252,Lille,Toulouse,0,217381,Calvin Verdonk,LB,1,1.0,24,1.0,0.0,0.0,0.0,0.0,0.0,0.0,,0.0,0.0,0.0,0.0,1.0,0.0
401876468,2026-09-03,ligue1,2026,14252,Lille,Toulouse,0,346844,Tiago Santos,RB,1,1.0,22,0.0,3.0,0.0,0.0,0.0,0.0,0.0,,0.0,1.0,0.0,0.0,2.0,0.0
401876468,2026-09-03,ligue1,2026,14252,Lille,Toulouse,0,318779,Hákon Haraldsson,AM,1,1.0,10,0.0,2.0,0.0,0.0,0.0,0.0,0.0,,0.0,0.0,0.0,0.0,0.0,0.0
401876468,2026-09-03,ligue1,2026,14252,Lille,Toulouse,0,179187,Nabil Bentaleb,LM,1,1.0,6,0.0,0.0,0.0,0.0,0.0,0.0,0.0,,0.0,0.0,0.0,0.0,0.0,0.0
401876468,2026-09-03,ligue1,2026,14252,Lille,Toulouse,0,123683,Benjamin André,RM,1,1.0,21,2.0,3.0,0.0,0.0,0.0,0.0,0.0,,0.0,0.0,0.0,0.0,0.0,0.0
401876468,2026-09-03,ligue1,2026,14252,Lille,Toulouse,0,88965,Olivier Giroud,F,1,1.0,9,0.0,0.0,0.0,0.0,0.0,0.0,0.0,,0.0,0.0,0.0,0.0,0.0,0.0
401876468,2026-09-03,ligue1,2026,14252,Lille,Toulouse,0,283626,Osame Sahraoui,AM-L,1,1.0,11,0.0,1.0,0.0,0.0,0.0,0.0,0.0,,0.0,1.0,0.0,0.0,2.0,0.0
401876468,2026-09-03,ligue1,2026,14252,Lille,Toulouse,0,355971,Ethan Mbappé,AM-R,1,1.0,8,0.0,0.0,0.0,0.0,0.0,0.0,0.0,,0.0,1.0,0.0,0.0,1.0,0.0
401876468,2026-09-03,ligue1,2026,14252,Lille,Toulouse,0,274277,Ayase Ueda,SUB,0,1.0,18,5.0,0.0,0.0,0.0,0.0,0.0,0.0,,0.0,2.0,1.0,1.0,2.0,0.0
401876468,2026-09-03,ligue1,2026,14252,Lille,Toulouse,0,345988,Ngal'ayel Mukau,SUB,0,1.0,17,1.0,0.0,0.0,0.0,0.0,0.0,0.0,,0.0,1.0,1.0,0.0,1.0,0.0
401876468,2026-09-03,ligue1,2026,14252,Lille,Toulouse,0,337855,Basar Önal,SUB,0,1.0,19,0.0,1.0,0.0,0.0,0.0,0.0,0.0,,0.0,0.0,1.0,0.0,0.0,0.0
401876468,2026-09-03,ligue1,2026,14252,Lille,Toulouse,0,301648,Orlando Gill,SUB,0,0.0,12,0.0,0.0,0.0,0.0,,0.0,0.0,0.0,0.0,0.0,0.0,0.0,0.0,0.0
401876468,2026-09-03,ligue1,2026,14252,Lille,Toulouse,0,250853,Romain Perraud,SUB,0,1.0,15,0.0,1.0,0.0,0.0,0.0,0.0,0.0,,0.0,0.0,1.0,0.0,0.0,0.0
401876468,2026-09-03,ligue1,2026,14252,Lille,Toulouse,0,393321,Isaac Cossier,SUB,0,0.0,26,0.0,0.0,0.0,0.0,0.0,0.0,0.0,,0.0,0.0,0.0,0.0,0.0,0.0
401876468,2026-09-03,ligue1,2026,14252,Lille,Toulouse,0,297157,Dilane Bakwa,SUB,0,1.0,7,0.0,0.0,0.0,0.0,0.0,0.0,0.0,,0.0,0.0,1.0,0.0,1.0,0.0
401876468,2026-09-03,ligue1,2026,14252,Lille,Toulouse,0,304011,Maurits Kjaergaard,SUB,0,0.0,14,0.0,0.0,0.0,0.0,0.0,0.0,0.0,,0.0,0.0,0.0,0.0,0.0,0.0
401876468,2026-09-03,ligue1,2026,14252,Lille,Toulouse,0,231778,Gaetan Perrin,SUB,0,0.0,28,0.0,0.0,0.0,0.0,0.0,0.0,0.0,,0.0,0.0,0.0,0.0,0.0,0.0
401876469,2026-09-04,ligue1,2026,14252,Paris Saint-Germain,AS Monaco,1,248699,Matvei Safonov,G,1,1.0,39,0.0,0.0,0.0,2.0,,0.0,0.0,0.0,0.0,0.0,0.0,0.0,0.0,0.0
401876469,2026-09-04,ligue1,2026,14252,Paris Saint-Germain,AS Monaco,1,287005,Willian Pacho,CD-L,1,1.0,51,0.0,1.0,0.0,2.0,0.0,0.0,0.0,,0.0,0.0,0.0,0.0,0.0,0.0
401876469,2026-09-04,ligue1,2026,14252,Paris Saint-Germain,AS Monaco,1,159047,Marquinhos,CD-R,1,1.0,5,0.0,0.0,0.0,2.0,0.0,0.0,0.0,,0.0,1.0,0.0,1.0,1.0,0.0
401876469,2026-09-04,ligue1,2026,14252,Paris Saint-Germain,AS Monaco,1,355061,João Neves,DM,1,1.0,87,3.0,2.0,0.0,2.0,0.0,0.0,0.0,,0.0,0.0,0.0,0.0,2.0,0.0
401876469,2026-09-04,ligue1,2026,14252,Paris Saint-Germain,AS Monaco,1,345581,Warren Zaïre-Emery,LB,1,1.0,33,0.0,2.0,0.0,1.0,0.0,0.0,0.0,,0.0,0.0,0.0,0.0,0.0,0.0
401876469,2026-09-04,ligue1,2026,14252,Paris Saint-Germain,AS Monaco,1,240233,Achraf Hakimi,RB,1,1.0,2,0.0,0.0,0.0,2.0,0.0,0.0,0.0,,0.0,1.0,0.0,0.0,4.0,0.0
401876469,2026-09-04,ligue1,2026,14252,Paris Saint-Germain,AS Monaco,1,329690,Maghnes Akliouche,AM,1,1.0,11,2.0,1.0,0.0,1.0,0.0,0.0,0.0,,0.0,1.0,0.0,0.0,1.0,0.0
401876469,2026-09-04,ligue1,2026,14252,Paris Saint-Germain,AS Monaco,1,214596,Fabián Ruiz,LM,1,1.0,8,0.0,1.0,0.0,2.0,0.0,0.0,0.0,,0.0,1.0,0.0,0.0,1.0,0.0
401876469,2026-09-04,ligue1,2026,14252,Paris Saint-Germain,AS Monaco,1,288897,Vitinha,RM,1,1.0,17,1.0,0.0,0.0,2.0,0.0,0.0,0.0,,0.0,1.0,0.0,0.0,3.0,0.0
401876469,2026-09-04,ligue1,2026,14252,Paris Saint-Germain,AS Monaco,1,274745,Khvicha Kvaratskhelia,CF-L,1,1.0,7,1.0,1.0,1.0,1.0,2.0,0.0,0.0,,0.0,2.0,0.0,0.0,3.0,0.0
401876469,2026-09-04,ligue1,2026,14252,Paris Saint-Germain,AS Monaco,1,336388,Désiré Doué,CF-R,1,1.0,14,1.0,3.0,0.0,1.0,1.0,0.0,0.0,,0.0,2.0,0.0,0.0,3.0,0.0
401876469,2026-09-04,ligue1,2026,14252,Paris Saint-Germain,AS Monaco,1,288925,Lucas Chevalier,SUB,0,0.0,30,0.0,0.0,0.0,0.0,,0.0,0.0,0.0,0.0,0.0,0.0,0.0,0.0,0.0
401876469,2026-09-04,ligue1,2026,14252,Paris Saint-Germain,AS Monaco,1,403578,Dro Fernández,SUB,0,1.0,27,0.0,0.0,0.0,0.0,0.0,0.0,0.0,,0.0,0.0,1.0,0.0,0.0,0.0
401876469,2026-09-04,ligue1,2026,14252,Paris Saint-Germain,AS Monaco,1,304503,Illia Zabarnyi,SUB,0,0.0,6,0.0,0.0,0.0,0.0,0.0,0.0,0.0,,0.0,0.0,0.0,0.0,0.0,0.0
401876469,2026-09-04,ligue1,2026,14252,Paris Saint-Germain,AS Monaco,1,316128,Lucas Beraldo,SUB,0,0.0,4,0.0,0.0,0.0,0.0,0.0,0.0,0.0,,0.0,0.0,0.0,0.0,0.0,0.0
401876469,2026-09-04,ligue1,2026,14252,Paris Saint-Germain,AS Monaco,1,196200,Lucas Hernández,SUB,0,1.0,21,1.0,0.0,0.0,1.0,0.0,0.0,0.0,,0.0,0.0,1.0,0.0,0.0,1.0
401876469,2026-09-04,ligue1,2026,14252,Paris Saint-Germain,AS Monaco,1,265869,Ferran Torres,SUB,0,1.0,9,0.0,0.0,0.0,1.0,0.0,0.0,0.0,,0.0,0.0,1.0,0.0,0.0,0.0
401876469,2026-09-04,ligue1,2026,14252,Paris Saint-Germain,AS Monaco,1,379088,Senny Mayulu,SUB,0,0.0,24,0.0,0.0,0.0,0.0,0.0,0.0,0.0,,0.0,0.0,0.0,0.0,0.0,0.0
401876469,2026-09-04,ligue1,2026,14252,Paris Saint-Germain,AS Monaco,1,353363,Mika Godts,SUB,0,1.0,22,0.0,0.0,0.0,1.0,0.0,0.0,0.0,,0.0,0.0,1.0,0.0,3.0,0.0
401876469,2026-09-04,ligue1,2026,14252,Paris Saint-Germain,AS Monaco,1,229744,Ousmane Dembélé,SUB,0,1.0,10,0.0,0.0,0.0,1.0,2.0,0.0,0.0,,0.0,1.0,1.0,0.0,2.0,0.0
401876469,2026-09-04,ligue1,2026,14252,AS Monaco,Paris Saint-Germain,0,134169,Lukas Hradecky,G,1,1.0,1,0.0,0.0,0.0,1.0,,0.0,0.0,9.0,0.0,0.0,0.0,0.0,0.0,0.0
401876469,2026-09-04,ligue1,2026,14252,AS Monaco,Paris Saint-Germain,0,155532,Eric Dier,CD-L,1,1.0,15,1.0,0.0,0.0,1.0,0.0,0.0,0.0,,0.0,0.0,0.0,0.0,0.0,0.0
401876469,2026-09-04,ligue1,2026,14252,AS Monaco,Paris Saint-Germain,0,362288,Sadibou Sané,CD-R,1,1.0,72,1.0,0.0,0.0,1.0,0.0,0.0,0.0,,0.0,0.0,0.0,0.0,0.0,0.0
401876469,2026-09-04,ligue1,2026,14252,AS Monaco,Paris Saint-Germain,0,316559,Názinho,LB,1,1.0,20,1.0,2.0,0.0,1.0,0.0,0.0,0.0,,0.0,1.0,0.0,1.0,1.0,0.0
401876469,2026-09-04,ligue1,2026,14252,AS Monaco,Paris Saint-Germain,0,310640,Vanderson,RB,1,1.0,2,1.0,1.0,0.0,1.0,0.0,0.0,0.0,,0.0,0.0,0.0,0.0,0.0,0.0
401876469,2026-09-04,ligue1,2026,14252,AS Monaco,Paris Saint-Germain,0,195501,Aleksandr Golovin,AM,1,1.0,10,2.0,0.0,1.0,1.0,0.0,0.0,0.0,,0.0,0.0,0.0,0.0,0.0,0.0
401876469,2026-09-04,ligue1,2026,14252,AS Monaco,Paris Saint-Germain,0,222628,Denis Zakaria,LM,1,1.0,6,1.0,0.0,0.0,1.0,0.0,0.0,0.0,,0.0,0.0,0.0,0.0,0.0,0.0
401876469,2026-09-04,ligue1,2026,14252,AS Monaco,Paris Saint-Germain,0,38721,Lamine Camara,RM,1,1.0,8,1.0,3.0,0.0,1.0,0.0,0.0,0.0,,0.0,0.0,0.0,0.0,0.0,0.0
401876469,2026-09-04,ligue1,2026,14252,AS Monaco,Paris Saint-Germain,0,365789,Paris Brunner,F,1,1.0,29,1.0,0.0,0.0,1.0,2.0,0.0,0.0,,0.0,0.0,0.0,0.0,1.0,0.0
401876469,2026-09-04,ligue1,2026,14252,AS Monaco,Paris Saint-Germain,0,356925,Stanis Idumbo,AM-L,1,1.0,17,1.0,0.0,0.0,1.0,0.0,0.0,0.0,,0.0,1.0,0.0,1.0,2.0,0.0
401876469,2026-09-04,ligue1,2026,14252,AS Monaco,Paris Saint-Germain,0,208518,Mamadou Coulibaly,AM-R,1,1.0,28,1.0,2.0,0.0,1.0,0.0,0.0,0.0,,0.0,0.0,0.0,0.0,0.0,0.0
401876469,2026-09-04,ligue1,2026,14252,AS Monaco,Paris Saint-Germain,0,397994,Mathys Detourbet,SUB,0,0.0,7,0.0,0.0,0.0,0.0,0.0,0.0,0.0,,0.0,0.0,0.0,0.0,0.0,0.0
401876469,2026-09-04,ligue1,2026,14252,AS Monaco,Paris Saint-Germain,0,240660,Jordan Teze,SUB,0,1.0,4,0.0,0.0,1.0,0.0,0.0,0.0,0.0,,0.0,0.0,1.0,0.0,0.0,1.0
401876469,2026-09-04,ligue1,2026,14252,AS Monaco,Paris Saint-Germain,0,258875,Philipp Köhn,SUB,0,0.0,16,0.0,0.0,0.0,0.0,,0.0,0.0,0.0,0.0,0.0,0.0,0.0,0.0,0.0
401876469,2026-09-04,ligue1,2026,14252,AS Monaco,Paris Saint-Germain,0,308552,Mika Biereth,SUB,0,0.0,14,0.0,0.0,0.0,0.0,0.0,0.0,0.0,,0.0,0.0,0.0,0.0,0.0,0.0
401876469,2026-09-04,ligue1,2026,14252,AS Monaco,Paris Saint-Germain,0,3124795,Anis Soubeir,SUB,0,1.0,46,0.0,0.0,0.0,0.0,0.0,0.0,0.0,,0.0,0.0,1.0,0.0,0.0,0.0
401876469,2026-09-04,ligue1,2026,14252,AS Monaco,Paris Saint-Germain,0,318389,Matthis Abline,SUB,0,1.0,11,0.0,0.0,0.0,0.0,0.0,0.0,0.0,,0.0,0.0,1.0,0.0,0.0,0.0
401876469,2026-09-04,ligue1,2026,14252,AS Monaco,Paris Saint-Germain,0,3124794,Safouane Benzahra,SUB,0,1.0,47,0.0,0.0,0.0,0.0,0.0,0.0,0.0,,0.0,0.0,1.0,0.0,0.0,0.0
401876469,2026-09-04,ligue1,2026,14252,AS Monaco,Paris Saint-Germain,0,411027,Ilane Touré,SUB,0,0.0,49,0.0,0.0,0.0,0.0,0.0,0.0,0.0,,0.0,0.0,0.0,0.0,0.0,0.0
401876469,2026-09-04,ligue1,2026,14252,AS Monaco,Paris Saint-Germain,0,350525,Christian Mawissa,SUB,0,1.0,13,0.0,0.0,0.0,0.0,0.0,0.0,0.0,,0.0,0.0,1.0,0.0,0.0,0.0
401876472,2026-09-04,ligue1,2026,14252,Lyon,AJ Auxerre,1,221278,Dominik Greif,G,1,1.0,1,0.0,0.0,0.0,1.0,,0.0,0.0,2.0,0.0,0.0,0.0,0.0,0.0,0.0
401876472,2026-09-04,ligue1,2026,14252,Lyon,AJ Auxerre,1,213181,Moussa Niakhaté,CD-L,1,1.0,19,0.0,1.0,0.0,1.0,0.0,0.0,0.0,,0.0,0.0,0.0,0.0,0.0,0.0
401876472,2026-09-04,ligue1,2026,14252,Lyon,AJ Auxerre,1,320945,Felix Bacher,CD-R,1,1.0,20,1.0,0.0,0.0,1.0,0.0,0.0,0.0,,0.0,1.0,0.0,1.0,1.0,1.0
401876472,2026-09-04,ligue1,2026,14252,Lyon,AJ Auxerre,1,285088,Abner,LB,1,1.0,16,0.0,2.0,0.0,1.0,0.0,0.0,0.0,,0.0,0.0,0.0,0.0,0.0,0.0
401876472,2026-09-04,ligue1,2026,14252,Lyon,AJ Auxerre,1,370758,Zachary Athekame,RB,1,1.0,13,0.0,0.0,0.0,1.0,0.0,0.0,0.0,,0.0,1.0,0.0,1.0,1.0,0.0
401876472,2026-09-04,ligue1,2026,14252,Lyon,AJ Auxerre,1,298522,Tyler Morton,CM,1,1.0,23,2.0,0.0,0.0,1.0,0.0,0.0,0.0,,0.0,0.0,0.0,0.0,1.0,1.0
401876472,2026-09-04,ligue1,2026,14252,Lyon,AJ Auxerre,1,192060,Corentin Tolisso,CM-L,1,1.0,8,1.0,1.0,0.0,1.0,0.0,0.0,0.0,,0.0,1.0,0.0,0.0,1.0,0.0
401876472,2026-09-04,ligue1,2026,14252,Lyon,AJ Auxerre,1,290401,Mads Bidstrup,CM-R,1,1.0,2,0.0,2.0,0.0,1.0,0.0,0.0,0.0,,0.0,0.0,0.0,0.0,2.0,0.0
401876472,2026-09-04,ligue1,2026,14252,Lyon,AJ Auxerre,1,276265,Loïs Openda,F,1,1.0,17,1.0,0.0,1.0,1.0,2.0,0.0,0.0,,0.0,3.0,0.0,0.0,9.0,0.0
401876472,2026-09-04,ligue1,2026,14252,Lyon,AJ Auxerre,1,305545,Pavel Sulc,CF-L,1,1.0,10,2.0,0.0,1.0,1.0,0.0,0.0,0.0,,0.0,0.0,0.0,0.0,0.0,0.0
401876472,2026-09-04,ligue1,2026,14252,Lyon,AJ Auxerre,1,333310,Ernest Nuamah,CF-R,1,1.0,7,3.0,1.0,1.0,1.0,0.0,0.0,0.0,,0.0,1.0,0.0,1.0,4.0,0.0
401876472,2026-09-04,ligue1,2026,14252,Lyon,AJ Auxerre,1,365562,Noah Nartey,SUB,0,1.0,99,0.0,0.0,0.0,0.0,0.0,0.0,0.0,,0.0,0.0,1.0,0.0,0.0,0.0
401876472,2026-09-04,ligue1,2026,14252,Lyon,AJ Auxerre,1,301354,Ruben Kluivert,SUB,0,1.0,21,0.0,0.0,0.0,0.0,0.0,0.0,0.0,,0.0,0.0,1.0,0.0,0.0,0.0
401876472,2026-09-04,ligue1,2026,14252,Lyon,AJ Auxerre,1,222175,Rémy Descamps,SUB,0,0.0,40,0.0,0.0,0.0,0.0,,0.0,0.0,0.0,0.0,0.0,0.0,0.0,0.0,0.0
401876472,2026-09-04,ligue1,2026,14252,Lyon,AJ Auxerre,1,214649,Clinton Mata,SUB,0,0.0,22,0.0,0.0,0.0,0.0,0.0,0.0,0.0,,0.0,0.0,0.0,0.0,0.0,0.0
401876472,2026-09-04,ligue1,2026,14252,Lyon,AJ Auxerre,1,145190,Nicolás Tagliafico,SUB,0,0.0,3,0.0,0.0,0.0,0.0,0.0,0.0,0.0,,0.0,0.0,0.0,0.0,0.0,0.0
401876472,2026-09-04,ligue1,2026,14252,Lyon,AJ Auxerre,1,403842,Rémi Himbert,SUB,0,0.0,45,0.0,0.0,0.0,0.0,0.0,0.0,0.0,,0.0,0.0,0.0,0.0,0.0,0.0
401876472,2026-09-04,ligue1,2026,14252,Lyon,AJ Auxerre,1,408345,Khalis Merah,SUB,0,1.0,18,0.0,0.0,0.0,0.0,0.0,0.0,0.0,,0.0,0.0,1.0,0.0,0.0,0.0
401876472,2026-09-04,ligue1,2026,14252,Lyon,AJ Auxerre,1,379066,Kail Boudache,SUB,0,1.0,26,0.0,1.0,0.0,0.0,0.0,0.0,0.0,,0.0,0.0,1.0,0.0,1.0,0.0
401876472,2026-09-04,ligue1,2026,14252,Lyon,AJ Auxerre,1,303308,Tanner Tessmann,SUB,0,1.0,6,1.0,0.0,0.0,0.0,0.0,0.0,0.0,,0.0,0.0,1.0,0.0,1.0,0.0
401876472,2026-09-04,ligue1,2026,14252,AJ Auxerre,Lyon,0,345926,Mamadou Diop,G,1,1.0,23,0.0,0.0,0.0,3.0,,0.0,0.0,5.0,0.0,0.0,0.0,0.0,0.0,0.0
401876472,2026-09-04,ligue1,2026,14252,AJ Auxerre,Lyon,0,404532,Elikya Legros,CD-L,1,1.0,35,0.0,0.0,0.0,3.0,0.0,0.0,0.0,,0.0,0.0,0.0,0.0,0.0,0.0
401876472,2026-09-04,ligue1,2026,14252,AJ Auxerre,Lyon,0,362476,Christ Makosso,CD-R,1,1.0,15,0.0,0.0,0.0,3.0,0.0,0.0,0.0,,0.0,0.0,0.0,0.0,0.0,0.0
401876472,2026-09-04,ligue1,2026,14252,AJ Auxerre,Lyon,0,344520,Clément Akpa,LB,1,1.0,92,1.0,3.0,0.0,3.0,0.0,0.0,0.0,,0.0,1.0,0.0,0.0,1.0,0.0
401876472,2026-09-04,ligue1,2026,14252,AJ Auxerre,Lyon,0,335320,Lamine Sy,RB,1,1.0,27,0.0,1.0,0.0,3.0,0.0,0.0,0.0,,0.0,0.0,0.0,0.0,0.0,0.0
401876472,2026-09-04,ligue1,2026,14252,AJ Auxerre,Lyon,0,297775,Naouirou Ahamada,AM,1,1.0,8,0.0,1.0,0.0,3.0,0.0,0.0,0.0,,0.0,0.0,0.0,0.0,0.0,0.0
401876472,2026-09-04,ligue1,2026,14252,AJ Auxerre,Lyon,0,359360,Arthur Piedfort,LM,1,1.0,46,1.0,0.0,0.0,3.0,0.0,0.0,0.0,,0.0,0.0,0.0,0.0,0.0,1.0
401876472,2026-09-04,ligue1,2026,14252,AJ Auxerre,Lyon,0,323722,Kévin Danois,RM,1,1.0,5,2.0,3.0,0.0,3.0,0.0,0.0,0.0,,0.0,0.0,0.0,0.0,0.0,0.0
401876472,2026-09-04,ligue1,2026,14252,AJ Auxerre,Lyon,0,293347,Cameron Archer,F,1,1.0,9,1.0,1.0,0.0,3.0,0.0,0.0,0.0,,0.0,1.0,0.0,1.0,2.0,0.0
401876472,2026-09-04,ligue1,2026,14252,AJ Auxerre,Lyon,0,349185,Remy Labeau Lascary,AM-L,1,1.0,3,1.0,1.0,0.0,3.0,0.0,0.0,0.0,,0.0,0.0,0.0,0.0,2.0,0.0
401876472,2026-09-04,ligue1,2026,14252,AJ Auxerre,Lyon,0,243748,Danny Namaso,AM-R,1,1.0,10,1.0,0.0,0.0,3.0,0.0,0.0,0.0,,0.0,1.0,0.0,0.0,2.0,0.0
401876472,2026-09-04,ligue1,2026,14252,AJ Auxerre,Lyon,0,379070,Rayan Mandengue,SUB,0,1.0,32,1.0,1.0,0.0,0.0,0.0,0.0,0.0,,0.0,0.0,1.0,0.0,1.0,1.0
401876472,2026-09-04,ligue1,2026,14252,AJ Auxerre,Lyon,0,159312,Paul Nardi,SUB,0,0.0,1,0.0,0.0,0.0,0.0,,0.0,0.0,0.0,0.0,0.0,0.0,0.0,0.0,0.0
401876472,2026-09-04,ligue1,2026,14252,AJ Auxerre,Lyon,0,392126,Aristide Zossou,SUB,0,1.0,77,0.0,0.0,0.0,0.0,0.0,0.0,0.0,,0.0,0.0,1.0,0.0,0.0,0.0
401876472,2026-09-04,ligue1,2026,14252,AJ Auxerre,Lyon,0,304212,Josué Casimir,SUB,0,0.0,7,0.0,0.0,0.0,0.0,0.0,0.0,0.0,,0.0,0.0,0.0,0.0,0.0,0.0
401876472,2026-09-04,ligue1,2026,14252,AJ Auxerre,Lyon,0,302862,Sinaly Diomande,SUB,0,0.0,20,0.0,0.0,0.0,0.0,0.0,0.0,0.0,,0.0,0.0,0.0,0.0,0.0,0.0
401876472,2026-09-04,ligue1,2026,14252,AJ Auxerre,Lyon,0,268591,Romain Faivre,SUB,0,1.0,21,0.0,0.0,0.0,0.0,0.0,0.0,0.0,,0.0,0.0,1.0,0.0,0.0,0.0
401876472,2026-09-04,ligue1,2026,14252,AJ Auxerre,Lyon,0,416458,Lamfia Dioubaté,SUB,0,1.0,34,0.0,0.0,0.0,0.0,0.0,0.0,0.0,,0.0,0.0,1.0,0.0,0.0,0.0
401876472,2026-09-04,ligue1,2026,14252,AJ Auxerre,Lyon,0,307159,Pierre Ekwah,SUB,0,1.0,17,0.0,0.0,0.0,0.0,0.0,0.0,0.0,,0.0,0.0,1.0,0.0,0.0,0.0
401876472,2026-09-04,ligue1,2026,14252,AJ Auxerre,Lyon,0,409262,Tidiane Devernois,SUB,0,0.0,36,0.0,0.0,0.0,0.0,0.0,0.0,0.0,,0.0,0.0,0.0,0.0,0.0,0.0
401876470,2026-09-05,ligue1,2026,14252,Nice,Le Mans,1,241029,Yehvann Diouf,G,1,1.0,23,0.0,0.0,0.0,1.0,,0.0,0.0,2.0,0.0,0.0,0.0,0.0,0.0,0.0
401876470,2026-09-05,ligue1,2026,14252,Nice,Le Mans,1,255192,Youssouf Ndayishimiye,CD,1,1.0,55,1.0,0.0,0.0,1.0,1.0,0.0,0.0,,0.0,0.0,0.0,0.0,0.0,1.0
401876470,2026-09-05,ligue1,2026,14252,Nice,Le Mans,1,3117261,Xavier Junior Mandza Tsiendi,CD-L,1,1.0,35,0.0,1.0,0.0,1.0,0.0,0.0,0.0,,0.0,0.0,0.0,0.0,0.0,0.0
401876470,2026-09-05,ligue1,2026,14252,Nice,Le Mans,1,236957,Mohamed Abdelmoneim,CD-R,1,1.0,5,1.0,0.0,0.0,1.0,0.0,0.0,0.0,,0.0,0.0,0.0,0.0,1.0,0.0
401876470,2026-09-05,ligue1,2026,14252,Nice,Le Mans,1,164895,Axel Witsel,CM-L,1,1.0,28,1.0,0.0,0.0,1.0,0.0,0.0,0.0,,0.0,0.0,0.0,0.0,2.0,0.0
401876470,2026-09-05,ligue1,2026,14252,Nice,Le Mans,1,357425,Djibril Coulibaly,CM-R,1,1.0,39,1.0,1.0,0.0,1.0,0.0,0.0,0.0,,0.0,0.0,0.0,0.0,1.0,0.0
401876470,2026-09-05,ligue1,2026,14252,Nice,Le Mans,1,298030,Niels Nkounkou,LM,1,1.0,27,0.0,1.0,0.0,1.0,0.0,0.0,0.0,,0.0,0.0,0.0,0.0,0.0,0.0
401876470,2026-09-05,ligue1,2026,14252,Nice,Le Mans,1,232089,Jonathan Clauss,RM,1,1.0,92,0.0,1.0,0.0,1.0,0.0,0.0,0.0,,0.0,1.0,0.0,0.0,1.0,0.0
401876470,2026-09-05,ligue1,2026,14252,Nice,Le Mans,1,311118,Elye Wahi,F,1,1.0,11,0.0,4.0,0.0,1.0,2.0,0.0,0.0,,0.0,1.0,0.0,1.0,2.0,1.0
401876470,2026-09-05,ligue1,2026,14252,Nice,Le Mans,1,276995,Sofiane Diop,CF-L,1,1.0,10,0.0,0.0,1.0,1.0,0.0,0.0,0.0,,0.0,0.0,0.0,0.0,0.0,0.0
401876470,2026-09-05,ligue1,2026,14252,Nice,Le Mans,1,282676,Nathan N'Goumou,CF-R,1,1.0,29,0.0,1.0,0.0,1.0,0.0,0.0,0.0,,0.0,0.0,0.0,0.0,0.0,0.0
401876470,2026-09-05,ligue1,2026,14252,Nice,Le Mans,1,239905,Gauthier Hein,SUB,0,1.0,7,0.0,0.0,0.0,0.0,0.0,0.0,0.0,,0.0,0.0,1.0,0.0,0.0,0.0
401876470,2026-09-05,ligue1,2026,14252,Nice,Le Mans,1,3131927,Aboulaye Camara,SUB,0,1.0,38,0.0,0.0,0.0,0.0,0.0,0.0,0.0,,0.0,0.0,1.0,0.0,0.0,0.0
401876470,2026-09-05,ligue1,2026,14252,Nice,Le Mans,1,319161,Antoine Mendy,SUB,0,1.0,33,0.0,0.0,0.0,0.0,0.0,0.0,0.0,,0.0,0.0,1.0,0.0,0.0,0.0
401876470,2026-09-05,ligue1,2026,14252,Nice,Le Mans,1,265234,Ali Abdi,SUB,0,1.0,2,0.0,0.0,0.0,0.0,0.0,0.0,0.0,,0.0,0.0,1.0,0.0,0.0,0.0
401876470,2026-09-05,ligue1,2026,14252,Nice,Le Mans,1,416460,Everton Pereira,SUB,0,0.0,87,0.0,0.0,0.0,0.0,0.0,0.0,0.0,,0.0,0.0,0.0,0.0,0.0,0.0
401876470,2026-09-05,ligue1,2026,14252,Nice,Le Mans,1,315384,Mohamed Amoura,SUB,0,1.0,9,0.0,1.0,0.0,0.0,0.0,0.0,0.0,,0.0,0.0,1.0,0.0,1.0,0.0
401876470,2026-09-05,ligue1,2026,14252,Nice,Le Mans,1,310859,Teddy Boulhendi,SUB,0,0.0,77,0.0,0.0,0.0,0.0,,0.0,0.0,0.0,0.0,0.0,0.0,0.0,0.0,0.0
401876470,2026-09-05,ligue1,2026,14252,Nice,Le Mans,1,3135995,Djelan Morana,SUB,0,0.0,41,0.0,0.0,0.0,0.0,0.0,0.0,0.0,,0.0,0.0,0.0,0.0,0.0,0.0
401876470,2026-09-05,ligue1,2026,14252,Nice,Le Mans,1,282597,Isak Jansson,SUB,0,0.0,21,0.0,0.0,0.0,0.0,0.0,0.0,0.0,,0.0,0.0,0.0,0.0,0.0,0.0
401876470,2026-09-05,ligue1,2026,14252,Le Mans,Nice,0,223117,Samuel Yohou,,0,1.0,17,1.0,0.0,0.0,0.0,0.0,0.0,0.0,,0.0,0.0,1.0,0.0,0.0,0.0
401876470,2026-09-05,ligue1,2026,14252,Le Mans,Nice,0,330722,Lucas Bretelle,,0,0.0,29,0.0,0.0,0.0,0.0,0.0,0.0,0.0,,0.0,0.0,0.0,0.0,0.0,0.0
401876470,2026-09-05,ligue1,2026,14252,Le Mans,Nice,0,289837,Yasser Larouci,,0,1.0,76,0.0,0.0,0.0,0.0,0.0,0.0,0.0,,0.0,0.0,1.0,0.0,0.0,0.0
401876470,2026-09-05,ligue1,2026,14252,Le Mans,Nice,0,232335,Antoine Rabillard,,0,1.0,9,0.0,0.0,0.0,0.0,0.0,0.0,0.0,,0.0,0.0,1.0,0.0,0.0,0.0
401876470,2026-09-05,ligue1,2026,14252,Le Mans,Nice,0,223376,Habib Diallo,,0,1.0,13,1.0,1.0,0.0,0.0,0.0,0.0,0.0,,0.0,0.0,1.0,0.0,1.0,0.0
401876470,2026-09-05,ligue1,2026,14252,Le Mans,Nice,0,279137,Bilal Brahimi,,0,1.0,7,0.0,0.0,0.0,0.0,0.0,0.0,0.0,,0.0,0.0,1.0,0.0,0.0,0.0
401876470,2026-09-05,ligue1,2026,14252,Le Mans,Nice,0,262482,Lucas Buades,,0,0.0,18,0.0,0.0,0.0,0.0,0.0,0.0,0.0,,0.0,0.0,0.0,0.0,0.0,0.0
401876470,2026-09-05,ligue1,2026,14252,Le Mans,Nice,0,344518,Augustin Delbecque,,0,0.0,55,0.0,0.0,0.0,0.0,0.0,0.0,0.0,,0.0,0.0,0.0,0.0,0.0,0.0
401876470,2026-09-05,ligue1,2026,14252,Le Mans,Nice,0,273021,Daouda Traoré,,0,0.0,23,0.0,0.0,0.0,0.0,0.0,0.0,0.0,,0.0,0.0,0.0,0.0,0.0,0.0
401876470,2026-09-05,ligue1,2026,14252,Le Mans,Nice,0,299457,Ewan Hatfout,G,1,1.0,1,0.0,1.0,0.0,1.0,,0.0,0.0,1.0,0.0,0.0,0.0,0.0,0.0,0.0
401876470,2026-09-05,ligue1,2026,14252,Le Mans,Nice,0,310024,Raúl Torrente,CD,1,1.0,16,2.0,0.0,0.0,1.0,0.0,0.0,0.0,,0.0,0.0,0.0,0.0,0.0,0.0
401876470,2026-09-05,ligue1,2026,14252,Le Mans,Nice,0,393721,Harold Voyer,CD-L,1,1.0,5,2.0,0.0,0.0,1.0,0.0,0.0,0.0,,0.0,1.0,0.0,0.0,1.0,0.0
401876470,2026-09-05,ligue1,2026,14252,Le Mans,Nice,0,397394,Noa Boissé,CD-R,1,1.0,15,1.0,0.0,0.0,1.0,0.0,0.0,0.0,,0.0,0.0,0.0,0.0,0.0,1.0
401876470,2026-09-05,ligue1,2026,14252,Le Mans,Nice,0,287606,Alexandre Lauray,SW,1,1.0,8,1.0,0.0,0.0,1.0,0.0,0.0,0.0,,0.0,1.0,0.0,0.0,2.0,1.0
401876470,2026-09-05,ligue1,2026,14252,Le Mans,Nice,0,315460,Jean Vercruysse,CM-L,1,1.0,10,1.0,0.0,1.0,1.0,0.0,0.0,0.0,,0.0,0.0,0.0,0.0,1.0,0.0
401876470,2026-09-05,ligue1,2026,14252,Le Mans,Nice,0,418536,Adil Bourabaa,CM-R,1,1.0,11,0.0,1.0,0.0,1.0,0.0,0.0,0.0,,0.0,1.0,0.0,1.0,1.0,0.0
401876470,2026-09-05,ligue1,2026,14252,Le Mans,Nice,0,331636,Lucas Calodat,LM,1,1.0,22,0.0,0.0,0.0,1.0,0.0,0.0,0.0,,0.0,0.0,0.0,0.0,0.0,0.0
401876470,2026-09-05,ligue1,2026,14252,Le Mans,Nice,0,382872,Rayan Bamba,RM,1,1.0,26,2.0,0.0,0.0,1.0,0.0,0.0,0.0,,0.0,0.0,0.0,0.0,0.0,0.0
401876470,2026-09-05,ligue1,2026,14252,Le Mans,Nice,0,233702,Dame Guèye,CF-L,1,1.0,25,0.0,0.0,0.0,1.0,1.0,0.0,0.0,,0.0,0.0,0.0,0.0,1.0,0.0
401876470,2026-09-05,ligue1,2026,14252,Le Mans,Nice,0,268720,Louis Mafouta,CF-R,1,1.0,14,0.0,1.0,0.0,1.0,0.0,0.0,0.0,,0.0,0.0,0.0,0.0,1.0,0.0
401876473,2026-09-05,ligue1,2026,14252,Lens,Lorient,1,344517,Robin Risser,G,1,1.0,40,0.0,0.0,0.0,1.0,,0.0,0.0,2.0,0.0,0.0,0.0,0.0,0.0,0.0
401876473,2026-09-05,ligue1,2026,14252,Lens,Lorient,1,350577,Pierre Ganiou,CD,1,1.0,25,0.0,0.0,0.0,1.0,0.0,0.0,0.0,,0.0,0.0,0.0,0.0,1.0,0.0
401876473,2026-09-05,ligue1,2026,14252,Lens,Lorient,1,233199,Matthieu Udol,CD-L,1,1.0,14,0.0,0.0,0.0,0.0,0.0,0.0,0.0,,0.0,0.0,0.0,0.0,0.0,0.0
401876473,2026-09-05,ligue1,2026,14252,Lens,Lorient,1,393432,Kyllian Antonio,CD-R,1,1.0,32,0.0,2.0,0.0,1.0,0.0,0.0,0.0,,0.0,0.0,0.0,0.0,1.0,0.0
401876473,2026-09-05,ligue1,2026,14252,Lens,Lorient,1,341720,Yassine Titraoui,CM-L,1,1.0,8,2.0,2.0,0.0,1.0,0.0,0.0,0.0,,0.0,0.0,0.0,0.0,0.0,1.0
401876473,2026-09-05,ligue1,2026,14252,Lens,Lorient,1,228557,Amadou Haidara,CM-R,1,1.0,21,1.0,0.0,0.0,1.0,0.0,0.0,0.0,,0.0,1.0,0.0,0.0,2.0,0.0
401876473,2026-09-05,ligue1,2026,14252,Lens,Lorient,1,288481,Michal Skoras,LM,1,1.0,22,2.0,1.0,0.0,1.0,0.0,0.0,0.0,,0.0,0.0,0.0,0.0,0.0,1.0
401876473,2026-09-05,ligue1,2026,14252,Lens,Lorient,1,181946,Ruben Aguilar,RM,1,1.0,2,4.0,0.0,0.0,1.0,1.0,0.0,0.0,,0.0,0.0,0.0,0.0,1.0,0.0
401876473,2026-09-05,ligue1,2026,14252,Lens,Lorient,1,308246,Abdallah Sima,F,1,1.0,19,3.0,1.0,0.0,1.0,0.0,0.0,0.0,,0.0,0.0,0.0,0.0,3.0,0.0
401876473,2026-09-05,ligue1,2026,14252,Lens,Lorient,1,158066,Thorgan Hazard,CF-L,1,1.0,9,1.0,0.0,0.0,1.0,1.0,0.0,0.0,,0.0,0.0,0.0,0.0,1.0,0.0
401876473,2026-09-05,ligue1,2026,14252,Lens,Lorient,1,156898,Florian Thauvin,CF-R,1,1.0,10,1.0,0.0,0.0,1.0,0.0,0.0,0.0,,0.0,2.0,0.0,0.0,3.0,0.0
401876473,2026-09-05,ligue1,2026,14252,Lens,Lorient,1,215687,Florian Sotoca,SUB,0,1.0,7,0.0,0.0,0.0,0.0,0.0,0.0,0.0,,0.0,0.0,1.0,0.0,0.0,0.0
401876473,2026-09-05,ligue1,2026,14252,Lens,Lorient,1,258871,Michaël Cuisance,SUB,0,1.0,27,0.0,0.0,0.0,0.0,0.0,0.0,0.0,,0.0,1.0,1.0,0.0,1.0,0.0
401876473,2026-09-05,ligue1,2026,14252,Lens,Lorient,1,197187,Jonathan Gradit,SUB,0,0.0,24,0.0,0.0,0.0,0.0,0.0,0.0,0.0,,0.0,0.0,0.0,0.0,0.0,0.0
401876473,2026-09-05,ligue1,2026,14252,Lens,Lorient,1,401306,Souleymane Sagnan,SUB,0,1.0,31,2.0,0.0,0.0,1.0,0.0,0.0,1.0,,0.0,1.0,1.0,0.0,1.0,0.0
401876473,2026-09-05,ligue1,2026,14252,Lens,Lorient,1,387061,Andrija Bulatovic,SUB,0,1.0,5,1.0,0.0,0.0,0.0,0.0,0.0,0.0,,0.0,1.0,1.0,0.0,2.0,0.0
401876473,2026-09-05,ligue1,2026,14252,Lens,Lorient,1,364180,Franjo Ivanovic,SUB,0,0.0,29,0.0,0.0,0.0,0.0,0.0,0.0,0.0,,0.0,0.0,0.0,0.0,0.0,0.0
401876473,2026-09-05,ligue1,2026,14252,Lens,Lorient,1,131742,Mathieu Gorgelin,SUB,0,0.0,16,0.0,0.0,0.0,0.0,,0.0,0.0,0.0,0.0,0.0,0.0,0.0,0.0,0.0
401876473,2026-09-05,ligue1,2026,14252,Lens,Lorient,1,412217,Mezian Soares,SUB,0,0.0,38,0.0,0.0,0.0,0.0,0.0,0.0,0.0,,0.0,0.0,0.0,0.0,0.0,0.0
401876473,2026-09-05,ligue1,2026,14252,Lens,Lorient,1,222180,Odsonne Édouard,SUB,0,1.0,11,1.0,0.0,0.0,0.0,0.0,0.0,0.0,,0.0,0.0,1.0,0.0,1.0,0.0
401876473,2026-09-05,ligue1,2026,14252,Lorient,Lens,0,199381,Yvon Mvogo,G,1,1.0,38,0.0,0.0,0.0,0.0,,0.0,0.0,6.0,0.0,0.0,0.0,0.0,0.0,0.0
401876473,2026-09-05,ligue1,2026,14252,Lorient,Lens,0,265099,Montassar Talbi,CD,1,1.0,3,1.0,0.0,0.0,0.0,0.0,0.0,0.0,,0.0,0.0,0.0,0.0,0.0,0.0
401876473,2026-09-05,ligue1,2026,14252,Lorient,Lens,0,345563,Nathaniel Adjei,CD-L,1,1.0,32,0.0,1.0,0.0,0.0,0.0,0.0,0.0,,0.0,0.0,0.0,0.0,0.0,1.0
401876473,2026-09-05,ligue1,2026,14252,Lorient,Lens,0,347940,Dembo Sylla,CD-R,1,1.0,20,0.0,3.0,0.0,0.0,0.0,0.0,0.0,,0.0,0.0,0.0,0.0,0.0,0.0
401876473,2026-09-05,ligue1,2026,14252,Lorient,Lens,0,315454,Noah Mbamba,CM-L,1,1.0,72,0.0,3.0,0.0,0.0,0.0,0.0,0.0,,0.0,0.0,0.0,0.0,0.0,0.0
401876473,2026-09-05,ligue1,2026,14252,Lorient,Lens,0,315215,Noah Cadiou,CM-R,1,1.0,8,0.0,1.0,0.0,0.0,0.0,0.0,0.0,,0.0,0.0,0.0,0.0,1.0,0.0
401876473,2026-09-05,ligue1,2026,14252,Lorient,Lens,0,381626,Arsène Kouassi,LM,1,1.0,43,0.0,1.0,0.0,0.0,0.0,0.0,0.0,,0.0,0.0,0.0,0.0,0.0,0.0
401876473,2026-09-05,ligue1,2026,14252,Lorient,Lens,0,364754,Panos Katseris,RM,1,1.0,77,0.0,1.0,1.0,0.0,0.0,0.0,0.0,,0.0,1.0,0.0,0.0,1.0,0.0
401876473,2026-09-05,ligue1,2026,14252,Lorient,Lens,0,416429,Mamadou Koné,F,1,1.0,42,1.0,1.0,0.0,0.0,0.0,0.0,0.0,,0.0,2.0,0.0,1.0,2.0,0.0
401876473,2026-09-05,ligue1,2026,14252,Lorient,Lens,0,225557,Jean-Victor Makengo,CF-L,1,1.0,17,3.0,4.0,0.0,0.0,0.0,0.0,0.0,,0.0,0.0,0.0,0.0,1.0,0.0
401876473,2026-09-05,ligue1,2026,14252,Lorient,Lens,0,397392,Gabin Bernardeau,CF-R,1,1.0,33,1.0,1.0,0.0,0.0,0.0,0.0,0.0,,0.0,0.0,0.0,0.0,0.0,0.0
401876473,2026-09-05,ligue1,2026,14252,Lorient,Lens,0,309651,Isak Jensen,SUB,0,1.0,10,0.0,1.0,0.0,0.0,0.0,0.0,0.0,,0.0,0.0,1.0,0.0,1.0,0.0
401876473,2026-09-05,ligue1,2026,14252,Lorient,Lens,0,258100,Tosin Aiyegun,SUB,0,0.0,15,0.0,0.0,0.0,0.0,0.0,0.0,0.0,,0.0,0.0,0.0,0.0,0.0,0.0
401876473,2026-09-05,ligue1,2026,14252,Lorient,Lens,0,297345,Souleymane Faye,SUB,0,0.0,19,0.0,0.0,0.0,0.0,0.0,0.0,0.0,,0.0,0.0,0.0,0.0,0.0,0.0
401876473,2026-09-05,ligue1,2026,14252,Lorient,Lens,0,324565,Ibrahima Baldé,SUB,0,1.0,18,0.0,1.0,0.0,0.0,0.0,0.0,0.0,,0.0,0.0,1.0,0.0,1.0,0.0
401876473,2026-09-05,ligue1,2026,14252,Lorient,Lens,0,221548,Alec Georgen,SUB,0,0.0,2,0.0,0.0,0.0,0.0,0.0,0.0,0.0,,0.0,0.0,0.0,0.0,0.0,0.0
401876473,2026-09-05,ligue1,2026,14252,Lorient,Lens,0,355870,Arthur Avom,SUB,0,1.0,62,0.0,0.0,0.0,0.0,0.0,0.0,0.0,,0.0,0.0,1.0,0.0,1.0,0.0
401876473,2026-09-05,ligue1,2026,14252,Lorient,Lens,0,207369,Bingourou Kamara,SUB,0,0.0,21,0.0,0.0,0.0,0.0,,0.0,0.0,0.0,0.0,0.0,0.0,0.0,0.0,0.0
401876473,2026-09-05,ligue1,2026,14252,Lorient,Lens,0,368592,Nosa Obaretin,SUB,0,0.0,55,0.0,0.0,0.0,0.0,0.0,0.0,0.0,,0.0,0.0,0.0,0.0,0.0,0.0
401876473,2026-09-05,ligue1,2026,14252,Lorient,Lens,0,325992,Théo Le Bris,SUB,0,1.0,11,0.0,0.0,0.0,0.0,0.0,0.0,0.0,,0.0,0.0,1.0,0.0,0.0,0.0
401876474,2026-09-05,ligue1,2026,14252,Le Havre AC,Brest,1,211669,Lionel Mpasi,G,1,1.0,77,1.0,0.0,0.0,2.0,,0.0,0.0,7.0,0.0,0.0,0.0,0.0,0.0,1.0
401876474,2026-09-05,ligue1,2026,14252,Le Havre AC,Brest,1,340583,Junior Mwanga,CD,1,1.0,6,1.0,1.0,0.0,1.0,0.0,0.0,1.0,,0.0,0.0,0.0,0.0,0.0,0.0
401876474,2026-09-05,ligue1,2026,14252,Le Havre AC,Brest,1,246847,Ahmed Touba,CD-L,1,1.0,5,0.0,0.0,0.0,2.0,0.0,0.0,0.0,,0.0,0.0,0.0,0.0,1.0,0.0
401876474,2026-09-05,ligue1,2026,14252,Le Havre AC,Brest,1,258270,Ayumu Seko,CD-R,1,1.0,15,1.0,0.0,0.0,2.0,0.0,0.0,0.0,,0.0,0.0,0.0,0.0,1.0,0.0
401876474,2026-09-05,ligue1,2026,14252,Le Havre AC,Brest,1,319285,Amir Richardson,CM-L,1,1.0,7,3.0,3.0,0.0,2.0,0.0,0.0,0.0,,0.0,1.0,0.0,0.0,2.0,0.0
401876474,2026-09-05,ligue1,2026,14252,Le Havre AC,Brest,1,346519,Simon Ebonog,CM-R,1,1.0,26,3.0,4.0,0.0,2.0,0.0,0.0,0.0,,0.0,0.0,0.0,0.0,0.0,0.0
401876474,2026-09-05,ligue1,2026,14252,Le Havre AC,Brest,1,297167,Timothee Pembélé,LM,1,1.0,32,2.0,1.0,0.0,2.0,1.0,0.0,0.0,,0.0,0.0,0.0,0.0,2.0,0.0
401876474,2026-09-05,ligue1,2026,14252,Le Havre AC,Brest,1,329755,Elias Jelert,RM,1,1.0,12,1.0,0.0,0.0,2.0,0.0,0.0,0.0,,0.0,0.0,0.0,0.0,0.0,0.0
401876474,2026-09-05,ligue1,2026,14252,Le Havre AC,Brest,1,243514,Josh Maja,F,1,1.0,9,1.0,0.0,0.0,2.0,0.0,0.0,0.0,,0.0,0.0,0.0,0.0,1.0,0.0
401876474,2026-09-05,ligue1,2026,14252,Le Havre AC,Brest,1,231366,Mbwana Samatta,CF-L,1,1.0,25,1.0,0.0,0.0,2.0,0.0,0.0,0.0,,0.0,2.0,0.0,0.0,4.0,0.0
401876474,2026-09-05,ligue1,2026,14252,Le Havre AC,Brest,1,291982,Rassoul Ndiaye,CF-R,1,1.0,14,0.0,0.0,0.0,1.0,0.0,0.0,0.0,,0.0,0.0,0.0,0.0,2.0,0.0
401876474,2026-09-05,ligue1,2026,14252,Le Havre AC,Brest,1,371557,Ismail Bouneb,SUB,0,0.0,44,0.0,0.0,0.0,0.0,0.0,0.0,0.0,,0.0,0.0,0.0,0.0,0.0,0.0
401876474,2026-09-05,ligue1,2026,14252,Le Havre AC,Brest,1,3132216,Djibril Ouziad,SUB,0,1.0,20,0.0,1.0,0.0,0.0,0.0,0.0,0.0,,0.0,0.0,1.0,0.0,1.0,0.0
401876474,2026-09-05,ligue1,2026,14252,Le Havre AC,Brest,1,411169,Enzo Koffi,SUB,0,1.0,27,0.0,3.0,0.0,0.0,0.0,0.0,0.0,,0.0,0.0,1.0,0.0,0.0,0.0
401876474,2026-09-05,ligue1,2026,14252,Le Havre AC,Brest,1,138563,Vincent Sasso,SUB,0,0.0,23,0.0,0.0,0.0,0.0,0.0,0.0,0.0,,0.0,0.0,0.0,0.0,0.0,0.0
401876474,2026-09-05,ligue1,2026,14252,Le Havre AC,Brest,1,399434,Sota Nakamura,SUB,0,1.0,30,1.0,0.0,0.0,1.0,0.0,0.0,0.0,,0.0,0.0,1.0,0.0,1.0,0.0
401876474,2026-09-05,ligue1,2026,14252,Le Havre AC,Brest,1,388878,Daren Mosengo,SUB,0,0.0,78,0.0,0.0,0.0,0.0,0.0,0.0,0.0,,0.0,0.0,0.0,0.0,0.0,0.0
401876474,2026-09-05,ligue1,2026,14252,Le Havre AC,Brest,1,401045,Rayan Fofana,SUB,0,1.0,38,0.0,1.0,0.0,0.0,0.0,0.0,0.0,,0.0,1.0,1.0,1.0,3.0,0.0
401876474,2026-09-05,ligue1,2026,14252,Le Havre AC,Brest,1,325043,Kaito Mizuta,SUB,0,0.0,17,0.0,0.0,0.0,0.0,0.0,0.0,0.0,,0.0,0.0,0.0,0.0,0.0,0.0
401876474,2026-09-05,ligue1,2026,14252,Le Havre AC,Brest,1,190293,Gauthier Gallon,SUB,0,1.0,93,0.0,0.0,0.0,0.0,,0.0,0.0,0.0,0.0,0.0,1.0,0.0,0.0,0.0
401876474,2026-09-05,ligue1,2026,14252,Brest,Le Havre AC,0,286433,Egil Selvik,G,1,1.0,1,0.0,0.0,0.0,1.0,,0.0,0.0,3.0,0.0,0.0,0.0,0.0,0.0,0.0
401876474,2026-09-05,ligue1,2026,14252,Brest,Le Havre AC,0,180174,Gautier Lloris,CD-L,1,1.0,4,1.0,2.0,0.0,1.0,0.0,0.0,0.0,,0.0,0.0,0.0,0.0,0.0,0.0
401876474,2026-09-05,ligue1,2026,14252,Brest,Le Havre AC,0,397594,Raphaël Le Guen,CD-R,1,1.0,71,0.0,0.0,0.0,1.0,0.0,0.0,0.0,,0.0,0.0,0.0,0.0,2.0,0.0
401876474,2026-09-05,ligue1,2026,14252,Brest,Le Havre AC,0,324572,Bradley Locko,LB,1,1.0,2,0.0,2.0,0.0,1.0,0.0,0.0,0.0,,0.0,0.0,0.0,0.0,0.0,0.0
401876474,2026-09-05,ligue1,2026,14252,Brest,Le Havre AC,0,164187,Kenny Lala,RB,1,1.0,70,1.0,1.0,0.0,0.0,0.0,0.0,0.0,,0.0,0.0,0.0,0.0,0.0,0.0
401876474,2026-09-05,ligue1,2026,14252,Brest,Le Havre AC,0,330412,Kamory Doumbia,AM,1,1.0,23,1.0,1.0,0.0,0.0,0.0,0.0,0.0,,0.0,2.0,0.0,2.0,3.0,1.0
401876474,2026-09-05,ligue1,2026,14252,Brest,Le Havre AC,0,250377,Hugo Magnetti,LM,1,1.0,8,1.0,1.0,0.0,0.0,0.0,0.0,0.0,,0.0,1.0,0.0,0.0,1.0,0.0
401876474,2026-09-05,ligue1,2026,14252,Brest,Le Havre AC,0,291850,Joris Chotard,RM,1,1.0,13,2.0,0.0,0.0,1.0,0.0,0.0,0.0,,0.0,1.0,0.0,0.0,1.0,0.0
401876474,2026-09-05,ligue1,2026,14252,Brest,Le Havre AC,0,192015,Ludovic Ajorque,F,1,1.0,19,3.0,2.0,0.0,1.0,0.0,0.0,0.0,,0.0,1.0,0.0,0.0,3.0,0.0
401876474,2026-09-05,ligue1,2026,14252,Brest,Le Havre AC,0,365783,Pathé Mboup,AM-L,1,1.0,9,2.0,2.0,0.0,0.0,0.0,0.0,0.0,,0.0,2.0,0.0,0.0,4.0,0.0
401876474,2026-09-05,ligue1,2026,14252,Brest,Le Havre AC,0,259960,Mama Baldé,AM-R,1,1.0,17,1.0,2.0,1.0,0.0,0.0,0.0,0.0,,0.0,1.0,0.0,0.0,2.0,0.0
401876474,2026-09-05,ligue1,2026,14252,Brest,Le Havre AC,0,215574,Lucas Tousart,SUB,0,1.0,29,2.0,0.0,0.0,1.0,0.0,0.0,0.0,,0.0,0.0,1.0,0.0,0.0,0.0
401876474,2026-09-05,ligue1,2026,14252,Brest,Le Havre AC,0,355998,Joseph Nonge,SUB,0,1.0,7,1.0,0.0,0.0,1.0,0.0,0.0,0.0,,0.0,0.0,1.0,0.0,0.0,0.0
401876474,2026-09-05,ligue1,2026,14252,Brest,Le Havre AC,0,416403,Mathis Lainé,SUB,0,0.0,32,0.0,0.0,0.0,0.0,0.0,0.0,0.0,,0.0,0.0,0.0,0.0,0.0,0.0
401876474,2026-09-05,ligue1,2026,14252,Brest,Le Havre AC,0,359402,Giovani Versini,SUB,0,1.0,10,1.0,0.0,0.0,1.0,0.0,0.0,0.0,,0.0,0.0,1.0,0.0,1.0,0.0
401876474,2026-09-05,ligue1,2026,14252,Brest,Le Havre AC,0,398380,Djylian N'Guessan,SUB,0,0.0,39,0.0,0.0,0.0,0.0,0.0,0.0,0.0,,0.0,0.0,0.0,0.0,0.0,0.0
401876474,2026-09-05,ligue1,2026,14252,Brest,Le Havre AC,0,363150,Luc Zogbe,SUB,0,1.0,20,2.0,1.0,0.0,1.0,0.0,0.0,0.0,,0.0,0.0,1.0,0.0,1.0,0.0
401876474,2026-09-05,ligue1,2026,14252,Brest,Le Havre AC,0,367360,Noah Edjouma,SUB,0,1.0,11,0.0,0.0,0.0,1.0,0.0,0.0,0.0,,0.0,1.0,1.0,0.0,1.0,0.0
401876474,2026-09-05,ligue1,2026,14252,Brest,Le Havre AC,0,399248,Justin Bourgault,SUB,0,0.0,18,0.0,0.0,0.0,0.0,0.0,0.0,0.0,,0.0,0.0,0.0,0.0,0.0,0.0
401876474,2026-09-05,ligue1,2026,14252,Brest,Le Havre AC,0,365781,Mathieu Patouillet,SUB,0,0.0,30,0.0,0.0,0.0,0.0,,0.0,0.0,0.0,0.0,0.0,0.0,0.0,0.0,0.0
401876467,2026-09-06,ligue1,2026,14252,Troyes,Strasbourg,1,335240,Patrick Beach,G,1,1.0,33,0.0,1.0,0.0,6.0,,0.0,0.0,6.0,0.0,0.0,0.0,0.0,0.0,0.0
401876467,2026-09-06,ligue1,2026,14252,Troyes,Strasbourg,1,112988,Michel Diaz,CD-L,1,1.0,4,0.0,1.0,0.0,6.0,0.0,0.0,0.0,,0.0,1.0,0.0,0.0,2.0,1.0
401876467,2026-09-06,ligue1,2026,14252,Troyes,Strasbourg,1,181582,Adrien Monfray,CD-R,1,1.0,6,0.0,0.0,0.0,6.0,0.0,0.0,0.0,,0.0,1.0,0.0,0.0,2.0,0.0
401876467,2026-09-06,ligue1,2026,14252,Troyes,Strasbourg,1,408780,Anis Ouzenadji,LB,1,1.0,3,1.0,3.0,1.0,6.0,0.0,0.0,0.0,,0.0,0.0,0.0,0.0,1.0,0.0
401876467,2026-09-06,ligue1,2026,14252,Troyes,Strasbourg,1,334281,Lucas Maronnier,RB,1,1.0,2,0.0,2.0,0.0,3.0,1.0,0.0,0.0,,0.0,0.0,0.0,0.0,2.0,0.0
401876467,2026-09-06,ligue1,2026,14252,Troyes,Strasbourg,1,323058,Dermane Karim,AM,1,1.0,29,0.0,1.0,0.0,3.0,0.0,0.0,0.0,,0.0,1.0,0.0,0.0,4.0,0.0
401876467,2026-09-06,ligue1,2026,14252,Troyes,Strasbourg,1,346359,Mouhamed Diop,LM,1,1.0,8,2.0,1.0,0.0,6.0,0.0,0.0,0.0,,0.0,0.0,0.0,0.0,3.0,0.0
401876467,2026-09-06,ligue1,2026,14252,Troyes,Strasbourg,1,270173,Antoine Mille,RM,1,1.0,17,0.0,1.0,0.0,6.0,1.0,0.0,0.0,,0.0,1.0,0.0,1.0,3.0,0.0
401876467,2026-09-06,ligue1,2026,14252,Troyes,Strasbourg,1,176406,Renaud Ripart,F,1,1.0,20,1.0,2.0,0.0,3.0,0.0,0.0,0.0,,0.0,0.0,0.0,0.0,0.0,0.0
401876467,2026-09-06,ligue1,2026,14252,Troyes,Strasbourg,1,351379,Hugo Picard,AM-L,1,1.0,22,0.0,2.0,0.0,2.0,0.0,0.0,0.0,,0.0,0.0,0.0,0.0,2.0,0.0
401876467,2026-09-06,ligue1,2026,14252,Troyes,Strasbourg,1,386387,Merwan Ifnaoui,AM-R,1,1.0,10,0.0,0.0,0.0,2.0,0.0,0.0,0.0,,0.0,0.0,0.0,0.0,0.0,0.0
401876467,2026-09-06,ligue1,2026,14252,Troyes,Strasbourg,1,283692,Alexandre Philiponeau,SUB,0,0.0,26,0.0,0.0,0.0,0.0,0.0,0.0,0.0,,0.0,0.0,0.0,0.0,0.0,0.0
401876467,2026-09-06,ligue1,2026,14252,Troyes,Strasbourg,1,3139430,Enisio Carneiro,SUB,0,0.0,41,0.0,0.0,0.0,0.0,0.0,0.0,0.0,,0.0,0.0,0.0,0.0,0.0,0.0
401876467,2026-09-06,ligue1,2026,14252,Troyes,Strasbourg,1,286972,Iron Gomis,SUB,0,1.0,11,0.0,0.0,0.0,3.0,0.0,0.0,0.0,,0.0,0.0,1.0,0.0,0.0,0.0
401876467,2026-09-06,ligue1,2026,14252,Troyes,Strasbourg,1,206835,Hillel Konaté,SUB,0,0.0,40,0.0,0.0,0.0,0.0,,0.0,0.0,0.0,0.0,0.0,0.0,0.0,0.0,0.0
401876467,2026-09-06,ligue1,2026,14252,Troyes,Strasbourg,1,298511,Kandet Diawara,SUB,0,1.0,7,0.0,1.0,1.0,4.0,1.0,0.0,0.0,,0.0,0.0,1.0,0.0,1.0,0.0
401876467,2026-09-06,ligue1,2026,14252,Troyes,Strasbourg,1,287514,Timothé Nkada,SUB,0,1.0,23,0.0,1.0,0.0,3.0,0.0,0.0,0.0,,0.0,1.0,1.0,0.0,4.0,0.0
401876467,2026-09-06,ligue1,2026,14252,Troyes,Strasbourg,1,3129214,Yacouba Kone,SUB,0,1.0,39,0.0,0.0,0.0,3.0,0.0,0.0,0.0,,0.0,0.0,1.0,0.0,0.0,0.0
401876467,2026-09-06,ligue1,2026,14252,Troyes,Strasbourg,1,305693,Jeremy Le Douaron,SUB,0,1.0,9,2.0,0.0,0.0,4.0,0.0,0.0,0.0,,0.0,1.0,1.0,1.0,3.0,0.0
401876467,2026-09-06,ligue1,2026,14252,Troyes,Strasbourg,1,414398,Noah Donkor,SUB,0,0.0,31,0.0,0.0,0.0,0.0,0.0,0.0,0.0,,0.0,0.0,0.0,0.0,0.0,0.0
401876467,2026-09-06,ligue1,2026,14252,Strasbourg,Troyes,0,304256,Filip Jørgensen,G,1,1.0,1,0.0,0.0,0.0,2.0,,0.0,0.0,4.0,0.0,0.0,0.0,0.0,0.0,0.0
401876467,2026-09-06,ligue1,2026,14252,Strasbourg,Troyes,0,305935,Ismael Doukoure,CD-L,1,1.0,6,1.0,0.0,0.0,1.0,0.0,0.0,0.0,,0.0,0.0,0.0,0.0,0.0,0.0
401876467,2026-09-06,ligue1,2026,14252,Strasbourg,Troyes,0,362926,Jeyland Mitchell,CD-R,1,1.0,4,1.0,0.0,0.0,2.0,0.0,0.0,0.0,,0.0,0.0,0.0,0.0,0.0,0.0
401876467,2026-09-06,ligue1,2026,14252,Strasbourg,Troyes,0,377782,Oso,LB,1,1.0,36,0.0,1.0,0.0,2.0,0.0,0.0,0.0,,0.0,0.0,0.0,0.0,0.0,0.0
401876467,2026-09-06,ligue1,2026,14252,Strasbourg,Troyes,0,374221,Genesis Antwi,RB,1,1.0,16,2.0,0.0,0.0,2.0,0.0,0.0,0.0,,0.0,0.0,0.0,0.0,0.0,0.0
401876467,2026-09-06,ligue1,2026,14252,Strasbourg,Troyes,0,353378,Pape Diop,CM,1,1.0,21,1.0,1.0,0.0,2.0,0.0,0.0,0.0,,0.0,0.0,0.0,0.0,0.0,1.0
401876467,2026-09-06,ligue1,2026,14252,Strasbourg,Troyes,0,290230,Giovanni Reyna,LM,1,1.0,10,1.0,0.0,0.0,1.0,0.0,0.0,0.0,,0.0,2.0,0.0,1.0,3.0,0.0
401876467,2026-09-06,ligue1,2026,14252,Strasbourg,Troyes,0,368325,Diogo Sousa,RM,1,1.0,23,1.0,0.0,1.0,2.0,1.0,0.0,0.0,,0.0,3.0,0.0,1.0,4.0,0.0
401876467,2026-09-06,ligue1,2026,14252,Strasbourg,Troyes,0,3117410,Jacobo Ortega Conde,F,1,1.0,30,2.0,0.0,1.0,1.0,0.0,0.0,0.0,,0.0,2.0,0.0,1.0,2.0,0.0
401876467,2026-09-06,ligue1,2026,14252,Strasbourg,Troyes,0,303787,Sebastian Nanasi,LF,1,1.0,11,1.0,0.0,0.0,1.0,0.0,0.0,0.0,,0.0,0.0,0.0,0.0,1.0,0.0
401876467,2026-09-06,ligue1,2026,14252,Strasbourg,Troyes,0,379012,Gessime Yassine,RF,1,1.0,80,3.0,2.0,1.0,1.0,0.0,0.0,0.0,,0.0,1.0,0.0,0.0,2.0,0.0
401876467,2026-09-06,ligue1,2026,14252,Strasbourg,Troyes,0,362794,Conrad Harder,SUB,0,1.0,40,0.0,0.0,0.0,1.0,0.0,0.0,0.0,,0.0,1.0,1.0,1.0,2.0,0.0
401876467,2026-09-06,ligue1,2026,14252,Strasbourg,Troyes,0,350501,Samuel Amo-Ameyaw,SUB,0,1.0,7,2.0,0.0,0.0,1.0,0.0,0.0,0.0,,0.0,3.0,1.0,2.0,3.0,0.0
401876467,2026-09-06,ligue1,2026,14252,Strasbourg,Troyes,0,418506,Tyrese Noubissie,SUB,0,0.0,28,0.0,0.0,0.0,0.0,0.0,0.0,0.0,,0.0,0.0,0.0,0.0,0.0,0.0
401876467,2026-09-06,ligue1,2026,14252,Strasbourg,Troyes,0,331082,Omari Kellyman,SUB,0,0.0,26,0.0,0.0,0.0,0.0,0.0,0.0,0.0,,0.0,0.0,0.0,0.0,0.0,0.0
401876467,2026-09-06,ligue1,2026,14252,Strasbourg,Troyes,0,380238,Benjamin Brantlind,SUB,0,0.0,45,0.0,0.0,0.0,0.0,0.0,0.0,0.0,,0.0,0.0,0.0,0.0,0.0,0.0
401876467,2026-09-06,ligue1,2026,14252,Strasbourg,Troyes,0,224074,Karim Coulibaly,SUB,0,1.0,31,0.0,0.0,0.0,1.0,0.0,0.0,0.0,,0.0,0.0,1.0,0.0,0.0,0.0
401876467,2026-09-06,ligue1,2026,14252,Strasbourg,Troyes,0,316560,Dário Essugo,SUB,0,1.0,14,0.0,2.0,1.0,1.0,0.0,0.0,0.0,,0.0,0.0,1.0,0.0,2.0,0.0
401876467,2026-09-06,ligue1,2026,14252,Strasbourg,Troyes,0,371973,Milosz Piekutowski,SUB,0,0.0,12,0.0,0.0,0.0,0.0,,0.0,0.0,0.0,0.0,0.0,0.0,0.0,0.0,0.0
401876467,2026-09-06,ligue1,2026,14252,Strasbourg,Troyes,0,359934,Lucas Høgsberg,SUB,0,1.0,24,1.0,0.0,0.0,1.0,0.0,0.0,0.0,,0.0,0.0,1.0,0.0,0.0,0.0
401876471,2026-09-06,ligue1,2026,14252,Marseille,Paris FC,1,228707,Jeffrey de Lange,G,1,1.0,1,0.0,0.0,0.0,3.0,,0.0,0.0,4.0,0.0,0.0,0.0,0.0,0.0,0.0
401876471,2026-09-06,ligue1,2026,14252,Marseille,Paris FC,1,245243,Nayef Aguerd,CD-L,1,1.0,21,1.0,0.0,0.0,2.0,0.0,0.0,0.0,,0.0,0.0,0.0,0.0,0.0,0.0
401876471,2026-09-06,ligue1,2026,14252,Marseille,Paris FC,1,307115,CJ Egan-Riley,CD-R,1,1.0,4,1.0,3.0,0.0,3.0,0.0,0.0,0.0,,0.0,0.0,0.0,0.0,0.0,0.0
401876471,2026-09-06,ligue1,2026,14252,Marseille,Paris FC,1,159543,Pierre-Emile Højbjerg,DM,1,1.0,23,2.0,0.0,0.0,3.0,0.0,0.0,0.0,,0.0,0.0,0.0,0.0,1.0,0.0
401876471,2026-09-06,ligue1,2026,14252,Marseille,Paris FC,1,159051,Emerson,LB,1,1.0,33,0.0,1.0,0.0,3.0,0.0,0.0,0.0,,0.0,0.0,0.0,0.0,1.0,0.0
401876471,2026-09-06,ligue1,2026,14252,Marseille,Paris FC,1,266027,Timothy Weah,RB,1,1.0,22,0.0,2.0,0.0,3.0,0.0,0.0,0.0,,0.0,1.0,0.0,0.0,1.0,0.0
401876471,2026-09-06,ligue1,2026,14252,Marseille,Paris FC,1,256773,Angel Gomes,CM-L,1,1.0,7,1.0,2.0,0.0,2.0,0.0,0.0,0.0,,0.0,1.0,0.0,0.0,2.0,0.0
401876471,2026-09-06,ligue1,2026,14252,Marseille,Paris FC,1,277525,Himad Abdelli,CM-R,1,1.0,8,2.0,0.0,0.0,3.0,1.0,0.0,0.0,,0.0,0.0,0.0,0.0,1.0,0.0
401876471,2026-09-06,ligue1,2026,14252,Marseille,Paris FC,1,289114,Igor Paixão,LM,1,1.0,14,1.0,2.0,0.0,2.0,1.0,0.0,0.0,,0.0,0.0,0.0,0.0,1.0,0.0
401876471,2026-09-06,ligue1,2026,14252,Marseille,Paris FC,1,238917,Amine Harit,RM,1,1.0,77,0.0,2.0,1.0,3.0,0.0,0.0,0.0,,0.0,0.0,0.0,0.0,0.0,0.0
401876471,2026-09-06,ligue1,2026,14252,Marseille,Paris FC,1,259743,Amine Gouiri,F,1,1.0,9,0.0,0.0,0.0,3.0,0.0,0.0,0.0,,0.0,3.0,0.0,2.0,5.0,0.0
401876471,2026-09-06,ligue1,2026,14252,Marseille,Paris FC,1,178760,Neal Maupay,SUB,0,0.0,11,0.0,0.0,0.0,0.0,0.0,0.0,0.0,,0.0,0.0,0.0,0.0,0.0,0.0
401876471,2026-09-06,ligue1,2026,14252,Marseille,Paris FC,1,238712,Derek Cornelius,SUB,0,1.0,13,1.0,0.0,0.0,1.0,0.0,0.0,0.0,,0.0,0.0,1.0,0.0,0.0,0.0
401876471,2026-09-06,ligue1,2026,14252,Marseille,Paris FC,1,276160,Faris Moumbagna,SUB,0,1.0,29,0.0,0.0,0.0,0.0,0.0,0.0,0.0,,0.0,0.0,1.0,0.0,0.0,0.0
401876471,2026-09-06,ligue1,2026,14252,Marseille,Paris FC,1,411418,Tadjidine Mmadi,SUB,0,1.0,43,1.0,0.0,0.0,1.0,0.0,0.0,0.0,,0.0,0.0,1.0,0.0,1.0,0.0
401876471,2026-09-06,ligue1,2026,14252,Marseille,Paris FC,1,384005,Keyliane Abdallah,SUB,0,1.0,48,0.0,0.0,0.0,1.0,0.0,0.0,0.0,,0.0,0.0,1.0,0.0,1.0,0.0
401876471,2026-09-06,ligue1,2026,14252,Marseille,Paris FC,1,324960,Bamo Meïté,SUB,0,0.0,18,0.0,0.0,0.0,0.0,0.0,0.0,0.0,,0.0,0.0,0.0,0.0,0.0,0.0
401876471,2026-09-06,ligue1,2026,14252,Marseille,Paris FC,1,421851,Nouhoum Kamissoko,SUB,0,0.0,42,0.0,0.0,0.0,0.0,0.0,0.0,0.0,,0.0,0.0,0.0,0.0,0.0,0.0
401876471,2026-09-06,ligue1,2026,14252,Marseille,Paris FC,1,280650,Théo Vermot,SUB,0,0.0,92,0.0,0.0,0.0,0.0,,0.0,0.0,0.0,0.0,0.0,0.0,0.0,0.0,0.0
401876471,2026-09-06,ligue1,2026,14252,Marseille,Paris FC,1,220718,Ulisses Garcia,SUB,0,1.0,25,0.0,0.0,0.0,0.0,0.0,0.0,0.0,,0.0,0.0,1.0,0.0,0.0,0.0
401876471,2026-09-06,ligue1,2026,14252,Paris FC,Marseille,0,122280,Kevin Trapp,G,1,1.0,1,0.0,0.0,0.0,2.0,,0.0,0.0,3.0,0.0,0.0,0.0,0.0,0.0,0.0
401876471,2026-09-06,ligue1,2026,14252,Paris FC,Marseille,0,332549,Diego Coppola,CD,1,1.0,42,0.0,0.0,0.0,2.0,0.0,0.0,0.0,,0.0,0.0,0.0,0.0,0.0,0.0
401876471,2026-09-06,ligue1,2026,14252,Paris FC,Marseille,0,196729,Hamari Traoré,CD-L,1,1.0,14,0.0,0.0,0.0,2.0,0.0,0.0,0.0,,0.0,0.0,0.0,0.0,0.0,0.0
401876471,2026-09-06,ligue1,2026,14252,Paris FC,Marseille,0,287572,Samir Chergui,CD-R,1,1.0,31,1.0,0.0,0.0,2.0,0.0,0.0,0.0,,0.0,0.0,0.0,0.0,0.0,0.0
401876471,2026-09-06,ligue1,2026,14252,Paris FC,Marseille,0,221527,Pierre Lees-Melou,CM-L,1,1.0,33,2.0,2.0,0.0,2.0,0.0,0.0,0.0,,0.0,0.0,0.0,0.0,1.0,0.0
401876471,2026-09-06,ligue1,2026,14252,Paris FC,Marseille,0,223122,Maxime López,CM-R,1,1.0,20,0.0,0.0,0.0,2.0,0.0,0.0,0.0,,0.0,0.0,0.0,0.0,0.0,0.0
401876471,2026-09-06,ligue1,2026,14252,Paris FC,Marseille,0,341333,Luca Koleosho,LM,1,1.0,15,2.0,1.0,1.0,2.0,0.0,0.0,0.0,,0.0,1.0,0.0,0.0,4.0,0.0
401876471,2026-09-06,ligue1,2026,14252,Paris FC,Marseille,0,364746,Adama Camara,RM,1,1.0,17,0.0,1.0,0.0,2.0,1.0,0.0,0.0,,0.0,0.0,0.0,0.0,1.0,0.0
401876471,2026-09-06,ligue1,2026,14252,Paris FC,Marseille,0,271137,Lassine Sinayoko,F,1,1.0,9,1.0,3.0,0.0,2.0,0.0,0.0,0.0,,0.0,4.0,0.0,3.0,4.0,1.0
401876471,2026-09-06,ligue1,2026,14252,Paris FC,Marseille,0,334359,Pablo Pagis,CF-L,1,1.0,7,2.0,1.0,1.0,2.0,0.0,0.0,0.0,,0.0,0.0,0.0,0.0,2.0,0.0
401876471,2026-09-06,ligue1,2026,14252,Paris FC,Marseille,0,304918,Ilan Kebbal,CF-R,1,1.0,10,1.0,1.0,0.0,2.0,0.0,0.0,0.0,,0.0,1.0,0.0,0.0,3.0,0.0
401876471,2026-09-06,ligue1,2026,14252,Paris FC,Marseille,0,187647,Moses Simon,SUB,0,1.0,27,0.0,0.0,0.0,0.0,0.0,0.0,0.0,,0.0,1.0,1.0,0.0,3.0,0.0
401876471,2026-09-06,ligue1,2026,14252,Paris FC,Marseille,0,301770,Obed Nkambadio,SUB,0,0.0,16,0.0,0.0,0.0,0.0,,0.0,0.0,0.0,0.0,0.0,0.0,0.0,0.0,0.0
401876471,2026-09-06,ligue1,2026,14252,Paris FC,Marseille,0,287474,Moustapha Mbow,SUB,0,1.0,5,0.0,0.0,0.0,0.0,0.0,0.0,0.0,,0.0,0.0,1.0,0.0,0.0,0.0
401876471,2026-09-06,ligue1,2026,14252,Paris FC,Marseille,0,398780,Zabi Gueu,SUB,0,1.0,8,1.0,0.0,0.0,0.0,0.0,0.0,0.0,,0.0,0.0,1.0,0.0,0.0,0.0
401876471,2026-09-06,ligue1,2026,14252,Paris FC,Marseille,0,368334,Omar Sissoko,SUB,0,1.0,18,1.0,0.0,0.0,0.0,0.0,0.0,0.0,,0.0,0.0,1.0,0.0,0.0,0.0
401876471,2026-09-06,ligue1,2026,14252,Paris FC,Marseille,0,324325,Yoan Koré,SUB,0,0.0,25,0.0,0.0,0.0,0.0,0.0,0.0,0.0,,0.0,0.0,0.0,0.0,0.0,0.0
401876471,2026-09-06,ligue1,2026,14252,Paris FC,Marseille,0,257126,Jean-Phillipe Krasso,SUB,0,0.0,11,0.0,0.0,0.0,0.0,0.0,0.0,0.0,,0.0,0.0,0.0,0.0,0.0,0.0
401876471,2026-09-06,ligue1,2026,14252,Paris FC,Marseille,0,219153,Vincent Marchetti,SUB,0,0.0,4,0.0,0.0,0.0,0.0,0.0,0.0,0.0,,0.0,0.0,0.0,0.0,0.0,0.0
401876471,2026-09-06,ligue1,2026,14252,Paris FC,Marseille,0,402888,Rudy Matondo,SUB,0,1.0,23,1.0,0.0,0.0,0.0,0.0,0.0,0.0,,0.0,0.0,1.0,0.0,0.0,1.0
401876475,2026-09-06,ligue1,2026,14252,Angers,Stade Rennais,1,131743,Anthony Lopes,G,1,1.0,1,0.0,0.0,0.0,2.0,,0.0,0.0,4.0,0.0,0.0,0.0,0.0,0.0,0.0
401876475,2026-09-06,ligue1,2026,14252,Angers,Stade Rennais,1,191712,Jordan Lefort,CD-L,1,1.0,21,2.0,1.0,0.0,2.0,0.0,1.0,0.0,,0.0,0.0,0.0,0.0,0.0,0.0
401876475,2026-09-06,ligue1,2026,14252,Angers,Stade Rennais,1,412232,Ousmane Camara,CD-R,1,1.0,4,0.0,0.0,0.0,2.0,0.0,0.0,0.0,,0.0,0.0,0.0,0.0,1.0,0.0
401876475,2026-09-06,ligue1,2026,14252,Angers,Stade Rennais,1,377899,Joseph Kalulu Kyatengwa,LB,1,1.0,17,0.0,2.0,0.0,2.0,0.0,0.0,0.0,,0.0,0.0,0.0,0.0,1.0,1.0
401876475,2026-09-06,ligue1,2026,14252,Angers,Stade Rennais,1,218703,Carlens Arcus,RB,1,1.0,2,0.0,0.0,0.0,2.0,0.0,0.0,0.0,,0.0,1.0,0.0,1.0,2.0,0.0
401876475,2026-09-06,ligue1,2026,14252,Angers,Stade Rennais,1,314388,Amine Sbaï,AM,1,1.0,10,0.0,1.0,0.0,2.0,0.0,0.0,0.0,,0.0,0.0,0.0,0.0,3.0,0.0
401876475,2026-09-06,ligue1,2026,14252,Angers,Stade Rennais,1,196234,Branco van den Boomen,LM,1,1.0,8,1.0,1.0,1.0,2.0,0.0,0.0,0.0,,0.0,0.0,0.0,0.0,2.0,0.0
401876475,2026-09-06,ligue1,2026,14252,Angers,Stade Rennais,1,338006,Yassin Belkhdim,RM,1,1.0,14,1.0,1.0,0.0,2.0,0.0,0.0,0.0,,0.0,0.0,0.0,0.0,1.0,0.0
401876475,2026-09-06,ligue1,2026,14252,Angers,Stade Rennais,1,301262,Amine El Ouazzani,F,1,1.0,19,2.0,1.0,0.0,2.0,0.0,0.0,0.0,,0.0,0.0,0.0,0.0,3.0,0.0
401876475,2026-09-06,ligue1,2026,14252,Angers,Stade Rennais,1,379227,Anthony Bermont,AM-L,1,1.0,26,2.0,1.0,0.0,2.0,0.0,0.0,0.0,,0.0,0.0,0.0,0.0,2.0,0.0
401876475,2026-09-06,ligue1,2026,14252,Angers,Stade Rennais,1,284333,Jim Allevinah,AM-R,1,1.0,18,1.0,2.0,0.0,2.0,0.0,0.0,0.0,,0.0,1.0,0.0,0.0,1.0,0.0
401876475,2026-09-06,ligue1,2026,14252,Angers,Stade Rennais,1,403232,Prosper Peter,SUB,0,1.0,9,0.0,0.0,0.0,0.0,0.0,0.0,0.0,,0.0,0.0,1.0,0.0,0.0,0.0
401876475,2026-09-06,ligue1,2026,14252,Angers,Stade Rennais,1,357154,Lilian Raolisoa,SUB,0,1.0,27,0.0,0.0,0.0,0.0,0.0,0.0,0.0,,0.0,0.0,1.0,0.0,0.0,0.0
401876475,2026-09-06,ligue1,2026,14252,Angers,Stade Rennais,1,416401,Maël Gernigon,SUB,0,0.0,34,0.0,0.0,0.0,0.0,0.0,0.0,0.0,,0.0,0.0,0.0,0.0,0.0,0.0
401876475,2026-09-06,ligue1,2026,14252,Angers,Stade Rennais,1,394476,Marius Louãr,SUB,0,0.0,20,0.0,0.0,0.0,0.0,0.0,0.0,0.0,,0.0,0.0,0.0,0.0,0.0,0.0
401876475,2026-09-06,ligue1,2026,14252,Angers,Stade Rennais,1,412871,Harouna Djibirin,SUB,0,1.0,11,1.0,1.0,0.0,0.0,0.0,0.0,0.0,,0.0,0.0,1.0,0.0,0.0,0.0
401876475,2026-09-06,ligue1,2026,14252,Angers,Stade Rennais,1,312399,Mamadou Simbakoli,SUB,0,1.0,7,0.0,0.0,0.0,0.0,0.0,0.0,0.0,,0.0,1.0,1.0,0.0,3.0,0.0
401876475,2026-09-06,ligue1,2026,14252,Angers,Stade Rennais,1,378976,Oumar Pona,SUB,0,0.0,40,0.0,0.0,0.0,0.0,,0.0,0.0,0.0,0.0,0.0,0.0,0.0,0.0,0.0
401876475,2026-09-06,ligue1,2026,14252,Angers,Stade Rennais,1,421740,Bané Diatta,SUB,0,1.0,36,0.0,3.0,0.0,0.0,0.0,0.0,0.0,,0.0,0.0,1.0,0.0,0.0,0.0
401876475,2026-09-06,ligue1,2026,14252,Angers,Stade Rennais,1,356211,Emmanuel Biumla,SUB,0,0.0,24,0.0,0.0,0.0,0.0,0.0,0.0,0.0,,0.0,0.0,0.0,0.0,0.0,0.0
401876475,2026-09-06,ligue1,2026,14252,Stade Rennais,Angers,0,164126,Brice Samba,G,1,1.0,30,0.0,0.0,0.0,1.0,,0.0,0.0,2.0,0.0,0.0,0.0,0.0,0.0,0.0
401876475,2026-09-06,ligue1,2026,14252,Stade Rennais,Angers,0,291614,Anthony Rouault,CD-L,1,1.0,24,0.0,0.0,0.0,1.0,0.0,0.0,0.0,,0.0,0.0,0.0,0.0,1.0,0.0
401876475,2026-09-06,ligue1,2026,14252,Stade Rennais,Angers,0,307713,Charlie Cresswell,CD-R,1,1.0,4,2.0,0.0,0.0,1.0,0.0,0.0,0.0,,0.0,0.0,0.0,0.0,0.0,1.0
401876475,2026-09-06,ligue1,2026,14252,Stade Rennais,Angers,0,207136,Valentin Rongier,DM,1,1.0,21,0.0,1.0,0.0,1.0,0.0,0.0,0.0,,0.0,0.0,0.0,0.0,0.0,0.0
401876475,2026-09-06,ligue1,2026,14252,Stade Rennais,Angers,0,313890,Quentin Merlin,LB,1,1.0,26,3.0,0.0,0.0,1.0,0.0,0.0,0.0,,0.0,0.0,0.0,0.0,0.0,0.0
401876475,2026-09-06,ligue1,2026,14252,Stade Rennais,Angers,0,190806,Przemyslaw Frankowski,RB,1,1.0,95,2.0,2.0,0.0,1.0,0.0,0.0,0.0,,0.0,1.0,0.0,1.0,1.0,0.0
401876475,2026-09-06,ligue1,2026,14252,Stade Rennais,Angers,0,268966,Mahdi Camara,CM-L,1,1.0,45,6.0,1.0,0.0,1.0,0.0,0.0,0.0,,0.0,1.0,0.0,0.0,2.0,0.0
401876475,2026-09-06,ligue1,2026,14252,Stade Rennais,Angers,0,243844,Sebastian Szymanski,CM-R,1,1.0,17,0.0,1.0,1.0,1.0,0.0,0.0,0.0,,0.0,0.0,0.0,0.0,1.0,0.0
401876475,2026-09-06,ligue1,2026,14252,Stade Rennais,Angers,0,257489,Mousa Al-Tamari,LM,1,1.0,11,0.0,1.0,0.0,1.0,0.0,0.0,0.0,,0.0,0.0,0.0,0.0,0.0,0.0
401876475,2026-09-06,ligue1,2026,14252,Stade Rennais,Angers,0,223120,Ludovic Blas,RM,1,1.0,10,0.0,0.0,0.0,1.0,1.0,0.0,0.0,,0.0,0.0,0.0,0.0,3.0,0.0
401876475,2026-09-06,ligue1,2026,14252,Stade Rennais,Angers,0,323850,Esteban Lepaul,F,1,1.0,9,1.0,1.0,0.0,1.0,0.0,0.0,0.0,,0.0,3.0,0.0,0.0,6.0,0.0
401876475,2026-09-06,ligue1,2026,14252,Stade Rennais,Angers,0,173266,Adrien Thomasson,SUB,0,1.0,28,1.0,0.0,0.0,0.0,0.0,0.0,0.0,,0.0,0.0,1.0,0.0,0.0,0.0
401876475,2026-09-06,ligue1,2026,14252,Stade Rennais,Angers,0,297743,Issa Soumaré,SUB,0,1.0,90,0.0,1.0,0.0,0.0,1.0,0.0,0.0,,0.0,0.0,1.0,0.0,1.0,0.0
401876475,2026-09-06,ligue1,2026,14252,Stade Rennais,Angers,0,217668,Nicolas Lemaitre,SUB,0,0.0,16,0.0,0.0,0.0,0.0,,0.0,0.0,0.0,0.0,0.0,0.0,0.0,0.0,0.0
401876475,2026-09-06,ligue1,2026,14252,Stade Rennais,Angers,0,242738,Arnaud Nordin,SUB,0,0.0,70,0.0,0.0,0.0,0.0,0.0,0.0,0.0,,0.0,0.0,0.0,0.0,0.0,0.0
401876475,2026-09-06,ligue1,2026,14252,Stade Rennais,Angers,0,401410,Gonçalo Oliveira,SUB,0,0.0,5,0.0,0.0,0.0,0.0,0.0,0.0,0.0,,0.0,0.0,0.0,0.0,0.0,0.0
401876475,2026-09-06,ligue1,2026,14252,Stade Rennais,Angers,0,250758,Bryan Reynolds,SUB,0,0.0,14,0.0,0.0,0.0,0.0,0.0,0.0,0.0,,0.0,0.0,0.0,0.0,0.0,0.0
401876475,2026-09-06,ligue1,2026,14252,Stade Rennais,Angers,0,282381,Boulaye Dia,SUB,0,1.0,22,0.0,0.0,0.0,0.0,0.0,0.0,0.0,,0.0,0.0,1.0,0.0,0.0,0.0
401876475,2026-09-06,ligue1,2026,14252,Stade Rennais,Angers,0,372260,Mahamadou Nagida,SUB,0,1.0,18,0.0,1.0,0.0,0.0,0.0,0.0,0.0,,0.0,0.0,1.0,0.0,0.0,0.0
401876475,2026-09-06,ligue1,2026,14252,Stade Rennais,Angers,0,332862,Eliezer Mayenda,SUB,0,1.0,12,0.0,0.0,0.0,0.0,0.0,0.0,0.0,,0.0,0.0,1.0,0.0,2.0,0.0
401876459,2026-09-11,ligue1,2026,14252,Stade Rennais,Marseille,1,164126,Brice Samba,G,1,1.0,30,0.0,0.0,0.0,0.0,,0.0,0.0,5.0,0.0,0.0,0.0,0.0,0.0,0.0
401876459,2026-09-11,ligue1,2026,14252,Stade Rennais,Marseille,1,291614,Anthony Rouault,CD-L,1,1.0,24,0.0,0.0,0.0,0.0,0.0,0.0,0.0,,0.0,0.0,0.0,0.0,0.0,0.0
401876459,2026-09-11,ligue1,2026,14252,Stade Rennais,Marseille,1,307713,Charlie Cresswell,CD-R,1,1.0,4,0.0,3.0,0.0,0.0,0.0,0.0,0.0,,0.0,0.0,0.0,0.0,0.0,0.0
401876459,2026-09-11,ligue1,2026,14252,Stade Rennais,Marseille,1,207136,Valentin Rongier,DM,1,1.0,21,3.0,2.0,0.0,0.0,0.0,0.0,0.0,,0.0,2.0,0.0,0.0,2.0,0.0
401876459,2026-09-11,ligue1,2026,14252,Stade Rennais,Marseille,1,372260,Mahamadou Nagida,LB,1,1.0,18,0.0,1.0,0.0,0.0,0.0,0.0,0.0,,0.0,0.0,0.0,0.0,0.0,0.0
401876459,2026-09-11,ligue1,2026,14252,Stade Rennais,Marseille,1,190806,Przemyslaw Frankowski,RB,1,1.0,95,2.0,1.0,0.0,0.0,0.0,0.0,0.0,,0.0,0.0,0.0,0.0,1.0,1.0
401876459,2026-09-11,ligue1,2026,14252,Stade Rennais,Marseille,1,268966,Mahdi Camara,CM-L,1,1.0,45,0.0,2.0,0.0,0.0,0.0,0.0,0.0,,0.0,0.0,0.0,0.0,2.0,0.0
401876459,2026-09-11,ligue1,2026,14252,Stade Rennais,Marseille,1,173266,Adrien Thomasson,CM-R,1,1.0,28,2.0,1.0,0.0,0.0,0.0,0.0,0.0,,0.0,1.0,0.0,1.0,3.0,0.0
401876459,2026-09-11,ligue1,2026,14252,Stade Rennais,Marseille,1,297743,Issa Soumaré,LM,1,1.0,90,1.0,0.0,0.0,0.0,0.0,0.0,0.0,,0.0,1.0,0.0,0.0,2.0,0.0
401876459,2026-09-11,ligue1,2026,14252,Stade Rennais,Marseille,1,223120,Ludovic Blas,RM,1,1.0,10,4.0,1.0,0.0,0.0,0.0,0.0,0.0,,0.0,2.0,0.0,0.0,3.0,0.0
401876459,2026-09-11,ligue1,2026,14252,Stade Rennais,Marseille,1,323850,Esteban Lepaul,F,1,1.0,9,0.0,0.0,0.0,0.0,0.0,0.0,0.0,,0.0,0.0,0.0,0.0,2.0,0.0
401876459,2026-09-11,ligue1,2026,14252,Stade Rennais,Marseille,1,376339,Abdelhamid Aït Boudlal,SUB,0,0.0,48,0.0,0.0,0.0,0.0,0.0,0.0,0.0,,0.0,0.0,0.0,0.0,0.0,0.0
401876459,2026-09-11,ligue1,2026,14252,Stade Rennais,Marseille,1,398977,Henrick Do Marcolino,SUB,0,0.0,65,0.0,0.0,0.0,0.0,0.0,0.0,0.0,,0.0,0.0,0.0,0.0,0.0,0.0
401876459,2026-09-11,ligue1,2026,14252,Stade Rennais,Marseille,1,332862,Eliezer Mayenda,SUB,0,1.0,12,0.0,2.0,0.0,0.0,0.0,0.0,0.0,,0.0,0.0,1.0,0.0,1.0,0.0
401876459,2026-09-11,ligue1,2026,14252,Stade Rennais,Marseille,1,313890,Quentin Merlin,SUB,0,0.0,26,0.0,0.0,0.0,0.0,0.0,0.0,0.0,,0.0,0.0,0.0,0.0,0.0,0.0
401876459,2026-09-11,ligue1,2026,14252,Stade Rennais,Marseille,1,282381,Boulaye Dia,SUB,0,1.0,22,0.0,0.0,0.0,0.0,0.0,0.0,0.0,,0.0,0.0,1.0,0.0,1.0,0.0
401876459,2026-09-11,ligue1,2026,14252,Stade Rennais,Marseille,1,257489,Mousa Al-Tamari,SUB,0,1.0,11,1.0,0.0,0.0,0.0,1.0,0.0,0.0,,0.0,1.0,1.0,0.0,3.0,0.0
401876459,2026-09-11,ligue1,2026,14252,Stade Rennais,Marseille,1,250758,Bryan Reynolds,SUB,0,1.0,14,1.0,0.0,0.0,0.0,0.0,0.0,0.0,,0.0,0.0,1.0,0.0,0.0,0.0
401876459,2026-09-11,ligue1,2026,14252,Stade Rennais,Marseille,1,217668,Nicolas Lemaitre,SUB,0,0.0,16,0.0,0.0,0.0,0.0,,0.0,0.0,0.0,0.0,0.0,0.0,0.0,0.0,0.0
401876459,2026-09-11,ligue1,2026,14252,Stade Rennais,Marseille,1,243844,Sebastian Szymanski,SUB,0,1.0,17,1.0,0.0,0.0,0.0,0.0,0.0,0.0,,0.0,0.0,1.0,0.0,0.0,0.0
401876459,2026-09-11,ligue1,2026,14252,Marseille,Stade Rennais,0,228707,Jeffrey de Lange,G,1,1.0,1,0.0,0.0,0.0,1.0,,0.0,0.0,6.0,0.0,0.0,0.0,0.0,0.0,0.0
401876459,2026-09-11,ligue1,2026,14252,Marseille,Stade Rennais,0,245243,Nayef Aguerd,CD-L,1,1.0,21,0.0,0.0,0.0,1.0,0.0,0.0,0.0,,0.0,0.0,0.0,0.0,0.0,0.0
401876459,2026-09-11,ligue1,2026,14252,Marseille,Stade Rennais,0,307115,CJ Egan-Riley,CD-R,1,1.0,4,0.0,1.0,0.0,1.0,0.0,0.0,0.0,,0.0,0.0,0.0,0.0,0.0,0.0
401876459,2026-09-11,ligue1,2026,14252,Marseille,Stade Rennais,0,159543,Pierre-Emile Højbjerg,DM,1,1.0,23,1.0,1.0,0.0,1.0,0.0,0.0,0.0,,0.0,1.0,0.0,0.0,3.0,0.0
401876459,2026-09-11,ligue1,2026,14252,Marseille,Stade Rennais,0,159051,Emerson,LB,1,1.0,33,0.0,3.0,0.0,1.0,0.0,0.0,0.0,,0.0,0.0,0.0,0.0,1.0,0.0
401876459,2026-09-11,ligue1,2026,14252,Marseille,Stade Rennais,0,266027,Timothy Weah,RB,1,1.0,22,3.0,2.0,0.0,1.0,0.0,0.0,0.0,,0.0,1.0,0.0,0.0,1.0,1.0
401876459,2026-09-11,ligue1,2026,14252,Marseille,Stade Rennais,0,277525,Himad Abdelli,CM-L,1,1.0,8,1.0,0.0,0.0,1.0,0.0,0.0,0.0,,0.0,0.0,0.0,0.0,0.0,1.0
401876459,2026-09-11,ligue1,2026,14252,Marseille,Stade Rennais,0,256773,Angel Gomes,CM-R,1,1.0,7,1.0,0.0,0.0,1.0,0.0,0.0,0.0,,0.0,0.0,0.0,0.0,1.0,0.0
401876459,2026-09-11,ligue1,2026,14252,Marseille,Stade Rennais,0,289114,Igor Paixão,LM,1,1.0,14,4.0,2.0,0.0,1.0,0.0,0.0,0.0,,0.0,1.0,0.0,0.0,2.0,1.0
401876459,2026-09-11,ligue1,2026,14252,Marseille,Stade Rennais,0,238917,Amine Harit,RM,1,1.0,77,1.0,3.0,0.0,1.0,1.0,0.0,0.0,,0.0,1.0,0.0,0.0,2.0,1.0
401876459,2026-09-11,ligue1,2026,14252,Marseille,Stade Rennais,0,259743,Amine Gouiri,F,1,1.0,9,1.0,0.0,0.0,1.0,0.0,0.0,0.0,,0.0,0.0,0.0,0.0,2.0,0.0
401876459,2026-09-11,ligue1,2026,14252,Marseille,Stade Rennais,0,280650,Théo Vermot,SUB,0,0.0,92,0.0,0.0,0.0,0.0,,0.0,0.0,0.0,0.0,0.0,0.0,0.0,0.0,0.0
401876459,2026-09-11,ligue1,2026,14252,Marseille,Stade Rennais,0,276160,Faris Moumbagna,SUB,0,1.0,29,0.0,0.0,0.0,0.0,0.0,0.0,0.0,,0.0,0.0,1.0,0.0,0.0,0.0
401876459,2026-09-11,ligue1,2026,14252,Marseille,Stade Rennais,0,421851,Nouhoum Kamissoko,SUB,0,0.0,42,0.0,0.0,0.0,0.0,0.0,0.0,0.0,,0.0,0.0,0.0,0.0,0.0,0.0
401876459,2026-09-11,ligue1,2026,14252,Marseille,Stade Rennais,0,411418,Tadjidine Mmadi,SUB,0,1.0,43,0.0,1.0,0.0,0.0,0.0,0.0,0.0,,0.0,0.0,1.0,0.0,0.0,0.0
401876459,2026-09-11,ligue1,2026,14252,Marseille,Stade Rennais,0,384005,Keyliane Abdallah,SUB,0,1.0,48,1.0,0.0,0.0,0.0,0.0,0.0,0.0,,0.0,0.0,1.0,0.0,0.0,0.0
401876459,2026-09-11,ligue1,2026,14252,Marseille,Stade Rennais,0,220718,Ulisses Garcia,SUB,0,0.0,25,0.0,0.0,0.0,0.0,0.0,0.0,0.0,,0.0,0.0,0.0,0.0,0.0,0.0
401876459,2026-09-11,ligue1,2026,14252,Marseille,Stade Rennais,0,238712,Derek Cornelius,SUB,0,1.0,13,0.0,0.0,0.0,0.0,0.0,0.0,0.0,,0.0,1.0,1.0,0.0,1.0,0.0
401876459,2026-09-11,ligue1,2026,14252,Marseille,Stade Rennais,0,178760,Neal Maupay,SUB,0,1.0,11,0.0,0.0,0.0,0.0,0.0,0.0,0.0,,0.0,0.0,1.0,0.0,0.0,0.0
401876459,2026-09-11,ligue1,2026,14252,Marseille,Stade Rennais,0,324960,Bamo Meïté,SUB,0,0.0,18,0.0,0.0,0.0,0.0,0.0,0.0,0.0,,0.0,0.0,0.0,0.0,0.0,0.0
401876458,2026-09-12,ligue1,2026,14252,Strasbourg,AS Monaco,1,304256,Filip Jørgensen,G,1,1.0,1,0.0,1.0,0.0,1.0,,0.0,0.0,2.0,0.0,0.0,0.0,0.0,0.0,0.0
401876458,2026-09-12,ligue1,2026,14252,Strasbourg,AS Monaco,1,305935,Ismael Doukoure,CD-L,1,1.0,6,1.0,0.0,0.0,1.0,0.0,0.0,0.0,,0.0,0.0,0.0,0.0,0.0,0.0
401876458,2026-09-12,ligue1,2026,14252,Strasbourg,AS Monaco,1,362926,Jeyland Mitchell,CD-R,1,1.0,4,0.0,0.0,0.0,1.0,0.0,0.0,0.0,,0.0,0.0,0.0,0.0,0.0,0.0
401876458,2026-09-12,ligue1,2026,14252,Strasbourg,AS Monaco,1,377782,Oso,LB,1,1.0,36,0.0,2.0,0.0,1.0,0.0,0.0,0.0,,0.0,0.0,0.0,0.0,4.0,0.0
401876458,2026-09-12,ligue1,2026,14252,Strasbourg,AS Monaco,1,374221,Genesis Antwi,RB,1,1.0,16,1.0,0.0,0.0,1.0,0.0,0.0,0.0,,0.0,0.0,0.0,0.0,1.0,0.0
401876458,2026-09-12,ligue1,2026,14252,Strasbourg,AS Monaco,1,353378,Pape Diop,CM,1,1.0,21,1.0,0.0,0.0,1.0,0.0,0.0,0.0,,0.0,0.0,0.0,0.0,2.0,1.0
401876458,2026-09-12,ligue1,2026,14252,Strasbourg,AS Monaco,1,290230,Giovanni Reyna,LM,1,1.0,10,1.0,2.0,0.0,1.0,0.0,0.0,0.0,,0.0,0.0,0.0,0.0,1.0,0.0
401876458,2026-09-12,ligue1,2026,14252,Strasbourg,AS Monaco,1,368325,Diogo Sousa,RM,1,1.0,23,0.0,0.0,0.0,0.0,0.0,0.0,0.0,,0.0,0.0,0.0,0.0,0.0,0.0
401876458,2026-09-12,ligue1,2026,14252,Strasbourg,AS Monaco,1,3117410,Jacobo Ortega Conde,F,1,1.0,30,2.0,0.0,0.0,0.0,0.0,0.0,0.0,,0.0,0.0,0.0,0.0,1.0,0.0
401876458,2026-09-12,ligue1,2026,14252,Strasbourg,AS Monaco,1,303787,Sebastian Nanasi,LF,1,1.0,11,1.0,0.0,0.0,1.0,0.0,0.0,0.0,,0.0,1.0,0.0,0.0,2.0,0.0
401876458,2026-09-12,ligue1,2026,14252,Strasbourg,AS Monaco,1,379012,Gessime Yassine,RF,1,1.0,80,1.0,2.0,0.0,1.0,0.0,0.0,0.0,,0.0,1.0,0.0,0.0,2.0,0.0
401876458,2026-09-12,ligue1,2026,14252,Strasbourg,AS Monaco,1,359934,Lucas Høgsberg,SUB,0,0.0,24,0.0,0.0,0.0,0.0,0.0,0.0,0.0,,0.0,0.0,0.0,0.0,0.0,0.0
401876458,2026-09-12,ligue1,2026,14252,Strasbourg,AS Monaco,1,371973,Milosz Piekutowski,SUB,0,0.0,12,0.0,0.0,0.0,0.0,,0.0,0.0,0.0,0.0,0.0,0.0,0.0,0.0,0.0
401876458,2026-09-12,ligue1,2026,14252,Strasbourg,AS Monaco,1,362794,Conrad Harder,SUB,0,1.0,40,1.0,0.0,0.0,1.0,0.0,0.0,0.0,,0.0,0.0,1.0,0.0,0.0,0.0
401876458,2026-09-12,ligue1,2026,14252,Strasbourg,AS Monaco,1,418506,Tyrese Noubissie,SUB,0,0.0,28,0.0,0.0,0.0,0.0,0.0,0.0,0.0,,0.0,0.0,0.0,0.0,0.0,0.0
401876458,2026-09-12,ligue1,2026,14252,Strasbourg,AS Monaco,1,224074,Karim Coulibaly,SUB,0,1.0,31,0.0,0.0,0.0,0.0,0.0,0.0,0.0,,0.0,0.0,1.0,0.0,0.0,0.0
401876458,2026-09-12,ligue1,2026,14252,Strasbourg,AS Monaco,1,380238,Benjamin Brantlind,SUB,0,0.0,45,0.0,0.0,0.0,0.0,0.0,0.0,0.0,,0.0,0.0,0.0,0.0,0.0,0.0
401876458,2026-09-12,ligue1,2026,14252,Strasbourg,AS Monaco,1,378491,Samir El Mourabet,SUB,0,1.0,29,0.0,0.0,0.0,0.0,0.0,0.0,0.0,,0.0,0.0,1.0,0.0,0.0,0.0
401876458,2026-09-12,ligue1,2026,14252,Strasbourg,AS Monaco,1,350501,Samuel Amo-Ameyaw,SUB,0,1.0,7,0.0,0.0,0.0,0.0,0.0,0.0,0.0,,0.0,0.0,1.0,0.0,0.0,0.0
401876458,2026-09-12,ligue1,2026,14252,Strasbourg,AS Monaco,1,316560,Dário Essugo,SUB,0,1.0,14,0.0,3.0,0.0,1.0,0.0,0.0,0.0,,0.0,0.0,1.0,0.0,0.0,0.0
401876458,2026-09-12,ligue1,2026,14252,AS Monaco,Strasbourg,0,134169,Lukas Hradecky,G,1,1.0,1,0.0,0.0,0.0,1.0,,0.0,0.0,2.0,0.0,0.0,0.0,0.0,0.0,0.0
401876458,2026-09-12,ligue1,2026,14252,AS Monaco,Strasbourg,0,155532,Eric Dier,CD-L,1,1.0,15,1.0,0.0,0.0,1.0,0.0,0.0,0.0,,0.0,0.0,0.0,0.0,2.0,0.0
401876458,2026-09-12,ligue1,2026,14252,AS Monaco,Strasbourg,0,362288,Sadibou Sané,CD-R,1,1.0,72,1.0,2.0,0.0,1.0,0.0,1.0,0.0,,0.0,0.0,0.0,0.0,0.0,0.0
401876458,2026-09-12,ligue1,2026,14252,AS Monaco,Strasbourg,0,316559,Názinho,LB,1,1.0,20,1.0,0.0,0.0,1.0,0.0,0.0,0.0,,0.0,0.0,0.0,0.0,0.0,0.0
401876458,2026-09-12,ligue1,2026,14252,AS Monaco,Strasbourg,0,310640,Vanderson,RB,1,1.0,2,1.0,0.0,0.0,1.0,0.0,0.0,0.0,,0.0,0.0,0.0,0.0,1.0,0.0
401876458,2026-09-12,ligue1,2026,14252,AS Monaco,Strasbourg,0,195501,Aleksandr Golovin,AM,1,1.0,10,3.0,1.0,0.0,1.0,0.0,0.0,0.0,,0.0,0.0,0.0,0.0,2.0,1.0
401876458,2026-09-12,ligue1,2026,14252,AS Monaco,Strasbourg,0,222628,Denis Zakaria,LM,1,1.0,6,1.0,0.0,0.0,1.0,1.0,0.0,0.0,,0.0,1.0,0.0,0.0,2.0,0.0
401876458,2026-09-12,ligue1,2026,14252,AS Monaco,Strasbourg,0,38721,Lamine Camara,RM,1,1.0,8,1.0,3.0,1.0,1.0,0.0,0.0,0.0,,0.0,0.0,0.0,0.0,1.0,0.0
401876458,2026-09-12,ligue1,2026,14252,AS Monaco,Strasbourg,0,365789,Paris Brunner,F,1,1.0,29,1.0,2.0,0.0,1.0,2.0,0.0,0.0,,0.0,2.0,0.0,1.0,3.0,0.0
401876458,2026-09-12,ligue1,2026,14252,AS Monaco,Strasbourg,0,356925,Stanis Idumbo,AM-L,1,1.0,17,0.0,1.0,0.0,1.0,0.0,0.0,0.0,,0.0,0.0,0.0,0.0,0.0,0.0
401876458,2026-09-12,ligue1,2026,14252,AS Monaco,Strasbourg,0,3124795,Anis Soubeir,AM-R,1,1.0,46,0.0,0.0,0.0,0.0,0.0,0.0,0.0,,0.0,0.0,0.0,0.0,1.0,0.0
401876458,2026-09-12,ligue1,2026,14252,AS Monaco,Strasbourg,0,411027,Ilane Touré,SUB,0,0.0,49,0.0,0.0,0.0,0.0,0.0,0.0,0.0,,0.0,0.0,0.0,0.0,0.0,0.0
401876458,2026-09-12,ligue1,2026,14252,AS Monaco,Strasbourg,0,350525,Christian Mawissa,SUB,0,0.0,13,0.0,0.0,0.0,0.0,0.0,0.0,0.0,,0.0,0.0,0.0,0.0,0.0,0.0
401876458,2026-09-12,ligue1,2026,14252,AS Monaco,Strasbourg,0,318389,Matthis Abline,SUB,0,1.0,11,0.0,0.0,0.0,1.0,0.0,0.0,0.0,,0.0,0.0,1.0,0.0,0.0,0.0
401876458,2026-09-12,ligue1,2026,14252,AS Monaco,Strasbourg,0,258875,Philipp Köhn,SUB,0,0.0,16,0.0,0.0,0.0,0.0,,0.0,0.0,0.0,0.0,0.0,0.0,0.0,0.0,0.0
401876458,2026-09-12,ligue1,2026,14252,AS Monaco,Strasbourg,0,308552,Mika Biereth,SUB,0,0.0,14,0.0,0.0,0.0,0.0,0.0,0.0,0.0,,0.0,0.0,0.0,0.0,0.0,0.0
401876458,2026-09-12,ligue1,2026,14252,AS Monaco,Strasbourg,0,397994,Mathys Detourbet,SUB,0,1.0,7,0.0,0.0,0.0,0.0,0.0,0.0,0.0,,0.0,0.0,1.0,0.0,0.0,0.0
401876458,2026-09-12,ligue1,2026,14252,AS Monaco,Strasbourg,0,277718,Mohammed Salisu,SUB,0,0.0,22,0.0,0.0,0.0,0.0,0.0,0.0,0.0,,0.0,0.0,0.0,0.0,0.0,0.0
401876458,2026-09-12,ligue1,2026,14252,AS Monaco,Strasbourg,0,411449,Pape Cabral,SUB,0,0.0,19,0.0,0.0,0.0,0.0,0.0,0.0,0.0,,0.0,0.0,0.0,0.0,0.0,0.0
401876458,2026-09-12,ligue1,2026,14252,AS Monaco,Strasbourg,0,3124794,Safouane Benzahra,SUB,0,0.0,47,0.0,0.0,0.0,0.0,0.0,0.0,0.0,,0.0,0.0,0.0,0.0,0.0,0.0
401876460,2026-09-12,ligue1,2026,14252,Paris FC,Lyon,1,122280,Kevin Trapp,G,1,1.0,1,0.0,0.0,0.0,0.0,,0.0,0.0,0.0,0.0,0.0,0.0,0.0,0.0,0.0
401876460,2026-09-12,ligue1,2026,14252,Paris FC,Lyon,1,332549,Diego Coppola,CD-L,1,1.0,42,1.0,0.0,0.0,0.0,0.0,0.0,0.0,,0.0,0.0,0.0,0.0,0.0,1.0
401876460,2026-09-12,ligue1,2026,14252,Paris FC,Lyon,1,287572,Samir Chergui,CD-R,1,1.0,31,3.0,0.0,0.0,0.0,0.0,0.0,0.0,,0.0,0.0,0.0,0.0,0.0,0.0
401876460,2026-09-12,ligue1,2026,14252,Paris FC,Lyon,1,196729,Hamari Traoré,LB,1,1.0,14,2.0,1.0,0.0,0.0,0.0,0.0,0.0,,0.0,0.0,0.0,0.0,0.0,1.0
401876460,2026-09-12,ligue1,2026,14252,Paris FC,Lyon,1,364746,Adama Camara,RB,1,1.0,17,0.0,1.0,0.0,0.0,0.0,0.0,0.0,,0.0,0.0,0.0,0.0,0.0,0.0
401876460,2026-09-12,ligue1,2026,14252,Paris FC,Lyon,1,334359,Pablo Pagis,AM,1,1.0,7,1.0,0.0,0.0,0.0,1.0,0.0,0.0,,0.0,0.0,0.0,0.0,1.0,0.0
401876460,2026-09-12,ligue1,2026,14252,Paris FC,Lyon,1,221527,Pierre Lees-Melou,LM,1,1.0,33,1.0,2.0,0.0,0.0,0.0,0.0,0.0,,0.0,0.0,0.0,0.0,0.0,0.0
401876460,2026-09-12,ligue1,2026,14252,Paris FC,Lyon,1,223122,Maxime López,RM,1,1.0,20,2.0,0.0,0.0,0.0,0.0,0.0,0.0,,0.0,1.0,0.0,0.0,1.0,0.0
401876460,2026-09-12,ligue1,2026,14252,Paris FC,Lyon,1,271137,Lassine Sinayoko,F,1,1.0,9,2.0,2.0,0.0,0.0,1.0,0.0,0.0,,0.0,2.0,0.0,0.0,2.0,0.0
401876460,2026-09-12,ligue1,2026,14252,Paris FC,Lyon,1,341333,Luca Koleosho,AM-L,1,1.0,15,3.0,1.0,0.0,0.0,0.0,0.0,0.0,,0.0,0.0,0.0,0.0,1.0,0.0
401876460,2026-09-12,ligue1,2026,14252,Paris FC,Lyon,1,304918,Ilan Kebbal,AM-R,1,1.0,10,2.0,5.0,0.0,0.0,0.0,0.0,0.0,,0.0,1.0,0.0,0.0,1.0,0.0
401876460,2026-09-12,ligue1,2026,14252,Paris FC,Lyon,1,219153,Vincent Marchetti,SUB,0,0.0,4,0.0,0.0,0.0,0.0,0.0,0.0,0.0,,0.0,0.0,0.0,0.0,0.0,0.0
401876460,2026-09-12,ligue1,2026,14252,Paris FC,Lyon,1,402888,Rudy Matondo,SUB,0,1.0,23,0.0,0.0,0.0,0.0,0.0,0.0,0.0,,0.0,0.0,1.0,0.0,0.0,0.0
401876460,2026-09-12,ligue1,2026,14252,Paris FC,Lyon,1,368334,Omar Sissoko,SUB,0,0.0,18,0.0,0.0,0.0,0.0,0.0,0.0,0.0,,0.0,0.0,0.0,0.0,0.0,0.0
401876460,2026-09-12,ligue1,2026,14252,Paris FC,Lyon,1,287474,Moustapha Mbow,SUB,0,0.0,5,0.0,0.0,0.0,0.0,0.0,0.0,0.0,,0.0,0.0,0.0,0.0,0.0,0.0
401876460,2026-09-12,ligue1,2026,14252,Paris FC,Lyon,1,301770,Obed Nkambadio,SUB,0,0.0,16,0.0,0.0,0.0,0.0,,0.0,0.0,0.0,0.0,0.0,0.0,0.0,0.0,0.0
401876460,2026-09-12,ligue1,2026,14252,Paris FC,Lyon,1,187647,Moses Simon,SUB,0,1.0,27,0.0,1.0,0.0,0.0,0.0,0.0,0.0,,0.0,0.0,1.0,0.0,0.0,0.0
401876460,2026-09-12,ligue1,2026,14252,Paris FC,Lyon,1,225559,Jonathan Ikoné,SUB,0,1.0,93,2.0,0.0,0.0,0.0,0.0,0.0,0.0,,0.0,0.0,1.0,0.0,0.0,0.0
401876460,2026-09-12,ligue1,2026,14252,Paris FC,Lyon,1,398780,Zabi Gueu,SUB,0,0.0,8,0.0,0.0,0.0,0.0,0.0,0.0,0.0,,0.0,0.0,0.0,0.0,0.0,0.0
401876460,2026-09-12,ligue1,2026,14252,Paris FC,Lyon,1,324325,Yoan Koré,SUB,0,0.0,25,0.0,0.0,0.0,0.0,0.0,0.0,0.0,,0.0,0.0,0.0,0.0,0.0,0.0
401876460,2026-09-12,ligue1,2026,14252,Lyon,Paris FC,0,221278,Dominik Greif,G,1,1.0,1,0.0,1.0,0.0,0.0,,0.0,0.0,4.0,0.0,0.0,0.0,0.0,0.0,0.0
401876460,2026-09-12,ligue1,2026,14252,Lyon,Paris FC,0,213181,Moussa Niakhaté,CD-L,1,1.0,19,3.0,1.0,0.0,0.0,0.0,0.0,0.0,,0.0,0.0,0.0,0.0,0.0,0.0
401876460,2026-09-12,ligue1,2026,14252,Lyon,Paris FC,0,320945,Felix Bacher,CD-R,1,1.0,20,0.0,2.0,0.0,0.0,0.0,0.0,0.0,,0.0,1.0,0.0,0.0,1.0,0.0
401876460,2026-09-12,ligue1,2026,14252,Lyon,Paris FC,0,285088,Abner,LB,1,1.0,16,2.0,0.0,0.0,0.0,0.0,0.0,0.0,,0.0,0.0,0.0,0.0,0.0,0.0
401876460,2026-09-12,ligue1,2026,14252,Lyon,Paris FC,0,370758,Zachary Athekame,RB,1,1.0,13,3.0,2.0,0.0,0.0,0.0,0.0,0.0,,0.0,0.0,0.0,0.0,0.0,0.0
401876460,2026-09-12,ligue1,2026,14252,Lyon,Paris FC,0,305545,Pavel Sulc,AM,1,1.0,10,0.0,1.0,0.0,0.0,0.0,0.0,0.0,,0.0,0.0,0.0,0.0,2.0,0.0
401876460,2026-09-12,ligue1,2026,14252,Lyon,Paris FC,0,298522,Tyler Morton,LM,1,1.0,23,1.0,0.0,0.0,0.0,0.0,0.0,0.0,,0.0,0.0,0.0,0.0,0.0,0.0
401876460,2026-09-12,ligue1,2026,14252,Lyon,Paris FC,0,290401,Mads Bidstrup,RM,1,1.0,2,1.0,2.0,0.0,0.0,0.0,0.0,0.0,,0.0,0.0,0.0,0.0,0.0,0.0
401876460,2026-09-12,ligue1,2026,14252,Lyon,Paris FC,0,276265,Loïs Openda,F,1,1.0,17,3.0,4.0,0.0,0.0,0.0,0.0,0.0,,0.0,0.0,0.0,0.0,0.0,1.0
401876460,2026-09-12,ligue1,2026,14252,Lyon,Paris FC,0,192060,Corentin Tolisso,AM-L,1,1.0,8,0.0,3.0,0.0,0.0,0.0,0.0,0.0,,0.0,0.0,0.0,0.0,0.0,0.0
401876460,2026-09-12,ligue1,2026,14252,Lyon,Paris FC,0,333310,Ernest Nuamah,AM-R,1,1.0,7,0.0,1.0,0.0,0.0,0.0,0.0,0.0,,0.0,0.0,0.0,0.0,2.0,0.0
401876460,2026-09-12,ligue1,2026,14252,Lyon,Paris FC,0,145190,Nicolás Tagliafico,SUB,0,0.0,3,0.0,0.0,0.0,0.0,0.0,0.0,0.0,,0.0,0.0,0.0,0.0,0.0,0.0
401876460,2026-09-12,ligue1,2026,14252,Lyon,Paris FC,0,222175,Rémy Descamps,SUB,0,0.0,40,0.0,0.0,0.0,0.0,,0.0,0.0,0.0,0.0,0.0,0.0,0.0,0.0,0.0
401876460,2026-09-12,ligue1,2026,14252,Lyon,Paris FC,0,214649,Clinton Mata,SUB,0,0.0,22,0.0,0.0,0.0,0.0,0.0,0.0,0.0,,0.0,0.0,0.0,0.0,0.0,0.0
401876460,2026-09-12,ligue1,2026,14252,Lyon,Paris FC,0,365562,Noah Nartey,SUB,0,0.0,99,0.0,0.0,0.0,0.0,0.0,0.0,0.0,,0.0,0.0,0.0,0.0,0.0,0.0
401876460,2026-09-12,ligue1,2026,14252,Lyon,Paris FC,0,303308,Tanner Tessmann,SUB,0,1.0,6,0.0,1.0,0.0,0.0,0.0,0.0,0.0,,0.0,0.0,1.0,0.0,0.0,0.0
401876460,2026-09-12,ligue1,2026,14252,Lyon,Paris FC,0,301354,Ruben Kluivert,SUB,0,0.0,21,0.0,0.0,0.0,0.0,0.0,0.0,0.0,,0.0,0.0,0.0,0.0,0.0,0.0
401876460,2026-09-12,ligue1,2026,14252,Lyon,Paris FC,0,265953,Keito Nakamura,SUB,0,1.0,11,0.0,0.0,0.0,0.0,0.0,0.0,0.0,,0.0,0.0,1.0,0.0,0.0,0.0
401876460,2026-09-12,ligue1,2026,14252,Lyon,Paris FC,0,379066,Kail Boudache,SUB,0,1.0,26,0.0,0.0,0.0,0.0,1.0,0.0,0.0,,0.0,0.0,1.0,0.0,0.0,0.0
401876460,2026-09-12,ligue1,2026,14252,Lyon,Paris FC,0,408345,Khalis Merah,SUB,0,0.0,18,0.0,0.0,0.0,0.0,0.0,0.0,0.0,,0.0,0.0,0.0,0.0,0.0,0.0
401876461,2026-09-12,ligue1,2026,14252,Lorient,Toulouse,1,199381,Yvon Mvogo,G,1,1.0,38,0.0,0.0,0.0,2.0,,0.0,0.0,2.0,0.0,0.0,0.0,0.0,0.0,0.0
401876461,2026-09-12,ligue1,2026,14252,Lorient,Toulouse,1,265099,Montassar Talbi,CD,1,1.0,3,0.0,1.0,0.0,2.0,0.0,0.0,0.0,,0.0,1.0,0.0,0.0,2.0,0.0
401876461,2026-09-12,ligue1,2026,14252,Lorient,Toulouse,1,345563,Nathaniel Adjei,CD-L,1,1.0,32,1.0,2.0,0.0,2.0,0.0,0.0,0.0,,0.0,0.0,0.0,0.0,0.0,0.0
401876461,2026-09-12,ligue1,2026,14252,Lorient,Toulouse,1,347940,Dembo Sylla,CD-R,1,1.0,20,1.0,1.0,0.0,2.0,0.0,0.0,0.0,,0.0,0.0,0.0,0.0,0.0,0.0
401876461,2026-09-12,ligue1,2026,14252,Lorient,Toulouse,1,315454,Noah Mbamba,CM-L,1,1.0,72,2.0,2.0,0.0,2.0,0.0,0.0,0.0,,0.0,1.0,0.0,1.0,1.0,0.0
401876461,2026-09-12,ligue1,2026,14252,Lorient,Toulouse,1,315215,Noah Cadiou,CM-R,1,1.0,8,0.0,0.0,0.0,2.0,0.0,0.0,0.0,,0.0,0.0,0.0,0.0,1.0,0.0
401876461,2026-09-12,ligue1,2026,14252,Lorient,Toulouse,1,381626,Arsène Kouassi,LM,1,1.0,43,1.0,2.0,0.0,2.0,0.0,0.0,0.0,,0.0,0.0,0.0,0.0,1.0,0.0
401876461,2026-09-12,ligue1,2026,14252,Lorient,Toulouse,1,364754,Panos Katseris,RM,1,1.0,77,0.0,1.0,2.0,1.0,0.0,0.0,0.0,,0.0,0.0,0.0,0.0,0.0,1.0
401876461,2026-09-12,ligue1,2026,14252,Lorient,Toulouse,1,324565,Ibrahima Baldé,F,1,1.0,18,2.0,0.0,0.0,2.0,0.0,0.0,0.0,,0.0,1.0,0.0,1.0,1.0,0.0
401876461,2026-09-12,ligue1,2026,14252,Lorient,Toulouse,1,225557,Jean-Victor Makengo,CF-L,1,1.0,17,0.0,5.0,0.0,2.0,0.0,0.0,0.0,,0.0,0.0,0.0,0.0,2.0,0.0
401876461,2026-09-12,ligue1,2026,14252,Lorient,Toulouse,1,397392,Gabin Bernardeau,CF-R,1,1.0,33,0.0,2.0,0.0,1.0,0.0,0.0,0.0,,0.0,0.0,0.0,0.0,0.0,0.0
401876461,2026-09-12,ligue1,2026,14252,Lorient,Toulouse,1,368592,Nosa Obaretin,SUB,0,0.0,55,0.0,0.0,0.0,0.0,0.0,0.0,0.0,,0.0,0.0,0.0,0.0,0.0,0.0
401876461,2026-09-12,ligue1,2026,14252,Lorient,Toulouse,1,355870,Arthur Avom,SUB,0,1.0,62,0.0,0.0,0.0,0.0,0.0,0.0,0.0,,0.0,0.0,1.0,0.0,0.0,0.0
401876461,2026-09-12,ligue1,2026,14252,Lorient,Toulouse,1,258100,Tosin Aiyegun,SUB,0,0.0,15,0.0,0.0,0.0,0.0,0.0,0.0,0.0,,0.0,0.0,0.0,0.0,0.0,0.0
401876461,2026-09-12,ligue1,2026,14252,Lorient,Toulouse,1,325992,Théo Le Bris,SUB,0,1.0,11,1.0,0.0,0.0,1.0,0.0,0.0,0.0,,0.0,0.0,1.0,0.0,1.0,0.0
401876461,2026-09-12,ligue1,2026,14252,Lorient,Toulouse,1,221548,Alec Georgen,SUB,0,0.0,2,0.0,0.0,0.0,0.0,0.0,0.0,0.0,,0.0,0.0,0.0,0.0,0.0,0.0
401876461,2026-09-12,ligue1,2026,14252,Lorient,Toulouse,1,207369,Bingourou Kamara,SUB,0,0.0,21,0.0,0.0,0.0,0.0,,0.0,0.0,0.0,0.0,0.0,0.0,0.0,0.0,0.0
401876461,2026-09-12,ligue1,2026,14252,Lorient,Toulouse,1,416429,Mamadou Koné,SUB,0,1.0,42,0.0,1.0,0.0,0.0,0.0,0.0,0.0,,0.0,0.0,1.0,0.0,0.0,0.0
401876461,2026-09-12,ligue1,2026,14252,Lorient,Toulouse,1,309651,Isak Jensen,SUB,0,1.0,10,0.0,1.0,0.0,1.0,2.0,0.0,0.0,,0.0,0.0,1.0,0.0,1.0,0.0
401876461,2026-09-12,ligue1,2026,14252,Lorient,Toulouse,1,297345,Souleymane Faye,SUB,0,0.0,19,0.0,0.0,0.0,0.0,0.0,0.0,0.0,,0.0,0.0,0.0,0.0,0.0,0.0
401876461,2026-09-12,ligue1,2026,14252,Toulouse,Lorient,0,371559,Mathys Niflore,G,1,1.0,60,0.0,0.0,0.0,2.0,,0.0,0.0,1.0,0.0,0.0,0.0,0.0,0.0,0.0
401876461,2026-09-12,ligue1,2026,14252,Toulouse,Lorient,0,77072,Mark McKenzie,CD-L,1,1.0,3,2.0,1.0,0.0,2.0,0.0,0.0,0.0,,0.0,0.0,0.0,0.0,0.0,0.0
401876461,2026-09-12,ligue1,2026,14252,Toulouse,Lorient,0,408252,Seny Koumbassa,CD-R,1,1.0,5,2.0,1.0,0.0,2.0,0.0,0.0,0.0,,0.0,0.0,0.0,0.0,0.0,0.0
401876461,2026-09-12,ligue1,2026,14252,Toulouse,Lorient,0,385000,Christ Tapé,LB,1,1.0,12,1.0,1.0,0.0,2.0,0.0,0.0,0.0,,0.0,0.0,0.0,0.0,0.0,0.0
401876461,2026-09-12,ligue1,2026,14252,Toulouse,Lorient,0,384162,Rafik Messali,RB,1,1.0,22,2.0,1.0,0.0,2.0,0.0,0.0,0.0,,0.0,0.0,0.0,0.0,0.0,0.0
401876461,2026-09-12,ligue1,2026,14252,Toulouse,Lorient,0,362777,Thomas Jørgensen,AM,1,1.0,8,1.0,0.0,0.0,2.0,0.0,0.0,0.0,,0.0,3.0,0.0,1.0,5.0,0.0
401876461,2026-09-12,ligue1,2026,14252,Toulouse,Lorient,0,225565,Niklas Schmidt,LM,1,1.0,31,1.0,0.0,0.0,2.0,0.0,0.0,0.0,,0.0,0.0,0.0,0.0,0.0,0.0
401876461,2026-09-12,ligue1,2026,14252,Toulouse,Lorient,0,271244,Cristian Cásseres Jr.,RM,1,1.0,23,3.0,0.0,2.0,2.0,0.0,0.0,0.0,,0.0,0.0,0.0,0.0,1.0,0.0
401876461,2026-09-12,ligue1,2026,14252,Toulouse,Lorient,0,297121,Jacen Russell-Rowe,F,1,1.0,13,1.0,0.0,0.0,2.0,1.0,0.0,0.0,,0.0,0.0,0.0,0.0,3.0,0.0
401876461,2026-09-12,ligue1,2026,14252,Toulouse,Lorient,0,403310,Ilyas Azizi,AM-L,1,1.0,37,2.0,3.0,0.0,2.0,0.0,0.0,0.0,,0.0,0.0,0.0,0.0,2.0,0.0
401876461,2026-09-12,ligue1,2026,14252,Toulouse,Lorient,0,338873,Santiago Hidalgo,AM-R,1,1.0,9,1.0,1.0,0.0,2.0,0.0,0.0,0.0,,0.0,0.0,0.0,0.0,0.0,0.0
401876461,2026-09-12,ligue1,2026,14252,Toulouse,Lorient,0,362411,David Odogu,SUB,0,0.0,19,0.0,0.0,0.0,0.0,0.0,0.0,0.0,,0.0,0.0,0.0,0.0,0.0,0.0
401876461,2026-09-12,ligue1,2026,14252,Toulouse,Lorient,0,380400,Julián Vignolo,SUB,0,0.0,7,0.0,0.0,0.0,0.0,0.0,0.0,0.0,,0.0,0.0,0.0,0.0,0.0,0.0
401876461,2026-09-12,ligue1,2026,14252,Toulouse,Lorient,0,399428,Sion Oppong,SUB,0,1.0,11,0.0,0.0,0.0,0.0,0.0,0.0,0.0,,0.0,0.0,1.0,0.0,0.0,0.0
401876461,2026-09-12,ligue1,2026,14252,Toulouse,Lorient,0,364764,Mathis Amougou,SUB,0,0.0,18,0.0,0.0,0.0,0.0,0.0,0.0,0.0,,0.0,0.0,0.0,0.0,0.0,0.0
401876461,2026-09-12,ligue1,2026,14252,Toulouse,Lorient,0,306664,Casper Tengstedt,SUB,0,1.0,20,1.0,0.0,0.0,0.0,0.0,0.0,0.0,,0.0,1.0,1.0,1.0,2.0,0.0
401876461,2026-09-12,ligue1,2026,14252,Toulouse,Lorient,0,408251,Alexis Vossah,SUB,0,1.0,6,0.0,0.0,0.0,0.0,0.0,0.0,0.0,,0.0,0.0,1.0,0.0,0.0,0.0
401876461,2026-09-12,ligue1,2026,14252,Toulouse,Lorient,0,397384,Ismail Diallo,SUB,0,1.0,94,0.0,0.0,0.0,0.0,0.0,0.0,0.0,,0.0,0.0,1.0,0.0,0.0,0.0
401876461,2026-09-12,ligue1,2026,14252,Toulouse,Lorient,0,3140851,Théo Collin,SUB,0,0.0,1,0.0,0.0,0.0,0.0,,0.0,0.0,0.0,0.0,0.0,0.0,0.0,0.0,0.0
401876461,2026-09-12,ligue1,2026,14252,Toulouse,Lorient,0,363538,Niko Sigur,SUB,0,1.0,14,1.0,0.0,0.0,0.0,0.0,0.0,0.0,,0.0,0.0,1.0,0.0,0.0,0.0
401876464,2026-09-12,ligue1,2026,14252,Le Havre AC,Angers,1,190293,Gauthier Gallon,G,1,1.0,93,0.0,0.0,0.0,0.0,,0.0,0.0,1.0,0.0,0.0,0.0,0.0,0.0,0.0
401876464,2026-09-12,ligue1,2026,14252,Le Havre AC,Angers,1,246847,Ahmed Touba,CD-L,1,1.0,5,2.0,0.0,0.0,0.0,0.0,0.0,0.0,,0.0,0.0,0.0,0.0,0.0,1.0
401876464,2026-09-12,ligue1,2026,14252,Le Havre AC,Angers,1,258270,Ayumu Seko,CD-R,1,1.0,15,2.0,1.0,0.0,0.0,0.0,0.0,0.0,,0.0,0.0,0.0,0.0,1.0,0.0
401876464,2026-09-12,ligue1,2026,14252,Le Havre AC,Angers,1,3132216,Djibril Ouziad,LB,1,1.0,20,1.0,2.0,0.0,0.0,0.0,0.0,0.0,,0.0,0.0,0.0,0.0,2.0,0.0
401876464,2026-09-12,ligue1,2026,14252,Le Havre AC,Angers,1,329755,Elias Jelert,RB,1,1.0,12,0.0,0.0,0.0,0.0,0.0,0.0,0.0,,0.0,0.0,0.0,0.0,0.0,0.0
401876464,2026-09-12,ligue1,2026,14252,Le Havre AC,Angers,1,346519,Simon Ebonog,CM,1,1.0,26,3.0,1.0,0.0,0.0,0.0,0.0,0.0,,0.0,1.0,0.0,0.0,1.0,0.0
401876464,2026-09-12,ligue1,2026,14252,Le Havre AC,Angers,1,319285,Amir Richardson,LM,1,1.0,7,2.0,2.0,0.0,0.0,0.0,0.0,0.0,,0.0,1.0,0.0,0.0,2.0,0.0
401876464,2026-09-12,ligue1,2026,14252,Le Havre AC,Angers,1,325043,Kaito Mizuta,RM,1,1.0,17,3.0,1.0,0.0,0.0,0.0,0.0,0.0,,0.0,0.0,0.0,0.0,0.0,0.0
401876464,2026-09-12,ligue1,2026,14252,Le Havre AC,Angers,1,243514,Josh Maja,F,1,1.0,9,1.0,2.0,0.0,0.0,0.0,0.0,0.0,,0.0,1.0,0.0,0.0,2.0,0.0
401876464,2026-09-12,ligue1,2026,14252,Le Havre AC,Angers,1,231366,Mbwana Samatta,LF,1,1.0,25,0.0,2.0,0.0,0.0,0.0,0.0,0.0,,0.0,3.0,0.0,0.0,7.0,0.0
401876464,2026-09-12,ligue1,2026,14252,Le Havre AC,Angers,1,399434,Sota Nakamura,RF,1,1.0,30,0.0,0.0,0.0,0.0,1.0,0.0,0.0,,0.0,0.0,0.0,0.0,1.0,0.0
401876464,2026-09-12,ligue1,2026,14252,Le Havre AC,Angers,1,3140852,Hakim Dongopandji,SUB,0,1.0,33,0.0,0.0,0.0,0.0,0.0,0.0,0.0,,0.0,0.0,1.0,0.0,0.0,0.0
401876464,2026-09-12,ligue1,2026,14252,Le Havre AC,Angers,1,411169,Enzo Koffi,SUB,0,1.0,27,0.0,0.0,0.0,0.0,0.0,0.0,0.0,,0.0,0.0,1.0,0.0,0.0,0.0
401876464,2026-09-12,ligue1,2026,14252,Le Havre AC,Angers,1,114031,Alex Teixeira,SUB,0,0.0,40,0.0,0.0,0.0,0.0,,0.0,0.0,0.0,0.0,0.0,0.0,0.0,0.0,0.0
401876464,2026-09-12,ligue1,2026,14252,Le Havre AC,Angers,1,408085,Mouhamed N'Diaye,SUB,0,0.0,97,0.0,0.0,0.0,0.0,0.0,0.0,0.0,,0.0,0.0,0.0,0.0,0.0,0.0
401876464,2026-09-12,ligue1,2026,14252,Le Havre AC,Angers,1,401045,Rayan Fofana,SUB,0,1.0,38,1.0,0.0,0.0,0.0,0.0,0.0,0.0,,0.0,0.0,1.0,0.0,0.0,0.0
401876464,2026-09-12,ligue1,2026,14252,Le Havre AC,Angers,1,388878,Daren Mosengo,SUB,0,1.0,78,0.0,2.0,0.0,0.0,0.0,0.0,0.0,,0.0,0.0,1.0,0.0,0.0,0.0
401876464,2026-09-12,ligue1,2026,14252,Le Havre AC,Angers,1,138563,Vincent Sasso,SUB,0,0.0,23,0.0,0.0,0.0,0.0,0.0,0.0,0.0,,0.0,0.0,0.0,0.0,0.0,0.0
401876464,2026-09-12,ligue1,2026,14252,Le Havre AC,Angers,1,371557,Ismail Bouneb,SUB,0,1.0,44,0.0,0.0,0.0,0.0,0.0,0.0,0.0,,0.0,0.0,1.0,0.0,0.0,0.0
401876464,2026-09-12,ligue1,2026,14252,Le Havre AC,Angers,1,388879,Guy Zohouri,SUB,0,0.0,24,0.0,0.0,0.0,0.0,0.0,0.0,0.0,,0.0,0.0,0.0,0.0,0.0,0.0
401876464,2026-09-12,ligue1,2026,14252,Angers,Le Havre AC,0,131743,Anthony Lopes,G,1,1.0,1,0.0,0.0,0.0,0.0,,0.0,0.0,6.0,0.0,0.0,0.0,0.0,0.0,0.0
401876464,2026-09-12,ligue1,2026,14252,Angers,Le Havre AC,0,191712,Jordan Lefort,CD-L,1,1.0,21,4.0,2.0,0.0,0.0,0.0,0.0,0.0,,0.0,0.0,0.0,0.0,0.0,1.0
401876464,2026-09-12,ligue1,2026,14252,Angers,Le Havre AC,0,412232,Ousmane Camara,CD-R,1,1.0,4,0.0,0.0,0.0,0.0,0.0,0.0,0.0,,0.0,0.0,0.0,0.0,0.0,0.0
401876464,2026-09-12,ligue1,2026,14252,Angers,Le Havre AC,0,377899,Joseph Kalulu Kyatengwa,LB,1,1.0,17,0.0,2.0,0.0,0.0,0.0,0.0,0.0,,0.0,0.0,0.0,0.0,0.0,0.0
401876464,2026-09-12,ligue1,2026,14252,Angers,Le Havre AC,0,218703,Carlens Arcus,RB,1,1.0,2,2.0,0.0,0.0,0.0,0.0,0.0,0.0,,0.0,0.0,0.0,0.0,1.0,0.0
401876464,2026-09-12,ligue1,2026,14252,Angers,Le Havre AC,0,421740,Bané Diatta,AM,1,1.0,36,0.0,2.0,0.0,0.0,0.0,0.0,0.0,,0.0,0.0,0.0,0.0,0.0,0.0
401876464,2026-09-12,ligue1,2026,14252,Angers,Le Havre AC,0,196234,Branco van den Boomen,LM,1,1.0,8,0.0,2.0,0.0,0.0,0.0,0.0,0.0,,0.0,0.0,0.0,0.0,0.0,0.0
401876464,2026-09-12,ligue1,2026,14252,Angers,Le Havre AC,0,338006,Yassin Belkhdim,RM,1,1.0,14,1.0,1.0,0.0,0.0,0.0,0.0,0.0,,0.0,0.0,0.0,0.0,0.0,0.0
401876464,2026-09-12,ligue1,2026,14252,Angers,Le Havre AC,0,301262,Amine El Ouazzani,F,1,1.0,19,1.0,1.0,0.0,0.0,0.0,0.0,0.0,,0.0,0.0,0.0,0.0,1.0,0.0
401876464,2026-09-12,ligue1,2026,14252,Angers,Le Havre AC,0,314388,Amine Sbaï,AM-L,1,1.0,10,1.0,1.0,0.0,0.0,0.0,0.0,0.0,,0.0,0.0,0.0,0.0,0.0,0.0
401876464,2026-09-12,ligue1,2026,14252,Angers,Le Havre AC,0,284333,Jim Allevinah,AM-R,1,1.0,18,1.0,1.0,0.0,0.0,0.0,0.0,0.0,,0.0,1.0,0.0,0.0,5.0,0.0
401876464,2026-09-12,ligue1,2026,14252,Angers,Le Havre AC,0,312399,Mamadou Simbakoli,SUB,0,1.0,7,2.0,0.0,0.0,0.0,0.0,0.0,0.0,,0.0,0.0,1.0,0.0,1.0,0.0
401876464,2026-09-12,ligue1,2026,14252,Angers,Le Havre AC,0,412871,Harouna Djibirin,SUB,0,1.0,11,0.0,0.0,0.0,0.0,0.0,0.0,0.0,,0.0,0.0,1.0,0.0,1.0,0.0
401876464,2026-09-12,ligue1,2026,14252,Angers,Le Havre AC,0,297161,Melvin Zinga,SUB,0,0.0,16,0.0,0.0,0.0,0.0,,0.0,0.0,0.0,0.0,0.0,0.0,0.0,0.0,0.0
401876464,2026-09-12,ligue1,2026,14252,Angers,Le Havre AC,0,403232,Prosper Peter,SUB,0,1.0,9,1.0,3.0,0.0,0.0,0.0,0.0,0.0,,0.0,0.0,1.0,0.0,0.0,0.0
401876464,2026-09-12,ligue1,2026,14252,Angers,Le Havre AC,0,356211,Emmanuel Biumla,SUB,0,0.0,24,0.0,0.0,0.0,0.0,0.0,0.0,0.0,,0.0,0.0,0.0,0.0,0.0,0.0
401876464,2026-09-12,ligue1,2026,14252,Angers,Le Havre AC,0,394476,Marius Louãr,SUB,0,0.0,20,0.0,0.0,0.0,0.0,0.0,0.0,0.0,,0.0,0.0,0.0,0.0,0.0,0.0
401876464,2026-09-12,ligue1,2026,14252,Angers,Le Havre AC,0,379227,Anthony Bermont,SUB,0,0.0,26,0.0,0.0,0.0,0.0,0.0,0.0,0.0,,0.0,0.0,0.0,0.0,0.0,0.0
401876464,2026-09-12,ligue1,2026,14252,Angers,Le Havre AC,0,357154,Lilian Raolisoa,SUB,0,1.0,27,0.0,0.0,0.0,0.0,0.0,0.0,0.0,,0.0,0.0,1.0,0.0,0.0,0.0
401876464,2026-09-12,ligue1,2026,14252,Angers,Le Havre AC,0,333845,Louis Mouton,SUB,0,1.0,6,0.0,0.0,0.0,0.0,0.0,0.0,0.0,,0.0,0.0,1.0,0.0,0.0,0.0
401876466,2026-09-12,ligue1,2026,14252,AJ Auxerre,Nice,1,345926,Mamadou Diop,G,1,1.0,23,0.0,0.0,0.0,0.0,,0.0,0.0,4.0,0.0,0.0,0.0,0.0,0.0,0.0
401876466,2026-09-12,ligue1,2026,14252,AJ Auxerre,Nice,1,229524,Axel Tuanzebe,CD,1,1.0,4,0.0,2.0,0.0,0.0,0.0,0.0,0.0,,0.0,1.0,0.0,0.0,2.0,0.0
401876466,2026-09-12,ligue1,2026,14252,AJ Auxerre,Nice,1,344520,Clément Akpa,CD-L,1,1.0,92,0.0,1.0,0.0,0.0,0.0,0.0,0.0,,0.0,0.0,0.0,0.0,0.0,0.0
401876466,2026-09-12,ligue1,2026,14252,AJ Auxerre,Nice,1,362476,Christ Makosso,CD-R,1,1.0,15,0.0,0.0,1.0,0.0,0.0,0.0,0.0,,0.0,0.0,0.0,0.0,0.0,0.0
401876466,2026-09-12,ligue1,2026,14252,AJ Auxerre,Nice,1,323722,Kévin Danois,CM-L,1,1.0,5,2.0,0.0,0.0,0.0,0.0,0.0,0.0,,0.0,0.0,0.0,0.0,0.0,1.0
401876466,2026-09-12,ligue1,2026,14252,AJ Auxerre,Nice,1,359360,Arthur Piedfort,CM-R,1,1.0,46,0.0,1.0,0.0,0.0,0.0,0.0,0.0,,0.0,0.0,0.0,0.0,0.0,0.0
401876466,2026-09-12,ligue1,2026,14252,AJ Auxerre,Nice,1,310134,Fredrik Oppegard,LM,1,1.0,22,1.0,0.0,0.0,0.0,0.0,0.0,0.0,,0.0,0.0,0.0,0.0,0.0,0.0
401876466,2026-09-12,ligue1,2026,14252,AJ Auxerre,Nice,1,335320,Lamine Sy,RM,1,1.0,27,1.0,0.0,0.0,0.0,0.0,0.0,0.0,,0.0,0.0,0.0,0.0,0.0,0.0
401876466,2026-09-12,ligue1,2026,14252,AJ Auxerre,Nice,1,293347,Cameron Archer,F,1,1.0,9,4.0,0.0,0.0,0.0,0.0,0.0,0.0,,0.0,2.0,0.0,1.0,3.0,0.0
401876466,2026-09-12,ligue1,2026,14252,AJ Auxerre,Nice,1,349185,Remy Labeau Lascary,CF-L,1,1.0,3,0.0,0.0,0.0,0.0,0.0,0.0,0.0,,0.0,2.0,0.0,0.0,2.0,0.0
401876466,2026-09-12,ligue1,2026,14252,AJ Auxerre,Nice,1,243748,Danny Namaso,CF-R,1,1.0,10,0.0,2.0,0.0,0.0,0.0,0.0,0.0,,0.0,2.0,0.0,0.0,3.0,0.0
401876466,2026-09-12,ligue1,2026,14252,AJ Auxerre,Nice,1,302862,Sinaly Diomande,SUB,0,0.0,20,0.0,0.0,0.0,0.0,0.0,0.0,0.0,,0.0,0.0,0.0,0.0,0.0,0.0
401876466,2026-09-12,ligue1,2026,14252,AJ Auxerre,Nice,1,268591,Romain Faivre,SUB,0,1.0,21,0.0,0.0,0.0,0.0,0.0,0.0,0.0,,0.0,0.0,1.0,0.0,1.0,0.0
401876466,2026-09-12,ligue1,2026,14252,AJ Auxerre,Nice,1,297775,Naouirou Ahamada,SUB,0,1.0,8,0.0,0.0,0.0,0.0,0.0,0.0,0.0,,0.0,0.0,1.0,0.0,0.0,0.0
401876466,2026-09-12,ligue1,2026,14252,AJ Auxerre,Nice,1,159312,Paul Nardi,SUB,0,0.0,1,0.0,0.0,0.0,0.0,,0.0,0.0,0.0,0.0,0.0,0.0,0.0,0.0,0.0
401876466,2026-09-12,ligue1,2026,14252,AJ Auxerre,Nice,1,416458,Lamfia Dioubaté,SUB,0,0.0,34,0.0,0.0,0.0,0.0,0.0,0.0,0.0,,0.0,0.0,0.0,0.0,0.0,0.0
401876466,2026-09-12,ligue1,2026,14252,AJ Auxerre,Nice,1,404532,Elikya Legros,SUB,0,0.0,35,0.0,0.0,0.0,0.0,0.0,0.0,0.0,,0.0,0.0,0.0,0.0,0.0,0.0
401876466,2026-09-12,ligue1,2026,14252,AJ Auxerre,Nice,1,392126,Aristide Zossou,SUB,0,0.0,77,0.0,0.0,0.0,0.0,0.0,0.0,0.0,,0.0,0.0,0.0,0.0,0.0,0.0
401876466,2026-09-12,ligue1,2026,14252,AJ Auxerre,Nice,1,379070,Rayan Mandengue,SUB,0,1.0,32,1.0,0.0,0.0,0.0,0.0,0.0,0.0,,0.0,0.0,1.0,0.0,0.0,0.0
401876466,2026-09-12,ligue1,2026,14252,AJ Auxerre,Nice,1,307159,Pierre Ekwah,SUB,0,1.0,17,0.0,0.0,0.0,0.0,0.0,0.0,0.0,,0.0,0.0,1.0,0.0,0.0,0.0
401876466,2026-09-12,ligue1,2026,14252,Nice,AJ Auxerre,0,241029,Yehvann Diouf,G,1,1.0,23,1.0,1.0,0.0,1.0,,0.0,0.0,4.0,0.0,0.0,0.0,0.0,0.0,0.0
401876466,2026-09-12,ligue1,2026,14252,Nice,AJ Auxerre,0,255192,Youssouf Ndayishimiye,CD,1,1.0,55,0.0,2.0,0.0,1.0,0.0,0.0,0.0,,0.0,0.0,0.0,0.0,0.0,0.0
401876466,2026-09-12,ligue1,2026,14252,Nice,AJ Auxerre,0,3117261,Xavier Junior Mandza Tsiendi,CD-L,1,1.0,35,0.0,1.0,0.0,1.0,0.0,0.0,0.0,,0.0,0.0,0.0,0.0,1.0,0.0
401876466,2026-09-12,ligue1,2026,14252,Nice,AJ Auxerre,0,236957,Mohamed Abdelmoneim,CD-R,1,1.0,5,0.0,1.0,0.0,1.0,0.0,0.0,0.0,,0.0,0.0,0.0,0.0,1.0,0.0
401876466,2026-09-12,ligue1,2026,14252,Nice,AJ Auxerre,0,164895,Axel Witsel,CM-L,1,1.0,28,0.0,1.0,0.0,1.0,0.0,0.0,0.0,,0.0,1.0,0.0,0.0,2.0,0.0
401876466,2026-09-12,ligue1,2026,14252,Nice,AJ Auxerre,0,357425,Djibril Coulibaly,CM-R,1,1.0,39,3.0,0.0,0.0,1.0,0.0,0.0,0.0,,0.0,1.0,0.0,0.0,1.0,1.0
401876466,2026-09-12,ligue1,2026,14252,Nice,AJ Auxerre,0,298030,Niels Nkounkou,LM,1,1.0,27,0.0,0.0,0.0,0.0,0.0,0.0,0.0,,0.0,0.0,0.0,0.0,0.0,0.0
401876466,2026-09-12,ligue1,2026,14252,Nice,AJ Auxerre,0,232089,Jonathan Clauss,RM,1,1.0,92,0.0,0.0,0.0,1.0,0.0,0.0,0.0,,0.0,1.0,0.0,0.0,3.0,0.0
401876466,2026-09-12,ligue1,2026,14252,Nice,AJ Auxerre,0,311118,Elye Wahi,F,1,1.0,11,0.0,0.0,0.0,1.0,2.0,0.0,0.0,,0.0,1.0,0.0,0.0,2.0,0.0
401876466,2026-09-12,ligue1,2026,14252,Nice,AJ Auxerre,0,315384,Mohamed Amoura,CF-L,1,1.0,9,1.0,1.0,0.0,1.0,0.0,0.0,0.0,,0.0,0.0,0.0,0.0,1.0,0.0
401876466,2026-09-12,ligue1,2026,14252,Nice,AJ Auxerre,0,239905,Gauthier Hein,CF-R,1,1.0,7,1.0,0.0,0.0,1.0,0.0,0.0,0.0,,0.0,0.0,0.0,0.0,1.0,0.0
401876466,2026-09-12,ligue1,2026,14252,Nice,AJ Auxerre,0,310859,Teddy Boulhendi,SUB,0,0.0,77,0.0,0.0,0.0,0.0,,0.0,0.0,0.0,0.0,0.0,0.0,0.0,0.0,0.0
401876466,2026-09-12,ligue1,2026,14252,Nice,AJ Auxerre,0,282676,Nathan N'Goumou,SUB,0,1.0,29,0.0,0.0,0.0,0.0,1.0,0.0,0.0,,0.0,0.0,1.0,0.0,0.0,0.0
401876466,2026-09-12,ligue1,2026,14252,Nice,AJ Auxerre,0,276995,Sofiane Diop,SUB,0,1.0,10,0.0,0.0,0.0,0.0,0.0,0.0,0.0,,0.0,0.0,1.0,0.0,0.0,0.0
401876466,2026-09-12,ligue1,2026,14252,Nice,AJ Auxerre,0,265234,Ali Abdi,SUB,0,1.0,2,1.0,0.0,0.0,1.0,0.0,0.0,0.0,,0.0,0.0,1.0,0.0,0.0,0.0
401876466,2026-09-12,ligue1,2026,14252,Nice,AJ Auxerre,0,282597,Isak Jansson,SUB,0,1.0,21,0.0,2.0,0.0,0.0,0.0,0.0,0.0,,0.0,0.0,1.0,0.0,0.0,0.0
401876466,2026-09-12,ligue1,2026,14252,Nice,AJ Auxerre,0,287078,Hicham Boudaoui,SUB,0,1.0,6,0.0,0.0,0.0,0.0,0.0,0.0,0.0,,0.0,0.0,1.0,0.0,0.0,0.0
401876466,2026-09-12,ligue1,2026,14252,Nice,AJ Auxerre,0,416460,Everton Pereira,SUB,0,0.0,87,0.0,0.0,0.0,0.0,0.0,0.0,0.0,,0.0,0.0,0.0,0.0,0.0,0.0
401876466,2026-09-12,ligue1,2026,14252,Nice,AJ Auxerre,0,3131927,Aboulaye Camara,SUB,0,0.0,38,0.0,0.0,0.0,0.0,0.0,0.0,0.0,,0.0,0.0,0.0,0.0,0.0,0.0
401876466,2026-09-12,ligue1,2026,14252,Nice,AJ Auxerre,0,3135995,Djelan Morana,SUB,0,0.0,41,0.0,0.0,0.0,0.0,0.0,0.0,0.0,,0.0,0.0,0.0,0.0,0.0,0.0
401876462,2026-09-13,ligue1,2026,14252,Lille,Troyes,1,257267,Berke Özer,G,1,1.0,1,0.0,0.0,0.0,0.0,,0.0,0.0,1.0,0.0,0.0,0.0,0.0,0.0,0.0
401876462,2026-09-13,ligue1,2026,14252,Lille,Troyes,1,340900,Alexsandro,CD-L,1,1.0,4,1.0,2.0,0.0,0.0,0.0,0.0,0.0,,0.0,0.0,0.0,0.0,0.0,0.0
401876462,2026-09-13,ligue1,2026,14252,Lille,Troyes,1,318577,Nathan Ngoy,CD-R,1,1.0,3,2.0,1.0,0.0,0.0,0.0,0.0,0.0,,0.0,0.0,0.0,0.0,0.0,0.0
401876462,2026-09-13,ligue1,2026,14252,Lille,Troyes,1,250853,Romain Perraud,LB,1,1.0,15,0.0,1.0,0.0,0.0,0.0,0.0,0.0,,0.0,0.0,0.0,0.0,1.0,0.0
401876462,2026-09-13,ligue1,2026,14252,Lille,Troyes,1,346844,Tiago Santos,RB,1,1.0,22,0.0,4.0,0.0,0.0,1.0,0.0,0.0,,0.0,1.0,0.0,1.0,2.0,0.0
401876462,2026-09-13,ligue1,2026,14252,Lille,Troyes,1,318779,Hákon Haraldsson,AM,1,1.0,10,0.0,1.0,0.0,0.0,1.0,0.0,0.0,,0.0,0.0,0.0,0.0,0.0,0.0
401876462,2026-09-13,ligue1,2026,14252,Lille,Troyes,1,179187,Nabil Bentaleb,LM,1,1.0,6,1.0,2.0,0.0,0.0,0.0,0.0,0.0,,0.0,0.0,0.0,0.0,0.0,0.0
401876462,2026-09-13,ligue1,2026,14252,Lille,Troyes,1,345988,Ngal'ayel Mukau,RM,1,1.0,17,0.0,0.0,0.0,0.0,0.0,0.0,0.0,,0.0,0.0,0.0,0.0,0.0,0.0
401876462,2026-09-13,ligue1,2026,14252,Lille,Troyes,1,274277,Ayase Ueda,F,1,1.0,18,2.0,0.0,0.0,0.0,0.0,0.0,0.0,,0.0,1.0,0.0,0.0,3.0,0.0
401876462,2026-09-13,ligue1,2026,14252,Lille,Troyes,1,337855,Basar Önal,AM-L,1,1.0,19,1.0,2.0,0.0,0.0,1.0,0.0,0.0,,0.0,0.0,0.0,0.0,0.0,0.0
401876462,2026-09-13,ligue1,2026,14252,Lille,Troyes,1,297157,Dilane Bakwa,AM-R,1,1.0,7,1.0,2.0,1.0,0.0,0.0,0.0,0.0,,0.0,0.0,0.0,0.0,2.0,0.0
401876462,2026-09-13,ligue1,2026,14252,Lille,Troyes,1,123683,Benjamin André,SUB,0,1.0,21,0.0,1.0,0.0,0.0,0.0,0.0,0.0,,0.0,0.0,1.0,0.0,0.0,0.0
401876462,2026-09-13,ligue1,2026,14252,Lille,Troyes,1,355971,Ethan Mbappé,SUB,0,1.0,8,1.0,0.0,0.0,0.0,0.0,0.0,0.0,,0.0,3.0,1.0,1.0,3.0,0.0
401876462,2026-09-13,ligue1,2026,14252,Lille,Troyes,1,231778,Gaetan Perrin,SUB,0,1.0,28,1.0,0.0,0.0,0.0,0.0,0.0,0.0,,0.0,0.0,1.0,0.0,1.0,0.0
401876462,2026-09-13,ligue1,2026,14252,Lille,Troyes,1,283626,Osame Sahraoui,SUB,0,0.0,11,0.0,0.0,0.0,0.0,0.0,0.0,0.0,,0.0,0.0,0.0,0.0,0.0,0.0
401876462,2026-09-13,ligue1,2026,14252,Lille,Troyes,1,88965,Olivier Giroud,SUB,0,1.0,9,1.0,1.0,0.0,0.0,0.0,0.0,0.0,,0.0,0.0,1.0,0.0,0.0,1.0
401876462,2026-09-13,ligue1,2026,14252,Lille,Troyes,1,301648,Orlando Gill,SUB,0,0.0,12,0.0,0.0,0.0,0.0,,0.0,0.0,0.0,0.0,0.0,0.0,0.0,0.0,0.0
401876462,2026-09-13,ligue1,2026,14252,Lille,Troyes,1,290165,Tanguy Nianzou,SUB,0,0.0,23,0.0,0.0,0.0,0.0,0.0,0.0,0.0,,0.0,0.0,0.0,0.0,0.0,0.0
401876462,2026-09-13,ligue1,2026,14252,Lille,Troyes,1,304011,Maurits Kjaergaard,SUB,0,1.0,14,0.0,0.0,1.0,0.0,0.0,0.0,0.0,,0.0,1.0,1.0,0.0,1.0,0.0
401876462,2026-09-13,ligue1,2026,14252,Lille,Troyes,1,217381,Calvin Verdonk,SUB,0,0.0,24,0.0,0.0,0.0,0.0,0.0,0.0,0.0,,0.0,0.0,0.0,0.0,0.0,0.0
401876462,2026-09-13,ligue1,2026,14252,Troyes,Lille,0,335240,Patrick Beach,G,1,1.0,33,0.0,0.0,0.0,2.0,,0.0,0.0,4.0,0.0,0.0,0.0,0.0,0.0,0.0
401876462,2026-09-13,ligue1,2026,14252,Troyes,Lille,0,112988,Michel Diaz,CD-L,1,1.0,4,1.0,0.0,0.0,2.0,0.0,0.0,0.0,,0.0,0.0,0.0,0.0,0.0,0.0
401876462,2026-09-13,ligue1,2026,14252,Troyes,Lille,0,181582,Adrien Monfray,CD-R,1,1.0,6,0.0,3.0,0.0,2.0,0.0,0.0,0.0,,0.0,0.0,0.0,0.0,3.0,0.0
401876462,2026-09-13,ligue1,2026,14252,Troyes,Lille,0,408780,Anis Ouzenadji,LB,1,1.0,3,3.0,2.0,0.0,2.0,0.0,0.0,0.0,,0.0,0.0,0.0,0.0,0.0,0.0
401876462,2026-09-13,ligue1,2026,14252,Troyes,Lille,0,334281,Lucas Maronnier,RB,1,1.0,2,1.0,1.0,0.0,1.0,1.0,0.0,0.0,,0.0,0.0,0.0,0.0,0.0,0.0
401876462,2026-09-13,ligue1,2026,14252,Troyes,Lille,0,270173,Antoine Mille,AM,1,1.0,17,5.0,1.0,0.0,1.0,0.0,0.0,0.0,,0.0,0.0,0.0,0.0,0.0,0.0
401876462,2026-09-13,ligue1,2026,14252,Troyes,Lille,0,323058,Dermane Karim,LM,1,1.0,29,3.0,0.0,0.0,2.0,0.0,0.0,0.0,,0.0,0.0,0.0,0.0,0.0,0.0
401876462,2026-09-13,ligue1,2026,14252,Troyes,Lille,0,346359,Mouhamed Diop,RM,1,1.0,8,0.0,0.0,0.0,1.0,0.0,0.0,0.0,,0.0,0.0,0.0,0.0,1.0,0.0
401876462,2026-09-13,ligue1,2026,14252,Troyes,Lille,0,305693,Jeremy Le Douaron,F,1,1.0,9,1.0,2.0,0.0,2.0,1.0,0.0,0.0,,0.0,0.0,0.0,0.0,2.0,0.0
401876462,2026-09-13,ligue1,2026,14252,Troyes,Lille,0,351379,Hugo Picard,AM-L,1,1.0,22,1.0,0.0,0.0,1.0,0.0,0.0,0.0,,0.0,0.0,0.0,0.0,1.0,0.0
401876462,2026-09-13,ligue1,2026,14252,Troyes,Lille,0,298511,Kandet Diawara,AM-R,1,1.0,7,1.0,1.0,0.0,1.0,0.0,0.0,0.0,,0.0,0.0,0.0,0.0,0.0,0.0
401876462,2026-09-13,ligue1,2026,14252,Troyes,Lille,0,287514,Timothé Nkada,SUB,0,1.0,23,0.0,0.0,0.0,1.0,0.0,0.0,0.0,,0.0,0.0,1.0,0.0,0.0,0.0
401876462,2026-09-13,ligue1,2026,14252,Troyes,Lille,0,3129214,Yacouba Kone,SUB,0,1.0,39,1.0,0.0,0.0,1.0,0.0,0.0,0.0,,0.0,1.0,1.0,0.0,1.0,0.0
401876462,2026-09-13,ligue1,2026,14252,Troyes,Lille,0,3131916,Idrissa Soukouna,SUB,0,0.0,36,0.0,0.0,0.0,0.0,0.0,0.0,0.0,,0.0,0.0,0.0,0.0,0.0,0.0
401876462,2026-09-13,ligue1,2026,14252,Troyes,Lille,0,206835,Hillel Konaté,SUB,0,0.0,40,0.0,0.0,0.0,0.0,,0.0,0.0,0.0,0.0,0.0,0.0,0.0,0.0,0.0
401876462,2026-09-13,ligue1,2026,14252,Troyes,Lille,0,414398,Noah Donkor,SUB,0,1.0,31,1.0,0.0,0.0,1.0,0.0,0.0,0.0,,0.0,0.0,1.0,0.0,0.0,0.0
401876462,2026-09-13,ligue1,2026,14252,Troyes,Lille,0,286972,Iron Gomis,SUB,0,1.0,11,2.0,0.0,0.0,1.0,0.0,0.0,0.0,,0.0,0.0,1.0,0.0,0.0,0.0
401876462,2026-09-13,ligue1,2026,14252,Troyes,Lille,0,3140905,Lassana Simakha,SUB,0,0.0,34,0.0,0.0,0.0,0.0,0.0,0.0,0.0,,0.0,0.0,0.0,0.0,0.0,0.0
401876462,2026-09-13,ligue1,2026,14252,Troyes,Lille,0,176406,Renaud Ripart,SUB,0,1.0,20,0.0,1.0,0.0,1.0,0.0,0.0,0.0,,0.0,0.0,1.0,0.0,0.0,0.0
401876462,2026-09-13,ligue1,2026,14252,Troyes,Lille,0,3139430,Enisio Carneiro,SUB,0,0.0,41,0.0,0.0,0.0,0.0,0.0,0.0,0.0,,0.0,0.0,0.0,0.0,0.0,0.0
401876463,2026-09-13,ligue1,2026,14252,Le Mans,Lens,1,289837,Yasser Larouci,,0,0.0,76,0.0,0.0,0.0,0.0,0.0,0.0,0.0,,0.0,0.0,0.0,0.0,0.0,0.0
401876463,2026-09-13,ligue1,2026,14252,Le Mans,Lens,1,287606,Alexandre Lauray,,0,1.0,8,2.0,0.0,0.0,0.0,0.0,0.0,0.0,,0.0,0.0,1.0,0.0,0.0,0.0
401876463,2026-09-13,ligue1,2026,14252,Le Mans,Lens,1,279137,Bilal Brahimi,,0,0.0,7,0.0,0.0,0.0,0.0,0.0,0.0,0.0,,0.0,0.0,0.0,0.0,0.0,0.0
401876463,2026-09-13,ligue1,2026,14252,Le Mans,Lens,1,233308,Nicolas Kocik,,0,0.0,98,0.0,0.0,0.0,0.0,0.0,0.0,0.0,,0.0,0.0,0.0,0.0,0.0,0.0
401876463,2026-09-13,ligue1,2026,14252,Le Mans,Lens,1,273021,Daouda Traoré,,0,1.0,23,2.0,0.0,0.0,0.0,0.0,0.0,0.0,,0.0,0.0,1.0,0.0,1.0,0.0
401876463,2026-09-13,ligue1,2026,14252,Le Mans,Lens,1,310024,Raúl Torrente,,0,1.0,16,0.0,0.0,0.0,0.0,0.0,0.0,0.0,,0.0,0.0,1.0,0.0,0.0,0.0
401876463,2026-09-13,ligue1,2026,14252,Le Mans,Lens,1,30302,Djibril Sidibé,,0,1.0,19,1.0,1.0,0.0,1.0,0.0,0.0,0.0,,0.0,0.0,1.0,0.0,1.0,0.0
401876463,2026-09-13,ligue1,2026,14252,Le Mans,Lens,1,232335,Antoine Rabillard,,0,0.0,9,0.0,0.0,0.0,0.0,0.0,0.0,0.0,,0.0,0.0,0.0,0.0,0.0,0.0
401876463,2026-09-13,ligue1,2026,14252,Le Mans,Lens,1,223376,Habib Diallo,,0,1.0,13,0.0,2.0,0.0,0.0,0.0,0.0,0.0,,0.0,0.0,1.0,0.0,0.0,0.0
401876463,2026-09-13,ligue1,2026,14252,Le Mans,Lens,1,299457,Ewan Hatfout,G,1,1.0,1,0.0,0.0,0.0,2.0,,0.0,0.0,4.0,0.0,0.0,0.0,0.0,0.0,0.0
401876463,2026-09-13,ligue1,2026,14252,Le Mans,Lens,1,223117,Samuel Yohou,CD,1,1.0,17,0.0,0.0,0.0,2.0,0.0,0.0,0.0,,0.0,0.0,0.0,0.0,0.0,0.0
401876463,2026-09-13,ligue1,2026,14252,Le Mans,Lens,1,393721,Harold Voyer,CD-L,1,1.0,5,0.0,0.0,0.0,2.0,0.0,0.0,0.0,,0.0,0.0,0.0,0.0,0.0,0.0
401876463,2026-09-13,ligue1,2026,14252,Le Mans,Lens,1,397394,Noa Boissé,CD-R,1,1.0,15,1.0,0.0,0.0,1.0,0.0,0.0,0.0,,0.0,0.0,0.0,0.0,0.0,1.0
401876463,2026-09-13,ligue1,2026,14252,Le Mans,Lens,1,330722,Lucas Bretelle,SW,1,1.0,29,4.0,4.0,0.0,2.0,0.0,0.0,0.0,,0.0,0.0,0.0,0.0,0.0,0.0
401876463,2026-09-13,ligue1,2026,14252,Le Mans,Lens,1,315460,Jean Vercruysse,CM-L,1,1.0,10,2.0,0.0,0.0,2.0,0.0,0.0,0.0,,0.0,0.0,0.0,0.0,2.0,1.0
401876463,2026-09-13,ligue1,2026,14252,Le Mans,Lens,1,418536,Adil Bourabaa,CM-R,1,1.0,11,2.0,0.0,1.0,2.0,0.0,0.0,0.0,,0.0,1.0,0.0,1.0,2.0,0.0
401876463,2026-09-13,ligue1,2026,14252,Le Mans,Lens,1,331636,Lucas Calodat,LM,1,1.0,22,1.0,1.0,0.0,2.0,0.0,0.0,0.0,,0.0,2.0,0.0,1.0,2.0,0.0
401876463,2026-09-13,ligue1,2026,14252,Le Mans,Lens,1,382872,Rayan Bamba,RM,1,1.0,26,1.0,0.0,0.0,2.0,1.0,0.0,0.0,,0.0,0.0,0.0,0.0,1.0,0.0
401876463,2026-09-13,ligue1,2026,14252,Le Mans,Lens,1,233702,Dame Guèye,CF-L,1,1.0,25,0.0,1.0,0.0,2.0,0.0,0.0,0.0,,0.0,1.0,0.0,0.0,2.0,0.0
401876463,2026-09-13,ligue1,2026,14252,Le Mans,Lens,1,268720,Louis Mafouta,CF-R,1,1.0,14,1.0,1.0,0.0,2.0,0.0,0.0,0.0,,0.0,1.0,0.0,0.0,2.0,0.0
401876463,2026-09-13,ligue1,2026,14252,Lens,Le Mans,0,344517,Robin Risser,G,1,1.0,40,0.0,0.0,0.0,2.0,,0.0,0.0,3.0,0.0,0.0,0.0,0.0,0.0,0.0
401876463,2026-09-13,ligue1,2026,14252,Lens,Le Mans,0,393432,Kyllian Antonio,CD,1,1.0,32,0.0,2.0,0.0,2.0,0.0,0.0,0.0,,0.0,0.0,0.0,0.0,0.0,0.0
401876463,2026-09-13,ligue1,2026,14252,Lens,Le Mans,0,233199,Matthieu Udol,CD-L,1,1.0,14,0.0,2.0,0.0,2.0,0.0,0.0,0.0,,0.0,0.0,0.0,0.0,0.0,0.0
401876463,2026-09-13,ligue1,2026,14252,Lens,Le Mans,0,197187,Jonathan Gradit,CD-R,1,1.0,24,1.0,0.0,0.0,2.0,0.0,0.0,0.0,,0.0,0.0,0.0,0.0,1.0,0.0
401876463,2026-09-13,ligue1,2026,14252,Lens,Le Mans,0,387061,Andrija Bulatovic,CM-L,1,1.0,5,1.0,2.0,0.0,2.0,0.0,0.0,0.0,,0.0,0.0,0.0,0.0,1.0,1.0
401876463,2026-09-13,ligue1,2026,14252,Lens,Le Mans,0,258871,Michaël Cuisance,CM-R,1,1.0,27,1.0,0.0,0.0,2.0,0.0,0.0,0.0,,0.0,0.0,0.0,0.0,0.0,1.0
401876463,2026-09-13,ligue1,2026,14252,Lens,Le Mans,0,288481,Michal Skoras,LM,1,1.0,22,0.0,1.0,0.0,2.0,1.0,0.0,0.0,,0.0,0.0,0.0,0.0,0.0,0.0
401876463,2026-09-13,ligue1,2026,14252,Lens,Le Mans,0,181946,Ruben Aguilar,RM,1,1.0,2,1.0,1.0,1.0,2.0,0.0,0.0,0.0,,0.0,0.0,0.0,0.0,0.0,0.0
401876463,2026-09-13,ligue1,2026,14252,Lens,Le Mans,0,222180,Odsonne Édouard,F,1,1.0,11,0.0,0.0,0.0,2.0,0.0,0.0,0.0,,0.0,0.0,0.0,0.0,0.0,0.0
401876463,2026-09-13,ligue1,2026,14252,Lens,Le Mans,0,156898,Florian Thauvin,CF-L,1,1.0,10,1.0,2.0,0.0,2.0,0.0,0.0,0.0,,0.0,3.0,0.0,0.0,7.0,1.0
401876463,2026-09-13,ligue1,2026,14252,Lens,Le Mans,0,308246,Abdallah Sima,CF-R,1,1.0,19,2.0,1.0,0.0,2.0,1.0,0.0,0.0,,0.0,1.0,0.0,1.0,2.0,0.0
401876463,2026-09-13,ligue1,2026,14252,Lens,Le Mans,0,277327,Jean-Clair Todibo,SUB,0,1.0,20,2.0,0.0,0.0,0.0,0.0,0.0,0.0,,0.0,0.0,1.0,0.0,1.0,0.0
401876463,2026-09-13,ligue1,2026,14252,Lens,Le Mans,0,333228,Junior Kadile,SUB,0,0.0,28,0.0,0.0,0.0,0.0,0.0,0.0,0.0,,0.0,0.0,0.0,0.0,0.0,0.0
401876463,2026-09-13,ligue1,2026,14252,Lens,Le Mans,0,228557,Amadou Haidara,SUB,0,1.0,21,0.0,0.0,0.0,0.0,0.0,0.0,0.0,,0.0,0.0,1.0,0.0,0.0,0.0
401876463,2026-09-13,ligue1,2026,14252,Lens,Le Mans,0,412217,Mezian Soares,SUB,0,1.0,38,0.0,1.0,0.0,0.0,1.0,0.0,0.0,,0.0,1.0,1.0,0.0,2.0,0.0
401876463,2026-09-13,ligue1,2026,14252,Lens,Le Mans,0,215687,Florian Sotoca,SUB,0,0.0,7,0.0,0.0,0.0,0.0,0.0,0.0,0.0,,0.0,0.0,0.0,0.0,0.0,0.0
401876463,2026-09-13,ligue1,2026,14252,Lens,Le Mans,0,158066,Thorgan Hazard,SUB,0,1.0,9,1.0,2.0,0.0,0.0,0.0,0.0,0.0,,0.0,0.0,1.0,0.0,1.0,0.0
401876463,2026-09-13,ligue1,2026,14252,Lens,Le Mans,0,131742,Mathieu Gorgelin,SUB,0,0.0,16,0.0,0.0,0.0,0.0,,0.0,0.0,0.0,0.0,0.0,0.0,0.0,0.0,0.0
401876463,2026-09-13,ligue1,2026,14252,Lens,Le Mans,0,387044,Nidal Celik,SUB,0,0.0,4,0.0,0.0,0.0,0.0,0.0,0.0,0.0,,0.0,0.0,0.0,0.0,0.0,0.0
401876463,2026-09-13,ligue1,2026,14252,Lens,Le Mans,0,364180,Franjo Ivanovic,SUB,0,1.0,29,1.0,1.0,0.0,0.0,0.0,0.0,0.0,,0.0,1.0,1.0,1.0,1.0,0.0
401876465,2026-09-13,ligue1,2026,14252,Brest,Paris Saint-Germain,1,286433,Egil Selvik,G,1,1.0,1,0.0,0.0,0.0,1.0,,0.0,0.0,6.0,0.0,0.0,0.0,0.0,0.0,0.0
401876465,2026-09-13,ligue1,2026,14252,Brest,Paris Saint-Germain,1,180174,Gautier Lloris,CD-L,1,1.0,4,0.0,0.0,0.0,1.0,0.0,0.0,0.0,,0.0,0.0,0.0,0.0,0.0,0.0
401876465,2026-09-13,ligue1,2026,14252,Brest,Paris Saint-Germain,1,397594,Raphaël Le Guen,CD-R,1,1.0,71,1.0,0.0,0.0,1.0,0.0,0.0,0.0,,0.0,0.0,0.0,0.0,1.0,0.0
401876465,2026-09-13,ligue1,2026,14252,Brest,Paris Saint-Germain,1,324572,Bradley Locko,LB,1,1.0,2,1.0,2.0,0.0,1.0,0.0,0.0,0.0,,0.0,0.0,0.0,0.0,0.0,0.0
401876465,2026-09-13,ligue1,2026,14252,Brest,Paris Saint-Germain,1,164187,Kenny Lala,RB,1,1.0,70,0.0,1.0,0.0,1.0,0.0,0.0,0.0,,0.0,0.0,0.0,0.0,0.0,0.0
401876465,2026-09-13,ligue1,2026,14252,Brest,Paris Saint-Germain,1,330412,Kamory Doumbia,AM,1,1.0,23,2.0,1.0,0.0,1.0,0.0,0.0,0.0,,0.0,1.0,0.0,0.0,4.0,1.0
401876465,2026-09-13,ligue1,2026,14252,Brest,Paris Saint-Germain,1,250377,Hugo Magnetti,LM,1,1.0,8,2.0,1.0,0.0,1.0,0.0,0.0,0.0,,0.0,0.0,0.0,0.0,1.0,0.0
401876465,2026-09-13,ligue1,2026,14252,Brest,Paris Saint-Germain,1,291850,Joris Chotard,RM,1,1.0,13,0.0,0.0,0.0,1.0,0.0,0.0,0.0,,0.0,0.0,0.0,0.0,0.0,0.0
401876465,2026-09-13,ligue1,2026,14252,Brest,Paris Saint-Germain,1,192015,Ludovic Ajorque,F,1,1.0,19,3.0,1.0,0.0,1.0,1.0,0.0,0.0,,0.0,1.0,0.0,0.0,4.0,0.0
401876465,2026-09-13,ligue1,2026,14252,Brest,Paris Saint-Germain,1,365783,Pathé Mboup,AM-L,1,1.0,9,2.0,1.0,0.0,1.0,2.0,0.0,0.0,,0.0,3.0,0.0,0.0,4.0,0.0
401876465,2026-09-13,ligue1,2026,14252,Brest,Paris Saint-Germain,1,359402,Giovani Versini,AM-R,1,1.0,10,0.0,0.0,0.0,1.0,0.0,0.0,0.0,,0.0,0.0,0.0,0.0,0.0,0.0
401876465,2026-09-13,ligue1,2026,14252,Brest,Paris Saint-Germain,1,388421,Ibrahim Kanté,SUB,0,0.0,21,0.0,0.0,0.0,0.0,0.0,0.0,0.0,,0.0,0.0,0.0,0.0,0.0,0.0
401876465,2026-09-13,ligue1,2026,14252,Brest,Paris Saint-Germain,1,416403,Mathis Lainé,SUB,0,0.0,32,0.0,0.0,0.0,0.0,0.0,0.0,0.0,,0.0,0.0,0.0,0.0,0.0,0.0
401876465,2026-09-13,ligue1,2026,14252,Brest,Paris Saint-Germain,1,365781,Mathieu Patouillet,SUB,0,0.0,30,0.0,0.0,0.0,0.0,,0.0,0.0,0.0,0.0,0.0,0.0,0.0,0.0,0.0
401876465,2026-09-13,ligue1,2026,14252,Brest,Paris Saint-Germain,1,363150,Luc Zogbe,SUB,0,0.0,20,0.0,0.0,0.0,0.0,0.0,0.0,0.0,,0.0,0.0,0.0,0.0,0.0,0.0
401876465,2026-09-13,ligue1,2026,14252,Brest,Paris Saint-Germain,1,3121265,Enzo Monchatre,SUB,0,0.0,33,0.0,0.0,0.0,0.0,0.0,0.0,0.0,,0.0,0.0,0.0,0.0,0.0,0.0
401876465,2026-09-13,ligue1,2026,14252,Brest,Paris Saint-Germain,1,355998,Joseph Nonge,SUB,0,1.0,7,1.0,0.0,0.0,0.0,0.0,0.0,0.0,,0.0,0.0,1.0,0.0,1.0,0.0
401876465,2026-09-13,ligue1,2026,14252,Brest,Paris Saint-Germain,1,215574,Lucas Tousart,SUB,0,1.0,29,0.0,0.0,0.0,0.0,0.0,0.0,0.0,,0.0,0.0,1.0,0.0,0.0,0.0
401876465,2026-09-13,ligue1,2026,14252,Brest,Paris Saint-Germain,1,399248,Justin Bourgault,SUB,0,1.0,18,0.0,0.0,0.0,0.0,0.0,0.0,0.0,,0.0,0.0,1.0,0.0,0.0,0.0
401876465,2026-09-13,ligue1,2026,14252,Brest,Paris Saint-Germain,1,398380,Djylian N'Guessan,SUB,0,1.0,39,1.0,0.0,0.0,0.0,0.0,0.0,0.0,,0.0,0.0,1.0,0.0,1.0,0.0
401876465,2026-09-13,ligue1,2026,14252,Paris Saint-Germain,Brest,0,248699,Matvei Safonov,G,1,1.0,39,0.0,0.0,0.0,0.0,,0.0,0.0,6.0,0.0,0.0,0.0,0.0,0.0,0.0
401876465,2026-09-13,ligue1,2026,14252,Paris Saint-Germain,Brest,0,287005,Willian Pacho,CD-L,1,1.0,51,0.0,0.0,0.0,0.0,0.0,0.0,0.0,,0.0,0.0,0.0,0.0,1.0,0.0
401876465,2026-09-13,ligue1,2026,14252,Paris Saint-Germain,Brest,0,159047,Marquinhos,CD-R,1,1.0,5,1.0,2.0,0.0,0.0,0.0,0.0,0.0,,0.0,0.0,0.0,0.0,0.0,0.0
401876465,2026-09-13,ligue1,2026,14252,Paris Saint-Germain,Brest,0,290591,Nuno Mendes,LB,1,1.0,25,0.0,2.0,0.0,0.0,0.0,0.0,0.0,,0.0,0.0,0.0,0.0,1.0,0.0
401876465,2026-09-13,ligue1,2026,14252,Paris Saint-Germain,Brest,0,240233,Achraf Hakimi,RB,1,1.0,2,0.0,1.0,0.0,0.0,0.0,0.0,0.0,,0.0,0.0,0.0,0.0,1.0,0.0
401876465,2026-09-13,ligue1,2026,14252,Paris Saint-Germain,Brest,0,288897,Vitinha,CM,1,1.0,17,1.0,1.0,0.0,0.0,0.0,0.0,0.0,,0.0,0.0,0.0,0.0,0.0,1.0
401876465,2026-09-13,ligue1,2026,14252,Paris Saint-Germain,Brest,0,355061,João Neves,LM,1,1.0,87,0.0,1.0,0.0,0.0,0.0,0.0,0.0,,0.0,2.0,0.0,0.0,2.0,0.0
401876465,2026-09-13,ligue1,2026,14252,Paris Saint-Germain,Brest,0,345581,Warren Zaïre-Emery,RM,1,1.0,33,2.0,0.0,0.0,0.0,0.0,0.0,0.0,,0.0,0.0,0.0,0.0,0.0,0.0
401876465,2026-09-13,ligue1,2026,14252,Paris Saint-Germain,Brest,0,265869,Ferran Torres,F,1,1.0,9,0.0,1.0,0.0,0.0,1.0,0.0,0.0,,0.0,1.0,0.0,1.0,1.0,0.0
401876465,2026-09-13,ligue1,2026,14252,Paris Saint-Germain,Brest,0,274745,Khvicha Kvaratskhelia,LF,1,1.0,7,0.0,1.0,0.0,0.0,0.0,0.0,0.0,,0.0,2.0,0.0,0.0,4.0,0.0
401876465,2026-09-13,ligue1,2026,14252,Paris Saint-Germain,Brest,0,229744,Ousmane Dembélé,RF,1,1.0,10,0.0,0.0,1.0,0.0,0.0,0.0,0.0,,0.0,2.0,0.0,0.0,4.0,0.0
401876465,2026-09-13,ligue1,2026,14252,Paris Saint-Germain,Brest,0,160115,Lucas Digne,SUB,0,0.0,12,0.0,0.0,0.0,0.0,0.0,0.0,0.0,,0.0,0.0,0.0,0.0,0.0,0.0
401876465,2026-09-13,ligue1,2026,14252,Paris Saint-Germain,Brest,0,288925,Lucas Chevalier,SUB,0,0.0,30,0.0,0.0,0.0,0.0,,0.0,0.0,0.0,0.0,0.0,0.0,0.0,0.0,0.0
401876465,2026-09-13,ligue1,2026,14252,Paris Saint-Germain,Brest,0,329690,Maghnes Akliouche,SUB,0,1.0,11,1.0,0.0,0.0,0.0,0.0,0.0,0.0,,0.0,0.0,1.0,0.0,0.0,0.0
401876465,2026-09-13,ligue1,2026,14252,Paris Saint-Germain,Brest,0,214596,Fabián Ruiz,SUB,0,1.0,8,0.0,0.0,0.0,0.0,0.0,0.0,0.0,,0.0,0.0,1.0,0.0,0.0,0.0
401876465,2026-09-13,ligue1,2026,14252,Paris Saint-Germain,Brest,0,196200,Lucas Hernández,SUB,0,0.0,21,0.0,0.0,0.0,0.0,0.0,0.0,0.0,,0.0,0.0,0.0,0.0,0.0,0.0
401876465,2026-09-13,ligue1,2026,14252,Paris Saint-Germain,Brest,0,403578,Dro Fernández,SUB,0,1.0,27,1.0,1.0,0.0,0.0,0.0,0.0,0.0,,0.0,0.0,1.0,0.0,0.0,1.0
401876465,2026-09-13,ligue1,2026,14252,Paris Saint-Germain,Brest,0,316128,Lucas Beraldo,SUB,0,0.0,4,0.0,0.0,0.0,0.0,0.0,0.0,0.0,,0.0,0.0,0.0,0.0,0.0,0.0
401876465,2026-09-13,ligue1,2026,14252,Paris Saint-Germain,Brest,0,336388,Désiré Doué,SUB,0,1.0,14,1.0,1.0,0.0,0.0,0.0,0.0,0.0,,0.0,0.0,1.0,0.0,1.0,0.0
401876465,2026-09-13,ligue1,2026,14252,Paris Saint-Germain,Brest,0,353363,Mika Godts,SUB,0,1.0,22,0.0,1.0,0.0,0.0,0.0,0.0,0.0,,0.0,0.0,1.0,0.0,0.0,0.0
401876453,2026-09-18,ligue1,2026,14252,AS Monaco,Lens,1,134169,Lukas Hradecky,G,1,1.0,1,0.0,0.0,0.0,1.0,,0.0,0.0,3.0,0.0,0.0,0.0,0.0,0.0,0.0
401876453,2026-09-18,ligue1,2026,14252,AS Monaco,Lens,1,155532,Eric Dier,CD-L,1,1.0,15,2.0,0.0,0.0,1.0,0.0,0.0,0.0,,0.0,0.0,0.0,0.0,0.0,0.0
401876453,2026-09-18,ligue1,2026,14252,AS Monaco,Lens,1,362288,Sadibou Sané,CD-R,1,1.0,72,0.0,1.0,0.0,1.0,0.0,0.0,0.0,,0.0,0.0,0.0,0.0,0.0,0.0
401876453,2026-09-18,ligue1,2026,14252,AS Monaco,Lens,1,316559,Názinho,LB,1,1.0,20,1.0,1.0,0.0,1.0,0.0,0.0,0.0,,0.0,0.0,0.0,0.0,0.0,0.0
401876453,2026-09-18,ligue1,2026,14252,AS Monaco,Lens,1,310640,Vanderson,RB,1,1.0,2,3.0,1.0,0.0,1.0,0.0,0.0,0.0,,0.0,0.0,0.0,0.0,0.0,0.0
401876453,2026-09-18,ligue1,2026,14252,AS Monaco,Lens,1,222628,Denis Zakaria,CM-L,1,1.0,6,1.0,0.0,0.0,1.0,0.0,0.0,0.0,,0.0,1.0,0.0,0.0,1.0,0.0
401876453,2026-09-18,ligue1,2026,14252,AS Monaco,Lens,1,38721,Lamine Camara,CM-R,1,1.0,8,1.0,1.0,0.0,1.0,0.0,0.0,0.0,,0.0,0.0,0.0,0.0,0.0,1.0
401876453,2026-09-18,ligue1,2026,14252,AS Monaco,Lens,1,195501,Aleksandr Golovin,LM,1,1.0,10,0.0,0.0,0.0,1.0,0.0,0.0,0.0,,0.0,0.0,0.0,0.0,1.0,0.0
401876453,2026-09-18,ligue1,2026,14252,AS Monaco,Lens,1,345645,Edan Diop,RM,1,1.0,37,0.0,0.0,0.0,1.0,0.0,0.0,0.0,,0.0,0.0,0.0,0.0,0.0,0.0
401876453,2026-09-18,ligue1,2026,14252,AS Monaco,Lens,1,365789,Paris Brunner,CF-L,1,1.0,29,3.0,2.0,0.0,1.0,1.0,0.0,0.0,,0.0,3.0,0.0,1.0,3.0,0.0
401876453,2026-09-18,ligue1,2026,14252,AS Monaco,Lens,1,318389,Matthis Abline,CF-R,1,1.0,11,1.0,3.0,1.0,1.0,2.0,0.0,0.0,,0.0,1.0,0.0,0.0,3.0,0.0
401876453,2026-09-18,ligue1,2026,14252,AS Monaco,Lens,1,159348,Takumi Minamino,SUB,0,0.0,18,0.0,0.0,0.0,0.0,0.0,0.0,0.0,,0.0,0.0,0.0,0.0,0.0,0.0
401876453,2026-09-18,ligue1,2026,14252,AS Monaco,Lens,1,350525,Christian Mawissa,SUB,0,0.0,13,0.0,0.0,0.0,0.0,0.0,0.0,0.0,,0.0,0.0,0.0,0.0,0.0,0.0
401876453,2026-09-18,ligue1,2026,14252,AS Monaco,Lens,1,3124794,Safouane Benzahra,SUB,0,0.0,47,0.0,0.0,0.0,0.0,0.0,0.0,0.0,,0.0,0.0,0.0,0.0,0.0,0.0
401876453,2026-09-18,ligue1,2026,14252,AS Monaco,Lens,1,282643,Folarin Balogun,SUB,0,1.0,9,1.0,0.0,0.0,0.0,0.0,0.0,0.0,,0.0,1.0,1.0,0.0,1.0,0.0
401876453,2026-09-18,ligue1,2026,14252,AS Monaco,Lens,1,277718,Mohammed Salisu,SUB,0,1.0,22,0.0,0.0,0.0,0.0,0.0,0.0,0.0,,0.0,0.0,1.0,0.0,0.0,0.0
401876453,2026-09-18,ligue1,2026,14252,AS Monaco,Lens,1,397994,Mathys Detourbet,SUB,0,1.0,7,0.0,1.0,0.0,0.0,0.0,0.0,0.0,,0.0,0.0,1.0,0.0,0.0,0.0
401876453,2026-09-18,ligue1,2026,14252,AS Monaco,Lens,1,411027,Ilane Touré,SUB,0,0.0,49,0.0,0.0,0.0,0.0,0.0,0.0,0.0,,0.0,0.0,0.0,0.0,0.0,0.0
401876453,2026-09-18,ligue1,2026,14252,AS Monaco,Lens,1,258875,Philipp Köhn,SUB,0,0.0,16,0.0,0.0,0.0,0.0,,0.0,0.0,0.0,0.0,0.0,0.0,0.0,0.0,0.0
401876453,2026-09-18,ligue1,2026,14252,AS Monaco,Lens,1,411449,Pape Cabral,SUB,0,1.0,19,0.0,1.0,0.0,0.0,0.0,0.0,0.0,,0.0,0.0,1.0,0.0,0.0,0.0
401876453,2026-09-18,ligue1,2026,14252,Lens,AS Monaco,0,344517,Robin Risser,G,1,1.0,40,0.0,0.0,0.0,2.0,,0.0,0.0,5.0,0.0,0.0,0.0,0.0,0.0,0.0
401876453,2026-09-18,ligue1,2026,14252,Lens,AS Monaco,0,277327,Jean-Clair Todibo,CD,1,1.0,20,2.0,0.0,0.0,1.0,0.0,0.0,0.0,,0.0,0.0,0.0,0.0,0.0,0.0
401876453,2026-09-18,ligue1,2026,14252,Lens,AS Monaco,0,233199,Matthieu Udol,CD-L,1,1.0,14,1.0,1.0,0.0,2.0,0.0,0.0,0.0,,0.0,2.0,0.0,1.0,2.0,0.0
401876453,2026-09-18,ligue1,2026,14252,Lens,AS Monaco,0,393432,Kyllian Antonio,CD-R,1,1.0,32,1.0,3.0,0.0,2.0,0.0,0.0,0.0,,0.0,0.0,0.0,0.0,1.0,0.0
401876453,2026-09-18,ligue1,2026,14252,Lens,AS Monaco,0,228557,Amadou Haidara,CM-L,1,1.0,21,0.0,2.0,0.0,1.0,0.0,0.0,0.0,,0.0,0.0,0.0,0.0,0.0,0.0
401876453,2026-09-18,ligue1,2026,14252,Lens,AS Monaco,0,258871,Michaël Cuisance,CM-R,1,1.0,27,0.0,1.0,0.0,2.0,0.0,0.0,0.0,,0.0,0.0,0.0,0.0,2.0,0.0
401876453,2026-09-18,ligue1,2026,14252,Lens,AS Monaco,0,333228,Junior Kadile,LM,1,1.0,28,1.0,0.0,0.0,1.0,0.0,0.0,0.0,,0.0,0.0,0.0,0.0,0.0,0.0
401876453,2026-09-18,ligue1,2026,14252,Lens,AS Monaco,0,181946,Ruben Aguilar,RM,1,1.0,2,1.0,0.0,0.0,2.0,0.0,0.0,0.0,,0.0,0.0,0.0,0.0,0.0,0.0
401876453,2026-09-18,ligue1,2026,14252,Lens,AS Monaco,0,308246,Abdallah Sima,F,1,1.0,19,1.0,2.0,0.0,1.0,0.0,0.0,0.0,,0.0,1.0,0.0,0.0,2.0,0.0
401876453,2026-09-18,ligue1,2026,14252,Lens,AS Monaco,0,412217,Mezian Soares,CF-L,1,1.0,38,0.0,0.0,0.0,1.0,0.0,0.0,0.0,,0.0,0.0,0.0,0.0,0.0,0.0
401876453,2026-09-18,ligue1,2026,14252,Lens,AS Monaco,0,156898,Florian Thauvin,CF-R,1,1.0,10,1.0,0.0,1.0,2.0,1.0,0.0,0.0,,0.0,0.0,0.0,0.0,2.0,1.0
401876453,2026-09-18,ligue1,2026,14252,Lens,AS Monaco,0,222180,Odsonne Édouard,SUB,0,1.0,11,0.0,0.0,0.0,1.0,0.0,0.0,0.0,,0.0,0.0,1.0,0.0,1.0,0.0
401876453,2026-09-18,ligue1,2026,14252,Lens,AS Monaco,0,401306,Souleymane Sagnan,SUB,0,0.0,31,0.0,0.0,0.0,0.0,0.0,0.0,0.0,,0.0,0.0,0.0,0.0,0.0,0.0
401876453,2026-09-18,ligue1,2026,14252,Lens,AS Monaco,0,364180,Franjo Ivanovic,SUB,0,0.0,29,0.0,0.0,0.0,0.0,0.0,0.0,0.0,,0.0,0.0,0.0,0.0,0.0,0.0
401876453,2026-09-18,ligue1,2026,14252,Lens,AS Monaco,0,197187,Jonathan Gradit,SUB,0,1.0,24,0.0,3.0,0.0,1.0,0.0,1.0,0.0,,0.0,0.0,1.0,0.0,0.0,0.0
401876453,2026-09-18,ligue1,2026,14252,Lens,AS Monaco,0,158066,Thorgan Hazard,SUB,0,1.0,9,1.0,0.0,0.0,1.0,0.0,0.0,0.0,,0.0,1.0,1.0,0.0,2.0,0.0
401876453,2026-09-18,ligue1,2026,14252,Lens,AS Monaco,0,387061,Andrija Bulatovic,SUB,0,1.0,5,1.0,0.0,0.0,1.0,0.0,0.0,0.0,,0.0,0.0,1.0,0.0,0.0,0.0
401876453,2026-09-18,ligue1,2026,14252,Lens,AS Monaco,0,215687,Florian Sotoca,SUB,0,0.0,7,0.0,0.0,0.0,0.0,0.0,0.0,0.0,,0.0,0.0,0.0,0.0,0.0,0.0
401876453,2026-09-18,ligue1,2026,14252,Lens,AS Monaco,0,131742,Mathieu Gorgelin,SUB,0,0.0,16,0.0,0.0,0.0,0.0,,0.0,0.0,0.0,0.0,0.0,0.0,0.0,0.0,0.0
401876453,2026-09-18,ligue1,2026,14252,Lens,AS Monaco,0,288481,Michal Skoras,SUB,0,1.0,22,1.0,1.0,0.0,1.0,0.0,0.0,0.0,,0.0,0.0,1.0,0.0,0.0,0.0
401876450,2026-09-19,ligue1,2026,14252,Toulouse,Le Havre AC,1,324289,Guillaume Restes,G,1,1.0,16,0.0,1.0,0.0,2.0,,0.0,0.0,5.0,0.0,0.0,0.0,0.0,0.0,0.0
401876450,2026-09-19,ligue1,2026,14252,Toulouse,Le Havre AC,1,77072,Mark McKenzie,CD-L,1,1.0,3,2.0,1.0,0.0,2.0,0.0,0.0,0.0,,0.0,0.0,0.0,0.0,0.0,0.0
401876450,2026-09-19,ligue1,2026,14252,Toulouse,Le Havre AC,1,408252,Seny Koumbassa,CD-R,1,1.0,5,2.0,0.0,0.0,2.0,0.0,0.0,0.0,,0.0,0.0,0.0,0.0,0.0,1.0
401876450,2026-09-19,ligue1,2026,14252,Toulouse,Le Havre AC,1,385000,Christ Tapé,LB,1,1.0,12,4.0,0.0,0.0,2.0,0.0,0.0,0.0,,0.0,0.0,0.0,0.0,0.0,1.0
401876450,2026-09-19,ligue1,2026,14252,Toulouse,Le Havre AC,1,384162,Rafik Messali,RB,1,1.0,22,2.0,0.0,0.0,1.0,0.0,0.0,0.0,,0.0,0.0,0.0,0.0,1.0,0.0
401876450,2026-09-19,ligue1,2026,14252,Toulouse,Le Havre AC,1,271244,Cristian Cásseres Jr.,CM-L,1,1.0,23,2.0,1.0,1.0,2.0,0.0,0.0,0.0,,0.0,0.0,0.0,0.0,0.0,0.0
401876450,2026-09-19,ligue1,2026,14252,Toulouse,Le Havre AC,1,363538,Niko Sigur,CM-R,1,1.0,14,2.0,4.0,0.0,2.0,0.0,0.0,0.0,,0.0,1.0,0.0,0.0,1.0,1.0
401876450,2026-09-19,ligue1,2026,14252,Toulouse,Le Havre AC,1,403310,Ilyas Azizi,LM,1,1.0,37,2.0,1.0,0.0,1.0,0.0,0.0,0.0,,0.0,0.0,0.0,0.0,3.0,0.0
401876450,2026-09-19,ligue1,2026,14252,Toulouse,Le Havre AC,1,362777,Thomas Jørgensen,RM,1,1.0,8,0.0,4.0,1.0,2.0,0.0,0.0,0.0,,0.0,1.0,0.0,1.0,1.0,0.0
401876450,2026-09-19,ligue1,2026,14252,Toulouse,Le Havre AC,1,306664,Casper Tengstedt,CF-L,1,1.0,20,0.0,1.0,0.0,1.0,2.0,0.0,0.0,,0.0,2.0,0.0,2.0,5.0,0.0
401876450,2026-09-19,ligue1,2026,14252,Toulouse,Le Havre AC,1,297121,Jacen Russell-Rowe,CF-R,1,1.0,13,1.0,1.0,0.0,2.0,0.0,0.0,0.0,,0.0,1.0,0.0,0.0,2.0,0.0
401876450,2026-09-19,ligue1,2026,14252,Toulouse,Le Havre AC,1,225565,Niklas Schmidt,SUB,0,0.0,31,0.0,0.0,0.0,0.0,0.0,0.0,0.0,,0.0,0.0,0.0,0.0,0.0,0.0
401876450,2026-09-19,ligue1,2026,14252,Toulouse,Le Havre AC,1,362411,David Odogu,SUB,0,0.0,19,0.0,0.0,0.0,0.0,0.0,0.0,0.0,,0.0,0.0,0.0,0.0,0.0,0.0
401876450,2026-09-19,ligue1,2026,14252,Toulouse,Le Havre AC,1,338873,Santiago Hidalgo,SUB,0,1.0,9,0.0,0.0,0.0,1.0,0.0,0.0,0.0,,0.0,0.0,1.0,0.0,1.0,0.0
401876450,2026-09-19,ligue1,2026,14252,Toulouse,Le Havre AC,1,371559,Mathys Niflore,SUB,0,0.0,60,0.0,0.0,0.0,0.0,,0.0,0.0,0.0,0.0,0.0,0.0,0.0,0.0,0.0
401876450,2026-09-19,ligue1,2026,14252,Toulouse,Le Havre AC,1,252740,Aron Donnum,SUB,0,0.0,15,0.0,0.0,0.0,0.0,0.0,0.0,0.0,,0.0,0.0,0.0,0.0,0.0,0.0
401876450,2026-09-19,ligue1,2026,14252,Toulouse,Le Havre AC,1,408251,Alexis Vossah,SUB,0,1.0,6,0.0,0.0,0.0,1.0,0.0,0.0,0.0,,0.0,0.0,1.0,0.0,0.0,0.0
401876450,2026-09-19,ligue1,2026,14252,Toulouse,Le Havre AC,1,380400,Julián Vignolo,SUB,0,0.0,7,0.0,0.0,0.0,0.0,0.0,0.0,0.0,,0.0,0.0,0.0,0.0,0.0,0.0
401876450,2026-09-19,ligue1,2026,14252,Toulouse,Le Havre AC,1,399428,Sion Oppong,SUB,0,1.0,11,0.0,1.0,0.0,1.0,1.0,0.0,0.0,,0.0,0.0,1.0,0.0,0.0,0.0
401876450,2026-09-19,ligue1,2026,14252,Toulouse,Le Havre AC,1,364764,Mathis Amougou,SUB,0,0.0,18,0.0,0.0,0.0,0.0,0.0,0.0,0.0,,0.0,0.0,0.0,0.0,0.0,0.0
401876450,2026-09-19,ligue1,2026,14252,Le Havre AC,Toulouse,0,190293,Gauthier Gallon,G,1,1.0,93,0.0,0.0,0.0,3.0,,0.0,0.0,2.0,0.0,0.0,0.0,0.0,0.0,0.0
401876450,2026-09-19,ligue1,2026,14252,Le Havre AC,Toulouse,0,258270,Ayumu Seko,CD,1,1.0,15,2.0,1.0,0.0,3.0,0.0,0.0,0.0,,0.0,0.0,0.0,0.0,2.0,0.0
401876450,2026-09-19,ligue1,2026,14252,Le Havre AC,Toulouse,0,246847,Ahmed Touba,CD-L,1,1.0,5,2.0,0.0,0.0,3.0,0.0,0.0,0.0,,0.0,0.0,0.0,0.0,0.0,0.0
401876450,2026-09-19,ligue1,2026,14252,Le Havre AC,Toulouse,0,138563,Vincent Sasso,CD-R,1,1.0,23,0.0,0.0,0.0,2.0,0.0,0.0,0.0,,0.0,0.0,0.0,0.0,0.0,0.0
401876450,2026-09-19,ligue1,2026,14252,Le Havre AC,Toulouse,0,319285,Amir Richardson,CM-L,1,1.0,7,1.0,1.0,0.0,3.0,0.0,0.0,0.0,,0.0,0.0,0.0,0.0,2.0,0.0
401876450,2026-09-19,ligue1,2026,14252,Le Havre AC,Toulouse,0,346519,Simon Ebonog,CM-R,1,1.0,26,2.0,0.0,0.0,3.0,0.0,0.0,0.0,,0.0,0.0,0.0,0.0,1.0,0.0
401876450,2026-09-19,ligue1,2026,14252,Le Havre AC,Toulouse,0,329755,Elias Jelert,LM,1,1.0,12,0.0,0.0,0.0,3.0,0.0,0.0,0.0,,0.0,0.0,0.0,0.0,0.0,0.0
401876450,2026-09-19,ligue1,2026,14252,Le Havre AC,Toulouse,0,3132216,Djibril Ouziad,RM,1,1.0,20,0.0,4.0,0.0,2.0,0.0,0.0,0.0,,0.0,0.0,0.0,0.0,2.0,0.0
401876450,2026-09-19,ligue1,2026,14252,Le Havre AC,Toulouse,0,243514,Josh Maja,F,1,1.0,9,1.0,2.0,0.0,3.0,1.0,0.0,0.0,,0.0,2.0,0.0,1.0,4.0,0.0
401876450,2026-09-19,ligue1,2026,14252,Le Havre AC,Toulouse,0,231366,Mbwana Samatta,CF-L,1,1.0,25,3.0,1.0,0.0,3.0,0.0,0.0,0.0,,0.0,2.0,0.0,1.0,3.0,0.0
401876450,2026-09-19,ligue1,2026,14252,Le Havre AC,Toulouse,0,401045,Rayan Fofana,CF-R,1,1.0,38,1.0,7.0,0.0,2.0,0.0,0.0,0.0,,0.0,2.0,0.0,0.0,3.0,0.0
401876450,2026-09-19,ligue1,2026,14252,Le Havre AC,Toulouse,0,255780,Arnaud Bodart,SUB,0,0.0,16,0.0,0.0,0.0,0.0,,0.0,0.0,0.0,0.0,0.0,0.0,0.0,0.0,0.0
401876450,2026-09-19,ligue1,2026,14252,Le Havre AC,Toulouse,0,340583,Junior Mwanga,SUB,0,1.0,6,0.0,0.0,0.0,1.0,0.0,0.0,0.0,,0.0,0.0,1.0,0.0,0.0,0.0
401876450,2026-09-19,ligue1,2026,14252,Le Havre AC,Toulouse,0,399434,Sota Nakamura,SUB,0,1.0,30,1.0,0.0,1.0,1.0,0.0,0.0,0.0,,0.0,1.0,1.0,0.0,1.0,1.0
401876450,2026-09-19,ligue1,2026,14252,Le Havre AC,Toulouse,0,325043,Kaito Mizuta,SUB,0,0.0,17,0.0,0.0,0.0,0.0,0.0,0.0,0.0,,0.0,0.0,0.0,0.0,0.0,0.0
401876450,2026-09-19,ligue1,2026,14252,Le Havre AC,Toulouse,0,408085,Mouhamed N'Diaye,SUB,0,0.0,97,0.0,0.0,0.0,0.0,0.0,0.0,0.0,,0.0,0.0,0.0,0.0,0.0,0.0
401876450,2026-09-19,ligue1,2026,14252,Le Havre AC,Toulouse,0,411169,Enzo Koffi,SUB,0,1.0,27,0.0,1.0,0.0,1.0,0.0,0.0,0.0,,0.0,0.0,1.0,0.0,0.0,0.0
401876450,2026-09-19,ligue1,2026,14252,Le Havre AC,Toulouse,0,388878,Daren Mosengo,SUB,0,0.0,78,0.0,0.0,0.0,0.0,0.0,0.0,0.0,,0.0,0.0,0.0,0.0,0.0,0.0
401876450,2026-09-19,ligue1,2026,14252,Le Havre AC,Toulouse,0,291982,Rassoul Ndiaye,SUB,0,1.0,14,1.0,0.0,0.0,0.0,0.0,0.0,0.0,,0.0,0.0,1.0,0.0,0.0,0.0
401876450,2026-09-19,ligue1,2026,14252,Le Havre AC,Toulouse,0,371557,Ismail Bouneb,SUB,0,1.0,44,1.0,0.0,0.0,0.0,0.0,0.0,0.0,,0.0,0.0,1.0,0.0,0.0,0.0
401876451,2026-09-19,ligue1,2026,14252,Paris FC,Strasbourg,1,122280,Kevin Trapp,G,1,1.0,1,0.0,0.0,0.0,1.0,,0.0,0.0,1.0,0.0,0.0,0.0,0.0,0.0,0.0
401876451,2026-09-19,ligue1,2026,14252,Paris FC,Strasbourg,1,332549,Diego Coppola,CD-L,1,1.0,42,1.0,0.0,0.0,1.0,0.0,0.0,0.0,,0.0,0.0,0.0,0.0,0.0,0.0
401876451,2026-09-19,ligue1,2026,14252,Paris FC,Strasbourg,1,287474,Moustapha Mbow,CD-R,1,1.0,5,1.0,1.0,0.0,1.0,0.0,1.0,0.0,,0.0,0.0,0.0,0.0,0.0,0.0
401876451,2026-09-19,ligue1,2026,14252,Paris FC,Strasbourg,1,196729,Hamari Traoré,LB,1,1.0,14,2.0,1.0,0.0,0.0,0.0,0.0,0.0,,0.0,0.0,0.0,0.0,0.0,0.0
401876451,2026-09-19,ligue1,2026,14252,Paris FC,Strasbourg,1,364746,Adama Camara,RB,1,1.0,17,4.0,0.0,0.0,1.0,0.0,0.0,0.0,,0.0,0.0,0.0,0.0,0.0,0.0
401876451,2026-09-19,ligue1,2026,14252,Paris FC,Strasbourg,1,334359,Pablo Pagis,AM,1,1.0,7,1.0,1.0,0.0,0.0,0.0,0.0,0.0,,0.0,1.0,0.0,1.0,2.0,0.0
401876451,2026-09-19,ligue1,2026,14252,Paris FC,Strasbourg,1,221527,Pierre Lees-Melou,LM,1,1.0,33,2.0,2.0,0.0,1.0,0.0,0.0,0.0,,0.0,0.0,0.0,0.0,1.0,0.0
401876451,2026-09-19,ligue1,2026,14252,Paris FC,Strasbourg,1,223122,Maxime López,RM,1,1.0,20,1.0,0.0,1.0,0.0,0.0,0.0,0.0,,0.0,0.0,0.0,0.0,2.0,1.0
401876451,2026-09-19,ligue1,2026,14252,Paris FC,Strasbourg,1,271137,Lassine Sinayoko,F,1,1.0,9,1.0,2.0,1.0,0.0,1.0,0.0,0.0,,0.0,2.0,0.0,0.0,5.0,0.0
401876451,2026-09-19,ligue1,2026,14252,Paris FC,Strasbourg,1,341333,Luca Koleosho,AM-L,1,1.0,15,1.0,0.0,0.0,1.0,0.0,0.0,0.0,,0.0,2.0,0.0,0.0,4.0,1.0
401876451,2026-09-19,ligue1,2026,14252,Paris FC,Strasbourg,1,304918,Ilan Kebbal,AM-R,1,1.0,10,1.0,1.0,0.0,0.0,0.0,0.0,0.0,,0.0,1.0,0.0,1.0,2.0,0.0
401876451,2026-09-19,ligue1,2026,14252,Paris FC,Strasbourg,1,257126,Jean-Phillipe Krasso,SUB,0,0.0,11,0.0,0.0,0.0,0.0,0.0,0.0,0.0,,0.0,0.0,0.0,0.0,0.0,0.0
401876451,2026-09-19,ligue1,2026,14252,Paris FC,Strasbourg,1,324325,Yoan Koré,SUB,0,0.0,25,0.0,0.0,0.0,0.0,0.0,0.0,0.0,,0.0,0.0,0.0,0.0,0.0,0.0
401876451,2026-09-19,ligue1,2026,14252,Paris FC,Strasbourg,1,398780,Zabi Gueu,SUB,0,1.0,8,1.0,0.0,0.0,1.0,0.0,0.0,0.0,,0.0,0.0,1.0,0.0,0.0,0.0
401876451,2026-09-19,ligue1,2026,14252,Paris FC,Strasbourg,1,301770,Obed Nkambadio,SUB,0,0.0,16,0.0,0.0,0.0,0.0,,0.0,0.0,0.0,0.0,0.0,0.0,0.0,0.0,0.0
401876451,2026-09-19,ligue1,2026,14252,Paris FC,Strasbourg,1,402888,Rudy Matondo,SUB,0,1.0,23,0.0,1.0,0.0,1.0,0.0,0.0,0.0,,0.0,1.0,1.0,0.0,1.0,0.0
401876451,2026-09-19,ligue1,2026,14252,Paris FC,Strasbourg,1,225559,Jonathan Ikoné,SUB,0,1.0,93,0.0,0.0,0.0,1.0,0.0,0.0,0.0,,0.0,0.0,1.0,0.0,0.0,0.0
401876451,2026-09-19,ligue1,2026,14252,Paris FC,Strasbourg,1,219153,Vincent Marchetti,SUB,0,1.0,4,0.0,0.0,0.0,1.0,0.0,0.0,0.0,,0.0,0.0,1.0,0.0,0.0,0.0
401876451,2026-09-19,ligue1,2026,14252,Paris FC,Strasbourg,1,187647,Moses Simon,SUB,0,0.0,27,0.0,0.0,0.0,0.0,0.0,0.0,0.0,,0.0,0.0,0.0,0.0,0.0,0.0
401876451,2026-09-19,ligue1,2026,14252,Paris FC,Strasbourg,1,246805,Thibault De Smet,SUB,0,1.0,28,1.0,2.0,0.0,1.0,0.0,0.0,0.0,,0.0,0.0,1.0,0.0,0.0,1.0
401876451,2026-09-19,ligue1,2026,14252,Strasbourg,Paris FC,0,304256,Filip Jørgensen,G,1,1.0,1,0.0,0.0,0.0,2.0,,0.0,0.0,5.0,0.0,0.0,0.0,0.0,0.0,0.0
401876451,2026-09-19,ligue1,2026,14252,Strasbourg,Paris FC,0,305935,Ismael Doukoure,CD-L,1,1.0,6,1.0,3.0,0.0,2.0,0.0,0.0,0.0,,0.0,0.0,0.0,0.0,1.0,0.0
401876451,2026-09-19,ligue1,2026,14252,Strasbourg,Paris FC,0,362926,Jeyland Mitchell,CD-R,1,1.0,4,0.0,0.0,0.0,2.0,0.0,0.0,0.0,,0.0,0.0,0.0,0.0,1.0,0.0
401876451,2026-09-19,ligue1,2026,14252,Strasbourg,Paris FC,0,378491,Samir El Mourabet,DM,1,1.0,29,0.0,0.0,0.0,2.0,0.0,0.0,0.0,,0.0,0.0,0.0,0.0,1.0,0.0
401876451,2026-09-19,ligue1,2026,14252,Strasbourg,Paris FC,0,377782,Oso,LB,1,1.0,36,1.0,4.0,0.0,2.0,0.0,0.0,0.0,,0.0,0.0,0.0,0.0,0.0,0.0
401876451,2026-09-19,ligue1,2026,14252,Strasbourg,Paris FC,0,374221,Genesis Antwi,RB,1,1.0,16,0.0,1.0,0.0,2.0,0.0,0.0,0.0,,0.0,0.0,0.0,0.0,0.0,0.0
401876451,2026-09-19,ligue1,2026,14252,Strasbourg,Paris FC,0,290230,Giovanni Reyna,CM-L,1,1.0,10,0.0,0.0,0.0,2.0,0.0,0.0,0.0,,0.0,0.0,0.0,0.0,0.0,0.0
401876451,2026-09-19,ligue1,2026,14252,Strasbourg,Paris FC,0,368325,Diogo Sousa,CM-R,1,1.0,23,2.0,2.0,0.0,2.0,0.0,0.0,0.0,,0.0,0.0,0.0,0.0,0.0,1.0
401876451,2026-09-19,ligue1,2026,14252,Strasbourg,Paris FC,0,303787,Sebastian Nanasi,LM,1,1.0,11,0.0,0.0,0.0,2.0,0.0,0.0,0.0,,0.0,1.0,0.0,0.0,1.0,0.0
401876451,2026-09-19,ligue1,2026,14252,Strasbourg,Paris FC,0,379012,Gessime Yassine,RM,1,1.0,80,2.0,4.0,0.0,2.0,0.0,0.0,0.0,,0.0,0.0,0.0,0.0,0.0,1.0
401876451,2026-09-19,ligue1,2026,14252,Strasbourg,Paris FC,0,3117410,Jacobo Ortega Conde,F,1,1.0,30,2.0,1.0,0.0,2.0,0.0,0.0,0.0,,0.0,0.0,0.0,0.0,0.0,0.0
401876451,2026-09-19,ligue1,2026,14252,Strasbourg,Paris FC,0,359934,Lucas Høgsberg,SUB,0,0.0,24,0.0,0.0,0.0,0.0,0.0,0.0,0.0,,0.0,0.0,0.0,0.0,0.0,0.0
401876451,2026-09-19,ligue1,2026,14252,Strasbourg,Paris FC,0,350501,Samuel Amo-Ameyaw,SUB,0,1.0,7,3.0,0.0,0.0,0.0,0.0,0.0,0.0,,0.0,0.0,1.0,0.0,1.0,0.0
401876451,2026-09-19,ligue1,2026,14252,Strasbourg,Paris FC,0,224074,Karim Coulibaly,SUB,0,0.0,31,0.0,0.0,0.0,0.0,0.0,0.0,0.0,,0.0,0.0,0.0,0.0,0.0,0.0
401876451,2026-09-19,ligue1,2026,14252,Strasbourg,Paris FC,0,371556,Yaya Diémé,SUB,0,1.0,35,0.0,0.0,0.0,0.0,0.0,0.0,0.0,,0.0,0.0,1.0,0.0,0.0,0.0
401876451,2026-09-19,ligue1,2026,14252,Strasbourg,Paris FC,0,353378,Pape Diop,SUB,0,1.0,21,1.0,0.0,0.0,0.0,0.0,0.0,0.0,,0.0,0.0,1.0,0.0,0.0,0.0
401876451,2026-09-19,ligue1,2026,14252,Strasbourg,Paris FC,0,371973,Milosz Piekutowski,SUB,0,0.0,12,0.0,0.0,0.0,0.0,,0.0,0.0,0.0,0.0,0.0,0.0,0.0,0.0,0.0
401876451,2026-09-19,ligue1,2026,14252,Strasbourg,Paris FC,0,316560,Dário Essugo,SUB,0,1.0,14,0.0,2.0,0.0,0.0,0.0,0.0,0.0,,0.0,0.0,1.0,0.0,0.0,0.0
401876451,2026-09-19,ligue1,2026,14252,Strasbourg,Paris FC,0,418506,Tyrese Noubissie,SUB,0,0.0,28,0.0,0.0,0.0,0.0,0.0,0.0,0.0,,0.0,0.0,0.0,0.0,0.0,0.0
401876451,2026-09-19,ligue1,2026,14252,Strasbourg,Paris FC,0,362794,Conrad Harder,SUB,0,1.0,40,0.0,0.0,0.0,0.0,0.0,0.0,0.0,,0.0,0.0,1.0,0.0,0.0,0.0
401876454,2026-09-19,ligue1,2026,14252,Lyon,Stade Rennais,1,221278,Dominik Greif,G,1,1.0,1,0.0,0.0,0.0,0.0,,0.0,0.0,4.0,0.0,0.0,0.0,0.0,0.0,0.0
401876454,2026-09-19,ligue1,2026,14252,Lyon,Stade Rennais,1,213181,Moussa Niakhaté,CD-L,1,1.0,19,1.0,0.0,0.0,0.0,0.0,0.0,0.0,,0.0,0.0,0.0,0.0,0.0,1.0
401876454,2026-09-19,ligue1,2026,14252,Lyon,Stade Rennais,1,320945,Felix Bacher,CD-R,1,1.0,20,0.0,1.0,0.0,0.0,0.0,0.0,0.0,,0.0,0.0,0.0,0.0,1.0,0.0
401876454,2026-09-19,ligue1,2026,14252,Lyon,Stade Rennais,1,285088,Abner,LB,1,1.0,16,1.0,0.0,0.0,0.0,0.0,0.0,0.0,,0.0,0.0,0.0,0.0,0.0,0.0
401876454,2026-09-19,ligue1,2026,14252,Lyon,Stade Rennais,1,370758,Zachary Athekame,RB,1,1.0,13,1.0,1.0,1.0,0.0,0.0,0.0,0.0,,0.0,1.0,0.0,1.0,1.0,1.0
401876454,2026-09-19,ligue1,2026,14252,Lyon,Stade Rennais,1,305545,Pavel Sulc,AM,1,1.0,10,2.0,1.0,1.0,0.0,0.0,0.0,0.0,,0.0,1.0,0.0,0.0,1.0,1.0
401876454,2026-09-19,ligue1,2026,14252,Lyon,Stade Rennais,1,298522,Tyler Morton,LM,1,1.0,23,0.0,3.0,0.0,0.0,0.0,0.0,0.0,,0.0,0.0,0.0,0.0,0.0,0.0
401876454,2026-09-19,ligue1,2026,14252,Lyon,Stade Rennais,1,290401,Mads Bidstrup,RM,1,1.0,2,3.0,0.0,0.0,0.0,0.0,0.0,0.0,,0.0,0.0,0.0,0.0,0.0,0.0
401876454,2026-09-19,ligue1,2026,14252,Lyon,Stade Rennais,1,276265,Loïs Openda,F,1,1.0,17,0.0,2.0,0.0,0.0,0.0,0.0,0.0,,0.0,1.0,0.0,0.0,3.0,0.0
401876454,2026-09-19,ligue1,2026,14252,Lyon,Stade Rennais,1,192060,Corentin Tolisso,AM-L,1,1.0,8,2.0,4.0,1.0,0.0,1.0,0.0,0.0,,0.0,2.0,0.0,1.0,2.0,0.0
401876454,2026-09-19,ligue1,2026,14252,Lyon,Stade Rennais,1,333310,Ernest Nuamah,AM-R,1,1.0,7,1.0,1.0,0.0,0.0,0.0,0.0,0.0,,0.0,4.0,0.0,2.0,6.0,0.0
401876454,2026-09-19,ligue1,2026,14252,Lyon,Stade Rennais,1,303308,Tanner Tessmann,SUB,0,1.0,6,0.0,0.0,0.0,0.0,0.0,0.0,0.0,,0.0,0.0,1.0,0.0,0.0,0.0
401876454,2026-09-19,ligue1,2026,14252,Lyon,Stade Rennais,1,301354,Ruben Kluivert,SUB,0,0.0,21,0.0,0.0,0.0,0.0,0.0,0.0,0.0,,0.0,0.0,0.0,0.0,0.0,0.0
401876454,2026-09-19,ligue1,2026,14252,Lyon,Stade Rennais,1,379066,Kail Boudache,SUB,0,1.0,26,0.0,0.0,0.0,0.0,1.0,0.0,0.0,,0.0,0.0,1.0,0.0,0.0,0.0
401876454,2026-09-19,ligue1,2026,14252,Lyon,Stade Rennais,1,364589,Mohamed Ouédraogo,SUB,0,0.0,76,0.0,0.0,0.0,0.0,0.0,0.0,0.0,,0.0,0.0,0.0,0.0,0.0,0.0
401876454,2026-09-19,ligue1,2026,14252,Lyon,Stade Rennais,1,265953,Keito Nakamura,SUB,0,1.0,11,0.0,0.0,0.0,0.0,0.0,0.0,0.0,,0.0,0.0,1.0,0.0,0.0,0.0
401876454,2026-09-19,ligue1,2026,14252,Lyon,Stade Rennais,1,222175,Rémy Descamps,SUB,0,0.0,40,0.0,0.0,0.0,0.0,,0.0,0.0,0.0,0.0,0.0,0.0,0.0,0.0,0.0
401876454,2026-09-19,ligue1,2026,14252,Lyon,Stade Rennais,1,408345,Khalis Merah,SUB,0,1.0,18,1.0,0.0,0.0,0.0,0.0,0.0,0.0,,0.0,0.0,1.0,0.0,1.0,0.0
401876454,2026-09-19,ligue1,2026,14252,Lyon,Stade Rennais,1,214649,Clinton Mata,SUB,0,0.0,22,0.0,0.0,0.0,0.0,0.0,0.0,0.0,,0.0,0.0,0.0,0.0,0.0,0.0
401876454,2026-09-19,ligue1,2026,14252,Lyon,Stade Rennais,1,365562,Noah Nartey,SUB,0,1.0,99,1.0,0.0,0.0,0.0,0.0,0.0,0.0,,0.0,0.0,1.0,0.0,0.0,1.0
401876454,2026-09-19,ligue1,2026,14252,Stade Rennais,Lyon,0,164126,Brice Samba,G,1,1.0,30,0.0,0.0,0.0,4.0,,0.0,0.0,5.0,0.0,0.0,0.0,0.0,0.0,0.0
401876454,2026-09-19,ligue1,2026,14252,Stade Rennais,Lyon,0,376339,Abdelhamid Aït Boudlal,CD-L,1,1.0,48,0.0,1.0,0.0,4.0,0.0,0.0,0.0,,0.0,0.0,0.0,0.0,0.0,0.0
401876454,2026-09-19,ligue1,2026,14252,Stade Rennais,Lyon,0,307713,Charlie Cresswell,CD-R,1,1.0,4,1.0,1.0,0.0,4.0,0.0,0.0,0.0,,0.0,0.0,0.0,0.0,2.0,0.0
401876454,2026-09-19,ligue1,2026,14252,Stade Rennais,Lyon,0,207136,Valentin Rongier,DM,1,1.0,21,1.0,2.0,0.0,4.0,0.0,0.0,0.0,,0.0,0.0,0.0,0.0,1.0,1.0
401876454,2026-09-19,ligue1,2026,14252,Stade Rennais,Lyon,0,313890,Quentin Merlin,LB,1,1.0,26,1.0,2.0,0.0,3.0,0.0,0.0,0.0,,0.0,0.0,0.0,0.0,1.0,1.0
401876454,2026-09-19,ligue1,2026,14252,Stade Rennais,Lyon,0,190806,Przemyslaw Frankowski,RB,1,1.0,95,4.0,0.0,0.0,3.0,0.0,0.0,0.0,,0.0,0.0,0.0,0.0,1.0,0.0
401876454,2026-09-19,ligue1,2026,14252,Stade Rennais,Lyon,0,268966,Mahdi Camara,CM-L,1,1.0,45,0.0,1.0,0.0,4.0,0.0,0.0,0.0,,0.0,1.0,0.0,0.0,1.0,0.0
401876454,2026-09-19,ligue1,2026,14252,Stade Rennais,Lyon,0,173266,Adrien Thomasson,CM-R,1,1.0,28,3.0,2.0,0.0,4.0,0.0,0.0,0.0,,0.0,0.0,0.0,0.0,0.0,0.0
401876454,2026-09-19,ligue1,2026,14252,Stade Rennais,Lyon,0,332862,Eliezer Mayenda,LM,1,1.0,12,0.0,0.0,0.0,3.0,0.0,0.0,0.0,,0.0,0.0,0.0,0.0,1.0,0.0
401876454,2026-09-19,ligue1,2026,14252,Stade Rennais,Lyon,0,242738,Arnaud Nordin,RM,1,1.0,70,2.0,1.0,0.0,3.0,0.0,0.0,0.0,,0.0,1.0,0.0,0.0,2.0,0.0
401876454,2026-09-19,ligue1,2026,14252,Stade Rennais,Lyon,0,282381,Boulaye Dia,F,1,1.0,22,1.0,0.0,0.0,3.0,0.0,0.0,0.0,,0.0,0.0,0.0,0.0,0.0,0.0
401876454,2026-09-19,ligue1,2026,14252,Stade Rennais,Lyon,0,372260,Mahamadou Nagida,SUB,0,1.0,18,0.0,1.0,0.0,1.0,0.0,0.0,0.0,,0.0,0.0,1.0,0.0,0.0,0.0
401876454,2026-09-19,ligue1,2026,14252,Stade Rennais,Lyon,0,291614,Anthony Rouault,SUB,0,0.0,24,0.0,0.0,0.0,0.0,0.0,0.0,0.0,,0.0,0.0,0.0,0.0,0.0,0.0
401876454,2026-09-19,ligue1,2026,14252,Stade Rennais,Lyon,0,323850,Esteban Lepaul,SUB,0,1.0,9,0.0,0.0,0.0,1.0,0.0,0.0,0.0,,0.0,2.0,1.0,0.0,3.0,0.0
401876454,2026-09-19,ligue1,2026,14252,Stade Rennais,Lyon,0,243844,Sebastian Szymanski,SUB,0,0.0,17,0.0,0.0,0.0,0.0,0.0,0.0,0.0,,0.0,0.0,0.0,0.0,0.0,0.0
401876454,2026-09-19,ligue1,2026,14252,Stade Rennais,Lyon,0,257489,Mousa Al-Tamari,SUB,0,1.0,11,0.0,0.0,0.0,1.0,0.0,0.0,0.0,,0.0,0.0,1.0,0.0,0.0,0.0
401876454,2026-09-19,ligue1,2026,14252,Stade Rennais,Lyon,0,250758,Bryan Reynolds,SUB,0,1.0,14,1.0,0.0,0.0,1.0,0.0,0.0,0.0,,0.0,0.0,1.0,0.0,0.0,0.0
401876454,2026-09-19,ligue1,2026,14252,Stade Rennais,Lyon,0,398977,Henrick Do Marcolino,SUB,0,0.0,65,0.0,0.0,0.0,0.0,0.0,0.0,0.0,,0.0,0.0,0.0,0.0,0.0,0.0
401876454,2026-09-19,ligue1,2026,14252,Stade Rennais,Lyon,0,217668,Nicolas Lemaitre,SUB,0,0.0,16,0.0,0.0,0.0,0.0,,0.0,0.0,0.0,0.0,0.0,0.0,0.0,0.0,0.0
401876454,2026-09-19,ligue1,2026,14252,Stade Rennais,Lyon,0,223120,Ludovic Blas,SUB,0,1.0,10,0.0,0.0,0.0,1.0,0.0,0.0,0.0,,0.0,0.0,1.0,0.0,1.0,0.0
401876455,2026-09-19,ligue1,2026,14252,Le Mans,Lorient,1,287606,Alexandre Lauray,,0,1.0,8,1.0,0.0,0.0,1.0,0.0,0.0,0.0,,0.0,0.0,1.0,0.0,1.0,0.0
401876455,2026-09-19,ligue1,2026,14252,Le Mans,Lorient,1,331636,Lucas Calodat,,0,1.0,22,0.0,0.0,0.0,1.0,0.0,0.0,0.0,,0.0,0.0,1.0,0.0,0.0,0.0
401876455,2026-09-19,ligue1,2026,14252,Le Mans,Lorient,1,233702,Dame Guèye,,0,1.0,25,1.0,0.0,0.0,1.0,0.0,0.0,0.0,,0.0,0.0,1.0,0.0,0.0,0.0
401876455,2026-09-19,ligue1,2026,14252,Le Mans,Lorient,1,310024,Raúl Torrente,,0,0.0,16,0.0,0.0,0.0,0.0,0.0,0.0,0.0,,0.0,0.0,0.0,0.0,0.0,0.0
401876455,2026-09-19,ligue1,2026,14252,Le Mans,Lorient,1,232335,Antoine Rabillard,,0,1.0,9,0.0,0.0,0.0,1.0,0.0,0.0,0.0,,0.0,0.0,1.0,0.0,1.0,0.0
401876455,2026-09-19,ligue1,2026,14252,Le Mans,Lorient,1,273021,Daouda Traoré,,0,0.0,23,0.0,0.0,0.0,0.0,0.0,0.0,0.0,,0.0,0.0,0.0,0.0,0.0,0.0
401876455,2026-09-19,ligue1,2026,14252,Le Mans,Lorient,1,397394,Noa Boissé,,0,0.0,15,0.0,0.0,0.0,0.0,0.0,0.0,0.0,,0.0,0.0,0.0,0.0,0.0,0.0
401876455,2026-09-19,ligue1,2026,14252,Le Mans,Lorient,1,279137,Bilal Brahimi,,0,1.0,7,0.0,0.0,0.0,0.0,0.0,0.0,0.0,,0.0,0.0,1.0,0.0,0.0,0.0
401876455,2026-09-19,ligue1,2026,14252,Le Mans,Lorient,1,299457,Ewan Hatfout,,0,0.0,1,0.0,0.0,0.0,0.0,0.0,0.0,0.0,,0.0,0.0,0.0,0.0,0.0,0.0
401876455,2026-09-19,ligue1,2026,14252,Le Mans,Lorient,1,233308,Nicolas Kocik,G,1,1.0,98,0.0,0.0,0.0,1.0,,0.0,0.0,1.0,0.0,0.0,0.0,0.0,0.0,0.0
401876455,2026-09-19,ligue1,2026,14252,Le Mans,Lorient,1,223117,Samuel Yohou,CD,1,1.0,17,0.0,1.0,0.0,1.0,0.0,0.0,0.0,,0.0,0.0,0.0,0.0,0.0,0.0
401876455,2026-09-19,ligue1,2026,14252,Le Mans,Lorient,1,393721,Harold Voyer,CD-L,1,1.0,5,1.0,0.0,0.0,1.0,0.0,0.0,0.0,,0.0,0.0,0.0,0.0,0.0,0.0
401876455,2026-09-19,ligue1,2026,14252,Le Mans,Lorient,1,30302,Djibril Sidibé,CD-R,1,1.0,19,2.0,2.0,0.0,1.0,0.0,0.0,0.0,,0.0,0.0,0.0,0.0,0.0,1.0
401876455,2026-09-19,ligue1,2026,14252,Le Mans,Lorient,1,330722,Lucas Bretelle,SW,1,1.0,29,1.0,3.0,1.0,0.0,0.0,0.0,0.0,,0.0,0.0,0.0,0.0,0.0,0.0
401876455,2026-09-19,ligue1,2026,14252,Le Mans,Lorient,1,315460,Jean Vercruysse,CM-L,1,1.0,10,2.0,1.0,0.0,0.0,0.0,0.0,0.0,,0.0,1.0,0.0,0.0,1.0,0.0
401876455,2026-09-19,ligue1,2026,14252,Le Mans,Lorient,1,418536,Adil Bourabaa,CM-R,1,1.0,11,1.0,1.0,0.0,1.0,0.0,0.0,0.0,,0.0,1.0,0.0,1.0,1.0,1.0
401876455,2026-09-19,ligue1,2026,14252,Le Mans,Lorient,1,289837,Yasser Larouci,LM,1,1.0,76,0.0,2.0,0.0,0.0,0.0,0.0,0.0,,0.0,1.0,0.0,0.0,2.0,0.0
401876455,2026-09-19,ligue1,2026,14252,Le Mans,Lorient,1,382872,Rayan Bamba,RM,1,1.0,26,3.0,1.0,1.0,1.0,0.0,0.0,0.0,,0.0,0.0,0.0,0.0,0.0,0.0
401876455,2026-09-19,ligue1,2026,14252,Le Mans,Lorient,1,268720,Louis Mafouta,CF-L,1,1.0,14,0.0,2.0,0.0,1.0,0.0,0.0,0.0,,0.0,2.0,0.0,0.0,3.0,0.0
401876455,2026-09-19,ligue1,2026,14252,Le Mans,Lorient,1,223376,Habib Diallo,CF-R,1,1.0,13,3.0,1.0,0.0,0.0,0.0,0.0,0.0,,0.0,2.0,0.0,1.0,2.0,1.0
401876455,2026-09-19,ligue1,2026,14252,Lorient,Le Mans,0,199381,Yvon Mvogo,G,1,1.0,38,0.0,0.0,0.0,2.0,,0.0,0.0,5.0,0.0,0.0,0.0,0.0,0.0,0.0
401876455,2026-09-19,ligue1,2026,14252,Lorient,Le Mans,0,265099,Montassar Talbi,CD,1,1.0,3,0.0,0.0,0.0,2.0,0.0,0.0,0.0,,0.0,0.0,0.0,0.0,0.0,0.0
401876455,2026-09-19,ligue1,2026,14252,Lorient,Le Mans,0,345563,Nathaniel Adjei,CD-L,1,1.0,32,2.0,1.0,0.0,2.0,0.0,0.0,0.0,,0.0,0.0,0.0,0.0,0.0,0.0
401876455,2026-09-19,ligue1,2026,14252,Lorient,Le Mans,0,347940,Dembo Sylla,CD-R,1,1.0,20,0.0,2.0,0.0,2.0,0.0,0.0,0.0,,0.0,0.0,0.0,0.0,0.0,0.0
401876455,2026-09-19,ligue1,2026,14252,Lorient,Le Mans,0,355870,Arthur Avom,CM-L,1,1.0,62,3.0,1.0,0.0,2.0,0.0,0.0,0.0,,0.0,0.0,0.0,0.0,0.0,1.0
401876455,2026-09-19,ligue1,2026,14252,Lorient,Le Mans,0,315215,Noah Cadiou,CM-R,1,1.0,8,1.0,1.0,0.0,2.0,0.0,0.0,0.0,,0.0,0.0,0.0,0.0,2.0,0.0
401876455,2026-09-19,ligue1,2026,14252,Lorient,Le Mans,0,381626,Arsène Kouassi,LM,1,1.0,43,0.0,1.0,1.0,2.0,0.0,0.0,0.0,,0.0,0.0,0.0,0.0,0.0,1.0
401876455,2026-09-19,ligue1,2026,14252,Lorient,Le Mans,0,364754,Panos Katseris,RM,1,1.0,77,0.0,0.0,0.0,1.0,0.0,0.0,0.0,,0.0,0.0,0.0,0.0,0.0,0.0
401876455,2026-09-19,ligue1,2026,14252,Lorient,Le Mans,0,324565,Ibrahima Baldé,F,1,1.0,18,2.0,0.0,0.0,2.0,1.0,0.0,0.0,,0.0,0.0,0.0,0.0,1.0,0.0
401876455,2026-09-19,ligue1,2026,14252,Lorient,Le Mans,0,225557,Jean-Victor Makengo,CF-L,1,1.0,17,1.0,3.0,0.0,2.0,0.0,0.0,0.0,,0.0,0.0,0.0,0.0,0.0,1.0
401876455,2026-09-19,ligue1,2026,14252,Lorient,Le Mans,0,397392,Gabin Bernardeau,CF-R,1,1.0,33,1.0,2.0,0.0,2.0,0.0,0.0,0.0,,0.0,0.0,0.0,0.0,2.0,0.0
401876455,2026-09-19,ligue1,2026,14252,Lorient,Le Mans,0,207369,Bingourou Kamara,SUB,0,0.0,21,0.0,0.0,0.0,0.0,,0.0,0.0,0.0,0.0,0.0,0.0,0.0,0.0,0.0
401876455,2026-09-19,ligue1,2026,14252,Lorient,Le Mans,0,344634,Srdjan Kuzmic,SUB,0,0.0,30,0.0,0.0,0.0,0.0,0.0,0.0,0.0,,0.0,0.0,0.0,0.0,0.0,0.0
401876455,2026-09-19,ligue1,2026,14252,Lorient,Le Mans,0,416429,Mamadou Koné,SUB,0,1.0,42,2.0,2.0,0.0,0.0,0.0,0.0,0.0,,0.0,1.0,1.0,0.0,1.0,0.0
401876455,2026-09-19,ligue1,2026,14252,Lorient,Le Mans,0,368592,Nosa Obaretin,SUB,0,1.0,55,1.0,0.0,0.0,0.0,0.0,0.0,0.0,,0.0,0.0,1.0,0.0,0.0,0.0
401876455,2026-09-19,ligue1,2026,14252,Lorient,Le Mans,0,325992,Théo Le Bris,SUB,0,1.0,11,1.0,0.0,0.0,1.0,0.0,0.0,0.0,,0.0,0.0,1.0,0.0,1.0,0.0
401876455,2026-09-19,ligue1,2026,14252,Lorient,Le Mans,0,306535,Isaak Touré,SUB,0,0.0,95,0.0,0.0,0.0,0.0,0.0,0.0,0.0,,0.0,0.0,0.0,0.0,0.0,0.0
401876455,2026-09-19,ligue1,2026,14252,Lorient,Le Mans,0,221548,Alec Georgen,SUB,0,0.0,2,0.0,0.0,0.0,0.0,0.0,0.0,0.0,,0.0,0.0,0.0,0.0,0.0,0.0
401876455,2026-09-19,ligue1,2026,14252,Lorient,Le Mans,0,297345,Souleymane Faye,SUB,0,1.0,19,1.0,1.0,0.0,0.0,0.0,0.0,0.0,,0.0,0.0,1.0,0.0,1.0,0.0
401876455,2026-09-19,ligue1,2026,14252,Lorient,Le Mans,0,309651,Isak Jensen,SUB,0,1.0,10,0.0,0.0,0.0,0.0,0.0,0.0,0.0,,0.0,1.0,1.0,1.0,1.0,0.0
401876457,2026-09-19,ligue1,2026,14252,Angers,Troyes,1,131743,Anthony Lopes,G,1,1.0,1,0.0,0.0,0.0,0.0,,0.0,0.0,3.0,0.0,0.0,0.0,0.0,0.0,0.0
401876457,2026-09-19,ligue1,2026,14252,Angers,Troyes,1,191712,Jordan Lefort,CD-L,1,1.0,21,0.0,0.0,0.0,0.0,0.0,0.0,0.0,,0.0,0.0,0.0,0.0,0.0,0.0
401876457,2026-09-19,ligue1,2026,14252,Angers,Troyes,1,412232,Ousmane Camara,CD-R,1,1.0,4,2.0,1.0,0.0,0.0,0.0,0.0,0.0,,0.0,0.0,0.0,0.0,0.0,1.0
401876457,2026-09-19,ligue1,2026,14252,Angers,Troyes,1,377899,Joseph Kalulu Kyatengwa,LB,1,1.0,17,2.0,0.0,0.0,0.0,0.0,0.0,0.0,,0.0,0.0,0.0,0.0,0.0,0.0
401876457,2026-09-19,ligue1,2026,14252,Angers,Troyes,1,218703,Carlens Arcus,RB,1,1.0,2,0.0,0.0,0.0,0.0,0.0,0.0,0.0,,0.0,0.0,0.0,0.0,0.0,0.0
401876457,2026-09-19,ligue1,2026,14252,Angers,Troyes,1,196234,Branco van den Boomen,CM-L,1,1.0,8,0.0,0.0,0.0,0.0,0.0,0.0,0.0,,0.0,0.0,0.0,0.0,1.0,0.0
401876457,2026-09-19,ligue1,2026,14252,Angers,Troyes,1,338006,Yassin Belkhdim,CM-R,1,1.0,14,2.0,0.0,0.0,0.0,0.0,0.0,0.0,,0.0,0.0,0.0,0.0,0.0,1.0
401876457,2026-09-19,ligue1,2026,14252,Angers,Troyes,1,314388,Amine Sbaï,LM,1,1.0,10,1.0,1.0,1.0,0.0,0.0,0.0,0.0,,0.0,1.0,0.0,1.0,2.0,0.0
401876457,2026-09-19,ligue1,2026,14252,Angers,Troyes,1,284333,Jim Allevinah,RM,1,1.0,18,3.0,4.0,0.0,0.0,1.0,0.0,0.0,,0.0,1.0,0.0,0.0,4.0,1.0
401876457,2026-09-19,ligue1,2026,14252,Angers,Troyes,1,403232,Prosper Peter,CF-L,1,1.0,9,0.0,2.0,0.0,0.0,0.0,0.0,0.0,,0.0,1.0,0.0,1.0,2.0,0.0
401876457,2026-09-19,ligue1,2026,14252,Angers,Troyes,1,301262,Amine El Ouazzani,CF-R,1,1.0,19,2.0,0.0,1.0,0.0,1.0,0.0,0.0,,0.0,0.0,0.0,0.0,0.0,0.0
401876457,2026-09-19,ligue1,2026,14252,Angers,Troyes,1,379227,Anthony Bermont,SUB,0,1.0,26,0.0,1.0,0.0,0.0,0.0,0.0,0.0,,0.0,0.0,1.0,0.0,0.0,0.0
401876457,2026-09-19,ligue1,2026,14252,Angers,Troyes,1,312399,Mamadou Simbakoli,SUB,0,1.0,7,1.0,3.0,0.0,0.0,0.0,0.0,0.0,,0.0,0.0,1.0,0.0,2.0,0.0
401876457,2026-09-19,ligue1,2026,14252,Angers,Troyes,1,421740,Bané Diatta,SUB,0,0.0,36,0.0,0.0,0.0,0.0,0.0,0.0,0.0,,0.0,0.0,0.0,0.0,0.0,0.0
401876457,2026-09-19,ligue1,2026,14252,Angers,Troyes,1,412871,Harouna Djibirin,SUB,0,1.0,11,0.0,0.0,0.0,0.0,1.0,0.0,0.0,,0.0,0.0,1.0,0.0,1.0,0.0
401876457,2026-09-19,ligue1,2026,14252,Angers,Troyes,1,356211,Emmanuel Biumla,SUB,0,0.0,24,0.0,0.0,0.0,0.0,0.0,0.0,0.0,,0.0,0.0,0.0,0.0,0.0,0.0
401876457,2026-09-19,ligue1,2026,14252,Angers,Troyes,1,297161,Melvin Zinga,SUB,0,0.0,16,0.0,0.0,0.0,0.0,,0.0,0.0,0.0,0.0,0.0,0.0,0.0,0.0,0.0
401876457,2026-09-19,ligue1,2026,14252,Angers,Troyes,1,357154,Lilian Raolisoa,SUB,0,1.0,27,0.0,0.0,0.0,0.0,0.0,0.0,0.0,,0.0,0.0,1.0,0.0,0.0,0.0
401876457,2026-09-19,ligue1,2026,14252,Angers,Troyes,1,394476,Marius Louãr,SUB,0,0.0,20,0.0,0.0,0.0,0.0,0.0,0.0,0.0,,0.0,0.0,0.0,0.0,0.0,0.0
401876457,2026-09-19,ligue1,2026,14252,Angers,Troyes,1,206993,Haris Belkebla,SUB,0,1.0,93,1.0,1.0,0.0,0.0,0.0,0.0,0.0,,0.0,0.0,1.0,0.0,0.0,0.0
401876457,2026-09-19,ligue1,2026,14252,Troyes,Angers,0,335240,Patrick Beach,G,1,1.0,33,0.0,0.0,0.0,2.0,,0.0,0.0,1.0,0.0,0.0,0.0,0.0,0.0,0.0
401876457,2026-09-19,ligue1,2026,14252,Troyes,Angers,0,112988,Michel Diaz,CD-L,1,1.0,4,2.0,0.0,0.0,2.0,0.0,0.0,0.0,,0.0,0.0,0.0,0.0,0.0,0.0
401876457,2026-09-19,ligue1,2026,14252,Troyes,Angers,0,181582,Adrien Monfray,CD-R,1,1.0,6,1.0,1.0,0.0,2.0,0.0,0.0,0.0,,0.0,0.0,0.0,0.0,0.0,0.0
401876457,2026-09-19,ligue1,2026,14252,Troyes,Angers,0,408780,Anis Ouzenadji,LB,1,1.0,3,1.0,2.0,0.0,2.0,0.0,0.0,0.0,,0.0,0.0,0.0,0.0,0.0,0.0
401876457,2026-09-19,ligue1,2026,14252,Troyes,Angers,0,414398,Noah Donkor,RB,1,1.0,31,1.0,1.0,0.0,2.0,0.0,0.0,0.0,,0.0,0.0,0.0,0.0,1.0,0.0
401876457,2026-09-19,ligue1,2026,14252,Troyes,Angers,0,286972,Iron Gomis,AM,1,1.0,11,3.0,1.0,0.0,2.0,0.0,0.0,0.0,,0.0,0.0,0.0,0.0,2.0,1.0
401876457,2026-09-19,ligue1,2026,14252,Troyes,Angers,0,323058,Dermane Karim,LM,1,1.0,29,4.0,2.0,0.0,2.0,0.0,0.0,0.0,,0.0,0.0,0.0,0.0,2.0,0.0
401876457,2026-09-19,ligue1,2026,14252,Troyes,Angers,0,346359,Mouhamed Diop,RM,1,1.0,8,0.0,0.0,0.0,2.0,0.0,0.0,0.0,,0.0,0.0,0.0,0.0,3.0,0.0
401876457,2026-09-19,ligue1,2026,14252,Troyes,Angers,0,305693,Jeremy Le Douaron,F,1,1.0,9,0.0,2.0,0.0,2.0,1.0,0.0,0.0,,0.0,1.0,0.0,0.0,3.0,0.0
401876457,2026-09-19,ligue1,2026,14252,Troyes,Angers,0,287514,Timothé Nkada,AM-L,1,1.0,23,0.0,0.0,0.0,2.0,0.0,0.0,0.0,,0.0,0.0,0.0,0.0,3.0,0.0
401876457,2026-09-19,ligue1,2026,14252,Troyes,Angers,0,270173,Antoine Mille,AM-R,1,1.0,17,1.0,1.0,0.0,2.0,0.0,0.0,0.0,,0.0,1.0,0.0,0.0,2.0,1.0
401876457,2026-09-19,ligue1,2026,14252,Troyes,Angers,0,3129214,Yacouba Kone,SUB,0,1.0,39,0.0,0.0,0.0,0.0,0.0,0.0,0.0,,0.0,0.0,1.0,0.0,0.0,0.0
401876457,2026-09-19,ligue1,2026,14252,Troyes,Angers,0,176406,Renaud Ripart,SUB,0,1.0,20,0.0,0.0,0.0,0.0,2.0,0.0,0.0,,0.0,0.0,1.0,0.0,0.0,0.0
401876457,2026-09-19,ligue1,2026,14252,Troyes,Angers,0,351379,Hugo Picard,SUB,0,1.0,22,1.0,0.0,0.0,0.0,0.0,0.0,0.0,,0.0,0.0,1.0,0.0,0.0,0.0
401876457,2026-09-19,ligue1,2026,14252,Troyes,Angers,0,298511,Kandet Diawara,SUB,0,1.0,7,0.0,3.0,0.0,0.0,0.0,0.0,0.0,,0.0,1.0,1.0,0.0,2.0,0.0
401876457,2026-09-19,ligue1,2026,14252,Troyes,Angers,0,3139430,Enisio Carneiro,SUB,0,0.0,41,0.0,0.0,0.0,0.0,0.0,0.0,0.0,,0.0,0.0,0.0,0.0,0.0,0.0
401876457,2026-09-19,ligue1,2026,14252,Troyes,Angers,0,3131916,Idrissa Soukouna,SUB,0,0.0,36,0.0,0.0,0.0,0.0,0.0,0.0,0.0,,0.0,0.0,0.0,0.0,0.0,0.0
401876457,2026-09-19,ligue1,2026,14252,Troyes,Angers,0,3140905,Lassana Simakha,SUB,0,0.0,34,0.0,0.0,0.0,0.0,0.0,0.0,0.0,,0.0,0.0,0.0,0.0,0.0,0.0
401876457,2026-09-19,ligue1,2026,14252,Troyes,Angers,0,334281,Lucas Maronnier,SUB,0,1.0,2,1.0,0.0,0.0,0.0,0.0,0.0,0.0,,0.0,0.0,1.0,0.0,1.0,0.0
401876457,2026-09-19,ligue1,2026,14252,Troyes,Angers,0,206835,Hillel Konaté,SUB,0,0.0,40,0.0,0.0,0.0,0.0,,0.0,0.0,0.0,0.0,0.0,0.0,0.0,0.0,0.0
401876449,2026-09-20,ligue1,2026,14252,Marseille,Paris Saint-Germain,1,228707,Jeffrey de Lange,G,1,1.0,1,0.0,0.0,0.0,2.0,,0.0,0.0,8.0,0.0,0.0,0.0,0.0,0.0,0.0
401876449,2026-09-20,ligue1,2026,14252,Marseille,Paris Saint-Germain,1,245243,Nayef Aguerd,CD-L,1,1.0,21,0.0,0.0,0.0,2.0,0.0,0.0,0.0,,0.0,0.0,0.0,0.0,2.0,0.0
401876449,2026-09-20,ligue1,2026,14252,Marseille,Paris Saint-Germain,1,307115,CJ Egan-Riley,CD-R,1,1.0,4,1.0,0.0,0.0,2.0,0.0,0.0,0.0,,0.0,0.0,0.0,0.0,0.0,0.0
401876449,2026-09-20,ligue1,2026,14252,Marseille,Paris Saint-Germain,1,159051,Emerson,LB,1,1.0,33,0.0,1.0,0.0,2.0,0.0,0.0,0.0,,0.0,0.0,0.0,0.0,0.0,0.0
401876449,2026-09-20,ligue1,2026,14252,Marseille,Paris Saint-Germain,1,266027,Timothy Weah,RB,1,1.0,22,2.0,0.0,0.0,2.0,0.0,0.0,1.0,,0.0,0.0,0.0,0.0,1.0,0.0
401876449,2026-09-20,ligue1,2026,14252,Marseille,Paris Saint-Germain,1,277525,Himad Abdelli,CM-L,1,1.0,8,0.0,0.0,0.0,2.0,0.0,0.0,0.0,,0.0,0.0,0.0,0.0,0.0,0.0
401876449,2026-09-20,ligue1,2026,14252,Marseille,Paris Saint-Germain,1,159543,Pierre-Emile Højbjerg,CM-R,1,1.0,23,2.0,0.0,0.0,2.0,0.0,0.0,0.0,,0.0,3.0,0.0,0.0,3.0,0.0
401876449,2026-09-20,ligue1,2026,14252,Marseille,Paris Saint-Germain,1,289114,Igor Paixão,LM,1,1.0,14,0.0,0.0,0.0,0.0,0.0,0.0,0.0,,0.0,0.0,0.0,0.0,0.0,0.0
401876449,2026-09-20,ligue1,2026,14252,Marseille,Paris Saint-Germain,1,238917,Amine Harit,RM,1,1.0,77,0.0,1.0,0.0,0.0,0.0,0.0,0.0,,0.0,0.0,0.0,0.0,0.0,0.0
401876449,2026-09-20,ligue1,2026,14252,Marseille,Paris Saint-Germain,1,259743,Amine Gouiri,CF-L,1,1.0,9,0.0,0.0,1.0,2.0,1.0,0.0,0.0,,0.0,0.0,0.0,0.0,0.0,0.0
401876449,2026-09-20,ligue1,2026,14252,Marseille,Paris Saint-Germain,1,178760,Neal Maupay,CF-R,1,1.0,11,0.0,1.0,0.0,2.0,0.0,0.0,0.0,,0.0,0.0,0.0,0.0,2.0,0.0
401876449,2026-09-20,ligue1,2026,14252,Marseille,Paris Saint-Germain,1,256773,Angel Gomes,SUB,0,1.0,7,2.0,0.0,0.0,2.0,0.0,0.0,0.0,,0.0,1.0,1.0,1.0,2.0,1.0
401876449,2026-09-20,ligue1,2026,14252,Marseille,Paris Saint-Germain,1,411418,Tadjidine Mmadi,SUB,0,0.0,43,0.0,0.0,0.0,0.0,0.0,0.0,0.0,,0.0,0.0,0.0,0.0,0.0,0.0
401876449,2026-09-20,ligue1,2026,14252,Marseille,Paris Saint-Germain,1,384005,Keyliane Abdallah,SUB,0,1.0,48,1.0,0.0,0.0,2.0,0.0,0.0,0.0,,0.0,0.0,1.0,0.0,1.0,1.0
401876449,2026-09-20,ligue1,2026,14252,Marseille,Paris Saint-Germain,1,220718,Ulisses Garcia,SUB,0,1.0,25,0.0,0.0,0.0,0.0,0.0,0.0,0.0,,0.0,0.0,1.0,0.0,1.0,0.0
401876449,2026-09-20,ligue1,2026,14252,Marseille,Paris Saint-Germain,1,276160,Faris Moumbagna,SUB,0,1.0,29,1.0,0.0,0.0,0.0,0.0,0.0,0.0,,0.0,0.0,1.0,0.0,0.0,0.0
401876449,2026-09-20,ligue1,2026,14252,Marseille,Paris Saint-Germain,1,238712,Derek Cornelius,SUB,0,0.0,13,0.0,0.0,0.0,0.0,0.0,0.0,0.0,,0.0,0.0,0.0,0.0,0.0,0.0
401876449,2026-09-20,ligue1,2026,14252,Marseille,Paris Saint-Germain,1,422095,Kelyann Bezahaf,SUB,0,1.0,74,0.0,0.0,0.0,0.0,0.0,0.0,0.0,,0.0,0.0,1.0,0.0,0.0,0.0
401876449,2026-09-20,ligue1,2026,14252,Marseille,Paris Saint-Germain,1,389351,Alexi Koum,SUB,0,0.0,46,0.0,0.0,0.0,0.0,0.0,0.0,0.0,,0.0,0.0,0.0,0.0,0.0,0.0
401876449,2026-09-20,ligue1,2026,14252,Marseille,Paris Saint-Germain,1,280650,Théo Vermot,SUB,0,0.0,92,0.0,0.0,0.0,0.0,,0.0,0.0,0.0,0.0,0.0,0.0,0.0,0.0,0.0
401876449,2026-09-20,ligue1,2026,14252,Paris Saint-Germain,Marseille,0,248699,Matvei Safonov,G,1,1.0,39,0.0,1.0,0.0,1.0,,0.0,0.0,3.0,0.0,0.0,0.0,0.0,0.0,0.0
401876449,2026-09-20,ligue1,2026,14252,Paris Saint-Germain,Marseille,0,287005,Willian Pacho,CD-L,1,1.0,51,0.0,0.0,0.0,1.0,0.0,0.0,0.0,,0.0,0.0,0.0,0.0,0.0,0.0
401876449,2026-09-20,ligue1,2026,14252,Paris Saint-Germain,Marseille,0,159047,Marquinhos,CD-R,1,1.0,5,0.0,0.0,0.0,1.0,1.0,0.0,0.0,,0.0,2.0,0.0,1.0,2.0,0.0
401876449,2026-09-20,ligue1,2026,14252,Paris Saint-Germain,Marseille,0,290591,Nuno Mendes,LB,1,1.0,25,2.0,4.0,0.0,1.0,0.0,0.0,0.0,,0.0,2.0,0.0,0.0,2.0,1.0
401876449,2026-09-20,ligue1,2026,14252,Paris Saint-Germain,Marseille,0,345581,Warren Zaïre-Emery,RB,1,1.0,33,0.0,0.0,0.0,1.0,0.0,0.0,0.0,,0.0,0.0,0.0,0.0,1.0,0.0
401876449,2026-09-20,ligue1,2026,14252,Paris Saint-Germain,Marseille,0,288897,Vitinha,CM,1,1.0,17,0.0,0.0,0.0,1.0,0.0,0.0,0.0,,0.0,0.0,0.0,0.0,3.0,0.0
401876449,2026-09-20,ligue1,2026,14252,Paris Saint-Germain,Marseille,0,214596,Fabián Ruiz,LM,1,1.0,8,0.0,0.0,0.0,0.0,0.0,0.0,0.0,,0.0,0.0,0.0,0.0,2.0,0.0
401876449,2026-09-20,ligue1,2026,14252,Paris Saint-Germain,Marseille,0,355061,João Neves,RM,1,1.0,87,1.0,1.0,0.0,1.0,0.0,0.0,0.0,,0.0,1.0,0.0,0.0,3.0,0.0
401876449,2026-09-20,ligue1,2026,14252,Paris Saint-Germain,Marseille,0,229744,Ousmane Dembélé,F,1,1.0,10,0.0,0.0,0.0,1.0,0.0,0.0,0.0,,0.0,1.0,0.0,0.0,7.0,0.0
401876449,2026-09-20,ligue1,2026,14252,Paris Saint-Germain,Marseille,0,274745,Khvicha Kvaratskhelia,LF,1,1.0,7,0.0,0.0,0.0,0.0,0.0,0.0,0.0,,0.0,1.0,0.0,0.0,2.0,0.0
401876449,2026-09-20,ligue1,2026,14252,Paris Saint-Germain,Marseille,0,336388,Désiré Doué,RF,1,1.0,14,0.0,0.0,1.0,1.0,0.0,0.0,0.0,,0.0,1.0,0.0,0.0,4.0,0.0
401876449,2026-09-20,ligue1,2026,14252,Paris Saint-Germain,Marseille,0,288925,Lucas Chevalier,SUB,0,0.0,30,0.0,0.0,0.0,0.0,,0.0,0.0,0.0,0.0,0.0,0.0,0.0,0.0,0.0
401876449,2026-09-20,ligue1,2026,14252,Paris Saint-Germain,Marseille,0,265869,Ferran Torres,SUB,0,1.0,9,0.0,0.0,0.0,1.0,1.0,0.0,0.0,,0.0,2.0,1.0,1.0,3.0,0.0
401876449,2026-09-20,ligue1,2026,14252,Paris Saint-Germain,Marseille,0,329690,Maghnes Akliouche,SUB,0,1.0,11,0.0,0.0,0.0,1.0,0.0,0.0,0.0,,0.0,0.0,1.0,0.0,2.0,0.0
401876449,2026-09-20,ligue1,2026,14252,Paris Saint-Germain,Marseille,0,353363,Mika Godts,SUB,0,1.0,22,0.0,1.0,0.0,0.0,0.0,0.0,0.0,,0.0,0.0,1.0,0.0,0.0,0.0
401876449,2026-09-20,ligue1,2026,14252,Paris Saint-Germain,Marseille,0,316128,Lucas Beraldo,SUB,0,1.0,4,0.0,1.0,0.0,0.0,0.0,0.0,0.0,,0.0,0.0,1.0,0.0,0.0,0.0
401876449,2026-09-20,ligue1,2026,14252,Paris Saint-Germain,Marseille,0,403578,Dro Fernández,SUB,0,0.0,27,0.0,0.0,0.0,0.0,0.0,0.0,0.0,,0.0,0.0,0.0,0.0,0.0,0.0
401876449,2026-09-20,ligue1,2026,14252,Paris Saint-Germain,Marseille,0,304503,Illia Zabarnyi,SUB,0,0.0,6,0.0,0.0,0.0,0.0,0.0,0.0,0.0,,0.0,0.0,0.0,0.0,0.0,0.0
401876449,2026-09-20,ligue1,2026,14252,Paris Saint-Germain,Marseille,0,160115,Lucas Digne,SUB,0,0.0,12,0.0,0.0,0.0,0.0,0.0,0.0,0.0,,0.0,0.0,0.0,0.0,0.0,0.0
401876449,2026-09-20,ligue1,2026,14252,Paris Saint-Germain,Marseille,0,379088,Senny Mayulu,SUB,0,0.0,24,0.0,0.0,0.0,0.0,0.0,0.0,0.0,,0.0,0.0,0.0,0.0,0.0,0.0
401876452,2026-09-20,ligue1,2026,14252,Nice,Lille,1,241029,Yehvann Diouf,G,1,1.0,23,0.0,0.0,0.0,1.0,,0.0,0.0,7.0,0.0,0.0,0.0,0.0,0.0,0.0
401876452,2026-09-20,ligue1,2026,14252,Nice,Lille,1,255192,Youssouf Ndayishimiye,CD,1,1.0,55,0.0,0.0,0.0,0.0,0.0,0.0,0.0,,0.0,0.0,0.0,0.0,0.0,0.0
401876452,2026-09-20,ligue1,2026,14252,Nice,Lille,1,3117261,Xavier Junior Mandza Tsiendi,CD-L,1,1.0,35,1.0,1.0,0.0,1.0,0.0,0.0,0.0,,0.0,0.0,0.0,0.0,0.0,1.0
401876452,2026-09-20,ligue1,2026,14252,Nice,Lille,1,236957,Mohamed Abdelmoneim,CD-R,1,1.0,5,1.0,0.0,0.0,1.0,0.0,0.0,0.0,,0.0,0.0,0.0,0.0,0.0,1.0
401876452,2026-09-20,ligue1,2026,14252,Nice,Lille,1,164895,Axel Witsel,CM-L,1,1.0,28,1.0,1.0,0.0,1.0,0.0,0.0,0.0,,0.0,0.0,0.0,0.0,1.0,0.0
401876452,2026-09-20,ligue1,2026,14252,Nice,Lille,1,357425,Djibril Coulibaly,CM-R,1,1.0,39,4.0,2.0,0.0,0.0,0.0,0.0,0.0,,0.0,1.0,0.0,0.0,2.0,0.0
401876452,2026-09-20,ligue1,2026,14252,Nice,Lille,1,298030,Niels Nkounkou,LM,1,1.0,27,2.0,1.0,0.0,0.0,0.0,0.0,0.0,,0.0,0.0,0.0,0.0,1.0,0.0
401876452,2026-09-20,ligue1,2026,14252,Nice,Lille,1,232089,Jonathan Clauss,RM,1,1.0,92,0.0,0.0,0.0,1.0,0.0,0.0,0.0,,0.0,0.0,0.0,0.0,0.0,0.0
401876452,2026-09-20,ligue1,2026,14252,Nice,Lille,1,311118,Elye Wahi,F,1,1.0,11,1.0,1.0,0.0,0.0,2.0,0.0,0.0,,0.0,1.0,0.0,0.0,2.0,0.0
401876452,2026-09-20,ligue1,2026,14252,Nice,Lille,1,315384,Mohamed Amoura,CF-L,1,1.0,9,2.0,0.0,0.0,0.0,0.0,0.0,0.0,,0.0,1.0,0.0,1.0,2.0,1.0
401876452,2026-09-20,ligue1,2026,14252,Nice,Lille,1,239905,Gauthier Hein,CF-R,1,1.0,7,1.0,1.0,1.0,1.0,1.0,0.0,0.0,,0.0,1.0,0.0,0.0,2.0,0.0
401876452,2026-09-20,ligue1,2026,14252,Nice,Lille,1,276995,Sofiane Diop,SUB,0,1.0,10,0.0,1.0,0.0,1.0,0.0,0.0,0.0,,0.0,0.0,1.0,0.0,0.0,0.0
401876452,2026-09-20,ligue1,2026,14252,Nice,Lille,1,265234,Ali Abdi,SUB,0,1.0,2,1.0,0.0,0.0,1.0,0.0,0.0,0.0,,0.0,0.0,1.0,0.0,0.0,0.0
401876452,2026-09-20,ligue1,2026,14252,Nice,Lille,1,376344,Hamza Koutoune,SUB,0,0.0,84,0.0,0.0,0.0,0.0,0.0,0.0,0.0,,0.0,0.0,0.0,0.0,0.0,0.0
401876452,2026-09-20,ligue1,2026,14252,Nice,Lille,1,282597,Isak Jansson,SUB,0,0.0,21,0.0,0.0,0.0,0.0,0.0,0.0,0.0,,0.0,0.0,0.0,0.0,0.0,0.0
401876452,2026-09-20,ligue1,2026,14252,Nice,Lille,1,416460,Everton Pereira,SUB,0,1.0,87,1.0,1.0,0.0,1.0,0.0,0.0,0.0,,0.0,0.0,1.0,0.0,0.0,0.0
401876452,2026-09-20,ligue1,2026,14252,Nice,Lille,1,287078,Hicham Boudaoui,SUB,0,0.0,6,0.0,0.0,0.0,0.0,0.0,0.0,0.0,,0.0,0.0,0.0,0.0,0.0,0.0
401876452,2026-09-20,ligue1,2026,14252,Nice,Lille,1,282676,Nathan N'Goumou,SUB,0,1.0,29,0.0,0.0,0.0,1.0,1.0,0.0,0.0,,0.0,0.0,1.0,0.0,0.0,0.0
401876452,2026-09-20,ligue1,2026,14252,Nice,Lille,1,305669,Alidu Seidu,SUB,0,1.0,36,1.0,0.0,0.0,1.0,0.0,0.0,0.0,,0.0,0.0,1.0,0.0,0.0,0.0
401876452,2026-09-20,ligue1,2026,14252,Nice,Lille,1,310859,Teddy Boulhendi,SUB,0,0.0,77,0.0,0.0,0.0,0.0,,0.0,0.0,0.0,0.0,0.0,0.0,0.0,0.0,0.0
401876452,2026-09-20,ligue1,2026,14252,Lille,Nice,0,257267,Berke Özer,G,1,1.0,1,0.0,1.0,0.0,2.0,,0.0,0.0,3.0,0.0,0.0,0.0,0.0,0.0,0.0
401876452,2026-09-20,ligue1,2026,14252,Lille,Nice,0,340900,Alexsandro,CD-L,1,1.0,4,1.0,0.0,0.0,2.0,0.0,0.0,0.0,,0.0,0.0,0.0,0.0,3.0,0.0
401876452,2026-09-20,ligue1,2026,14252,Lille,Nice,0,318577,Nathan Ngoy,CD-R,1,1.0,3,0.0,0.0,0.0,2.0,0.0,1.0,0.0,,0.0,0.0,0.0,0.0,0.0,0.0
401876452,2026-09-20,ligue1,2026,14252,Lille,Nice,0,250853,Romain Perraud,LB,1,1.0,15,1.0,2.0,0.0,2.0,0.0,0.0,0.0,,0.0,0.0,0.0,0.0,2.0,0.0
401876452,2026-09-20,ligue1,2026,14252,Lille,Nice,0,346844,Tiago Santos,RB,1,1.0,22,3.0,4.0,0.0,2.0,0.0,0.0,0.0,,0.0,2.0,0.0,0.0,3.0,0.0
401876452,2026-09-20,ligue1,2026,14252,Lille,Nice,0,318779,Hákon Haraldsson,AM,1,1.0,10,1.0,2.0,0.0,1.0,0.0,0.0,0.0,,0.0,0.0,0.0,0.0,3.0,0.0
401876452,2026-09-20,ligue1,2026,14252,Lille,Nice,0,179187,Nabil Bentaleb,LM,1,1.0,6,1.0,1.0,0.0,2.0,0.0,0.0,0.0,,0.0,1.0,0.0,0.0,1.0,0.0
401876452,2026-09-20,ligue1,2026,14252,Lille,Nice,0,123683,Benjamin André,RM,1,1.0,21,1.0,0.0,0.0,1.0,0.0,0.0,0.0,,0.0,0.0,0.0,0.0,0.0,0.0
401876452,2026-09-20,ligue1,2026,14252,Lille,Nice,0,274277,Ayase Ueda,F,1,1.0,18,0.0,0.0,0.0,2.0,1.0,0.0,0.0,,0.0,4.0,0.0,1.0,4.0,0.0
401876452,2026-09-20,ligue1,2026,14252,Lille,Nice,0,337855,Basar Önal,AM-L,1,1.0,19,0.0,1.0,0.0,1.0,0.0,0.0,0.0,,0.0,1.0,0.0,0.0,1.0,0.0
401876452,2026-09-20,ligue1,2026,14252,Lille,Nice,0,355971,Ethan Mbappé,AM-R,1,1.0,8,0.0,2.0,0.0,1.0,0.0,0.0,0.0,,0.0,0.0,0.0,0.0,1.0,0.0
401876452,2026-09-20,ligue1,2026,14252,Lille,Nice,0,301648,Orlando Gill,SUB,0,0.0,12,0.0,0.0,0.0,0.0,,0.0,0.0,0.0,0.0,0.0,0.0,0.0,0.0,0.0
401876452,2026-09-20,ligue1,2026,14252,Lille,Nice,0,297157,Dilane Bakwa,SUB,0,1.0,7,0.0,1.0,0.0,1.0,0.0,0.0,0.0,,0.0,0.0,1.0,0.0,0.0,0.0
401876452,2026-09-20,ligue1,2026,14252,Lille,Nice,0,283626,Osame Sahraoui,SUB,0,1.0,11,0.0,2.0,0.0,1.0,0.0,0.0,0.0,,0.0,0.0,1.0,0.0,0.0,0.0
401876452,2026-09-20,ligue1,2026,14252,Lille,Nice,0,304011,Maurits Kjaergaard,SUB,0,1.0,14,1.0,0.0,1.0,1.0,0.0,0.0,0.0,,0.0,0.0,1.0,0.0,1.0,1.0
401876452,2026-09-20,ligue1,2026,14252,Lille,Nice,0,217381,Calvin Verdonk,SUB,0,0.0,24,0.0,0.0,0.0,0.0,0.0,0.0,0.0,,0.0,0.0,0.0,0.0,0.0,0.0
401876452,2026-09-20,ligue1,2026,14252,Lille,Nice,0,345988,Ngal'ayel Mukau,SUB,0,1.0,17,0.0,0.0,0.0,0.0,0.0,0.0,0.0,,0.0,0.0,1.0,0.0,0.0,0.0
401876452,2026-09-20,ligue1,2026,14252,Lille,Nice,0,231778,Gaetan Perrin,SUB,0,0.0,28,0.0,0.0,0.0,0.0,0.0,0.0,0.0,,0.0,0.0,0.0,0.0,0.0,0.0
401876452,2026-09-20,ligue1,2026,14252,Lille,Nice,0,88965,Olivier Giroud,SUB,0,1.0,9,0.0,0.0,0.0,1.0,0.0,0.0,0.0,,0.0,0.0,1.0,0.0,2.0,0.0
401876452,2026-09-20,ligue1,2026,14252,Lille,Nice,0,393321,Isaac Cossier,SUB,0,0.0,26,0.0,0.0,0.0,0.0,0.0,0.0,0.0,,0.0,0.0,0.0,0.0,0.0,0.0
401876456,2026-09-20,ligue1,2026,14252,AJ Auxerre,Brest,1,345926,Mamadou Diop,G,1,1.0,23,0.0,0.0,0.0,1.0,,0.0,0.0,1.0,0.0,0.0,0.0,0.0,0.0,0.0
401876456,2026-09-20,ligue1,2026,14252,AJ Auxerre,Brest,1,229524,Axel Tuanzebe,CD,1,1.0,4,3.0,0.0,0.0,1.0,0.0,0.0,0.0,,0.0,0.0,0.0,0.0,0.0,0.0
401876456,2026-09-20,ligue1,2026,14252,AJ Auxerre,Brest,1,344520,Clément Akpa,CD-L,1,1.0,92,1.0,3.0,0.0,1.0,0.0,0.0,0.0,,0.0,0.0,0.0,0.0,0.0,0.0
401876456,2026-09-20,ligue1,2026,14252,AJ Auxerre,Brest,1,362476,Christ Makosso,CD-R,1,1.0,15,2.0,0.0,0.0,1.0,0.0,0.0,0.0,,0.0,0.0,0.0,0.0,0.0,1.0
401876456,2026-09-20,ligue1,2026,14252,AJ Auxerre,Brest,1,323722,Kévin Danois,CM-L,1,1.0,5,3.0,4.0,0.0,1.0,0.0,0.0,0.0,,0.0,0.0,0.0,0.0,0.0,0.0
401876456,2026-09-20,ligue1,2026,14252,AJ Auxerre,Brest,1,359360,Arthur Piedfort,CM-R,1,1.0,46,1.0,0.0,0.0,1.0,0.0,0.0,0.0,,0.0,0.0,0.0,0.0,1.0,0.0
401876456,2026-09-20,ligue1,2026,14252,AJ Auxerre,Brest,1,310134,Fredrik Oppegard,LM,1,1.0,22,2.0,1.0,0.0,1.0,0.0,0.0,0.0,,0.0,0.0,0.0,0.0,0.0,0.0
401876456,2026-09-20,ligue1,2026,14252,AJ Auxerre,Brest,1,335320,Lamine Sy,RM,1,1.0,27,2.0,1.0,0.0,1.0,0.0,0.0,0.0,,0.0,0.0,0.0,0.0,2.0,0.0
401876456,2026-09-20,ligue1,2026,14252,AJ Auxerre,Brest,1,293347,Cameron Archer,F,1,1.0,9,0.0,0.0,0.0,1.0,2.0,0.0,0.0,,0.0,2.0,0.0,1.0,2.0,0.0
401876456,2026-09-20,ligue1,2026,14252,AJ Auxerre,Brest,1,349185,Remy Labeau Lascary,CF-L,1,1.0,3,2.0,0.0,0.0,1.0,2.0,0.0,0.0,,0.0,0.0,0.0,0.0,0.0,0.0
401876456,2026-09-20,ligue1,2026,14252,AJ Auxerre,Brest,1,243748,Danny Namaso,CF-R,1,1.0,10,1.0,2.0,1.0,1.0,0.0,0.0,0.0,,0.0,1.0,0.0,0.0,2.0,0.0
401876456,2026-09-20,ligue1,2026,14252,AJ Auxerre,Brest,1,268591,Romain Faivre,SUB,0,1.0,21,0.0,2.0,0.0,0.0,0.0,0.0,0.0,,0.0,0.0,1.0,0.0,0.0,0.0
401876456,2026-09-20,ligue1,2026,14252,AJ Auxerre,Brest,1,404532,Elikya Legros,SUB,0,0.0,35,0.0,0.0,0.0,0.0,0.0,0.0,0.0,,0.0,0.0,0.0,0.0,0.0,0.0
401876456,2026-09-20,ligue1,2026,14252,AJ Auxerre,Brest,1,307159,Pierre Ekwah,SUB,0,1.0,17,1.0,0.0,0.0,0.0,0.0,0.0,0.0,,0.0,0.0,1.0,0.0,1.0,0.0
401876456,2026-09-20,ligue1,2026,14252,AJ Auxerre,Brest,1,302862,Sinaly Diomande,SUB,0,0.0,20,0.0,0.0,0.0,0.0,0.0,0.0,0.0,,0.0,0.0,0.0,0.0,0.0,0.0
401876456,2026-09-20,ligue1,2026,14252,AJ Auxerre,Brest,1,159312,Paul Nardi,SUB,0,0.0,1,0.0,0.0,0.0,0.0,,0.0,0.0,0.0,0.0,0.0,0.0,0.0,0.0,0.0
401876456,2026-09-20,ligue1,2026,14252,AJ Auxerre,Brest,1,252136,Sekou Fofana,SUB,0,0.0,93,0.0,0.0,0.0,0.0,0.0,0.0,0.0,,0.0,0.0,0.0,0.0,0.0,0.0
401876456,2026-09-20,ligue1,2026,14252,AJ Auxerre,Brest,1,379070,Rayan Mandengue,SUB,0,1.0,32,1.0,0.0,0.0,0.0,0.0,0.0,0.0,,0.0,0.0,1.0,0.0,0.0,0.0
401876456,2026-09-20,ligue1,2026,14252,AJ Auxerre,Brest,1,297775,Naouirou Ahamada,SUB,0,1.0,8,0.0,0.0,0.0,0.0,0.0,0.0,0.0,,0.0,1.0,1.0,0.0,3.0,0.0
401876456,2026-09-20,ligue1,2026,14252,AJ Auxerre,Brest,1,416458,Lamfia Dioubaté,SUB,0,0.0,34,0.0,0.0,0.0,0.0,0.0,0.0,0.0,,0.0,0.0,0.0,0.0,0.0,0.0
401876456,2026-09-20,ligue1,2026,14252,Brest,AJ Auxerre,0,286433,Egil Selvik,G,1,1.0,1,0.0,0.0,0.0,2.0,,0.0,0.0,3.0,0.0,0.0,0.0,0.0,0.0,0.0
401876456,2026-09-20,ligue1,2026,14252,Brest,AJ Auxerre,0,180174,Gautier Lloris,CD-L,1,1.0,4,0.0,1.0,0.0,1.0,0.0,0.0,0.0,,0.0,1.0,0.0,0.0,1.0,0.0
401876456,2026-09-20,ligue1,2026,14252,Brest,AJ Auxerre,0,397594,Raphaël Le Guen,CD-R,1,1.0,71,1.0,0.0,0.0,2.0,0.0,1.0,0.0,,0.0,0.0,0.0,0.0,1.0,0.0
401876456,2026-09-20,ligue1,2026,14252,Brest,AJ Auxerre,0,324572,Bradley Locko,LB,1,1.0,2,0.0,1.0,0.0,2.0,0.0,0.0,0.0,,0.0,0.0,0.0,0.0,0.0,0.0
401876456,2026-09-20,ligue1,2026,14252,Brest,AJ Auxerre,0,164187,Kenny Lala,RB,1,1.0,70,1.0,1.0,0.0,2.0,0.0,0.0,0.0,,0.0,0.0,0.0,0.0,0.0,1.0
401876456,2026-09-20,ligue1,2026,14252,Brest,AJ Auxerre,0,330412,Kamory Doumbia,AM,1,1.0,23,1.0,3.0,0.0,2.0,0.0,0.0,0.0,,0.0,0.0,0.0,0.0,1.0,0.0
401876456,2026-09-20,ligue1,2026,14252,Brest,AJ Auxerre,0,250377,Hugo Magnetti,LM,1,1.0,8,0.0,1.0,0.0,2.0,0.0,0.0,0.0,,0.0,0.0,0.0,0.0,0.0,0.0
401876456,2026-09-20,ligue1,2026,14252,Brest,AJ Auxerre,0,291850,Joris Chotard,RM,1,1.0,13,2.0,1.0,1.0,2.0,0.0,0.0,0.0,,0.0,0.0,0.0,0.0,2.0,0.0
401876456,2026-09-20,ligue1,2026,14252,Brest,AJ Auxerre,0,192015,Ludovic Ajorque,F,1,1.0,19,2.0,2.0,0.0,2.0,0.0,0.0,0.0,,0.0,0.0,0.0,0.0,0.0,0.0
401876456,2026-09-20,ligue1,2026,14252,Brest,AJ Auxerre,0,365783,Pathé Mboup,AM-L,1,1.0,9,3.0,3.0,0.0,1.0,1.0,0.0,0.0,,0.0,1.0,0.0,1.0,3.0,0.0
401876456,2026-09-20,ligue1,2026,14252,Brest,AJ Auxerre,0,359402,Giovani Versini,AM-R,1,1.0,10,2.0,3.0,0.0,1.0,0.0,0.0,0.0,,0.0,0.0,0.0,0.0,0.0,0.0
401876456,2026-09-20,ligue1,2026,14252,Brest,AJ Auxerre,0,259960,Mama Baldé,SUB,0,1.0,17,0.0,0.0,0.0,1.0,0.0,0.0,0.0,,0.0,0.0,1.0,0.0,0.0,0.0
401876456,2026-09-20,ligue1,2026,14252,Brest,AJ Auxerre,0,399248,Justin Bourgault,SUB,0,0.0,18,0.0,0.0,0.0,0.0,0.0,0.0,0.0,,0.0,0.0,0.0,0.0,0.0,0.0
401876456,2026-09-20,ligue1,2026,14252,Brest,AJ Auxerre,0,355998,Joseph Nonge,SUB,0,1.0,7,0.0,0.0,0.0,0.0,0.0,0.0,0.0,,0.0,0.0,1.0,0.0,0.0,0.0
401876456,2026-09-20,ligue1,2026,14252,Brest,AJ Auxerre,0,363150,Luc Zogbe,SUB,0,0.0,20,0.0,0.0,0.0,0.0,0.0,0.0,0.0,,0.0,0.0,0.0,0.0,0.0,0.0
401876456,2026-09-20,ligue1,2026,14252,Brest,AJ Auxerre,0,388421,Ibrahim Kanté,SUB,0,0.0,21,0.0,0.0,0.0,0.0,0.0,0.0,0.0,,0.0,0.0,0.0,0.0,0.0,0.0
401876456,2026-09-20,ligue1,2026,14252,Brest,AJ Auxerre,0,215574,Lucas Tousart,SUB,0,1.0,29,0.0,0.0,0.0,1.0,0.0,0.0,0.0,,0.0,0.0,1.0,0.0,0.0,0.0
401876456,2026-09-20,ligue1,2026,14252,Brest,AJ Auxerre,0,416403,Mathis Lainé,SUB,0,1.0,32,0.0,2.0,0.0,0.0,0.0,0.0,0.0,,0.0,0.0,1.0,0.0,0.0,0.0
401876456,2026-09-20,ligue1,2026,14252,Brest,AJ Auxerre,0,398380,Djylian N'Guessan,SUB,0,1.0,39,1.0,1.0,0.0,1.0,0.0,0.0,0.0,,0.0,0.0,1.0,0.0,0.0,0.0
401876456,2026-09-20,ligue1,2026,14252,Brest,AJ Auxerre,0,365781,Mathieu Patouillet,SUB,0,0.0,30,0.0,0.0,0.0,0.0,,0.0,0.0,0.0,0.0,0.0,0.0,0.0,0.0,0.0
401876447,2026-10-09,ligue1,2026,14252,Lens,Lyon,1,344517,Robin Risser,G,1,1.0,40,0.0,0.0,0.0,1.0,,0.0,0.0,4.0,0.0,0.0,0.0,0.0,0.0,0.0
401876447,2026-10-09,ligue1,2026,14252,Lens,Lyon,1,350577,Pierre Ganiou,CD,1,1.0,25,1.0,1.0,0.0,1.0,0.0,0.0,0.0,,0.0,0.0,0.0,0.0,1.0,0.0
401876447,2026-10-09,ligue1,2026,14252,Lens,Lyon,1,393432,Kyllian Antonio,CD-L,1,1.0,32,3.0,2.0,0.0,1.0,0.0,0.0,0.0,,0.0,0.0,0.0,0.0,0.0,0.0
401876447,2026-10-09,ligue1,2026,14252,Lens,Lyon,1,197187,Jonathan Gradit,CD-R,1,1.0,24,3.0,0.0,0.0,0.0,0.0,0.0,0.0,,0.0,0.0,0.0,0.0,1.0,1.0
401876447,2026-10-09,ligue1,2026,14252,Lens,Lyon,1,341720,Yassine Titraoui,CM-L,1,1.0,8,2.0,0.0,0.0,0.0,0.0,0.0,0.0,,0.0,0.0,0.0,0.0,0.0,0.0
401876447,2026-10-09,ligue1,2026,14252,Lens,Lyon,1,258871,Michaël Cuisance,CM-R,1,1.0,27,1.0,1.0,0.0,0.0,0.0,0.0,0.0,,0.0,0.0,0.0,0.0,0.0,0.0
401876447,2026-10-09,ligue1,2026,14252,Lens,Lyon,1,233199,Matthieu Udol,LM,1,1.0,14,1.0,0.0,0.0,0.0,0.0,0.0,1.0,,0.0,1.0,0.0,1.0,2.0,0.0
401876447,2026-10-09,ligue1,2026,14252,Lens,Lyon,1,181946,Ruben Aguilar,RM,1,1.0,2,0.0,0.0,0.0,1.0,0.0,0.0,0.0,,0.0,0.0,0.0,0.0,2.0,0.0
401876447,2026-10-09,ligue1,2026,14252,Lens,Lyon,1,222180,Odsonne Édouard,F,1,1.0,11,1.0,2.0,0.0,0.0,0.0,0.0,0.0,,0.0,1.0,0.0,0.0,2.0,0.0
401876447,2026-10-09,ligue1,2026,14252,Lens,Lyon,1,215687,Florian Sotoca,CF-L,1,1.0,7,0.0,2.0,0.0,0.0,0.0,0.0,0.0,,0.0,2.0,0.0,1.0,4.0,0.0
401876447,2026-10-09,ligue1,2026,14252,Lens,Lyon,1,156898,Florian Thauvin,CF-R,1,1.0,10,1.0,2.0,2.0,1.0,0.0,0.0,0.0,,0.0,2.0,0.0,0.0,2.0,0.0
401876447,2026-10-09,ligue1,2026,14252,Lens,Lyon,1,333228,Junior Kadile,SUB,0,1.0,28,0.0,1.0,0.0,1.0,0.0,0.0,0.0,,0.0,1.0,1.0,0.0,1.0,0.0
401876447,2026-10-09,ligue1,2026,14252,Lens,Lyon,1,228557,Amadou Haidara,SUB,0,1.0,21,0.0,0.0,0.0,1.0,0.0,0.0,0.0,,0.0,0.0,1.0,0.0,0.0,0.0
401876447,2026-10-09,ligue1,2026,14252,Lens,Lyon,1,131742,Mathieu Gorgelin,SUB,0,0.0,16,0.0,0.0,0.0,0.0,,0.0,0.0,0.0,0.0,0.0,0.0,0.0,0.0,0.0
401876447,2026-10-09,ligue1,2026,14252,Lens,Lyon,1,412217,Mezian Soares,SUB,0,0.0,38,0.0,0.0,0.0,0.0,0.0,0.0,0.0,,0.0,0.0,0.0,0.0,0.0,0.0
401876447,2026-10-09,ligue1,2026,14252,Lens,Lyon,1,286011,Saud Abdulhamid,SUB,0,0.0,23,0.0,0.0,0.0,0.0,0.0,0.0,0.0,,0.0,0.0,0.0,0.0,0.0,0.0
401876447,2026-10-09,ligue1,2026,14252,Lens,Lyon,1,387061,Andrija Bulatovic,SUB,0,1.0,5,0.0,0.0,0.0,1.0,1.0,0.0,0.0,,0.0,0.0,1.0,0.0,0.0,0.0
401876447,2026-10-09,ligue1,2026,14252,Lens,Lyon,1,288481,Michal Skoras,SUB,0,0.0,22,0.0,0.0,0.0,0.0,0.0,0.0,0.0,,0.0,0.0,0.0,0.0,0.0,0.0
401876447,2026-10-09,ligue1,2026,14252,Lens,Lyon,1,364180,Franjo Ivanovic,SUB,0,1.0,29,0.0,0.0,0.0,1.0,0.0,0.0,0.0,,0.0,0.0,1.0,0.0,0.0,0.0
401876447,2026-10-09,ligue1,2026,14252,Lens,Lyon,1,329484,Samson Baidoo,SUB,0,1.0,6,0.0,0.0,0.0,1.0,0.0,0.0,0.0,,0.0,0.0,1.0,0.0,0.0,0.0
401876447,2026-10-09,ligue1,2026,14252,Lyon,Lens,0,221278,Dominik Greif,G,1,1.0,1,0.0,0.0,0.0,2.0,,0.0,0.0,5.0,0.0,0.0,0.0,0.0,0.0,0.0
401876447,2026-10-09,ligue1,2026,14252,Lyon,Lens,0,301354,Ruben Kluivert,CD-L,1,1.0,21,0.0,0.0,0.0,2.0,0.0,0.0,0.0,,0.0,0.0,0.0,0.0,1.0,0.0
401876447,2026-10-09,ligue1,2026,14252,Lyon,Lens,0,320945,Felix Bacher,CD-R,1,1.0,20,4.0,1.0,0.0,2.0,0.0,0.0,0.0,,0.0,1.0,0.0,0.0,2.0,0.0
401876447,2026-10-09,ligue1,2026,14252,Lyon,Lens,0,285088,Abner,LB,1,1.0,16,3.0,0.0,0.0,2.0,0.0,0.0,0.0,,0.0,0.0,0.0,0.0,0.0,1.0
401876447,2026-10-09,ligue1,2026,14252,Lyon,Lens,0,370758,Zachary Athekame,RB,1,1.0,13,1.0,0.0,0.0,2.0,0.0,0.0,0.0,,0.0,0.0,0.0,0.0,0.0,0.0
401876447,2026-10-09,ligue1,2026,14252,Lyon,Lens,0,298522,Tyler Morton,CM,1,1.0,23,0.0,0.0,0.0,2.0,0.0,0.0,0.0,,0.0,1.0,0.0,0.0,2.0,0.0
401876447,2026-10-09,ligue1,2026,14252,Lyon,Lens,0,192060,Corentin Tolisso,LM,1,1.0,8,1.0,2.0,0.0,2.0,0.0,0.0,0.0,,0.0,0.0,0.0,0.0,0.0,0.0
401876447,2026-10-09,ligue1,2026,14252,Lyon,Lens,0,290401,Mads Bidstrup,RM,1,1.0,2,0.0,1.0,0.0,1.0,0.0,0.0,0.0,,0.0,0.0,0.0,0.0,1.0,0.0
401876447,2026-10-09,ligue1,2026,14252,Lyon,Lens,0,305545,Pavel Sulc,F,1,1.0,10,0.0,1.0,0.0,2.0,1.0,0.0,0.0,,0.0,1.0,0.0,0.0,1.0,0.0
401876447,2026-10-09,ligue1,2026,14252,Lyon,Lens,0,276265,Loïs Openda,LF,1,1.0,17,1.0,4.0,0.0,1.0,0.0,0.0,0.0,,0.0,0.0,0.0,0.0,1.0,0.0
401876447,2026-10-09,ligue1,2026,14252,Lyon,Lens,0,333310,Ernest Nuamah,RF,1,1.0,7,0.0,3.0,0.0,1.0,0.0,0.0,0.0,,0.0,0.0,0.0,0.0,0.0,0.0
401876447,2026-10-09,ligue1,2026,14252,Lyon,Lens,0,408345,Khalis Merah,SUB,0,1.0,18,0.0,1.0,0.0,0.0,0.0,0.0,0.0,,0.0,1.0,1.0,1.0,2.0,0.0
401876447,2026-10-09,ligue1,2026,14252,Lyon,Lens,0,365562,Noah Nartey,SUB,0,1.0,99,0.0,0.0,0.0,1.0,0.0,0.0,0.0,,0.0,0.0,1.0,0.0,0.0,0.0
401876447,2026-10-09,ligue1,2026,14252,Lyon,Lens,0,265953,Keito Nakamura,SUB,0,1.0,11,1.0,0.0,0.0,1.0,0.0,0.0,0.0,,0.0,1.0,1.0,0.0,2.0,0.0
401876447,2026-10-09,ligue1,2026,14252,Lyon,Lens,0,403110,Noham Kamara,SUB,0,0.0,85,0.0,0.0,0.0,0.0,0.0,0.0,0.0,,0.0,0.0,0.0,0.0,0.0,0.0
401876447,2026-10-09,ligue1,2026,14252,Lyon,Lens,0,222175,Rémy Descamps,SUB,0,0.0,40,0.0,0.0,0.0,0.0,,0.0,0.0,0.0,0.0,0.0,0.0,0.0,0.0,0.0
401876447,2026-10-09,ligue1,2026,14252,Lyon,Lens,0,379066,Kail Boudache,SUB,0,1.0,26,1.0,0.0,0.0,1.0,0.0,0.0,0.0,,0.0,0.0,1.0,0.0,1.0,0.0
401876447,2026-10-09,ligue1,2026,14252,Lyon,Lens,0,341375,Julien Duranville,SUB,0,0.0,24,0.0,0.0,0.0,0.0,0.0,0.0,0.0,,0.0,0.0,0.0,0.0,0.0,0.0
401876447,2026-10-09,ligue1,2026,14252,Lyon,Lens,0,214649,Clinton Mata,SUB,0,0.0,22,0.0,0.0,0.0,0.0,0.0,0.0,0.0,,0.0,0.0,0.0,0.0,0.0,0.0
401876447,2026-10-09,ligue1,2026,14252,Lyon,Lens,0,303308,Tanner Tessmann,SUB,0,1.0,6,0.0,0.0,0.0,0.0,0.0,0.0,0.0,,0.0,0.0,1.0,0.0,0.0,0.0
401876446,2026-10-10,ligue1,2026,14252,Lille,Le Havre AC,1,257267,Berke Özer,G,1,1.0,1,0.0,0.0,0.0,0.0,,0.0,0.0,2.0,0.0,0.0,0.0,0.0,0.0,0.0
401876446,2026-10-10,ligue1,2026,14252,Lille,Le Havre AC,1,340900,Alexsandro,CD-L,1,1.0,4,1.0,0.0,0.0,0.0,0.0,0.0,0.0,,0.0,0.0,0.0,0.0,0.0,0.0
401876446,2026-10-10,ligue1,2026,14252,Lille,Le Havre AC,1,290165,Tanguy Nianzou,CD-R,1,1.0,23,0.0,0.0,1.0,0.0,0.0,0.0,0.0,,0.0,0.0,0.0,0.0,1.0,0.0
401876446,2026-10-10,ligue1,2026,14252,Lille,Le Havre AC,1,250853,Romain Perraud,LB,1,1.0,15,1.0,0.0,0.0,0.0,0.0,0.0,0.0,,0.0,0.0,0.0,0.0,0.0,0.0
401876446,2026-10-10,ligue1,2026,14252,Lille,Le Havre AC,1,346844,Tiago Santos,RB,1,1.0,22,0.0,1.0,0.0,0.0,0.0,0.0,0.0,,0.0,0.0,0.0,0.0,0.0,0.0
401876446,2026-10-10,ligue1,2026,14252,Lille,Le Havre AC,1,345988,Ngal'ayel Mukau,AM,1,1.0,17,1.0,0.0,0.0,0.0,1.0,0.0,0.0,,0.0,0.0,0.0,0.0,0.0,0.0
401876446,2026-10-10,ligue1,2026,14252,Lille,Le Havre AC,1,304011,Maurits Kjaergaard,LM,1,1.0,14,1.0,1.0,0.0,0.0,0.0,0.0,0.0,,0.0,0.0,0.0,0.0,1.0,1.0
401876446,2026-10-10,ligue1,2026,14252,Lille,Le Havre AC,1,179187,Nabil Bentaleb,RM,1,1.0,6,5.0,0.0,0.0,0.0,0.0,0.0,0.0,,0.0,0.0,0.0,0.0,1.0,0.0
401876446,2026-10-10,ligue1,2026,14252,Lille,Le Havre AC,1,88965,Olivier Giroud,F,1,1.0,9,0.0,1.0,0.0,0.0,0.0,0.0,0.0,,0.0,0.0,0.0,0.0,0.0,0.0
401876446,2026-10-10,ligue1,2026,14252,Lille,Le Havre AC,1,231778,Gaetan Perrin,AM-L,1,1.0,28,1.0,1.0,0.0,0.0,0.0,0.0,0.0,,0.0,0.0,0.0,0.0,0.0,0.0
401876446,2026-10-10,ligue1,2026,14252,Lille,Le Havre AC,1,297157,Dilane Bakwa,AM-R,1,1.0,7,5.0,2.0,0.0,0.0,1.0,0.0,0.0,,0.0,1.0,0.0,1.0,2.0,0.0
401876446,2026-10-10,ligue1,2026,14252,Lille,Le Havre AC,1,400352,Soriba Diaoune,SUB,0,0.0,35,0.0,0.0,0.0,0.0,0.0,0.0,0.0,,0.0,0.0,0.0,0.0,0.0,0.0
401876446,2026-10-10,ligue1,2026,14252,Lille,Le Havre AC,1,123683,Benjamin André,SUB,0,0.0,21,0.0,0.0,0.0,0.0,0.0,0.0,0.0,,0.0,0.0,0.0,0.0,0.0,0.0
401876446,2026-10-10,ligue1,2026,14252,Lille,Le Havre AC,1,274277,Ayase Ueda,SUB,0,1.0,18,1.0,0.0,0.0,0.0,2.0,0.0,0.0,,0.0,0.0,1.0,0.0,0.0,0.0
401876446,2026-10-10,ligue1,2026,14252,Lille,Le Havre AC,1,393321,Isaac Cossier,SUB,0,0.0,26,0.0,0.0,0.0,0.0,0.0,0.0,0.0,,0.0,0.0,0.0,0.0,0.0,0.0
401876446,2026-10-10,ligue1,2026,14252,Lille,Le Havre AC,1,318779,Hákon Haraldsson,SUB,0,1.0,10,0.0,3.0,0.0,0.0,0.0,0.0,0.0,,0.0,0.0,1.0,0.0,0.0,0.0
401876446,2026-10-10,ligue1,2026,14252,Lille,Le Havre AC,1,301648,Orlando Gill,SUB,0,0.0,12,0.0,0.0,0.0,0.0,,0.0,0.0,0.0,0.0,0.0,0.0,0.0,0.0,0.0
401876446,2026-10-10,ligue1,2026,14252,Lille,Le Havre AC,1,283626,Osame Sahraoui,SUB,0,1.0,11,0.0,0.0,0.0,0.0,0.0,0.0,0.0,,0.0,0.0,1.0,0.0,0.0,0.0
401876446,2026-10-10,ligue1,2026,14252,Lille,Le Havre AC,1,408359,Maxima Goffi,SUB,0,1.0,38,1.0,2.0,0.0,0.0,0.0,0.0,0.0,,0.0,0.0,1.0,0.0,0.0,1.0
401876446,2026-10-10,ligue1,2026,14252,Lille,Le Havre AC,1,217381,Calvin Verdonk,SUB,0,1.0,24,0.0,0.0,0.0,0.0,0.0,0.0,0.0,,0.0,0.0,1.0,0.0,0.0,0.0
401876446,2026-10-10,ligue1,2026,14252,Le Havre AC,Lille,0,190293,Gauthier Gallon,G,1,1.0,93,0.0,0.0,0.0,1.0,,0.0,0.0,0.0,0.0,0.0,0.0,0.0,0.0,0.0
401876446,2026-10-10,ligue1,2026,14252,Le Havre AC,Lille,0,246847,Ahmed Touba,CD-L,1,1.0,5,0.0,1.0,0.0,1.0,1.0,0.0,0.0,,0.0,0.0,0.0,0.0,0.0,0.0
401876446,2026-10-10,ligue1,2026,14252,Le Havre AC,Lille,0,258270,Ayumu Seko,CD-R,1,1.0,15,1.0,0.0,0.0,1.0,0.0,0.0,1.0,,0.0,0.0,0.0,0.0,0.0,0.0
401876446,2026-10-10,ligue1,2026,14252,Le Havre AC,Lille,0,408085,Mouhamed N'Diaye,LB,1,1.0,97,2.0,3.0,0.0,1.0,0.0,0.0,0.0,,0.0,0.0,0.0,0.0,2.0,0.0
401876446,2026-10-10,ligue1,2026,14252,Le Havre AC,Lille,0,3132216,Djibril Ouziad,RB,1,1.0,20,1.0,2.0,0.0,1.0,0.0,0.0,0.0,,0.0,0.0,0.0,0.0,1.0,1.0
401876446,2026-10-10,ligue1,2026,14252,Le Havre AC,Lille,0,346519,Simon Ebonog,CM,1,1.0,26,2.0,4.0,0.0,1.0,0.0,0.0,0.0,,0.0,1.0,0.0,0.0,2.0,0.0
401876446,2026-10-10,ligue1,2026,14252,Le Havre AC,Lille,0,319285,Amir Richardson,LM,1,1.0,7,4.0,2.0,0.0,1.0,0.0,0.0,0.0,,0.0,0.0,0.0,0.0,1.0,0.0
401876446,2026-10-10,ligue1,2026,14252,Le Havre AC,Lille,0,291982,Rassoul Ndiaye,RM,1,1.0,14,2.0,2.0,0.0,1.0,0.0,0.0,0.0,,0.0,1.0,0.0,0.0,3.0,1.0
401876446,2026-10-10,ligue1,2026,14252,Le Havre AC,Lille,0,243514,Josh Maja,F,1,1.0,9,0.0,1.0,0.0,1.0,0.0,0.0,0.0,,0.0,0.0,0.0,0.0,2.0,0.0
401876446,2026-10-10,ligue1,2026,14252,Le Havre AC,Lille,0,231366,Mbwana Samatta,LF,1,1.0,25,0.0,0.0,0.0,1.0,0.0,0.0,0.0,,0.0,0.0,0.0,0.0,6.0,0.0
401876446,2026-10-10,ligue1,2026,14252,Le Havre AC,Lille,0,399434,Sota Nakamura,RF,1,1.0,30,0.0,0.0,0.0,1.0,0.0,0.0,0.0,,0.0,0.0,0.0,0.0,0.0,0.0
401876446,2026-10-10,ligue1,2026,14252,Le Havre AC,Lille,0,340583,Junior Mwanga,SUB,0,1.0,6,0.0,0.0,0.0,0.0,0.0,0.0,0.0,,0.0,0.0,1.0,0.0,0.0,0.0
401876446,2026-10-10,ligue1,2026,14252,Le Havre AC,Lille,0,411169,Enzo Koffi,SUB,0,0.0,27,0.0,0.0,0.0,0.0,0.0,0.0,0.0,,0.0,0.0,0.0,0.0,0.0,0.0
401876446,2026-10-10,ligue1,2026,14252,Le Havre AC,Lille,0,388879,Guy Zohouri,SUB,0,0.0,24,0.0,0.0,0.0,0.0,0.0,0.0,0.0,,0.0,0.0,0.0,0.0,0.0,0.0
401876446,2026-10-10,ligue1,2026,14252,Le Havre AC,Lille,0,255780,Arnaud Bodart,SUB,0,0.0,16,0.0,0.0,0.0,0.0,,0.0,0.0,0.0,0.0,0.0,0.0,0.0,0.0,0.0
401876446,2026-10-10,ligue1,2026,14252,Le Havre AC,Lille,0,371557,Ismail Bouneb,SUB,0,0.0,44,0.0,0.0,0.0,0.0,0.0,0.0,0.0,,0.0,0.0,0.0,0.0,0.0,0.0
401876446,2026-10-10,ligue1,2026,14252,Le Havre AC,Lille,0,138563,Vincent Sasso,SUB,0,0.0,23,0.0,0.0,0.0,0.0,0.0,0.0,0.0,,0.0,0.0,0.0,0.0,0.0,0.0
401876446,2026-10-10,ligue1,2026,14252,Le Havre AC,Lille,0,388878,Daren Mosengo,SUB,0,0.0,78,0.0,0.0,0.0,0.0,0.0,0.0,0.0,,0.0,0.0,0.0,0.0,0.0,0.0
401876446,2026-10-10,ligue1,2026,14252,Le Havre AC,Lille,0,325043,Kaito Mizuta,SUB,0,1.0,17,0.0,0.0,0.0,0.0,0.0,0.0,0.0,,0.0,0.0,1.0,0.0,0.0,0.0
401876446,2026-10-10,ligue1,2026,14252,Le Havre AC,Lille,0,401045,Rayan Fofana,SUB,0,1.0,38,0.0,2.0,0.0,0.0,0.0,0.0,0.0,,0.0,0.0,1.0,0.0,0.0,0.0
