game_id,game_date,liga,season,tipo,team,opp,is_home,player_id,jugador,posicion,titular,appearances,dorsal,foulsCommitted,foulsSuffered,goalAssists,goalsConceded,offsides,ownGoals,redCards,saves,shotsFaced,shotsOnTarget,subIns,totalGoals,totalShots,yellowCards
401882918,2026-08-15,laliga,2026,14357,Sevilla,Rayo Vallecano,1,159135,Odisseas Vlachodimos,G,1,1.0,1,0.0,0.0,0.0,1.0,,0.0,0.0,2.0,0.0,0.0,0.0,0.0,0.0,0.0
401882918,2026-08-15,laliga,2026,14357,Sevilla,Rayo Vallecano,1,334163,Enrique Salas,CD-L,1,1.0,4,1.0,1.0,0.0,1.0,0.0,0.0,1.0,,0.0,0.0,0.0,0.0,1.0,0.0
401882918,2026-08-15,laliga,2026,14357,Sevilla,Rayo Vallecano,1,304213,Arouna Sangante,CD-R,1,1.0,12,1.0,0.0,0.0,1.0,1.0,0.0,0.0,,0.0,0.0,0.0,0.0,0.0,0.0
401882918,2026-08-15,laliga,2026,14357,Sevilla,Rayo Vallecano,1,222037,Gabriel Suazo,LB,1,1.0,17,4.0,2.0,0.0,1.0,0.0,0.0,0.0,,0.0,0.0,0.0,0.0,0.0,1.0
401882918,2026-08-15,laliga,2026,14357,Sevilla,Rayo Vallecano,1,279738,Juan Iglesias,RB,1,1.0,2,1.0,3.0,0.0,1.0,0.0,0.0,0.0,,0.0,0.0,0.0,0.0,0.0,0.0
401882918,2026-08-15,laliga,2026,14357,Sevilla,Rayo Vallecano,1,254320,Jon Guridi,AM,1,1.0,18,1.0,0.0,0.0,1.0,0.0,0.0,0.0,,0.0,2.0,0.0,1.0,2.0,1.0
401882918,2026-08-15,laliga,2026,14357,Sevilla,Rayo Vallecano,1,422137,Nico Guillén,LM,1,1.0,27,1.0,2.0,0.0,1.0,0.0,0.0,0.0,,0.0,0.0,0.0,0.0,1.0,0.0
401882918,2026-08-15,laliga,2026,14357,Sevilla,Rayo Vallecano,1,282289,Lucien Agoumé,RM,1,1.0,6,3.0,3.0,0.0,1.0,0.0,0.0,0.0,,0.0,0.0,0.0,0.0,0.0,1.0
401882918,2026-08-15,laliga,2026,14357,Sevilla,Rayo Vallecano,1,365821,Isaac Romero,F,1,1.0,16,2.0,0.0,0.0,1.0,0.0,0.0,0.0,,0.0,0.0,0.0,0.0,2.0,1.0
401882918,2026-08-15,laliga,2026,14357,Sevilla,Rayo Vallecano,1,377782,Oso,AM-L,1,1.0,19,1.0,0.0,0.0,1.0,0.0,0.0,0.0,,0.0,0.0,0.0,0.0,2.0,0.0
401882918,2026-08-15,laliga,2026,14357,Sevilla,Rayo Vallecano,1,375514,Miguel Sierra,AM-R,1,1.0,30,1.0,2.0,0.0,1.0,0.0,0.0,0.0,,0.0,0.0,0.0,0.0,1.0,0.0
401882918,2026-08-15,laliga,2026,14357,Sevilla,Rayo Vallecano,1,371543,Ibrahima Sow,SUB,0,0.0,37,0.0,0.0,0.0,0.0,0.0,0.0,0.0,,0.0,0.0,0.0,0.0,0.0,0.0
401882918,2026-08-15,laliga,2026,14357,Sevilla,Rayo Vallecano,1,254270,Chidera Ejuke,SUB,0,1.0,21,0.0,0.0,0.0,0.0,0.0,0.0,0.0,,0.0,0.0,1.0,0.0,0.0,0.0
401882918,2026-08-15,laliga,2026,14357,Sevilla,Rayo Vallecano,1,415742,Iker Ortín,SUB,0,0.0,34,0.0,0.0,0.0,0.0,0.0,0.0,0.0,,0.0,0.0,0.0,0.0,0.0,0.0
401882918,2026-08-15,laliga,2026,14357,Sevilla,Rayo Vallecano,1,347359,Peque,SUB,0,1.0,10,2.0,2.0,0.0,0.0,0.0,0.0,0.0,,0.0,2.0,1.0,1.0,2.0,0.0
401882918,2026-08-15,laliga,2026,14357,Sevilla,Rayo Vallecano,1,409486,Edu Altozano,SUB,0,0.0,39,0.0,0.0,0.0,0.0,0.0,0.0,0.0,,0.0,0.0,0.0,0.0,0.0,0.0
401882918,2026-08-15,laliga,2026,14357,Sevilla,Rayo Vallecano,1,387493,Julio Díaz,SUB,0,0.0,3,0.0,0.0,0.0,0.0,0.0,0.0,0.0,,0.0,0.0,0.0,0.0,0.0,0.0
401882918,2026-08-15,laliga,2026,14357,Sevilla,Rayo Vallecano,1,332246,Andrés Castrín,SUB,0,0.0,5,0.0,0.0,0.0,0.0,0.0,0.0,0.0,,0.0,0.0,0.0,0.0,0.0,0.0
401882918,2026-08-15,laliga,2026,14357,Sevilla,Rayo Vallecano,1,250508,José Ángel Carmona,SUB,0,0.0,22,0.0,0.0,0.0,0.0,0.0,0.0,0.0,,0.0,0.0,0.0,0.0,0.0,0.0
401882918,2026-08-15,laliga,2026,14357,Sevilla,Rayo Vallecano,1,356228,Manu Bueno,SUB,0,1.0,28,0.0,0.0,0.0,0.0,0.0,0.0,0.0,,0.0,0.0,1.0,0.0,0.0,0.0
401882918,2026-08-15,laliga,2026,14357,Sevilla,Rayo Vallecano,1,259513,Rubén Vargas,SUB,0,1.0,11,0.0,0.0,0.0,0.0,0.0,0.0,0.0,,0.0,0.0,1.0,0.0,1.0,0.0
401882918,2026-08-15,laliga,2026,14357,Sevilla,Rayo Vallecano,1,322993,Robbie Ure,SUB,0,1.0,9,0.0,3.0,0.0,0.0,0.0,0.0,0.0,,0.0,0.0,1.0,0.0,1.0,0.0
401882918,2026-08-15,laliga,2026,14357,Sevilla,Rayo Vallecano,1,362874,Fran González,SUB,0,0.0,13,0.0,0.0,0.0,0.0,,0.0,0.0,0.0,0.0,0.0,0.0,0.0,0.0,0.0
401882918,2026-08-15,laliga,2026,14357,Rayo Vallecano,Sevilla,0,195032,Augusto Batalla,G,1,1.0,13,0.0,0.0,0.0,2.0,,0.0,0.0,2.0,0.0,0.0,0.0,0.0,0.0,0.0
401882918,2026-08-15,laliga,2026,14357,Rayo Vallecano,Sevilla,0,294228,Pathé Ciss,CD-L,1,1.0,6,0.0,3.0,0.0,2.0,0.0,0.0,0.0,,0.0,0.0,0.0,0.0,0.0,0.0
401882918,2026-08-15,laliga,2026,14357,Rayo Vallecano,Sevilla,0,140754,Florian Lejeune,CD-R,1,1.0,24,1.0,1.0,0.0,2.0,0.0,0.0,0.0,,0.0,1.0,0.0,0.0,2.0,0.0
401882918,2026-08-15,laliga,2026,14357,Rayo Vallecano,Sevilla,0,158151,Iván Balliu,LB,1,1.0,20,1.0,2.0,0.0,2.0,0.0,0.0,0.0,,0.0,0.0,0.0,0.0,0.0,0.0
401882918,2026-08-15,laliga,2026,14357,Rayo Vallecano,Sevilla,0,287224,Andrei Ratiu,RB,1,1.0,2,0.0,1.0,0.0,2.0,0.0,0.0,0.0,,0.0,0.0,0.0,0.0,1.0,0.0
401882918,2026-08-15,laliga,2026,14357,Rayo Vallecano,Sevilla,0,264197,Isi Palazón,AM,1,1.0,7,1.0,1.0,0.0,1.0,0.0,0.0,0.0,,0.0,0.0,0.0,0.0,0.0,0.0
401882918,2026-08-15,laliga,2026,14357,Rayo Vallecano,Sevilla,0,264217,Óscar Valentín,LM,1,1.0,23,2.0,1.0,0.0,1.0,0.0,0.0,0.0,,0.0,0.0,0.0,0.0,0.0,0.0
401882918,2026-08-15,laliga,2026,14357,Rayo Vallecano,Sevilla,0,203711,Unai López,RM,1,1.0,8,3.0,1.0,0.0,1.0,0.0,0.0,0.0,,0.0,0.0,0.0,0.0,0.0,1.0
401882918,2026-08-15,laliga,2026,14357,Rayo Vallecano,Sevilla,0,276847,Randy Nteka,F,1,1.0,11,3.0,1.0,0.0,1.0,0.0,0.0,0.0,,0.0,0.0,0.0,0.0,1.0,0.0
401882918,2026-08-15,laliga,2026,14357,Rayo Vallecano,Sevilla,0,125200,Álvaro García,AM-L,1,1.0,18,2.0,0.0,0.0,1.0,0.0,0.0,0.0,,0.0,1.0,0.0,1.0,1.0,1.0
401882918,2026-08-15,laliga,2026,14357,Rayo Vallecano,Sevilla,0,260740,Jorge de Frutos,AM-R,1,1.0,19,1.0,2.0,0.0,2.0,0.0,0.0,0.0,,0.0,0.0,0.0,0.0,0.0,0.0
401882918,2026-08-15,laliga,2026,14357,Rayo Vallecano,Sevilla,0,192893,Daniel Cárdenas,SUB,0,0.0,1,0.0,0.0,0.0,0.0,,0.0,0.0,0.0,0.0,0.0,0.0,0.0,0.0,0.0
401882918,2026-08-15,laliga,2026,14357,Rayo Vallecano,Sevilla,0,415410,Marco Román,SUB,0,0.0,31,0.0,0.0,0.0,0.0,0.0,0.0,0.0,,0.0,0.0,0.0,0.0,0.0,0.0
401882918,2026-08-15,laliga,2026,14357,Rayo Vallecano,Sevilla,0,3128651,Iván Alonso Martín,SUB,0,0.0,34,0.0,0.0,0.0,0.0,0.0,0.0,0.0,,0.0,0.0,0.0,0.0,0.0,0.0
401882918,2026-08-15,laliga,2026,14357,Rayo Vallecano,Sevilla,0,386579,Pelayo Fernández,SUB,0,1.0,22,0.0,0.0,0.0,1.0,0.0,0.0,0.0,,0.0,0.0,1.0,0.0,0.0,0.0
401882918,2026-08-15,laliga,2026,14357,Rayo Vallecano,Sevilla,0,313024,Alexandre Alemão,SUB,0,1.0,9,2.0,1.0,0.0,1.0,1.0,0.0,0.0,,0.0,1.0,1.0,0.0,1.0,1.0
401882918,2026-08-15,laliga,2026,14357,Rayo Vallecano,Sevilla,0,268751,Sergio Lozano,SUB,0,0.0,27,0.0,0.0,0.0,0.0,0.0,0.0,0.0,,0.0,0.0,0.0,0.0,0.0,0.0
401882918,2026-08-15,laliga,2026,14357,Rayo Vallecano,Sevilla,0,389447,Marco de las Sias,SUB,0,0.0,26,0.0,0.0,0.0,0.0,0.0,0.0,0.0,,0.0,0.0,0.0,0.0,0.0,0.0
401882918,2026-08-15,laliga,2026,14357,Rayo Vallecano,Sevilla,0,324505,Fran Pérez,SUB,0,1.0,21,2.0,1.0,0.0,1.0,0.0,0.0,0.0,,0.0,0.0,1.0,0.0,0.0,1.0
401882918,2026-08-15,laliga,2026,14357,Rayo Vallecano,Sevilla,0,319231,Jozhua Vertrouwd,SUB,0,0.0,33,0.0,0.0,0.0,0.0,0.0,0.0,0.0,,0.0,0.0,0.0,0.0,0.0,0.0
401882918,2026-08-15,laliga,2026,14357,Rayo Vallecano,Sevilla,0,276652,Sergio Camello,SUB,0,1.0,10,0.0,3.0,0.0,1.0,0.0,0.0,0.0,,0.0,0.0,1.0,0.0,0.0,0.0
401882918,2026-08-15,laliga,2026,14357,Rayo Vallecano,Sevilla,0,264078,Pedro Díaz,SUB,0,1.0,4,0.0,0.0,0.0,1.0,0.0,0.0,0.0,,0.0,0.0,1.0,0.0,0.0,0.0
401882926,2026-08-15,laliga,2026,14357,Alavés,Getafe,1,200910,Antonio Sivera,G,1,1.0,1,0.0,0.0,0.0,0.0,,0.0,0.0,2.0,0.0,0.0,0.0,0.0,0.0,0.0
401882926,2026-08-15,laliga,2026,14357,Alavés,Getafe,1,149306,Ville Koski,CD,1,1.0,16,0.0,0.0,0.0,0.0,0.0,0.0,0.0,,0.0,0.0,0.0,0.0,0.0,0.0
401882926,2026-08-15,laliga,2026,14357,Alavés,Getafe,1,176312,Jonny,CD-L,1,1.0,17,1.0,1.0,0.0,0.0,0.0,0.0,0.0,,0.0,0.0,0.0,0.0,0.0,0.0
401882926,2026-08-15,laliga,2026,14357,Alavés,Getafe,1,262491,Nahuel Tenaglia,CD-R,1,1.0,14,1.0,2.0,0.0,0.0,0.0,0.0,0.0,,0.0,1.0,0.0,1.0,3.0,0.0
401882926,2026-08-15,laliga,2026,14357,Alavés,Getafe,1,163068,Denis Suárez,CM-L,1,1.0,4,3.0,0.0,0.0,0.0,0.0,0.0,0.0,,0.0,1.0,0.0,0.0,1.0,1.0
401882926,2026-08-15,laliga,2026,14357,Alavés,Getafe,1,106326,Pablo Ibáñez,CM-R,1,1.0,19,3.0,1.0,0.0,0.0,0.0,0.0,0.0,,0.0,0.0,0.0,0.0,0.0,0.0
401882926,2026-08-15,laliga,2026,14357,Alavés,Getafe,1,265997,Antonio Blanco,AM,1,1.0,8,5.0,1.0,0.0,0.0,0.0,0.0,0.0,,0.0,0.0,0.0,0.0,3.0,1.0
401882926,2026-08-15,laliga,2026,14357,Alavés,Getafe,1,345991,Abde Rebbach,LM,1,1.0,21,1.0,1.0,0.0,0.0,0.0,0.0,0.0,,0.0,1.0,0.0,0.0,1.0,1.0
401882926,2026-08-15,laliga,2026,14357,Alavés,Getafe,1,374621,Ángel Pérez,RM,1,1.0,7,1.0,1.0,0.0,0.0,2.0,0.0,0.0,,0.0,1.0,0.0,0.0,1.0,0.0
401882926,2026-08-15,laliga,2026,14357,Alavés,Getafe,1,379231,Aitor Mañas,CF-L,1,1.0,20,1.0,2.0,0.0,0.0,0.0,0.0,0.0,,0.0,0.0,0.0,0.0,0.0,0.0
401882926,2026-08-15,laliga,2026,14357,Alavés,Getafe,1,181757,Toni Martínez,CF-R,1,1.0,11,0.0,2.0,0.0,0.0,0.0,0.0,0.0,,0.0,0.0,0.0,0.0,3.0,0.0
401882926,2026-08-15,laliga,2026,14357,Alavés,Getafe,1,346534,Grégoire Swiderski,SUB,0,0.0,31,0.0,0.0,0.0,0.0,,0.0,0.0,0.0,0.0,0.0,0.0,0.0,0.0,0.0
401882926,2026-08-15,laliga,2026,14357,Alavés,Getafe,1,233802,Carles Aleñá,SUB,0,1.0,10,0.0,0.0,0.0,0.0,0.0,0.0,0.0,,0.0,1.0,1.0,0.0,1.0,0.0
401882926,2026-08-15,laliga,2026,14357,Alavés,Getafe,1,198832,Mariano Díaz,SUB,0,1.0,9,0.0,0.0,2.0,0.0,2.0,0.0,0.0,,0.0,2.0,1.0,1.0,3.0,1.0
401882926,2026-08-15,laliga,2026,14357,Alavés,Getafe,1,396612,Mikel Rodriguez,SUB,0,1.0,18,0.0,1.0,0.0,0.0,0.0,0.0,0.0,,0.0,1.0,1.0,1.0,2.0,0.0
401882926,2026-08-15,laliga,2026,14357,Alavés,Getafe,1,150374,Adrián Rodríguez,SUB,0,0.0,13,0.0,0.0,0.0,0.0,,0.0,0.0,0.0,0.0,0.0,0.0,0.0,0.0,0.0
401882926,2026-08-15,laliga,2026,14357,Alavés,Getafe,1,253754,Carlos Protesoni,SUB,0,0.0,23,0.0,0.0,0.0,0.0,0.0,0.0,0.0,,0.0,0.0,0.0,0.0,0.0,0.0
401882926,2026-08-15,laliga,2026,14357,Alavés,Getafe,1,305608,Hugo Novoa,SUB,0,0.0,12,0.0,0.0,0.0,0.0,0.0,0.0,0.0,,0.0,0.0,0.0,0.0,0.0,0.0
401882926,2026-08-15,laliga,2026,14357,Alavés,Getafe,1,213535,Moussa Diarra,SUB,0,0.0,24,0.0,0.0,0.0,0.0,0.0,0.0,0.0,,0.0,0.0,0.0,0.0,0.0,0.0
401882926,2026-08-15,laliga,2026,14357,Alavés,Getafe,1,415276,Xanet Oláiz,SUB,0,0.0,27,0.0,0.0,0.0,0.0,0.0,0.0,0.0,,0.0,0.0,0.0,0.0,0.0,0.0
401882926,2026-08-15,laliga,2026,14357,Alavés,Getafe,1,382532,Youssef Lekhedim,SUB,0,1.0,3,0.0,0.0,0.0,0.0,0.0,0.0,0.0,,0.0,0.0,1.0,0.0,0.0,0.0
401882926,2026-08-15,laliga,2026,14357,Alavés,Getafe,1,83494,Miguel Rodríguez,SUB,0,0.0,22,0.0,0.0,0.0,0.0,0.0,0.0,0.0,,0.0,0.0,0.0,0.0,0.0,0.0
401882926,2026-08-15,laliga,2026,14357,Alavés,Getafe,1,260256,Ander Guevara,SUB,0,1.0,6,0.0,0.0,0.0,0.0,0.0,0.0,0.0,,0.0,0.0,1.0,0.0,0.0,0.0
401882926,2026-08-15,laliga,2026,14357,Getafe,Alavés,0,196339,David Soria,G,1,1.0,13,0.0,0.0,0.0,3.0,,0.0,0.0,5.0,0.0,0.0,0.0,0.0,0.0,0.0
401882926,2026-08-15,laliga,2026,14357,Getafe,Alavés,0,277876,Abdel Abqar,CD,1,1.0,5,1.0,1.0,0.0,3.0,0.0,0.0,0.0,,0.0,0.0,0.0,0.0,0.0,0.0
401882926,2026-08-15,laliga,2026,14357,Getafe,Alavés,0,300111,Zaid Romero,CD-L,1,1.0,24,1.0,2.0,0.0,3.0,0.0,0.0,0.0,,0.0,0.0,0.0,0.0,0.0,0.0
401882926,2026-08-15,laliga,2026,14357,Getafe,Alavés,0,181355,Djené,CD-R,1,1.0,2,1.0,0.0,0.0,1.0,0.0,0.0,0.0,,0.0,0.0,0.0,0.0,0.0,1.0
401882926,2026-08-15,laliga,2026,14357,Getafe,Alavés,0,357147,Mario Martín,CM-L,1,1.0,6,2.0,4.0,0.0,0.0,0.0,0.0,0.0,,0.0,0.0,0.0,0.0,0.0,1.0
401882926,2026-08-15,laliga,2026,14357,Getafe,Alavés,0,309838,Ramón Terrats,CM-R,1,1.0,11,1.0,5.0,0.0,3.0,0.0,0.0,0.0,,0.0,1.0,0.0,0.0,2.0,0.0
401882926,2026-08-15,laliga,2026,14357,Getafe,Alavés,0,228424,Orel Mangala,AM,1,1.0,23,2.0,0.0,0.0,3.0,0.0,0.0,0.0,,0.0,0.0,0.0,0.0,1.0,0.0
401882926,2026-08-15,laliga,2026,14357,Getafe,Alavés,0,406832,Davinchi,LM,1,1.0,3,1.0,0.0,0.0,0.0,0.0,0.0,0.0,,0.0,0.0,0.0,0.0,0.0,1.0
401882926,2026-08-15,laliga,2026,14357,Getafe,Alavés,0,125749,Kiko Femenía,RM,1,1.0,17,1.0,0.0,0.0,0.0,0.0,0.0,1.0,,0.0,0.0,0.0,0.0,0.0,0.0
401882926,2026-08-15,laliga,2026,14357,Getafe,Alavés,0,284854,Martín Satriano,CF-L,1,1.0,10,2.0,3.0,0.0,0.0,0.0,0.0,0.0,,0.0,1.0,0.0,0.0,1.0,0.0
401882926,2026-08-15,laliga,2026,14357,Getafe,Alavés,0,356080,Andrés García,CF-R,1,1.0,21,0.0,0.0,0.0,1.0,0.0,0.0,0.0,,0.0,0.0,0.0,0.0,0.0,0.0
401882926,2026-08-15,laliga,2026,14357,Getafe,Alavés,0,395479,Jean Ives Valou,SUB,0,1.0,26,1.0,0.0,0.0,3.0,0.0,0.0,0.0,,0.0,0.0,1.0,0.0,0.0,0.0
401882926,2026-08-15,laliga,2026,14357,Getafe,Alavés,0,383912,Alberto Risco,SUB,0,1.0,28,0.0,1.0,0.0,3.0,0.0,0.0,0.0,,0.0,0.0,1.0,0.0,1.0,0.0
401882926,2026-08-15,laliga,2026,14357,Getafe,Alavés,0,359826,Sebastián Boselli,SUB,0,1.0,15,0.0,0.0,0.0,2.0,0.0,0.0,0.0,,0.0,0.0,1.0,0.0,0.0,0.0
401882926,2026-08-15,laliga,2026,14357,Getafe,Alavés,0,218793,Borja Mayoral,SUB,0,0.0,9,0.0,0.0,0.0,0.0,0.0,0.0,0.0,,0.0,0.0,0.0,0.0,0.0,0.0
401882926,2026-08-15,laliga,2026,14357,Getafe,Alavés,0,3124560,Ibra Drammeh,SUB,0,0.0,27,0.0,0.0,0.0,0.0,0.0,0.0,0.0,,0.0,0.0,0.0,0.0,0.0,0.0
401882926,2026-08-15,laliga,2026,14357,Getafe,Alavés,0,388898,Diego Ferrer,SUB,0,0.0,35,0.0,0.0,0.0,0.0,,0.0,0.0,0.0,0.0,0.0,0.0,0.0,0.0,0.0
401882926,2026-08-15,laliga,2026,14357,Getafe,Alavés,0,218122,Enes Ünal,SUB,0,1.0,19,0.0,0.0,0.0,3.0,0.0,0.0,0.0,,0.0,0.0,1.0,0.0,1.0,0.0
401882926,2026-08-15,laliga,2026,14357,Getafe,Alavés,0,344245,Jirí Letácek,SUB,0,0.0,1,0.0,0.0,0.0,0.0,,0.0,0.0,0.0,0.0,0.0,0.0,0.0,0.0,0.0
401882926,2026-08-15,laliga,2026,14357,Getafe,Alavés,0,173247,Johan Mojica,SUB,0,0.0,22,0.0,0.0,0.0,0.0,0.0,0.0,0.0,,0.0,0.0,0.0,0.0,0.0,0.0
401882926,2026-08-15,laliga,2026,14357,Getafe,Alavés,0,314403,Saba Sazonov,SUB,0,1.0,4,0.0,0.0,0.0,2.0,0.0,0.0,0.0,,0.0,0.0,1.0,0.0,0.0,0.0
401882920,2026-08-16,laliga,2026,14357,Racing Santander,Villarreal,1,323970,Julen Agirrezabala,G,1,1.0,13,0.0,0.0,0.0,2.0,,0.0,0.0,5.0,0.0,0.0,0.0,0.0,0.0,0.0
401882920,2026-08-16,laliga,2026,14357,Racing Santander,Villarreal,1,282672,Pablo Ramon,CD-L,1,1.0,5,1.0,1.0,0.0,2.0,0.0,0.0,0.0,,0.0,0.0,0.0,0.0,0.0,1.0
401882920,2026-08-16,laliga,2026,14357,Racing Santander,Villarreal,1,361455,Pedro Felipe,CD-R,1,1.0,22,0.0,0.0,0.0,0.0,0.0,0.0,0.0,,0.0,0.0,0.0,0.0,0.0,0.0
401882920,2026-08-16,laliga,2026,14357,Racing Santander,Villarreal,1,178237,Jorge Salinas,LB,1,1.0,17,0.0,1.0,0.0,2.0,0.0,0.0,0.0,,0.0,0.0,0.0,0.0,0.0,0.0
401882920,2026-08-16,laliga,2026,14357,Racing Santander,Villarreal,1,300471,Alvaro Mantilla,RB,1,1.0,2,1.0,0.0,0.0,2.0,0.0,0.0,0.0,,0.0,0.0,0.0,0.0,2.0,0.0
401882920,2026-08-16,laliga,2026,14357,Racing Santander,Villarreal,1,125383,Sergio Canales,AM,1,1.0,20,1.0,1.0,0.0,2.0,0.0,0.0,0.0,,0.0,1.0,0.0,0.0,3.0,0.0
401882920,2026-08-16,laliga,2026,14357,Racing Santander,Villarreal,1,409318,Sergio Martínez,LM,1,1.0,36,3.0,0.0,0.0,2.0,0.0,0.0,0.0,,0.0,1.0,0.0,1.0,1.0,0.0
401882920,2026-08-16,laliga,2026,14357,Racing Santander,Villarreal,1,341736,Gustavo Puerta,RM,1,1.0,8,2.0,0.0,0.0,2.0,0.0,0.0,0.0,,0.0,0.0,0.0,0.0,2.0,1.0
401882920,2026-08-16,laliga,2026,14357,Racing Santander,Villarreal,1,222365,Asier Villalibre,F,1,1.0,12,0.0,2.0,0.0,2.0,0.0,0.0,0.0,,0.0,0.0,0.0,0.0,1.0,0.0
401882920,2026-08-16,laliga,2026,14357,Racing Santander,Villarreal,1,284699,Iñigo Vicente,AM-L,1,1.0,10,1.0,3.0,0.0,2.0,1.0,0.0,0.0,,0.0,0.0,0.0,0.0,0.0,0.0
401882920,2026-08-16,laliga,2026,14357,Racing Santander,Villarreal,1,3141,Andrés Martín,AM-R,1,1.0,11,2.0,3.0,0.0,2.0,0.0,0.0,0.0,,0.0,1.0,0.0,1.0,6.0,0.0
401882920,2026-08-16,laliga,2026,14357,Racing Santander,Villarreal,1,414075,Andrés Vallecillo,SUB,0,0.0,29,0.0,0.0,0.0,0.0,0.0,0.0,0.0,,0.0,0.0,0.0,0.0,0.0,0.0
401882920,2026-08-16,laliga,2026,14357,Racing Santander,Villarreal,1,400222,Simon Eriksson,SUB,0,0.0,1,0.0,0.0,0.0,0.0,,0.0,0.0,0.0,0.0,0.0,0.0,0.0,0.0,0.0
401882920,2026-08-16,laliga,2026,14357,Racing Santander,Villarreal,1,390389,Yassir Zabiri,SUB,0,1.0,21,1.0,0.0,0.0,0.0,0.0,0.0,0.0,,0.0,0.0,1.0,0.0,0.0,0.0
401882920,2026-08-16,laliga,2026,14357,Racing Santander,Villarreal,1,342654,Maguette Gueye,SUB,0,1.0,14,2.0,1.0,0.0,0.0,0.0,0.0,0.0,,0.0,0.0,1.0,0.0,1.0,0.0
401882920,2026-08-16,laliga,2026,14357,Racing Santander,Villarreal,1,421199,Carlos Sánchez,SUB,0,0.0,30,0.0,0.0,0.0,0.0,0.0,0.0,0.0,,0.0,0.0,0.0,0.0,0.0,0.0
401882920,2026-08-16,laliga,2026,14357,Racing Santander,Villarreal,1,334268,Juan Carlos Arana,SUB,0,0.0,9,0.0,0.0,0.0,0.0,0.0,0.0,0.0,,0.0,0.0,0.0,0.0,0.0,0.0
401882920,2026-08-16,laliga,2026,14357,Racing Santander,Villarreal,1,396027,Diego Diaz,SUB,0,1.0,34,0.0,0.0,0.0,0.0,0.0,0.0,0.0,,0.0,0.0,1.0,0.0,0.0,0.0
401882920,2026-08-16,laliga,2026,14357,Racing Santander,Villarreal,1,279699,Íñigo Sainz,SUB,0,0.0,6,0.0,0.0,0.0,0.0,0.0,0.0,0.0,,0.0,0.0,0.0,0.0,0.0,0.0
401882920,2026-08-16,laliga,2026,14357,Racing Santander,Villarreal,1,417250,Hugo Martín,SUB,0,0.0,38,0.0,0.0,0.0,0.0,0.0,0.0,0.0,,0.0,0.0,0.0,0.0,0.0,0.0
401882920,2026-08-16,laliga,2026,14357,Racing Santander,Villarreal,1,259839,Manu,SUB,0,1.0,4,0.0,1.0,0.0,2.0,0.0,0.0,0.0,,0.0,0.0,1.0,0.0,1.0,0.0
401882920,2026-08-16,laliga,2026,14357,Racing Santander,Villarreal,1,3128976,Jorge Castellanos Del Olmo,SUB,0,0.0,33,0.0,0.0,0.0,0.0,0.0,0.0,0.0,,0.0,0.0,0.0,0.0,0.0,0.0
401882920,2026-08-16,laliga,2026,14357,Racing Santander,Villarreal,1,367499,Facundo González,SUB,0,1.0,16,0.0,0.0,0.0,0.0,0.0,0.0,0.0,,0.0,0.0,1.0,0.0,0.0,0.0
401882920,2026-08-16,laliga,2026,14357,Villarreal,Racing Santander,0,307648,Luiz Júnior,G,1,1.0,1,0.0,0.0,0.0,2.0,,0.0,0.0,3.0,0.0,0.0,0.0,0.0,0.0,0.0
401882920,2026-08-16,laliga,2026,14357,Villarreal,Racing Santander,0,337011,Renato Veiga,CD-L,1,1.0,12,1.0,1.0,0.0,2.0,0.0,0.0,0.0,,0.0,0.0,0.0,0.0,0.0,0.0
401882920,2026-08-16,laliga,2026,14357,Villarreal,Racing Santander,0,242710,Juan Foyth,CD-R,1,1.0,8,0.0,0.0,0.0,2.0,0.0,0.0,0.0,,0.0,0.0,0.0,0.0,0.0,1.0
401882920,2026-08-16,laliga,2026,14357,Villarreal,Racing Santander,0,271904,Carlos Romero,LB,1,1.0,20,2.0,5.0,0.0,2.0,0.0,0.0,0.0,,0.0,0.0,0.0,0.0,1.0,1.0
401882920,2026-08-16,laliga,2026,14357,Villarreal,Racing Santander,0,318098,Santiago Mouriño,RB,1,1.0,15,3.0,1.0,0.0,2.0,1.0,0.0,0.0,,0.0,1.0,0.0,0.0,1.0,1.0
401882920,2026-08-16,laliga,2026,14357,Villarreal,Racing Santander,0,255889,Pape Gueye,CM-L,1,1.0,18,1.0,2.0,0.0,2.0,0.0,0.0,0.0,,0.0,1.0,0.0,1.0,1.0,1.0
401882920,2026-08-16,laliga,2026,14357,Villarreal,Racing Santander,0,240623,Santi Comesaña,CM-R,1,1.0,14,1.0,0.0,0.0,2.0,1.0,0.0,0.0,,0.0,0.0,0.0,0.0,0.0,0.0
401882920,2026-08-16,laliga,2026,14357,Villarreal,Racing Santander,0,307390,Alberto Moleiro,LM,1,1.0,10,0.0,0.0,1.0,2.0,1.0,0.0,0.0,,0.0,0.0,0.0,0.0,0.0,0.0
401882920,2026-08-16,laliga,2026,14357,Villarreal,Racing Santander,0,210397,Nicolas Pépé,RM,1,1.0,19,0.0,1.0,0.0,2.0,0.0,0.0,0.0,,0.0,2.0,0.0,1.0,2.0,0.0
401882920,2026-08-16,laliga,2026,14357,Villarreal,Racing Santander,0,300002,Georges Mikautadze,CF-L,1,1.0,9,2.0,1.0,1.0,2.0,0.0,0.0,0.0,,0.0,2.0,0.0,0.0,4.0,0.0
401882920,2026-08-16,laliga,2026,14357,Villarreal,Racing Santander,0,192133,Ayoze Pérez,CF-R,1,1.0,22,2.0,3.0,0.0,2.0,0.0,0.0,0.0,,0.0,1.0,0.0,0.0,2.0,0.0
401882920,2026-08-16,laliga,2026,14357,Villarreal,Racing Santander,0,156172,Gerard Moreno,SUB,0,1.0,7,0.0,0.0,0.0,0.0,0.0,0.0,0.0,,0.0,0.0,1.0,0.0,0.0,0.0
401882920,2026-08-16,laliga,2026,14357,Villarreal,Racing Santander,0,3101325,Cheikh Ahmad Tidiane Thiam,SUB,0,0.0,30,0.0,0.0,0.0,0.0,0.0,0.0,0.0,,0.0,0.0,0.0,0.0,0.0,0.0
401882920,2026-08-16,laliga,2026,14357,Villarreal,Racing Santander,0,368878,Pau Navarro,SUB,0,0.0,6,0.0,0.0,0.0,0.0,0.0,0.0,0.0,,0.0,0.0,0.0,0.0,0.0,0.0
401882920,2026-08-16,laliga,2026,14357,Villarreal,Racing Santander,0,415438,Carlos Macià,SUB,0,1.0,26,1.0,0.0,0.0,0.0,0.0,0.0,0.0,,0.0,0.0,1.0,0.0,0.0,0.0
401882920,2026-08-16,laliga,2026,14357,Villarreal,Racing Santander,0,248276,Alex Freeman,SUB,0,1.0,3,0.0,0.0,0.0,0.0,0.0,0.0,0.0,,0.0,0.0,1.0,0.0,0.0,0.0
401882920,2026-08-16,laliga,2026,14357,Villarreal,Racing Santander,0,331047,Ilias Akhomach,SUB,0,1.0,11,0.0,0.0,0.0,0.0,0.0,0.0,0.0,,0.0,0.0,1.0,0.0,0.0,0.0
401882920,2026-08-16,laliga,2026,14357,Villarreal,Racing Santander,0,325553,Willy Kambwala,SUB,0,0.0,5,0.0,0.0,0.0,0.0,0.0,0.0,0.0,,0.0,0.0,0.0,0.0,0.0,0.0
401882920,2026-08-16,laliga,2026,14357,Villarreal,Racing Santander,0,289072,Sergi Cardona,SUB,0,0.0,23,0.0,0.0,0.0,0.0,0.0,0.0,0.0,,0.0,0.0,0.0,0.0,0.0,0.0
401882920,2026-08-16,laliga,2026,14357,Villarreal,Racing Santander,0,119620,Péter Gulácsi,SUB,0,0.0,25,0.0,0.0,0.0,0.0,,0.0,0.0,0.0,0.0,0.0,0.0,0.0,0.0,0.0
401882920,2026-08-16,laliga,2026,14357,Villarreal,Racing Santander,0,294039,Tani Oluwaseyi,SUB,0,0.0,21,0.0,0.0,0.0,0.0,0.0,0.0,0.0,,0.0,0.0,0.0,0.0,0.0,0.0
401882920,2026-08-16,laliga,2026,14357,Villarreal,Racing Santander,0,271129,Logan Costa,SUB,0,0.0,2,0.0,0.0,0.0,0.0,0.0,0.0,0.0,,0.0,0.0,0.0,0.0,0.0,0.0
401882920,2026-08-16,laliga,2026,14357,Villarreal,Racing Santander,0,284769,Tajon Buchanan,SUB,0,1.0,17,1.0,0.0,0.0,0.0,0.0,0.0,0.0,,0.0,0.0,1.0,0.0,1.0,0.0
401882922,2026-08-16,laliga,2026,14357,Espanyol,Levante,1,179211,Marko Dmitrovic,G,1,1.0,13,0.0,0.0,0.0,0.0,,0.0,0.0,0.0,0.0,0.0,0.0,0.0,0.0,0.0
401882922,2026-08-16,laliga,2026,14357,Espanyol,Levante,1,260902,Unai Núñez,CD-L,1,1.0,14,0.0,1.0,0.0,0.0,0.0,0.0,0.0,,0.0,0.0,0.0,0.0,0.0,0.0
401882922,2026-08-16,laliga,2026,14357,Espanyol,Levante,1,323737,Clemens Riedel,CD-R,1,1.0,5,3.0,0.0,0.0,0.0,0.0,0.0,0.0,,0.0,0.0,0.0,0.0,0.0,0.0
401882922,2026-08-16,laliga,2026,14357,Espanyol,Levante,1,401377,Roger Hinojo,LB,1,1.0,29,1.0,1.0,0.0,0.0,0.0,0.0,0.0,,0.0,0.0,0.0,0.0,0.0,0.0
401882922,2026-08-16,laliga,2026,14357,Espanyol,Levante,1,310682,Omar El Hilali,RB,1,1.0,23,2.0,0.0,0.0,0.0,1.0,0.0,0.0,,0.0,0.0,0.0,0.0,0.0,0.0
401882922,2026-08-16,laliga,2026,14357,Espanyol,Levante,1,367946,Javi Hernandez,AM,1,1.0,28,4.0,2.0,1.0,0.0,0.0,0.0,0.0,,0.0,1.0,0.0,0.0,2.0,1.0
401882922,2026-08-16,laliga,2026,14357,Espanyol,Levante,1,255272,Edu Expósito,LM,1,1.0,8,0.0,1.0,0.0,0.0,0.0,0.0,0.0,,0.0,0.0,0.0,0.0,3.0,0.0
401882922,2026-08-16,laliga,2026,14357,Espanyol,Levante,1,307915,Urko Gonzalez,RM,1,1.0,4,1.0,1.0,0.0,0.0,0.0,0.0,0.0,,0.0,0.0,0.0,0.0,0.0,1.0
401882922,2026-08-16,laliga,2026,14357,Espanyol,Levante,1,318773,Roberto Fernández,F,1,1.0,9,0.0,1.0,0.0,0.0,0.0,0.0,0.0,,0.0,2.0,0.0,2.0,2.0,0.0
401882922,2026-08-16,laliga,2026,14357,Espanyol,Levante,1,306520,Tyrhys Dolan,AM-L,1,1.0,24,2.0,0.0,0.0,0.0,0.0,0.0,0.0,,0.0,1.0,0.0,1.0,4.0,0.0
401882922,2026-08-16,laliga,2026,14357,Espanyol,Levante,1,355902,Cala,AM-R,1,1.0,22,3.0,0.0,0.0,0.0,0.0,0.0,0.0,,0.0,2.0,0.0,0.0,2.0,1.0
401882922,2026-08-16,laliga,2026,14357,Espanyol,Levante,1,307270,Jofre Carreras,SUB,0,1.0,17,0.0,0.0,0.0,0.0,0.0,0.0,0.0,,0.0,0.0,1.0,0.0,1.0,0.0
401882922,2026-08-16,laliga,2026,14357,Espanyol,Levante,1,260242,Pol Lozano,SUB,0,1.0,10,1.0,0.0,0.0,0.0,0.0,0.0,0.0,,0.0,0.0,1.0,0.0,1.0,0.0
401882922,2026-08-16,laliga,2026,14357,Espanyol,Levante,1,383900,Rafael Bauza,SUB,0,1.0,26,0.0,0.0,1.0,0.0,0.0,0.0,0.0,,0.0,0.0,1.0,0.0,0.0,0.0
401882922,2026-08-16,laliga,2026,14357,Espanyol,Levante,1,420443,Adama Timera,SUB,0,0.0,27,0.0,0.0,0.0,0.0,0.0,0.0,0.0,,0.0,0.0,0.0,0.0,0.0,0.0
401882922,2026-08-16,laliga,2026,14357,Espanyol,Levante,1,381681,Llorenç Serred,SUB,0,0.0,31,0.0,0.0,0.0,0.0,,0.0,0.0,0.0,0.0,0.0,0.0,0.0,0.0,0.0
401882922,2026-08-16,laliga,2026,14357,Espanyol,Levante,1,354621,Marcos Fernández,SUB,0,1.0,18,0.0,0.0,0.0,0.0,0.0,0.0,0.0,,0.0,0.0,1.0,0.0,1.0,0.0
401882922,2026-08-16,laliga,2026,14357,Espanyol,Levante,1,346210,Quilindschy Hartman,SUB,0,0.0,3,0.0,0.0,0.0,0.0,0.0,0.0,0.0,,0.0,0.0,0.0,0.0,0.0,0.0
401882922,2026-08-16,laliga,2026,14357,Espanyol,Levante,1,277314,Vanja Drkusic,SUB,0,0.0,16,0.0,0.0,0.0,0.0,0.0,0.0,0.0,,0.0,0.0,0.0,0.0,0.0,0.0
401882922,2026-08-16,laliga,2026,14357,Espanyol,Levante,1,361468,Gabriel Moscardo,SUB,0,0.0,20,0.0,0.0,0.0,0.0,0.0,0.0,0.0,,0.0,0.0,0.0,0.0,0.0,0.0
401882922,2026-08-16,laliga,2026,14357,Espanyol,Levante,1,307419,Ángel Fortuño,SUB,0,0.0,1,0.0,0.0,0.0,0.0,,0.0,0.0,0.0,0.0,0.0,0.0,0.0,0.0,0.0
401882922,2026-08-16,laliga,2026,14357,Espanyol,Levante,1,196914,Pere Milla,SUB,0,1.0,11,0.0,0.0,0.0,0.0,0.0,0.0,0.0,,0.0,0.0,1.0,0.0,0.0,0.0
401882922,2026-08-16,laliga,2026,14357,Espanyol,Levante,1,397289,José Ángel López,SUB,0,0.0,32,0.0,0.0,0.0,0.0,0.0,0.0,0.0,,0.0,0.0,0.0,0.0,0.0,0.0
401882922,2026-08-16,laliga,2026,14357,Levante,Espanyol,0,141438,Mathew Ryan,G,1,1.0,13,0.0,0.0,0.0,3.0,,0.0,0.0,3.0,0.0,0.0,0.0,0.0,0.0,0.0
401882922,2026-08-16,laliga,2026,14357,Levante,Espanyol,0,150451,Aïssa Mandi,CD-L,1,1.0,2,0.0,0.0,0.0,3.0,0.0,0.0,0.0,,0.0,0.0,0.0,0.0,1.0,0.0
401882922,2026-08-16,laliga,2026,14357,Levante,Espanyol,0,276841,Adrián de la Fuente,CD-R,1,1.0,4,1.0,2.0,0.0,3.0,0.0,0.0,0.0,,0.0,0.0,0.0,0.0,1.0,0.0
401882922,2026-08-16,laliga,2026,14357,Levante,Espanyol,0,300985,Manu Sánchez,LB,1,1.0,23,1.0,1.0,0.0,3.0,0.0,0.0,0.0,,0.0,0.0,0.0,0.0,0.0,0.0
401882922,2026-08-16,laliga,2026,14357,Levante,Espanyol,0,409383,Nacho Pérez,RB,1,1.0,29,0.0,3.0,0.0,2.0,0.0,0.0,0.0,,0.0,0.0,0.0,0.0,0.0,0.0
401882922,2026-08-16,laliga,2026,14357,Levante,Espanyol,0,3731,Carlos Álvarez,AM,1,1.0,10,1.0,2.0,0.0,2.0,0.0,0.0,0.0,,0.0,0.0,0.0,0.0,0.0,0.0
401882922,2026-08-16,laliga,2026,14357,Levante,Espanyol,0,269339,Orio Rey,LM,1,1.0,20,1.0,1.0,0.0,3.0,0.0,0.0,0.0,,0.0,0.0,0.0,0.0,0.0,0.0
401882922,2026-08-16,laliga,2026,14357,Levante,Espanyol,0,317784,Jon Ander Olasagasti,RM,1,1.0,8,0.0,1.0,0.0,3.0,0.0,0.0,0.0,,0.0,0.0,0.0,0.0,0.0,0.0
401882922,2026-08-16,laliga,2026,14357,Levante,Espanyol,0,311054,Iván Romero,F,1,1.0,9,0.0,1.0,0.0,2.0,0.0,0.0,0.0,,0.0,0.0,0.0,0.0,1.0,0.0
401882922,2026-08-16,laliga,2026,14357,Levante,Espanyol,0,384985,Paco Cortés,AM-L,1,1.0,27,0.0,0.0,0.0,2.0,0.0,0.0,0.0,,0.0,0.0,0.0,0.0,0.0,0.0
401882922,2026-08-16,laliga,2026,14357,Levante,Espanyol,0,203680,Víctor García,AM-R,1,1.0,17,1.0,1.0,0.0,2.0,0.0,0.0,0.0,,0.0,0.0,0.0,0.0,0.0,0.0
401882922,2026-08-16,laliga,2026,14357,Levante,Espanyol,0,3129043,Marc Santos Gavilán,SUB,0,1.0,33,0.0,2.0,0.0,1.0,0.0,0.0,0.0,,0.0,0.0,1.0,0.0,0.0,0.0
401882922,2026-08-16,laliga,2026,14357,Levante,Espanyol,0,186024,Jeremy Toljan,SUB,0,1.0,22,0.0,0.0,0.0,1.0,0.0,0.0,0.0,,0.0,0.0,1.0,0.0,0.0,0.0
401882922,2026-08-16,laliga,2026,14357,Levante,Espanyol,0,3129045,Alberto Calatrava Ragull,SUB,0,0.0,38,0.0,0.0,0.0,0.0,0.0,0.0,0.0,,0.0,0.0,0.0,0.0,0.0,0.0
401882922,2026-08-16,laliga,2026,14357,Levante,Espanyol,0,415819,Kareem Tunde,SUB,0,1.0,19,0.0,0.0,0.0,1.0,1.0,0.0,0.0,,0.0,0.0,1.0,0.0,0.0,0.0
401882922,2026-08-16,laliga,2026,14357,Levante,Espanyol,0,346676,Etta Eyong,SUB,0,1.0,21,1.0,1.0,0.0,1.0,0.0,0.0,0.0,,0.0,0.0,1.0,0.0,1.0,0.0
401882922,2026-08-16,laliga,2026,14357,Levante,Espanyol,0,3129042,Manel Usedo Domingo,SUB,0,0.0,34,0.0,0.0,0.0,0.0,0.0,0.0,0.0,,0.0,0.0,0.0,0.0,0.0,0.0
401882922,2026-08-16,laliga,2026,14357,Levante,Espanyol,0,381071,Jorge Cabello,SUB,0,0.0,14,0.0,0.0,0.0,0.0,0.0,0.0,0.0,,0.0,0.0,0.0,0.0,0.0,0.0
401882922,2026-08-16,laliga,2026,14357,Levante,Espanyol,0,316040,Pablo Cuñat,SUB,0,0.0,1,0.0,0.0,0.0,0.0,,0.0,0.0,0.0,0.0,0.0,0.0,0.0,0.0,0.0
401882922,2026-08-16,laliga,2026,14357,Levante,Espanyol,0,3129044,Ihor Galdin,SUB,0,0.0,36,0.0,0.0,0.0,0.0,,0.0,0.0,0.0,0.0,0.0,0.0,0.0,0.0,0.0
401882922,2026-08-16,laliga,2026,14357,Levante,Espanyol,0,334794,Enzo Bardeli,SUB,0,1.0,18,1.0,1.0,0.0,1.0,0.0,0.0,0.0,,0.0,0.0,1.0,0.0,0.0,0.0
401882923,2026-08-17,laliga,2026,14357,Deportivo,Elche,1,300926,Leo Román,G,1,1.0,13,0.0,0.0,0.0,1.0,,0.0,0.0,5.0,0.0,0.0,0.0,0.0,0.0,0.0
401882923,2026-08-17,laliga,2026,14357,Deportivo,Elche,1,3102992,Bright Ede,CD-L,1,1.0,22,0.0,0.0,0.0,1.0,0.0,0.0,0.0,,0.0,0.0,0.0,0.0,1.0,0.0
401882923,2026-08-17,laliga,2026,14357,Deportivo,Elche,1,321112,Lucas Noubi,CD-R,1,1.0,4,1.0,1.0,0.0,1.0,0.0,0.0,0.0,,0.0,0.0,0.0,0.0,0.0,0.0
401882923,2026-08-17,laliga,2026,14357,Deportivo,Elche,1,275924,Giacomo Quagliata,LB,1,1.0,12,2.0,2.0,0.0,1.0,1.0,0.0,0.0,,0.0,0.0,0.0,0.0,0.0,0.0
401882923,2026-08-17,laliga,2026,14357,Deportivo,Elche,1,157568,Ximo Navarro,RB,1,1.0,23,1.0,1.0,0.0,1.0,0.0,0.0,0.0,,0.0,0.0,0.0,0.0,0.0,1.0
401882923,2026-08-17,laliga,2026,14357,Deportivo,Elche,1,414299,Bil Nsongo,AM,1,1.0,32,1.0,1.0,0.0,0.0,1.0,0.0,0.0,,0.0,1.0,0.0,0.0,1.0,0.0
401882923,2026-08-17,laliga,2026,14357,Deportivo,Elche,1,356639,Lorenzo Amatucci,LM,1,1.0,16,4.0,1.0,1.0,1.0,0.0,0.0,0.0,,0.0,0.0,0.0,0.0,0.0,1.0
401882923,2026-08-17,laliga,2026,14357,Deportivo,Elche,1,297353,Mario Soriano Carreno,RM,1,1.0,21,0.0,2.0,0.0,0.0,0.0,0.0,0.0,,0.0,0.0,0.0,0.0,1.0,0.0
401882923,2026-08-17,laliga,2026,14357,Deportivo,Elche,1,122260,Pierre-Emerick Aubameyang,F,1,1.0,7,2.0,1.0,0.0,1.0,0.0,0.0,0.0,,0.0,2.0,0.0,1.0,2.0,0.0
401882923,2026-08-17,laliga,2026,14357,Deportivo,Elche,1,384414,Jonathan Asp Jensen,AM-L,1,1.0,18,1.0,0.0,0.0,0.0,0.0,0.0,0.0,,0.0,0.0,0.0,0.0,1.0,0.0
401882923,2026-08-17,laliga,2026,14357,Deportivo,Elche,1,308006,Adrià Altimira,AM-R,1,1.0,2,1.0,1.0,0.0,0.0,0.0,0.0,0.0,,0.0,0.0,0.0,0.0,0.0,0.0
401882923,2026-08-17,laliga,2026,14357,Deportivo,Elche,1,362123,Teun Gijselhart,SUB,0,0.0,34,0.0,0.0,0.0,0.0,0.0,0.0,0.0,,0.0,0.0,0.0,0.0,0.0,0.0
401882923,2026-08-17,laliga,2026,14357,Deportivo,Elche,1,331742,Diego Villares,SUB,0,1.0,8,1.0,0.0,0.0,1.0,0.0,0.0,0.0,,0.0,0.0,1.0,0.0,0.0,0.0
401882923,2026-08-17,laliga,2026,14357,Deportivo,Elche,1,286769,Zakaria Eddahchouri,SUB,0,1.0,9,2.0,1.0,0.0,1.0,0.0,0.0,0.0,,0.0,0.0,1.0,0.0,1.0,0.0
401882923,2026-08-17,laliga,2026,14357,Deportivo,Elche,1,300333,Arnau Comas,SUB,0,0.0,3,0.0,0.0,0.0,0.0,0.0,0.0,0.0,,0.0,0.0,0.0,0.0,0.0,0.0
401882923,2026-08-17,laliga,2026,14357,Deportivo,Elche,1,279609,Riki Rodríguez,SUB,0,0.0,14,0.0,0.0,0.0,0.0,0.0,0.0,0.0,,0.0,0.0,0.0,0.0,0.0,0.0
401882923,2026-08-17,laliga,2026,14357,Deportivo,Elche,1,259915,Miguel Loureiro,SUB,0,0.0,15,0.0,0.0,0.0,0.0,0.0,0.0,0.0,,0.0,0.0,0.0,0.0,0.0,0.0
401882923,2026-08-17,laliga,2026,14357,Deportivo,Elche,1,96060,Álvaro Fernández,SUB,0,0.0,25,0.0,0.0,0.0,0.0,,0.0,0.0,0.0,0.0,0.0,0.0,0.0,0.0,0.0
401882923,2026-08-17,laliga,2026,14357,Deportivo,Elche,1,375390,David Mella,SUB,0,1.0,11,1.0,0.0,0.0,1.0,0.0,0.0,0.0,,0.0,0.0,1.0,0.0,0.0,0.0
401882923,2026-08-17,laliga,2026,14357,Deportivo,Elche,1,331530,Kevin Sánchez,SUB,0,1.0,33,0.0,0.0,0.0,0.0,0.0,0.0,0.0,,0.0,0.0,1.0,0.0,0.0,0.0
401882923,2026-08-17,laliga,2026,14357,Deportivo,Elche,1,181288,Germán Parreño,SUB,0,0.0,1,0.0,0.0,0.0,0.0,,0.0,0.0,0.0,0.0,0.0,0.0,0.0,0.0,0.0
401882923,2026-08-17,laliga,2026,14357,Deportivo,Elche,1,324166,Luismi Cruz,SUB,0,1.0,19,0.0,1.0,0.0,1.0,0.0,0.0,0.0,,0.0,0.0,1.0,0.0,1.0,0.0
401882923,2026-08-17,laliga,2026,14357,Deportivo,Elche,1,214319,Angeliño,SUB,0,0.0,24,0.0,0.0,0.0,0.0,0.0,0.0,0.0,,0.0,0.0,0.0,0.0,0.0,0.0
401882923,2026-08-17,laliga,2026,14357,Elche,Deportivo,0,173749,Matías Dituro,G,1,1.0,1,0.0,0.0,0.0,1.0,,0.0,0.0,2.0,0.0,0.0,0.0,0.0,0.0,0.0
401882923,2026-08-17,laliga,2026,14357,Elche,Deportivo,0,318181,Federico Redondo,CD,1,1.0,5,1.0,0.0,0.0,1.0,0.0,0.0,0.0,,0.0,0.0,0.0,0.0,1.0,0.0
401882923,2026-08-17,laliga,2026,14357,Elche,Deportivo,0,265995,Víctor Chust,CD-L,1,1.0,23,0.0,0.0,0.0,1.0,0.0,0.0,0.0,,0.0,0.0,0.0,0.0,0.0,0.0
401882923,2026-08-17,laliga,2026,14357,Elche,Deportivo,0,313230,David Affengruber,CD-R,1,1.0,22,1.0,2.0,0.0,1.0,0.0,0.0,0.0,,0.0,0.0,0.0,0.0,2.0,0.0
401882923,2026-08-17,laliga,2026,14357,Elche,Deportivo,0,297358,Germán Valera,LB,1,1.0,11,1.0,4.0,0.0,1.0,0.0,0.0,0.0,,0.0,0.0,0.0,0.0,0.0,0.0
401882923,2026-08-17,laliga,2026,14357,Elche,Deportivo,0,371608,Buba Sangaré,RB,1,1.0,2,2.0,0.0,0.0,1.0,0.0,0.0,0.0,,0.0,0.0,0.0,0.0,0.0,0.0
401882923,2026-08-17,laliga,2026,14357,Elche,Deportivo,0,301406,Marc Aguado,CM-L,1,1.0,8,1.0,1.0,0.0,1.0,0.0,0.0,0.0,,0.0,1.0,0.0,1.0,1.0,0.0
401882923,2026-08-17,laliga,2026,14357,Elche,Deportivo,0,340677,Martim Neto,CM-R,1,1.0,16,1.0,1.0,0.0,1.0,0.0,0.0,0.0,,0.0,0.0,0.0,0.0,0.0,0.0
401882923,2026-08-17,laliga,2026,14357,Elche,Deportivo,0,376156,Ali Houary,LM,1,1.0,29,0.0,0.0,0.0,1.0,0.0,0.0,0.0,,0.0,1.0,0.0,0.0,3.0,0.0
401882923,2026-08-17,laliga,2026,14357,Elche,Deportivo,0,273424,Gonzalo Villar,RM,1,1.0,12,2.0,6.0,1.0,1.0,0.0,0.0,0.0,,0.0,2.0,0.0,0.0,2.0,1.0
401882923,2026-08-17,laliga,2026,14357,Elche,Deportivo,0,301684,Fer Niño,F,1,1.0,14,0.0,1.0,0.0,1.0,0.0,0.0,0.0,,0.0,1.0,0.0,0.0,1.0,0.0
401882923,2026-08-17,laliga,2026,14357,Elche,Deportivo,0,259916,José Antonio Morente,SUB,0,1.0,20,1.0,2.0,0.0,0.0,0.0,0.0,0.0,,0.0,0.0,1.0,0.0,0.0,0.0
401882923,2026-08-17,laliga,2026,14357,Elche,Deportivo,0,389448,Matia Barzic,SUB,0,0.0,26,0.0,0.0,0.0,0.0,0.0,0.0,0.0,,0.0,0.0,0.0,0.0,0.0,0.0
401882923,2026-08-17,laliga,2026,14357,Elche,Deportivo,0,194553,Ezequiel Ponce,SUB,0,0.0,9,0.0,0.0,0.0,0.0,0.0,0.0,0.0,,0.0,0.0,0.0,0.0,0.0,0.0
401882923,2026-08-17,laliga,2026,14357,Elche,Deportivo,0,167297,Pedro Bigas,SUB,0,0.0,6,0.0,0.0,0.0,0.0,0.0,0.0,0.0,,0.0,0.0,0.0,0.0,0.0,0.0
401882923,2026-08-17,laliga,2026,14357,Elche,Deportivo,0,3129647,Álvaro Padilla Escribá,SUB,0,1.0,30,0.0,0.0,0.0,0.0,0.0,0.0,0.0,,0.0,0.0,1.0,0.0,0.0,0.0
401882923,2026-08-17,laliga,2026,14357,Elche,Deportivo,0,318284,Facundo Buonanotte,SUB,0,0.0,10,0.0,0.0,0.0,0.0,0.0,0.0,0.0,,0.0,0.0,0.0,0.0,0.0,0.0
401882923,2026-08-17,laliga,2026,14357,Elche,Deportivo,0,214330,Josan,SUB,0,0.0,17,0.0,0.0,0.0,0.0,0.0,0.0,0.0,,0.0,0.0,0.0,0.0,0.0,0.0
401882923,2026-08-17,laliga,2026,14357,Elche,Deportivo,0,402185,Umaru,SUB,0,1.0,36,2.0,0.0,0.0,0.0,0.0,0.0,0.0,,0.0,0.0,1.0,0.0,0.0,1.0
401882923,2026-08-17,laliga,2026,14357,Elche,Deportivo,0,320648,Lucas Cepeda,SUB,0,1.0,21,0.0,0.0,0.0,0.0,0.0,0.0,0.0,,0.0,1.0,1.0,0.0,1.0,0.0
401882923,2026-08-17,laliga,2026,14357,Elche,Deportivo,0,421310,Javier Morcillo,SUB,0,1.0,47,0.0,0.0,0.0,0.0,0.0,0.0,0.0,,0.0,0.0,1.0,0.0,0.0,0.0
401882923,2026-08-17,laliga,2026,14357,Elche,Deportivo,0,368877,Nordin Al Lal,SUB,0,0.0,33,0.0,0.0,0.0,0.0,0.0,0.0,0.0,,0.0,0.0,0.0,0.0,0.0,0.0
401882923,2026-08-17,laliga,2026,14357,Elche,Deportivo,0,330433,Alejandro Iturbe,SUB,0,0.0,43,0.0,0.0,0.0,0.0,,0.0,0.0,0.0,0.0,0.0,0.0,0.0,0.0,0.0
401882925,2026-08-19,laliga,2026,14357,Atlético Madrid,Málaga,1,149622,Jan Oblak,G,1,1.0,13,0.0,0.0,0.0,0.0,,0.0,0.0,1.0,0.0,0.0,0.0,0.0,0.0,0.0
401882925,2026-08-19,laliga,2026,14357,Atlético Madrid,Málaga,1,257786,Dávid Hancko,CD-L,1,1.0,17,1.0,2.0,1.0,0.0,0.0,0.0,0.0,,0.0,0.0,0.0,0.0,3.0,1.0
401882925,2026-08-19,laliga,2026,14357,Atlético Madrid,Málaga,1,214888,Robin Le Normand,CD-R,1,1.0,24,1.0,1.0,0.0,0.0,0.0,0.0,0.0,,0.0,0.0,0.0,0.0,0.0,0.0
401882925,2026-08-19,laliga,2026,14357,Atlético Madrid,Málaga,1,140791,Koke,DM,1,1.0,6,1.0,1.0,0.0,0.0,0.0,0.0,0.0,,0.0,0.0,0.0,0.0,0.0,0.0
401882925,2026-08-19,laliga,2026,14357,Atlético Madrid,Málaga,1,368593,Daniel Martinez,LB,1,1.0,30,0.0,0.0,0.0,0.0,0.0,0.0,0.0,,0.0,0.0,0.0,0.0,1.0,0.0
401882925,2026-08-19,laliga,2026,14357,Atlético Madrid,Málaga,1,354378,Jorge Domínguez,RB,1,1.0,27,4.0,0.0,0.0,0.0,0.0,0.0,0.0,,0.0,0.0,0.0,0.0,0.0,1.0
401882925,2026-08-19,laliga,2026,14357,Atlético Madrid,Málaga,1,336634,Pablo Barrios,CM-L,1,1.0,8,0.0,2.0,0.0,0.0,0.0,0.0,0.0,,0.0,0.0,0.0,0.0,0.0,0.0
401882925,2026-08-19,laliga,2026,14357,Atlético Madrid,Málaga,1,74630,Rodrigo Mendoza,CM-R,1,1.0,4,0.0,0.0,0.0,0.0,0.0,0.0,0.0,,0.0,2.0,0.0,0.0,3.0,0.0
401882925,2026-08-19,laliga,2026,14357,Atlético Madrid,Málaga,1,328289,Arnau Ortiz,LM,1,1.0,16,0.0,1.0,0.0,0.0,1.0,0.0,0.0,,0.0,0.0,0.0,0.0,0.0,0.0
401882925,2026-08-19,laliga,2026,14357,Atlético Madrid,Málaga,1,324192,Carlos Martín,RM,1,1.0,12,4.0,0.0,0.0,0.0,0.0,0.0,0.0,,0.0,0.0,0.0,0.0,2.0,0.0
401882925,2026-08-19,laliga,2026,14357,Atlético Madrid,Málaga,1,229645,Ademola Lookman,F,1,1.0,11,2.0,1.0,0.0,0.0,1.0,0.0,0.0,,0.0,2.0,0.0,0.0,2.0,0.0
401882925,2026-08-19,laliga,2026,14357,Atlético Madrid,Málaga,1,274911,Morten Hjulmand,SUB,0,1.0,23,1.0,1.0,0.0,0.0,0.0,0.0,0.0,,0.0,0.0,1.0,0.0,0.0,0.0
401882925,2026-08-19,laliga,2026,14357,Atlético Madrid,Málaga,1,206474,Marcos Llorente,SUB,0,1.0,14,2.0,0.0,0.0,0.0,0.0,0.0,0.0,,0.0,0.0,1.0,0.0,0.0,0.0
401882925,2026-08-19,laliga,2026,14357,Atlético Madrid,Málaga,1,166396,Alejandro Grimaldo,SUB,0,0.0,22,0.0,0.0,0.0,0.0,0.0,0.0,0.0,,0.0,0.0,0.0,0.0,0.0,0.0
401882925,2026-08-19,laliga,2026,14357,Atlético Madrid,Málaga,1,177927,Juan Musso,SUB,0,0.0,1,0.0,0.0,0.0,0.0,,0.0,0.0,0.0,0.0,0.0,0.0,0.0,0.0,0.0
401882925,2026-08-19,laliga,2026,14357,Atlético Madrid,Málaga,1,188398,José María Giménez,SUB,0,0.0,2,0.0,0.0,0.0,0.0,0.0,0.0,0.0,,0.0,0.0,0.0,0.0,0.0,0.0
401882925,2026-08-19,laliga,2026,14357,Atlético Madrid,Málaga,1,323838,Giuliano Simeone,SUB,0,1.0,20,0.0,0.0,0.0,0.0,0.0,0.0,0.0,,0.0,0.0,1.0,0.0,0.0,0.0
401882925,2026-08-19,laliga,2026,14357,Atlético Madrid,Málaga,1,290802,Johnny Cardoso,SUB,0,0.0,5,0.0,0.0,0.0,0.0,0.0,0.0,0.0,,0.0,0.0,0.0,0.0,0.0,0.0
401882925,2026-08-19,laliga,2026,14357,Atlético Madrid,Málaga,1,421996,Miguel Cubo,SUB,0,0.0,29,0.0,0.0,0.0,0.0,0.0,0.0,0.0,,0.0,0.0,0.0,0.0,0.0,0.0
401882925,2026-08-19,laliga,2026,14357,Atlético Madrid,Málaga,1,297373,Álex Baena,SUB,0,1.0,10,1.0,1.0,0.0,0.0,0.0,0.0,0.0,,0.0,1.0,1.0,1.0,1.0,0.0
401882925,2026-08-19,laliga,2026,14357,Atlético Madrid,Málaga,1,274197,Lee Kang-In,SUB,0,1.0,7,0.0,1.0,0.0,0.0,0.0,0.0,0.0,,0.0,1.0,1.0,1.0,3.0,0.0
401882925,2026-08-19,laliga,2026,14357,Atlético Madrid,Málaga,1,332613,Marc Pubill,SUB,0,0.0,18,0.0,0.0,0.0,0.0,0.0,0.0,0.0,,0.0,0.0,0.0,0.0,0.0,0.0
401882925,2026-08-19,laliga,2026,14357,Atlético Madrid,Málaga,1,184757,Jorge Castillo,SUB,0,0.0,46,0.0,0.0,0.0,0.0,0.0,0.0,0.0,,0.0,0.0,0.0,0.0,0.0,0.0
401882925,2026-08-19,laliga,2026,14357,Málaga,Atlético Madrid,0,240624,Alfonso Herrero,G,1,1.0,1,0.0,0.0,0.0,2.0,,0.0,0.0,4.0,0.0,0.0,0.0,0.0,0.0,0.0
401882925,2026-08-19,laliga,2026,14357,Málaga,Atlético Madrid,0,192430,Einar Galilea,CD-L,1,1.0,4,1.0,0.0,0.0,1.0,0.0,0.0,0.0,,0.0,0.0,0.0,0.0,0.0,0.0
401882925,2026-08-19,laliga,2026,14357,Málaga,Atlético Madrid,0,319783,Ángel Recio,CD-R,1,1.0,15,0.0,0.0,0.0,2.0,0.0,0.0,0.0,,0.0,0.0,0.0,0.0,0.0,0.0
401882925,2026-08-19,laliga,2026,14357,Málaga,Atlético Madrid,0,371564,Izan Merino,DM,1,1.0,23,1.0,0.0,0.0,2.0,0.0,0.0,0.0,,0.0,0.0,0.0,0.0,0.0,0.0
401882925,2026-08-19,laliga,2026,14357,Málaga,Atlético Madrid,0,376166,Rafa Garrido,LB,1,1.0,31,1.0,4.0,0.0,2.0,1.0,0.0,0.0,,0.0,0.0,0.0,0.0,1.0,0.0
401882925,2026-08-19,laliga,2026,14357,Málaga,Atlético Madrid,0,331785,Carlos Puga,RB,1,1.0,3,1.0,2.0,0.0,1.0,1.0,0.0,0.0,,0.0,0.0,0.0,0.0,0.0,1.0
401882925,2026-08-19,laliga,2026,14357,Málaga,Atlético Madrid,0,331533,Daniel Lorenzo,CM-L,1,1.0,22,0.0,1.0,0.0,1.0,0.0,0.0,0.0,,0.0,0.0,0.0,0.0,0.0,0.0
401882925,2026-08-19,laliga,2026,14357,Málaga,Atlético Madrid,0,324098,Carlos Dotor,CM-R,1,1.0,8,1.0,0.0,0.0,0.0,0.0,0.0,0.0,,0.0,0.0,0.0,0.0,0.0,0.0
401882925,2026-08-19,laliga,2026,14357,Málaga,Atlético Madrid,0,180444,Joaquín Muñoz,LM,1,1.0,11,1.0,5.0,0.0,0.0,0.0,0.0,0.0,,0.0,0.0,0.0,0.0,0.0,0.0
401882925,2026-08-19,laliga,2026,14357,Málaga,Atlético Madrid,0,297828,David Larrubia,RM,1,1.0,10,0.0,0.0,0.0,2.0,0.0,0.0,0.0,,0.0,1.0,0.0,0.0,2.0,0.0
401882925,2026-08-19,laliga,2026,14357,Málaga,Atlético Madrid,0,388602,Chupete,F,1,1.0,9,1.0,0.0,0.0,2.0,0.0,0.0,0.0,,0.0,0.0,0.0,0.0,1.0,0.0
401882925,2026-08-19,laliga,2026,14357,Málaga,Atlético Madrid,0,270610,Eneko Jauregui,SUB,0,1.0,17,1.0,1.0,0.0,1.0,0.0,0.0,0.0,,0.0,0.0,1.0,0.0,0.0,0.0
401882925,2026-08-19,laliga,2026,14357,Málaga,Atlético Madrid,0,357858,Rafa Rodríguez,SUB,0,1.0,14,1.0,2.0,0.0,2.0,0.0,0.0,0.0,,0.0,0.0,1.0,0.0,1.0,0.0
401882925,2026-08-19,laliga,2026,14357,Málaga,Atlético Madrid,0,184488,José Salinas,SUB,0,1.0,12,0.0,0.0,0.0,1.0,0.0,0.0,0.0,,0.0,0.0,1.0,0.0,0.0,0.0
401882925,2026-08-19,laliga,2026,14357,Málaga,Atlético Madrid,0,312338,Haitam Abaida,SUB,0,0.0,7,0.0,0.0,0.0,0.0,0.0,0.0,0.0,,0.0,0.0,0.0,0.0,0.0,0.0
401882925,2026-08-19,laliga,2026,14357,Málaga,Atlético Madrid,0,301869,Julen Lobete,SUB,0,0.0,24,0.0,0.0,0.0,0.0,0.0,0.0,0.0,,0.0,0.0,0.0,0.0,0.0,0.0
401882925,2026-08-19,laliga,2026,14357,Málaga,Atlético Madrid,0,3110513,Juani,SUB,0,0.0,32,0.0,0.0,0.0,0.0,0.0,0.0,0.0,,0.0,0.0,0.0,0.0,0.0,0.0
401882925,2026-08-19,laliga,2026,14357,Málaga,Atlético Madrid,0,292225,Ramón Enríquez,SUB,0,1.0,6,1.0,1.0,0.0,1.0,0.0,0.0,0.0,,0.0,0.0,1.0,0.0,0.0,1.0
401882925,2026-08-19,laliga,2026,14357,Málaga,Atlético Madrid,0,3110515,Otu Junior,SUB,0,0.0,28,0.0,0.0,0.0,0.0,0.0,0.0,0.0,,0.0,0.0,0.0,0.0,0.0,0.0
401882925,2026-08-19,laliga,2026,14357,Málaga,Atlético Madrid,0,355503,Carlos López,SUB,0,0.0,13,0.0,0.0,0.0,0.0,,0.0,0.0,0.0,0.0,0.0,0.0,0.0,0.0,0.0
401882925,2026-08-19,laliga,2026,14357,Málaga,Atlético Madrid,0,310869,Álex Pastor,SUB,0,0.0,5,0.0,0.0,0.0,0.0,0.0,0.0,0.0,,0.0,0.0,0.0,0.0,0.0,0.0
401882925,2026-08-19,laliga,2026,14357,Málaga,Atlético Madrid,0,145565,Juan Cruz,SUB,0,1.0,19,1.0,1.0,0.0,2.0,0.0,0.0,0.0,,0.0,0.0,1.0,0.0,0.0,1.0
401882908,2026-08-20,laliga,2026,14357,Rayo Vallecano,Alavés,1,195032,Augusto Batalla,G,1,1.0,13,0.0,0.0,0.0,0.0,,0.0,0.0,1.0,0.0,0.0,0.0,0.0,0.0,0.0
401882908,2026-08-20,laliga,2026,14357,Rayo Vallecano,Alavés,1,386579,Pelayo Fernández,CD-L,1,1.0,22,4.0,0.0,0.0,0.0,0.0,0.0,0.0,,0.0,0.0,0.0,0.0,0.0,0.0
401882908,2026-08-20,laliga,2026,14357,Rayo Vallecano,Alavés,1,140754,Florian Lejeune,CD-R,1,1.0,24,1.0,1.0,0.0,1.0,0.0,0.0,0.0,,0.0,0.0,0.0,0.0,0.0,0.0
401882908,2026-08-20,laliga,2026,14357,Rayo Vallecano,Alavés,1,294228,Pathé Ciss,DM,1,1.0,6,1.0,1.0,0.0,1.0,0.0,0.0,0.0,,0.0,0.0,0.0,0.0,0.0,0.0
401882908,2026-08-20,laliga,2026,14357,Rayo Vallecano,Alavés,1,319231,Jozhua Vertrouwd,LB,1,1.0,33,0.0,1.0,0.0,1.0,0.0,0.0,0.0,,0.0,0.0,0.0,0.0,0.0,0.0
401882908,2026-08-20,laliga,2026,14357,Rayo Vallecano,Alavés,1,287224,Andrei Ratiu,RB,1,1.0,2,0.0,1.0,0.0,1.0,1.0,0.0,0.0,,0.0,0.0,0.0,0.0,1.0,0.0
401882908,2026-08-20,laliga,2026,14357,Rayo Vallecano,Alavés,1,203711,Unai López,CM-L,1,1.0,8,2.0,0.0,0.0,1.0,0.0,0.0,0.0,,0.0,1.0,0.0,0.0,1.0,0.0
401882908,2026-08-20,laliga,2026,14357,Rayo Vallecano,Alavés,1,264197,Isi Palazón,CM-R,1,1.0,7,0.0,0.0,0.0,0.0,0.0,0.0,0.0,,0.0,0.0,0.0,0.0,1.0,0.0
401882908,2026-08-20,laliga,2026,14357,Rayo Vallecano,Alavés,1,324505,Fran Pérez,LM,1,1.0,21,1.0,1.0,0.0,0.0,0.0,0.0,0.0,,0.0,0.0,0.0,0.0,0.0,0.0
401882908,2026-08-20,laliga,2026,14357,Rayo Vallecano,Alavés,1,260740,Jorge de Frutos,RM,1,1.0,19,2.0,2.0,1.0,1.0,0.0,0.0,0.0,,0.0,0.0,0.0,0.0,0.0,0.0
401882908,2026-08-20,laliga,2026,14357,Rayo Vallecano,Alavés,1,276652,Sergio Camello,F,1,1.0,10,2.0,3.0,0.0,1.0,0.0,0.0,0.0,,0.0,2.0,0.0,1.0,3.0,1.0
401882908,2026-08-20,laliga,2026,14357,Rayo Vallecano,Alavés,1,158151,Iván Balliu,SUB,0,0.0,20,0.0,0.0,0.0,0.0,0.0,0.0,0.0,,0.0,0.0,0.0,0.0,0.0,0.0
401882908,2026-08-20,laliga,2026,14357,Rayo Vallecano,Alavés,1,389447,Marco de las Sias,SUB,0,0.0,26,0.0,0.0,0.0,0.0,0.0,0.0,0.0,,0.0,0.0,0.0,0.0,0.0,0.0
401882908,2026-08-20,laliga,2026,14357,Rayo Vallecano,Alavés,1,313024,Alexandre Alemão,SUB,0,0.0,9,0.0,0.0,0.0,0.0,0.0,0.0,0.0,,0.0,0.0,0.0,0.0,0.0,0.0
401882908,2026-08-20,laliga,2026,14357,Rayo Vallecano,Alavés,1,264217,Óscar Valentín,SUB,0,1.0,23,0.0,1.0,0.0,1.0,0.0,0.0,0.0,,0.0,0.0,1.0,0.0,0.0,0.0
401882908,2026-08-20,laliga,2026,14357,Rayo Vallecano,Alavés,1,264078,Pedro Díaz,SUB,0,0.0,4,0.0,0.0,0.0,0.0,0.0,0.0,0.0,,0.0,0.0,0.0,0.0,0.0,0.0
401882908,2026-08-20,laliga,2026,14357,Rayo Vallecano,Alavés,1,192893,Daniel Cárdenas,SUB,0,1.0,1,0.0,0.0,0.0,1.0,,0.0,0.0,1.0,0.0,0.0,1.0,0.0,0.0,0.0
401882908,2026-08-20,laliga,2026,14357,Rayo Vallecano,Alavés,1,276067,Giorgi Tsitaishvili,SUB,0,0.0,14,0.0,0.0,0.0,0.0,0.0,0.0,0.0,,0.0,0.0,0.0,0.0,0.0,0.0
401882908,2026-08-20,laliga,2026,14357,Rayo Vallecano,Alavés,1,3128651,Iván Alonso Martín,SUB,0,0.0,34,0.0,0.0,0.0,0.0,0.0,0.0,0.0,,0.0,0.0,0.0,0.0,0.0,0.0
401882908,2026-08-20,laliga,2026,14357,Rayo Vallecano,Alavés,1,268751,Sergio Lozano,SUB,0,0.0,27,0.0,0.0,0.0,0.0,0.0,0.0,0.0,,0.0,0.0,0.0,0.0,0.0,0.0
401882908,2026-08-20,laliga,2026,14357,Rayo Vallecano,Alavés,1,276847,Randy Nteka,SUB,0,1.0,11,0.0,1.0,0.0,1.0,0.0,0.0,0.0,,0.0,0.0,1.0,0.0,1.0,0.0
401882908,2026-08-20,laliga,2026,14357,Rayo Vallecano,Alavés,1,125200,Álvaro García,SUB,0,1.0,18,1.0,0.0,0.0,1.0,0.0,0.0,0.0,,0.0,0.0,1.0,0.0,1.0,0.0
401882908,2026-08-20,laliga,2026,14357,Alavés,Rayo Vallecano,0,200910,Antonio Sivera,G,1,1.0,1,0.0,0.0,0.0,1.0,,0.0,0.0,2.0,0.0,0.0,0.0,0.0,0.0,0.0
401882908,2026-08-20,laliga,2026,14357,Alavés,Rayo Vallecano,0,149306,Ville Koski,CD,1,1.0,16,0.0,0.0,0.0,1.0,0.0,0.0,0.0,,0.0,0.0,0.0,0.0,0.0,0.0
401882908,2026-08-20,laliga,2026,14357,Alavés,Rayo Vallecano,0,176312,Jonny,CD-L,1,1.0,17,0.0,0.0,0.0,1.0,0.0,0.0,0.0,,0.0,0.0,0.0,0.0,0.0,0.0
401882908,2026-08-20,laliga,2026,14357,Alavés,Rayo Vallecano,0,262491,Nahuel Tenaglia,CD-R,1,1.0,14,1.0,0.0,0.0,1.0,0.0,0.0,0.0,,0.0,0.0,0.0,0.0,1.0,1.0
401882908,2026-08-20,laliga,2026,14357,Alavés,Rayo Vallecano,0,345991,Abde Rebbach,LB,1,1.0,21,4.0,0.0,0.0,1.0,0.0,0.0,0.0,,0.0,0.0,0.0,0.0,1.0,0.0
401882908,2026-08-20,laliga,2026,14357,Alavés,Rayo Vallecano,0,374621,Ángel Pérez,RB,1,1.0,7,1.0,0.0,0.0,1.0,0.0,0.0,0.0,,0.0,0.0,0.0,0.0,1.0,0.0
401882908,2026-08-20,laliga,2026,14357,Alavés,Rayo Vallecano,0,265997,Antonio Blanco,CM,1,1.0,8,2.0,1.0,0.0,1.0,0.0,0.0,0.0,,0.0,0.0,0.0,0.0,0.0,0.0
401882908,2026-08-20,laliga,2026,14357,Alavés,Rayo Vallecano,0,396612,Mikel Rodriguez,CM-L,1,1.0,18,0.0,3.0,0.0,1.0,0.0,0.0,0.0,,0.0,0.0,0.0,0.0,0.0,0.0
401882908,2026-08-20,laliga,2026,14357,Alavés,Rayo Vallecano,0,106326,Pablo Ibáñez,CM-R,1,1.0,19,0.0,4.0,0.0,1.0,0.0,0.0,0.0,,0.0,1.0,0.0,0.0,3.0,0.0
401882908,2026-08-20,laliga,2026,14357,Alavés,Rayo Vallecano,0,181757,Toni Martínez,CF-L,1,1.0,11,1.0,1.0,0.0,1.0,0.0,0.0,0.0,,0.0,0.0,0.0,0.0,4.0,0.0
401882908,2026-08-20,laliga,2026,14357,Alavés,Rayo Vallecano,0,207236,Lucas Boyé,CF-R,1,1.0,15,1.0,1.0,0.0,1.0,0.0,0.0,0.0,,0.0,0.0,0.0,0.0,2.0,0.0
401882908,2026-08-20,laliga,2026,14357,Alavés,Rayo Vallecano,0,83494,Miguel Rodríguez,SUB,0,0.0,22,0.0,0.0,0.0,0.0,0.0,0.0,0.0,,0.0,0.0,0.0,0.0,0.0,0.0
401882908,2026-08-20,laliga,2026,14357,Alavés,Rayo Vallecano,0,198832,Mariano Díaz,SUB,0,1.0,9,2.0,0.0,0.0,0.0,0.0,0.0,0.0,,0.0,2.0,1.0,1.0,2.0,0.0
401882908,2026-08-20,laliga,2026,14357,Alavés,Rayo Vallecano,0,163068,Denis Suárez,SUB,0,1.0,4,0.0,1.0,0.0,0.0,0.0,0.0,0.0,,0.0,0.0,1.0,0.0,0.0,0.0
401882908,2026-08-20,laliga,2026,14357,Alavés,Rayo Vallecano,0,382532,Youssef Lekhedim,SUB,0,1.0,3,0.0,1.0,0.0,0.0,0.0,0.0,0.0,,0.0,0.0,1.0,0.0,0.0,0.0
401882908,2026-08-20,laliga,2026,14357,Alavés,Rayo Vallecano,0,150374,Adrián Rodríguez,SUB,0,0.0,13,0.0,0.0,0.0,0.0,,0.0,0.0,0.0,0.0,0.0,0.0,0.0,0.0,0.0
401882908,2026-08-20,laliga,2026,14357,Alavés,Rayo Vallecano,0,253754,Carlos Protesoni,SUB,0,0.0,23,0.0,0.0,0.0,0.0,0.0,0.0,0.0,,0.0,0.0,0.0,0.0,0.0,0.0
401882908,2026-08-20,laliga,2026,14357,Alavés,Rayo Vallecano,0,318084,Nicolás Valentini,SUB,0,1.0,2,1.0,0.0,0.0,0.0,0.0,0.0,0.0,,0.0,0.0,1.0,0.0,1.0,1.0
401882908,2026-08-20,laliga,2026,14357,Alavés,Rayo Vallecano,0,379231,Aitor Mañas,SUB,0,0.0,20,0.0,0.0,0.0,0.0,0.0,0.0,0.0,,0.0,0.0,0.0,0.0,0.0,0.0
401882908,2026-08-20,laliga,2026,14357,Alavés,Rayo Vallecano,0,305608,Hugo Novoa,SUB,0,0.0,12,0.0,0.0,0.0,0.0,0.0,0.0,0.0,,0.0,0.0,0.0,0.0,0.0,0.0
401882908,2026-08-20,laliga,2026,14357,Alavés,Rayo Vallecano,0,260256,Ander Guevara,SUB,0,0.0,6,0.0,0.0,0.0,0.0,0.0,0.0,0.0,,0.0,0.0,0.0,0.0,0.0,0.0
401882908,2026-08-20,laliga,2026,14357,Alavés,Rayo Vallecano,0,233802,Carles Aleñá,SUB,0,1.0,10,0.0,0.0,0.0,0.0,0.0,0.0,0.0,,0.0,0.0,1.0,0.0,0.0,0.0
401882908,2026-08-20,laliga,2026,14357,Alavés,Rayo Vallecano,0,415276,Xanet Oláiz,SUB,0,0.0,27,0.0,0.0,0.0,0.0,0.0,0.0,0.0,,0.0,0.0,0.0,0.0,0.0,0.0
401882914,2026-08-21,laliga,2026,14357,Real Betis,Real Sociedad,1,283892,Álvaro Valles,G,1,1.0,1,0.0,0.0,0.0,0.0,,0.0,0.0,3.0,0.0,0.0,0.0,0.0,0.0,0.0
401882914,2026-08-21,laliga,2026,14357,Real Betis,Real Sociedad,1,301526,Natan,CD-L,1,1.0,4,1.0,0.0,0.0,0.0,1.0,0.0,0.0,,0.0,0.0,0.0,0.0,0.0,1.0
401882914,2026-08-21,laliga,2026,14357,Real Betis,Real Sociedad,1,145078,Marc Bartra,CD-R,1,1.0,5,0.0,0.0,0.0,0.0,0.0,0.0,0.0,,0.0,0.0,0.0,0.0,1.0,0.0
401882914,2026-08-21,laliga,2026,14357,Real Betis,Real Sociedad,1,213050,Fran García,LB,1,1.0,11,2.0,0.0,0.0,0.0,0.0,0.0,0.0,,0.0,0.0,0.0,0.0,0.0,1.0
401882914,2026-08-21,laliga,2026,14357,Real Betis,Real Sociedad,1,178978,Héctor Bellerín,RB,1,1.0,2,0.0,0.0,0.0,0.0,0.0,0.0,0.0,,0.0,0.0,0.0,0.0,0.0,1.0
401882914,2026-08-21,laliga,2026,14357,Real Betis,Real Sociedad,1,227714,Pablo Fornals,AM,1,1.0,8,1.0,0.0,0.0,0.0,0.0,0.0,0.0,,0.0,0.0,0.0,0.0,2.0,0.0
401882914,2026-08-21,laliga,2026,14357,Real Betis,Real Sociedad,1,242008,Marc Roca,LM,1,1.0,21,2.0,2.0,0.0,0.0,0.0,0.0,0.0,,0.0,0.0,0.0,0.0,2.0,0.0
401882914,2026-08-21,laliga,2026,14357,Real Betis,Real Sociedad,1,359912,Facundo Bernal,RM,1,1.0,6,1.0,0.0,0.0,0.0,0.0,0.0,0.0,,0.0,0.0,0.0,0.0,1.0,0.0
401882914,2026-08-21,laliga,2026,14357,Real Betis,Real Sociedad,1,336809,Cucho Hernández,F,1,1.0,9,0.0,1.0,1.0,0.0,0.0,0.0,0.0,,0.0,1.0,0.0,0.0,2.0,0.0
401882914,2026-08-21,laliga,2026,14357,Real Betis,Real Sociedad,1,70224,Rodrigo Riquelme,AM-L,1,1.0,17,1.0,4.0,0.0,0.0,0.0,0.0,0.0,,0.0,1.0,0.0,1.0,1.0,0.0
401882914,2026-08-21,laliga,2026,14357,Real Betis,Real Sociedad,1,281558,Antony,AM-R,1,1.0,7,0.0,2.0,0.0,0.0,0.0,0.0,0.0,,0.0,2.0,0.0,0.0,5.0,0.0
401882914,2026-08-21,laliga,2026,14357,Real Betis,Real Sociedad,1,143564,Isco,SUB,0,1.0,22,1.0,1.0,0.0,0.0,0.0,0.0,0.0,,0.0,2.0,1.0,0.0,2.0,0.0
401882914,2026-08-21,laliga,2026,14357,Real Betis,Real Sociedad,1,395941,Ángel Ortiz,SUB,0,0.0,12,0.0,0.0,0.0,0.0,0.0,0.0,0.0,,0.0,0.0,0.0,0.0,0.0,0.0
401882914,2026-08-21,laliga,2026,14357,Real Betis,Real Sociedad,1,390091,Manu González,SUB,0,0.0,31,0.0,0.0,0.0,0.0,,0.0,0.0,0.0,0.0,0.0,0.0,0.0,0.0,0.0
401882914,2026-08-21,laliga,2026,14357,Real Betis,Real Sociedad,1,322908,Nelson Deossa,SUB,0,1.0,18,0.0,0.0,0.0,0.0,0.0,0.0,0.0,,0.0,1.0,1.0,0.0,1.0,0.0
401882914,2026-08-21,laliga,2026,14357,Real Betis,Real Sociedad,1,399278,Pablo García,SUB,0,1.0,33,0.0,2.0,0.0,0.0,0.0,0.0,0.0,,0.0,0.0,1.0,0.0,1.0,0.0
401882914,2026-08-21,laliga,2026,14357,Real Betis,Real Sociedad,1,283827,Álvaro Fidalgo,SUB,0,0.0,15,0.0,0.0,0.0,0.0,0.0,0.0,0.0,,0.0,0.0,0.0,0.0,0.0,0.0
401882914,2026-08-21,laliga,2026,14357,Real Betis,Real Sociedad,1,181530,Diego Llorente,SUB,0,0.0,3,0.0,0.0,0.0,0.0,0.0,0.0,0.0,,0.0,0.0,0.0,0.0,0.0,0.0
401882914,2026-08-21,laliga,2026,14357,Real Betis,Real Sociedad,1,269655,Junior Firpo,SUB,0,0.0,23,0.0,0.0,0.0,0.0,0.0,0.0,0.0,,0.0,0.0,0.0,0.0,0.0,0.0
401882914,2026-08-21,laliga,2026,14357,Real Betis,Real Sociedad,1,336480,Valentín Gómez,SUB,0,0.0,16,0.0,0.0,0.0,0.0,0.0,0.0,0.0,,0.0,0.0,0.0,0.0,0.0,0.0
401882914,2026-08-21,laliga,2026,14357,Real Betis,Real Sociedad,1,292222,Iker Losada,SUB,0,0.0,14,0.0,0.0,0.0,0.0,0.0,0.0,0.0,,0.0,0.0,0.0,0.0,0.0,0.0
401882914,2026-08-21,laliga,2026,14357,Real Sociedad,Real Betis,0,217319,Álex Remiro,G,1,1.0,1,0.0,0.0,0.0,1.0,,0.0,0.0,6.0,0.0,0.0,0.0,0.0,0.0,0.0
401882914,2026-08-21,laliga,2026,14357,Real Sociedad,Real Betis,0,366885,Jon Martín,CD-L,1,1.0,31,0.0,0.0,0.0,1.0,0.0,0.0,0.0,,0.0,0.0,0.0,0.0,0.0,0.0
401882914,2026-08-21,laliga,2026,14357,Real Sociedad,Real Betis,0,235693,Igor Zubeldia,CD-R,1,1.0,5,1.0,0.0,0.0,1.0,0.0,0.0,0.0,,0.0,0.0,0.0,0.0,0.0,1.0
401882914,2026-08-21,laliga,2026,14357,Real Sociedad,Real Betis,0,265993,Sergio Gómez,LB,1,1.0,17,2.0,0.0,0.0,1.0,0.0,0.0,0.0,,0.0,0.0,0.0,0.0,1.0,1.0
401882914,2026-08-21,laliga,2026,14357,Real Sociedad,Real Betis,0,318063,Jon Aramburu,RB,1,1.0,2,5.0,1.0,0.0,1.0,0.0,0.0,0.0,,0.0,1.0,0.0,0.0,1.0,1.0
401882914,2026-08-21,laliga,2026,14357,Real Sociedad,Real Betis,0,306263,Luka Sucic,AM,1,1.0,24,0.0,0.0,0.0,1.0,0.0,0.0,0.0,,0.0,1.0,0.0,0.0,2.0,0.0
401882914,2026-08-21,laliga,2026,14357,Real Sociedad,Real Betis,0,235072,Carlos Soler,LM,1,1.0,18,0.0,1.0,0.0,1.0,2.0,0.0,0.0,,0.0,0.0,0.0,0.0,0.0,0.0
401882914,2026-08-21,laliga,2026,14357,Real Sociedad,Real Betis,0,236185,Yangel Herrera,RM,1,1.0,21,1.0,2.0,0.0,1.0,0.0,0.0,0.0,,0.0,0.0,0.0,0.0,0.0,0.0
401882914,2026-08-21,laliga,2026,14357,Real Sociedad,Real Betis,0,341367,Orri Óskarsson,F,1,1.0,9,1.0,1.0,0.0,1.0,0.0,0.0,0.0,,0.0,1.0,0.0,0.0,3.0,0.0
401882914,2026-08-21,laliga,2026,14357,Real Sociedad,Real Betis,0,283941,Ander Barrenetxea,AM-L,1,1.0,7,1.0,0.0,0.0,0.0,0.0,0.0,0.0,,0.0,0.0,0.0,0.0,1.0,0.0
401882914,2026-08-21,laliga,2026,14357,Real Sociedad,Real Betis,0,256587,Takefusa Kubo,AM-R,1,1.0,14,1.0,2.0,0.0,0.0,0.0,0.0,0.0,,0.0,0.0,0.0,0.0,1.0,0.0
401882914,2026-08-21,laliga,2026,14357,Real Sociedad,Real Betis,0,366886,Alex Lebarbier,SUB,0,0.0,28,0.0,0.0,0.0,0.0,0.0,0.0,0.0,,0.0,0.0,0.0,0.0,0.0,0.0
401882914,2026-08-21,laliga,2026,14357,Real Sociedad,Real Betis,0,283891,Aihen Muñoz,SUB,0,1.0,3,0.0,0.0,0.0,0.0,0.0,0.0,0.0,,0.0,0.0,1.0,0.0,0.0,0.0
401882914,2026-08-21,laliga,2026,14357,Real Sociedad,Real Betis,0,406379,Job Ochieng,SUB,0,0.0,12,0.0,0.0,0.0,0.0,0.0,0.0,0.0,,0.0,0.0,0.0,0.0,0.0,0.0
401882914,2026-08-21,laliga,2026,14357,Real Sociedad,Real Betis,0,396613,Alex Marchal,SUB,0,1.0,29,0.0,0.0,0.0,1.0,0.0,0.0,0.0,,0.0,0.0,1.0,0.0,0.0,0.0
401882914,2026-08-21,laliga,2026,14357,Real Sociedad,Real Betis,0,297371,Beñat Turrientes,SUB,0,1.0,8,0.0,0.0,0.0,0.0,0.0,0.0,0.0,,0.0,0.0,1.0,0.0,0.0,0.0
401882914,2026-08-21,laliga,2026,14357,Real Sociedad,Real Betis,0,406383,Gorka Carrera,SUB,0,0.0,27,0.0,0.0,0.0,0.0,0.0,0.0,0.0,,0.0,0.0,0.0,0.0,0.0,0.0
401882914,2026-08-21,laliga,2026,14357,Real Sociedad,Real Betis,0,297359,Jon Pacheco,SUB,0,0.0,16,0.0,0.0,0.0,0.0,0.0,0.0,0.0,,0.0,0.0,0.0,0.0,0.0,0.0
401882914,2026-08-21,laliga,2026,14357,Real Sociedad,Real Betis,0,229018,Mikel Oyarzabal,SUB,0,1.0,10,0.0,0.0,0.0,1.0,0.0,0.0,0.0,,0.0,0.0,1.0,0.0,0.0,0.0
401882914,2026-08-21,laliga,2026,14357,Real Sociedad,Real Betis,0,312011,Unai Marrero,SUB,0,0.0,13,0.0,0.0,0.0,0.0,,0.0,0.0,0.0,0.0,0.0,0.0,0.0,0.0,0.0
401882914,2026-08-21,laliga,2026,14357,Real Sociedad,Real Betis,0,396611,Mikel Goti,SUB,0,0.0,22,0.0,0.0,0.0,0.0,0.0,0.0,0.0,,0.0,0.0,0.0,0.0,0.0,0.0
401882914,2026-08-21,laliga,2026,14357,Real Sociedad,Real Betis,0,307487,Arsen Zakharyan,SUB,0,1.0,23,0.0,1.0,0.0,0.0,1.0,0.0,0.0,,0.0,0.0,1.0,0.0,0.0,0.0
401882914,2026-08-21,laliga,2026,14357,Real Sociedad,Real Betis,0,396607,Luken Beitia,SUB,0,0.0,34,0.0,0.0,0.0,0.0,0.0,0.0,0.0,,0.0,0.0,0.0,0.0,0.0,0.0
401882907,2026-08-22,laliga,2026,14357,Valencia,Celta Vigo,1,165334,Stole Dimitrievski,G,1,1.0,1,0.0,0.0,0.0,0.0,,0.0,0.0,3.0,0.0,0.0,0.0,0.0,0.0,1.0
401882907,2026-08-22,laliga,2026,14357,Valencia,Celta Vigo,1,231603,Pepelu,CD,1,1.0,18,1.0,1.0,0.0,0.0,0.0,0.0,0.0,,0.0,0.0,0.0,0.0,1.0,0.0
401882907,2026-08-22,laliga,2026,14357,Valencia,Celta Vigo,1,282086,Justin de Haas,CD-L,1,1.0,12,1.0,0.0,0.0,0.0,0.0,0.0,0.0,,0.0,0.0,0.0,0.0,0.0,1.0
401882907,2026-08-22,laliga,2026,14357,Valencia,Celta Vigo,1,330552,César Tárrega,CD-R,1,1.0,5,2.0,1.0,0.0,0.0,0.0,0.0,0.0,,0.0,0.0,0.0,0.0,0.0,0.0
401882907,2026-08-22,laliga,2026,14357,Valencia,Celta Vigo,1,178747,José Gayà,LB,1,1.0,14,1.0,2.0,0.0,0.0,0.0,0.0,0.0,,0.0,0.0,0.0,0.0,0.0,0.0
401882907,2026-08-22,laliga,2026,14357,Valencia,Celta Vigo,1,189804,Jesús Vázquez,RB,1,1.0,21,3.0,3.0,0.0,0.0,0.0,0.0,0.0,,0.0,0.0,0.0,0.0,0.0,0.0
401882907,2026-08-22,laliga,2026,14357,Valencia,Celta Vigo,1,212185,Guido Rodríguez,CM-L,1,1.0,2,1.0,3.0,0.0,0.0,0.0,0.0,0.0,,0.0,1.0,0.0,0.0,1.0,0.0
401882907,2026-08-22,laliga,2026,14357,Valencia,Celta Vigo,1,248681,Filip Ugrinic,CM-R,1,1.0,23,1.0,3.0,0.0,0.0,0.0,0.0,0.0,,0.0,1.0,0.0,0.0,2.0,0.0
401882907,2026-08-22,laliga,2026,14357,Valencia,Celta Vigo,1,16340,Javier Guerra,LM,1,1.0,8,0.0,3.0,0.0,0.0,0.0,0.0,0.0,,0.0,0.0,0.0,0.0,1.0,0.0
401882907,2026-08-22,laliga,2026,14357,Valencia,Celta Vigo,1,360096,Ryunosuke Sato,RM,1,1.0,39,1.0,0.0,0.0,0.0,1.0,0.0,0.0,,0.0,0.0,0.0,0.0,0.0,0.0
401882907,2026-08-22,laliga,2026,14357,Valencia,Celta Vigo,1,231618,Arnaut Danjuma,F,1,1.0,7,2.0,1.0,0.0,0.0,0.0,0.0,0.0,,0.0,0.0,0.0,0.0,3.0,0.0
401882907,2026-08-22,laliga,2026,14357,Valencia,Celta Vigo,1,362393,Marcos Navarro,SUB,0,0.0,41,0.0,0.0,0.0,0.0,0.0,0.0,0.0,,0.0,0.0,0.0,0.0,0.0,0.0
401882907,2026-08-22,laliga,2026,14357,Valencia,Celta Vigo,1,241117,Mouctar Diakhaby,SUB,0,1.0,4,0.0,0.0,0.0,0.0,0.0,0.0,0.0,,0.0,0.0,1.0,0.0,0.0,0.0
401882907,2026-08-22,laliga,2026,14357,Valencia,Celta Vigo,1,76884,Cristian Rivero,SUB,0,0.0,13,0.0,0.0,0.0,0.0,,0.0,0.0,0.0,0.0,0.0,0.0,0.0,0.0,0.0
401882907,2026-08-22,laliga,2026,14357,Valencia,Celta Vigo,1,377768,David Otorbi,SUB,0,0.0,27,0.0,0.0,0.0,0.0,0.0,0.0,0.0,,0.0,0.0,0.0,0.0,0.0,0.0
401882907,2026-08-22,laliga,2026,14357,Valencia,Celta Vigo,1,286604,André Almeida,SUB,0,0.0,10,0.0,0.0,0.0,0.0,0.0,0.0,0.0,,0.0,0.0,0.0,0.0,0.0,0.0
401882907,2026-08-22,laliga,2026,14357,Valencia,Celta Vigo,1,253763,Dani Raba,SUB,0,0.0,19,0.0,0.0,0.0,0.0,0.0,0.0,0.0,,0.0,0.0,0.0,0.0,0.0,0.0
401882907,2026-08-22,laliga,2026,14357,Valencia,Celta Vigo,1,222661,Pablo Maffeo,SUB,0,1.0,24,0.0,0.0,0.0,0.0,0.0,0.0,0.0,,0.0,0.0,1.0,0.0,0.0,0.0
401882907,2026-08-22,laliga,2026,14357,Valencia,Celta Vigo,1,232803,Aliou Dieng,SUB,0,1.0,15,2.0,0.0,0.0,0.0,0.0,0.0,0.0,,0.0,0.0,1.0,0.0,0.0,0.0
401882907,2026-08-22,laliga,2026,14357,Valencia,Celta Vigo,1,211770,Umar Sadiq,SUB,0,1.0,6,1.0,0.0,0.0,0.0,2.0,0.0,0.0,,0.0,0.0,1.0,0.0,0.0,0.0
401882907,2026-08-22,laliga,2026,14357,Valencia,Celta Vigo,1,3124771,Jaume Durá I Soler,SUB,0,0.0,38,0.0,0.0,0.0,0.0,0.0,0.0,0.0,,0.0,0.0,0.0,0.0,0.0,0.0
401882907,2026-08-22,laliga,2026,14357,Valencia,Celta Vigo,1,388076,Iker Córdoba,SUB,0,0.0,36,0.0,0.0,0.0,0.0,0.0,0.0,0.0,,0.0,0.0,0.0,0.0,0.0,0.0
401882907,2026-08-22,laliga,2026,14357,Valencia,Celta Vigo,1,267477,Hugo Duro,SUB,0,1.0,9,1.0,0.0,0.0,0.0,0.0,0.0,0.0,,0.0,0.0,1.0,0.0,0.0,0.0
401882907,2026-08-22,laliga,2026,14357,Celta Vigo,Valencia,0,144720,Andrei Radu,G,1,1.0,13,0.0,0.0,0.0,0.0,,0.0,0.0,2.0,0.0,0.0,0.0,0.0,0.0,1.0
401882907,2026-08-22,laliga,2026,14357,Celta Vigo,Valencia,0,384643,Yoel Lago,CD,1,1.0,29,2.0,1.0,0.0,0.0,0.0,0.0,0.0,,0.0,0.0,0.0,0.0,0.0,0.0
401882907,2026-08-22,laliga,2026,14357,Celta Vigo,Valencia,0,146127,Marcos Alonso,CD-L,1,1.0,3,1.0,2.0,0.0,0.0,0.0,0.0,0.0,,0.0,0.0,0.0,0.0,2.0,0.0
401882907,2026-08-22,laliga,2026,14357,Celta Vigo,Valencia,0,376147,Javi Rodríguez,CD-R,1,1.0,20,1.0,0.0,0.0,0.0,0.0,0.0,0.0,,0.0,1.0,0.0,0.0,1.0,0.0
401882907,2026-08-22,laliga,2026,14357,Celta Vigo,Valencia,0,240235,Aleix Febas,CM-L,1,1.0,14,5.0,4.0,0.0,0.0,1.0,0.0,0.0,,0.0,1.0,0.0,0.0,1.0,0.0
401882907,2026-08-22,laliga,2026,14357,Celta Vigo,Valencia,0,353736,Miguel Román,CM-R,1,1.0,8,1.0,0.0,0.0,0.0,0.0,0.0,0.0,,0.0,0.0,0.0,0.0,0.0,0.0
401882907,2026-08-22,laliga,2026,14357,Celta Vigo,Valencia,0,231838,Javi Galán,LM,1,1.0,22,1.0,2.0,0.0,0.0,0.0,0.0,0.0,,0.0,0.0,0.0,0.0,0.0,0.0
401882907,2026-08-22,laliga,2026,14357,Celta Vigo,Valencia,0,298343,Sergio Carreira,RM,1,1.0,5,1.0,4.0,0.0,0.0,0.0,0.0,0.0,,0.0,0.0,0.0,0.0,1.0,1.0
401882907,2026-08-22,laliga,2026,14357,Celta Vigo,Valencia,0,279904,Ferran Jutglà,F,1,1.0,9,0.0,0.0,0.0,0.0,0.0,0.0,0.0,,0.0,0.0,0.0,0.0,0.0,0.0
401882907,2026-08-22,laliga,2026,14357,Celta Vigo,Valencia,0,188391,Hugo Álvarez,CF-L,1,1.0,23,0.0,0.0,0.0,0.0,0.0,0.0,0.0,,0.0,0.0,0.0,0.0,0.0,0.0
401882907,2026-08-22,laliga,2026,14357,Celta Vigo,Valencia,0,334111,Jones El-Abdellaoui,CF-R,1,1.0,39,2.0,0.0,0.0,0.0,1.0,0.0,0.0,,0.0,0.0,0.0,0.0,1.0,0.0
401882907,2026-08-22,laliga,2026,14357,Celta Vigo,Valencia,0,414293,Hugo Burcio,SUB,0,0.0,30,0.0,0.0,0.0,0.0,0.0,0.0,0.0,,0.0,0.0,0.0,0.0,0.0,0.0
401882907,2026-08-22,laliga,2026,14357,Celta Vigo,Valencia,0,297829,Ilaix Moriba,SUB,0,1.0,6,0.0,1.0,0.0,0.0,0.0,0.0,0.0,,0.0,0.0,1.0,0.0,0.0,0.0
401882907,2026-08-22,laliga,2026,14357,Celta Vigo,Valencia,0,214995,Borja Iglesias,SUB,0,0.0,7,0.0,0.0,0.0,0.0,0.0,0.0,0.0,,0.0,0.0,0.0,0.0,0.0,0.0
401882907,2026-08-22,laliga,2026,14357,Celta Vigo,Valencia,0,274272,Altay Bayindir,SUB,0,0.0,1,0.0,0.0,0.0,0.0,,0.0,0.0,0.0,0.0,0.0,0.0,0.0,0.0,0.0
401882907,2026-08-22,laliga,2026,14357,Celta Vigo,Valencia,0,21990,Abdoulaye Faye,SUB,0,0.0,4,0.0,0.0,0.0,0.0,0.0,0.0,0.0,,0.0,0.0,0.0,0.0,0.0,0.0
401882907,2026-08-22,laliga,2026,14357,Celta Vigo,Valencia,0,367430,Álvaro Núñez,SUB,0,0.0,15,0.0,0.0,0.0,0.0,0.0,0.0,0.0,,0.0,0.0,0.0,0.0,0.0,0.0
401882907,2026-08-22,laliga,2026,14357,Celta Vigo,Valencia,0,322652,Williot Swedberg,SUB,0,1.0,19,1.0,2.0,0.0,0.0,0.0,0.0,0.0,,0.0,0.0,1.0,0.0,0.0,0.0
401882907,2026-08-22,laliga,2026,14357,Celta Vigo,Valencia,0,195790,Carl Starfelt,SUB,0,0.0,2,0.0,0.0,0.0,0.0,0.0,0.0,0.0,,0.0,0.0,0.0,0.0,0.0,0.0
401882907,2026-08-22,laliga,2026,14357,Celta Vigo,Valencia,0,138448,Pablo Durán,SUB,0,1.0,11,0.0,0.0,0.0,0.0,0.0,0.0,0.0,,0.0,1.0,1.0,0.0,1.0,0.0
401882907,2026-08-22,laliga,2026,14357,Celta Vigo,Valencia,0,331586,Javi Rueda,SUB,0,1.0,17,2.0,1.0,0.0,0.0,0.0,0.0,0.0,,0.0,0.0,1.0,0.0,0.0,1.0
401882907,2026-08-22,laliga,2026,14357,Celta Vigo,Valencia,0,324811,Hugo Gonzalez,SUB,0,0.0,16,0.0,0.0,0.0,0.0,0.0,0.0,0.0,,0.0,0.0,0.0,0.0,0.0,0.0
401882907,2026-08-22,laliga,2026,14357,Celta Vigo,Valencia,0,92800,Iago Aspas,SUB,0,1.0,10,0.0,0.0,0.0,0.0,0.0,0.0,0.0,,0.0,0.0,1.0,0.0,0.0,0.0
401882912,2026-08-22,laliga,2026,14357,Espanyol,Real Madrid,1,179211,Marko Dmitrovic,G,1,1.0,13,0.0,0.0,0.0,2.0,,0.0,0.0,6.0,0.0,0.0,0.0,0.0,0.0,0.0
401882912,2026-08-22,laliga,2026,14357,Espanyol,Real Madrid,1,260902,Unai Núñez,CD-L,1,1.0,14,0.0,0.0,0.0,2.0,0.0,0.0,0.0,,0.0,0.0,0.0,0.0,0.0,0.0
401882912,2026-08-22,laliga,2026,14357,Espanyol,Real Madrid,1,323737,Clemens Riedel,CD-R,1,1.0,5,3.0,0.0,0.0,1.0,0.0,0.0,0.0,,0.0,1.0,0.0,0.0,1.0,1.0
401882912,2026-08-22,laliga,2026,14357,Espanyol,Real Madrid,1,401377,Roger Hinojo,LB,1,1.0,21,1.0,0.0,0.0,2.0,0.0,0.0,0.0,,0.0,0.0,0.0,0.0,0.0,0.0
401882912,2026-08-22,laliga,2026,14357,Espanyol,Real Madrid,1,310682,Omar El Hilali,RB,1,1.0,23,4.0,0.0,0.0,2.0,1.0,0.0,0.0,,0.0,0.0,0.0,0.0,0.0,0.0
401882912,2026-08-22,laliga,2026,14357,Espanyol,Real Madrid,1,255272,Edu Expósito,CM-L,1,1.0,8,1.0,0.0,0.0,1.0,0.0,0.0,0.0,,0.0,1.0,0.0,0.0,3.0,1.0
401882912,2026-08-22,laliga,2026,14357,Espanyol,Real Madrid,1,307915,Urko Gonzalez,CM-R,1,1.0,4,0.0,1.0,0.0,1.0,0.0,0.0,0.0,,0.0,0.0,0.0,0.0,0.0,0.0
401882912,2026-08-22,laliga,2026,14357,Espanyol,Real Madrid,1,306520,Tyrhys Dolan,LM,1,1.0,24,2.0,1.0,0.0,2.0,1.0,0.0,0.0,,0.0,0.0,0.0,0.0,0.0,0.0
401882912,2026-08-22,laliga,2026,14357,Espanyol,Real Madrid,1,355902,Cala,RM,1,1.0,22,3.0,0.0,0.0,1.0,0.0,0.0,0.0,,0.0,1.0,0.0,1.0,2.0,1.0
401882912,2026-08-22,laliga,2026,14357,Espanyol,Real Madrid,1,367946,Javi Hernandez,CF-L,1,1.0,28,2.0,2.0,1.0,1.0,0.0,0.0,0.0,,0.0,0.0,0.0,0.0,0.0,0.0
401882912,2026-08-22,laliga,2026,14357,Espanyol,Real Madrid,1,318773,Roberto Fernández,CF-R,1,1.0,9,2.0,1.0,0.0,2.0,0.0,0.0,0.0,,0.0,0.0,0.0,0.0,2.0,0.0
401882912,2026-08-22,laliga,2026,14357,Espanyol,Real Madrid,1,307270,Jofre Carreras,SUB,0,1.0,17,0.0,0.0,0.0,1.0,0.0,0.0,0.0,,0.0,0.0,1.0,0.0,0.0,0.0
401882912,2026-08-22,laliga,2026,14357,Espanyol,Real Madrid,1,383900,Rafael Bauza,SUB,0,1.0,26,0.0,1.0,0.0,1.0,0.0,0.0,0.0,,0.0,0.0,1.0,0.0,0.0,0.0
401882912,2026-08-22,laliga,2026,14357,Espanyol,Real Madrid,1,307419,Ángel Fortuño,SUB,0,0.0,1,0.0,0.0,0.0,0.0,,0.0,0.0,0.0,0.0,0.0,0.0,0.0,0.0,0.0
401882912,2026-08-22,laliga,2026,14357,Espanyol,Real Madrid,1,277314,Vanja Drkusic,SUB,0,1.0,16,1.0,0.0,0.0,1.0,0.0,0.0,0.0,,0.0,0.0,1.0,0.0,0.0,0.0
401882912,2026-08-22,laliga,2026,14357,Espanyol,Real Madrid,1,196914,Pere Milla,SUB,0,1.0,11,0.0,0.0,0.0,1.0,1.0,0.0,0.0,,0.0,0.0,1.0,0.0,0.0,1.0
401882912,2026-08-22,laliga,2026,14357,Espanyol,Real Madrid,1,354621,Marcos Fernández,SUB,0,0.0,18,0.0,0.0,0.0,0.0,0.0,0.0,0.0,,0.0,0.0,0.0,0.0,0.0,0.0
401882912,2026-08-22,laliga,2026,14357,Espanyol,Real Madrid,1,346210,Quilindschy Hartman,SUB,0,0.0,3,0.0,0.0,0.0,0.0,0.0,0.0,0.0,,0.0,0.0,0.0,0.0,0.0,0.0
401882912,2026-08-22,laliga,2026,14357,Espanyol,Real Madrid,1,381681,Llorenç Serred,SUB,0,0.0,31,0.0,0.0,0.0,0.0,,0.0,0.0,0.0,0.0,0.0,0.0,0.0,0.0,0.0
401882912,2026-08-22,laliga,2026,14357,Espanyol,Real Madrid,1,420443,Adama Timera,SUB,0,0.0,27,0.0,0.0,0.0,0.0,0.0,0.0,0.0,,0.0,0.0,0.0,0.0,0.0,0.0
401882912,2026-08-22,laliga,2026,14357,Espanyol,Real Madrid,1,397289,José Ángel López,SUB,0,0.0,32,0.0,0.0,0.0,0.0,0.0,0.0,0.0,,0.0,0.0,0.0,0.0,0.0,0.0
401882912,2026-08-22,laliga,2026,14357,Espanyol,Real Madrid,1,361468,Gabriel Moscardo,SUB,0,0.0,20,0.0,0.0,0.0,0.0,0.0,0.0,0.0,,0.0,0.0,0.0,0.0,0.0,0.0
401882912,2026-08-22,laliga,2026,14357,Espanyol,Real Madrid,1,260242,Pol Lozano,SUB,0,1.0,10,0.0,0.0,0.0,1.0,0.0,0.0,0.0,,0.0,0.0,1.0,0.0,0.0,1.0
401882912,2026-08-22,laliga,2026,14357,Real Madrid,Espanyol,0,134283,Thibaut Courtois,G,1,1.0,1,0.0,0.0,0.0,1.0,,0.0,0.0,2.0,0.0,0.0,0.0,0.0,0.0,0.0
401882912,2026-08-22,laliga,2026,14357,Real Madrid,Espanyol,0,356000,Dean Huijsen,CD-L,1,1.0,4,0.0,1.0,0.0,1.0,0.0,0.0,0.0,,0.0,0.0,0.0,0.0,1.0,0.0
401882912,2026-08-22,laliga,2026,14357,Real Madrid,Espanyol,0,251634,Ibrahima Konaté,CD-R,1,1.0,16,0.0,1.0,0.0,1.0,0.0,0.0,0.0,,0.0,1.0,0.0,0.0,1.0,0.0
401882912,2026-08-22,laliga,2026,14357,Real Madrid,Espanyol,0,310637,Álvaro Carreras,LB,1,1.0,18,0.0,1.0,0.0,1.0,0.0,0.0,0.0,,0.0,0.0,0.0,0.0,0.0,0.0
401882912,2026-08-22,laliga,2026,14357,Real Madrid,Espanyol,0,213248,Denzel Dumfries,RB,1,1.0,24,1.0,1.0,0.0,1.0,0.0,0.0,0.0,,0.0,1.0,0.0,0.0,4.0,0.0
401882912,2026-08-22,laliga,2026,14357,Real Madrid,Espanyol,0,291281,Jude Bellingham,AM,1,1.0,5,0.0,0.0,0.0,1.0,0.0,0.0,0.0,,0.0,2.0,0.0,1.0,2.0,0.0
401882912,2026-08-22,laliga,2026,14357,Real Madrid,Espanyol,0,235818,Federico Valverde,LM,1,1.0,8,1.0,0.0,0.0,1.0,0.0,0.0,0.0,,0.0,0.0,0.0,0.0,1.0,0.0
401882912,2026-08-22,laliga,2026,14357,Real Madrid,Espanyol,0,199833,Bernardo Silva,RM,1,1.0,20,3.0,0.0,0.0,1.0,0.0,0.0,0.0,,0.0,0.0,0.0,0.0,0.0,0.0
401882912,2026-08-22,laliga,2026,14357,Real Madrid,Espanyol,0,231388,Kylian Mbappé,F,1,1.0,10,0.0,2.0,0.0,1.0,0.0,0.0,0.0,,0.0,3.0,0.0,0.0,10.0,0.0
401882912,2026-08-22,laliga,2026,14357,Real Madrid,Espanyol,0,252107,Vinícius Júnior,AM-L,1,1.0,7,1.0,8.0,0.0,1.0,0.0,0.0,0.0,,0.0,0.0,0.0,0.0,1.0,1.0
401882912,2026-08-22,laliga,2026,14357,Real Madrid,Espanyol,0,310452,Arda Güler,AM-R,1,1.0,15,0.0,2.0,1.0,1.0,0.0,0.0,0.0,,0.0,0.0,0.0,0.0,0.0,0.0
401882912,2026-08-22,laliga,2026,14357,Real Madrid,Espanyol,0,330352,Mario Rivas,SUB,0,0.0,33,0.0,0.0,0.0,0.0,0.0,0.0,0.0,,0.0,0.0,0.0,0.0,0.0,0.0
401882912,2026-08-22,laliga,2026,14357,Real Madrid,Espanyol,0,285150,Eduardo Camavinga,SUB,0,1.0,6,1.0,0.0,0.0,0.0,0.0,0.0,0.0,,0.0,0.0,1.0,0.0,0.0,0.0
401882912,2026-08-22,laliga,2026,14357,Real Madrid,Espanyol,0,3117407,Alexis Ciria,SUB,0,0.0,36,0.0,0.0,0.0,0.0,0.0,0.0,0.0,,0.0,0.0,0.0,0.0,0.0,0.0
401882912,2026-08-22,laliga,2026,14357,Real Madrid,Espanyol,0,246532,Brahim Díaz,SUB,0,0.0,21,0.0,0.0,0.0,0.0,0.0,0.0,0.0,,0.0,0.0,0.0,0.0,0.0,0.0
401882912,2026-08-22,laliga,2026,14357,Real Madrid,Espanyol,0,223532,Trent Alexander-Arnold,SUB,0,1.0,12,0.0,1.0,0.0,0.0,0.0,0.0,0.0,,0.0,0.0,1.0,0.0,0.0,0.0
401882912,2026-08-22,laliga,2026,14357,Real Madrid,Espanyol,0,380286,Carlos Espí,SUB,0,1.0,19,0.0,1.0,0.0,0.0,0.0,0.0,0.0,,0.0,1.0,1.0,1.0,1.0,0.0
401882912,2026-08-22,laliga,2026,14357,Real Madrid,Espanyol,0,415478,Jorge Cestero,SUB,0,0.0,29,0.0,0.0,0.0,0.0,0.0,0.0,0.0,,0.0,0.0,0.0,0.0,0.0,0.0
401882912,2026-08-22,laliga,2026,14357,Real Madrid,Espanyol,0,350351,Sergio Mestre,SUB,0,0.0,26,0.0,0.0,0.0,0.0,,0.0,0.0,0.0,0.0,0.0,0.0,0.0,0.0,0.0
401882912,2026-08-22,laliga,2026,14357,Real Madrid,Espanyol,0,257237,Andriy Lunin,SUB,0,0.0,13,0.0,0.0,0.0,0.0,,0.0,0.0,0.0,0.0,0.0,0.0,0.0,0.0,0.0
401882912,2026-08-22,laliga,2026,14357,Real Madrid,Espanyol,0,169438,Antonio Rüdiger,SUB,0,0.0,22,0.0,0.0,0.0,0.0,0.0,0.0,0.0,,0.0,0.0,0.0,0.0,0.0,0.0
401882912,2026-08-22,laliga,2026,14357,Real Madrid,Espanyol,0,402479,Yan Diomande,SUB,0,1.0,25,0.0,0.0,0.0,0.0,0.0,0.0,0.0,,0.0,0.0,1.0,0.0,0.0,0.0
401882912,2026-08-22,laliga,2026,14357,Real Madrid,Espanyol,0,259910,Marc Cucurella,SUB,0,1.0,17,0.0,0.0,0.0,0.0,0.0,0.0,0.0,,0.0,0.0,1.0,0.0,0.0,0.0
401882916,2026-08-22,laliga,2026,14357,Athletic Club,Sevilla,1,222375,Unai Simón,G,1,1.0,1,0.0,0.0,0.0,3.0,,0.0,0.0,2.0,0.0,0.0,0.0,0.0,0.0,0.0
401882916,2026-08-22,laliga,2026,14357,Athletic Club,Sevilla,1,308254,Aitor Paredes,CD-L,1,1.0,4,0.0,1.0,0.0,3.0,0.0,0.0,0.0,,0.0,1.0,0.0,1.0,1.0,0.0
401882916,2026-08-22,laliga,2026,14357,Athletic Club,Sevilla,1,217225,Yeray,CD-R,1,1.0,5,1.0,0.0,1.0,3.0,0.0,0.0,0.0,,0.0,0.0,0.0,0.0,2.0,0.0
401882916,2026-08-22,laliga,2026,14357,Athletic Club,Sevilla,1,133768,Yuri Berchiche,LB,1,1.0,17,1.0,0.0,0.0,0.0,0.0,0.0,1.0,,0.0,0.0,0.0,0.0,0.0,0.0
401882916,2026-08-22,laliga,2026,14357,Athletic Club,Sevilla,1,300876,Jesús Areso,RB,1,1.0,12,2.0,1.0,0.0,3.0,0.0,0.0,0.0,,0.0,0.0,0.0,0.0,1.0,0.0
401882916,2026-08-22,laliga,2026,14357,Athletic Club,Sevilla,1,291616,Oihan Sancet,AM,1,1.0,8,0.0,3.0,0.0,3.0,0.0,0.0,0.0,,0.0,1.0,0.0,0.0,3.0,0.0
401882916,2026-08-22,laliga,2026,14357,Athletic Club,Sevilla,1,388805,Peio Canales,LM,1,1.0,28,1.0,3.0,0.0,3.0,0.0,0.0,0.0,,0.0,2.0,0.0,0.0,3.0,0.0
401882916,2026-08-22,laliga,2026,14357,Athletic Club,Sevilla,1,388803,Beñat Gerenabarrena,RM,1,1.0,24,5.0,2.0,0.0,3.0,0.0,0.0,0.0,,0.0,1.0,0.0,0.0,1.0,0.0
401882916,2026-08-22,laliga,2026,14357,Athletic Club,Sevilla,1,231905,Gorka Guruzeta,F,1,1.0,11,0.0,2.0,0.0,3.0,0.0,0.0,0.0,,0.0,0.0,0.0,0.0,2.0,1.0
401882916,2026-08-22,laliga,2026,14357,Athletic Club,Sevilla,1,209579,Álex Berenguer,AM-L,1,1.0,7,1.0,1.0,0.0,3.0,0.0,0.0,0.0,,0.0,1.0,0.0,0.0,2.0,0.0
401882916,2026-08-22,laliga,2026,14357,Athletic Club,Sevilla,1,214412,Iñaki Williams,AM-R,1,1.0,9,0.0,1.0,0.0,3.0,0.0,0.0,0.0,,0.0,2.0,0.0,0.0,2.0,0.0
401882916,2026-08-22,laliga,2026,14357,Athletic Club,Sevilla,1,362572,Hugo Rincón,SUB,0,1.0,15,0.0,1.0,0.0,0.0,0.0,0.0,0.0,,0.0,0.0,1.0,0.0,0.0,0.0
401882916,2026-08-22,laliga,2026,14357,Athletic Club,Sevilla,1,379707,Adama Boiro,SUB,0,0.0,19,0.0,0.0,0.0,0.0,0.0,0.0,0.0,,0.0,0.0,0.0,0.0,0.0,0.0
401882916,2026-08-22,laliga,2026,14357,Athletic Club,Sevilla,1,276996,Robert Navarro,SUB,0,0.0,23,0.0,0.0,0.0,0.0,0.0,0.0,0.0,,0.0,0.0,0.0,0.0,0.0,0.0
401882916,2026-08-22,laliga,2026,14357,Athletic Club,Sevilla,1,333214,Johaneko Louis Jean,SUB,0,0.0,31,0.0,0.0,0.0,0.0,0.0,0.0,0.0,,0.0,0.0,0.0,0.0,0.0,0.0
401882916,2026-08-22,laliga,2026,14357,Athletic Club,Sevilla,1,157708,Iñigo Ruiz de Galarreta,SUB,0,1.0,16,0.0,0.0,0.0,0.0,0.0,0.0,0.0,,0.0,0.0,1.0,0.0,0.0,1.0
401882916,2026-08-22,laliga,2026,14357,Athletic Club,Sevilla,1,403371,Alejandro Rego,SUB,0,0.0,20,0.0,0.0,0.0,0.0,0.0,0.0,0.0,,0.0,0.0,0.0,0.0,0.0,0.0
401882916,2026-08-22,laliga,2026,14357,Athletic Club,Sevilla,1,393762,Maroan Sannadi,SUB,0,1.0,21,0.0,1.0,0.0,0.0,0.0,0.0,0.0,,0.0,0.0,1.0,0.0,0.0,0.0
401882916,2026-08-22,laliga,2026,14357,Athletic Club,Sevilla,1,377792,Mikel Jauregizar,SUB,0,0.0,18,0.0,0.0,0.0,0.0,0.0,0.0,0.0,,0.0,0.0,0.0,0.0,0.0,0.0
401882916,2026-08-22,laliga,2026,14357,Athletic Club,Sevilla,1,347033,Álvaro Djaló,SUB,0,0.0,25,0.0,0.0,0.0,0.0,0.0,0.0,0.0,,0.0,0.0,0.0,0.0,0.0,0.0
401882916,2026-08-22,laliga,2026,14357,Athletic Club,Sevilla,1,159317,Aymeric Laporte,SUB,0,1.0,14,0.0,0.0,0.0,0.0,0.0,0.0,0.0,,0.0,0.0,1.0,0.0,0.0,0.0
401882916,2026-08-22,laliga,2026,14357,Athletic Club,Sevilla,1,347411,Álex Padilla,SUB,0,0.0,13,0.0,0.0,0.0,0.0,,0.0,0.0,0.0,0.0,0.0,0.0,0.0,0.0,0.0
401882916,2026-08-22,laliga,2026,14357,Athletic Club,Sevilla,1,312146,Nico Williams,SUB,0,1.0,10,0.0,0.0,0.0,0.0,0.0,0.0,0.0,,0.0,0.0,1.0,0.0,1.0,0.0
401882916,2026-08-22,laliga,2026,14357,Sevilla,Athletic Club,0,159135,Odisseas Vlachodimos,G,1,1.0,1,0.0,0.0,0.0,1.0,,0.0,0.0,6.0,0.0,0.0,0.0,0.0,0.0,0.0
401882916,2026-08-22,laliga,2026,14357,Sevilla,Athletic Club,0,332246,Andrés Castrín,CD-L,1,1.0,5,0.0,0.0,0.0,1.0,0.0,0.0,0.0,,0.0,0.0,0.0,0.0,0.0,0.0
401882916,2026-08-22,laliga,2026,14357,Sevilla,Athletic Club,0,304213,Arouna Sangante,CD-R,1,1.0,12,2.0,0.0,0.0,0.0,0.0,0.0,0.0,,0.0,0.0,0.0,0.0,0.0,0.0
401882916,2026-08-22,laliga,2026,14357,Sevilla,Athletic Club,0,222037,Gabriel Suazo,LB,1,1.0,17,0.0,0.0,0.0,1.0,0.0,0.0,0.0,,0.0,0.0,0.0,0.0,0.0,0.0
401882916,2026-08-22,laliga,2026,14357,Sevilla,Athletic Club,0,279738,Juan Iglesias,RB,1,1.0,2,0.0,2.0,0.0,1.0,0.0,0.0,0.0,,0.0,1.0,0.0,0.0,1.0,0.0
401882916,2026-08-22,laliga,2026,14357,Sevilla,Athletic Club,0,347359,Peque,AM,1,1.0,10,2.0,1.0,0.0,0.0,3.0,0.0,0.0,,0.0,0.0,0.0,0.0,1.0,1.0
401882916,2026-08-22,laliga,2026,14357,Sevilla,Athletic Club,0,254320,Jon Guridi,LM,1,1.0,18,1.0,1.0,0.0,0.0,0.0,0.0,0.0,,0.0,0.0,0.0,0.0,0.0,1.0
401882916,2026-08-22,laliga,2026,14357,Sevilla,Athletic Club,0,282289,Lucien Agoumé,RM,1,1.0,6,4.0,0.0,0.0,1.0,0.0,0.0,0.0,,0.0,0.0,0.0,0.0,0.0,0.0
401882916,2026-08-22,laliga,2026,14357,Sevilla,Athletic Club,0,322993,Robbie Ure,F,1,1.0,9,1.0,1.0,0.0,1.0,0.0,0.0,0.0,,0.0,0.0,0.0,0.0,0.0,0.0
401882916,2026-08-22,laliga,2026,14357,Sevilla,Athletic Club,0,377782,Oso,AM-L,1,1.0,19,0.0,2.0,1.0,1.0,0.0,0.0,0.0,,0.0,1.0,0.0,1.0,2.0,0.0
401882916,2026-08-22,laliga,2026,14357,Sevilla,Athletic Club,0,375514,Miguel Sierra,AM-R,1,1.0,30,0.0,1.0,0.0,0.0,0.0,0.0,0.0,,0.0,0.0,0.0,0.0,1.0,1.0
401882916,2026-08-22,laliga,2026,14357,Sevilla,Athletic Club,0,415742,Iker Ortín,SUB,0,0.0,34,0.0,0.0,0.0,0.0,0.0,0.0,0.0,,0.0,0.0,0.0,0.0,0.0,0.0
401882916,2026-08-22,laliga,2026,14357,Sevilla,Athletic Club,0,365821,Isaac Romero,SUB,0,1.0,16,0.0,1.0,1.0,1.0,0.0,0.0,0.0,,0.0,1.0,1.0,1.0,1.0,1.0
401882916,2026-08-22,laliga,2026,14357,Sevilla,Athletic Club,0,119332,Rafael Romero,SUB,0,0.0,33,0.0,0.0,0.0,0.0,,0.0,0.0,0.0,0.0,0.0,0.0,0.0,0.0,0.0
401882916,2026-08-22,laliga,2026,14357,Sevilla,Athletic Club,0,387493,Julio Díaz,SUB,0,1.0,3,0.0,0.0,0.0,0.0,0.0,0.0,0.0,,0.0,0.0,1.0,0.0,0.0,0.0
401882916,2026-08-22,laliga,2026,14357,Sevilla,Athletic Club,0,362874,Fran González,SUB,0,0.0,13,0.0,0.0,0.0,0.0,,0.0,0.0,0.0,0.0,0.0,0.0,0.0,0.0,0.0
401882916,2026-08-22,laliga,2026,14357,Sevilla,Athletic Club,0,258923,Giorgi Kochorashvili,SUB,0,0.0,8,0.0,0.0,0.0,0.0,0.0,0.0,0.0,,0.0,0.0,0.0,0.0,0.0,0.0
401882916,2026-08-22,laliga,2026,14357,Sevilla,Athletic Club,0,371543,Ibrahima Sow,SUB,0,0.0,37,0.0,0.0,0.0,0.0,0.0,0.0,0.0,,0.0,0.0,0.0,0.0,0.0,0.0
401882916,2026-08-22,laliga,2026,14357,Sevilla,Athletic Club,0,356228,Manu Bueno,SUB,0,0.0,28,0.0,0.0,0.0,0.0,0.0,0.0,0.0,,0.0,0.0,0.0,0.0,0.0,0.0
401882916,2026-08-22,laliga,2026,14357,Sevilla,Athletic Club,0,250508,José Ángel Carmona,SUB,0,1.0,22,1.0,0.0,0.0,1.0,0.0,0.0,0.0,,0.0,0.0,1.0,0.0,0.0,0.0
401882916,2026-08-22,laliga,2026,14357,Sevilla,Athletic Club,0,254270,Chidera Ejuke,SUB,0,1.0,21,1.0,0.0,0.0,1.0,0.0,0.0,0.0,,0.0,1.0,1.0,1.0,1.0,0.0
401882916,2026-08-22,laliga,2026,14357,Sevilla,Athletic Club,0,422137,Nico Guillén,SUB,0,1.0,27,4.0,1.0,0.0,1.0,0.0,0.0,0.0,,0.0,0.0,1.0,0.0,0.0,1.0
401882916,2026-08-22,laliga,2026,14357,Sevilla,Athletic Club,0,3131879,Manuel Ángel Castillo Rodríguez,SUB,0,0.0,26,0.0,0.0,0.0,0.0,0.0,0.0,0.0,,0.0,0.0,0.0,0.0,0.0,0.0
401882911,2026-08-23,laliga,2026,14357,Getafe,Racing Santander,1,196339,David Soria,G,1,1.0,13,0.0,2.0,0.0,0.0,,0.0,0.0,3.0,0.0,0.0,0.0,0.0,0.0,0.0
401882911,2026-08-23,laliga,2026,14357,Getafe,Racing Santander,1,181355,Djené,CD,1,1.0,2,1.0,0.0,0.0,0.0,0.0,0.0,0.0,,0.0,0.0,0.0,0.0,0.0,0.0
401882911,2026-08-23,laliga,2026,14357,Getafe,Racing Santander,1,300111,Zaid Romero,CD-L,1,1.0,24,0.0,0.0,0.0,0.0,0.0,0.0,0.0,,0.0,0.0,0.0,0.0,0.0,0.0
401882911,2026-08-23,laliga,2026,14357,Getafe,Racing Santander,1,314403,Saba Sazonov,CD-R,1,1.0,4,3.0,2.0,0.0,0.0,0.0,0.0,0.0,,0.0,0.0,0.0,0.0,0.0,1.0
401882911,2026-08-23,laliga,2026,14357,Getafe,Racing Santander,1,307186,Francho Serrano,CM-L,1,1.0,16,1.0,0.0,0.0,0.0,0.0,0.0,0.0,,0.0,0.0,0.0,0.0,0.0,0.0
401882911,2026-08-23,laliga,2026,14357,Getafe,Racing Santander,1,309838,Ramón Terrats,CM-R,1,1.0,11,2.0,3.0,0.0,0.0,1.0,0.0,0.0,,0.0,0.0,0.0,0.0,4.0,0.0
401882911,2026-08-23,laliga,2026,14357,Getafe,Racing Santander,1,228424,Orel Mangala,AM,1,1.0,23,3.0,2.0,0.0,0.0,0.0,0.0,0.0,,0.0,0.0,0.0,0.0,1.0,0.0
401882911,2026-08-23,laliga,2026,14357,Getafe,Racing Santander,1,173247,Johan Mojica,LM,1,1.0,22,0.0,2.0,0.0,0.0,0.0,0.0,0.0,,0.0,0.0,0.0,0.0,0.0,0.0
401882911,2026-08-23,laliga,2026,14357,Getafe,Racing Santander,1,356080,Andrés García,RM,1,1.0,21,0.0,0.0,0.0,0.0,0.0,0.0,0.0,,0.0,0.0,0.0,0.0,2.0,0.0
401882911,2026-08-23,laliga,2026,14357,Getafe,Racing Santander,1,284854,Martín Satriano,CF-L,1,1.0,10,1.0,3.0,0.0,0.0,1.0,0.0,0.0,,0.0,0.0,0.0,0.0,2.0,0.0
401882911,2026-08-23,laliga,2026,14357,Getafe,Racing Santander,1,218122,Enes Ünal,CF-R,1,1.0,19,3.0,0.0,0.0,0.0,1.0,0.0,0.0,,0.0,1.0,0.0,1.0,3.0,0.0
401882911,2026-08-23,laliga,2026,14357,Getafe,Racing Santander,1,3124560,Ibra Drammeh,SUB,0,0.0,27,0.0,0.0,0.0,0.0,0.0,0.0,0.0,,0.0,0.0,0.0,0.0,0.0,0.0
401882911,2026-08-23,laliga,2026,14357,Getafe,Racing Santander,1,396387,Óscar López,SUB,0,0.0,30,0.0,0.0,0.0,0.0,0.0,0.0,0.0,,0.0,0.0,0.0,0.0,0.0,0.0
401882911,2026-08-23,laliga,2026,14357,Getafe,Racing Santander,1,344245,Jirí Letácek,SUB,0,0.0,1,0.0,0.0,0.0,0.0,,0.0,0.0,0.0,0.0,0.0,0.0,0.0,0.0,0.0
401882911,2026-08-23,laliga,2026,14357,Getafe,Racing Santander,1,359826,Sebastián Boselli,SUB,0,1.0,15,0.0,0.0,0.0,0.0,0.0,0.0,0.0,,0.0,0.0,1.0,0.0,0.0,0.0
401882911,2026-08-23,laliga,2026,14357,Getafe,Racing Santander,1,383912,Alberto Risco,SUB,0,1.0,28,0.0,0.0,0.0,0.0,0.0,0.0,0.0,,0.0,0.0,1.0,0.0,0.0,0.0
401882911,2026-08-23,laliga,2026,14357,Getafe,Racing Santander,1,277876,Abdel Abqar,SUB,0,1.0,5,0.0,0.0,0.0,0.0,0.0,0.0,0.0,,0.0,0.0,1.0,0.0,0.0,0.0
401882911,2026-08-23,laliga,2026,14357,Getafe,Racing Santander,1,406832,Davinchi,SUB,0,0.0,3,0.0,0.0,0.0,0.0,0.0,0.0,0.0,,0.0,0.0,0.0,0.0,0.0,0.0
401882911,2026-08-23,laliga,2026,14357,Getafe,Racing Santander,1,388898,Diego Ferrer,SUB,0,0.0,35,0.0,0.0,0.0,0.0,,0.0,0.0,0.0,0.0,0.0,0.0,0.0,0.0,0.0
401882911,2026-08-23,laliga,2026,14357,Getafe,Racing Santander,1,218793,Borja Mayoral,SUB,0,1.0,9,0.0,1.0,0.0,0.0,0.0,0.0,0.0,,0.0,0.0,1.0,0.0,0.0,0.0
401882911,2026-08-23,laliga,2026,14357,Getafe,Racing Santander,1,395479,Jean Ives Valou,SUB,0,0.0,26,0.0,0.0,0.0,0.0,0.0,0.0,0.0,,0.0,0.0,0.0,0.0,0.0,0.0
401882911,2026-08-23,laliga,2026,14357,Getafe,Racing Santander,1,394958,Curro Burgos,SUB,0,0.0,29,0.0,0.0,0.0,0.0,0.0,0.0,0.0,,0.0,0.0,0.0,0.0,0.0,0.0
401882911,2026-08-23,laliga,2026,14357,Racing Santander,Getafe,0,323970,Julen Agirrezabala,G,1,1.0,13,0.0,2.0,0.0,1.0,,0.0,0.0,0.0,0.0,0.0,0.0,0.0,0.0,0.0
401882911,2026-08-23,laliga,2026,14357,Racing Santander,Getafe,0,282672,Pablo Ramon,CD-L,1,1.0,5,0.0,1.0,0.0,1.0,0.0,0.0,0.0,,0.0,0.0,0.0,0.0,0.0,0.0
401882911,2026-08-23,laliga,2026,14357,Racing Santander,Getafe,0,259839,Manu,CD-R,1,1.0,4,2.0,0.0,0.0,1.0,0.0,0.0,0.0,,0.0,0.0,0.0,0.0,1.0,1.0
401882911,2026-08-23,laliga,2026,14357,Racing Santander,Getafe,0,178237,Jorge Salinas,LB,1,1.0,17,1.0,1.0,0.0,1.0,0.0,0.0,0.0,,0.0,0.0,0.0,0.0,0.0,1.0
401882911,2026-08-23,laliga,2026,14357,Racing Santander,Getafe,0,300471,Alvaro Mantilla,RB,1,1.0,2,2.0,0.0,0.0,1.0,0.0,0.0,0.0,,0.0,0.0,0.0,0.0,0.0,1.0
401882911,2026-08-23,laliga,2026,14357,Racing Santander,Getafe,0,125383,Sergio Canales,AM,1,1.0,20,0.0,1.0,0.0,0.0,0.0,0.0,0.0,,0.0,1.0,0.0,0.0,1.0,0.0
401882911,2026-08-23,laliga,2026,14357,Racing Santander,Getafe,0,341736,Gustavo Puerta,LM,1,1.0,8,5.0,4.0,0.0,1.0,0.0,0.0,0.0,,0.0,0.0,0.0,0.0,0.0,0.0
401882911,2026-08-23,laliga,2026,14357,Racing Santander,Getafe,0,409318,Sergio Martínez,RM,1,1.0,36,0.0,1.0,0.0,0.0,0.0,0.0,0.0,,0.0,0.0,0.0,0.0,0.0,0.0
401882911,2026-08-23,laliga,2026,14357,Racing Santander,Getafe,0,222365,Asier Villalibre,F,1,1.0,12,0.0,1.0,0.0,0.0,0.0,0.0,0.0,,0.0,0.0,0.0,0.0,0.0,0.0
401882911,2026-08-23,laliga,2026,14357,Racing Santander,Getafe,0,284699,Iñigo Vicente,AM-L,1,1.0,10,1.0,2.0,0.0,1.0,0.0,0.0,0.0,,0.0,0.0,0.0,0.0,1.0,0.0
401882911,2026-08-23,laliga,2026,14357,Racing Santander,Getafe,0,3141,Andrés Martín,AM-R,1,1.0,11,1.0,0.0,0.0,1.0,1.0,0.0,0.0,,0.0,2.0,0.0,0.0,3.0,0.0
401882911,2026-08-23,laliga,2026,14357,Racing Santander,Getafe,0,330545,Iván Martín,SUB,0,1.0,23,0.0,0.0,0.0,1.0,0.0,0.0,0.0,,0.0,0.0,1.0,0.0,0.0,0.0
401882911,2026-08-23,laliga,2026,14357,Racing Santander,Getafe,0,421199,Carlos Sánchez,SUB,0,0.0,30,0.0,0.0,0.0,0.0,0.0,0.0,0.0,,0.0,0.0,0.0,0.0,0.0,0.0
401882911,2026-08-23,laliga,2026,14357,Racing Santander,Getafe,0,3100788,Hugo Pérez Sañudo,SUB,0,0.0,38,0.0,0.0,0.0,0.0,0.0,0.0,0.0,,0.0,0.0,0.0,0.0,0.0,0.0
401882911,2026-08-23,laliga,2026,14357,Racing Santander,Getafe,0,414075,Andrés Vallecillo,SUB,0,0.0,29,0.0,0.0,0.0,0.0,0.0,0.0,0.0,,0.0,0.0,0.0,0.0,0.0,0.0
401882911,2026-08-23,laliga,2026,14357,Racing Santander,Getafe,0,279699,Íñigo Sainz,SUB,0,0.0,6,0.0,0.0,0.0,0.0,0.0,0.0,0.0,,0.0,0.0,0.0,0.0,0.0,0.0
401882911,2026-08-23,laliga,2026,14357,Racing Santander,Getafe,0,334268,Juan Carlos Arana,SUB,0,1.0,9,1.0,0.0,0.0,0.0,0.0,0.0,0.0,,0.0,0.0,1.0,0.0,0.0,0.0
401882911,2026-08-23,laliga,2026,14357,Racing Santander,Getafe,0,390389,Yassir Zabiri,SUB,0,1.0,21,1.0,0.0,0.0,1.0,1.0,0.0,0.0,,0.0,0.0,1.0,0.0,0.0,0.0
401882911,2026-08-23,laliga,2026,14357,Racing Santander,Getafe,0,3128976,Jorge Castellanos Del Olmo,SUB,0,0.0,33,0.0,0.0,0.0,0.0,0.0,0.0,0.0,,0.0,0.0,0.0,0.0,0.0,0.0
401882911,2026-08-23,laliga,2026,14357,Racing Santander,Getafe,0,400222,Simon Eriksson,SUB,0,0.0,1,0.0,0.0,0.0,0.0,,0.0,0.0,0.0,0.0,0.0,0.0,0.0,0.0,0.0
401882911,2026-08-23,laliga,2026,14357,Racing Santander,Getafe,0,396027,Diego Diaz,SUB,0,0.0,34,0.0,0.0,0.0,0.0,0.0,0.0,0.0,,0.0,0.0,0.0,0.0,0.0,0.0
401882911,2026-08-23,laliga,2026,14357,Racing Santander,Getafe,0,342654,Maguette Gueye,SUB,0,1.0,14,2.0,0.0,0.0,1.0,0.0,0.0,0.0,,0.0,0.0,1.0,0.0,0.0,0.0
401882911,2026-08-23,laliga,2026,14357,Racing Santander,Getafe,0,367499,Facundo González,SUB,0,1.0,16,1.0,0.0,0.0,0.0,0.0,0.0,0.0,,0.0,0.0,1.0,0.0,0.0,0.0
401882913,2026-08-23,laliga,2026,14357,Elche,Barcelona,1,173749,Matías Dituro,G,1,1.0,1,0.0,0.0,0.0,5.0,,0.0,0.0,2.0,0.0,0.0,0.0,0.0,0.0,0.0
401882913,2026-08-23,laliga,2026,14357,Elche,Barcelona,1,318181,Federico Redondo,CD,1,1.0,5,0.0,1.0,0.0,5.0,0.0,0.0,0.0,,0.0,0.0,0.0,0.0,0.0,0.0
401882913,2026-08-23,laliga,2026,14357,Elche,Barcelona,1,265995,Víctor Chust,CD-L,1,1.0,23,2.0,0.0,0.0,5.0,0.0,0.0,0.0,,0.0,0.0,0.0,0.0,0.0,0.0
401882913,2026-08-23,laliga,2026,14357,Elche,Barcelona,1,313230,David Affengruber,CD-R,1,1.0,22,0.0,0.0,0.0,5.0,0.0,0.0,0.0,,0.0,0.0,0.0,0.0,1.0,0.0
401882913,2026-08-23,laliga,2026,14357,Elche,Barcelona,1,297358,Germán Valera,LB,1,1.0,11,0.0,0.0,0.0,5.0,1.0,0.0,0.0,,0.0,0.0,0.0,0.0,0.0,0.0
401882913,2026-08-23,laliga,2026,14357,Elche,Barcelona,1,371608,Buba Sangaré,RB,1,1.0,2,2.0,0.0,0.0,5.0,1.0,0.0,0.0,,0.0,0.0,0.0,0.0,0.0,0.0
401882913,2026-08-23,laliga,2026,14357,Elche,Barcelona,1,301406,Marc Aguado,CM-L,1,1.0,8,1.0,1.0,0.0,2.0,0.0,0.0,0.0,,0.0,0.0,0.0,0.0,0.0,0.0
401882913,2026-08-23,laliga,2026,14357,Elche,Barcelona,1,273424,Gonzalo Villar,CM-R,1,1.0,12,3.0,3.0,0.0,5.0,0.0,0.0,0.0,,0.0,0.0,0.0,0.0,0.0,0.0
401882913,2026-08-23,laliga,2026,14357,Elche,Barcelona,1,376156,Ali Houary,LM,1,1.0,29,1.0,0.0,0.0,2.0,1.0,0.0,0.0,,0.0,0.0,0.0,0.0,1.0,1.0
401882913,2026-08-23,laliga,2026,14357,Elche,Barcelona,1,259916,José Antonio Morente,RM,1,1.0,20,2.0,1.0,0.0,2.0,0.0,0.0,0.0,,0.0,0.0,0.0,0.0,0.0,0.0
401882913,2026-08-23,laliga,2026,14357,Elche,Barcelona,1,301684,Fer Niño,F,1,1.0,14,1.0,2.0,0.0,3.0,0.0,0.0,0.0,,0.0,0.0,0.0,0.0,0.0,0.0
401882913,2026-08-23,laliga,2026,14357,Elche,Barcelona,1,167297,Pedro Bigas,SUB,0,1.0,6,0.0,0.0,0.0,0.0,0.0,0.0,0.0,,0.0,0.0,1.0,0.0,0.0,0.0
401882913,2026-08-23,laliga,2026,14357,Elche,Barcelona,1,194553,Ezequiel Ponce,SUB,0,1.0,9,0.0,2.0,0.0,2.0,0.0,0.0,0.0,,0.0,1.0,1.0,0.0,1.0,0.0
401882913,2026-08-23,laliga,2026,14357,Elche,Barcelona,1,340677,Martim Neto,SUB,0,1.0,16,0.0,0.0,0.0,3.0,0.0,0.0,0.0,,0.0,0.0,1.0,0.0,1.0,0.0
401882913,2026-08-23,laliga,2026,14357,Elche,Barcelona,1,320648,Lucas Cepeda,SUB,0,1.0,21,1.0,1.0,0.0,3.0,0.0,0.0,0.0,,0.0,0.0,1.0,0.0,1.0,0.0
401882913,2026-08-23,laliga,2026,14357,Elche,Barcelona,1,3129647,Álvaro Padilla Escribá,SUB,0,0.0,30,0.0,0.0,0.0,0.0,0.0,0.0,0.0,,0.0,0.0,0.0,0.0,0.0,0.0
401882913,2026-08-23,laliga,2026,14357,Elche,Barcelona,1,214330,Josan,SUB,0,0.0,17,0.0,0.0,0.0,0.0,0.0,0.0,0.0,,0.0,0.0,0.0,0.0,0.0,0.0
401882913,2026-08-23,laliga,2026,14357,Elche,Barcelona,1,402185,Umaru,SUB,0,0.0,36,0.0,0.0,0.0,0.0,0.0,0.0,0.0,,0.0,0.0,0.0,0.0,0.0,0.0
401882913,2026-08-23,laliga,2026,14357,Elche,Barcelona,1,421310,Javier Morcillo,SUB,0,0.0,47,0.0,0.0,0.0,0.0,0.0,0.0,0.0,,0.0,0.0,0.0,0.0,0.0,0.0
401882913,2026-08-23,laliga,2026,14357,Elche,Barcelona,1,330433,Alejandro Iturbe,SUB,0,0.0,43,0.0,0.0,0.0,0.0,,0.0,0.0,0.0,0.0,0.0,0.0,0.0,0.0,0.0
401882913,2026-08-23,laliga,2026,14357,Elche,Barcelona,1,242739,Grady Diangana,SUB,0,0.0,19,0.0,0.0,0.0,0.0,0.0,0.0,0.0,,0.0,0.0,0.0,0.0,0.0,0.0
401882913,2026-08-23,laliga,2026,14357,Elche,Barcelona,1,318284,Facundo Buonanotte,SUB,0,1.0,10,0.0,0.0,0.0,3.0,0.0,0.0,0.0,,0.0,1.0,1.0,0.0,2.0,0.0
401882913,2026-08-23,laliga,2026,14357,Elche,Barcelona,1,389448,Matia Barzic,SUB,0,0.0,26,0.0,0.0,0.0,0.0,0.0,0.0,0.0,,0.0,0.0,0.0,0.0,0.0,0.0
401882913,2026-08-23,laliga,2026,14357,Barcelona,Elche,0,297362,Joan García,G,1,1.0,1,0.0,0.0,0.0,0.0,,0.0,0.0,2.0,0.0,0.0,0.0,0.0,0.0,0.0
401882913,2026-08-23,laliga,2026,14357,Barcelona,Elche,0,312015,Gerard Martín,CD-L,1,1.0,18,0.0,1.0,0.0,0.0,0.0,0.0,0.0,,0.0,0.0,0.0,0.0,0.0,0.0
401882913,2026-08-23,laliga,2026,14357,Barcelona,Elche,0,186430,Andreas Christensen,CD-R,1,1.0,15,3.0,0.0,0.0,0.0,0.0,0.0,0.0,,0.0,0.0,0.0,0.0,0.0,0.0
401882913,2026-08-23,laliga,2026,14357,Barcelona,Elche,0,403582,Xavi Espart,LB,1,1.0,36,1.0,0.0,1.0,0.0,0.0,0.0,0.0,,0.0,0.0,0.0,0.0,0.0,0.0
401882913,2026-08-23,laliga,2026,14357,Barcelona,Elche,0,128714,Eric García,RB,1,1.0,24,1.0,0.0,0.0,0.0,0.0,0.0,0.0,,0.0,0.0,0.0,0.0,0.0,0.0
401882913,2026-08-23,laliga,2026,14357,Barcelona,Elche,0,354334,Fermín López,AM,1,1.0,7,2.0,2.0,0.0,0.0,0.0,0.0,0.0,,0.0,2.0,0.0,2.0,2.0,0.0
401882913,2026-08-23,laliga,2026,14357,Barcelona,Elche,0,323702,Gavi,LM,1,1.0,6,2.0,2.0,0.0,0.0,0.0,0.0,0.0,,0.0,0.0,0.0,0.0,0.0,0.0
401882913,2026-08-23,laliga,2026,14357,Barcelona,Elche,0,376423,Marc Bernal,RM,1,1.0,22,2.0,0.0,0.0,0.0,0.0,0.0,0.0,,0.0,0.0,0.0,0.0,1.0,0.0
401882913,2026-08-23,laliga,2026,14357,Barcelona,Elche,0,231050,Raphinha,F,1,1.0,11,0.0,1.0,1.0,0.0,1.0,0.0,0.0,,0.0,3.0,0.0,2.0,3.0,0.0
401882913,2026-08-23,laliga,2026,14357,Barcelona,Elche,0,274913,Karim Adeyemi,AM-L,1,1.0,14,0.0,2.0,0.0,0.0,0.0,0.0,0.0,,0.0,1.0,0.0,1.0,1.0,0.0
401882913,2026-08-23,laliga,2026,14357,Barcelona,Elche,0,362150,Lamine Yamal,AM-R,1,1.0,10,1.0,1.0,0.0,0.0,2.0,0.0,0.0,,0.0,0.0,0.0,0.0,2.0,0.0
401882913,2026-08-23,laliga,2026,14357,Barcelona,Elche,0,416511,Jordi Pesquer,SUB,0,0.0,33,0.0,0.0,0.0,0.0,0.0,0.0,0.0,,0.0,0.0,0.0,0.0,0.0,0.0
401882913,2026-08-23,laliga,2026,14357,Barcelona,Elche,0,268782,Anthony Gordon,SUB,0,1.0,17,0.0,1.0,2.0,0.0,0.0,0.0,0.0,,0.0,1.0,1.0,0.0,1.0,0.0
401882913,2026-08-23,laliga,2026,14357,Barcelona,Elche,0,368992,Pau Cubarsí,SUB,0,0.0,5,0.0,0.0,0.0,0.0,0.0,0.0,0.0,,0.0,0.0,0.0,0.0,0.0,0.0
401882913,2026-08-23,laliga,2026,14357,Barcelona,Elche,0,399200,Hamza Abdelkarim,SUB,0,0.0,29,0.0,0.0,0.0,0.0,0.0,0.0,0.0,,0.0,0.0,0.0,0.0,0.0,0.0
401882913,2026-08-23,laliga,2026,14357,Barcelona,Elche,0,403587,Eder Aller,SUB,0,0.0,31,0.0,0.0,0.0,0.0,,0.0,0.0,0.0,0.0,0.0,0.0,0.0,0.0,0.0
401882913,2026-08-23,laliga,2026,14357,Barcelona,Elche,0,250465,Pedri,SUB,0,1.0,8,0.0,0.0,0.0,0.0,0.0,0.0,0.0,,0.0,0.0,1.0,0.0,0.0,0.0
401882913,2026-08-23,laliga,2026,14357,Barcelona,Elche,0,131634,Wojciech Szczesny,SUB,0,0.0,13,0.0,0.0,0.0,0.0,,0.0,0.0,0.0,0.0,0.0,0.0,0.0,0.0,0.0
401882913,2026-08-23,laliga,2026,14357,Barcelona,Elche,0,231692,Jules Koundé,SUB,0,1.0,23,0.0,1.0,0.0,0.0,0.0,0.0,0.0,,0.0,0.0,1.0,0.0,0.0,0.0
401882913,2026-08-23,laliga,2026,14357,Barcelona,Elche,0,227765,Dani Olmo,SUB,0,1.0,20,0.0,1.0,0.0,0.0,0.0,0.0,0.0,,0.0,0.0,1.0,0.0,1.0,0.0
401882913,2026-08-23,laliga,2026,14357,Barcelona,Elche,0,403575,Brian Fariñas,SUB,0,0.0,28,0.0,0.0,0.0,0.0,0.0,0.0,0.0,,0.0,0.0,0.0,0.0,0.0,0.0
401882913,2026-08-23,laliga,2026,14357,Barcelona,Elche,0,300377,Álvaro Cortés,SUB,0,0.0,26,0.0,0.0,0.0,0.0,0.0,0.0,0.0,,0.0,0.0,0.0,0.0,0.0,0.0
401882913,2026-08-23,laliga,2026,14357,Barcelona,Elche,0,176399,João Cancelo,SUB,0,1.0,2,0.0,0.0,0.0,0.0,0.0,0.0,0.0,,0.0,0.0,1.0,0.0,0.0,0.0
401882915,2026-08-23,laliga,2026,14357,Atlético Madrid,Villarreal,1,149622,Jan Oblak,G,1,1.0,13,0.0,0.0,0.0,2.0,,0.0,0.0,4.0,0.0,0.0,0.0,0.0,0.0,0.0
401882915,2026-08-23,laliga,2026,14357,Atlético Madrid,Villarreal,1,257786,Dávid Hancko,CD-L,1,1.0,17,0.0,1.0,0.0,2.0,0.0,0.0,0.0,,0.0,0.0,0.0,0.0,0.0,0.0
401882915,2026-08-23,laliga,2026,14357,Atlético Madrid,Villarreal,1,214888,Robin Le Normand,CD-R,1,1.0,24,1.0,0.0,0.0,1.0,0.0,0.0,1.0,,0.0,0.0,0.0,0.0,0.0,0.0
401882915,2026-08-23,laliga,2026,14357,Atlético Madrid,Villarreal,1,166396,Alejandro Grimaldo,LB,1,1.0,22,1.0,0.0,0.0,2.0,0.0,0.0,0.0,,0.0,1.0,0.0,0.0,1.0,0.0
401882915,2026-08-23,laliga,2026,14357,Atlético Madrid,Villarreal,1,332613,Marc Pubill,RB,1,1.0,18,1.0,0.0,0.0,1.0,0.0,0.0,0.0,,0.0,1.0,0.0,1.0,1.0,0.0
401882915,2026-08-23,laliga,2026,14357,Atlético Madrid,Villarreal,1,274911,Morten Hjulmand,CM-L,1,1.0,23,1.0,2.0,0.0,2.0,0.0,0.0,0.0,,0.0,0.0,0.0,0.0,1.0,1.0
401882915,2026-08-23,laliga,2026,14357,Atlético Madrid,Villarreal,1,140791,Koke,CM-R,1,1.0,6,0.0,3.0,0.0,1.0,0.0,0.0,0.0,,0.0,0.0,0.0,0.0,1.0,0.0
401882915,2026-08-23,laliga,2026,14357,Atlético Madrid,Villarreal,1,74630,Rodrigo Mendoza,LM,1,1.0,4,1.0,1.0,0.0,0.0,0.0,0.0,0.0,,0.0,1.0,0.0,0.0,2.0,0.0
401882915,2026-08-23,laliga,2026,14357,Atlético Madrid,Villarreal,1,323838,Giuliano Simeone,RM,1,1.0,20,0.0,1.0,1.0,2.0,1.0,0.0,0.0,,0.0,1.0,0.0,1.0,4.0,0.0
401882915,2026-08-23,laliga,2026,14357,Atlético Madrid,Villarreal,1,274197,Lee Kang-In,CF-L,1,1.0,7,1.0,1.0,0.0,1.0,0.0,0.0,0.0,,0.0,0.0,0.0,0.0,6.0,0.0
401882915,2026-08-23,laliga,2026,14357,Atlético Madrid,Villarreal,1,229645,Ademola Lookman,CF-R,1,1.0,11,0.0,3.0,0.0,2.0,1.0,0.0,0.0,,0.0,0.0,0.0,0.0,1.0,0.0
401882915,2026-08-23,laliga,2026,14357,Atlético Madrid,Villarreal,1,177927,Juan Musso,SUB,0,0.0,1,0.0,0.0,0.0,0.0,,0.0,0.0,0.0,0.0,0.0,0.0,0.0,0.0,0.0
401882915,2026-08-23,laliga,2026,14357,Atlético Madrid,Villarreal,1,290802,Johnny Cardoso,SUB,0,0.0,5,0.0,0.0,0.0,0.0,0.0,0.0,0.0,,0.0,0.0,0.0,0.0,0.0,0.0
401882915,2026-08-23,laliga,2026,14357,Atlético Madrid,Villarreal,1,354378,Jorge Domínguez,SUB,0,0.0,27,0.0,0.0,0.0,0.0,0.0,0.0,0.0,,0.0,0.0,0.0,0.0,0.0,0.0
401882915,2026-08-23,laliga,2026,14357,Atlético Madrid,Villarreal,1,336634,Pablo Barrios,SUB,0,1.0,8,0.0,1.0,0.0,1.0,0.0,0.0,0.0,,0.0,0.0,1.0,0.0,0.0,0.0
401882915,2026-08-23,laliga,2026,14357,Atlético Madrid,Villarreal,1,324192,Carlos Martín,SUB,0,0.0,12,0.0,0.0,0.0,0.0,0.0,0.0,0.0,,0.0,0.0,0.0,0.0,0.0,0.0
401882915,2026-08-23,laliga,2026,14357,Atlético Madrid,Villarreal,1,277206,Julián Álvarez,SUB,0,1.0,19,0.0,0.0,0.0,1.0,0.0,0.0,0.0,,0.0,0.0,1.0,0.0,1.0,0.0
401882915,2026-08-23,laliga,2026,14357,Atlético Madrid,Villarreal,1,188398,José María Giménez,SUB,0,1.0,2,1.0,0.0,0.0,0.0,0.0,0.0,0.0,,0.0,0.0,1.0,0.0,0.0,1.0
401882915,2026-08-23,laliga,2026,14357,Atlético Madrid,Villarreal,1,184757,Jorge Castillo,SUB,0,0.0,46,0.0,0.0,0.0,0.0,0.0,0.0,0.0,,0.0,0.0,0.0,0.0,0.0,0.0
401882915,2026-08-23,laliga,2026,14357,Atlético Madrid,Villarreal,1,368593,Daniel Martinez,SUB,0,0.0,30,0.0,0.0,0.0,0.0,0.0,0.0,0.0,,0.0,0.0,0.0,0.0,0.0,0.0
401882915,2026-08-23,laliga,2026,14357,Atlético Madrid,Villarreal,1,297373,Álex Baena,SUB,0,1.0,10,3.0,0.0,1.0,2.0,1.0,0.0,0.0,,0.0,0.0,1.0,0.0,0.0,1.0
401882915,2026-08-23,laliga,2026,14357,Atlético Madrid,Villarreal,1,206474,Marcos Llorente,SUB,0,1.0,14,2.0,0.0,0.0,1.0,0.0,0.0,0.0,,0.0,0.0,1.0,0.0,1.0,0.0
401882915,2026-08-23,laliga,2026,14357,Atlético Madrid,Villarreal,1,328289,Arnau Ortiz,SUB,0,0.0,16,0.0,0.0,0.0,0.0,0.0,0.0,0.0,,0.0,0.0,0.0,0.0,0.0,0.0
401882915,2026-08-23,laliga,2026,14357,Villarreal,Atlético Madrid,0,307648,Luiz Júnior,G,1,1.0,1,0.0,0.0,0.0,2.0,,0.0,0.0,2.0,0.0,0.0,0.0,0.0,0.0,0.0
401882915,2026-08-23,laliga,2026,14357,Villarreal,Atlético Madrid,0,337011,Renato Veiga,CD-L,1,1.0,12,1.0,0.0,0.0,2.0,0.0,0.0,0.0,,0.0,0.0,0.0,0.0,0.0,0.0
401882915,2026-08-23,laliga,2026,14357,Villarreal,Atlético Madrid,0,242710,Juan Foyth,CD-R,1,1.0,8,0.0,0.0,0.0,2.0,0.0,0.0,0.0,,0.0,0.0,0.0,0.0,0.0,1.0
401882915,2026-08-23,laliga,2026,14357,Villarreal,Atlético Madrid,0,271904,Carlos Romero,LB,1,1.0,20,0.0,2.0,0.0,2.0,0.0,0.0,0.0,,0.0,0.0,0.0,0.0,0.0,0.0
401882915,2026-08-23,laliga,2026,14357,Villarreal,Atlético Madrid,0,318098,Santiago Mouriño,RB,1,1.0,15,2.0,0.0,0.0,2.0,0.0,0.0,0.0,,0.0,0.0,0.0,0.0,0.0,1.0
401882915,2026-08-23,laliga,2026,14357,Villarreal,Atlético Madrid,0,255889,Pape Gueye,CM-L,1,1.0,18,1.0,2.0,0.0,2.0,0.0,0.0,0.0,,0.0,0.0,0.0,0.0,2.0,0.0
401882915,2026-08-23,laliga,2026,14357,Villarreal,Atlético Madrid,0,240623,Santi Comesaña,CM-R,1,1.0,14,4.0,0.0,0.0,1.0,1.0,0.0,0.0,,0.0,0.0,0.0,0.0,0.0,0.0
401882915,2026-08-23,laliga,2026,14357,Villarreal,Atlético Madrid,0,307390,Alberto Moleiro,LM,1,1.0,10,1.0,1.0,0.0,1.0,0.0,0.0,0.0,,0.0,0.0,0.0,0.0,0.0,0.0
401882915,2026-08-23,laliga,2026,14357,Villarreal,Atlético Madrid,0,210397,Nicolas Pépé,RM,1,1.0,19,0.0,1.0,0.0,1.0,0.0,0.0,0.0,,0.0,1.0,0.0,0.0,2.0,0.0
401882915,2026-08-23,laliga,2026,14357,Villarreal,Atlético Madrid,0,300002,Georges Mikautadze,CF-L,1,1.0,9,0.0,1.0,0.0,1.0,0.0,0.0,0.0,,0.0,2.0,0.0,1.0,5.0,0.0
401882915,2026-08-23,laliga,2026,14357,Villarreal,Atlético Madrid,0,192133,Ayoze Pérez,CF-R,1,1.0,22,0.0,1.0,0.0,1.0,0.0,0.0,0.0,,0.0,1.0,0.0,0.0,1.0,0.0
401882915,2026-08-23,laliga,2026,14357,Villarreal,Atlético Madrid,0,271129,Logan Costa,SUB,0,0.0,2,0.0,0.0,0.0,0.0,0.0,0.0,0.0,,0.0,0.0,0.0,0.0,0.0,0.0
401882915,2026-08-23,laliga,2026,14357,Villarreal,Atlético Madrid,0,119620,Péter Gulácsi,SUB,0,0.0,25,0.0,0.0,0.0,0.0,,0.0,0.0,0.0,0.0,0.0,0.0,0.0,0.0,0.0
401882915,2026-08-23,laliga,2026,14357,Villarreal,Atlético Madrid,0,294039,Tani Oluwaseyi,SUB,0,1.0,21,0.0,0.0,0.0,1.0,0.0,0.0,0.0,,0.0,0.0,1.0,0.0,0.0,0.0
401882915,2026-08-23,laliga,2026,14357,Villarreal,Atlético Madrid,0,3101324,Nizar El Jmili Ben Hamou,SUB,0,0.0,27,0.0,0.0,0.0,0.0,0.0,0.0,0.0,,0.0,0.0,0.0,0.0,0.0,0.0
401882915,2026-08-23,laliga,2026,14357,Villarreal,Atlético Madrid,0,284769,Tajon Buchanan,SUB,0,1.0,17,1.0,3.0,0.0,1.0,0.0,0.0,0.0,,0.0,1.0,1.0,0.0,2.0,0.0
401882915,2026-08-23,laliga,2026,14357,Villarreal,Atlético Madrid,0,415438,Carlos Macià,SUB,0,1.0,26,0.0,0.0,0.0,1.0,0.0,0.0,0.0,,0.0,0.0,1.0,0.0,0.0,0.0
401882915,2026-08-23,laliga,2026,14357,Villarreal,Atlético Madrid,0,248276,Alex Freeman,SUB,0,0.0,3,0.0,0.0,0.0,0.0,0.0,0.0,0.0,,0.0,0.0,0.0,0.0,0.0,0.0
401882915,2026-08-23,laliga,2026,14357,Villarreal,Atlético Madrid,0,289072,Sergi Cardona,SUB,0,0.0,23,0.0,0.0,0.0,0.0,0.0,0.0,0.0,,0.0,0.0,0.0,0.0,0.0,0.0
401882915,2026-08-23,laliga,2026,14357,Villarreal,Atlético Madrid,0,3101325,Cheikh Ahmad Tidiane Thiam,SUB,0,0.0,30,0.0,0.0,0.0,0.0,0.0,0.0,0.0,,0.0,0.0,0.0,0.0,0.0,0.0
401882915,2026-08-23,laliga,2026,14357,Villarreal,Atlético Madrid,0,368878,Pau Navarro,SUB,0,0.0,6,0.0,0.0,0.0,0.0,0.0,0.0,0.0,,0.0,0.0,0.0,0.0,0.0,0.0
401882915,2026-08-23,laliga,2026,14357,Villarreal,Atlético Madrid,0,331047,Ilias Akhomach,SUB,0,1.0,11,1.0,1.0,0.0,1.0,0.0,0.0,0.0,,0.0,0.0,1.0,0.0,0.0,0.0
401882915,2026-08-23,laliga,2026,14357,Villarreal,Atlético Madrid,0,156172,Gerard Moreno,SUB,0,1.0,7,2.0,0.0,0.0,1.0,0.0,0.0,0.0,,0.0,1.0,1.0,1.0,1.0,0.0
401882909,2026-08-24,laliga,2026,14357,Osasuna,Levante,1,191360,Sergio Herrera,G,1,1.0,1,1.0,1.0,0.0,0.0,,0.0,0.0,1.0,0.0,0.0,0.0,0.0,0.0,1.0
401882909,2026-08-24,laliga,2026,14357,Osasuna,Levante,1,307019,Jorge Herrando,CD-L,1,1.0,5,2.0,1.0,0.0,0.0,0.0,0.0,0.0,,0.0,2.0,0.0,0.0,2.0,0.0
401882909,2026-08-24,laliga,2026,14357,Osasuna,Levante,1,264175,Alejandro Catena,CD-R,1,1.0,24,0.0,0.0,0.0,0.0,0.0,0.0,0.0,,0.0,0.0,0.0,0.0,0.0,0.0
401882909,2026-08-24,laliga,2026,14357,Osasuna,Levante,1,300284,Abel Bretones,LB,1,1.0,23,2.0,0.0,0.0,0.0,0.0,0.0,0.0,,0.0,0.0,0.0,0.0,0.0,0.0
401882909,2026-08-24,laliga,2026,14357,Osasuna,Levante,1,380918,Iñigo Arguibide,RB,1,1.0,27,0.0,0.0,0.0,0.0,2.0,0.0,0.0,,0.0,0.0,0.0,0.0,0.0,0.0
401882909,2026-08-24,laliga,2026,14357,Osasuna,Levante,1,359154,Iker Muñoz,CM-L,1,1.0,8,1.0,1.0,0.0,0.0,0.0,0.0,0.0,,0.0,0.0,0.0,0.0,0.0,0.0
401882909,2026-08-24,laliga,2026,14357,Osasuna,Levante,1,286176,Jon Moncayola,CM-R,1,1.0,7,1.0,0.0,0.0,0.0,0.0,0.0,0.0,,0.0,1.0,0.0,0.0,1.0,0.0
401882909,2026-08-24,laliga,2026,14357,Osasuna,Levante,1,169089,Moi Gómez,LM,1,1.0,16,0.0,2.0,0.0,0.0,0.0,0.0,0.0,,0.0,0.0,0.0,0.0,0.0,0.0
401882909,2026-08-24,laliga,2026,14357,Osasuna,Levante,1,178328,Rubén García,RM,1,1.0,14,1.0,0.0,0.0,0.0,0.0,0.0,0.0,,0.0,2.0,0.0,0.0,3.0,0.0
401882909,2026-08-24,laliga,2026,14357,Osasuna,Levante,1,288760,Aimar Oroz,CF-L,1,1.0,10,0.0,3.0,0.0,0.0,1.0,0.0,0.0,,0.0,0.0,0.0,0.0,1.0,0.0
401882909,2026-08-24,laliga,2026,14357,Osasuna,Levante,1,207288,Ante Budimir,CF-R,1,1.0,17,0.0,2.0,0.0,0.0,2.0,0.0,0.0,,0.0,2.0,0.0,0.0,4.0,0.0
401882909,2026-08-24,laliga,2026,14357,Osasuna,Levante,1,144759,Aitor Fernández,SUB,0,0.0,13,0.0,0.0,0.0,0.0,,0.0,0.0,0.0,0.0,0.0,0.0,0.0,0.0,0.0
401882909,2026-08-24,laliga,2026,14357,Osasuna,Levante,1,193943,Diego Rico,SUB,0,0.0,15,0.0,0.0,0.0,0.0,0.0,0.0,0.0,,0.0,0.0,0.0,0.0,0.0,0.0
401882909,2026-08-24,laliga,2026,14357,Osasuna,Levante,1,381628,Asier Osambela,SUB,0,0.0,29,0.0,0.0,0.0,0.0,0.0,0.0,0.0,,0.0,0.0,0.0,0.0,0.0,0.0
401882909,2026-08-24,laliga,2026,14357,Osasuna,Levante,1,170154,Lucas Torró,SUB,0,1.0,6,0.0,0.0,0.0,0.0,0.0,0.0,0.0,,0.0,0.0,1.0,0.0,0.0,0.0
401882909,2026-08-24,laliga,2026,14357,Osasuna,Levante,1,209580,Enrique Barja,SUB,0,1.0,11,1.0,0.0,0.0,0.0,0.0,0.0,0.0,,0.0,0.0,1.0,0.0,0.0,1.0
401882909,2026-08-24,laliga,2026,14357,Osasuna,Levante,1,296163,Raúl García,SUB,0,1.0,9,0.0,1.0,0.0,0.0,0.0,0.0,0.0,,0.0,0.0,1.0,0.0,1.0,0.0
401882909,2026-08-24,laliga,2026,14357,Osasuna,Levante,1,415867,Unai Santos,SUB,0,0.0,35,0.0,0.0,0.0,0.0,0.0,0.0,0.0,,0.0,0.0,0.0,0.0,0.0,0.0
401882909,2026-08-24,laliga,2026,14357,Osasuna,Levante,1,311969,Jonathan Dubasin,SUB,0,1.0,21,0.0,0.0,0.0,0.0,0.0,0.0,0.0,,0.0,0.0,1.0,0.0,0.0,0.0
401882909,2026-08-24,laliga,2026,14357,Osasuna,Levante,1,307905,Enzo Boyomo,SUB,0,0.0,22,0.0,0.0,0.0,0.0,0.0,0.0,0.0,,0.0,0.0,0.0,0.0,0.0,0.0
401882909,2026-08-24,laliga,2026,14357,Osasuna,Levante,1,303906,Raúl Moro,SUB,0,1.0,18,0.0,0.0,0.0,0.0,0.0,0.0,0.0,,0.0,0.0,1.0,0.0,0.0,0.0
401882909,2026-08-24,laliga,2026,14357,Osasuna,Levante,1,409475,Mauro Echegoyen,SUB,0,0.0,26,0.0,0.0,0.0,0.0,0.0,0.0,0.0,,0.0,0.0,0.0,0.0,0.0,0.0
401882909,2026-08-24,laliga,2026,14357,Osasuna,Levante,1,403704,Rafa Fernández,SUB,0,0.0,31,0.0,0.0,0.0,0.0,,0.0,0.0,0.0,0.0,0.0,0.0,0.0,0.0,0.0
401882909,2026-08-24,laliga,2026,14357,Levante,Osasuna,0,141438,Mathew Ryan,G,1,1.0,13,0.0,0.0,0.0,0.0,,0.0,0.0,7.0,0.0,0.0,0.0,0.0,0.0,0.0
401882909,2026-08-24,laliga,2026,14357,Levante,Osasuna,0,150451,Aïssa Mandi,CD-L,1,1.0,2,0.0,0.0,0.0,0.0,0.0,0.0,0.0,,0.0,0.0,0.0,0.0,0.0,0.0
401882909,2026-08-24,laliga,2026,14357,Levante,Osasuna,0,276841,Adrián de la Fuente,CD-R,1,1.0,4,2.0,0.0,0.0,0.0,0.0,0.0,0.0,,0.0,0.0,0.0,0.0,1.0,0.0
401882909,2026-08-24,laliga,2026,14357,Levante,Osasuna,0,269339,Orio Rey,DM,1,1.0,20,3.0,0.0,0.0,0.0,0.0,0.0,0.0,,0.0,0.0,0.0,0.0,0.0,0.0
401882909,2026-08-24,laliga,2026,14357,Levante,Osasuna,0,300985,Manu Sánchez,LB,1,1.0,23,0.0,2.0,0.0,0.0,0.0,0.0,0.0,,0.0,0.0,0.0,0.0,1.0,0.0
401882909,2026-08-24,laliga,2026,14357,Levante,Osasuna,0,409383,Nacho Pérez,RB,1,1.0,29,0.0,0.0,0.0,0.0,0.0,0.0,0.0,,0.0,0.0,0.0,0.0,0.0,0.0
401882909,2026-08-24,laliga,2026,14357,Levante,Osasuna,0,317784,Jon Ander Olasagasti,CM-L,1,1.0,8,0.0,0.0,0.0,0.0,0.0,0.0,0.0,,0.0,1.0,0.0,0.0,2.0,0.0
401882909,2026-08-24,laliga,2026,14357,Levante,Osasuna,0,334794,Enzo Bardeli,CM-R,1,1.0,18,1.0,0.0,0.0,0.0,2.0,0.0,0.0,,0.0,0.0,0.0,0.0,0.0,0.0
401882909,2026-08-24,laliga,2026,14357,Levante,Osasuna,0,339195,Thiago Fernández,LM,1,1.0,24,1.0,0.0,0.0,0.0,0.0,0.0,0.0,,0.0,0.0,0.0,0.0,1.0,0.0
401882909,2026-08-24,laliga,2026,14357,Levante,Osasuna,0,267591,Roger Brugué,RM,1,1.0,7,1.0,2.0,0.0,0.0,0.0,0.0,0.0,,0.0,0.0,0.0,0.0,3.0,0.0
401882909,2026-08-24,laliga,2026,14357,Levante,Osasuna,0,311054,Iván Romero,F,1,1.0,9,2.0,3.0,0.0,0.0,1.0,0.0,0.0,,0.0,0.0,0.0,0.0,2.0,1.0
401882909,2026-08-24,laliga,2026,14357,Levante,Osasuna,0,3129043,Marc Santos Gavilán,SUB,0,0.0,33,0.0,0.0,0.0,0.0,0.0,0.0,0.0,,0.0,0.0,0.0,0.0,0.0,0.0
401882909,2026-08-24,laliga,2026,14357,Levante,Osasuna,0,407397,Ifeanyi Ndukwe,SUB,0,0.0,3,0.0,0.0,0.0,0.0,0.0,0.0,0.0,,0.0,0.0,0.0,0.0,0.0,0.0
401882909,2026-08-24,laliga,2026,14357,Levante,Osasuna,0,362752,Dani Requena,SUB,0,0.0,6,0.0,0.0,0.0,0.0,0.0,0.0,0.0,,0.0,0.0,0.0,0.0,0.0,0.0
401882909,2026-08-24,laliga,2026,14357,Levante,Osasuna,0,319114,Hugo Sotelo,SUB,0,1.0,5,1.0,0.0,0.0,0.0,0.0,0.0,0.0,,0.0,0.0,1.0,0.0,1.0,0.0
401882909,2026-08-24,laliga,2026,14357,Levante,Osasuna,0,203680,Víctor García,SUB,0,1.0,17,0.0,0.0,0.0,0.0,0.0,0.0,0.0,,0.0,0.0,1.0,0.0,0.0,0.0
401882909,2026-08-24,laliga,2026,14357,Levante,Osasuna,0,346676,Etta Eyong,SUB,0,1.0,21,1.0,0.0,0.0,0.0,0.0,0.0,0.0,,0.0,0.0,1.0,0.0,0.0,0.0
401882909,2026-08-24,laliga,2026,14357,Levante,Osasuna,0,3731,Carlos Álvarez,SUB,0,0.0,10,0.0,0.0,0.0,0.0,0.0,0.0,0.0,,0.0,0.0,0.0,0.0,0.0,0.0
401882909,2026-08-24,laliga,2026,14357,Levante,Osasuna,0,384985,Paco Cortés,SUB,0,0.0,27,0.0,0.0,0.0,0.0,0.0,0.0,0.0,,0.0,0.0,0.0,0.0,0.0,0.0
401882909,2026-08-24,laliga,2026,14357,Levante,Osasuna,0,381071,Jorge Cabello,SUB,0,0.0,14,0.0,0.0,0.0,0.0,0.0,0.0,0.0,,0.0,0.0,0.0,0.0,0.0,0.0
401882909,2026-08-24,laliga,2026,14357,Levante,Osasuna,0,316040,Pablo Cuñat,SUB,0,0.0,1,0.0,0.0,0.0,0.0,,0.0,0.0,0.0,0.0,0.0,0.0,0.0,0.0,0.0
401882909,2026-08-24,laliga,2026,14357,Levante,Osasuna,0,186024,Jeremy Toljan,SUB,0,1.0,22,0.0,0.0,0.0,0.0,0.0,0.0,0.0,,0.0,0.0,1.0,0.0,0.0,0.0
401882910,2026-08-24,laliga,2026,14357,Málaga,Deportivo,1,240624,Alfonso Herrero,G,1,1.0,1,0.0,0.0,0.0,1.0,,0.0,0.0,4.0,0.0,0.0,0.0,0.0,0.0,0.0
401882910,2026-08-24,laliga,2026,14357,Málaga,Deportivo,1,192430,Einar Galilea,CD-L,1,1.0,4,1.0,0.0,0.0,1.0,0.0,0.0,0.0,,0.0,0.0,0.0,0.0,0.0,0.0
401882910,2026-08-24,laliga,2026,14357,Málaga,Deportivo,1,319783,Ángel Recio,CD-R,1,1.0,15,1.0,0.0,0.0,1.0,0.0,0.0,0.0,,0.0,0.0,0.0,0.0,0.0,0.0
401882910,2026-08-24,laliga,2026,14357,Málaga,Deportivo,1,371564,Izan Merino,DM,1,1.0,23,1.0,0.0,0.0,1.0,0.0,0.0,0.0,,0.0,0.0,0.0,0.0,1.0,0.0
401882910,2026-08-24,laliga,2026,14357,Málaga,Deportivo,1,376166,Rafa Garrido,LB,1,1.0,31,0.0,2.0,0.0,1.0,0.0,0.0,0.0,,0.0,0.0,0.0,0.0,0.0,0.0
401882910,2026-08-24,laliga,2026,14357,Málaga,Deportivo,1,331785,Carlos Puga,RB,1,1.0,3,3.0,1.0,0.0,1.0,0.0,0.0,0.0,,0.0,0.0,0.0,0.0,1.0,0.0
401882910,2026-08-24,laliga,2026,14357,Málaga,Deportivo,1,331533,Daniel Lorenzo,CM-L,1,1.0,22,0.0,2.0,0.0,1.0,0.0,0.0,0.0,,0.0,0.0,0.0,0.0,0.0,0.0
401882910,2026-08-24,laliga,2026,14357,Málaga,Deportivo,1,324098,Carlos Dotor,CM-R,1,1.0,8,0.0,0.0,0.0,1.0,0.0,0.0,0.0,,0.0,1.0,0.0,0.0,1.0,0.0
401882910,2026-08-24,laliga,2026,14357,Málaga,Deportivo,1,180444,Joaquín Muñoz,LM,1,1.0,11,2.0,3.0,0.0,1.0,0.0,0.0,0.0,,0.0,0.0,0.0,0.0,1.0,0.0
401882910,2026-08-24,laliga,2026,14357,Málaga,Deportivo,1,145565,Juan Cruz,RM,1,1.0,19,1.0,0.0,0.0,1.0,0.0,0.0,0.0,,0.0,0.0,0.0,0.0,1.0,0.0
401882910,2026-08-24,laliga,2026,14357,Málaga,Deportivo,1,388602,Chupete,F,1,1.0,9,1.0,1.0,0.0,1.0,1.0,0.0,0.0,,0.0,1.0,0.0,1.0,4.0,0.0
401882910,2026-08-24,laliga,2026,14357,Málaga,Deportivo,1,3110515,Otu Junior,SUB,0,0.0,28,0.0,0.0,0.0,0.0,0.0,0.0,0.0,,0.0,0.0,0.0,0.0,0.0,0.0
401882910,2026-08-24,laliga,2026,14357,Málaga,Deportivo,1,355503,Carlos López,SUB,0,0.0,13,0.0,0.0,0.0,0.0,,0.0,0.0,0.0,0.0,0.0,0.0,0.0,0.0,0.0
401882910,2026-08-24,laliga,2026,14357,Málaga,Deportivo,1,301869,Julen Lobete,SUB,0,1.0,24,0.0,0.0,0.0,0.0,0.0,0.0,0.0,,0.0,0.0,1.0,0.0,0.0,0.0
401882910,2026-08-24,laliga,2026,14357,Málaga,Deportivo,1,292225,Ramón Enríquez,SUB,0,1.0,6,0.0,0.0,0.0,0.0,0.0,0.0,0.0,,0.0,0.0,1.0,0.0,0.0,0.0
401882910,2026-08-24,laliga,2026,14357,Málaga,Deportivo,1,270610,Eneko Jauregui,SUB,0,0.0,17,0.0,0.0,0.0,0.0,0.0,0.0,0.0,,0.0,0.0,0.0,0.0,0.0,0.0
401882910,2026-08-24,laliga,2026,14357,Málaga,Deportivo,1,184488,José Salinas,SUB,0,0.0,12,0.0,0.0,0.0,0.0,0.0,0.0,0.0,,0.0,0.0,0.0,0.0,0.0,0.0
401882910,2026-08-24,laliga,2026,14357,Málaga,Deportivo,1,3110513,Juani,SUB,0,0.0,32,0.0,0.0,0.0,0.0,0.0,0.0,0.0,,0.0,0.0,0.0,0.0,0.0,0.0
401882910,2026-08-24,laliga,2026,14357,Málaga,Deportivo,1,271151,Pablo Martínez,SUB,0,0.0,18,0.0,0.0,0.0,0.0,0.0,0.0,0.0,,0.0,0.0,0.0,0.0,0.0,0.0
401882910,2026-08-24,laliga,2026,14357,Málaga,Deportivo,1,312338,Haitam Abaida,SUB,0,1.0,7,1.0,2.0,0.0,0.0,0.0,0.0,0.0,,0.0,0.0,1.0,0.0,1.0,0.0
401882910,2026-08-24,laliga,2026,14357,Málaga,Deportivo,1,297828,David Larrubia,SUB,0,1.0,10,1.0,1.0,0.0,0.0,0.0,0.0,0.0,,0.0,0.0,1.0,0.0,1.0,1.0
401882910,2026-08-24,laliga,2026,14357,Málaga,Deportivo,1,357858,Rafa Rodríguez,SUB,0,1.0,14,0.0,0.0,0.0,0.0,0.0,0.0,0.0,,0.0,0.0,1.0,0.0,2.0,0.0
401882910,2026-08-24,laliga,2026,14357,Málaga,Deportivo,1,310869,Álex Pastor,SUB,0,0.0,5,0.0,0.0,0.0,0.0,0.0,0.0,0.0,,0.0,0.0,0.0,0.0,0.0,0.0
401882910,2026-08-24,laliga,2026,14357,Deportivo,Málaga,0,300926,Leo Román,G,1,1.0,13,0.0,0.0,0.0,1.0,,0.0,0.0,1.0,0.0,0.0,0.0,0.0,0.0,0.0
401882910,2026-08-24,laliga,2026,14357,Deportivo,Málaga,0,259915,Miguel Loureiro,CD-L,1,1.0,15,1.0,0.0,0.0,1.0,0.0,0.0,0.0,,0.0,0.0,0.0,0.0,0.0,0.0
401882910,2026-08-24,laliga,2026,14357,Deportivo,Málaga,0,321112,Lucas Noubi,CD-R,1,1.0,4,2.0,1.0,0.0,1.0,0.0,0.0,0.0,,0.0,0.0,0.0,0.0,0.0,0.0
401882910,2026-08-24,laliga,2026,14357,Deportivo,Málaga,0,275924,Giacomo Quagliata,LB,1,1.0,12,1.0,3.0,0.0,1.0,0.0,0.0,0.0,,0.0,0.0,0.0,0.0,0.0,1.0
401882910,2026-08-24,laliga,2026,14357,Deportivo,Málaga,0,157568,Ximo Navarro,RB,1,1.0,23,2.0,2.0,0.0,1.0,0.0,0.0,0.0,,0.0,0.0,0.0,0.0,0.0,1.0
401882910,2026-08-24,laliga,2026,14357,Deportivo,Málaga,0,324166,Luismi Cruz,AM,1,1.0,19,3.0,1.0,1.0,1.0,0.0,0.0,0.0,,0.0,1.0,0.0,0.0,1.0,0.0
401882910,2026-08-24,laliga,2026,14357,Deportivo,Málaga,0,297353,Mario Soriano Carreno,LM,1,1.0,21,1.0,0.0,0.0,1.0,0.0,0.0,0.0,,0.0,0.0,0.0,0.0,1.0,1.0
401882910,2026-08-24,laliga,2026,14357,Deportivo,Málaga,0,356639,Lorenzo Amatucci,RM,1,1.0,16,0.0,0.0,0.0,1.0,0.0,0.0,0.0,,0.0,0.0,0.0,0.0,0.0,0.0
401882910,2026-08-24,laliga,2026,14357,Deportivo,Málaga,0,122260,Pierre-Emerick Aubameyang,F,1,1.0,7,0.0,0.0,0.0,1.0,0.0,0.0,0.0,,0.0,2.0,0.0,1.0,3.0,0.0
401882910,2026-08-24,laliga,2026,14357,Deportivo,Málaga,0,384414,Jonathan Asp Jensen,AM-L,1,1.0,18,0.0,1.0,0.0,1.0,0.0,0.0,0.0,,0.0,1.0,0.0,0.0,1.0,0.0
401882910,2026-08-24,laliga,2026,14357,Deportivo,Málaga,0,308006,Adrià Altimira,AM-R,1,1.0,2,2.0,1.0,0.0,1.0,0.0,0.0,0.0,,0.0,0.0,0.0,0.0,0.0,0.0
401882910,2026-08-24,laliga,2026,14357,Deportivo,Málaga,0,214319,Angeliño,SUB,0,0.0,24,0.0,0.0,0.0,0.0,0.0,0.0,0.0,,0.0,0.0,0.0,0.0,0.0,0.0
401882910,2026-08-24,laliga,2026,14357,Deportivo,Málaga,0,312392,Yeremay Hernández,SUB,0,1.0,10,0.0,1.0,0.0,0.0,1.0,0.0,0.0,,0.0,0.0,1.0,0.0,0.0,0.0
401882910,2026-08-24,laliga,2026,14357,Deportivo,Málaga,0,362123,Teun Gijselhart,SUB,0,0.0,34,0.0,0.0,0.0,0.0,0.0,0.0,0.0,,0.0,0.0,0.0,0.0,0.0,0.0
401882910,2026-08-24,laliga,2026,14357,Deportivo,Málaga,0,414299,Bil Nsongo,SUB,0,1.0,32,0.0,0.0,0.0,0.0,0.0,0.0,0.0,,0.0,0.0,1.0,0.0,0.0,1.0
401882910,2026-08-24,laliga,2026,14357,Deportivo,Málaga,0,300333,Arnau Comas,SUB,0,0.0,3,0.0,0.0,0.0,0.0,0.0,0.0,0.0,,0.0,0.0,0.0,0.0,0.0,0.0
401882910,2026-08-24,laliga,2026,14357,Deportivo,Málaga,0,181288,Germán Parreño,SUB,0,0.0,1,0.0,0.0,0.0,0.0,,0.0,0.0,0.0,0.0,0.0,0.0,0.0,0.0,0.0
401882910,2026-08-24,laliga,2026,14357,Deportivo,Málaga,0,3102992,Bright Ede,SUB,0,1.0,22,0.0,1.0,0.0,0.0,0.0,0.0,0.0,,0.0,0.0,1.0,0.0,0.0,0.0
401882910,2026-08-24,laliga,2026,14357,Deportivo,Málaga,0,375390,David Mella,SUB,0,1.0,11,0.0,1.0,0.0,0.0,1.0,0.0,0.0,,0.0,0.0,1.0,0.0,0.0,0.0
401882910,2026-08-24,laliga,2026,14357,Deportivo,Málaga,0,331742,Diego Villares,SUB,0,1.0,8,0.0,0.0,0.0,0.0,0.0,0.0,0.0,,0.0,0.0,1.0,0.0,0.0,0.0
401882910,2026-08-24,laliga,2026,14357,Deportivo,Málaga,0,96060,Álvaro Fernández,SUB,0,0.0,25,0.0,0.0,0.0,0.0,,0.0,0.0,0.0,0.0,0.0,0.0,0.0,0.0,0.0
401882910,2026-08-24,laliga,2026,14357,Deportivo,Málaga,0,286769,Zakaria Eddahchouri,SUB,0,0.0,9,0.0,0.0,0.0,0.0,0.0,0.0,0.0,,0.0,0.0,0.0,0.0,0.0,0.0
401882910,2026-08-24,laliga,2026,14357,Deportivo,Málaga,0,279609,Riki Rodríguez,SUB,0,0.0,14,0.0,0.0,0.0,0.0,0.0,0.0,0.0,,0.0,0.0,0.0,0.0,0.0,0.0
401882917,2026-08-25,laliga,2026,14357,Valencia,Real Betis,1,165334,Stole Dimitrievski,G,1,1.0,1,0.0,0.0,0.0,1.0,,0.0,0.0,2.0,0.0,0.0,0.0,0.0,0.0,0.0
401882917,2026-08-25,laliga,2026,14357,Valencia,Real Betis,1,231603,Pepelu,CD,1,1.0,18,0.0,0.0,0.0,1.0,0.0,0.0,0.0,,0.0,0.0,0.0,0.0,0.0,0.0
401882917,2026-08-25,laliga,2026,14357,Valencia,Real Betis,1,241117,Mouctar Diakhaby,CD-L,1,1.0,4,0.0,0.0,0.0,1.0,0.0,0.0,0.0,,0.0,0.0,0.0,0.0,2.0,1.0
401882917,2026-08-25,laliga,2026,14357,Valencia,Real Betis,1,330552,César Tárrega,CD-R,1,1.0,5,2.0,1.0,0.0,1.0,0.0,0.0,0.0,,0.0,0.0,0.0,0.0,2.0,0.0
401882917,2026-08-25,laliga,2026,14357,Valencia,Real Betis,1,189804,Jesús Vázquez,LB,1,1.0,21,2.0,1.0,0.0,1.0,0.0,0.0,0.0,,0.0,0.0,0.0,0.0,2.0,0.0
401882917,2026-08-25,laliga,2026,14357,Valencia,Real Betis,1,222661,Pablo Maffeo,RB,1,1.0,24,0.0,1.0,0.0,0.0,0.0,0.0,0.0,,0.0,0.0,0.0,0.0,0.0,0.0
401882917,2026-08-25,laliga,2026,14357,Valencia,Real Betis,1,16340,Javier Guerra,CM-L,1,1.0,8,0.0,0.0,0.0,1.0,0.0,0.0,0.0,,0.0,0.0,0.0,0.0,0.0,0.0
401882917,2026-08-25,laliga,2026,14357,Valencia,Real Betis,1,212185,Guido Rodríguez,CM-R,1,1.0,2,3.0,1.0,0.0,1.0,0.0,0.0,0.0,,0.0,0.0,0.0,0.0,0.0,0.0
401882917,2026-08-25,laliga,2026,14357,Valencia,Real Betis,1,231618,Arnaut Danjuma,LM,1,1.0,7,1.0,1.0,0.0,0.0,0.0,0.0,0.0,,0.0,1.0,0.0,0.0,2.0,0.0
401882917,2026-08-25,laliga,2026,14357,Valencia,Real Betis,1,360096,Ryunosuke Sato,RM,1,1.0,39,1.0,1.0,0.0,1.0,0.0,0.0,0.0,,0.0,1.0,0.0,0.0,4.0,1.0
401882917,2026-08-25,laliga,2026,14357,Valencia,Real Betis,1,267477,Hugo Duro,F,1,1.0,9,0.0,2.0,0.0,0.0,0.0,0.0,0.0,,0.0,0.0,0.0,0.0,0.0,0.0
401882917,2026-08-25,laliga,2026,14357,Valencia,Real Betis,1,388076,Iker Córdoba,SUB,0,0.0,36,0.0,0.0,0.0,0.0,0.0,0.0,0.0,,0.0,0.0,0.0,0.0,0.0,0.0
401882917,2026-08-25,laliga,2026,14357,Valencia,Real Betis,1,377768,David Otorbi,SUB,0,1.0,27,0.0,1.0,0.0,0.0,0.0,0.0,0.0,,0.0,0.0,1.0,0.0,0.0,0.0
401882917,2026-08-25,laliga,2026,14357,Valencia,Real Betis,1,211770,Umar Sadiq,SUB,0,1.0,6,0.0,1.0,0.0,1.0,0.0,0.0,0.0,,0.0,1.0,1.0,0.0,1.0,0.0
401882917,2026-08-25,laliga,2026,14357,Valencia,Real Betis,1,3124771,Jaume Durá I Soler,SUB,0,0.0,38,0.0,0.0,0.0,0.0,0.0,0.0,0.0,,0.0,0.0,0.0,0.0,0.0,0.0
401882917,2026-08-25,laliga,2026,14357,Valencia,Real Betis,1,413671,Alex Panach,SUB,0,0.0,29,0.0,0.0,0.0,0.0,0.0,0.0,0.0,,0.0,0.0,0.0,0.0,0.0,0.0
401882917,2026-08-25,laliga,2026,14357,Valencia,Real Betis,1,253763,Dani Raba,SUB,0,0.0,19,0.0,0.0,0.0,0.0,0.0,0.0,0.0,,0.0,0.0,0.0,0.0,0.0,0.0
401882917,2026-08-25,laliga,2026,14357,Valencia,Real Betis,1,248681,Filip Ugrinic,SUB,0,1.0,23,0.0,1.0,0.0,1.0,0.0,0.0,0.0,,0.0,0.0,1.0,0.0,1.0,0.0
401882917,2026-08-25,laliga,2026,14357,Valencia,Real Betis,1,264177,Luis Rioja,SUB,0,1.0,11,0.0,0.0,0.0,1.0,1.0,0.0,0.0,,0.0,0.0,1.0,0.0,2.0,0.0
401882917,2026-08-25,laliga,2026,14357,Valencia,Real Betis,1,324582,Kayne Van Oevelen,SUB,0,0.0,25,0.0,0.0,0.0,0.0,,0.0,0.0,0.0,0.0,0.0,0.0,0.0,0.0,0.0
401882917,2026-08-25,laliga,2026,14357,Valencia,Real Betis,1,178747,José Gayà,SUB,0,0.0,14,0.0,0.0,0.0,0.0,0.0,0.0,0.0,,0.0,0.0,0.0,0.0,0.0,0.0
401882917,2026-08-25,laliga,2026,14357,Valencia,Real Betis,1,286604,André Almeida,SUB,0,0.0,10,0.0,0.0,0.0,0.0,0.0,0.0,0.0,,0.0,0.0,0.0,0.0,0.0,0.0
401882917,2026-08-25,laliga,2026,14357,Valencia,Real Betis,1,232803,Aliou Dieng,SUB,0,1.0,15,1.0,0.0,0.0,0.0,0.0,0.0,0.0,,0.0,0.0,1.0,0.0,0.0,0.0
401882917,2026-08-25,laliga,2026,14357,Real Betis,Valencia,0,283892,Álvaro Valles,G,1,1.0,1,0.0,0.0,0.0,0.0,,0.0,0.0,3.0,0.0,0.0,0.0,0.0,0.0,0.0
401882917,2026-08-25,laliga,2026,14357,Real Betis,Valencia,0,336480,Valentín Gómez,CD-L,1,1.0,16,1.0,0.0,0.0,0.0,0.0,0.0,0.0,,0.0,0.0,0.0,0.0,0.0,0.0
401882917,2026-08-25,laliga,2026,14357,Real Betis,Valencia,0,181530,Diego Llorente,CD-R,1,1.0,3,1.0,0.0,0.0,0.0,0.0,0.0,0.0,,0.0,0.0,0.0,0.0,0.0,0.0
401882917,2026-08-25,laliga,2026,14357,Real Betis,Valencia,0,269655,Junior Firpo,LB,1,1.0,23,1.0,1.0,0.0,0.0,0.0,0.0,0.0,,0.0,0.0,0.0,0.0,0.0,1.0
401882917,2026-08-25,laliga,2026,14357,Real Betis,Valencia,0,395941,Ángel Ortiz,RB,1,1.0,12,1.0,0.0,0.0,0.0,0.0,0.0,0.0,,0.0,0.0,0.0,0.0,1.0,0.0
401882917,2026-08-25,laliga,2026,14357,Real Betis,Valencia,0,322908,Nelson Deossa,AM,1,1.0,18,1.0,1.0,0.0,0.0,0.0,0.0,0.0,,0.0,0.0,0.0,0.0,4.0,0.0
401882917,2026-08-25,laliga,2026,14357,Real Betis,Valencia,0,227714,Pablo Fornals,LM,1,1.0,8,0.0,0.0,0.0,0.0,0.0,0.0,0.0,,0.0,0.0,0.0,0.0,3.0,0.0
401882917,2026-08-25,laliga,2026,14357,Real Betis,Valencia,0,359912,Facundo Bernal,RM,1,1.0,6,0.0,1.0,0.0,0.0,0.0,0.0,0.0,,0.0,0.0,0.0,0.0,0.0,0.0
401882917,2026-08-25,laliga,2026,14357,Real Betis,Valencia,0,336809,Cucho Hernández,F,1,1.0,9,1.0,0.0,0.0,0.0,0.0,0.0,0.0,,0.0,0.0,0.0,0.0,0.0,0.0
401882917,2026-08-25,laliga,2026,14357,Real Betis,Valencia,0,70224,Rodrigo Riquelme,AM-L,1,1.0,17,0.0,1.0,0.0,0.0,0.0,0.0,0.0,,0.0,0.0,0.0,0.0,0.0,0.0
401882917,2026-08-25,laliga,2026,14357,Real Betis,Valencia,0,281558,Antony,AM-R,1,1.0,7,1.0,2.0,0.0,0.0,0.0,0.0,0.0,,0.0,1.0,0.0,0.0,4.0,0.0
401882917,2026-08-25,laliga,2026,14357,Real Betis,Valencia,0,178978,Héctor Bellerín,SUB,0,1.0,2,0.0,0.0,0.0,0.0,1.0,0.0,0.0,,0.0,0.0,1.0,0.0,0.0,0.0
401882917,2026-08-25,laliga,2026,14357,Real Betis,Valencia,0,394885,Álvaro De Pablo,SUB,0,0.0,40,0.0,0.0,0.0,0.0,,0.0,0.0,0.0,0.0,0.0,0.0,0.0,0.0,0.0
401882917,2026-08-25,laliga,2026,14357,Real Betis,Valencia,0,390091,Manu González,SUB,0,0.0,31,0.0,0.0,0.0,0.0,,0.0,0.0,0.0,0.0,0.0,0.0,0.0,0.0,0.0
401882917,2026-08-25,laliga,2026,14357,Real Betis,Valencia,0,283827,Álvaro Fidalgo,SUB,0,0.0,15,0.0,0.0,0.0,0.0,0.0,0.0,0.0,,0.0,0.0,0.0,0.0,0.0,0.0
401882917,2026-08-25,laliga,2026,14357,Real Betis,Valencia,0,242008,Marc Roca,SUB,0,0.0,21,0.0,0.0,0.0,0.0,0.0,0.0,0.0,,0.0,0.0,0.0,0.0,0.0,0.0
401882917,2026-08-25,laliga,2026,14357,Real Betis,Valencia,0,399278,Pablo García,SUB,0,1.0,33,1.0,1.0,0.0,0.0,0.0,0.0,0.0,,0.0,1.0,1.0,1.0,1.0,0.0
401882917,2026-08-25,laliga,2026,14357,Real Betis,Valencia,0,145078,Marc Bartra,SUB,0,0.0,5,0.0,0.0,0.0,0.0,0.0,0.0,0.0,,0.0,0.0,0.0,0.0,0.0,0.0
401882917,2026-08-25,laliga,2026,14357,Real Betis,Valencia,0,292222,Iker Losada,SUB,0,0.0,14,0.0,0.0,0.0,0.0,0.0,0.0,0.0,,0.0,0.0,0.0,0.0,0.0,0.0
401882917,2026-08-25,laliga,2026,14357,Real Betis,Valencia,0,279790,Troy Parrott,SUB,0,1.0,19,0.0,0.0,0.0,0.0,0.0,0.0,0.0,,0.0,0.0,1.0,0.0,1.0,0.0
401882917,2026-08-25,laliga,2026,14357,Real Betis,Valencia,0,143564,Isco,SUB,0,1.0,22,3.0,2.0,0.0,0.0,0.0,0.0,0.0,,0.0,1.0,1.0,0.0,1.0,0.0
401882917,2026-08-25,laliga,2026,14357,Real Betis,Valencia,0,213050,Fran García,SUB,0,1.0,11,0.0,0.0,1.0,0.0,0.0,0.0,0.0,,0.0,0.0,1.0,0.0,0.0,0.0
401882917,2026-08-25,laliga,2026,14357,Real Betis,Valencia,0,301526,Natan,SUB,0,0.0,4,0.0,0.0,0.0,0.0,0.0,0.0,0.0,,0.0,0.0,0.0,0.0,0.0,0.0
401882919,2026-08-26,laliga,2026,14357,Real Madrid,Real Sociedad,1,134283,Thibaut Courtois,G,1,1.0,1,0.0,0.0,0.0,1.0,,0.0,0.0,2.0,0.0,0.0,0.0,0.0,0.0,0.0
401882919,2026-08-26,laliga,2026,14357,Real Madrid,Real Sociedad,1,356000,Dean Huijsen,CD-L,1,1.0,4,0.0,1.0,0.0,1.0,0.0,0.0,0.0,,0.0,0.0,0.0,0.0,2.0,0.0
401882919,2026-08-26,laliga,2026,14357,Real Madrid,Real Sociedad,1,251634,Ibrahima Konaté,CD-R,1,1.0,16,1.0,0.0,0.0,1.0,0.0,0.0,0.0,,0.0,0.0,0.0,0.0,0.0,1.0
401882919,2026-08-26,laliga,2026,14357,Real Madrid,Real Sociedad,1,310637,Álvaro Carreras,LB,1,1.0,18,1.0,0.0,0.0,1.0,0.0,0.0,0.0,,0.0,0.0,0.0,0.0,0.0,1.0
401882919,2026-08-26,laliga,2026,14357,Real Madrid,Real Sociedad,1,213248,Denzel Dumfries,RB,1,1.0,24,1.0,0.0,0.0,1.0,0.0,0.0,0.0,,0.0,0.0,0.0,0.0,1.0,0.0
401882919,2026-08-26,laliga,2026,14357,Real Madrid,Real Sociedad,1,291281,Jude Bellingham,AM,1,1.0,5,2.0,4.0,2.0,1.0,0.0,0.0,0.0,,0.0,0.0,0.0,0.0,1.0,0.0
401882919,2026-08-26,laliga,2026,14357,Real Madrid,Real Sociedad,1,199833,Bernardo Silva,LM,1,1.0,20,0.0,1.0,0.0,1.0,0.0,0.0,0.0,,0.0,0.0,0.0,0.0,0.0,0.0
401882919,2026-08-26,laliga,2026,14357,Real Madrid,Real Sociedad,1,235818,Federico Valverde,RM,1,1.0,8,0.0,0.0,1.0,1.0,0.0,0.0,0.0,,0.0,1.0,0.0,0.0,2.0,0.0
401882919,2026-08-26,laliga,2026,14357,Real Madrid,Real Sociedad,1,231388,Kylian Mbappé,F,1,1.0,10,2.0,0.0,0.0,1.0,0.0,0.0,0.0,,0.0,7.0,0.0,3.0,8.0,0.0
401882919,2026-08-26,laliga,2026,14357,Real Madrid,Real Sociedad,1,252107,Vinícius Júnior,AM-L,1,1.0,7,2.0,2.0,1.0,1.0,0.0,0.0,0.0,,0.0,2.0,0.0,1.0,4.0,0.0
401882919,2026-08-26,laliga,2026,14357,Real Madrid,Real Sociedad,1,310452,Arda Güler,AM-R,1,1.0,15,0.0,0.0,0.0,1.0,0.0,0.0,0.0,,0.0,1.0,0.0,0.0,2.0,0.0
401882919,2026-08-26,laliga,2026,14357,Real Madrid,Real Sociedad,1,169438,Antonio Rüdiger,SUB,0,0.0,22,0.0,0.0,0.0,0.0,0.0,0.0,0.0,,0.0,0.0,0.0,0.0,0.0,0.0
401882919,2026-08-26,laliga,2026,14357,Real Madrid,Real Sociedad,1,3117407,Alexis Ciria,SUB,0,0.0,36,0.0,0.0,0.0,0.0,0.0,0.0,0.0,,0.0,0.0,0.0,0.0,0.0,0.0
401882919,2026-08-26,laliga,2026,14357,Real Madrid,Real Sociedad,1,330352,Mario Rivas,SUB,0,0.0,33,0.0,0.0,0.0,0.0,0.0,0.0,0.0,,0.0,0.0,0.0,0.0,0.0,0.0
401882919,2026-08-26,laliga,2026,14357,Real Madrid,Real Sociedad,1,415478,Jorge Cestero,SUB,0,0.0,29,0.0,0.0,0.0,0.0,0.0,0.0,0.0,,0.0,0.0,0.0,0.0,0.0,0.0
401882919,2026-08-26,laliga,2026,14357,Real Madrid,Real Sociedad,1,402479,Yan Diomande,SUB,0,1.0,25,0.0,0.0,0.0,0.0,0.0,0.0,0.0,,0.0,0.0,1.0,0.0,0.0,0.0
401882919,2026-08-26,laliga,2026,14357,Real Madrid,Real Sociedad,1,259910,Marc Cucurella,SUB,0,1.0,17,0.0,0.0,0.0,0.0,0.0,0.0,0.0,,0.0,0.0,1.0,0.0,0.0,0.0
401882919,2026-08-26,laliga,2026,14357,Real Madrid,Real Sociedad,1,257237,Andriy Lunin,SUB,0,0.0,13,0.0,0.0,0.0,0.0,,0.0,0.0,0.0,0.0,0.0,0.0,0.0,0.0,0.0
401882919,2026-08-26,laliga,2026,14357,Real Madrid,Real Sociedad,1,285150,Eduardo Camavinga,SUB,0,1.0,6,1.0,0.0,0.0,0.0,0.0,0.0,0.0,,0.0,0.0,1.0,0.0,0.0,1.0
401882919,2026-08-26,laliga,2026,14357,Real Madrid,Real Sociedad,1,246532,Brahim Díaz,SUB,0,1.0,21,0.0,0.0,0.0,0.0,0.0,0.0,0.0,,0.0,0.0,1.0,0.0,0.0,0.0
401882919,2026-08-26,laliga,2026,14357,Real Madrid,Real Sociedad,1,380286,Carlos Espí,SUB,0,1.0,19,0.0,0.0,0.0,0.0,1.0,0.0,0.0,,0.0,0.0,1.0,0.0,0.0,0.0
401882919,2026-08-26,laliga,2026,14357,Real Madrid,Real Sociedad,1,350351,Sergio Mestre,SUB,0,0.0,26,0.0,0.0,0.0,0.0,,0.0,0.0,0.0,0.0,0.0,0.0,0.0,0.0,0.0
401882919,2026-08-26,laliga,2026,14357,Real Madrid,Real Sociedad,1,223532,Trent Alexander-Arnold,SUB,0,0.0,12,0.0,0.0,0.0,0.0,0.0,0.0,0.0,,0.0,0.0,0.0,0.0,0.0,0.0
401882919,2026-08-26,laliga,2026,14357,Real Sociedad,Real Madrid,0,217319,Álex Remiro,G,1,1.0,1,0.0,0.0,0.0,4.0,,0.0,0.0,7.0,0.0,0.0,0.0,0.0,0.0,0.0
401882919,2026-08-26,laliga,2026,14357,Real Sociedad,Real Madrid,0,366885,Jon Martín,CD-L,1,1.0,31,0.0,1.0,0.0,4.0,0.0,0.0,0.0,,0.0,0.0,0.0,0.0,0.0,0.0
401882919,2026-08-26,laliga,2026,14357,Real Sociedad,Real Madrid,0,396607,Luken Beitia,CD-R,1,1.0,34,1.0,0.0,0.0,4.0,0.0,0.0,0.0,,0.0,0.0,0.0,0.0,0.0,1.0
401882919,2026-08-26,laliga,2026,14357,Real Sociedad,Real Madrid,0,265993,Sergio Gómez,LB,1,1.0,17,0.0,0.0,0.0,4.0,0.0,0.0,0.0,,0.0,0.0,0.0,0.0,2.0,0.0
401882919,2026-08-26,laliga,2026,14357,Real Sociedad,Real Madrid,0,318063,Jon Aramburu,RB,1,1.0,2,2.0,0.0,0.0,1.0,0.0,0.0,0.0,,0.0,0.0,0.0,0.0,1.0,1.0
401882919,2026-08-26,laliga,2026,14357,Real Sociedad,Real Madrid,0,306263,Luka Sucic,AM,1,1.0,24,1.0,1.0,0.0,4.0,0.0,0.0,0.0,,0.0,1.0,0.0,1.0,2.0,0.0
401882919,2026-08-26,laliga,2026,14357,Real Sociedad,Real Madrid,0,297371,Beñat Turrientes,LM,1,1.0,8,0.0,0.0,0.0,4.0,0.0,0.0,0.0,,0.0,1.0,0.0,0.0,1.0,0.0
401882919,2026-08-26,laliga,2026,14357,Real Sociedad,Real Madrid,0,236185,Yangel Herrera,RM,1,1.0,21,2.0,2.0,0.0,2.0,0.0,0.0,0.0,,0.0,0.0,0.0,0.0,0.0,1.0
401882919,2026-08-26,laliga,2026,14357,Real Sociedad,Real Madrid,0,229018,Mikel Oyarzabal,F,1,1.0,10,0.0,1.0,0.0,1.0,0.0,0.0,0.0,,0.0,1.0,0.0,0.0,1.0,0.0
401882919,2026-08-26,laliga,2026,14357,Real Sociedad,Real Madrid,0,406379,Job Ochieng,AM-L,1,1.0,12,0.0,0.0,0.0,2.0,0.0,0.0,0.0,,0.0,0.0,0.0,0.0,1.0,0.0
401882919,2026-08-26,laliga,2026,14357,Real Sociedad,Real Madrid,0,256587,Takefusa Kubo,AM-R,1,1.0,14,1.0,2.0,0.0,3.0,0.0,0.0,0.0,,0.0,0.0,0.0,0.0,0.0,0.0
401882919,2026-08-26,laliga,2026,14357,Real Sociedad,Real Madrid,0,410486,Ibai Aguirre,SUB,0,0.0,26,0.0,0.0,0.0,0.0,0.0,0.0,0.0,,0.0,0.0,0.0,0.0,0.0,0.0
401882919,2026-08-26,laliga,2026,14357,Real Sociedad,Real Madrid,0,341367,Orri Óskarsson,SUB,0,1.0,9,1.0,0.0,0.0,3.0,0.0,0.0,0.0,,0.0,0.0,1.0,0.0,1.0,0.0
401882919,2026-08-26,laliga,2026,14357,Real Sociedad,Real Madrid,0,307487,Arsen Zakharyan,SUB,0,0.0,23,0.0,0.0,0.0,0.0,0.0,0.0,0.0,,0.0,0.0,0.0,0.0,0.0,0.0
401882919,2026-08-26,laliga,2026,14357,Real Sociedad,Real Madrid,0,283941,Ander Barrenetxea,SUB,0,1.0,7,0.0,2.0,0.0,2.0,0.0,0.0,0.0,,0.0,0.0,1.0,0.0,0.0,0.0
401882919,2026-08-26,laliga,2026,14357,Real Sociedad,Real Madrid,0,283891,Aihen Muñoz,SUB,0,0.0,3,0.0,0.0,0.0,0.0,0.0,0.0,0.0,,0.0,0.0,0.0,0.0,0.0,0.0
401882919,2026-08-26,laliga,2026,14357,Real Sociedad,Real Madrid,0,366886,Alex Lebarbier,SUB,0,0.0,28,0.0,0.0,0.0,0.0,0.0,0.0,0.0,,0.0,0.0,0.0,0.0,0.0,0.0
401882919,2026-08-26,laliga,2026,14357,Real Sociedad,Real Madrid,0,297359,Jon Pacheco,SUB,0,0.0,16,0.0,0.0,0.0,0.0,0.0,0.0,0.0,,0.0,0.0,0.0,0.0,0.0,0.0
401882919,2026-08-26,laliga,2026,14357,Real Sociedad,Real Madrid,0,396613,Alex Marchal,SUB,0,0.0,29,0.0,0.0,0.0,0.0,0.0,0.0,0.0,,0.0,0.0,0.0,0.0,0.0,0.0
401882919,2026-08-26,laliga,2026,14357,Real Sociedad,Real Madrid,0,235693,Igor Zubeldia,SUB,0,1.0,5,0.0,0.0,0.0,3.0,0.0,0.0,0.0,,0.0,0.0,1.0,0.0,0.0,0.0
401882919,2026-08-26,laliga,2026,14357,Real Sociedad,Real Madrid,0,312011,Unai Marrero,SUB,0,0.0,13,0.0,0.0,0.0,0.0,,0.0,0.0,0.0,0.0,0.0,0.0,0.0,0.0,0.0
401882919,2026-08-26,laliga,2026,14357,Real Sociedad,Real Madrid,0,235072,Carlos Soler,SUB,0,1.0,18,0.0,0.0,0.0,2.0,0.0,0.0,0.0,,0.0,0.0,1.0,0.0,0.0,0.0
401882919,2026-08-26,laliga,2026,14357,Real Sociedad,Real Madrid,0,213141,Gonçalo Guedes,SUB,0,1.0,11,0.0,1.0,0.0,1.0,0.0,0.0,0.0,,0.0,0.0,1.0,0.0,1.0,0.0
401882921,2026-08-27,laliga,2026,14357,Barcelona,Athletic Club,1,297362,Joan García,G,1,1.0,1,0.0,0.0,0.0,0.0,,0.0,0.0,0.0,0.0,0.0,0.0,0.0,0.0,0.0
401882921,2026-08-27,laliga,2026,14357,Barcelona,Athletic Club,1,312015,Gerard Martín,CD-L,1,1.0,18,1.0,0.0,0.0,0.0,0.0,0.0,0.0,,0.0,0.0,0.0,0.0,1.0,0.0
401882921,2026-08-27,laliga,2026,14357,Barcelona,Athletic Club,1,368992,Pau Cubarsí,CD-R,1,1.0,5,0.0,1.0,0.0,0.0,1.0,0.0,0.0,,0.0,0.0,0.0,0.0,1.0,0.0
401882921,2026-08-27,laliga,2026,14357,Barcelona,Athletic Club,1,403582,Xavi Espart,LB,1,1.0,12,2.0,0.0,0.0,0.0,0.0,0.0,0.0,,0.0,1.0,0.0,0.0,1.0,1.0
401882921,2026-08-27,laliga,2026,14357,Barcelona,Athletic Club,1,128714,Eric García,RB,1,1.0,24,0.0,0.0,0.0,0.0,0.0,0.0,0.0,,0.0,0.0,0.0,0.0,2.0,0.0
401882921,2026-08-27,laliga,2026,14357,Barcelona,Athletic Club,1,376423,Marc Bernal,CM,1,1.0,22,2.0,0.0,0.0,0.0,0.0,0.0,0.0,,0.0,0.0,0.0,0.0,0.0,0.0
401882921,2026-08-27,laliga,2026,14357,Barcelona,Athletic Club,1,250465,Pedri,LM,1,1.0,8,0.0,1.0,1.0,0.0,0.0,0.0,0.0,,0.0,0.0,0.0,0.0,0.0,0.0
401882921,2026-08-27,laliga,2026,14357,Barcelona,Athletic Club,1,354334,Fermín López,RM,1,1.0,7,2.0,1.0,0.0,0.0,1.0,0.0,0.0,,0.0,3.0,0.0,1.0,3.0,0.0
401882921,2026-08-27,laliga,2026,14357,Barcelona,Athletic Club,1,231050,Raphinha,F,1,1.0,11,3.0,0.0,0.0,0.0,1.0,0.0,0.0,,0.0,1.0,0.0,1.0,3.0,0.0
401882921,2026-08-27,laliga,2026,14357,Barcelona,Athletic Club,1,268782,Anthony Gordon,LF,1,1.0,17,1.0,1.0,0.0,0.0,2.0,0.0,0.0,,0.0,0.0,0.0,0.0,2.0,0.0
401882921,2026-08-27,laliga,2026,14357,Barcelona,Athletic Club,1,362150,Lamine Yamal,RF,1,1.0,10,1.0,1.0,0.0,0.0,3.0,0.0,0.0,,0.0,3.0,0.0,0.0,7.0,0.0
401882921,2026-08-27,laliga,2026,14357,Barcelona,Athletic Club,1,231692,Jules Koundé,SUB,0,1.0,23,0.0,0.0,0.0,0.0,0.0,0.0,0.0,,0.0,0.0,1.0,0.0,0.0,0.0
401882921,2026-08-27,laliga,2026,14357,Barcelona,Athletic Club,1,403587,Eder Aller,SUB,0,0.0,31,0.0,0.0,0.0,0.0,,0.0,0.0,0.0,0.0,0.0,0.0,0.0,0.0,0.0
401882921,2026-08-27,laliga,2026,14357,Barcelona,Athletic Club,1,323703,Alejandro Balde,SUB,0,0.0,3,0.0,0.0,0.0,0.0,0.0,0.0,0.0,,0.0,0.0,0.0,0.0,0.0,0.0
401882921,2026-08-27,laliga,2026,14357,Barcelona,Athletic Club,1,227765,Dani Olmo,SUB,0,1.0,20,0.0,1.0,0.0,0.0,0.0,0.0,0.0,,0.0,1.0,1.0,0.0,1.0,0.0
401882921,2026-08-27,laliga,2026,14357,Barcelona,Athletic Club,1,176399,João Cancelo,SUB,0,1.0,2,0.0,0.0,0.0,0.0,0.0,0.0,0.0,,0.0,0.0,1.0,0.0,0.0,0.0
401882921,2026-08-27,laliga,2026,14357,Barcelona,Athletic Club,1,131634,Wojciech Szczesny,SUB,0,0.0,13,0.0,0.0,0.0,0.0,,0.0,0.0,0.0,0.0,0.0,0.0,0.0,0.0,0.0
401882921,2026-08-27,laliga,2026,14357,Barcelona,Athletic Club,1,399200,Hamza Abdelkarim,SUB,0,0.0,29,0.0,0.0,0.0,0.0,0.0,0.0,0.0,,0.0,0.0,0.0,0.0,0.0,0.0
401882921,2026-08-27,laliga,2026,14357,Barcelona,Athletic Club,1,274913,Karim Adeyemi,SUB,0,1.0,14,1.0,0.0,0.0,0.0,0.0,0.0,0.0,,0.0,1.0,1.0,0.0,1.0,0.0
401882921,2026-08-27,laliga,2026,14357,Barcelona,Athletic Club,1,186430,Andreas Christensen,SUB,0,0.0,15,0.0,0.0,0.0,0.0,0.0,0.0,0.0,,0.0,0.0,0.0,0.0,0.0,0.0
401882921,2026-08-27,laliga,2026,14357,Barcelona,Athletic Club,1,231828,Rodri,SUB,0,1.0,16,0.0,0.0,0.0,0.0,0.0,0.0,0.0,,0.0,0.0,1.0,0.0,0.0,0.0
401882921,2026-08-27,laliga,2026,14357,Barcelona,Athletic Club,1,403575,Brian Fariñas,SUB,0,0.0,28,0.0,0.0,0.0,0.0,0.0,0.0,0.0,,0.0,0.0,0.0,0.0,0.0,0.0
401882921,2026-08-27,laliga,2026,14357,Athletic Club,Barcelona,0,222375,Unai Simón,G,1,1.0,1,0.0,0.0,0.0,2.0,,0.0,0.0,8.0,0.0,0.0,0.0,0.0,0.0,0.0
401882921,2026-08-27,laliga,2026,14357,Athletic Club,Barcelona,0,159317,Aymeric Laporte,CD-L,1,1.0,14,1.0,1.0,0.0,2.0,0.0,0.0,0.0,,0.0,0.0,0.0,0.0,0.0,0.0
401882921,2026-08-27,laliga,2026,14357,Athletic Club,Barcelona,0,217225,Yeray,CD-R,1,1.0,5,0.0,1.0,0.0,2.0,0.0,0.0,0.0,,0.0,0.0,0.0,0.0,1.0,0.0
401882921,2026-08-27,laliga,2026,14357,Athletic Club,Barcelona,0,333214,Johaneko Louis Jean,LB,1,1.0,31,1.0,3.0,0.0,1.0,0.0,0.0,0.0,,0.0,0.0,0.0,0.0,0.0,1.0
401882921,2026-08-27,laliga,2026,14357,Athletic Club,Barcelona,0,362572,Hugo Rincón,RB,1,1.0,15,1.0,3.0,0.0,2.0,0.0,0.0,0.0,,0.0,0.0,0.0,0.0,0.0,0.0
401882921,2026-08-27,laliga,2026,14357,Athletic Club,Barcelona,0,291616,Oihan Sancet,AM,1,1.0,8,0.0,1.0,0.0,2.0,2.0,0.0,0.0,,0.0,0.0,0.0,0.0,2.0,0.0
401882921,2026-08-27,laliga,2026,14357,Athletic Club,Barcelona,0,388805,Peio Canales,LM,1,1.0,28,0.0,0.0,0.0,2.0,0.0,0.0,0.0,,0.0,0.0,0.0,0.0,0.0,0.0
401882921,2026-08-27,laliga,2026,14357,Athletic Club,Barcelona,0,377792,Mikel Jauregizar,RM,1,1.0,18,1.0,0.0,0.0,1.0,0.0,0.0,0.0,,0.0,0.0,0.0,0.0,0.0,0.0
401882921,2026-08-27,laliga,2026,14357,Athletic Club,Barcelona,0,231905,Gorka Guruzeta,F,1,1.0,11,1.0,1.0,0.0,1.0,0.0,0.0,0.0,,0.0,0.0,0.0,0.0,0.0,1.0
401882921,2026-08-27,laliga,2026,14357,Athletic Club,Barcelona,0,312146,Nico Williams,AM-L,1,1.0,10,0.0,0.0,0.0,1.0,1.0,0.0,0.0,,0.0,0.0,0.0,0.0,1.0,0.0
401882921,2026-08-27,laliga,2026,14357,Athletic Club,Barcelona,0,214412,Iñaki Williams,AM-R,1,1.0,9,1.0,2.0,0.0,1.0,1.0,0.0,0.0,,0.0,0.0,0.0,0.0,0.0,0.0
401882921,2026-08-27,laliga,2026,14357,Athletic Club,Barcelona,0,209579,Álex Berenguer,SUB,0,1.0,7,0.0,0.0,0.0,1.0,1.0,0.0,0.0,,0.0,0.0,1.0,0.0,1.0,0.0
401882921,2026-08-27,laliga,2026,14357,Athletic Club,Barcelona,0,411235,Iker Monreal,SUB,0,0.0,30,0.0,0.0,0.0,0.0,0.0,0.0,0.0,,0.0,0.0,0.0,0.0,0.0,0.0
401882921,2026-08-27,laliga,2026,14357,Athletic Club,Barcelona,0,308254,Aitor Paredes,SUB,0,0.0,4,0.0,0.0,0.0,0.0,0.0,0.0,0.0,,0.0,0.0,0.0,0.0,0.0,0.0
401882921,2026-08-27,laliga,2026,14357,Athletic Club,Barcelona,0,276996,Robert Navarro,SUB,0,1.0,23,0.0,0.0,0.0,1.0,0.0,0.0,0.0,,0.0,0.0,1.0,0.0,0.0,0.0
401882921,2026-08-27,laliga,2026,14357,Athletic Club,Barcelona,0,300876,Jesús Areso,SUB,0,0.0,12,0.0,0.0,0.0,0.0,0.0,0.0,0.0,,0.0,0.0,0.0,0.0,0.0,0.0
401882921,2026-08-27,laliga,2026,14357,Athletic Club,Barcelona,0,403371,Alejandro Rego,SUB,0,0.0,20,0.0,0.0,0.0,0.0,0.0,0.0,0.0,,0.0,0.0,0.0,0.0,0.0,0.0
401882921,2026-08-27,laliga,2026,14357,Athletic Club,Barcelona,0,393762,Maroan Sannadi,SUB,0,0.0,21,0.0,0.0,0.0,0.0,0.0,0.0,0.0,,0.0,0.0,0.0,0.0,0.0,0.0
401882921,2026-08-27,laliga,2026,14357,Athletic Club,Barcelona,0,157708,Iñigo Ruiz de Galarreta,SUB,0,0.0,16,0.0,0.0,0.0,0.0,0.0,0.0,0.0,,0.0,0.0,0.0,0.0,0.0,0.0
401882921,2026-08-27,laliga,2026,14357,Athletic Club,Barcelona,0,347033,Álvaro Djaló,SUB,0,1.0,25,0.0,0.0,0.0,1.0,0.0,0.0,0.0,,0.0,0.0,1.0,0.0,0.0,0.0
401882921,2026-08-27,laliga,2026,14357,Athletic Club,Barcelona,0,379707,Adama Boiro,SUB,0,1.0,19,0.0,1.0,0.0,1.0,0.0,0.0,0.0,,0.0,0.0,1.0,0.0,0.0,0.0
401882921,2026-08-27,laliga,2026,14357,Athletic Club,Barcelona,0,347411,Álex Padilla,SUB,0,0.0,13,0.0,0.0,0.0,0.0,,0.0,0.0,0.0,0.0,0.0,0.0,0.0,0.0,0.0
401882921,2026-08-27,laliga,2026,14357,Athletic Club,Barcelona,0,388803,Beñat Gerenabarrena,SUB,0,1.0,24,0.0,0.0,0.0,1.0,0.0,0.0,0.0,,0.0,0.0,1.0,0.0,0.0,0.0
401882924,2026-08-27,laliga,2026,14357,Celta Vigo,Osasuna,1,144720,Andrei Radu,G,1,1.0,13,0.0,0.0,0.0,2.0,,0.0,0.0,2.0,0.0,0.0,0.0,0.0,0.0,0.0
401882924,2026-08-27,laliga,2026,14357,Celta Vigo,Osasuna,1,384643,Yoel Lago,CD,1,1.0,29,2.0,0.0,0.0,2.0,0.0,0.0,0.0,,0.0,0.0,0.0,0.0,0.0,0.0
401882924,2026-08-27,laliga,2026,14357,Celta Vigo,Osasuna,1,146127,Marcos Alonso,CD-L,1,1.0,3,1.0,0.0,0.0,0.0,0.0,0.0,1.0,,0.0,0.0,0.0,0.0,0.0,0.0
401882924,2026-08-27,laliga,2026,14357,Celta Vigo,Osasuna,1,376147,Javi Rodríguez,CD-R,1,1.0,20,0.0,1.0,0.0,2.0,0.0,0.0,0.0,,0.0,0.0,0.0,0.0,0.0,0.0
401882924,2026-08-27,laliga,2026,14357,Celta Vigo,Osasuna,1,297829,Ilaix Moriba,CM-L,1,1.0,6,0.0,2.0,0.0,2.0,0.0,0.0,0.0,,0.0,0.0,0.0,0.0,0.0,0.0
401882924,2026-08-27,laliga,2026,14357,Celta Vigo,Osasuna,1,353736,Miguel Román,CM-R,1,1.0,8,1.0,1.0,1.0,2.0,0.0,0.0,0.0,,0.0,0.0,0.0,0.0,0.0,0.0
401882924,2026-08-27,laliga,2026,14357,Celta Vigo,Osasuna,1,231838,Javi Galán,LM,1,1.0,22,1.0,2.0,0.0,2.0,0.0,0.0,0.0,,0.0,0.0,0.0,0.0,0.0,0.0
401882924,2026-08-27,laliga,2026,14357,Celta Vigo,Osasuna,1,331586,Javi Rueda,RM,1,1.0,17,0.0,2.0,0.0,2.0,0.0,0.0,0.0,,0.0,0.0,0.0,0.0,0.0,0.0
401882924,2026-08-27,laliga,2026,14357,Celta Vigo,Osasuna,1,138448,Pablo Durán,F,1,1.0,11,1.0,1.0,0.0,2.0,3.0,0.0,0.0,,0.0,0.0,0.0,0.0,0.0,0.0
401882924,2026-08-27,laliga,2026,14357,Celta Vigo,Osasuna,1,322652,Williot Swedberg,CF-L,1,1.0,19,0.0,3.0,0.0,2.0,0.0,0.0,0.0,,0.0,0.0,0.0,0.0,0.0,0.0
401882924,2026-08-27,laliga,2026,14357,Celta Vigo,Osasuna,1,92800,Iago Aspas,CF-R,1,1.0,10,0.0,1.0,0.0,0.0,0.0,0.0,0.0,,0.0,1.0,0.0,1.0,1.0,0.0
401882924,2026-08-27,laliga,2026,14357,Celta Vigo,Osasuna,1,298343,Sergio Carreira,SUB,0,1.0,5,0.0,0.0,0.0,0.0,0.0,0.0,0.0,,0.0,0.0,1.0,0.0,1.0,0.0
401882924,2026-08-27,laliga,2026,14357,Celta Vigo,Osasuna,1,414292,Andrés Antañón,SUB,0,0.0,28,0.0,0.0,0.0,0.0,0.0,0.0,0.0,,0.0,0.0,0.0,0.0,0.0,0.0
401882924,2026-08-27,laliga,2026,14357,Celta Vigo,Osasuna,1,367430,Álvaro Núñez,SUB,0,0.0,15,0.0,0.0,0.0,0.0,0.0,0.0,0.0,,0.0,0.0,0.0,0.0,0.0,0.0
401882924,2026-08-27,laliga,2026,14357,Celta Vigo,Osasuna,1,274272,Altay Bayindir,SUB,0,0.0,1,0.0,0.0,0.0,0.0,,0.0,0.0,0.0,0.0,0.0,0.0,0.0,0.0,0.0
401882924,2026-08-27,laliga,2026,14357,Celta Vigo,Osasuna,1,240235,Aleix Febas,SUB,0,0.0,14,0.0,0.0,0.0,0.0,0.0,0.0,0.0,,0.0,0.0,0.0,0.0,0.0,0.0
401882924,2026-08-27,laliga,2026,14357,Celta Vigo,Osasuna,1,188391,Hugo Álvarez,SUB,0,1.0,23,0.0,0.0,0.0,0.0,0.0,0.0,0.0,,0.0,0.0,1.0,0.0,0.0,0.0
401882924,2026-08-27,laliga,2026,14357,Celta Vigo,Osasuna,1,21990,Abdoulaye Faye,SUB,0,0.0,4,0.0,0.0,0.0,0.0,0.0,0.0,0.0,,0.0,0.0,0.0,0.0,0.0,0.0
401882924,2026-08-27,laliga,2026,14357,Celta Vigo,Osasuna,1,195790,Carl Starfelt,SUB,0,1.0,2,1.0,1.0,0.0,2.0,0.0,0.0,0.0,,0.0,0.0,1.0,0.0,1.0,0.0
401882924,2026-08-27,laliga,2026,14357,Celta Vigo,Osasuna,1,324811,Hugo Gonzalez,SUB,0,0.0,16,0.0,0.0,0.0,0.0,0.0,0.0,0.0,,0.0,0.0,0.0,0.0,0.0,0.0
401882924,2026-08-27,laliga,2026,14357,Celta Vigo,Osasuna,1,334111,Jones El-Abdellaoui,SUB,0,1.0,39,0.0,1.0,0.0,0.0,0.0,0.0,0.0,,0.0,1.0,1.0,0.0,1.0,0.0
401882924,2026-08-27,laliga,2026,14357,Celta Vigo,Osasuna,1,279904,Ferran Jutglà,SUB,0,1.0,9,0.0,0.0,0.0,0.0,0.0,0.0,0.0,,0.0,0.0,1.0,0.0,0.0,0.0
401882924,2026-08-27,laliga,2026,14357,Celta Vigo,Osasuna,1,414293,Hugo Burcio,SUB,0,0.0,30,0.0,0.0,0.0,0.0,0.0,0.0,0.0,,0.0,0.0,0.0,0.0,0.0,0.0
401882924,2026-08-27,laliga,2026,14357,Osasuna,Celta Vigo,0,191360,Sergio Herrera,G,1,1.0,1,0.0,0.0,0.0,1.0,,0.0,0.0,1.0,0.0,0.0,0.0,0.0,0.0,0.0
401882924,2026-08-27,laliga,2026,14357,Osasuna,Celta Vigo,0,264175,Alejandro Catena,CD,1,1.0,24,1.0,0.0,0.0,1.0,0.0,0.0,0.0,,0.0,0.0,0.0,0.0,0.0,0.0
401882924,2026-08-27,laliga,2026,14357,Osasuna,Celta Vigo,0,307019,Jorge Herrando,CD-L,1,1.0,5,1.0,1.0,0.0,1.0,0.0,0.0,0.0,,0.0,0.0,0.0,0.0,0.0,0.0
401882924,2026-08-27,laliga,2026,14357,Osasuna,Celta Vigo,0,381628,Asier Osambela,CD-R,1,1.0,29,3.0,0.0,0.0,1.0,0.0,0.0,0.0,,0.0,0.0,0.0,0.0,0.0,0.0
401882924,2026-08-27,laliga,2026,14357,Osasuna,Celta Vigo,0,300284,Abel Bretones,LB,1,1.0,23,2.0,0.0,0.0,1.0,1.0,0.0,0.0,,0.0,0.0,0.0,0.0,1.0,0.0
401882924,2026-08-27,laliga,2026,14357,Osasuna,Celta Vigo,0,380918,Iñigo Arguibide,RB,1,1.0,27,1.0,0.0,0.0,1.0,1.0,0.0,0.0,,0.0,0.0,0.0,0.0,0.0,0.0
401882924,2026-08-27,laliga,2026,14357,Osasuna,Celta Vigo,0,170154,Lucas Torró,CM-L,1,1.0,6,1.0,0.0,0.0,1.0,0.0,0.0,0.0,,0.0,0.0,0.0,0.0,1.0,0.0
401882924,2026-08-27,laliga,2026,14357,Osasuna,Celta Vigo,0,286176,Jon Moncayola,CM-R,1,1.0,7,1.0,0.0,0.0,1.0,0.0,0.0,0.0,,0.0,0.0,0.0,0.0,0.0,1.0
401882924,2026-08-27,laliga,2026,14357,Osasuna,Celta Vigo,0,209580,Enrique Barja,LM,1,1.0,11,1.0,0.0,0.0,1.0,1.0,0.0,0.0,,0.0,1.0,0.0,1.0,2.0,0.0
401882924,2026-08-27,laliga,2026,14357,Osasuna,Celta Vigo,0,311969,Jonathan Dubasin,RM,1,1.0,21,0.0,0.0,0.0,1.0,0.0,0.0,0.0,,0.0,0.0,0.0,0.0,0.0,0.0
401882924,2026-08-27,laliga,2026,14357,Osasuna,Celta Vigo,0,296163,Raúl García,F,1,1.0,9,1.0,1.0,1.0,1.0,1.0,0.0,0.0,,0.0,2.0,0.0,0.0,3.0,0.0
401882924,2026-08-27,laliga,2026,14357,Osasuna,Celta Vigo,0,207288,Ante Budimir,SUB,0,1.0,17,1.0,2.0,0.0,0.0,0.0,0.0,0.0,,0.0,2.0,1.0,1.0,4.0,0.0
401882924,2026-08-27,laliga,2026,14357,Osasuna,Celta Vigo,0,178328,Rubén García,SUB,0,1.0,14,0.0,0.0,0.0,0.0,0.0,0.0,0.0,,0.0,0.0,1.0,0.0,1.0,0.0
401882924,2026-08-27,laliga,2026,14357,Osasuna,Celta Vigo,0,415867,Unai Santos,SUB,0,0.0,35,0.0,0.0,0.0,0.0,0.0,0.0,0.0,,0.0,0.0,0.0,0.0,0.0,0.0
401882924,2026-08-27,laliga,2026,14357,Osasuna,Celta Vigo,0,359154,Iker Muñoz,SUB,0,1.0,8,1.0,1.0,0.0,0.0,0.0,0.0,0.0,,0.0,0.0,1.0,0.0,1.0,0.0
401882924,2026-08-27,laliga,2026,14357,Osasuna,Celta Vigo,0,144759,Aitor Fernández,SUB,0,0.0,13,0.0,0.0,0.0,0.0,,0.0,0.0,0.0,0.0,0.0,0.0,0.0,0.0,0.0
401882924,2026-08-27,laliga,2026,14357,Osasuna,Celta Vigo,0,288760,Aimar Oroz,SUB,0,1.0,10,1.0,0.0,0.0,0.0,0.0,0.0,0.0,,0.0,0.0,1.0,0.0,0.0,0.0
401882924,2026-08-27,laliga,2026,14357,Osasuna,Celta Vigo,0,409475,Mauro Echegoyen,SUB,0,0.0,26,0.0,0.0,0.0,0.0,0.0,0.0,0.0,,0.0,0.0,0.0,0.0,0.0,0.0
401882924,2026-08-27,laliga,2026,14357,Osasuna,Celta Vigo,0,307905,Enzo Boyomo,SUB,0,0.0,22,0.0,0.0,0.0,0.0,0.0,0.0,0.0,,0.0,0.0,0.0,0.0,0.0,0.0
401882924,2026-08-27,laliga,2026,14357,Osasuna,Celta Vigo,0,193943,Diego Rico,SUB,0,0.0,15,0.0,0.0,0.0,0.0,0.0,0.0,0.0,,0.0,0.0,0.0,0.0,0.0,0.0
401882924,2026-08-27,laliga,2026,14357,Osasuna,Celta Vigo,0,169089,Moi Gómez,SUB,0,1.0,16,1.0,1.0,0.0,0.0,0.0,0.0,0.0,,0.0,0.0,1.0,0.0,0.0,0.0
401882924,2026-08-27,laliga,2026,14357,Osasuna,Celta Vigo,0,3129002,Asier Bonel Aicua,SUB,0,0.0,30,0.0,0.0,0.0,0.0,0.0,0.0,0.0,,0.0,0.0,0.0,0.0,0.0,0.0
401882924,2026-08-27,laliga,2026,14357,Osasuna,Celta Vigo,0,303906,Raúl Moro,SUB,0,0.0,18,0.0,0.0,0.0,0.0,0.0,0.0,0.0,,0.0,0.0,0.0,0.0,0.0,0.0
401882900,2026-08-28,laliga,2026,14357,Racing Santander,Elche,1,323970,Julen Agirrezabala,G,1,1.0,13,0.0,0.0,0.0,2.0,,0.0,0.0,5.0,0.0,0.0,0.0,0.0,0.0,0.0
401882900,2026-08-28,laliga,2026,14357,Racing Santander,Elche,1,367499,Facundo González,CD-L,1,1.0,16,2.0,2.0,0.0,2.0,0.0,0.0,0.0,,0.0,0.0,0.0,0.0,0.0,1.0
401882900,2026-08-28,laliga,2026,14357,Racing Santander,Elche,1,259839,Manu,CD-R,1,1.0,4,1.0,0.0,0.0,2.0,0.0,0.0,0.0,,0.0,0.0,0.0,0.0,0.0,0.0
401882900,2026-08-28,laliga,2026,14357,Racing Santander,Elche,1,178237,Jorge Salinas,LB,1,1.0,17,1.0,1.0,0.0,2.0,0.0,0.0,0.0,,0.0,1.0,0.0,0.0,1.0,0.0
401882900,2026-08-28,laliga,2026,14357,Racing Santander,Elche,1,300471,Alvaro Mantilla,RB,1,1.0,2,2.0,1.0,0.0,2.0,0.0,0.0,0.0,,0.0,0.0,0.0,0.0,0.0,1.0
401882900,2026-08-28,laliga,2026,14357,Racing Santander,Elche,1,125383,Sergio Canales,AM,1,1.0,20,0.0,1.0,0.0,2.0,0.0,0.0,0.0,,0.0,1.0,0.0,0.0,5.0,0.0
401882900,2026-08-28,laliga,2026,14357,Racing Santander,Elche,1,341736,Gustavo Puerta,LM,1,1.0,8,3.0,5.0,0.0,2.0,0.0,0.0,0.0,,0.0,0.0,0.0,0.0,0.0,0.0
401882900,2026-08-28,laliga,2026,14357,Racing Santander,Elche,1,330545,Iván Martín,RM,1,1.0,23,2.0,2.0,0.0,2.0,1.0,0.0,0.0,,0.0,0.0,0.0,0.0,1.0,0.0
401882900,2026-08-28,laliga,2026,14357,Racing Santander,Elche,1,390389,Yassir Zabiri,F,1,1.0,21,1.0,0.0,0.0,0.0,1.0,0.0,0.0,,0.0,3.0,0.0,3.0,5.0,0.0
401882900,2026-08-28,laliga,2026,14357,Racing Santander,Elche,1,284699,Iñigo Vicente,AM-L,1,1.0,10,1.0,1.0,1.0,0.0,0.0,0.0,0.0,,0.0,0.0,0.0,0.0,0.0,0.0
401882900,2026-08-28,laliga,2026,14357,Racing Santander,Elche,1,3141,Andrés Martín,AM-R,1,1.0,11,0.0,2.0,0.0,0.0,1.0,0.0,0.0,,0.0,0.0,0.0,0.0,0.0,0.0
401882900,2026-08-28,laliga,2026,14357,Racing Santander,Elche,1,282672,Pablo Ramon,SUB,0,0.0,5,0.0,0.0,0.0,0.0,0.0,0.0,0.0,,0.0,0.0,0.0,0.0,0.0,0.0
401882900,2026-08-28,laliga,2026,14357,Racing Santander,Elche,1,409318,Sergio Martínez,SUB,0,0.0,36,0.0,0.0,0.0,0.0,0.0,0.0,0.0,,0.0,0.0,0.0,0.0,0.0,0.0
401882900,2026-08-28,laliga,2026,14357,Racing Santander,Elche,1,342654,Maguette Gueye,SUB,0,1.0,14,2.0,0.0,0.0,0.0,0.0,0.0,0.0,,0.0,0.0,1.0,0.0,0.0,0.0
401882900,2026-08-28,laliga,2026,14357,Racing Santander,Elche,1,334268,Juan Carlos Arana,SUB,0,0.0,9,0.0,0.0,0.0,0.0,0.0,0.0,0.0,,0.0,0.0,0.0,0.0,0.0,0.0
401882900,2026-08-28,laliga,2026,14357,Racing Santander,Elche,1,289439,Giorgi Guliashvili,SUB,0,1.0,7,1.0,1.0,0.0,2.0,0.0,0.0,0.0,,0.0,0.0,1.0,0.0,0.0,0.0
401882900,2026-08-28,laliga,2026,14357,Racing Santander,Elche,1,107960,Matteo Prati,SUB,0,1.0,18,1.0,0.0,0.0,2.0,0.0,0.0,0.0,,0.0,0.0,1.0,0.0,0.0,0.0
401882900,2026-08-28,laliga,2026,14357,Racing Santander,Elche,1,396027,Diego Diaz,SUB,0,0.0,34,0.0,0.0,0.0,0.0,0.0,0.0,0.0,,0.0,0.0,0.0,0.0,0.0,0.0
401882900,2026-08-28,laliga,2026,14357,Racing Santander,Elche,1,3100788,Hugo Pérez Sañudo,SUB,0,0.0,38,0.0,0.0,0.0,0.0,0.0,0.0,0.0,,0.0,0.0,0.0,0.0,0.0,0.0
401882900,2026-08-28,laliga,2026,14357,Racing Santander,Elche,1,279699,Íñigo Sainz,SUB,0,0.0,6,0.0,0.0,0.0,0.0,0.0,0.0,0.0,,0.0,0.0,0.0,0.0,0.0,0.0
401882900,2026-08-28,laliga,2026,14357,Racing Santander,Elche,1,222365,Asier Villalibre,SUB,0,1.0,12,0.0,1.0,0.0,2.0,0.0,0.0,0.0,,0.0,1.0,1.0,0.0,1.0,0.0
401882900,2026-08-28,laliga,2026,14357,Racing Santander,Elche,1,421199,Carlos Sánchez,SUB,0,0.0,30,0.0,0.0,0.0,0.0,0.0,0.0,0.0,,0.0,0.0,0.0,0.0,0.0,0.0
401882900,2026-08-28,laliga,2026,14357,Racing Santander,Elche,1,400222,Simon Eriksson,SUB,0,0.0,1,0.0,0.0,0.0,0.0,,0.0,0.0,0.0,0.0,0.0,0.0,0.0,0.0,0.0
401882900,2026-08-28,laliga,2026,14357,Elche,Racing Santander,0,173749,Matías Dituro,G,1,1.0,1,0.0,0.0,0.0,3.0,,0.0,0.0,3.0,0.0,0.0,0.0,0.0,0.0,0.0
401882900,2026-08-28,laliga,2026,14357,Elche,Racing Santander,0,265995,Víctor Chust,CD,1,1.0,23,0.0,0.0,0.0,3.0,0.0,0.0,0.0,,0.0,0.0,0.0,0.0,1.0,0.0
401882900,2026-08-28,laliga,2026,14357,Elche,Racing Santander,0,167297,Pedro Bigas,CD-L,1,1.0,6,1.0,0.0,0.0,3.0,0.0,0.0,0.0,,0.0,0.0,0.0,0.0,0.0,0.0
401882900,2026-08-28,laliga,2026,14357,Elche,Racing Santander,0,313230,David Affengruber,CD-R,1,1.0,22,0.0,2.0,0.0,3.0,0.0,0.0,0.0,,0.0,0.0,0.0,0.0,2.0,0.0
401882900,2026-08-28,laliga,2026,14357,Elche,Racing Santander,0,297358,Germán Valera,LB,1,1.0,11,2.0,1.0,0.0,3.0,0.0,0.0,0.0,,0.0,0.0,0.0,0.0,0.0,0.0
401882900,2026-08-28,laliga,2026,14357,Elche,Racing Santander,0,371608,Buba Sangaré,RB,1,1.0,2,1.0,2.0,0.0,3.0,0.0,0.0,0.0,,0.0,1.0,0.0,1.0,1.0,0.0
401882900,2026-08-28,laliga,2026,14357,Elche,Racing Santander,0,301406,Marc Aguado,CM-L,1,1.0,8,0.0,1.0,0.0,3.0,0.0,0.0,0.0,,0.0,0.0,0.0,0.0,0.0,0.0
401882900,2026-08-28,laliga,2026,14357,Elche,Racing Santander,0,273424,Gonzalo Villar,CM-R,1,1.0,12,3.0,5.0,0.0,3.0,0.0,0.0,0.0,,0.0,1.0,0.0,0.0,2.0,0.0
401882900,2026-08-28,laliga,2026,14357,Elche,Racing Santander,0,376156,Ali Houary,LM,1,1.0,29,1.0,1.0,0.0,3.0,0.0,0.0,0.0,,0.0,1.0,0.0,0.0,1.0,0.0
401882900,2026-08-28,laliga,2026,14357,Elche,Racing Santander,0,318284,Facundo Buonanotte,RM,1,1.0,10,3.0,1.0,0.0,3.0,0.0,0.0,0.0,,0.0,1.0,0.0,0.0,3.0,1.0
401882900,2026-08-28,laliga,2026,14357,Elche,Racing Santander,0,301684,Fer Niño,F,1,1.0,14,0.0,2.0,0.0,3.0,0.0,0.0,0.0,,0.0,2.0,0.0,1.0,3.0,0.0
401882900,2026-08-28,laliga,2026,14357,Elche,Racing Santander,0,242739,Grady Diangana,SUB,0,0.0,19,0.0,0.0,0.0,0.0,0.0,0.0,0.0,,0.0,0.0,0.0,0.0,0.0,0.0
401882900,2026-08-28,laliga,2026,14357,Elche,Racing Santander,0,389448,Matia Barzic,SUB,0,0.0,26,0.0,0.0,0.0,0.0,0.0,0.0,0.0,,0.0,0.0,0.0,0.0,0.0,0.0
401882900,2026-08-28,laliga,2026,14357,Elche,Racing Santander,0,318181,Federico Redondo,SUB,0,0.0,5,0.0,0.0,0.0,0.0,0.0,0.0,0.0,,0.0,0.0,0.0,0.0,0.0,0.0
401882900,2026-08-28,laliga,2026,14357,Elche,Racing Santander,0,214330,Josan,SUB,0,1.0,17,0.0,0.0,0.0,0.0,0.0,0.0,0.0,,0.0,0.0,1.0,0.0,0.0,0.0
401882900,2026-08-28,laliga,2026,14357,Elche,Racing Santander,0,336840,Abiel Osorio,SUB,0,0.0,24,0.0,0.0,0.0,0.0,0.0,0.0,0.0,,0.0,0.0,0.0,0.0,0.0,0.0
401882900,2026-08-28,laliga,2026,14357,Elche,Racing Santander,0,330433,Alejandro Iturbe,SUB,0,0.0,43,0.0,0.0,0.0,0.0,,0.0,0.0,0.0,0.0,0.0,0.0,0.0,0.0,0.0
401882900,2026-08-28,laliga,2026,14357,Elche,Racing Santander,0,3129647,Álvaro Padilla Escribá,SUB,0,0.0,30,0.0,0.0,0.0,0.0,0.0,0.0,0.0,,0.0,0.0,0.0,0.0,0.0,0.0
401882900,2026-08-28,laliga,2026,14357,Elche,Racing Santander,0,340677,Martim Neto,SUB,0,0.0,16,0.0,0.0,0.0,0.0,0.0,0.0,0.0,,0.0,0.0,0.0,0.0,0.0,0.0
401882900,2026-08-28,laliga,2026,14357,Elche,Racing Santander,0,194553,Ezequiel Ponce,SUB,0,1.0,9,2.0,1.0,0.0,0.0,1.0,0.0,0.0,,0.0,0.0,1.0,0.0,1.0,0.0
401882900,2026-08-28,laliga,2026,14357,Elche,Racing Santander,0,421310,Javier Morcillo,SUB,0,1.0,47,1.0,0.0,0.0,0.0,0.0,0.0,0.0,,0.0,0.0,1.0,0.0,0.0,0.0
401882900,2026-08-28,laliga,2026,14357,Elche,Racing Santander,0,259916,José Antonio Morente,SUB,0,1.0,20,3.0,0.0,1.0,0.0,0.0,0.0,0.0,,0.0,0.0,1.0,0.0,1.0,0.0
401882900,2026-08-28,laliga,2026,14357,Elche,Racing Santander,0,320648,Lucas Cepeda,SUB,0,1.0,21,2.0,0.0,1.0,0.0,0.0,0.0,0.0,,0.0,1.0,1.0,0.0,3.0,0.0
401882906,2026-08-28,laliga,2026,14357,Alavés,Villarreal,1,200910,Antonio Sivera,G,1,1.0,1,0.0,0.0,0.0,0.0,,0.0,0.0,6.0,0.0,0.0,0.0,0.0,0.0,1.0
401882906,2026-08-28,laliga,2026,14357,Alavés,Villarreal,1,149306,Ville Koski,CD,1,1.0,16,0.0,0.0,0.0,0.0,0.0,0.0,0.0,,0.0,0.0,0.0,0.0,0.0,0.0
401882906,2026-08-28,laliga,2026,14357,Alavés,Villarreal,1,176312,Jonny,CD-L,1,1.0,17,0.0,0.0,0.0,0.0,0.0,0.0,0.0,,0.0,0.0,0.0,0.0,1.0,0.0
401882906,2026-08-28,laliga,2026,14357,Alavés,Villarreal,1,262491,Nahuel Tenaglia,CD-R,1,1.0,14,2.0,1.0,0.0,0.0,1.0,0.0,0.0,,0.0,0.0,0.0,0.0,0.0,0.0
401882906,2026-08-28,laliga,2026,14357,Alavés,Villarreal,1,345991,Abde Rebbach,LB,1,1.0,21,1.0,0.0,0.0,0.0,0.0,0.0,0.0,,0.0,0.0,0.0,0.0,0.0,1.0
401882906,2026-08-28,laliga,2026,14357,Alavés,Villarreal,1,374621,Ángel Pérez,RB,1,1.0,7,0.0,0.0,1.0,0.0,2.0,0.0,0.0,,0.0,0.0,0.0,0.0,2.0,0.0
401882906,2026-08-28,laliga,2026,14357,Alavés,Villarreal,1,265997,Antonio Blanco,CM,1,1.0,8,2.0,0.0,0.0,0.0,0.0,0.0,0.0,,0.0,0.0,0.0,0.0,1.0,0.0
401882906,2026-08-28,laliga,2026,14357,Alavés,Villarreal,1,396612,Mikel Rodriguez,CM-L,1,1.0,18,1.0,1.0,0.0,0.0,1.0,0.0,0.0,,0.0,0.0,0.0,0.0,0.0,0.0
401882906,2026-08-28,laliga,2026,14357,Alavés,Villarreal,1,106326,Pablo Ibáñez,CM-R,1,1.0,19,1.0,0.0,0.0,0.0,0.0,0.0,0.0,,0.0,0.0,0.0,0.0,2.0,0.0
401882906,2026-08-28,laliga,2026,14357,Alavés,Villarreal,1,207236,Lucas Boyé,CF-L,1,1.0,15,4.0,1.0,0.0,0.0,0.0,0.0,0.0,,0.0,2.0,0.0,1.0,3.0,0.0
401882906,2026-08-28,laliga,2026,14357,Alavés,Villarreal,1,181757,Toni Martínez,CF-R,1,1.0,11,1.0,2.0,0.0,0.0,0.0,0.0,0.0,,0.0,0.0,0.0,0.0,0.0,0.0
401882906,2026-08-28,laliga,2026,14357,Alavés,Villarreal,1,253754,Carlos Protesoni,SUB,0,1.0,23,0.0,0.0,0.0,0.0,0.0,0.0,0.0,,0.0,0.0,1.0,0.0,0.0,0.0
401882906,2026-08-28,laliga,2026,14357,Alavés,Villarreal,1,415276,Xanet Oláiz,SUB,0,0.0,27,0.0,0.0,0.0,0.0,0.0,0.0,0.0,,0.0,0.0,0.0,0.0,0.0,0.0
401882906,2026-08-28,laliga,2026,14357,Alavés,Villarreal,1,260256,Ander Guevara,SUB,0,0.0,6,0.0,0.0,0.0,0.0,0.0,0.0,0.0,,0.0,0.0,0.0,0.0,0.0,0.0
401882906,2026-08-28,laliga,2026,14357,Alavés,Villarreal,1,198832,Mariano Díaz,SUB,0,1.0,9,1.0,0.0,0.0,0.0,1.0,0.0,0.0,,0.0,0.0,1.0,0.0,0.0,1.0
401882906,2026-08-28,laliga,2026,14357,Alavés,Villarreal,1,379231,Aitor Mañas,SUB,0,1.0,20,1.0,1.0,0.0,0.0,0.0,0.0,0.0,,0.0,0.0,1.0,0.0,0.0,0.0
401882906,2026-08-28,laliga,2026,14357,Alavés,Villarreal,1,318084,Nicolás Valentini,SUB,0,0.0,2,0.0,0.0,0.0,0.0,0.0,0.0,0.0,,0.0,0.0,0.0,0.0,0.0,0.0
401882906,2026-08-28,laliga,2026,14357,Alavés,Villarreal,1,83494,Miguel Rodríguez,SUB,0,0.0,22,0.0,0.0,0.0,0.0,0.0,0.0,0.0,,0.0,0.0,0.0,0.0,0.0,0.0
401882906,2026-08-28,laliga,2026,14357,Alavés,Villarreal,1,382532,Youssef Lekhedim,SUB,0,1.0,3,1.0,2.0,0.0,0.0,0.0,0.0,0.0,,0.0,0.0,1.0,0.0,0.0,0.0
401882906,2026-08-28,laliga,2026,14357,Alavés,Villarreal,1,163068,Denis Suárez,SUB,0,1.0,4,0.0,0.0,0.0,0.0,0.0,0.0,0.0,,0.0,0.0,1.0,0.0,0.0,0.0
401882906,2026-08-28,laliga,2026,14357,Alavés,Villarreal,1,150374,Adrián Rodríguez,SUB,0,0.0,13,0.0,0.0,0.0,0.0,,0.0,0.0,0.0,0.0,0.0,0.0,0.0,0.0,0.0
401882906,2026-08-28,laliga,2026,14357,Alavés,Villarreal,1,233802,Carles Aleñá,SUB,0,0.0,10,0.0,0.0,0.0,0.0,0.0,0.0,0.0,,0.0,0.0,0.0,0.0,0.0,0.0
401882906,2026-08-28,laliga,2026,14357,Alavés,Villarreal,1,305608,Hugo Novoa,SUB,0,0.0,12,0.0,0.0,0.0,0.0,0.0,0.0,0.0,,0.0,0.0,0.0,0.0,0.0,0.0
401882906,2026-08-28,laliga,2026,14357,Villarreal,Alavés,0,307648,Luiz Júnior,G,1,1.0,1,0.0,0.0,0.0,1.0,,0.0,0.0,1.0,0.0,0.0,0.0,0.0,0.0,0.0
401882906,2026-08-28,laliga,2026,14357,Villarreal,Alavés,0,337011,Renato Veiga,CD-L,1,1.0,12,1.0,0.0,0.0,1.0,0.0,0.0,0.0,,0.0,0.0,0.0,0.0,2.0,1.0
401882906,2026-08-28,laliga,2026,14357,Villarreal,Alavés,0,242710,Juan Foyth,CD-R,1,1.0,8,1.0,2.0,0.0,1.0,0.0,0.0,0.0,,0.0,1.0,0.0,0.0,4.0,0.0
401882906,2026-08-28,laliga,2026,14357,Villarreal,Alavés,0,271904,Carlos Romero,LB,1,1.0,20,0.0,0.0,0.0,1.0,0.0,0.0,0.0,,0.0,0.0,0.0,0.0,1.0,0.0
401882906,2026-08-28,laliga,2026,14357,Villarreal,Alavés,0,318098,Santiago Mouriño,RB,1,1.0,15,1.0,2.0,0.0,1.0,0.0,0.0,0.0,,0.0,0.0,0.0,0.0,1.0,0.0
401882906,2026-08-28,laliga,2026,14357,Villarreal,Alavés,0,255889,Pape Gueye,CM-L,1,1.0,18,2.0,2.0,0.0,1.0,1.0,0.0,0.0,,0.0,0.0,0.0,0.0,0.0,0.0
401882906,2026-08-28,laliga,2026,14357,Villarreal,Alavés,0,240623,Santi Comesaña,CM-R,1,1.0,14,1.0,1.0,0.0,1.0,1.0,0.0,0.0,,0.0,0.0,0.0,0.0,0.0,0.0
401882906,2026-08-28,laliga,2026,14357,Villarreal,Alavés,0,284769,Tajon Buchanan,LM,1,1.0,17,1.0,3.0,0.0,1.0,0.0,0.0,0.0,,0.0,1.0,0.0,0.0,1.0,0.0
401882906,2026-08-28,laliga,2026,14357,Villarreal,Alavés,0,210397,Nicolas Pépé,RM,1,1.0,19,0.0,2.0,0.0,1.0,0.0,0.0,0.0,,0.0,2.0,0.0,0.0,3.0,1.0
401882906,2026-08-28,laliga,2026,14357,Villarreal,Alavés,0,300002,Georges Mikautadze,CF-L,1,1.0,9,0.0,0.0,0.0,1.0,1.0,0.0,0.0,,0.0,0.0,0.0,0.0,1.0,0.0
401882906,2026-08-28,laliga,2026,14357,Villarreal,Alavés,0,156172,Gerard Moreno,CF-R,1,1.0,7,1.0,0.0,0.0,1.0,1.0,0.0,0.0,,0.0,1.0,0.0,0.0,3.0,0.0
401882906,2026-08-28,laliga,2026,14357,Villarreal,Alavés,0,311163,Nathan Saliba,SUB,0,0.0,24,0.0,0.0,0.0,0.0,0.0,0.0,0.0,,0.0,0.0,0.0,0.0,0.0,0.0
401882906,2026-08-28,laliga,2026,14357,Villarreal,Alavés,0,415438,Carlos Macià,SUB,0,0.0,26,0.0,0.0,0.0,0.0,0.0,0.0,0.0,,0.0,0.0,0.0,0.0,0.0,0.0
401882906,2026-08-28,laliga,2026,14357,Villarreal,Alavés,0,331047,Ilias Akhomach,SUB,0,1.0,11,0.0,1.0,0.0,0.0,0.0,0.0,0.0,,0.0,0.0,1.0,0.0,0.0,0.0
401882906,2026-08-28,laliga,2026,14357,Villarreal,Alavés,0,271129,Logan Costa,SUB,0,0.0,2,0.0,0.0,0.0,0.0,0.0,0.0,0.0,,0.0,0.0,0.0,0.0,0.0,0.0
401882906,2026-08-28,laliga,2026,14357,Villarreal,Alavés,0,294039,Tani Oluwaseyi,SUB,0,1.0,21,0.0,0.0,0.0,0.0,0.0,0.0,0.0,,0.0,0.0,1.0,0.0,0.0,0.0
401882906,2026-08-28,laliga,2026,14357,Villarreal,Alavés,0,192133,Ayoze Pérez,SUB,0,1.0,22,0.0,1.0,0.0,0.0,0.0,0.0,0.0,,0.0,1.0,1.0,0.0,3.0,0.0
401882906,2026-08-28,laliga,2026,14357,Villarreal,Alavés,0,368878,Pau Navarro,SUB,0,0.0,6,0.0,0.0,0.0,0.0,0.0,0.0,0.0,,0.0,0.0,0.0,0.0,0.0,0.0
401882906,2026-08-28,laliga,2026,14357,Villarreal,Alavés,0,289072,Sergi Cardona,SUB,0,0.0,23,0.0,0.0,0.0,0.0,0.0,0.0,0.0,,0.0,0.0,0.0,0.0,0.0,0.0
401882906,2026-08-28,laliga,2026,14357,Villarreal,Alavés,0,119620,Péter Gulácsi,SUB,0,0.0,25,0.0,0.0,0.0,0.0,,0.0,0.0,0.0,0.0,0.0,0.0,0.0,0.0,0.0
401882906,2026-08-28,laliga,2026,14357,Villarreal,Alavés,0,396751,Alassane Diatta,SUB,0,0.0,5,0.0,0.0,0.0,0.0,0.0,0.0,0.0,,0.0,0.0,0.0,0.0,0.0,0.0
401882906,2026-08-28,laliga,2026,14357,Villarreal,Alavés,0,307390,Alberto Moleiro,SUB,0,1.0,10,0.0,0.0,0.0,0.0,0.0,0.0,0.0,,0.0,0.0,1.0,0.0,0.0,0.0
401882906,2026-08-28,laliga,2026,14357,Villarreal,Alavés,0,248276,Alex Freeman,SUB,0,1.0,3,0.0,1.0,0.0,0.0,0.0,0.0,0.0,,0.0,0.0,1.0,0.0,0.0,0.0
401882897,2026-08-29,laliga,2026,14357,Sevilla,Atlético Madrid,1,159135,Odisseas Vlachodimos,G,1,1.0,1,0.0,0.0,0.0,3.0,,0.0,0.0,2.0,0.0,0.0,0.0,0.0,0.0,0.0
401882897,2026-08-29,laliga,2026,14357,Sevilla,Atlético Madrid,1,334163,Enrique Salas,CD-L,1,1.0,4,2.0,2.0,0.0,3.0,0.0,0.0,0.0,,0.0,0.0,0.0,0.0,2.0,0.0
401882897,2026-08-29,laliga,2026,14357,Sevilla,Atlético Madrid,1,332246,Andrés Castrín,CD-R,1,1.0,5,0.0,0.0,0.0,3.0,0.0,0.0,0.0,,0.0,0.0,0.0,0.0,0.0,0.0
401882897,2026-08-29,laliga,2026,14357,Sevilla,Atlético Madrid,1,222037,Gabriel Suazo,LB,1,1.0,17,5.0,1.0,0.0,3.0,0.0,0.0,0.0,,0.0,0.0,0.0,0.0,1.0,1.0
401882897,2026-08-29,laliga,2026,14357,Sevilla,Atlético Madrid,1,279738,Juan Iglesias,RB,1,1.0,2,0.0,2.0,0.0,3.0,0.0,0.0,0.0,,0.0,0.0,0.0,0.0,1.0,0.0
401882897,2026-08-29,laliga,2026,14357,Sevilla,Atlético Madrid,1,347359,Peque,AM,1,1.0,10,2.0,4.0,0.0,3.0,0.0,0.0,0.0,,0.0,1.0,0.0,0.0,3.0,0.0
401882897,2026-08-29,laliga,2026,14357,Sevilla,Atlético Madrid,1,254320,Jon Guridi,LM,1,1.0,18,2.0,0.0,0.0,3.0,0.0,0.0,0.0,,0.0,1.0,0.0,0.0,1.0,0.0
401882897,2026-08-29,laliga,2026,14357,Sevilla,Atlético Madrid,1,282289,Lucien Agoumé,RM,1,1.0,6,1.0,2.0,0.0,3.0,0.0,0.0,0.0,,0.0,0.0,0.0,0.0,2.0,0.0
401882897,2026-08-29,laliga,2026,14357,Sevilla,Atlético Madrid,1,322993,Robbie Ure,F,1,1.0,9,3.0,1.0,1.0,3.0,0.0,0.0,0.0,,0.0,0.0,0.0,0.0,3.0,0.0
401882897,2026-08-29,laliga,2026,14357,Sevilla,Atlético Madrid,1,387493,Julio Díaz,AM-L,1,1.0,3,1.0,0.0,0.0,3.0,0.0,0.0,0.0,,0.0,0.0,0.0,0.0,0.0,0.0
401882897,2026-08-29,laliga,2026,14357,Sevilla,Atlético Madrid,1,375514,Miguel Sierra,AM-R,1,1.0,30,0.0,1.0,0.0,3.0,0.0,0.0,0.0,,0.0,3.0,0.0,1.0,4.0,0.0
401882897,2026-08-29,laliga,2026,14357,Sevilla,Atlético Madrid,1,362874,Fran González,SUB,0,0.0,13,0.0,0.0,0.0,0.0,,0.0,0.0,0.0,0.0,0.0,0.0,0.0,0.0,0.0
401882897,2026-08-29,laliga,2026,14357,Sevilla,Atlético Madrid,1,356228,Manu Bueno,SUB,0,0.0,28,0.0,0.0,0.0,0.0,0.0,0.0,0.0,,0.0,0.0,0.0,0.0,0.0,0.0
401882897,2026-08-29,laliga,2026,14357,Sevilla,Atlético Madrid,1,271635,Alfonso González,SUB,0,1.0,7,0.0,0.0,0.0,0.0,0.0,0.0,0.0,,0.0,0.0,1.0,0.0,0.0,0.0
401882897,2026-08-29,laliga,2026,14357,Sevilla,Atlético Madrid,1,365821,Isaac Romero,SUB,0,1.0,16,3.0,0.0,0.0,0.0,0.0,0.0,0.0,,0.0,0.0,1.0,0.0,0.0,1.0
401882897,2026-08-29,laliga,2026,14357,Sevilla,Atlético Madrid,1,258923,Giorgi Kochorashvili,SUB,0,1.0,8,1.0,1.0,0.0,0.0,0.0,0.0,0.0,,0.0,0.0,1.0,0.0,2.0,0.0
401882897,2026-08-29,laliga,2026,14357,Sevilla,Atlético Madrid,1,371543,Ibrahima Sow,SUB,0,0.0,37,0.0,0.0,0.0,0.0,0.0,0.0,0.0,,0.0,0.0,0.0,0.0,0.0,0.0
401882897,2026-08-29,laliga,2026,14357,Sevilla,Atlético Madrid,1,422137,Nico Guillén,SUB,0,0.0,27,0.0,0.0,0.0,0.0,0.0,0.0,0.0,,0.0,0.0,0.0,0.0,0.0,0.0
401882897,2026-08-29,laliga,2026,14357,Sevilla,Atlético Madrid,1,415742,Iker Ortín,SUB,0,0.0,34,0.0,0.0,0.0,0.0,0.0,0.0,0.0,,0.0,0.0,0.0,0.0,0.0,0.0
401882897,2026-08-29,laliga,2026,14357,Sevilla,Atlético Madrid,1,254270,Chidera Ejuke,SUB,0,1.0,21,0.0,2.0,0.0,0.0,1.0,0.0,0.0,,0.0,0.0,1.0,0.0,1.0,0.0
401882897,2026-08-29,laliga,2026,14357,Sevilla,Atlético Madrid,1,3131879,Manuel Ángel Castillo Rodríguez,SUB,0,0.0,26,0.0,0.0,0.0,0.0,0.0,0.0,0.0,,0.0,0.0,0.0,0.0,0.0,0.0
401882897,2026-08-29,laliga,2026,14357,Sevilla,Atlético Madrid,1,250508,José Ángel Carmona,SUB,0,0.0,22,0.0,0.0,0.0,0.0,0.0,0.0,0.0,,0.0,0.0,0.0,0.0,0.0,0.0
401882897,2026-08-29,laliga,2026,14357,Sevilla,Atlético Madrid,1,304213,Arouna Sangante,SUB,0,0.0,12,0.0,0.0,0.0,0.0,0.0,0.0,0.0,,0.0,0.0,0.0,0.0,0.0,0.0
401882897,2026-08-29,laliga,2026,14357,Atlético Madrid,Sevilla,0,149622,Jan Oblak,G,1,1.0,13,0.0,1.0,0.0,1.0,,0.0,0.0,4.0,0.0,0.0,0.0,0.0,0.0,0.0
401882897,2026-08-29,laliga,2026,14357,Atlético Madrid,Sevilla,0,257786,Dávid Hancko,CD-L,1,1.0,17,0.0,0.0,0.0,1.0,0.0,0.0,0.0,,0.0,0.0,0.0,0.0,0.0,0.0
401882897,2026-08-29,laliga,2026,14357,Atlético Madrid,Sevilla,0,332613,Marc Pubill,CD-R,1,1.0,18,1.0,2.0,0.0,1.0,0.0,0.0,0.0,,0.0,0.0,0.0,0.0,1.0,1.0
401882897,2026-08-29,laliga,2026,14357,Atlético Madrid,Sevilla,0,166396,Alejandro Grimaldo,LB,1,1.0,22,1.0,0.0,0.0,1.0,0.0,0.0,0.0,,0.0,1.0,0.0,0.0,2.0,0.0
401882897,2026-08-29,laliga,2026,14357,Atlético Madrid,Sevilla,0,206474,Marcos Llorente,RB,1,1.0,14,2.0,2.0,1.0,0.0,0.0,0.0,0.0,,0.0,0.0,0.0,0.0,0.0,1.0
401882897,2026-08-29,laliga,2026,14357,Atlético Madrid,Sevilla,0,274911,Morten Hjulmand,CM-L,1,1.0,23,1.0,1.0,0.0,1.0,0.0,0.0,0.0,,0.0,0.0,0.0,0.0,0.0,0.0
401882897,2026-08-29,laliga,2026,14357,Atlético Madrid,Sevilla,0,336634,Pablo Barrios,CM-R,1,1.0,8,2.0,2.0,1.0,1.0,0.0,0.0,0.0,,0.0,1.0,0.0,0.0,1.0,0.0
401882897,2026-08-29,laliga,2026,14357,Atlético Madrid,Sevilla,0,229645,Ademola Lookman,LM,1,1.0,11,2.0,1.0,0.0,0.0,0.0,0.0,0.0,,0.0,1.0,0.0,1.0,3.0,0.0
401882897,2026-08-29,laliga,2026,14357,Atlético Madrid,Sevilla,0,323838,Giuliano Simeone,RM,1,1.0,20,2.0,2.0,0.0,1.0,0.0,0.0,0.0,,0.0,0.0,0.0,0.0,0.0,0.0
401882897,2026-08-29,laliga,2026,14357,Atlético Madrid,Sevilla,0,297373,Álex Baena,CF-L,1,1.0,10,0.0,3.0,0.0,1.0,1.0,0.0,0.0,,0.0,2.0,0.0,2.0,4.0,0.0
401882897,2026-08-29,laliga,2026,14357,Atlético Madrid,Sevilla,0,274197,Lee Kang-In,CF-R,1,1.0,7,2.0,4.0,1.0,1.0,0.0,0.0,0.0,,0.0,0.0,0.0,0.0,0.0,0.0
401882897,2026-08-29,laliga,2026,14357,Atlético Madrid,Sevilla,0,354378,Jorge Domínguez,SUB,0,0.0,27,0.0,0.0,0.0,0.0,0.0,0.0,0.0,,0.0,0.0,0.0,0.0,0.0,0.0
401882897,2026-08-29,laliga,2026,14357,Atlético Madrid,Sevilla,0,421996,Miguel Cubo,SUB,0,0.0,29,0.0,0.0,0.0,0.0,0.0,0.0,0.0,,0.0,0.0,0.0,0.0,0.0,0.0
401882897,2026-08-29,laliga,2026,14357,Atlético Madrid,Sevilla,0,290802,Johnny Cardoso,SUB,0,1.0,5,1.0,1.0,0.0,0.0,0.0,0.0,0.0,,0.0,0.0,1.0,0.0,0.0,0.0
401882897,2026-08-29,laliga,2026,14357,Atlético Madrid,Sevilla,0,140791,Koke,SUB,0,1.0,6,0.0,0.0,0.0,0.0,0.0,0.0,0.0,,0.0,0.0,1.0,0.0,0.0,0.0
401882897,2026-08-29,laliga,2026,14357,Atlético Madrid,Sevilla,0,368593,Daniel Martinez,SUB,0,0.0,30,0.0,0.0,0.0,0.0,0.0,0.0,0.0,,0.0,0.0,0.0,0.0,0.0,0.0
401882897,2026-08-29,laliga,2026,14357,Atlético Madrid,Sevilla,0,184757,Jorge Castillo,SUB,0,0.0,46,0.0,0.0,0.0,0.0,0.0,0.0,0.0,,0.0,0.0,0.0,0.0,0.0,0.0
401882897,2026-08-29,laliga,2026,14357,Atlético Madrid,Sevilla,0,328289,Arnau Ortiz,SUB,0,1.0,16,1.0,1.0,0.0,1.0,0.0,0.0,0.0,,0.0,0.0,1.0,0.0,1.0,0.0
401882897,2026-08-29,laliga,2026,14357,Atlético Madrid,Sevilla,0,96970,Cristian Romero,SUB,0,0.0,21,0.0,0.0,0.0,0.0,0.0,0.0,0.0,,0.0,0.0,0.0,0.0,0.0,0.0
401882897,2026-08-29,laliga,2026,14357,Atlético Madrid,Sevilla,0,324192,Carlos Martín,SUB,0,0.0,12,0.0,0.0,0.0,0.0,0.0,0.0,0.0,,0.0,0.0,0.0,0.0,0.0,0.0
401882897,2026-08-29,laliga,2026,14357,Atlético Madrid,Sevilla,0,177927,Juan Musso,SUB,0,0.0,1,0.0,0.0,0.0,0.0,,0.0,0.0,0.0,0.0,0.0,0.0,0.0,0.0,0.0
401882897,2026-08-29,laliga,2026,14357,Atlético Madrid,Sevilla,0,188398,José María Giménez,SUB,0,1.0,2,1.0,0.0,0.0,1.0,0.0,0.0,0.0,,0.0,0.0,1.0,0.0,0.0,0.0
401882897,2026-08-29,laliga,2026,14357,Atlético Madrid,Sevilla,0,74630,Rodrigo Mendoza,SUB,0,1.0,4,0.0,0.0,0.0,0.0,0.0,0.0,0.0,,0.0,0.0,1.0,0.0,0.0,0.0
401882898,2026-08-29,laliga,2026,14357,Real Sociedad,Espanyol,1,217319,Álex Remiro,G,1,1.0,1,0.0,0.0,0.0,1.0,,0.0,0.0,2.0,0.0,0.0,0.0,0.0,0.0,0.0
401882898,2026-08-29,laliga,2026,14357,Real Sociedad,Espanyol,1,366885,Jon Martín,CD-L,1,1.0,31,1.0,1.0,0.0,1.0,0.0,0.0,0.0,,0.0,0.0,0.0,0.0,1.0,0.0
401882898,2026-08-29,laliga,2026,14357,Real Sociedad,Espanyol,1,235693,Igor Zubeldia,CD-R,1,1.0,5,1.0,0.0,0.0,1.0,0.0,0.0,0.0,,0.0,0.0,0.0,0.0,0.0,1.0
401882898,2026-08-29,laliga,2026,14357,Real Sociedad,Espanyol,1,265993,Sergio Gómez,LB,1,1.0,17,1.0,0.0,0.0,1.0,0.0,0.0,0.0,,0.0,0.0,0.0,0.0,0.0,0.0
401882898,2026-08-29,laliga,2026,14357,Real Sociedad,Espanyol,1,318063,Jon Aramburu,RB,1,1.0,2,8.0,4.0,0.0,1.0,0.0,0.0,0.0,,0.0,0.0,0.0,0.0,0.0,0.0
401882898,2026-08-29,laliga,2026,14357,Real Sociedad,Espanyol,1,235072,Carlos Soler,CM-L,1,1.0,18,0.0,0.0,0.0,1.0,0.0,0.0,0.0,,0.0,0.0,0.0,0.0,1.0,0.0
401882898,2026-08-29,laliga,2026,14357,Real Sociedad,Espanyol,1,297371,Beñat Turrientes,CM-R,1,1.0,8,0.0,1.0,0.0,1.0,0.0,0.0,0.0,,0.0,0.0,0.0,0.0,1.0,1.0
401882898,2026-08-29,laliga,2026,14357,Real Sociedad,Espanyol,1,283941,Ander Barrenetxea,LM,1,1.0,7,1.0,0.0,0.0,1.0,0.0,0.0,0.0,,0.0,1.0,0.0,1.0,2.0,0.0
401882898,2026-08-29,laliga,2026,14357,Real Sociedad,Espanyol,1,306263,Luka Sucic,RM,1,1.0,24,1.0,0.0,0.0,1.0,0.0,0.0,0.0,,0.0,0.0,0.0,0.0,1.0,0.0
401882898,2026-08-29,laliga,2026,14357,Real Sociedad,Espanyol,1,229018,Mikel Oyarzabal,CF-L,1,1.0,10,1.0,4.0,2.0,1.0,0.0,0.0,0.0,,0.0,2.0,0.0,0.0,4.0,0.0
401882898,2026-08-29,laliga,2026,14357,Real Sociedad,Espanyol,1,341367,Orri Óskarsson,CF-R,1,1.0,9,3.0,2.0,0.0,1.0,0.0,0.0,0.0,,0.0,3.0,0.0,1.0,3.0,0.0
401882898,2026-08-29,laliga,2026,14357,Real Sociedad,Espanyol,1,396613,Alex Marchal,SUB,0,1.0,29,1.0,0.0,0.0,0.0,0.0,0.0,0.0,,0.0,1.0,1.0,0.0,1.0,0.0
401882898,2026-08-29,laliga,2026,14357,Real Sociedad,Espanyol,1,307487,Arsen Zakharyan,SUB,0,0.0,23,0.0,0.0,0.0,0.0,0.0,0.0,0.0,,0.0,0.0,0.0,0.0,0.0,0.0
401882898,2026-08-29,laliga,2026,14357,Real Sociedad,Espanyol,1,213141,Gonçalo Guedes,SUB,0,1.0,11,0.0,0.0,0.0,0.0,0.0,0.0,0.0,,0.0,3.0,1.0,0.0,3.0,0.0
401882898,2026-08-29,laliga,2026,14357,Real Sociedad,Espanyol,1,388601,Jon Gorrotxategi,SUB,0,1.0,4,0.0,0.0,0.0,0.0,0.0,0.0,0.0,,0.0,0.0,1.0,0.0,0.0,0.0
401882898,2026-08-29,laliga,2026,14357,Real Sociedad,Espanyol,1,355433,Mamadou Sarr,SUB,0,0.0,19,0.0,0.0,0.0,0.0,0.0,0.0,0.0,,0.0,0.0,0.0,0.0,0.0,0.0
401882898,2026-08-29,laliga,2026,14357,Real Sociedad,Espanyol,1,312011,Unai Marrero,SUB,0,0.0,13,0.0,0.0,0.0,0.0,,0.0,0.0,0.0,0.0,0.0,0.0,0.0,0.0,0.0
401882898,2026-08-29,laliga,2026,14357,Real Sociedad,Espanyol,1,406379,Job Ochieng,SUB,0,0.0,12,0.0,0.0,0.0,0.0,0.0,0.0,0.0,,0.0,0.0,0.0,0.0,0.0,0.0
401882898,2026-08-29,laliga,2026,14357,Real Sociedad,Espanyol,1,256587,Takefusa Kubo,SUB,0,1.0,14,0.0,0.0,0.0,0.0,0.0,0.0,0.0,,0.0,0.0,1.0,0.0,0.0,0.0
401882898,2026-08-29,laliga,2026,14357,Real Sociedad,Espanyol,1,396607,Luken Beitia,SUB,0,0.0,34,0.0,0.0,0.0,0.0,0.0,0.0,0.0,,0.0,0.0,0.0,0.0,0.0,0.0
401882898,2026-08-29,laliga,2026,14357,Real Sociedad,Espanyol,1,406383,Gorka Carrera,SUB,0,0.0,27,0.0,0.0,0.0,0.0,0.0,0.0,0.0,,0.0,0.0,0.0,0.0,0.0,0.0
401882898,2026-08-29,laliga,2026,14357,Real Sociedad,Espanyol,1,283891,Aihen Muñoz,SUB,0,0.0,3,0.0,0.0,0.0,0.0,0.0,0.0,0.0,,0.0,0.0,0.0,0.0,0.0,0.0
401882898,2026-08-29,laliga,2026,14357,Real Sociedad,Espanyol,1,236185,Yangel Herrera,SUB,0,1.0,21,1.0,2.0,0.0,0.0,0.0,0.0,0.0,,0.0,0.0,1.0,0.0,0.0,0.0
401882898,2026-08-29,laliga,2026,14357,Espanyol,Real Sociedad,0,179211,Marko Dmitrovic,G,1,1.0,13,0.0,0.0,0.0,2.0,,0.0,0.0,7.0,0.0,0.0,0.0,0.0,0.0,0.0
401882898,2026-08-29,laliga,2026,14357,Espanyol,Real Sociedad,0,260902,Unai Núñez,CD-L,1,1.0,14,0.0,2.0,0.0,2.0,0.0,0.0,0.0,,0.0,0.0,0.0,0.0,0.0,0.0
401882898,2026-08-29,laliga,2026,14357,Espanyol,Real Sociedad,0,277314,Vanja Drkusic,CD-R,1,1.0,16,2.0,3.0,0.0,2.0,0.0,0.0,0.0,,0.0,0.0,0.0,0.0,0.0,0.0
401882898,2026-08-29,laliga,2026,14357,Espanyol,Real Sociedad,0,401377,Roger Hinojo,LB,1,1.0,21,1.0,0.0,0.0,2.0,0.0,0.0,0.0,,0.0,0.0,0.0,0.0,0.0,1.0
401882898,2026-08-29,laliga,2026,14357,Espanyol,Real Sociedad,0,310682,Omar El Hilali,RB,1,1.0,23,1.0,0.0,0.0,2.0,0.0,0.0,0.0,,0.0,0.0,0.0,0.0,0.0,0.0
401882898,2026-08-29,laliga,2026,14357,Espanyol,Real Sociedad,0,367946,Javi Hernandez,AM,1,1.0,28,2.0,3.0,1.0,2.0,0.0,0.0,0.0,,0.0,0.0,0.0,0.0,1.0,0.0
401882898,2026-08-29,laliga,2026,14357,Espanyol,Real Sociedad,0,255272,Edu Expósito,LM,1,1.0,8,1.0,1.0,0.0,2.0,0.0,0.0,0.0,,0.0,0.0,0.0,0.0,3.0,0.0
401882898,2026-08-29,laliga,2026,14357,Espanyol,Real Sociedad,0,307915,Urko Gonzalez,RM,1,1.0,4,1.0,0.0,0.0,1.0,0.0,0.0,0.0,,0.0,0.0,0.0,0.0,0.0,1.0
401882898,2026-08-29,laliga,2026,14357,Espanyol,Real Sociedad,0,318773,Roberto Fernández,F,1,1.0,9,1.0,3.0,0.0,2.0,0.0,0.0,0.0,,0.0,1.0,0.0,1.0,2.0,0.0
401882898,2026-08-29,laliga,2026,14357,Espanyol,Real Sociedad,0,306520,Tyrhys Dolan,AM-L,1,1.0,24,1.0,3.0,0.0,2.0,0.0,0.0,0.0,,0.0,0.0,0.0,0.0,0.0,0.0
401882898,2026-08-29,laliga,2026,14357,Espanyol,Real Sociedad,0,355902,Cala,AM-R,1,1.0,22,0.0,1.0,0.0,2.0,0.0,0.0,0.0,,0.0,1.0,0.0,0.0,2.0,0.0
401882898,2026-08-29,laliga,2026,14357,Espanyol,Real Sociedad,0,307270,Jofre Carreras,SUB,0,1.0,17,0.0,1.0,0.0,0.0,0.0,0.0,0.0,,0.0,0.0,1.0,0.0,1.0,0.0
401882898,2026-08-29,laliga,2026,14357,Espanyol,Real Sociedad,0,354621,Marcos Fernández,SUB,0,1.0,18,1.0,0.0,0.0,0.0,0.0,0.0,0.0,,0.0,0.0,1.0,0.0,1.0,1.0
401882898,2026-08-29,laliga,2026,14357,Espanyol,Real Sociedad,0,260242,Pol Lozano,SUB,0,0.0,10,0.0,0.0,0.0,0.0,0.0,0.0,0.0,,0.0,0.0,0.0,0.0,0.0,0.0
401882898,2026-08-29,laliga,2026,14357,Espanyol,Real Sociedad,0,307419,Ángel Fortuño,SUB,0,0.0,1,0.0,0.0,0.0,0.0,,0.0,0.0,0.0,0.0,0.0,0.0,0.0,0.0,0.0
401882898,2026-08-29,laliga,2026,14357,Espanyol,Real Sociedad,0,383900,Rafael Bauza,SUB,0,1.0,26,2.0,1.0,0.0,0.0,0.0,0.0,0.0,,0.0,0.0,1.0,0.0,0.0,1.0
401882898,2026-08-29,laliga,2026,14357,Espanyol,Real Sociedad,0,323737,Clemens Riedel,SUB,0,0.0,5,0.0,0.0,0.0,0.0,0.0,0.0,0.0,,0.0,0.0,0.0,0.0,0.0,0.0
401882898,2026-08-29,laliga,2026,14357,Espanyol,Real Sociedad,0,397289,José Ángel López,SUB,0,0.0,32,0.0,0.0,0.0,0.0,0.0,0.0,0.0,,0.0,0.0,0.0,0.0,0.0,0.0
401882898,2026-08-29,laliga,2026,14357,Espanyol,Real Sociedad,0,361468,Gabriel Moscardo,SUB,0,1.0,20,0.0,0.0,0.0,1.0,0.0,0.0,0.0,,0.0,1.0,1.0,0.0,1.0,0.0
401882898,2026-08-29,laliga,2026,14357,Espanyol,Real Sociedad,0,420443,Adama Timera,SUB,0,0.0,27,0.0,0.0,0.0,0.0,0.0,0.0,0.0,,0.0,0.0,0.0,0.0,0.0,0.0
401882898,2026-08-29,laliga,2026,14357,Espanyol,Real Sociedad,0,196914,Pere Milla,SUB,0,1.0,11,1.0,0.0,0.0,0.0,0.0,0.0,0.0,,0.0,0.0,1.0,0.0,0.0,0.0
401882898,2026-08-29,laliga,2026,14357,Espanyol,Real Sociedad,0,381681,Llorenç Serred,SUB,0,0.0,31,0.0,0.0,0.0,0.0,,0.0,0.0,0.0,0.0,0.0,0.0,0.0,0.0,0.0
401882898,2026-08-29,laliga,2026,14357,Espanyol,Real Sociedad,0,346210,Quilindschy Hartman,SUB,0,0.0,3,0.0,0.0,0.0,0.0,0.0,0.0,0.0,,0.0,0.0,0.0,0.0,0.0,0.0
401882902,2026-08-29,laliga,2026,14357,Levante,Real Betis,1,141438,Mathew Ryan,G,1,1.0,13,0.0,1.0,0.0,2.0,,0.0,0.0,4.0,0.0,0.0,0.0,0.0,0.0,0.0
401882902,2026-08-29,laliga,2026,14357,Levante,Real Betis,1,150451,Aïssa Mandi,CD-L,1,1.0,2,0.0,2.0,0.0,2.0,0.0,0.0,0.0,,0.0,0.0,0.0,0.0,0.0,0.0
401882902,2026-08-29,laliga,2026,14357,Levante,Real Betis,1,276841,Adrián de la Fuente,CD-R,1,1.0,4,0.0,1.0,0.0,2.0,0.0,0.0,0.0,,0.0,1.0,0.0,1.0,3.0,0.0
401882902,2026-08-29,laliga,2026,14357,Levante,Real Betis,1,269339,Orio Rey,DM,1,1.0,20,1.0,0.0,0.0,2.0,0.0,0.0,0.0,,0.0,0.0,0.0,0.0,0.0,0.0
401882902,2026-08-29,laliga,2026,14357,Levante,Real Betis,1,300985,Manu Sánchez,LB,1,1.0,23,2.0,0.0,0.0,2.0,0.0,0.0,0.0,,0.0,0.0,0.0,0.0,0.0,0.0
401882902,2026-08-29,laliga,2026,14357,Levante,Real Betis,1,409383,Nacho Pérez,RB,1,1.0,29,1.0,0.0,0.0,2.0,0.0,0.0,0.0,,0.0,0.0,0.0,0.0,0.0,0.0
401882902,2026-08-29,laliga,2026,14357,Levante,Real Betis,1,317784,Jon Ander Olasagasti,CM-L,1,1.0,8,0.0,0.0,1.0,2.0,0.0,0.0,0.0,,0.0,2.0,0.0,1.0,2.0,0.0
401882902,2026-08-29,laliga,2026,14357,Levante,Real Betis,1,334794,Enzo Bardeli,CM-R,1,1.0,18,2.0,0.0,1.0,2.0,0.0,0.0,0.0,,0.0,1.0,0.0,1.0,1.0,0.0
401882902,2026-08-29,laliga,2026,14357,Levante,Real Betis,1,339195,Thiago Fernández,LM,1,1.0,24,0.0,0.0,0.0,2.0,1.0,0.0,0.0,,0.0,0.0,0.0,0.0,1.0,0.0
401882902,2026-08-29,laliga,2026,14357,Levante,Real Betis,1,267591,Roger Brugué,RM,1,1.0,7,0.0,0.0,0.0,2.0,0.0,0.0,0.0,,0.0,2.0,0.0,2.0,4.0,0.0
401882902,2026-08-29,laliga,2026,14357,Levante,Real Betis,1,311054,Iván Romero,F,1,1.0,9,1.0,0.0,0.0,2.0,0.0,0.0,0.0,,0.0,2.0,0.0,0.0,6.0,0.0
401882902,2026-08-29,laliga,2026,14357,Levante,Real Betis,1,3129043,Marc Santos Gavilán,SUB,0,0.0,33,0.0,0.0,0.0,0.0,0.0,0.0,0.0,,0.0,0.0,0.0,0.0,0.0,0.0
401882902,2026-08-29,laliga,2026,14357,Levante,Real Betis,1,186024,Jeremy Toljan,SUB,0,1.0,22,1.0,0.0,0.0,0.0,0.0,0.0,0.0,,0.0,0.0,1.0,0.0,0.0,1.0
401882902,2026-08-29,laliga,2026,14357,Levante,Real Betis,1,319114,Hugo Sotelo,SUB,0,1.0,5,0.0,1.0,0.0,0.0,0.0,0.0,0.0,,0.0,0.0,1.0,0.0,0.0,0.0
401882902,2026-08-29,laliga,2026,14357,Levante,Real Betis,1,3731,Carlos Álvarez,SUB,0,0.0,10,0.0,0.0,0.0,0.0,0.0,0.0,0.0,,0.0,0.0,0.0,0.0,0.0,0.0
401882902,2026-08-29,laliga,2026,14357,Levante,Real Betis,1,384985,Paco Cortés,SUB,0,1.0,27,0.0,0.0,0.0,0.0,0.0,0.0,0.0,,0.0,1.0,1.0,0.0,1.0,0.0
401882902,2026-08-29,laliga,2026,14357,Levante,Real Betis,1,316040,Pablo Cuñat,SUB,0,0.0,1,0.0,0.0,0.0,0.0,,0.0,0.0,0.0,0.0,0.0,0.0,0.0,0.0,0.0
401882902,2026-08-29,laliga,2026,14357,Levante,Real Betis,1,203680,Víctor García,SUB,0,1.0,17,1.0,0.0,0.0,0.0,0.0,0.0,0.0,,0.0,0.0,1.0,0.0,0.0,0.0
401882902,2026-08-29,laliga,2026,14357,Levante,Real Betis,1,3102194,Yanis Kasonga Musuayi,SUB,0,0.0,11,0.0,0.0,0.0,0.0,0.0,0.0,0.0,,0.0,0.0,0.0,0.0,0.0,0.0
401882902,2026-08-29,laliga,2026,14357,Levante,Real Betis,1,407397,Ifeanyi Ndukwe,SUB,0,0.0,3,0.0,0.0,0.0,0.0,0.0,0.0,0.0,,0.0,0.0,0.0,0.0,0.0,0.0
401882902,2026-08-29,laliga,2026,14357,Levante,Real Betis,1,362752,Dani Requena,SUB,0,0.0,6,0.0,0.0,0.0,0.0,0.0,0.0,0.0,,0.0,0.0,0.0,0.0,0.0,0.0
401882902,2026-08-29,laliga,2026,14357,Levante,Real Betis,1,346676,Etta Eyong,SUB,0,1.0,21,0.0,1.0,1.0,0.0,0.0,0.0,0.0,,0.0,1.0,1.0,0.0,1.0,0.0
401882902,2026-08-29,laliga,2026,14357,Levante,Real Betis,1,381071,Jorge Cabello,SUB,0,0.0,14,0.0,0.0,0.0,0.0,0.0,0.0,0.0,,0.0,0.0,0.0,0.0,0.0,0.0
401882902,2026-08-29,laliga,2026,14357,Real Betis,Levante,0,283892,Álvaro Valles,G,1,1.0,1,0.0,0.0,0.0,5.0,,0.0,0.0,4.0,0.0,0.0,0.0,0.0,0.0,0.0
401882902,2026-08-29,laliga,2026,14357,Real Betis,Levante,0,301526,Natan,CD-L,1,1.0,4,0.0,0.0,0.0,5.0,0.0,0.0,0.0,,0.0,0.0,0.0,0.0,1.0,0.0
401882902,2026-08-29,laliga,2026,14357,Real Betis,Levante,0,145078,Marc Bartra,CD-R,1,1.0,5,0.0,0.0,0.0,5.0,0.0,0.0,0.0,,0.0,1.0,0.0,1.0,2.0,0.0
401882902,2026-08-29,laliga,2026,14357,Real Betis,Levante,0,213050,Fran García,LB,1,1.0,11,0.0,2.0,0.0,5.0,0.0,0.0,0.0,,0.0,0.0,0.0,0.0,0.0,0.0
401882902,2026-08-29,laliga,2026,14357,Real Betis,Levante,0,178978,Héctor Bellerín,RB,1,1.0,2,0.0,0.0,0.0,5.0,1.0,0.0,0.0,,0.0,0.0,0.0,0.0,0.0,0.0
401882902,2026-08-29,laliga,2026,14357,Real Betis,Levante,0,143564,Isco,AM,1,1.0,22,0.0,0.0,0.0,3.0,0.0,0.0,0.0,,0.0,0.0,0.0,0.0,0.0,0.0
401882902,2026-08-29,laliga,2026,14357,Real Betis,Levante,0,242008,Marc Roca,LM,1,1.0,21,0.0,0.0,1.0,3.0,0.0,0.0,0.0,,0.0,0.0,0.0,0.0,1.0,0.0
401882902,2026-08-29,laliga,2026,14357,Real Betis,Levante,0,359912,Facundo Bernal,RM,1,1.0,6,0.0,1.0,0.0,4.0,0.0,0.0,0.0,,0.0,1.0,0.0,0.0,2.0,0.0
401882902,2026-08-29,laliga,2026,14357,Real Betis,Levante,0,279790,Troy Parrott,F,1,1.0,19,1.0,0.0,0.0,3.0,1.0,0.0,0.0,,0.0,0.0,0.0,0.0,2.0,0.0
401882902,2026-08-29,laliga,2026,14357,Real Betis,Levante,0,70224,Rodrigo Riquelme,AM-L,1,1.0,17,1.0,1.0,0.0,3.0,0.0,0.0,0.0,,0.0,2.0,0.0,1.0,3.0,0.0
401882902,2026-08-29,laliga,2026,14357,Real Betis,Levante,0,281558,Antony,AM-R,1,1.0,7,2.0,2.0,0.0,5.0,0.0,0.0,0.0,,0.0,2.0,0.0,0.0,6.0,0.0
401882902,2026-08-29,laliga,2026,14357,Real Betis,Levante,0,322908,Nelson Deossa,SUB,0,1.0,18,1.0,0.0,0.0,2.0,0.0,0.0,0.0,,0.0,0.0,1.0,0.0,1.0,0.0
401882902,2026-08-29,laliga,2026,14357,Real Betis,Levante,0,300912,Abde Ezzalzouli,SUB,0,1.0,10,0.0,0.0,0.0,1.0,0.0,0.0,0.0,,0.0,0.0,1.0,0.0,0.0,0.0
401882902,2026-08-29,laliga,2026,14357,Real Betis,Levante,0,336809,Cucho Hernández,SUB,0,1.0,9,0.0,1.0,0.0,2.0,0.0,0.0,0.0,,0.0,0.0,1.0,0.0,0.0,0.0
401882902,2026-08-29,laliga,2026,14357,Real Betis,Levante,0,395941,Ángel Ortiz,SUB,0,0.0,12,0.0,0.0,0.0,0.0,0.0,0.0,0.0,,0.0,0.0,0.0,0.0,0.0,0.0
401882902,2026-08-29,laliga,2026,14357,Real Betis,Levante,0,336480,Valentín Gómez,SUB,0,0.0,16,0.0,0.0,0.0,0.0,0.0,0.0,0.0,,0.0,0.0,0.0,0.0,0.0,0.0
401882902,2026-08-29,laliga,2026,14357,Real Betis,Levante,0,283827,Álvaro Fidalgo,SUB,0,0.0,15,0.0,0.0,0.0,0.0,0.0,0.0,0.0,,0.0,0.0,0.0,0.0,0.0,0.0
401882902,2026-08-29,laliga,2026,14357,Real Betis,Levante,0,227714,Pablo Fornals,SUB,0,1.0,8,0.0,0.0,0.0,2.0,0.0,0.0,0.0,,0.0,0.0,1.0,0.0,1.0,0.0
401882902,2026-08-29,laliga,2026,14357,Real Betis,Levante,0,181530,Diego Llorente,SUB,0,0.0,3,0.0,0.0,0.0,0.0,0.0,0.0,0.0,,0.0,0.0,0.0,0.0,0.0,0.0
401882902,2026-08-29,laliga,2026,14357,Real Betis,Levante,0,399278,Pablo García,SUB,0,1.0,33,2.0,1.0,0.0,2.0,0.0,0.0,0.0,,0.0,0.0,1.0,0.0,1.0,1.0
401882902,2026-08-29,laliga,2026,14357,Real Betis,Levante,0,394885,Álvaro De Pablo,SUB,0,0.0,40,0.0,0.0,0.0,0.0,,0.0,0.0,0.0,0.0,0.0,0.0,0.0,0.0,0.0
401882902,2026-08-29,laliga,2026,14357,Real Betis,Levante,0,292222,Iker Losada,SUB,0,0.0,14,0.0,0.0,0.0,0.0,0.0,0.0,0.0,,0.0,0.0,0.0,0.0,0.0,0.0
401882902,2026-08-29,laliga,2026,14357,Real Betis,Levante,0,390091,Manu González,SUB,0,0.0,31,0.0,0.0,0.0,0.0,,0.0,0.0,0.0,0.0,0.0,0.0,0.0,0.0,0.0
401882899,2026-08-30,laliga,2026,14357,Real Madrid,Málaga,1,134283,Thibaut Courtois,G,1,1.0,1,0.0,0.0,0.0,0.0,,0.0,0.0,1.0,0.0,0.0,0.0,0.0,0.0,0.0
401882899,2026-08-30,laliga,2026,14357,Real Madrid,Málaga,1,356000,Dean Huijsen,CD-L,1,1.0,4,2.0,0.0,0.0,0.0,0.0,0.0,0.0,,0.0,0.0,0.0,0.0,0.0,0.0
401882899,2026-08-30,laliga,2026,14357,Real Madrid,Málaga,1,169438,Antonio Rüdiger,CD-R,1,1.0,22,1.0,1.0,0.0,0.0,0.0,0.0,0.0,,0.0,0.0,0.0,0.0,1.0,0.0
401882899,2026-08-30,laliga,2026,14357,Real Madrid,Málaga,1,259910,Marc Cucurella,LB,1,1.0,17,0.0,0.0,0.0,0.0,0.0,0.0,0.0,,0.0,0.0,0.0,0.0,0.0,0.0
401882899,2026-08-30,laliga,2026,14357,Real Madrid,Málaga,1,223532,Trent Alexander-Arnold,RB,1,1.0,12,0.0,0.0,1.0,0.0,0.0,0.0,0.0,,0.0,1.0,0.0,0.0,2.0,0.0
401882899,2026-08-30,laliga,2026,14357,Real Madrid,Málaga,1,291281,Jude Bellingham,AM,1,1.0,5,0.0,3.0,0.0,0.0,0.0,0.0,0.0,,0.0,2.0,0.0,1.0,5.0,0.0
401882899,2026-08-30,laliga,2026,14357,Real Madrid,Málaga,1,285150,Eduardo Camavinga,LM,1,1.0,6,1.0,0.0,0.0,0.0,0.0,0.0,0.0,,0.0,0.0,0.0,0.0,0.0,0.0
401882899,2026-08-30,laliga,2026,14357,Real Madrid,Málaga,1,235818,Federico Valverde,RM,1,1.0,8,0.0,0.0,0.0,0.0,0.0,0.0,0.0,,0.0,0.0,0.0,0.0,0.0,0.0
401882899,2026-08-30,laliga,2026,14357,Real Madrid,Málaga,1,231388,Kylian Mbappé,F,1,1.0,10,1.0,1.0,0.0,0.0,1.0,0.0,0.0,,0.0,4.0,0.0,1.0,6.0,0.0
401882899,2026-08-30,laliga,2026,14357,Real Madrid,Málaga,1,252107,Vinícius Júnior,AM-L,1,1.0,7,0.0,3.0,1.0,0.0,0.0,0.0,0.0,,0.0,0.0,0.0,0.0,2.0,0.0
401882899,2026-08-30,laliga,2026,14357,Real Madrid,Málaga,1,246532,Brahim Díaz,AM-R,1,1.0,21,0.0,1.0,0.0,0.0,1.0,0.0,0.0,,0.0,0.0,0.0,0.0,1.0,0.0
401882899,2026-08-30,laliga,2026,14357,Real Madrid,Málaga,1,257237,Andriy Lunin,SUB,0,0.0,13,0.0,0.0,0.0,0.0,,0.0,0.0,0.0,0.0,0.0,0.0,0.0,0.0,0.0
401882899,2026-08-30,laliga,2026,14357,Real Madrid,Málaga,1,213248,Denzel Dumfries,SUB,0,0.0,24,0.0,0.0,0.0,0.0,0.0,0.0,0.0,,0.0,0.0,0.0,0.0,0.0,0.0
401882899,2026-08-30,laliga,2026,14357,Real Madrid,Málaga,1,402479,Yan Diomande,SUB,0,1.0,25,0.0,0.0,0.0,0.0,0.0,0.0,0.0,,0.0,0.0,1.0,0.0,0.0,0.0
401882899,2026-08-30,laliga,2026,14357,Real Madrid,Málaga,1,380286,Carlos Espí,SUB,0,0.0,19,0.0,0.0,0.0,0.0,0.0,0.0,0.0,,0.0,0.0,0.0,0.0,0.0,0.0
401882899,2026-08-30,laliga,2026,14357,Real Madrid,Málaga,1,310452,Arda Güler,SUB,0,1.0,15,0.0,0.0,0.0,0.0,0.0,0.0,0.0,,0.0,1.0,1.0,1.0,2.0,0.0
401882899,2026-08-30,laliga,2026,14357,Real Madrid,Málaga,1,251634,Ibrahima Konaté,SUB,0,0.0,16,0.0,0.0,0.0,0.0,0.0,0.0,0.0,,0.0,0.0,0.0,0.0,0.0,0.0
401882899,2026-08-30,laliga,2026,14357,Real Madrid,Málaga,1,415478,Jorge Cestero,SUB,0,0.0,29,0.0,0.0,0.0,0.0,0.0,0.0,0.0,,0.0,0.0,0.0,0.0,0.0,0.0
401882899,2026-08-30,laliga,2026,14357,Real Madrid,Málaga,1,310637,Álvaro Carreras,SUB,0,0.0,18,0.0,0.0,0.0,0.0,0.0,0.0,0.0,,0.0,0.0,0.0,0.0,0.0,0.0
401882899,2026-08-30,laliga,2026,14357,Real Madrid,Málaga,1,330352,Mario Rivas,SUB,0,0.0,33,0.0,0.0,0.0,0.0,0.0,0.0,0.0,,0.0,0.0,0.0,0.0,0.0,0.0
401882899,2026-08-30,laliga,2026,14357,Real Madrid,Málaga,1,199833,Bernardo Silva,SUB,0,1.0,20,1.0,0.0,0.0,0.0,0.0,0.0,0.0,,0.0,0.0,1.0,0.0,0.0,0.0
401882899,2026-08-30,laliga,2026,14357,Real Madrid,Málaga,1,84349,Javier Navarro,SUB,0,0.0,31,0.0,0.0,0.0,0.0,,0.0,0.0,0.0,0.0,0.0,0.0,0.0,0.0,0.0
401882899,2026-08-30,laliga,2026,14357,Real Madrid,Málaga,1,3117407,Alexis Ciria,SUB,0,0.0,36,0.0,0.0,0.0,0.0,0.0,0.0,0.0,,0.0,0.0,0.0,0.0,0.0,0.0
401882899,2026-08-30,laliga,2026,14357,Málaga,Real Madrid,0,240624,Alfonso Herrero,G,1,1.0,1,0.0,0.0,0.0,4.0,,1.0,0.0,4.0,0.0,0.0,0.0,0.0,0.0,0.0
401882899,2026-08-30,laliga,2026,14357,Málaga,Real Madrid,0,192430,Einar Galilea,CD-L,1,1.0,4,0.0,1.0,0.0,3.0,0.0,0.0,0.0,,0.0,0.0,0.0,0.0,0.0,0.0
401882899,2026-08-30,laliga,2026,14357,Málaga,Real Madrid,0,319783,Ángel Recio,CD-R,1,1.0,15,1.0,1.0,0.0,4.0,0.0,0.0,0.0,,0.0,0.0,0.0,0.0,0.0,0.0
401882899,2026-08-30,laliga,2026,14357,Málaga,Real Madrid,0,376166,Rafa Garrido,LB,1,1.0,31,2.0,0.0,0.0,4.0,0.0,0.0,0.0,,0.0,0.0,0.0,0.0,0.0,0.0
401882899,2026-08-30,laliga,2026,14357,Málaga,Real Madrid,0,331785,Carlos Puga,RB,1,1.0,3,2.0,0.0,0.0,3.0,0.0,0.0,0.0,,0.0,0.0,0.0,0.0,0.0,0.0
401882899,2026-08-30,laliga,2026,14357,Málaga,Real Madrid,0,371564,Izan Merino,CM-L,1,1.0,23,2.0,0.0,0.0,3.0,0.0,0.0,0.0,,0.0,0.0,0.0,0.0,0.0,0.0
401882899,2026-08-30,laliga,2026,14357,Málaga,Real Madrid,0,357858,Rafa Rodríguez,CM-R,1,1.0,14,1.0,1.0,0.0,3.0,0.0,0.0,0.0,,0.0,0.0,0.0,0.0,3.0,0.0
401882899,2026-08-30,laliga,2026,14357,Málaga,Real Madrid,0,180444,Joaquín Muñoz,LM,1,1.0,11,0.0,0.0,0.0,3.0,0.0,0.0,0.0,,0.0,0.0,0.0,0.0,1.0,0.0
401882899,2026-08-30,laliga,2026,14357,Málaga,Real Madrid,0,297828,David Larrubia,RM,1,1.0,10,0.0,1.0,0.0,4.0,1.0,0.0,0.0,,0.0,1.0,0.0,0.0,4.0,0.0
401882899,2026-08-30,laliga,2026,14357,Málaga,Real Madrid,0,324098,Carlos Dotor,CF-L,1,1.0,8,0.0,0.0,0.0,4.0,0.0,0.0,0.0,,0.0,0.0,0.0,0.0,0.0,0.0
401882899,2026-08-30,laliga,2026,14357,Málaga,Real Madrid,0,388602,Chupete,CF-R,1,1.0,9,1.0,2.0,0.0,4.0,0.0,0.0,0.0,,0.0,0.0,0.0,0.0,3.0,1.0
401882899,2026-08-30,laliga,2026,14357,Málaga,Real Madrid,0,310869,Álex Pastor,SUB,0,0.0,5,0.0,0.0,0.0,0.0,0.0,0.0,0.0,,0.0,0.0,0.0,0.0,0.0,0.0
401882899,2026-08-30,laliga,2026,14357,Málaga,Real Madrid,0,145565,Juan Cruz,SUB,0,1.0,19,0.0,0.0,0.0,1.0,0.0,0.0,0.0,,0.0,0.0,1.0,0.0,1.0,0.0
401882899,2026-08-30,laliga,2026,14357,Málaga,Real Madrid,0,355503,Carlos López,SUB,0,0.0,13,0.0,0.0,0.0,0.0,,0.0,0.0,0.0,0.0,0.0,0.0,0.0,0.0,0.0
401882899,2026-08-30,laliga,2026,14357,Málaga,Real Madrid,0,3110515,Otu Junior,SUB,0,0.0,28,0.0,0.0,0.0,0.0,0.0,0.0,0.0,,0.0,0.0,0.0,0.0,0.0,0.0
401882899,2026-08-30,laliga,2026,14357,Málaga,Real Madrid,0,312338,Haitam Abaida,SUB,0,1.0,7,0.0,0.0,0.0,1.0,0.0,0.0,0.0,,0.0,0.0,1.0,0.0,2.0,0.0
401882899,2026-08-30,laliga,2026,14357,Málaga,Real Madrid,0,292225,Ramón Enríquez,SUB,0,1.0,6,0.0,0.0,0.0,1.0,0.0,0.0,0.0,,0.0,0.0,1.0,0.0,0.0,1.0
401882899,2026-08-30,laliga,2026,14357,Málaga,Real Madrid,0,184488,José Salinas,SUB,0,1.0,12,0.0,0.0,0.0,1.0,0.0,0.0,0.0,,0.0,0.0,1.0,0.0,0.0,0.0
401882899,2026-08-30,laliga,2026,14357,Málaga,Real Madrid,0,301869,Julen Lobete,SUB,0,0.0,24,0.0,0.0,0.0,0.0,0.0,0.0,0.0,,0.0,0.0,0.0,0.0,0.0,0.0
401882899,2026-08-30,laliga,2026,14357,Málaga,Real Madrid,0,3110513,Juani,SUB,0,0.0,32,0.0,0.0,0.0,0.0,0.0,0.0,0.0,,0.0,0.0,0.0,0.0,0.0,0.0
401882899,2026-08-30,laliga,2026,14357,Málaga,Real Madrid,0,271151,Pablo Martínez,SUB,0,1.0,18,0.0,0.0,0.0,1.0,0.0,0.0,0.0,,0.0,0.0,1.0,0.0,0.0,0.0
401882899,2026-08-30,laliga,2026,14357,Málaga,Real Madrid,0,270610,Eneko Jauregui,SUB,0,0.0,17,0.0,0.0,0.0,0.0,0.0,0.0,0.0,,0.0,0.0,0.0,0.0,0.0,0.0
401882904,2026-08-30,laliga,2026,14357,Deportivo,Valencia,1,300926,Leo Román,G,1,1.0,13,0.0,0.0,0.0,1.0,,0.0,0.0,3.0,0.0,0.0,0.0,0.0,0.0,0.0
401882904,2026-08-30,laliga,2026,14357,Deportivo,Valencia,1,3102992,Bright Ede,CD-L,1,1.0,22,0.0,0.0,0.0,1.0,0.0,0.0,0.0,,0.0,0.0,0.0,0.0,0.0,0.0
401882904,2026-08-30,laliga,2026,14357,Deportivo,Valencia,1,321112,Lucas Noubi,CD-R,1,1.0,4,0.0,0.0,0.0,1.0,0.0,0.0,0.0,,0.0,0.0,0.0,0.0,0.0,0.0
401882904,2026-08-30,laliga,2026,14357,Deportivo,Valencia,1,275924,Giacomo Quagliata,LB,1,1.0,12,1.0,0.0,0.0,1.0,0.0,0.0,0.0,,0.0,0.0,0.0,0.0,0.0,0.0
401882904,2026-08-30,laliga,2026,14357,Deportivo,Valencia,1,157568,Ximo Navarro,RB,1,1.0,23,0.0,0.0,0.0,1.0,0.0,0.0,0.0,,0.0,0.0,0.0,0.0,2.0,0.0
401882904,2026-08-30,laliga,2026,14357,Deportivo,Valencia,1,356639,Lorenzo Amatucci,CM-L,1,1.0,16,1.0,0.0,0.0,1.0,0.0,0.0,0.0,,0.0,0.0,0.0,0.0,0.0,0.0
401882904,2026-08-30,laliga,2026,14357,Deportivo,Valencia,1,297353,Mario Soriano Carreno,CM-R,1,1.0,21,0.0,1.0,1.0,1.0,0.0,0.0,0.0,,0.0,0.0,0.0,0.0,1.0,0.0
401882904,2026-08-30,laliga,2026,14357,Deportivo,Valencia,1,279609,Riki Rodríguez,LM,1,1.0,14,1.0,1.0,0.0,1.0,0.0,0.0,0.0,,0.0,0.0,0.0,0.0,0.0,0.0
401882904,2026-08-30,laliga,2026,14357,Deportivo,Valencia,1,324166,Luismi Cruz,RM,1,1.0,19,4.0,1.0,0.0,1.0,0.0,0.0,0.0,,0.0,0.0,0.0,0.0,0.0,0.0
401882904,2026-08-30,laliga,2026,14357,Deportivo,Valencia,1,122260,Pierre-Emerick Aubameyang,CF-L,1,1.0,7,0.0,0.0,0.0,1.0,1.0,0.0,0.0,,0.0,3.0,0.0,1.0,5.0,0.0
401882904,2026-08-30,laliga,2026,14357,Deportivo,Valencia,1,414299,Bil Nsongo,CF-R,1,1.0,32,3.0,1.0,0.0,1.0,0.0,0.0,0.0,,0.0,0.0,0.0,0.0,2.0,0.0
401882904,2026-08-30,laliga,2026,14357,Deportivo,Valencia,1,384414,Jonathan Asp Jensen,SUB,0,1.0,18,1.0,0.0,0.0,0.0,0.0,0.0,0.0,,0.0,1.0,1.0,0.0,1.0,0.0
401882904,2026-08-30,laliga,2026,14357,Deportivo,Valencia,1,96060,Álvaro Fernández,SUB,0,0.0,25,0.0,0.0,0.0,0.0,,0.0,0.0,0.0,0.0,0.0,0.0,0.0,0.0,0.0
401882904,2026-08-30,laliga,2026,14357,Deportivo,Valencia,1,300333,Arnau Comas,SUB,0,0.0,3,0.0,0.0,0.0,0.0,0.0,0.0,0.0,,0.0,0.0,0.0,0.0,0.0,0.0
401882904,2026-08-30,laliga,2026,14357,Deportivo,Valencia,1,181288,Germán Parreño,SUB,0,0.0,1,0.0,0.0,0.0,0.0,,0.0,0.0,0.0,0.0,0.0,0.0,0.0,0.0,0.0
401882904,2026-08-30,laliga,2026,14357,Deportivo,Valencia,1,308006,Adrià Altimira,SUB,0,1.0,2,1.0,1.0,0.0,0.0,0.0,0.0,1.0,,0.0,0.0,1.0,0.0,0.0,0.0
401882904,2026-08-30,laliga,2026,14357,Deportivo,Valencia,1,331742,Diego Villares,SUB,0,0.0,8,0.0,0.0,0.0,0.0,0.0,0.0,0.0,,0.0,0.0,0.0,0.0,0.0,0.0
401882904,2026-08-30,laliga,2026,14357,Deportivo,Valencia,1,259915,Miguel Loureiro,SUB,0,1.0,15,1.0,0.0,0.0,0.0,0.0,0.0,0.0,,0.0,0.0,1.0,0.0,0.0,0.0
401882904,2026-08-30,laliga,2026,14357,Deportivo,Valencia,1,375390,David Mella,SUB,0,0.0,11,0.0,0.0,0.0,0.0,0.0,0.0,0.0,,0.0,0.0,0.0,0.0,0.0,0.0
401882904,2026-08-30,laliga,2026,14357,Deportivo,Valencia,1,312392,Yeremay Hernández,SUB,0,1.0,10,0.0,0.0,0.0,0.0,0.0,0.0,0.0,,0.0,0.0,1.0,0.0,0.0,0.0
401882904,2026-08-30,laliga,2026,14357,Deportivo,Valencia,1,286769,Zakaria Eddahchouri,SUB,0,0.0,9,0.0,0.0,0.0,0.0,0.0,0.0,0.0,,0.0,0.0,0.0,0.0,0.0,0.0
401882904,2026-08-30,laliga,2026,14357,Deportivo,Valencia,1,214319,Angeliño,SUB,0,0.0,24,0.0,0.0,0.0,0.0,0.0,0.0,0.0,,0.0,0.0,0.0,0.0,0.0,0.0
401882904,2026-08-30,laliga,2026,14357,Deportivo,Valencia,1,362123,Teun Gijselhart,SUB,0,1.0,34,1.0,0.0,0.0,0.0,0.0,0.0,0.0,,0.0,0.0,1.0,0.0,0.0,0.0
401882904,2026-08-30,laliga,2026,14357,Valencia,Deportivo,0,165334,Stole Dimitrievski,G,1,1.0,1,0.0,0.0,0.0,3.0,,0.0,0.0,3.0,0.0,0.0,0.0,0.0,0.0,0.0
401882904,2026-08-30,laliga,2026,14357,Valencia,Deportivo,0,330552,César Tárrega,CD,1,1.0,5,1.0,1.0,0.0,3.0,0.0,1.0,0.0,,0.0,0.0,0.0,0.0,1.0,0.0
401882904,2026-08-30,laliga,2026,14357,Valencia,Deportivo,0,241117,Mouctar Diakhaby,CD-L,1,1.0,4,1.0,1.0,0.0,3.0,0.0,1.0,0.0,,0.0,0.0,0.0,0.0,0.0,1.0
401882904,2026-08-30,laliga,2026,14357,Valencia,Deportivo,0,308728,Arnau Martínez,CD-R,1,1.0,22,0.0,0.0,0.0,3.0,0.0,0.0,0.0,,0.0,0.0,0.0,0.0,0.0,0.0
401882904,2026-08-30,laliga,2026,14357,Valencia,Deportivo,0,189804,Jesús Vázquez,LB,1,1.0,21,1.0,4.0,0.0,3.0,0.0,0.0,0.0,,0.0,0.0,0.0,0.0,0.0,0.0
401882904,2026-08-30,laliga,2026,14357,Valencia,Deportivo,0,264177,Luis Rioja,RB,1,1.0,11,0.0,1.0,0.0,3.0,0.0,0.0,0.0,,0.0,0.0,0.0,0.0,0.0,0.0
401882904,2026-08-30,laliga,2026,14357,Valencia,Deportivo,0,231603,Pepelu,CM-L,1,1.0,18,0.0,0.0,0.0,3.0,0.0,0.0,0.0,,0.0,0.0,0.0,0.0,0.0,0.0
401882904,2026-08-30,laliga,2026,14357,Valencia,Deportivo,0,248681,Filip Ugrinic,CM-R,1,1.0,23,1.0,4.0,0.0,3.0,0.0,0.0,0.0,,0.0,1.0,0.0,0.0,3.0,0.0
401882904,2026-08-30,laliga,2026,14357,Valencia,Deportivo,0,16340,Javier Guerra,LM,1,1.0,8,0.0,0.0,0.0,3.0,0.0,0.0,0.0,,0.0,0.0,0.0,0.0,2.0,0.0
401882904,2026-08-30,laliga,2026,14357,Valencia,Deportivo,0,360096,Ryunosuke Sato,RM,1,1.0,39,0.0,0.0,0.0,3.0,0.0,0.0,0.0,,0.0,0.0,0.0,0.0,1.0,0.0
401882904,2026-08-30,laliga,2026,14357,Valencia,Deportivo,0,211770,Umar Sadiq,F,1,1.0,6,0.0,0.0,0.0,3.0,2.0,0.0,0.0,,0.0,2.0,0.0,1.0,2.0,0.0
401882904,2026-08-30,laliga,2026,14357,Valencia,Deportivo,0,178747,José Gayà,SUB,0,0.0,14,0.0,0.0,0.0,0.0,0.0,0.0,0.0,,0.0,0.0,0.0,0.0,0.0,0.0
401882904,2026-08-30,laliga,2026,14357,Valencia,Deportivo,0,157739,Dimitri Foulquier,SUB,0,0.0,20,0.0,0.0,0.0,0.0,0.0,0.0,0.0,,0.0,0.0,0.0,0.0,0.0,0.0
401882904,2026-08-30,laliga,2026,14357,Valencia,Deportivo,0,253763,Dani Raba,SUB,0,1.0,19,0.0,0.0,0.0,0.0,0.0,0.0,0.0,,0.0,0.0,1.0,0.0,1.0,0.0
401882904,2026-08-30,laliga,2026,14357,Valencia,Deportivo,0,413671,Alex Panach,SUB,0,0.0,29,0.0,0.0,0.0,0.0,0.0,0.0,0.0,,0.0,0.0,0.0,0.0,0.0,0.0
401882904,2026-08-30,laliga,2026,14357,Valencia,Deportivo,0,324582,Kayne Van Oevelen,SUB,0,0.0,25,0.0,0.0,0.0,0.0,,0.0,0.0,0.0,0.0,0.0,0.0,0.0,0.0,0.0
401882904,2026-08-30,laliga,2026,14357,Valencia,Deportivo,0,419048,Aaron Mayol,SUB,0,0.0,33,0.0,0.0,0.0,0.0,0.0,0.0,0.0,,0.0,0.0,0.0,0.0,0.0,0.0
401882904,2026-08-30,laliga,2026,14357,Valencia,Deportivo,0,231618,Arnaut Danjuma,SUB,0,1.0,7,0.0,2.0,0.0,0.0,1.0,0.0,0.0,,0.0,1.0,1.0,0.0,2.0,0.0
401882904,2026-08-30,laliga,2026,14357,Valencia,Deportivo,0,377768,David Otorbi,SUB,0,1.0,27,0.0,0.0,0.0,0.0,0.0,0.0,0.0,,0.0,0.0,1.0,0.0,0.0,0.0
401882904,2026-08-30,laliga,2026,14357,Valencia,Deportivo,0,267477,Hugo Duro,SUB,0,1.0,9,0.0,0.0,0.0,0.0,0.0,0.0,0.0,,0.0,0.0,1.0,0.0,0.0,0.0
401882904,2026-08-30,laliga,2026,14357,Valencia,Deportivo,0,232803,Aliou Dieng,SUB,0,1.0,15,1.0,0.0,0.0,0.0,0.0,0.0,0.0,,0.0,0.0,1.0,0.0,0.0,0.0
401882904,2026-08-30,laliga,2026,14357,Valencia,Deportivo,0,388076,Iker Córdoba,SUB,0,0.0,36,0.0,0.0,0.0,0.0,0.0,0.0,0.0,,0.0,0.0,0.0,0.0,0.0,0.0
401882904,2026-08-30,laliga,2026,14357,Valencia,Deportivo,0,3124771,Jaume Durá I Soler,SUB,0,0.0,38,0.0,0.0,0.0,0.0,0.0,0.0,0.0,,0.0,0.0,0.0,0.0,0.0,0.0
401882905,2026-08-30,laliga,2026,14357,Celta Vigo,Athletic Club,1,144720,Andrei Radu,G,1,1.0,13,0.0,0.0,0.0,2.0,,0.0,0.0,5.0,0.0,0.0,0.0,0.0,0.0,0.0
401882905,2026-08-30,laliga,2026,14357,Celta Vigo,Athletic Club,1,195790,Carl Starfelt,CD,1,1.0,2,0.0,0.0,0.0,2.0,0.0,0.0,0.0,,0.0,0.0,0.0,0.0,1.0,0.0
401882905,2026-08-30,laliga,2026,14357,Celta Vigo,Athletic Club,1,21990,Abdoulaye Faye,CD-L,1,1.0,4,1.0,0.0,0.0,2.0,0.0,0.0,0.0,,0.0,0.0,0.0,0.0,0.0,0.0
401882905,2026-08-30,laliga,2026,14357,Celta Vigo,Athletic Club,1,376147,Javi Rodríguez,CD-R,1,1.0,20,0.0,0.0,0.0,2.0,0.0,0.0,0.0,,0.0,0.0,0.0,0.0,0.0,0.0
401882905,2026-08-30,laliga,2026,14357,Celta Vigo,Athletic Club,1,297829,Ilaix Moriba,CM-L,1,1.0,6,0.0,0.0,0.0,2.0,0.0,0.0,0.0,,0.0,0.0,0.0,0.0,0.0,0.0
401882905,2026-08-30,laliga,2026,14357,Celta Vigo,Athletic Club,1,240235,Aleix Febas,CM-R,1,1.0,14,0.0,3.0,0.0,2.0,0.0,0.0,0.0,,0.0,0.0,0.0,0.0,0.0,0.0
401882905,2026-08-30,laliga,2026,14357,Celta Vigo,Athletic Club,1,298343,Sergio Carreira,LM,1,1.0,5,1.0,1.0,0.0,2.0,0.0,0.0,0.0,,0.0,0.0,0.0,0.0,1.0,0.0
401882905,2026-08-30,laliga,2026,14357,Celta Vigo,Athletic Club,1,367430,Álvaro Núñez,RM,1,1.0,15,1.0,1.0,0.0,2.0,2.0,0.0,0.0,,0.0,0.0,0.0,0.0,0.0,0.0
401882905,2026-08-30,laliga,2026,14357,Celta Vigo,Athletic Club,1,324811,Hugo Gonzalez,F,1,1.0,16,1.0,1.0,0.0,2.0,0.0,0.0,0.0,,0.0,0.0,0.0,0.0,0.0,0.0
401882905,2026-08-30,laliga,2026,14357,Celta Vigo,Athletic Club,1,279904,Ferran Jutglà,CF-L,1,1.0,9,1.0,2.0,0.0,2.0,0.0,0.0,0.0,,0.0,0.0,0.0,0.0,1.0,0.0
401882905,2026-08-30,laliga,2026,14357,Celta Vigo,Athletic Club,1,322652,Williot Swedberg,CF-R,1,1.0,19,1.0,3.0,0.0,2.0,0.0,0.0,0.0,,0.0,2.0,0.0,0.0,3.0,0.0
401882905,2026-08-30,laliga,2026,14357,Celta Vigo,Athletic Club,1,231838,Javi Galán,SUB,0,0.0,22,0.0,0.0,0.0,0.0,0.0,0.0,0.0,,0.0,0.0,0.0,0.0,0.0,0.0
401882905,2026-08-30,laliga,2026,14357,Celta Vigo,Athletic Club,1,331586,Javi Rueda,SUB,0,1.0,17,0.0,2.0,0.0,0.0,0.0,0.0,0.0,,0.0,0.0,1.0,0.0,1.0,0.0
401882905,2026-08-30,laliga,2026,14357,Celta Vigo,Athletic Club,1,274272,Altay Bayindir,SUB,0,0.0,1,0.0,0.0,0.0,0.0,,0.0,0.0,0.0,0.0,0.0,0.0,0.0,0.0,0.0
401882905,2026-08-30,laliga,2026,14357,Celta Vigo,Athletic Club,1,353736,Miguel Román,SUB,0,1.0,8,0.0,1.0,0.0,0.0,0.0,0.0,0.0,,0.0,0.0,1.0,0.0,0.0,0.0
401882905,2026-08-30,laliga,2026,14357,Celta Vigo,Athletic Club,1,188391,Hugo Álvarez,SUB,0,1.0,23,2.0,1.0,0.0,0.0,0.0,0.0,0.0,,0.0,0.0,1.0,0.0,0.0,0.0
401882905,2026-08-30,laliga,2026,14357,Celta Vigo,Athletic Club,1,92800,Iago Aspas,SUB,0,1.0,10,0.0,0.0,0.0,0.0,1.0,0.0,0.0,,0.0,0.0,1.0,0.0,1.0,0.0
401882905,2026-08-30,laliga,2026,14357,Celta Vigo,Athletic Club,1,414293,Hugo Burcio,SUB,0,0.0,30,0.0,0.0,0.0,0.0,0.0,0.0,0.0,,0.0,0.0,0.0,0.0,0.0,0.0
401882905,2026-08-30,laliga,2026,14357,Celta Vigo,Athletic Club,1,334111,Jones El-Abdellaoui,SUB,0,0.0,39,0.0,0.0,0.0,0.0,0.0,0.0,0.0,,0.0,0.0,0.0,0.0,0.0,0.0
401882905,2026-08-30,laliga,2026,14357,Celta Vigo,Athletic Club,1,414292,Andrés Antañón,SUB,0,0.0,28,0.0,0.0,0.0,0.0,0.0,0.0,0.0,,0.0,0.0,0.0,0.0,0.0,0.0
401882905,2026-08-30,laliga,2026,14357,Celta Vigo,Athletic Club,1,138448,Pablo Durán,SUB,0,0.0,11,0.0,0.0,0.0,0.0,0.0,0.0,0.0,,0.0,0.0,0.0,0.0,0.0,0.0
401882905,2026-08-30,laliga,2026,14357,Celta Vigo,Athletic Club,1,384643,Yoel Lago,SUB,0,1.0,29,0.0,1.0,0.0,0.0,0.0,0.0,0.0,,0.0,0.0,1.0,0.0,0.0,0.0
401882905,2026-08-30,laliga,2026,14357,Celta Vigo,Athletic Club,1,3100794,Enrique Ribes,SUB,0,0.0,27,0.0,0.0,0.0,0.0,0.0,0.0,0.0,,0.0,0.0,0.0,0.0,0.0,0.0
401882905,2026-08-30,laliga,2026,14357,Athletic Club,Celta Vigo,0,222375,Unai Simón,G,1,1.0,1,0.0,0.0,0.0,0.0,,0.0,0.0,2.0,0.0,0.0,0.0,0.0,0.0,0.0
401882905,2026-08-30,laliga,2026,14357,Athletic Club,Celta Vigo,0,159317,Aymeric Laporte,CD-L,1,1.0,14,0.0,0.0,0.0,0.0,0.0,0.0,0.0,,0.0,0.0,0.0,0.0,2.0,0.0
401882905,2026-08-30,laliga,2026,14357,Athletic Club,Celta Vigo,0,308254,Aitor Paredes,CD-R,1,1.0,4,3.0,0.0,0.0,0.0,0.0,0.0,0.0,,0.0,0.0,0.0,0.0,0.0,0.0
401882905,2026-08-30,laliga,2026,14357,Athletic Club,Celta Vigo,0,133768,Yuri Berchiche,LB,1,1.0,17,1.0,0.0,0.0,0.0,0.0,0.0,0.0,,0.0,0.0,0.0,0.0,3.0,1.0
401882905,2026-08-30,laliga,2026,14357,Athletic Club,Celta Vigo,0,300876,Jesús Areso,RB,1,1.0,12,0.0,2.0,0.0,0.0,0.0,0.0,0.0,,0.0,0.0,0.0,0.0,0.0,0.0
401882905,2026-08-30,laliga,2026,14357,Athletic Club,Celta Vigo,0,291616,Oihan Sancet,AM,1,1.0,8,1.0,0.0,0.0,0.0,0.0,0.0,0.0,,0.0,2.0,0.0,0.0,3.0,0.0
401882905,2026-08-30,laliga,2026,14357,Athletic Club,Celta Vigo,0,388803,Beñat Gerenabarrena,LM,1,1.0,24,2.0,2.0,0.0,0.0,0.0,0.0,0.0,,0.0,0.0,0.0,0.0,0.0,1.0
401882905,2026-08-30,laliga,2026,14357,Athletic Club,Celta Vigo,0,157708,Iñigo Ruiz de Galarreta,RM,1,1.0,16,4.0,1.0,1.0,0.0,0.0,0.0,0.0,,0.0,0.0,0.0,0.0,1.0,0.0
401882905,2026-08-30,laliga,2026,14357,Athletic Club,Celta Vigo,0,214412,Iñaki Williams,F,1,1.0,9,0.0,0.0,1.0,0.0,0.0,0.0,0.0,,0.0,2.0,0.0,0.0,2.0,0.0
401882905,2026-08-30,laliga,2026,14357,Athletic Club,Celta Vigo,0,209579,Álex Berenguer,AM-L,1,1.0,7,1.0,0.0,0.0,0.0,0.0,0.0,0.0,,0.0,1.0,0.0,1.0,2.0,0.0
401882905,2026-08-30,laliga,2026,14357,Athletic Club,Celta Vigo,0,276996,Robert Navarro,AM-R,1,1.0,23,1.0,1.0,0.0,0.0,0.0,0.0,0.0,,0.0,2.0,0.0,1.0,2.0,1.0
401882905,2026-08-30,laliga,2026,14357,Athletic Club,Celta Vigo,0,377792,Mikel Jauregizar,SUB,0,1.0,18,1.0,0.0,0.0,0.0,0.0,0.0,0.0,,0.0,0.0,1.0,0.0,0.0,0.0
401882905,2026-08-30,laliga,2026,14357,Athletic Club,Celta Vigo,0,312146,Nico Williams,SUB,0,1.0,10,0.0,0.0,0.0,0.0,0.0,0.0,0.0,,0.0,0.0,1.0,0.0,2.0,0.0
401882905,2026-08-30,laliga,2026,14357,Athletic Club,Celta Vigo,0,393762,Maroan Sannadi,SUB,0,0.0,21,0.0,0.0,0.0,0.0,0.0,0.0,0.0,,0.0,0.0,0.0,0.0,0.0,0.0
401882905,2026-08-30,laliga,2026,14357,Athletic Club,Celta Vigo,0,379707,Adama Boiro,SUB,0,0.0,19,0.0,0.0,0.0,0.0,0.0,0.0,0.0,,0.0,0.0,0.0,0.0,0.0,0.0
401882905,2026-08-30,laliga,2026,14357,Athletic Club,Celta Vigo,0,347033,Álvaro Djaló,SUB,0,0.0,25,0.0,0.0,0.0,0.0,0.0,0.0,0.0,,0.0,0.0,0.0,0.0,0.0,0.0
401882905,2026-08-30,laliga,2026,14357,Athletic Club,Celta Vigo,0,217225,Yeray,SUB,0,0.0,5,0.0,0.0,0.0,0.0,0.0,0.0,0.0,,0.0,0.0,0.0,0.0,0.0,0.0
401882905,2026-08-30,laliga,2026,14357,Athletic Club,Celta Vigo,0,403371,Alejandro Rego,SUB,0,0.0,20,0.0,0.0,0.0,0.0,0.0,0.0,0.0,,0.0,0.0,0.0,0.0,0.0,0.0
401882905,2026-08-30,laliga,2026,14357,Athletic Club,Celta Vigo,0,231905,Gorka Guruzeta,SUB,0,1.0,11,3.0,0.0,0.0,0.0,0.0,0.0,0.0,,0.0,0.0,1.0,0.0,0.0,0.0
401882905,2026-08-30,laliga,2026,14357,Athletic Club,Celta Vigo,0,388805,Peio Canales,SUB,0,1.0,28,0.0,1.0,0.0,0.0,0.0,0.0,0.0,,0.0,0.0,1.0,0.0,0.0,0.0
401882905,2026-08-30,laliga,2026,14357,Athletic Club,Celta Vigo,0,362572,Hugo Rincón,SUB,0,0.0,15,0.0,0.0,0.0,0.0,0.0,0.0,0.0,,0.0,0.0,0.0,0.0,0.0,0.0
401882905,2026-08-30,laliga,2026,14357,Athletic Club,Celta Vigo,0,333214,Johaneko Louis Jean,SUB,0,1.0,31,0.0,0.0,0.0,0.0,0.0,0.0,0.0,,0.0,0.0,1.0,0.0,0.0,0.0
401882905,2026-08-30,laliga,2026,14357,Athletic Club,Celta Vigo,0,347411,Álex Padilla,SUB,0,0.0,13,0.0,0.0,0.0,0.0,,0.0,0.0,0.0,0.0,0.0,0.0,0.0,0.0,0.0
401882901,2026-08-31,laliga,2026,14357,Osasuna,Getafe,1,191360,Sergio Herrera,G,1,1.0,1,0.0,1.0,0.0,0.0,,0.0,0.0,1.0,0.0,0.0,0.0,0.0,0.0,1.0
401882901,2026-08-31,laliga,2026,14357,Osasuna,Getafe,1,307019,Jorge Herrando,CD-L,1,1.0,5,0.0,0.0,0.0,0.0,0.0,0.0,0.0,,0.0,0.0,0.0,0.0,0.0,1.0
401882901,2026-08-31,laliga,2026,14357,Osasuna,Getafe,1,264175,Alejandro Catena,CD-R,1,1.0,24,0.0,0.0,0.0,0.0,0.0,0.0,0.0,,0.0,0.0,0.0,0.0,0.0,0.0
401882901,2026-08-31,laliga,2026,14357,Osasuna,Getafe,1,300284,Abel Bretones,LB,1,1.0,23,1.0,1.0,0.0,0.0,0.0,0.0,0.0,,0.0,0.0,0.0,0.0,1.0,0.0
401882901,2026-08-31,laliga,2026,14357,Osasuna,Getafe,1,380918,Iñigo Arguibide,RB,1,1.0,27,1.0,1.0,0.0,0.0,0.0,0.0,0.0,,0.0,0.0,0.0,0.0,1.0,0.0
401882901,2026-08-31,laliga,2026,14357,Osasuna,Getafe,1,288760,Aimar Oroz,AM,1,1.0,10,1.0,3.0,0.0,0.0,0.0,0.0,0.0,,0.0,0.0,0.0,0.0,1.0,0.0
401882901,2026-08-31,laliga,2026,14357,Osasuna,Getafe,1,359154,Iker Muñoz,LM,1,1.0,8,3.0,0.0,0.0,0.0,0.0,0.0,0.0,,0.0,0.0,0.0,0.0,0.0,1.0
401882901,2026-08-31,laliga,2026,14357,Osasuna,Getafe,1,286176,Jon Moncayola,RM,1,1.0,7,2.0,0.0,0.0,0.0,0.0,0.0,0.0,,0.0,0.0,0.0,0.0,1.0,0.0
401882901,2026-08-31,laliga,2026,14357,Osasuna,Getafe,1,207288,Ante Budimir,F,1,1.0,17,3.0,2.0,0.0,0.0,0.0,0.0,0.0,,0.0,1.0,0.0,1.0,1.0,0.0
401882901,2026-08-31,laliga,2026,14357,Osasuna,Getafe,1,169089,Moi Gómez,AM-L,1,1.0,16,0.0,1.0,0.0,0.0,0.0,0.0,0.0,,0.0,0.0,0.0,0.0,0.0,0.0
401882901,2026-08-31,laliga,2026,14357,Osasuna,Getafe,1,178328,Rubén García,AM-R,1,1.0,14,1.0,1.0,0.0,0.0,0.0,0.0,0.0,,0.0,0.0,0.0,0.0,0.0,0.0
401882901,2026-08-31,laliga,2026,14357,Osasuna,Getafe,1,170154,Lucas Torró,SUB,0,1.0,6,0.0,0.0,0.0,0.0,0.0,0.0,0.0,,0.0,0.0,1.0,0.0,0.0,0.0
401882901,2026-08-31,laliga,2026,14357,Osasuna,Getafe,1,303906,Raúl Moro,SUB,0,0.0,18,0.0,0.0,0.0,0.0,0.0,0.0,0.0,,0.0,0.0,0.0,0.0,0.0,0.0
401882901,2026-08-31,laliga,2026,14357,Osasuna,Getafe,1,144759,Aitor Fernández,SUB,0,0.0,13,0.0,0.0,0.0,0.0,,0.0,0.0,0.0,0.0,0.0,0.0,0.0,0.0,0.0
401882901,2026-08-31,laliga,2026,14357,Osasuna,Getafe,1,3129002,Asier Bonel Aicua,SUB,0,0.0,30,0.0,0.0,0.0,0.0,0.0,0.0,0.0,,0.0,0.0,0.0,0.0,0.0,0.0
401882901,2026-08-31,laliga,2026,14357,Osasuna,Getafe,1,366598,Rockson Yeboah,SUB,0,0.0,48,0.0,0.0,0.0,0.0,0.0,0.0,0.0,,0.0,0.0,0.0,0.0,0.0,0.0
401882901,2026-08-31,laliga,2026,14357,Osasuna,Getafe,1,311969,Jonathan Dubasin,SUB,0,1.0,21,1.0,1.0,0.0,0.0,0.0,0.0,0.0,,0.0,1.0,1.0,0.0,2.0,0.0
401882901,2026-08-31,laliga,2026,14357,Osasuna,Getafe,1,209580,Enrique Barja,SUB,0,1.0,11,1.0,1.0,0.0,0.0,0.0,0.0,0.0,,0.0,0.0,1.0,0.0,1.0,1.0
401882901,2026-08-31,laliga,2026,14357,Osasuna,Getafe,1,296163,Raúl García,SUB,0,1.0,9,1.0,1.0,0.0,0.0,1.0,0.0,0.0,,0.0,0.0,1.0,0.0,2.0,1.0
401882901,2026-08-31,laliga,2026,14357,Osasuna,Getafe,1,409475,Mauro Echegoyen,SUB,0,0.0,26,0.0,0.0,0.0,0.0,0.0,0.0,0.0,,0.0,0.0,0.0,0.0,0.0,0.0
401882901,2026-08-31,laliga,2026,14357,Osasuna,Getafe,1,307905,Enzo Boyomo,SUB,0,1.0,22,2.0,1.0,0.0,0.0,0.0,0.0,0.0,,0.0,0.0,1.0,0.0,0.0,0.0
401882901,2026-08-31,laliga,2026,14357,Osasuna,Getafe,1,381628,Asier Osambela,SUB,0,0.0,29,0.0,0.0,0.0,0.0,0.0,0.0,0.0,,0.0,0.0,0.0,0.0,0.0,0.0
401882901,2026-08-31,laliga,2026,14357,Osasuna,Getafe,1,193943,Diego Rico,SUB,0,0.0,15,0.0,0.0,0.0,0.0,0.0,0.0,0.0,,0.0,0.0,0.0,0.0,0.0,0.0
401882901,2026-08-31,laliga,2026,14357,Getafe,Osasuna,0,196339,David Soria,G,1,1.0,13,0.0,0.0,0.0,1.0,,0.0,0.0,1.0,0.0,0.0,0.0,0.0,0.0,0.0
401882901,2026-08-31,laliga,2026,14357,Getafe,Osasuna,0,300111,Zaid Romero,CD-L,1,1.0,24,0.0,1.0,0.0,1.0,0.0,0.0,0.0,,0.0,0.0,0.0,0.0,0.0,0.0
401882901,2026-08-31,laliga,2026,14357,Getafe,Osasuna,0,181355,Djené,CD-R,1,1.0,2,3.0,0.0,0.0,1.0,0.0,0.0,0.0,,0.0,0.0,0.0,0.0,0.0,1.0
401882901,2026-08-31,laliga,2026,14357,Getafe,Osasuna,0,173247,Johan Mojica,LB,1,1.0,22,2.0,4.0,0.0,1.0,0.0,0.0,0.0,,0.0,0.0,0.0,0.0,1.0,1.0
401882901,2026-08-31,laliga,2026,14357,Getafe,Osasuna,0,125749,Kiko Femenía,RB,1,1.0,17,1.0,1.0,0.0,1.0,0.0,0.0,0.0,,0.0,0.0,0.0,0.0,0.0,0.0
401882901,2026-08-31,laliga,2026,14357,Getafe,Osasuna,0,228424,Orel Mangala,CM-L,1,1.0,23,2.0,3.0,0.0,1.0,0.0,0.0,0.0,,0.0,0.0,0.0,0.0,1.0,1.0
401882901,2026-08-31,laliga,2026,14357,Getafe,Osasuna,0,307186,Francho Serrano,CM-R,1,1.0,16,0.0,1.0,0.0,1.0,0.0,0.0,0.0,,0.0,0.0,0.0,0.0,0.0,0.0
401882901,2026-08-31,laliga,2026,14357,Getafe,Osasuna,0,309838,Ramón Terrats,LM,1,1.0,11,2.0,2.0,0.0,1.0,0.0,0.0,0.0,,0.0,1.0,0.0,0.0,4.0,0.0
401882901,2026-08-31,laliga,2026,14357,Getafe,Osasuna,0,356080,Andrés García,RM,1,1.0,21,0.0,1.0,0.0,1.0,0.0,0.0,0.0,,0.0,0.0,0.0,0.0,1.0,0.0
401882901,2026-08-31,laliga,2026,14357,Getafe,Osasuna,0,284854,Martín Satriano,CF-L,1,1.0,10,1.0,2.0,0.0,1.0,0.0,0.0,0.0,,0.0,0.0,0.0,0.0,3.0,0.0
401882901,2026-08-31,laliga,2026,14357,Getafe,Osasuna,0,218122,Enes Ünal,CF-R,1,1.0,19,1.0,2.0,0.0,1.0,2.0,0.0,0.0,,0.0,0.0,0.0,0.0,0.0,1.0
401882901,2026-08-31,laliga,2026,14357,Getafe,Osasuna,0,359826,Sebastián Boselli,SUB,0,0.0,15,0.0,0.0,0.0,0.0,0.0,0.0,0.0,,0.0,0.0,0.0,0.0,0.0,0.0
401882901,2026-08-31,laliga,2026,14357,Getafe,Osasuna,0,376208,Joselu Pérez,SUB,0,0.0,32,0.0,0.0,0.0,0.0,0.0,0.0,0.0,,0.0,0.0,0.0,0.0,0.0,0.0
401882901,2026-08-31,laliga,2026,14357,Getafe,Osasuna,0,136673,Nemanja Gudelj,SUB,0,1.0,8,1.0,0.0,0.0,0.0,0.0,0.0,0.0,,0.0,0.0,1.0,0.0,1.0,0.0
401882901,2026-08-31,laliga,2026,14357,Getafe,Osasuna,0,383912,Alberto Risco,SUB,0,1.0,28,1.0,0.0,0.0,0.0,0.0,0.0,0.0,,0.0,0.0,1.0,0.0,0.0,0.0
401882901,2026-08-31,laliga,2026,14357,Getafe,Osasuna,0,218793,Borja Mayoral,SUB,0,1.0,9,0.0,0.0,0.0,0.0,0.0,0.0,0.0,,0.0,0.0,1.0,0.0,0.0,0.0
401882901,2026-08-31,laliga,2026,14357,Getafe,Osasuna,0,396387,Óscar López,SUB,0,0.0,30,0.0,0.0,0.0,0.0,0.0,0.0,0.0,,0.0,0.0,0.0,0.0,0.0,0.0
401882901,2026-08-31,laliga,2026,14357,Getafe,Osasuna,0,375400,Mohamed Hamdoune,SUB,0,0.0,31,0.0,0.0,0.0,0.0,0.0,0.0,0.0,,0.0,0.0,0.0,0.0,0.0,0.0
401882901,2026-08-31,laliga,2026,14357,Getafe,Osasuna,0,314403,Saba Sazonov,SUB,0,0.0,4,0.0,0.0,0.0,0.0,0.0,0.0,0.0,,0.0,0.0,0.0,0.0,0.0,0.0
401882901,2026-08-31,laliga,2026,14357,Getafe,Osasuna,0,395479,Jean Ives Valou,SUB,0,0.0,26,0.0,0.0,0.0,0.0,0.0,0.0,0.0,,0.0,0.0,0.0,0.0,0.0,0.0
401882901,2026-08-31,laliga,2026,14357,Getafe,Osasuna,0,388898,Diego Ferrer,SUB,0,0.0,35,0.0,0.0,0.0,0.0,,0.0,0.0,0.0,0.0,0.0,0.0,0.0,0.0,0.0
401882901,2026-08-31,laliga,2026,14357,Getafe,Osasuna,0,344245,Jirí Letácek,SUB,0,0.0,1,0.0,0.0,0.0,0.0,,0.0,0.0,0.0,0.0,0.0,0.0,0.0,0.0,0.0
401882901,2026-08-31,laliga,2026,14357,Getafe,Osasuna,0,406832,Davinchi,SUB,0,0.0,3,0.0,0.0,0.0,0.0,0.0,0.0,0.0,,0.0,0.0,0.0,0.0,0.0,0.0
401882903,2026-08-31,laliga,2026,14357,Barcelona,Rayo Vallecano,1,297362,Joan García,G,1,1.0,1,0.0,0.0,0.0,2.0,,0.0,0.0,3.0,0.0,0.0,0.0,0.0,0.0,0.0
401882903,2026-08-31,laliga,2026,14357,Barcelona,Rayo Vallecano,1,186430,Andreas Christensen,CD-L,1,1.0,15,1.0,1.0,0.0,2.0,0.0,0.0,0.0,,0.0,0.0,0.0,0.0,1.0,0.0
401882903,2026-08-31,laliga,2026,14357,Barcelona,Rayo Vallecano,1,368992,Pau Cubarsí,CD-R,1,1.0,5,1.0,0.0,0.0,2.0,0.0,0.0,0.0,,0.0,0.0,0.0,0.0,1.0,0.0
401882903,2026-08-31,laliga,2026,14357,Barcelona,Rayo Vallecano,1,403582,Xavi Espart,LB,1,1.0,12,0.0,1.0,1.0,2.0,0.0,0.0,0.0,,0.0,0.0,0.0,0.0,1.0,0.0
401882903,2026-08-31,laliga,2026,14357,Barcelona,Rayo Vallecano,1,231692,Jules Koundé,RB,1,1.0,23,1.0,0.0,0.0,2.0,1.0,0.0,0.0,,0.0,0.0,0.0,0.0,0.0,0.0
401882903,2026-08-31,laliga,2026,14357,Barcelona,Rayo Vallecano,1,227765,Dani Olmo,AM,1,1.0,20,0.0,0.0,0.0,2.0,0.0,0.0,0.0,,0.0,0.0,0.0,0.0,2.0,0.0
401882903,2026-08-31,laliga,2026,14357,Barcelona,Rayo Vallecano,1,250465,Pedri,LM,1,1.0,8,0.0,2.0,0.0,2.0,0.0,0.0,0.0,,0.0,0.0,0.0,0.0,2.0,0.0
401882903,2026-08-31,laliga,2026,14357,Barcelona,Rayo Vallecano,1,376423,Marc Bernal,RM,1,1.0,22,1.0,1.0,1.0,2.0,0.0,0.0,0.0,,0.0,1.0,0.0,0.0,2.0,0.0
401882903,2026-08-31,laliga,2026,14357,Barcelona,Rayo Vallecano,1,231050,Raphinha,F,1,1.0,11,0.0,0.0,0.0,2.0,1.0,0.0,0.0,,0.0,3.0,0.0,2.0,4.0,0.0
401882903,2026-08-31,laliga,2026,14357,Barcelona,Rayo Vallecano,1,268782,Anthony Gordon,AM-L,1,1.0,17,0.0,1.0,1.0,2.0,0.0,0.0,0.0,,0.0,2.0,0.0,0.0,4.0,0.0
401882903,2026-08-31,laliga,2026,14357,Barcelona,Rayo Vallecano,1,362150,Lamine Yamal,AM-R,1,1.0,10,0.0,3.0,0.0,2.0,1.0,0.0,0.0,,0.0,2.0,0.0,2.0,6.0,0.0
401882903,2026-08-31,laliga,2026,14357,Barcelona,Rayo Vallecano,1,231828,Rodri,SUB,0,1.0,16,0.0,0.0,0.0,0.0,0.0,0.0,0.0,,0.0,0.0,1.0,0.0,0.0,0.0
401882903,2026-08-31,laliga,2026,14357,Barcelona,Rayo Vallecano,1,176399,João Cancelo,SUB,0,1.0,2,0.0,0.0,0.0,0.0,0.0,0.0,0.0,,0.0,0.0,1.0,0.0,1.0,0.0
401882903,2026-08-31,laliga,2026,14357,Barcelona,Rayo Vallecano,1,131634,Wojciech Szczesny,SUB,0,0.0,13,0.0,0.0,0.0,0.0,,0.0,0.0,0.0,0.0,0.0,0.0,0.0,0.0,0.0
401882903,2026-08-31,laliga,2026,14357,Barcelona,Rayo Vallecano,1,354334,Fermín López,SUB,0,1.0,7,0.0,1.0,0.0,0.0,0.0,0.0,0.0,,0.0,0.0,1.0,0.0,1.0,0.0
401882903,2026-08-31,laliga,2026,14357,Barcelona,Rayo Vallecano,1,274913,Karim Adeyemi,SUB,0,1.0,14,0.0,0.0,1.0,0.0,0.0,0.0,0.0,,0.0,1.0,1.0,0.0,1.0,0.0
401882903,2026-08-31,laliga,2026,14357,Barcelona,Rayo Vallecano,1,128714,Eric García,SUB,0,0.0,24,0.0,0.0,0.0,0.0,0.0,0.0,0.0,,0.0,0.0,0.0,0.0,0.0,0.0
401882903,2026-08-31,laliga,2026,14357,Barcelona,Rayo Vallecano,1,403587,Eder Aller,SUB,0,0.0,31,0.0,0.0,0.0,0.0,,0.0,0.0,0.0,0.0,0.0,0.0,0.0,0.0,0.0
401882903,2026-08-31,laliga,2026,14357,Barcelona,Rayo Vallecano,1,399200,Hamza Abdelkarim,SUB,0,1.0,29,0.0,1.0,0.0,0.0,0.0,0.0,0.0,,0.0,0.0,1.0,0.0,0.0,0.0
401882903,2026-08-31,laliga,2026,14357,Barcelona,Rayo Vallecano,1,323703,Alejandro Balde,SUB,0,0.0,3,0.0,0.0,0.0,0.0,0.0,0.0,0.0,,0.0,0.0,0.0,0.0,0.0,0.0
401882903,2026-08-31,laliga,2026,14357,Barcelona,Rayo Vallecano,1,312015,Gerard Martín,SUB,0,0.0,18,0.0,0.0,0.0,0.0,0.0,0.0,0.0,,0.0,0.0,0.0,0.0,0.0,0.0
401882903,2026-08-31,laliga,2026,14357,Barcelona,Rayo Vallecano,1,403575,Brian Fariñas,SUB,0,0.0,28,0.0,0.0,0.0,0.0,0.0,0.0,0.0,,0.0,0.0,0.0,0.0,0.0,0.0
401882903,2026-08-31,laliga,2026,14357,Rayo Vallecano,Barcelona,0,192893,Daniel Cárdenas,G,1,1.0,1,0.0,0.0,0.0,5.0,,0.0,0.0,5.0,0.0,0.0,0.0,0.0,0.0,0.0
401882903,2026-08-31,laliga,2026,14357,Rayo Vallecano,Barcelona,0,294228,Pathé Ciss,CD-L,1,1.0,6,0.0,0.0,0.0,5.0,0.0,0.0,0.0,,0.0,0.0,0.0,0.0,0.0,0.0
401882903,2026-08-31,laliga,2026,14357,Rayo Vallecano,Barcelona,0,140754,Florian Lejeune,CD-R,1,1.0,24,1.0,0.0,0.0,5.0,0.0,1.0,0.0,,0.0,0.0,0.0,0.0,3.0,0.0
401882903,2026-08-31,laliga,2026,14357,Rayo Vallecano,Barcelona,0,319231,Jozhua Vertrouwd,LB,1,1.0,33,2.0,0.0,0.0,2.0,0.0,0.0,0.0,,0.0,0.0,0.0,0.0,0.0,0.0
401882903,2026-08-31,laliga,2026,14357,Rayo Vallecano,Barcelona,0,158151,Iván Balliu,RB,1,1.0,20,1.0,0.0,0.0,5.0,1.0,0.0,0.0,,0.0,0.0,0.0,0.0,0.0,0.0
401882903,2026-08-31,laliga,2026,14357,Rayo Vallecano,Barcelona,0,203711,Unai López,AM,1,1.0,8,0.0,1.0,1.0,4.0,0.0,0.0,0.0,,0.0,0.0,0.0,0.0,0.0,0.0
401882903,2026-08-31,laliga,2026,14357,Rayo Vallecano,Barcelona,0,3115984,Gnangoro Bouare Samake,LM,1,1.0,36,0.0,1.0,0.0,3.0,0.0,0.0,0.0,,0.0,1.0,0.0,0.0,1.0,0.0
401882903,2026-08-31,laliga,2026,14357,Rayo Vallecano,Barcelona,0,264217,Óscar Valentín,RM,1,1.0,23,3.0,0.0,0.0,5.0,0.0,0.0,0.0,,0.0,0.0,0.0,0.0,0.0,0.0
401882903,2026-08-31,laliga,2026,14357,Rayo Vallecano,Barcelona,0,276652,Sergio Camello,F,1,1.0,10,0.0,0.0,0.0,4.0,0.0,0.0,0.0,,0.0,2.0,0.0,2.0,4.0,0.0
401882903,2026-08-31,laliga,2026,14357,Rayo Vallecano,Barcelona,0,125200,Álvaro García,AM-L,1,1.0,18,0.0,0.0,1.0,5.0,2.0,0.0,0.0,,0.0,0.0,0.0,0.0,0.0,0.0
401882903,2026-08-31,laliga,2026,14357,Rayo Vallecano,Barcelona,0,260740,Jorge de Frutos,AM-R,1,1.0,19,0.0,0.0,0.0,3.0,1.0,0.0,0.0,,0.0,0.0,0.0,0.0,0.0,0.0
401882903,2026-08-31,laliga,2026,14357,Rayo Vallecano,Barcelona,0,324505,Fran Pérez,SUB,0,1.0,21,1.0,0.0,0.0,2.0,0.0,0.0,0.0,,0.0,0.0,1.0,0.0,1.0,0.0
401882903,2026-08-31,laliga,2026,14357,Rayo Vallecano,Barcelona,0,386579,Pelayo Fernández,SUB,0,0.0,22,0.0,0.0,0.0,0.0,0.0,0.0,0.0,,0.0,0.0,0.0,0.0,0.0,0.0
401882903,2026-08-31,laliga,2026,14357,Rayo Vallecano,Barcelona,0,276067,Giorgi Tsitaishvili,SUB,0,0.0,14,0.0,0.0,0.0,0.0,0.0,0.0,0.0,,0.0,0.0,0.0,0.0,0.0,0.0
401882903,2026-08-31,laliga,2026,14357,Rayo Vallecano,Barcelona,0,264078,Pedro Díaz,SUB,0,1.0,4,1.0,0.0,0.0,2.0,0.0,0.0,0.0,,0.0,0.0,1.0,0.0,0.0,0.0
401882903,2026-08-31,laliga,2026,14357,Rayo Vallecano,Barcelona,0,300878,Adrián Molina,SUB,0,0.0,30,0.0,0.0,0.0,0.0,,0.0,0.0,0.0,0.0,0.0,0.0,0.0,0.0,0.0
401882903,2026-08-31,laliga,2026,14357,Rayo Vallecano,Barcelona,0,415410,Marco Román,SUB,0,0.0,31,0.0,0.0,0.0,0.0,0.0,0.0,0.0,,0.0,0.0,0.0,0.0,0.0,0.0
401882903,2026-08-31,laliga,2026,14357,Rayo Vallecano,Barcelona,0,276847,Randy Nteka,SUB,0,1.0,11,0.0,0.0,0.0,1.0,0.0,0.0,0.0,,0.0,1.0,1.0,0.0,1.0,0.0
401882903,2026-08-31,laliga,2026,14357,Rayo Vallecano,Barcelona,0,389447,Marco de las Sias,SUB,0,0.0,26,0.0,0.0,0.0,0.0,0.0,0.0,0.0,,0.0,0.0,0.0,0.0,0.0,0.0
401882903,2026-08-31,laliga,2026,14357,Rayo Vallecano,Barcelona,0,313024,Alexandre Alemão,SUB,0,1.0,9,0.0,1.0,0.0,1.0,0.0,0.0,0.0,,0.0,1.0,1.0,0.0,1.0,0.0
401882903,2026-08-31,laliga,2026,14357,Rayo Vallecano,Barcelona,0,287224,Andrei Ratiu,SUB,0,0.0,2,0.0,0.0,0.0,0.0,0.0,0.0,0.0,,0.0,0.0,0.0,0.0,0.0,0.0
401882903,2026-08-31,laliga,2026,14357,Rayo Vallecano,Barcelona,0,277292,Adrià Pedrosa,SUB,0,1.0,17,2.0,1.0,0.0,3.0,0.0,0.0,0.0,,0.0,0.0,1.0,0.0,0.0,1.0
401882867,2026-09-03,laliga,2026,14357,Real Sociedad,Celta Vigo,1,217319,Álex Remiro,G,1,1.0,1,0.0,0.0,0.0,0.0,,0.0,0.0,2.0,0.0,0.0,0.0,0.0,0.0,0.0
401882867,2026-09-03,laliga,2026,14357,Real Sociedad,Celta Vigo,1,366885,Jon Martín,CD-L,1,1.0,6,3.0,1.0,0.0,0.0,0.0,0.0,0.0,,0.0,1.0,0.0,0.0,1.0,0.0
401882867,2026-09-03,laliga,2026,14357,Real Sociedad,Celta Vigo,1,235693,Igor Zubeldia,CD-R,1,1.0,5,1.0,1.0,0.0,0.0,0.0,0.0,0.0,,0.0,0.0,0.0,0.0,0.0,0.0
401882867,2026-09-03,laliga,2026,14357,Real Sociedad,Celta Vigo,1,265993,Sergio Gómez,LB,1,1.0,17,0.0,0.0,0.0,0.0,1.0,0.0,0.0,,0.0,0.0,0.0,0.0,0.0,0.0
401882867,2026-09-03,laliga,2026,14357,Real Sociedad,Celta Vigo,1,318063,Jon Aramburu,RB,1,1.0,2,3.0,3.0,0.0,0.0,0.0,0.0,0.0,,0.0,0.0,0.0,0.0,1.0,0.0
401882867,2026-09-03,laliga,2026,14357,Real Sociedad,Celta Vigo,1,229018,Mikel Oyarzabal,AM,1,1.0,10,1.0,2.0,0.0,0.0,0.0,0.0,0.0,,0.0,1.0,0.0,0.0,2.0,0.0
401882867,2026-09-03,laliga,2026,14357,Real Sociedad,Celta Vigo,1,297371,Beñat Turrientes,LM,1,1.0,8,0.0,0.0,0.0,0.0,0.0,0.0,0.0,,0.0,2.0,0.0,0.0,2.0,0.0
401882867,2026-09-03,laliga,2026,14357,Real Sociedad,Celta Vigo,1,236185,Yangel Herrera,RM,1,1.0,21,2.0,0.0,0.0,0.0,0.0,0.0,0.0,,0.0,1.0,0.0,0.0,1.0,1.0
401882867,2026-09-03,laliga,2026,14357,Real Sociedad,Celta Vigo,1,341367,Orri Óskarsson,F,1,1.0,9,1.0,1.0,0.0,0.0,0.0,0.0,0.0,,0.0,0.0,0.0,0.0,1.0,0.0
401882867,2026-09-03,laliga,2026,14357,Real Sociedad,Celta Vigo,1,283941,Ander Barrenetxea,AM-L,1,1.0,7,2.0,2.0,0.0,0.0,1.0,0.0,0.0,,0.0,0.0,0.0,0.0,1.0,0.0
401882867,2026-09-03,laliga,2026,14357,Real Sociedad,Celta Vigo,1,256587,Takefusa Kubo,AM-R,1,1.0,14,1.0,1.0,0.0,0.0,0.0,0.0,0.0,,0.0,0.0,0.0,0.0,1.0,0.0
401882867,2026-09-03,laliga,2026,14357,Real Sociedad,Celta Vigo,1,396607,Luken Beitia,SUB,0,0.0,34,0.0,0.0,0.0,0.0,0.0,0.0,0.0,,0.0,0.0,0.0,0.0,0.0,0.0
401882867,2026-09-03,laliga,2026,14357,Real Sociedad,Celta Vigo,1,406379,Job Ochieng,SUB,0,0.0,12,0.0,0.0,0.0,0.0,0.0,0.0,0.0,,0.0,0.0,0.0,0.0,0.0,0.0
401882867,2026-09-03,laliga,2026,14357,Real Sociedad,Celta Vigo,1,363039,Héctor Fort,SUB,0,0.0,22,0.0,0.0,0.0,0.0,0.0,0.0,0.0,,0.0,0.0,0.0,0.0,0.0,0.0
401882867,2026-09-03,laliga,2026,14357,Real Sociedad,Celta Vigo,1,355433,Mamadou Sarr,SUB,0,0.0,19,0.0,0.0,0.0,0.0,0.0,0.0,0.0,,0.0,0.0,0.0,0.0,0.0,0.0
401882867,2026-09-03,laliga,2026,14357,Real Sociedad,Celta Vigo,1,388601,Jon Gorrotxategi,SUB,0,1.0,4,0.0,0.0,0.0,0.0,0.0,0.0,0.0,,0.0,0.0,1.0,0.0,0.0,0.0
401882867,2026-09-03,laliga,2026,14357,Real Sociedad,Celta Vigo,1,396613,Alex Marchal,SUB,0,1.0,29,0.0,0.0,0.0,0.0,0.0,0.0,0.0,,0.0,0.0,1.0,0.0,2.0,0.0
401882867,2026-09-03,laliga,2026,14357,Real Sociedad,Celta Vigo,1,307487,Arsen Zakharyan,SUB,0,0.0,23,0.0,0.0,0.0,0.0,0.0,0.0,0.0,,0.0,0.0,0.0,0.0,0.0,0.0
401882867,2026-09-03,laliga,2026,14357,Real Sociedad,Celta Vigo,1,283891,Aihen Muñoz,SUB,0,0.0,3,0.0,0.0,0.0,0.0,0.0,0.0,0.0,,0.0,0.0,0.0,0.0,0.0,0.0
401882867,2026-09-03,laliga,2026,14357,Real Sociedad,Celta Vigo,1,312011,Unai Marrero,SUB,0,0.0,13,0.0,0.0,0.0,0.0,,0.0,0.0,0.0,0.0,0.0,0.0,0.0,0.0,0.0
401882867,2026-09-03,laliga,2026,14357,Real Sociedad,Celta Vigo,1,306263,Luka Sucic,SUB,0,1.0,24,1.0,0.0,0.0,0.0,0.0,0.0,0.0,,0.0,0.0,1.0,0.0,2.0,1.0
401882867,2026-09-03,laliga,2026,14357,Real Sociedad,Celta Vigo,1,235072,Carlos Soler,SUB,0,1.0,18,0.0,0.0,0.0,0.0,0.0,0.0,0.0,,0.0,0.0,1.0,0.0,0.0,0.0
401882867,2026-09-03,laliga,2026,14357,Real Sociedad,Celta Vigo,1,213141,Gonçalo Guedes,SUB,0,1.0,11,0.0,0.0,0.0,0.0,0.0,0.0,0.0,,0.0,0.0,1.0,0.0,2.0,0.0
401882867,2026-09-03,laliga,2026,14357,Celta Vigo,Real Sociedad,0,144720,Andrei Radu,G,1,1.0,13,0.0,1.0,0.0,0.0,,0.0,0.0,5.0,0.0,0.0,0.0,0.0,0.0,0.0
401882867,2026-09-03,laliga,2026,14357,Celta Vigo,Real Sociedad,0,384643,Yoel Lago,CD,1,1.0,18,2.0,2.0,0.0,0.0,1.0,0.0,0.0,,0.0,0.0,0.0,0.0,0.0,1.0
401882867,2026-09-03,laliga,2026,14357,Celta Vigo,Real Sociedad,0,146127,Marcos Alonso,CD-L,1,1.0,3,2.0,0.0,0.0,0.0,0.0,0.0,0.0,,0.0,0.0,0.0,0.0,0.0,1.0
401882867,2026-09-03,laliga,2026,14357,Celta Vigo,Real Sociedad,0,367430,Álvaro Núñez,CD-R,1,1.0,15,1.0,0.0,0.0,0.0,0.0,0.0,0.0,,0.0,1.0,0.0,0.0,1.0,0.0
401882867,2026-09-03,laliga,2026,14357,Celta Vigo,Real Sociedad,0,297829,Ilaix Moriba,CM-L,1,1.0,6,0.0,1.0,0.0,0.0,0.0,0.0,0.0,,0.0,0.0,0.0,0.0,2.0,0.0
401882867,2026-09-03,laliga,2026,14357,Celta Vigo,Real Sociedad,0,353736,Miguel Román,CM-R,1,1.0,8,0.0,1.0,0.0,0.0,0.0,0.0,0.0,,0.0,0.0,0.0,0.0,0.0,0.0
401882867,2026-09-03,laliga,2026,14357,Celta Vigo,Real Sociedad,0,298343,Sergio Carreira,LM,1,1.0,5,2.0,2.0,0.0,0.0,0.0,0.0,0.0,,0.0,0.0,0.0,0.0,0.0,0.0
401882867,2026-09-03,laliga,2026,14357,Celta Vigo,Real Sociedad,0,331586,Javi Rueda,RM,1,1.0,17,1.0,0.0,0.0,0.0,0.0,0.0,0.0,,0.0,0.0,0.0,0.0,1.0,0.0
401882867,2026-09-03,laliga,2026,14357,Celta Vigo,Real Sociedad,0,279904,Ferran Jutglà,F,1,1.0,9,2.0,5.0,0.0,0.0,0.0,0.0,0.0,,0.0,0.0,0.0,0.0,0.0,0.0
401882867,2026-09-03,laliga,2026,14357,Celta Vigo,Real Sociedad,0,322652,Williot Swedberg,CF-L,1,1.0,19,0.0,3.0,0.0,0.0,0.0,0.0,0.0,,0.0,0.0,0.0,0.0,0.0,0.0
401882867,2026-09-03,laliga,2026,14357,Celta Vigo,Real Sociedad,0,414292,Andrés Antañón,CF-R,1,1.0,28,0.0,0.0,0.0,0.0,0.0,0.0,0.0,,0.0,0.0,0.0,0.0,1.0,0.0
401882867,2026-09-03,laliga,2026,14357,Celta Vigo,Real Sociedad,0,195790,Carl Starfelt,SUB,0,0.0,2,0.0,0.0,0.0,0.0,0.0,0.0,0.0,,0.0,0.0,0.0,0.0,0.0,0.0
401882867,2026-09-03,laliga,2026,14357,Celta Vigo,Real Sociedad,0,334111,Jones El-Abdellaoui,SUB,0,0.0,39,0.0,0.0,0.0,0.0,0.0,0.0,0.0,,0.0,0.0,0.0,0.0,0.0,0.0
401882867,2026-09-03,laliga,2026,14357,Celta Vigo,Real Sociedad,0,324811,Hugo Gonzalez,SUB,0,0.0,16,0.0,0.0,0.0,0.0,0.0,0.0,0.0,,0.0,0.0,0.0,0.0,0.0,0.0
401882867,2026-09-03,laliga,2026,14357,Celta Vigo,Real Sociedad,0,138448,Pablo Durán,SUB,0,1.0,11,0.0,0.0,0.0,0.0,0.0,0.0,0.0,,0.0,0.0,1.0,0.0,0.0,0.0
401882867,2026-09-03,laliga,2026,14357,Celta Vigo,Real Sociedad,0,188391,Hugo Álvarez,SUB,0,0.0,23,0.0,0.0,0.0,0.0,0.0,0.0,0.0,,0.0,0.0,0.0,0.0,0.0,0.0
401882867,2026-09-03,laliga,2026,14357,Celta Vigo,Real Sociedad,0,376147,Javi Rodríguez,SUB,0,1.0,20,0.0,0.0,0.0,0.0,0.0,0.0,0.0,,0.0,0.0,1.0,0.0,0.0,0.0
401882867,2026-09-03,laliga,2026,14357,Celta Vigo,Real Sociedad,0,21990,Abdoulaye Faye,SUB,0,0.0,4,0.0,0.0,0.0,0.0,0.0,0.0,0.0,,0.0,0.0,0.0,0.0,0.0,0.0
401882867,2026-09-03,laliga,2026,14357,Celta Vigo,Real Sociedad,0,274272,Altay Bayindir,SUB,0,0.0,1,0.0,0.0,0.0,0.0,,0.0,0.0,0.0,0.0,0.0,0.0,0.0,0.0,0.0
401882867,2026-09-03,laliga,2026,14357,Celta Vigo,Real Sociedad,0,304592,Couhaib Driouech,SUB,0,1.0,24,1.0,0.0,0.0,0.0,0.0,0.0,0.0,,0.0,0.0,1.0,0.0,0.0,1.0
401882867,2026-09-03,laliga,2026,14357,Celta Vigo,Real Sociedad,0,231838,Javi Galán,SUB,0,1.0,22,0.0,0.0,0.0,0.0,0.0,0.0,0.0,,0.0,0.0,1.0,0.0,0.0,0.0
401882867,2026-09-03,laliga,2026,14357,Celta Vigo,Real Sociedad,0,92800,Iago Aspas,SUB,0,1.0,10,0.0,0.0,0.0,0.0,0.0,0.0,0.0,,0.0,1.0,1.0,0.0,2.0,0.0
401882867,2026-09-03,laliga,2026,14357,Celta Vigo,Real Sociedad,0,414293,Hugo Burcio,SUB,0,0.0,30,0.0,0.0,0.0,0.0,0.0,0.0,0.0,,0.0,0.0,0.0,0.0,0.0,0.0
401882894,2026-09-04,laliga,2026,14357,Real Betis,Real Madrid,1,283892,Álvaro Valles,G,1,1.0,1,0.0,0.0,0.0,0.0,,0.0,0.0,6.0,0.0,0.0,0.0,0.0,0.0,0.0
401882894,2026-09-04,laliga,2026,14357,Real Betis,Real Madrid,1,301526,Natan,CD-L,1,1.0,4,1.0,0.0,0.0,0.0,0.0,0.0,0.0,,0.0,0.0,0.0,0.0,0.0,1.0
401882894,2026-09-04,laliga,2026,14357,Real Betis,Real Madrid,1,181530,Diego Llorente,CD-R,1,1.0,3,0.0,0.0,0.0,0.0,0.0,0.0,0.0,,0.0,0.0,0.0,0.0,0.0,0.0
401882894,2026-09-04,laliga,2026,14357,Real Betis,Real Madrid,1,213050,Fran García,LB,1,1.0,11,0.0,2.0,0.0,0.0,1.0,0.0,0.0,,0.0,0.0,0.0,0.0,0.0,0.0
401882894,2026-09-04,laliga,2026,14357,Real Betis,Real Madrid,1,178978,Héctor Bellerín,RB,1,1.0,2,3.0,1.0,0.0,0.0,0.0,0.0,0.0,,0.0,0.0,0.0,0.0,0.0,0.0
401882894,2026-09-04,laliga,2026,14357,Real Betis,Real Madrid,1,143564,Isco,AM,1,1.0,22,0.0,1.0,0.0,0.0,0.0,0.0,0.0,,0.0,0.0,0.0,0.0,1.0,0.0
401882894,2026-09-04,laliga,2026,14357,Real Betis,Real Madrid,1,242008,Marc Roca,LM,1,1.0,21,2.0,3.0,0.0,0.0,0.0,0.0,0.0,,0.0,0.0,0.0,0.0,0.0,1.0
401882894,2026-09-04,laliga,2026,14357,Real Betis,Real Madrid,1,359912,Facundo Bernal,RM,1,1.0,6,2.0,1.0,0.0,0.0,0.0,0.0,0.0,,0.0,0.0,0.0,0.0,0.0,1.0
401882894,2026-09-04,laliga,2026,14357,Real Betis,Real Madrid,1,336809,Cucho Hernández,F,1,1.0,9,0.0,1.0,0.0,0.0,0.0,0.0,0.0,,0.0,0.0,0.0,0.0,1.0,0.0
401882894,2026-09-04,laliga,2026,14357,Real Betis,Real Madrid,1,227714,Pablo Fornals,AM-L,1,1.0,8,1.0,3.0,0.0,0.0,0.0,0.0,0.0,,0.0,0.0,0.0,0.0,0.0,0.0
401882894,2026-09-04,laliga,2026,14357,Real Betis,Real Madrid,1,281558,Antony,AM-R,1,1.0,7,1.0,0.0,0.0,0.0,0.0,0.0,0.0,,0.0,1.0,0.0,0.0,4.0,0.0
401882894,2026-09-04,laliga,2026,14357,Real Betis,Real Madrid,1,322908,Nelson Deossa,SUB,0,1.0,18,1.0,0.0,0.0,0.0,0.0,0.0,0.0,,0.0,2.0,1.0,0.0,2.0,0.0
401882894,2026-09-04,laliga,2026,14357,Real Betis,Real Madrid,1,279790,Troy Parrott,SUB,0,1.0,19,0.0,1.0,0.0,0.0,0.0,0.0,0.0,,0.0,1.0,1.0,1.0,1.0,0.0
401882894,2026-09-04,laliga,2026,14357,Real Betis,Real Madrid,1,411284,José Morante,SUB,0,0.0,27,0.0,0.0,0.0,0.0,0.0,0.0,0.0,,0.0,0.0,0.0,0.0,0.0,0.0
401882894,2026-09-04,laliga,2026,14357,Real Betis,Real Madrid,1,292222,Iker Losada,SUB,0,0.0,14,0.0,0.0,0.0,0.0,0.0,0.0,0.0,,0.0,0.0,0.0,0.0,0.0,0.0
401882894,2026-09-04,laliga,2026,14357,Real Betis,Real Madrid,1,145078,Marc Bartra,SUB,0,1.0,5,0.0,0.0,0.0,0.0,0.0,0.0,0.0,,0.0,1.0,1.0,0.0,1.0,0.0
401882894,2026-09-04,laliga,2026,14357,Real Betis,Real Madrid,1,395941,Ángel Ortiz,SUB,0,0.0,12,0.0,0.0,0.0,0.0,0.0,0.0,0.0,,0.0,0.0,0.0,0.0,0.0,0.0
401882894,2026-09-04,laliga,2026,14357,Real Betis,Real Madrid,1,394885,Álvaro De Pablo,SUB,0,0.0,40,0.0,0.0,0.0,0.0,,0.0,0.0,0.0,0.0,0.0,0.0,0.0,0.0,0.0
401882894,2026-09-04,laliga,2026,14357,Real Betis,Real Madrid,1,283827,Álvaro Fidalgo,SUB,0,1.0,15,0.0,0.0,0.0,0.0,0.0,0.0,0.0,,0.0,0.0,1.0,0.0,0.0,0.0
401882894,2026-09-04,laliga,2026,14357,Real Betis,Real Madrid,1,390091,Manu González,SUB,0,0.0,31,0.0,0.0,0.0,0.0,,0.0,0.0,0.0,0.0,0.0,0.0,0.0,0.0,0.0
401882894,2026-09-04,laliga,2026,14357,Real Betis,Real Madrid,1,336480,Valentín Gómez,SUB,0,0.0,16,0.0,0.0,0.0,0.0,0.0,0.0,0.0,,0.0,0.0,0.0,0.0,0.0,0.0
401882894,2026-09-04,laliga,2026,14357,Real Betis,Real Madrid,1,70224,Rodrigo Riquelme,SUB,0,1.0,17,0.0,0.0,0.0,0.0,0.0,0.0,0.0,,0.0,0.0,1.0,0.0,0.0,0.0
401882894,2026-09-04,laliga,2026,14357,Real Betis,Real Madrid,1,269655,Junior Firpo,SUB,0,0.0,23,0.0,0.0,0.0,0.0,0.0,0.0,0.0,,0.0,0.0,0.0,0.0,0.0,0.0
401882894,2026-09-04,laliga,2026,14357,Real Madrid,Real Betis,0,134283,Thibaut Courtois,G,1,1.0,1,0.0,0.0,0.0,1.0,,0.0,0.0,4.0,0.0,0.0,0.0,0.0,0.0,0.0
401882894,2026-09-04,laliga,2026,14357,Real Madrid,Real Betis,0,356000,Dean Huijsen,CD-L,1,1.0,4,2.0,0.0,0.0,1.0,0.0,0.0,0.0,,0.0,1.0,0.0,0.0,2.0,0.0
401882894,2026-09-04,laliga,2026,14357,Real Madrid,Real Betis,0,251634,Ibrahima Konaté,CD-R,1,1.0,16,1.0,0.0,0.0,1.0,0.0,0.0,0.0,,0.0,0.0,0.0,0.0,0.0,1.0
401882894,2026-09-04,laliga,2026,14357,Real Madrid,Real Betis,0,259910,Marc Cucurella,LB,1,1.0,17,0.0,1.0,0.0,1.0,0.0,0.0,0.0,,0.0,0.0,0.0,0.0,0.0,0.0
401882894,2026-09-04,laliga,2026,14357,Real Madrid,Real Betis,0,213248,Denzel Dumfries,RB,1,1.0,24,0.0,0.0,0.0,0.0,0.0,0.0,0.0,,0.0,0.0,0.0,0.0,0.0,0.0
401882894,2026-09-04,laliga,2026,14357,Real Madrid,Real Betis,0,291281,Jude Bellingham,AM,1,1.0,5,1.0,3.0,0.0,1.0,0.0,0.0,0.0,,0.0,1.0,0.0,0.0,3.0,0.0
401882894,2026-09-04,laliga,2026,14357,Real Madrid,Real Betis,0,285150,Eduardo Camavinga,LM,1,1.0,6,2.0,1.0,0.0,0.0,0.0,0.0,0.0,,0.0,0.0,0.0,0.0,0.0,1.0
401882894,2026-09-04,laliga,2026,14357,Real Madrid,Real Betis,0,235818,Federico Valverde,RM,1,1.0,8,1.0,0.0,0.0,1.0,0.0,0.0,0.0,,0.0,0.0,0.0,0.0,1.0,0.0
401882894,2026-09-04,laliga,2026,14357,Real Madrid,Real Betis,0,231388,Kylian Mbappé,F,1,1.0,10,0.0,0.0,0.0,1.0,1.0,0.0,0.0,,0.0,4.0,0.0,0.0,7.0,0.0
401882894,2026-09-04,laliga,2026,14357,Real Madrid,Real Betis,0,252107,Vinícius Júnior,AM-L,1,1.0,7,1.0,4.0,0.0,1.0,0.0,0.0,0.0,,0.0,1.0,0.0,0.0,4.0,1.0
401882894,2026-09-04,laliga,2026,14357,Real Madrid,Real Betis,0,310452,Arda Güler,AM-R,1,1.0,15,3.0,2.0,0.0,0.0,0.0,0.0,0.0,,0.0,0.0,0.0,0.0,2.0,1.0
401882894,2026-09-04,laliga,2026,14357,Real Madrid,Real Betis,0,169438,Antonio Rüdiger,SUB,0,0.0,22,0.0,0.0,0.0,0.0,0.0,0.0,0.0,,0.0,0.0,0.0,0.0,0.0,0.0
401882894,2026-09-04,laliga,2026,14357,Real Madrid,Real Betis,0,409318,Sergio Martínez,SUB,0,0.0,38,0.0,0.0,0.0,0.0,0.0,0.0,0.0,,0.0,0.0,0.0,0.0,0.0,0.0
401882894,2026-09-04,laliga,2026,14357,Real Madrid,Real Betis,0,402479,Yan Diomande,SUB,0,1.0,25,1.0,0.0,0.0,1.0,0.0,0.0,0.0,,0.0,0.0,1.0,0.0,0.0,0.0
401882894,2026-09-04,laliga,2026,14357,Real Madrid,Real Betis,0,84349,Javier Navarro,SUB,0,0.0,31,0.0,0.0,0.0,0.0,,0.0,0.0,0.0,0.0,0.0,0.0,0.0,0.0,0.0
401882894,2026-09-04,laliga,2026,14357,Real Madrid,Real Betis,0,310637,Álvaro Carreras,SUB,0,1.0,18,0.0,0.0,0.0,0.0,0.0,0.0,0.0,,0.0,0.0,1.0,0.0,0.0,0.0
401882894,2026-09-04,laliga,2026,14357,Real Madrid,Real Betis,0,257237,Andriy Lunin,SUB,0,0.0,13,0.0,0.0,0.0,0.0,,0.0,0.0,0.0,0.0,0.0,0.0,0.0,0.0,0.0
401882894,2026-09-04,laliga,2026,14357,Real Madrid,Real Betis,0,415478,Jorge Cestero,SUB,0,0.0,29,0.0,0.0,0.0,0.0,0.0,0.0,0.0,,0.0,0.0,0.0,0.0,0.0,0.0
401882894,2026-09-04,laliga,2026,14357,Real Madrid,Real Betis,0,223532,Trent Alexander-Arnold,SUB,0,1.0,12,0.0,0.0,0.0,1.0,0.0,0.0,0.0,,0.0,0.0,1.0,0.0,0.0,0.0
401882894,2026-09-04,laliga,2026,14357,Real Madrid,Real Betis,0,330352,Mario Rivas,SUB,0,0.0,33,0.0,0.0,0.0,0.0,0.0,0.0,0.0,,0.0,0.0,0.0,0.0,0.0,0.0
401882894,2026-09-04,laliga,2026,14357,Real Madrid,Real Betis,0,246532,Brahim Díaz,SUB,0,0.0,21,0.0,0.0,0.0,0.0,0.0,0.0,0.0,,0.0,0.0,0.0,0.0,0.0,0.0
401882894,2026-09-04,laliga,2026,14357,Real Madrid,Real Betis,0,199833,Bernardo Silva,SUB,0,1.0,20,1.0,0.0,0.0,1.0,0.0,0.0,0.0,,0.0,0.0,1.0,0.0,0.0,0.0
401882894,2026-09-04,laliga,2026,14357,Real Madrid,Real Betis,0,380286,Carlos Espí,SUB,0,1.0,19,0.0,0.0,0.0,0.0,1.0,0.0,0.0,,0.0,1.0,1.0,0.0,1.0,0.0
401882887,2026-09-05,laliga,2026,14357,Villarreal,Deportivo,1,307648,Luiz Júnior,G,1,1.0,1,0.0,0.0,0.0,3.0,,0.0,0.0,0.0,0.0,0.0,0.0,0.0,0.0,0.0
401882887,2026-09-05,laliga,2026,14357,Villarreal,Deportivo,1,337011,Renato Veiga,CD-L,1,1.0,12,3.0,0.0,0.0,3.0,0.0,0.0,0.0,,0.0,0.0,0.0,0.0,0.0,0.0
401882887,2026-09-05,laliga,2026,14357,Villarreal,Deportivo,1,271129,Logan Costa,CD-R,1,1.0,2,0.0,0.0,0.0,2.0,1.0,0.0,0.0,,0.0,0.0,0.0,0.0,1.0,0.0
401882887,2026-09-05,laliga,2026,14357,Villarreal,Deportivo,1,289072,Sergi Cardona,LB,1,1.0,23,3.0,1.0,0.0,3.0,0.0,0.0,0.0,,0.0,0.0,0.0,0.0,0.0,0.0
401882887,2026-09-05,laliga,2026,14357,Villarreal,Deportivo,1,248276,Alex Freeman,RB,1,1.0,3,0.0,1.0,0.0,3.0,1.0,0.0,0.0,,0.0,1.0,0.0,0.0,2.0,0.0
401882887,2026-09-05,laliga,2026,14357,Villarreal,Deportivo,1,255889,Pape Gueye,CM-L,1,1.0,18,0.0,3.0,0.0,1.0,0.0,0.0,0.0,,0.0,1.0,0.0,0.0,1.0,0.0
401882887,2026-09-05,laliga,2026,14357,Villarreal,Deportivo,1,311163,Nathan Saliba,CM-R,1,1.0,24,0.0,1.0,0.0,3.0,0.0,0.0,0.0,,0.0,0.0,0.0,0.0,1.0,0.0
401882887,2026-09-05,laliga,2026,14357,Villarreal,Deportivo,1,307390,Alberto Moleiro,LM,1,1.0,10,1.0,1.0,0.0,1.0,0.0,0.0,0.0,,0.0,2.0,0.0,0.0,2.0,0.0
401882887,2026-09-05,laliga,2026,14357,Villarreal,Deportivo,1,210397,Nicolas Pépé,RM,1,1.0,19,0.0,1.0,0.0,3.0,0.0,0.0,0.0,,0.0,1.0,0.0,1.0,5.0,0.0
401882887,2026-09-05,laliga,2026,14357,Villarreal,Deportivo,1,192133,Ayoze Pérez,CF-L,1,1.0,22,1.0,2.0,1.0,1.0,0.0,0.0,0.0,,0.0,0.0,0.0,0.0,1.0,0.0
401882887,2026-09-05,laliga,2026,14357,Villarreal,Deportivo,1,156172,Gerard Moreno,CF-R,1,1.0,7,0.0,1.0,0.0,1.0,0.0,0.0,0.0,,0.0,0.0,0.0,0.0,1.0,0.0
401882887,2026-09-05,laliga,2026,14357,Villarreal,Deportivo,1,368878,Pau Navarro,SUB,0,0.0,6,0.0,0.0,0.0,0.0,0.0,0.0,0.0,,0.0,0.0,0.0,0.0,0.0,0.0
401882887,2026-09-05,laliga,2026,14357,Villarreal,Deportivo,1,318098,Santiago Mouriño,SUB,0,0.0,15,0.0,0.0,0.0,0.0,0.0,0.0,0.0,,0.0,0.0,0.0,0.0,0.0,0.0
401882887,2026-09-05,laliga,2026,14357,Villarreal,Deportivo,1,300002,Georges Mikautadze,SUB,0,1.0,9,0.0,2.0,0.0,2.0,0.0,0.0,0.0,,0.0,0.0,1.0,0.0,2.0,0.0
401882887,2026-09-05,laliga,2026,14357,Villarreal,Deportivo,1,119620,Péter Gulácsi,SUB,0,0.0,25,0.0,0.0,0.0,0.0,,0.0,0.0,0.0,0.0,0.0,0.0,0.0,0.0,0.0
401882887,2026-09-05,laliga,2026,14357,Villarreal,Deportivo,1,396751,Alassane Diatta,SUB,0,0.0,5,0.0,0.0,0.0,0.0,0.0,0.0,0.0,,0.0,0.0,0.0,0.0,0.0,0.0
401882887,2026-09-05,laliga,2026,14357,Villarreal,Deportivo,1,294039,Tani Oluwaseyi,SUB,0,1.0,21,2.0,0.0,0.0,2.0,0.0,0.0,0.0,,0.0,0.0,1.0,0.0,0.0,0.0
401882887,2026-09-05,laliga,2026,14357,Villarreal,Deportivo,1,343640,Rubén Gómez,SUB,0,0.0,13,0.0,0.0,0.0,0.0,,0.0,0.0,0.0,0.0,0.0,0.0,0.0,0.0,0.0
401882887,2026-09-05,laliga,2026,14357,Villarreal,Deportivo,1,284769,Tajon Buchanan,SUB,0,1.0,17,1.0,1.0,0.0,2.0,0.0,0.0,0.0,,0.0,0.0,1.0,0.0,0.0,1.0
401882887,2026-09-05,laliga,2026,14357,Villarreal,Deportivo,1,240623,Santi Comesaña,SUB,0,1.0,14,3.0,0.0,0.0,2.0,0.0,0.0,0.0,,0.0,0.0,1.0,0.0,0.0,1.0
401882887,2026-09-05,laliga,2026,14357,Villarreal,Deportivo,1,415438,Carlos Macià,SUB,0,0.0,16,0.0,0.0,0.0,0.0,0.0,0.0,0.0,,0.0,0.0,0.0,0.0,0.0,0.0
401882887,2026-09-05,laliga,2026,14357,Villarreal,Deportivo,1,331047,Ilias Akhomach,SUB,0,1.0,11,0.0,0.0,0.0,1.0,0.0,0.0,0.0,,0.0,0.0,1.0,0.0,1.0,0.0
401882887,2026-09-05,laliga,2026,14357,Deportivo,Villarreal,0,300926,Leo Román,G,1,1.0,13,0.0,0.0,0.0,2.0,,0.0,0.0,4.0,0.0,0.0,0.0,0.0,0.0,0.0
401882887,2026-09-05,laliga,2026,14357,Deportivo,Villarreal,0,188398,José María Giménez,CD-L,1,1.0,20,0.0,0.0,0.0,1.0,0.0,0.0,0.0,,0.0,0.0,0.0,0.0,0.0,0.0
401882887,2026-09-05,laliga,2026,14357,Deportivo,Villarreal,0,321112,Lucas Noubi,CD-R,1,1.0,4,2.0,0.0,0.0,2.0,0.0,0.0,0.0,,0.0,0.0,0.0,0.0,0.0,0.0
401882887,2026-09-05,laliga,2026,14357,Deportivo,Villarreal,0,275924,Giacomo Quagliata,LB,1,1.0,12,1.0,0.0,0.0,2.0,0.0,0.0,0.0,,0.0,0.0,0.0,0.0,1.0,0.0
401882887,2026-09-05,laliga,2026,14357,Deportivo,Villarreal,0,157568,Ximo Navarro,RB,1,1.0,23,0.0,1.0,0.0,2.0,1.0,0.0,0.0,,0.0,0.0,0.0,0.0,0.0,0.0
401882887,2026-09-05,laliga,2026,14357,Deportivo,Villarreal,0,356639,Lorenzo Amatucci,CM-L,1,1.0,16,4.0,0.0,0.0,2.0,0.0,0.0,0.0,,0.0,0.0,0.0,0.0,0.0,1.0
401882887,2026-09-05,laliga,2026,14357,Deportivo,Villarreal,0,297353,Mario Soriano Carreno,CM-R,1,1.0,21,2.0,0.0,0.0,1.0,0.0,0.0,0.0,,0.0,0.0,0.0,0.0,0.0,0.0
401882887,2026-09-05,laliga,2026,14357,Deportivo,Villarreal,0,279609,Riki Rodríguez,LM,1,1.0,14,1.0,0.0,0.0,1.0,0.0,0.0,0.0,,0.0,0.0,0.0,0.0,0.0,0.0
401882887,2026-09-05,laliga,2026,14357,Deportivo,Villarreal,0,324166,Luismi Cruz,RM,1,1.0,19,3.0,4.0,0.0,2.0,0.0,0.0,0.0,,0.0,1.0,0.0,1.0,1.0,0.0
401882887,2026-09-05,laliga,2026,14357,Deportivo,Villarreal,0,122260,Pierre-Emerick Aubameyang,CF-L,1,1.0,7,0.0,1.0,2.0,2.0,0.0,0.0,0.0,,0.0,1.0,0.0,1.0,3.0,0.0
401882887,2026-09-05,laliga,2026,14357,Deportivo,Villarreal,0,414299,Bil Nsongo,CF-R,1,1.0,32,0.0,1.0,0.0,1.0,0.0,0.0,0.0,,0.0,0.0,0.0,0.0,1.0,0.0
401882887,2026-09-05,laliga,2026,14357,Deportivo,Villarreal,0,96060,Álvaro Fernández,SUB,0,0.0,25,0.0,0.0,0.0,0.0,,0.0,0.0,0.0,0.0,0.0,0.0,0.0,0.0,0.0
401882887,2026-09-05,laliga,2026,14357,Deportivo,Villarreal,0,384414,Jonathan Asp Jensen,SUB,0,0.0,18,0.0,0.0,0.0,0.0,0.0,0.0,0.0,,0.0,0.0,0.0,0.0,0.0,0.0
401882887,2026-09-05,laliga,2026,14357,Deportivo,Villarreal,0,375390,David Mella,SUB,0,0.0,11,0.0,0.0,0.0,0.0,0.0,0.0,0.0,,0.0,0.0,0.0,0.0,0.0,0.0
401882887,2026-09-05,laliga,2026,14357,Deportivo,Villarreal,0,345489,Marc Casadó,SUB,0,1.0,6,0.0,2.0,0.0,1.0,0.0,0.0,0.0,,0.0,0.0,1.0,0.0,0.0,0.0
401882887,2026-09-05,laliga,2026,14357,Deportivo,Villarreal,0,362123,Teun Gijselhart,SUB,0,0.0,34,0.0,0.0,0.0,0.0,0.0,0.0,0.0,,0.0,0.0,0.0,0.0,0.0,0.0
401882887,2026-09-05,laliga,2026,14357,Deportivo,Villarreal,0,286769,Zakaria Eddahchouri,SUB,0,1.0,9,0.0,0.0,0.0,0.0,0.0,0.0,0.0,,0.0,1.0,1.0,1.0,1.0,0.0
401882887,2026-09-05,laliga,2026,14357,Deportivo,Villarreal,0,259915,Miguel Loureiro,SUB,0,1.0,15,0.0,1.0,0.0,1.0,0.0,0.0,0.0,,0.0,0.0,1.0,0.0,0.0,0.0
401882887,2026-09-05,laliga,2026,14357,Deportivo,Villarreal,0,312392,Yeremay Hernández,SUB,0,1.0,10,1.0,2.0,0.0,1.0,0.0,0.0,0.0,,0.0,0.0,1.0,0.0,1.0,1.0
401882887,2026-09-05,laliga,2026,14357,Deportivo,Villarreal,0,220626,Adama Traoré,SUB,0,1.0,24,0.0,1.0,0.0,1.0,0.0,1.0,0.0,,0.0,0.0,1.0,0.0,0.0,0.0
401882887,2026-09-05,laliga,2026,14357,Deportivo,Villarreal,0,3102992,Bright Ede,SUB,0,0.0,22,0.0,0.0,0.0,0.0,0.0,0.0,0.0,,0.0,0.0,0.0,0.0,0.0,0.0
401882887,2026-09-05,laliga,2026,14357,Deportivo,Villarreal,0,331742,Diego Villares,SUB,0,0.0,8,0.0,0.0,0.0,0.0,0.0,0.0,0.0,,0.0,0.0,0.0,0.0,0.0,0.0
401882887,2026-09-05,laliga,2026,14357,Deportivo,Villarreal,0,214319,Angeliño,SUB,0,0.0,17,0.0,0.0,0.0,0.0,0.0,0.0,0.0,,0.0,0.0,0.0,0.0,0.0,0.0
401882889,2026-09-05,laliga,2026,14357,Rayo Vallecano,Racing Santander,1,192893,Daniel Cárdenas,G,1,1.0,1,0.0,1.0,0.0,2.0,,0.0,0.0,2.0,0.0,0.0,0.0,0.0,0.0,0.0
401882889,2026-09-05,laliga,2026,14357,Rayo Vallecano,Racing Santander,1,294228,Pathé Ciss,CD-L,1,1.0,6,1.0,0.0,0.0,2.0,0.0,0.0,0.0,,0.0,0.0,0.0,0.0,1.0,0.0
401882889,2026-09-05,laliga,2026,14357,Rayo Vallecano,Racing Santander,1,140754,Florian Lejeune,CD-R,1,1.0,24,3.0,4.0,0.0,2.0,0.0,0.0,0.0,,0.0,1.0,0.0,0.0,1.0,1.0
401882889,2026-09-05,laliga,2026,14357,Rayo Vallecano,Racing Santander,1,277292,Adrià Pedrosa,LB,1,1.0,17,1.0,0.0,0.0,2.0,0.0,0.0,0.0,,0.0,1.0,0.0,0.0,2.0,0.0
401882889,2026-09-05,laliga,2026,14357,Rayo Vallecano,Racing Santander,1,287224,Andrei Ratiu,RB,1,1.0,2,2.0,1.0,0.0,2.0,0.0,0.0,0.0,,0.0,2.0,0.0,1.0,3.0,0.0
401882889,2026-09-05,laliga,2026,14357,Rayo Vallecano,Racing Santander,1,264217,Óscar Valentín,CM,1,1.0,23,1.0,0.0,0.0,2.0,0.0,0.0,0.0,,0.0,0.0,0.0,0.0,0.0,1.0
401882889,2026-09-05,laliga,2026,14357,Rayo Vallecano,Racing Santander,1,264078,Pedro Díaz,LM,1,1.0,4,2.0,2.0,0.0,2.0,0.0,0.0,0.0,,0.0,0.0,0.0,0.0,2.0,0.0
401882889,2026-09-05,laliga,2026,14357,Rayo Vallecano,Racing Santander,1,203711,Unai López,RM,1,1.0,8,1.0,0.0,2.0,2.0,0.0,0.0,0.0,,0.0,0.0,0.0,0.0,1.0,0.0
401882889,2026-09-05,laliga,2026,14357,Rayo Vallecano,Racing Santander,1,276652,Sergio Camello,F,1,1.0,10,0.0,2.0,1.0,2.0,1.0,0.0,0.0,,0.0,3.0,0.0,2.0,3.0,1.0
401882889,2026-09-05,laliga,2026,14357,Rayo Vallecano,Racing Santander,1,125200,Álvaro García,LF,1,1.0,18,0.0,0.0,0.0,2.0,0.0,0.0,0.0,,0.0,2.0,0.0,0.0,2.0,0.0
401882889,2026-09-05,laliga,2026,14357,Rayo Vallecano,Racing Santander,1,260740,Jorge de Frutos,RF,1,1.0,19,1.0,1.0,0.0,2.0,0.0,0.0,1.0,,0.0,1.0,0.0,0.0,1.0,0.0
401882889,2026-09-05,laliga,2026,14357,Rayo Vallecano,Racing Santander,1,207834,Emil Audero,SUB,0,0.0,25,0.0,0.0,0.0,0.0,,0.0,0.0,0.0,0.0,0.0,0.0,0.0,0.0,0.0
401882889,2026-09-05,laliga,2026,14357,Rayo Vallecano,Racing Santander,1,389447,Marco de las Sias,SUB,0,0.0,26,0.0,0.0,0.0,0.0,0.0,0.0,0.0,,0.0,0.0,0.0,0.0,0.0,0.0
401882889,2026-09-05,laliga,2026,14357,Rayo Vallecano,Racing Santander,1,324505,Fran Pérez,SUB,0,1.0,21,1.0,0.0,0.0,0.0,0.0,0.0,1.0,,0.0,0.0,1.0,0.0,0.0,0.0
401882889,2026-09-05,laliga,2026,14357,Rayo Vallecano,Racing Santander,1,276067,Giorgi Tsitaishvili,SUB,0,1.0,14,0.0,0.0,0.0,0.0,0.0,0.0,0.0,,0.0,0.0,1.0,0.0,0.0,0.0
401882889,2026-09-05,laliga,2026,14357,Rayo Vallecano,Racing Santander,1,158151,Iván Balliu,SUB,0,1.0,20,0.0,1.0,0.0,0.0,0.0,0.0,0.0,,0.0,0.0,1.0,0.0,0.0,0.0
401882889,2026-09-05,laliga,2026,14357,Rayo Vallecano,Racing Santander,1,377843,Rayane Belaid,SUB,0,0.0,37,0.0,0.0,0.0,0.0,0.0,0.0,0.0,,0.0,0.0,0.0,0.0,0.0,0.0
401882889,2026-09-05,laliga,2026,14357,Rayo Vallecano,Racing Santander,1,265996,Mujaid Sadick,SUB,0,0.0,15,0.0,0.0,0.0,0.0,0.0,0.0,0.0,,0.0,0.0,0.0,0.0,0.0,0.0
401882889,2026-09-05,laliga,2026,14357,Rayo Vallecano,Racing Santander,1,3115984,Gnangoro Bouare Samake,SUB,0,1.0,36,1.0,0.0,0.0,0.0,0.0,0.0,0.0,,0.0,0.0,1.0,0.0,0.0,0.0
401882889,2026-09-05,laliga,2026,14357,Rayo Vallecano,Racing Santander,1,386579,Pelayo Fernández,SUB,0,0.0,22,0.0,0.0,0.0,0.0,0.0,0.0,0.0,,0.0,0.0,0.0,0.0,0.0,0.0
401882889,2026-09-05,laliga,2026,14357,Rayo Vallecano,Racing Santander,1,276847,Randy Nteka,SUB,0,0.0,11,0.0,0.0,0.0,0.0,0.0,0.0,0.0,,0.0,0.0,0.0,0.0,0.0,0.0
401882889,2026-09-05,laliga,2026,14357,Rayo Vallecano,Racing Santander,1,313024,Alexandre Alemão,SUB,0,1.0,9,1.0,0.0,0.0,0.0,0.0,0.0,0.0,,0.0,0.0,1.0,0.0,0.0,0.0
401882889,2026-09-05,laliga,2026,14357,Racing Santander,Rayo Vallecano,0,323970,Julen Agirrezabala,G,1,1.0,13,0.0,0.0,0.0,3.0,,0.0,0.0,6.0,0.0,0.0,0.0,0.0,0.0,0.0
401882889,2026-09-05,laliga,2026,14357,Racing Santander,Rayo Vallecano,0,367499,Facundo González,CD-L,1,1.0,16,3.0,1.0,0.0,3.0,0.0,0.0,0.0,,0.0,0.0,0.0,0.0,0.0,0.0
401882889,2026-09-05,laliga,2026,14357,Racing Santander,Rayo Vallecano,0,259839,Manu,CD-R,1,1.0,4,1.0,0.0,0.0,3.0,0.0,0.0,0.0,,0.0,0.0,0.0,0.0,1.0,0.0
401882889,2026-09-05,laliga,2026,14357,Racing Santander,Rayo Vallecano,0,178237,Jorge Salinas,LB,1,1.0,17,0.0,3.0,0.0,3.0,0.0,0.0,0.0,,0.0,0.0,0.0,0.0,0.0,0.0
401882889,2026-09-05,laliga,2026,14357,Racing Santander,Rayo Vallecano,0,300471,Alvaro Mantilla,RB,1,1.0,2,0.0,0.0,0.0,3.0,0.0,0.0,0.0,,0.0,0.0,0.0,0.0,0.0,0.0
401882889,2026-09-05,laliga,2026,14357,Racing Santander,Rayo Vallecano,0,125383,Sergio Canales,AM,1,1.0,20,0.0,2.0,0.0,3.0,0.0,0.0,0.0,,0.0,2.0,0.0,1.0,3.0,0.0
401882889,2026-09-05,laliga,2026,14357,Racing Santander,Rayo Vallecano,0,107960,Matteo Prati,LM,1,1.0,18,0.0,1.0,0.0,3.0,0.0,0.0,0.0,,0.0,0.0,0.0,0.0,0.0,0.0
401882889,2026-09-05,laliga,2026,14357,Racing Santander,Rayo Vallecano,0,330545,Iván Martín,RM,1,1.0,23,1.0,0.0,0.0,3.0,0.0,0.0,0.0,,0.0,0.0,0.0,0.0,0.0,0.0
401882889,2026-09-05,laliga,2026,14357,Racing Santander,Rayo Vallecano,0,390389,Yassir Zabiri,F,1,1.0,21,5.0,1.0,0.0,3.0,0.0,0.0,0.0,,0.0,0.0,0.0,0.0,1.0,1.0
401882889,2026-09-05,laliga,2026,14357,Racing Santander,Rayo Vallecano,0,284699,Iñigo Vicente,AM-L,1,1.0,10,1.0,4.0,0.0,3.0,1.0,0.0,0.0,,0.0,0.0,0.0,0.0,0.0,1.0
401882889,2026-09-05,laliga,2026,14357,Racing Santander,Rayo Vallecano,0,399278,Pablo García,AM-R,1,1.0,15,0.0,3.0,0.0,3.0,0.0,0.0,0.0,,0.0,2.0,0.0,1.0,3.0,0.0
401882889,2026-09-05,laliga,2026,14357,Racing Santander,Rayo Vallecano,0,222365,Asier Villalibre,SUB,0,0.0,12,0.0,0.0,0.0,0.0,0.0,0.0,0.0,,0.0,0.0,0.0,0.0,0.0,0.0
401882889,2026-09-05,laliga,2026,14357,Racing Santander,Rayo Vallecano,0,289439,Giorgi Guliashvili,SUB,0,0.0,7,0.0,0.0,0.0,0.0,0.0,0.0,0.0,,0.0,0.0,0.0,0.0,0.0,0.0
401882889,2026-09-05,laliga,2026,14357,Racing Santander,Rayo Vallecano,0,361455,Pedro Felipe,SUB,0,0.0,22,0.0,0.0,0.0,0.0,0.0,0.0,0.0,,0.0,0.0,0.0,0.0,0.0,0.0
401882889,2026-09-05,laliga,2026,14357,Racing Santander,Rayo Vallecano,0,282672,Pablo Ramon,SUB,0,1.0,5,0.0,0.0,0.0,0.0,1.0,0.0,0.0,,0.0,0.0,1.0,0.0,0.0,0.0
401882889,2026-09-05,laliga,2026,14357,Racing Santander,Rayo Vallecano,0,342654,Maguette Gueye,SUB,0,0.0,14,0.0,0.0,0.0,0.0,0.0,0.0,0.0,,0.0,0.0,0.0,0.0,0.0,0.0
401882889,2026-09-05,laliga,2026,14357,Racing Santander,Rayo Vallecano,0,400222,Simon Eriksson,SUB,0,0.0,1,0.0,0.0,0.0,0.0,,0.0,0.0,0.0,0.0,0.0,0.0,0.0,0.0,0.0
401882889,2026-09-05,laliga,2026,14357,Racing Santander,Rayo Vallecano,0,334268,Juan Carlos Arana,SUB,0,1.0,9,0.0,0.0,0.0,0.0,0.0,0.0,0.0,,0.0,0.0,1.0,0.0,0.0,0.0
401882889,2026-09-05,laliga,2026,14357,Racing Santander,Rayo Vallecano,0,3100788,Hugo Pérez Sañudo,SUB,0,0.0,38,0.0,0.0,0.0,0.0,0.0,0.0,0.0,,0.0,0.0,0.0,0.0,0.0,0.0
401882889,2026-09-05,laliga,2026,14357,Racing Santander,Rayo Vallecano,0,333927,Jeanuël Belocian,SUB,0,1.0,24,1.0,0.0,0.0,0.0,0.0,0.0,0.0,,0.0,0.0,1.0,0.0,1.0,0.0
401882889,2026-09-05,laliga,2026,14357,Racing Santander,Rayo Vallecano,0,286604,André Almeida,SUB,0,1.0,8,0.0,0.0,0.0,0.0,0.0,0.0,0.0,,0.0,0.0,1.0,0.0,0.0,0.0
401882889,2026-09-05,laliga,2026,14357,Racing Santander,Rayo Vallecano,0,242007,Aarón Martín,SUB,0,1.0,3,0.0,0.0,0.0,0.0,0.0,0.0,0.0,,0.0,0.0,1.0,0.0,0.0,0.0
401882889,2026-09-05,laliga,2026,14357,Racing Santander,Rayo Vallecano,0,279699,Íñigo Sainz,SUB,0,0.0,6,0.0,0.0,0.0,0.0,0.0,0.0,0.0,,0.0,0.0,0.0,0.0,0.0,0.0
401882895,2026-09-05,laliga,2026,14357,Athletic Club,Atlético Madrid,1,222375,Unai Simón,G,1,1.0,1,0.0,0.0,0.0,0.0,,0.0,0.0,5.0,0.0,0.0,0.0,0.0,0.0,0.0
401882895,2026-09-05,laliga,2026,14357,Athletic Club,Atlético Madrid,1,159317,Aymeric Laporte,CD-L,1,1.0,14,0.0,0.0,0.0,0.0,0.0,0.0,0.0,,0.0,0.0,0.0,0.0,0.0,0.0
401882895,2026-09-05,laliga,2026,14357,Athletic Club,Atlético Madrid,1,217225,Yeray,CD-R,1,1.0,5,0.0,1.0,0.0,0.0,0.0,0.0,0.0,,0.0,0.0,0.0,0.0,0.0,0.0
401882895,2026-09-05,laliga,2026,14357,Athletic Club,Atlético Madrid,1,133768,Yuri Berchiche,LB,1,1.0,17,1.0,1.0,0.0,0.0,0.0,0.0,0.0,,0.0,0.0,0.0,0.0,0.0,0.0
401882895,2026-09-05,laliga,2026,14357,Athletic Club,Atlético Madrid,1,300876,Jesús Areso,RB,1,1.0,12,0.0,0.0,0.0,0.0,0.0,0.0,0.0,,0.0,0.0,0.0,0.0,0.0,0.0
401882895,2026-09-05,laliga,2026,14357,Athletic Club,Atlético Madrid,1,291616,Oihan Sancet,AM,1,1.0,8,1.0,2.0,0.0,0.0,0.0,0.0,0.0,,0.0,1.0,0.0,1.0,3.0,0.0
401882895,2026-09-05,laliga,2026,14357,Athletic Club,Atlético Madrid,1,388803,Beñat Gerenabarrena,LM,1,1.0,24,0.0,1.0,0.0,0.0,0.0,0.0,0.0,,0.0,0.0,0.0,0.0,0.0,0.0
401882895,2026-09-05,laliga,2026,14357,Athletic Club,Atlético Madrid,1,157708,Iñigo Ruiz de Galarreta,RM,1,1.0,16,2.0,0.0,0.0,0.0,0.0,0.0,0.0,,0.0,0.0,0.0,0.0,0.0,0.0
401882895,2026-09-05,laliga,2026,14357,Athletic Club,Atlético Madrid,1,214412,Iñaki Williams,F,1,1.0,9,1.0,1.0,1.0,0.0,0.0,0.0,0.0,,0.0,0.0,0.0,0.0,3.0,0.0
401882895,2026-09-05,laliga,2026,14357,Athletic Club,Atlético Madrid,1,312146,Nico Williams,AM-L,1,1.0,10,0.0,0.0,0.0,0.0,0.0,0.0,0.0,,0.0,1.0,0.0,1.0,2.0,0.0
401882895,2026-09-05,laliga,2026,14357,Athletic Club,Atlético Madrid,1,276996,Robert Navarro,AM-R,1,1.0,23,0.0,0.0,0.0,0.0,0.0,0.0,0.0,,0.0,1.0,0.0,1.0,2.0,0.0
401882895,2026-09-05,laliga,2026,14357,Athletic Club,Atlético Madrid,1,393762,Maroan Sannadi,SUB,0,0.0,21,0.0,0.0,0.0,0.0,0.0,0.0,0.0,,0.0,0.0,0.0,0.0,0.0,0.0
401882895,2026-09-05,laliga,2026,14357,Athletic Club,Atlético Madrid,1,308254,Aitor Paredes,SUB,0,1.0,4,0.0,0.0,0.0,0.0,0.0,0.0,0.0,,0.0,0.0,1.0,0.0,0.0,0.0
401882895,2026-09-05,laliga,2026,14357,Athletic Club,Atlético Madrid,1,209579,Álex Berenguer,SUB,0,1.0,7,0.0,0.0,0.0,0.0,0.0,0.0,0.0,,0.0,0.0,1.0,0.0,0.0,0.0
401882895,2026-09-05,laliga,2026,14357,Athletic Club,Atlético Madrid,1,411235,Iker Monreal,SUB,0,0.0,30,0.0,0.0,0.0,0.0,0.0,0.0,0.0,,0.0,0.0,0.0,0.0,0.0,0.0
401882895,2026-09-05,laliga,2026,14357,Athletic Club,Atlético Madrid,1,231905,Gorka Guruzeta,SUB,0,1.0,11,1.0,0.0,0.0,0.0,0.0,0.0,0.0,,0.0,0.0,1.0,0.0,0.0,0.0
401882895,2026-09-05,laliga,2026,14357,Athletic Club,Atlético Madrid,1,318785,Beñat Prados,SUB,0,0.0,6,0.0,0.0,0.0,0.0,0.0,0.0,0.0,,0.0,0.0,0.0,0.0,0.0,0.0
401882895,2026-09-05,laliga,2026,14357,Athletic Club,Atlético Madrid,1,347411,Álex Padilla,SUB,0,0.0,13,0.0,0.0,0.0,0.0,,0.0,0.0,0.0,0.0,0.0,0.0,0.0,0.0,0.0
401882895,2026-09-05,laliga,2026,14357,Athletic Club,Atlético Madrid,1,362572,Hugo Rincón,SUB,0,0.0,15,0.0,0.0,0.0,0.0,0.0,0.0,0.0,,0.0,0.0,0.0,0.0,0.0,0.0
401882895,2026-09-05,laliga,2026,14357,Athletic Club,Atlético Madrid,1,377792,Mikel Jauregizar,SUB,0,1.0,18,1.0,0.0,0.0,0.0,0.0,0.0,0.0,,0.0,1.0,1.0,0.0,1.0,0.0
401882895,2026-09-05,laliga,2026,14357,Athletic Club,Atlético Madrid,1,414350,Selton Sánchez,SUB,0,0.0,44,0.0,0.0,0.0,0.0,0.0,0.0,0.0,,0.0,0.0,0.0,0.0,0.0,0.0
401882895,2026-09-05,laliga,2026,14357,Athletic Club,Atlético Madrid,1,403371,Alejandro Rego,SUB,0,0.0,20,0.0,0.0,0.0,0.0,0.0,0.0,0.0,,0.0,0.0,0.0,0.0,0.0,0.0
401882895,2026-09-05,laliga,2026,14357,Athletic Club,Atlético Madrid,1,333214,Johaneko Louis Jean,SUB,0,1.0,31,1.0,0.0,0.0,0.0,0.0,0.0,0.0,,0.0,0.0,1.0,0.0,0.0,0.0
401882895,2026-09-05,laliga,2026,14357,Atlético Madrid,Athletic Club,0,149622,Jan Oblak,G,1,1.0,13,0.0,0.0,0.0,3.0,,0.0,0.0,1.0,0.0,0.0,0.0,0.0,0.0,0.0
401882895,2026-09-05,laliga,2026,14357,Atlético Madrid,Athletic Club,0,257786,Dávid Hancko,CD-L,1,1.0,17,0.0,0.0,0.0,3.0,0.0,0.0,0.0,,0.0,0.0,0.0,0.0,0.0,0.0
401882895,2026-09-05,laliga,2026,14357,Atlético Madrid,Athletic Club,0,332613,Marc Pubill,CD-R,1,1.0,18,3.0,1.0,0.0,3.0,1.0,0.0,0.0,,0.0,0.0,0.0,0.0,0.0,0.0
401882895,2026-09-05,laliga,2026,14357,Atlético Madrid,Athletic Club,0,166396,Alejandro Grimaldo,LB,1,1.0,22,0.0,0.0,0.0,3.0,0.0,0.0,0.0,,0.0,0.0,0.0,0.0,1.0,0.0
401882895,2026-09-05,laliga,2026,14357,Atlético Madrid,Athletic Club,0,206474,Marcos Llorente,RB,1,1.0,14,0.0,0.0,0.0,3.0,0.0,0.0,0.0,,0.0,2.0,0.0,0.0,2.0,0.0
401882895,2026-09-05,laliga,2026,14357,Atlético Madrid,Athletic Club,0,274911,Morten Hjulmand,CM-L,1,1.0,23,0.0,2.0,0.0,2.0,0.0,0.0,0.0,,0.0,0.0,0.0,0.0,0.0,0.0
401882895,2026-09-05,laliga,2026,14357,Atlético Madrid,Athletic Club,0,336634,Pablo Barrios,CM-R,1,1.0,8,0.0,1.0,0.0,3.0,0.0,0.0,0.0,,0.0,1.0,0.0,0.0,2.0,0.0
401882895,2026-09-05,laliga,2026,14357,Atlético Madrid,Athletic Club,0,229645,Ademola Lookman,LM,1,1.0,11,1.0,0.0,0.0,2.0,0.0,0.0,0.0,,0.0,0.0,0.0,0.0,1.0,0.0
401882895,2026-09-05,laliga,2026,14357,Atlético Madrid,Athletic Club,0,323838,Giuliano Simeone,RM,1,1.0,20,0.0,0.0,0.0,2.0,1.0,0.0,0.0,,0.0,0.0,0.0,0.0,2.0,0.0
401882895,2026-09-05,laliga,2026,14357,Atlético Madrid,Athletic Club,0,297373,Álex Baena,CF-L,1,1.0,10,0.0,0.0,0.0,2.0,0.0,0.0,0.0,,0.0,1.0,0.0,0.0,2.0,0.0
401882895,2026-09-05,laliga,2026,14357,Atlético Madrid,Athletic Club,0,274197,Lee Kang-In,CF-R,1,1.0,7,2.0,1.0,0.0,2.0,0.0,0.0,0.0,,0.0,0.0,0.0,0.0,2.0,1.0
401882895,2026-09-05,laliga,2026,14357,Atlético Madrid,Athletic Club,0,277206,Julián Álvarez,SUB,0,1.0,19,0.0,0.0,0.0,1.0,0.0,0.0,0.0,,0.0,1.0,1.0,0.0,1.0,0.0
401882895,2026-09-05,laliga,2026,14357,Atlético Madrid,Athletic Club,0,273499,Jonathan David,SUB,0,0.0,15,0.0,0.0,0.0,0.0,0.0,0.0,0.0,,0.0,0.0,0.0,0.0,0.0,0.0
401882895,2026-09-05,laliga,2026,14357,Atlético Madrid,Athletic Club,0,96970,Cristian Romero,SUB,0,1.0,21,0.0,1.0,0.0,1.0,0.0,0.0,0.0,,0.0,0.0,1.0,0.0,1.0,0.0
401882895,2026-09-05,laliga,2026,14357,Atlético Madrid,Athletic Club,0,74630,Rodrigo Mendoza,SUB,0,0.0,4,0.0,0.0,0.0,0.0,0.0,0.0,0.0,,0.0,0.0,0.0,0.0,0.0,0.0
401882895,2026-09-05,laliga,2026,14357,Atlético Madrid,Athletic Club,0,214888,Robin Le Normand,SUB,0,0.0,24,0.0,0.0,0.0,0.0,0.0,0.0,0.0,,0.0,0.0,0.0,0.0,0.0,0.0
401882895,2026-09-05,laliga,2026,14357,Atlético Madrid,Athletic Club,0,140791,Koke,SUB,0,1.0,6,0.0,0.0,0.0,1.0,0.0,0.0,0.0,,0.0,0.0,1.0,0.0,0.0,0.0
401882895,2026-09-05,laliga,2026,14357,Atlético Madrid,Athletic Club,0,368593,Daniel Martinez,SUB,0,0.0,30,0.0,0.0,0.0,0.0,0.0,0.0,0.0,,0.0,0.0,0.0,0.0,0.0,0.0
401882895,2026-09-05,laliga,2026,14357,Atlético Madrid,Athletic Club,0,328289,Arnau Ortiz,SUB,0,1.0,16,0.0,0.0,0.0,1.0,0.0,0.0,0.0,,0.0,0.0,1.0,0.0,1.0,0.0
401882895,2026-09-05,laliga,2026,14357,Atlético Madrid,Athletic Club,0,177927,Juan Musso,SUB,0,0.0,1,0.0,0.0,0.0,0.0,,0.0,0.0,0.0,0.0,0.0,0.0,0.0,0.0,0.0
401882895,2026-09-05,laliga,2026,14357,Atlético Madrid,Athletic Club,0,184757,Jorge Castillo,SUB,0,0.0,46,0.0,0.0,0.0,0.0,0.0,0.0,0.0,,0.0,0.0,0.0,0.0,0.0,0.0
401882895,2026-09-05,laliga,2026,14357,Atlético Madrid,Athletic Club,0,354378,Jorge Domínguez,SUB,0,0.0,27,0.0,0.0,0.0,0.0,0.0,0.0,0.0,,0.0,0.0,0.0,0.0,0.0,0.0
401882895,2026-09-05,laliga,2026,14357,Atlético Madrid,Athletic Club,0,290802,Johnny Cardoso,SUB,0,1.0,5,0.0,0.0,0.0,1.0,0.0,0.0,0.0,,0.0,0.0,1.0,0.0,0.0,0.0
401882888,2026-09-06,laliga,2026,14357,Valencia,Barcelona,1,165334,Stole Dimitrievski,G,1,1.0,1,0.0,0.0,0.0,5.0,,0.0,0.0,5.0,0.0,0.0,0.0,0.0,0.0,0.0
401882888,2026-09-06,laliga,2026,14357,Valencia,Barcelona,1,241117,Mouctar Diakhaby,CD,1,1.0,4,0.0,0.0,0.0,3.0,0.0,0.0,0.0,,0.0,0.0,0.0,0.0,0.0,0.0
401882888,2026-09-06,laliga,2026,14357,Valencia,Barcelona,1,231603,Pepelu,CD-L,1,1.0,18,0.0,0.0,0.0,3.0,0.0,0.0,0.0,,0.0,0.0,0.0,0.0,0.0,0.0
401882888,2026-09-06,laliga,2026,14357,Valencia,Barcelona,1,308728,Arnau Martínez,CD-R,1,1.0,22,1.0,0.0,0.0,5.0,1.0,0.0,0.0,,0.0,0.0,0.0,0.0,0.0,1.0
401882888,2026-09-06,laliga,2026,14357,Valencia,Barcelona,1,189804,Jesús Vázquez,LB,1,1.0,21,0.0,0.0,0.0,3.0,0.0,0.0,0.0,,0.0,0.0,0.0,0.0,0.0,0.0
401882888,2026-09-06,laliga,2026,14357,Valencia,Barcelona,1,222661,Pablo Maffeo,RB,1,1.0,24,0.0,1.0,0.0,3.0,0.0,0.0,0.0,,0.0,0.0,0.0,0.0,0.0,0.0
401882888,2026-09-06,laliga,2026,14357,Valencia,Barcelona,1,232803,Aliou Dieng,CM-L,1,1.0,15,1.0,2.0,0.0,5.0,0.0,0.0,0.0,,0.0,0.0,0.0,0.0,0.0,0.0
401882888,2026-09-06,laliga,2026,14357,Valencia,Barcelona,1,248681,Filip Ugrinic,CM-R,1,1.0,23,0.0,1.0,0.0,5.0,0.0,0.0,0.0,,0.0,0.0,0.0,0.0,0.0,0.0
401882888,2026-09-06,laliga,2026,14357,Valencia,Barcelona,1,16340,Javier Guerra,LM,1,1.0,8,0.0,0.0,0.0,3.0,0.0,0.0,0.0,,0.0,0.0,0.0,0.0,0.0,0.0
401882888,2026-09-06,laliga,2026,14357,Valencia,Barcelona,1,377768,David Otorbi,RM,1,1.0,27,0.0,1.0,0.0,3.0,0.0,0.0,0.0,,0.0,0.0,0.0,0.0,0.0,0.0
401882888,2026-09-06,laliga,2026,14357,Valencia,Barcelona,1,231618,Arnaut Danjuma,F,1,1.0,7,1.0,1.0,0.0,5.0,1.0,0.0,0.0,,0.0,2.0,0.0,0.0,3.0,0.0
401882888,2026-09-06,laliga,2026,14357,Valencia,Barcelona,1,253763,Dani Raba,SUB,0,0.0,19,0.0,0.0,0.0,0.0,0.0,0.0,0.0,,0.0,0.0,0.0,0.0,0.0,0.0
401882888,2026-09-06,laliga,2026,14357,Valencia,Barcelona,1,419048,Aaron Mayol,SUB,0,0.0,33,0.0,0.0,0.0,0.0,0.0,0.0,0.0,,0.0,0.0,0.0,0.0,0.0,0.0
401882888,2026-09-06,laliga,2026,14357,Valencia,Barcelona,1,3124771,Jaume Durá I Soler,SUB,0,0.0,38,0.0,0.0,0.0,0.0,0.0,0.0,0.0,,0.0,0.0,0.0,0.0,0.0,0.0
401882888,2026-09-06,laliga,2026,14357,Valencia,Barcelona,1,360096,Ryunosuke Sato,SUB,0,1.0,39,0.0,0.0,0.0,2.0,0.0,0.0,0.0,,0.0,0.0,1.0,0.0,0.0,0.0
401882888,2026-09-06,laliga,2026,14357,Valencia,Barcelona,1,280806,Harvey Elliott,SUB,0,1.0,10,0.0,0.0,0.0,2.0,0.0,0.0,0.0,,0.0,0.0,1.0,0.0,0.0,0.0
401882888,2026-09-06,laliga,2026,14357,Valencia,Barcelona,1,3124770,Rodrigo Gamón Martín,SUB,0,0.0,31,0.0,0.0,0.0,0.0,0.0,0.0,0.0,,0.0,0.0,0.0,0.0,0.0,0.0
401882888,2026-09-06,laliga,2026,14357,Valencia,Barcelona,1,330552,César Tárrega,SUB,0,1.0,5,1.0,0.0,0.0,2.0,0.0,0.0,0.0,,0.0,0.0,1.0,0.0,0.0,0.0
401882888,2026-09-06,laliga,2026,14357,Valencia,Barcelona,1,267477,Hugo Duro,SUB,0,1.0,9,0.0,0.0,0.0,2.0,0.0,0.0,0.0,,0.0,0.0,1.0,0.0,0.0,0.0
401882888,2026-09-06,laliga,2026,14357,Valencia,Barcelona,1,178747,José Gayà,SUB,0,1.0,14,2.0,0.0,0.0,2.0,0.0,0.0,0.0,,0.0,0.0,1.0,0.0,0.0,0.0
401882888,2026-09-06,laliga,2026,14357,Valencia,Barcelona,1,409380,Aimar Blázquez,SUB,0,0.0,37,0.0,0.0,0.0,0.0,0.0,0.0,0.0,,0.0,0.0,0.0,0.0,0.0,0.0
401882888,2026-09-06,laliga,2026,14357,Valencia,Barcelona,1,324582,Kayne Van Oevelen,SUB,0,0.0,25,0.0,0.0,0.0,0.0,,0.0,0.0,0.0,0.0,0.0,0.0,0.0,0.0,0.0
401882888,2026-09-06,laliga,2026,14357,Valencia,Barcelona,1,388076,Iker Córdoba,SUB,0,1.0,36,1.0,0.0,0.0,2.0,0.0,0.0,0.0,,0.0,0.0,1.0,0.0,0.0,0.0
401882888,2026-09-06,laliga,2026,14357,Barcelona,Valencia,0,297362,Joan García,G,1,1.0,1,0.0,0.0,0.0,0.0,,0.0,0.0,2.0,0.0,0.0,0.0,0.0,0.0,0.0
401882888,2026-09-06,laliga,2026,14357,Barcelona,Valencia,0,312015,Gerard Martín,CD-L,1,1.0,18,1.0,0.0,0.0,0.0,0.0,0.0,0.0,,0.0,0.0,0.0,0.0,0.0,0.0
401882888,2026-09-06,laliga,2026,14357,Barcelona,Valencia,0,368992,Pau Cubarsí,CD-R,1,1.0,5,1.0,0.0,0.0,0.0,0.0,0.0,0.0,,0.0,0.0,0.0,0.0,0.0,1.0
401882888,2026-09-06,laliga,2026,14357,Barcelona,Valencia,0,403582,Xavi Espart,LB,1,1.0,12,2.0,0.0,0.0,0.0,0.0,0.0,0.0,,0.0,0.0,0.0,0.0,1.0,0.0
401882888,2026-09-06,laliga,2026,14357,Barcelona,Valencia,0,128714,Eric García,RB,1,1.0,24,0.0,0.0,0.0,0.0,0.0,0.0,0.0,,0.0,0.0,0.0,0.0,0.0,0.0
401882888,2026-09-06,laliga,2026,14357,Barcelona,Valencia,0,231828,Rodri,CM,1,1.0,16,1.0,0.0,0.0,0.0,0.0,0.0,0.0,,0.0,0.0,0.0,0.0,1.0,1.0
401882888,2026-09-06,laliga,2026,14357,Barcelona,Valencia,0,250465,Pedri,LM,1,1.0,8,0.0,0.0,0.0,0.0,0.0,0.0,0.0,,0.0,1.0,0.0,1.0,2.0,0.0
401882888,2026-09-06,laliga,2026,14357,Barcelona,Valencia,0,354334,Fermín López,RM,1,1.0,7,1.0,0.0,2.0,0.0,1.0,0.0,0.0,,0.0,3.0,0.0,1.0,4.0,1.0
401882888,2026-09-06,laliga,2026,14357,Barcelona,Valencia,0,231050,Raphinha,F,1,1.0,11,0.0,2.0,0.0,0.0,1.0,0.0,0.0,,0.0,1.0,0.0,1.0,3.0,0.0
401882888,2026-09-06,laliga,2026,14357,Barcelona,Valencia,0,268782,Anthony Gordon,LF,1,1.0,17,0.0,0.0,1.0,0.0,0.0,0.0,0.0,,0.0,1.0,0.0,0.0,2.0,0.0
401882888,2026-09-06,laliga,2026,14357,Barcelona,Valencia,0,362150,Lamine Yamal,RF,1,1.0,10,0.0,0.0,0.0,0.0,2.0,0.0,0.0,,0.0,4.0,0.0,2.0,8.0,0.0
401882888,2026-09-06,laliga,2026,14357,Barcelona,Valencia,0,176399,João Cancelo,SUB,0,0.0,2,0.0,0.0,0.0,0.0,0.0,0.0,0.0,,0.0,0.0,0.0,0.0,0.0,0.0
401882888,2026-09-06,laliga,2026,14357,Barcelona,Valencia,0,399200,Hamza Abdelkarim,SUB,0,0.0,29,0.0,0.0,0.0,0.0,0.0,0.0,0.0,,0.0,0.0,0.0,0.0,0.0,0.0
401882888,2026-09-06,laliga,2026,14357,Barcelona,Valencia,0,227765,Dani Olmo,SUB,0,1.0,20,0.0,1.0,2.0,0.0,0.0,0.0,0.0,,0.0,0.0,1.0,0.0,2.0,0.0
401882888,2026-09-06,laliga,2026,14357,Barcelona,Valencia,0,186430,Andreas Christensen,SUB,0,1.0,15,0.0,0.0,0.0,0.0,0.0,0.0,0.0,,0.0,0.0,1.0,0.0,0.0,0.0
401882888,2026-09-06,laliga,2026,14357,Barcelona,Valencia,0,187946,Dominik Livakovic,SUB,0,0.0,25,0.0,0.0,0.0,0.0,,0.0,0.0,0.0,0.0,0.0,0.0,0.0,0.0,0.0
401882888,2026-09-06,laliga,2026,14357,Barcelona,Valencia,0,323703,Alejandro Balde,SUB,0,0.0,3,0.0,0.0,0.0,0.0,0.0,0.0,0.0,,0.0,0.0,0.0,0.0,0.0,0.0
401882888,2026-09-06,laliga,2026,14357,Barcelona,Valencia,0,217289,Gabriel Jesus,SUB,0,1.0,9,0.0,0.0,0.0,0.0,0.0,0.0,0.0,,0.0,0.0,1.0,0.0,2.0,0.0
401882888,2026-09-06,laliga,2026,14357,Barcelona,Valencia,0,231692,Jules Koundé,SUB,0,1.0,23,0.0,1.0,0.0,0.0,0.0,0.0,0.0,,0.0,0.0,1.0,0.0,0.0,0.0
401882888,2026-09-06,laliga,2026,14357,Barcelona,Valencia,0,131634,Wojciech Szczesny,SUB,0,0.0,13,0.0,0.0,0.0,0.0,,0.0,0.0,0.0,0.0,0.0,0.0,0.0,0.0,0.0
401882888,2026-09-06,laliga,2026,14357,Barcelona,Valencia,0,376423,Marc Bernal,SUB,0,1.0,22,0.0,0.0,0.0,0.0,0.0,0.0,0.0,,0.0,0.0,1.0,0.0,0.0,0.0
401882888,2026-09-06,laliga,2026,14357,Barcelona,Valencia,0,274913,Karim Adeyemi,SUB,0,1.0,14,0.0,2.0,0.0,0.0,0.0,0.0,0.0,,0.0,0.0,1.0,0.0,0.0,0.0
401882888,2026-09-06,laliga,2026,14357,Barcelona,Valencia,0,323702,Gavi,SUB,0,0.0,6,0.0,0.0,0.0,0.0,0.0,0.0,0.0,,0.0,0.0,0.0,0.0,0.0,0.0
401882890,2026-09-06,laliga,2026,14357,Málaga,Levante,1,240624,Alfonso Herrero,G,1,1.0,1,0.0,0.0,0.0,0.0,,0.0,0.0,3.0,0.0,0.0,0.0,0.0,0.0,0.0
401882890,2026-09-06,laliga,2026,14357,Málaga,Levante,1,192430,Einar Galilea,CD-L,1,1.0,4,1.0,1.0,0.0,0.0,0.0,0.0,0.0,,0.0,0.0,0.0,0.0,0.0,0.0
401882890,2026-09-06,laliga,2026,14357,Málaga,Levante,1,319783,Ángel Recio,CD-R,1,1.0,15,1.0,0.0,0.0,0.0,0.0,0.0,0.0,,0.0,1.0,0.0,0.0,1.0,0.0
401882890,2026-09-06,laliga,2026,14357,Málaga,Levante,1,184488,José Salinas,LB,1,1.0,12,1.0,2.0,0.0,0.0,0.0,0.0,0.0,,0.0,0.0,0.0,0.0,0.0,0.0
401882890,2026-09-06,laliga,2026,14357,Málaga,Levante,1,376166,Rafa Garrido,RB,1,1.0,31,1.0,0.0,0.0,0.0,1.0,0.0,0.0,,0.0,0.0,0.0,0.0,0.0,1.0
401882890,2026-09-06,laliga,2026,14357,Málaga,Levante,1,271151,Pablo Martínez,CM,1,1.0,18,1.0,0.0,0.0,0.0,0.0,0.0,0.0,,0.0,0.0,0.0,0.0,1.0,1.0
401882890,2026-09-06,laliga,2026,14357,Málaga,Levante,1,331533,Daniel Lorenzo,LM,1,1.0,22,2.0,2.0,0.0,0.0,0.0,0.0,0.0,,0.0,0.0,0.0,0.0,1.0,1.0
401882890,2026-09-06,laliga,2026,14357,Málaga,Levante,1,324098,Carlos Dotor,RM,1,1.0,8,3.0,0.0,0.0,0.0,1.0,0.0,0.0,,0.0,0.0,0.0,0.0,1.0,0.0
401882890,2026-09-06,laliga,2026,14357,Málaga,Levante,1,388602,Chupete,F,1,1.0,9,2.0,2.0,0.0,0.0,1.0,0.0,0.0,,0.0,2.0,0.0,0.0,4.0,0.0
401882890,2026-09-06,laliga,2026,14357,Málaga,Levante,1,145565,Juan Cruz,LF,1,1.0,19,0.0,0.0,0.0,0.0,0.0,0.0,0.0,,0.0,0.0,0.0,0.0,0.0,0.0
401882890,2026-09-06,laliga,2026,14357,Málaga,Levante,1,297828,David Larrubia,RF,1,1.0,10,0.0,1.0,0.0,0.0,0.0,0.0,0.0,,0.0,0.0,0.0,0.0,2.0,0.0
401882890,2026-09-06,laliga,2026,14357,Málaga,Levante,1,331785,Carlos Puga,SUB,0,1.0,3,2.0,1.0,0.0,0.0,0.0,0.0,0.0,,0.0,0.0,1.0,0.0,0.0,1.0
401882890,2026-09-06,laliga,2026,14357,Málaga,Levante,1,371564,Izan Merino,SUB,0,1.0,23,0.0,0.0,0.0,0.0,0.0,0.0,0.0,,0.0,0.0,1.0,0.0,0.0,0.0
401882890,2026-09-06,laliga,2026,14357,Málaga,Levante,1,310869,Álex Pastor,SUB,0,0.0,5,0.0,0.0,0.0,0.0,0.0,0.0,0.0,,0.0,0.0,0.0,0.0,0.0,0.0
401882890,2026-09-06,laliga,2026,14357,Málaga,Levante,1,292225,Ramón Enríquez,SUB,0,1.0,6,0.0,0.0,0.0,0.0,0.0,0.0,0.0,,0.0,0.0,1.0,0.0,0.0,0.0
401882890,2026-09-06,laliga,2026,14357,Málaga,Levante,1,270610,Eneko Jauregui,SUB,0,0.0,17,0.0,0.0,0.0,0.0,0.0,0.0,0.0,,0.0,0.0,0.0,0.0,0.0,0.0
401882890,2026-09-06,laliga,2026,14357,Málaga,Levante,1,379032,Adam Aznou,SUB,0,0.0,39,0.0,0.0,0.0,0.0,0.0,0.0,0.0,,0.0,0.0,0.0,0.0,0.0,0.0
401882890,2026-09-06,laliga,2026,14357,Málaga,Levante,1,355503,Carlos López,SUB,0,0.0,13,0.0,0.0,0.0,0.0,,0.0,0.0,0.0,0.0,0.0,0.0,0.0,0.0,0.0
401882890,2026-09-06,laliga,2026,14357,Málaga,Levante,1,262061,Juan Berrocal,SUB,0,0.0,25,0.0,0.0,0.0,0.0,0.0,0.0,0.0,,0.0,0.0,0.0,0.0,0.0,0.0
401882890,2026-09-06,laliga,2026,14357,Málaga,Levante,1,357858,Rafa Rodríguez,SUB,0,0.0,14,0.0,0.0,0.0,0.0,0.0,0.0,0.0,,0.0,0.0,0.0,0.0,0.0,0.0
401882890,2026-09-06,laliga,2026,14357,Málaga,Levante,1,274971,Jens Cajuste,SUB,0,1.0,2,0.0,0.0,0.0,0.0,0.0,0.0,0.0,,0.0,0.0,1.0,0.0,0.0,0.0
401882890,2026-09-06,laliga,2026,14357,Málaga,Levante,1,180444,Joaquín Muñoz,SUB,0,1.0,11,1.0,1.0,0.0,0.0,0.0,0.0,0.0,,0.0,0.0,1.0,0.0,0.0,0.0
401882890,2026-09-06,laliga,2026,14357,Levante,Málaga,0,141438,Mathew Ryan,G,1,1.0,13,0.0,0.0,0.0,0.0,,0.0,0.0,3.0,0.0,0.0,0.0,0.0,0.0,0.0
401882890,2026-09-06,laliga,2026,14357,Levante,Málaga,0,150451,Aïssa Mandi,CD-L,1,1.0,2,0.0,0.0,0.0,0.0,0.0,0.0,0.0,,0.0,0.0,0.0,0.0,0.0,1.0
401882890,2026-09-06,laliga,2026,14357,Levante,Málaga,0,276841,Adrián de la Fuente,CD-R,1,1.0,4,2.0,2.0,0.0,0.0,0.0,0.0,0.0,,0.0,0.0,0.0,0.0,1.0,1.0
401882890,2026-09-06,laliga,2026,14357,Levante,Málaga,0,269339,Orio Rey,DM,1,1.0,20,1.0,0.0,0.0,0.0,0.0,0.0,0.0,,0.0,0.0,0.0,0.0,1.0,0.0
401882890,2026-09-06,laliga,2026,14357,Levante,Málaga,0,300985,Manu Sánchez,LB,1,1.0,23,1.0,2.0,0.0,0.0,0.0,0.0,0.0,,0.0,0.0,0.0,0.0,0.0,0.0
401882890,2026-09-06,laliga,2026,14357,Levante,Málaga,0,409383,Nacho Pérez,RB,1,1.0,29,1.0,0.0,0.0,0.0,0.0,0.0,0.0,,0.0,1.0,0.0,0.0,1.0,0.0
401882890,2026-09-06,laliga,2026,14357,Levante,Málaga,0,317784,Jon Ander Olasagasti,CM-L,1,1.0,8,1.0,5.0,0.0,0.0,0.0,0.0,0.0,,0.0,0.0,0.0,0.0,1.0,0.0
401882890,2026-09-06,laliga,2026,14357,Levante,Málaga,0,334794,Enzo Bardeli,CM-R,1,1.0,18,2.0,0.0,0.0,0.0,0.0,0.0,0.0,,0.0,0.0,0.0,0.0,1.0,0.0
401882890,2026-09-06,laliga,2026,14357,Levante,Málaga,0,339195,Thiago Fernández,LM,1,1.0,24,0.0,0.0,0.0,0.0,0.0,0.0,0.0,,0.0,1.0,0.0,0.0,3.0,0.0
401882890,2026-09-06,laliga,2026,14357,Levante,Málaga,0,267591,Roger Brugué,RM,1,1.0,7,1.0,1.0,0.0,0.0,0.0,0.0,0.0,,0.0,0.0,0.0,0.0,1.0,0.0
401882890,2026-09-06,laliga,2026,14357,Levante,Málaga,0,311054,Iván Romero,F,1,1.0,9,0.0,2.0,0.0,0.0,0.0,0.0,0.0,,0.0,1.0,0.0,0.0,2.0,0.0
401882890,2026-09-06,laliga,2026,14357,Levante,Málaga,0,186024,Jeremy Toljan,SUB,0,1.0,22,0.0,0.0,0.0,0.0,0.0,0.0,0.0,,0.0,0.0,1.0,0.0,0.0,0.0
401882890,2026-09-06,laliga,2026,14357,Levante,Málaga,0,3102194,Yanis Kasonga Musuayi,SUB,0,1.0,11,2.0,1.0,0.0,0.0,0.0,0.0,0.0,,0.0,0.0,1.0,0.0,0.0,0.0
401882890,2026-09-06,laliga,2026,14357,Levante,Málaga,0,319114,Hugo Sotelo,SUB,0,1.0,5,0.0,0.0,0.0,0.0,0.0,0.0,0.0,,0.0,0.0,1.0,0.0,0.0,0.0
401882890,2026-09-06,laliga,2026,14357,Levante,Málaga,0,381071,Jorge Cabello,SUB,0,0.0,14,0.0,0.0,0.0,0.0,0.0,0.0,0.0,,0.0,0.0,0.0,0.0,0.0,0.0
401882890,2026-09-06,laliga,2026,14357,Levante,Málaga,0,362752,Dani Requena,SUB,0,1.0,6,0.0,1.0,0.0,0.0,0.0,0.0,0.0,,0.0,0.0,1.0,0.0,0.0,0.0
401882890,2026-09-06,laliga,2026,14357,Levante,Málaga,0,342136,Petar Ratkov,SUB,0,0.0,10,0.0,0.0,0.0,0.0,0.0,0.0,0.0,,0.0,0.0,0.0,0.0,0.0,0.0
401882890,2026-09-06,laliga,2026,14357,Levante,Málaga,0,3129043,Marc Santos Gavilán,SUB,0,0.0,33,0.0,0.0,0.0,0.0,0.0,0.0,0.0,,0.0,0.0,0.0,0.0,0.0,0.0
401882890,2026-09-06,laliga,2026,14357,Levante,Málaga,0,203680,Víctor García,SUB,0,0.0,17,0.0,0.0,0.0,0.0,0.0,0.0,0.0,,0.0,0.0,0.0,0.0,0.0,0.0
401882890,2026-09-06,laliga,2026,14357,Levante,Málaga,0,407397,Ifeanyi Ndukwe,SUB,0,0.0,3,0.0,0.0,0.0,0.0,0.0,0.0,0.0,,0.0,0.0,0.0,0.0,0.0,0.0
401882890,2026-09-06,laliga,2026,14357,Levante,Málaga,0,396655,Axel Tape,SUB,0,0.0,16,0.0,0.0,0.0,0.0,0.0,0.0,0.0,,0.0,0.0,0.0,0.0,0.0,0.0
401882890,2026-09-06,laliga,2026,14357,Levante,Málaga,0,384985,Paco Cortés,SUB,0,1.0,27,0.0,1.0,0.0,0.0,0.0,0.0,0.0,,0.0,0.0,1.0,0.0,0.0,0.0
401882890,2026-09-06,laliga,2026,14357,Levante,Málaga,0,316040,Pablo Cuñat,SUB,0,0.0,1,0.0,0.0,0.0,0.0,,0.0,0.0,0.0,0.0,0.0,0.0,0.0,0.0,0.0
401882892,2026-09-06,laliga,2026,14357,Espanyol,Sevilla,1,179211,Marko Dmitrovic,G,1,1.0,13,0.0,0.0,0.0,1.0,,0.0,0.0,2.0,0.0,0.0,0.0,0.0,0.0,0.0
401882892,2026-09-06,laliga,2026,14357,Espanyol,Sevilla,1,133259,Leandro Cabrera,CD-L,1,1.0,6,3.0,1.0,0.0,1.0,0.0,0.0,0.0,,0.0,0.0,0.0,0.0,0.0,0.0
401882892,2026-09-06,laliga,2026,14357,Espanyol,Sevilla,1,260902,Unai Núñez,CD-R,1,1.0,14,0.0,0.0,0.0,1.0,0.0,0.0,0.0,,0.0,0.0,0.0,0.0,1.0,0.0
401882892,2026-09-06,laliga,2026,14357,Espanyol,Sevilla,1,401377,Roger Hinojo,LB,1,1.0,21,0.0,0.0,0.0,1.0,0.0,0.0,0.0,,0.0,0.0,0.0,0.0,0.0,0.0
401882892,2026-09-06,laliga,2026,14357,Espanyol,Sevilla,1,310682,Omar El Hilali,RB,1,1.0,23,0.0,1.0,0.0,0.0,1.0,0.0,0.0,,0.0,0.0,0.0,0.0,0.0,0.0
401882892,2026-09-06,laliga,2026,14357,Espanyol,Sevilla,1,367946,Javi Hernandez,AM,1,1.0,28,5.0,1.0,0.0,1.0,0.0,0.0,0.0,,0.0,1.0,0.0,0.0,2.0,0.0
401882892,2026-09-06,laliga,2026,14357,Espanyol,Sevilla,1,255272,Edu Expósito,LM,1,1.0,8,1.0,0.0,0.0,1.0,0.0,0.0,0.0,,0.0,0.0,0.0,0.0,1.0,0.0
401882892,2026-09-06,laliga,2026,14357,Espanyol,Sevilla,1,361468,Gabriel Moscardo,RM,1,1.0,20,1.0,1.0,0.0,0.0,1.0,0.0,0.0,,0.0,0.0,0.0,0.0,0.0,1.0
401882892,2026-09-06,laliga,2026,14357,Espanyol,Sevilla,1,318773,Roberto Fernández,F,1,1.0,9,2.0,2.0,0.0,1.0,0.0,0.0,0.0,,0.0,0.0,0.0,0.0,3.0,0.0
401882892,2026-09-06,laliga,2026,14357,Espanyol,Sevilla,1,306520,Tyrhys Dolan,AM-L,1,1.0,24,1.0,2.0,0.0,1.0,0.0,0.0,0.0,,0.0,0.0,0.0,0.0,0.0,0.0
401882892,2026-09-06,laliga,2026,14357,Espanyol,Sevilla,1,355902,Cala,AM-R,1,1.0,22,0.0,2.0,0.0,0.0,1.0,0.0,0.0,,0.0,0.0,0.0,0.0,2.0,1.0
401882892,2026-09-06,laliga,2026,14357,Espanyol,Sevilla,1,307270,Jofre Carreras,SUB,0,0.0,17,0.0,0.0,0.0,0.0,0.0,0.0,0.0,,0.0,0.0,0.0,0.0,0.0,0.0
401882892,2026-09-06,laliga,2026,14357,Espanyol,Sevilla,1,346210,Quilindschy Hartman,SUB,0,1.0,3,2.0,0.0,0.0,0.0,0.0,0.0,0.0,,0.0,0.0,1.0,0.0,0.0,0.0
401882892,2026-09-06,laliga,2026,14357,Espanyol,Sevilla,1,397289,José Ángel López,SUB,0,0.0,32,0.0,0.0,0.0,0.0,0.0,0.0,0.0,,0.0,0.0,0.0,0.0,0.0,0.0
401882892,2026-09-06,laliga,2026,14357,Espanyol,Sevilla,1,383900,Rafael Bauza,SUB,0,0.0,26,0.0,0.0,0.0,0.0,0.0,0.0,0.0,,0.0,0.0,0.0,0.0,0.0,0.0
401882892,2026-09-06,laliga,2026,14357,Espanyol,Sevilla,1,311571,Bryan Zaragoza,SUB,0,1.0,15,0.0,0.0,0.0,1.0,1.0,0.0,0.0,,0.0,0.0,1.0,0.0,0.0,0.0
401882892,2026-09-06,laliga,2026,14357,Espanyol,Sevilla,1,196914,Pere Milla,SUB,0,0.0,11,0.0,0.0,0.0,0.0,0.0,0.0,0.0,,0.0,0.0,0.0,0.0,0.0,0.0
401882892,2026-09-06,laliga,2026,14357,Espanyol,Sevilla,1,323737,Clemens Riedel,SUB,0,1.0,5,0.0,0.0,0.0,0.0,0.0,0.0,0.0,,0.0,0.0,1.0,0.0,0.0,0.0
401882892,2026-09-06,laliga,2026,14357,Espanyol,Sevilla,1,307419,Ángel Fortuño,SUB,0,0.0,1,0.0,0.0,0.0,0.0,,0.0,0.0,0.0,0.0,0.0,0.0,0.0,0.0,0.0
401882892,2026-09-06,laliga,2026,14357,Espanyol,Sevilla,1,277314,Vanja Drkusic,SUB,0,0.0,16,0.0,0.0,0.0,0.0,0.0,0.0,0.0,,0.0,0.0,0.0,0.0,0.0,0.0
401882892,2026-09-06,laliga,2026,14357,Espanyol,Sevilla,1,260242,Pol Lozano,SUB,0,0.0,10,0.0,0.0,0.0,0.0,0.0,0.0,0.0,,0.0,0.0,0.0,0.0,0.0,0.0
401882892,2026-09-06,laliga,2026,14357,Espanyol,Sevilla,1,354621,Marcos Fernández,SUB,0,1.0,18,2.0,0.0,0.0,1.0,1.0,0.0,0.0,,0.0,2.0,1.0,1.0,3.0,0.0
401882892,2026-09-06,laliga,2026,14357,Espanyol,Sevilla,1,307915,Urko Gonzalez,SUB,0,1.0,4,0.0,1.0,0.0,1.0,0.0,0.0,0.0,,0.0,0.0,1.0,0.0,0.0,0.0
401882892,2026-09-06,laliga,2026,14357,Sevilla,Espanyol,0,159135,Odisseas Vlachodimos,G,1,1.0,1,0.0,0.0,0.0,1.0,,0.0,0.0,2.0,0.0,0.0,0.0,0.0,0.0,0.0
401882892,2026-09-06,laliga,2026,14357,Sevilla,Espanyol,0,334163,Enrique Salas,CD-L,1,1.0,4,0.0,2.0,0.0,1.0,0.0,0.0,0.0,,0.0,0.0,0.0,0.0,0.0,0.0
401882892,2026-09-06,laliga,2026,14357,Sevilla,Espanyol,0,304213,Arouna Sangante,CD-R,1,1.0,12,1.0,1.0,0.0,0.0,0.0,0.0,1.0,,0.0,0.0,0.0,0.0,0.0,0.0
401882892,2026-09-06,laliga,2026,14357,Sevilla,Espanyol,0,222037,Gabriel Suazo,LB,1,1.0,17,0.0,0.0,0.0,1.0,1.0,0.0,0.0,,0.0,0.0,0.0,0.0,0.0,0.0
401882892,2026-09-06,laliga,2026,14357,Sevilla,Espanyol,0,279738,Juan Iglesias,RB,1,1.0,2,1.0,2.0,0.0,1.0,0.0,0.0,0.0,,0.0,1.0,0.0,0.0,1.0,0.0
401882892,2026-09-06,laliga,2026,14357,Sevilla,Espanyol,0,282289,Lucien Agoumé,CM,1,1.0,6,2.0,0.0,0.0,1.0,0.0,0.0,0.0,,0.0,0.0,0.0,0.0,0.0,0.0
401882892,2026-09-06,laliga,2026,14357,Sevilla,Espanyol,0,254320,Jon Guridi,LM,1,1.0,18,1.0,0.0,0.0,0.0,0.0,0.0,0.0,,0.0,0.0,0.0,0.0,0.0,0.0
401882892,2026-09-06,laliga,2026,14357,Sevilla,Espanyol,0,258923,Giorgi Kochorashvili,RM,1,1.0,8,1.0,1.0,0.0,0.0,0.0,0.0,0.0,,0.0,0.0,0.0,0.0,0.0,1.0
401882892,2026-09-06,laliga,2026,14357,Sevilla,Espanyol,0,322993,Robbie Ure,F,1,1.0,9,2.0,3.0,0.0,0.0,0.0,0.0,0.0,,0.0,0.0,0.0,0.0,0.0,1.0
401882892,2026-09-06,laliga,2026,14357,Sevilla,Espanyol,0,254270,Chidera Ejuke,LF,1,1.0,21,0.0,0.0,0.0,0.0,0.0,0.0,0.0,,0.0,0.0,0.0,0.0,0.0,0.0
401882892,2026-09-06,laliga,2026,14357,Sevilla,Espanyol,0,375514,Miguel Sierra,RF,1,1.0,30,4.0,3.0,0.0,0.0,1.0,0.0,0.0,,0.0,0.0,0.0,0.0,1.0,1.0
401882892,2026-09-06,laliga,2026,14357,Sevilla,Espanyol,0,332246,Andrés Castrín,SUB,0,1.0,5,0.0,0.0,0.0,1.0,0.0,0.0,0.0,,0.0,0.0,1.0,0.0,1.0,0.0
401882892,2026-09-06,laliga,2026,14357,Sevilla,Espanyol,0,356228,Manu Bueno,SUB,0,1.0,14,0.0,2.0,0.0,1.0,0.0,0.0,0.0,,0.0,0.0,1.0,0.0,0.0,0.0
401882892,2026-09-06,laliga,2026,14357,Sevilla,Espanyol,0,347359,Peque,SUB,0,0.0,10,0.0,0.0,0.0,0.0,0.0,0.0,0.0,,0.0,0.0,0.0,0.0,0.0,0.0
401882892,2026-09-06,laliga,2026,14357,Sevilla,Espanyol,0,271635,Alfonso González,SUB,0,0.0,7,0.0,0.0,0.0,0.0,0.0,0.0,0.0,,0.0,0.0,0.0,0.0,0.0,0.0
401882892,2026-09-06,laliga,2026,14357,Sevilla,Espanyol,0,277307,Youssouf Fofana,SUB,0,1.0,24,1.0,0.0,0.0,1.0,0.0,0.0,0.0,,0.0,0.0,1.0,0.0,1.0,0.0
401882892,2026-09-06,laliga,2026,14357,Sevilla,Espanyol,0,365821,Isaac Romero,SUB,0,0.0,16,0.0,0.0,0.0,0.0,0.0,0.0,0.0,,0.0,0.0,0.0,0.0,0.0,0.0
401882892,2026-09-06,laliga,2026,14357,Sevilla,Espanyol,0,415742,Iker Ortín,SUB,0,0.0,34,0.0,0.0,0.0,0.0,0.0,0.0,0.0,,0.0,0.0,0.0,0.0,0.0,0.0
401882892,2026-09-06,laliga,2026,14357,Sevilla,Espanyol,0,362874,Fran González,SUB,0,0.0,13,0.0,0.0,0.0,0.0,,0.0,0.0,0.0,0.0,0.0,0.0,0.0,0.0,0.0
401882892,2026-09-06,laliga,2026,14357,Sevilla,Espanyol,0,323033,Lucas Stassin,SUB,0,1.0,19,0.0,0.0,0.0,1.0,0.0,0.0,0.0,,0.0,2.0,1.0,1.0,2.0,0.0
401882892,2026-09-06,laliga,2026,14357,Sevilla,Espanyol,0,387493,Julio Díaz,SUB,0,0.0,3,0.0,0.0,0.0,0.0,0.0,0.0,0.0,,0.0,0.0,0.0,0.0,0.0,0.0
401882892,2026-09-06,laliga,2026,14357,Sevilla,Espanyol,0,250508,José Ángel Carmona,SUB,0,1.0,22,0.0,2.0,0.0,1.0,0.0,0.0,0.0,,0.0,0.0,1.0,0.0,0.0,0.0
401882892,2026-09-06,laliga,2026,14357,Sevilla,Espanyol,0,288900,Felix Correia,SUB,0,0.0,20,0.0,0.0,0.0,0.0,0.0,0.0,0.0,,0.0,0.0,0.0,0.0,0.0,0.0
401882896,2026-09-06,laliga,2026,14357,Alavés,Osasuna,1,200910,Antonio Sivera,G,1,1.0,1,0.0,0.0,1.0,2.0,,0.0,0.0,3.0,0.0,0.0,0.0,0.0,0.0,0.0
401882896,2026-09-06,laliga,2026,14357,Alavés,Osasuna,1,149306,Ville Koski,CD,1,1.0,16,4.0,0.0,0.0,2.0,0.0,0.0,0.0,,0.0,0.0,0.0,0.0,0.0,0.0
401882896,2026-09-06,laliga,2026,14357,Alavés,Osasuna,1,176312,Jonny,CD-L,1,1.0,17,0.0,0.0,0.0,2.0,0.0,0.0,0.0,,0.0,0.0,0.0,0.0,0.0,0.0
401882896,2026-09-06,laliga,2026,14357,Alavés,Osasuna,1,262491,Nahuel Tenaglia,CD-R,1,1.0,14,0.0,1.0,0.0,2.0,0.0,0.0,0.0,,0.0,1.0,0.0,0.0,2.0,0.0
401882896,2026-09-06,laliga,2026,14357,Alavés,Osasuna,1,233802,Carles Aleñá,CM-L,1,1.0,10,1.0,0.0,1.0,2.0,0.0,0.0,0.0,,0.0,0.0,0.0,0.0,1.0,0.0
401882896,2026-09-06,laliga,2026,14357,Alavés,Osasuna,1,106326,Pablo Ibáñez,CM-R,1,1.0,19,2.0,2.0,0.0,2.0,0.0,0.0,0.0,,0.0,1.0,0.0,1.0,1.0,0.0
401882896,2026-09-06,laliga,2026,14357,Alavés,Osasuna,1,265997,Antonio Blanco,AM,1,1.0,8,1.0,0.0,0.0,2.0,0.0,0.0,0.0,,0.0,0.0,0.0,0.0,2.0,0.0
401882896,2026-09-06,laliga,2026,14357,Alavés,Osasuna,1,345991,Abde Rebbach,LM,1,1.0,21,2.0,1.0,0.0,2.0,0.0,0.0,0.0,,0.0,0.0,0.0,0.0,0.0,1.0
401882896,2026-09-06,laliga,2026,14357,Alavés,Osasuna,1,374621,Ángel Pérez,RM,1,1.0,7,2.0,1.0,2.0,2.0,0.0,0.0,0.0,,0.0,1.0,0.0,0.0,1.0,0.0
401882896,2026-09-06,laliga,2026,14357,Alavés,Osasuna,1,198832,Mariano Díaz,CF-L,1,1.0,9,0.0,1.0,1.0,2.0,1.0,0.0,0.0,,0.0,1.0,0.0,1.0,1.0,0.0
401882896,2026-09-06,laliga,2026,14357,Alavés,Osasuna,1,207236,Lucas Boyé,CF-R,1,1.0,15,2.0,6.0,0.0,2.0,1.0,0.0,0.0,,0.0,3.0,0.0,3.0,3.0,0.0
401882896,2026-09-06,laliga,2026,14357,Alavés,Osasuna,1,163068,Denis Suárez,SUB,0,1.0,4,0.0,1.0,0.0,0.0,0.0,0.0,0.0,,0.0,0.0,1.0,0.0,1.0,0.0
401882896,2026-09-06,laliga,2026,14357,Alavés,Osasuna,1,415206,Izei Hernandez,SUB,0,0.0,29,0.0,0.0,0.0,0.0,0.0,0.0,0.0,,0.0,0.0,0.0,0.0,0.0,0.0
401882896,2026-09-06,laliga,2026,14357,Alavés,Osasuna,1,83494,Miguel Rodríguez,SUB,0,1.0,22,0.0,0.0,0.0,0.0,0.0,0.0,0.0,,0.0,0.0,1.0,0.0,0.0,0.0
401882896,2026-09-06,laliga,2026,14357,Alavés,Osasuna,1,305608,Hugo Novoa,SUB,0,0.0,12,0.0,0.0,0.0,0.0,0.0,0.0,0.0,,0.0,0.0,0.0,0.0,0.0,0.0
401882896,2026-09-06,laliga,2026,14357,Alavés,Osasuna,1,150374,Adrián Rodríguez,SUB,0,0.0,13,0.0,0.0,0.0,0.0,,0.0,0.0,0.0,0.0,0.0,0.0,0.0,0.0,0.0
401882896,2026-09-06,laliga,2026,14357,Alavés,Osasuna,1,318084,Nicolás Valentini,SUB,0,0.0,2,0.0,0.0,0.0,0.0,0.0,0.0,0.0,,0.0,0.0,0.0,0.0,0.0,0.0
401882896,2026-09-06,laliga,2026,14357,Alavés,Osasuna,1,253754,Carlos Protesoni,SUB,0,0.0,23,0.0,0.0,0.0,0.0,0.0,0.0,0.0,,0.0,0.0,0.0,0.0,0.0,0.0
401882896,2026-09-06,laliga,2026,14357,Alavés,Osasuna,1,260256,Ander Guevara,SUB,0,0.0,6,0.0,0.0,0.0,0.0,0.0,0.0,0.0,,0.0,0.0,0.0,0.0,0.0,0.0
401882896,2026-09-06,laliga,2026,14357,Alavés,Osasuna,1,415276,Xanet Oláiz,SUB,0,1.0,27,0.0,0.0,0.0,0.0,0.0,0.0,0.0,,0.0,0.0,1.0,0.0,0.0,0.0
401882896,2026-09-06,laliga,2026,14357,Alavés,Osasuna,1,367996,Selu Diallo,SUB,0,0.0,24,0.0,0.0,0.0,0.0,0.0,0.0,0.0,,0.0,0.0,0.0,0.0,0.0,0.0
401882896,2026-09-06,laliga,2026,14357,Alavés,Osasuna,1,382532,Youssef Lekhedim,SUB,0,1.0,3,0.0,0.0,0.0,0.0,0.0,0.0,0.0,,0.0,0.0,1.0,0.0,0.0,0.0
401882896,2026-09-06,laliga,2026,14357,Alavés,Osasuna,1,379231,Aitor Mañas,SUB,0,1.0,20,0.0,0.0,0.0,0.0,0.0,0.0,0.0,,0.0,0.0,1.0,0.0,0.0,0.0
401882896,2026-09-06,laliga,2026,14357,Osasuna,Alavés,0,191360,Sergio Herrera,G,1,1.0,1,0.0,0.0,0.0,5.0,,0.0,0.0,2.0,0.0,0.0,0.0,0.0,0.0,0.0
401882896,2026-09-06,laliga,2026,14357,Osasuna,Alavés,0,307905,Enzo Boyomo,CD-L,1,1.0,22,2.0,0.0,0.0,3.0,1.0,0.0,0.0,,0.0,0.0,0.0,0.0,0.0,0.0
401882896,2026-09-06,laliga,2026,14357,Osasuna,Alavés,0,264175,Alejandro Catena,CD-R,1,1.0,24,1.0,0.0,0.0,5.0,0.0,0.0,0.0,,0.0,0.0,0.0,0.0,0.0,0.0
401882896,2026-09-06,laliga,2026,14357,Osasuna,Alavés,0,300284,Abel Bretones,LB,1,1.0,23,2.0,0.0,0.0,5.0,0.0,0.0,0.0,,0.0,0.0,0.0,0.0,0.0,1.0
401882896,2026-09-06,laliga,2026,14357,Osasuna,Alavés,0,380918,Iñigo Arguibide,RB,1,1.0,27,1.0,2.0,0.0,4.0,0.0,0.0,0.0,,0.0,0.0,0.0,0.0,0.0,0.0
401882896,2026-09-06,laliga,2026,14357,Osasuna,Alavés,0,359154,Iker Muñoz,CM-L,1,1.0,8,3.0,2.0,0.0,5.0,0.0,0.0,0.0,,0.0,0.0,0.0,0.0,0.0,0.0
401882896,2026-09-06,laliga,2026,14357,Osasuna,Alavés,0,286176,Jon Moncayola,CM-R,1,1.0,7,0.0,0.0,0.0,5.0,0.0,0.0,0.0,,0.0,0.0,0.0,0.0,0.0,0.0
401882896,2026-09-06,laliga,2026,14357,Osasuna,Alavés,0,296163,Raúl García,CF-L,1,1.0,9,0.0,1.0,0.0,5.0,0.0,0.0,0.0,,0.0,0.0,0.0,0.0,0.0,0.0
401882896,2026-09-06,laliga,2026,14357,Osasuna,Alavés,0,207288,Ante Budimir,CF-R,1,1.0,17,1.0,4.0,0.0,5.0,1.0,0.0,0.0,,0.0,5.0,0.0,2.0,6.0,0.0
401882896,2026-09-06,laliga,2026,14357,Osasuna,Alavés,0,169089,Moi Gómez,AM-L,1,1.0,16,0.0,3.0,1.0,3.0,0.0,0.0,0.0,,0.0,0.0,0.0,0.0,0.0,0.0
401882896,2026-09-06,laliga,2026,14357,Osasuna,Alavés,0,178328,Rubén García,AM-R,1,1.0,14,0.0,0.0,0.0,3.0,0.0,0.0,0.0,,0.0,0.0,0.0,0.0,0.0,0.0
401882896,2026-09-06,laliga,2026,14357,Osasuna,Alavés,0,170154,Lucas Torró,SUB,0,0.0,6,0.0,0.0,0.0,0.0,0.0,0.0,0.0,,0.0,0.0,0.0,0.0,0.0,0.0
401882896,2026-09-06,laliga,2026,14357,Osasuna,Alavés,0,144759,Aitor Fernández,SUB,0,0.0,13,0.0,0.0,0.0,0.0,,0.0,0.0,0.0,0.0,0.0,0.0,0.0,0.0,0.0
401882896,2026-09-06,laliga,2026,14357,Osasuna,Alavés,0,303906,Raúl Moro,SUB,0,1.0,18,0.0,1.0,0.0,2.0,0.0,0.0,0.0,,0.0,0.0,1.0,0.0,0.0,0.0
401882896,2026-09-06,laliga,2026,14357,Osasuna,Alavés,0,3129002,Asier Bonel Aicua,SUB,0,0.0,30,0.0,0.0,0.0,0.0,0.0,0.0,0.0,,0.0,0.0,0.0,0.0,0.0,0.0
401882896,2026-09-06,laliga,2026,14357,Osasuna,Alavés,0,311969,Jonathan Dubasin,SUB,0,1.0,21,1.0,0.0,0.0,2.0,0.0,0.0,0.0,,0.0,0.0,1.0,0.0,0.0,0.0
401882896,2026-09-06,laliga,2026,14357,Osasuna,Alavés,0,193943,Diego Rico,SUB,0,0.0,15,0.0,0.0,0.0,0.0,0.0,0.0,0.0,,0.0,0.0,0.0,0.0,0.0,0.0
401882896,2026-09-06,laliga,2026,14357,Osasuna,Alavés,0,230896,Romain Del Castillo,SUB,0,0.0,20,0.0,0.0,0.0,0.0,0.0,0.0,0.0,,0.0,0.0,0.0,0.0,0.0,0.0
401882896,2026-09-06,laliga,2026,14357,Osasuna,Alavés,0,409475,Mauro Echegoyen,SUB,0,0.0,26,0.0,0.0,0.0,0.0,0.0,0.0,0.0,,0.0,0.0,0.0,0.0,0.0,0.0
401882896,2026-09-06,laliga,2026,14357,Osasuna,Alavés,0,209580,Enrique Barja,SUB,0,0.0,11,0.0,0.0,0.0,0.0,0.0,0.0,0.0,,0.0,0.0,0.0,0.0,0.0,0.0
401882896,2026-09-06,laliga,2026,14357,Osasuna,Alavés,0,415867,Unai Santos,SUB,0,0.0,35,0.0,0.0,0.0,0.0,0.0,0.0,0.0,,0.0,0.0,0.0,0.0,0.0,0.0
401882896,2026-09-06,laliga,2026,14357,Osasuna,Alavés,0,381628,Asier Osambela,SUB,0,1.0,29,1.0,0.0,0.0,1.0,0.0,0.0,0.0,,0.0,0.0,1.0,0.0,1.0,0.0
401882896,2026-09-06,laliga,2026,14357,Osasuna,Alavés,0,366598,Rockson Yeboah,SUB,0,1.0,48,1.0,0.0,0.0,2.0,0.0,0.0,0.0,,0.0,0.0,1.0,0.0,0.0,1.0
401882891,2026-09-07,laliga,2026,14357,Getafe,Celta Vigo,1,196339,David Soria,G,1,1.0,13,0.0,0.0,0.0,1.0,,0.0,0.0,2.0,0.0,0.0,0.0,0.0,0.0,0.0
401882891,2026-09-07,laliga,2026,14357,Getafe,Celta Vigo,1,181355,Djené,CD,1,1.0,2,0.0,0.0,0.0,1.0,0.0,0.0,0.0,,0.0,0.0,0.0,0.0,0.0,0.0
401882891,2026-09-07,laliga,2026,14357,Getafe,Celta Vigo,1,300111,Zaid Romero,CD-L,1,1.0,24,2.0,0.0,0.0,1.0,0.0,0.0,1.0,,0.0,0.0,0.0,0.0,1.0,0.0
401882891,2026-09-07,laliga,2026,14357,Getafe,Celta Vigo,1,136673,Nemanja Gudelj,CD-R,1,1.0,8,1.0,0.0,0.0,1.0,0.0,0.0,0.0,,0.0,0.0,0.0,0.0,1.0,0.0
401882891,2026-09-07,laliga,2026,14357,Getafe,Celta Vigo,1,173247,Johan Mojica,LB,1,1.0,22,1.0,3.0,0.0,1.0,0.0,0.0,0.0,,0.0,0.0,0.0,0.0,0.0,1.0
401882891,2026-09-07,laliga,2026,14357,Getafe,Celta Vigo,1,125749,Kiko Femenía,RB,1,1.0,17,0.0,0.0,0.0,0.0,0.0,0.0,0.0,,0.0,0.0,0.0,0.0,0.0,0.0
401882891,2026-09-07,laliga,2026,14357,Getafe,Celta Vigo,1,228424,Orel Mangala,CM,1,1.0,23,0.0,0.0,0.0,1.0,0.0,0.0,0.0,,0.0,0.0,0.0,0.0,0.0,0.0
401882891,2026-09-07,laliga,2026,14357,Getafe,Celta Vigo,1,357147,Mario Martín,CM-L,1,1.0,6,0.0,1.0,0.0,1.0,0.0,0.0,0.0,,0.0,1.0,0.0,0.0,2.0,0.0
401882891,2026-09-07,laliga,2026,14357,Getafe,Celta Vigo,1,309838,Ramón Terrats,CM-R,1,1.0,11,3.0,2.0,0.0,1.0,0.0,0.0,0.0,,0.0,0.0,0.0,0.0,2.0,1.0
401882891,2026-09-07,laliga,2026,14357,Getafe,Celta Vigo,1,284854,Martín Satriano,CF-L,1,1.0,10,1.0,1.0,0.0,1.0,0.0,0.0,0.0,,0.0,1.0,0.0,1.0,3.0,0.0
401882891,2026-09-07,laliga,2026,14357,Getafe,Celta Vigo,1,218122,Enes Ünal,CF-R,1,1.0,19,0.0,1.0,0.0,1.0,0.0,0.0,0.0,,0.0,0.0,0.0,0.0,1.0,0.0
401882891,2026-09-07,laliga,2026,14357,Getafe,Celta Vigo,1,396387,Óscar López,SUB,0,1.0,30,0.0,0.0,0.0,0.0,0.0,0.0,0.0,,0.0,0.0,1.0,0.0,0.0,0.0
401882891,2026-09-07,laliga,2026,14357,Getafe,Celta Vigo,1,388898,Diego Ferrer,SUB,0,0.0,35,0.0,0.0,0.0,0.0,,0.0,0.0,0.0,0.0,0.0,0.0,0.0,0.0,0.0
401882891,2026-09-07,laliga,2026,14357,Getafe,Celta Vigo,1,359826,Sebastián Boselli,SUB,0,1.0,15,0.0,0.0,0.0,0.0,0.0,0.0,0.0,,0.0,0.0,1.0,0.0,0.0,0.0
401882891,2026-09-07,laliga,2026,14357,Getafe,Celta Vigo,1,3124560,Ibra Drammeh,SUB,0,0.0,27,0.0,0.0,0.0,0.0,0.0,0.0,0.0,,0.0,0.0,0.0,0.0,0.0,0.0
401882891,2026-09-07,laliga,2026,14357,Getafe,Celta Vigo,1,314403,Saba Sazonov,SUB,0,0.0,4,0.0,0.0,0.0,0.0,0.0,0.0,0.0,,0.0,0.0,0.0,0.0,0.0,0.0
401882891,2026-09-07,laliga,2026,14357,Getafe,Celta Vigo,1,218793,Borja Mayoral,SUB,0,0.0,9,0.0,0.0,0.0,0.0,0.0,0.0,0.0,,0.0,0.0,0.0,0.0,0.0,0.0
401882891,2026-09-07,laliga,2026,14357,Getafe,Celta Vigo,1,356080,Andrés García,SUB,0,1.0,21,0.0,0.0,0.0,1.0,0.0,0.0,0.0,,0.0,0.0,1.0,0.0,0.0,0.0
401882891,2026-09-07,laliga,2026,14357,Getafe,Celta Vigo,1,344245,Jirí Letácek,SUB,0,0.0,1,0.0,0.0,0.0,0.0,,0.0,0.0,0.0,0.0,0.0,0.0,0.0,0.0,0.0
401882891,2026-09-07,laliga,2026,14357,Getafe,Celta Vigo,1,310259,Ivan Azón,SUB,0,1.0,20,0.0,0.0,0.0,0.0,0.0,0.0,0.0,,0.0,0.0,1.0,0.0,0.0,0.0
401882891,2026-09-07,laliga,2026,14357,Getafe,Celta Vigo,1,406832,Davinchi,SUB,0,0.0,3,0.0,0.0,0.0,0.0,0.0,0.0,0.0,,0.0,0.0,0.0,0.0,0.0,0.0
401882891,2026-09-07,laliga,2026,14357,Getafe,Celta Vigo,1,375400,Mohamed Hamdoune,SUB,0,0.0,31,0.0,0.0,0.0,0.0,0.0,0.0,0.0,,0.0,0.0,0.0,0.0,0.0,0.0
401882891,2026-09-07,laliga,2026,14357,Getafe,Celta Vigo,1,395479,Jean Ives Valou,SUB,0,0.0,26,0.0,0.0,0.0,0.0,0.0,0.0,0.0,,0.0,0.0,0.0,0.0,0.0,0.0
401882891,2026-09-07,laliga,2026,14357,Celta Vigo,Getafe,0,144720,Andrei Radu,G,1,1.0,13,0.0,0.0,0.0,1.0,,0.0,0.0,1.0,0.0,0.0,0.0,0.0,0.0,0.0
401882891,2026-09-07,laliga,2026,14357,Celta Vigo,Getafe,0,195790,Carl Starfelt,CD,1,1.0,2,1.0,1.0,0.0,1.0,0.0,0.0,0.0,,0.0,1.0,0.0,1.0,2.0,1.0
401882891,2026-09-07,laliga,2026,14357,Celta Vigo,Getafe,0,146127,Marcos Alonso,CD-L,1,1.0,3,1.0,0.0,0.0,1.0,0.0,0.0,0.0,,0.0,0.0,0.0,0.0,0.0,1.0
401882891,2026-09-07,laliga,2026,14357,Celta Vigo,Getafe,0,384643,Yoel Lago,CD-R,1,1.0,18,1.0,0.0,0.0,1.0,0.0,0.0,0.0,,0.0,0.0,0.0,0.0,0.0,0.0
401882891,2026-09-07,laliga,2026,14357,Celta Vigo,Getafe,0,353736,Miguel Román,CM-L,1,1.0,8,0.0,1.0,0.0,1.0,0.0,0.0,0.0,,0.0,0.0,0.0,0.0,3.0,0.0
401882891,2026-09-07,laliga,2026,14357,Celta Vigo,Getafe,0,297829,Ilaix Moriba,CM-R,1,1.0,6,1.0,0.0,0.0,1.0,0.0,0.0,0.0,,0.0,0.0,0.0,0.0,1.0,0.0
401882891,2026-09-07,laliga,2026,14357,Celta Vigo,Getafe,0,231838,Javi Galán,LM,1,1.0,22,0.0,0.0,0.0,1.0,0.0,0.0,0.0,,0.0,0.0,0.0,0.0,0.0,0.0
401882891,2026-09-07,laliga,2026,14357,Celta Vigo,Getafe,0,334111,Jones El-Abdellaoui,RM,1,1.0,39,2.0,0.0,0.0,1.0,1.0,0.0,0.0,,0.0,0.0,0.0,0.0,1.0,0.0
401882891,2026-09-07,laliga,2026,14357,Celta Vigo,Getafe,0,138448,Pablo Durán,F,1,1.0,11,1.0,1.0,0.0,1.0,0.0,0.0,0.0,,0.0,0.0,0.0,0.0,1.0,0.0
401882891,2026-09-07,laliga,2026,14357,Celta Vigo,Getafe,0,324811,Hugo Gonzalez,CF-L,1,1.0,16,1.0,3.0,1.0,1.0,0.0,0.0,0.0,,0.0,2.0,0.0,0.0,4.0,0.0
401882891,2026-09-07,laliga,2026,14357,Celta Vigo,Getafe,0,92800,Iago Aspas,CF-R,1,1.0,10,0.0,2.0,0.0,1.0,0.0,0.0,0.0,,0.0,0.0,0.0,0.0,1.0,0.0
401882891,2026-09-07,laliga,2026,14357,Celta Vigo,Getafe,0,214995,Borja Iglesias,SUB,0,1.0,7,0.0,0.0,0.0,0.0,1.0,0.0,0.0,,0.0,0.0,1.0,0.0,2.0,0.0
401882891,2026-09-07,laliga,2026,14357,Celta Vigo,Getafe,0,304592,Couhaib Driouech,SUB,0,1.0,24,0.0,0.0,0.0,0.0,0.0,0.0,0.0,,0.0,0.0,1.0,0.0,1.0,0.0
401882891,2026-09-07,laliga,2026,14357,Celta Vigo,Getafe,0,188391,Hugo Álvarez,SUB,0,0.0,23,0.0,0.0,0.0,0.0,0.0,0.0,0.0,,0.0,0.0,0.0,0.0,0.0,0.0
401882891,2026-09-07,laliga,2026,14357,Celta Vigo,Getafe,0,285756,Sebastián Cáceres,SUB,0,0.0,21,0.0,0.0,0.0,0.0,0.0,0.0,0.0,,0.0,0.0,0.0,0.0,0.0,0.0
401882891,2026-09-07,laliga,2026,14357,Celta Vigo,Getafe,0,274272,Altay Bayindir,SUB,0,0.0,1,0.0,0.0,0.0,0.0,,0.0,0.0,0.0,0.0,0.0,0.0,0.0,0.0,0.0
401882891,2026-09-07,laliga,2026,14357,Celta Vigo,Getafe,0,367430,Álvaro Núñez,SUB,0,0.0,15,0.0,0.0,0.0,0.0,0.0,0.0,0.0,,0.0,0.0,0.0,0.0,0.0,0.0
401882891,2026-09-07,laliga,2026,14357,Celta Vigo,Getafe,0,331586,Javi Rueda,SUB,0,1.0,17,0.0,0.0,0.0,0.0,0.0,0.0,0.0,,0.0,0.0,1.0,0.0,0.0,0.0
401882891,2026-09-07,laliga,2026,14357,Celta Vigo,Getafe,0,414293,Hugo Burcio,SUB,0,0.0,30,0.0,0.0,0.0,0.0,0.0,0.0,0.0,,0.0,0.0,0.0,0.0,0.0,0.0
401882891,2026-09-07,laliga,2026,14357,Celta Vigo,Getafe,0,298343,Sergio Carreira,SUB,0,1.0,5,0.0,0.0,0.0,0.0,1.0,0.0,0.0,,0.0,0.0,1.0,0.0,0.0,0.0
401882891,2026-09-07,laliga,2026,14357,Celta Vigo,Getafe,0,376147,Javi Rodríguez,SUB,0,0.0,20,0.0,0.0,0.0,0.0,0.0,0.0,0.0,,0.0,0.0,0.0,0.0,0.0,0.0
401882891,2026-09-07,laliga,2026,14357,Celta Vigo,Getafe,0,322652,Williot Swedberg,SUB,0,0.0,19,0.0,0.0,0.0,0.0,0.0,0.0,0.0,,0.0,0.0,0.0,0.0,0.0,0.0
401882891,2026-09-07,laliga,2026,14357,Celta Vigo,Getafe,0,279904,Ferran Jutglà,SUB,0,1.0,9,1.0,0.0,0.0,0.0,0.0,0.0,0.0,,0.0,0.0,1.0,0.0,0.0,0.0
401882893,2026-09-07,laliga,2026,14357,Elche,Real Sociedad,1,173749,Matías Dituro,G,1,1.0,1,0.0,0.0,0.0,3.0,,0.0,0.0,3.0,0.0,0.0,0.0,0.0,0.0,0.0
401882893,2026-09-07,laliga,2026,14357,Elche,Real Sociedad,1,265995,Víctor Chust,CD,1,1.0,23,0.0,0.0,1.0,3.0,0.0,0.0,0.0,,0.0,1.0,0.0,0.0,1.0,0.0
401882893,2026-09-07,laliga,2026,14357,Elche,Real Sociedad,1,167297,Pedro Bigas,CD-L,1,1.0,6,1.0,1.0,0.0,3.0,0.0,0.0,0.0,,0.0,1.0,0.0,0.0,1.0,0.0
401882893,2026-09-07,laliga,2026,14357,Elche,Real Sociedad,1,371608,Buba Sangaré,CD-R,1,1.0,2,0.0,0.0,0.0,2.0,0.0,0.0,0.0,,0.0,0.0,0.0,0.0,0.0,0.0
401882893,2026-09-07,laliga,2026,14357,Elche,Real Sociedad,1,273424,Gonzalo Villar,CM-L,1,1.0,12,2.0,1.0,0.0,2.0,0.0,0.0,0.0,,0.0,0.0,0.0,0.0,0.0,0.0
401882893,2026-09-07,laliga,2026,14357,Elche,Real Sociedad,1,318284,Facundo Buonanotte,CM-R,1,1.0,10,2.0,1.0,0.0,2.0,0.0,0.0,0.0,,0.0,1.0,0.0,0.0,2.0,0.0
401882893,2026-09-07,laliga,2026,14357,Elche,Real Sociedad,1,421310,Javier Morcillo,AM,1,1.0,47,1.0,0.0,0.0,3.0,0.0,0.0,0.0,,0.0,0.0,0.0,0.0,0.0,0.0
401882893,2026-09-07,laliga,2026,14357,Elche,Real Sociedad,1,297358,Germán Valera,LM,1,1.0,11,0.0,3.0,0.0,2.0,1.0,0.0,0.0,,0.0,0.0,0.0,0.0,1.0,1.0
401882893,2026-09-07,laliga,2026,14357,Elche,Real Sociedad,1,259916,José Antonio Morente,RM,1,1.0,20,1.0,0.0,1.0,3.0,0.0,0.0,0.0,,0.0,0.0,0.0,0.0,1.0,1.0
401882893,2026-09-07,laliga,2026,14357,Elche,Real Sociedad,1,301684,Fer Niño,CF-L,1,1.0,14,0.0,1.0,0.0,3.0,1.0,0.0,0.0,,0.0,3.0,0.0,1.0,4.0,0.0
401882893,2026-09-07,laliga,2026,14357,Elche,Real Sociedad,1,194553,Ezequiel Ponce,CF-R,1,1.0,9,0.0,0.0,0.0,2.0,0.0,0.0,0.0,,0.0,0.0,0.0,0.0,1.0,0.0
401882893,2026-09-07,laliga,2026,14357,Elche,Real Sociedad,1,376156,Ali Houary,SUB,0,0.0,29,0.0,0.0,0.0,0.0,0.0,0.0,0.0,,0.0,0.0,0.0,0.0,0.0,0.0
401882893,2026-09-07,laliga,2026,14357,Elche,Real Sociedad,1,340677,Martim Neto,SUB,0,0.0,16,0.0,0.0,0.0,0.0,0.0,0.0,0.0,,0.0,0.0,0.0,0.0,0.0,0.0
401882893,2026-09-07,laliga,2026,14357,Elche,Real Sociedad,1,320648,Lucas Cepeda,SUB,0,1.0,21,0.0,0.0,0.0,1.0,0.0,0.0,0.0,,0.0,2.0,1.0,0.0,2.0,0.0
401882893,2026-09-07,laliga,2026,14357,Elche,Real Sociedad,1,190291,Thomas Lemar,SUB,0,1.0,18,1.0,0.0,0.0,1.0,0.0,0.0,0.0,,0.0,1.0,1.0,1.0,3.0,1.0
401882893,2026-09-07,laliga,2026,14357,Elche,Real Sociedad,1,389448,Matia Barzic,SUB,0,0.0,26,0.0,0.0,0.0,0.0,0.0,0.0,0.0,,0.0,0.0,0.0,0.0,0.0,0.0
401882893,2026-09-07,laliga,2026,14357,Elche,Real Sociedad,1,319781,Rubén Sánchez,SUB,0,0.0,22,0.0,0.0,0.0,0.0,0.0,0.0,0.0,,0.0,0.0,0.0,0.0,0.0,0.0
401882893,2026-09-07,laliga,2026,14357,Elche,Real Sociedad,1,301406,Marc Aguado,SUB,0,0.0,8,0.0,0.0,0.0,0.0,0.0,0.0,0.0,,0.0,0.0,0.0,0.0,0.0,0.0
401882893,2026-09-07,laliga,2026,14357,Elche,Real Sociedad,1,330433,Alejandro Iturbe,SUB,0,0.0,13,0.0,0.0,0.0,0.0,,0.0,0.0,0.0,0.0,0.0,0.0,0.0,0.0,0.0
401882893,2026-09-07,laliga,2026,14357,Elche,Real Sociedad,1,318181,Federico Redondo,SUB,0,0.0,5,0.0,0.0,0.0,0.0,0.0,0.0,0.0,,0.0,0.0,0.0,0.0,0.0,0.0
401882893,2026-09-07,laliga,2026,14357,Elche,Real Sociedad,1,214330,Josan,SUB,0,1.0,17,0.0,0.0,0.0,1.0,0.0,0.0,0.0,,0.0,0.0,1.0,0.0,0.0,0.0
401882893,2026-09-07,laliga,2026,14357,Elche,Real Sociedad,1,336840,Abiel Osorio,SUB,0,1.0,24,1.0,0.0,0.0,1.0,0.0,0.0,0.0,,0.0,1.0,1.0,0.0,3.0,1.0
401882893,2026-09-07,laliga,2026,14357,Elche,Real Sociedad,1,323286,Roy Revivo,SUB,0,1.0,3,0.0,0.0,0.0,1.0,0.0,0.0,0.0,,0.0,0.0,1.0,0.0,1.0,0.0
401882893,2026-09-07,laliga,2026,14357,Real Sociedad,Elche,0,312011,Unai Marrero,G,1,1.0,13,0.0,0.0,0.0,2.0,,0.0,0.0,8.0,0.0,0.0,0.0,0.0,0.0,0.0
401882893,2026-09-07,laliga,2026,14357,Real Sociedad,Elche,0,355433,Mamadou Sarr,CD-L,1,1.0,19,0.0,1.0,0.0,0.0,0.0,0.0,0.0,,0.0,0.0,0.0,0.0,0.0,0.0
401882893,2026-09-07,laliga,2026,14357,Real Sociedad,Elche,0,235693,Igor Zubeldia,CD-R,1,1.0,5,0.0,0.0,0.0,2.0,0.0,0.0,0.0,,0.0,0.0,0.0,0.0,0.0,0.0
401882893,2026-09-07,laliga,2026,14357,Real Sociedad,Elche,0,265993,Sergio Gómez,LB,1,1.0,17,0.0,1.0,0.0,2.0,0.0,0.0,0.0,,0.0,0.0,0.0,0.0,0.0,0.0
401882893,2026-09-07,laliga,2026,14357,Real Sociedad,Elche,0,318063,Jon Aramburu,RB,1,1.0,2,4.0,2.0,0.0,2.0,0.0,0.0,0.0,,0.0,1.0,0.0,0.0,1.0,1.0
401882893,2026-09-07,laliga,2026,14357,Real Sociedad,Elche,0,235072,Carlos Soler,CM-L,1,1.0,18,1.0,2.0,1.0,2.0,0.0,0.0,0.0,,0.0,0.0,0.0,0.0,0.0,0.0
401882893,2026-09-07,laliga,2026,14357,Real Sociedad,Elche,0,236185,Yangel Herrera,CM-R,1,1.0,21,0.0,1.0,0.0,1.0,0.0,0.0,0.0,,0.0,1.0,0.0,1.0,3.0,0.0
401882893,2026-09-07,laliga,2026,14357,Real Sociedad,Elche,0,213141,Gonçalo Guedes,LM,1,1.0,11,0.0,0.0,0.0,0.0,1.0,0.0,0.0,,0.0,0.0,0.0,0.0,1.0,0.0
401882893,2026-09-07,laliga,2026,14357,Real Sociedad,Elche,0,406379,Job Ochieng,RM,1,1.0,12,2.0,1.0,2.0,2.0,0.0,0.0,0.0,,0.0,2.0,0.0,1.0,4.0,0.0
401882893,2026-09-07,laliga,2026,14357,Real Sociedad,Elche,0,229018,Mikel Oyarzabal,CF-L,1,1.0,10,0.0,0.0,0.0,1.0,0.0,0.0,0.0,,0.0,0.0,0.0,0.0,0.0,0.0
401882893,2026-09-07,laliga,2026,14357,Real Sociedad,Elche,0,306263,Luka Sucic,CF-R,1,1.0,24,0.0,1.0,0.0,2.0,0.0,0.0,0.0,,0.0,2.0,0.0,1.0,4.0,0.0
401882893,2026-09-07,laliga,2026,14357,Real Sociedad,Elche,0,366885,Jon Martín,SUB,0,1.0,6,1.0,0.0,0.0,0.0,0.0,0.0,1.0,,0.0,0.0,1.0,0.0,0.0,0.0
401882893,2026-09-07,laliga,2026,14357,Real Sociedad,Elche,0,307487,Arsen Zakharyan,SUB,0,0.0,23,0.0,0.0,0.0,0.0,0.0,0.0,0.0,,0.0,0.0,0.0,0.0,0.0,0.0
401882893,2026-09-07,laliga,2026,14357,Real Sociedad,Elche,0,297371,Beñat Turrientes,SUB,0,0.0,8,0.0,0.0,0.0,0.0,0.0,0.0,0.0,,0.0,0.0,0.0,0.0,0.0,0.0
401882893,2026-09-07,laliga,2026,14357,Real Sociedad,Elche,0,363039,Héctor Fort,SUB,0,1.0,22,0.0,0.0,0.0,0.0,0.0,0.0,0.0,,0.0,0.0,1.0,0.0,0.0,0.0
401882893,2026-09-07,laliga,2026,14357,Real Sociedad,Elche,0,341367,Orri Óskarsson,SUB,0,0.0,9,0.0,0.0,0.0,0.0,0.0,0.0,0.0,,0.0,0.0,0.0,0.0,0.0,0.0
401882893,2026-09-07,laliga,2026,14357,Real Sociedad,Elche,0,297359,Jon Pacheco,SUB,0,1.0,16,0.0,0.0,0.0,1.0,0.0,0.0,0.0,,0.0,0.0,1.0,0.0,0.0,0.0
401882893,2026-09-07,laliga,2026,14357,Real Sociedad,Elche,0,256587,Takefusa Kubo,SUB,0,0.0,14,0.0,0.0,0.0,0.0,0.0,0.0,0.0,,0.0,0.0,0.0,0.0,0.0,0.0
401882893,2026-09-07,laliga,2026,14357,Real Sociedad,Elche,0,396613,Alex Marchal,SUB,0,1.0,29,0.0,0.0,0.0,2.0,0.0,0.0,0.0,,0.0,0.0,1.0,0.0,0.0,0.0
401882893,2026-09-07,laliga,2026,14357,Real Sociedad,Elche,0,388601,Jon Gorrotxategi,SUB,0,1.0,4,0.0,0.0,0.0,1.0,0.0,0.0,0.0,,0.0,0.0,1.0,0.0,0.0,0.0
401882893,2026-09-07,laliga,2026,14357,Real Sociedad,Elche,0,283941,Ander Barrenetxea,SUB,0,0.0,7,0.0,0.0,0.0,0.0,0.0,0.0,0.0,,0.0,0.0,0.0,0.0,0.0,0.0
401882893,2026-09-07,laliga,2026,14357,Real Sociedad,Elche,0,217319,Álex Remiro,SUB,0,0.0,1,0.0,0.0,0.0,0.0,,0.0,0.0,0.0,0.0,0.0,0.0,0.0,0.0,0.0
401882893,2026-09-07,laliga,2026,14357,Real Sociedad,Elche,0,283891,Aihen Muñoz,SUB,0,0.0,3,0.0,0.0,0.0,0.0,0.0,0.0,0.0,,0.0,0.0,0.0,0.0,0.0,0.0
401882878,2026-09-11,laliga,2026,14357,Sevilla,Valencia,1,159135,Odisseas Vlachodimos,G,1,1.0,1,0.0,0.0,0.0,0.0,,0.0,0.0,0.0,0.0,0.0,0.0,0.0,0.0,0.0
401882878,2026-09-11,laliga,2026,14357,Sevilla,Valencia,1,334163,Enrique Salas,CD-L,1,1.0,4,4.0,0.0,0.0,0.0,1.0,0.0,0.0,,0.0,1.0,0.0,0.0,2.0,0.0
401882878,2026-09-11,laliga,2026,14357,Sevilla,Valencia,1,332246,Andrés Castrín,CD-R,1,1.0,5,0.0,1.0,0.0,0.0,0.0,0.0,0.0,,0.0,1.0,0.0,0.0,1.0,0.0
401882878,2026-09-11,laliga,2026,14357,Sevilla,Valencia,1,222037,Gabriel Suazo,LB,1,1.0,17,0.0,2.0,0.0,0.0,0.0,0.0,0.0,,0.0,0.0,0.0,0.0,0.0,0.0
401882878,2026-09-11,laliga,2026,14357,Sevilla,Valencia,1,279738,Juan Iglesias,RB,1,1.0,2,1.0,0.0,0.0,0.0,0.0,0.0,0.0,,0.0,1.0,0.0,1.0,1.0,0.0
401882878,2026-09-11,laliga,2026,14357,Sevilla,Valencia,1,365821,Isaac Romero,AM,1,1.0,16,1.0,2.0,0.0,0.0,1.0,0.0,0.0,,0.0,0.0,0.0,0.0,1.0,0.0
401882878,2026-09-11,laliga,2026,14357,Sevilla,Valencia,1,277307,Youssouf Fofana,LM,1,1.0,24,0.0,1.0,0.0,0.0,0.0,0.0,0.0,,0.0,1.0,0.0,0.0,3.0,0.0
401882878,2026-09-11,laliga,2026,14357,Sevilla,Valencia,1,282289,Lucien Agoumé,RM,1,1.0,6,0.0,0.0,0.0,0.0,0.0,0.0,0.0,,0.0,0.0,0.0,0.0,2.0,0.0
401882878,2026-09-11,laliga,2026,14357,Sevilla,Valencia,1,323033,Lucas Stassin,F,1,1.0,19,0.0,1.0,0.0,0.0,0.0,0.0,0.0,,0.0,0.0,0.0,0.0,1.0,0.0
401882878,2026-09-11,laliga,2026,14357,Sevilla,Valencia,1,288900,Felix Correia,AM-L,1,1.0,20,0.0,1.0,0.0,0.0,0.0,0.0,0.0,,0.0,0.0,0.0,0.0,0.0,0.0
401882878,2026-09-11,laliga,2026,14357,Sevilla,Valencia,1,375514,Miguel Sierra,AM-R,1,1.0,30,0.0,1.0,0.0,0.0,0.0,0.0,0.0,,0.0,0.0,0.0,0.0,1.0,0.0
401882878,2026-09-11,laliga,2026,14357,Sevilla,Valencia,1,258923,Giorgi Kochorashvili,SUB,0,1.0,8,1.0,0.0,1.0,0.0,0.0,0.0,0.0,,0.0,0.0,1.0,0.0,1.0,0.0
401882878,2026-09-11,laliga,2026,14357,Sevilla,Valencia,1,203112,Marcão,SUB,0,0.0,23,0.0,0.0,0.0,0.0,0.0,0.0,0.0,,0.0,0.0,0.0,0.0,0.0,0.0
401882878,2026-09-11,laliga,2026,14357,Sevilla,Valencia,1,271635,Alfonso González,SUB,0,0.0,7,0.0,0.0,0.0,0.0,0.0,0.0,0.0,,0.0,0.0,0.0,0.0,0.0,0.0
401882878,2026-09-11,laliga,2026,14357,Sevilla,Valencia,1,387493,Julio Díaz,SUB,0,1.0,3,0.0,1.0,0.0,0.0,0.0,0.0,0.0,,0.0,0.0,1.0,0.0,0.0,0.0
401882878,2026-09-11,laliga,2026,14357,Sevilla,Valencia,1,254320,Jon Guridi,SUB,0,1.0,18,0.0,0.0,0.0,0.0,0.0,0.0,0.0,,0.0,0.0,1.0,0.0,0.0,0.0
401882878,2026-09-11,laliga,2026,14357,Sevilla,Valencia,1,250508,José Ángel Carmona,SUB,0,0.0,22,0.0,0.0,0.0,0.0,0.0,0.0,0.0,,0.0,0.0,0.0,0.0,0.0,0.0
401882878,2026-09-11,laliga,2026,14357,Sevilla,Valencia,1,254270,Chidera Ejuke,SUB,0,1.0,21,1.0,0.0,0.0,0.0,0.0,0.0,0.0,,0.0,0.0,1.0,0.0,0.0,1.0
401882878,2026-09-11,laliga,2026,14357,Sevilla,Valencia,1,415742,Iker Ortín,SUB,0,0.0,34,0.0,0.0,0.0,0.0,0.0,0.0,0.0,,0.0,0.0,0.0,0.0,0.0,0.0
401882878,2026-09-11,laliga,2026,14357,Sevilla,Valencia,1,356228,Manu Bueno,SUB,0,0.0,14,0.0,0.0,0.0,0.0,0.0,0.0,0.0,,0.0,0.0,0.0,0.0,0.0,0.0
401882878,2026-09-11,laliga,2026,14357,Sevilla,Valencia,1,322993,Robbie Ure,SUB,0,1.0,9,0.0,1.0,0.0,0.0,0.0,0.0,0.0,,0.0,0.0,1.0,0.0,0.0,0.0
401882878,2026-09-11,laliga,2026,14357,Sevilla,Valencia,1,362874,Fran González,SUB,0,0.0,13,0.0,0.0,0.0,0.0,,0.0,0.0,0.0,0.0,0.0,0.0,0.0,0.0,0.0
401882878,2026-09-11,laliga,2026,14357,Sevilla,Valencia,1,347359,Peque,SUB,0,0.0,10,0.0,0.0,0.0,0.0,0.0,0.0,0.0,,0.0,0.0,0.0,0.0,0.0,0.0
401882878,2026-09-11,laliga,2026,14357,Valencia,Sevilla,0,165334,Stole Dimitrievski,G,1,1.0,1,0.0,0.0,0.0,1.0,,0.0,0.0,3.0,0.0,0.0,0.0,0.0,0.0,0.0
401882878,2026-09-11,laliga,2026,14357,Valencia,Sevilla,0,231603,Pepelu,CD-L,1,1.0,18,2.0,1.0,0.0,1.0,0.0,0.0,0.0,,0.0,0.0,0.0,0.0,0.0,0.0
401882878,2026-09-11,laliga,2026,14357,Valencia,Sevilla,0,330552,César Tárrega,CD-R,1,1.0,5,0.0,0.0,0.0,0.0,0.0,0.0,0.0,,0.0,0.0,0.0,0.0,0.0,0.0
401882878,2026-09-11,laliga,2026,14357,Valencia,Sevilla,0,178747,José Gayà,LB,1,1.0,14,1.0,2.0,0.0,1.0,0.0,0.0,0.0,,0.0,0.0,0.0,0.0,0.0,0.0
401882878,2026-09-11,laliga,2026,14357,Valencia,Sevilla,0,308728,Arnau Martínez,RB,1,1.0,22,0.0,0.0,0.0,0.0,0.0,0.0,0.0,,0.0,0.0,0.0,0.0,1.0,0.0
401882878,2026-09-11,laliga,2026,14357,Valencia,Sevilla,0,248681,Filip Ugrinic,CM-L,1,1.0,23,1.0,1.0,0.0,1.0,0.0,0.0,0.0,,0.0,0.0,0.0,0.0,0.0,0.0
401882878,2026-09-11,laliga,2026,14357,Valencia,Sevilla,0,232803,Aliou Dieng,CM-R,1,1.0,15,1.0,0.0,0.0,1.0,0.0,0.0,0.0,,0.0,0.0,0.0,0.0,0.0,0.0
401882878,2026-09-11,laliga,2026,14357,Valencia,Sevilla,0,360096,Ryunosuke Sato,LM,1,1.0,39,2.0,0.0,0.0,0.0,0.0,0.0,0.0,,0.0,0.0,0.0,0.0,0.0,1.0
401882878,2026-09-11,laliga,2026,14357,Valencia,Sevilla,0,377768,David Otorbi,RM,1,1.0,27,0.0,0.0,0.0,1.0,0.0,0.0,0.0,,0.0,0.0,0.0,0.0,1.0,0.0
401882878,2026-09-11,laliga,2026,14357,Valencia,Sevilla,0,231618,Arnaut Danjuma,F,1,1.0,7,1.0,1.0,0.0,1.0,1.0,0.0,0.0,,0.0,0.0,0.0,0.0,1.0,0.0
401882878,2026-09-11,laliga,2026,14357,Valencia,Sevilla,0,16340,Javier Guerra,RCF,1,1.0,8,0.0,1.0,0.0,1.0,0.0,0.0,0.0,,0.0,0.0,0.0,0.0,0.0,0.0
401882878,2026-09-11,laliga,2026,14357,Valencia,Sevilla,0,282086,Justin de Haas,SUB,0,0.0,12,0.0,0.0,0.0,0.0,0.0,0.0,0.0,,0.0,0.0,0.0,0.0,0.0,0.0
401882878,2026-09-11,laliga,2026,14357,Valencia,Sevilla,0,388076,Iker Córdoba,SUB,0,1.0,36,1.0,0.0,0.0,1.0,0.0,0.0,0.0,,0.0,0.0,1.0,0.0,0.0,0.0
401882878,2026-09-11,laliga,2026,14357,Valencia,Sevilla,0,419048,Aaron Mayol,SUB,0,0.0,33,0.0,0.0,0.0,0.0,0.0,0.0,0.0,,0.0,0.0,0.0,0.0,0.0,0.0
401882878,2026-09-11,laliga,2026,14357,Valencia,Sevilla,0,413671,Alex Panach,SUB,0,0.0,29,0.0,0.0,0.0,0.0,0.0,0.0,0.0,,0.0,0.0,0.0,0.0,0.0,0.0
401882878,2026-09-11,laliga,2026,14357,Valencia,Sevilla,0,324582,Kayne Van Oevelen,SUB,0,0.0,25,0.0,0.0,0.0,0.0,,0.0,0.0,0.0,0.0,0.0,0.0,0.0,0.0,0.0
401882878,2026-09-11,laliga,2026,14357,Valencia,Sevilla,0,409380,Aimar Blázquez,SUB,0,0.0,37,0.0,0.0,0.0,0.0,0.0,0.0,0.0,,0.0,0.0,0.0,0.0,0.0,0.0
401882878,2026-09-11,laliga,2026,14357,Valencia,Sevilla,0,280806,Harvey Elliott,SUB,0,1.0,10,0.0,0.0,0.0,1.0,0.0,0.0,0.0,,0.0,0.0,1.0,0.0,0.0,0.0
401882878,2026-09-11,laliga,2026,14357,Valencia,Sevilla,0,222661,Pablo Maffeo,SUB,0,1.0,24,3.0,0.0,0.0,1.0,0.0,0.0,0.0,,0.0,0.0,1.0,0.0,0.0,1.0
401882878,2026-09-11,laliga,2026,14357,Valencia,Sevilla,0,189804,Jesús Vázquez,SUB,0,1.0,21,0.0,1.0,0.0,0.0,0.0,0.0,0.0,,0.0,0.0,1.0,0.0,0.0,0.0
401882878,2026-09-11,laliga,2026,14357,Valencia,Sevilla,0,267477,Hugo Duro,SUB,0,1.0,9,0.0,1.0,0.0,0.0,0.0,0.0,0.0,,0.0,0.0,1.0,0.0,0.0,0.0
401882878,2026-09-11,laliga,2026,14357,Valencia,Sevilla,0,253763,Dani Raba,SUB,0,0.0,19,0.0,0.0,0.0,0.0,0.0,0.0,0.0,,0.0,0.0,0.0,0.0,0.0,0.0
401882878,2026-09-11,laliga,2026,14357,Valencia,Sevilla,0,3124771,Jaume Durá I Soler,SUB,0,0.0,38,0.0,0.0,0.0,0.0,0.0,0.0,0.0,,0.0,0.0,0.0,0.0,0.0,0.0
401882880,2026-09-12,laliga,2026,14357,Real Madrid,Rayo Vallecano,1,134283,Thibaut Courtois,G,1,1.0,1,0.0,0.0,0.0,1.0,,0.0,0.0,6.0,0.0,0.0,0.0,0.0,0.0,0.0
401882880,2026-09-12,laliga,2026,14357,Real Madrid,Rayo Vallecano,1,169438,Antonio Rüdiger,CD-L,1,1.0,22,0.0,0.0,0.0,1.0,0.0,0.0,0.0,,0.0,1.0,0.0,0.0,1.0,0.0
401882880,2026-09-12,laliga,2026,14357,Real Madrid,Rayo Vallecano,1,251634,Ibrahima Konaté,CD-R,1,1.0,16,3.0,0.0,0.0,1.0,0.0,0.0,0.0,,0.0,0.0,0.0,0.0,2.0,0.0
401882880,2026-09-12,laliga,2026,14357,Real Madrid,Rayo Vallecano,1,310637,Álvaro Carreras,LB,1,1.0,18,0.0,1.0,0.0,1.0,0.0,0.0,0.0,,0.0,1.0,0.0,1.0,1.0,0.0
401882880,2026-09-12,laliga,2026,14357,Real Madrid,Rayo Vallecano,1,213248,Denzel Dumfries,RB,1,1.0,24,0.0,1.0,0.0,1.0,1.0,0.0,0.0,,0.0,1.0,0.0,0.0,1.0,0.0
401882880,2026-09-12,laliga,2026,14357,Real Madrid,Rayo Vallecano,1,291281,Jude Bellingham,AM,1,1.0,5,2.0,2.0,0.0,1.0,0.0,0.0,0.0,,0.0,2.0,0.0,1.0,4.0,0.0
401882880,2026-09-12,laliga,2026,14357,Real Madrid,Rayo Vallecano,1,199833,Bernardo Silva,LM,1,1.0,20,0.0,2.0,0.0,1.0,0.0,0.0,0.0,,0.0,0.0,0.0,0.0,1.0,0.0
401882880,2026-09-12,laliga,2026,14357,Real Madrid,Rayo Vallecano,1,235818,Federico Valverde,RM,1,1.0,8,0.0,0.0,0.0,0.0,0.0,0.0,0.0,,0.0,0.0,0.0,0.0,2.0,0.0
401882880,2026-09-12,laliga,2026,14357,Real Madrid,Rayo Vallecano,1,231388,Kylian Mbappé,F,1,1.0,10,3.0,0.0,1.0,1.0,0.0,0.0,0.0,,0.0,3.0,0.0,2.0,5.0,0.0
401882880,2026-09-12,laliga,2026,14357,Real Madrid,Rayo Vallecano,1,252107,Vinícius Júnior,AM-L,1,1.0,7,0.0,2.0,1.0,1.0,0.0,0.0,0.0,,0.0,2.0,0.0,0.0,4.0,0.0
401882880,2026-09-12,laliga,2026,14357,Real Madrid,Rayo Vallecano,1,402479,Yan Diomande,AM-R,1,1.0,25,1.0,3.0,0.0,1.0,0.0,0.0,0.0,,0.0,0.0,0.0,0.0,1.0,0.0
401882880,2026-09-12,laliga,2026,14357,Real Madrid,Rayo Vallecano,1,356000,Dean Huijsen,SUB,0,0.0,4,0.0,0.0,0.0,0.0,0.0,0.0,0.0,,0.0,0.0,0.0,0.0,0.0,0.0
401882880,2026-09-12,laliga,2026,14357,Real Madrid,Rayo Vallecano,1,346612,Endrick,SUB,0,0.0,9,0.0,0.0,0.0,0.0,0.0,0.0,0.0,,0.0,0.0,0.0,0.0,0.0,0.0
401882880,2026-09-12,laliga,2026,14357,Real Madrid,Rayo Vallecano,1,388338,Raúl Asencio,SUB,0,0.0,2,0.0,0.0,0.0,0.0,0.0,0.0,0.0,,0.0,0.0,0.0,0.0,0.0,0.0
401882880,2026-09-12,laliga,2026,14357,Real Madrid,Rayo Vallecano,1,223532,Trent Alexander-Arnold,SUB,0,0.0,12,0.0,0.0,0.0,0.0,0.0,0.0,0.0,,0.0,0.0,0.0,0.0,0.0,0.0
401882880,2026-09-12,laliga,2026,14357,Real Madrid,Rayo Vallecano,1,285150,Eduardo Camavinga,SUB,0,1.0,6,0.0,1.0,0.0,1.0,0.0,0.0,0.0,,0.0,0.0,1.0,0.0,0.0,0.0
401882880,2026-09-12,laliga,2026,14357,Real Madrid,Rayo Vallecano,1,380286,Carlos Espí,SUB,0,0.0,19,0.0,0.0,0.0,0.0,0.0,0.0,0.0,,0.0,0.0,0.0,0.0,0.0,0.0
401882880,2026-09-12,laliga,2026,14357,Real Madrid,Rayo Vallecano,1,259910,Marc Cucurella,SUB,0,1.0,17,0.0,0.0,0.0,0.0,0.0,0.0,0.0,,0.0,0.0,1.0,0.0,0.0,0.0
401882880,2026-09-12,laliga,2026,14357,Real Madrid,Rayo Vallecano,1,246532,Brahim Díaz,SUB,0,0.0,21,0.0,0.0,0.0,0.0,0.0,0.0,0.0,,0.0,0.0,0.0,0.0,0.0,0.0
401882880,2026-09-12,laliga,2026,14357,Real Madrid,Rayo Vallecano,1,409019,Thiago Pitarch,SUB,0,0.0,27,0.0,0.0,0.0,0.0,0.0,0.0,0.0,,0.0,0.0,0.0,0.0,0.0,0.0
401882880,2026-09-12,laliga,2026,14357,Real Madrid,Rayo Vallecano,1,257237,Andriy Lunin,SUB,0,0.0,13,0.0,0.0,0.0,0.0,,0.0,0.0,0.0,0.0,0.0,0.0,0.0,0.0,0.0
401882880,2026-09-12,laliga,2026,14357,Real Madrid,Rayo Vallecano,1,310452,Arda Güler,SUB,0,1.0,15,0.0,0.0,1.0,0.0,0.0,0.0,0.0,,0.0,1.0,1.0,0.0,1.0,0.0
401882880,2026-09-12,laliga,2026,14357,Real Madrid,Rayo Vallecano,1,265919,Aurélien Tchouaméni,SUB,0,1.0,14,0.0,0.0,0.0,0.0,0.0,0.0,0.0,,0.0,0.0,1.0,0.0,1.0,0.0
401882880,2026-09-12,laliga,2026,14357,Rayo Vallecano,Real Madrid,0,207834,Emil Audero,G,1,1.0,25,0.0,0.0,0.0,4.0,,0.0,0.0,7.0,0.0,0.0,0.0,0.0,0.0,0.0
401882880,2026-09-12,laliga,2026,14357,Rayo Vallecano,Real Madrid,0,294228,Pathé Ciss,CD-L,1,1.0,6,1.0,0.0,0.0,4.0,0.0,0.0,0.0,,0.0,0.0,0.0,0.0,0.0,1.0
401882880,2026-09-12,laliga,2026,14357,Rayo Vallecano,Real Madrid,0,140754,Florian Lejeune,CD-R,1,1.0,24,1.0,0.0,0.0,4.0,0.0,0.0,0.0,,0.0,0.0,0.0,0.0,2.0,0.0
401882880,2026-09-12,laliga,2026,14357,Rayo Vallecano,Real Madrid,0,277292,Adrià Pedrosa,LB,1,1.0,17,4.0,0.0,0.0,3.0,0.0,0.0,0.0,,0.0,0.0,0.0,0.0,0.0,0.0
401882880,2026-09-12,laliga,2026,14357,Rayo Vallecano,Real Madrid,0,287224,Andrei Ratiu,RB,1,1.0,2,1.0,2.0,0.0,4.0,0.0,0.0,0.0,,0.0,0.0,0.0,0.0,0.0,0.0
401882880,2026-09-12,laliga,2026,14357,Rayo Vallecano,Real Madrid,0,264078,Pedro Díaz,AM,1,1.0,4,0.0,0.0,0.0,3.0,0.0,0.0,0.0,,0.0,2.0,0.0,0.0,5.0,0.0
401882880,2026-09-12,laliga,2026,14357,Rayo Vallecano,Real Madrid,0,203711,Unai López,LM,1,1.0,8,2.0,0.0,0.0,3.0,0.0,0.0,0.0,,0.0,0.0,0.0,0.0,1.0,0.0
401882880,2026-09-12,laliga,2026,14357,Rayo Vallecano,Real Madrid,0,3115984,Gnangoro Bouare Samake,RM,1,1.0,36,2.0,1.0,0.0,3.0,0.0,0.0,0.0,,0.0,0.0,0.0,0.0,0.0,0.0
401882880,2026-09-12,laliga,2026,14357,Rayo Vallecano,Real Madrid,0,276652,Sergio Camello,F,1,1.0,10,2.0,3.0,0.0,3.0,0.0,0.0,0.0,,0.0,3.0,0.0,1.0,3.0,0.0
401882880,2026-09-12,laliga,2026,14357,Rayo Vallecano,Real Madrid,0,125200,Álvaro García,AM-L,1,1.0,18,0.0,0.0,0.0,4.0,0.0,0.0,0.0,,0.0,0.0,0.0,0.0,1.0,0.0
401882880,2026-09-12,laliga,2026,14357,Rayo Vallecano,Real Madrid,0,276067,Giorgi Tsitaishvili,AM-R,1,1.0,14,0.0,0.0,0.0,4.0,0.0,0.0,0.0,,0.0,2.0,0.0,0.0,3.0,0.0
401882880,2026-09-12,laliga,2026,14357,Rayo Vallecano,Real Madrid,0,389447,Marco de las Sias,SUB,0,0.0,26,0.0,0.0,0.0,0.0,0.0,0.0,0.0,,0.0,0.0,0.0,0.0,0.0,0.0
401882880,2026-09-12,laliga,2026,14357,Rayo Vallecano,Real Madrid,0,192893,Daniel Cárdenas,SUB,0,0.0,1,0.0,0.0,0.0,0.0,,0.0,0.0,0.0,0.0,0.0,0.0,0.0,0.0,0.0
401882880,2026-09-12,laliga,2026,14357,Rayo Vallecano,Real Madrid,0,409289,Samu Becerra,SUB,0,0.0,28,0.0,0.0,0.0,0.0,0.0,0.0,0.0,,0.0,0.0,0.0,0.0,0.0,0.0
401882880,2026-09-12,laliga,2026,14357,Rayo Vallecano,Real Madrid,0,313024,Alexandre Alemão,SUB,0,1.0,9,0.0,0.0,0.0,1.0,0.0,0.0,0.0,,0.0,0.0,1.0,0.0,3.0,0.0
401882880,2026-09-12,laliga,2026,14357,Rayo Vallecano,Real Madrid,0,415410,Marco Román,SUB,0,0.0,31,0.0,0.0,0.0,0.0,0.0,0.0,0.0,,0.0,0.0,0.0,0.0,0.0,0.0
401882880,2026-09-12,laliga,2026,14357,Rayo Vallecano,Real Madrid,0,377843,Rayane Belaid,SUB,0,1.0,37,0.0,0.0,0.0,1.0,0.0,0.0,0.0,,0.0,0.0,1.0,0.0,0.0,0.0
401882880,2026-09-12,laliga,2026,14357,Rayo Vallecano,Real Madrid,0,265996,Mujaid Sadick,SUB,0,1.0,15,0.0,0.0,0.0,1.0,0.0,0.0,0.0,,0.0,0.0,1.0,0.0,0.0,0.0
401882880,2026-09-12,laliga,2026,14357,Rayo Vallecano,Real Madrid,0,158151,Iván Balliu,SUB,0,1.0,20,0.0,0.0,0.0,1.0,0.0,0.0,0.0,,0.0,0.0,1.0,0.0,0.0,0.0
401882880,2026-09-12,laliga,2026,14357,Rayo Vallecano,Real Madrid,0,264217,Óscar Valentín,SUB,0,1.0,23,0.0,2.0,0.0,1.0,0.0,0.0,0.0,,0.0,0.0,1.0,0.0,0.0,0.0
401882880,2026-09-12,laliga,2026,14357,Rayo Vallecano,Real Madrid,0,300878,Adrián Molina,SUB,0,0.0,30,0.0,0.0,0.0,0.0,,0.0,0.0,0.0,0.0,0.0,0.0,0.0,0.0,0.0
401882880,2026-09-12,laliga,2026,14357,Rayo Vallecano,Real Madrid,0,386579,Pelayo Fernández,SUB,0,0.0,22,0.0,0.0,0.0,0.0,0.0,0.0,0.0,,0.0,0.0,0.0,0.0,0.0,0.0
401882880,2026-09-12,laliga,2026,14357,Rayo Vallecano,Real Madrid,0,261403,Marash Kumbulla,SUB,0,0.0,3,0.0,0.0,0.0,0.0,0.0,0.0,0.0,,0.0,0.0,0.0,0.0,0.0,0.0
401882881,2026-09-12,laliga,2026,14357,Racing Santander,Alavés,1,323970,Julen Agirrezabala,G,1,1.0,13,0.0,0.0,0.0,1.0,,0.0,0.0,7.0,0.0,0.0,0.0,0.0,0.0,0.0
401882881,2026-09-12,laliga,2026,14357,Racing Santander,Alavés,1,333927,Jeanuël Belocian,CD-L,1,1.0,24,0.0,0.0,0.0,1.0,0.0,0.0,0.0,,0.0,0.0,0.0,0.0,1.0,0.0
401882881,2026-09-12,laliga,2026,14357,Racing Santander,Alavés,1,282672,Pablo Ramon,CD-R,1,1.0,5,0.0,4.0,0.0,1.0,0.0,0.0,0.0,,0.0,0.0,0.0,0.0,0.0,0.0
401882881,2026-09-12,laliga,2026,14357,Racing Santander,Alavés,1,178237,Jorge Salinas,LB,1,1.0,17,2.0,2.0,0.0,1.0,0.0,0.0,0.0,,0.0,0.0,0.0,0.0,0.0,1.0
401882881,2026-09-12,laliga,2026,14357,Racing Santander,Alavés,1,300471,Alvaro Mantilla,RB,1,1.0,2,1.0,0.0,0.0,1.0,0.0,0.0,0.0,,0.0,0.0,0.0,0.0,0.0,0.0
401882881,2026-09-12,laliga,2026,14357,Racing Santander,Alavés,1,125383,Sergio Canales,AM,1,1.0,20,2.0,2.0,0.0,1.0,0.0,0.0,0.0,,0.0,0.0,0.0,0.0,1.0,0.0
401882881,2026-09-12,laliga,2026,14357,Racing Santander,Alavés,1,107960,Matteo Prati,LM,1,1.0,18,1.0,2.0,0.0,1.0,0.0,0.0,0.0,,0.0,0.0,0.0,0.0,0.0,0.0
401882881,2026-09-12,laliga,2026,14357,Racing Santander,Alavés,1,330545,Iván Martín,RM,1,1.0,23,1.0,2.0,0.0,1.0,0.0,0.0,0.0,,0.0,0.0,0.0,0.0,0.0,0.0
401882881,2026-09-12,laliga,2026,14357,Racing Santander,Alavés,1,390389,Yassir Zabiri,F,1,1.0,21,2.0,1.0,0.0,1.0,0.0,0.0,0.0,,0.0,3.0,0.0,2.0,5.0,1.0
401882881,2026-09-12,laliga,2026,14357,Racing Santander,Alavés,1,284699,Iñigo Vicente,AM-L,1,1.0,10,5.0,3.0,1.0,1.0,1.0,0.0,0.0,,0.0,0.0,0.0,0.0,0.0,0.0
401882881,2026-09-12,laliga,2026,14357,Racing Santander,Alavés,1,399278,Pablo García,AM-R,1,1.0,15,0.0,0.0,0.0,1.0,0.0,0.0,0.0,,0.0,1.0,0.0,0.0,3.0,0.0
401882881,2026-09-12,laliga,2026,14357,Racing Santander,Alavés,1,222365,Asier Villalibre,SUB,0,1.0,12,0.0,1.0,0.0,0.0,0.0,0.0,0.0,,0.0,0.0,1.0,0.0,0.0,0.0
401882881,2026-09-12,laliga,2026,14357,Racing Santander,Alavés,1,334268,Juan Carlos Arana,SUB,0,0.0,9,0.0,0.0,0.0,0.0,0.0,0.0,0.0,,0.0,0.0,0.0,0.0,0.0,0.0
401882881,2026-09-12,laliga,2026,14357,Racing Santander,Alavés,1,286604,André Almeida,SUB,0,1.0,8,2.0,0.0,0.0,0.0,0.0,0.0,1.0,,0.0,0.0,1.0,0.0,0.0,0.0
401882881,2026-09-12,laliga,2026,14357,Racing Santander,Alavés,1,242007,Aarón Martín,SUB,0,0.0,3,0.0,0.0,0.0,0.0,0.0,0.0,0.0,,0.0,0.0,0.0,0.0,0.0,0.0
401882881,2026-09-12,laliga,2026,14357,Racing Santander,Alavés,1,259839,Manu,SUB,0,0.0,4,0.0,0.0,0.0,0.0,0.0,0.0,0.0,,0.0,0.0,0.0,0.0,0.0,0.0
401882881,2026-09-12,laliga,2026,14357,Racing Santander,Alavés,1,417258,Iker Luque,SUB,0,1.0,19,0.0,0.0,0.0,0.0,1.0,0.0,0.0,,0.0,0.0,1.0,0.0,1.0,0.0
401882881,2026-09-12,laliga,2026,14357,Racing Santander,Alavés,1,361455,Pedro Felipe,SUB,0,1.0,22,0.0,0.0,0.0,0.0,0.0,0.0,0.0,,0.0,0.0,1.0,0.0,0.0,0.0
401882881,2026-09-12,laliga,2026,14357,Racing Santander,Alavés,1,367499,Facundo González,SUB,0,0.0,16,0.0,0.0,0.0,0.0,0.0,0.0,0.0,,0.0,0.0,0.0,0.0,0.0,0.0
401882881,2026-09-12,laliga,2026,14357,Racing Santander,Alavés,1,279699,Íñigo Sainz,SUB,0,0.0,6,0.0,0.0,0.0,0.0,0.0,0.0,0.0,,0.0,0.0,0.0,0.0,0.0,0.0
401882881,2026-09-12,laliga,2026,14357,Racing Santander,Alavés,1,394309,Laro Gómez,SUB,0,0.0,31,0.0,0.0,0.0,0.0,,0.0,0.0,0.0,0.0,0.0,0.0,0.0,0.0,0.0
401882881,2026-09-12,laliga,2026,14357,Racing Santander,Alavés,1,289439,Giorgi Guliashvili,SUB,0,1.0,7,0.0,0.0,0.0,0.0,0.0,0.0,0.0,,0.0,0.0,1.0,0.0,0.0,0.0
401882881,2026-09-12,laliga,2026,14357,Racing Santander,Alavés,1,342654,Maguette Gueye,SUB,0,1.0,14,0.0,0.0,0.0,0.0,0.0,0.0,0.0,,0.0,0.0,1.0,0.0,0.0,0.0
401882881,2026-09-12,laliga,2026,14357,Alavés,Racing Santander,0,200910,Antonio Sivera,G,1,1.0,1,0.0,0.0,0.0,2.0,,0.0,0.0,2.0,0.0,0.0,0.0,0.0,0.0,0.0
401882881,2026-09-12,laliga,2026,14357,Alavés,Racing Santander,0,149306,Ville Koski,CD,1,1.0,16,2.0,0.0,0.0,2.0,0.0,0.0,0.0,,0.0,1.0,0.0,1.0,1.0,0.0
401882881,2026-09-12,laliga,2026,14357,Alavés,Racing Santander,0,176312,Jonny,CD-L,1,1.0,17,0.0,2.0,0.0,2.0,0.0,0.0,0.0,,0.0,1.0,0.0,0.0,1.0,0.0
401882881,2026-09-12,laliga,2026,14357,Alavés,Racing Santander,0,262491,Nahuel Tenaglia,CD-R,1,1.0,14,1.0,1.0,0.0,1.0,1.0,0.0,0.0,,0.0,0.0,0.0,0.0,0.0,1.0
401882881,2026-09-12,laliga,2026,14357,Alavés,Racing Santander,0,163068,Denis Suárez,CM-L,1,1.0,4,0.0,3.0,0.0,2.0,0.0,0.0,0.0,,0.0,0.0,0.0,0.0,0.0,0.0
401882881,2026-09-12,laliga,2026,14357,Alavés,Racing Santander,0,106326,Pablo Ibáñez,CM-R,1,1.0,19,3.0,2.0,0.0,1.0,0.0,0.0,0.0,,0.0,0.0,0.0,0.0,0.0,1.0
401882881,2026-09-12,laliga,2026,14357,Alavés,Racing Santander,0,265997,Antonio Blanco,AM,1,1.0,8,2.0,1.0,0.0,2.0,0.0,0.0,0.0,,0.0,0.0,0.0,0.0,1.0,1.0
401882881,2026-09-12,laliga,2026,14357,Alavés,Racing Santander,0,345991,Abde Rebbach,LM,1,1.0,21,1.0,2.0,0.0,2.0,0.0,0.0,0.0,,0.0,2.0,0.0,0.0,2.0,0.0
401882881,2026-09-12,laliga,2026,14357,Alavés,Racing Santander,0,374621,Ángel Pérez,RM,1,1.0,7,0.0,1.0,0.0,2.0,2.0,0.0,0.0,,0.0,1.0,0.0,0.0,2.0,0.0
401882881,2026-09-12,laliga,2026,14357,Alavés,Racing Santander,0,198832,Mariano Díaz,CF-L,1,1.0,9,1.0,0.0,0.0,2.0,3.0,0.0,0.0,,0.0,3.0,0.0,0.0,3.0,0.0
401882881,2026-09-12,laliga,2026,14357,Alavés,Racing Santander,0,207236,Lucas Boyé,CF-R,1,1.0,15,4.0,0.0,0.0,2.0,2.0,0.0,0.0,,0.0,0.0,0.0,0.0,4.0,0.0
401882881,2026-09-12,laliga,2026,14357,Alavés,Racing Santander,0,379231,Aitor Mañas,SUB,0,1.0,20,1.0,0.0,0.0,0.0,0.0,0.0,0.0,,0.0,0.0,1.0,0.0,0.0,0.0
401882881,2026-09-12,laliga,2026,14357,Alavés,Racing Santander,0,367996,Selu Diallo,SUB,0,0.0,24,0.0,0.0,0.0,0.0,0.0,0.0,0.0,,0.0,0.0,0.0,0.0,0.0,0.0
401882881,2026-09-12,laliga,2026,14357,Alavés,Racing Santander,0,181757,Toni Martínez,SUB,0,1.0,11,0.0,2.0,0.0,0.0,1.0,0.0,0.0,,0.0,0.0,1.0,0.0,1.0,0.0
401882881,2026-09-12,laliga,2026,14357,Alavés,Racing Santander,0,415276,Xanet Oláiz,SUB,0,0.0,27,0.0,0.0,0.0,0.0,0.0,0.0,0.0,,0.0,0.0,0.0,0.0,0.0,0.0
401882881,2026-09-12,laliga,2026,14357,Alavés,Racing Santander,0,305608,Hugo Novoa,SUB,0,0.0,12,0.0,0.0,0.0,0.0,0.0,0.0,0.0,,0.0,0.0,0.0,0.0,0.0,0.0
401882881,2026-09-12,laliga,2026,14357,Alavés,Racing Santander,0,260256,Ander Guevara,SUB,0,0.0,6,0.0,0.0,0.0,0.0,0.0,0.0,0.0,,0.0,0.0,0.0,0.0,0.0,0.0
401882881,2026-09-12,laliga,2026,14357,Alavés,Racing Santander,0,150374,Adrián Rodríguez,SUB,0,0.0,13,0.0,0.0,0.0,0.0,,0.0,0.0,0.0,0.0,0.0,0.0,0.0,0.0,0.0
401882881,2026-09-12,laliga,2026,14357,Alavés,Racing Santander,0,233802,Carles Aleñá,SUB,0,1.0,10,0.0,0.0,0.0,0.0,0.0,0.0,0.0,,0.0,0.0,1.0,0.0,0.0,0.0
401882881,2026-09-12,laliga,2026,14357,Alavés,Racing Santander,0,382532,Youssef Lekhedim,SUB,0,0.0,3,0.0,0.0,0.0,0.0,0.0,0.0,0.0,,0.0,0.0,0.0,0.0,0.0,0.0
401882881,2026-09-12,laliga,2026,14357,Alavés,Racing Santander,0,318084,Nicolás Valentini,SUB,0,1.0,2,0.0,0.0,0.0,1.0,0.0,0.0,0.0,,0.0,0.0,1.0,0.0,0.0,0.0
401882881,2026-09-12,laliga,2026,14357,Alavés,Racing Santander,0,83494,Miguel Rodríguez,SUB,0,1.0,22,0.0,0.0,0.0,0.0,0.0,0.0,0.0,,0.0,0.0,1.0,0.0,0.0,0.0
401882881,2026-09-12,laliga,2026,14357,Alavés,Racing Santander,0,253754,Carlos Protesoni,SUB,0,1.0,23,2.0,1.0,0.0,1.0,0.0,0.0,0.0,,0.0,0.0,1.0,0.0,1.0,0.0
401882882,2026-09-12,laliga,2026,14357,Osasuna,Espanyol,1,191360,Sergio Herrera,G,1,1.0,1,0.0,0.0,0.0,2.0,,0.0,0.0,1.0,0.0,0.0,0.0,0.0,0.0,0.0
401882882,2026-09-12,laliga,2026,14357,Osasuna,Espanyol,1,264175,Alejandro Catena,CD-L,1,1.0,24,2.0,3.0,0.0,2.0,0.0,0.0,0.0,,0.0,0.0,0.0,0.0,0.0,0.0
401882882,2026-09-12,laliga,2026,14357,Osasuna,Espanyol,1,366598,Rockson Yeboah,CD-R,1,1.0,48,0.0,0.0,0.0,2.0,0.0,0.0,0.0,,0.0,0.0,0.0,0.0,0.0,0.0
401882882,2026-09-12,laliga,2026,14357,Osasuna,Espanyol,1,193943,Diego Rico,LB,1,1.0,15,0.0,3.0,0.0,2.0,0.0,0.0,0.0,,0.0,0.0,0.0,0.0,0.0,0.0
401882882,2026-09-12,laliga,2026,14357,Osasuna,Espanyol,1,380918,Iñigo Arguibide,RB,1,1.0,27,2.0,1.0,0.0,2.0,0.0,0.0,0.0,,0.0,0.0,0.0,0.0,0.0,0.0
401882882,2026-09-12,laliga,2026,14357,Osasuna,Espanyol,1,296163,Raúl García,AM,1,1.0,9,0.0,3.0,0.0,2.0,0.0,0.0,0.0,,0.0,0.0,0.0,0.0,2.0,0.0
401882882,2026-09-12,laliga,2026,14357,Osasuna,Espanyol,1,359154,Iker Muñoz,LM,1,1.0,8,0.0,3.0,0.0,2.0,0.0,0.0,0.0,,0.0,1.0,0.0,0.0,1.0,0.0
401882882,2026-09-12,laliga,2026,14357,Osasuna,Espanyol,1,286176,Jon Moncayola,RM,1,1.0,7,1.0,0.0,0.0,2.0,0.0,0.0,0.0,,0.0,0.0,0.0,0.0,0.0,1.0
401882882,2026-09-12,laliga,2026,14357,Osasuna,Espanyol,1,207288,Ante Budimir,F,1,1.0,17,2.0,2.0,0.0,2.0,0.0,0.0,0.0,,0.0,0.0,0.0,0.0,1.0,0.0
401882882,2026-09-12,laliga,2026,14357,Osasuna,Espanyol,1,209580,Enrique Barja,AM-L,1,1.0,11,1.0,2.0,0.0,2.0,0.0,0.0,0.0,,0.0,0.0,0.0,0.0,0.0,1.0
401882882,2026-09-12,laliga,2026,14357,Osasuna,Espanyol,1,178328,Rubén García,AM-R,1,1.0,14,0.0,2.0,0.0,2.0,0.0,0.0,0.0,,0.0,1.0,0.0,0.0,2.0,0.0
401882882,2026-09-12,laliga,2026,14357,Osasuna,Espanyol,1,3129002,Asier Bonel Aicua,SUB,0,0.0,30,0.0,0.0,0.0,0.0,0.0,0.0,0.0,,0.0,0.0,0.0,0.0,0.0,0.0
401882882,2026-09-12,laliga,2026,14357,Osasuna,Espanyol,1,381628,Asier Osambela,SUB,0,1.0,29,1.0,1.0,0.0,0.0,0.0,0.0,0.0,,0.0,0.0,1.0,0.0,0.0,0.0
401882882,2026-09-12,laliga,2026,14357,Osasuna,Espanyol,1,300284,Abel Bretones,SUB,0,1.0,23,1.0,1.0,0.0,0.0,0.0,0.0,0.0,,0.0,0.0,1.0,0.0,0.0,0.0
401882882,2026-09-12,laliga,2026,14357,Osasuna,Espanyol,1,403704,Rafa Fernández,SUB,0,0.0,31,0.0,0.0,0.0,0.0,,0.0,0.0,0.0,0.0,0.0,0.0,0.0,0.0,0.0
401882882,2026-09-12,laliga,2026,14357,Osasuna,Espanyol,1,311969,Jonathan Dubasin,SUB,0,1.0,21,0.0,0.0,0.0,0.0,0.0,0.0,0.0,,0.0,1.0,1.0,0.0,2.0,0.0
401882882,2026-09-12,laliga,2026,14357,Osasuna,Espanyol,1,230896,Romain Del Castillo,SUB,0,1.0,20,0.0,1.0,0.0,0.0,0.0,0.0,0.0,,0.0,0.0,1.0,0.0,0.0,0.0
401882882,2026-09-12,laliga,2026,14357,Osasuna,Espanyol,1,415867,Unai Santos,SUB,0,0.0,35,0.0,0.0,0.0,0.0,0.0,0.0,0.0,,0.0,0.0,0.0,0.0,0.0,0.0
401882882,2026-09-12,laliga,2026,14357,Osasuna,Espanyol,1,409475,Mauro Echegoyen,SUB,0,0.0,26,0.0,0.0,0.0,0.0,0.0,0.0,0.0,,0.0,0.0,0.0,0.0,0.0,0.0
401882882,2026-09-12,laliga,2026,14357,Osasuna,Espanyol,1,307905,Enzo Boyomo,SUB,0,0.0,22,0.0,0.0,0.0,0.0,0.0,0.0,0.0,,0.0,0.0,0.0,0.0,0.0,0.0
401882882,2026-09-12,laliga,2026,14357,Osasuna,Espanyol,1,170154,Lucas Torró,SUB,0,0.0,6,0.0,0.0,0.0,0.0,0.0,0.0,0.0,,0.0,0.0,0.0,0.0,0.0,0.0
401882882,2026-09-12,laliga,2026,14357,Osasuna,Espanyol,1,144759,Aitor Fernández,SUB,0,0.0,13,0.0,0.0,0.0,0.0,,0.0,0.0,0.0,0.0,0.0,0.0,0.0,0.0,0.0
401882882,2026-09-12,laliga,2026,14357,Osasuna,Espanyol,1,303906,Raúl Moro,SUB,0,1.0,18,0.0,0.0,0.0,0.0,0.0,0.0,0.0,,0.0,1.0,1.0,0.0,3.0,0.0
401882882,2026-09-12,laliga,2026,14357,Espanyol,Osasuna,0,179211,Marko Dmitrovic,G,1,1.0,13,0.0,1.0,0.0,0.0,,0.0,0.0,4.0,0.0,0.0,0.0,0.0,0.0,0.0
401882882,2026-09-12,laliga,2026,14357,Espanyol,Osasuna,0,133259,Leandro Cabrera,CD-L,1,1.0,6,1.0,0.0,0.0,0.0,0.0,0.0,0.0,,0.0,0.0,0.0,0.0,0.0,0.0
401882882,2026-09-12,laliga,2026,14357,Espanyol,Osasuna,0,323737,Clemens Riedel,CD-R,1,1.0,5,3.0,0.0,0.0,0.0,0.0,0.0,0.0,,0.0,0.0,0.0,0.0,0.0,1.0
401882882,2026-09-12,laliga,2026,14357,Espanyol,Osasuna,0,401377,Roger Hinojo,LB,1,1.0,21,1.0,1.0,0.0,0.0,0.0,0.0,0.0,,0.0,0.0,0.0,0.0,0.0,1.0
401882882,2026-09-12,laliga,2026,14357,Espanyol,Osasuna,0,310682,Omar El Hilali,RB,1,1.0,23,6.0,0.0,1.0,0.0,0.0,0.0,0.0,,0.0,0.0,0.0,0.0,0.0,1.0
401882882,2026-09-12,laliga,2026,14357,Espanyol,Osasuna,0,367946,Javi Hernandez,AM,1,1.0,28,0.0,0.0,0.0,0.0,0.0,0.0,0.0,,0.0,0.0,0.0,0.0,0.0,0.0
401882882,2026-09-12,laliga,2026,14357,Espanyol,Osasuna,0,307915,Urko Gonzalez,LM,1,1.0,4,2.0,1.0,0.0,0.0,0.0,0.0,0.0,,0.0,0.0,0.0,0.0,0.0,0.0
401882882,2026-09-12,laliga,2026,14357,Espanyol,Osasuna,0,255272,Edu Expósito,RM,1,1.0,8,1.0,1.0,0.0,0.0,0.0,0.0,0.0,,0.0,0.0,0.0,0.0,1.0,0.0
401882882,2026-09-12,laliga,2026,14357,Espanyol,Osasuna,0,318773,Roberto Fernández,F,1,1.0,9,3.0,1.0,0.0,0.0,0.0,0.0,0.0,,0.0,2.0,0.0,2.0,2.0,0.0
401882882,2026-09-12,laliga,2026,14357,Espanyol,Osasuna,0,306520,Tyrhys Dolan,AM-L,1,1.0,24,2.0,1.0,0.0,0.0,0.0,0.0,0.0,,0.0,0.0,0.0,0.0,0.0,0.0
401882882,2026-09-12,laliga,2026,14357,Espanyol,Osasuna,0,354621,Marcos Fernández,AM-R,1,1.0,18,3.0,1.0,1.0,0.0,0.0,0.0,0.0,,0.0,1.0,0.0,0.0,2.0,0.0
401882882,2026-09-12,laliga,2026,14357,Espanyol,Osasuna,0,260242,Pol Lozano,SUB,0,0.0,10,0.0,0.0,0.0,0.0,0.0,0.0,0.0,,0.0,0.0,0.0,0.0,0.0,0.0
401882882,2026-09-12,laliga,2026,14357,Espanyol,Osasuna,0,355902,Cala,SUB,0,1.0,22,1.0,0.0,0.0,0.0,0.0,0.0,0.0,,0.0,0.0,1.0,0.0,0.0,0.0
401882882,2026-09-12,laliga,2026,14357,Espanyol,Osasuna,0,307419,Ángel Fortuño,SUB,0,0.0,1,0.0,0.0,0.0,0.0,,0.0,0.0,0.0,0.0,0.0,0.0,0.0,0.0,0.0
401882882,2026-09-12,laliga,2026,14357,Espanyol,Osasuna,0,307270,Jofre Carreras,SUB,0,0.0,17,0.0,0.0,0.0,0.0,0.0,0.0,0.0,,0.0,0.0,0.0,0.0,0.0,0.0
401882882,2026-09-12,laliga,2026,14357,Espanyol,Osasuna,0,260902,Unai Núñez,SUB,0,0.0,14,0.0,0.0,0.0,0.0,0.0,0.0,0.0,,0.0,0.0,0.0,0.0,0.0,0.0
401882882,2026-09-12,laliga,2026,14357,Espanyol,Osasuna,0,311571,Bryan Zaragoza,SUB,0,1.0,15,0.0,1.0,0.0,0.0,0.0,0.0,0.0,,0.0,0.0,1.0,0.0,0.0,0.0
401882882,2026-09-12,laliga,2026,14357,Espanyol,Osasuna,0,397289,José Ángel López,SUB,0,0.0,32,0.0,0.0,0.0,0.0,0.0,0.0,0.0,,0.0,0.0,0.0,0.0,0.0,0.0
401882882,2026-09-12,laliga,2026,14357,Espanyol,Osasuna,0,346210,Quilindschy Hartman,SUB,0,0.0,3,0.0,0.0,0.0,0.0,0.0,0.0,0.0,,0.0,0.0,0.0,0.0,0.0,0.0
401882882,2026-09-12,laliga,2026,14357,Espanyol,Osasuna,0,196914,Pere Milla,SUB,0,1.0,11,0.0,1.0,0.0,0.0,0.0,0.0,0.0,,0.0,0.0,1.0,0.0,1.0,0.0
401882882,2026-09-12,laliga,2026,14357,Espanyol,Osasuna,0,383900,Rafael Bauza,SUB,0,0.0,26,0.0,0.0,0.0,0.0,0.0,0.0,0.0,,0.0,0.0,0.0,0.0,0.0,0.0
401882882,2026-09-12,laliga,2026,14357,Espanyol,Osasuna,0,361468,Gabriel Moscardo,SUB,0,1.0,20,1.0,0.0,0.0,0.0,0.0,0.0,0.0,,0.0,0.0,1.0,0.0,0.0,0.0
401882882,2026-09-12,laliga,2026,14357,Espanyol,Osasuna,0,277314,Vanja Drkusic,SUB,0,1.0,16,0.0,0.0,0.0,0.0,0.0,0.0,0.0,,0.0,0.0,1.0,0.0,0.0,0.0
401882886,2026-09-12,laliga,2026,14357,Athletic Club,Elche,1,222375,Unai Simón,G,1,1.0,1,0.0,0.0,0.0,1.0,,0.0,0.0,0.0,0.0,0.0,0.0,0.0,0.0,0.0
401882886,2026-09-12,laliga,2026,14357,Athletic Club,Elche,1,159317,Aymeric Laporte,CD-L,1,1.0,14,1.0,2.0,0.0,1.0,1.0,0.0,0.0,,0.0,0.0,0.0,0.0,0.0,0.0
401882886,2026-09-12,laliga,2026,14357,Athletic Club,Elche,1,217225,Yeray,CD-R,1,1.0,5,1.0,1.0,0.0,1.0,0.0,0.0,0.0,,0.0,0.0,0.0,0.0,0.0,0.0
401882886,2026-09-12,laliga,2026,14357,Athletic Club,Elche,1,133768,Yuri Berchiche,LB,1,1.0,17,1.0,0.0,0.0,1.0,0.0,0.0,0.0,,0.0,0.0,0.0,0.0,4.0,1.0
401882886,2026-09-12,laliga,2026,14357,Athletic Club,Elche,1,300876,Jesús Areso,RB,1,1.0,12,1.0,0.0,0.0,1.0,0.0,0.0,0.0,,0.0,0.0,0.0,0.0,0.0,0.0
401882886,2026-09-12,laliga,2026,14357,Athletic Club,Elche,1,291616,Oihan Sancet,AM,1,1.0,8,0.0,2.0,0.0,1.0,1.0,0.0,0.0,,0.0,0.0,0.0,0.0,4.0,0.0
401882886,2026-09-12,laliga,2026,14357,Athletic Club,Elche,1,388803,Beñat Gerenabarrena,LM,1,1.0,24,4.0,1.0,0.0,1.0,0.0,0.0,0.0,,0.0,0.0,0.0,0.0,0.0,1.0
401882886,2026-09-12,laliga,2026,14357,Athletic Club,Elche,1,157708,Iñigo Ruiz de Galarreta,RM,1,1.0,16,0.0,2.0,0.0,1.0,0.0,0.0,0.0,,0.0,0.0,0.0,0.0,1.0,0.0
401882886,2026-09-12,laliga,2026,14357,Athletic Club,Elche,1,214412,Iñaki Williams,F,1,1.0,9,1.0,1.0,0.0,1.0,0.0,0.0,0.0,,0.0,1.0,0.0,1.0,4.0,0.0
401882886,2026-09-12,laliga,2026,14357,Athletic Club,Elche,1,312146,Nico Williams,AM-L,1,1.0,10,1.0,0.0,0.0,1.0,0.0,0.0,0.0,,0.0,1.0,0.0,0.0,3.0,0.0
401882886,2026-09-12,laliga,2026,14357,Athletic Club,Elche,1,276996,Robert Navarro,AM-R,1,1.0,23,0.0,0.0,0.0,1.0,0.0,0.0,0.0,,0.0,0.0,0.0,0.0,1.0,0.0
401882886,2026-09-12,laliga,2026,14357,Athletic Club,Elche,1,393762,Maroan Sannadi,SUB,0,1.0,21,0.0,0.0,0.0,0.0,2.0,0.0,0.0,,0.0,1.0,1.0,0.0,2.0,0.0
401882886,2026-09-12,laliga,2026,14357,Athletic Club,Elche,1,377792,Mikel Jauregizar,SUB,0,1.0,18,0.0,2.0,0.0,0.0,0.0,0.0,0.0,,0.0,0.0,1.0,0.0,0.0,0.0
401882886,2026-09-12,laliga,2026,14357,Athletic Club,Elche,1,411235,Iker Monreal,SUB,0,0.0,30,0.0,0.0,0.0,0.0,0.0,0.0,0.0,,0.0,0.0,0.0,0.0,0.0,0.0
401882886,2026-09-12,laliga,2026,14357,Athletic Club,Elche,1,347411,Álex Padilla,SUB,0,0.0,13,0.0,0.0,0.0,0.0,,0.0,0.0,0.0,0.0,0.0,0.0,0.0,0.0,0.0
401882886,2026-09-12,laliga,2026,14357,Athletic Club,Elche,1,347033,Álvaro Djaló,SUB,0,0.0,25,0.0,0.0,0.0,0.0,0.0,0.0,0.0,,0.0,0.0,0.0,0.0,0.0,0.0
401882886,2026-09-12,laliga,2026,14357,Athletic Club,Elche,1,403371,Alejandro Rego,SUB,0,0.0,20,0.0,0.0,0.0,0.0,0.0,0.0,0.0,,0.0,0.0,0.0,0.0,0.0,0.0
401882886,2026-09-12,laliga,2026,14357,Athletic Club,Elche,1,362572,Hugo Rincón,SUB,0,0.0,15,0.0,0.0,0.0,0.0,0.0,0.0,0.0,,0.0,0.0,0.0,0.0,0.0,0.0
401882886,2026-09-12,laliga,2026,14357,Athletic Club,Elche,1,333214,Johaneko Louis Jean,SUB,0,1.0,31,0.0,0.0,0.0,0.0,0.0,0.0,0.0,,0.0,0.0,1.0,0.0,0.0,0.0
401882886,2026-09-12,laliga,2026,14357,Athletic Club,Elche,1,323971,Nico Serrano,SUB,0,0.0,22,0.0,0.0,0.0,0.0,0.0,0.0,0.0,,0.0,0.0,0.0,0.0,0.0,0.0
401882886,2026-09-12,laliga,2026,14357,Athletic Club,Elche,1,318785,Beñat Prados,SUB,0,0.0,6,0.0,0.0,0.0,0.0,0.0,0.0,0.0,,0.0,0.0,0.0,0.0,0.0,0.0
401882886,2026-09-12,laliga,2026,14357,Athletic Club,Elche,1,308254,Aitor Paredes,SUB,0,0.0,4,0.0,0.0,0.0,0.0,0.0,0.0,0.0,,0.0,0.0,0.0,0.0,0.0,0.0
401882886,2026-09-12,laliga,2026,14357,Athletic Club,Elche,1,209579,Álex Berenguer,SUB,0,1.0,7,1.0,1.0,1.0,0.0,0.0,0.0,0.0,,0.0,0.0,1.0,0.0,0.0,1.0
401882886,2026-09-12,laliga,2026,14357,Elche,Athletic Club,0,173749,Matías Dituro,G,1,1.0,1,0.0,0.0,0.0,1.0,,0.0,0.0,2.0,0.0,0.0,0.0,0.0,0.0,0.0
401882886,2026-09-12,laliga,2026,14357,Elche,Athletic Club,0,265995,Víctor Chust,CD-L,1,1.0,23,1.0,0.0,0.0,1.0,0.0,0.0,0.0,,0.0,0.0,0.0,0.0,1.0,0.0
401882886,2026-09-12,laliga,2026,14357,Elche,Athletic Club,0,318181,Federico Redondo,CD-R,1,1.0,5,1.0,2.0,0.0,1.0,0.0,0.0,0.0,,0.0,0.0,0.0,0.0,0.0,1.0
401882886,2026-09-12,laliga,2026,14357,Elche,Athletic Club,0,323286,Roy Revivo,LB,1,1.0,3,0.0,2.0,0.0,1.0,0.0,0.0,0.0,,0.0,0.0,0.0,0.0,0.0,0.0
401882886,2026-09-12,laliga,2026,14357,Elche,Athletic Club,0,371608,Buba Sangaré,RB,1,1.0,2,0.0,0.0,0.0,1.0,0.0,0.0,0.0,,0.0,0.0,0.0,0.0,0.0,0.0
401882886,2026-09-12,laliga,2026,14357,Elche,Athletic Club,0,273424,Gonzalo Villar,CM-L,1,1.0,12,1.0,2.0,0.0,1.0,0.0,0.0,0.0,,0.0,0.0,0.0,0.0,0.0,0.0
401882886,2026-09-12,laliga,2026,14357,Elche,Athletic Club,0,421310,Javier Morcillo,CM-R,1,1.0,47,1.0,0.0,0.0,1.0,0.0,0.0,0.0,,0.0,0.0,0.0,0.0,0.0,0.0
401882886,2026-09-12,laliga,2026,14357,Elche,Athletic Club,0,259916,José Antonio Morente,LM,1,1.0,20,0.0,1.0,0.0,0.0,0.0,0.0,0.0,,0.0,0.0,0.0,0.0,0.0,0.0
401882886,2026-09-12,laliga,2026,14357,Elche,Athletic Club,0,297358,Germán Valera,RM,1,1.0,11,0.0,2.0,0.0,1.0,0.0,0.0,0.0,,0.0,0.0,0.0,0.0,0.0,0.0
401882886,2026-09-12,laliga,2026,14357,Elche,Athletic Club,0,301684,Fer Niño,F,1,1.0,14,2.0,0.0,0.0,0.0,0.0,0.0,0.0,,0.0,0.0,0.0,0.0,0.0,0.0
401882886,2026-09-12,laliga,2026,14357,Elche,Athletic Club,0,318284,Facundo Buonanotte,RCF,1,1.0,10,1.0,0.0,0.0,0.0,0.0,0.0,0.0,,0.0,1.0,0.0,1.0,1.0,0.0
401882886,2026-09-12,laliga,2026,14357,Elche,Athletic Club,0,242739,Grady Diangana,SUB,0,0.0,19,0.0,0.0,0.0,0.0,0.0,0.0,0.0,,0.0,0.0,0.0,0.0,0.0,0.0
401882886,2026-09-12,laliga,2026,14357,Elche,Athletic Club,0,330433,Alejandro Iturbe,SUB,0,0.0,13,0.0,0.0,0.0,0.0,,0.0,0.0,0.0,0.0,0.0,0.0,0.0,0.0,0.0
401882886,2026-09-12,laliga,2026,14357,Elche,Athletic Club,0,340677,Martim Neto,SUB,0,1.0,16,0.0,0.0,0.0,0.0,0.0,0.0,0.0,,0.0,0.0,1.0,0.0,0.0,0.0
401882886,2026-09-12,laliga,2026,14357,Elche,Athletic Club,0,190291,Thomas Lemar,SUB,0,1.0,18,2.0,0.0,0.0,1.0,0.0,0.0,0.0,,0.0,0.0,1.0,0.0,0.0,0.0
401882886,2026-09-12,laliga,2026,14357,Elche,Athletic Club,0,167297,Pedro Bigas,SUB,0,0.0,6,0.0,0.0,0.0,0.0,0.0,0.0,0.0,,0.0,0.0,0.0,0.0,0.0,0.0
401882886,2026-09-12,laliga,2026,14357,Elche,Athletic Club,0,389448,Matia Barzic,SUB,0,0.0,26,0.0,0.0,0.0,0.0,0.0,0.0,0.0,,0.0,0.0,0.0,0.0,0.0,0.0
401882886,2026-09-12,laliga,2026,14357,Elche,Athletic Club,0,194553,Ezequiel Ponce,SUB,0,0.0,9,0.0,0.0,0.0,0.0,0.0,0.0,0.0,,0.0,0.0,0.0,0.0,0.0,0.0
401882886,2026-09-12,laliga,2026,14357,Elche,Athletic Club,0,336840,Abiel Osorio,SUB,0,1.0,24,2.0,2.0,0.0,1.0,1.0,0.0,0.0,,0.0,0.0,1.0,0.0,0.0,1.0
401882886,2026-09-12,laliga,2026,14357,Elche,Athletic Club,0,320648,Lucas Cepeda,SUB,0,1.0,21,0.0,0.0,0.0,0.0,1.0,0.0,0.0,,0.0,0.0,1.0,0.0,0.0,0.0
401882886,2026-09-12,laliga,2026,14357,Elche,Athletic Club,0,301406,Marc Aguado,SUB,0,0.0,8,0.0,0.0,0.0,0.0,0.0,0.0,0.0,,0.0,0.0,0.0,0.0,0.0,0.0
401882886,2026-09-12,laliga,2026,14357,Elche,Athletic Club,0,214330,Josan,SUB,0,0.0,17,0.0,0.0,0.0,0.0,0.0,0.0,0.0,,0.0,0.0,0.0,0.0,0.0,0.0
401882886,2026-09-12,laliga,2026,14357,Elche,Athletic Club,0,319781,Rubén Sánchez,SUB,0,1.0,22,1.0,0.0,0.0,1.0,0.0,0.0,0.0,,0.0,0.0,1.0,0.0,1.0,1.0
401882879,2026-09-13,laliga,2026,14357,Real Sociedad,Atlético Madrid,1,217319,Álex Remiro,G,1,1.0,1,0.0,0.0,0.0,3.0,,0.0,0.0,2.0,0.0,0.0,0.0,0.0,0.0,0.0
401882879,2026-09-13,laliga,2026,14357,Real Sociedad,Atlético Madrid,1,355433,Mamadou Sarr,CD-L,1,1.0,19,1.0,1.0,0.0,3.0,0.0,0.0,0.0,,0.0,0.0,0.0,0.0,0.0,0.0
401882879,2026-09-13,laliga,2026,14357,Real Sociedad,Atlético Madrid,1,396607,Luken Beitia,CD-R,1,1.0,34,1.0,0.0,0.0,3.0,0.0,0.0,0.0,,0.0,0.0,0.0,0.0,0.0,0.0
401882879,2026-09-13,laliga,2026,14357,Real Sociedad,Atlético Madrid,1,265993,Sergio Gómez,LB,1,1.0,17,0.0,0.0,0.0,3.0,0.0,0.0,0.0,,0.0,1.0,0.0,0.0,1.0,0.0
401882879,2026-09-13,laliga,2026,14357,Real Sociedad,Atlético Madrid,1,318063,Jon Aramburu,RB,1,1.0,2,2.0,2.0,0.0,3.0,0.0,0.0,0.0,,0.0,0.0,0.0,0.0,0.0,0.0
401882879,2026-09-13,laliga,2026,14357,Real Sociedad,Atlético Madrid,1,306263,Luka Sucic,AM,1,1.0,24,0.0,0.0,0.0,3.0,0.0,0.0,0.0,,0.0,1.0,0.0,0.0,2.0,0.0
401882879,2026-09-13,laliga,2026,14357,Real Sociedad,Atlético Madrid,1,235072,Carlos Soler,LM,1,1.0,18,1.0,0.0,0.0,0.0,0.0,0.0,0.0,,0.0,1.0,0.0,0.0,1.0,0.0
401882879,2026-09-13,laliga,2026,14357,Real Sociedad,Atlético Madrid,1,236185,Yangel Herrera,RM,1,1.0,21,2.0,2.0,0.0,1.0,0.0,0.0,0.0,,0.0,0.0,0.0,0.0,0.0,1.0
401882879,2026-09-13,laliga,2026,14357,Real Sociedad,Atlético Madrid,1,229018,Mikel Oyarzabal,F,1,1.0,10,2.0,1.0,0.0,0.0,0.0,0.0,0.0,,0.0,0.0,0.0,0.0,1.0,1.0
401882879,2026-09-13,laliga,2026,14357,Real Sociedad,Atlético Madrid,1,213141,Gonçalo Guedes,AM-L,1,1.0,11,1.0,1.0,0.0,0.0,1.0,0.0,0.0,,0.0,0.0,0.0,0.0,1.0,0.0
401882879,2026-09-13,laliga,2026,14357,Real Sociedad,Atlético Madrid,1,283941,Ander Barrenetxea,AM-R,1,1.0,7,0.0,1.0,0.0,0.0,0.0,0.0,0.0,,0.0,0.0,0.0,0.0,2.0,0.0
401882879,2026-09-13,laliga,2026,14357,Real Sociedad,Atlético Madrid,1,256587,Takefusa Kubo,SUB,0,1.0,14,0.0,0.0,0.0,3.0,0.0,0.0,0.0,,0.0,0.0,1.0,0.0,0.0,0.0
401882879,2026-09-13,laliga,2026,14357,Real Sociedad,Atlético Madrid,1,406379,Job Ochieng,SUB,0,1.0,12,3.0,0.0,0.0,3.0,0.0,0.0,0.0,,0.0,0.0,1.0,0.0,0.0,0.0
401882879,2026-09-13,laliga,2026,14357,Real Sociedad,Atlético Madrid,1,406383,Gorka Carrera,SUB,0,0.0,27,0.0,0.0,0.0,0.0,0.0,0.0,0.0,,0.0,0.0,0.0,0.0,0.0,0.0
401882879,2026-09-13,laliga,2026,14357,Real Sociedad,Atlético Madrid,1,297371,Beñat Turrientes,SUB,0,0.0,8,0.0,0.0,0.0,0.0,0.0,0.0,0.0,,0.0,0.0,0.0,0.0,0.0,0.0
401882879,2026-09-13,laliga,2026,14357,Real Sociedad,Atlético Madrid,1,396613,Alex Marchal,SUB,0,0.0,29,0.0,0.0,0.0,0.0,0.0,0.0,0.0,,0.0,0.0,0.0,0.0,0.0,0.0
401882879,2026-09-13,laliga,2026,14357,Real Sociedad,Atlético Madrid,1,388601,Jon Gorrotxategi,SUB,0,1.0,4,0.0,0.0,0.0,3.0,0.0,0.0,0.0,,0.0,0.0,1.0,0.0,0.0,0.0
401882879,2026-09-13,laliga,2026,14357,Real Sociedad,Atlético Madrid,1,363039,Héctor Fort,SUB,0,0.0,22,0.0,0.0,0.0,0.0,0.0,0.0,0.0,,0.0,0.0,0.0,0.0,0.0,0.0
401882879,2026-09-13,laliga,2026,14357,Real Sociedad,Atlético Madrid,1,341367,Orri Óskarsson,SUB,0,1.0,9,0.0,0.0,0.0,3.0,0.0,0.0,0.0,,0.0,0.0,1.0,0.0,0.0,0.0
401882879,2026-09-13,laliga,2026,14357,Real Sociedad,Atlético Madrid,1,312011,Unai Marrero,SUB,0,0.0,13,0.0,0.0,0.0,0.0,,0.0,0.0,0.0,0.0,0.0,0.0,0.0,0.0,0.0
401882879,2026-09-13,laliga,2026,14357,Real Sociedad,Atlético Madrid,1,297359,Jon Pacheco,SUB,0,0.0,16,0.0,0.0,0.0,0.0,0.0,0.0,0.0,,0.0,0.0,0.0,0.0,0.0,0.0
401882879,2026-09-13,laliga,2026,14357,Real Sociedad,Atlético Madrid,1,307487,Arsen Zakharyan,SUB,0,1.0,23,0.0,0.0,0.0,2.0,0.0,0.0,0.0,,0.0,0.0,1.0,0.0,0.0,0.0
401882879,2026-09-13,laliga,2026,14357,Real Sociedad,Atlético Madrid,1,283891,Aihen Muñoz,SUB,0,0.0,3,0.0,0.0,0.0,0.0,0.0,0.0,0.0,,0.0,0.0,0.0,0.0,0.0,0.0
401882879,2026-09-13,laliga,2026,14357,Atlético Madrid,Real Sociedad,0,149622,Jan Oblak,G,1,1.0,13,0.0,0.0,0.0,0.0,,0.0,0.0,3.0,0.0,0.0,0.0,0.0,0.0,0.0
401882879,2026-09-13,laliga,2026,14357,Atlético Madrid,Real Sociedad,0,96970,Cristian Romero,CD,1,1.0,21,0.0,2.0,0.0,0.0,0.0,0.0,0.0,,0.0,0.0,0.0,0.0,0.0,0.0
401882879,2026-09-13,laliga,2026,14357,Atlético Madrid,Real Sociedad,0,257786,Dávid Hancko,CD-L,1,1.0,17,0.0,0.0,1.0,0.0,0.0,0.0,0.0,,0.0,0.0,0.0,0.0,1.0,0.0
401882879,2026-09-13,laliga,2026,14357,Atlético Madrid,Real Sociedad,0,332613,Marc Pubill,CD-R,1,1.0,18,0.0,2.0,0.0,0.0,0.0,0.0,0.0,,0.0,0.0,0.0,0.0,0.0,0.0
401882879,2026-09-13,laliga,2026,14357,Atlético Madrid,Real Sociedad,0,274911,Morten Hjulmand,CM-L,1,1.0,23,1.0,3.0,0.0,0.0,0.0,0.0,0.0,,0.0,0.0,0.0,0.0,2.0,0.0
401882879,2026-09-13,laliga,2026,14357,Atlético Madrid,Real Sociedad,0,206474,Marcos Llorente,CM-R,1,1.0,14,1.0,0.0,0.0,0.0,0.0,0.0,0.0,,0.0,0.0,0.0,0.0,0.0,0.0
401882879,2026-09-13,laliga,2026,14357,Atlético Madrid,Real Sociedad,0,166396,Alejandro Grimaldo,LM,1,1.0,22,1.0,0.0,1.0,0.0,0.0,0.0,0.0,,0.0,2.0,0.0,1.0,2.0,0.0
401882879,2026-09-13,laliga,2026,14357,Atlético Madrid,Real Sociedad,0,323838,Giuliano Simeone,RM,1,1.0,20,0.0,1.0,0.0,0.0,0.0,0.0,0.0,,0.0,1.0,0.0,1.0,2.0,0.0
401882879,2026-09-13,laliga,2026,14357,Atlético Madrid,Real Sociedad,0,229645,Ademola Lookman,F,1,1.0,11,1.0,1.0,0.0,0.0,1.0,0.0,0.0,,0.0,0.0,0.0,0.0,0.0,0.0
401882879,2026-09-13,laliga,2026,14357,Atlético Madrid,Real Sociedad,0,297373,Álex Baena,CF-L,1,1.0,10,3.0,1.0,0.0,0.0,0.0,0.0,0.0,,0.0,0.0,0.0,0.0,2.0,0.0
401882879,2026-09-13,laliga,2026,14357,Atlético Madrid,Real Sociedad,0,274197,Lee Kang-In,CF-R,1,1.0,7,0.0,1.0,0.0,0.0,0.0,0.0,0.0,,0.0,0.0,0.0,0.0,1.0,0.0
401882879,2026-09-13,laliga,2026,14357,Atlético Madrid,Real Sociedad,0,290802,Johnny Cardoso,SUB,0,1.0,5,2.0,0.0,0.0,0.0,0.0,0.0,0.0,,0.0,0.0,1.0,0.0,1.0,1.0
401882879,2026-09-13,laliga,2026,14357,Atlético Madrid,Real Sociedad,0,74630,Rodrigo Mendoza,SUB,0,0.0,4,0.0,0.0,0.0,0.0,0.0,0.0,0.0,,0.0,0.0,0.0,0.0,0.0,0.0
401882879,2026-09-13,laliga,2026,14357,Atlético Madrid,Real Sociedad,0,328289,Arnau Ortiz,SUB,0,1.0,16,0.0,1.0,0.0,0.0,0.0,0.0,0.0,,0.0,0.0,1.0,0.0,0.0,0.0
401882879,2026-09-13,laliga,2026,14357,Atlético Madrid,Real Sociedad,0,273499,Jonathan David,SUB,0,1.0,15,0.0,0.0,0.0,0.0,0.0,0.0,0.0,,0.0,2.0,1.0,1.0,2.0,0.0
401882879,2026-09-13,laliga,2026,14357,Atlético Madrid,Real Sociedad,0,177927,Juan Musso,SUB,0,0.0,1,0.0,0.0,0.0,0.0,,0.0,0.0,0.0,0.0,0.0,0.0,0.0,0.0,0.0
401882879,2026-09-13,laliga,2026,14357,Atlético Madrid,Real Sociedad,0,318554,Obed Vargas,SUB,0,0.0,3,0.0,0.0,0.0,0.0,0.0,0.0,0.0,,0.0,0.0,0.0,0.0,0.0,0.0
401882879,2026-09-13,laliga,2026,14357,Atlético Madrid,Real Sociedad,0,140791,Koke,SUB,0,1.0,6,0.0,0.0,0.0,0.0,0.0,0.0,0.0,,0.0,0.0,1.0,0.0,0.0,0.0
401882879,2026-09-13,laliga,2026,14357,Atlético Madrid,Real Sociedad,0,405502,Salvi Esquivel,SUB,0,0.0,25,0.0,0.0,0.0,0.0,,0.0,0.0,0.0,0.0,0.0,0.0,0.0,0.0,0.0
401882879,2026-09-13,laliga,2026,14357,Atlético Madrid,Real Sociedad,0,395579,Javier Gil,SUB,0,0.0,45,0.0,0.0,0.0,0.0,0.0,0.0,0.0,,0.0,0.0,0.0,0.0,0.0,0.0
401882879,2026-09-13,laliga,2026,14357,Atlético Madrid,Real Sociedad,0,354378,Jorge Domínguez,SUB,0,0.0,27,0.0,0.0,0.0,0.0,0.0,0.0,0.0,,0.0,0.0,0.0,0.0,0.0,0.0
401882879,2026-09-13,laliga,2026,14357,Atlético Madrid,Real Sociedad,0,368593,Daniel Martinez,SUB,0,0.0,30,0.0,0.0,0.0,0.0,0.0,0.0,0.0,,0.0,0.0,0.0,0.0,0.0,0.0
401882879,2026-09-13,laliga,2026,14357,Atlético Madrid,Real Sociedad,0,214888,Robin Le Normand,SUB,0,0.0,24,0.0,0.0,0.0,0.0,0.0,0.0,0.0,,0.0,0.0,0.0,0.0,0.0,0.0
401882883,2026-09-13,laliga,2026,14357,Levante,Barcelona,1,141438,Mathew Ryan,G,1,1.0,13,0.0,0.0,0.0,4.0,,0.0,0.0,2.0,0.0,0.0,0.0,0.0,0.0,0.0
401882883,2026-09-13,laliga,2026,14357,Levante,Barcelona,1,150451,Aïssa Mandi,CD-L,1,1.0,2,1.0,0.0,0.0,4.0,1.0,0.0,0.0,,0.0,0.0,0.0,0.0,0.0,0.0
401882883,2026-09-13,laliga,2026,14357,Levante,Barcelona,1,276841,Adrián de la Fuente,CD-R,1,1.0,4,1.0,1.0,0.0,3.0,0.0,0.0,0.0,,0.0,1.0,0.0,0.0,1.0,0.0
401882883,2026-09-13,laliga,2026,14357,Levante,Barcelona,1,300985,Manu Sánchez,LB,1,1.0,23,0.0,1.0,0.0,3.0,0.0,0.0,0.0,,0.0,0.0,0.0,0.0,0.0,0.0
401882883,2026-09-13,laliga,2026,14357,Levante,Barcelona,1,186024,Jeremy Toljan,RB,1,1.0,22,0.0,0.0,0.0,4.0,2.0,0.0,0.0,,0.0,0.0,0.0,0.0,0.0,0.0
401882883,2026-09-13,laliga,2026,14357,Levante,Barcelona,1,317784,Jon Ander Olasagasti,CM-L,1,1.0,8,1.0,0.0,0.0,3.0,0.0,0.0,0.0,,0.0,0.0,0.0,0.0,1.0,0.0
401882883,2026-09-13,laliga,2026,14357,Levante,Barcelona,1,319114,Hugo Sotelo,CM-R,1,1.0,5,1.0,0.0,0.0,3.0,0.0,0.0,0.0,,0.0,0.0,0.0,0.0,0.0,1.0
401882883,2026-09-13,laliga,2026,14357,Levante,Barcelona,1,267591,Roger Brugué,LM,1,1.0,7,1.0,1.0,0.0,4.0,0.0,0.0,0.0,,0.0,3.0,0.0,1.0,4.0,0.0
401882883,2026-09-13,laliga,2026,14357,Levante,Barcelona,1,203680,Víctor García,RM,1,1.0,17,1.0,3.0,0.0,4.0,0.0,0.0,0.0,,0.0,0.0,0.0,0.0,1.0,0.0
401882883,2026-09-13,laliga,2026,14357,Levante,Barcelona,1,342136,Petar Ratkov,CF-L,1,1.0,10,0.0,1.0,0.0,3.0,0.0,0.0,0.0,,0.0,0.0,0.0,0.0,1.0,0.0
401882883,2026-09-13,laliga,2026,14357,Levante,Barcelona,1,362752,Dani Requena,CF-R,1,1.0,6,5.0,1.0,0.0,4.0,0.0,0.0,0.0,,0.0,0.0,0.0,0.0,1.0,0.0
401882883,2026-09-13,laliga,2026,14357,Levante,Barcelona,1,3129043,Marc Santos Gavilán,SUB,0,0.0,33,0.0,0.0,0.0,0.0,0.0,0.0,0.0,,0.0,0.0,0.0,0.0,0.0,0.0
401882883,2026-09-13,laliga,2026,14357,Levante,Barcelona,1,339195,Thiago Fernández,SUB,0,0.0,24,0.0,0.0,0.0,0.0,0.0,0.0,0.0,,0.0,0.0,0.0,0.0,0.0,0.0
401882883,2026-09-13,laliga,2026,14357,Levante,Barcelona,1,311054,Iván Romero,SUB,0,1.0,9,0.0,1.0,0.0,1.0,1.0,0.0,0.0,,0.0,3.0,1.0,1.0,4.0,0.0
401882883,2026-09-13,laliga,2026,14357,Levante,Barcelona,1,269339,Orio Rey,SUB,0,1.0,20,0.0,0.0,0.0,1.0,0.0,0.0,0.0,,0.0,0.0,1.0,0.0,0.0,0.0
401882883,2026-09-13,laliga,2026,14357,Levante,Barcelona,1,3102194,Yanis Kasonga Musuayi,SUB,0,0.0,11,0.0,0.0,0.0,0.0,0.0,0.0,0.0,,0.0,0.0,0.0,0.0,0.0,0.0
401882883,2026-09-13,laliga,2026,14357,Levante,Barcelona,1,316040,Pablo Cuñat,SUB,0,0.0,1,0.0,0.0,0.0,0.0,,0.0,0.0,0.0,0.0,0.0,0.0,0.0,0.0,0.0
401882883,2026-09-13,laliga,2026,14357,Levante,Barcelona,1,334794,Enzo Bardeli,SUB,0,1.0,18,0.0,1.0,0.0,1.0,0.0,0.0,0.0,,0.0,0.0,1.0,0.0,0.0,0.0
401882883,2026-09-13,laliga,2026,14357,Levante,Barcelona,1,381071,Jorge Cabello,SUB,0,0.0,14,0.0,0.0,0.0,0.0,0.0,0.0,0.0,,0.0,0.0,0.0,0.0,0.0,0.0
401882883,2026-09-13,laliga,2026,14357,Levante,Barcelona,1,407397,Ifeanyi Ndukwe,SUB,0,1.0,3,0.0,0.0,0.0,1.0,0.0,0.0,0.0,,0.0,0.0,1.0,0.0,0.0,0.0
401882883,2026-09-13,laliga,2026,14357,Levante,Barcelona,1,409383,Nacho Pérez,SUB,0,1.0,29,0.0,0.0,0.0,1.0,0.0,0.0,0.0,,0.0,0.0,1.0,0.0,0.0,0.0
401882883,2026-09-13,laliga,2026,14357,Levante,Barcelona,1,396655,Axel Tape,SUB,0,0.0,16,0.0,0.0,0.0,0.0,0.0,0.0,0.0,,0.0,0.0,0.0,0.0,0.0,0.0
401882883,2026-09-13,laliga,2026,14357,Levante,Barcelona,1,384985,Paco Cortés,SUB,0,0.0,27,0.0,0.0,0.0,0.0,0.0,0.0,0.0,,0.0,0.0,0.0,0.0,0.0,0.0
401882883,2026-09-13,laliga,2026,14357,Barcelona,Levante,0,297362,Joan García,G,1,1.0,1,0.0,1.0,0.0,2.0,,0.0,0.0,4.0,0.0,0.0,0.0,0.0,0.0,0.0
401882883,2026-09-13,laliga,2026,14357,Barcelona,Levante,0,312015,Gerard Martín,CD-L,1,1.0,18,2.0,1.0,0.0,0.0,0.0,0.0,0.0,,0.0,0.0,0.0,0.0,0.0,1.0
401882883,2026-09-13,laliga,2026,14357,Barcelona,Levante,0,368992,Pau Cubarsí,CD-R,1,1.0,5,1.0,0.0,0.0,2.0,0.0,0.0,0.0,,0.0,0.0,0.0,0.0,0.0,0.0
401882883,2026-09-13,laliga,2026,14357,Barcelona,Levante,0,403582,Xavi Espart,LB,1,1.0,12,3.0,2.0,0.0,1.0,0.0,0.0,0.0,,0.0,1.0,0.0,1.0,1.0,0.0
401882883,2026-09-13,laliga,2026,14357,Barcelona,Levante,0,128714,Eric García,RB,1,1.0,24,1.0,0.0,0.0,2.0,0.0,0.0,0.0,,0.0,0.0,0.0,0.0,1.0,0.0
401882883,2026-09-13,laliga,2026,14357,Barcelona,Levante,0,231828,Rodri,CM,1,1.0,16,0.0,2.0,0.0,2.0,0.0,0.0,0.0,,0.0,0.0,0.0,0.0,0.0,0.0
401882883,2026-09-13,laliga,2026,14357,Barcelona,Levante,0,250465,Pedri,LM,1,1.0,8,1.0,2.0,0.0,0.0,0.0,0.0,0.0,,0.0,0.0,0.0,0.0,0.0,0.0
401882883,2026-09-13,laliga,2026,14357,Barcelona,Levante,0,354334,Fermín López,RM,1,1.0,7,1.0,2.0,0.0,2.0,0.0,0.0,0.0,,0.0,0.0,0.0,0.0,1.0,0.0
401882883,2026-09-13,laliga,2026,14357,Barcelona,Levante,0,231050,Raphinha,F,1,1.0,11,0.0,0.0,2.0,2.0,1.0,0.0,0.0,,0.0,1.0,0.0,0.0,2.0,0.0
401882883,2026-09-13,laliga,2026,14357,Barcelona,Levante,0,268782,Anthony Gordon,LF,1,1.0,17,0.0,0.0,0.0,0.0,0.0,0.0,0.0,,0.0,0.0,0.0,0.0,0.0,0.0
401882883,2026-09-13,laliga,2026,14357,Barcelona,Levante,0,362150,Lamine Yamal,RF,1,1.0,10,2.0,1.0,0.0,0.0,1.0,0.0,0.0,,0.0,2.0,0.0,2.0,3.0,0.0
401882883,2026-09-13,laliga,2026,14357,Barcelona,Levante,0,176399,João Cancelo,SUB,0,1.0,2,0.0,0.0,0.0,1.0,0.0,0.0,0.0,,0.0,0.0,1.0,0.0,0.0,0.0
401882883,2026-09-13,laliga,2026,14357,Barcelona,Levante,0,231692,Jules Koundé,SUB,0,0.0,23,0.0,0.0,0.0,0.0,0.0,0.0,0.0,,0.0,0.0,0.0,0.0,0.0,0.0
401882883,2026-09-13,laliga,2026,14357,Barcelona,Levante,0,131634,Wojciech Szczesny,SUB,0,0.0,13,0.0,0.0,0.0,0.0,,0.0,0.0,0.0,0.0,0.0,0.0,0.0,0.0,0.0
401882883,2026-09-13,laliga,2026,14357,Barcelona,Levante,0,187946,Dominik Livakovic,SUB,0,0.0,25,0.0,0.0,0.0,0.0,,0.0,0.0,0.0,0.0,0.0,0.0,0.0,0.0,0.0
401882883,2026-09-13,laliga,2026,14357,Barcelona,Levante,0,227765,Dani Olmo,SUB,0,1.0,20,0.0,0.0,0.0,2.0,0.0,0.0,0.0,,0.0,0.0,1.0,0.0,0.0,0.0
401882883,2026-09-13,laliga,2026,14357,Barcelona,Levante,0,376423,Marc Bernal,SUB,0,1.0,22,0.0,0.0,1.0,2.0,0.0,0.0,0.0,,0.0,0.0,1.0,0.0,0.0,0.0
401882883,2026-09-13,laliga,2026,14357,Barcelona,Levante,0,323703,Alejandro Balde,SUB,0,0.0,3,0.0,0.0,0.0,0.0,0.0,0.0,0.0,,0.0,0.0,0.0,0.0,0.0,0.0
401882883,2026-09-13,laliga,2026,14357,Barcelona,Levante,0,274913,Karim Adeyemi,SUB,0,1.0,14,0.0,0.0,0.0,2.0,0.0,0.0,0.0,,0.0,2.0,1.0,1.0,4.0,0.0
401882883,2026-09-13,laliga,2026,14357,Barcelona,Levante,0,399200,Hamza Abdelkarim,SUB,0,0.0,29,0.0,0.0,0.0,0.0,0.0,0.0,0.0,,0.0,0.0,0.0,0.0,0.0,0.0
401882883,2026-09-13,laliga,2026,14357,Barcelona,Levante,0,323702,Gavi,SUB,0,0.0,6,0.0,0.0,0.0,0.0,0.0,0.0,0.0,,0.0,0.0,0.0,0.0,0.0,0.0
401882883,2026-09-13,laliga,2026,14357,Barcelona,Levante,0,217289,Gabriel Jesus,SUB,0,0.0,9,0.0,0.0,0.0,0.0,0.0,0.0,0.0,,0.0,0.0,0.0,0.0,0.0,0.0
401882883,2026-09-13,laliga,2026,14357,Barcelona,Levante,0,186430,Andreas Christensen,SUB,0,1.0,15,0.0,0.0,0.0,2.0,0.0,0.0,0.0,,0.0,0.0,1.0,0.0,0.0,0.0
401882884,2026-09-13,laliga,2026,14357,Getafe,Deportivo,1,196339,David Soria,G,1,1.0,13,0.0,0.0,0.0,1.0,,0.0,0.0,2.0,0.0,0.0,0.0,0.0,0.0,0.0
401882884,2026-09-13,laliga,2026,14357,Getafe,Deportivo,1,181355,Djené,CD-L,1,1.0,2,0.0,1.0,0.0,1.0,0.0,0.0,0.0,,0.0,0.0,0.0,0.0,0.0,0.0
401882884,2026-09-13,laliga,2026,14357,Getafe,Deportivo,1,136673,Nemanja Gudelj,CD-R,1,1.0,8,0.0,0.0,0.0,1.0,0.0,0.0,0.0,,0.0,0.0,0.0,0.0,1.0,0.0
401882884,2026-09-13,laliga,2026,14357,Getafe,Deportivo,1,173247,Johan Mojica,LB,1,1.0,22,0.0,1.0,0.0,1.0,0.0,0.0,0.0,,0.0,0.0,0.0,0.0,1.0,0.0
401882884,2026-09-13,laliga,2026,14357,Getafe,Deportivo,1,359826,Sebastián Boselli,RB,1,1.0,15,3.0,0.0,0.0,1.0,0.0,0.0,0.0,,0.0,0.0,0.0,0.0,0.0,0.0
401882884,2026-09-13,laliga,2026,14357,Getafe,Deportivo,1,228424,Orel Mangala,CM-L,1,1.0,23,0.0,0.0,0.0,1.0,0.0,0.0,0.0,,0.0,0.0,0.0,0.0,0.0,0.0
401882884,2026-09-13,laliga,2026,14357,Getafe,Deportivo,1,357147,Mario Martín,CM-R,1,1.0,6,3.0,3.0,0.0,1.0,0.0,0.0,0.0,,0.0,0.0,0.0,0.0,2.0,1.0
401882884,2026-09-13,laliga,2026,14357,Getafe,Deportivo,1,284854,Martín Satriano,LM,1,1.0,10,1.0,0.0,0.0,1.0,0.0,0.0,0.0,,0.0,1.0,0.0,0.0,3.0,0.0
401882884,2026-09-13,laliga,2026,14357,Getafe,Deportivo,1,309838,Ramón Terrats,RM,1,1.0,11,0.0,1.0,0.0,1.0,0.0,0.0,0.0,,0.0,2.0,0.0,1.0,3.0,0.0
401882884,2026-09-13,laliga,2026,14357,Getafe,Deportivo,1,310259,Ivan Azón,CF-L,1,1.0,20,2.0,2.0,1.0,0.0,1.0,0.0,0.0,,0.0,0.0,0.0,0.0,1.0,1.0
401882884,2026-09-13,laliga,2026,14357,Getafe,Deportivo,1,218122,Enes Ünal,CF-R,1,1.0,19,3.0,1.0,0.0,1.0,0.0,0.0,0.0,,0.0,0.0,0.0,0.0,2.0,1.0
401882884,2026-09-13,laliga,2026,14357,Getafe,Deportivo,1,375400,Mohamed Hamdoune,SUB,0,0.0,31,0.0,0.0,0.0,0.0,0.0,0.0,0.0,,0.0,0.0,0.0,0.0,0.0,0.0
401882884,2026-09-13,laliga,2026,14357,Getafe,Deportivo,1,3124560,Ibra Drammeh,SUB,0,0.0,27,0.0,0.0,0.0,0.0,0.0,0.0,0.0,,0.0,0.0,0.0,0.0,0.0,0.0
401882884,2026-09-13,laliga,2026,14357,Getafe,Deportivo,1,376208,Joselu Pérez,SUB,0,1.0,32,1.0,0.0,0.0,0.0,0.0,0.0,0.0,,0.0,0.0,1.0,0.0,0.0,0.0
401882884,2026-09-13,laliga,2026,14357,Getafe,Deportivo,1,388898,Diego Ferrer,SUB,0,0.0,35,0.0,0.0,0.0,0.0,,0.0,0.0,0.0,0.0,0.0,0.0,0.0,0.0,0.0
401882884,2026-09-13,laliga,2026,14357,Getafe,Deportivo,1,395479,Jean Ives Valou,SUB,0,0.0,26,0.0,0.0,0.0,0.0,0.0,0.0,0.0,,0.0,0.0,0.0,0.0,0.0,0.0
401882884,2026-09-13,laliga,2026,14357,Getafe,Deportivo,1,314403,Saba Sazonov,SUB,0,1.0,4,0.0,0.0,0.0,0.0,0.0,0.0,0.0,,0.0,0.0,1.0,0.0,1.0,0.0
401882884,2026-09-13,laliga,2026,14357,Getafe,Deportivo,1,406832,Davinchi,SUB,0,1.0,3,0.0,0.0,0.0,0.0,1.0,0.0,0.0,,0.0,0.0,1.0,0.0,0.0,0.0
401882884,2026-09-13,laliga,2026,14357,Getafe,Deportivo,1,396387,Óscar López,SUB,0,0.0,30,0.0,0.0,0.0,0.0,0.0,0.0,0.0,,0.0,0.0,0.0,0.0,0.0,0.0
401882884,2026-09-13,laliga,2026,14357,Getafe,Deportivo,1,344245,Jirí Letácek,SUB,0,0.0,1,0.0,0.0,0.0,0.0,,0.0,0.0,0.0,0.0,0.0,0.0,0.0,0.0,0.0
401882884,2026-09-13,laliga,2026,14357,Getafe,Deportivo,1,218793,Borja Mayoral,SUB,0,0.0,9,0.0,0.0,0.0,0.0,0.0,0.0,0.0,,0.0,0.0,0.0,0.0,0.0,0.0
401882884,2026-09-13,laliga,2026,14357,Getafe,Deportivo,1,3139281,Moha Achraf,SUB,0,0.0,33,0.0,0.0,0.0,0.0,0.0,0.0,0.0,,0.0,0.0,0.0,0.0,0.0,0.0
401882884,2026-09-13,laliga,2026,14357,Getafe,Deportivo,1,307186,Francho Serrano,SUB,0,1.0,16,1.0,0.0,0.0,1.0,0.0,0.0,0.0,,0.0,1.0,1.0,0.0,1.0,0.0
401882884,2026-09-13,laliga,2026,14357,Deportivo,Getafe,0,375390,David Mella,,0,0.0,11,0.0,0.0,0.0,0.0,0.0,0.0,0.0,,0.0,0.0,0.0,0.0,0.0,0.0
401882884,2026-09-13,laliga,2026,14357,Deportivo,Getafe,0,214319,Angeliño,,0,0.0,17,0.0,0.0,0.0,0.0,0.0,0.0,0.0,,0.0,0.0,0.0,0.0,0.0,0.0
401882884,2026-09-13,laliga,2026,14357,Deportivo,Getafe,0,220626,Adama Traoré,,0,1.0,24,0.0,1.0,0.0,1.0,0.0,0.0,0.0,,0.0,0.0,1.0,0.0,0.0,0.0
401882884,2026-09-13,laliga,2026,14357,Deportivo,Getafe,0,259915,Miguel Loureiro,,0,0.0,15,0.0,0.0,0.0,0.0,0.0,0.0,0.0,,0.0,0.0,0.0,0.0,0.0,0.0
401882884,2026-09-13,laliga,2026,14357,Deportivo,Getafe,0,331742,Diego Villares,,0,0.0,8,0.0,0.0,0.0,0.0,0.0,0.0,0.0,,0.0,0.0,0.0,0.0,0.0,0.0
401882884,2026-09-13,laliga,2026,14357,Deportivo,Getafe,0,312392,Yeremay Hernández,,0,1.0,10,0.0,0.0,1.0,0.0,0.0,0.0,0.0,,0.0,0.0,1.0,0.0,0.0,0.0
401882884,2026-09-13,laliga,2026,14357,Deportivo,Getafe,0,286769,Zakaria Eddahchouri,,0,1.0,9,0.0,0.0,0.0,0.0,0.0,0.0,0.0,,0.0,0.0,1.0,0.0,1.0,0.0
401882884,2026-09-13,laliga,2026,14357,Deportivo,Getafe,0,96060,Álvaro Fernández,,0,0.0,25,0.0,0.0,0.0,0.0,0.0,0.0,0.0,,0.0,0.0,0.0,0.0,0.0,0.0
401882884,2026-09-13,laliga,2026,14357,Deportivo,Getafe,0,279609,Riki Rodríguez,,0,0.0,14,0.0,0.0,0.0,0.0,0.0,0.0,0.0,,0.0,0.0,0.0,0.0,0.0,0.0
401882884,2026-09-13,laliga,2026,14357,Deportivo,Getafe,0,384414,Jonathan Asp Jensen,,0,0.0,18,0.0,0.0,0.0,0.0,0.0,0.0,0.0,,0.0,0.0,0.0,0.0,0.0,0.0
401882884,2026-09-13,laliga,2026,14357,Deportivo,Getafe,0,3102992,Bright Ede,,0,0.0,22,0.0,0.0,0.0,0.0,0.0,0.0,0.0,,0.0,0.0,0.0,0.0,0.0,0.0
401882884,2026-09-13,laliga,2026,14357,Deportivo,Getafe,0,308006,Adrià Altimira,,0,0.0,2,0.0,0.0,0.0,0.0,0.0,0.0,0.0,,0.0,0.0,0.0,0.0,0.0,0.0
401882884,2026-09-13,laliga,2026,14357,Deportivo,Getafe,0,300926,Leo Román,G,1,1.0,13,0.0,0.0,0.0,1.0,,0.0,0.0,3.0,0.0,0.0,0.0,0.0,0.0,0.0
401882884,2026-09-13,laliga,2026,14357,Deportivo,Getafe,0,188398,José María Giménez,CD-L,1,1.0,20,0.0,0.0,0.0,1.0,0.0,0.0,0.0,,0.0,0.0,0.0,0.0,2.0,0.0
401882884,2026-09-13,laliga,2026,14357,Deportivo,Getafe,0,321112,Lucas Noubi,CD-R,1,1.0,4,1.0,3.0,0.0,1.0,0.0,0.0,0.0,,0.0,0.0,0.0,0.0,0.0,1.0
401882884,2026-09-13,laliga,2026,14357,Deportivo,Getafe,0,345489,Marc Casadó,SW,1,1.0,6,0.0,3.0,0.0,0.0,0.0,0.0,0.0,,0.0,0.0,0.0,0.0,0.0,0.0
401882884,2026-09-13,laliga,2026,14357,Deportivo,Getafe,0,275924,Giacomo Quagliata,LB,1,1.0,12,0.0,3.0,0.0,1.0,0.0,0.0,0.0,,0.0,1.0,0.0,0.0,3.0,0.0
401882884,2026-09-13,laliga,2026,14357,Deportivo,Getafe,0,157568,Ximo Navarro,RB,1,1.0,23,1.0,1.0,0.0,1.0,0.0,0.0,0.0,,0.0,0.0,0.0,0.0,0.0,0.0
401882884,2026-09-13,laliga,2026,14357,Deportivo,Getafe,0,356639,Lorenzo Amatucci,CM,1,1.0,16,2.0,1.0,0.0,1.0,0.0,0.0,0.0,,0.0,0.0,0.0,0.0,0.0,0.0
401882884,2026-09-13,laliga,2026,14357,Deportivo,Getafe,0,297353,Mario Soriano Carreno,LM,1,1.0,21,2.0,2.0,0.0,1.0,0.0,0.0,0.0,,0.0,1.0,0.0,0.0,1.0,0.0
401882884,2026-09-13,laliga,2026,14357,Deportivo,Getafe,0,324166,Luismi Cruz,RM,1,1.0,19,1.0,0.0,0.0,1.0,0.0,0.0,0.0,,0.0,0.0,0.0,0.0,1.0,0.0
401882884,2026-09-13,laliga,2026,14357,Deportivo,Getafe,0,122260,Pierre-Emerick Aubameyang,CF-L,1,1.0,7,0.0,0.0,0.0,1.0,0.0,0.0,0.0,,0.0,1.0,0.0,1.0,1.0,0.0
401882884,2026-09-13,laliga,2026,14357,Deportivo,Getafe,0,414299,Bil Nsongo,CF-R,1,1.0,32,2.0,0.0,0.0,1.0,1.0,0.0,0.0,,0.0,0.0,0.0,0.0,1.0,0.0
401882885,2026-09-13,laliga,2026,14357,Celta Vigo,Málaga,1,144720,Andrei Radu,G,1,1.0,13,0.0,1.0,0.0,1.0,,0.0,0.0,1.0,0.0,0.0,0.0,0.0,0.0,0.0
401882885,2026-09-13,laliga,2026,14357,Celta Vigo,Málaga,1,384643,Yoel Lago,CD,1,1.0,18,1.0,2.0,0.0,1.0,0.0,0.0,0.0,,0.0,0.0,0.0,0.0,0.0,1.0
401882885,2026-09-13,laliga,2026,14357,Celta Vigo,Málaga,1,146127,Marcos Alonso,CD-L,1,1.0,3,1.0,1.0,0.0,1.0,1.0,0.0,0.0,,0.0,0.0,0.0,0.0,1.0,0.0
401882885,2026-09-13,laliga,2026,14357,Celta Vigo,Málaga,1,285756,Sebastián Cáceres,CD-R,1,1.0,21,1.0,1.0,0.0,1.0,0.0,0.0,0.0,,0.0,0.0,0.0,0.0,1.0,0.0
401882885,2026-09-13,laliga,2026,14357,Celta Vigo,Málaga,1,297829,Ilaix Moriba,CM-L,1,1.0,6,1.0,1.0,0.0,0.0,0.0,0.0,0.0,,0.0,0.0,0.0,0.0,1.0,0.0
401882885,2026-09-13,laliga,2026,14357,Celta Vigo,Málaga,1,353736,Miguel Román,CM-R,1,1.0,8,1.0,0.0,0.0,1.0,0.0,0.0,0.0,,0.0,0.0,0.0,0.0,2.0,0.0
401882885,2026-09-13,laliga,2026,14357,Celta Vigo,Málaga,1,298343,Sergio Carreira,LM,1,1.0,5,0.0,0.0,0.0,1.0,1.0,0.0,0.0,,0.0,1.0,0.0,0.0,1.0,0.0
401882885,2026-09-13,laliga,2026,14357,Celta Vigo,Málaga,1,331586,Javi Rueda,RM,1,1.0,17,1.0,0.0,0.0,1.0,2.0,0.0,0.0,,0.0,0.0,0.0,0.0,0.0,0.0
401882885,2026-09-13,laliga,2026,14357,Celta Vigo,Málaga,1,279904,Ferran Jutglà,F,1,1.0,9,1.0,1.0,0.0,1.0,1.0,0.0,0.0,,0.0,2.0,0.0,1.0,3.0,0.0
401882885,2026-09-13,laliga,2026,14357,Celta Vigo,Málaga,1,188391,Hugo Álvarez,CF-L,1,1.0,23,0.0,2.0,0.0,0.0,0.0,0.0,0.0,,0.0,0.0,0.0,0.0,1.0,0.0
401882885,2026-09-13,laliga,2026,14357,Celta Vigo,Málaga,1,324811,Hugo Gonzalez,CF-R,1,1.0,16,1.0,0.0,1.0,0.0,0.0,0.0,0.0,,0.0,1.0,0.0,0.0,3.0,0.0
401882885,2026-09-13,laliga,2026,14357,Celta Vigo,Málaga,1,195790,Carl Starfelt,SUB,0,0.0,2,0.0,0.0,0.0,0.0,0.0,0.0,0.0,,0.0,0.0,0.0,0.0,0.0,0.0
401882885,2026-09-13,laliga,2026,14357,Celta Vigo,Málaga,1,92800,Iago Aspas,SUB,0,1.0,10,0.0,0.0,0.0,0.0,0.0,0.0,0.0,,0.0,0.0,1.0,0.0,1.0,0.0
401882885,2026-09-13,laliga,2026,14357,Celta Vigo,Málaga,1,414293,Hugo Burcio,SUB,0,1.0,30,0.0,1.0,0.0,1.0,0.0,0.0,0.0,,0.0,0.0,1.0,0.0,1.0,0.0
401882885,2026-09-13,laliga,2026,14357,Celta Vigo,Málaga,1,21990,Abdoulaye Faye,SUB,0,0.0,4,0.0,0.0,0.0,0.0,0.0,0.0,0.0,,0.0,0.0,0.0,0.0,0.0,0.0
401882885,2026-09-13,laliga,2026,14357,Celta Vigo,Málaga,1,367430,Álvaro Núñez,SUB,0,0.0,15,0.0,0.0,0.0,0.0,0.0,0.0,0.0,,0.0,0.0,0.0,0.0,0.0,0.0
401882885,2026-09-13,laliga,2026,14357,Celta Vigo,Málaga,1,138448,Pablo Durán,SUB,0,0.0,11,0.0,0.0,0.0,0.0,0.0,0.0,0.0,,0.0,0.0,0.0,0.0,0.0,0.0
401882885,2026-09-13,laliga,2026,14357,Celta Vigo,Málaga,1,231838,Javi Galán,SUB,0,1.0,22,0.0,0.0,0.0,0.0,1.0,0.0,0.0,,0.0,0.0,1.0,0.0,0.0,0.0
401882885,2026-09-13,laliga,2026,14357,Celta Vigo,Málaga,1,376147,Javi Rodríguez,SUB,0,0.0,20,0.0,0.0,0.0,0.0,0.0,0.0,0.0,,0.0,0.0,0.0,0.0,0.0,0.0
401882885,2026-09-13,laliga,2026,14357,Celta Vigo,Málaga,1,304592,Couhaib Driouech,SUB,0,1.0,24,0.0,0.0,0.0,1.0,0.0,0.0,0.0,,0.0,0.0,1.0,0.0,1.0,0.0
401882885,2026-09-13,laliga,2026,14357,Celta Vigo,Málaga,1,242580,Iván Villar,SUB,0,0.0,25,0.0,0.0,0.0,0.0,,0.0,0.0,0.0,0.0,0.0,0.0,0.0,0.0,0.0
401882885,2026-09-13,laliga,2026,14357,Celta Vigo,Málaga,1,322652,Williot Swedberg,SUB,0,1.0,19,2.0,0.0,0.0,1.0,0.0,0.0,0.0,,0.0,1.0,1.0,0.0,1.0,0.0
401882885,2026-09-13,laliga,2026,14357,Celta Vigo,Málaga,1,274272,Altay Bayindir,SUB,0,0.0,1,0.0,0.0,0.0,0.0,,0.0,0.0,0.0,0.0,0.0,0.0,0.0,0.0,0.0
401882885,2026-09-13,laliga,2026,14357,Málaga,Celta Vigo,0,240624,Alfonso Herrero,G,1,1.0,1,0.0,1.0,0.0,1.0,,0.0,0.0,4.0,0.0,0.0,0.0,0.0,0.0,0.0
401882885,2026-09-13,laliga,2026,14357,Málaga,Celta Vigo,0,192430,Einar Galilea,CD-L,1,1.0,4,0.0,0.0,0.0,1.0,0.0,0.0,0.0,,0.0,0.0,0.0,0.0,0.0,1.0
401882885,2026-09-13,laliga,2026,14357,Málaga,Celta Vigo,0,319783,Ángel Recio,CD-R,1,1.0,15,1.0,0.0,0.0,1.0,0.0,0.0,0.0,,0.0,0.0,0.0,0.0,2.0,0.0
401882885,2026-09-13,laliga,2026,14357,Málaga,Celta Vigo,0,371564,Izan Merino,DM,1,1.0,23,1.0,1.0,0.0,1.0,0.0,0.0,0.0,,0.0,0.0,0.0,0.0,0.0,0.0
401882885,2026-09-13,laliga,2026,14357,Málaga,Celta Vigo,0,184488,José Salinas,LB,1,1.0,12,1.0,0.0,0.0,1.0,0.0,0.0,0.0,,0.0,0.0,0.0,0.0,0.0,0.0
401882885,2026-09-13,laliga,2026,14357,Málaga,Celta Vigo,0,376166,Rafa Garrido,RB,1,1.0,31,0.0,1.0,0.0,1.0,0.0,0.0,0.0,,0.0,0.0,0.0,0.0,0.0,0.0
401882885,2026-09-13,laliga,2026,14357,Málaga,Celta Vigo,0,331533,Daniel Lorenzo,CM-L,1,1.0,22,0.0,1.0,0.0,1.0,0.0,0.0,0.0,,0.0,0.0,0.0,0.0,0.0,0.0
401882885,2026-09-13,laliga,2026,14357,Málaga,Celta Vigo,0,271151,Pablo Martínez,CM-R,1,1.0,18,2.0,0.0,1.0,1.0,0.0,0.0,0.0,,0.0,1.0,0.0,0.0,2.0,0.0
401882885,2026-09-13,laliga,2026,14357,Málaga,Celta Vigo,0,180444,Joaquín Muñoz,LM,1,1.0,11,0.0,1.0,0.0,1.0,0.0,0.0,0.0,,0.0,0.0,0.0,0.0,1.0,0.0
401882885,2026-09-13,laliga,2026,14357,Málaga,Celta Vigo,0,297828,David Larrubia,RM,1,1.0,10,0.0,1.0,0.0,1.0,0.0,0.0,0.0,,0.0,0.0,0.0,0.0,2.0,0.0
401882885,2026-09-13,laliga,2026,14357,Málaga,Celta Vigo,0,388602,Chupete,F,1,1.0,9,3.0,2.0,0.0,1.0,0.0,0.0,0.0,,0.0,0.0,0.0,0.0,2.0,0.0
401882885,2026-09-13,laliga,2026,14357,Málaga,Celta Vigo,0,292225,Ramón Enríquez,SUB,0,1.0,6,0.0,1.0,0.0,0.0,0.0,0.0,0.0,,0.0,0.0,1.0,0.0,0.0,0.0
401882885,2026-09-13,laliga,2026,14357,Málaga,Celta Vigo,0,274971,Jens Cajuste,SUB,0,0.0,2,0.0,0.0,0.0,0.0,0.0,0.0,0.0,,0.0,0.0,0.0,0.0,0.0,0.0
401882885,2026-09-13,laliga,2026,14357,Málaga,Celta Vigo,0,145565,Juan Cruz,SUB,0,1.0,19,0.0,0.0,0.0,0.0,0.0,0.0,0.0,,0.0,0.0,1.0,0.0,0.0,0.0
401882885,2026-09-13,laliga,2026,14357,Málaga,Celta Vigo,0,262061,Juan Berrocal,SUB,0,1.0,25,0.0,0.0,0.0,0.0,0.0,0.0,0.0,,0.0,0.0,1.0,0.0,0.0,0.0
401882885,2026-09-13,laliga,2026,14357,Málaga,Celta Vigo,0,3110513,Juani,SUB,0,0.0,32,0.0,0.0,0.0,0.0,0.0,0.0,0.0,,0.0,0.0,0.0,0.0,0.0,0.0
401882885,2026-09-13,laliga,2026,14357,Málaga,Celta Vigo,0,373542,Adrián Niño,SUB,0,1.0,21,1.0,1.0,0.0,0.0,0.0,0.0,0.0,,0.0,1.0,1.0,1.0,3.0,0.0
401882885,2026-09-13,laliga,2026,14357,Málaga,Celta Vigo,0,357858,Rafa Rodríguez,SUB,0,0.0,14,0.0,0.0,0.0,0.0,0.0,0.0,0.0,,0.0,0.0,0.0,0.0,0.0,0.0
401882885,2026-09-13,laliga,2026,14357,Málaga,Celta Vigo,0,331785,Carlos Puga,SUB,0,1.0,3,1.0,0.0,0.0,0.0,0.0,0.0,0.0,,0.0,0.0,1.0,0.0,0.0,0.0
401882885,2026-09-13,laliga,2026,14357,Málaga,Celta Vigo,0,270610,Eneko Jauregui,SUB,0,0.0,17,0.0,0.0,0.0,0.0,0.0,0.0,0.0,,0.0,0.0,0.0,0.0,0.0,0.0
401882885,2026-09-13,laliga,2026,14357,Málaga,Celta Vigo,0,355503,Carlos López,SUB,0,0.0,13,0.0,0.0,0.0,0.0,,0.0,0.0,0.0,0.0,0.0,0.0,0.0,0.0,0.0
401882877,2026-09-14,laliga,2026,14357,Villarreal,Real Betis,1,119620,Péter Gulácsi,G,1,1.0,25,0.0,0.0,0.0,2.0,,0.0,0.0,10.0,0.0,0.0,0.0,0.0,0.0,0.0
401882877,2026-09-14,laliga,2026,14357,Villarreal,Real Betis,1,337011,Renato Veiga,CD-L,1,1.0,12,0.0,0.0,1.0,2.0,0.0,0.0,0.0,,0.0,0.0,0.0,0.0,0.0,1.0
401882877,2026-09-14,laliga,2026,14357,Villarreal,Real Betis,1,368878,Pau Navarro,CD-R,1,1.0,6,1.0,0.0,0.0,2.0,1.0,0.0,0.0,,0.0,0.0,0.0,0.0,0.0,0.0
401882877,2026-09-14,laliga,2026,14357,Villarreal,Real Betis,1,271904,Carlos Romero,LB,1,1.0,20,0.0,0.0,0.0,2.0,0.0,0.0,0.0,,0.0,0.0,0.0,0.0,1.0,0.0
401882877,2026-09-14,laliga,2026,14357,Villarreal,Real Betis,1,318098,Santiago Mouriño,RB,1,1.0,15,1.0,0.0,0.0,2.0,0.0,0.0,0.0,,0.0,0.0,0.0,0.0,0.0,0.0
401882877,2026-09-14,laliga,2026,14357,Villarreal,Real Betis,1,240623,Santi Comesaña,CM-L,1,1.0,14,2.0,1.0,0.0,2.0,0.0,0.0,0.0,,0.0,1.0,0.0,0.0,1.0,0.0
401882877,2026-09-14,laliga,2026,14357,Villarreal,Real Betis,1,255889,Pape Gueye,CM-R,1,1.0,18,1.0,1.0,0.0,2.0,0.0,0.0,0.0,,0.0,0.0,0.0,0.0,0.0,0.0
401882877,2026-09-14,laliga,2026,14357,Villarreal,Real Betis,1,284769,Tajon Buchanan,LM,1,1.0,17,0.0,1.0,0.0,2.0,1.0,0.0,0.0,,0.0,1.0,0.0,0.0,2.0,0.0
401882877,2026-09-14,laliga,2026,14357,Villarreal,Real Betis,1,210397,Nicolas Pépé,RM,1,1.0,19,0.0,0.0,0.0,2.0,2.0,0.0,0.0,,0.0,1.0,0.0,0.0,2.0,0.0
401882877,2026-09-14,laliga,2026,14357,Villarreal,Real Betis,1,300002,Georges Mikautadze,CF-L,1,1.0,9,1.0,0.0,0.0,2.0,0.0,0.0,0.0,,0.0,4.0,0.0,0.0,4.0,0.0
401882877,2026-09-14,laliga,2026,14357,Villarreal,Real Betis,1,156172,Gerard Moreno,CF-R,1,1.0,7,0.0,0.0,0.0,2.0,1.0,0.0,0.0,,0.0,1.0,0.0,1.0,1.0,0.0
401882877,2026-09-14,laliga,2026,14357,Villarreal,Real Betis,1,294039,Tani Oluwaseyi,SUB,0,1.0,21,0.0,0.0,0.0,0.0,0.0,0.0,0.0,,0.0,0.0,1.0,0.0,1.0,0.0
401882877,2026-09-14,laliga,2026,14357,Villarreal,Real Betis,1,192133,Ayoze Pérez,SUB,0,1.0,22,0.0,1.0,0.0,0.0,0.0,0.0,0.0,,0.0,0.0,1.0,0.0,0.0,0.0
401882877,2026-09-14,laliga,2026,14357,Villarreal,Real Betis,1,415438,Carlos Macià,SUB,0,0.0,16,0.0,0.0,0.0,0.0,0.0,0.0,0.0,,0.0,0.0,0.0,0.0,0.0,0.0
401882877,2026-09-14,laliga,2026,14357,Villarreal,Real Betis,1,311163,Nathan Saliba,SUB,0,1.0,24,1.0,1.0,0.0,0.0,0.0,0.0,0.0,,0.0,0.0,1.0,0.0,0.0,0.0
401882877,2026-09-14,laliga,2026,14357,Villarreal,Real Betis,1,307390,Alberto Moleiro,SUB,0,1.0,10,0.0,0.0,0.0,0.0,0.0,0.0,0.0,,0.0,0.0,1.0,0.0,2.0,0.0
401882877,2026-09-14,laliga,2026,14357,Villarreal,Real Betis,1,289072,Sergi Cardona,SUB,0,0.0,23,0.0,0.0,0.0,0.0,0.0,0.0,0.0,,0.0,0.0,0.0,0.0,0.0,0.0
401882877,2026-09-14,laliga,2026,14357,Villarreal,Real Betis,1,271129,Logan Costa,SUB,0,0.0,2,0.0,0.0,0.0,0.0,0.0,0.0,0.0,,0.0,0.0,0.0,0.0,0.0,0.0
401882877,2026-09-14,laliga,2026,14357,Villarreal,Real Betis,1,396751,Alassane Diatta,SUB,0,0.0,5,0.0,0.0,0.0,0.0,0.0,0.0,0.0,,0.0,0.0,0.0,0.0,0.0,0.0
401882877,2026-09-14,laliga,2026,14357,Villarreal,Real Betis,1,343640,Rubén Gómez,SUB,0,0.0,13,0.0,0.0,0.0,0.0,,0.0,0.0,0.0,0.0,0.0,0.0,0.0,0.0,0.0
401882877,2026-09-14,laliga,2026,14357,Villarreal,Real Betis,1,331047,Ilias Akhomach,SUB,0,0.0,11,0.0,0.0,0.0,0.0,0.0,0.0,0.0,,0.0,0.0,0.0,0.0,0.0,0.0
401882877,2026-09-14,laliga,2026,14357,Villarreal,Real Betis,1,307648,Luiz Júnior,SUB,0,0.0,1,0.0,0.0,0.0,0.0,,0.0,0.0,0.0,0.0,0.0,0.0,0.0,0.0,0.0
401882877,2026-09-14,laliga,2026,14357,Villarreal,Real Betis,1,248276,Alex Freeman,SUB,0,1.0,3,0.0,1.0,0.0,0.0,0.0,0.0,0.0,,0.0,0.0,1.0,0.0,0.0,0.0
401882877,2026-09-14,laliga,2026,14357,Real Betis,Villarreal,0,283892,Álvaro Valles,G,1,1.0,1,0.0,0.0,0.0,1.0,,0.0,0.0,7.0,0.0,0.0,0.0,0.0,0.0,0.0
401882877,2026-09-14,laliga,2026,14357,Real Betis,Villarreal,0,301526,Natan,CD-L,1,1.0,4,0.0,0.0,0.0,1.0,0.0,0.0,0.0,,0.0,1.0,0.0,1.0,1.0,0.0
401882877,2026-09-14,laliga,2026,14357,Real Betis,Villarreal,0,145078,Marc Bartra,CD-R,1,1.0,5,0.0,0.0,0.0,1.0,0.0,0.0,0.0,,0.0,0.0,0.0,0.0,0.0,0.0
401882877,2026-09-14,laliga,2026,14357,Real Betis,Villarreal,0,213050,Fran García,LB,1,1.0,11,1.0,0.0,0.0,1.0,0.0,0.0,0.0,,0.0,0.0,0.0,0.0,0.0,0.0
401882877,2026-09-14,laliga,2026,14357,Real Betis,Villarreal,0,178978,Héctor Bellerín,RB,1,1.0,2,1.0,0.0,0.0,1.0,0.0,0.0,0.0,,0.0,2.0,0.0,0.0,3.0,0.0
401882877,2026-09-14,laliga,2026,14357,Real Betis,Villarreal,0,143564,Isco,AM,1,1.0,22,0.0,1.0,0.0,1.0,1.0,0.0,0.0,,0.0,0.0,0.0,0.0,3.0,0.0
401882877,2026-09-14,laliga,2026,14357,Real Betis,Villarreal,0,242008,Marc Roca,LM,1,1.0,21,1.0,1.0,0.0,1.0,0.0,0.0,0.0,,0.0,0.0,0.0,0.0,0.0,0.0
401882877,2026-09-14,laliga,2026,14357,Real Betis,Villarreal,0,227714,Pablo Fornals,RM,1,1.0,8,1.0,0.0,0.0,1.0,0.0,0.0,0.0,,0.0,0.0,0.0,0.0,3.0,0.0
401882877,2026-09-14,laliga,2026,14357,Real Betis,Villarreal,0,336809,Cucho Hernández,F,1,1.0,9,1.0,1.0,0.0,1.0,0.0,0.0,0.0,,0.0,3.0,0.0,1.0,4.0,0.0
401882877,2026-09-14,laliga,2026,14357,Real Betis,Villarreal,0,300912,Abde Ezzalzouli,AM-L,1,1.0,10,1.0,1.0,0.0,1.0,0.0,0.0,0.0,,0.0,1.0,0.0,0.0,3.0,0.0
401882877,2026-09-14,laliga,2026,14357,Real Betis,Villarreal,0,70224,Rodrigo Riquelme,AM-R,1,1.0,17,0.0,0.0,0.0,1.0,1.0,0.0,0.0,,0.0,0.0,0.0,0.0,2.0,0.0
401882877,2026-09-14,laliga,2026,14357,Real Betis,Villarreal,0,390091,Manu González,SUB,0,0.0,31,0.0,0.0,0.0,0.0,,0.0,0.0,0.0,0.0,0.0,0.0,0.0,0.0,0.0
401882877,2026-09-14,laliga,2026,14357,Real Betis,Villarreal,0,279790,Troy Parrott,SUB,0,0.0,19,0.0,0.0,0.0,0.0,0.0,0.0,0.0,,0.0,0.0,0.0,0.0,0.0,0.0
401882877,2026-09-14,laliga,2026,14357,Real Betis,Villarreal,0,292222,Iker Losada,SUB,0,0.0,14,0.0,0.0,0.0,0.0,0.0,0.0,0.0,,0.0,0.0,0.0,0.0,0.0,0.0
401882877,2026-09-14,laliga,2026,14357,Real Betis,Villarreal,0,281558,Antony,SUB,0,1.0,7,1.0,0.0,0.0,0.0,0.0,0.0,0.0,,0.0,3.0,1.0,0.0,4.0,0.0
401882877,2026-09-14,laliga,2026,14357,Real Betis,Villarreal,0,395941,Ángel Ortiz,SUB,0,0.0,12,0.0,0.0,0.0,0.0,0.0,0.0,0.0,,0.0,0.0,0.0,0.0,0.0,0.0
401882877,2026-09-14,laliga,2026,14357,Real Betis,Villarreal,0,359912,Facundo Bernal,SUB,0,1.0,6,0.0,0.0,0.0,0.0,0.0,0.0,0.0,,0.0,0.0,1.0,0.0,0.0,0.0
401882877,2026-09-14,laliga,2026,14357,Real Betis,Villarreal,0,207343,Giovani Lo Celso,SUB,0,1.0,20,0.0,1.0,0.0,0.0,0.0,0.0,0.0,,0.0,0.0,1.0,0.0,0.0,0.0
401882877,2026-09-14,laliga,2026,14357,Real Betis,Villarreal,0,202717,Dani Ceballos,SUB,0,1.0,25,1.0,2.0,0.0,0.0,0.0,0.0,0.0,,0.0,0.0,1.0,0.0,0.0,0.0
401882877,2026-09-14,laliga,2026,14357,Real Betis,Villarreal,0,283827,Álvaro Fidalgo,SUB,0,0.0,15,0.0,0.0,0.0,0.0,0.0,0.0,0.0,,0.0,0.0,0.0,0.0,0.0,0.0
401882877,2026-09-14,laliga,2026,14357,Real Betis,Villarreal,0,336480,Valentín Gómez,SUB,0,0.0,16,0.0,0.0,0.0,0.0,0.0,0.0,0.0,,0.0,0.0,0.0,0.0,0.0,0.0
401882877,2026-09-14,laliga,2026,14357,Real Betis,Villarreal,0,322908,Nelson Deossa,SUB,0,1.0,18,0.0,0.0,0.0,0.0,0.0,0.0,0.0,,0.0,2.0,1.0,0.0,3.0,0.0
401882877,2026-09-14,laliga,2026,14357,Real Betis,Villarreal,0,269655,Junior Firpo,SUB,0,0.0,23,0.0,0.0,0.0,0.0,0.0,0.0,0.0,,0.0,0.0,0.0,0.0,0.0,0.0
401882868,2026-09-15,laliga,2026,14357,Rayo Vallecano,Espanyol,1,207834,Emil Audero,G,1,1.0,25,0.0,0.0,0.0,1.0,,0.0,0.0,3.0,0.0,0.0,0.0,0.0,0.0,0.0
401882868,2026-09-15,laliga,2026,14357,Rayo Vallecano,Espanyol,1,265996,Mujaid Sadick,CD-L,1,1.0,15,0.0,0.0,0.0,1.0,0.0,0.0,0.0,,0.0,0.0,0.0,0.0,0.0,0.0
401882868,2026-09-15,laliga,2026,14357,Rayo Vallecano,Espanyol,1,140754,Florian Lejeune,CD-R,1,1.0,24,0.0,0.0,0.0,1.0,0.0,0.0,0.0,,0.0,0.0,0.0,0.0,2.0,0.0
401882868,2026-09-15,laliga,2026,14357,Rayo Vallecano,Espanyol,1,277292,Adrià Pedrosa,LB,1,1.0,17,1.0,1.0,0.0,1.0,0.0,0.0,0.0,,0.0,1.0,0.0,1.0,2.0,0.0
401882868,2026-09-15,laliga,2026,14357,Rayo Vallecano,Espanyol,1,287224,Andrei Ratiu,RB,1,1.0,2,1.0,1.0,0.0,1.0,0.0,0.0,0.0,,0.0,0.0,0.0,0.0,2.0,0.0
401882868,2026-09-15,laliga,2026,14357,Rayo Vallecano,Espanyol,1,264078,Pedro Díaz,AM,1,1.0,4,0.0,2.0,0.0,1.0,0.0,0.0,0.0,,0.0,0.0,0.0,0.0,3.0,0.0
401882868,2026-09-15,laliga,2026,14357,Rayo Vallecano,Espanyol,1,294228,Pathé Ciss,LM,1,1.0,6,0.0,1.0,0.0,1.0,0.0,0.0,0.0,,0.0,0.0,0.0,0.0,0.0,1.0
401882868,2026-09-15,laliga,2026,14357,Rayo Vallecano,Espanyol,1,203711,Unai López,RM,1,1.0,8,1.0,1.0,0.0,1.0,0.0,0.0,0.0,,0.0,0.0,0.0,0.0,1.0,1.0
401882868,2026-09-15,laliga,2026,14357,Rayo Vallecano,Espanyol,1,276652,Sergio Camello,F,1,1.0,10,2.0,2.0,0.0,1.0,0.0,0.0,0.0,,0.0,0.0,0.0,0.0,2.0,0.0
401882868,2026-09-15,laliga,2026,14357,Rayo Vallecano,Espanyol,1,125200,Álvaro García,AM-L,1,1.0,18,1.0,0.0,1.0,1.0,0.0,0.0,0.0,,0.0,1.0,0.0,1.0,1.0,0.0
401882868,2026-09-15,laliga,2026,14357,Rayo Vallecano,Espanyol,1,276067,Giorgi Tsitaishvili,AM-R,1,1.0,14,1.0,0.0,0.0,1.0,0.0,0.0,0.0,,0.0,0.0,0.0,0.0,3.0,1.0
401882868,2026-09-15,laliga,2026,14357,Rayo Vallecano,Espanyol,1,389447,Marco de las Sias,SUB,0,0.0,26,0.0,0.0,0.0,0.0,0.0,0.0,0.0,,0.0,0.0,0.0,0.0,0.0,0.0
401882868,2026-09-15,laliga,2026,14357,Rayo Vallecano,Espanyol,1,3115984,Gnangoro Bouare Samake,SUB,0,1.0,36,2.0,1.0,0.0,0.0,0.0,0.0,0.0,,0.0,0.0,1.0,0.0,0.0,1.0
401882868,2026-09-15,laliga,2026,14357,Rayo Vallecano,Espanyol,1,300878,Adrián Molina,SUB,0,0.0,30,0.0,0.0,0.0,0.0,,0.0,0.0,0.0,0.0,0.0,0.0,0.0,0.0,0.0
401882868,2026-09-15,laliga,2026,14357,Rayo Vallecano,Espanyol,1,313024,Alexandre Alemão,SUB,0,1.0,9,1.0,3.0,0.0,0.0,0.0,0.0,0.0,,0.0,0.0,1.0,0.0,0.0,1.0
401882868,2026-09-15,laliga,2026,14357,Rayo Vallecano,Espanyol,1,324505,Fran Pérez,SUB,0,1.0,21,0.0,0.0,0.0,0.0,0.0,0.0,0.0,,0.0,0.0,1.0,0.0,0.0,0.0
401882868,2026-09-15,laliga,2026,14357,Rayo Vallecano,Espanyol,1,264217,Óscar Valentín,SUB,0,1.0,23,0.0,0.0,0.0,0.0,0.0,0.0,0.0,,0.0,0.0,1.0,0.0,0.0,0.0
401882868,2026-09-15,laliga,2026,14357,Rayo Vallecano,Espanyol,1,377843,Rayane Belaid,SUB,0,0.0,37,0.0,0.0,0.0,0.0,0.0,0.0,0.0,,0.0,0.0,0.0,0.0,0.0,0.0
401882868,2026-09-15,laliga,2026,14357,Rayo Vallecano,Espanyol,1,192893,Daniel Cárdenas,SUB,0,0.0,1,0.0,0.0,0.0,0.0,,0.0,0.0,0.0,0.0,0.0,0.0,0.0,0.0,0.0
401882868,2026-09-15,laliga,2026,14357,Rayo Vallecano,Espanyol,1,261403,Marash Kumbulla,SUB,0,0.0,3,0.0,0.0,0.0,0.0,0.0,0.0,0.0,,0.0,0.0,0.0,0.0,0.0,0.0
401882868,2026-09-15,laliga,2026,14357,Rayo Vallecano,Espanyol,1,158151,Iván Balliu,SUB,0,1.0,20,0.0,0.0,0.0,0.0,0.0,0.0,0.0,,0.0,0.0,1.0,0.0,0.0,0.0
401882868,2026-09-15,laliga,2026,14357,Rayo Vallecano,Espanyol,1,415410,Marco Román,SUB,0,0.0,31,0.0,0.0,0.0,0.0,0.0,0.0,0.0,,0.0,0.0,0.0,0.0,0.0,0.0
401882868,2026-09-15,laliga,2026,14357,Rayo Vallecano,Espanyol,1,386579,Pelayo Fernández,SUB,0,0.0,22,0.0,0.0,0.0,0.0,0.0,0.0,0.0,,0.0,0.0,0.0,0.0,0.0,0.0
401882868,2026-09-15,laliga,2026,14357,Espanyol,Rayo Vallecano,0,179211,Marko Dmitrovic,G,1,1.0,13,0.0,0.0,0.0,2.0,,0.0,0.0,0.0,0.0,0.0,0.0,0.0,0.0,0.0
401882868,2026-09-15,laliga,2026,14357,Espanyol,Rayo Vallecano,0,133259,Leandro Cabrera,CD-L,1,1.0,6,2.0,0.0,0.0,2.0,0.0,0.0,0.0,,0.0,0.0,0.0,0.0,1.0,0.0
401882868,2026-09-15,laliga,2026,14357,Espanyol,Rayo Vallecano,0,323737,Clemens Riedel,CD-R,1,1.0,5,1.0,1.0,0.0,2.0,0.0,0.0,0.0,,0.0,1.0,0.0,0.0,1.0,0.0
401882868,2026-09-15,laliga,2026,14357,Espanyol,Rayo Vallecano,0,401377,Roger Hinojo,LB,1,1.0,21,0.0,0.0,0.0,2.0,0.0,0.0,0.0,,0.0,0.0,0.0,0.0,1.0,0.0
401882868,2026-09-15,laliga,2026,14357,Espanyol,Rayo Vallecano,0,310682,Omar El Hilali,RB,1,1.0,23,4.0,3.0,0.0,2.0,1.0,0.0,1.0,,0.0,0.0,0.0,0.0,0.0,0.0
401882868,2026-09-15,laliga,2026,14357,Espanyol,Rayo Vallecano,0,383900,Rafael Bauza,AM,1,1.0,26,2.0,1.0,0.0,2.0,0.0,0.0,0.0,,0.0,0.0,0.0,0.0,1.0,0.0
401882868,2026-09-15,laliga,2026,14357,Espanyol,Rayo Vallecano,0,361468,Gabriel Moscardo,LM,1,1.0,20,1.0,0.0,0.0,2.0,0.0,0.0,0.0,,0.0,0.0,0.0,0.0,1.0,0.0
401882868,2026-09-15,laliga,2026,14357,Espanyol,Rayo Vallecano,0,307915,Urko Gonzalez,RM,1,1.0,4,2.0,1.0,0.0,2.0,0.0,0.0,0.0,,0.0,0.0,0.0,0.0,1.0,0.0
401882868,2026-09-15,laliga,2026,14357,Espanyol,Rayo Vallecano,0,318773,Roberto Fernández,F,1,1.0,9,0.0,0.0,0.0,2.0,1.0,0.0,0.0,,0.0,1.0,0.0,1.0,2.0,0.0
401882868,2026-09-15,laliga,2026,14357,Espanyol,Rayo Vallecano,0,346210,Quilindschy Hartman,AM-L,1,1.0,3,1.0,0.0,0.0,2.0,0.0,0.0,0.0,,0.0,0.0,0.0,0.0,0.0,0.0
401882868,2026-09-15,laliga,2026,14357,Espanyol,Rayo Vallecano,0,367946,Javi Hernandez,AM-R,1,1.0,28,0.0,0.0,1.0,2.0,0.0,0.0,0.0,,0.0,1.0,0.0,0.0,3.0,0.0
401882868,2026-09-15,laliga,2026,14357,Espanyol,Rayo Vallecano,0,355902,Cala,SUB,0,1.0,22,0.0,0.0,0.0,0.0,0.0,0.0,0.0,,0.0,0.0,1.0,0.0,0.0,0.0
401882868,2026-09-15,laliga,2026,14357,Espanyol,Rayo Vallecano,0,307419,Ángel Fortuño,SUB,0,0.0,1,0.0,0.0,0.0,0.0,,0.0,0.0,0.0,0.0,0.0,0.0,0.0,0.0,0.0
401882868,2026-09-15,laliga,2026,14357,Espanyol,Rayo Vallecano,0,354621,Marcos Fernández,SUB,0,1.0,18,1.0,0.0,0.0,0.0,0.0,0.0,0.0,,0.0,1.0,1.0,0.0,3.0,1.0
401882868,2026-09-15,laliga,2026,14357,Espanyol,Rayo Vallecano,0,306520,Tyrhys Dolan,SUB,0,0.0,24,0.0,0.0,0.0,0.0,0.0,0.0,0.0,,0.0,0.0,0.0,0.0,0.0,0.0
401882868,2026-09-15,laliga,2026,14357,Espanyol,Rayo Vallecano,0,196914,Pere Milla,SUB,0,0.0,11,0.0,0.0,0.0,0.0,0.0,0.0,0.0,,0.0,0.0,0.0,0.0,0.0,0.0
401882868,2026-09-15,laliga,2026,14357,Espanyol,Rayo Vallecano,0,255272,Edu Expósito,SUB,0,1.0,8,0.0,2.0,0.0,0.0,0.0,0.0,0.0,,0.0,0.0,1.0,0.0,3.0,0.0
401882868,2026-09-15,laliga,2026,14357,Espanyol,Rayo Vallecano,0,397289,José Ángel López,SUB,0,0.0,32,0.0,0.0,0.0,0.0,0.0,0.0,0.0,,0.0,0.0,0.0,0.0,0.0,0.0
401882868,2026-09-15,laliga,2026,14357,Espanyol,Rayo Vallecano,0,381681,Llorenç Serred,SUB,0,0.0,31,0.0,0.0,0.0,0.0,,0.0,0.0,0.0,0.0,0.0,0.0,0.0,0.0,0.0
401882868,2026-09-15,laliga,2026,14357,Espanyol,Rayo Vallecano,0,277314,Vanja Drkusic,SUB,0,0.0,16,0.0,0.0,0.0,0.0,0.0,0.0,0.0,,0.0,0.0,0.0,0.0,0.0,0.0
401882868,2026-09-15,laliga,2026,14357,Espanyol,Rayo Vallecano,0,260242,Pol Lozano,SUB,0,1.0,10,1.0,0.0,0.0,0.0,0.0,0.0,0.0,,0.0,0.0,1.0,0.0,0.0,0.0
401882868,2026-09-15,laliga,2026,14357,Espanyol,Rayo Vallecano,0,260902,Unai Núñez,SUB,0,0.0,14,0.0,0.0,0.0,0.0,0.0,0.0,0.0,,0.0,0.0,0.0,0.0,0.0,0.0
401882868,2026-09-15,laliga,2026,14357,Espanyol,Rayo Vallecano,0,311571,Bryan Zaragoza,SUB,0,1.0,15,0.0,2.0,0.0,0.0,0.0,0.0,0.0,,0.0,1.0,1.0,0.0,2.0,0.0
401882872,2026-09-15,laliga,2026,14357,Elche,Real Madrid,1,173749,Matías Dituro,G,1,1.0,1,0.0,0.0,0.0,3.0,,1.0,0.0,2.0,0.0,0.0,0.0,0.0,0.0,0.0
401882872,2026-09-15,laliga,2026,14357,Elche,Real Madrid,1,265995,Víctor Chust,CD-L,1,1.0,23,1.0,0.0,0.0,3.0,0.0,0.0,0.0,,0.0,0.0,0.0,0.0,0.0,0.0
401882872,2026-09-15,laliga,2026,14357,Elche,Real Madrid,1,318181,Federico Redondo,CD-R,1,1.0,5,0.0,0.0,0.0,3.0,0.0,0.0,0.0,,0.0,0.0,0.0,0.0,0.0,0.0
401882872,2026-09-15,laliga,2026,14357,Elche,Real Madrid,1,323286,Roy Revivo,LB,1,1.0,3,3.0,1.0,0.0,3.0,0.0,0.0,0.0,,0.0,0.0,0.0,0.0,0.0,0.0
401882872,2026-09-15,laliga,2026,14357,Elche,Real Madrid,1,371608,Buba Sangaré,RB,1,1.0,2,2.0,0.0,0.0,2.0,0.0,0.0,0.0,,0.0,0.0,0.0,0.0,0.0,0.0
401882872,2026-09-15,laliga,2026,14357,Elche,Real Madrid,1,273424,Gonzalo Villar,CM-L,1,1.0,12,2.0,2.0,0.0,3.0,0.0,0.0,0.0,,0.0,0.0,0.0,0.0,0.0,1.0
401882872,2026-09-15,laliga,2026,14357,Elche,Real Madrid,1,340677,Martim Neto,CM-R,1,1.0,16,0.0,0.0,0.0,2.0,0.0,0.0,0.0,,0.0,0.0,0.0,0.0,2.0,0.0
401882872,2026-09-15,laliga,2026,14357,Elche,Real Madrid,1,301406,Marc Aguado,AM,1,1.0,8,3.0,0.0,0.0,2.0,0.0,0.0,0.0,,0.0,0.0,0.0,0.0,0.0,1.0
401882872,2026-09-15,laliga,2026,14357,Elche,Real Madrid,1,259916,José Antonio Morente,LM,1,1.0,20,2.0,2.0,0.0,2.0,0.0,0.0,0.0,,0.0,1.0,0.0,0.0,3.0,0.0
401882872,2026-09-15,laliga,2026,14357,Elche,Real Madrid,1,297358,Germán Valera,RM,1,1.0,11,1.0,0.0,0.0,2.0,0.0,0.0,0.0,,0.0,0.0,0.0,0.0,1.0,0.0
401882872,2026-09-15,laliga,2026,14357,Elche,Real Madrid,1,336840,Abiel Osorio,F,1,1.0,24,3.0,2.0,0.0,3.0,1.0,0.0,0.0,,0.0,1.0,0.0,1.0,4.0,0.0
401882872,2026-09-15,laliga,2026,14357,Elche,Real Madrid,1,214330,Josan,SUB,0,1.0,17,1.0,0.0,1.0,1.0,0.0,0.0,0.0,,0.0,0.0,1.0,0.0,0.0,1.0
401882872,2026-09-15,laliga,2026,14357,Elche,Real Madrid,1,190291,Thomas Lemar,SUB,0,1.0,18,2.0,0.0,0.0,1.0,0.0,0.0,0.0,,0.0,0.0,1.0,0.0,0.0,0.0
401882872,2026-09-15,laliga,2026,14357,Elche,Real Madrid,1,320648,Lucas Cepeda,SUB,0,1.0,21,1.0,0.0,1.0,1.0,0.0,0.0,0.0,,0.0,0.0,1.0,0.0,0.0,1.0
401882872,2026-09-15,laliga,2026,14357,Elche,Real Madrid,1,301684,Fer Niño,SUB,0,1.0,14,0.0,0.0,0.0,1.0,0.0,0.0,0.0,,0.0,1.0,1.0,1.0,1.0,0.0
401882872,2026-09-15,laliga,2026,14357,Elche,Real Madrid,1,389448,Matia Barzic,SUB,0,0.0,26,0.0,0.0,0.0,0.0,0.0,0.0,0.0,,0.0,0.0,0.0,0.0,0.0,0.0
401882872,2026-09-15,laliga,2026,14357,Elche,Real Madrid,1,330433,Alejandro Iturbe,SUB,0,0.0,13,0.0,0.0,0.0,0.0,,0.0,0.0,0.0,0.0,0.0,0.0,0.0,0.0,0.0
401882872,2026-09-15,laliga,2026,14357,Elche,Real Madrid,1,318284,Facundo Buonanotte,SUB,0,0.0,10,0.0,0.0,0.0,0.0,0.0,0.0,0.0,,0.0,0.0,0.0,0.0,0.0,0.0
401882872,2026-09-15,laliga,2026,14357,Elche,Real Madrid,1,242739,Grady Diangana,SUB,0,0.0,19,0.0,0.0,0.0,0.0,0.0,0.0,0.0,,0.0,0.0,0.0,0.0,0.0,0.0
401882872,2026-09-15,laliga,2026,14357,Elche,Real Madrid,1,194553,Ezequiel Ponce,SUB,0,0.0,9,0.0,0.0,0.0,0.0,0.0,0.0,0.0,,0.0,0.0,0.0,0.0,0.0,0.0
401882872,2026-09-15,laliga,2026,14357,Elche,Real Madrid,1,421310,Javier Morcillo,SUB,0,0.0,47,0.0,0.0,0.0,0.0,0.0,0.0,0.0,,0.0,0.0,0.0,0.0,0.0,0.0
401882872,2026-09-15,laliga,2026,14357,Elche,Real Madrid,1,167297,Pedro Bigas,SUB,0,0.0,6,0.0,0.0,0.0,0.0,0.0,0.0,0.0,,0.0,0.0,0.0,0.0,0.0,0.0
401882872,2026-09-15,laliga,2026,14357,Elche,Real Madrid,1,319781,Rubén Sánchez,SUB,0,1.0,22,0.0,0.0,0.0,1.0,0.0,0.0,0.0,,0.0,0.0,1.0,0.0,0.0,0.0
401882872,2026-09-15,laliga,2026,14357,Real Madrid,Elche,0,134283,Thibaut Courtois,G,1,1.0,1,0.0,0.0,0.0,2.0,,0.0,0.0,1.0,0.0,0.0,0.0,0.0,0.0,0.0
401882872,2026-09-15,laliga,2026,14357,Real Madrid,Elche,0,356000,Dean Huijsen,CD-L,1,1.0,4,1.0,1.0,0.0,2.0,0.0,0.0,0.0,,0.0,1.0,0.0,0.0,1.0,0.0
401882872,2026-09-15,laliga,2026,14357,Real Madrid,Elche,0,251634,Ibrahima Konaté,CD-R,1,1.0,16,2.0,2.0,0.0,2.0,0.0,0.0,0.0,,0.0,0.0,0.0,0.0,1.0,1.0
401882872,2026-09-15,laliga,2026,14357,Real Madrid,Elche,0,259910,Marc Cucurella,LB,1,1.0,17,0.0,1.0,0.0,2.0,0.0,0.0,0.0,,0.0,0.0,0.0,0.0,0.0,0.0
401882872,2026-09-15,laliga,2026,14357,Real Madrid,Elche,0,223532,Trent Alexander-Arnold,RB,1,1.0,12,0.0,0.0,0.0,2.0,0.0,0.0,0.0,,0.0,0.0,0.0,0.0,1.0,0.0
401882872,2026-09-15,laliga,2026,14357,Real Madrid,Elche,0,310452,Arda Güler,AM,1,1.0,15,0.0,4.0,0.0,0.0,0.0,0.0,0.0,,0.0,0.0,0.0,0.0,3.0,0.0
401882872,2026-09-15,laliga,2026,14357,Real Madrid,Elche,0,265919,Aurélien Tchouaméni,LM,1,1.0,14,0.0,0.0,0.0,2.0,0.0,0.0,0.0,,0.0,0.0,0.0,0.0,0.0,0.0
401882872,2026-09-15,laliga,2026,14357,Real Madrid,Elche,0,235818,Federico Valverde,RM,1,1.0,8,1.0,2.0,0.0,2.0,0.0,0.0,0.0,,0.0,0.0,0.0,0.0,0.0,0.0
401882872,2026-09-15,laliga,2026,14357,Real Madrid,Elche,0,231388,Kylian Mbappé,F,1,1.0,10,1.0,3.0,1.0,2.0,3.0,0.0,0.0,,0.0,1.0,0.0,1.0,4.0,0.0
401882872,2026-09-15,laliga,2026,14357,Real Madrid,Elche,0,252107,Vinícius Júnior,AM-L,1,1.0,7,1.0,3.0,0.0,0.0,2.0,0.0,0.0,,0.0,1.0,0.0,0.0,5.0,0.0
401882872,2026-09-15,laliga,2026,14357,Real Madrid,Elche,0,402479,Yan Diomande,AM-R,1,1.0,25,2.0,3.0,1.0,2.0,0.0,0.0,0.0,,0.0,0.0,0.0,0.0,1.0,1.0
401882872,2026-09-15,laliga,2026,14357,Real Madrid,Elche,0,310637,Álvaro Carreras,SUB,0,0.0,18,0.0,0.0,0.0,0.0,0.0,0.0,0.0,,0.0,0.0,0.0,0.0,0.0,0.0
401882872,2026-09-15,laliga,2026,14357,Real Madrid,Elche,0,246532,Brahim Díaz,SUB,0,1.0,21,0.0,0.0,0.0,2.0,0.0,0.0,0.0,,0.0,0.0,1.0,0.0,0.0,0.0
401882872,2026-09-15,laliga,2026,14357,Real Madrid,Elche,0,409019,Thiago Pitarch,SUB,0,0.0,27,0.0,0.0,0.0,0.0,0.0,0.0,0.0,,0.0,0.0,0.0,0.0,0.0,0.0
401882872,2026-09-15,laliga,2026,14357,Real Madrid,Elche,0,169438,Antonio Rüdiger,SUB,0,0.0,22,0.0,0.0,0.0,0.0,0.0,0.0,0.0,,0.0,0.0,0.0,0.0,0.0,0.0
401882872,2026-09-15,laliga,2026,14357,Real Madrid,Elche,0,213248,Denzel Dumfries,SUB,0,1.0,24,0.0,0.0,0.0,0.0,0.0,0.0,0.0,,0.0,0.0,1.0,0.0,0.0,0.0
401882872,2026-09-15,laliga,2026,14357,Real Madrid,Elche,0,388338,Raúl Asencio,SUB,0,0.0,2,0.0,0.0,0.0,0.0,0.0,0.0,0.0,,0.0,0.0,0.0,0.0,0.0,0.0
401882872,2026-09-15,laliga,2026,14357,Real Madrid,Elche,0,257237,Andriy Lunin,SUB,0,0.0,13,0.0,0.0,0.0,0.0,,0.0,0.0,0.0,0.0,0.0,0.0,0.0,0.0,0.0
401882872,2026-09-15,laliga,2026,14357,Real Madrid,Elche,0,380286,Carlos Espí,SUB,0,1.0,19,0.0,0.0,0.0,0.0,0.0,0.0,0.0,,0.0,1.0,1.0,1.0,2.0,0.0
401882872,2026-09-15,laliga,2026,14357,Real Madrid,Elche,0,346612,Endrick,SUB,0,1.0,9,0.0,0.0,0.0,0.0,0.0,0.0,0.0,,0.0,0.0,1.0,0.0,1.0,0.0
401882872,2026-09-15,laliga,2026,14357,Real Madrid,Elche,0,199833,Bernardo Silva,SUB,0,0.0,20,0.0,0.0,0.0,0.0,0.0,0.0,0.0,,0.0,0.0,0.0,0.0,0.0,0.0
401882872,2026-09-15,laliga,2026,14357,Real Madrid,Elche,0,291281,Jude Bellingham,SUB,0,1.0,5,0.0,2.0,0.0,2.0,0.0,0.0,0.0,,0.0,0.0,1.0,0.0,1.0,0.0
401882872,2026-09-15,laliga,2026,14357,Real Madrid,Elche,0,285150,Eduardo Camavinga,SUB,0,0.0,6,0.0,0.0,0.0,0.0,0.0,0.0,0.0,,0.0,0.0,0.0,0.0,0.0,0.0
401882876,2026-09-15,laliga,2026,14357,Alavés,Valencia,1,200910,Antonio Sivera,G,1,1.0,1,0.0,0.0,0.0,1.0,,0.0,0.0,2.0,0.0,0.0,0.0,0.0,0.0,0.0
401882876,2026-09-15,laliga,2026,14357,Alavés,Valencia,1,149306,Ville Koski,CD,1,1.0,16,2.0,1.0,0.0,1.0,0.0,0.0,0.0,,0.0,1.0,0.0,0.0,1.0,0.0
401882876,2026-09-15,laliga,2026,14357,Alavés,Valencia,1,318084,Nicolás Valentini,CD-L,1,1.0,2,0.0,1.0,0.0,1.0,0.0,0.0,0.0,,0.0,0.0,0.0,0.0,0.0,0.0
401882876,2026-09-15,laliga,2026,14357,Alavés,Valencia,1,262491,Nahuel Tenaglia,CD-R,1,1.0,14,0.0,1.0,0.0,1.0,0.0,0.0,0.0,,0.0,0.0,0.0,0.0,0.0,0.0
401882876,2026-09-15,laliga,2026,14357,Alavés,Valencia,1,163068,Denis Suárez,CM-L,1,1.0,4,0.0,1.0,0.0,0.0,0.0,0.0,0.0,,0.0,0.0,0.0,0.0,0.0,0.0
401882876,2026-09-15,laliga,2026,14357,Alavés,Valencia,1,106326,Pablo Ibáñez,CM-R,1,1.0,19,1.0,1.0,0.0,1.0,1.0,0.0,0.0,,0.0,0.0,0.0,0.0,3.0,0.0
401882876,2026-09-15,laliga,2026,14357,Alavés,Valencia,1,265997,Antonio Blanco,AM,1,1.0,8,0.0,1.0,0.0,1.0,0.0,0.0,0.0,,0.0,0.0,0.0,0.0,0.0,1.0
401882876,2026-09-15,laliga,2026,14357,Alavés,Valencia,1,345991,Abde Rebbach,LM,1,1.0,21,1.0,1.0,0.0,1.0,0.0,0.0,0.0,,0.0,0.0,0.0,0.0,1.0,0.0
401882876,2026-09-15,laliga,2026,14357,Alavés,Valencia,1,374621,Ángel Pérez,RM,1,1.0,7,0.0,1.0,0.0,1.0,0.0,0.0,0.0,,0.0,1.0,0.0,0.0,2.0,0.0
401882876,2026-09-15,laliga,2026,14357,Alavés,Valencia,1,207236,Lucas Boyé,CF-L,1,1.0,15,2.0,0.0,0.0,1.0,1.0,0.0,0.0,,0.0,1.0,0.0,0.0,4.0,0.0
401882876,2026-09-15,laliga,2026,14357,Alavés,Valencia,1,181757,Toni Martínez,CF-R,1,1.0,11,0.0,3.0,0.0,0.0,1.0,0.0,0.0,,0.0,0.0,0.0,0.0,3.0,0.0
401882876,2026-09-15,laliga,2026,14357,Alavés,Valencia,1,176312,Jonny,SUB,0,0.0,17,0.0,0.0,0.0,0.0,0.0,0.0,0.0,,0.0,0.0,0.0,0.0,0.0,0.0
401882876,2026-09-15,laliga,2026,14357,Alavés,Valencia,1,253754,Carlos Protesoni,SUB,0,0.0,23,0.0,0.0,0.0,0.0,0.0,0.0,0.0,,0.0,0.0,0.0,0.0,0.0,0.0
401882876,2026-09-15,laliga,2026,14357,Alavés,Valencia,1,382532,Youssef Lekhedim,SUB,0,1.0,3,1.0,0.0,0.0,1.0,0.0,0.0,0.0,,0.0,0.0,1.0,0.0,1.0,0.0
401882876,2026-09-15,laliga,2026,14357,Alavés,Valencia,1,260256,Ander Guevara,SUB,0,1.0,6,0.0,1.0,0.0,0.0,0.0,0.0,0.0,,0.0,0.0,1.0,0.0,0.0,0.0
401882876,2026-09-15,laliga,2026,14357,Alavés,Valencia,1,233802,Carles Aleñá,SUB,0,1.0,10,0.0,0.0,0.0,0.0,0.0,0.0,0.0,,0.0,0.0,1.0,0.0,0.0,0.0
401882876,2026-09-15,laliga,2026,14357,Alavés,Valencia,1,198832,Mariano Díaz,SUB,0,1.0,9,0.0,1.0,0.0,1.0,0.0,0.0,0.0,,0.0,0.0,1.0,0.0,0.0,0.0
401882876,2026-09-15,laliga,2026,14357,Alavés,Valencia,1,83494,Miguel Rodríguez,SUB,0,1.0,22,0.0,1.0,0.0,0.0,0.0,0.0,0.0,,0.0,0.0,1.0,0.0,0.0,0.0
401882876,2026-09-15,laliga,2026,14357,Alavés,Valencia,1,305608,Hugo Novoa,SUB,0,0.0,12,0.0,0.0,0.0,0.0,0.0,0.0,0.0,,0.0,0.0,0.0,0.0,0.0,0.0
401882876,2026-09-15,laliga,2026,14357,Alavés,Valencia,1,150374,Adrián Rodríguez,SUB,0,0.0,13,0.0,0.0,0.0,0.0,,0.0,0.0,0.0,0.0,0.0,0.0,0.0,0.0,0.0
401882876,2026-09-15,laliga,2026,14357,Alavés,Valencia,1,415206,Izei Hernandez,SUB,0,0.0,29,0.0,0.0,0.0,0.0,0.0,0.0,0.0,,0.0,0.0,0.0,0.0,0.0,0.0
401882876,2026-09-15,laliga,2026,14357,Alavés,Valencia,1,415276,Xanet Oláiz,SUB,0,0.0,27,0.0,0.0,0.0,0.0,0.0,0.0,0.0,,0.0,0.0,0.0,0.0,0.0,0.0
401882876,2026-09-15,laliga,2026,14357,Alavés,Valencia,1,367996,Selu Diallo,SUB,0,0.0,24,0.0,0.0,0.0,0.0,0.0,0.0,0.0,,0.0,0.0,0.0,0.0,0.0,0.0
401882876,2026-09-15,laliga,2026,14357,Valencia,Alavés,0,165334,Stole Dimitrievski,G,1,1.0,1,0.0,0.0,0.0,0.0,,0.0,0.0,3.0,0.0,0.0,0.0,0.0,0.0,0.0
401882876,2026-09-15,laliga,2026,14357,Valencia,Alavés,0,282086,Justin de Haas,CD-L,1,1.0,12,1.0,0.0,0.0,0.0,0.0,0.0,0.0,,0.0,0.0,0.0,0.0,0.0,0.0
401882876,2026-09-15,laliga,2026,14357,Valencia,Alavés,0,231603,Pepelu,CD-R,1,1.0,18,1.0,0.0,0.0,0.0,0.0,0.0,0.0,,0.0,0.0,0.0,0.0,0.0,1.0
401882876,2026-09-15,laliga,2026,14357,Valencia,Alavés,0,178747,José Gayà,LB,1,1.0,14,2.0,0.0,0.0,0.0,0.0,0.0,0.0,,0.0,0.0,0.0,0.0,0.0,0.0
401882876,2026-09-15,laliga,2026,14357,Valencia,Alavés,0,222661,Pablo Maffeo,RB,1,1.0,24,1.0,0.0,0.0,0.0,0.0,0.0,0.0,,0.0,1.0,0.0,0.0,1.0,0.0
401882876,2026-09-15,laliga,2026,14357,Valencia,Alavés,0,16340,Javier Guerra,AM,1,1.0,8,1.0,0.0,1.0,0.0,1.0,0.0,0.0,,0.0,0.0,0.0,0.0,2.0,1.0
401882876,2026-09-15,laliga,2026,14357,Valencia,Alavés,0,212185,Guido Rodríguez,LM,1,1.0,2,2.0,3.0,0.0,0.0,0.0,0.0,0.0,,0.0,0.0,0.0,0.0,1.0,1.0
401882876,2026-09-15,laliga,2026,14357,Valencia,Alavés,0,419048,Aaron Mayol,RM,1,1.0,33,3.0,0.0,0.0,0.0,0.0,0.0,0.0,,0.0,0.0,0.0,0.0,0.0,1.0
401882876,2026-09-15,laliga,2026,14357,Valencia,Alavés,0,267477,Hugo Duro,F,1,1.0,9,0.0,2.0,0.0,0.0,0.0,0.0,0.0,,0.0,0.0,0.0,0.0,2.0,0.0
401882876,2026-09-15,laliga,2026,14357,Valencia,Alavés,0,231618,Arnaut Danjuma,AM-L,1,1.0,7,1.0,1.0,0.0,0.0,2.0,0.0,0.0,,0.0,1.0,0.0,0.0,2.0,0.0
401882876,2026-09-15,laliga,2026,14357,Valencia,Alavés,0,248681,Filip Ugrinic,AM-R,1,1.0,23,1.0,0.0,0.0,0.0,1.0,0.0,0.0,,0.0,0.0,0.0,0.0,0.0,0.0
401882876,2026-09-15,laliga,2026,14357,Valencia,Alavés,0,308728,Arnau Martínez,SUB,0,1.0,22,1.0,0.0,0.0,0.0,0.0,0.0,0.0,,0.0,0.0,1.0,0.0,0.0,0.0
401882876,2026-09-15,laliga,2026,14357,Valencia,Alavés,0,264177,Luis Rioja,SUB,0,1.0,11,0.0,0.0,0.0,0.0,0.0,0.0,0.0,,0.0,1.0,1.0,1.0,1.0,0.0
401882876,2026-09-15,laliga,2026,14357,Valencia,Alavés,0,253763,Dani Raba,SUB,0,0.0,19,0.0,0.0,0.0,0.0,0.0,0.0,0.0,,0.0,0.0,0.0,0.0,0.0,0.0
401882876,2026-09-15,laliga,2026,14357,Valencia,Alavés,0,324582,Kayne Van Oevelen,SUB,0,0.0,25,0.0,0.0,0.0,0.0,,0.0,0.0,0.0,0.0,0.0,0.0,0.0,0.0,0.0
401882876,2026-09-15,laliga,2026,14357,Valencia,Alavés,0,232803,Aliou Dieng,SUB,0,0.0,15,0.0,0.0,0.0,0.0,0.0,0.0,0.0,,0.0,0.0,0.0,0.0,0.0,0.0
401882876,2026-09-15,laliga,2026,14357,Valencia,Alavés,0,388076,Iker Córdoba,SUB,0,1.0,36,0.0,0.0,0.0,0.0,0.0,0.0,0.0,,0.0,0.0,1.0,0.0,0.0,0.0
401882876,2026-09-15,laliga,2026,14357,Valencia,Alavés,0,377768,David Otorbi,SUB,0,1.0,27,0.0,1.0,0.0,0.0,0.0,0.0,0.0,,0.0,0.0,1.0,0.0,1.0,0.0
401882876,2026-09-15,laliga,2026,14357,Valencia,Alavés,0,413671,Alex Panach,SUB,0,0.0,29,0.0,0.0,0.0,0.0,0.0,0.0,0.0,,0.0,0.0,0.0,0.0,0.0,0.0
401882876,2026-09-15,laliga,2026,14357,Valencia,Alavés,0,360096,Ryunosuke Sato,SUB,0,0.0,39,0.0,0.0,0.0,0.0,0.0,0.0,0.0,,0.0,0.0,0.0,0.0,0.0,0.0
401882876,2026-09-15,laliga,2026,14357,Valencia,Alavés,0,189804,Jesús Vázquez,SUB,0,1.0,21,0.0,0.0,0.0,0.0,0.0,0.0,0.0,,0.0,0.0,1.0,0.0,0.0,0.0
401882876,2026-09-15,laliga,2026,14357,Valencia,Alavés,0,409380,Aimar Blázquez,SUB,0,0.0,37,0.0,0.0,0.0,0.0,0.0,0.0,0.0,,0.0,0.0,0.0,0.0,0.0,0.0
401882876,2026-09-15,laliga,2026,14357,Valencia,Alavés,0,280806,Harvey Elliott,SUB,0,0.0,10,0.0,0.0,0.0,0.0,0.0,0.0,0.0,,0.0,0.0,0.0,0.0,0.0,0.0
401882871,2026-09-16,laliga,2026,14357,Barcelona,Racing Santander,1,297362,Joan García,G,1,1.0,1,0.0,0.0,0.0,1.0,,0.0,0.0,0.0,0.0,0.0,0.0,0.0,0.0,0.0
401882871,2026-09-16,laliga,2026,14357,Barcelona,Racing Santander,1,312015,Gerard Martín,CD-L,1,1.0,18,1.0,1.0,0.0,2.0,0.0,0.0,0.0,,0.0,0.0,0.0,0.0,0.0,0.0
401882871,2026-09-16,laliga,2026,14357,Barcelona,Racing Santander,1,186430,Andreas Christensen,CD-R,1,1.0,15,2.0,1.0,0.0,2.0,0.0,0.0,0.0,,0.0,0.0,0.0,0.0,2.0,0.0
401882871,2026-09-16,laliga,2026,14357,Barcelona,Racing Santander,1,176399,João Cancelo,LB,1,1.0,2,2.0,0.0,0.0,2.0,1.0,0.0,0.0,,0.0,1.0,0.0,1.0,3.0,1.0
401882871,2026-09-16,laliga,2026,14357,Barcelona,Racing Santander,1,128714,Eric García,RB,1,1.0,24,1.0,0.0,0.0,2.0,0.0,0.0,0.0,,0.0,0.0,0.0,0.0,0.0,0.0
401882871,2026-09-16,laliga,2026,14357,Barcelona,Racing Santander,1,231828,Rodri,CM,1,1.0,16,0.0,0.0,0.0,1.0,0.0,0.0,0.0,,0.0,0.0,0.0,0.0,1.0,0.0
401882871,2026-09-16,laliga,2026,14357,Barcelona,Racing Santander,1,250465,Pedri,LM,1,1.0,8,0.0,0.0,0.0,1.0,0.0,0.0,0.0,,0.0,0.0,0.0,0.0,0.0,0.0
401882871,2026-09-16,laliga,2026,14357,Barcelona,Racing Santander,1,227765,Dani Olmo,RM,1,1.0,20,1.0,1.0,1.0,2.0,1.0,0.0,0.0,,0.0,0.0,0.0,0.0,2.0,0.0
401882871,2026-09-16,laliga,2026,14357,Barcelona,Racing Santander,1,231050,Raphinha,F,1,1.0,11,0.0,1.0,0.0,2.0,0.0,0.0,0.0,,0.0,4.0,0.0,3.0,6.0,0.0
401882871,2026-09-16,laliga,2026,14357,Barcelona,Racing Santander,1,274913,Karim Adeyemi,LF,1,1.0,14,2.0,4.0,1.0,2.0,0.0,0.0,0.0,,0.0,1.0,0.0,0.0,8.0,1.0
401882871,2026-09-16,laliga,2026,14357,Barcelona,Racing Santander,1,362150,Lamine Yamal,RF,1,1.0,10,1.0,3.0,2.0,2.0,1.0,0.0,0.0,,0.0,2.0,0.0,1.0,7.0,1.0
401882871,2026-09-16,laliga,2026,14357,Barcelona,Racing Santander,1,376423,Marc Bernal,SUB,0,1.0,22,0.0,0.0,0.0,1.0,0.0,0.0,0.0,,0.0,0.0,1.0,0.0,0.0,0.0
401882871,2026-09-16,laliga,2026,14357,Barcelona,Racing Santander,1,323702,Gavi,SUB,0,1.0,6,0.0,0.0,0.0,1.0,0.0,0.0,0.0,,0.0,0.0,1.0,0.0,0.0,0.0
401882871,2026-09-16,laliga,2026,14357,Barcelona,Racing Santander,1,403582,Xavi Espart,SUB,0,0.0,12,0.0,0.0,0.0,0.0,0.0,0.0,0.0,,0.0,0.0,0.0,0.0,0.0,0.0
401882871,2026-09-16,laliga,2026,14357,Barcelona,Racing Santander,1,231692,Jules Koundé,SUB,0,0.0,23,0.0,0.0,0.0,0.0,0.0,0.0,0.0,,0.0,0.0,0.0,0.0,0.0,0.0
401882871,2026-09-16,laliga,2026,14357,Barcelona,Racing Santander,1,399200,Hamza Abdelkarim,SUB,0,0.0,29,0.0,0.0,0.0,0.0,0.0,0.0,0.0,,0.0,0.0,0.0,0.0,0.0,0.0
401882871,2026-09-16,laliga,2026,14357,Barcelona,Racing Santander,1,368992,Pau Cubarsí,SUB,0,0.0,5,0.0,0.0,0.0,0.0,0.0,0.0,0.0,,0.0,0.0,0.0,0.0,0.0,0.0
401882871,2026-09-16,laliga,2026,14357,Barcelona,Racing Santander,1,354334,Fermín López,SUB,0,0.0,7,0.0,0.0,0.0,0.0,0.0,0.0,0.0,,0.0,0.0,0.0,0.0,0.0,0.0
401882871,2026-09-16,laliga,2026,14357,Barcelona,Racing Santander,1,217289,Gabriel Jesus,SUB,0,1.0,9,0.0,0.0,0.0,0.0,0.0,0.0,0.0,,0.0,1.0,1.0,1.0,1.0,0.0
401882871,2026-09-16,laliga,2026,14357,Barcelona,Racing Santander,1,131634,Wojciech Szczesny,SUB,0,1.0,13,0.0,0.0,0.0,1.0,,0.0,0.0,0.0,0.0,0.0,1.0,0.0,0.0,0.0
401882871,2026-09-16,laliga,2026,14357,Barcelona,Racing Santander,1,323703,Alejandro Balde,SUB,0,1.0,3,0.0,1.0,0.0,0.0,0.0,0.0,0.0,,0.0,0.0,1.0,0.0,0.0,0.0
401882871,2026-09-16,laliga,2026,14357,Barcelona,Racing Santander,1,268782,Anthony Gordon,SUB,0,0.0,17,0.0,0.0,0.0,0.0,0.0,0.0,0.0,,0.0,0.0,0.0,0.0,0.0,0.0
401882871,2026-09-16,laliga,2026,14357,Barcelona,Racing Santander,1,187946,Dominik Livakovic,SUB,0,0.0,25,0.0,0.0,0.0,0.0,,0.0,0.0,0.0,0.0,0.0,0.0,0.0,0.0,0.0
401882871,2026-09-16,laliga,2026,14357,Racing Santander,Barcelona,0,300471,Alvaro Mantilla,,0,0.0,2,0.0,0.0,0.0,0.0,0.0,0.0,0.0,,0.0,0.0,0.0,0.0,0.0,0.0
401882871,2026-09-16,laliga,2026,14357,Racing Santander,Barcelona,0,394309,Laro Gómez,,0,0.0,31,0.0,0.0,0.0,0.0,0.0,0.0,0.0,,0.0,0.0,0.0,0.0,0.0,0.0
401882871,2026-09-16,laliga,2026,14357,Racing Santander,Barcelona,0,284699,Iñigo Vicente,,0,1.0,10,0.0,0.0,0.0,3.0,0.0,0.0,0.0,,0.0,0.0,1.0,0.0,0.0,0.0
401882871,2026-09-16,laliga,2026,14357,Racing Santander,Barcelona,0,330545,Iván Martín,,0,0.0,23,0.0,0.0,0.0,0.0,0.0,0.0,0.0,,0.0,0.0,0.0,0.0,0.0,0.0
401882871,2026-09-16,laliga,2026,14357,Racing Santander,Barcelona,0,178237,Jorge Salinas,,0,1.0,17,0.0,0.0,0.0,1.0,0.0,0.0,0.0,,0.0,0.0,1.0,0.0,0.0,0.0
401882871,2026-09-16,laliga,2026,14357,Racing Santander,Barcelona,0,282672,Pablo Ramon,,0,0.0,5,0.0,0.0,0.0,0.0,0.0,0.0,0.0,,0.0,0.0,0.0,0.0,0.0,0.0
401882871,2026-09-16,laliga,2026,14357,Racing Santander,Barcelona,0,417258,Iker Luque,,0,1.0,19,2.0,1.0,0.0,3.0,0.0,0.0,0.0,,0.0,0.0,1.0,0.0,0.0,0.0
401882871,2026-09-16,laliga,2026,14357,Racing Santander,Barcelona,0,399278,Pablo García,,0,0.0,15,0.0,0.0,0.0,0.0,0.0,0.0,0.0,,0.0,0.0,0.0,0.0,0.0,0.0
401882871,2026-09-16,laliga,2026,14357,Racing Santander,Barcelona,0,333927,Jeanuël Belocian,,0,0.0,24,0.0,0.0,0.0,0.0,0.0,0.0,0.0,,0.0,0.0,0.0,0.0,0.0,0.0
401882871,2026-09-16,laliga,2026,14357,Racing Santander,Barcelona,0,289439,Giorgi Guliashvili,,0,1.0,7,0.0,0.0,0.0,2.0,0.0,0.0,0.0,,0.0,0.0,1.0,0.0,0.0,0.0
401882871,2026-09-16,laliga,2026,14357,Racing Santander,Barcelona,0,390389,Yassir Zabiri,,0,1.0,21,1.0,0.0,0.0,3.0,1.0,0.0,0.0,,0.0,2.0,1.0,1.0,2.0,1.0
401882871,2026-09-16,laliga,2026,14357,Racing Santander,Barcelona,0,323970,Julen Agirrezabala,G,1,1.0,13,0.0,0.0,0.0,7.0,,0.0,0.0,3.0,0.0,0.0,0.0,0.0,0.0,0.0
401882871,2026-09-16,laliga,2026,14357,Racing Santander,Barcelona,0,367499,Facundo González,CD-L,1,1.0,16,1.0,0.0,0.0,6.0,0.0,0.0,0.0,,0.0,0.0,0.0,0.0,0.0,0.0
401882871,2026-09-16,laliga,2026,14357,Racing Santander,Barcelona,0,361455,Pedro Felipe,CD-R,1,1.0,22,3.0,0.0,0.0,4.0,0.0,0.0,0.0,,0.0,0.0,0.0,0.0,0.0,1.0
401882871,2026-09-16,laliga,2026,14357,Racing Santander,Barcelona,0,107960,Matteo Prati,SW,1,1.0,18,0.0,0.0,0.0,7.0,0.0,0.0,0.0,,0.0,0.0,0.0,0.0,0.0,0.0
401882871,2026-09-16,laliga,2026,14357,Racing Santander,Barcelona,0,242007,Aarón Martín,LB,1,1.0,3,2.0,2.0,0.0,7.0,0.0,0.0,0.0,,0.0,0.0,0.0,0.0,0.0,0.0
401882871,2026-09-16,laliga,2026,14357,Racing Santander,Barcelona,0,259839,Manu,RB,1,1.0,4,1.0,1.0,0.0,7.0,0.0,0.0,0.0,,0.0,0.0,0.0,0.0,0.0,0.0
401882871,2026-09-16,laliga,2026,14357,Racing Santander,Barcelona,0,342654,Maguette Gueye,CM,1,1.0,14,0.0,0.0,0.0,7.0,0.0,0.0,0.0,,0.0,1.0,0.0,1.0,2.0,0.0
401882871,2026-09-16,laliga,2026,14357,Racing Santander,Barcelona,0,279699,Íñigo Sainz,LM,1,1.0,6,0.0,1.0,0.0,5.0,0.0,0.0,0.0,,0.0,0.0,0.0,0.0,0.0,0.0
401882871,2026-09-16,laliga,2026,14357,Racing Santander,Barcelona,0,125383,Sergio Canales,RM,1,1.0,20,1.0,2.0,0.0,7.0,0.0,0.0,0.0,,0.0,0.0,0.0,0.0,0.0,0.0
401882871,2026-09-16,laliga,2026,14357,Racing Santander,Barcelona,0,334268,Juan Carlos Arana,CF-L,1,1.0,9,2.0,1.0,0.0,4.0,1.0,0.0,0.0,,0.0,0.0,0.0,0.0,1.0,0.0
401882871,2026-09-16,laliga,2026,14357,Racing Santander,Barcelona,0,222365,Asier Villalibre,CF-R,1,1.0,12,0.0,1.0,1.0,4.0,0.0,1.0,0.0,,0.0,0.0,0.0,0.0,0.0,0.0
401882873,2026-09-16,laliga,2026,14357,Deportivo,Sevilla,1,300926,Leo Román,G,1,1.0,13,0.0,0.0,0.0,1.0,,0.0,0.0,5.0,0.0,0.0,0.0,0.0,0.0,0.0
401882873,2026-09-16,laliga,2026,14357,Deportivo,Sevilla,1,259915,Miguel Loureiro,CD-L,1,1.0,15,2.0,1.0,0.0,1.0,0.0,0.0,0.0,,0.0,0.0,0.0,0.0,0.0,0.0
401882873,2026-09-16,laliga,2026,14357,Deportivo,Sevilla,1,188398,José María Giménez,CD-R,1,1.0,20,1.0,0.0,0.0,1.0,0.0,0.0,0.0,,0.0,0.0,0.0,0.0,0.0,0.0
401882873,2026-09-16,laliga,2026,14357,Deportivo,Sevilla,1,214319,Angeliño,LB,1,1.0,17,2.0,2.0,0.0,1.0,0.0,0.0,1.0,,0.0,0.0,0.0,0.0,0.0,0.0
401882873,2026-09-16,laliga,2026,14357,Deportivo,Sevilla,1,308006,Adrià Altimira,RB,1,1.0,2,1.0,1.0,0.0,1.0,0.0,0.0,0.0,,0.0,0.0,0.0,0.0,0.0,0.0
401882873,2026-09-16,laliga,2026,14357,Deportivo,Sevilla,1,356639,Lorenzo Amatucci,CM-L,1,1.0,16,2.0,4.0,0.0,1.0,0.0,0.0,0.0,,0.0,0.0,0.0,0.0,0.0,1.0
401882873,2026-09-16,laliga,2026,14357,Deportivo,Sevilla,1,279609,Riki Rodríguez,CM-R,1,1.0,14,1.0,1.0,0.0,1.0,0.0,0.0,0.0,,0.0,0.0,0.0,0.0,0.0,0.0
401882873,2026-09-16,laliga,2026,14357,Deportivo,Sevilla,1,312392,Yeremay Hernández,LM,1,1.0,10,1.0,0.0,0.0,1.0,0.0,0.0,0.0,,0.0,0.0,0.0,0.0,0.0,0.0
401882873,2026-09-16,laliga,2026,14357,Deportivo,Sevilla,1,324166,Luismi Cruz,RM,1,1.0,19,2.0,1.0,0.0,1.0,0.0,0.0,0.0,,0.0,0.0,0.0,0.0,0.0,0.0
401882873,2026-09-16,laliga,2026,14357,Deportivo,Sevilla,1,122260,Pierre-Emerick Aubameyang,CF-L,1,1.0,7,2.0,0.0,0.0,1.0,0.0,0.0,0.0,,0.0,0.0,0.0,0.0,0.0,0.0
401882873,2026-09-16,laliga,2026,14357,Deportivo,Sevilla,1,414299,Bil Nsongo,CF-R,1,1.0,32,0.0,1.0,0.0,0.0,0.0,0.0,0.0,,0.0,1.0,0.0,0.0,1.0,0.0
401882873,2026-09-16,laliga,2026,14357,Deportivo,Sevilla,1,220626,Adama Traoré,SUB,0,1.0,24,1.0,3.0,0.0,1.0,0.0,0.0,0.0,,0.0,0.0,1.0,0.0,0.0,0.0
401882873,2026-09-16,laliga,2026,14357,Deportivo,Sevilla,1,384414,Jonathan Asp Jensen,SUB,0,1.0,18,0.0,1.0,0.0,0.0,0.0,0.0,0.0,,0.0,2.0,1.0,0.0,2.0,0.0
401882873,2026-09-16,laliga,2026,14357,Deportivo,Sevilla,1,331742,Diego Villares,SUB,0,0.0,8,0.0,0.0,0.0,0.0,0.0,0.0,0.0,,0.0,0.0,0.0,0.0,0.0,0.0
401882873,2026-09-16,laliga,2026,14357,Deportivo,Sevilla,1,275924,Giacomo Quagliata,SUB,0,1.0,12,0.0,0.0,0.0,0.0,0.0,0.0,0.0,,0.0,0.0,1.0,0.0,0.0,0.0
401882873,2026-09-16,laliga,2026,14357,Deportivo,Sevilla,1,321112,Lucas Noubi,SUB,0,0.0,4,0.0,0.0,0.0,0.0,0.0,0.0,0.0,,0.0,0.0,0.0,0.0,0.0,0.0
401882873,2026-09-16,laliga,2026,14357,Deportivo,Sevilla,1,375390,David Mella,SUB,0,0.0,11,0.0,0.0,0.0,0.0,0.0,0.0,0.0,,0.0,0.0,0.0,0.0,0.0,0.0
401882873,2026-09-16,laliga,2026,14357,Deportivo,Sevilla,1,297353,Mario Soriano Carreno,SUB,0,1.0,21,0.0,1.0,0.0,0.0,0.0,0.0,0.0,,0.0,0.0,1.0,0.0,1.0,0.0
401882873,2026-09-16,laliga,2026,14357,Deportivo,Sevilla,1,157568,Ximo Navarro,SUB,0,0.0,23,0.0,0.0,0.0,0.0,0.0,0.0,0.0,,0.0,0.0,0.0,0.0,0.0,0.0
401882873,2026-09-16,laliga,2026,14357,Deportivo,Sevilla,1,3102992,Bright Ede,SUB,0,0.0,22,0.0,0.0,0.0,0.0,0.0,0.0,0.0,,0.0,0.0,0.0,0.0,0.0,0.0
401882873,2026-09-16,laliga,2026,14357,Deportivo,Sevilla,1,345489,Marc Casadó,SUB,0,0.0,6,0.0,0.0,0.0,0.0,0.0,0.0,0.0,,0.0,0.0,0.0,0.0,0.0,0.0
401882873,2026-09-16,laliga,2026,14357,Deportivo,Sevilla,1,96060,Álvaro Fernández,SUB,0,0.0,25,0.0,0.0,0.0,0.0,,0.0,0.0,0.0,0.0,0.0,0.0,0.0,0.0,0.0
401882873,2026-09-16,laliga,2026,14357,Deportivo,Sevilla,1,286769,Zakaria Eddahchouri,SUB,0,1.0,9,0.0,0.0,0.0,0.0,0.0,0.0,0.0,,0.0,0.0,1.0,0.0,0.0,0.0
401882873,2026-09-16,laliga,2026,14357,Sevilla,Deportivo,0,159135,Odisseas Vlachodimos,G,1,1.0,1,0.0,0.0,0.0,0.0,,0.0,0.0,3.0,0.0,0.0,0.0,0.0,0.0,0.0
401882873,2026-09-16,laliga,2026,14357,Sevilla,Deportivo,0,334163,Enrique Salas,CD-L,1,1.0,4,1.0,0.0,0.0,0.0,0.0,0.0,0.0,,0.0,1.0,0.0,0.0,1.0,1.0
401882873,2026-09-16,laliga,2026,14357,Sevilla,Deportivo,0,332246,Andrés Castrín,CD-R,1,1.0,5,1.0,2.0,0.0,0.0,0.0,0.0,0.0,,0.0,0.0,0.0,0.0,0.0,0.0
401882873,2026-09-16,laliga,2026,14357,Sevilla,Deportivo,0,222037,Gabriel Suazo,LB,1,1.0,17,2.0,4.0,0.0,0.0,0.0,0.0,0.0,,0.0,0.0,0.0,0.0,0.0,0.0
401882873,2026-09-16,laliga,2026,14357,Sevilla,Deportivo,0,279738,Juan Iglesias,RB,1,1.0,2,1.0,1.0,0.0,0.0,0.0,0.0,0.0,,0.0,0.0,0.0,0.0,0.0,1.0
401882873,2026-09-16,laliga,2026,14357,Sevilla,Deportivo,0,254320,Jon Guridi,AM,1,1.0,18,2.0,1.0,0.0,0.0,0.0,0.0,0.0,,0.0,0.0,0.0,0.0,1.0,1.0
401882873,2026-09-16,laliga,2026,14357,Sevilla,Deportivo,0,277307,Youssouf Fofana,LM,1,1.0,24,0.0,0.0,0.0,0.0,0.0,0.0,0.0,,0.0,0.0,0.0,0.0,0.0,0.0
401882873,2026-09-16,laliga,2026,14357,Sevilla,Deportivo,0,282289,Lucien Agoumé,RM,1,1.0,6,1.0,0.0,0.0,0.0,0.0,0.0,0.0,,0.0,0.0,0.0,0.0,1.0,0.0
401882873,2026-09-16,laliga,2026,14357,Sevilla,Deportivo,0,323033,Lucas Stassin,F,1,1.0,19,0.0,1.0,0.0,0.0,0.0,0.0,0.0,,0.0,2.0,0.0,0.0,4.0,0.0
401882873,2026-09-16,laliga,2026,14357,Sevilla,Deportivo,0,288900,Felix Correia,AM-L,1,1.0,20,4.0,1.0,0.0,0.0,0.0,0.0,0.0,,0.0,1.0,0.0,0.0,1.0,0.0
401882873,2026-09-16,laliga,2026,14357,Sevilla,Deportivo,0,375514,Miguel Sierra,AM-R,1,1.0,30,2.0,3.0,0.0,0.0,0.0,0.0,0.0,,0.0,2.0,0.0,1.0,2.0,0.0
401882873,2026-09-16,laliga,2026,14357,Sevilla,Deportivo,0,254270,Chidera Ejuke,SUB,0,0.0,21,0.0,0.0,0.0,0.0,0.0,0.0,0.0,,0.0,0.0,0.0,0.0,0.0,0.0
401882873,2026-09-16,laliga,2026,14357,Sevilla,Deportivo,0,362874,Fran González,SUB,0,0.0,13,0.0,0.0,0.0,0.0,,0.0,0.0,0.0,0.0,0.0,0.0,0.0,0.0,0.0
401882873,2026-09-16,laliga,2026,14357,Sevilla,Deportivo,0,258923,Giorgi Kochorashvili,SUB,0,1.0,8,0.0,0.0,0.0,0.0,0.0,0.0,0.0,,0.0,0.0,1.0,0.0,1.0,0.0
401882873,2026-09-16,laliga,2026,14357,Sevilla,Deportivo,0,250508,José Ángel Carmona,SUB,0,0.0,22,0.0,0.0,0.0,0.0,0.0,0.0,0.0,,0.0,0.0,0.0,0.0,0.0,0.0
401882873,2026-09-16,laliga,2026,14357,Sevilla,Deportivo,0,347359,Peque,SUB,0,0.0,10,0.0,0.0,0.0,0.0,0.0,0.0,0.0,,0.0,0.0,0.0,0.0,0.0,0.0
401882873,2026-09-16,laliga,2026,14357,Sevilla,Deportivo,0,203112,Marcão,SUB,0,0.0,23,0.0,0.0,0.0,0.0,0.0,0.0,0.0,,0.0,0.0,0.0,0.0,0.0,0.0
401882873,2026-09-16,laliga,2026,14357,Sevilla,Deportivo,0,322993,Robbie Ure,SUB,0,1.0,9,1.0,0.0,0.0,0.0,0.0,0.0,0.0,,0.0,0.0,1.0,0.0,0.0,0.0
401882873,2026-09-16,laliga,2026,14357,Sevilla,Deportivo,0,415742,Iker Ortín,SUB,0,0.0,34,0.0,0.0,0.0,0.0,0.0,0.0,0.0,,0.0,0.0,0.0,0.0,0.0,0.0
401882873,2026-09-16,laliga,2026,14357,Sevilla,Deportivo,0,365821,Isaac Romero,SUB,0,1.0,16,1.0,1.0,0.0,0.0,0.0,0.0,0.0,,0.0,0.0,1.0,0.0,0.0,1.0
401882873,2026-09-16,laliga,2026,14357,Sevilla,Deportivo,0,356228,Manu Bueno,SUB,0,0.0,14,0.0,0.0,0.0,0.0,0.0,0.0,0.0,,0.0,0.0,0.0,0.0,0.0,0.0
401882873,2026-09-16,laliga,2026,14357,Sevilla,Deportivo,0,387493,Julio Díaz,SUB,0,1.0,3,0.0,1.0,0.0,0.0,0.0,0.0,0.0,,0.0,0.0,1.0,0.0,0.0,0.0
401882873,2026-09-16,laliga,2026,14357,Sevilla,Deportivo,0,271635,Alfonso González,SUB,0,0.0,7,0.0,0.0,0.0,0.0,0.0,0.0,0.0,,0.0,0.0,0.0,0.0,0.0,0.0
401882875,2026-09-16,laliga,2026,14357,Atlético Madrid,Osasuna,1,149622,Jan Oblak,G,1,1.0,13,0.0,0.0,0.0,0.0,,0.0,0.0,1.0,0.0,0.0,0.0,0.0,0.0,0.0
401882875,2026-09-16,laliga,2026,14357,Atlético Madrid,Osasuna,1,214888,Robin Le Normand,CD-L,1,1.0,24,0.0,2.0,0.0,0.0,0.0,0.0,0.0,,0.0,1.0,0.0,1.0,1.0,0.0
401882875,2026-09-16,laliga,2026,14357,Atlético Madrid,Osasuna,1,96970,Cristian Romero,CD-R,1,1.0,21,1.0,1.0,0.0,0.0,0.0,0.0,0.0,,0.0,1.0,0.0,0.0,2.0,0.0
401882875,2026-09-16,laliga,2026,14357,Atlético Madrid,Osasuna,1,166396,Alejandro Grimaldo,LB,1,1.0,22,0.0,2.0,0.0,0.0,0.0,0.0,0.0,,0.0,0.0,0.0,0.0,2.0,0.0
401882875,2026-09-16,laliga,2026,14357,Atlético Madrid,Osasuna,1,206474,Marcos Llorente,RB,1,1.0,14,0.0,0.0,0.0,0.0,0.0,0.0,0.0,,0.0,0.0,0.0,0.0,0.0,0.0
401882875,2026-09-16,laliga,2026,14357,Atlético Madrid,Osasuna,1,290802,Johnny Cardoso,CM-L,1,1.0,5,0.0,0.0,1.0,0.0,0.0,0.0,0.0,,0.0,0.0,0.0,0.0,1.0,0.0
401882875,2026-09-16,laliga,2026,14357,Atlético Madrid,Osasuna,1,140791,Koke,CM-R,1,1.0,6,1.0,0.0,0.0,0.0,0.0,0.0,0.0,,0.0,0.0,0.0,0.0,0.0,0.0
401882875,2026-09-16,laliga,2026,14357,Atlético Madrid,Osasuna,1,297373,Álex Baena,LM,1,1.0,10,0.0,2.0,0.0,0.0,0.0,0.0,0.0,,0.0,2.0,0.0,1.0,5.0,0.0
401882875,2026-09-16,laliga,2026,14357,Atlético Madrid,Osasuna,1,274197,Lee Kang-In,RM,1,1.0,7,1.0,1.0,0.0,0.0,1.0,0.0,0.0,,0.0,4.0,0.0,1.0,6.0,0.0
401882875,2026-09-16,laliga,2026,14357,Atlético Madrid,Osasuna,1,229645,Ademola Lookman,CF-L,1,1.0,11,1.0,1.0,0.0,0.0,0.0,0.0,0.0,,0.0,0.0,0.0,0.0,3.0,1.0
401882875,2026-09-16,laliga,2026,14357,Atlético Madrid,Osasuna,1,273499,Jonathan David,CF-R,1,1.0,15,0.0,2.0,1.0,0.0,0.0,0.0,0.0,,0.0,3.0,0.0,1.0,6.0,0.0
401882875,2026-09-16,laliga,2026,14357,Atlético Madrid,Osasuna,1,257786,Dávid Hancko,SUB,0,1.0,17,1.0,0.0,0.0,0.0,0.0,0.0,0.0,,0.0,0.0,1.0,0.0,0.0,0.0
401882875,2026-09-16,laliga,2026,14357,Atlético Madrid,Osasuna,1,332613,Marc Pubill,SUB,0,1.0,18,0.0,0.0,0.0,0.0,0.0,0.0,0.0,,0.0,0.0,1.0,0.0,1.0,0.0
401882875,2026-09-16,laliga,2026,14357,Atlético Madrid,Osasuna,1,74630,Rodrigo Mendoza,SUB,0,0.0,4,0.0,0.0,0.0,0.0,0.0,0.0,0.0,,0.0,0.0,0.0,0.0,0.0,0.0
401882875,2026-09-16,laliga,2026,14357,Atlético Madrid,Osasuna,1,323838,Giuliano Simeone,SUB,0,1.0,20,1.0,0.0,0.0,0.0,0.0,0.0,0.0,,0.0,0.0,1.0,0.0,0.0,0.0
401882875,2026-09-16,laliga,2026,14357,Atlético Madrid,Osasuna,1,177927,Juan Musso,SUB,0,0.0,1,0.0,0.0,0.0,0.0,,0.0,0.0,0.0,0.0,0.0,0.0,0.0,0.0,0.0
401882875,2026-09-16,laliga,2026,14357,Atlético Madrid,Osasuna,1,184757,Jorge Castillo,SUB,0,0.0,46,0.0,0.0,0.0,0.0,0.0,0.0,0.0,,0.0,0.0,0.0,0.0,0.0,0.0
401882875,2026-09-16,laliga,2026,14357,Atlético Madrid,Osasuna,1,405502,Salvi Esquivel,SUB,0,0.0,25,0.0,0.0,0.0,0.0,,0.0,0.0,0.0,0.0,0.0,0.0,0.0,0.0,0.0
401882875,2026-09-16,laliga,2026,14357,Atlético Madrid,Osasuna,1,328289,Arnau Ortiz,SUB,0,1.0,16,1.0,1.0,0.0,0.0,0.0,0.0,0.0,,0.0,0.0,1.0,0.0,0.0,0.0
401882875,2026-09-16,laliga,2026,14357,Atlético Madrid,Osasuna,1,318554,Obed Vargas,SUB,0,0.0,3,0.0,0.0,0.0,0.0,0.0,0.0,0.0,,0.0,0.0,0.0,0.0,0.0,0.0
401882875,2026-09-16,laliga,2026,14357,Atlético Madrid,Osasuna,1,274911,Morten Hjulmand,SUB,0,1.0,23,0.0,0.0,0.0,0.0,0.0,0.0,0.0,,0.0,0.0,1.0,0.0,0.0,0.0
401882875,2026-09-16,laliga,2026,14357,Atlético Madrid,Osasuna,1,368593,Daniel Martinez,SUB,0,0.0,30,0.0,0.0,0.0,0.0,0.0,0.0,0.0,,0.0,0.0,0.0,0.0,0.0,0.0
401882875,2026-09-16,laliga,2026,14357,Atlético Madrid,Osasuna,1,354378,Jorge Domínguez,SUB,0,0.0,27,0.0,0.0,0.0,0.0,0.0,0.0,0.0,,0.0,0.0,0.0,0.0,0.0,0.0
401882875,2026-09-16,laliga,2026,14357,Osasuna,Atlético Madrid,0,144759,Aitor Fernández,G,1,1.0,13,0.0,0.0,0.0,4.0,,0.0,0.0,7.0,0.0,0.0,0.0,0.0,0.0,0.0
401882875,2026-09-16,laliga,2026,14357,Osasuna,Atlético Madrid,0,307905,Enzo Boyomo,CD,1,1.0,22,0.0,0.0,0.0,4.0,0.0,0.0,0.0,,0.0,0.0,0.0,0.0,0.0,0.0
401882875,2026-09-16,laliga,2026,14357,Osasuna,Atlético Madrid,0,415867,Unai Santos,CD-L,1,1.0,35,3.0,0.0,0.0,4.0,0.0,0.0,0.0,,0.0,0.0,0.0,0.0,1.0,0.0
401882875,2026-09-16,laliga,2026,14357,Osasuna,Atlético Madrid,0,366598,Rockson Yeboah,CD-R,1,1.0,48,1.0,1.0,0.0,4.0,0.0,0.0,0.0,,0.0,0.0,0.0,0.0,0.0,0.0
401882875,2026-09-16,laliga,2026,14357,Osasuna,Atlético Madrid,0,300284,Abel Bretones,LB,1,1.0,23,1.0,0.0,0.0,4.0,0.0,0.0,0.0,,0.0,0.0,0.0,0.0,0.0,1.0
401882875,2026-09-16,laliga,2026,14357,Osasuna,Atlético Madrid,0,380918,Iñigo Arguibide,RB,1,1.0,27,1.0,0.0,0.0,3.0,0.0,0.0,0.0,,0.0,0.0,0.0,0.0,0.0,0.0
401882875,2026-09-16,laliga,2026,14357,Osasuna,Atlético Madrid,0,381628,Asier Osambela,CM-L,1,1.0,29,2.0,0.0,0.0,3.0,0.0,0.0,0.0,,0.0,0.0,0.0,0.0,0.0,0.0
401882875,2026-09-16,laliga,2026,14357,Osasuna,Atlético Madrid,0,170154,Lucas Torró,CM-R,1,1.0,6,1.0,1.0,0.0,4.0,0.0,0.0,0.0,,0.0,0.0,0.0,0.0,0.0,0.0
401882875,2026-09-16,laliga,2026,14357,Osasuna,Atlético Madrid,0,303906,Raúl Moro,LM,1,1.0,18,1.0,0.0,0.0,2.0,0.0,0.0,0.0,,0.0,0.0,0.0,0.0,1.0,0.0
401882875,2026-09-16,laliga,2026,14357,Osasuna,Atlético Madrid,0,311969,Jonathan Dubasin,RM,1,1.0,21,0.0,1.0,0.0,2.0,0.0,0.0,0.0,,0.0,0.0,0.0,0.0,0.0,0.0
401882875,2026-09-16,laliga,2026,14357,Osasuna,Atlético Madrid,0,296163,Raúl García,F,1,1.0,9,1.0,0.0,0.0,2.0,0.0,0.0,0.0,,0.0,1.0,0.0,0.0,1.0,0.0
401882875,2026-09-16,laliga,2026,14357,Osasuna,Atlético Madrid,0,359154,Iker Muñoz,SUB,0,0.0,8,0.0,0.0,0.0,0.0,0.0,0.0,0.0,,0.0,0.0,0.0,0.0,0.0,0.0
401882875,2026-09-16,laliga,2026,14357,Osasuna,Atlético Madrid,0,230896,Romain Del Castillo,SUB,0,1.0,20,0.0,0.0,0.0,1.0,0.0,0.0,0.0,,0.0,0.0,1.0,0.0,0.0,0.0
401882875,2026-09-16,laliga,2026,14357,Osasuna,Atlético Madrid,0,191360,Sergio Herrera,SUB,0,0.0,1,0.0,0.0,0.0,0.0,,0.0,0.0,0.0,0.0,0.0,0.0,0.0,0.0,0.0
401882875,2026-09-16,laliga,2026,14357,Osasuna,Atlético Madrid,0,207288,Ante Budimir,SUB,0,1.0,17,0.0,1.0,0.0,2.0,1.0,0.0,0.0,,0.0,0.0,1.0,0.0,0.0,0.0
401882875,2026-09-16,laliga,2026,14357,Osasuna,Atlético Madrid,0,409475,Mauro Echegoyen,SUB,0,0.0,26,0.0,0.0,0.0,0.0,0.0,0.0,0.0,,0.0,0.0,0.0,0.0,0.0,0.0
401882875,2026-09-16,laliga,2026,14357,Osasuna,Atlético Madrid,0,403704,Rafa Fernández,SUB,0,0.0,31,0.0,0.0,0.0,0.0,,0.0,0.0,0.0,0.0,0.0,0.0,0.0,0.0,0.0
401882875,2026-09-16,laliga,2026,14357,Osasuna,Atlético Madrid,0,286176,Jon Moncayola,SUB,0,1.0,7,0.0,0.0,0.0,1.0,0.0,0.0,0.0,,0.0,0.0,1.0,0.0,0.0,0.0
401882875,2026-09-16,laliga,2026,14357,Osasuna,Atlético Madrid,0,209580,Enrique Barja,SUB,0,1.0,11,0.0,0.0,0.0,2.0,0.0,0.0,0.0,,0.0,0.0,1.0,0.0,0.0,0.0
401882875,2026-09-16,laliga,2026,14357,Osasuna,Atlético Madrid,0,178328,Rubén García,SUB,0,1.0,14,1.0,0.0,0.0,2.0,0.0,0.0,0.0,,0.0,0.0,1.0,0.0,0.0,1.0
401882875,2026-09-16,laliga,2026,14357,Osasuna,Atlético Madrid,0,3129002,Asier Bonel Aicua,SUB,0,0.0,30,0.0,0.0,0.0,0.0,0.0,0.0,0.0,,0.0,0.0,0.0,0.0,0.0,0.0
401882875,2026-09-16,laliga,2026,14357,Osasuna,Atlético Madrid,0,264175,Alejandro Catena,SUB,0,0.0,24,0.0,0.0,0.0,0.0,0.0,0.0,0.0,,0.0,0.0,0.0,0.0,0.0,0.0
401882875,2026-09-16,laliga,2026,14357,Osasuna,Atlético Madrid,0,193943,Diego Rico,SUB,0,0.0,15,0.0,0.0,0.0,0.0,0.0,0.0,0.0,,0.0,0.0,0.0,0.0,0.0,0.0
401882869,2026-09-17,laliga,2026,14357,Málaga,Villarreal,1,240624,Alfonso Herrero,G,1,1.0,1,1.0,0.0,0.0,3.0,,0.0,0.0,3.0,0.0,0.0,0.0,0.0,0.0,1.0
401882869,2026-09-17,laliga,2026,14357,Málaga,Villarreal,1,192430,Einar Galilea,CD-L,1,1.0,4,2.0,1.0,0.0,3.0,0.0,0.0,0.0,,0.0,0.0,0.0,0.0,0.0,1.0
401882869,2026-09-17,laliga,2026,14357,Málaga,Villarreal,1,319783,Ángel Recio,CD-R,1,1.0,15,0.0,0.0,0.0,3.0,0.0,0.0,0.0,,0.0,0.0,0.0,0.0,0.0,0.0
401882869,2026-09-17,laliga,2026,14357,Málaga,Villarreal,1,371564,Izan Merino,DM,1,1.0,23,1.0,0.0,0.0,2.0,0.0,0.0,0.0,,0.0,0.0,0.0,0.0,0.0,0.0
401882869,2026-09-17,laliga,2026,14357,Málaga,Villarreal,1,184488,José Salinas,LB,1,1.0,12,4.0,0.0,0.0,2.0,0.0,0.0,0.0,,0.0,0.0,0.0,0.0,0.0,1.0
401882869,2026-09-17,laliga,2026,14357,Málaga,Villarreal,1,331785,Carlos Puga,RB,1,1.0,3,3.0,2.0,0.0,2.0,0.0,0.0,0.0,,0.0,0.0,0.0,0.0,0.0,0.0
401882869,2026-09-17,laliga,2026,14357,Málaga,Villarreal,1,324098,Carlos Dotor,CM-L,1,1.0,8,2.0,1.0,0.0,2.0,0.0,0.0,0.0,,0.0,1.0,0.0,1.0,1.0,0.0
401882869,2026-09-17,laliga,2026,14357,Málaga,Villarreal,1,297828,David Larrubia,CM-R,1,1.0,10,2.0,1.0,0.0,3.0,0.0,0.0,0.0,,0.0,0.0,0.0,0.0,0.0,1.0
401882869,2026-09-17,laliga,2026,14357,Málaga,Villarreal,1,271151,Pablo Martínez,LM,1,1.0,18,0.0,1.0,0.0,3.0,0.0,0.0,0.0,,0.0,0.0,0.0,0.0,1.0,0.0
401882869,2026-09-17,laliga,2026,14357,Málaga,Villarreal,1,145565,Juan Cruz,RM,1,1.0,19,0.0,1.0,1.0,2.0,0.0,0.0,0.0,,0.0,0.0,0.0,0.0,0.0,0.0
401882869,2026-09-17,laliga,2026,14357,Málaga,Villarreal,1,388602,Chupete,F,1,1.0,9,0.0,1.0,0.0,3.0,0.0,0.0,0.0,,0.0,0.0,0.0,0.0,1.0,0.0
401882869,2026-09-17,laliga,2026,14357,Málaga,Villarreal,1,3110513,Juani,SUB,0,0.0,32,0.0,0.0,0.0,0.0,0.0,0.0,0.0,,0.0,0.0,0.0,0.0,0.0,0.0
401882869,2026-09-17,laliga,2026,14357,Málaga,Villarreal,1,357858,Rafa Rodríguez,SUB,0,0.0,14,0.0,0.0,0.0,0.0,0.0,0.0,0.0,,0.0,0.0,0.0,0.0,0.0,0.0
401882869,2026-09-17,laliga,2026,14357,Málaga,Villarreal,1,331533,Daniel Lorenzo,SUB,0,1.0,22,0.0,0.0,0.0,1.0,0.0,0.0,0.0,,0.0,0.0,1.0,0.0,0.0,0.0
401882869,2026-09-17,laliga,2026,14357,Málaga,Villarreal,1,270610,Eneko Jauregui,SUB,0,0.0,17,0.0,0.0,0.0,0.0,0.0,0.0,0.0,,0.0,0.0,0.0,0.0,0.0,0.0
401882869,2026-09-17,laliga,2026,14357,Málaga,Villarreal,1,373542,Adrián Niño,SUB,0,1.0,21,0.0,0.0,0.0,1.0,1.0,0.0,0.0,,0.0,0.0,1.0,0.0,1.0,0.0
401882869,2026-09-17,laliga,2026,14357,Málaga,Villarreal,1,355503,Carlos López,SUB,0,0.0,13,0.0,0.0,0.0,0.0,,0.0,0.0,0.0,0.0,0.0,0.0,0.0,0.0,0.0
401882869,2026-09-17,laliga,2026,14357,Málaga,Villarreal,1,310869,Álex Pastor,SUB,0,0.0,5,0.0,0.0,0.0,0.0,0.0,0.0,0.0,,0.0,0.0,0.0,0.0,0.0,0.0
401882869,2026-09-17,laliga,2026,14357,Málaga,Villarreal,1,262061,Juan Berrocal,SUB,0,0.0,25,0.0,0.0,0.0,0.0,0.0,0.0,0.0,,0.0,0.0,0.0,0.0,0.0,0.0
401882869,2026-09-17,laliga,2026,14357,Málaga,Villarreal,1,376166,Rafa Garrido,SUB,0,1.0,31,1.0,2.0,0.0,1.0,0.0,0.0,0.0,,0.0,0.0,1.0,0.0,0.0,0.0
401882869,2026-09-17,laliga,2026,14357,Málaga,Villarreal,1,292225,Ramón Enríquez,SUB,0,1.0,6,1.0,0.0,0.0,1.0,0.0,0.0,0.0,,0.0,0.0,1.0,0.0,0.0,1.0
401882869,2026-09-17,laliga,2026,14357,Málaga,Villarreal,1,180444,Joaquín Muñoz,SUB,0,1.0,11,0.0,0.0,0.0,1.0,0.0,0.0,0.0,,0.0,0.0,1.0,0.0,1.0,0.0
401882869,2026-09-17,laliga,2026,14357,Villarreal,Málaga,0,119620,Péter Gulácsi,G,1,1.0,25,0.0,0.0,0.0,1.0,,0.0,0.0,0.0,0.0,0.0,0.0,0.0,0.0,0.0
401882869,2026-09-17,laliga,2026,14357,Villarreal,Málaga,0,337011,Renato Veiga,CD-L,1,1.0,12,0.0,0.0,0.0,1.0,1.0,0.0,0.0,,0.0,0.0,0.0,0.0,1.0,0.0
401882869,2026-09-17,laliga,2026,14357,Villarreal,Málaga,0,368878,Pau Navarro,CD-R,1,1.0,6,2.0,0.0,0.0,1.0,0.0,0.0,0.0,,0.0,0.0,0.0,0.0,0.0,0.0
401882869,2026-09-17,laliga,2026,14357,Villarreal,Málaga,0,289072,Sergi Cardona,LB,1,1.0,23,1.0,1.0,0.0,1.0,1.0,0.0,0.0,,0.0,0.0,0.0,0.0,2.0,0.0
401882869,2026-09-17,laliga,2026,14357,Villarreal,Málaga,0,248276,Alex Freeman,RB,1,1.0,3,1.0,1.0,0.0,1.0,1.0,0.0,0.0,,0.0,0.0,0.0,0.0,0.0,0.0
401882869,2026-09-17,laliga,2026,14357,Villarreal,Málaga,0,240623,Santi Comesaña,CM-L,1,1.0,14,1.0,3.0,0.0,1.0,0.0,0.0,0.0,,0.0,0.0,0.0,0.0,0.0,0.0
401882869,2026-09-17,laliga,2026,14357,Villarreal,Málaga,0,311163,Nathan Saliba,CM-R,1,1.0,24,1.0,1.0,0.0,1.0,0.0,0.0,0.0,,0.0,0.0,0.0,0.0,0.0,0.0
401882869,2026-09-17,laliga,2026,14357,Villarreal,Málaga,0,284769,Tajon Buchanan,LM,1,1.0,17,2.0,4.0,0.0,1.0,0.0,0.0,0.0,,0.0,1.0,0.0,0.0,2.0,0.0
401882869,2026-09-17,laliga,2026,14357,Villarreal,Málaga,0,331047,Ilias Akhomach,RM,1,1.0,11,2.0,1.0,1.0,1.0,0.0,0.0,0.0,,0.0,1.0,0.0,0.0,1.0,1.0
401882869,2026-09-17,laliga,2026,14357,Villarreal,Málaga,0,192133,Ayoze Pérez,CF-L,1,1.0,22,0.0,1.0,1.0,1.0,0.0,0.0,0.0,,0.0,1.0,0.0,0.0,3.0,0.0
401882869,2026-09-17,laliga,2026,14357,Villarreal,Málaga,0,307390,Alberto Moleiro,CF-R,1,1.0,10,0.0,2.0,0.0,1.0,0.0,0.0,0.0,,0.0,2.0,0.0,1.0,3.0,0.0
401882869,2026-09-17,laliga,2026,14357,Villarreal,Málaga,0,156172,Gerard Moreno,SUB,0,0.0,7,0.0,0.0,0.0,0.0,0.0,0.0,0.0,,0.0,0.0,0.0,0.0,0.0,0.0
401882869,2026-09-17,laliga,2026,14357,Villarreal,Málaga,0,415438,Carlos Macià,SUB,0,1.0,16,0.0,1.0,0.0,0.0,0.0,0.0,0.0,,0.0,0.0,1.0,0.0,0.0,0.0
401882869,2026-09-17,laliga,2026,14357,Villarreal,Málaga,0,255889,Pape Gueye,SUB,0,1.0,18,0.0,1.0,0.0,0.0,0.0,0.0,0.0,,0.0,2.0,1.0,2.0,2.0,0.0
401882869,2026-09-17,laliga,2026,14357,Villarreal,Málaga,0,318098,Santiago Mouriño,SUB,0,1.0,15,0.0,0.0,0.0,0.0,0.0,0.0,0.0,,0.0,0.0,1.0,0.0,0.0,0.0
401882869,2026-09-17,laliga,2026,14357,Villarreal,Málaga,0,396751,Alassane Diatta,SUB,0,0.0,5,0.0,0.0,0.0,0.0,0.0,0.0,0.0,,0.0,0.0,0.0,0.0,0.0,0.0
401882869,2026-09-17,laliga,2026,14357,Villarreal,Málaga,0,307648,Luiz Júnior,SUB,0,0.0,1,0.0,0.0,0.0,0.0,,0.0,0.0,0.0,0.0,0.0,0.0,0.0,0.0,0.0
401882869,2026-09-17,laliga,2026,14357,Villarreal,Málaga,0,271129,Logan Costa,SUB,0,0.0,2,0.0,0.0,0.0,0.0,0.0,0.0,0.0,,0.0,0.0,0.0,0.0,0.0,0.0
401882869,2026-09-17,laliga,2026,14357,Villarreal,Málaga,0,271904,Carlos Romero,SUB,0,1.0,20,0.0,1.0,0.0,0.0,0.0,0.0,0.0,,0.0,0.0,1.0,0.0,1.0,0.0
401882869,2026-09-17,laliga,2026,14357,Villarreal,Málaga,0,343640,Rubén Gómez,SUB,0,0.0,13,0.0,0.0,0.0,0.0,,0.0,0.0,0.0,0.0,0.0,0.0,0.0,0.0,0.0
401882869,2026-09-17,laliga,2026,14357,Villarreal,Málaga,0,300002,Georges Mikautadze,SUB,0,1.0,9,0.0,0.0,0.0,0.0,0.0,0.0,0.0,,0.0,0.0,1.0,0.0,1.0,0.0
401882869,2026-09-17,laliga,2026,14357,Villarreal,Málaga,0,210397,Nicolas Pépé,SUB,0,0.0,19,0.0,0.0,0.0,0.0,0.0,0.0,0.0,,0.0,0.0,0.0,0.0,0.0,0.0
401882869,2026-09-17,laliga,2026,14357,Villarreal,Málaga,0,294039,Tani Oluwaseyi,SUB,0,0.0,21,0.0,0.0,0.0,0.0,0.0,0.0,0.0,,0.0,0.0,0.0,0.0,0.0,0.0
401882874,2026-09-17,laliga,2026,14357,Real Betis,Getafe,1,283892,Álvaro Valles,G,1,1.0,1,0.0,0.0,0.0,0.0,,0.0,0.0,2.0,0.0,0.0,0.0,0.0,0.0,0.0
401882874,2026-09-17,laliga,2026,14357,Real Betis,Getafe,1,336480,Valentín Gómez,CD-L,1,1.0,16,1.0,2.0,0.0,0.0,0.0,0.0,0.0,,0.0,0.0,0.0,0.0,0.0,0.0
401882874,2026-09-17,laliga,2026,14357,Real Betis,Getafe,1,301526,Natan,CD-R,1,1.0,4,0.0,2.0,0.0,0.0,0.0,0.0,0.0,,0.0,0.0,0.0,0.0,0.0,0.0
401882874,2026-09-17,laliga,2026,14357,Real Betis,Getafe,1,269655,Junior Firpo,LB,1,1.0,23,3.0,1.0,0.0,0.0,0.0,0.0,0.0,,0.0,0.0,0.0,0.0,0.0,0.0
401882874,2026-09-17,laliga,2026,14357,Real Betis,Getafe,1,395941,Ángel Ortiz,RB,1,1.0,12,2.0,0.0,0.0,0.0,0.0,0.0,0.0,,0.0,0.0,0.0,0.0,0.0,1.0
401882874,2026-09-17,laliga,2026,14357,Real Betis,Getafe,1,143564,Isco,AM,1,1.0,22,0.0,5.0,0.0,0.0,0.0,0.0,0.0,,0.0,1.0,0.0,0.0,4.0,0.0
401882874,2026-09-17,laliga,2026,14357,Real Betis,Getafe,1,359912,Facundo Bernal,LM,1,1.0,6,2.0,1.0,0.0,0.0,0.0,0.0,0.0,,0.0,0.0,0.0,0.0,3.0,0.0
401882874,2026-09-17,laliga,2026,14357,Real Betis,Getafe,1,322908,Nelson Deossa,RM,1,1.0,18,2.0,3.0,0.0,0.0,0.0,0.0,0.0,,0.0,0.0,0.0,0.0,2.0,0.0
401882874,2026-09-17,laliga,2026,14357,Real Betis,Getafe,1,279790,Troy Parrott,F,1,1.0,19,0.0,1.0,1.0,0.0,0.0,0.0,0.0,,0.0,1.0,0.0,0.0,1.0,0.0
401882874,2026-09-17,laliga,2026,14357,Real Betis,Getafe,1,300912,Abde Ezzalzouli,AM-L,1,1.0,10,1.0,3.0,0.0,0.0,0.0,0.0,0.0,,0.0,1.0,0.0,1.0,1.0,0.0
401882874,2026-09-17,laliga,2026,14357,Real Betis,Getafe,1,281558,Antony,AM-R,1,1.0,7,1.0,2.0,0.0,0.0,0.0,0.0,0.0,,0.0,4.0,0.0,0.0,9.0,0.0
401882874,2026-09-17,laliga,2026,14357,Real Betis,Getafe,1,178978,Héctor Bellerín,SUB,0,1.0,2,1.0,0.0,0.0,0.0,0.0,0.0,0.0,,0.0,0.0,1.0,0.0,0.0,0.0
401882874,2026-09-17,laliga,2026,14357,Real Betis,Getafe,1,202717,Dani Ceballos,SUB,0,1.0,25,0.0,3.0,0.0,0.0,0.0,0.0,0.0,,0.0,0.0,1.0,0.0,1.0,0.0
401882874,2026-09-17,laliga,2026,14357,Real Betis,Getafe,1,145078,Marc Bartra,SUB,0,0.0,5,0.0,0.0,0.0,0.0,0.0,0.0,0.0,,0.0,0.0,0.0,0.0,0.0,0.0
401882874,2026-09-17,laliga,2026,14357,Real Betis,Getafe,1,292222,Iker Losada,SUB,0,0.0,14,0.0,0.0,0.0,0.0,0.0,0.0,0.0,,0.0,0.0,0.0,0.0,0.0,0.0
401882874,2026-09-17,laliga,2026,14357,Real Betis,Getafe,1,70224,Rodrigo Riquelme,SUB,0,1.0,17,0.0,1.0,0.0,0.0,0.0,0.0,0.0,,0.0,1.0,1.0,0.0,1.0,0.0
401882874,2026-09-17,laliga,2026,14357,Real Betis,Getafe,1,283827,Álvaro Fidalgo,SUB,0,1.0,15,0.0,0.0,0.0,0.0,0.0,0.0,0.0,,0.0,0.0,1.0,0.0,0.0,0.0
401882874,2026-09-17,laliga,2026,14357,Real Betis,Getafe,1,227714,Pablo Fornals,SUB,0,0.0,8,0.0,0.0,0.0,0.0,0.0,0.0,0.0,,0.0,0.0,0.0,0.0,0.0,0.0
401882874,2026-09-17,laliga,2026,14357,Real Betis,Getafe,1,390091,Manu González,SUB,0,0.0,31,0.0,0.0,0.0,0.0,,0.0,0.0,0.0,0.0,0.0,0.0,0.0,0.0,0.0
401882874,2026-09-17,laliga,2026,14357,Real Betis,Getafe,1,213050,Fran García,SUB,0,0.0,11,0.0,0.0,0.0,0.0,0.0,0.0,0.0,,0.0,0.0,0.0,0.0,0.0,0.0
401882874,2026-09-17,laliga,2026,14357,Real Betis,Getafe,1,207343,Giovani Lo Celso,SUB,0,0.0,20,0.0,0.0,0.0,0.0,0.0,0.0,0.0,,0.0,0.0,0.0,0.0,0.0,0.0
401882874,2026-09-17,laliga,2026,14357,Real Betis,Getafe,1,336809,Cucho Hernández,SUB,0,1.0,9,0.0,0.0,0.0,0.0,0.0,0.0,0.0,,0.0,0.0,1.0,0.0,0.0,0.0
401882874,2026-09-17,laliga,2026,14357,Real Betis,Getafe,1,242008,Marc Roca,SUB,0,0.0,21,0.0,0.0,0.0,0.0,0.0,0.0,0.0,,0.0,0.0,0.0,0.0,0.0,0.0
401882874,2026-09-17,laliga,2026,14357,Getafe,Real Betis,0,196339,David Soria,G,1,1.0,13,0.0,0.0,0.0,1.0,,0.0,0.0,6.0,0.0,0.0,0.0,0.0,0.0,0.0
401882874,2026-09-17,laliga,2026,14357,Getafe,Real Betis,0,300111,Zaid Romero,CD-L,1,1.0,24,0.0,0.0,0.0,1.0,0.0,0.0,0.0,,0.0,0.0,0.0,0.0,0.0,0.0
401882874,2026-09-17,laliga,2026,14357,Getafe,Real Betis,0,181355,Djené,CD-R,1,1.0,2,1.0,1.0,0.0,1.0,0.0,0.0,0.0,,0.0,0.0,0.0,0.0,0.0,0.0
401882874,2026-09-17,laliga,2026,14357,Getafe,Real Betis,0,136673,Nemanja Gudelj,DM,1,1.0,8,4.0,0.0,0.0,1.0,0.0,0.0,0.0,,0.0,0.0,0.0,0.0,2.0,1.0
401882874,2026-09-17,laliga,2026,14357,Getafe,Real Betis,0,406832,Davinchi,LB,1,1.0,3,2.0,0.0,0.0,1.0,0.0,0.0,0.0,,0.0,0.0,0.0,0.0,0.0,1.0
401882874,2026-09-17,laliga,2026,14357,Getafe,Real Betis,0,356080,Andrés García,RB,1,1.0,21,1.0,0.0,0.0,1.0,0.0,0.0,0.0,,0.0,0.0,0.0,0.0,0.0,0.0
401882874,2026-09-17,laliga,2026,14357,Getafe,Real Betis,0,357147,Mario Martín,CM-L,1,1.0,6,3.0,2.0,0.0,1.0,0.0,0.0,1.0,,0.0,1.0,0.0,0.0,2.0,0.0
401882874,2026-09-17,laliga,2026,14357,Getafe,Real Betis,0,228424,Orel Mangala,CM-R,1,1.0,23,5.0,1.0,0.0,1.0,0.0,0.0,0.0,,0.0,0.0,0.0,0.0,0.0,0.0
401882874,2026-09-17,laliga,2026,14357,Getafe,Real Betis,0,284854,Martín Satriano,LM,1,1.0,10,2.0,1.0,0.0,1.0,0.0,0.0,0.0,,0.0,0.0,0.0,0.0,1.0,0.0
401882874,2026-09-17,laliga,2026,14357,Getafe,Real Betis,0,307186,Francho Serrano,RM,1,1.0,16,1.0,2.0,0.0,1.0,0.0,0.0,0.0,,0.0,0.0,0.0,0.0,0.0,0.0
401882874,2026-09-17,laliga,2026,14357,Getafe,Real Betis,0,310259,Ivan Azón,F,1,1.0,20,1.0,3.0,0.0,1.0,2.0,0.0,0.0,,0.0,1.0,0.0,0.0,2.0,0.0
401882874,2026-09-17,laliga,2026,14357,Getafe,Real Betis,0,314403,Saba Sazonov,SUB,0,0.0,4,0.0,0.0,0.0,0.0,0.0,0.0,0.0,,0.0,0.0,0.0,0.0,0.0,0.0
401882874,2026-09-17,laliga,2026,14357,Getafe,Real Betis,0,383912,Alberto Risco,SUB,0,1.0,28,1.0,0.0,0.0,0.0,0.0,0.0,0.0,,0.0,0.0,1.0,0.0,1.0,0.0
401882874,2026-09-17,laliga,2026,14357,Getafe,Real Betis,0,388898,Diego Ferrer,SUB,0,0.0,35,0.0,0.0,0.0,0.0,,0.0,0.0,0.0,0.0,0.0,0.0,0.0,0.0,0.0
401882874,2026-09-17,laliga,2026,14357,Getafe,Real Betis,0,218122,Enes Ünal,SUB,0,1.0,19,1.0,1.0,0.0,0.0,1.0,0.0,0.0,,0.0,0.0,1.0,0.0,0.0,0.0
401882874,2026-09-17,laliga,2026,14357,Getafe,Real Betis,0,344245,Jirí Letácek,SUB,0,0.0,1,0.0,0.0,0.0,0.0,,0.0,0.0,0.0,0.0,0.0,0.0,0.0,0.0,0.0
401882874,2026-09-17,laliga,2026,14357,Getafe,Real Betis,0,376208,Joselu Pérez,SUB,0,0.0,32,0.0,0.0,0.0,0.0,0.0,0.0,0.0,,0.0,0.0,0.0,0.0,0.0,0.0
401882874,2026-09-17,laliga,2026,14357,Getafe,Real Betis,0,396387,Óscar López,SUB,0,1.0,30,0.0,0.0,0.0,0.0,0.0,0.0,0.0,,0.0,0.0,1.0,0.0,0.0,0.0
401882874,2026-09-17,laliga,2026,14357,Getafe,Real Betis,0,359826,Sebastián Boselli,SUB,0,1.0,15,2.0,1.0,0.0,0.0,0.0,0.0,0.0,,0.0,0.0,1.0,0.0,0.0,1.0
401882874,2026-09-17,laliga,2026,14357,Getafe,Real Betis,0,395479,Jean Ives Valou,SUB,0,0.0,26,0.0,0.0,0.0,0.0,0.0,0.0,0.0,,0.0,0.0,0.0,0.0,0.0,0.0
401882874,2026-09-17,laliga,2026,14357,Getafe,Real Betis,0,375400,Mohamed Hamdoune,SUB,0,0.0,31,0.0,0.0,0.0,0.0,0.0,0.0,0.0,,0.0,0.0,0.0,0.0,0.0,0.0
401882874,2026-09-17,laliga,2026,14357,Getafe,Real Betis,0,173247,Johan Mojica,SUB,0,1.0,22,0.0,1.0,0.0,0.0,0.0,0.0,0.0,,0.0,0.0,1.0,0.0,0.0,0.0
401882862,2026-09-18,laliga,2026,14357,Espanyol,Elche,1,179211,Marko Dmitrovic,G,1,1.0,13,0.0,0.0,0.0,3.0,,0.0,0.0,3.0,0.0,0.0,0.0,0.0,0.0,0.0
401882862,2026-09-18,laliga,2026,14357,Espanyol,Elche,1,133259,Leandro Cabrera,CD-L,1,1.0,6,1.0,1.0,0.0,3.0,0.0,0.0,0.0,,0.0,0.0,0.0,0.0,1.0,0.0
401882862,2026-09-18,laliga,2026,14357,Espanyol,Elche,1,260902,Unai Núñez,CD-R,1,1.0,14,2.0,1.0,0.0,2.0,0.0,0.0,0.0,,0.0,0.0,0.0,0.0,1.0,0.0
401882862,2026-09-18,laliga,2026,14357,Espanyol,Elche,1,401377,Roger Hinojo,LB,1,1.0,21,0.0,0.0,0.0,2.0,0.0,0.0,0.0,,0.0,0.0,0.0,0.0,0.0,0.0
401882862,2026-09-18,laliga,2026,14357,Espanyol,Elche,1,397289,José Ángel López,RB,1,1.0,32,3.0,1.0,0.0,3.0,0.0,0.0,0.0,,0.0,0.0,0.0,0.0,1.0,0.0
401882862,2026-09-18,laliga,2026,14357,Espanyol,Elche,1,367946,Javi Hernandez,AM,1,1.0,28,2.0,3.0,0.0,3.0,1.0,0.0,0.0,,0.0,1.0,0.0,0.0,3.0,0.0
401882862,2026-09-18,laliga,2026,14357,Espanyol,Elche,1,307915,Urko Gonzalez,LM,1,1.0,4,1.0,0.0,0.0,2.0,0.0,0.0,0.0,,0.0,0.0,0.0,0.0,0.0,0.0
401882862,2026-09-18,laliga,2026,14357,Espanyol,Elche,1,255272,Edu Expósito,RM,1,1.0,8,2.0,0.0,0.0,3.0,0.0,0.0,0.0,,0.0,0.0,0.0,0.0,2.0,1.0
401882862,2026-09-18,laliga,2026,14357,Espanyol,Elche,1,318773,Roberto Fernández,F,1,1.0,9,1.0,0.0,0.0,3.0,5.0,0.0,0.0,,0.0,0.0,0.0,0.0,3.0,0.0
401882862,2026-09-18,laliga,2026,14357,Espanyol,Elche,1,311571,Bryan Zaragoza,AM-L,1,1.0,15,0.0,1.0,0.0,2.0,1.0,0.0,0.0,,0.0,2.0,0.0,0.0,2.0,0.0
401882862,2026-09-18,laliga,2026,14357,Espanyol,Elche,1,355902,Cala,AM-R,1,1.0,22,0.0,1.0,0.0,2.0,0.0,0.0,0.0,,0.0,1.0,0.0,0.0,3.0,0.0
401882862,2026-09-18,laliga,2026,14357,Espanyol,Elche,1,277314,Vanja Drkusic,SUB,0,0.0,16,0.0,0.0,0.0,0.0,0.0,0.0,0.0,,0.0,0.0,0.0,0.0,0.0,0.0
401882862,2026-09-18,laliga,2026,14357,Espanyol,Elche,1,381681,Llorenç Serred,SUB,0,0.0,31,0.0,0.0,0.0,0.0,,0.0,0.0,0.0,0.0,0.0,0.0,0.0,0.0,0.0
401882862,2026-09-18,laliga,2026,14357,Espanyol,Elche,1,196914,Pere Milla,SUB,0,1.0,11,0.0,0.0,0.0,1.0,0.0,0.0,0.0,,0.0,0.0,1.0,0.0,2.0,0.0
401882862,2026-09-18,laliga,2026,14357,Espanyol,Elche,1,323737,Clemens Riedel,SUB,0,1.0,5,1.0,0.0,0.0,1.0,0.0,0.0,0.0,,0.0,0.0,1.0,0.0,0.0,1.0
401882862,2026-09-18,laliga,2026,14357,Espanyol,Elche,1,307419,Ángel Fortuño,SUB,0,0.0,1,0.0,0.0,0.0,0.0,,0.0,0.0,0.0,0.0,0.0,0.0,0.0,0.0,0.0
401882862,2026-09-18,laliga,2026,14357,Espanyol,Elche,1,361468,Gabriel Moscardo,SUB,0,0.0,20,0.0,0.0,0.0,0.0,0.0,0.0,0.0,,0.0,0.0,0.0,0.0,0.0,0.0
401882862,2026-09-18,laliga,2026,14357,Espanyol,Elche,1,354621,Marcos Fernández,SUB,0,1.0,18,0.0,0.0,0.0,1.0,1.0,0.0,0.0,,0.0,0.0,1.0,0.0,3.0,0.0
401882862,2026-09-18,laliga,2026,14357,Espanyol,Elche,1,3139134,Víctor Mullerat Tomas,SUB,0,0.0,29,0.0,0.0,0.0,0.0,0.0,0.0,0.0,,0.0,0.0,0.0,0.0,0.0,0.0
401882862,2026-09-18,laliga,2026,14357,Espanyol,Elche,1,260242,Pol Lozano,SUB,0,0.0,10,0.0,0.0,0.0,0.0,0.0,0.0,0.0,,0.0,0.0,0.0,0.0,0.0,0.0
401882862,2026-09-18,laliga,2026,14357,Espanyol,Elche,1,383900,Rafael Bauza,SUB,0,0.0,26,0.0,0.0,0.0,0.0,0.0,0.0,0.0,,0.0,0.0,0.0,0.0,0.0,0.0
401882862,2026-09-18,laliga,2026,14357,Espanyol,Elche,1,306520,Tyrhys Dolan,SUB,0,1.0,24,1.0,0.0,0.0,1.0,1.0,0.0,0.0,,0.0,0.0,1.0,0.0,2.0,0.0
401882862,2026-09-18,laliga,2026,14357,Espanyol,Elche,1,346210,Quilindschy Hartman,SUB,0,1.0,3,0.0,0.0,0.0,1.0,0.0,0.0,0.0,,0.0,0.0,1.0,0.0,0.0,0.0
401882862,2026-09-18,laliga,2026,14357,Elche,Espanyol,0,173749,Matías Dituro,G,1,1.0,1,0.0,0.0,0.0,1.0,,0.0,0.0,4.0,0.0,0.0,0.0,0.0,0.0,0.0
401882862,2026-09-18,laliga,2026,14357,Elche,Espanyol,0,265995,Víctor Chust,CD-L,1,1.0,23,0.0,0.0,0.0,1.0,0.0,1.0,0.0,,0.0,0.0,0.0,0.0,1.0,0.0
401882862,2026-09-18,laliga,2026,14357,Elche,Espanyol,0,318181,Federico Redondo,CD-R,1,1.0,5,2.0,0.0,0.0,0.0,0.0,0.0,1.0,,0.0,0.0,0.0,0.0,0.0,0.0
401882862,2026-09-18,laliga,2026,14357,Elche,Espanyol,0,323286,Roy Revivo,LB,1,1.0,3,0.0,1.0,2.0,1.0,0.0,0.0,0.0,,0.0,0.0,0.0,0.0,0.0,0.0
401882862,2026-09-18,laliga,2026,14357,Elche,Espanyol,0,371608,Buba Sangaré,RB,1,1.0,2,0.0,1.0,0.0,0.0,0.0,0.0,0.0,,0.0,0.0,0.0,0.0,0.0,0.0
401882862,2026-09-18,laliga,2026,14357,Elche,Espanyol,0,421310,Javier Morcillo,CM,1,1.0,47,1.0,0.0,0.0,1.0,1.0,0.0,0.0,,0.0,1.0,0.0,0.0,1.0,0.0
401882862,2026-09-18,laliga,2026,14357,Elche,Espanyol,0,190291,Thomas Lemar,LM,1,1.0,18,1.0,0.0,0.0,1.0,0.0,0.0,0.0,,0.0,0.0,0.0,0.0,0.0,0.0
401882862,2026-09-18,laliga,2026,14357,Elche,Espanyol,0,273424,Gonzalo Villar,RM,1,1.0,12,1.0,1.0,0.0,0.0,0.0,0.0,0.0,,0.0,0.0,0.0,0.0,0.0,0.0
401882862,2026-09-18,laliga,2026,14357,Elche,Espanyol,0,301684,Fer Niño,F,1,1.0,14,1.0,1.0,0.0,0.0,0.0,0.0,0.0,,0.0,2.0,0.0,2.0,2.0,1.0
401882862,2026-09-18,laliga,2026,14357,Elche,Espanyol,0,297358,Germán Valera,LF,1,1.0,11,1.0,3.0,0.0,1.0,0.0,0.0,0.0,,0.0,1.0,0.0,1.0,1.0,0.0
401882862,2026-09-18,laliga,2026,14357,Elche,Espanyol,0,320648,Lucas Cepeda,RF,1,1.0,21,1.0,5.0,0.0,1.0,0.0,0.0,0.0,,0.0,1.0,0.0,0.0,2.0,1.0
401882862,2026-09-18,laliga,2026,14357,Elche,Espanyol,0,319781,Rubén Sánchez,SUB,0,1.0,22,0.0,0.0,0.0,1.0,0.0,0.0,0.0,,0.0,0.0,1.0,0.0,0.0,0.0
401882862,2026-09-18,laliga,2026,14357,Elche,Espanyol,0,336840,Abiel Osorio,SUB,0,1.0,24,0.0,1.0,0.0,1.0,1.0,0.0,0.0,,0.0,1.0,1.0,0.0,2.0,0.0
401882862,2026-09-18,laliga,2026,14357,Elche,Espanyol,0,301406,Marc Aguado,SUB,0,0.0,8,0.0,0.0,0.0,0.0,0.0,0.0,0.0,,0.0,0.0,0.0,0.0,0.0,0.0
401882862,2026-09-18,laliga,2026,14357,Elche,Espanyol,0,242739,Grady Diangana,SUB,0,0.0,19,0.0,0.0,0.0,0.0,0.0,0.0,0.0,,0.0,0.0,0.0,0.0,0.0,0.0
401882862,2026-09-18,laliga,2026,14357,Elche,Espanyol,0,340677,Martim Neto,SUB,0,0.0,16,0.0,0.0,0.0,0.0,0.0,0.0,0.0,,0.0,0.0,0.0,0.0,0.0,0.0
401882862,2026-09-18,laliga,2026,14357,Elche,Espanyol,0,259916,José Antonio Morente,SUB,0,1.0,20,1.0,0.0,1.0,0.0,0.0,0.0,0.0,,0.0,0.0,1.0,0.0,0.0,0.0
401882862,2026-09-18,laliga,2026,14357,Elche,Espanyol,0,330433,Alejandro Iturbe,SUB,0,0.0,13,0.0,0.0,0.0,0.0,,0.0,0.0,0.0,0.0,0.0,0.0,0.0,0.0,0.0
401882862,2026-09-18,laliga,2026,14357,Elche,Espanyol,0,318284,Facundo Buonanotte,SUB,0,0.0,10,0.0,0.0,0.0,0.0,0.0,0.0,0.0,,0.0,0.0,0.0,0.0,0.0,0.0
401882862,2026-09-18,laliga,2026,14357,Elche,Espanyol,0,214330,Josan,SUB,0,0.0,17,0.0,0.0,0.0,0.0,0.0,0.0,0.0,,0.0,0.0,0.0,0.0,0.0,0.0
401882862,2026-09-18,laliga,2026,14357,Elche,Espanyol,0,167297,Pedro Bigas,SUB,0,1.0,6,0.0,0.0,0.0,1.0,0.0,0.0,0.0,,0.0,0.0,1.0,0.0,0.0,0.0
401882862,2026-09-18,laliga,2026,14357,Elche,Espanyol,0,389448,Matia Barzic,SUB,0,1.0,26,0.0,0.0,0.0,0.0,0.0,0.0,0.0,,0.0,0.0,1.0,0.0,0.0,0.0
401882862,2026-09-18,laliga,2026,14357,Elche,Espanyol,0,194553,Ezequiel Ponce,SUB,0,0.0,9,0.0,0.0,0.0,0.0,0.0,0.0,0.0,,0.0,0.0,0.0,0.0,0.0,0.0
401882859,2026-09-19,laliga,2026,14357,Sevilla,Barcelona,1,159135,Odisseas Vlachodimos,G,1,1.0,1,0.0,0.0,0.0,3.0,,0.0,0.0,5.0,0.0,0.0,0.0,0.0,0.0,0.0
401882859,2026-09-19,laliga,2026,14357,Sevilla,Barcelona,1,332246,Andrés Castrín,CD-L,1,1.0,5,0.0,0.0,0.0,3.0,1.0,0.0,0.0,,0.0,0.0,0.0,0.0,0.0,0.0
401882859,2026-09-19,laliga,2026,14357,Sevilla,Barcelona,1,304213,Arouna Sangante,CD-R,1,1.0,12,1.0,0.0,0.0,2.0,0.0,0.0,0.0,,0.0,0.0,0.0,0.0,0.0,0.0
401882859,2026-09-19,laliga,2026,14357,Sevilla,Barcelona,1,222037,Gabriel Suazo,LB,1,1.0,17,4.0,1.0,0.0,3.0,0.0,0.0,0.0,,0.0,0.0,0.0,0.0,0.0,0.0
401882859,2026-09-19,laliga,2026,14357,Sevilla,Barcelona,1,279738,Juan Iglesias,RB,1,1.0,2,0.0,1.0,0.0,3.0,1.0,0.0,0.0,,0.0,0.0,0.0,0.0,0.0,0.0
401882859,2026-09-19,laliga,2026,14357,Sevilla,Barcelona,1,277307,Youssouf Fofana,AM,1,1.0,24,0.0,0.0,0.0,3.0,0.0,0.0,0.0,,0.0,1.0,0.0,1.0,1.0,0.0
401882859,2026-09-19,laliga,2026,14357,Sevilla,Barcelona,1,282289,Lucien Agoumé,LM,1,1.0,6,2.0,1.0,0.0,3.0,0.0,0.0,0.0,,0.0,0.0,0.0,0.0,0.0,1.0
401882859,2026-09-19,laliga,2026,14357,Sevilla,Barcelona,1,258923,Giorgi Kochorashvili,RM,1,1.0,8,0.0,0.0,0.0,2.0,0.0,0.0,0.0,,0.0,0.0,0.0,0.0,0.0,0.0
401882859,2026-09-19,laliga,2026,14357,Sevilla,Barcelona,1,322993,Robbie Ure,F,1,1.0,9,0.0,3.0,0.0,3.0,2.0,0.0,0.0,,0.0,1.0,0.0,0.0,2.0,0.0
401882859,2026-09-19,laliga,2026,14357,Sevilla,Barcelona,1,288900,Felix Correia,AM-L,1,1.0,20,0.0,1.0,1.0,2.0,1.0,0.0,0.0,,0.0,0.0,0.0,0.0,1.0,0.0
401882859,2026-09-19,laliga,2026,14357,Sevilla,Barcelona,1,375514,Miguel Sierra,AM-R,1,1.0,30,0.0,3.0,0.0,3.0,0.0,0.0,0.0,,0.0,0.0,0.0,0.0,0.0,0.0
401882859,2026-09-19,laliga,2026,14357,Sevilla,Barcelona,1,203112,Marcão,SUB,0,0.0,23,0.0,0.0,0.0,0.0,0.0,0.0,0.0,,0.0,0.0,0.0,0.0,0.0,0.0
401882859,2026-09-19,laliga,2026,14357,Sevilla,Barcelona,1,356228,Manu Bueno,SUB,0,0.0,14,0.0,0.0,0.0,0.0,0.0,0.0,0.0,,0.0,0.0,0.0,0.0,0.0,0.0
401882859,2026-09-19,laliga,2026,14357,Sevilla,Barcelona,1,254320,Jon Guridi,SUB,0,1.0,18,0.0,0.0,0.0,0.0,0.0,0.0,0.0,,0.0,0.0,1.0,0.0,0.0,0.0
401882859,2026-09-19,laliga,2026,14357,Sevilla,Barcelona,1,415742,Iker Ortín,SUB,0,0.0,34,0.0,0.0,0.0,0.0,0.0,0.0,0.0,,0.0,0.0,0.0,0.0,0.0,0.0
401882859,2026-09-19,laliga,2026,14357,Sevilla,Barcelona,1,387493,Julio Díaz,SUB,0,0.0,3,0.0,0.0,0.0,0.0,0.0,0.0,0.0,,0.0,0.0,0.0,0.0,0.0,0.0
401882859,2026-09-19,laliga,2026,14357,Sevilla,Barcelona,1,347359,Peque,SUB,0,0.0,10,0.0,0.0,0.0,0.0,0.0,0.0,0.0,,0.0,0.0,0.0,0.0,0.0,0.0
401882859,2026-09-19,laliga,2026,14357,Sevilla,Barcelona,1,254270,Chidera Ejuke,SUB,0,1.0,21,0.0,0.0,0.0,1.0,0.0,0.0,0.0,,0.0,0.0,1.0,0.0,0.0,0.0
401882859,2026-09-19,laliga,2026,14357,Sevilla,Barcelona,1,422137,Nico Guillén,SUB,0,0.0,27,0.0,0.0,0.0,0.0,0.0,0.0,0.0,,0.0,0.0,0.0,0.0,0.0,0.0
401882859,2026-09-19,laliga,2026,14357,Sevilla,Barcelona,1,365821,Isaac Romero,SUB,0,1.0,16,0.0,0.0,0.0,1.0,0.0,0.0,0.0,,0.0,0.0,1.0,0.0,1.0,0.0
401882859,2026-09-19,laliga,2026,14357,Sevilla,Barcelona,1,362874,Fran González,SUB,0,0.0,13,0.0,0.0,0.0,0.0,,0.0,0.0,0.0,0.0,0.0,0.0,0.0,0.0,0.0
401882859,2026-09-19,laliga,2026,14357,Sevilla,Barcelona,1,250508,José Ángel Carmona,SUB,0,1.0,22,1.0,1.0,0.0,1.0,0.0,0.0,0.0,,0.0,0.0,1.0,0.0,1.0,0.0
401882859,2026-09-19,laliga,2026,14357,Sevilla,Barcelona,1,271635,Alfonso González,SUB,0,1.0,7,2.0,0.0,0.0,0.0,0.0,0.0,0.0,,0.0,1.0,1.0,0.0,1.0,0.0
401882859,2026-09-19,laliga,2026,14357,Barcelona,Sevilla,0,187946,Dominik Livakovic,G,1,1.0,25,0.0,0.0,0.0,1.0,,0.0,0.0,2.0,0.0,0.0,0.0,0.0,0.0,0.0
401882859,2026-09-19,laliga,2026,14357,Barcelona,Sevilla,0,186430,Andreas Christensen,CD-L,1,1.0,15,2.0,0.0,1.0,1.0,0.0,0.0,0.0,,0.0,0.0,0.0,0.0,1.0,0.0
401882859,2026-09-19,laliga,2026,14357,Barcelona,Sevilla,0,368992,Pau Cubarsí,CD-R,1,1.0,5,0.0,0.0,0.0,1.0,0.0,0.0,0.0,,0.0,0.0,0.0,0.0,1.0,0.0
401882859,2026-09-19,laliga,2026,14357,Barcelona,Sevilla,0,176399,João Cancelo,LB,1,1.0,2,1.0,0.0,0.0,1.0,0.0,0.0,0.0,,0.0,1.0,0.0,0.0,1.0,0.0
401882859,2026-09-19,laliga,2026,14357,Barcelona,Sevilla,0,128714,Eric García,RB,1,1.0,24,1.0,0.0,0.0,1.0,0.0,0.0,0.0,,0.0,0.0,0.0,0.0,1.0,0.0
401882859,2026-09-19,laliga,2026,14357,Barcelona,Sevilla,0,231828,Rodri,CM,1,1.0,16,2.0,0.0,0.0,1.0,0.0,0.0,0.0,,0.0,0.0,0.0,0.0,2.0,0.0
401882859,2026-09-19,laliga,2026,14357,Barcelona,Sevilla,0,250465,Pedri,LM,1,1.0,8,0.0,0.0,0.0,1.0,0.0,0.0,0.0,,0.0,0.0,0.0,0.0,2.0,0.0
401882859,2026-09-19,laliga,2026,14357,Barcelona,Sevilla,0,354334,Fermín López,RM,1,1.0,7,2.0,1.0,0.0,1.0,1.0,0.0,0.0,,0.0,0.0,0.0,0.0,0.0,0.0
401882859,2026-09-19,laliga,2026,14357,Barcelona,Sevilla,0,231050,Raphinha,F,1,1.0,11,0.0,1.0,0.0,1.0,0.0,0.0,0.0,,0.0,3.0,0.0,3.0,4.0,0.0
401882859,2026-09-19,laliga,2026,14357,Barcelona,Sevilla,0,268782,Anthony Gordon,LF,1,1.0,17,0.0,0.0,0.0,1.0,1.0,0.0,0.0,,0.0,0.0,0.0,0.0,3.0,0.0
401882859,2026-09-19,laliga,2026,14357,Barcelona,Sevilla,0,362150,Lamine Yamal,RF,1,1.0,10,2.0,2.0,2.0,1.0,0.0,0.0,0.0,,0.0,1.0,0.0,0.0,5.0,0.0
401882859,2026-09-19,laliga,2026,14357,Barcelona,Sevilla,0,399200,Hamza Abdelkarim,SUB,0,0.0,29,0.0,0.0,0.0,0.0,0.0,0.0,0.0,,0.0,0.0,0.0,0.0,0.0,0.0
401882859,2026-09-19,laliga,2026,14357,Barcelona,Sevilla,0,227765,Dani Olmo,SUB,0,1.0,20,0.0,2.0,0.0,0.0,0.0,0.0,0.0,,0.0,1.0,1.0,0.0,2.0,0.0
401882859,2026-09-19,laliga,2026,14357,Barcelona,Sevilla,0,403582,Xavi Espart,SUB,0,0.0,12,0.0,0.0,0.0,0.0,0.0,0.0,0.0,,0.0,0.0,0.0,0.0,0.0,0.0
401882859,2026-09-19,laliga,2026,14357,Barcelona,Sevilla,0,403576,Iker Rodríguez,SUB,0,0.0,35,0.0,0.0,0.0,0.0,,0.0,0.0,0.0,0.0,0.0,0.0,0.0,0.0,0.0
401882859,2026-09-19,laliga,2026,14357,Barcelona,Sevilla,0,231692,Jules Koundé,SUB,0,0.0,23,0.0,0.0,0.0,0.0,0.0,0.0,0.0,,0.0,0.0,0.0,0.0,0.0,0.0
401882859,2026-09-19,laliga,2026,14357,Barcelona,Sevilla,0,323702,Gavi,SUB,0,0.0,6,0.0,0.0,0.0,0.0,0.0,0.0,0.0,,0.0,0.0,0.0,0.0,0.0,0.0
401882859,2026-09-19,laliga,2026,14357,Barcelona,Sevilla,0,131634,Wojciech Szczesny,SUB,0,0.0,13,0.0,0.0,0.0,0.0,,0.0,0.0,0.0,0.0,0.0,0.0,0.0,0.0,0.0
401882859,2026-09-19,laliga,2026,14357,Barcelona,Sevilla,0,376423,Marc Bernal,SUB,0,1.0,22,0.0,1.0,0.0,0.0,0.0,0.0,0.0,,0.0,0.0,1.0,0.0,1.0,0.0
401882859,2026-09-19,laliga,2026,14357,Barcelona,Sevilla,0,274913,Karim Adeyemi,SUB,0,1.0,14,0.0,1.0,0.0,0.0,0.0,0.0,0.0,,0.0,1.0,1.0,0.0,1.0,0.0
401882859,2026-09-19,laliga,2026,14357,Barcelona,Sevilla,0,217289,Gabriel Jesus,SUB,0,1.0,9,1.0,0.0,0.0,0.0,0.0,0.0,0.0,,0.0,0.0,1.0,0.0,0.0,0.0
401882859,2026-09-19,laliga,2026,14357,Barcelona,Sevilla,0,323703,Alejandro Balde,SUB,0,0.0,3,0.0,0.0,0.0,0.0,0.0,0.0,0.0,,0.0,0.0,0.0,0.0,0.0,0.0
401882859,2026-09-19,laliga,2026,14357,Barcelona,Sevilla,0,312015,Gerard Martín,SUB,0,1.0,18,0.0,0.0,0.0,0.0,0.0,0.0,0.0,,0.0,0.0,1.0,0.0,0.0,0.0
401882860,2026-09-19,laliga,2026,14357,Osasuna,Rayo Vallecano,1,144759,Aitor Fernández,G,1,1.0,13,0.0,0.0,0.0,1.0,,0.0,0.0,1.0,0.0,0.0,0.0,0.0,0.0,0.0
401882860,2026-09-19,laliga,2026,14357,Osasuna,Rayo Vallecano,1,264175,Alejandro Catena,CD,1,1.0,24,1.0,2.0,0.0,1.0,0.0,0.0,0.0,,0.0,0.0,0.0,0.0,0.0,0.0
401882860,2026-09-19,laliga,2026,14357,Osasuna,Rayo Vallecano,1,415867,Unai Santos,CD-L,1,1.0,35,1.0,0.0,0.0,1.0,0.0,0.0,0.0,,0.0,0.0,0.0,0.0,0.0,0.0
401882860,2026-09-19,laliga,2026,14357,Osasuna,Rayo Vallecano,1,381628,Asier Osambela,CD-R,1,1.0,29,2.0,0.0,0.0,1.0,0.0,0.0,0.0,,0.0,0.0,0.0,0.0,1.0,1.0
401882860,2026-09-19,laliga,2026,14357,Osasuna,Rayo Vallecano,1,193943,Diego Rico,LB,1,1.0,15,2.0,0.0,0.0,1.0,0.0,0.0,0.0,,0.0,0.0,0.0,0.0,0.0,0.0
401882860,2026-09-19,laliga,2026,14357,Osasuna,Rayo Vallecano,1,380918,Iñigo Arguibide,RB,1,1.0,27,3.0,2.0,0.0,1.0,1.0,0.0,0.0,,0.0,0.0,0.0,0.0,2.0,0.0
401882860,2026-09-19,laliga,2026,14357,Osasuna,Rayo Vallecano,1,359154,Iker Muñoz,CM-L,1,1.0,8,2.0,1.0,0.0,1.0,0.0,0.0,0.0,,0.0,0.0,0.0,0.0,0.0,0.0
401882860,2026-09-19,laliga,2026,14357,Osasuna,Rayo Vallecano,1,286176,Jon Moncayola,CM-R,1,1.0,7,2.0,1.0,0.0,1.0,0.0,0.0,0.0,,0.0,0.0,0.0,0.0,0.0,1.0
401882860,2026-09-19,laliga,2026,14357,Osasuna,Rayo Vallecano,1,209580,Enrique Barja,LM,1,1.0,11,0.0,1.0,0.0,1.0,0.0,0.0,0.0,,0.0,0.0,0.0,0.0,2.0,0.0
401882860,2026-09-19,laliga,2026,14357,Osasuna,Rayo Vallecano,1,178328,Rubén García,RM,1,1.0,14,2.0,0.0,0.0,1.0,0.0,0.0,0.0,,0.0,0.0,0.0,0.0,0.0,0.0
401882860,2026-09-19,laliga,2026,14357,Osasuna,Rayo Vallecano,1,207288,Ante Budimir,F,1,1.0,17,3.0,3.0,0.0,1.0,0.0,0.0,0.0,,0.0,1.0,0.0,1.0,2.0,0.0
401882860,2026-09-19,laliga,2026,14357,Osasuna,Rayo Vallecano,1,303906,Raúl Moro,SUB,0,1.0,18,0.0,0.0,0.0,0.0,0.0,0.0,0.0,,0.0,0.0,1.0,0.0,0.0,0.0
401882860,2026-09-19,laliga,2026,14357,Osasuna,Rayo Vallecano,1,296163,Raúl García,SUB,0,1.0,9,0.0,1.0,0.0,0.0,1.0,0.0,0.0,,0.0,2.0,1.0,0.0,2.0,0.0
401882860,2026-09-19,laliga,2026,14357,Osasuna,Rayo Vallecano,1,230896,Romain Del Castillo,SUB,0,0.0,20,0.0,0.0,0.0,0.0,0.0,0.0,0.0,,0.0,0.0,0.0,0.0,0.0,0.0
401882860,2026-09-19,laliga,2026,14357,Osasuna,Rayo Vallecano,1,300284,Abel Bretones,SUB,0,1.0,23,1.0,0.0,0.0,0.0,0.0,0.0,0.0,,0.0,0.0,1.0,0.0,0.0,0.0
401882860,2026-09-19,laliga,2026,14357,Osasuna,Rayo Vallecano,1,409475,Mauro Echegoyen,SUB,0,0.0,26,0.0,0.0,0.0,0.0,0.0,0.0,0.0,,0.0,0.0,0.0,0.0,0.0,0.0
401882860,2026-09-19,laliga,2026,14357,Osasuna,Rayo Vallecano,1,366598,Rockson Yeboah,SUB,0,0.0,48,0.0,0.0,0.0,0.0,0.0,0.0,0.0,,0.0,0.0,0.0,0.0,0.0,0.0
401882860,2026-09-19,laliga,2026,14357,Osasuna,Rayo Vallecano,1,3129002,Asier Bonel Aicua,SUB,0,0.0,30,0.0,0.0,0.0,0.0,0.0,0.0,0.0,,0.0,0.0,0.0,0.0,0.0,0.0
401882860,2026-09-19,laliga,2026,14357,Osasuna,Rayo Vallecano,1,403704,Rafa Fernández,SUB,0,0.0,31,0.0,0.0,0.0,0.0,,0.0,0.0,0.0,0.0,0.0,0.0,0.0,0.0,0.0
401882860,2026-09-19,laliga,2026,14357,Osasuna,Rayo Vallecano,1,191360,Sergio Herrera,SUB,0,0.0,1,0.0,0.0,0.0,0.0,,0.0,0.0,0.0,0.0,0.0,0.0,0.0,0.0,1.0
401882860,2026-09-19,laliga,2026,14357,Osasuna,Rayo Vallecano,1,170154,Lucas Torró,SUB,0,1.0,6,1.0,1.0,0.0,0.0,0.0,0.0,0.0,,0.0,0.0,1.0,0.0,0.0,0.0
401882860,2026-09-19,laliga,2026,14357,Osasuna,Rayo Vallecano,1,311969,Jonathan Dubasin,SUB,0,1.0,21,1.0,0.0,0.0,0.0,0.0,0.0,0.0,,0.0,0.0,1.0,0.0,0.0,0.0
401882860,2026-09-19,laliga,2026,14357,Osasuna,Rayo Vallecano,1,307905,Enzo Boyomo,SUB,0,0.0,22,0.0,0.0,0.0,0.0,0.0,0.0,0.0,,0.0,0.0,0.0,0.0,0.0,0.0
401882860,2026-09-19,laliga,2026,14357,Rayo Vallecano,Osasuna,0,207834,Emil Audero,G,1,1.0,25,0.0,0.0,0.0,1.0,,0.0,0.0,2.0,0.0,0.0,0.0,0.0,0.0,0.0
401882860,2026-09-19,laliga,2026,14357,Rayo Vallecano,Osasuna,0,140754,Florian Lejeune,CD-L,1,1.0,24,2.0,0.0,0.0,1.0,0.0,0.0,0.0,,0.0,0.0,0.0,0.0,3.0,0.0
401882860,2026-09-19,laliga,2026,14357,Rayo Vallecano,Osasuna,0,265996,Mujaid Sadick,CD-R,1,1.0,15,0.0,0.0,0.0,1.0,0.0,0.0,0.0,,0.0,0.0,0.0,0.0,0.0,0.0
401882860,2026-09-19,laliga,2026,14357,Rayo Vallecano,Osasuna,0,277292,Adrià Pedrosa,LB,1,1.0,17,1.0,4.0,1.0,1.0,0.0,0.0,0.0,,0.0,0.0,0.0,0.0,0.0,0.0
401882860,2026-09-19,laliga,2026,14357,Rayo Vallecano,Osasuna,0,287224,Andrei Ratiu,RB,1,1.0,2,0.0,4.0,0.0,1.0,0.0,0.0,0.0,,0.0,0.0,0.0,0.0,0.0,0.0
401882860,2026-09-19,laliga,2026,14357,Rayo Vallecano,Osasuna,0,294228,Pathé Ciss,CM,1,1.0,6,3.0,1.0,0.0,1.0,0.0,0.0,0.0,,0.0,0.0,0.0,0.0,2.0,1.0
401882860,2026-09-19,laliga,2026,14357,Rayo Vallecano,Osasuna,0,264217,Óscar Valentín,LM,1,1.0,23,0.0,1.0,0.0,1.0,0.0,0.0,0.0,,0.0,0.0,0.0,0.0,0.0,0.0
401882860,2026-09-19,laliga,2026,14357,Rayo Vallecano,Osasuna,0,203711,Unai López,RM,1,1.0,8,0.0,2.0,0.0,1.0,0.0,0.0,0.0,,0.0,0.0,0.0,0.0,1.0,0.0
401882860,2026-09-19,laliga,2026,14357,Rayo Vallecano,Osasuna,0,276652,Sergio Camello,F,1,1.0,10,2.0,2.0,0.0,1.0,0.0,0.0,0.0,,0.0,1.0,0.0,1.0,4.0,0.0
401882860,2026-09-19,laliga,2026,14357,Rayo Vallecano,Osasuna,0,125200,Álvaro García,LF,1,1.0,18,1.0,1.0,0.0,1.0,0.0,0.0,0.0,,0.0,0.0,0.0,0.0,5.0,0.0
401882860,2026-09-19,laliga,2026,14357,Rayo Vallecano,Osasuna,0,260740,Jorge de Frutos,RF,1,1.0,19,1.0,3.0,0.0,1.0,0.0,0.0,0.0,,0.0,1.0,0.0,0.0,1.0,0.0
401882860,2026-09-19,laliga,2026,14357,Rayo Vallecano,Osasuna,0,261403,Marash Kumbulla,SUB,0,0.0,3,0.0,0.0,0.0,0.0,0.0,0.0,0.0,,0.0,0.0,0.0,0.0,0.0,0.0
401882860,2026-09-19,laliga,2026,14357,Rayo Vallecano,Osasuna,0,324505,Fran Pérez,SUB,0,0.0,21,0.0,0.0,0.0,0.0,0.0,0.0,0.0,,0.0,0.0,0.0,0.0,0.0,0.0
401882860,2026-09-19,laliga,2026,14357,Rayo Vallecano,Osasuna,0,3115984,Gnangoro Bouare Samake,SUB,0,1.0,36,0.0,0.0,0.0,0.0,0.0,0.0,0.0,,0.0,0.0,1.0,0.0,0.0,0.0
401882860,2026-09-19,laliga,2026,14357,Rayo Vallecano,Osasuna,0,386579,Pelayo Fernández,SUB,0,0.0,22,0.0,0.0,0.0,0.0,0.0,0.0,0.0,,0.0,0.0,0.0,0.0,0.0,0.0
401882860,2026-09-19,laliga,2026,14357,Rayo Vallecano,Osasuna,0,192893,Daniel Cárdenas,SUB,0,0.0,1,0.0,0.0,0.0,0.0,,0.0,0.0,0.0,0.0,0.0,0.0,0.0,0.0,0.0
401882860,2026-09-19,laliga,2026,14357,Rayo Vallecano,Osasuna,0,264078,Pedro Díaz,SUB,0,1.0,4,1.0,2.0,0.0,0.0,0.0,0.0,0.0,,0.0,0.0,1.0,0.0,2.0,0.0
401882860,2026-09-19,laliga,2026,14357,Rayo Vallecano,Osasuna,0,158151,Iván Balliu,SUB,0,1.0,20,1.0,0.0,0.0,0.0,0.0,0.0,0.0,,0.0,0.0,1.0,0.0,0.0,0.0
401882860,2026-09-19,laliga,2026,14357,Rayo Vallecano,Osasuna,0,377843,Rayane Belaid,SUB,0,0.0,37,0.0,0.0,0.0,0.0,0.0,0.0,0.0,,0.0,0.0,0.0,0.0,0.0,0.0
401882860,2026-09-19,laliga,2026,14357,Rayo Vallecano,Osasuna,0,276067,Giorgi Tsitaishvili,SUB,0,1.0,14,0.0,0.0,0.0,0.0,0.0,0.0,0.0,,0.0,0.0,1.0,0.0,0.0,0.0
401882860,2026-09-19,laliga,2026,14357,Rayo Vallecano,Osasuna,0,389447,Marco de las Sias,SUB,0,0.0,26,0.0,0.0,0.0,0.0,0.0,0.0,0.0,,0.0,0.0,0.0,0.0,0.0,0.0
401882860,2026-09-19,laliga,2026,14357,Rayo Vallecano,Osasuna,0,313024,Alexandre Alemão,SUB,0,1.0,9,1.0,0.0,0.0,0.0,0.0,0.0,0.0,,0.0,0.0,1.0,0.0,1.0,1.0
401882864,2026-09-19,laliga,2026,14357,Celta Vigo,Racing Santander,1,144720,Andrei Radu,G,1,1.0,13,0.0,0.0,0.0,0.0,,0.0,0.0,5.0,0.0,0.0,0.0,0.0,0.0,0.0
401882864,2026-09-19,laliga,2026,14357,Celta Vigo,Racing Santander,1,384643,Yoel Lago,CD,1,1.0,18,4.0,1.0,0.0,0.0,0.0,0.0,0.0,,0.0,0.0,0.0,0.0,1.0,1.0
401882864,2026-09-19,laliga,2026,14357,Celta Vigo,Racing Santander,1,285756,Sebastián Cáceres,CD-L,1,1.0,21,0.0,2.0,0.0,0.0,0.0,0.0,0.0,,0.0,0.0,0.0,0.0,0.0,0.0
401882864,2026-09-19,laliga,2026,14357,Celta Vigo,Racing Santander,1,367430,Álvaro Núñez,CD-R,1,1.0,15,1.0,1.0,0.0,0.0,0.0,0.0,0.0,,0.0,1.0,0.0,0.0,1.0,0.0
401882864,2026-09-19,laliga,2026,14357,Celta Vigo,Racing Santander,1,353736,Miguel Román,CM-L,1,1.0,8,0.0,0.0,1.0,0.0,0.0,0.0,0.0,,0.0,1.0,0.0,1.0,2.0,0.0
401882864,2026-09-19,laliga,2026,14357,Celta Vigo,Racing Santander,1,297829,Ilaix Moriba,CM-R,1,1.0,6,1.0,0.0,0.0,0.0,0.0,0.0,0.0,,0.0,1.0,0.0,1.0,1.0,0.0
401882864,2026-09-19,laliga,2026,14357,Celta Vigo,Racing Santander,1,188391,Hugo Álvarez,LM,1,1.0,23,4.0,1.0,2.0,0.0,0.0,0.0,0.0,,0.0,0.0,0.0,0.0,0.0,0.0
401882864,2026-09-19,laliga,2026,14357,Celta Vigo,Racing Santander,1,331586,Javi Rueda,RM,1,1.0,17,1.0,0.0,0.0,0.0,0.0,0.0,0.0,,0.0,0.0,0.0,0.0,1.0,1.0
401882864,2026-09-19,laliga,2026,14357,Celta Vigo,Racing Santander,1,279904,Ferran Jutglà,F,1,1.0,9,1.0,1.0,0.0,0.0,1.0,0.0,0.0,,0.0,1.0,0.0,0.0,2.0,0.0
401882864,2026-09-19,laliga,2026,14357,Celta Vigo,Racing Santander,1,322652,Williot Swedberg,CF-L,1,1.0,19,1.0,0.0,0.0,0.0,0.0,0.0,0.0,,0.0,0.0,0.0,0.0,0.0,0.0
401882864,2026-09-19,laliga,2026,14357,Celta Vigo,Racing Santander,1,324811,Hugo Gonzalez,CF-R,1,1.0,16,0.0,0.0,0.0,0.0,0.0,0.0,0.0,,0.0,1.0,0.0,1.0,1.0,0.0
401882864,2026-09-19,laliga,2026,14357,Celta Vigo,Racing Santander,1,138448,Pablo Durán,SUB,0,1.0,11,0.0,1.0,0.0,0.0,1.0,0.0,0.0,,0.0,3.0,1.0,2.0,3.0,0.0
401882864,2026-09-19,laliga,2026,14357,Celta Vigo,Racing Santander,1,214995,Borja Iglesias,SUB,0,1.0,7,0.0,1.0,0.0,0.0,0.0,0.0,0.0,,0.0,0.0,1.0,0.0,0.0,0.0
401882864,2026-09-19,laliga,2026,14357,Celta Vigo,Racing Santander,1,274272,Altay Bayindir,SUB,0,0.0,1,0.0,0.0,0.0,0.0,,0.0,0.0,0.0,0.0,0.0,0.0,0.0,0.0,0.0
401882864,2026-09-19,laliga,2026,14357,Celta Vigo,Racing Santander,1,195790,Carl Starfelt,SUB,0,0.0,2,0.0,0.0,0.0,0.0,0.0,0.0,0.0,,0.0,0.0,0.0,0.0,0.0,0.0
401882864,2026-09-19,laliga,2026,14357,Celta Vigo,Racing Santander,1,414293,Hugo Burcio,SUB,0,1.0,30,0.0,1.0,0.0,0.0,0.0,0.0,0.0,,0.0,1.0,1.0,0.0,1.0,0.0
401882864,2026-09-19,laliga,2026,14357,Celta Vigo,Racing Santander,1,146127,Marcos Alonso,SUB,0,0.0,3,0.0,0.0,0.0,0.0,0.0,0.0,0.0,,0.0,0.0,0.0,0.0,0.0,0.0
401882864,2026-09-19,laliga,2026,14357,Celta Vigo,Racing Santander,1,376147,Javi Rodríguez,SUB,0,0.0,20,0.0,0.0,0.0,0.0,0.0,0.0,0.0,,0.0,0.0,0.0,0.0,0.0,0.0
401882864,2026-09-19,laliga,2026,14357,Celta Vigo,Racing Santander,1,21990,Abdoulaye Faye,SUB,0,0.0,4,0.0,0.0,0.0,0.0,0.0,0.0,0.0,,0.0,0.0,0.0,0.0,0.0,0.0
401882864,2026-09-19,laliga,2026,14357,Celta Vigo,Racing Santander,1,240235,Aleix Febas,SUB,0,0.0,14,0.0,0.0,0.0,0.0,0.0,0.0,0.0,,0.0,0.0,0.0,0.0,0.0,0.0
401882864,2026-09-19,laliga,2026,14357,Celta Vigo,Racing Santander,1,298343,Sergio Carreira,SUB,0,1.0,5,0.0,0.0,0.0,0.0,1.0,0.0,0.0,,0.0,0.0,1.0,0.0,0.0,0.0
401882864,2026-09-19,laliga,2026,14357,Celta Vigo,Racing Santander,1,231838,Javi Galán,SUB,0,1.0,22,0.0,0.0,0.0,0.0,0.0,0.0,0.0,,0.0,0.0,1.0,0.0,0.0,0.0
401882864,2026-09-19,laliga,2026,14357,Celta Vigo,Racing Santander,1,304592,Couhaib Driouech,SUB,0,0.0,24,0.0,0.0,0.0,0.0,0.0,0.0,0.0,,0.0,0.0,0.0,0.0,0.0,0.0
401882864,2026-09-19,laliga,2026,14357,Racing Santander,Celta Vigo,0,323970,Julen Agirrezabala,G,1,1.0,13,0.0,0.0,0.0,5.0,,0.0,0.0,4.0,0.0,0.0,0.0,0.0,0.0,0.0
401882864,2026-09-19,laliga,2026,14357,Racing Santander,Celta Vigo,0,333927,Jeanuël Belocian,CD-L,1,1.0,24,3.0,1.0,0.0,5.0,0.0,0.0,0.0,,0.0,0.0,0.0,0.0,0.0,1.0
401882864,2026-09-19,laliga,2026,14357,Racing Santander,Celta Vigo,0,282672,Pablo Ramon,CD-R,1,1.0,5,1.0,0.0,0.0,5.0,0.0,0.0,0.0,,0.0,1.0,0.0,0.0,2.0,1.0
401882864,2026-09-19,laliga,2026,14357,Racing Santander,Celta Vigo,0,286604,André Almeida,DM,1,1.0,8,1.0,2.0,0.0,2.0,0.0,0.0,0.0,,0.0,0.0,0.0,0.0,0.0,0.0
401882864,2026-09-19,laliga,2026,14357,Racing Santander,Celta Vigo,0,178237,Jorge Salinas,LB,1,1.0,17,0.0,1.0,0.0,5.0,0.0,0.0,0.0,,0.0,1.0,0.0,0.0,1.0,0.0
401882864,2026-09-19,laliga,2026,14357,Racing Santander,Celta Vigo,0,300471,Alvaro Mantilla,RB,1,1.0,2,0.0,1.0,0.0,2.0,0.0,0.0,0.0,,0.0,0.0,0.0,0.0,0.0,0.0
401882864,2026-09-19,laliga,2026,14357,Racing Santander,Celta Vigo,0,284699,Iñigo Vicente,CM-L,1,1.0,10,0.0,1.0,0.0,5.0,0.0,0.0,0.0,,0.0,1.0,0.0,0.0,3.0,1.0
401882864,2026-09-19,laliga,2026,14357,Racing Santander,Celta Vigo,0,330545,Iván Martín,CM-R,1,1.0,23,0.0,0.0,0.0,4.0,0.0,0.0,0.0,,0.0,0.0,0.0,0.0,0.0,0.0
401882864,2026-09-19,laliga,2026,14357,Racing Santander,Celta Vigo,0,417258,Iker Luque,LM,1,1.0,19,2.0,3.0,0.0,5.0,0.0,0.0,0.0,,0.0,1.0,0.0,0.0,1.0,0.0
401882864,2026-09-19,laliga,2026,14357,Racing Santander,Celta Vigo,0,399278,Pablo García,RM,1,1.0,15,0.0,0.0,0.0,2.0,0.0,0.0,0.0,,0.0,1.0,0.0,0.0,1.0,0.0
401882864,2026-09-19,laliga,2026,14357,Racing Santander,Celta Vigo,0,390389,Yassir Zabiri,F,1,1.0,21,2.0,1.0,0.0,3.0,0.0,0.0,0.0,,0.0,0.0,0.0,0.0,1.0,1.0
401882864,2026-09-19,laliga,2026,14357,Racing Santander,Celta Vigo,0,289439,Giorgi Guliashvili,SUB,0,1.0,7,0.0,1.0,0.0,2.0,0.0,0.0,0.0,,0.0,0.0,1.0,0.0,1.0,0.0
401882864,2026-09-19,laliga,2026,14357,Racing Santander,Celta Vigo,0,107960,Matteo Prati,SUB,0,0.0,18,0.0,0.0,0.0,0.0,0.0,0.0,0.0,,0.0,0.0,0.0,0.0,0.0,0.0
401882864,2026-09-19,laliga,2026,14357,Racing Santander,Celta Vigo,0,279699,Íñigo Sainz,SUB,0,1.0,6,0.0,0.0,0.0,1.0,0.0,0.0,0.0,,0.0,0.0,1.0,0.0,0.0,0.0
401882864,2026-09-19,laliga,2026,14357,Racing Santander,Celta Vigo,0,259839,Manu,SUB,0,0.0,4,0.0,0.0,0.0,0.0,0.0,0.0,0.0,,0.0,0.0,0.0,0.0,0.0,0.0
401882864,2026-09-19,laliga,2026,14357,Racing Santander,Celta Vigo,0,222365,Asier Villalibre,SUB,0,1.0,12,0.0,1.0,0.0,3.0,1.0,0.0,0.0,,0.0,0.0,1.0,0.0,1.0,0.0
401882864,2026-09-19,laliga,2026,14357,Racing Santander,Celta Vigo,0,125383,Sergio Canales,SUB,0,1.0,20,1.0,0.0,0.0,3.0,0.0,0.0,0.0,,0.0,0.0,1.0,0.0,0.0,1.0
401882864,2026-09-19,laliga,2026,14357,Racing Santander,Celta Vigo,0,367499,Facundo González,SUB,0,0.0,16,0.0,0.0,0.0,0.0,0.0,0.0,0.0,,0.0,0.0,0.0,0.0,0.0,0.0
401882864,2026-09-19,laliga,2026,14357,Racing Santander,Celta Vigo,0,242007,Aarón Martín,SUB,0,1.0,3,1.0,0.0,0.0,3.0,0.0,0.0,0.0,,0.0,0.0,1.0,0.0,0.0,0.0
401882864,2026-09-19,laliga,2026,14357,Racing Santander,Celta Vigo,0,394309,Laro Gómez,SUB,0,0.0,31,0.0,0.0,0.0,0.0,,0.0,0.0,0.0,0.0,0.0,0.0,0.0,0.0,0.0
401882864,2026-09-19,laliga,2026,14357,Racing Santander,Celta Vigo,0,361455,Pedro Felipe,SUB,0,0.0,22,0.0,0.0,0.0,0.0,0.0,0.0,0.0,,0.0,0.0,0.0,0.0,0.0,0.0
401882864,2026-09-19,laliga,2026,14357,Racing Santander,Celta Vigo,0,342654,Maguette Gueye,SUB,0,0.0,14,0.0,0.0,0.0,0.0,0.0,0.0,0.0,,0.0,0.0,0.0,0.0,0.0,0.0
401882864,2026-09-19,laliga,2026,14357,Racing Santander,Celta Vigo,0,334268,Juan Carlos Arana,SUB,0,0.0,9,0.0,0.0,0.0,0.0,0.0,0.0,0.0,,0.0,0.0,0.0,0.0,0.0,0.0
401882866,2026-09-19,laliga,2026,14357,Athletic Club,Alavés,1,222375,Unai Simón,G,1,1.0,1,0.0,0.0,0.0,0.0,,0.0,0.0,0.0,0.0,0.0,0.0,0.0,0.0,0.0
401882866,2026-09-19,laliga,2026,14357,Athletic Club,Alavés,1,159317,Aymeric Laporte,CD-L,1,1.0,14,1.0,0.0,0.0,0.0,0.0,0.0,0.0,,0.0,0.0,0.0,0.0,0.0,0.0
401882866,2026-09-19,laliga,2026,14357,Athletic Club,Alavés,1,308254,Aitor Paredes,CD-R,1,1.0,4,0.0,1.0,0.0,0.0,0.0,0.0,0.0,,0.0,0.0,0.0,0.0,0.0,0.0
401882866,2026-09-19,laliga,2026,14357,Athletic Club,Alavés,1,133768,Yuri Berchiche,LB,1,1.0,17,1.0,0.0,0.0,0.0,0.0,0.0,0.0,,0.0,1.0,0.0,0.0,4.0,0.0
401882866,2026-09-19,laliga,2026,14357,Athletic Club,Alavés,1,333214,Johaneko Louis Jean,RB,1,1.0,31,2.0,1.0,0.0,0.0,0.0,0.0,0.0,,0.0,0.0,0.0,0.0,1.0,0.0
401882866,2026-09-19,laliga,2026,14357,Athletic Club,Alavés,1,291616,Oihan Sancet,AM,1,1.0,8,1.0,2.0,0.0,0.0,0.0,0.0,0.0,,0.0,1.0,0.0,0.0,2.0,0.0
401882866,2026-09-19,laliga,2026,14357,Athletic Club,Alavés,1,377792,Mikel Jauregizar,LM,1,1.0,18,1.0,1.0,0.0,0.0,0.0,0.0,0.0,,0.0,1.0,0.0,0.0,1.0,0.0
401882866,2026-09-19,laliga,2026,14357,Athletic Club,Alavés,1,157708,Iñigo Ruiz de Galarreta,RM,1,1.0,16,2.0,3.0,0.0,0.0,0.0,0.0,0.0,,0.0,0.0,0.0,0.0,3.0,1.0
401882866,2026-09-19,laliga,2026,14357,Athletic Club,Alavés,1,214412,Iñaki Williams,F,1,1.0,9,1.0,0.0,0.0,0.0,0.0,0.0,0.0,,0.0,0.0,0.0,0.0,2.0,0.0
401882866,2026-09-19,laliga,2026,14357,Athletic Club,Alavés,1,312146,Nico Williams,AM-L,1,1.0,10,4.0,2.0,0.0,0.0,0.0,0.0,0.0,,0.0,0.0,0.0,0.0,3.0,0.0
401882866,2026-09-19,laliga,2026,14357,Athletic Club,Alavés,1,276996,Robert Navarro,AM-R,1,1.0,23,0.0,1.0,0.0,0.0,0.0,0.0,0.0,,0.0,2.0,0.0,0.0,4.0,0.0
401882866,2026-09-19,laliga,2026,14357,Athletic Club,Alavés,1,347411,Álex Padilla,SUB,0,0.0,13,0.0,0.0,0.0,0.0,,0.0,0.0,0.0,0.0,0.0,0.0,0.0,0.0,0.0
401882866,2026-09-19,laliga,2026,14357,Athletic Club,Alavés,1,323971,Nico Serrano,SUB,0,1.0,22,1.0,0.0,0.0,0.0,0.0,0.0,0.0,,0.0,0.0,1.0,0.0,1.0,0.0
401882866,2026-09-19,laliga,2026,14357,Athletic Club,Alavés,1,403371,Alejandro Rego,SUB,0,0.0,20,0.0,0.0,0.0,0.0,0.0,0.0,0.0,,0.0,0.0,0.0,0.0,0.0,0.0
401882866,2026-09-19,laliga,2026,14357,Athletic Club,Alavés,1,300876,Jesús Areso,SUB,0,1.0,12,0.0,0.0,0.0,0.0,0.0,0.0,0.0,,0.0,1.0,1.0,0.0,1.0,1.0
401882866,2026-09-19,laliga,2026,14357,Athletic Club,Alavés,1,318785,Beñat Prados,SUB,0,0.0,6,0.0,0.0,0.0,0.0,0.0,0.0,0.0,,0.0,0.0,0.0,0.0,0.0,0.0
401882866,2026-09-19,laliga,2026,14357,Athletic Club,Alavés,1,217225,Yeray,SUB,0,0.0,5,0.0,0.0,0.0,0.0,0.0,0.0,0.0,,0.0,0.0,0.0,0.0,0.0,0.0
401882866,2026-09-19,laliga,2026,14357,Athletic Club,Alavés,1,362572,Hugo Rincón,SUB,0,0.0,15,0.0,0.0,0.0,0.0,0.0,0.0,0.0,,0.0,0.0,0.0,0.0,0.0,0.0
401882866,2026-09-19,laliga,2026,14357,Athletic Club,Alavés,1,388803,Beñat Gerenabarrena,SUB,0,0.0,24,0.0,0.0,0.0,0.0,0.0,0.0,0.0,,0.0,0.0,0.0,0.0,0.0,0.0
401882866,2026-09-19,laliga,2026,14357,Athletic Club,Alavés,1,393762,Maroan Sannadi,SUB,0,1.0,21,0.0,1.0,0.0,0.0,0.0,0.0,0.0,,0.0,0.0,1.0,0.0,0.0,0.0
401882866,2026-09-19,laliga,2026,14357,Athletic Club,Alavés,1,209579,Álex Berenguer,SUB,0,1.0,7,0.0,0.0,0.0,0.0,0.0,0.0,0.0,,0.0,0.0,1.0,0.0,1.0,0.0
401882866,2026-09-19,laliga,2026,14357,Athletic Club,Alavés,1,347033,Álvaro Djaló,SUB,0,0.0,25,0.0,0.0,0.0,0.0,0.0,0.0,0.0,,0.0,0.0,0.0,0.0,0.0,0.0
401882866,2026-09-19,laliga,2026,14357,Athletic Club,Alavés,1,388805,Peio Canales,SUB,0,1.0,28,0.0,0.0,0.0,0.0,0.0,0.0,0.0,,0.0,0.0,1.0,0.0,1.0,0.0
401882866,2026-09-19,laliga,2026,14357,Alavés,Athletic Club,0,200910,Antonio Sivera,G,1,1.0,1,0.0,0.0,0.0,0.0,,0.0,0.0,6.0,0.0,0.0,0.0,0.0,0.0,0.0
401882866,2026-09-19,laliga,2026,14357,Alavés,Athletic Club,0,149306,Ville Koski,CD,1,1.0,16,1.0,0.0,0.0,0.0,0.0,0.0,0.0,,0.0,0.0,0.0,0.0,0.0,0.0
401882866,2026-09-19,laliga,2026,14357,Alavés,Athletic Club,0,318084,Nicolás Valentini,CD-L,1,1.0,2,0.0,1.0,0.0,0.0,0.0,0.0,0.0,,0.0,0.0,0.0,0.0,0.0,0.0
401882866,2026-09-19,laliga,2026,14357,Alavés,Athletic Club,0,176312,Jonny,CD-R,1,1.0,17,1.0,0.0,0.0,0.0,0.0,0.0,0.0,,0.0,0.0,0.0,0.0,0.0,0.0
401882866,2026-09-19,laliga,2026,14357,Alavés,Athletic Club,0,345991,Abde Rebbach,LB,1,1.0,21,0.0,2.0,0.0,0.0,0.0,0.0,0.0,,0.0,0.0,0.0,0.0,0.0,0.0
401882866,2026-09-19,laliga,2026,14357,Alavés,Athletic Club,0,262491,Nahuel Tenaglia,RB,1,1.0,14,1.0,3.0,0.0,0.0,0.0,0.0,0.0,,0.0,0.0,0.0,0.0,0.0,0.0
401882866,2026-09-19,laliga,2026,14357,Alavés,Athletic Club,0,260256,Ander Guevara,CM,1,1.0,6,1.0,1.0,0.0,0.0,0.0,0.0,0.0,,0.0,0.0,0.0,0.0,0.0,0.0
401882866,2026-09-19,laliga,2026,14357,Alavés,Athletic Club,0,106326,Pablo Ibáñez,CM-L,1,1.0,19,3.0,2.0,0.0,0.0,0.0,0.0,0.0,,0.0,0.0,0.0,0.0,0.0,0.0
401882866,2026-09-19,laliga,2026,14357,Alavés,Athletic Club,0,253754,Carlos Protesoni,CM-R,1,1.0,23,2.0,2.0,0.0,0.0,0.0,0.0,0.0,,0.0,0.0,0.0,0.0,2.0,0.0
401882866,2026-09-19,laliga,2026,14357,Alavés,Athletic Club,0,198832,Mariano Díaz,CF-L,1,1.0,9,0.0,0.0,0.0,0.0,1.0,0.0,0.0,,0.0,0.0,0.0,0.0,0.0,0.0
401882866,2026-09-19,laliga,2026,14357,Alavés,Athletic Club,0,207236,Lucas Boyé,CF-R,1,1.0,15,2.0,1.0,0.0,0.0,0.0,0.0,0.0,,0.0,0.0,0.0,0.0,0.0,0.0
401882866,2026-09-19,laliga,2026,14357,Alavés,Athletic Club,0,181757,Toni Martínez,SUB,0,1.0,11,2.0,1.0,0.0,0.0,2.0,0.0,0.0,,0.0,0.0,1.0,0.0,0.0,0.0
401882866,2026-09-19,laliga,2026,14357,Alavés,Athletic Club,0,382532,Youssef Lekhedim,SUB,0,1.0,3,0.0,0.0,0.0,0.0,0.0,0.0,0.0,,0.0,0.0,1.0,0.0,0.0,0.0
401882866,2026-09-19,laliga,2026,14357,Alavés,Athletic Club,0,83494,Miguel Rodríguez,SUB,0,0.0,22,0.0,0.0,0.0,0.0,0.0,0.0,0.0,,0.0,0.0,0.0,0.0,0.0,0.0
401882866,2026-09-19,laliga,2026,14357,Alavés,Athletic Club,0,305608,Hugo Novoa,SUB,0,0.0,12,0.0,0.0,0.0,0.0,0.0,0.0,0.0,,0.0,0.0,0.0,0.0,0.0,0.0
401882866,2026-09-19,laliga,2026,14357,Alavés,Athletic Club,0,374621,Ángel Pérez,SUB,0,1.0,7,0.0,0.0,0.0,0.0,0.0,0.0,0.0,,0.0,0.0,1.0,0.0,0.0,0.0
401882866,2026-09-19,laliga,2026,14357,Alavés,Athletic Club,0,265997,Antonio Blanco,SUB,0,1.0,8,0.0,0.0,0.0,0.0,0.0,0.0,0.0,,0.0,0.0,1.0,0.0,0.0,0.0
401882866,2026-09-19,laliga,2026,14357,Alavés,Athletic Club,0,150374,Adrián Rodríguez,SUB,0,0.0,13,0.0,0.0,0.0,0.0,,0.0,0.0,0.0,0.0,0.0,0.0,0.0,0.0,0.0
401882866,2026-09-19,laliga,2026,14357,Alavés,Athletic Club,0,415276,Xanet Oláiz,SUB,0,0.0,27,0.0,0.0,0.0,0.0,0.0,0.0,0.0,,0.0,0.0,0.0,0.0,0.0,0.0
401882866,2026-09-19,laliga,2026,14357,Alavés,Athletic Club,0,163068,Denis Suárez,SUB,0,0.0,4,0.0,0.0,0.0,0.0,0.0,0.0,0.0,,0.0,0.0,0.0,0.0,0.0,0.0
401882866,2026-09-19,laliga,2026,14357,Alavés,Athletic Club,0,415206,Izei Hernandez,SUB,0,0.0,29,0.0,0.0,0.0,0.0,0.0,0.0,0.0,,0.0,0.0,0.0,0.0,0.0,0.0
401882866,2026-09-19,laliga,2026,14357,Alavés,Athletic Club,0,367996,Selu Diallo,SUB,0,0.0,24,0.0,0.0,0.0,0.0,0.0,0.0,0.0,,0.0,0.0,0.0,0.0,0.0,0.0
401882866,2026-09-19,laliga,2026,14357,Alavés,Athletic Club,0,233802,Carles Aleñá,SUB,0,1.0,10,0.0,1.0,0.0,0.0,0.0,0.0,0.0,,0.0,0.0,1.0,0.0,0.0,0.0
401882857,2026-09-20,laliga,2026,14357,Villarreal,Levante,1,119620,Péter Gulácsi,G,1,1.0,25,0.0,0.0,0.0,1.0,,0.0,0.0,0.0,0.0,0.0,0.0,0.0,0.0,0.0
401882857,2026-09-20,laliga,2026,14357,Villarreal,Levante,1,337011,Renato Veiga,CD-L,1,1.0,12,0.0,0.0,0.0,1.0,0.0,0.0,0.0,,0.0,0.0,0.0,0.0,0.0,0.0
401882857,2026-09-20,laliga,2026,14357,Villarreal,Levante,1,368878,Pau Navarro,CD-R,1,1.0,6,0.0,0.0,0.0,1.0,0.0,0.0,0.0,,0.0,0.0,0.0,0.0,0.0,0.0
401882857,2026-09-20,laliga,2026,14357,Villarreal,Levante,1,289072,Sergi Cardona,LB,1,1.0,23,0.0,1.0,0.0,1.0,0.0,0.0,0.0,,0.0,0.0,0.0,0.0,1.0,0.0
401882857,2026-09-20,laliga,2026,14357,Villarreal,Levante,1,248276,Alex Freeman,RB,1,1.0,3,0.0,1.0,0.0,1.0,0.0,0.0,0.0,,0.0,0.0,0.0,0.0,1.0,0.0
401882857,2026-09-20,laliga,2026,14357,Villarreal,Levante,1,307390,Alberto Moleiro,AM,1,1.0,10,3.0,0.0,2.0,1.0,0.0,0.0,0.0,,0.0,2.0,0.0,1.0,3.0,0.0
401882857,2026-09-20,laliga,2026,14357,Villarreal,Levante,1,311163,Nathan Saliba,LM,1,1.0,24,1.0,1.0,0.0,1.0,0.0,0.0,0.0,,0.0,0.0,0.0,0.0,3.0,0.0
401882857,2026-09-20,laliga,2026,14357,Villarreal,Levante,1,255889,Pape Gueye,RM,1,1.0,18,0.0,3.0,0.0,1.0,1.0,0.0,0.0,,0.0,0.0,0.0,0.0,0.0,0.0
401882857,2026-09-20,laliga,2026,14357,Villarreal,Levante,1,192133,Ayoze Pérez,F,1,1.0,22,2.0,1.0,0.0,1.0,0.0,0.0,0.0,,0.0,3.0,0.0,1.0,5.0,0.0
401882857,2026-09-20,laliga,2026,14357,Villarreal,Levante,1,284769,Tajon Buchanan,AM-L,1,1.0,17,3.0,2.0,0.0,1.0,0.0,0.0,0.0,,0.0,0.0,0.0,0.0,3.0,1.0
401882857,2026-09-20,laliga,2026,14357,Villarreal,Levante,1,331047,Ilias Akhomach,AM-R,1,1.0,11,0.0,1.0,1.0,1.0,0.0,0.0,0.0,,0.0,0.0,0.0,0.0,1.0,0.0
401882857,2026-09-20,laliga,2026,14357,Villarreal,Levante,1,156172,Gerard Moreno,SUB,0,1.0,7,0.0,0.0,0.0,0.0,0.0,0.0,0.0,,0.0,0.0,1.0,0.0,2.0,0.0
401882857,2026-09-20,laliga,2026,14357,Villarreal,Levante,1,415438,Carlos Macià,SUB,0,1.0,16,0.0,0.0,0.0,0.0,0.0,0.0,0.0,,0.0,0.0,1.0,0.0,0.0,0.0
401882857,2026-09-20,laliga,2026,14357,Villarreal,Levante,1,300002,Georges Mikautadze,SUB,0,1.0,9,0.0,0.0,0.0,0.0,0.0,0.0,0.0,,0.0,2.0,1.0,1.0,2.0,0.0
401882857,2026-09-20,laliga,2026,14357,Villarreal,Levante,1,294039,Tani Oluwaseyi,SUB,0,0.0,21,0.0,0.0,0.0,0.0,0.0,0.0,0.0,,0.0,0.0,0.0,0.0,0.0,0.0
401882857,2026-09-20,laliga,2026,14357,Villarreal,Levante,1,242710,Juan Foyth,SUB,0,0.0,8,0.0,0.0,0.0,0.0,0.0,0.0,0.0,,0.0,0.0,0.0,0.0,0.0,0.0
401882857,2026-09-20,laliga,2026,14357,Villarreal,Levante,1,210397,Nicolas Pépé,SUB,0,1.0,19,0.0,0.0,0.0,0.0,0.0,0.0,0.0,,0.0,0.0,1.0,0.0,0.0,0.0
401882857,2026-09-20,laliga,2026,14357,Villarreal,Levante,1,307648,Luiz Júnior,SUB,0,0.0,1,0.0,0.0,0.0,0.0,,0.0,0.0,0.0,0.0,0.0,0.0,0.0,0.0,0.0
401882857,2026-09-20,laliga,2026,14357,Villarreal,Levante,1,343640,Rubén Gómez,SUB,0,0.0,13,0.0,0.0,0.0,0.0,,0.0,0.0,0.0,0.0,0.0,0.0,0.0,0.0,0.0
401882857,2026-09-20,laliga,2026,14357,Villarreal,Levante,1,271129,Logan Costa,SUB,0,0.0,2,0.0,0.0,0.0,0.0,0.0,0.0,0.0,,0.0,0.0,0.0,0.0,0.0,0.0
401882857,2026-09-20,laliga,2026,14357,Villarreal,Levante,1,318098,Santiago Mouriño,SUB,0,1.0,15,0.0,0.0,0.0,0.0,0.0,0.0,0.0,,0.0,0.0,1.0,0.0,0.0,0.0
401882857,2026-09-20,laliga,2026,14357,Villarreal,Levante,1,396751,Alassane Diatta,SUB,0,0.0,5,0.0,0.0,0.0,0.0,0.0,0.0,0.0,,0.0,0.0,0.0,0.0,0.0,0.0
401882857,2026-09-20,laliga,2026,14357,Villarreal,Levante,1,271904,Carlos Romero,SUB,0,0.0,20,0.0,0.0,0.0,0.0,0.0,0.0,0.0,,0.0,0.0,0.0,0.0,0.0,0.0
401882857,2026-09-20,laliga,2026,14357,Levante,Villarreal,0,141438,Mathew Ryan,G,1,1.0,13,0.0,0.0,0.0,3.0,,0.0,0.0,3.0,0.0,0.0,0.0,0.0,0.0,0.0
401882857,2026-09-20,laliga,2026,14357,Levante,Villarreal,0,150451,Aïssa Mandi,CD-L,1,1.0,2,1.0,2.0,0.0,2.0,0.0,0.0,0.0,,0.0,0.0,0.0,0.0,0.0,1.0
401882857,2026-09-20,laliga,2026,14357,Levante,Villarreal,0,276841,Adrián de la Fuente,CD-R,1,1.0,4,0.0,2.0,0.0,3.0,0.0,0.0,0.0,,0.0,0.0,0.0,0.0,0.0,0.0
401882857,2026-09-20,laliga,2026,14357,Levante,Villarreal,0,300985,Manu Sánchez,LB,1,1.0,23,0.0,1.0,0.0,3.0,0.0,0.0,0.0,,0.0,0.0,0.0,0.0,0.0,0.0
401882857,2026-09-20,laliga,2026,14357,Levante,Villarreal,0,186024,Jeremy Toljan,RB,1,1.0,22,1.0,3.0,1.0,3.0,0.0,0.0,0.0,,0.0,0.0,0.0,0.0,2.0,0.0
401882857,2026-09-20,laliga,2026,14357,Levante,Villarreal,0,269339,Orio Rey,CM,1,1.0,20,1.0,1.0,0.0,2.0,0.0,0.0,0.0,,0.0,0.0,0.0,0.0,0.0,0.0
401882857,2026-09-20,laliga,2026,14357,Levante,Villarreal,0,317784,Jon Ander Olasagasti,LM,1,1.0,8,2.0,0.0,0.0,3.0,0.0,0.0,0.0,,0.0,0.0,0.0,0.0,0.0,0.0
401882857,2026-09-20,laliga,2026,14357,Levante,Villarreal,0,334794,Enzo Bardeli,RM,1,1.0,18,0.0,0.0,0.0,2.0,0.0,0.0,0.0,,0.0,0.0,0.0,0.0,0.0,0.0
401882857,2026-09-20,laliga,2026,14357,Levante,Villarreal,0,311054,Iván Romero,F,1,1.0,9,1.0,0.0,0.0,2.0,0.0,0.0,0.0,,0.0,1.0,0.0,1.0,1.0,0.0
401882857,2026-09-20,laliga,2026,14357,Levante,Villarreal,0,339195,Thiago Fernández,LF,1,1.0,24,1.0,0.0,0.0,2.0,0.0,0.0,0.0,,0.0,0.0,0.0,0.0,1.0,0.0
401882857,2026-09-20,laliga,2026,14357,Levante,Villarreal,0,267591,Roger Brugué,RF,1,1.0,7,2.0,0.0,0.0,3.0,0.0,0.0,0.0,,0.0,0.0,0.0,0.0,1.0,0.0
401882857,2026-09-20,laliga,2026,14357,Levante,Villarreal,0,316040,Pablo Cuñat,SUB,0,0.0,1,0.0,0.0,0.0,0.0,,0.0,0.0,0.0,0.0,0.0,0.0,0.0,0.0,0.0
401882857,2026-09-20,laliga,2026,14357,Levante,Villarreal,0,381071,Jorge Cabello,SUB,0,0.0,14,0.0,0.0,0.0,0.0,0.0,0.0,0.0,,0.0,0.0,0.0,0.0,0.0,0.0
401882857,2026-09-20,laliga,2026,14357,Levante,Villarreal,0,384985,Paco Cortés,SUB,0,0.0,27,0.0,0.0,0.0,0.0,0.0,0.0,0.0,,0.0,0.0,0.0,0.0,0.0,0.0
401882857,2026-09-20,laliga,2026,14357,Levante,Villarreal,0,3102194,Yanis Kasonga Musuayi,SUB,0,1.0,11,0.0,0.0,0.0,1.0,0.0,0.0,0.0,,0.0,0.0,1.0,0.0,1.0,0.0
401882857,2026-09-20,laliga,2026,14357,Levante,Villarreal,0,3129043,Marc Santos Gavilán,SUB,0,0.0,33,0.0,0.0,0.0,0.0,0.0,0.0,0.0,,0.0,0.0,0.0,0.0,0.0,0.0
401882857,2026-09-20,laliga,2026,14357,Levante,Villarreal,0,409383,Nacho Pérez,SUB,0,0.0,29,0.0,0.0,0.0,0.0,0.0,0.0,0.0,,0.0,0.0,0.0,0.0,0.0,0.0
401882857,2026-09-20,laliga,2026,14357,Levante,Villarreal,0,342136,Petar Ratkov,SUB,0,1.0,10,0.0,0.0,0.0,1.0,0.0,0.0,0.0,,0.0,0.0,1.0,0.0,0.0,0.0
401882857,2026-09-20,laliga,2026,14357,Levante,Villarreal,0,203680,Víctor García,SUB,0,1.0,17,1.0,0.0,0.0,1.0,0.0,0.0,0.0,,0.0,0.0,1.0,0.0,0.0,0.0
401882857,2026-09-20,laliga,2026,14357,Levante,Villarreal,0,362752,Dani Requena,SUB,0,1.0,6,0.0,0.0,0.0,1.0,0.0,0.0,0.0,,0.0,0.0,1.0,0.0,0.0,0.0
401882857,2026-09-20,laliga,2026,14357,Levante,Villarreal,0,3129042,Manel Usedo Domingo,SUB,0,0.0,34,0.0,0.0,0.0,0.0,0.0,0.0,0.0,,0.0,0.0,0.0,0.0,0.0,0.0
401882857,2026-09-20,laliga,2026,14357,Levante,Villarreal,0,407397,Ifeanyi Ndukwe,SUB,0,1.0,3,0.0,0.0,0.0,1.0,0.0,0.0,0.0,,0.0,0.0,1.0,0.0,0.0,0.0
401882857,2026-09-20,laliga,2026,14357,Levante,Villarreal,0,396655,Axel Tape,SUB,0,0.0,16,0.0,0.0,0.0,0.0,0.0,0.0,0.0,,0.0,0.0,0.0,0.0,0.0,0.0
401882858,2026-09-20,laliga,2026,14357,Valencia,Real Sociedad,1,165334,Stole Dimitrievski,G,1,1.0,1,0.0,1.0,0.0,3.0,,0.0,0.0,3.0,0.0,0.0,0.0,0.0,0.0,0.0
401882858,2026-09-20,laliga,2026,14357,Valencia,Real Sociedad,1,282086,Justin de Haas,CD-L,1,1.0,12,1.0,1.0,0.0,3.0,0.0,0.0,0.0,,0.0,0.0,0.0,0.0,1.0,1.0
401882858,2026-09-20,laliga,2026,14357,Valencia,Real Sociedad,1,231603,Pepelu,CD-R,1,1.0,18,0.0,0.0,0.0,3.0,0.0,0.0,0.0,,0.0,0.0,0.0,0.0,1.0,0.0
401882858,2026-09-20,laliga,2026,14357,Valencia,Real Sociedad,1,178747,José Gayà,LB,1,1.0,14,2.0,0.0,0.0,2.0,0.0,0.0,0.0,,0.0,0.0,0.0,0.0,1.0,1.0
401882858,2026-09-20,laliga,2026,14357,Valencia,Real Sociedad,1,222661,Pablo Maffeo,RB,1,1.0,24,2.0,1.0,0.0,3.0,0.0,0.0,0.0,,0.0,0.0,0.0,0.0,1.0,0.0
401882858,2026-09-20,laliga,2026,14357,Valencia,Real Sociedad,1,212185,Guido Rodríguez,CM-L,1,1.0,2,0.0,1.0,0.0,1.0,0.0,0.0,0.0,,0.0,0.0,0.0,0.0,0.0,0.0
401882858,2026-09-20,laliga,2026,14357,Valencia,Real Sociedad,1,419048,Aaron Mayol,CM-R,1,1.0,33,1.0,1.0,0.0,3.0,0.0,0.0,0.0,,0.0,1.0,0.0,1.0,2.0,0.0
401882858,2026-09-20,laliga,2026,14357,Valencia,Real Sociedad,1,231618,Arnaut Danjuma,LM,1,1.0,7,0.0,1.0,0.0,2.0,1.0,0.0,0.0,,0.0,0.0,0.0,0.0,2.0,0.0
401882858,2026-09-20,laliga,2026,14357,Valencia,Real Sociedad,1,248681,Filip Ugrinic,RM,1,1.0,23,0.0,0.0,0.0,1.0,0.0,0.0,0.0,,0.0,0.0,0.0,0.0,0.0,0.0
401882858,2026-09-20,laliga,2026,14357,Valencia,Real Sociedad,1,267477,Hugo Duro,CF-L,1,1.0,9,1.0,1.0,1.0,2.0,1.0,0.0,0.0,,0.0,0.0,0.0,0.0,3.0,0.0
401882858,2026-09-20,laliga,2026,14357,Valencia,Real Sociedad,1,16340,Javier Guerra,CF-R,1,1.0,8,2.0,2.0,0.0,3.0,0.0,0.0,0.0,,0.0,1.0,0.0,0.0,6.0,0.0
401882858,2026-09-20,laliga,2026,14357,Valencia,Real Sociedad,1,280806,Harvey Elliott,SUB,0,1.0,10,0.0,0.0,0.0,2.0,0.0,0.0,0.0,,0.0,1.0,1.0,0.0,1.0,0.0
401882858,2026-09-20,laliga,2026,14357,Valencia,Real Sociedad,1,377768,David Otorbi,SUB,0,1.0,27,0.0,0.0,0.0,2.0,0.0,0.0,0.0,,0.0,1.0,1.0,0.0,2.0,0.0
401882858,2026-09-20,laliga,2026,14357,Valencia,Real Sociedad,1,264177,Luis Rioja,SUB,0,1.0,11,0.0,1.0,0.0,1.0,0.0,0.0,0.0,,0.0,0.0,1.0,0.0,0.0,0.0
401882858,2026-09-20,laliga,2026,14357,Valencia,Real Sociedad,1,189804,Jesús Vázquez,SUB,0,1.0,21,0.0,1.0,0.0,1.0,0.0,0.0,0.0,,0.0,0.0,1.0,0.0,0.0,0.0
401882858,2026-09-20,laliga,2026,14357,Valencia,Real Sociedad,1,232803,Aliou Dieng,SUB,0,0.0,15,0.0,0.0,0.0,0.0,0.0,0.0,0.0,,0.0,0.0,0.0,0.0,0.0,0.0
401882858,2026-09-20,laliga,2026,14357,Valencia,Real Sociedad,1,360096,Ryunosuke Sato,SUB,0,0.0,39,0.0,0.0,0.0,0.0,0.0,0.0,0.0,,0.0,0.0,0.0,0.0,0.0,0.0
401882858,2026-09-20,laliga,2026,14357,Valencia,Real Sociedad,1,253763,Dani Raba,SUB,0,0.0,19,0.0,0.0,0.0,0.0,0.0,0.0,0.0,,0.0,0.0,0.0,0.0,0.0,0.0
401882858,2026-09-20,laliga,2026,14357,Valencia,Real Sociedad,1,388076,Iker Córdoba,SUB,0,0.0,36,0.0,0.0,0.0,0.0,0.0,0.0,0.0,,0.0,0.0,0.0,0.0,0.0,0.0
401882858,2026-09-20,laliga,2026,14357,Valencia,Real Sociedad,1,413671,Alex Panach,SUB,0,0.0,29,0.0,0.0,0.0,0.0,0.0,0.0,0.0,,0.0,0.0,0.0,0.0,0.0,0.0
401882858,2026-09-20,laliga,2026,14357,Valencia,Real Sociedad,1,308728,Arnau Martínez,SUB,0,0.0,22,0.0,0.0,0.0,0.0,0.0,0.0,0.0,,0.0,0.0,0.0,0.0,0.0,0.0
401882858,2026-09-20,laliga,2026,14357,Valencia,Real Sociedad,1,409380,Aimar Blázquez,SUB,0,1.0,37,0.0,0.0,0.0,1.0,0.0,0.0,0.0,,0.0,1.0,1.0,0.0,2.0,0.0
401882858,2026-09-20,laliga,2026,14357,Valencia,Real Sociedad,1,324582,Kayne Van Oevelen,SUB,0,0.0,25,0.0,0.0,0.0,0.0,,0.0,0.0,0.0,0.0,0.0,0.0,0.0,0.0,0.0
401882858,2026-09-20,laliga,2026,14357,Real Sociedad,Valencia,0,217319,Álex Remiro,G,1,1.0,1,0.0,0.0,0.0,2.0,,0.0,0.0,4.0,0.0,0.0,0.0,0.0,0.0,0.0
401882858,2026-09-20,laliga,2026,14357,Real Sociedad,Valencia,0,366885,Jon Martín,CD-L,1,1.0,6,2.0,0.0,0.0,2.0,0.0,0.0,0.0,,0.0,0.0,0.0,0.0,1.0,0.0
401882858,2026-09-20,laliga,2026,14357,Real Sociedad,Valencia,0,396607,Luken Beitia,CD-R,1,1.0,34,0.0,0.0,0.0,2.0,0.0,1.0,0.0,,0.0,1.0,0.0,0.0,3.0,0.0
401882858,2026-09-20,laliga,2026,14357,Real Sociedad,Valencia,0,265993,Sergio Gómez,LB,1,1.0,17,0.0,0.0,0.0,1.0,1.0,0.0,0.0,,0.0,0.0,0.0,0.0,0.0,0.0
401882858,2026-09-20,laliga,2026,14357,Real Sociedad,Valencia,0,318063,Jon Aramburu,RB,1,1.0,2,1.0,1.0,0.0,2.0,0.0,0.0,0.0,,0.0,0.0,0.0,0.0,0.0,0.0
401882858,2026-09-20,laliga,2026,14357,Real Sociedad,Valencia,0,235072,Carlos Soler,CM-L,1,1.0,18,1.0,2.0,1.0,2.0,0.0,0.0,0.0,,0.0,1.0,0.0,1.0,3.0,0.0
401882858,2026-09-20,laliga,2026,14357,Real Sociedad,Valencia,0,388601,Jon Gorrotxategi,CM-R,1,1.0,4,0.0,1.0,0.0,1.0,0.0,0.0,0.0,,0.0,0.0,0.0,0.0,0.0,0.0
401882858,2026-09-20,laliga,2026,14357,Real Sociedad,Valencia,0,213141,Gonçalo Guedes,LM,1,1.0,11,2.0,4.0,0.0,2.0,0.0,0.0,0.0,,0.0,1.0,0.0,0.0,3.0,0.0
401882858,2026-09-20,laliga,2026,14357,Real Sociedad,Valencia,0,406379,Job Ochieng,RM,1,1.0,12,0.0,0.0,1.0,1.0,1.0,0.0,0.0,,0.0,0.0,0.0,0.0,4.0,0.0
401882858,2026-09-20,laliga,2026,14357,Real Sociedad,Valencia,0,229018,Mikel Oyarzabal,CF-L,1,1.0,10,0.0,0.0,0.0,1.0,0.0,0.0,0.0,,0.0,1.0,0.0,0.0,3.0,0.0
401882858,2026-09-20,laliga,2026,14357,Real Sociedad,Valencia,0,306263,Luka Sucic,CF-R,1,1.0,24,1.0,0.0,0.0,2.0,0.0,0.0,0.0,,0.0,1.0,0.0,1.0,2.0,1.0
401882858,2026-09-20,laliga,2026,14357,Real Sociedad,Valencia,0,355433,Mamadou Sarr,SUB,0,0.0,19,0.0,0.0,0.0,0.0,0.0,0.0,0.0,,0.0,0.0,0.0,0.0,0.0,0.0
401882858,2026-09-20,laliga,2026,14357,Real Sociedad,Valencia,0,396613,Alex Marchal,SUB,0,0.0,29,0.0,0.0,0.0,0.0,0.0,0.0,0.0,,0.0,0.0,0.0,0.0,0.0,0.0
401882858,2026-09-20,laliga,2026,14357,Real Sociedad,Valencia,0,283891,Aihen Muñoz,SUB,0,1.0,3,1.0,0.0,0.0,1.0,0.0,0.0,0.0,,0.0,0.0,1.0,0.0,0.0,0.0
401882858,2026-09-20,laliga,2026,14357,Real Sociedad,Valencia,0,256587,Takefusa Kubo,SUB,0,0.0,14,0.0,0.0,0.0,0.0,0.0,0.0,0.0,,0.0,0.0,0.0,0.0,0.0,0.0
401882858,2026-09-20,laliga,2026,14357,Real Sociedad,Valencia,0,312011,Unai Marrero,SUB,0,0.0,13,0.0,0.0,0.0,0.0,,0.0,0.0,0.0,0.0,0.0,0.0,0.0,0.0,0.0
401882858,2026-09-20,laliga,2026,14357,Real Sociedad,Valencia,0,307487,Arsen Zakharyan,SUB,0,1.0,23,0.0,0.0,0.0,0.0,0.0,0.0,0.0,,0.0,0.0,1.0,0.0,0.0,0.0
401882858,2026-09-20,laliga,2026,14357,Real Sociedad,Valencia,0,283941,Ander Barrenetxea,SUB,0,1.0,7,2.0,0.0,0.0,1.0,0.0,0.0,0.0,,0.0,1.0,1.0,1.0,2.0,0.0
401882858,2026-09-20,laliga,2026,14357,Real Sociedad,Valencia,0,297371,Beñat Turrientes,SUB,0,0.0,8,0.0,0.0,0.0,0.0,0.0,0.0,0.0,,0.0,0.0,0.0,0.0,0.0,0.0
401882858,2026-09-20,laliga,2026,14357,Real Sociedad,Valencia,0,363039,Héctor Fort,SUB,0,0.0,22,0.0,0.0,0.0,0.0,0.0,0.0,0.0,,0.0,0.0,0.0,0.0,0.0,0.0
401882858,2026-09-20,laliga,2026,14357,Real Sociedad,Valencia,0,341367,Orri Óskarsson,SUB,0,1.0,9,2.0,0.0,0.0,1.0,0.0,0.0,1.0,,0.0,0.0,1.0,0.0,0.0,0.0
401882858,2026-09-20,laliga,2026,14357,Real Sociedad,Valencia,0,297359,Jon Pacheco,SUB,0,0.0,16,0.0,0.0,0.0,0.0,0.0,0.0,0.0,,0.0,0.0,0.0,0.0,0.0,0.0
401882858,2026-09-20,laliga,2026,14357,Real Sociedad,Valencia,0,236185,Yangel Herrera,SUB,0,1.0,21,0.0,1.0,0.0,1.0,0.0,0.0,0.0,,0.0,0.0,1.0,0.0,0.0,0.0
401882861,2026-09-20,laliga,2026,14357,Getafe,Málaga,1,196339,David Soria,G,1,1.0,13,0.0,0.0,0.0,0.0,,0.0,0.0,4.0,0.0,0.0,0.0,0.0,0.0,0.0
401882861,2026-09-20,laliga,2026,14357,Getafe,Málaga,1,300111,Zaid Romero,CD-L,1,1.0,24,1.0,2.0,0.0,0.0,0.0,0.0,0.0,,0.0,0.0,0.0,0.0,0.0,0.0
401882861,2026-09-20,laliga,2026,14357,Getafe,Málaga,1,181355,Djené,CD-R,1,1.0,2,0.0,0.0,0.0,0.0,0.0,0.0,0.0,,0.0,0.0,0.0,0.0,0.0,0.0
401882861,2026-09-20,laliga,2026,14357,Getafe,Málaga,1,173247,Johan Mojica,LB,1,1.0,22,0.0,2.0,0.0,0.0,0.0,0.0,0.0,,0.0,0.0,0.0,0.0,3.0,1.0
401882861,2026-09-20,laliga,2026,14357,Getafe,Málaga,1,356080,Andrés García,RB,1,1.0,21,1.0,0.0,0.0,0.0,0.0,0.0,0.0,,0.0,1.0,0.0,0.0,3.0,0.0
401882861,2026-09-20,laliga,2026,14357,Getafe,Málaga,1,307186,Francho Serrano,CM-L,1,1.0,16,2.0,0.0,0.0,0.0,0.0,0.0,0.0,,0.0,0.0,0.0,0.0,2.0,1.0
401882861,2026-09-20,laliga,2026,14357,Getafe,Málaga,1,309838,Ramón Terrats,CM-R,1,1.0,11,1.0,4.0,0.0,0.0,0.0,0.0,0.0,,0.0,2.0,0.0,0.0,2.0,1.0
401882861,2026-09-20,laliga,2026,14357,Getafe,Málaga,1,136673,Nemanja Gudelj,AM,1,1.0,8,2.0,1.0,0.0,0.0,0.0,0.0,0.0,,0.0,0.0,0.0,0.0,0.0,1.0
401882861,2026-09-20,laliga,2026,14357,Getafe,Málaga,1,284854,Martín Satriano,LM,1,1.0,10,5.0,2.0,1.0,0.0,0.0,0.0,0.0,,0.0,0.0,0.0,0.0,2.0,0.0
401882861,2026-09-20,laliga,2026,14357,Getafe,Málaga,1,310259,Ivan Azón,RM,1,1.0,20,2.0,0.0,0.0,0.0,0.0,0.0,0.0,,0.0,3.0,0.0,1.0,4.0,0.0
401882861,2026-09-20,laliga,2026,14357,Getafe,Málaga,1,218122,Enes Ünal,F,1,1.0,19,2.0,3.0,0.0,0.0,0.0,0.0,0.0,,0.0,1.0,0.0,0.0,3.0,0.0
401882861,2026-09-20,laliga,2026,14357,Getafe,Málaga,1,388898,Diego Ferrer,SUB,0,0.0,35,0.0,0.0,0.0,0.0,,0.0,0.0,0.0,0.0,0.0,0.0,0.0,0.0,0.0
401882861,2026-09-20,laliga,2026,14357,Getafe,Málaga,1,359826,Sebastián Boselli,SUB,0,0.0,15,0.0,0.0,0.0,0.0,0.0,0.0,0.0,,0.0,0.0,0.0,0.0,0.0,0.0
401882861,2026-09-20,laliga,2026,14357,Getafe,Málaga,1,344245,Jirí Letácek,SUB,0,0.0,1,0.0,0.0,0.0,0.0,,0.0,0.0,0.0,0.0,0.0,0.0,0.0,0.0,0.0
401882861,2026-09-20,laliga,2026,14357,Getafe,Málaga,1,218793,Borja Mayoral,SUB,0,0.0,9,0.0,0.0,0.0,0.0,0.0,0.0,0.0,,0.0,0.0,0.0,0.0,0.0,0.0
401882861,2026-09-20,laliga,2026,14357,Getafe,Málaga,1,375400,Mohamed Hamdoune,SUB,0,0.0,31,0.0,0.0,0.0,0.0,0.0,0.0,0.0,,0.0,0.0,0.0,0.0,0.0,0.0
401882861,2026-09-20,laliga,2026,14357,Getafe,Málaga,1,228424,Orel Mangala,SUB,0,1.0,23,0.0,0.0,0.0,0.0,0.0,0.0,0.0,,0.0,0.0,1.0,0.0,0.0,0.0
401882861,2026-09-20,laliga,2026,14357,Getafe,Málaga,1,406832,Davinchi,SUB,0,1.0,3,0.0,0.0,0.0,0.0,0.0,0.0,0.0,,0.0,0.0,1.0,0.0,1.0,0.0
401882861,2026-09-20,laliga,2026,14357,Getafe,Málaga,1,395479,Jean Ives Valou,SUB,0,0.0,26,0.0,0.0,0.0,0.0,0.0,0.0,0.0,,0.0,0.0,0.0,0.0,0.0,0.0
401882861,2026-09-20,laliga,2026,14357,Getafe,Málaga,1,383912,Alberto Risco,SUB,0,0.0,28,0.0,0.0,0.0,0.0,0.0,0.0,0.0,,0.0,0.0,0.0,0.0,0.0,0.0
401882861,2026-09-20,laliga,2026,14357,Getafe,Málaga,1,314403,Saba Sazonov,SUB,0,1.0,4,0.0,1.0,0.0,0.0,0.0,0.0,0.0,,0.0,0.0,1.0,0.0,0.0,0.0
401882861,2026-09-20,laliga,2026,14357,Málaga,Getafe,0,240624,Alfonso Herrero,G,1,1.0,1,0.0,1.0,0.0,1.0,,0.0,0.0,6.0,0.0,0.0,0.0,0.0,0.0,0.0
401882861,2026-09-20,laliga,2026,14357,Málaga,Getafe,0,262061,Juan Berrocal,CD-L,1,1.0,25,0.0,0.0,0.0,1.0,0.0,0.0,0.0,,0.0,0.0,0.0,0.0,1.0,0.0
401882861,2026-09-20,laliga,2026,14357,Málaga,Getafe,0,319783,Ángel Recio,CD-R,1,1.0,15,2.0,0.0,0.0,1.0,0.0,0.0,0.0,,0.0,0.0,0.0,0.0,1.0,0.0
401882861,2026-09-20,laliga,2026,14357,Málaga,Getafe,0,357858,Rafa Rodríguez,DM,1,1.0,14,2.0,1.0,0.0,0.0,0.0,0.0,0.0,,0.0,1.0,0.0,0.0,1.0,0.0
401882861,2026-09-20,laliga,2026,14357,Málaga,Getafe,0,184488,José Salinas,LB,1,1.0,12,0.0,1.0,0.0,1.0,0.0,0.0,0.0,,0.0,0.0,0.0,0.0,1.0,0.0
401882861,2026-09-20,laliga,2026,14357,Málaga,Getafe,0,376166,Rafa Garrido,RB,1,1.0,31,0.0,3.0,0.0,1.0,0.0,0.0,0.0,,0.0,0.0,0.0,0.0,0.0,0.0
401882861,2026-09-20,laliga,2026,14357,Málaga,Getafe,0,331533,Daniel Lorenzo,CM-L,1,1.0,22,3.0,2.0,0.0,0.0,0.0,0.0,0.0,,0.0,0.0,0.0,0.0,1.0,0.0
401882861,2026-09-20,laliga,2026,14357,Málaga,Getafe,0,324098,Carlos Dotor,CM-R,1,1.0,8,1.0,2.0,0.0,1.0,1.0,0.0,0.0,,0.0,1.0,0.0,0.0,1.0,0.0
401882861,2026-09-20,laliga,2026,14357,Málaga,Getafe,0,180444,Joaquín Muñoz,LM,1,1.0,11,1.0,1.0,0.0,0.0,0.0,0.0,0.0,,0.0,0.0,0.0,0.0,1.0,0.0
401882861,2026-09-20,laliga,2026,14357,Málaga,Getafe,0,297828,David Larrubia,RM,1,1.0,10,3.0,2.0,0.0,1.0,0.0,0.0,0.0,,0.0,0.0,0.0,0.0,1.0,1.0
401882861,2026-09-20,laliga,2026,14357,Málaga,Getafe,0,270610,Eneko Jauregui,F,1,1.0,17,1.0,0.0,0.0,0.0,0.0,0.0,0.0,,0.0,1.0,0.0,0.0,1.0,1.0
401882861,2026-09-20,laliga,2026,14357,Málaga,Getafe,0,310869,Álex Pastor,SUB,0,0.0,5,0.0,0.0,0.0,0.0,0.0,0.0,0.0,,0.0,0.0,0.0,0.0,0.0,0.0
401882861,2026-09-20,laliga,2026,14357,Málaga,Getafe,0,371564,Izan Merino,SUB,0,0.0,23,0.0,0.0,0.0,0.0,0.0,0.0,0.0,,0.0,0.0,0.0,0.0,0.0,0.0
401882861,2026-09-20,laliga,2026,14357,Málaga,Getafe,0,192430,Einar Galilea,SUB,0,0.0,4,0.0,0.0,0.0,0.0,0.0,0.0,0.0,,0.0,0.0,0.0,0.0,0.0,0.0
401882861,2026-09-20,laliga,2026,14357,Málaga,Getafe,0,292225,Ramón Enríquez,SUB,0,1.0,6,0.0,0.0,0.0,1.0,0.0,0.0,0.0,,0.0,0.0,1.0,0.0,0.0,0.0
401882861,2026-09-20,laliga,2026,14357,Málaga,Getafe,0,145565,Juan Cruz,SUB,0,1.0,19,0.0,0.0,0.0,0.0,0.0,0.0,0.0,,0.0,1.0,1.0,0.0,1.0,0.0
401882861,2026-09-20,laliga,2026,14357,Málaga,Getafe,0,388602,Chupete,SUB,0,1.0,9,2.0,1.0,0.0,1.0,0.0,0.0,0.0,,0.0,0.0,1.0,0.0,0.0,0.0
401882861,2026-09-20,laliga,2026,14357,Málaga,Getafe,0,271151,Pablo Martínez,SUB,0,1.0,18,1.0,0.0,0.0,1.0,0.0,0.0,0.0,,0.0,0.0,1.0,0.0,0.0,0.0
401882861,2026-09-20,laliga,2026,14357,Málaga,Getafe,0,373542,Adrián Niño,SUB,0,1.0,21,0.0,0.0,0.0,1.0,0.0,0.0,0.0,,0.0,0.0,1.0,0.0,1.0,0.0
401882861,2026-09-20,laliga,2026,14357,Málaga,Getafe,0,355503,Carlos López,SUB,0,0.0,13,0.0,0.0,0.0,0.0,,0.0,0.0,0.0,0.0,0.0,0.0,0.0,0.0,0.0
401882861,2026-09-20,laliga,2026,14357,Málaga,Getafe,0,331785,Carlos Puga,SUB,0,0.0,3,0.0,0.0,0.0,0.0,0.0,0.0,0.0,,0.0,0.0,0.0,0.0,0.0,0.0
401882861,2026-09-20,laliga,2026,14357,Málaga,Getafe,0,3110513,Juani,SUB,0,0.0,32,0.0,0.0,0.0,0.0,0.0,0.0,0.0,,0.0,0.0,0.0,0.0,0.0,0.0
401882861,2026-09-20,laliga,2026,14357,Málaga,Getafe,0,388600,Andres Cespedes,SUB,0,0.0,30,0.0,0.0,0.0,0.0,,0.0,0.0,0.0,0.0,0.0,0.0,0.0,0.0,0.0
401882863,2026-09-20,laliga,2026,14357,Deportivo,Real Betis,1,300926,Leo Román,G,1,1.0,13,0.0,0.0,0.0,1.0,,0.0,0.0,2.0,0.0,0.0,0.0,0.0,0.0,0.0
401882863,2026-09-20,laliga,2026,14357,Deportivo,Real Betis,1,3102992,Bright Ede,CD-L,1,1.0,22,1.0,0.0,0.0,1.0,0.0,0.0,0.0,,0.0,0.0,0.0,0.0,1.0,1.0
401882863,2026-09-20,laliga,2026,14357,Deportivo,Real Betis,1,188398,José María Giménez,CD-R,1,1.0,20,0.0,0.0,0.0,1.0,0.0,0.0,0.0,,0.0,1.0,0.0,0.0,3.0,0.0
401882863,2026-09-20,laliga,2026,14357,Deportivo,Real Betis,1,275924,Giacomo Quagliata,LB,1,1.0,12,0.0,2.0,0.0,1.0,0.0,0.0,0.0,,0.0,0.0,0.0,0.0,1.0,0.0
401882863,2026-09-20,laliga,2026,14357,Deportivo,Real Betis,1,157568,Ximo Navarro,RB,1,1.0,23,0.0,1.0,0.0,1.0,1.0,0.0,0.0,,0.0,0.0,0.0,0.0,2.0,0.0
401882863,2026-09-20,laliga,2026,14357,Deportivo,Real Betis,1,297353,Mario Soriano Carreno,CM-L,1,1.0,21,0.0,1.0,1.0,1.0,0.0,0.0,0.0,,0.0,0.0,0.0,0.0,2.0,0.0
401882863,2026-09-20,laliga,2026,14357,Deportivo,Real Betis,1,345489,Marc Casadó,CM-R,1,1.0,6,1.0,1.0,0.0,0.0,0.0,0.0,0.0,,0.0,0.0,0.0,0.0,0.0,0.0
401882863,2026-09-20,laliga,2026,14357,Deportivo,Real Betis,1,279609,Riki Rodríguez,LM,1,1.0,14,0.0,0.0,0.0,1.0,1.0,0.0,0.0,,0.0,0.0,0.0,0.0,1.0,0.0
401882863,2026-09-20,laliga,2026,14357,Deportivo,Real Betis,1,375390,David Mella,RM,1,1.0,11,1.0,1.0,0.0,1.0,0.0,0.0,0.0,,0.0,2.0,0.0,0.0,2.0,0.0
401882863,2026-09-20,laliga,2026,14357,Deportivo,Real Betis,1,414299,Bil Nsongo,CF-L,1,1.0,32,1.0,1.0,0.0,1.0,1.0,0.0,0.0,,0.0,0.0,0.0,0.0,4.0,0.0
401882863,2026-09-20,laliga,2026,14357,Deportivo,Real Betis,1,384414,Jonathan Asp Jensen,CF-R,1,1.0,18,0.0,0.0,0.0,1.0,0.0,0.0,0.0,,0.0,2.0,0.0,0.0,3.0,0.0
401882863,2026-09-20,laliga,2026,14357,Deportivo,Real Betis,1,321112,Lucas Noubi,SUB,0,0.0,4,0.0,0.0,0.0,0.0,0.0,0.0,0.0,,0.0,0.0,0.0,0.0,0.0,0.0
401882863,2026-09-20,laliga,2026,14357,Deportivo,Real Betis,1,300333,Arnau Comas,SUB,0,0.0,3,0.0,0.0,0.0,0.0,0.0,0.0,0.0,,0.0,0.0,0.0,0.0,0.0,0.0
401882863,2026-09-20,laliga,2026,14357,Deportivo,Real Betis,1,312392,Yeremay Hernández,SUB,0,1.0,10,0.0,0.0,0.0,0.0,1.0,0.0,0.0,,0.0,0.0,1.0,0.0,0.0,0.0
401882863,2026-09-20,laliga,2026,14357,Deportivo,Real Betis,1,286769,Zakaria Eddahchouri,SUB,0,0.0,9,0.0,0.0,0.0,0.0,0.0,0.0,0.0,,0.0,0.0,0.0,0.0,0.0,0.0
401882863,2026-09-20,laliga,2026,14357,Deportivo,Real Betis,1,122260,Pierre-Emerick Aubameyang,SUB,0,1.0,7,0.0,0.0,0.0,0.0,0.0,0.0,0.0,,0.0,1.0,1.0,0.0,3.0,0.0
401882863,2026-09-20,laliga,2026,14357,Deportivo,Real Betis,1,354646,Dani Barcia,SUB,0,0.0,5,0.0,0.0,0.0,0.0,0.0,0.0,0.0,,0.0,0.0,0.0,0.0,0.0,0.0
401882863,2026-09-20,laliga,2026,14357,Deportivo,Real Betis,1,308006,Adrià Altimira,SUB,0,0.0,2,0.0,0.0,0.0,0.0,0.0,0.0,0.0,,0.0,0.0,0.0,0.0,0.0,0.0
401882863,2026-09-20,laliga,2026,14357,Deportivo,Real Betis,1,259915,Miguel Loureiro,SUB,0,0.0,15,0.0,0.0,0.0,0.0,0.0,0.0,0.0,,0.0,0.0,0.0,0.0,0.0,0.0
401882863,2026-09-20,laliga,2026,14357,Deportivo,Real Betis,1,96060,Álvaro Fernández,SUB,0,0.0,25,0.0,0.0,0.0,0.0,,0.0,0.0,0.0,0.0,0.0,0.0,0.0,0.0,0.0
401882863,2026-09-20,laliga,2026,14357,Deportivo,Real Betis,1,324166,Luismi Cruz,SUB,0,1.0,19,0.0,0.0,0.0,0.0,0.0,0.0,0.0,,0.0,0.0,1.0,0.0,0.0,0.0
401882863,2026-09-20,laliga,2026,14357,Deportivo,Real Betis,1,220626,Adama Traoré,SUB,0,1.0,24,2.0,1.0,0.0,0.0,0.0,0.0,0.0,,0.0,0.0,1.0,0.0,1.0,0.0
401882863,2026-09-20,laliga,2026,14357,Deportivo,Real Betis,1,331742,Diego Villares,SUB,0,1.0,8,0.0,0.0,0.0,1.0,0.0,0.0,0.0,,0.0,1.0,1.0,1.0,1.0,0.0
401882863,2026-09-20,laliga,2026,14357,Real Betis,Deportivo,0,283892,Álvaro Valles,G,1,1.0,1,0.0,0.0,0.0,1.0,,0.0,0.0,6.0,0.0,0.0,0.0,0.0,0.0,0.0
401882863,2026-09-20,laliga,2026,14357,Real Betis,Deportivo,0,301526,Natan,CD-L,1,1.0,4,0.0,0.0,0.0,1.0,0.0,0.0,0.0,,0.0,0.0,0.0,0.0,1.0,0.0
401882863,2026-09-20,laliga,2026,14357,Real Betis,Deportivo,0,145078,Marc Bartra,CD-R,1,1.0,5,0.0,0.0,0.0,0.0,0.0,0.0,0.0,,0.0,1.0,0.0,0.0,1.0,0.0
401882863,2026-09-20,laliga,2026,14357,Real Betis,Deportivo,0,213050,Fran García,LB,1,1.0,11,0.0,1.0,0.0,1.0,0.0,0.0,0.0,,0.0,0.0,0.0,0.0,0.0,0.0
401882863,2026-09-20,laliga,2026,14357,Real Betis,Deportivo,0,178978,Héctor Bellerín,RB,1,1.0,2,1.0,0.0,0.0,1.0,0.0,0.0,0.0,,0.0,0.0,0.0,0.0,0.0,0.0
401882863,2026-09-20,laliga,2026,14357,Real Betis,Deportivo,0,242008,Marc Roca,CM,1,1.0,21,0.0,0.0,0.0,0.0,0.0,0.0,0.0,,0.0,0.0,0.0,0.0,0.0,0.0
401882863,2026-09-20,laliga,2026,14357,Real Betis,Deportivo,0,227714,Pablo Fornals,LM,1,1.0,8,1.0,2.0,0.0,0.0,0.0,0.0,0.0,,0.0,0.0,0.0,0.0,0.0,0.0
401882863,2026-09-20,laliga,2026,14357,Real Betis,Deportivo,0,322908,Nelson Deossa,RM,1,1.0,18,2.0,0.0,1.0,0.0,0.0,0.0,0.0,,0.0,0.0,0.0,0.0,1.0,0.0
401882863,2026-09-20,laliga,2026,14357,Real Betis,Deportivo,0,336809,Cucho Hernández,F,1,1.0,9,1.0,1.0,0.0,1.0,0.0,0.0,0.0,,0.0,2.0,0.0,1.0,5.0,0.0
401882863,2026-09-20,laliga,2026,14357,Real Betis,Deportivo,0,300912,Abde Ezzalzouli,LF,1,1.0,10,0.0,1.0,0.0,1.0,0.0,0.0,0.0,,0.0,1.0,0.0,0.0,3.0,0.0
401882863,2026-09-20,laliga,2026,14357,Real Betis,Deportivo,0,281558,Antony,RF,1,1.0,7,1.0,1.0,0.0,0.0,0.0,0.0,0.0,,0.0,0.0,0.0,0.0,0.0,0.0
401882863,2026-09-20,laliga,2026,14357,Real Betis,Deportivo,0,70224,Rodrigo Riquelme,SUB,0,1.0,17,0.0,0.0,0.0,1.0,0.0,0.0,0.0,,0.0,0.0,1.0,0.0,0.0,0.0
401882863,2026-09-20,laliga,2026,14357,Real Betis,Deportivo,0,336480,Valentín Gómez,SUB,0,1.0,16,2.0,0.0,0.0,1.0,0.0,0.0,0.0,,0.0,0.0,1.0,0.0,0.0,1.0
401882863,2026-09-20,laliga,2026,14357,Real Betis,Deportivo,0,283827,Álvaro Fidalgo,SUB,0,0.0,15,0.0,0.0,0.0,0.0,0.0,0.0,0.0,,0.0,0.0,0.0,0.0,0.0,0.0
401882863,2026-09-20,laliga,2026,14357,Real Betis,Deportivo,0,207343,Giovani Lo Celso,SUB,0,0.0,20,0.0,0.0,0.0,0.0,0.0,0.0,0.0,,0.0,0.0,0.0,0.0,0.0,0.0
401882863,2026-09-20,laliga,2026,14357,Real Betis,Deportivo,0,411284,José Morante,SUB,0,0.0,27,0.0,0.0,0.0,0.0,0.0,0.0,0.0,,0.0,0.0,0.0,0.0,0.0,0.0
401882863,2026-09-20,laliga,2026,14357,Real Betis,Deportivo,0,143564,Isco,SUB,0,1.0,22,1.0,0.0,0.0,1.0,0.0,0.0,0.0,,0.0,0.0,1.0,0.0,0.0,0.0
401882863,2026-09-20,laliga,2026,14357,Real Betis,Deportivo,0,269655,Junior Firpo,SUB,0,0.0,23,0.0,0.0,0.0,0.0,0.0,0.0,0.0,,0.0,0.0,0.0,0.0,0.0,0.0
401882863,2026-09-20,laliga,2026,14357,Real Betis,Deportivo,0,395941,Ángel Ortiz,SUB,0,0.0,12,0.0,0.0,0.0,0.0,0.0,0.0,0.0,,0.0,0.0,0.0,0.0,0.0,0.0
401882863,2026-09-20,laliga,2026,14357,Real Betis,Deportivo,0,359912,Facundo Bernal,SUB,0,1.0,6,0.0,0.0,0.0,1.0,0.0,0.0,0.0,,0.0,0.0,1.0,0.0,0.0,0.0
401882863,2026-09-20,laliga,2026,14357,Real Betis,Deportivo,0,279790,Troy Parrott,SUB,0,0.0,19,0.0,0.0,0.0,0.0,0.0,0.0,0.0,,0.0,0.0,0.0,0.0,0.0,0.0
401882863,2026-09-20,laliga,2026,14357,Real Betis,Deportivo,0,390091,Manu González,SUB,0,0.0,31,0.0,0.0,0.0,0.0,,0.0,0.0,0.0,0.0,0.0,0.0,0.0,0.0,0.0
401882863,2026-09-20,laliga,2026,14357,Real Betis,Deportivo,0,202717,Dani Ceballos,SUB,0,1.0,25,0.0,0.0,0.0,1.0,0.0,0.0,0.0,,0.0,0.0,1.0,0.0,0.0,0.0
401882865,2026-09-20,laliga,2026,14357,Atlético Madrid,Real Madrid,1,149622,Jan Oblak,G,1,1.0,13,0.0,0.0,0.0,1.0,,0.0,0.0,2.0,0.0,0.0,0.0,0.0,0.0,0.0
401882865,2026-09-20,laliga,2026,14357,Atlético Madrid,Real Madrid,1,257786,Dávid Hancko,CD-L,1,1.0,17,0.0,0.0,0.0,1.0,0.0,0.0,0.0,,0.0,1.0,0.0,0.0,4.0,0.0
401882865,2026-09-20,laliga,2026,14357,Atlético Madrid,Real Madrid,1,96970,Cristian Romero,CD-R,1,1.0,21,1.0,1.0,0.0,0.0,0.0,0.0,0.0,,0.0,1.0,0.0,0.0,1.0,1.0
401882865,2026-09-20,laliga,2026,14357,Atlético Madrid,Real Madrid,1,166396,Alejandro Grimaldo,LB,1,1.0,22,3.0,0.0,0.0,1.0,0.0,0.0,0.0,,0.0,1.0,0.0,1.0,2.0,0.0
401882865,2026-09-20,laliga,2026,14357,Atlético Madrid,Real Madrid,1,332613,Marc Pubill,RB,1,1.0,18,1.0,0.0,0.0,0.0,0.0,0.0,0.0,,0.0,0.0,0.0,0.0,0.0,1.0
401882865,2026-09-20,laliga,2026,14357,Atlético Madrid,Real Madrid,1,290802,Johnny Cardoso,CM-L,1,1.0,5,0.0,0.0,0.0,1.0,0.0,0.0,0.0,,0.0,0.0,0.0,0.0,1.0,0.0
401882865,2026-09-20,laliga,2026,14357,Atlético Madrid,Real Madrid,1,206474,Marcos Llorente,CM-R,1,1.0,14,1.0,0.0,0.0,1.0,0.0,0.0,0.0,,0.0,0.0,0.0,0.0,0.0,0.0
401882865,2026-09-20,laliga,2026,14357,Atlético Madrid,Real Madrid,1,297373,Álex Baena,LM,1,1.0,10,3.0,1.0,0.0,0.0,0.0,0.0,0.0,,0.0,1.0,0.0,0.0,1.0,0.0
401882865,2026-09-20,laliga,2026,14357,Atlético Madrid,Real Madrid,1,323838,Giuliano Simeone,RM,1,1.0,20,4.0,2.0,1.0,1.0,1.0,0.0,0.0,,0.0,0.0,0.0,0.0,1.0,0.0
401882865,2026-09-20,laliga,2026,14357,Atlético Madrid,Real Madrid,1,273499,Jonathan David,CF-L,1,1.0,15,0.0,0.0,0.0,0.0,1.0,0.0,0.0,,0.0,1.0,0.0,1.0,2.0,0.0
401882865,2026-09-20,laliga,2026,14357,Atlético Madrid,Real Madrid,1,274197,Lee Kang-In,CF-R,1,1.0,7,5.0,0.0,0.0,0.0,0.0,0.0,0.0,,0.0,1.0,0.0,0.0,2.0,0.0
401882865,2026-09-20,laliga,2026,14357,Atlético Madrid,Real Madrid,1,184757,Jorge Castillo,SUB,0,0.0,46,0.0,0.0,0.0,0.0,0.0,0.0,0.0,,0.0,0.0,0.0,0.0,0.0,0.0
401882865,2026-09-20,laliga,2026,14357,Atlético Madrid,Real Madrid,1,328289,Arnau Ortiz,SUB,0,0.0,16,0.0,0.0,0.0,0.0,0.0,0.0,0.0,,0.0,0.0,0.0,0.0,0.0,0.0
401882865,2026-09-20,laliga,2026,14357,Atlético Madrid,Real Madrid,1,274911,Morten Hjulmand,SUB,0,1.0,23,0.0,0.0,0.0,1.0,0.0,0.0,0.0,,0.0,0.0,1.0,0.0,0.0,0.0
401882865,2026-09-20,laliga,2026,14357,Atlético Madrid,Real Madrid,1,140791,Koke,SUB,0,1.0,6,0.0,0.0,0.0,1.0,0.0,0.0,0.0,,0.0,1.0,1.0,0.0,1.0,0.0
401882865,2026-09-20,laliga,2026,14357,Atlético Madrid,Real Madrid,1,177927,Juan Musso,SUB,0,0.0,1,0.0,0.0,0.0,0.0,,0.0,0.0,0.0,0.0,0.0,0.0,0.0,0.0,0.0
401882865,2026-09-20,laliga,2026,14357,Atlético Madrid,Real Madrid,1,354378,Jorge Domínguez,SUB,0,0.0,27,0.0,0.0,0.0,0.0,0.0,0.0,0.0,,0.0,0.0,0.0,0.0,0.0,0.0
401882865,2026-09-20,laliga,2026,14357,Atlético Madrid,Real Madrid,1,368593,Daniel Martinez,SUB,0,0.0,30,0.0,0.0,0.0,0.0,0.0,0.0,0.0,,0.0,0.0,0.0,0.0,0.0,0.0
401882865,2026-09-20,laliga,2026,14357,Atlético Madrid,Real Madrid,1,74630,Rodrigo Mendoza,SUB,0,0.0,4,0.0,0.0,0.0,0.0,0.0,0.0,0.0,,0.0,0.0,0.0,0.0,0.0,0.0
401882865,2026-09-20,laliga,2026,14357,Atlético Madrid,Real Madrid,1,318554,Obed Vargas,SUB,0,0.0,3,0.0,0.0,0.0,0.0,0.0,0.0,0.0,,0.0,0.0,0.0,0.0,0.0,0.0
401882865,2026-09-20,laliga,2026,14357,Atlético Madrid,Real Madrid,1,214888,Robin Le Normand,SUB,0,1.0,24,0.0,0.0,0.0,1.0,0.0,0.0,0.0,,0.0,0.0,1.0,0.0,0.0,0.0
401882865,2026-09-20,laliga,2026,14357,Atlético Madrid,Real Madrid,1,229645,Ademola Lookman,SUB,0,1.0,11,0.0,0.0,0.0,1.0,0.0,0.0,0.0,,0.0,0.0,1.0,0.0,0.0,0.0
401882865,2026-09-20,laliga,2026,14357,Atlético Madrid,Real Madrid,1,277206,Julián Álvarez,SUB,0,1.0,19,1.0,2.0,0.0,1.0,0.0,0.0,0.0,,0.0,2.0,1.0,0.0,3.0,0.0
401882865,2026-09-20,laliga,2026,14357,Real Madrid,Atlético Madrid,0,134283,Thibaut Courtois,G,1,1.0,1,0.0,0.0,0.0,2.0,,0.0,0.0,5.0,0.0,0.0,0.0,0.0,0.0,0.0
401882865,2026-09-20,laliga,2026,14357,Real Madrid,Atlético Madrid,0,356000,Dean Huijsen,CD-L,1,1.0,4,1.0,0.0,0.0,0.0,0.0,0.0,1.0,,0.0,0.0,0.0,0.0,0.0,0.0
401882865,2026-09-20,laliga,2026,14357,Real Madrid,Atlético Madrid,0,251634,Ibrahima Konaté,CD-R,1,1.0,16,1.0,0.0,0.0,2.0,0.0,0.0,0.0,,0.0,0.0,0.0,0.0,0.0,0.0
401882865,2026-09-20,laliga,2026,14357,Real Madrid,Atlético Madrid,0,259910,Marc Cucurella,LB,1,1.0,17,0.0,0.0,0.0,2.0,0.0,0.0,0.0,,0.0,0.0,0.0,0.0,0.0,0.0
401882865,2026-09-20,laliga,2026,14357,Real Madrid,Atlético Madrid,0,213248,Denzel Dumfries,RB,1,1.0,24,0.0,0.0,0.0,2.0,0.0,0.0,0.0,,0.0,0.0,0.0,0.0,0.0,1.0
401882865,2026-09-20,laliga,2026,14357,Real Madrid,Atlético Madrid,0,291281,Jude Bellingham,AM,1,1.0,5,1.0,3.0,0.0,2.0,0.0,0.0,0.0,,0.0,0.0,0.0,0.0,0.0,1.0
401882865,2026-09-20,laliga,2026,14357,Real Madrid,Atlético Madrid,0,265919,Aurélien Tchouaméni,LM,1,1.0,14,0.0,1.0,0.0,2.0,0.0,0.0,0.0,,0.0,0.0,0.0,0.0,2.0,0.0
401882865,2026-09-20,laliga,2026,14357,Real Madrid,Atlético Madrid,0,235818,Federico Valverde,RM,1,1.0,8,0.0,1.0,0.0,2.0,0.0,0.0,0.0,,0.0,0.0,0.0,0.0,0.0,0.0
401882865,2026-09-20,laliga,2026,14357,Real Madrid,Atlético Madrid,0,231388,Kylian Mbappé,F,1,1.0,10,1.0,2.0,0.0,2.0,1.0,0.0,0.0,,0.0,0.0,0.0,0.0,1.0,0.0
401882865,2026-09-20,laliga,2026,14357,Real Madrid,Atlético Madrid,0,252107,Vinícius Júnior,AM-L,1,1.0,7,1.0,1.0,0.0,1.0,0.0,0.0,0.0,,0.0,0.0,0.0,0.0,2.0,0.0
401882865,2026-09-20,laliga,2026,14357,Real Madrid,Atlético Madrid,0,310452,Arda Güler,AM-R,1,1.0,15,1.0,3.0,0.0,1.0,0.0,0.0,0.0,,0.0,1.0,0.0,0.0,1.0,0.0
401882865,2026-09-20,laliga,2026,14357,Real Madrid,Atlético Madrid,0,169438,Antonio Rüdiger,SUB,0,1.0,22,0.0,0.0,0.0,1.0,0.0,0.0,0.0,,0.0,1.0,1.0,1.0,1.0,0.0
401882865,2026-09-20,laliga,2026,14357,Real Madrid,Atlético Madrid,0,346612,Endrick,SUB,0,0.0,9,0.0,0.0,0.0,0.0,0.0,0.0,0.0,,0.0,0.0,0.0,0.0,0.0,0.0
401882865,2026-09-20,laliga,2026,14357,Real Madrid,Atlético Madrid,0,246532,Brahim Díaz,SUB,0,0.0,21,0.0,0.0,0.0,0.0,0.0,0.0,0.0,,0.0,0.0,0.0,0.0,0.0,0.0
401882865,2026-09-20,laliga,2026,14357,Real Madrid,Atlético Madrid,0,223532,Trent Alexander-Arnold,SUB,0,0.0,12,0.0,0.0,0.0,0.0,0.0,0.0,0.0,,0.0,0.0,0.0,0.0,0.0,0.0
401882865,2026-09-20,laliga,2026,14357,Real Madrid,Atlético Madrid,0,388338,Raúl Asencio,SUB,0,0.0,2,0.0,0.0,0.0,0.0,0.0,0.0,0.0,,0.0,0.0,0.0,0.0,0.0,0.0
401882865,2026-09-20,laliga,2026,14357,Real Madrid,Atlético Madrid,0,285150,Eduardo Camavinga,SUB,0,1.0,6,0.0,1.0,0.0,0.0,0.0,0.0,0.0,,0.0,0.0,1.0,0.0,0.0,0.0
401882865,2026-09-20,laliga,2026,14357,Real Madrid,Atlético Madrid,0,199833,Bernardo Silva,SUB,0,1.0,20,0.0,1.0,1.0,0.0,0.0,0.0,0.0,,0.0,0.0,1.0,0.0,0.0,0.0
401882865,2026-09-20,laliga,2026,14357,Real Madrid,Atlético Madrid,0,409019,Thiago Pitarch,SUB,0,0.0,27,0.0,0.0,0.0,0.0,0.0,0.0,0.0,,0.0,0.0,0.0,0.0,0.0,0.0
401882865,2026-09-20,laliga,2026,14357,Real Madrid,Atlético Madrid,0,402479,Yan Diomande,SUB,0,1.0,25,0.0,5.0,0.0,1.0,1.0,0.0,0.0,,0.0,1.0,1.0,0.0,1.0,0.0
401882865,2026-09-20,laliga,2026,14357,Real Madrid,Atlético Madrid,0,380286,Carlos Espí,SUB,0,0.0,19,0.0,0.0,0.0,0.0,0.0,0.0,0.0,,0.0,0.0,0.0,0.0,0.0,0.0
401882865,2026-09-20,laliga,2026,14357,Real Madrid,Atlético Madrid,0,310637,Álvaro Carreras,SUB,0,0.0,18,0.0,0.0,0.0,0.0,0.0,0.0,0.0,,0.0,0.0,0.0,0.0,0.0,0.0
401882865,2026-09-20,laliga,2026,14357,Real Madrid,Atlético Madrid,0,257237,Andriy Lunin,SUB,0,0.0,13,0.0,0.0,0.0,0.0,,0.0,0.0,0.0,0.0,0.0,0.0,0.0,0.0,0.0
