game_id,game_date,liga,season,tipo,team,opp,is_home,accurateCrosses,accurateLongBalls,accuratePasses,blockedShots,crossPct,effectiveClearance,effectiveTackles,foulsCommitted,interceptions,longballPct,marcador,offsides,passPct,penaltyKickGoals,penaltyKickShots,possessionPct,redCards,saves,shotPct,shotsOnTarget,tacklePct,totalClearance,totalCrosses,totalLongBalls,totalPasses,totalShots,totalTackles,wonCorners,yellowCards
670524,2023-08-18,ligamx,2023,11832,FC Juárez,Guadalajara,1,5,46,431,9,0.4,8,12,8,13,0.5,1,0,0.8,1,1,58.5,0,4,0.2,3,0.8,8,14,87,518,18,15,3,2
670524,2023-08-18,ligamx,2023,11832,Guadalajara,FC Juárez,0,3,18,290,2,0.4,10,14,13,7,0.4,1,2,0.8,0,0,41.5,0,2,0.6,5,0.6,10,8,42,374,9,24,3,1
670525,2023-08-18,ligamx,2023,11832,León,Mazatlán FC,1,5,15,371,5,0.2,14,9,9,6,0.4,2,3,0.8,0,0,57.9,0,3,0.3,4,0.7,14,25,39,446,15,13,4,2
670525,2023-08-18,ligamx,2023,11832,Mazatlán FC,León,0,4,32,255,2,0.3,27,10,11,11,0.5,1,0,0.8,0,1,42.1,1,2,0.4,4,0.5,27,13,62,330,11,19,5,3
670528,2023-08-18,ligamx,2023,11832,Puebla,Atlético de San Luis,1,9,33,427,10,0.5,14,12,10,9,0.7,1,2,0.9,0,0,52,0,6,0.2,4,0.9,14,19,47,496,23,14,4,1
670528,2023-08-18,ligamx,2023,11832,Atlético de San Luis,Puebla,0,6,28,389,9,0.5,17,16,7,11,0.5,2,1,0.8,0,0,48,0,3,0.4,8,0.7,17,13,60,465,22,24,5,1
670529,2023-08-18,ligamx,2023,11832,Pumas UNAM,Toluca,1,6,23,301,5,0.2,16,8,14,10,0.5,1,3,0.8,0,0,43.8,0,3,0.2,5,0.7,16,25,45,377,22,12,8,5
670529,2023-08-18,ligamx,2023,11832,Toluca,Pumas UNAM,0,2,49,411,3,0.3,18,8,14,11,0.6,1,2,0.8,0,0,56.2,1,4,0.4,4,0.5,18,7,88,511,10,17,3,2
670522,2023-08-20,ligamx,2023,11832,América,Atlas,1,7,23,473,2,0.3,11,12,7,9,0.4,1,1,0.9,0,0,63.8,0,0,0.3,4,0.9,11,25,55,547,13,14,5,1
670522,2023-08-20,ligamx,2023,11832,Atlas,América,0,5,35,232,2,0.5,16,10,9,13,0.4,1,1,0.7,0,0,36.2,0,3,0.1,1,0.5,16,11,81,312,8,19,3,4
670523,2023-08-20,ligamx,2023,11832,Cruz Azul,Santos,1,8,35,416,3,0.5,13,13,12,10,0.4,2,5,0.8,1,1,59.9,0,5,0.5,9,0.6,13,16,80,513,18,23,4,3
670523,2023-08-20,ligamx,2023,11832,Santos,Cruz Azul,0,3,24,250,3,0.2,7,9,13,14,0.4,2,1,0.7,1,1,40.1,0,6,0.4,7,0.6,7,13,58,339,17,16,3,2
670527,2023-08-20,ligamx,2023,11832,Necaxa,Tigres UANL,1,9,31,261,1,0.4,8,12,17,9,0.5,0,0,0.8,0,0,38.5,0,3,0.1,1,0.5,8,22,60,341,9,22,7,3
670527,2023-08-20,ligamx,2023,11832,Tigres UANL,Necaxa,0,3,29,501,1,0.3,11,9,8,10,0.5,3,4,0.9,0,0,61.5,0,1,0.7,6,0.7,11,10,60,577,9,13,5,2
670530,2023-08-20,ligamx,2023,11832,Querétaro,Pachuca,1,0,0,0,0,0.0,0,0,0,0,0.0,1,0,0.0,0,0,0,0,0,0.0,0,0.0,0,0,0,0,0,0,0,0
670530,2023-08-20,ligamx,2023,11832,Pachuca,Querétaro,0,0,0,0,0,0.0,0,0,0,0,0.0,1,0,0.0,0,0,0,0,0,0.0,0,0.0,0,0,0,0,0,0,0,0
670533,2023-08-22,ligamx,2023,11832,FC Juárez,Pumas UNAM,1,4,18,175,1,0.3,32,11,15,10,0.3,4,1,0.7,2,2,36.2,0,6,0.6,7,0.6,32,12,59,264,12,20,4,4
670533,2023-08-22,ligamx,2023,11832,Pumas UNAM,FC Juárez,0,7,23,382,3,0.3,9,11,14,7,0.6,1,0,0.8,0,0,63.8,0,3,0.4,7,0.6,9,26,39,458,19,20,5,2
670534,2023-08-22,ligamx,2023,11832,Guadalajara,Tijuana,1,8,46,438,3,0.3,8,15,13,4,0.6,1,1,0.8,0,1,59.1,0,3,0.4,9,0.8,8,23,73,528,24,19,11,3
670534,2023-08-22,ligamx,2023,11832,Tijuana,Guadalajara,0,1,39,286,1,0.2,27,11,10,11,0.5,0,1,0.8,0,0,40.9,1,8,0.4,3,0.5,27,6,81,374,7,21,2,2
670535,2023-08-22,ligamx,2023,11832,Mazatlán FC,Puebla,1,2,14,275,3,0.2,23,9,9,5,0.3,1,1,0.8,0,1,43.2,1,5,0.3,4,0.5,23,12,42,354,12,20,3,2
670535,2023-08-22,ligamx,2023,11832,Puebla,Mazatlán FC,0,5,25,384,2,0.1,15,12,12,6,0.6,0,0,0.9,0,0,56.8,0,3,0.4,5,0.8,15,34,39,447,12,15,6,0
670531,2023-08-23,ligamx,2023,11832,América,Necaxa,1,9,25,575,4,0.3,10,4,10,4,0.5,3,3,0.9,0,0,70.6,0,1,0.5,10,0.3,10,26,52,657,20,12,13,2
670531,2023-08-23,ligamx,2023,11832,Necaxa,América,0,5,21,198,1,0.3,32,8,12,13,0.3,2,1,0.7,0,0,29.4,0,7,0.3,3,0.4,32,15,61,271,9,18,2,2
670532,2023-08-23,ligamx,2023,11832,Atlético de San Luis,León,1,0,31,471,2,0.0,22,16,14,3,0.7,3,2,0.9,0,0,54.2,0,4,0.3,3,0.8,22,14,45,514,9,21,3,3
670532,2023-08-23,ligamx,2023,11832,León,Atlético de San Luis,0,3,24,374,2,0.2,11,10,9,8,0.6,0,2,0.9,0,0,45.8,1,0,0.3,4,0.7,11,15,43,428,12,15,2,1
670536,2023-08-23,ligamx,2023,11832,Pachuca,Cruz Azul,1,3,18,188,6,0.2,21,6,12,9,0.3,1,0,0.7,0,0,32.1,0,7,0.2,4,0.8,21,14,56,279,17,8,4,3
670536,2023-08-23,ligamx,2023,11832,Cruz Azul,Pachuca,0,5,33,493,3,0.3,7,12,9,5,0.4,0,3,0.8,0,0,67.9,0,3,0.4,7,0.7,7,18,76,604,17,17,7,4
670540,2023-08-25,ligamx,2023,11832,Puebla,FC Juárez,1,4,24,299,0,0.2,20,5,16,4,0.5,1,0,0.8,0,0,43.8,0,3,0.3,3,0.6,20,18,48,373,12,9,4,4
670540,2023-08-25,ligamx,2023,11832,FC Juárez,Puebla,0,9,50,410,4,0.4,19,6,9,7,0.7,0,1,0.9,0,0,56.2,0,2,0.2,3,0.4,19,21,74,480,16,14,8,4
670541,2023-08-25,ligamx,2023,11832,Tijuana,Mazatlán FC,1,3,22,405,2,0.1,6,25,19,8,0.5,1,1,0.8,0,0,59.1,0,0,0.1,1,0.7,6,25,46,478,12,35,6,2
670541,2023-08-25,ligamx,2023,11832,Mazatlán FC,Tijuana,0,1,43,266,2,0.5,21,15,17,7,0.6,1,2,0.8,0,0,40.9,0,0,0.3,1,0.6,21,2,69,344,4,26,0,2
670542,2023-08-26,ligamx,2023,11832,Atlas,Toluca,1,8,36,395,1,0.3,16,11,10,11,0.6,0,1,0.8,0,0,59.3,0,2,0.4,4,0.5,16,31,64,493,10,21,7,3
670542,2023-08-26,ligamx,2023,11832,Toluca,Atlas,0,3,20,252,3,0.3,27,15,10,16,0.3,0,0,0.7,0,0,40.7,0,4,0.3,2,0.8,27,12,70,351,8,19,4,1
670543,2023-08-26,ligamx,2023,11832,América,León,1,5,25,395,2,0.2,6,7,16,9,0.7,1,1,0.9,1,1,53.6,1,1,0.3,3,0.7,6,21,38,453,10,10,3,1
670543,2023-08-26,ligamx,2023,11832,León,América,0,2,32,325,2,0.2,17,11,10,8,0.6,1,3,0.8,0,0,46.4,0,2,0.2,2,0.8,17,12,53,394,10,13,1,4
670544,2023-08-26,ligamx,2023,11832,Santos,Guadalajara,1,3,36,242,3,0.2,11,11,11,13,0.4,2,2,0.7,0,0,48.1,0,3,0.5,9,0.7,11,16,81,342,17,15,6,6
670544,2023-08-26,ligamx,2023,11832,Guadalajara,Santos,0,3,29,277,0,0.2,15,17,17,10,0.4,1,0,0.7,1,1,51.9,1,7,1.0,4,0.7,15,15,66,372,4,23,4,2
670545,2023-08-27,ligamx,2023,11832,Necaxa,Querétaro,1,0,0,0,0,0.0,0,0,0,0,0.0,0,0,0.0,0,0,0,0,0,0.0,0,0.0,0,0,0,0,0,0,0,0
670545,2023-08-27,ligamx,2023,11832,Querétaro,Necaxa,0,0,0,0,0,0.0,0,0,0,0,0.0,1,0,0.0,0,0,0,0,0,0.0,0,0.0,0,0,0,0,0,0,0,0
670546,2023-08-27,ligamx,2023,11832,Pumas UNAM,Tigres UANL,1,3,23,225,0,0.3,11,12,16,9,0.4,2,0,0.7,1,1,37.8,0,3,0.5,6,0.7,11,9,58,311,12,18,2,5
670546,2023-08-27,ligamx,2023,11832,Tigres UANL,Pumas UNAM,0,2,28,422,2,0.2,7,11,11,6,0.5,1,1,0.8,0,0,62.2,0,4,0.5,4,0.6,7,11,59,515,8,18,2,3
670547,2023-08-27,ligamx,2023,11832,Monterrey,Cruz Azul,1,9,26,377,3,0.3,13,13,10,6,0.5,1,3,0.8,0,0,54.7,0,4,0.3,4,0.7,13,34,50,454,14,19,9,2
670547,2023-08-27,ligamx,2023,11832,Cruz Azul,Monterrey,0,4,42,307,4,0.3,32,8,14,10,0.5,2,2,0.8,0,0,45.3,0,2,0.5,6,0.5,32,13,86,392,13,16,4,5
670548,2023-08-28,ligamx,2023,11832,Pachuca,Atlético de San Luis,1,6,36,457,6,0.3,16,8,9,11,0.7,0,3,0.9,0,0,55.9,0,4,0.4,8,0.4,16,23,53,537,21,19,6,3
670548,2023-08-28,ligamx,2023,11832,Atlético de San Luis,Pachuca,0,1,32,340,3,0.1,24,14,16,10,0.5,2,0,0.8,1,1,44.1,0,8,0.4,6,0.7,24,11,63,425,14,19,3,2
670537,2023-08-30,ligamx,2023,11832,Querétaro,Atlas,1,0,0,0,0,0.0,0,0,0,0,0.0,1,0,0.0,0,0,0,0,0,0.0,0,0.0,0,0,0,0,0,0,0,0
670537,2023-08-30,ligamx,2023,11832,Atlas,Querétaro,0,0,0,0,0,0.0,0,0,0,0,0.0,2,0,0.0,0,0,0,0,0,0.0,0,0.0,0,0,0,0,0,0,0,0
670538,2023-08-30,ligamx,2023,11832,Tigres UANL,Santos,1,7,34,396,3,0.4,11,15,12,9,0.6,3,0,0.9,0,0,57.9,0,0,0.5,8,0.8,11,20,54,460,17,20,5,1
670538,2023-08-30,ligamx,2023,11832,Santos,Tigres UANL,0,1,25,250,1,0.1,25,16,20,3,0.4,2,0,0.7,0,0,42.1,0,5,0.2,2,0.8,25,11,61,335,12,21,4,2
670539,2023-08-30,ligamx,2023,11832,Toluca,Monterrey,1,4,30,411,2,0.4,26,6,15,11,0.5,1,1,0.8,0,0,50.2,0,6,0.4,5,0.7,26,10,56,484,12,9,4,1
670539,2023-08-30,ligamx,2023,11832,Monterrey,Toluca,0,4,32,393,9,0.2,13,7,10,4,0.5,0,1,0.8,0,0,49.8,0,4,0.3,6,0.5,13,22,61,466,22,13,4,2
670550,2023-09-01,ligamx,2023,11832,FC Juárez,Mazatlán FC,1,3,37,308,4,0.3,16,6,9,7,0.6,3,5,0.8,0,0,42.8,0,2,0.5,6,0.6,16,10,59,363,12,10,5,2
670550,2023-09-01,ligamx,2023,11832,Mazatlán FC,FC Juárez,0,4,11,422,0,0.3,7,8,12,2,0.4,1,3,0.9,0,0,57.2,1,3,0.3,3,0.7,7,15,26,484,9,12,3,1
670551,2023-09-01,ligamx,2023,11832,Puebla,Tijuana,1,3,36,400,5,0.3,16,14,14,7,0.6,3,1,0.8,0,0,53.3,0,5,0.4,5,0.6,16,11,60,477,13,22,1,1
670551,2023-09-01,ligamx,2023,11832,Tijuana,Puebla,0,3,28,343,4,0.1,9,11,12,13,0.6,0,1,0.8,0,0,46.7,0,3,0.3,6,0.5,9,22,48,409,22,24,6,1
670552,2023-09-02,ligamx,2023,11832,León,Necaxa,1,9,29,584,6,0.3,6,6,10,2,0.7,1,1,0.9,0,0,80.6,0,2,0.4,8,0.5,6,35,44,645,22,11,9,0
670552,2023-09-02,ligamx,2023,11832,Necaxa,León,0,2,22,99,0,0.3,35,8,14,3,0.4,1,0,0.6,0,0,19.4,0,7,0.4,3,0.5,35,8,57,155,8,15,0,0
670554,2023-09-02,ligamx,2023,11832,Santos,Pumas UNAM,1,8,30,189,4,0.5,26,19,21,14,0.4,2,1,0.6,0,0,40.2,0,3,0.4,9,0.7,26,17,72,291,21,27,5,5
670554,2023-09-02,ligamx,2023,11832,Pumas UNAM,Santos,0,5,32,317,5,0.2,15,10,11,3,0.4,1,0,0.7,0,0,59.8,0,8,0.2,3,0.7,15,22,78,434,13,14,7,3
670555,2023-09-02,ligamx,2023,11832,Tigres UANL,Querétaro,1,0,0,0,0,0.0,0,0,0,0,0.0,5,0,0.0,0,0,0,0,0,0.0,0,0.0,0,0,0,0,0,0,0,0
670555,2023-09-02,ligamx,2023,11832,Querétaro,Tigres UANL,0,0,0,0,0,0.0,0,0,0,0,0.0,0,0,0.0,0,0,0,0,0,0.0,0,0.0,0,0,0,0,0,0,0,0
670556,2023-09-02,ligamx,2023,11832,Cruz Azul,América,1,9,38,394,4,0.3,12,9,11,7,0.6,2,2,0.8,0,0,52.1,1,0,0.4,4,0.8,12,29,69,471,11,11,9,4
670556,2023-09-02,ligamx,2023,11832,América,Cruz Azul,0,2,26,380,1,0.2,20,9,16,9,0.4,3,2,0.8,0,0,47.9,0,2,0.4,3,0.8,20,9,58,453,7,12,2,6
670549,2023-09-03,ligamx,2023,11832,Atlético de San Luis,Atlas,1,3,27,344,3,0.4,23,10,10,7,0.6,2,1,0.8,0,0,41.2,0,1,0.4,5,0.8,23,8,48,410,12,12,2,2
670549,2023-09-03,ligamx,2023,11832,Atlas,Atlético de San Luis,0,6,18,500,4,0.2,7,5,10,10,0.5,0,3,0.9,0,0,58.8,0,3,0.1,1,0.5,7,29,38,570,12,11,6,2
670553,2023-09-03,ligamx,2023,11832,Guadalajara,Monterrey,1,7,41,273,2,0.2,14,9,13,9,0.6,1,1,0.8,0,0,47,0,1,0.2,2,0.6,14,30,69,357,9,15,5,2
670553,2023-09-03,ligamx,2023,11832,Monterrey,Guadalajara,0,3,36,337,1,0.2,27,10,11,9,0.5,2,1,0.8,1,1,53,0,1,0.4,3,0.6,27,16,75,420,8,16,8,3
670557,2023-09-03,ligamx,2023,11832,Toluca,Pachuca,1,5,28,576,3,0.4,14,11,10,3,0.5,5,2,0.9,1,1,66.6,0,4,0.5,7,0.6,14,12,55,670,14,17,6,1
670557,2023-09-03,ligamx,2023,11832,Pachuca,Toluca,0,2,32,244,4,0.1,15,10,15,9,0.6,0,1,0.8,0,0,33.4,0,2,0.4,4,0.5,15,16,55,321,11,20,5,2
670558,2023-09-15,ligamx,2023,11832,Mazatlán FC,Cruz Azul,1,7,25,232,6,0.5,17,12,10,11,0.5,2,0,0.7,1,1,42.2,0,4,0.4,7,0.7,17,14,53,318,17,18,4,2
670558,2023-09-15,ligamx,2023,11832,Cruz Azul,Mazatlán FC,0,6,29,353,1,0.3,8,10,13,14,0.5,2,2,0.8,0,0,57.8,0,5,0.5,6,0.8,8,20,57,435,13,13,3,5
670559,2023-09-15,ligamx,2023,11832,Tijuana,Toluca,1,5,27,261,4,0.3,7,19,14,8,0.5,2,0,0.7,0,0,36.3,0,1,0.5,7,0.6,7,20,57,352,15,30,7,2
670559,2023-09-15,ligamx,2023,11832,Toluca,Tijuana,0,3,30,560,2,0.4,22,8,11,7,0.7,1,3,0.9,0,0,63.7,1,5,0.3,2,0.4,22,7,42,642,6,18,5,4
670560,2023-09-16,ligamx,2023,11832,Monterrey,León,1,2,28,383,2,0.1,11,8,15,10,0.5,3,1,0.8,1,1,53.2,1,6,0.4,4,0.5,11,14,58,457,10,15,7,2
670560,2023-09-16,ligamx,2023,11832,León,Monterrey,0,2,27,345,0,0.2,18,6,7,9,0.6,1,4,0.9,0,0,46.8,1,2,0.5,7,0.5,18,12,44,406,13,12,4,0
670561,2023-09-16,ligamx,2023,11832,América,Guadalajara,1,3,24,374,4,0.3,26,8,11,7,0.4,4,0,0.8,0,0,53.4,0,2,0.4,6,0.5,26,9,54,456,14,15,4,2
670561,2023-09-16,ligamx,2023,11832,Guadalajara,América,0,4,23,304,4,0.2,14,7,10,14,0.5,0,2,0.8,0,0,46.6,0,2,0.2,2,0.4,14,25,51,381,11,16,6,2
670562,2023-09-16,ligamx,2023,11832,Necaxa,FC Juárez,1,6,25,268,1,0.3,11,7,17,8,0.4,1,1,0.7,1,1,42.6,0,0,0.1,1,0.5,11,24,69,364,9,13,3,5
670562,2023-09-16,ligamx,2023,11832,FC Juárez,Necaxa,0,4,38,415,1,0.3,24,8,11,9,0.5,1,2,0.8,0,0,57.4,0,0,0.0,0,0.5,24,13,74,505,7,16,4,3
670563,2023-09-17,ligamx,2023,11832,Pumas UNAM,Atlético de San Luis,1,7,15,390,6,0.2,15,11,10,4,0.5,3,1,0.9,0,0,57.1,0,3,0.3,8,0.8,15,34,30,449,24,13,11,3
670563,2023-09-17,ligamx,2023,11832,Atlético de San Luis,Pumas UNAM,0,5,22,274,0,0.5,41,20,9,3,0.3,2,2,0.8,0,0,42.9,0,5,0.6,5,0.6,41,10,64,352,9,33,3,6
670564,2023-09-17,ligamx,2023,11832,Querétaro,Puebla,1,0,0,0,0,0.0,0,0,0,0,0.0,1,0,0.0,0,0,0,0,0,0.0,0,0.0,0,0,0,0,0,0,0,0
670564,2023-09-17,ligamx,2023,11832,Puebla,Querétaro,0,0,0,0,0,0.0,0,0,0,0,0.0,1,0,0.0,0,0,0,0,0,0.0,0,0.0,0,0,0,0,0,0,0,0
670565,2023-09-17,ligamx,2023,11832,Atlas,Tigres UANL,1,2,24,276,0,0.3,20,10,16,14,0.5,2,2,0.8,0,0,38.2,0,1,0.5,6,0.6,20,8,48,335,12,16,3,4
670565,2023-09-17,ligamx,2023,11832,Tigres UANL,Atlas,0,4,27,466,3,0.2,5,12,7,5,0.6,0,1,0.9,0,0,61.8,0,4,0.1,1,0.6,5,26,46,525,13,21,5,4
670566,2023-09-18,ligamx,2023,11832,Pachuca,Santos,1,6,25,260,5,0.3,29,15,16,3,0.4,3,0,0.7,0,0,49.4,0,1,0.4,6,0.6,29,23,57,349,15,24,5,2
670566,2023-09-18,ligamx,2023,11832,Santos,Pachuca,0,3,31,276,2,0.2,16,7,8,14,0.5,2,1,0.8,0,0,50.6,1,3,0.4,3,0.6,16,13,65,368,7,12,5,3
670511,2023-09-20,ligamx,2023,11832,Querétaro,América,1,0,0,0,0,0.0,0,0,0,0,0.0,1,0,0.0,0,0,0,0,0,0.0,0,0.0,0,0,0,0,0,0,0,0
670511,2023-09-20,ligamx,2023,11832,América,Querétaro,0,0,0,0,0,0.0,0,0,0,0,0.0,2,0,0.0,0,0,0,0,0,0.0,0,0.0,0,0,0,0,0,0,0,0
670567,2023-09-22,ligamx,2023,11832,Atlético de San Luis,Mazatlán FC,1,7,40,504,1,0.5,25,12,7,9,0.6,3,0,0.9,0,0,60.3,0,6,0.5,8,0.8,25,14,63,556,16,16,7,2
670567,2023-09-22,ligamx,2023,11832,Mazatlán FC,Atlético de San Luis,0,7,21,293,8,0.3,9,10,8,7,0.7,2,2,0.8,0,0,39.7,0,5,0.4,8,0.8,9,23,32,349,21,13,6,5
670568,2023-09-22,ligamx,2023,11832,FC Juárez,Atlas,1,9,29,376,10,0.4,6,8,10,11,0.5,1,2,0.8,1,1,56.1,0,2,0.3,7,0.7,6,24,57,451,24,11,9,1
670568,2023-09-22,ligamx,2023,11832,Atlas,FC Juárez,0,1,25,285,1,0.2,21,12,17,15,0.4,2,0,0.8,0,0,43.9,0,6,0.8,4,0.7,21,5,58,363,5,18,1,3
670569,2023-09-22,ligamx,2023,11832,Puebla,Pumas UNAM,1,6,32,359,2,0.3,12,13,9,17,0.6,0,0,0.8,0,0,58.7,0,4,0.1,2,0.6,12,18,58,447,15,21,7,4
670569,2023-09-22,ligamx,2023,11832,Pumas UNAM,Puebla,0,4,31,232,2,0.3,17,13,10,16,0.5,2,2,0.7,2,2,41.3,0,2,0.4,6,0.5,17,14,59,311,14,24,2,4
670570,2023-09-23,ligamx,2023,11832,Guadalajara,Pachuca,1,6,28,377,2,0.2,4,14,10,7,0.5,0,2,0.8,0,0,60.1,0,1,0.4,6,0.5,4,35,60,477,14,28,10,1
670570,2023-09-23,ligamx,2023,11832,Pachuca,Guadalajara,0,2,32,234,0,0.3,29,7,8,14,0.5,0,1,0.7,0,1,39.9,0,6,0.2,1,0.5,29,7,67,332,5,13,2,3
670571,2023-09-23,ligamx,2023,11832,León,Tijuana,1,3,28,382,4,0.2,17,14,10,8,0.6,1,3,0.9,0,0,54.7,0,1,0.4,7,0.7,17,13,47,445,17,21,3,0
670571,2023-09-23,ligamx,2023,11832,Tijuana,León,0,1,36,290,1,0.0,13,14,13,10,0.5,0,1,0.8,0,0,45.3,0,6,0.2,1,0.8,13,21,69,360,5,17,6,2
670572,2023-09-23,ligamx,2023,11832,Tigres UANL,Monterrey,1,3,24,344,5,0.2,18,14,14,8,0.5,3,6,0.8,1,1,46.9,0,4,0.3,4,0.6,18,14,49,411,13,22,5,4
670572,2023-09-23,ligamx,2023,11832,Monterrey,Tigres UANL,0,4,21,395,4,0.3,10,10,14,7,0.6,0,0,0.8,0,0,53.1,0,1,0.4,4,0.5,10,13,37,465,10,19,4,4
670573,2023-09-24,ligamx,2023,11832,Toluca,América,1,4,24,437,3,0.3,13,17,11,7,0.5,1,1,0.9,0,0,48.6,1,3,0.4,5,0.7,13,16,46,502,13,25,4,1
670573,2023-09-24,ligamx,2023,11832,América,Toluca,0,4,23,472,3,0.3,14,8,5,9,0.6,1,5,0.9,0,0,51.4,0,3,0.3,4,0.7,14,13,40,534,15,11,4,0
670574,2023-09-24,ligamx,2023,11832,Cruz Azul,Querétaro,1,0,0,0,0,0.0,0,0,0,0,0.0,1,0,0.0,0,0,0,0,0,0.0,0,0.0,0,0,0,0,0,0,0,0
670574,2023-09-24,ligamx,2023,11832,Querétaro,Cruz Azul,0,0,0,0,0,0.0,0,0,0,0,0.0,3,0,0.0,0,0,0,0,0,0.0,0,0.0,0,0,0,0,0,0,0,0
670575,2023-09-24,ligamx,2023,11832,Santos,Necaxa,1,10,30,411,11,0.3,17,5,7,2,0.5,2,3,0.8,1,1,65,0,0,0.2,6,0.6,17,38,59,502,26,9,15,1
670575,2023-09-24,ligamx,2023,11832,Necaxa,Santos,0,4,30,178,3,0.3,33,14,14,12,0.4,5,2,0.6,0,0,35,0,4,0.4,5,0.6,33,15,72,279,14,24,4,0
670609,2023-09-26,ligamx,2023,11832,Guadalajara,Mazatlán FC,1,10,23,354,2,0.2,4,11,12,11,0.5,1,0,0.8,0,0,49.4,0,1,0.2,3,0.4,4,41,45,419,14,25,10,4
670609,2023-09-26,ligamx,2023,11832,Mazatlán FC,Guadalajara,0,3,32,393,1,0.3,27,13,13,13,0.5,3,0,0.9,0,0,50.6,0,2,0.6,4,0.8,27,11,61,462,7,16,4,3
670576,2023-09-28,ligamx,2023,11832,Atlas,Puebla,1,6,46,474,4,0.3,14,6,9,6,0.7,2,2,0.9,0,0,60.9,0,0,0.3,6,0.4,14,23,69,551,18,16,10,1
670576,2023-09-28,ligamx,2023,11832,Puebla,Atlas,0,2,31,281,1,0.3,30,17,8,7,0.5,3,2,0.8,1,1,39.1,0,4,0.3,3,0.7,30,7,65,360,9,25,1,5
670577,2023-09-29,ligamx,2023,11832,Querétaro,León,1,0,0,0,0,0.0,0,0,0,0,0.0,1,0,0.0,0,0,0,0,0,0.0,0,0.0,0,0,0,0,0,0,0,0
670577,2023-09-29,ligamx,2023,11832,León,Querétaro,0,0,0,0,0,0.0,0,0,0,0,0.0,1,0,0.0,0,0,0,0,0,0.0,0,0.0,0,0,0,0,0,0,0,0
670578,2023-09-29,ligamx,2023,11832,Tijuana,FC Juárez,1,7,35,285,5,0.3,14,10,13,9,0.6,5,1,0.8,1,1,51.6,1,2,0.4,8,0.5,14,27,57,367,22,21,8,3
670578,2023-09-29,ligamx,2023,11832,FC Juárez,Tijuana,0,2,25,276,3,0.2,27,15,17,11,0.4,1,0,0.8,0,0,48.4,0,2,0.3,3,0.6,27,12,61,358,12,25,3,5
670584,2023-09-29,ligamx,2023,11832,Atlético de San Luis,Cruz Azul,1,10,18,439,8,0.5,13,7,9,7,0.5,1,1,0.9,0,0,63.8,0,0,0.2,5,0.6,13,21,37,513,23,12,6,1
670584,2023-09-29,ligamx,2023,11832,Cruz Azul,Atlético de San Luis,0,2,18,218,4,0.2,23,7,11,5,0.3,2,5,0.7,1,1,36.2,0,3,0.2,2,0.7,23,12,56,291,9,10,4,3
670579,2023-09-30,ligamx,2023,11832,Mazatlán FC,Tigres UANL,1,5,24,451,4,0.3,3,10,9,6,0.7,2,0,0.9,0,0,58.4,0,5,0.4,6,0.6,3,15,36,508,15,18,5,3
670579,2023-09-30,ligamx,2023,11832,Tigres UANL,Mazatlán FC,0,6,23,320,2,0.6,14,8,12,9,0.6,3,1,0.9,0,0,41.6,0,4,0.6,8,0.5,14,10,40,362,13,15,2,3
670580,2023-09-30,ligamx,2023,11832,Pachuca,Necaxa,1,8,43,461,5,0.3,13,12,10,4,0.6,1,0,0.9,0,0,73.6,1,4,0.4,7,0.8,13,24,71,538,20,16,6,3
670580,2023-09-30,ligamx,2023,11832,Necaxa,Pachuca,0,3,23,113,1,0.2,19,16,15,11,0.4,1,1,0.6,0,0,26.4,0,6,0.5,5,0.8,19,15,56,185,11,20,3,5
670582,2023-09-30,ligamx,2023,11832,América,Pumas UNAM,1,3,27,361,1,0.5,15,8,12,11,0.6,1,1,0.9,0,1,48.4,0,2,0.5,6,0.4,15,6,47,423,13,19,5,4
670582,2023-09-30,ligamx,2023,11832,Pumas UNAM,América,0,5,29,373,3,0.2,6,14,16,10,0.5,0,0,0.8,0,0,51.6,0,5,0.1,2,0.8,6,21,62,441,17,17,5,5
670583,2023-10-01,ligamx,2023,11832,Toluca,Guadalajara,1,4,44,574,3,0.3,15,10,8,8,0.7,1,0,0.9,0,0,72.3,0,0,0.4,6,0.5,15,14,65,656,17,19,3,3
670583,2023-10-01,ligamx,2023,11832,Guadalajara,Toluca,0,4,26,155,2,0.3,17,9,11,7,0.4,1,4,0.7,0,0,27.7,0,5,0.1,1,0.7,17,16,59,238,9,13,5,3
670585,2023-10-03,ligamx,2023,11832,Puebla,Monterrey,1,4,30,286,1,0.2,29,9,9,12,0.6,1,4,0.8,0,0,41.7,0,7,0.4,4,0.7,29,19,53,342,11,13,2,1
670585,2023-10-03,ligamx,2023,11832,Monterrey,Puebla,0,9,30,409,9,0.3,12,12,8,11,0.6,1,2,0.9,0,0,58.3,0,3,0.3,8,0.5,12,29,47,471,26,23,8,3
670586,2023-10-03,ligamx,2023,11832,América,Pachuca,1,6,22,507,1,0.4,10,10,10,9,0.4,4,2,0.9,0,0,62.6,0,5,0.7,11,0.6,10,14,55,593,15,18,4,2
670586,2023-10-03,ligamx,2023,11832,Pachuca,América,0,2,21,274,5,0.1,15,9,10,9,0.4,0,1,0.8,0,0,37.4,0,7,0.4,5,0.6,15,20,48,341,13,14,3,3
670587,2023-10-04,ligamx,2023,11832,Necaxa,Cruz Azul,1,7,21,198,0,0.4,19,15,15,10,0.4,1,5,0.7,1,1,40.8,0,1,0.2,2,0.7,19,19,54,285,10,22,3,1
670587,2023-10-04,ligamx,2023,11832,Cruz Azul,Necaxa,0,6,33,335,6,0.3,20,6,10,9,0.5,3,0,0.8,1,1,59.2,0,1,0.2,4,0.5,20,20,70,423,17,11,7,2
670588,2023-10-04,ligamx,2023,11832,Pumas UNAM,Querétaro,1,0,0,0,0,0.0,0,0,0,0,0.0,4,0,0.0,0,0,0,0,0,0.0,0,0.0,0,0,0,0,0,0,0,0
670588,2023-10-04,ligamx,2023,11832,Querétaro,Pumas UNAM,0,0,0,0,0,0.0,0,0,0,0,0.0,0,0,0.0,0,0,0,0,0,0.0,0,0.0,0,0,0,0,0,0,0,0
670589,2023-10-04,ligamx,2023,11832,Tigres UANL,Toluca,1,3,45,503,3,0.1,9,7,12,15,0.7,2,4,0.9,0,0,57.2,0,4,0.5,7,0.9,9,33,67,577,14,8,8,4
670589,2023-10-04,ligamx,2023,11832,Toluca,Tigres UANL,0,1,26,363,2,0.3,33,8,14,13,0.4,2,0,0.8,0,0,42.8,1,5,0.6,6,0.6,33,4,59,454,10,13,0,3
670610,2023-10-04,ligamx,2023,11832,Santos,Tijuana,1,5,25,322,3,0.3,17,8,9,7,0.4,2,3,0.8,0,0,55.4,0,4,0.4,5,0.7,17,20,56,394,13,11,6,3
670610,2023-10-04,ligamx,2023,11832,Tijuana,Santos,0,3,27,246,6,0.2,20,21,9,7,0.5,1,0,0.8,0,1,44.6,0,3,0.3,5,0.6,20,17,58,316,17,35,6,1
670590,2023-10-06,ligamx,2023,11832,Mazatlán FC,América,1,3,22,305,3,0.3,15,9,14,4,0.4,1,0,0.8,0,0,39.4,0,6,0.4,2,0.5,15,10,52,390,5,17,1,5
670590,2023-10-06,ligamx,2023,11832,América,Mazatlán FC,0,8,27,534,4,0.3,6,5,5,14,0.6,2,0,0.9,0,0,60.6,0,1,0.5,8,0.6,6,23,46,602,17,8,9,3
670591,2023-10-07,ligamx,2023,11832,Monterrey,FC Juárez,1,2,28,485,0,0.1,13,9,8,8,0.6,3,1,0.9,1,1,58.3,0,2,0.6,6,0.6,13,17,45,556,10,14,3,4
670591,2023-10-07,ligamx,2023,11832,FC Juárez,Monterrey,0,2,26,329,3,0.2,18,9,11,6,0.5,1,2,0.8,1,1,41.7,0,3,0.4,3,0.5,18,12,57,397,8,18,4,4
670592,2023-10-07,ligamx,2023,11832,Guadalajara,Atlas,1,4,22,200,2,0.2,29,11,12,12,0.4,4,1,0.7,1,1,44,0,2,0.4,6,0.5,29,18,53,277,16,23,4,0
670592,2023-10-07,ligamx,2023,11832,Atlas,Guadalajara,0,9,27,253,6,0.4,22,12,9,18,0.4,1,0,0.7,0,0,56,0,2,0.2,3,0.8,22,25,71,353,13,16,9,4
670593,2023-10-07,ligamx,2023,11832,Pachuca,Tigres UANL,1,3,29,262,4,0.2,15,16,16,10,0.4,1,2,0.8,0,0,37.7,0,5,0.5,8,0.7,15,18,70,343,17,23,5,1
670593,2023-10-07,ligamx,2023,11832,Tigres UANL,Pachuca,0,2,42,493,1,0.1,12,9,12,7,0.6,1,0,0.8,1,1,62.3,0,7,0.5,6,0.6,12,14,72,586,12,16,2,2
670594,2023-10-07,ligamx,2023,11832,Cruz Azul,Pumas UNAM,1,6,42,383,3,0.2,4,11,8,9,0.6,1,2,0.8,0,0,60.5,0,2,0.3,5,0.6,4,27,68,464,15,18,13,2
670594,2023-10-07,ligamx,2023,11832,Pumas UNAM,Cruz Azul,0,1,21,227,2,0.1,23,19,10,13,0.3,4,0,0.7,1,1,39.5,0,4,0.6,6,0.8,23,8,62,309,10,24,3,5
670595,2023-10-08,ligamx,2023,11832,Toluca,Querétaro,1,0,0,0,0,0.0,0,0,0,0,0.0,3,0,0.0,0,0,0,0,0,0.0,0,0.0,0,0,0,0,0,0,0,0
670595,2023-10-08,ligamx,2023,11832,Querétaro,Toluca,0,0,0,0,0,0.0,0,0,0,0,0.0,1,0,0.0,0,0,0,0,0,0.0,0,0.0,0,0,0,0,0,0,0,0
670596,2023-10-08,ligamx,2023,11832,Necaxa,Puebla,1,9,24,310,0,0.3,13,21,7,12,0.4,1,0,0.7,0,0,53.2,1,2,0.5,8,0.6,13,32,63,419,16,35,4,4
670596,2023-10-08,ligamx,2023,11832,Puebla,Necaxa,0,4,23,281,3,0.3,25,12,12,8,0.4,2,0,0.7,0,0,46.8,0,6,0.4,4,0.4,25,15,59,377,9,28,4,2
670597,2023-10-08,ligamx,2023,11832,Santos,León,1,3,29,187,3,0.3,14,6,8,9,0.6,0,0,0.8,0,0,24.8,2,7,0.1,1,0.5,14,12,50,238,9,12,3,2
670597,2023-10-08,ligamx,2023,11832,León,Santos,0,6,36,670,8,0.3,10,16,12,6,0.7,2,2,0.9,0,0,75.2,0,1,0.4,9,0.7,10,18,52,738,22,23,8,1
670598,2023-10-08,ligamx,2023,11832,Tijuana,Atlético de San Luis,1,5,31,262,2,0.2,24,12,13,17,0.5,2,0,0.8,0,0,40.5,0,10,0.5,7,0.8,24,27,60,328,14,16,4,2
670598,2023-10-08,ligamx,2023,11832,Atlético de San Luis,Tijuana,0,5,20,436,5,0.3,29,11,13,9,0.7,1,0,0.9,0,0,59.5,0,4,0.6,11,0.6,29,15,28,506,20,19,6,4
670599,2023-10-20,ligamx,2023,11832,Atlas,Mazatlán FC,1,11,24,498,2,0.3,3,12,8,5,0.4,1,0,0.9,0,0,66.7,1,2,0.4,9,0.6,3,38,58,580,23,19,7,1
670599,2023-10-20,ligamx,2023,11832,Mazatlán FC,Atlas,0,2,20,216,0,0.3,36,8,7,6,0.3,3,1,0.7,0,0,33.3,0,8,0.7,5,0.4,36,6,66,297,7,18,3,3
670600,2023-10-20,ligamx,2023,11832,FC Juárez,Pachuca,1,4,32,280,4,0.3,20,9,12,9,0.4,0,1,0.7,0,0,46.2,1,5,0.1,2,0.5,20,16,72,378,15,17,5,4
670600,2023-10-20,ligamx,2023,11832,Pachuca,FC Juárez,0,5,34,343,7,0.3,17,16,17,14,0.5,1,0,0.8,0,0,53.8,0,2,0.3,6,0.7,17,18,69,444,22,23,12,2
670601,2023-10-20,ligamx,2023,11832,Puebla,Guadalajara,1,10,27,345,5,0.3,17,16,12,5,0.5,0,2,0.8,0,0,50.1,0,0,0.2,5,0.7,17,31,53,419,23,24,8,4
670601,2023-10-20,ligamx,2023,11832,Guadalajara,Puebla,0,2,28,356,1,0.1,17,11,11,9,0.4,2,2,0.8,1,1,49.9,0,5,0.4,2,0.8,17,14,64,434,5,14,2,4
670602,2023-10-21,ligamx,2023,11832,León,Toluca,1,4,28,304,0,0.2,20,15,9,8,0.7,1,5,0.8,0,0,40.8,0,2,0.4,7,0.7,20,19,41,359,16,22,8,1
670602,2023-10-21,ligamx,2023,11832,Toluca,León,0,2,20,473,3,0.2,14,11,10,7,0.5,0,1,0.9,0,0,59.2,1,6,0.2,3,0.7,14,13,41,544,16,16,5,3
670603,2023-10-21,ligamx,2023,11832,América,Santos,1,8,32,496,2,0.3,18,13,10,6,0.7,4,3,0.9,1,1,60.3,0,2,0.6,13,0.8,18,23,48,559,21,17,3,3
670603,2023-10-21,ligamx,2023,11832,Santos,América,0,2,22,307,3,0.1,25,13,13,6,0.4,3,3,0.8,0,0,39.7,0,9,0.5,5,0.7,25,14,58,368,11,19,5,3
670604,2023-10-21,ligamx,2023,11832,Tigres UANL,Cruz Azul,1,6,28,416,5,0.2,10,6,11,6,0.6,2,0,0.9,0,0,52.6,0,4,0.5,8,0.5,10,30,47,482,15,12,5,3
670604,2023-10-21,ligamx,2023,11832,Cruz Azul,Tigres UANL,0,4,25,378,3,0.2,21,9,10,13,0.6,1,0,0.9,0,0,47.4,0,6,0.5,5,0.7,21,17,45,442,10,13,7,3
670607,2023-10-21,ligamx,2023,11832,Querétaro,Tijuana,1,0,0,0,0,0.0,0,0,0,0,0.0,1,0,0.0,0,0,0,0,0,0.0,0,0.0,0,0,0,0,0,0,0,0
670607,2023-10-21,ligamx,2023,11832,Tijuana,Querétaro,0,0,0,0,0,0.0,0,0,0,0,0.0,0,0,0.0,0,0,0,0,0,0.0,0,0.0,0,0,0,0,0,0,0,0
670605,2023-10-22,ligamx,2023,11832,Pumas UNAM,Monterrey,1,2,28,325,2,0.1,13,4,10,10,0.5,0,1,0.8,0,0,52.1,0,0,0.5,5,0.5,13,21,55,401,11,8,4,2
670605,2023-10-22,ligamx,2023,11832,Monterrey,Pumas UNAM,0,3,28,278,4,0.2,17,9,6,10,0.4,1,2,0.8,0,0,47.9,0,3,0.2,1,0.5,17,20,70,364,6,17,5,6
670606,2023-10-22,ligamx,2023,11832,Atlético de San Luis,Necaxa,1,5,20,494,3,0.3,24,11,8,4,0.7,4,2,0.9,0,0,65.9,0,1,0.4,6,0.8,24,18,29,548,14,14,5,1
670606,2023-10-22,ligamx,2023,11832,Necaxa,Atlético de San Luis,0,11,19,210,3,0.4,16,8,15,11,0.4,0,1,0.8,0,0,34.1,1,4,0.1,1,0.6,16,28,49,266,9,13,7,3
670608,2023-10-24,ligamx,2023,11832,León,Atlas,1,9,36,467,5,0.4,22,9,11,5,0.6,1,1,0.9,0,0,63.6,0,4,0.2,4,0.5,22,24,58,538,17,17,8,1
670608,2023-10-24,ligamx,2023,11832,Atlas,León,0,1,27,238,7,0.1,25,11,16,11,0.4,1,0,0.8,0,0,36.4,0,3,0.4,6,0.7,25,18,63,306,16,16,7,3
670526,2023-10-25,ligamx,2023,11832,Monterrey,Tijuana,1,4,32,421,4,0.2,18,9,7,3,0.6,3,0,0.9,0,0,54.8,0,4,0.4,5,0.6,18,17,54,488,13,14,7,2
670526,2023-10-25,ligamx,2023,11832,Tijuana,Monterrey,0,7,21,316,3,0.3,12,13,9,5,0.4,1,1,0.8,0,0,45.2,0,2,0.4,5,0.6,12,28,47,390,13,23,9,1
670611,2023-10-25,ligamx,2023,11832,FC Juárez,Atlético de San Luis,1,4,24,262,4,0.5,29,8,19,16,0.4,3,3,0.8,0,0,36.2,0,2,0.2,3,0.7,29,8,59,327,14,12,1,3
670611,2023-10-25,ligamx,2023,11832,Atlético de San Luis,FC Juárez,0,6,32,484,3,0.2,9,7,8,6,0.6,2,3,0.9,0,0,63.8,1,0,0.3,4,0.5,9,27,55,566,16,14,5,3
670612,2023-10-27,ligamx,2023,11832,Necaxa,Pumas UNAM,1,7,15,180,2,0.2,11,9,12,10,0.3,1,1,0.7,0,0,48.2,0,0,0.2,3,0.6,11,32,52,276,15,16,11,5
670612,2023-10-27,ligamx,2023,11832,Pumas UNAM,Necaxa,0,3,27,217,2,0.4,36,12,9,3,0.3,0,1,0.7,0,0,51.8,1,2,0.0,0,0.7,36,8,80,322,10,17,1,2
670613,2023-10-27,ligamx,2023,11832,Mazatlán FC,Querétaro,1,0,0,0,0,0.0,0,0,0,0,0.0,3,0,0.0,0,0,0,0,0,0.0,0,0.0,0,0,0,0,0,0,0,0
670613,2023-10-27,ligamx,2023,11832,Querétaro,Mazatlán FC,0,0,0,0,0,0.0,0,0,0,0,0.0,0,0,0.0,0,0,0,0,0,0.0,0,0.0,0,0,0,0,0,0,0,0
670614,2023-10-28,ligamx,2023,11832,Cruz Azul,León,1,0,0,0,0,0.0,0,0,0,0,0.0,1,0,0.0,0,0,0,0,0,0.0,0,0.0,0,0,0,0,0,0,0,0
670614,2023-10-28,ligamx,2023,11832,León,Cruz Azul,0,0,0,0,0,0.0,0,0,0,0,0.0,0,0,0.0,0,0,0,0,0,0.0,0,0.0,0,0,0,0,0,0,0,0
670615,2023-10-28,ligamx,2023,11832,Guadalajara,Tigres UANL,1,12,32,375,7,0.4,8,10,15,2,0.6,0,0,0.8,0,0,52,0,1,0.2,4,0.6,8,29,55,455,19,17,9,4
670615,2023-10-28,ligamx,2023,11832,Tigres UANL,Guadalajara,0,3,35,347,2,0.3,19,13,13,10,0.4,4,1,0.8,0,0,48,0,4,0.5,5,0.7,19,9,79,438,11,19,1,3
670616,2023-10-28,ligamx,2023,11832,Pachuca,Puebla,1,6,34,335,3,0.3,14,10,13,14,0.5,1,0,0.8,0,0,53.2,0,5,0.2,4,0.7,14,22,64,443,19,15,8,2
670616,2023-10-28,ligamx,2023,11832,Puebla,Pachuca,0,4,39,280,4,0.2,15,9,11,17,0.5,1,0,0.7,0,0,46.8,0,2,0.4,6,0.6,15,17,80,390,16,15,2,1
670617,2023-10-28,ligamx,2023,11832,Monterrey,América,1,5,22,352,2,0.5,11,10,10,15,0.6,0,2,0.9,0,0,39.3,1,0,0.1,1,0.5,11,11,36,402,10,20,1,1
670617,2023-10-28,ligamx,2023,11832,América,Monterrey,0,2,35,572,3,0.3,9,6,6,10,0.6,3,3,0.9,0,0,60.7,0,1,0.3,3,0.6,9,7,59,636,11,10,3,3
670618,2023-10-29,ligamx,2023,11832,Toluca,Atlético de San Luis,1,2,21,487,6,0.2,16,13,15,5,0.5,3,1,0.9,0,0,55,0,1,0.4,5,0.7,16,9,44,550,14,19,5,5
670618,2023-10-29,ligamx,2023,11832,Atlético de San Luis,Toluca,0,1,26,384,1,0.1,16,10,9,8,0.7,1,1,0.9,0,0,45,1,2,0.2,2,0.6,16,12,40,444,10,18,5,1
670619,2023-10-29,ligamx,2023,11832,Santos,FC Juárez,1,4,41,232,5,0.3,10,12,12,7,0.6,5,1,0.8,0,0,38,0,2,0.4,7,0.9,10,14,66,293,16,14,5,1
670619,2023-10-29,ligamx,2023,11832,FC Juárez,Santos,0,3,21,414,7,0.2,12,7,12,3,0.4,1,1,0.8,0,0,62,0,2,0.2,3,0.5,12,13,48,489,14,15,3,2
670620,2023-10-29,ligamx,2023,11832,Tijuana,Atlas,1,2,40,331,1,0.1,17,23,14,12,0.5,2,3,0.8,0,0,44.5,0,6,0.3,2,0.8,17,14,78,417,6,30,3,3
670620,2023-10-29,ligamx,2023,11832,Atlas,Tijuana,0,2,28,435,3,0.1,15,16,11,9,0.5,0,0,0.8,0,0,55.5,0,0,0.5,6,0.9,15,14,60,523,12,17,3,5
670621,2023-10-31,ligamx,2023,11832,Querétaro,Guadalajara,1,0,0,0,0,0.0,0,0,0,0,0.0,1,0,0.0,0,0,0,0,0,0.0,0,0.0,0,0,0,0,0,0,0,0
670621,2023-10-31,ligamx,2023,11832,Guadalajara,Querétaro,0,0,0,0,0,0.0,0,0,0,0,0.0,2,0,0.0,0,0,0,0,0,0.0,0,0.0,0,0,0,0,0,0,0,0
670622,2023-10-31,ligamx,2023,11832,Toluca,Puebla,1,9,24,412,2,0.6,14,12,10,10,0.5,0,6,0.8,0,0,57.3,0,4,0.3,4,0.8,14,16,44,493,13,15,2,3
670622,2023-10-31,ligamx,2023,11832,Puebla,Toluca,0,4,29,272,1,0.3,21,14,13,10,0.4,1,0,0.7,1,1,42.7,0,4,0.5,5,0.8,21,14,65,365,10,18,4,2
670623,2023-10-31,ligamx,2023,11832,León,Pumas UNAM,1,7,42,387,6,0.3,15,5,9,13,0.5,1,1,0.8,0,0,65.1,0,5,0.2,5,0.4,15,28,83,484,22,13,8,2
670623,2023-10-31,ligamx,2023,11832,Pumas UNAM,León,0,3,18,154,4,0.2,36,17,14,7,0.3,1,3,0.6,0,0,34.9,0,4,0.4,6,0.7,36,19,58,257,16,25,9,2
670624,2023-10-31,ligamx,2023,11832,Monterrey,Necaxa,1,10,43,587,3,0.3,10,13,11,11,0.7,3,1,0.9,0,0,70.7,0,1,0.3,5,0.7,10,32,64,677,16,19,8,0
670624,2023-10-31,ligamx,2023,11832,Necaxa,Monterrey,0,5,22,189,1,0.3,24,13,14,7,0.4,0,2,0.7,0,0,29.3,0,2,0.2,1,0.7,24,16,49,278,6,18,3,0
670625,2023-11-01,ligamx,2023,11832,Atlas,Pachuca,1,6,49,321,6,0.2,9,12,13,6,0.6,0,0,0.8,0,0,58.6,0,4,0.3,6,0.6,9,30,80,423,23,19,10,3
670625,2023-11-01,ligamx,2023,11832,Pachuca,Atlas,0,5,19,213,3,0.5,26,9,18,9,0.3,2,1,0.7,0,0,41.4,1,6,0.4,6,0.6,26,10,65,308,16,14,2,1
670626,2023-11-01,ligamx,2023,11832,Cruz Azul,FC Juárez,1,0,0,0,0,0.0,0,0,0,0,0.0,2,0,0.0,0,0,0,0,0,0.0,0,0.0,0,0,0,0,0,0,0,0
670626,2023-11-01,ligamx,2023,11832,FC Juárez,Cruz Azul,0,0,0,0,0,0.0,0,0,0,0,0.0,0,0,0.0,0,0,0,0,0,0.0,0,0.0,0,0,0,0,0,0,0,0
670627,2023-11-01,ligamx,2023,11832,Tijuana,Tigres UANL,1,3,32,233,2,0.3,32,20,14,17,0.5,2,0,0.7,0,0,35,0,1,0.5,7,0.6,32,11,66,314,15,31,4,3
670627,2023-11-01,ligamx,2023,11832,Tigres UANL,Tijuana,0,6,19,493,3,0.3,11,15,15,9,0.6,0,1,0.8,0,0,65,0,5,0.1,1,0.6,11,24,33,581,11,26,4,4
670628,2023-11-01,ligamx,2023,11832,Atlético de San Luis,América,1,5,26,488,4,0.3,8,7,7,8,0.6,0,0,0.9,0,0,53.4,0,1,0.2,4,0.5,8,19,45,552,18,15,6,3
670628,2023-11-01,ligamx,2023,11832,América,Atlético de San Luis,0,2,27,416,2,0.2,14,14,7,14,0.5,1,0,0.9,0,0,46.6,0,4,0.3,2,0.7,14,9,50,489,8,19,4,1
670629,2023-11-01,ligamx,2023,11832,Mazatlán FC,Santos,1,2,32,411,3,0.2,14,10,5,11,0.6,3,1,0.8,0,0,55.9,0,9,0.4,6,0.7,14,10,54,490,17,15,3,0
670629,2023-11-01,ligamx,2023,11832,Santos,Mazatlán FC,0,8,21,305,5,0.4,15,10,11,11,0.5,1,1,0.8,0,0,44.1,1,2,0.4,9,0.6,15,19,42,376,23,18,10,2
670630,2023-11-03,ligamx,2023,11832,Puebla,León,1,5,32,260,5,0.3,21,4,18,12,0.5,5,2,0.7,0,0,46.8,0,4,0.3,6,0.4,21,18,67,349,18,9,4,5
670630,2023-11-03,ligamx,2023,11832,León,Puebla,0,8,29,280,2,0.3,16,13,11,7,0.4,4,2,0.7,0,0,53.2,0,1,0.5,8,0.7,16,29,71,389,16,18,7,3
670631,2023-11-04,ligamx,2023,11832,Tigres UANL,Atlético de San Luis,1,7,27,451,7,0.2,5,10,13,7,0.6,2,2,0.9,0,0,56,0,1,0.2,3,0.8,5,46,45,510,16,12,12,2
670631,2023-11-04,ligamx,2023,11832,Atlético de San Luis,Tigres UANL,0,2,12,365,1,0.3,43,15,13,8,0.3,2,0,0.9,0,0,44,0,1,0.3,3,0.7,43,8,37,426,11,22,0,2
670632,2023-11-04,ligamx,2023,11832,América,Tijuana,1,6,18,412,3,0.5,13,10,14,10,0.5,3,1,0.9,0,0,46.5,0,3,0.4,8,0.5,13,11,35,465,19,21,2,1
670632,2023-11-04,ligamx,2023,11832,Tijuana,América,0,3,43,468,3,0.3,3,12,10,5,0.6,0,1,0.9,0,0,53.5,1,5,0.3,3,0.5,3,11,68,539,10,26,3,0
670633,2023-11-04,ligamx,2023,11832,Guadalajara,Cruz Azul,1,4,16,325,4,0.2,13,5,5,6,0.4,1,4,0.8,0,0,45.1,0,4,0.2,3,0.5,13,19,44,401,14,11,4,1
670633,2023-11-04,ligamx,2023,11832,Cruz Azul,Guadalajara,0,4,52,403,1,0.2,17,7,13,11,0.6,0,1,0.8,0,0,54.9,0,2,0.6,5,0.5,17,17,91,494,8,13,4,3
670634,2023-11-04,ligamx,2023,11832,Pachuca,Monterrey,1,4,27,461,6,0.2,9,15,15,9,0.6,0,0,0.9,0,0,54.1,0,1,0.3,8,0.7,9,24,47,538,25,21,9,2
670634,2023-11-04,ligamx,2023,11832,Monterrey,Pachuca,0,2,37,362,2,0.2,28,6,12,10,0.5,2,2,0.8,0,0,45.9,0,8,0.4,3,0.3,28,10,71,459,8,20,3,1
670635,2023-11-05,ligamx,2023,11832,Pumas UNAM,Atlas,1,9,21,265,6,0.5,19,13,13,6,0.4,3,0,0.8,1,1,43,0,0,0.4,11,0.7,19,19,48,333,26,20,7,3
670635,2023-11-05,ligamx,2023,11832,Atlas,Pumas UNAM,0,2,33,366,0,0.1,16,13,11,12,0.5,0,3,0.8,0,0,57,0,6,0.0,0,0.6,16,14,66,450,5,21,1,3
670636,2023-11-05,ligamx,2023,11832,Necaxa,Mazatlán FC,1,14,28,287,3,0.6,14,9,18,7,0.4,4,3,0.8,0,0,45.9,0,2,0.3,5,0.6,14,23,76,381,15,15,4,1
670636,2023-11-05,ligamx,2023,11832,Mazatlán FC,Necaxa,0,1,37,374,1,0.1,17,8,9,4,0.5,0,0,0.8,0,0,54.1,1,1,0.2,2,0.7,17,9,82,461,9,11,2,3
670637,2023-11-05,ligamx,2023,11832,Santos,Toluca,1,5,20,182,5,0.5,29,15,13,19,0.4,3,0,0.7,0,0,31.4,0,5,0.4,7,0.7,29,11,51,255,20,23,4,3
670637,2023-11-05,ligamx,2023,11832,Toluca,Santos,0,5,17,462,10,0.2,13,17,7,2,0.4,1,2,0.8,0,0,68.6,0,4,0.3,6,0.6,13,23,44,558,18,29,11,3
670638,2023-11-05,ligamx,2023,11832,FC Juárez,Querétaro,1,0,0,0,0,0.0,0,0,0,0,0.0,0,0,0.0,0,0,0,0,0,0.0,0,0.0,0,0,0,0,0,0,0,0
670638,2023-11-05,ligamx,2023,11832,Querétaro,FC Juárez,0,0,0,0,0,0.0,0,0,0,0,0.0,3,0,0.0,0,0,0,0,0,0.0,0,0.0,0,0,0,0,0,0,0,0
670581,2023-11-08,ligamx,2023,11832,Monterrey,Santos,1,7,22,389,3,0.3,14,14,10,8,0.5,3,2,0.8,0,0,52.8,0,2,0.4,6,0.7,14,23,45,466,15,20,8,1
670581,2023-11-08,ligamx,2023,11832,Santos,Monterrey,0,1,16,352,1,0.1,20,11,12,10,0.4,0,2,0.8,0,0,47.2,0,3,0.4,2,0.7,20,10,40,422,5,16,5,2
670639,2023-11-10,ligamx,2023,11832,Atlas,Necaxa,1,2,25,326,4,0.1,17,10,11,6,0.4,0,1,0.8,0,0,56.2,2,7,0.2,2,0.5,17,18,58,419,11,19,4,1
670639,2023-11-10,ligamx,2023,11832,Necaxa,Atlas,0,3,17,245,2,0.2,19,8,12,10,0.3,0,0,0.7,0,0,43.8,0,2,0.5,7,0.8,19,15,53,328,13,10,4,2
670640,2023-11-10,ligamx,2023,11832,Mazatlán FC,Toluca,1,2,23,297,4,0.3,20,8,8,4,0.4,1,1,0.8,0,0,40.7,0,2,0.4,5,0.6,20,7,57,382,12,14,2,0
670640,2023-11-10,ligamx,2023,11832,Toluca,Mazatlán FC,0,6,32,472,3,0.3,16,12,9,9,0.7,0,4,0.9,0,0,59.3,0,5,0.3,2,0.6,16,23,49,546,8,19,4,1
670641,2023-11-10,ligamx,2023,11832,Tijuana,Pachuca,1,8,26,272,7,0.3,14,19,15,8,0.4,2,2,0.7,0,0,52.6,0,2,0.3,8,0.5,14,25,60,382,27,39,6,0
670641,2023-11-10,ligamx,2023,11832,Pachuca,Tijuana,0,5,22,250,0,0.4,47,23,17,7,0.3,3,1,0.7,0,0,47.4,0,6,0.5,5,0.7,47,13,67,352,11,32,4,7
670642,2023-11-11,ligamx,2023,11832,Querétaro,Monterrey,1,0,0,0,0,0.0,0,0,0,0,0.0,0,0,0.0,0,0,0,0,0,0.0,0,0.0,0,0,0,0,0,0,0,0
670642,2023-11-11,ligamx,2023,11832,Monterrey,Querétaro,0,0,0,0,0,0.0,0,0,0,0,0.0,0,0,0.0,0,0,0,0,0,0.0,0,0.0,0,0,0,0,0,0,0,0
670643,2023-11-11,ligamx,2023,11832,Atlético de San Luis,Santos,1,7,35,521,7,0.2,14,15,11,12,0.6,0,2,0.9,0,0,67.9,0,3,0.2,3,0.8,14,33,55,609,18,18,5,3
670643,2023-11-11,ligamx,2023,11832,Santos,Atlético de San Luis,0,4,13,208,3,0.3,42,16,15,10,0.2,2,3,0.7,0,0,32.1,0,3,0.3,5,0.7,42,14,65,291,16,23,6,0
670644,2023-11-11,ligamx,2023,11832,Pumas UNAM,Guadalajara,1,8,30,259,5,0.6,20,17,21,8,0.5,1,0,0.7,0,0,47.3,0,2,0.4,6,0.8,20,13,66,347,15,21,6,2
670644,2023-11-11,ligamx,2023,11832,Guadalajara,Pumas UNAM,0,2,29,286,1,0.1,7,16,12,8,0.5,0,2,0.7,0,1,52.7,0,5,0.3,2,0.8,7,16,60,386,7,19,3,2
670645,2023-11-11,ligamx,2023,11832,Tigres UANL,América,1,0,0,0,0,0.0,0,0,0,0,0.0,0,0,0.0,0,0,0,0,0,0.0,0,0.0,0,0,0,0,0,0,0,0
670645,2023-11-11,ligamx,2023,11832,América,Tigres UANL,0,0,0,0,0,0.0,0,0,0,0,0.0,0,0,0.0,0,0,0,0,0,0.0,0,0.0,0,0,0,0,0,0,0,0
670646,2023-11-12,ligamx,2023,11832,Cruz Azul,Puebla,1,8,23,355,3,0.2,11,12,11,9,0.5,1,1,0.9,0,0,55.7,0,5,0.4,7,0.7,11,37,47,412,19,18,8,2
670646,2023-11-12,ligamx,2023,11832,Puebla,Cruz Azul,0,9,33,263,1,0.5,39,7,11,6,0.6,2,1,0.8,0,0,44.3,0,6,0.6,7,0.5,39,20,60,334,11,15,4,4
670647,2023-11-12,ligamx,2023,11832,León,FC Juárez,1,8,20,455,9,0.3,6,13,7,5,0.4,2,4,0.9,0,0,66.5,0,2,0.4,8,0.8,6,32,48,527,22,16,12,4
670647,2023-11-12,ligamx,2023,11832,FC Juárez,León,0,0,16,213,0,0.0,31,8,10,8,0.3,1,2,0.8,0,0,33.5,2,6,0.3,3,0.5,31,5,50,278,9,16,0,4
690131,2023-11-23,ligamx,2023,11830,Santos,Mazatlán FC,1,4,21,217,2,0.2,21,9,11,4,0.4,2,4,0.8,0,0,36.2,0,2,0.4,5,0.5,21,18,53,287,13,17,8,3
690131,2023-11-23,ligamx,2023,11830,Mazatlán FC,Santos,0,5,45,442,0,0.2,16,12,9,9,0.6,1,0,0.9,0,0,63.8,0,2,0.3,3,0.5,16,24,79,516,12,23,4,3
690132,2023-11-23,ligamx,2023,11831,Atlético de San Luis,León,1,2,33,321,1,0.2,25,9,4,3,0.5,3,1,0.8,0,0,44.4,0,2,0.6,4,0.6,25,9,62,400,7,14,0,2
690132,2023-11-23,ligamx,2023,11831,León,Atlético de San Luis,0,9,38,418,6,0.3,13,14,18,9,0.6,2,4,0.9,0,0,55.6,0,1,0.3,5,0.7,13,32,65,478,16,19,6,3
690339,2023-11-26,ligamx,2023,11829,León,Santos,1,5,30,201,3,0.5,31,14,9,10,0.4,3,1,0.7,0,0,41.6,1,1,0.4,5,0.5,31,10,77,302,13,26,6,1
690339,2023-11-26,ligamx,2023,11829,Santos,León,0,8,23,333,9,0.3,15,5,7,5,0.5,2,2,0.8,0,0,58.4,0,1,0.2,4,0.6,15,29,46,414,24,8,10,0
690133,2023-11-29,ligamx,2023,11828,León,América,1,5,28,322,2,0.3,19,7,14,13,0.4,2,0,0.8,0,0,40.2,0,4,0.3,3,0.4,19,17,63,384,12,20,6,6
690133,2023-11-29,ligamx,2023,11828,América,León,0,5,39,524,2,0.3,13,8,5,10,0.7,2,1,0.9,0,0,59.8,0,1,0.5,7,0.6,13,16,58,590,15,13,6,2
690134,2023-11-29,ligamx,2023,11828,Atlético de San Luis,Monterrey,1,5,45,393,5,0.4,12,11,6,3,0.7,1,2,0.8,0,0,54.3,0,4,0.4,7,0.8,12,14,68,465,16,14,10,2
690134,2023-11-29,ligamx,2023,11828,Monterrey,Atlético de San Luis,0,2,17,327,6,0.1,17,11,14,10,0.4,0,1,0.8,0,0,45.7,0,6,0.3,4,0.7,17,15,43,385,16,16,4,3
690135,2023-11-30,ligamx,2023,11828,Puebla,Tigres UANL,1,2,32,285,4,0.2,11,8,17,4,0.6,2,0,0.8,0,0,43.2,0,4,0.3,5,0.6,11,9,52,345,17,13,0,1
690135,2023-11-30,ligamx,2023,11828,Tigres UANL,Puebla,0,7,16,382,5,0.4,12,8,17,5,0.4,2,2,0.9,0,0,56.8,0,3,0.4,7,0.5,12,20,38,449,17,17,8,2
690136,2023-11-30,ligamx,2023,11828,Guadalajara,Pumas UNAM,1,2,25,258,3,0.2,17,18,9,12,0.4,1,2,0.7,0,0,49.2,0,2,0.5,8,0.8,17,12,58,364,16,23,6,3
690136,2023-11-30,ligamx,2023,11828,Pumas UNAM,Guadalajara,0,4,28,269,0,0.3,13,6,13,10,0.4,0,1,0.7,0,0,50.8,0,7,0.3,2,0.4,13,16,74,368,8,16,5,2
690137,2023-12-02,ligamx,2023,11828,Monterrey,Atlético de San Luis,1,8,30,479,6,0.2,4,12,12,13,0.6,1,2,0.9,0,0,59.4,0,1,0.1,1,0.5,4,44,52,549,14,22,10,2
690137,2023-12-02,ligamx,2023,11828,Atlético de San Luis,Monterrey,0,0,27,328,0,0.0,39,14,13,10,0.5,1,0,0.8,0,0,40.6,0,1,0.7,2,0.7,39,2,54,398,3,20,0,1
690140,2023-12-02,ligamx,2023,11828,América,León,1,2,26,396,8,0.1,12,11,9,7,0.5,2,0,0.9,1,1,52.1,0,0,0.3,4,0.7,12,18,55,463,16,15,7,1
690140,2023-12-02,ligamx,2023,11828,León,América,0,2,23,360,0,0.2,15,9,12,9,0.4,0,1,0.8,0,0,47.9,0,2,0.0,0,0.6,15,12,54,426,7,15,2,2
690138,2023-12-03,ligamx,2023,11828,Pumas UNAM,Guadalajara,1,4,26,204,0,0.4,20,17,18,9,0.4,3,1,0.7,1,1,41.7,0,0,0.4,3,0.7,20,11,59,292,7,25,4,2
690138,2023-12-03,ligamx,2023,11828,Guadalajara,Pumas UNAM,0,5,24,308,1,0.3,8,8,14,5,0.4,0,3,0.8,0,0,58.3,0,1,0.0,0,0.6,8,18,59,401,5,14,5,1
690139,2023-12-03,ligamx,2023,11828,Tigres UANL,Puebla,1,2,24,302,2,0.2,14,8,13,9,0.5,3,4,0.8,1,1,45.8,0,1,0.6,7,0.7,14,13,45,358,12,12,3,2
690139,2023-12-03,ligamx,2023,11828,Puebla,Tigres UANL,0,3,35,358,3,0.2,8,8,17,12,0.6,0,0,0.9,0,0,54.2,1,4,0.1,1,0.8,8,20,57,418,8,10,3,2
690682,2023-12-06,ligamx,2023,11827,Atlético de San Luis,América,1,1,20,474,6,0.1,14,11,8,9,0.5,0,1,0.9,0,0,50.5,0,4,0.2,3,0.7,14,13,41,538,14,16,5,1
690682,2023-12-06,ligamx,2023,11827,América,Atlético de San Luis,0,5,30,462,1,0.3,13,10,6,15,0.6,5,2,0.9,0,0,49.5,0,3,0.6,9,0.7,13,16,52,531,15,14,4,0
690681,2023-12-07,ligamx,2023,11827,Pumas UNAM,Tigres UANL,1,4,30,206,1,0.4,20,8,12,6,0.5,0,0,0.7,0,0,37.9,1,2,0.5,6,0.6,20,9,66,297,12,14,1,2
690681,2023-12-07,ligamx,2023,11827,Tigres UANL,Pumas UNAM,0,6,27,380,2,0.2,14,9,10,5,0.4,1,1,0.8,0,0,62.1,0,6,0.2,3,0.5,14,25,64,469,13,18,6,3
690684,2023-12-09,ligamx,2023,11827,América,Atlético de San Luis,1,2,28,484,1,0.1,3,12,11,8,0.7,0,4,0.9,0,0,45.5,0,3,0.3,1,0.7,3,20,42,539,4,17,6,0
690684,2023-12-09,ligamx,2023,11827,Atlético de San Luis,América,0,6,31,610,3,0.5,11,8,9,9,0.7,2,3,0.9,0,0,54.5,0,1,0.3,5,0.7,11,13,44,656,15,12,5,0
690683,2023-12-10,ligamx,2023,11827,Tigres UANL,Pumas UNAM,1,2,25,333,3,0.2,25,22,15,15,0.4,1,3,0.8,0,0,53.3,0,2,0.2,2,0.8,25,11,67,418,10,27,3,2
690683,2023-12-10,ligamx,2023,11827,Pumas UNAM,Tigres UANL,0,7,21,254,1,0.3,18,12,25,4,0.4,1,0,0.7,0,1,46.7,1,1,0.3,3,0.6,18,23,56,358,9,20,2,4
690857,2023-12-14,ligamx,2023,11826,Tigres UANL,América,1,3,15,418,1,0.1,12,13,15,11,0.4,1,2,0.8,0,0,53.3,0,1,0.5,5,0.5,12,27,34,493,10,24,9,2
690857,2023-12-14,ligamx,2023,11826,América,Tigres UANL,0,2,30,383,5,0.3,27,11,17,6,0.5,1,1,0.8,1,1,46.7,0,4,0.2,2,0.6,27,8,56,451,12,17,2,1
690858,2023-12-17,ligamx,2023,11826,América,Tigres UANL,1,5,33,594,7,0.3,9,4,18,8,0.6,3,1,0.9,0,0,59.6,0,3,0.4,7,0.4,9,18,56,663,18,11,4,2
690858,2023-12-17,ligamx,2023,11826,Tigres UANL,América,0,2,22,371,2,0.2,14,13,23,7,0.3,0,0,0.8,0,0,40.4,3,4,0.3,3,0.8,14,9,66,452,9,17,1,2
692245,2024-01-12,ligamx,2023,11824,Querétaro,Toluca,1,0,0,0,0,0.0,0,0,0,0,0.0,2,0,0.0,0,0,0,0,0,0.0,0,0.0,0,0,0,0,0,0,0,0
692245,2024-01-12,ligamx,2023,11824,Toluca,Querétaro,0,0,0,0,0,0.0,0,0,0,0,0.0,2,0,0.0,0,0,0,0,0,0.0,0,0.0,0,0,0,0,0,0,0,0
692246,2024-01-12,ligamx,2023,11824,Mazatlán FC,Atlético de San Luis,1,6,22,430,7,0.2,8,12,10,8,0.5,0,1,0.9,0,0,52.7,0,2,0.4,11,0.6,8,32,41,495,25,19,10,1
692246,2024-01-12,ligamx,2023,11824,Atlético de San Luis,Mazatlán FC,0,5,20,391,0,0.4,33,10,7,11,0.4,1,2,0.9,0,0,47.3,0,10,0.4,3,0.5,33,14,48,455,8,20,4,1
692247,2024-01-13,ligamx,2023,11824,Cruz Azul,Pachuca,1,6,40,357,2,0.2,19,13,15,8,0.6,0,1,0.8,0,0,59.4,0,5,0.1,2,0.8,19,37,64,454,15,16,4,2
692247,2024-01-13,ligamx,2023,11824,Pachuca,Cruz Azul,0,4,44,228,1,0.3,28,11,17,9,0.6,1,1,0.7,0,0,40.6,0,2,0.5,6,0.8,28,14,76,321,12,13,4,2
692248,2024-01-13,ligamx,2023,11824,Guadalajara,Santos,1,8,30,456,10,0.3,10,17,10,6,0.5,1,2,0.8,0,0,67.6,0,2,0.2,3,0.6,10,26,58,543,19,30,11,3
692248,2024-01-13,ligamx,2023,11824,Santos,Guadalajara,0,2,18,182,3,0.3,28,15,10,12,0.3,1,1,0.7,0,1,32.4,0,1,0.3,3,0.7,28,7,61,266,9,21,2,3
692249,2024-01-13,ligamx,2023,11824,Tijuana,América,1,12,26,387,12,0.3,8,9,12,8,0.5,0,1,0.9,0,0,64.1,0,2,0.2,8,0.6,8,41,48,450,36,15,10,2
692249,2024-01-13,ligamx,2023,11824,América,Tijuana,0,2,17,173,0,0.3,38,16,11,12,0.3,2,0,0.7,0,0,35.9,0,8,0.7,4,0.7,38,7,53,263,6,22,1,1
692250,2024-01-13,ligamx,2023,11824,Monterrey,Puebla,1,9,34,406,3,0.4,24,15,8,8,0.6,2,3,0.9,0,0,54,0,3,0.3,6,0.7,24,24,55,468,20,21,4,0
692250,2024-01-13,ligamx,2023,11824,Puebla,Monterrey,0,11,33,315,2,0.4,22,8,10,10,0.6,0,5,0.8,0,0,46,0,4,0.3,3,0.4,22,28,58,391,9,20,5,3
692251,2024-01-14,ligamx,2023,11824,Pumas UNAM,FC Juárez,1,8,27,350,4,0.4,10,12,7,8,0.5,1,2,0.8,0,0,57,1,2,0.1,2,0.9,10,22,53,416,16,13,5,1
692251,2024-01-14,ligamx,2023,11824,FC Juárez,Pumas UNAM,0,4,21,246,5,0.3,18,9,9,9,0.4,0,1,0.8,0,0,43,0,1,0.3,3,0.6,18,15,56,316,10,16,4,3
692252,2024-01-14,ligamx,2023,11824,Necaxa,Atlas,1,10,24,333,2,0.3,20,12,16,15,0.5,2,1,0.8,0,0,54,0,3,0.4,5,0.6,20,33,53,425,14,19,7,4
692252,2024-01-14,ligamx,2023,11824,Atlas,Necaxa,0,2,30,293,2,0.2,30,10,10,8,0.5,1,2,0.8,0,0,46,2,3,0.4,4,0.6,30,11,61,378,9,18,2,0
692253,2024-01-17,ligamx,2023,11824,León,Tigres UANL,1,12,22,329,3,0.5,9,13,13,6,0.6,1,1,0.8,0,0,44.1,0,0,0.3,6,0.7,9,26,39,394,19,19,9,1
692253,2024-01-17,ligamx,2023,11824,Tigres UANL,León,0,3,22,458,2,0.2,14,9,4,6,0.4,2,1,0.9,0,0,55.9,0,5,0.2,2,0.6,14,14,54,522,12,15,3,1
692254,2024-01-19,ligamx,2023,11824,Puebla,Necaxa,1,5,38,393,3,0.2,14,11,7,8,0.6,1,1,0.8,1,1,59.8,0,2,0.3,4,0.6,14,22,62,474,16,20,7,1
692254,2024-01-19,ligamx,2023,11824,Necaxa,Puebla,0,8,26,235,3,0.4,20,15,14,11,0.4,2,1,0.7,0,0,40.2,0,3,0.4,4,0.7,20,21,59,314,11,21,5,3
692255,2024-01-19,ligamx,2023,11824,Atlético de San Luis,Pumas UNAM,1,2,25,383,2,0.3,35,13,9,7,0.5,3,2,0.9,0,0,46.9,0,7,0.4,4,0.8,35,6,52,448,9,16,4,2
692255,2024-01-19,ligamx,2023,11824,Pumas UNAM,Atlético de San Luis,0,12,21,418,4,0.4,8,8,17,8,0.5,1,3,0.9,0,0,53.1,0,1,0.4,8,0.5,8,33,39,478,20,15,8,4
692256,2024-01-19,ligamx,2023,11824,FC Juárez,Cruz Azul,1,2,22,159,2,0.2,43,15,9,9,0.4,0,4,0.7,0,0,28.4,0,4,0.3,2,0.8,43,13,62,241,6,19,4,2
692256,2024-01-19,ligamx,2023,11824,Cruz Azul,FC Juárez,0,11,32,518,3,0.3,12,13,9,6,0.5,0,1,0.8,0,1,71.6,0,2,0.3,5,0.8,12,35,62,616,16,17,13,3
692257,2024-01-20,ligamx,2023,11824,Toluca,Mazatlán FC,1,5,30,479,3,0.3,9,11,8,11,0.6,4,1,0.9,1,1,59.7,0,2,0.4,5,0.8,9,17,54,562,14,14,5,4
692257,2024-01-20,ligamx,2023,11824,Mazatlán FC,Toluca,0,3,27,319,2,0.3,18,4,8,16,0.5,1,1,0.8,1,1,40.3,0,1,0.3,3,0.3,18,11,51,377,10,13,2,2
692258,2024-01-20,ligamx,2023,11824,América,Querétaro,1,0,0,0,0,0.0,0,0,0,0,0.0,2,0,0.0,0,0,0,0,0,0.0,0,0.0,0,0,0,0,0,0,0,0
692258,2024-01-20,ligamx,2023,11824,Querétaro,América,0,0,0,0,0,0.0,0,0,0,0,0.0,0,0,0.0,0,0,0,0,0,0.0,0,0.0,0,0,0,0,0,0,0,0
692259,2024-01-20,ligamx,2023,11824,Atlas,Tijuana,1,12,26,384,3,0.5,8,11,13,11,0.5,0,0,0.8,0,0,58.9,0,2,0.4,8,0.6,8,22,55,461,21,18,10,2
692259,2024-01-20,ligamx,2023,11824,Tijuana,Atlas,0,2,33,236,4,0.3,20,13,13,10,0.4,0,0,0.7,0,0,41.1,0,6,0.3,2,0.7,20,8,86,326,8,18,0,0
692261,2024-01-21,ligamx,2023,11824,Tigres UANL,Guadalajara,1,2,36,418,2,0.2,15,13,6,10,0.5,1,3,0.8,0,0,52,0,2,0.2,1,0.6,15,12,72,513,6,23,2,1
692261,2024-01-21,ligamx,2023,11824,Guadalajara,Tigres UANL,0,6,20,392,4,0.3,16,10,7,12,0.6,0,1,0.8,0,0,48,0,0,0.1,2,0.5,16,18,36,470,16,21,1,3
692262,2024-01-21,ligamx,2023,11824,Santos,Monterrey,1,4,29,314,6,0.2,16,14,10,5,0.6,0,2,0.8,0,0,44.8,0,2,0.2,4,0.7,16,19,50,382,19,21,6,5
692262,2024-01-21,ligamx,2023,11824,Monterrey,Santos,0,4,27,404,4,0.3,19,11,15,11,0.5,2,0,0.8,0,0,55.2,0,4,0.3,4,0.6,19,13,55,480,13,19,5,3
692263,2024-01-24,ligamx,2023,11824,Atlético de San Luis,Tigres UANL,1,1,17,380,2,0.2,38,9,11,18,0.5,1,1,0.9,0,0,43.4,0,3,0.3,3,0.5,38,6,35,438,10,17,1,2
692263,2024-01-24,ligamx,2023,11824,Tigres UANL,Atlético de San Luis,0,1,16,491,5,0.0,5,16,10,9,0.4,2,3,0.9,0,0,56.6,0,1,0.3,5,0.7,5,24,40,560,19,23,6,1
692264,2024-01-24,ligamx,2023,11824,Monterrey,Querétaro,1,0,0,0,0,0.0,0,0,0,0,0.0,1,0,0.0,0,0,0,0,0,0.0,0,0.0,0,0,0,0,0,0,0,0
692264,2024-01-24,ligamx,2023,11824,Querétaro,Monterrey,0,0,0,0,0,0.0,0,0,0,0,0.0,1,0,0.0,0,0,0,0,0,0.0,0,0.0,0,0,0,0,0,0,0,0
692265,2024-01-24,ligamx,2023,11824,FC Juárez,América,1,4,25,231,2,0.2,22,10,15,16,0.5,0,2,0.8,0,0,36,0,4,0.4,6,0.7,22,20,50,306,15,15,4,5
692265,2024-01-24,ligamx,2023,11824,América,FC Juárez,0,5,25,477,3,0.3,30,8,15,6,0.4,2,0,0.8,0,0,64,0,5,0.4,6,0.8,30,18,56,563,15,10,5,1
692266,2024-01-26,ligamx,2023,11824,Puebla,Toluca,1,5,24,249,2,0.3,18,6,10,11,0.4,1,0,0.8,0,0,41,0,3,0.3,3,0.4,18,18,60,331,10,17,3,3
692266,2024-01-26,ligamx,2023,11824,Toluca,Puebla,0,5,32,416,5,0.3,13,10,15,12,0.6,1,0,0.9,0,0,59,0,2,0.3,4,0.7,13,16,51,489,15,15,3,3
692267,2024-01-26,ligamx,2023,11824,Tijuana,Guadalajara,1,5,42,260,2,0.3,17,21,10,14,0.4,1,1,0.7,0,0,45.8,0,4,0.5,5,0.7,17,19,94,375,11,30,5,4
692267,2024-01-26,ligamx,2023,11824,Guadalajara,Tijuana,0,2,20,349,1,0.1,25,12,15,13,0.4,1,1,0.8,0,0,54.2,1,4,0.4,5,0.5,25,16,53,448,14,22,2,2
692268,2024-01-27,ligamx,2023,11824,León,Santos,1,5,26,434,4,0.2,15,10,18,9,0.6,3,2,0.9,1,1,69.7,0,1,0.4,5,0.8,15,26,46,509,13,13,6,2
692268,2024-01-27,ligamx,2023,11824,Santos,León,0,2,14,158,2,0.2,27,14,10,19,0.3,2,0,0.7,1,1,30.3,1,2,0.4,3,0.7,27,10,43,222,7,20,4,4
692269,2024-01-27,ligamx,2023,11824,Cruz Azul,Mazatlán FC,1,13,43,371,6,0.4,11,10,13,5,0.7,2,3,0.9,0,0,59.3,0,2,0.4,7,0.7,11,31,66,425,19,14,10,2
692269,2024-01-27,ligamx,2023,11824,Mazatlán FC,Cruz Azul,0,3,25,234,1,0.3,25,12,11,7,0.5,1,1,0.8,0,0,40.7,1,5,0.5,3,0.8,25,11,52,297,6,15,2,2
692270,2024-01-27,ligamx,2023,11824,Monterrey,Atlético de San Luis,1,4,25,436,5,0.2,25,11,14,13,0.5,3,0,0.9,0,0,43.1,0,4,0.3,4,0.6,25,19,50,500,12,19,1,1
692270,2024-01-27,ligamx,2023,11824,Atlético de San Luis,Monterrey,0,1,32,597,1,0.1,18,8,4,7,0.7,1,2,0.9,0,0,56.9,0,1,0.6,5,0.6,18,19,46,667,9,13,4,0
692271,2024-01-27,ligamx,2023,11824,Necaxa,América,1,1,20,220,0,0.1,28,14,8,14,0.4,0,4,0.8,0,0,29.6,1,1,0.6,5,0.7,28,12,50,273,9,21,5,1
692271,2024-01-27,ligamx,2023,11824,América,Necaxa,0,9,32,599,3,0.3,15,9,6,8,0.7,0,0,0.9,0,0,70.4,1,5,0.1,1,0.6,15,27,47,656,11,16,7,2
692272,2024-01-28,ligamx,2023,11824,Atlas,FC Juárez,1,2,20,287,1,0.1,33,10,15,3,0.4,2,0,0.8,0,0,46.1,2,4,0.4,6,0.5,33,18,50,357,16,22,6,4
692272,2024-01-28,ligamx,2023,11824,FC Juárez,Atlas,0,5,38,346,5,0.2,21,10,12,8,0.6,1,1,0.8,0,0,53.9,0,4,0.2,4,0.6,21,33,62,409,17,17,11,3
692273,2024-01-28,ligamx,2023,11824,Pumas UNAM,Pachuca,1,0,30,269,0,0.0,17,10,14,12,0.4,3,2,0.8,0,0,44.9,0,6,0.5,4,0.4,17,9,67,354,8,24,3,5
692273,2024-01-28,ligamx,2023,11824,Pachuca,Pumas UNAM,0,5,40,343,10,0.2,14,12,15,6,0.6,1,1,0.8,0,0,55.1,0,1,0.3,8,0.6,14,24,67,424,26,20,7,4
692274,2024-01-28,ligamx,2023,11824,Querétaro,Tigres UANL,1,0,0,0,0,0.0,0,0,0,0,0.0,1,0,0.0,0,0,0,0,0,0.0,0,0.0,0,0,0,0,0,0,0,0
692274,2024-01-28,ligamx,2023,11824,Tigres UANL,Querétaro,0,0,0,0,0,0.0,0,0,0,0,0.0,1,0,0.0,0,0,0,0,0,0.0,0,0.0,0,0,0,0,0,0,0,0
692275,2024-01-30,ligamx,2023,11824,Cruz Azul,Tijuana,1,5,32,396,3,0.2,16,15,7,6,0.4,1,2,0.8,0,0,61.1,0,4,0.3,4,0.8,16,24,77,486,16,19,11,6
692275,2024-01-30,ligamx,2023,11824,Tijuana,Cruz Azul,0,2,31,232,2,0.1,14,10,6,5,0.5,0,2,0.8,0,0,38.9,0,3,0.4,4,0.5,14,21,62,303,10,21,3,2
692276,2024-01-30,ligamx,2023,11824,Mazatlán FC,León,1,5,37,347,2,0.4,15,9,15,6,0.7,2,0,0.8,0,0,52.7,0,4,0.4,5,0.6,15,13,56,411,12,14,4,1
692276,2024-01-30,ligamx,2023,11824,León,Mazatlán FC,0,6,31,294,2,0.4,14,9,12,5,0.5,2,4,0.8,1,1,47.3,0,3,0.5,6,0.5,14,16,62,367,12,17,4,3
692277,2024-01-30,ligamx,2023,11824,Guadalajara,Toluca,1,8,24,245,3,0.4,19,18,10,9,0.4,3,4,0.8,0,0,38.9,0,5,0.4,8,0.7,19,20,56,323,18,25,5,4
692277,2024-01-30,ligamx,2023,11824,Toluca,Guadalajara,0,4,44,433,4,0.2,5,12,9,8,0.6,2,1,0.8,0,0,61.1,0,5,0.4,7,0.6,5,18,80,520,18,19,7,4
692280,2024-01-30,ligamx,2023,11824,Santos,Puebla,1,6,25,295,3,0.4,33,15,18,11,0.5,3,2,0.8,1,1,41.2,0,6,0.5,9,0.8,33,15,49,355,18,18,3,2
692280,2024-01-30,ligamx,2023,11824,Puebla,Santos,0,8,43,423,5,0.3,17,12,14,8,0.7,0,0,0.8,0,0,58.8,0,6,0.4,6,0.5,17,30,60,498,16,24,7,3
692278,2024-01-31,ligamx,2023,11824,Pachuca,Atlas,1,5,22,279,6,0.2,14,14,16,12,0.5,4,2,0.8,0,0,47.9,0,2,0.3,6,0.9,14,22,44,353,21,16,7,2
692278,2024-01-31,ligamx,2023,11824,Atlas,Pachuca,0,3,28,305,0,0.2,23,13,11,12,0.5,3,1,0.8,0,0,52.1,0,2,0.5,5,0.5,23,16,62,392,10,24,4,6
692279,2024-01-31,ligamx,2023,11824,Pumas UNAM,Necaxa,1,9,28,482,5,0.3,12,7,14,3,0.6,2,2,0.9,0,0,72,0,2,0.3,7,0.7,12,30,49,553,23,10,11,1
692279,2024-01-31,ligamx,2023,11824,Necaxa,Pumas UNAM,0,1,17,140,0,0.1,24,11,15,8,0.3,2,2,0.7,0,0,28,1,5,0.5,4,0.8,24,11,62,215,8,13,4,3
692281,2024-02-02,ligamx,2023,11824,Querétaro,Cruz Azul,1,0,0,0,0,0.0,0,0,0,0,0.0,1,0,0.0,0,0,0,0,0,0.0,0,0.0,0,0,0,0,0,0,0,0
692281,2024-02-02,ligamx,2023,11824,Cruz Azul,Querétaro,0,0,0,0,0,0.0,0,0,0,0,0.0,3,0,0.0,0,0,0,0,0,0.0,0,0.0,0,0,0,0,0,0,0,0
692282,2024-02-02,ligamx,2023,11824,Puebla,Mazatlán FC,1,6,32,369,7,0.3,21,6,12,11,0.6,3,1,0.9,0,0,52.9,1,2,0.3,5,0.9,21,20,58,431,17,7,6,3
692282,2024-02-02,ligamx,2023,11824,Mazatlán FC,Puebla,0,5,18,305,0,0.2,16,9,15,8,0.4,2,2,0.8,0,0,47.1,0,3,0.4,3,0.8,16,26,48,374,7,11,7,3
692283,2024-02-03,ligamx,2023,11824,FC Juárez,Necaxa,1,8,32,387,5,0.3,20,14,7,14,0.4,2,0,0.8,0,0,59,0,6,0.3,6,0.5,20,27,75,508,18,26,6,2
692283,2024-02-03,ligamx,2023,11824,Necaxa,FC Juárez,0,2,20,240,3,0.1,25,5,10,7,0.3,2,3,0.7,0,0,41,0,3,0.5,7,0.5,25,14,61,361,15,10,3,3
692284,2024-02-03,ligamx,2023,11824,Toluca,León,1,3,43,442,2,0.3,11,13,13,6,0.6,4,1,0.9,0,0,61.7,0,2,0.6,8,0.7,11,10,68,516,14,19,6,3
692284,2024-02-03,ligamx,2023,11824,León,Toluca,0,4,43,259,2,0.3,11,3,9,20,0.6,1,3,0.8,0,0,38.3,0,4,0.4,3,0.3,11,15,67,312,8,10,3,0
692285,2024-02-03,ligamx,2023,11824,Tigres UANL,Pumas UNAM,1,6,26,383,2,0.2,14,11,14,10,0.6,2,1,0.8,1,1,55.4,0,0,0.4,5,0.5,14,29,45,459,13,23,6,1
692285,2024-02-03,ligamx,2023,11824,Pumas UNAM,Tigres UANL,0,7,20,295,1,0.4,31,14,15,10,0.4,2,0,0.8,0,0,44.6,0,3,0.2,2,0.6,31,19,53,372,9,22,4,4
692286,2024-02-03,ligamx,2023,11824,Pachuca,Tijuana,1,5,27,324,5,0.3,17,13,11,8,0.4,3,0,0.8,0,0,59.4,0,2,0.3,8,0.5,17,19,68,407,24,28,12,4
692286,2024-02-03,ligamx,2023,11824,Tijuana,Pachuca,0,3,27,205,7,0.2,20,16,17,10,0.5,2,0,0.7,1,1,40.6,0,5,0.3,4,0.6,20,17,54,274,16,28,5,6
692287,2024-02-03,ligamx,2023,11824,América,Monterrey,1,7,28,426,0,0.3,11,12,4,6,0.6,1,6,0.9,0,0,50,0,0,0.4,3,0.7,11,22,48,496,7,18,5,1
692287,2024-02-03,ligamx,2023,11824,Monterrey,América,0,4,31,438,3,0.3,16,11,4,11,0.6,1,1,0.9,0,0,50,1,2,0.1,1,0.6,16,15,53,503,9,17,4,2
692288,2024-02-04,ligamx,2023,11824,Atlas,Santos,1,6,33,352,4,0.3,12,9,20,5,0.5,3,1,0.8,1,1,50.5,0,1,0.4,8,0.6,12,20,66,430,19,16,10,3
692288,2024-02-04,ligamx,2023,11824,Santos,Atlas,0,5,26,341,0,0.3,16,6,12,12,0.4,0,1,0.8,0,0,49.5,0,5,0.1,1,0.5,16,19,60,422,8,12,4,1
692289,2024-02-04,ligamx,2023,11824,Atlético de San Luis,Guadalajara,1,3,25,456,2,0.2,10,13,10,8,0.7,0,0,0.9,0,0,55.4,0,3,0.3,3,0.7,10,17,37,520,11,20,6,5
692289,2024-02-04,ligamx,2023,11824,Guadalajara,Atlético de San Luis,0,4,35,351,1,0.4,17,11,13,6,0.6,2,1,0.8,2,2,44.6,0,2,0.6,6,0.4,17,9,62,427,10,25,5,3
692260,2024-02-07,ligamx,2023,11824,Pachuca,León,1,3,38,358,2,0.2,9,7,10,14,0.5,3,1,0.8,0,0,55.4,0,5,0.4,5,0.4,9,19,70,435,13,18,5,2
692260,2024-02-07,ligamx,2023,11824,León,Pachuca,0,3,30,260,1,0.2,17,18,9,13,0.4,2,3,0.7,0,0,44.6,1,2,0.5,7,0.6,17,14,67,353,14,29,3,2
692290,2024-02-09,ligamx,2023,11824,Mazatlán FC,Atlas,1,3,30,452,6,0.2,22,10,14,5,0.5,2,3,0.8,0,0,60.8,0,3,0.3,5,0.8,22,13,57,534,16,13,6,2
692290,2024-02-09,ligamx,2023,11824,Atlas,Mazatlán FC,0,2,22,260,1,0.1,19,8,8,13,0.4,0,2,0.8,0,0,39.2,1,3,0.4,3,0.5,19,15,60,337,8,17,4,2
692291,2024-02-09,ligamx,2023,11824,Tijuana,Querétaro,1,6,26,337,5,0.3,28,15,10,4,0.4,1,1,0.8,0,0,62.9,0,2,0.3,5,0.8,28,23,63,435,17,20,3,3
692291,2024-02-09,ligamx,2023,11824,Querétaro,Tijuana,0,4,29,156,0,0.4,22,11,17,9,0.4,1,2,0.6,0,0,37.1,0,4,0.5,3,0.6,22,11,81,262,6,19,4,4
692292,2024-02-10,ligamx,2023,11824,Guadalajara,FC Juárez,1,5,23,508,1,0.3,17,9,15,6,0.5,2,2,0.9,0,0,63.4,1,2,0.4,6,0.6,17,18,49,583,17,14,3,2
692292,2024-02-10,ligamx,2023,11824,FC Juárez,Guadalajara,0,2,17,248,1,0.1,11,12,10,8,0.3,1,2,0.8,1,1,36.6,0,4,0.4,3,0.6,11,15,60,327,7,20,3,2
692293,2024-02-10,ligamx,2023,11824,Necaxa,Toluca,1,3,22,208,1,0.3,23,13,10,9,0.4,3,5,0.7,0,0,34.5,0,8,0.5,6,0.6,23,9,58,288,13,21,2,1
692293,2024-02-10,ligamx,2023,11824,Toluca,Necaxa,0,10,45,463,2,0.7,11,11,11,12,0.6,3,1,0.8,0,0,65.5,0,3,0.5,10,0.8,11,14,76,550,20,14,6,2
692294,2024-02-10,ligamx,2023,11824,Cruz Azul,Atlético de San Luis,1,4,39,443,6,0.3,10,14,8,8,0.6,3,1,0.9,1,1,52.9,0,0,0.3,6,0.8,10,16,65,504,22,18,4,0
692294,2024-02-10,ligamx,2023,11824,Atlético de San Luis,Cruz Azul,0,5,41,386,2,0.3,17,10,11,6,0.7,0,4,0.9,0,0,47.1,0,4,0.0,0,0.9,17,15,63,443,7,11,5,2
692295,2024-02-10,ligamx,2023,11824,León,América,1,5,25,259,5,0.3,27,13,12,12,0.6,0,2,0.8,0,0,40.7,0,5,0.3,5,0.6,27,20,45,308,16,21,6,3
692295,2024-02-10,ligamx,2023,11824,América,León,0,5,36,390,8,0.2,14,13,6,5,0.7,1,1,0.9,1,1,59.3,0,5,0.4,7,0.7,14,22,52,458,20,20,12,3
692296,2024-02-10,ligamx,2023,11824,Santos,Tigres UANL,1,5,22,386,4,0.2,5,9,15,6,0.5,0,1,0.9,0,0,50.1,0,2,0.2,2,0.5,5,23,48,444,13,17,9,2
692296,2024-02-10,ligamx,2023,11824,Tigres UANL,Santos,0,1,21,392,2,0.1,15,12,28,6,0.4,3,0,0.9,1,1,49.9,0,2,0.5,5,0.7,15,7,53,458,10,17,1,5
692297,2024-02-10,ligamx,2023,11824,Monterrey,Pachuca,1,5,37,494,3,0.3,16,13,10,14,0.5,3,3,0.8,0,0,63.3,0,1,0.3,4,0.5,16,16,70,595,12,24,5,1
692297,2024-02-10,ligamx,2023,11824,Pachuca,Monterrey,0,1,23,256,4,0.1,19,8,14,16,0.5,2,2,0.7,0,0,36.7,0,1,0.3,3,0.6,19,10,50,342,12,14,2,2
692298,2024-02-11,ligamx,2023,11824,Pumas UNAM,Puebla,1,6,24,351,2,0.3,13,9,9,8,0.4,3,5,0.8,0,0,52.5,0,1,0.5,6,0.6,13,18,61,418,12,14,5,0
692298,2024-02-11,ligamx,2023,11824,Puebla,Pumas UNAM,0,5,21,294,1,0.3,13,12,6,4,0.4,0,3,0.8,0,0,47.5,1,3,0.3,2,0.6,13,18,49,373,6,19,3,2
692299,2024-02-14,ligamx,2023,11824,Atlas,Pumas UNAM,1,3,32,370,2,0.3,10,7,8,12,0.5,0,2,0.8,0,0,51.1,0,1,0.3,4,0.5,10,12,71,464,12,14,6,0
692299,2024-02-14,ligamx,2023,11824,Pumas UNAM,Atlas,0,6,29,366,5,0.4,20,14,19,14,0.5,0,3,0.8,0,0,48.9,1,4,0.1,1,0.7,20,14,55,441,12,19,1,2
692300,2024-02-16,ligamx,2023,11824,Querétaro,Necaxa,1,3,29,172,2,0.2,20,12,7,9,0.4,1,1,0.6,0,0,38,1,1,0.3,3,0.8,20,14,80,274,11,15,5,1
692300,2024-02-16,ligamx,2023,11824,Necaxa,Querétaro,0,7,23,348,3,0.3,16,13,8,5,0.4,1,2,0.8,0,0,62,0,3,0.2,2,0.6,16,23,58,444,12,21,6,3
692301,2024-02-16,ligamx,2023,11824,Mazatlán FC,Guadalajara,1,8,24,390,4,0.3,10,10,8,8,0.5,2,2,0.8,0,0,55.8,0,2,0.5,9,0.5,10,30,48,469,18,21,10,1
692301,2024-02-16,ligamx,2023,11824,Guadalajara,Mazatlán FC,0,3,22,302,0,0.2,32,8,10,15,0.4,2,2,0.8,1,1,44.2,1,6,0.6,4,0.7,32,14,50,382,7,11,2,2
692302,2024-02-17,ligamx,2023,11824,Atlético de San Luis,Tijuana,1,5,33,509,2,0.2,17,14,8,10,0.6,3,1,0.9,0,1,65.3,0,1,0.6,9,0.7,17,23,59,595,14,21,5,1
692302,2024-02-17,ligamx,2023,11824,Tijuana,Atlético de San Luis,0,1,22,245,2,0.1,24,14,14,11,0.4,3,0,0.8,0,0,34.7,0,6,0.4,4,0.8,24,10,53,319,11,18,1,3
692304,2024-02-17,ligamx,2023,11824,Pachuca,América,1,2,28,259,4,0.1,26,15,12,11,0.5,2,2,0.8,0,0,39.8,0,2,0.2,3,0.6,26,15,55,337,13,24,4,4
692304,2024-02-17,ligamx,2023,11824,América,Pachuca,0,2,29,431,2,0.1,12,8,5,8,0.4,1,2,0.8,0,0,60.2,0,1,0.3,3,0.7,12,14,65,519,9,12,5,1
692305,2024-02-17,ligamx,2023,11824,Cruz Azul,Tigres UANL,1,9,48,488,5,0.4,12,9,7,8,0.7,1,1,0.9,0,0,66.2,1,1,0.3,6,0.7,12,25,72,556,23,13,10,2
692305,2024-02-17,ligamx,2023,11824,Tigres UANL,Cruz Azul,0,3,21,210,1,0.3,24,5,9,9,0.4,0,1,0.7,0,0,33.8,1,6,0.2,1,0.4,24,9,55,283,6,12,5,4
692306,2024-02-18,ligamx,2023,11824,Atlas,León,1,12,25,531,5,0.3,12,4,6,4,0.6,0,3,0.9,0,0,75.1,0,0,0.4,9,0.4,12,42,44,590,23,9,8,0
692306,2024-02-18,ligamx,2023,11824,León,Atlas,0,2,28,124,6,0.3,32,9,9,3,0.4,1,3,0.6,1,1,24.9,1,8,0.1,2,0.6,32,8,77,199,15,16,2,3
692307,2024-02-18,ligamx,2023,11824,Pumas UNAM,Santos,1,9,28,348,4,0.4,8,10,13,8,0.5,3,0,0.8,0,0,49.1,0,2,0.4,9,0.7,8,21,54,416,23,15,10,4
692307,2024-02-18,ligamx,2023,11824,Santos,Pumas UNAM,0,1,23,376,3,0.1,21,7,8,9,0.5,0,1,0.9,0,0,50.9,0,6,0.3,2,0.7,21,10,42,438,8,10,5,1
692308,2024-02-18,ligamx,2023,11824,Monterrey,Toluca,1,8,40,457,4,0.3,22,12,6,10,0.6,0,6,0.9,0,0,57.6,0,0,0.4,5,0.7,22,23,64,528,12,17,4,0
692308,2024-02-18,ligamx,2023,11824,Toluca,Monterrey,0,1,42,300,1,0.1,21,10,14,11,0.5,0,1,0.8,0,0,42.4,0,5,0.0,0,0.5,21,15,77,389,4,19,4,2
692309,2024-02-20,ligamx,2023,11824,Puebla,Pachuca,1,4,39,271,3,0.2,11,14,11,7,0.5,1,2,0.7,0,0,50.6,0,6,0.3,2,0.6,11,22,86,365,8,25,7,4
692309,2024-02-20,ligamx,2023,11824,Pachuca,Puebla,0,5,37,283,4,0.4,19,10,16,14,0.6,4,5,0.8,0,0,49.4,0,1,0.5,10,0.6,19,13,65,364,21,17,5,2
692310,2024-02-20,ligamx,2023,11824,Necaxa,Guadalajara,1,3,26,123,0,0.3,38,17,13,6,0.4,1,1,0.7,0,0,28.3,0,1,0.5,5,0.7,38,9,64,188,10,23,4,4
692310,2024-02-20,ligamx,2023,11824,Guadalajara,Necaxa,0,8,19,390,4,0.2,9,14,12,5,0.4,0,1,0.9,0,0,71.7,0,4,0.1,1,0.7,9,35,46,458,14,19,11,3
692311,2024-02-21,ligamx,2023,11824,Toluca,Santos,1,3,28,402,2,0.3,10,16,14,13,0.5,1,0,0.8,1,1,49,0,0,0.2,1,0.6,10,11,55,475,6,26,5,3
692311,2024-02-21,ligamx,2023,11824,Santos,Toluca,0,4,34,441,2,0.4,20,9,10,9,0.6,0,0,0.9,0,0,51,0,0,0.0,0,0.6,20,11,54,494,8,15,4,2
692312,2024-02-21,ligamx,2023,11824,América,Mazatlán FC,1,6,40,474,3,0.3,5,15,9,11,0.6,2,2,0.9,0,0,58,0,2,0.3,5,0.9,5,18,64,542,16,17,7,0
692312,2024-02-21,ligamx,2023,11824,Mazatlán FC,América,0,3,21,316,1,0.3,14,9,10,4,0.4,2,2,0.8,0,0,42,0,2,0.5,4,0.6,14,12,57,392,8,14,3,3
692313,2024-02-21,ligamx,2023,11824,León,Cruz Azul,1,3,28,243,0,0.1,21,3,13,11,0.4,2,2,0.7,0,0,37.7,0,4,0.3,2,0.6,21,22,74,326,6,5,4,2
692313,2024-02-21,ligamx,2023,11824,Cruz Azul,León,0,5,55,476,3,0.3,10,8,9,7,0.6,3,0,0.8,0,0,62.3,0,0,0.4,7,0.6,10,18,92,564,16,13,4,3
692314,2024-02-23,ligamx,2023,11824,Puebla,Querétaro,1,5,37,447,7,0.2,9,11,11,9,0.6,0,1,0.8,0,0,69.6,0,1,0.2,3,0.7,9,32,66,536,17,16,6,1
692314,2024-02-23,ligamx,2023,11824,Querétaro,Puebla,0,5,18,154,4,0.4,35,3,17,7,0.3,2,1,0.7,0,0,30.4,0,3,0.2,3,0.6,35,14,55,236,15,5,5,3
692315,2024-02-23,ligamx,2023,11824,FC Juárez,Monterrey,1,2,31,338,2,0.2,24,7,13,11,0.6,0,3,0.8,0,0,43.8,0,3,0.3,2,0.6,24,10,53,424,6,11,0,1
692315,2024-02-23,ligamx,2023,11824,Monterrey,FC Juárez,0,6,51,458,5,0.3,11,9,10,13,0.6,3,3,0.9,0,0,56.2,0,2,0.4,7,0.7,11,20,80,535,19,13,5,2
692316,2024-02-23,ligamx,2023,11824,Necaxa,Pachuca,1,5,29,167,1,0.4,22,19,11,21,0.4,1,2,0.6,0,0,32.7,0,1,0.3,2,0.8,22,13,75,261,8,25,1,2
692316,2024-02-23,ligamx,2023,11824,Pachuca,Necaxa,0,1,34,432,3,0.1,11,14,11,15,0.5,1,1,0.8,1,1,67.3,0,1,0.2,2,0.7,11,13,67,540,13,20,6,3
692317,2024-02-24,ligamx,2023,11824,León,Atlético de San Luis,1,3,19,216,6,0.2,25,9,14,12,0.4,1,0,0.7,0,0,35.3,1,4,0.4,7,0.6,25,14,48,295,20,16,7,2
692317,2024-02-24,ligamx,2023,11824,Atlético de San Luis,León,0,6,32,451,2,0.2,25,10,8,6,0.6,0,1,0.8,0,0,64.7,0,6,0.3,4,0.7,25,30,55,531,16,15,7,0
692318,2024-02-24,ligamx,2023,11824,Guadalajara,Pumas UNAM,1,4,25,319,3,0.2,19,10,5,1,0.5,3,1,0.8,0,0,50.2,0,2,0.3,5,0.8,19,20,50,384,17,13,4,0
692318,2024-02-24,ligamx,2023,11824,Pumas UNAM,Guadalajara,0,4,46,310,3,0.2,19,15,7,6,0.6,1,1,0.8,1,1,49.8,0,2,0.2,3,0.8,19,20,73,379,14,20,6,1
692319,2024-02-24,ligamx,2023,11824,Tigres UANL,Atlas,1,7,27,525,5,0.3,16,6,13,10,0.5,1,3,0.9,0,0,62,0,0,0.3,5,0.5,16,21,55,603,16,13,5,1
692319,2024-02-24,ligamx,2023,11824,Atlas,Tigres UANL,0,5,21,282,4,0.3,20,13,9,10,0.4,1,0,0.8,0,0,38,0,4,0.1,1,0.7,20,17,50,366,11,20,3,3
692320,2024-02-24,ligamx,2023,11824,América,Cruz Azul,1,5,38,185,1,0.6,31,1,6,15,0.5,1,8,0.7,0,0,28.5,0,2,0.6,4,0.3,31,8,75,257,7,3,2,0
692320,2024-02-24,ligamx,2023,11824,Cruz Azul,América,0,9,42,551,6,0.2,10,10,8,8,0.6,0,4,0.9,0,0,71.5,0,3,0.2,2,0.6,10,37,65,631,13,17,12,3
692321,2024-02-25,ligamx,2023,11824,Toluca,Tijuana,1,3,28,355,3,0.3,28,11,6,12,0.6,2,1,0.8,0,0,50.6,0,0,0.3,5,0.6,28,10,48,421,15,17,4,2
692321,2024-02-25,ligamx,2023,11824,Tijuana,Toluca,0,6,39,328,3,0.2,15,9,7,7,0.6,0,2,0.8,0,0,49.4,0,3,0.0,0,0.6,15,25,64,396,14,16,6,2
692322,2024-02-25,ligamx,2023,11824,Santos,Mazatlán FC,1,7,35,498,2,0.5,20,11,16,4,0.5,1,1,0.9,0,0,56,0,3,0.3,3,0.9,20,15,64,566,12,12,3,2
692322,2024-02-25,ligamx,2023,11824,Mazatlán FC,Santos,0,5,20,374,4,0.3,7,6,15,9,0.5,0,2,0.9,0,0,44,0,2,0.2,2,0.4,7,19,43,435,11,16,5,2
692323,2024-02-27,ligamx,2023,11824,Querétaro,Atlético de San Luis,1,5,20,151,5,0.5,22,7,15,11,0.4,4,0,0.7,1,1,29,0,4,0.3,6,0.5,22,10,54,226,21,14,3,4
692323,2024-02-27,ligamx,2023,11824,Atlético de San Luis,Querétaro,0,3,27,465,4,0.2,17,13,6,6,0.6,1,1,0.8,0,0,71,0,2,0.3,5,0.5,17,20,43,557,18,25,5,3
692324,2024-02-28,ligamx,2023,11824,Tigres UANL,FC Juárez,1,8,27,464,1,0.2,11,4,12,7,0.6,1,3,0.9,0,0,61.5,0,2,0.2,3,0.5,11,33,46,537,14,8,7,1
692324,2024-02-28,ligamx,2023,11824,FC Juárez,Tigres UANL,0,3,23,266,5,0.3,29,15,18,13,0.4,0,0,0.8,0,0,38.5,0,2,0.2,3,0.7,29,9,63,348,14,23,1,3
692325,2024-02-28,ligamx,2023,11824,Tijuana,Monterrey,1,4,28,288,3,0.4,22,19,11,12,0.4,1,1,0.7,0,0,46.3,0,0,0.3,6,0.5,22,10,74,393,19,37,5,4
692325,2024-02-28,ligamx,2023,11824,Monterrey,Tijuana,0,5,32,342,3,0.2,13,10,16,16,0.5,1,0,0.8,0,0,53.7,0,5,0.1,1,0.6,13,24,60,437,9,17,8,3
692326,2024-03-01,ligamx,2023,11824,Atlético de San Luis,Puebla,1,4,21,578,5,0.3,8,10,13,4,0.6,4,2,0.9,0,0,66.1,0,2,0.5,10,0.7,8,15,34,632,22,15,2,2
692326,2024-03-01,ligamx,2023,11824,Puebla,Atlético de San Luis,0,1,26,250,1,0.1,15,13,8,9,0.4,0,0,0.8,0,0,33.9,1,6,0.4,2,0.7,15,9,65,316,5,20,4,0
692327,2024-03-01,ligamx,2023,11824,Querétaro,Santos,1,0,0,0,0,0.0,0,0,0,0,0.0,0,0,0.0,0,0,0,0,0,0.0,0,0.0,0,0,0,0,0,0,0,0
692327,2024-03-01,ligamx,2023,11824,Santos,Querétaro,0,0,0,0,0,0.0,0,0,0,0,0.0,1,0,0.0,0,0,0,0,0,0.0,0,0.0,0,0,0,0,0,0,0,0
692328,2024-03-01,ligamx,2023,11824,Mazatlán FC,Necaxa,1,7,35,550,3,0.3,7,9,14,3,0.6,2,0,0.9,0,0,74.8,0,3,0.5,7,0.8,7,22,54,641,15,12,5,2
692328,2024-03-01,ligamx,2023,11824,Necaxa,Mazatlán FC,0,2,17,140,2,0.2,26,11,15,13,0.3,1,1,0.7,0,1,25.2,1,5,0.5,4,0.5,26,9,55,214,8,21,1,2
692329,2024-03-02,ligamx,2023,11824,Toluca,Tigres UANL,1,3,36,449,8,0.2,4,9,15,7,0.6,2,1,0.9,1,1,61,0,0,0.3,7,0.6,4,16,65,515,23,15,6,2
692329,2024-03-02,ligamx,2023,11824,Tigres UANL,Toluca,0,2,29,249,1,0.2,16,15,6,9,0.5,1,2,0.8,0,0,39,1,5,0.3,1,0.8,16,11,58,323,4,20,1,3
692330,2024-03-02,ligamx,2023,11824,Cruz Azul,Guadalajara,1,1,68,501,4,0.1,12,13,9,13,0.6,3,2,0.8,0,0,63.7,0,2,0.3,3,0.5,12,12,111,592,9,26,1,0
692330,2024-03-02,ligamx,2023,11824,Guadalajara,Cruz Azul,0,4,27,243,1,0.2,12,14,11,12,0.4,0,7,0.8,0,0,36.3,0,0,0.3,2,0.6,12,18,62,324,7,23,6,2
692331,2024-03-02,ligamx,2023,11824,Pachuca,FC Juárez,1,2,36,348,1,0.2,17,11,6,12,0.5,3,6,0.8,0,0,51.5,0,3,0.6,8,0.7,17,12,75,443,14,16,5,2
692331,2024-03-02,ligamx,2023,11824,FC Juárez,Pachuca,0,1,34,314,5,0.1,13,11,11,7,0.5,2,0,0.8,0,0,48.5,0,5,0.3,5,0.5,13,17,70,413,18,22,3,4
692332,2024-03-02,ligamx,2023,11824,Atlas,América,1,1,18,329,2,0.1,17,9,10,7,0.3,1,3,0.8,0,0,40.2,1,6,0.2,1,0.6,17,9,59,407,6,14,1,2
692332,2024-03-02,ligamx,2023,11824,América,Atlas,0,10,27,528,4,0.4,11,7,8,8,0.6,5,1,0.9,1,2,59.8,0,0,0.5,13,0.5,11,23,49,598,25,13,7,0
692333,2024-03-03,ligamx,2023,11824,Monterrey,Pumas UNAM,1,6,35,464,9,0.2,5,2,5,3,0.6,3,1,0.9,0,0,60,0,3,0.3,7,0.3,5,27,55,534,23,6,9,0
692333,2024-03-03,ligamx,2023,11824,Pumas UNAM,Monterrey,0,3,23,295,1,0.3,30,11,13,11,0.5,0,0,0.8,0,0,40,0,3,0.3,3,0.8,30,12,48,361,10,14,5,2
692334,2024-03-03,ligamx,2023,11824,Tijuana,León,1,6,43,338,5,0.2,13,14,12,7,0.6,1,1,0.8,1,1,56.5,0,4,0.2,4,0.5,13,25,69,428,21,28,6,2
692334,2024-03-03,ligamx,2023,11824,León,Tijuana,0,1,27,253,1,0.1,39,19,9,12,0.4,1,1,0.7,0,0,43.5,0,3,0.6,5,0.5,39,8,68,339,9,35,2,3
692335,2024-03-08,ligamx,2023,11824,Puebla,Atlas,1,5,19,317,4,0.2,25,6,15,7,0.5,2,2,0.8,0,0,42.9,0,3,0.3,4,0.7,25,22,41,381,16,9,4,1
692335,2024-03-08,ligamx,2023,11824,Atlas,Puebla,0,6,28,446,1,0.3,14,5,14,8,0.5,2,0,0.9,0,0,57.1,0,1,0.5,5,0.5,14,22,51,517,10,10,10,2
692336,2024-03-08,ligamx,2023,11824,FC Juárez,Toluca,1,5,36,289,1,0.3,13,10,13,17,0.4,1,3,0.7,0,0,42.5,0,0,0.4,4,0.7,13,19,84,393,10,14,3,0
692336,2024-03-08,ligamx,2023,11824,Toluca,FC Juárez,0,3,40,439,5,0.3,13,9,11,8,0.5,1,3,0.8,0,0,57.5,0,3,0.1,1,0.6,13,12,87,548,11,16,6,0
692337,2024-03-08,ligamx,2023,11824,Necaxa,Atlético de San Luis,1,3,22,208,4,0.3,24,11,15,14,0.4,3,6,0.8,0,0,32.3,0,3,0.4,5,0.7,24,10,58,274,14,15,3,3
692337,2024-03-08,ligamx,2023,11824,Atlético de San Luis,Necaxa,0,7,38,506,6,0.4,17,7,11,10,0.7,1,1,0.9,0,0,67.7,1,3,0.3,4,0.7,17,20,53,576,15,10,5,2
692338,2024-03-09,ligamx,2023,11824,Guadalajara,León,1,6,30,472,3,0.2,6,16,11,7,0.6,1,1,0.9,1,1,67.1,0,2,0.3,4,0.6,6,27,54,547,12,28,7,4
692338,2024-03-09,ligamx,2023,11824,León,Guadalajara,0,4,14,198,2,0.4,19,20,8,8,0.3,2,3,0.7,1,1,32.9,0,3,0.4,4,0.6,19,9,51,268,10,36,1,1
692339,2024-03-09,ligamx,2023,11824,Santos,Cruz Azul,1,0,26,249,0,0.0,24,13,11,7,0.5,3,1,0.8,0,0,35,1,5,0.6,3,0.7,24,3,55,318,5,18,2,3
692339,2024-03-09,ligamx,2023,11824,Cruz Azul,Santos,0,12,33,500,6,0.3,7,8,13,4,0.6,0,1,0.9,0,1,65,1,0,0.3,5,0.7,7,37,56,562,20,11,9,4
692340,2024-03-09,ligamx,2023,11824,Pachuca,Querétaro,1,0,0,0,0,0.0,0,0,0,0,0.0,1,0,0.0,0,0,0,0,0,0.0,0,0.0,0,0,0,0,0,0,0,0
692340,2024-03-09,ligamx,2023,11824,Querétaro,Pachuca,0,0,0,0,0,0.0,0,0,0,0,0.0,2,0,0.0,0,0,0,0,0,0.0,0,0.0,0,0,0,0,0,0,0,0
692341,2024-03-09,ligamx,2023,11824,América,Tigres UANL,1,2,23,294,4,0.3,26,5,10,12,0.5,2,0,0.8,0,0,41.2,0,5,0.3,3,0.6,26,8,51,367,11,9,4,2
692341,2024-03-09,ligamx,2023,11824,Tigres UANL,América,0,6,25,441,5,0.3,8,5,5,9,0.5,0,0,0.9,0,0,58.8,0,1,0.2,5,0.5,8,23,47,515,23,11,9,0
692342,2024-03-10,ligamx,2023,11824,Pumas UNAM,Tijuana,1,4,27,253,3,0.2,17,4,8,3,0.4,3,1,0.8,0,0,43.7,1,3,0.3,4,0.4,17,18,64,317,14,10,8,3
692342,2024-03-10,ligamx,2023,11824,Tijuana,Pumas UNAM,0,6,24,346,6,0.3,10,8,14,10,0.5,3,0,0.8,3,3,56.3,0,1,0.4,6,0.5,10,22,50,409,14,15,3,3
692343,2024-03-10,ligamx,2023,11824,Monterrey,Mazatlán FC,1,3,33,440,2,0.2,14,12,9,10,0.5,2,1,0.8,0,0,54.2,0,6,0.5,5,0.6,14,16,66,525,10,19,3,2
692343,2024-03-10,ligamx,2023,11824,Mazatlán FC,Monterrey,0,4,25,371,4,0.3,19,9,12,7,0.6,1,4,0.8,0,0,45.8,0,3,0.4,7,0.5,19,12,43,437,18,17,4,2
692344,2024-03-15,ligamx,2023,11824,Querétaro,FC Juárez,1,0,0,0,0,0.0,0,0,0,0,0.0,1,0,0.0,0,0,0,0,0,0.0,0,0.0,0,0,0,0,0,0,0,0
692344,2024-03-15,ligamx,2023,11824,FC Juárez,Querétaro,0,0,0,0,0,0.0,0,0,0,0,0.0,0,0,0.0,0,0,0,0,0,0.0,0,0.0,0,0,0,0,0,0,0,0
692345,2024-03-15,ligamx,2023,11824,Tijuana,Santos,1,12,37,261,13,0.3,11,17,16,10,0.7,2,2,0.8,1,1,38.3,0,2,0.1,4,0.7,11,35,53,327,30,26,10,4
692345,2024-03-15,ligamx,2023,11824,Santos,Tijuana,0,3,31,476,3,0.3,44,16,9,9,0.4,2,0,0.8,0,0,61.7,0,2,0.4,4,0.7,44,10,69,573,9,23,4,0
692346,2024-03-16,ligamx,2023,11824,Cruz Azul,Necaxa,1,6,23,526,6,0.1,6,10,9,5,0.5,1,1,0.9,0,0,78.9,0,1,0.3,6,0.6,6,47,51,611,23,16,14,4
692346,2024-03-16,ligamx,2023,11824,Necaxa,Cruz Azul,0,4,20,94,1,0.3,55,9,10,9,0.3,2,2,0.6,0,0,21.1,0,4,0.3,3,0.4,55,12,67,165,9,21,1,2
692348,2024-03-16,ligamx,2023,11824,León,Puebla,1,5,35,241,4,0.4,29,9,15,4,0.6,2,1,0.8,0,0,40.4,0,4,0.3,4,0.5,29,13,63,305,14,20,3,1
692348,2024-03-16,ligamx,2023,11824,Puebla,León,0,9,28,376,4,0.3,14,14,9,4,0.5,1,2,0.9,0,0,59.6,0,2,0.3,5,0.8,14,31,54,441,18,18,11,5
692349,2024-03-16,ligamx,2023,11824,Guadalajara,América,1,2,21,271,3,0.1,14,14,14,10,0.5,0,0,0.8,0,0,37.8,0,9,0.2,2,0.7,14,19,45,342,10,21,3,4
692349,2024-03-16,ligamx,2023,11824,América,Guadalajara,0,5,31,520,2,0.3,12,14,8,8,0.6,0,1,0.9,0,0,62.2,0,2,0.5,9,0.9,12,16,55,587,17,16,6,2
692350,2024-03-16,ligamx,2023,11824,Tigres UANL,Mazatlán FC,1,5,21,478,3,0.4,18,10,6,15,0.5,5,1,0.9,0,0,58,0,4,0.5,9,0.6,18,14,46,543,19,17,4,1
692350,2024-03-16,ligamx,2023,11824,Mazatlán FC,Tigres UANL,0,10,24,312,9,0.5,12,11,15,9,0.5,1,0,0.8,0,0,42,0,4,0.3,6,0.8,12,21,48,377,21,14,9,0
692347,2024-03-17,ligamx,2023,11824,Toluca,Pumas UNAM,1,0,0,0,0,0.0,0,0,0,0,0.0,3,0,0.0,0,0,0,0,0,0.0,0,0.0,0,0,0,0,0,0,0,0
692347,2024-03-17,ligamx,2023,11824,Pumas UNAM,Toluca,0,0,0,0,0,0.0,0,0,0,0,0.0,0,0,0.0,0,0,0,0,0,0.0,0,0.0,0,0,0,0,0,0,0,0
692351,2024-03-17,ligamx,2023,11824,Atlas,Monterrey,1,7,27,300,5,0.2,8,15,6,6,0.6,1,1,0.8,0,0,47.3,1,1,0.3,6,0.7,8,37,46,367,21,21,7,2
692351,2024-03-17,ligamx,2023,11824,Monterrey,Atlas,0,3,36,364,0,0.3,35,11,12,7,0.5,2,3,0.8,0,0,52.7,0,5,0.5,3,0.8,35,11,66,441,6,13,3,2
692352,2024-03-17,ligamx,2023,11824,Atlético de San Luis,Pachuca,1,0,27,329,1,0.0,18,8,13,7,0.4,2,1,0.8,0,0,44.6,0,4,0.4,3,0.7,18,7,65,412,7,11,3,6
692352,2024-03-17,ligamx,2023,11824,Pachuca,Atlético de San Luis,0,2,42,436,6,0.1,7,10,9,8,0.6,1,6,0.9,0,0,55.4,0,1,0.3,5,0.6,7,21,65,502,19,16,11,1
692303,2024-03-23,ligamx,2023,11824,FC Juárez,Puebla,1,1,31,322,3,0.0,32,11,9,8,0.5,4,2,0.8,0,0,46.3,0,3,0.4,6,0.6,32,25,60,399,15,20,6,1
692303,2024-03-23,ligamx,2023,11824,Puebla,FC Juárez,0,6,32,374,3,0.3,24,14,7,15,0.4,3,3,0.8,0,0,53.7,0,2,0.4,6,0.7,24,24,73,465,17,20,4,0
692353,2024-03-29,ligamx,2023,11824,Puebla,Tigres UANL,1,11,32,247,5,0.4,32,12,8,11,0.6,2,1,0.8,0,0,37.2,0,3,0.3,7,1.0,32,25,54,311,22,12,8,1
692353,2024-03-29,ligamx,2023,11824,Tigres UANL,Puebla,0,2,14,478,4,0.1,16,10,8,8,0.4,3,0,0.9,0,0,62.8,0,5,0.3,6,0.5,16,26,32,549,18,19,10,1
692354,2024-03-29,ligamx,2023,11824,Mazatlán FC,Tijuana,1,2,29,397,5,0.2,38,14,13,9,0.5,2,0,0.8,0,0,52.2,0,4,0.5,6,0.8,38,10,64,487,13,18,3,1
692354,2024-03-29,ligamx,2023,11824,Tijuana,Mazatlán FC,0,1,26,354,3,0.0,12,8,12,8,0.5,0,2,0.8,0,0,47.8,0,4,0.3,4,0.5,12,22,55,430,12,17,3,3
692355,2024-03-29,ligamx,2023,11824,América,Atlético de San Luis,1,7,31,435,1,0.3,13,7,6,10,0.6,2,0,0.9,0,0,55.9,0,4,0.4,5,0.7,13,25,51,487,12,10,9,1
692355,2024-03-29,ligamx,2023,11824,Atlético de San Luis,América,0,7,17,318,2,0.3,19,8,7,12,0.5,1,1,0.8,1,1,44.1,0,3,0.4,5,0.6,19,22,36,377,14,13,8,1
692356,2024-03-30,ligamx,2023,11824,Monterrey,Guadalajara,1,3,25,301,3,0.2,14,6,6,9,0.5,0,1,0.8,0,0,39.2,2,4,0.3,3,0.7,14,14,52,378,9,9,4,1
692356,2024-03-30,ligamx,2023,11824,Guadalajara,Monterrey,0,1,35,542,1,0.1,13,11,10,9,0.6,2,1,0.9,0,0,60.8,0,3,0.5,5,0.8,13,14,55,603,11,14,3,0
692357,2024-03-30,ligamx,2023,11824,Pachuca,Toluca,1,4,46,317,2,0.2,15,11,17,5,0.7,2,4,0.8,0,0,51,0,2,0.4,4,0.8,15,17,66,389,10,14,4,5
692357,2024-03-30,ligamx,2023,11824,Toluca,Pachuca,0,5,36,305,1,0.5,22,19,20,6,0.5,3,2,0.8,1,1,49,0,2,0.4,5,0.6,22,10,76,388,13,34,1,2
692358,2024-03-30,ligamx,2023,11824,Pumas UNAM,Cruz Azul,1,3,36,305,2,0.1,14,5,4,7,0.5,0,2,0.8,0,0,42.6,0,1,0.2,2,0.6,14,22,66,375,11,9,5,2
692358,2024-03-30,ligamx,2023,11824,Cruz Azul,Pumas UNAM,0,2,52,438,5,0.2,20,4,8,5,0.6,0,4,0.8,0,0,57.4,0,2,0.1,1,0.4,20,11,88,525,12,11,1,2
692359,2024-03-31,ligamx,2023,11824,Atlas,Querétaro,1,0,0,0,0,0.0,0,0,0,0,0.0,2,0,0.0,0,0,0,0,0,0.0,0,0.0,0,0,0,0,0,0,0,0
692359,2024-03-31,ligamx,2023,11824,Querétaro,Atlas,0,0,0,0,0,0.0,0,0,0,0,0.0,3,0,0.0,0,0,0,0,0,0.0,0,0.0,0,0,0,0,0,0,0,0
692360,2024-03-31,ligamx,2023,11824,Necaxa,León,1,8,28,212,2,0.4,25,9,9,9,0.4,1,3,0.7,0,0,39.9,0,7,0.2,2,0.4,25,20,64,302,11,21,3,1
692360,2024-03-31,ligamx,2023,11824,León,Necaxa,0,4,35,381,2,0.4,21,9,12,6,0.5,2,1,0.8,0,0,60.1,0,1,0.6,9,0.8,21,10,69,475,16,11,4,1
692361,2024-03-31,ligamx,2023,11824,FC Juárez,Santos,1,7,37,336,7,0.3,11,9,12,11,0.6,2,0,0.8,0,0,47.3,0,2,0.2,4,0.6,11,23,61,424,19,14,5,3
692361,2024-03-31,ligamx,2023,11824,Santos,FC Juárez,0,0,21,404,3,0.0,22,9,9,7,0.4,1,5,0.8,0,0,52.7,0,2,0.3,3,0.5,22,7,52,493,9,19,2,0
692362,2024-04-05,ligamx,2023,11824,Mazatlán FC,Pumas UNAM,1,3,24,334,2,0.2,19,10,15,10,0.5,0,1,0.8,0,0,49.9,0,4,0.3,3,0.6,19,17,47,416,12,16,5,2
692362,2024-04-05,ligamx,2023,11824,Pumas UNAM,Mazatlán FC,0,1,23,332,3,0.1,16,15,20,9,0.4,4,2,0.8,0,0,50.1,0,3,0.6,7,0.7,16,19,64,417,12,21,7,5
692363,2024-04-05,ligamx,2023,11824,Tijuana,Necaxa,1,4,33,352,4,0.1,15,15,13,9,0.5,2,0,0.8,0,0,59.1,0,3,0.3,4,0.7,15,30,62,442,13,21,5,3
692363,2024-04-05,ligamx,2023,11824,Necaxa,Tijuana,0,0,25,232,0,0.0,47,10,13,16,0.4,3,1,0.7,1,1,40.9,0,2,0.9,6,0.5,47,10,66,316,7,22,3,3
692364,2024-04-06,ligamx,2023,11824,León,Querétaro,1,0,0,0,0,0.0,0,0,0,0,0.0,0,0,0.0,0,0,0,0,0,0.0,0,0.0,0,0,0,0,0,0,0,0
692364,2024-04-06,ligamx,2023,11824,Querétaro,León,0,0,0,0,0,0.0,0,0,0,0,0.0,2,0,0.0,0,0,0,0,0,0.0,0,0.0,0,0,0,0,0,0,0,0
692365,2024-04-06,ligamx,2023,11824,Guadalajara,Puebla,1,5,22,340,3,0.3,10,14,11,6,0.5,3,0,0.8,0,0,50.9,0,4,0.4,7,0.7,10,16,45,418,18,21,6,2
692365,2024-04-06,ligamx,2023,11824,Puebla,Guadalajara,0,8,25,322,2,0.4,14,13,14,11,0.4,2,0,0.8,0,0,49.1,0,4,0.4,6,0.6,14,18,57,405,15,21,2,2
692366,2024-04-06,ligamx,2023,11824,Tigres UANL,Pachuca,1,6,32,482,1,0.2,12,14,13,7,0.5,0,3,0.8,0,0,67.3,0,3,0.3,2,0.6,12,25,64,578,8,24,6,3
692366,2024-04-06,ligamx,2023,11824,Pachuca,Tigres UANL,0,1,24,195,3,0.5,22,15,19,7,0.4,3,1,0.7,0,0,32.7,0,2,0.4,6,0.6,22,2,60,287,14,24,1,2
692367,2024-04-06,ligamx,2023,11824,Cruz Azul,Monterrey,1,3,41,437,7,0.2,12,7,11,11,0.7,2,5,0.9,0,0,54.4,0,0,0.3,4,0.6,12,17,62,501,16,11,10,2
692367,2024-04-06,ligamx,2023,11824,Monterrey,Cruz Azul,0,2,35,345,0,0.3,15,8,8,10,0.5,1,3,0.8,0,0,45.6,0,1,0.3,1,0.6,15,8,73,422,3,14,3,4
692368,2024-04-06,ligamx,2023,11824,Santos,América,1,1,16,355,1,0.1,22,8,10,8,0.4,1,0,0.8,0,0,45.7,0,5,0.6,5,0.7,22,7,38,430,8,12,2,2
692368,2024-04-06,ligamx,2023,11824,América,Santos,0,3,24,416,5,0.2,10,10,10,13,0.5,1,2,0.8,0,0,54.3,0,4,0.3,6,0.8,10,17,44,502,20,13,10,3
692369,2024-04-07,ligamx,2023,11824,Toluca,Atlas,1,3,43,455,2,0.2,6,10,14,7,0.6,4,0,0.9,0,0,57.7,0,2,0.5,6,0.8,6,13,73,532,13,13,7,1
692369,2024-04-07,ligamx,2023,11824,Atlas,Toluca,0,3,29,328,3,0.3,15,8,9,12,0.5,1,1,0.8,0,0,42.3,0,2,0.4,3,0.7,15,10,60,394,8,12,1,3
692370,2024-04-08,ligamx,2023,11824,Atlético de San Luis,FC Juárez,1,5,39,365,1,0.5,24,10,9,4,0.6,2,0,0.8,0,0,55,0,4,0.4,4,0.8,24,10,69,438,11,13,4,1
692370,2024-04-08,ligamx,2023,11824,FC Juárez,Atlético de San Luis,0,6,23,275,4,0.3,7,13,16,14,0.4,3,3,0.8,0,0,45,0,2,0.5,7,0.8,7,23,52,342,15,17,6,4
692371,2024-04-12,ligamx,2023,11824,Querétaro,Mazatlán FC,1,0,0,0,0,0.0,0,0,0,0,0.0,0,0,0.0,0,0,0,0,0,0.0,0,0.0,0,0,0,0,0,0,0,0
692371,2024-04-12,ligamx,2023,11824,Mazatlán FC,Querétaro,0,0,0,0,0,0.0,0,0,0,0,0.0,2,0,0.0,0,0,0,0,0,0.0,0,0.0,0,0,0,0,0,0,0,0
692372,2024-04-12,ligamx,2023,11824,Necaxa,Santos,1,5,24,169,4,0.4,12,17,16,13,0.5,2,1,0.7,0,0,26.5,0,1,0.4,6,0.7,12,12,51,234,14,26,3,1
692372,2024-04-12,ligamx,2023,11824,Santos,Necaxa,0,0,28,596,2,0.0,15,13,7,10,0.6,0,1,0.9,0,0,73.5,0,4,0.3,1,0.8,15,17,50,664,4,16,8,1
692373,2024-04-12,ligamx,2023,11824,Puebla,Cruz Azul,1,5,33,221,0,0.2,29,5,8,12,0.5,0,2,0.7,0,0,31.4,0,4,0.3,4,0.6,29,22,69,298,13,8,2,5
692373,2024-04-12,ligamx,2023,11824,Cruz Azul,Puebla,0,6,39,589,2,0.3,17,8,7,10,0.6,1,1,0.9,1,1,68.6,0,4,0.2,5,0.8,17,24,67,676,24,10,3,0
692374,2024-04-13,ligamx,2023,11824,Pachuca,Guadalajara,1,8,44,325,7,0.4,11,11,15,6,0.6,0,1,0.8,0,0,55.1,0,2,0.2,3,0.7,11,22,68,406,16,15,11,2
692374,2024-04-13,ligamx,2023,11824,Guadalajara,Pachuca,0,1,22,254,1,0.1,19,23,17,6,0.3,1,2,0.7,0,0,44.9,0,3,0.2,2,0.7,19,8,73,344,9,31,1,6
692375,2024-04-13,ligamx,2023,11824,América,Toluca,1,2,47,322,0,0.3,13,6,11,10,0.7,5,3,0.9,0,0,43.2,0,4,0.6,9,0.6,13,8,72,378,14,10,3,4
692375,2024-04-13,ligamx,2023,11824,Toluca,América,0,5,23,423,2,0.3,12,9,8,8,0.5,1,1,0.9,0,0,56.8,0,4,0.5,5,0.6,12,20,50,493,11,16,8,2
692376,2024-04-13,ligamx,2023,11824,Monterrey,Tigres UANL,1,10,29,494,11,0.3,5,15,9,18,0.6,3,1,0.9,0,0,60.4,0,0,0.4,9,0.7,5,33,51,572,24,21,11,1
692376,2024-04-13,ligamx,2023,11824,Tigres UANL,Monterrey,0,3,22,300,2,0.4,29,12,13,11,0.3,3,2,0.8,0,0,39.6,1,6,0.4,3,0.6,29,7,64,385,8,21,2,5
692377,2024-04-14,ligamx,2023,11824,Atlas,Atlético de San Luis,1,8,19,397,5,0.3,14,5,14,4,0.4,2,0,0.8,0,0,56.8,0,2,0.3,6,0.4,14,29,45,471,19,13,13,0
692377,2024-04-14,ligamx,2023,11824,Atlético de San Luis,Atlas,0,5,19,278,4,0.4,25,9,5,9,0.3,1,0,0.8,0,0,43.2,1,4,0.2,3,0.8,25,13,55,367,13,12,4,0
692378,2024-04-14,ligamx,2023,11824,Pumas UNAM,León,1,8,13,456,4,0.3,16,7,10,2,0.4,1,2,0.9,0,0,62.9,0,4,0.3,6,0.6,16,28,32,507,18,11,7,1
692378,2024-04-14,ligamx,2023,11824,León,Pumas UNAM,0,3,28,237,1,0.2,19,5,7,7,0.5,0,1,0.8,0,0,37.1,1,4,0.4,4,0.4,19,13,60,304,11,12,4,1
692379,2024-04-14,ligamx,2023,11824,FC Juárez,Tijuana,1,6,24,566,7,0.2,9,11,10,8,0.6,0,1,0.9,0,0,73.1,0,1,0.3,4,0.6,9,33,42,634,15,18,5,1
692379,2024-04-14,ligamx,2023,11824,Tijuana,FC Juárez,0,4,20,153,3,0.3,35,5,12,5,0.4,1,0,0.7,0,0,26.9,0,4,0.3,2,0.6,35,12,51,230,6,9,4,1
692380,2024-04-19,ligamx,2023,11824,Mazatlán FC,FC Juárez,1,5,21,261,4,0.3,26,9,5,19,0.4,0,3,0.8,0,0,41,1,6,0.3,4,0.6,26,17,54,344,14,14,8,0
692380,2024-04-19,ligamx,2023,11824,FC Juárez,Mazatlán FC,0,7,28,401,4,0.3,15,13,10,14,0.5,2,1,0.8,0,0,59,0,4,0.4,8,0.8,15,24,54,497,21,17,7,0
692381,2024-04-19,ligamx,2023,11824,Atlético de San Luis,Toluca,1,4,28,375,4,0.2,11,7,9,8,0.6,1,2,0.9,0,0,48.8,0,5,0.2,2,0.7,11,20,45,423,10,10,9,3
692381,2024-04-19,ligamx,2023,11824,Toluca,Atlético de San Luis,0,4,24,405,3,0.4,13,15,9,8,0.5,5,2,0.9,0,0,51.2,0,1,0.8,10,0.7,13,11,50,460,13,23,3,2
692382,2024-04-19,ligamx,2023,11824,Tijuana,Puebla,1,5,34,428,5,0.2,11,11,15,3,0.6,3,1,0.8,0,0,65,0,2,0.3,6,0.6,11,24,56,504,19,18,8,3
692382,2024-04-19,ligamx,2023,11824,Puebla,Tijuana,0,1,26,185,3,0.3,37,11,18,15,0.4,1,0,0.7,0,0,35,1,3,0.3,3,0.7,37,4,69,277,9,16,1,2
692383,2024-04-20,ligamx,2023,11824,León,Monterrey,1,5,32,279,2,0.3,13,11,18,7,0.6,2,2,0.8,0,0,46.8,0,3,0.4,6,0.6,13,17,50,332,17,17,2,2
692383,2024-04-20,ligamx,2023,11824,Monterrey,León,0,2,30,322,4,0.2,9,11,13,5,0.6,0,2,0.8,0,0,53.2,0,4,0.3,3,0.6,9,12,48,383,9,18,3,1
692384,2024-04-20,ligamx,2023,11824,Guadalajara,Querétaro,1,0,0,0,0,0.0,0,0,0,0,0.0,2,0,0.0,0,0,0,0,0,0.0,0,0.0,0,0,0,0,0,0,0,0
692384,2024-04-20,ligamx,2023,11824,Querétaro,Guadalajara,0,0,0,0,0,0.0,0,0,0,0,0.0,0,0,0.0,0,0,0,0,0,0.0,0,0.0,0,0,0,0,0,0,0,0
692385,2024-04-20,ligamx,2023,11824,Tigres UANL,Necaxa,1,4,20,515,3,0.2,8,13,6,11,0.4,5,0,0.9,0,0,71.1,0,2,0.4,6,0.6,8,18,50,593,17,21,5,2
692385,2024-04-20,ligamx,2023,11824,Necaxa,Tigres UANL,0,0,16,170,1,0.0,11,11,14,10,0.3,2,3,0.7,0,0,28.9,0,1,0.7,4,0.6,11,4,49,246,6,19,1,3
692386,2024-04-20,ligamx,2023,11824,Pumas UNAM,América,1,2,26,313,1,0.3,20,16,16,4,0.5,2,4,0.8,0,0,39.6,0,1,0.3,3,0.6,20,6,48,369,11,28,2,5
692386,2024-04-20,ligamx,2023,11824,América,Pumas UNAM,0,3,40,486,3,0.1,6,12,14,7,0.7,1,1,0.9,1,1,60.4,1,1,0.3,3,0.7,6,21,61,552,12,18,3,5
692388,2024-04-20,ligamx,2023,11824,Santos,Pachuca,1,3,35,391,1,0.2,12,16,8,10,0.5,0,1,0.8,0,0,55.3,0,6,0.2,1,0.7,12,15,68,488,6,22,1,0
692388,2024-04-20,ligamx,2023,11824,Pachuca,Santos,0,4,23,304,4,0.3,17,15,14,11,0.5,2,5,0.8,0,0,44.7,0,1,0.4,8,0.8,17,12,51,396,19,20,6,3
692387,2024-04-21,ligamx,2023,11824,Cruz Azul,Atlas,1,17,54,457,8,0.4,9,8,8,7,0.7,2,1,0.8,0,0,67.5,0,1,0.3,8,0.4,9,38,78,546,29,18,11,2
692387,2024-04-21,ligamx,2023,11824,Atlas,Cruz Azul,0,0,25,189,2,0.0,27,14,4,7,0.4,2,1,0.7,1,1,32.5,0,5,0.2,3,0.7,27,2,63,278,14,20,0,1
692389,2024-04-26,ligamx,2023,11824,Puebla,América,1,2,32,437,4,0.1,16,12,9,9,0.5,1,0,0.8,0,0,53.9,0,1,0.3,5,0.7,16,19,63,519,16,18,4,1
692389,2024-04-26,ligamx,2023,11824,América,Puebla,0,3,28,362,3,0.3,12,11,0,13,0.5,2,2,0.8,0,0,46.1,0,4,0.2,3,0.6,12,12,57,443,13,18,3,0
692390,2024-04-26,ligamx,2023,11824,Querétaro,Pumas UNAM,1,0,0,0,0,0.0,0,0,0,0,0.0,1,0,0.0,0,0,0,0,0,0.0,0,0.0,0,0,0,0,0,0,0,0
692390,2024-04-26,ligamx,2023,11824,Pumas UNAM,Querétaro,0,0,0,0,0,0.0,0,0,0,0,0.0,1,0,0.0,0,0,0,0,0,0.0,0,0.0,0,0,0,0,0,0,0,0
692391,2024-04-27,ligamx,2023,11824,Tigres UANL,Tijuana,1,0,0,0,0,0.0,0,0,0,0,0.0,4,0,0.0,0,0,0,0,0,0.0,0,0.0,0,0,0,0,0,0,0,0
692391,2024-04-27,ligamx,2023,11824,Tijuana,Tigres UANL,0,0,0,0,0,0.0,0,0,0,0,0.0,1,0,0.0,0,0,0,0,0,0.0,0,0.0,0,0,0,0,0,0,0,0
692392,2024-04-27,ligamx,2023,11824,FC Juárez,León,1,6,31,219,3,0.2,21,6,20,10,0.5,1,1,0.7,0,0,51.3,0,4,0.3,3,0.5,21,25,67,309,11,11,9,2
692392,2024-04-27,ligamx,2023,11824,León,FC Juárez,0,9,26,213,4,0.4,22,11,15,12,0.4,1,1,0.7,0,0,48.7,1,2,0.3,6,0.6,22,22,59,294,18,17,11,2
692393,2024-04-27,ligamx,2023,11824,Pachuca,Mazatlán FC,1,2,41,392,8,0.1,14,10,10,14,0.6,1,2,0.8,0,0,58.8,0,2,0.2,6,0.6,14,22,71,470,25,16,6,1
692393,2024-04-27,ligamx,2023,11824,Mazatlán FC,Pachuca,0,4,33,235,2,0.3,26,11,12,13,0.4,1,1,0.7,0,0,41.2,0,5,0.3,3,0.6,26,13,79,336,10,17,5,1
692394,2024-04-27,ligamx,2023,11824,Toluca,Cruz Azul,1,4,58,471,3,0.1,8,5,10,7,0.8,0,3,0.9,0,2,58.9,0,4,0.2,3,0.6,8,27,76,532,16,9,6,0
692394,2024-04-27,ligamx,2023,11824,Cruz Azul,Toluca,0,2,34,313,1,0.3,27,6,9,5,0.5,1,2,0.8,0,0,41.1,0,2,0.5,5,0.3,27,7,68,384,11,18,4,2
692395,2024-04-27,ligamx,2023,11824,Atlas,Guadalajara,1,4,28,239,5,0.2,21,14,14,13,0.5,0,0,0.8,0,0,41.8,0,2,0.1,1,0.9,21,18,61,303,12,15,5,5
692395,2024-04-27,ligamx,2023,11824,Guadalajara,Atlas,0,4,35,357,6,0.2,18,9,7,4,0.6,1,1,0.8,0,0,58.2,0,1,0.1,2,0.6,18,20,62,431,14,16,5,3
692396,2024-04-28,ligamx,2023,11824,Necaxa,Monterrey,1,0,0,0,0,0.0,0,0,0,0,0.0,2,0,0.0,0,0,0,0,0,0.0,0,0.0,0,0,0,0,0,0,0,0
692396,2024-04-28,ligamx,2023,11824,Monterrey,Necaxa,0,0,0,0,0,0.0,0,0,0,0,0.0,5,0,0.0,0,0,0,0,0,0.0,0,0.0,0,0,0,0,0,0,0,0
692397,2024-04-28,ligamx,2023,11824,Santos,Atlético de San Luis,1,5,22,510,7,0.4,14,7,20,9,0.6,0,1,0.9,0,0,65.1,0,1,0.1,1,0.5,14,14,39,578,15,13,3,4
692397,2024-04-28,ligamx,2023,11824,Atlético de San Luis,Santos,0,1,26,230,6,0.1,12,13,17,11,0.5,3,0,0.8,0,0,34.9,0,1,0.3,5,0.5,12,10,56,303,20,25,5,4
702270,2024-05-02,ligamx,2023,12539,Necaxa,Querétaro,1,0,0,0,0,0.0,0,0,0,0,0.0,1,0,0.0,0,0,0,0,0,0.0,0,0.0,0,0,0,0,0,0,0,0
702270,2024-05-02,ligamx,2023,12539,Querétaro,Necaxa,0,0,0,0,0,0.0,0,0,0,0,0.0,1,0,0.0,0,0,0,0,0,0.0,0,0.0,0,0,0,0,0,0,0,0
702271,2024-05-02,ligamx,2023,11823,Pachuca,Pumas UNAM,1,2,45,381,2,0.1,20,10,10,8,0.7,0,6,0.9,0,0,64,0,2,0.4,6,0.7,20,23,65,442,15,14,7,3
702271,2024-05-02,ligamx,2023,11823,Pumas UNAM,Pachuca,0,1,26,179,4,0.1,18,10,9,5,0.4,0,1,0.7,0,0,36,1,6,0.4,3,0.5,18,7,65,256,8,20,0,1
702334,2024-05-05,ligamx,2023,12540,Pachuca,Necaxa,1,0,0,0,0,0.0,0,0,0,0,0.0,2,0,0.0,0,0,0,0,0,0.0,0,0.0,0,0,0,0,0,0,0,0
702334,2024-05-05,ligamx,2023,12540,Necaxa,Pachuca,0,0,0,0,0,0.0,0,0,0,0,0.0,1,0,0.0,0,0,0,0,0,0.0,0,0.0,0,0,0,0,0,0,0,0
702274,2024-05-08,ligamx,2023,12537,Guadalajara,Toluca,1,4,24,366,1,0.3,10,10,9,8,0.5,1,4,0.8,0,0,51.4,0,4,0.3,1,0.7,10,15,50,431,3,15,3,1
702274,2024-05-08,ligamx,2023,12537,Toluca,Guadalajara,0,2,31,339,1,0.2,14,15,2,11,0.5,0,1,0.8,0,0,48.6,0,0,0.4,4,0.8,14,10,63,414,9,19,3,1
702275,2024-05-08,ligamx,2023,12537,Pachuca,América,1,3,26,325,2,0.2,11,7,7,5,0.5,1,3,0.8,0,0,46.7,0,1,0.4,6,0.5,11,18,52,401,17,13,8,1
702275,2024-05-08,ligamx,2023,12537,América,Pachuca,0,2,36,383,2,0.2,17,10,5,13,0.5,1,1,0.8,0,0,53.3,0,5,0.3,2,0.4,17,12,74,468,8,28,4,1
702272,2024-05-09,ligamx,2023,12537,Tigres UANL,Monterrey,1,5,21,406,2,0.2,9,11,8,5,0.4,1,1,0.8,0,0,63.7,0,2,0.2,3,0.5,9,27,50,484,14,24,2,3
702272,2024-05-09,ligamx,2023,12537,Monterrey,Tigres UANL,0,2,34,220,1,0.4,25,14,19,7,0.5,2,1,0.8,0,0,36.3,0,2,0.3,4,0.6,25,5,62,286,12,22,0,5
702273,2024-05-09,ligamx,2023,12537,Pumas UNAM,Cruz Azul,1,4,27,334,6,0.2,14,8,11,7,0.5,0,4,0.8,0,0,45.3,0,6,0.2,3,0.6,14,21,52,400,15,14,7,2
702273,2024-05-09,ligamx,2023,12537,Cruz Azul,Pumas UNAM,0,1,35,431,4,0.1,24,10,12,8,0.5,2,1,0.9,0,0,54.7,0,3,0.5,8,0.7,24,12,65,496,16,14,2,2
702276,2024-05-11,ligamx,2023,12537,Toluca,Guadalajara,1,3,44,412,6,0.2,12,13,9,8,0.6,0,1,0.9,0,0,56.3,1,3,0.3,7,0.8,12,13,73,477,22,17,7,3
702276,2024-05-11,ligamx,2023,12537,Guadalajara,Toluca,0,3,23,296,2,0.2,20,11,12,6,0.4,0,6,0.8,0,0,43.7,0,7,0.3,3,0.6,20,13,55,367,9,17,5,3
702279,2024-05-11,ligamx,2023,12537,América,Pachuca,1,17,44,530,5,0.5,7,8,6,7,0.7,1,1,0.9,0,0,67.8,0,1,0.3,6,0.6,7,36,63,609,20,13,11,4
702279,2024-05-11,ligamx,2023,12537,Pachuca,América,0,2,26,225,1,0.3,32,6,11,11,0.4,1,0,0.8,0,0,32.2,0,5,0.3,2,0.7,32,7,63,295,7,9,2,3
702277,2024-05-12,ligamx,2023,12537,Monterrey,Tigres UANL,1,3,30,366,3,0.2,21,10,13,6,0.6,1,0,0.9,0,0,49.9,0,3,0.2,2,0.6,21,14,51,430,12,17,3,2
702277,2024-05-12,ligamx,2023,12537,Tigres UANL,Monterrey,0,3,15,361,2,0.2,15,16,10,9,0.3,1,2,0.9,0,0,50.1,0,1,0.5,4,0.6,15,19,45,424,8,28,5,3
702278,2024-05-12,ligamx,2023,12537,Cruz Azul,Pumas UNAM,1,2,32,273,0,0.3,29,13,8,7,0.5,2,0,0.8,0,0,41.7,0,4,0.4,3,0.8,29,8,71,360,8,16,2,2
702278,2024-05-12,ligamx,2023,12537,Pumas UNAM,Cruz Azul,0,5,26,422,3,0.2,13,12,17,10,0.4,2,7,0.9,0,0,58.3,1,1,0.4,6,0.9,13,23,60,495,16,14,5,3
702498,2024-05-15,ligamx,2023,12538,Guadalajara,América,1,0,0,0,0,0.0,0,0,0,0,0.0,0,0,0.0,0,0,0,0,0,0.0,0,0.0,0,0,0,0,0,0,0,0
702498,2024-05-15,ligamx,2023,12538,América,Guadalajara,0,0,0,0,0,0.0,0,0,0,0,0.0,0,0,0.0,0,0,0,0,0,0.0,0,0.0,0,0,0,0,0,0,0,0
702497,2024-05-16,ligamx,2023,12538,Monterrey,Cruz Azul,1,5,25,468,5,0.2,7,7,7,8,0.5,0,0,0.8,0,0,58.9,0,4,0.2,3,0.6,7,33,49,553,13,11,8,1
702497,2024-05-16,ligamx,2023,12538,Cruz Azul,Monterrey,0,4,36,332,0,0.4,29,11,10,20,0.5,1,1,0.8,0,0,41.1,0,3,0.5,5,0.6,29,9,69,403,10,17,2,1
702500,2024-05-18,ligamx,2023,12538,América,Guadalajara,1,8,33,372,1,0.4,23,14,5,10,0.6,1,0,0.9,0,0,50.7,0,2,0.3,3,0.5,23,18,55,432,10,29,4,0
702500,2024-05-18,ligamx,2023,12538,Guadalajara,América,0,6,22,341,2,0.2,12,16,15,6,0.4,0,1,0.8,0,0,49.3,0,2,0.2,2,0.7,12,27,53,406,13,24,3,2
702499,2024-05-19,ligamx,2023,12538,Cruz Azul,Monterrey,1,1,25,172,0,0.2,37,8,8,13,0.3,1,0,0.7,0,0,31.1,0,3,0.6,5,0.5,37,6,72,260,9,15,1,1
702499,2024-05-19,ligamx,2023,12538,Monterrey,Cruz Azul,0,6,29,469,3,0.2,8,6,14,13,0.5,2,0,0.8,0,0,68.9,0,4,0.4,5,0.6,8,30,62,563,14,10,5,3
702649,2024-05-23,ligamx,2023,12541,Cruz Azul,América,1,3,31,540,0,0.1,7,14,7,10,0.6,1,1,0.9,1,1,63.7,0,1,0.4,3,0.7,7,26,52,600,7,20,7,0
702649,2024-05-23,ligamx,2023,12541,América,Cruz Azul,0,2,34,286,1,0.3,17,13,8,11,0.6,1,1,0.8,0,0,36.3,0,2,0.6,4,0.9,17,8,57,346,7,14,3,0
702650,2024-05-26,ligamx,2023,12541,América,Cruz Azul,1,1,26,350,2,0.1,16,5,7,6,0.5,1,1,0.8,1,1,46.6,0,5,0.5,5,0.4,16,15,56,430,11,13,3,3
702650,2024-05-26,ligamx,2023,12541,Cruz Azul,América,0,7,34,420,3,0.3,17,9,10,11,0.5,0,2,0.9,0,0,53.4,0,4,0.4,5,0.5,17,23,69,489,13,17,6,1
703521,2024-07-05,ligamx,2024,12640,Puebla,Santos,1,8,14,280,3,0.3,7,9,14,5,0.4,1,2,0.8,1,1,40,0,2,0.3,5,0.6,7,32,34,344,16,15,8,1
703521,2024-07-05,ligamx,2024,12640,Santos,Puebla,0,5,27,489,1,0.4,27,6,11,8,0.5,0,0,0.9,0,0,60,0,4,0.3,2,0.6,27,13,57,551,6,10,1,3
703522,2024-07-05,ligamx,2024,12640,Querétaro,Tijuana,1,2,31,166,2,0.2,19,16,14,9,0.4,1,2,0.6,0,0,36.9,0,3,0.6,5,0.7,19,13,70,260,9,24,5,3
703522,2024-07-05,ligamx,2024,12640,Tijuana,Querétaro,0,3,23,386,3,0.3,21,6,14,18,0.5,2,0,0.8,0,0,63.1,0,4,0.3,5,0.4,21,12,50,459,18,17,7,0
703523,2024-07-05,ligamx,2024,12640,FC Juárez,Atlas,1,2,33,290,4,0.2,25,14,15,8,0.5,2,0,0.8,1,1,57.5,0,1,0.2,2,0.7,25,11,67,369,11,21,2,2
703523,2024-07-05,ligamx,2024,12640,Atlas,FC Juárez,0,6,28,175,0,0.4,13,13,16,11,0.5,2,2,0.7,0,0,42.5,0,0,0.3,3,0.6,13,16,59,263,11,23,5,2
703524,2024-07-06,ligamx,2024,12640,Atlético de San Luis,América,1,2,22,272,2,0.2,16,11,15,4,0.5,2,1,0.8,0,0,36.5,0,5,0.5,5,0.7,16,13,46,328,11,15,5,3
703524,2024-07-06,ligamx,2024,12640,América,Atlético de San Luis,0,5,20,516,2,0.3,17,9,11,7,0.6,1,1,0.9,0,0,63.5,0,3,0.5,6,0.7,17,16,36,579,11,13,3,2
703525,2024-07-06,ligamx,2024,12640,Tigres UANL,Necaxa,1,7,29,430,5,0.3,20,18,8,9,0.5,1,0,0.8,1,1,56.5,0,3,0.2,4,0.8,20,22,54,520,17,24,7,1
703525,2024-07-06,ligamx,2024,12640,Necaxa,Tigres UANL,0,4,37,309,2,0.2,35,14,13,9,0.5,0,0,0.8,0,0,43.5,0,3,0.3,3,0.6,35,19,79,395,10,22,5,1
703526,2024-07-06,ligamx,2024,12640,Guadalajara,Toluca,1,3,36,387,2,0.2,20,12,5,7,0.6,0,2,0.9,0,0,51.6,0,2,0.3,4,0.6,20,20,63,449,15,21,4,1
703526,2024-07-06,ligamx,2024,12640,Toluca,Guadalajara,0,6,34,350,4,0.3,20,11,12,5,0.5,0,2,0.8,0,0,48.4,0,4,0.2,2,0.7,20,24,63,423,11,16,6,2
703527,2024-07-06,ligamx,2024,12640,Cruz Azul,Mazatlán FC,1,0,0,0,0,0.0,0,0,0,0,0.0,1,0,0.0,0,0,0,0,0,0.0,0,0.0,0,0,0,0,0,0,0,0
703527,2024-07-06,ligamx,2024,12640,Mazatlán FC,Cruz Azul,0,0,0,0,0,0.0,0,0,0,0,0.0,0,0,0.0,0,0,0,0,0,0.0,0,0.0,0,0,0,0,0,0,0,0
703528,2024-07-07,ligamx,2024,12640,Pumas UNAM,León,1,2,28,241,2,0.2,25,15,13,12,0.4,4,0,0.7,0,0,50.1,0,2,0.5,7,0.6,25,13,68,325,14,24,6,1
703528,2024-07-07,ligamx,2024,12640,León,Pumas UNAM,0,2,23,233,1,0.1,14,7,11,2,0.3,1,1,0.7,0,0,49.9,0,4,0.3,3,0.5,14,15,68,318,9,13,3,3
703529,2024-07-07,ligamx,2024,12640,Pachuca,Monterrey,1,5,30,421,3,0.2,12,12,9,16,0.6,0,0,0.9,0,0,57,0,2,0.2,3,0.6,12,29,48,485,17,20,8,3
703529,2024-07-07,ligamx,2024,12640,Monterrey,Pachuca,0,1,27,297,0,0.1,20,9,10,6,0.4,1,3,0.8,0,0,43,0,3,0.4,3,0.6,20,7,65,375,8,16,1,4
703530,2024-07-12,ligamx,2024,12640,América,Querétaro,1,3,29,494,1,0.2,18,9,9,3,0.6,3,1,0.9,0,0,59.2,0,0,0.4,4,0.7,18,14,51,559,11,13,1,1
703530,2024-07-12,ligamx,2024,12640,Querétaro,América,0,5,22,308,3,0.3,13,11,12,5,0.5,1,2,0.8,0,0,40.8,0,1,0.1,1,0.7,13,16,46,377,9,15,5,2
703531,2024-07-12,ligamx,2024,12640,Mazatlán FC,Atlético de San Luis,1,0,0,0,0,0.0,0,0,0,0,0.0,2,0,0.0,0,0,0,0,0,0.0,0,0.0,0,0,0,0,0,0,0,0
703531,2024-07-12,ligamx,2024,12640,Atlético de San Luis,Mazatlán FC,0,0,0,0,0,0.0,0,0,0,0,0.0,2,0,0.0,0,0,0,0,0,0.0,0,0.0,0,0,0,0,0,0,0,0
703532,2024-07-12,ligamx,2024,12640,Tijuana,Guadalajara,1,1,21,276,3,0.1,29,12,14,8,0.4,4,0,0.8,1,1,46.8,0,0,0.5,6,0.6,29,7,48,359,13,21,2,2
703532,2024-07-12,ligamx,2024,12640,Guadalajara,Tijuana,0,5,21,298,2,0.3,14,13,13,13,0.4,2,3,0.8,0,0,53.2,0,1,0.2,2,0.7,14,20,57,397,11,18,4,2
703533,2024-07-12,ligamx,2024,12640,Atlas,Tigres UANL,1,3,23,298,2,0.2,26,9,12,15,0.4,1,1,0.8,0,0,44.3,0,3,0.3,3,0.5,26,20,52,371,10,17,4,1
703533,2024-07-12,ligamx,2024,12640,Tigres UANL,Atlas,0,4,31,402,6,0.2,20,10,9,8,0.5,1,1,0.8,0,0,55.7,0,2,0.3,4,0.6,20,17,58,475,15,16,3,1
703534,2024-07-13,ligamx,2024,12640,León,Pachuca,1,2,30,331,1,0.1,11,11,24,10,0.5,0,2,0.8,0,0,57.6,1,3,0.5,5,0.5,11,29,65,409,11,24,9,3
703534,2024-07-13,ligamx,2024,12640,Pachuca,León,0,1,18,239,1,0.1,38,14,5,11,0.4,0,4,0.8,0,0,42.4,1,5,0.3,3,0.6,38,7,50,315,9,24,1,3
703535,2024-07-13,ligamx,2024,12640,Necaxa,Puebla,1,4,19,295,3,0.2,24,12,8,7,0.4,4,3,0.8,0,0,46.1,0,4,0.4,9,0.7,24,21,47,362,24,17,6,2
703535,2024-07-13,ligamx,2024,12640,Puebla,Necaxa,0,10,31,349,7,0.4,28,8,7,7,0.6,1,1,0.8,0,0,53.9,0,5,0.3,5,0.6,28,28,55,420,17,14,5,0
703536,2024-07-13,ligamx,2024,12640,Toluca,FC Juárez,1,7,37,334,1,0.4,15,13,15,10,0.5,3,0,0.8,0,0,46.8,0,3,0.3,3,0.7,15,19,69,404,9,19,7,0
703536,2024-07-13,ligamx,2024,12640,FC Juárez,Toluca,0,3,30,406,1,0.2,8,9,5,11,0.6,2,1,0.9,0,0,53.2,0,1,0.5,5,0.8,8,19,50,462,10,11,3,3
703537,2024-07-13,ligamx,2024,12640,Santos,Pumas UNAM,1,3,21,296,4,0.3,29,10,12,12,0.4,1,5,0.8,1,1,48.6,1,4,0.2,2,0.8,29,12,56,366,9,13,4,2
703537,2024-07-13,ligamx,2024,12640,Pumas UNAM,Santos,0,9,27,305,12,0.3,11,16,18,9,0.6,1,3,0.8,0,0,51.4,0,1,0.2,5,0.7,11,26,48,373,28,24,11,2
703538,2024-07-13,ligamx,2024,12640,Monterrey,Cruz Azul,1,4,30,352,2,0.3,6,12,11,6,0.5,0,5,0.8,0,0,45.8,0,4,0.0,0,0.8,6,14,60,422,9,16,2,2
703538,2024-07-13,ligamx,2024,12640,Cruz Azul,Monterrey,0,4,38,443,1,0.3,17,11,7,10,0.6,4,3,0.9,1,1,54.2,0,0,0.6,9,0.6,17,12,67,513,15,18,3,1
703539,2024-07-16,ligamx,2024,12640,Atlas,Santos,1,7,24,344,8,0.3,7,14,11,10,0.6,1,1,0.9,0,0,48.9,0,0,0.2,5,0.7,7,24,43,404,22,19,8,1
703539,2024-07-16,ligamx,2024,12640,Santos,Atlas,0,0,26,377,1,0.0,27,10,12,13,0.6,0,0,0.9,0,0,51.1,0,3,0.0,0,0.6,27,8,43,437,2,18,4,2
703540,2024-07-16,ligamx,2024,12640,Querétaro,Guadalajara,1,2,35,261,4,0.1,16,14,11,10,0.5,0,4,0.8,0,0,42.4,0,4,0.2,3,0.7,16,21,69,345,15,21,4,2
703540,2024-07-16,ligamx,2024,12640,Guadalajara,Querétaro,0,5,45,379,2,0.2,24,10,10,7,0.5,2,1,0.8,0,0,57.6,0,3,0.4,6,0.5,24,21,92,474,14,20,3,1
703541,2024-07-16,ligamx,2024,12640,Pachuca,Atlético de San Luis,1,1,36,308,1,0.1,19,17,16,7,0.6,2,1,0.8,0,0,43.1,0,3,0.3,3,0.8,19,13,65,380,10,22,7,2
703541,2024-07-16,ligamx,2024,12640,Atlético de San Luis,Pachuca,0,8,33,411,2,0.4,20,17,8,9,0.6,0,0,0.8,0,0,56.9,0,1,0.3,3,0.6,20,22,58,498,10,29,11,1
703542,2024-07-16,ligamx,2024,12640,Puebla,León,1,6,31,215,7,0.3,21,7,8,16,0.4,2,1,0.7,1,1,37.9,0,4,0.4,8,0.8,21,19,78,314,22,9,5,2
703542,2024-07-16,ligamx,2024,12640,León,Puebla,0,5,30,432,1,0.2,12,6,11,11,0.5,2,0,0.8,0,0,62.1,0,6,0.7,6,0.4,12,24,65,526,9,14,5,1
703543,2024-07-16,ligamx,2024,12640,Cruz Azul,Tijuana,1,5,28,233,1,0.3,13,12,11,12,0.4,3,3,0.8,0,0,37.7,0,1,0.4,7,0.8,13,18,66,310,17,16,7,1
703543,2024-07-16,ligamx,2024,12640,Tijuana,Cruz Azul,0,2,33,447,2,0.3,19,22,9,4,0.6,0,3,0.8,0,0,62.3,0,3,0.1,1,0.8,19,7,57,531,8,27,1,2
703544,2024-07-17,ligamx,2024,12640,FC Juárez,Pumas UNAM,1,5,22,281,3,0.2,16,9,9,5,0.3,1,0,0.8,0,0,48.7,0,2,0.4,4,0.7,16,22,63,373,11,13,5,4
703544,2024-07-17,ligamx,2024,12640,Pumas UNAM,FC Juárez,0,3,25,287,3,0.1,23,18,18,11,0.4,2,0,0.7,0,0,51.3,0,4,0.3,4,0.7,23,23,70,390,12,25,4,3
703545,2024-07-17,ligamx,2024,12640,Toluca,Mazatlán FC,1,0,0,0,0,0.0,0,0,0,0,0.0,3,0,0.0,0,0,0,0,0,0.0,0,0.0,0,0,0,0,0,0,0,0
703545,2024-07-17,ligamx,2024,12640,Mazatlán FC,Toluca,0,0,0,0,0,0.0,0,0,0,0,0.0,0,0,0.0,0,0,0,0,0,0.0,0,0.0,0,0,0,0,0,0,0,0
703546,2024-07-17,ligamx,2024,12640,Tigres UANL,América,1,5,29,425,6,0.2,7,8,20,5,0.5,1,1,0.8,0,0,53.7,0,4,0.3,6,0.5,7,29,56,507,20,17,13,3
703546,2024-07-17,ligamx,2024,12640,América,Tigres UANL,0,5,30,374,4,0.4,29,10,10,8,0.6,0,1,0.8,0,0,46.3,0,5,0.3,4,0.8,29,12,52,449,12,12,1,1
703547,2024-07-17,ligamx,2024,12640,Necaxa,Monterrey,1,3,30,228,2,0.3,16,19,13,6,0.5,0,3,0.7,0,0,35.9,1,2,0.1,1,0.8,16,9,59,308,10,23,3,3
703547,2024-07-17,ligamx,2024,12640,Monterrey,Necaxa,0,4,34,485,4,0.2,14,18,15,8,0.6,1,1,0.9,0,0,64.1,0,2,0.4,4,0.8,14,17,57,547,11,22,3,1
703548,2024-07-19,ligamx,2024,12640,Atlético de San Luis,Tijuana,1,3,19,302,2,0.2,18,9,9,6,0.4,1,1,0.8,0,0,39.1,0,3,0.3,5,0.6,18,14,46,361,15,15,7,1
703548,2024-07-19,ligamx,2024,12640,Tijuana,Atlético de San Luis,0,1,29,499,3,0.1,17,14,11,4,0.5,1,0,0.9,1,1,60.9,0,4,0.4,4,0.5,17,9,59,578,10,26,2,2
703549,2024-07-19,ligamx,2024,12640,Puebla,Atlas,1,3,41,342,6,0.1,14,8,17,12,0.6,1,2,0.8,0,0,55.6,0,1,0.1,2,0.5,14,32,65,423,15,16,6,2
703549,2024-07-19,ligamx,2024,12640,Atlas,Puebla,0,2,15,254,1,0.3,33,17,14,6,0.2,2,2,0.7,0,0,44.4,0,1,0.4,3,0.7,33,8,63,353,7,25,4,3
703550,2024-07-20,ligamx,2024,12640,Guadalajara,Mazatlán FC,1,0,0,0,0,0.0,0,0,0,0,0.0,2,0,0.0,0,0,0,0,0,0.0,0,0.0,0,0,0,0,0,0,0,0
703550,2024-07-20,ligamx,2024,12640,Mazatlán FC,Guadalajara,0,0,0,0,0,0.0,0,0,0,0,0.0,0,0,0.0,0,0,0,0,0,0.0,0,0.0,0,0,0,0,0,0,0,0
703551,2024-07-20,ligamx,2024,12640,Monterrey,Querétaro,1,7,32,499,3,0.3,8,11,8,12,0.6,2,2,0.9,0,1,65.7,0,2,0.4,6,0.8,8,24,58,573,16,14,6,1
703551,2024-07-20,ligamx,2024,12640,Querétaro,Monterrey,0,3,29,236,0,0.3,20,7,11,14,0.6,1,5,0.8,0,0,34.3,0,4,0.5,3,0.4,20,12,48,300,6,16,4,3
703552,2024-07-20,ligamx,2024,12640,Santos,Tigres UANL,1,7,20,275,0,0.4,25,12,5,12,0.4,0,0,0.8,0,0,40.2,0,5,0.4,6,0.8,25,17,49,343,14,16,7,3
703552,2024-07-20,ligamx,2024,12640,Tigres UANL,Santos,0,5,36,437,5,0.2,13,18,16,6,0.6,3,3,0.8,0,0,59.8,0,6,0.5,8,0.7,13,25,61,516,15,26,6,4
703553,2024-07-20,ligamx,2024,12640,FC Juárez,América,1,0,28,270,2,0.0,23,16,12,10,0.5,1,2,0.8,0,0,41.6,0,5,0.7,6,0.7,23,10,59,344,9,23,4,1
703553,2024-07-20,ligamx,2024,12640,América,FC Juárez,0,4,22,408,1,0.2,14,14,9,4,0.5,2,3,0.8,0,0,58.4,0,5,0.4,8,0.6,14,17,45,483,19,24,6,0
703554,2024-07-20,ligamx,2024,12640,Cruz Azul,Toluca,1,13,43,492,7,0.4,6,5,16,15,0.6,1,1,0.9,0,0,68.1,0,1,0.2,5,0.5,6,36,70,572,21,11,10,2
703554,2024-07-20,ligamx,2024,12640,Toluca,Cruz Azul,0,0,31,197,2,0.0,28,7,13,10,0.5,1,4,0.7,0,0,31.9,0,4,0.3,2,0.6,28,4,65,276,6,11,3,2
703555,2024-07-21,ligamx,2024,12640,Pumas UNAM,Pachuca,1,3,26,212,2,0.2,27,26,9,9,0.4,2,0,0.7,1,1,38.3,0,3,0.6,5,0.7,27,14,67,303,9,35,4,5
703555,2024-07-21,ligamx,2024,12640,Pachuca,Pumas UNAM,0,3,35,394,5,0.1,13,12,11,15,0.5,0,4,0.8,0,0,61.7,0,3,0.2,2,0.8,13,21,64,482,12,16,6,5
703556,2024-07-21,ligamx,2024,12640,León,Necaxa,1,6,29,353,6,0.2,11,11,12,9,0.6,1,0,0.8,1,1,66.1,0,3,0.2,4,0.6,11,26,51,433,19,20,4,2
703556,2024-07-21,ligamx,2024,12640,Necaxa,León,0,4,37,140,1,0.3,26,9,13,13,0.5,1,1,0.6,0,0,33.9,0,3,0.7,4,0.6,26,14,78,223,6,15,4,1
703657,2024-08-16,ligamx,2024,12640,Puebla,Monterrey,1,5,16,240,5,0.4,15,4,8,7,0.3,1,2,0.8,0,0,28.5,0,3,0.4,6,0.4,15,12,46,303,14,10,6,2
703657,2024-08-16,ligamx,2024,12640,Monterrey,Puebla,0,4,37,701,4,0.2,13,8,2,5,0.6,2,1,0.9,0,0,71.5,0,5,0.3,5,0.6,13,17,61,770,15,14,3,3
703592,2024-08-18,ligamx,2024,12640,Tijuana,Santos,1,2,37,555,6,0.1,15,12,15,13,0.7,3,1,0.9,0,0,71.1,0,1,0.3,7,0.6,15,14,55,621,21,19,1,1
703592,2024-08-18,ligamx,2024,12640,Santos,Tijuana,0,3,19,166,2,0.2,18,18,13,8,0.3,1,0,0.7,0,0,28.9,1,4,0.3,2,0.6,18,13,57,245,7,31,3,3
703633,2024-08-18,ligamx,2024,12640,Atlético de San Luis,Querétaro,1,2,29,325,6,0.2,20,5,11,10,0.5,4,0,0.8,2,2,50.5,0,1,0.3,6,0.4,20,12,58,390,20,13,5,2
703633,2024-08-18,ligamx,2024,12640,Querétaro,Atlético de San Luis,0,2,20,308,2,0.1,12,10,21,10,0.4,0,1,0.8,0,0,49.5,1,2,0.2,2,0.8,12,14,48,382,10,12,5,4
703557,2024-08-23,ligamx,2024,12640,Querétaro,Cruz Azul,1,3,25,238,0,0.3,33,14,8,9,0.4,0,5,0.7,0,0,36,0,3,1.0,3,0.7,33,10,66,323,3,21,1,0
703557,2024-08-23,ligamx,2024,12640,Cruz Azul,Querétaro,0,4,32,488,7,0.3,19,21,9,9,0.5,2,1,0.8,1,1,64,0,3,0.2,5,0.6,19,14,68,577,23,33,6,4
703558,2024-08-23,ligamx,2024,12640,Mazatlán FC,Pachuca,1,0,0,0,0,0.0,0,0,0,0,0.0,3,0,0.0,0,0,0,0,0,0.0,0,0.0,0,0,0,0,0,0,0,0
703558,2024-08-23,ligamx,2024,12640,Pachuca,Mazatlán FC,0,0,0,0,0,0.0,0,0,0,0,0.0,0,0,0.0,0,0,0,0,0,0.0,0,0.0,0,0,0,0,0,0,0,0
703559,2024-08-23,ligamx,2024,12640,Tijuana,Monterrey,1,2,30,380,1,0.1,10,9,10,12,0.6,2,5,0.8,1,1,51,0,3,0.5,5,0.5,10,16,52,474,10,20,3,1
703559,2024-08-23,ligamx,2024,12640,Monterrey,Tijuana,0,6,36,358,2,0.4,19,18,12,15,0.5,2,3,0.8,0,0,49,0,3,0.3,5,0.6,19,14,76,455,16,29,2,2
703560,2024-08-24,ligamx,2024,12640,Necaxa,FC Juárez,1,7,26,165,3,0.5,27,16,13,13,0.4,3,3,0.7,1,1,30.5,0,2,0.5,7,0.8,27,15,60,233,13,21,5,1
703560,2024-08-24,ligamx,2024,12640,FC Juárez,Necaxa,0,5,40,481,5,0.2,14,4,10,5,0.7,0,1,0.9,0,0,69.5,0,4,0.1,2,0.3,14,24,58,540,14,13,3,4
703561,2024-08-24,ligamx,2024,12640,Atlas,Pumas UNAM,1,1,22,254,4,0.1,24,13,13,11,0.3,2,1,0.8,0,0,42,0,6,0.3,4,0.7,24,12,70,336,12,20,4,5
703561,2024-08-24,ligamx,2024,12640,Pumas UNAM,Atlas,0,9,26,383,7,0.3,11,6,15,10,0.5,1,0,0.8,0,1,58,0,3,0.3,6,0.8,11,27,49,453,19,8,5,3
703562,2024-08-24,ligamx,2024,12640,León,Santos,1,6,38,382,7,0.3,7,11,15,10,0.6,1,2,0.8,0,0,59.9,0,4,0.2,6,0.6,7,21,69,465,25,20,5,3
703562,2024-08-24,ligamx,2024,12640,Santos,León,0,7,24,235,1,0.4,27,8,9,18,0.4,1,1,0.8,0,0,40.1,0,5,0.5,5,0.6,27,16,55,312,10,14,5,2
703563,2024-08-24,ligamx,2024,12640,Tigres UANL,Guadalajara,1,6,22,284,4,0.2,17,13,12,17,0.4,1,3,0.8,0,1,50.2,0,5,0.4,5,0.5,17,26,53,352,14,28,4,3
703563,2024-08-24,ligamx,2024,12640,Guadalajara,Tigres UANL,0,4,29,281,0,0.3,20,10,16,6,0.4,1,0,0.8,0,0,49.8,0,4,0.6,6,0.5,20,14,65,364,10,21,3,3
703564,2024-08-24,ligamx,2024,12640,América,Puebla,1,5,32,580,8,0.2,7,6,4,8,0.7,0,3,0.9,0,0,70.8,0,1,0.2,5,0.7,7,27,45,648,21,9,7,0
703564,2024-08-24,ligamx,2024,12640,Puebla,América,0,3,28,190,2,0.4,32,7,12,9,0.4,1,1,0.7,0,0,29.2,0,4,0.2,2,0.7,32,8,72,271,11,10,3,2
703565,2024-08-25,ligamx,2024,12640,Toluca,Atlético de San Luis,1,2,50,373,2,0.3,17,11,10,10,0.7,2,0,0.9,0,0,46.3,1,6,0.3,4,0.7,17,8,71,439,14,16,2,1
703565,2024-08-25,ligamx,2024,12640,Atlético de San Luis,Toluca,0,3,41,440,4,0.2,12,4,9,9,0.6,1,3,0.9,0,0,53.7,0,2,0.4,7,0.3,12,15,68,502,18,13,4,2
703566,2024-08-30,ligamx,2024,12640,Atlético de San Luis,Atlas,1,5,34,390,2,0.5,19,15,11,6,0.4,2,1,0.8,0,0,50.2,0,3,0.5,6,0.7,19,10,76,484,11,21,3,1
703566,2024-08-30,ligamx,2024,12640,Atlas,Atlético de San Luis,0,6,28,388,2,0.4,9,7,14,8,0.4,1,0,0.8,0,0,49.8,0,4,0.4,4,0.7,9,17,68,469,11,10,0,2
703567,2024-08-30,ligamx,2024,12640,Mazatlán FC,Puebla,1,0,0,0,0,0.0,0,0,0,0,0.0,1,0,0.0,0,0,0,0,0,0.0,0,0.0,0,0,0,0,0,0,0,0
703567,2024-08-30,ligamx,2024,12640,Puebla,Mazatlán FC,0,0,0,0,0,0.0,0,0,0,0,0.0,1,0,0.0,0,0,0,0,0,0.0,0,0.0,0,0,0,0,0,0,0,0
703568,2024-08-30,ligamx,2024,12640,Tijuana,León,1,4,37,596,2,0.3,8,10,17,7,0.7,2,1,0.9,0,0,72.7,0,2,0.5,6,0.5,8,16,56,657,13,19,8,3
703568,2024-08-30,ligamx,2024,12640,León,Tijuana,0,1,23,181,1,0.1,15,12,13,11,0.5,1,1,0.7,0,0,27.3,1,4,0.4,3,0.5,15,9,50,246,8,22,3,3
703569,2024-08-31,ligamx,2024,12640,Guadalajara,FC Juárez,1,2,37,393,1,0.1,14,12,10,16,0.5,5,3,0.8,1,1,56.8,0,3,0.6,8,0.8,14,14,73,468,13,16,6,1
703569,2024-08-31,ligamx,2024,12640,FC Juárez,Guadalajara,0,3,20,279,3,0.2,15,6,10,14,0.5,0,2,0.8,0,0,43.2,1,2,0.3,3,0.5,15,19,42,348,12,13,7,2
703570,2024-08-31,ligamx,2024,12640,Pachuca,Querétaro,1,5,29,395,3,0.2,11,6,15,3,0.5,1,0,0.8,0,1,69.7,0,0,0.3,6,0.4,11,25,54,477,22,14,10,2
703570,2024-08-31,ligamx,2024,12640,Querétaro,Pachuca,0,1,20,131,2,0.1,19,6,20,15,0.3,1,1,0.6,0,0,30.3,1,5,0.2,1,0.5,19,11,59,209,5,12,1,4
703571,2024-08-31,ligamx,2024,12640,Monterrey,Toluca,1,8,27,548,2,0.4,7,6,13,6,0.6,1,3,0.9,1,1,67.2,0,0,0.4,6,0.7,7,22,45,624,16,9,3,2
703571,2024-08-31,ligamx,2024,12640,Toluca,Monterrey,0,2,42,230,0,0.2,23,4,15,13,0.6,2,4,0.8,0,0,32.8,0,5,0.7,2,0.4,23,11,74,304,3,9,1,3
703572,2024-08-31,ligamx,2024,12640,Cruz Azul,América,1,5,32,347,2,0.4,16,8,12,9,0.5,4,1,0.8,0,0,53.7,0,2,0.6,6,0.5,16,13,64,436,10,17,5,3
703572,2024-08-31,ligamx,2024,12640,América,Cruz Azul,0,4,27,299,2,0.2,14,11,5,15,0.4,1,1,0.8,0,0,46.3,0,2,0.3,3,0.6,14,18,62,373,12,18,5,3
703573,2024-09-01,ligamx,2024,12640,Pumas UNAM,Tigres UANL,1,7,33,420,5,0.2,14,14,15,9,0.6,1,0,0.9,0,0,54.5,0,0,0.3,5,0.7,14,31,57,477,18,20,5,3
703573,2024-09-01,ligamx,2024,12640,Tigres UANL,Pumas UNAM,0,2,36,338,1,0.1,26,13,9,4,0.5,3,0,0.8,1,1,45.5,0,4,0.3,3,0.6,26,16,70,409,9,21,5,4
703574,2024-09-01,ligamx,2024,12640,Santos,Necaxa,1,9,20,496,2,0.3,10,16,5,7,0.5,3,0,0.9,0,0,66.5,0,4,0.4,7,0.6,10,35,43,571,19,27,7,2
703574,2024-09-01,ligamx,2024,12640,Necaxa,Santos,0,5,26,221,6,0.3,29,14,13,14,0.5,2,2,0.8,1,1,33.5,0,4,0.3,6,0.8,29,15,52,288,19,17,6,0
703575,2024-09-13,ligamx,2024,12640,Puebla,Querétaro,1,3,22,328,6,0.2,25,12,8,5,0.3,2,1,0.8,1,1,48.9,0,1,0.4,7,0.8,25,18,68,419,17,16,3,2
703575,2024-09-13,ligamx,2024,12640,Querétaro,Puebla,0,8,31,343,5,0.3,22,7,18,13,0.5,1,1,0.8,0,0,51.1,0,5,0.2,2,0.5,22,26,64,427,11,15,3,0
703576,2024-09-13,ligamx,2024,12640,Atlas,Pachuca,1,4,28,433,3,0.2,16,14,16,14,0.4,2,0,0.8,0,0,57.6,0,2,0.3,3,0.6,16,21,64,514,11,22,5,3
703576,2024-09-13,ligamx,2024,12640,Pachuca,Atlas,0,5,18,292,1,0.3,22,10,16,7,0.4,0,3,0.8,0,0,42.4,1,1,0.3,2,0.5,22,20,49,373,6,20,7,3
703577,2024-09-13,ligamx,2024,12640,FC Juárez,Mazatlán FC,1,0,0,0,0,0.0,0,0,0,0,0.0,1,0,0.0,0,0,0,0,0,0.0,0,0.0,0,0,0,0,0,0,0,0
703577,2024-09-13,ligamx,2024,12640,Mazatlán FC,FC Juárez,0,0,0,0,0,0.0,0,0,0,0,0.0,0,0,0.0,0,0,0,0,0,0.0,0,0.0,0,0,0,0,0,0,0,0
703578,2024-09-13,ligamx,2024,12640,Tigres UANL,Atlético de San Luis,1,5,21,246,4,0.2,17,9,9,7,0.5,1,6,0.8,0,0,34.4,1,2,0.3,3,0.6,17,21,43,299,12,16,3,2
703578,2024-09-13,ligamx,2024,12640,Atlético de San Luis,Tigres UANL,0,5,27,537,5,0.3,24,6,13,8,0.6,0,1,0.9,0,0,65.6,0,2,0.2,2,0.6,24,16,44,597,13,10,3,0
703579,2024-09-13,ligamx,2024,12640,Necaxa,Pumas UNAM,1,3,24,142,1,0.4,10,14,12,17,0.3,2,0,0.6,0,0,27.1,0,0,0.4,6,0.7,10,7,72,227,14,20,3,3
703579,2024-09-13,ligamx,2024,12640,Pumas UNAM,Necaxa,0,5,20,534,1,0.3,11,10,5,7,0.5,0,1,0.9,0,0,72.9,0,4,0.0,0,0.5,11,16,40,609,8,21,4,3
703580,2024-09-14,ligamx,2024,12640,Toluca,Tijuana,1,0,0,0,0,0.0,0,0,0,0,0.0,4,0,0.0,0,0,0,0,0,0.0,0,0.0,0,0,0,0,0,0,0,0
703580,2024-09-14,ligamx,2024,12640,Tijuana,Toluca,0,0,0,0,0,0.0,0,0,0,0,0.0,0,0,0.0,0,0,0,0,0,0.0,0,0.0,0,0,0,0,0,0,0,0
703581,2024-09-14,ligamx,2024,12640,América,Guadalajara,1,2,20,179,2,0.2,29,13,11,9,0.4,1,0,0.7,0,0,33.1,0,1,0.3,3,0.7,29,9,51,257,9,20,5,4
703581,2024-09-14,ligamx,2024,12640,Guadalajara,América,0,4,16,426,5,0.1,8,11,12,10,0.4,0,2,0.8,0,0,66.9,0,1,0.1,1,0.8,8,33,39,503,16,13,9,2
703582,2024-09-14,ligamx,2024,12640,León,Cruz Azul,1,6,36,258,2,0.3,31,17,10,15,0.5,1,2,0.8,0,0,42.4,0,5,0.4,4,0.8,31,21,68,330,9,21,5,2
703582,2024-09-14,ligamx,2024,12640,Cruz Azul,León,0,6,18,384,7,0.3,13,18,4,10,0.4,2,1,0.8,0,0,57.6,0,3,0.3,7,0.7,13,22,42,460,22,26,5,3
703583,2024-09-14,ligamx,2024,12640,Santos,Monterrey,1,6,31,282,4,0.3,14,8,16,13,0.6,0,3,0.8,0,0,44.8,0,5,0.3,5,0.6,14,18,50,352,16,13,9,1
703583,2024-09-14,ligamx,2024,12640,Monterrey,Santos,0,6,25,360,1,0.4,9,14,20,9,0.6,2,3,0.8,0,0,55.2,0,5,0.4,8,0.6,9,17,44,436,19,24,5,2
703584,2024-09-17,ligamx,2024,12640,Pumas UNAM,Puebla,1,4,45,609,6,0.2,10,10,11,6,0.6,1,2,0.9,0,0,72.4,0,4,0.3,7,0.7,10,26,71,681,23,14,7,0
703584,2024-09-17,ligamx,2024,12640,Puebla,Pumas UNAM,0,1,22,175,0,0.1,23,4,11,10,0.3,0,0,0.7,0,0,27.6,1,5,0.7,4,0.3,23,10,63,262,6,13,4,2
703585,2024-09-17,ligamx,2024,12640,Pachuca,Toluca,1,5,27,284,0,0.3,17,14,13,13,0.6,2,4,0.8,0,0,42.7,1,3,0.5,6,0.8,17,16,48,345,12,18,6,0
703585,2024-09-17,ligamx,2024,12640,Toluca,Pachuca,0,2,45,401,4,0.1,18,17,8,8,0.6,2,2,0.8,1,1,57.3,0,4,0.4,5,0.8,18,16,75,477,12,22,8,5
703586,2024-09-17,ligamx,2024,12640,Atlético de San Luis,Cruz Azul,1,5,36,333,3,0.5,21,6,6,13,0.5,3,6,0.8,0,0,44,0,3,0.4,5,0.4,21,10,69,402,13,14,4,1
703586,2024-09-17,ligamx,2024,12640,Cruz Azul,Atlético de San Luis,0,8,28,419,0,0.3,5,13,12,4,0.5,1,3,0.8,0,0,56,1,2,0.3,4,0.6,5,23,52,503,13,21,3,0
703587,2024-09-17,ligamx,2024,12640,Querétaro,Tigres UANL,1,4,20,123,0,0.4,46,10,14,11,0.4,1,1,0.7,0,0,24.9,0,4,0.3,2,0.6,46,10,57,186,8,16,3,1
703587,2024-09-17,ligamx,2024,12640,Tigres UANL,Querétaro,0,8,23,486,6,0.2,6,8,7,4,0.5,0,0,0.9,0,0,75.1,0,1,0.2,4,0.7,6,52,43,543,23,12,14,1
703588,2024-09-17,ligamx,2024,12640,América,Atlas,1,3,31,503,1,0.3,5,6,8,7,0.6,3,0,0.9,0,0,58.3,0,1,0.5,7,0.5,5,10,53,571,13,11,4,3
703588,2024-09-17,ligamx,2024,12640,Atlas,América,0,2,26,346,1,0.3,9,7,11,6,0.5,0,0,0.8,0,0,41.7,1,4,0.2,1,0.5,9,7,56,408,6,15,0,1
703589,2024-09-18,ligamx,2024,12640,Guadalajara,León,1,3,20,342,3,0.2,9,15,15,7,0.4,2,4,0.8,2,1,46.6,0,4,0.4,4,0.7,9,18,48,414,11,23,4,2
703589,2024-09-18,ligamx,2024,12640,León,Guadalajara,0,4,46,404,2,0.3,13,5,8,3,0.6,0,0,0.9,0,0,53.4,0,4,0.4,4,0.6,13,16,73,473,10,8,5,3
703590,2024-09-18,ligamx,2024,12640,Mazatlán FC,Necaxa,1,0,0,0,0,0.0,0,0,0,0,0.0,0,0,0.0,0,0,0,0,0,0.0,0,0.0,0,0,0,0,0,0,0,0
703590,2024-09-18,ligamx,2024,12640,Necaxa,Mazatlán FC,0,0,0,0,0,0.0,0,0,0,0,0.0,0,0,0.0,0,0,0,0,0,0.0,0,0.0,0,0,0,0,0,0,0,0
703591,2024-09-18,ligamx,2024,12640,Monterrey,FC Juárez,1,7,27,322,2,0.3,17,9,8,10,0.6,3,0,0.8,1,1,55.1,1,2,0.3,4,0.5,17,23,45,383,14,17,3,2
703591,2024-09-18,ligamx,2024,12640,FC Juárez,Monterrey,0,9,23,248,5,0.5,18,3,11,10,0.5,2,2,0.8,0,0,44.9,0,1,0.3,4,0.3,18,18,48,313,15,9,6,5
703593,2024-09-20,ligamx,2024,12640,Atlas,Querétaro,1,8,27,536,7,0.2,10,7,14,11,0.6,0,1,0.9,0,0,70.7,0,2,0.2,3,0.5,10,45,48,605,19,13,10,1
703593,2024-09-20,ligamx,2024,12640,Querétaro,Atlas,0,5,19,182,3,0.6,38,16,12,9,0.3,1,0,0.7,0,0,29.3,0,3,0.3,3,0.7,38,9,69,263,10,22,3,3
703594,2024-09-20,ligamx,2024,12640,Puebla,Pachuca,1,3,18,259,1,0.2,31,11,12,14,0.4,2,1,0.8,0,0,37.8,0,1,0.4,4,0.6,31,20,51,340,9,18,5,1
703594,2024-09-20,ligamx,2024,12640,Pachuca,Puebla,0,4,38,487,7,0.2,20,13,10,7,0.6,3,1,0.9,0,0,62.2,0,2,0.2,4,0.6,20,23,61,568,18,22,6,1
703595,2024-09-21,ligamx,2024,12640,León,Atlético de San Luis,1,5,35,319,2,0.2,14,9,11,7,0.6,1,0,0.8,0,0,49,0,1,0.3,4,0.9,14,21,61,390,13,10,8,2
703595,2024-09-21,ligamx,2024,12640,Atlético de San Luis,León,0,7,31,345,1,0.4,21,5,12,4,0.6,0,2,0.8,0,0,51,0,3,0.1,1,0.5,21,17,48,410,10,10,3,1
703596,2024-09-21,ligamx,2024,12640,Monterrey,Mazatlán FC,1,0,32,317,0,0.0,25,7,4,11,0.5,0,2,0.8,0,0,44.3,1,5,0.8,4,0.5,25,11,67,394,5,14,2,2
703596,2024-09-21,ligamx,2024,12640,Mazatlán FC,Monterrey,0,8,40,419,2,0.3,13,16,14,11,0.7,0,7,0.9,0,0,55.7,0,2,0.3,5,0.8,13,32,58,478,16,20,11,3
703597,2024-09-21,ligamx,2024,12640,Necaxa,América,1,3,20,120,3,0.3,28,15,12,13,0.3,1,0,0.6,0,0,25.7,0,5,0.3,3,0.5,28,12,66,204,11,32,3,5
703597,2024-09-21,ligamx,2024,12640,América,Necaxa,0,5,26,513,5,0.2,16,16,7,16,0.6,1,0,0.9,0,0,74.3,0,2,0.4,7,0.7,16,24,47,597,18,24,6,2
703598,2024-09-21,ligamx,2024,12640,Cruz Azul,Guadalajara,1,7,30,462,5,0.4,19,13,12,6,0.5,1,1,0.9,0,0,57.7,0,6,0.3,5,0.7,19,18,66,536,18,20,8,1
703598,2024-09-21,ligamx,2024,12640,Guadalajara,Cruz Azul,0,5,28,312,4,0.2,11,6,14,5,0.5,0,7,0.8,0,0,42.3,0,4,0.4,5,0.5,11,24,59,376,12,12,8,1
703599,2024-09-22,ligamx,2024,12640,Pumas UNAM,Tijuana,1,7,23,284,2,0.5,7,8,7,13,0.5,1,6,0.8,0,0,40,0,2,0.6,12,0.4,7,13,49,349,20,21,5,1
703599,2024-09-22,ligamx,2024,12640,Tijuana,Pumas UNAM,0,1,27,439,1,0.1,9,11,15,6,0.4,0,1,0.8,0,0,60,0,10,0.3,2,0.6,9,7,69,530,6,19,2,2
703600,2024-09-22,ligamx,2024,12640,FC Juárez,Tigres UANL,1,4,35,310,3,0.3,25,6,21,15,0.5,0,1,0.8,0,0,43.7,0,4,0.1,1,0.5,25,13,64,385,9,11,0,2
703600,2024-09-22,ligamx,2024,12640,Tigres UANL,FC Juárez,0,4,36,418,4,0.2,14,16,15,9,0.6,1,0,0.8,0,0,56.3,0,1,0.3,5,0.8,14,21,59,497,17,20,4,3
703601,2024-09-22,ligamx,2024,12640,Santos,Toluca,1,3,26,218,2,0.3,28,10,17,9,0.4,2,6,0.8,0,0,36.4,0,3,0.6,4,0.6,28,11,66,288,7,17,4,4
703601,2024-09-22,ligamx,2024,12640,Toluca,Santos,0,6,37,417,8,0.2,10,5,12,4,0.6,0,2,0.8,0,0,63.6,0,2,0.2,4,0.8,10,31,63,494,18,6,13,2
703602,2024-09-27,ligamx,2024,12640,Puebla,FC Juárez,1,5,31,255,4,0.2,27,11,13,7,0.4,2,3,0.8,1,1,50.4,0,3,0.3,6,0.8,27,23,69,340,20,13,9,4
703602,2024-09-27,ligamx,2024,12640,FC Juárez,Puebla,0,5,20,249,3,0.2,29,8,8,8,0.4,3,0,0.7,1,1,49.6,0,4,0.6,7,0.8,29,25,51,334,11,10,8,2
703603,2024-09-27,ligamx,2024,12640,Querétaro,Necaxa,1,7,36,368,1,0.3,38,7,8,6,0.5,0,1,0.8,0,0,57.4,0,6,0.3,4,0.4,38,24,74,456,13,18,7,3
703603,2024-09-27,ligamx,2024,12640,Necaxa,Querétaro,0,8,27,247,8,0.2,22,2,10,14,0.5,0,0,0.8,0,0,42.6,0,4,0.2,5,0.4,22,39,58,318,23,5,9,2
703604,2024-09-27,ligamx,2024,12640,Tigres UANL,León,1,15,39,396,6,0.4,12,10,11,10,0.8,2,1,0.8,0,0,64.4,0,3,0.5,10,0.6,12,38,51,481,21,16,9,3
703604,2024-09-27,ligamx,2024,12640,León,Tigres UANL,0,3,17,199,3,0.3,42,6,19,6,0.3,2,1,0.7,0,0,35.6,0,8,0.5,5,0.5,42,9,53,274,10,12,2,4
703605,2024-09-27,ligamx,2024,12640,Tijuana,Mazatlán FC,1,0,0,0,0,0.0,0,0,0,0,0.0,1,0,0.0,0,0,0,0,0,0.0,0,0.0,0,0,0,0,0,0,0,0
703605,2024-09-27,ligamx,2024,12640,Mazatlán FC,Tijuana,0,0,0,0,0,0.0,0,0,0,0,0.0,0,0,0.0,0,0,0,0,0,0.0,0,0.0,0,0,0,0,0,0,0,0
703606,2024-09-28,ligamx,2024,12640,Toluca,Atlas,1,1,37,416,0,0.1,9,9,13,8,0.6,4,2,0.9,0,0,50.8,0,2,0.5,5,0.5,9,9,57,476,11,17,1,2
703606,2024-09-28,ligamx,2024,12640,Atlas,Toluca,0,2,23,407,5,0.1,10,9,5,16,0.5,1,1,0.9,0,0,49.2,1,1,0.2,3,0.7,10,16,49,454,17,13,2,1
703607,2024-09-28,ligamx,2024,12640,Pachuca,Cruz Azul,1,3,25,234,2,0.3,15,10,13,11,0.5,2,1,0.8,0,0,29.8,1,5,0.5,6,0.6,15,12,55,294,12,17,4,2
703607,2024-09-28,ligamx,2024,12640,Cruz Azul,Pachuca,0,3,35,658,3,0.2,7,17,14,7,0.7,4,0,0.9,0,0,70.2,0,3,0.5,9,0.7,7,16,52,723,17,23,3,3
703608,2024-09-28,ligamx,2024,12640,Guadalajara,Monterrey,1,8,40,316,1,0.3,6,12,18,12,0.6,1,3,0.8,0,0,47.3,0,1,0.3,3,0.6,6,26,67,386,11,20,8,2
703608,2024-09-28,ligamx,2024,12640,Monterrey,Guadalajara,0,3,23,370,1,0.3,16,11,14,12,0.5,1,0,0.8,0,0,52.7,0,2,0.4,2,0.9,16,10,49,449,5,12,1,5
703609,2024-09-28,ligamx,2024,12640,Atlético de San Luis,Santos,1,5,22,445,1,0.3,11,4,13,18,0.5,3,2,0.8,0,0,57.8,0,4,0.6,9,0.3,11,18,44,528,16,12,3,1
703609,2024-09-28,ligamx,2024,12640,Santos,Atlético de San Luis,0,2,26,308,3,0.2,18,10,19,7,0.5,1,2,0.8,0,0,42.2,0,6,0.6,5,0.8,18,10,55,391,8,13,2,2
703610,2024-09-29,ligamx,2024,12640,América,Pumas UNAM,1,2,34,493,3,0.1,5,9,14,3,0.6,0,0,0.9,0,0,69.1,1,3,0.4,5,0.6,5,17,60,566,12,16,4,1
703610,2024-09-29,ligamx,2024,12640,Pumas UNAM,América,0,1,24,191,0,0.1,20,8,19,9,0.4,1,1,0.8,0,0,30.9,0,5,0.8,4,0.5,20,9,54,251,5,16,3,3
703611,2024-10-04,ligamx,2024,12640,Mazatlán FC,Querétaro,1,0,0,0,0,0.0,0,0,0,0,0.0,2,0,0.0,0,0,0,0,0,0.0,0,0.0,0,0,0,0,0,0,0,0
703611,2024-10-04,ligamx,2024,12640,Querétaro,Mazatlán FC,0,0,0,0,0,0.0,0,0,0,0,0.0,2,0,0.0,0,0,0,0,0,0.0,0,0.0,0,0,0,0,0,0,0,0
703612,2024-10-04,ligamx,2024,12640,Tijuana,Pachuca,1,1,34,407,5,0.1,12,17,21,7,0.5,2,0,0.8,0,0,58.9,0,1,0.4,6,0.7,12,9,70,493,14,25,3,4
703612,2024-10-04,ligamx,2024,12640,Pachuca,Tijuana,0,3,22,255,3,0.3,7,13,19,16,0.4,1,4,0.8,0,0,41.1,0,4,0.2,2,0.7,7,11,51,338,12,19,4,4
703613,2024-10-05,ligamx,2024,12640,Atlético de San Luis,Monterrey,1,4,37,296,0,0.2,25,9,13,10,0.5,1,0,0.8,0,0,43.2,0,1,0.4,4,0.6,25,20,73,383,9,15,6,3
703613,2024-10-05,ligamx,2024,12640,Monterrey,Atlético de San Luis,0,7,32,413,6,0.2,14,11,11,13,0.5,0,1,0.8,0,0,56.8,0,3,0.1,1,0.8,14,35,65,496,17,14,7,0
703614,2024-10-05,ligamx,2024,12640,Tigres UANL,Puebla,1,5,28,570,4,0.2,19,15,13,10,0.5,1,0,0.9,0,0,61.2,0,2,0.2,3,0.7,19,26,51,647,16,21,4,1
703614,2024-10-05,ligamx,2024,12640,Puebla,Tigres UANL,0,1,21,321,5,0.1,25,7,17,15,0.4,0,0,0.8,0,0,38.8,0,2,0.2,2,0.4,25,19,57,410,12,18,3,2
703615,2024-10-05,ligamx,2024,12640,Guadalajara,Atlas,1,12,27,378,3,0.4,12,13,17,4,0.4,2,0,0.8,0,0,71.2,0,0,0.4,7,0.9,12,27,63,461,20,15,8,3
703615,2024-10-05,ligamx,2024,12640,Atlas,Guadalajara,0,2,17,100,4,0.2,30,16,17,10,0.3,3,0,0.5,0,0,28.8,0,5,0.3,3,0.7,30,10,59,186,10,24,6,3
703616,2024-10-05,ligamx,2024,12640,León,América,1,1,34,203,3,0.1,13,15,20,8,0.5,1,2,0.7,0,0,34.8,0,4,0.3,3,0.6,13,8,66,272,10,25,4,3
703616,2024-10-05,ligamx,2024,12640,América,León,0,4,27,456,4,0.3,9,10,9,17,0.7,1,5,0.9,0,0,65.2,0,2,0.4,5,0.6,9,16,40,513,14,17,4,6
703617,2024-10-05,ligamx,2024,12640,Toluca,Pumas UNAM,1,2,39,472,2,0.1,10,6,7,9,0.5,1,2,0.8,0,0,64.9,0,4,0.2,2,0.5,10,16,74,557,11,11,5,3
703617,2024-10-05,ligamx,2024,12640,Pumas UNAM,Toluca,0,2,25,237,4,0.2,20,7,8,11,0.4,1,1,0.8,0,0,35.1,0,1,0.3,5,0.5,20,9,57,302,15,14,5,1
703618,2024-10-05,ligamx,2024,12640,Cruz Azul,Necaxa,1,3,54,596,3,0.2,9,11,7,7,0.7,3,1,0.9,0,0,69.8,0,1,0.2,3,0.5,9,14,75,670,13,21,6,0
703618,2024-10-05,ligamx,2024,12640,Necaxa,Cruz Azul,0,5,28,207,2,0.4,17,17,6,16,0.5,0,7,0.7,0,0,30.2,0,0,0.2,1,0.9,17,12,57,283,6,20,4,0
703619,2024-10-06,ligamx,2024,12640,Santos,FC Juárez,1,3,26,367,3,0.2,16,8,9,5,0.5,0,2,0.8,0,0,57.9,0,2,0.3,4,0.6,16,18,52,437,12,13,6,3
703619,2024-10-06,ligamx,2024,12640,FC Juárez,Santos,0,6,22,230,4,0.2,16,8,12,9,0.5,2,1,0.8,0,0,42.1,0,4,0.3,4,0.7,16,27,46,302,13,11,8,4
703620,2024-10-18,ligamx,2024,12640,Atlas,Mazatlán FC,1,0,0,0,0,0.0,0,0,0,0,0.0,0,0,0.0,0,0,0,0,0,0.0,0,0.0,0,0,0,0,0,0,0,0
703620,2024-10-18,ligamx,2024,12640,Mazatlán FC,Atlas,0,0,0,0,0,0.0,0,0,0,0,0.0,0,0,0.0,0,0,0,0,0,0.0,0,0.0,0,0,0,0,0,0,0,0
703621,2024-10-18,ligamx,2024,12640,Querétaro,Toluca,1,10,22,285,4,0.3,21,7,8,20,0.4,0,7,0.8,0,0,38.7,0,7,0.2,3,0.5,21,30,52,350,14,13,8,2
703621,2024-10-18,ligamx,2024,12640,Toluca,Querétaro,0,3,29,509,7,0.2,18,8,9,11,0.6,1,2,0.9,0,0,61.3,0,3,0.4,8,0.8,18,14,52,595,18,10,4,1
703622,2024-10-18,ligamx,2024,12640,Necaxa,Tijuana,1,5,38,243,6,0.2,8,23,14,15,0.4,1,1,0.7,1,1,44.7,0,1,0.3,8,0.8,8,22,87,356,24,30,10,3
703622,2024-10-18,ligamx,2024,12640,Tijuana,Necaxa,0,3,33,359,3,1.0,26,28,9,17,0.4,2,0,0.8,1,1,55.3,0,6,0.4,4,0.8,26,3,80,465,11,35,0,2
703623,2024-10-18,ligamx,2024,12640,Puebla,Cruz Azul,1,3,25,231,2,0.3,25,8,12,8,0.4,1,3,0.8,0,0,37.5,0,2,0.4,3,0.7,25,10,56,295,8,11,1,2
703623,2024-10-18,ligamx,2024,12640,Cruz Azul,Puebla,0,5,20,420,4,0.2,12,11,15,5,0.4,2,1,0.9,1,2,62.5,0,2,0.2,4,0.8,12,28,47,485,17,14,9,3
703624,2024-10-19,ligamx,2024,12640,Pachuca,Guadalajara,1,3,47,408,8,0.1,12,11,10,11,0.8,0,0,0.9,0,0,54.2,0,0,0.3,7,0.8,12,23,60,476,22,14,14,2
703624,2024-10-19,ligamx,2024,12640,Guadalajara,Pachuca,0,1,30,317,1,0.1,23,23,18,7,0.5,2,1,0.8,0,0,45.8,0,7,0.7,2,0.7,23,13,65,405,3,33,6,3
703625,2024-10-19,ligamx,2024,12640,FC Juárez,León,1,9,33,314,5,0.4,10,7,10,16,0.5,2,3,0.8,0,0,48.7,0,1,0.4,6,0.6,10,22,69,392,16,11,10,0
703625,2024-10-19,ligamx,2024,12640,León,FC Juárez,0,3,33,345,1,0.3,17,14,10,10,0.5,3,1,0.8,0,0,51.3,0,4,0.4,4,0.7,17,10,72,425,10,20,4,0
703626,2024-10-19,ligamx,2024,12640,América,Santos,1,7,28,530,6,0.3,5,7,15,8,0.8,3,2,0.9,0,0,71.5,0,3,0.3,7,0.8,5,26,36,578,27,9,9,1
703626,2024-10-19,ligamx,2024,12640,Santos,América,0,2,21,171,1,0.4,28,12,5,8,0.4,0,3,0.7,0,0,28.5,1,5,0.6,3,0.7,28,5,51,235,5,17,2,3
703627,2024-10-19,ligamx,2024,12640,Monterrey,Tigres UANL,1,3,18,279,0,0.3,29,6,12,11,0.4,4,2,0.8,1,1,43.7,0,6,0.9,6,0.7,29,11,43,359,7,9,4,1
703627,2024-10-19,ligamx,2024,12640,Tigres UANL,Monterrey,0,6,14,391,7,0.3,20,15,12,8,0.4,2,2,0.9,1,1,56.3,0,2,0.4,8,0.8,20,23,34,457,18,19,4,0
703628,2024-10-20,ligamx,2024,12640,Pumas UNAM,Atlético de San Luis,1,5,29,335,4,0.3,28,12,17,12,0.5,3,0,0.8,0,0,44.9,0,4,0.4,6,0.5,28,20,63,415,16,22,7,3
703628,2024-10-20,ligamx,2024,12640,Atlético de San Luis,Pumas UNAM,0,6,31,430,1,0.3,21,13,5,9,0.6,0,2,0.8,0,0,55.1,0,3,0.3,4,0.5,21,20,54,516,14,27,3,1
703629,2024-10-22,ligamx,2024,12640,Guadalajara,Necaxa,1,7,44,454,6,0.3,14,20,8,20,0.6,3,2,0.8,0,0,60.5,0,4,0.2,5,0.6,14,24,77,549,24,33,8,1
703629,2024-10-22,ligamx,2024,12640,Necaxa,Guadalajara,0,1,35,273,2,0.1,31,14,10,13,0.5,2,0,0.7,0,0,39.5,0,2,0.7,6,0.8,31,9,74,365,9,17,2,0
703630,2024-10-22,ligamx,2024,12640,Santos,Pachuca,1,3,32,390,2,0.1,19,14,13,14,0.5,1,0,0.8,0,0,52.9,0,2,0.6,5,0.8,19,21,69,479,9,18,5,4
703630,2024-10-22,ligamx,2024,12640,Pachuca,Santos,0,5,30,352,11,0.2,18,11,26,16,0.6,1,1,0.8,0,0,47.1,0,4,0.2,4,0.7,18,24,49,419,24,15,8,3
703631,2024-10-22,ligamx,2024,12640,Mazatlán FC,Tigres UANL,1,0,0,0,0,0.0,0,0,0,0,0.0,2,0,0.0,0,0,0,0,0,0.0,0,0.0,0,0,0,0,0,0,0,0
703631,2024-10-22,ligamx,2024,12640,Tigres UANL,Mazatlán FC,0,0,0,0,0,0.0,0,0,0,0,0.0,0,0,0.0,0,0,0,0,0,0.0,0,0.0,0,0,0,0,0,0,0,0
703632,2024-10-22,ligamx,2024,12640,Toluca,Puebla,1,4,47,501,0,0.2,9,11,12,9,0.6,5,1,0.9,0,1,59.3,0,2,0.7,12,0.7,9,18,75,570,18,16,5,2
703632,2024-10-22,ligamx,2024,12640,Puebla,Toluca,0,2,21,325,4,0.3,14,6,4,10,0.4,0,1,0.8,0,0,40.7,0,7,0.2,2,0.6,14,7,52,398,13,10,3,0
703634,2024-10-23,ligamx,2024,12640,Monterrey,Pumas UNAM,1,6,47,592,5,0.3,9,8,5,12,0.7,0,2,0.9,0,0,64.4,0,1,0.2,3,0.6,9,21,64,665,16,13,4,0
703634,2024-10-23,ligamx,2024,12640,Pumas UNAM,Monterrey,0,2,25,273,3,0.2,25,16,15,10,0.3,0,3,0.7,0,0,35.6,0,4,0.1,1,0.6,25,9,72,367,8,25,2,0
703635,2024-10-23,ligamx,2024,12640,Cruz Azul,FC Juárez,1,1,47,516,6,0.1,9,15,9,8,0.8,4,1,0.9,0,0,63,0,3,0.4,9,0.6,9,17,60,575,24,26,5,1
703635,2024-10-23,ligamx,2024,12640,FC Juárez,Cruz Azul,0,3,33,275,1,0.3,19,5,8,19,0.6,0,1,0.8,0,0,37,0,6,0.3,3,0.7,19,9,57,336,11,7,0,1
703636,2024-10-23,ligamx,2024,12640,León,Atlas,1,3,30,420,5,0.1,21,18,13,2,0.5,0,2,0.8,0,0,62.2,0,0,0.4,6,0.8,21,22,64,513,17,24,8,0
703636,2024-10-23,ligamx,2024,12640,Atlas,León,0,5,23,230,2,0.2,21,7,15,13,0.4,0,2,0.8,0,0,37.8,0,6,0.0,0,0.6,21,21,57,302,6,11,8,0
703637,2024-10-23,ligamx,2024,12640,Tijuana,América,1,1,32,520,1,0.1,12,6,9,8,0.5,2,1,0.9,1,1,61.9,0,8,0.5,6,1.0,12,8,61,595,11,6,5,0
703637,2024-10-23,ligamx,2024,12640,América,Tijuana,0,2,34,298,2,0.3,16,16,17,13,0.6,2,1,0.8,0,0,38.1,0,4,0.6,10,0.8,16,6,61,366,17,19,3,3
703638,2024-10-25,ligamx,2024,12640,Santos,Mazatlán FC,1,7,29,473,3,0.5,25,11,7,13,0.6,0,0,0.9,0,0,53.4,0,3,0.1,1,0.6,25,15,52,538,16,17,1,2
703638,2024-10-25,ligamx,2024,12640,Mazatlán FC,Santos,0,4,35,377,4,0.2,8,6,18,4,0.6,0,1,0.8,0,0,46.6,0,1,0.2,3,0.5,8,20,63,463,14,12,7,1
703639,2024-10-25,ligamx,2024,12640,Puebla,Guadalajara,1,5,21,200,2,0.4,34,13,3,12,0.3,1,1,0.7,0,0,30.1,0,2,0.3,3,0.8,34,12,63,275,11,16,3,1
703639,2024-10-25,ligamx,2024,12640,Guadalajara,Puebla,0,9,40,560,9,0.2,12,10,5,3,0.8,0,2,0.9,0,0,69.9,0,2,0.1,2,0.8,12,46,52,616,23,13,7,0
703640,2024-10-26,ligamx,2024,12640,León,Querétaro,1,3,22,329,3,0.3,20,9,10,11,0.4,4,4,0.8,0,0,51.4,0,3,0.6,7,0.4,20,11,49,413,11,24,4,2
703640,2024-10-26,ligamx,2024,12640,Querétaro,León,0,2,20,306,2,0.1,11,11,9,19,0.4,0,1,0.8,0,0,48.6,0,2,0.3,3,0.5,11,22,50,383,10,21,4,0
703641,2024-10-26,ligamx,2024,12640,Pumas UNAM,Cruz Azul,1,5,15,295,2,0.4,16,13,14,15,0.4,0,3,0.8,0,0,41.3,0,2,0.2,2,0.7,16,13,42,366,10,20,2,2
703641,2024-10-26,ligamx,2024,12640,Cruz Azul,Pumas UNAM,0,6,60,452,2,0.4,11,9,15,10,0.7,2,2,0.9,0,0,58.7,0,1,0.4,4,0.6,11,16,84,526,10,15,7,2
703642,2024-10-26,ligamx,2024,12640,Tigres UANL,Pachuca,1,4,32,331,3,0.4,16,18,18,14,0.5,2,1,0.8,0,0,48.1,1,3,0.2,3,0.6,16,11,67,429,14,28,2,1
703642,2024-10-26,ligamx,2024,12640,Pachuca,Tigres UANL,0,7,33,344,2,0.3,10,7,16,16,0.5,1,1,0.8,0,0,51.9,0,1,0.3,4,0.4,10,21,71,448,14,17,7,2
703643,2024-10-26,ligamx,2024,12640,Atlas,Tijuana,1,5,22,193,2,0.3,8,12,11,16,0.4,0,1,0.7,0,0,30.9,0,6,0.0,0,0.8,8,19,56,265,8,16,5,1
703643,2024-10-26,ligamx,2024,12640,Tijuana,Atlas,0,1,37,543,4,0.2,16,14,16,12,0.6,0,3,0.9,0,0,69.1,0,0,0.4,6,0.7,16,6,65,633,15,19,8,0
703644,2024-10-27,ligamx,2024,12640,Necaxa,Toluca,1,6,27,356,9,0.2,10,10,13,9,0.5,1,4,0.8,0,0,50.3,0,5,0.3,7,0.7,10,38,60,431,23,14,13,1
703644,2024-10-27,ligamx,2024,12640,Toluca,Necaxa,0,1,41,372,1,0.1,33,11,17,0,0.5,3,1,0.8,0,0,49.7,0,6,0.6,8,0.6,33,7,75,455,13,17,3,0
703645,2024-10-27,ligamx,2024,12640,FC Juárez,Atlético de San Luis,1,7,34,471,7,0.3,4,10,12,6,0.5,2,2,0.9,0,0,59.2,0,2,0.6,10,0.8,4,27,63,542,18,13,4,1
703645,2024-10-27,ligamx,2024,12640,Atlético de San Luis,FC Juárez,0,2,41,312,3,0.3,29,10,14,14,0.6,4,0,0.8,1,1,40.8,0,7,0.5,6,0.7,29,7,68,383,13,14,3,1
703646,2024-10-27,ligamx,2024,12640,América,Monterrey,1,3,38,373,1,0.2,19,10,9,12,0.5,2,2,0.8,0,0,55.3,0,3,0.5,6,0.6,19,13,74,445,13,17,6,1
703646,2024-10-27,ligamx,2024,12640,Monterrey,América,0,4,21,281,1,0.2,14,18,11,14,0.5,1,2,0.8,0,0,44.7,0,4,0.3,3,0.8,14,17,46,346,10,22,6,3
703647,2024-11-01,ligamx,2024,12640,Querétaro,FC Juárez,1,10,35,386,3,0.3,20,17,12,7,0.6,1,5,0.9,0,0,63.5,1,4,0.3,6,0.8,20,33,58,453,18,22,7,2
703647,2024-11-01,ligamx,2024,12640,FC Juárez,Querétaro,0,1,19,201,3,0.1,43,16,16,12,0.3,2,2,0.8,0,0,36.5,0,5,0.4,6,0.7,43,11,59,266,14,22,5,5
703648,2024-11-01,ligamx,2024,12640,Mazatlán FC,América,1,0,0,0,0,0.0,0,0,0,0,0.0,0,0,0.0,0,0,0,0,0,0.0,0,0.0,0,0,0,0,0,0,0,0
703648,2024-11-01,ligamx,2024,12640,América,Mazatlán FC,0,0,0,0,0,0.0,0,0,0,0,0.0,5,0,0.0,0,0,0,0,0,0.0,0,0.0,0,0,0,0,0,0,0,0
703649,2024-11-01,ligamx,2024,12640,Tijuana,Tigres UANL,1,0,36,559,5,0.0,23,15,9,2,0.6,0,1,0.9,0,0,67.5,0,3,0.3,4,0.9,23,14,58,627,15,16,10,1
703649,2024-11-01,ligamx,2024,12640,Tigres UANL,Tijuana,0,5,27,226,2,0.4,22,13,16,12,0.5,3,1,0.8,0,0,32.5,0,4,0.4,6,0.6,22,13,54,295,16,23,6,3
703650,2024-11-02,ligamx,2024,12640,Atlético de San Luis,Puebla,1,8,48,638,6,0.3,18,6,16,7,0.6,2,1,0.9,0,0,63.4,0,1,0.4,6,0.7,18,26,74,718,17,9,8,3
703650,2024-11-02,ligamx,2024,12640,Puebla,Atlético de San Luis,0,3,31,325,3,0.2,23,12,12,13,0.5,0,1,0.8,0,0,36.6,0,4,0.1,1,0.9,23,18,63,408,10,13,7,2
703651,2024-11-02,ligamx,2024,12640,Toluca,León,1,7,32,350,3,0.4,19,7,12,10,0.7,2,1,0.8,0,0,55,1,3,0.4,8,0.6,19,18,44,418,22,11,4,5
703651,2024-11-02,ligamx,2024,12640,León,Toluca,0,4,21,262,5,0.2,15,14,7,12,0.3,2,5,0.8,0,0,45,0,6,0.4,5,0.6,15,17,66,338,14,22,6,2
703652,2024-11-02,ligamx,2024,12640,Guadalajara,Pumas UNAM,1,3,31,322,2,0.2,15,16,10,5,0.5,0,3,0.8,0,0,46.3,0,2,0.4,3,0.7,15,19,60,402,8,24,5,0
703652,2024-11-02,ligamx,2024,12640,Pumas UNAM,Guadalajara,0,4,28,402,3,0.3,20,17,6,8,0.5,0,1,0.9,0,0,53.7,0,3,0.2,2,0.7,20,16,57,470,13,26,4,0
703653,2024-11-02,ligamx,2024,12640,Monterrey,Atlas,1,4,21,363,6,0.3,15,8,8,7,0.5,4,1,0.8,0,0,53.1,0,1,0.4,10,0.5,15,15,39,431,26,17,8,2
703653,2024-11-02,ligamx,2024,12640,Atlas,Monterrey,0,11,16,316,3,0.5,16,10,17,12,0.4,0,1,0.9,0,0,46.9,0,5,0.1,1,0.6,16,21,36,369,14,18,5,2
703654,2024-11-02,ligamx,2024,12640,Pachuca,Necaxa,1,0,36,393,1,0.0,10,12,6,13,0.6,6,1,0.8,0,0,52.5,0,6,0.6,10,0.7,10,6,60,470,18,18,3,1
703654,2024-11-02,ligamx,2024,12640,Necaxa,Pachuca,0,3,34,331,4,0.3,12,16,10,7,0.5,2,0,0.8,0,0,47.5,0,4,0.4,8,0.7,12,12,68,420,18,22,5,2
703655,2024-11-02,ligamx,2024,12640,Cruz Azul,Santos,1,11,50,519,3,0.5,6,11,15,10,0.7,2,0,0.9,0,0,60,0,0,0.4,8,0.6,6,24,71,578,22,20,7,1
703655,2024-11-02,ligamx,2024,12640,Santos,Cruz Azul,0,1,21,321,1,0.3,22,7,14,6,0.6,0,1,0.8,0,0,40,0,6,0.0,0,0.5,22,4,37,389,5,15,2,4
703656,2024-11-05,ligamx,2024,12640,León,Mazatlán FC,1,0,0,0,0,0.0,0,0,0,0,0.0,0,0,0.0,0,0,0,0,0,0.0,0,0.0,0,0,0,0,0,0,0,0
703656,2024-11-05,ligamx,2024,12640,Mazatlán FC,León,0,0,0,0,0,0.0,0,0,0,0,0.0,0,0,0.0,0,0,0,0,0,0.0,0,0.0,0,0,0,0,0,0,0,0
703658,2024-11-05,ligamx,2024,12640,Pumas UNAM,Querétaro,1,7,34,563,5,0.3,8,10,9,4,0.6,2,1,0.9,0,0,72.4,0,0,0.4,10,0.5,8,28,53,633,25,20,8,1
703658,2024-11-05,ligamx,2024,12640,Querétaro,Pumas UNAM,0,1,23,149,1,0.2,17,11,9,10,0.3,0,2,0.6,0,0,27.6,1,8,0.0,0,0.7,17,6,76,245,2,15,1,1
703659,2024-11-05,ligamx,2024,12640,Santos,Guadalajara,1,6,30,489,3,0.3,10,19,10,5,0.7,0,0,0.9,0,0,60.3,0,6,0.4,6,0.8,10,21,41,536,16,25,7,4
703659,2024-11-05,ligamx,2024,12640,Guadalajara,Santos,0,7,26,290,4,0.4,17,13,15,9,0.6,2,1,0.8,0,0,39.7,0,6,0.5,7,0.6,17,17,47,349,13,21,4,2
703660,2024-11-06,ligamx,2024,12640,América,Pachuca,1,3,44,309,1,0.2,12,20,16,12,0.6,2,0,0.8,0,0,47.6,0,3,0.2,2,0.6,12,14,74,394,10,33,4,1
703660,2024-11-06,ligamx,2024,12640,Pachuca,América,0,4,32,365,4,0.3,24,17,19,17,0.5,1,2,0.8,0,0,52.4,0,0,0.4,4,0.7,24,12,59,435,11,23,4,3
703661,2024-11-06,ligamx,2024,12640,Necaxa,Atlético de San Luis,1,4,30,242,1,0.3,25,16,19,13,0.5,1,0,0.8,0,0,36.3,0,5,0.3,5,0.8,25,14,58,312,17,20,2,2
703661,2024-11-06,ligamx,2024,12640,Atlético de San Luis,Necaxa,0,9,26,472,5,0.4,13,9,10,9,0.5,1,2,0.9,0,0,63.7,0,3,0.4,6,0.7,13,23,54,552,14,13,5,2
703662,2024-11-06,ligamx,2024,12640,Tigres UANL,Toluca,1,5,32,360,0,0.5,28,7,8,11,0.5,2,4,0.8,0,0,43.7,0,5,0.5,6,0.5,28,11,63,434,12,15,6,0
703662,2024-11-06,ligamx,2024,12640,Toluca,Tigres UANL,0,4,30,477,0,0.2,18,12,15,8,0.5,1,1,0.8,0,0,56.3,0,4,0.6,6,0.5,18,17,59,562,10,22,3,1
703663,2024-11-06,ligamx,2024,12640,FC Juárez,Tijuana,1,3,27,260,4,0.2,22,8,12,11,0.5,1,1,0.8,0,1,37.3,0,5,0.2,3,0.7,22,18,50,333,15,12,5,1
703663,2024-11-06,ligamx,2024,12640,Tijuana,FC Juárez,0,1,30,513,4,0.1,23,11,9,9,0.6,1,0,0.9,0,0,62.7,0,2,0.3,6,0.8,23,10,50,583,19,13,3,1
703664,2024-11-06,ligamx,2024,12640,Atlas,Cruz Azul,1,4,22,287,4,0.1,15,9,7,12,0.4,2,1,0.8,0,0,47,0,1,0.2,2,0.7,15,27,61,377,11,13,8,2
703664,2024-11-06,ligamx,2024,12640,Cruz Azul,Atlas,0,2,31,350,4,0.2,18,10,14,7,0.4,2,2,0.8,1,1,53,0,0,0.3,3,0.8,18,11,70,445,9,13,5,2
703665,2024-11-08,ligamx,2024,12640,Querétaro,Santos,1,4,28,257,5,0.2,12,14,18,8,0.5,3,0,0.8,0,0,37.4,0,1,0.3,4,0.7,12,20,51,327,15,19,6,4
703665,2024-11-08,ligamx,2024,12640,Santos,Querétaro,0,2,30,485,3,0.2,26,7,15,10,0.6,2,0,0.9,0,0,62.6,0,1,0.2,3,0.5,26,12,50,565,13,15,7,4
703666,2024-11-08,ligamx,2024,12640,Mazatlán FC,Pumas UNAM,1,0,0,0,0,0.0,0,0,0,0,0.0,0,0,0.0,0,0,0,0,0,0.0,0,0.0,0,0,0,0,0,0,0,0
703666,2024-11-08,ligamx,2024,12640,Pumas UNAM,Mazatlán FC,0,0,0,0,0,0.0,0,0,0,0,0.0,1,0,0.0,0,0,0,0,0,0.0,0,0.0,0,0,0,0,0,0,0,0
703667,2024-11-09,ligamx,2024,12640,Guadalajara,Atlético de San Luis,1,7,38,334,2,0.2,12,14,15,18,0.6,0,6,0.8,0,0,45.5,0,2,0.1,1,0.5,12,31,69,417,12,26,6,2
703667,2024-11-09,ligamx,2024,12640,Atlético de San Luis,Guadalajara,0,2,27,435,1,0.2,28,15,7,12,0.4,1,1,0.8,0,0,54.5,0,1,0.8,3,0.6,28,11,65,527,4,25,3,4
703668,2024-11-09,ligamx,2024,12640,Toluca,América,1,1,33,339,2,0.1,21,14,8,7,0.6,4,2,0.9,0,0,44.9,0,5,0.5,5,0.6,21,7,51,396,10,23,4,1
703668,2024-11-09,ligamx,2024,12640,América,Toluca,0,3,27,422,1,0.2,7,12,7,5,0.7,0,2,0.9,0,0,55.1,0,2,0.6,5,0.9,7,20,41,476,9,14,5,0
703669,2024-11-09,ligamx,2024,12640,Pachuca,FC Juárez,1,5,25,457,2,0.3,14,12,7,9,0.4,0,5,0.9,0,0,56.4,0,2,0.4,5,0.4,14,16,56,533,13,27,6,2
703669,2024-11-09,ligamx,2024,12640,FC Juárez,Pachuca,0,3,45,337,4,0.2,11,14,10,13,0.6,1,1,0.8,0,0,43.6,0,5,0.3,3,0.6,11,20,76,407,12,22,6,2
703670,2024-11-09,ligamx,2024,12640,Cruz Azul,Tigres UANL,1,7,40,556,2,0.2,8,6,12,4,0.7,1,2,0.9,0,0,71.2,0,0,0.2,3,0.6,8,30,59,625,18,10,4,3
703670,2024-11-09,ligamx,2024,12640,Tigres UANL,Cruz Azul,0,0,23,186,0,0.0,26,8,9,11,0.4,1,2,0.7,1,1,28.8,0,2,0.3,1,0.6,26,7,59,256,3,14,1,1
703671,2024-11-10,ligamx,2024,12640,Necaxa,Atlas,1,6,23,234,6,0.3,27,18,13,9,0.4,0,0,0.8,0,0,41.5,0,6,0.2,4,0.8,27,21,57,312,18,22,4,2
703671,2024-11-10,ligamx,2024,12640,Atlas,Necaxa,0,4,27,379,1,0.2,28,15,9,6,0.5,0,1,0.8,0,0,58.5,0,4,0.4,6,0.7,28,25,56,447,15,23,7,1
703672,2024-11-10,ligamx,2024,12640,Monterrey,León,1,4,24,404,5,0.2,17,6,8,11,0.6,2,1,0.9,1,1,55.8,1,4,0.5,12,0.6,17,17,37,471,26,10,7,2
703672,2024-11-10,ligamx,2024,12640,León,Monterrey,0,7,26,286,3,0.3,24,11,10,14,0.5,1,2,0.8,0,0,44.2,2,10,0.4,5,0.8,24,21,56,367,12,13,8,3
703673,2024-11-10,ligamx,2024,12640,Tijuana,Puebla,1,10,28,668,6,0.2,8,9,11,7,0.7,2,1,0.9,0,0,80.3,0,1,0.4,11,0.8,8,42,43,753,28,11,14,4
703673,2024-11-10,ligamx,2024,12640,Puebla,Tijuana,0,1,13,85,1,0.1,40,8,15,14,0.2,1,0,0.5,0,0,19.7,1,9,0.4,2,0.5,40,7,81,187,5,17,2,5
723396,2024-11-21,ligamx,2024,12638,Guadalajara,Atlas,1,6,33,353,4,0.4,14,8,16,5,0.5,1,0,0.8,1,1,60.7,2,4,0.3,4,0.5,14,14,69,451,15,16,2,1
723396,2024-11-21,ligamx,2024,12638,Atlas,Guadalajara,0,6,17,204,2,0.4,9,10,12,10,0.3,2,1,0.7,1,1,39.3,1,2,0.5,6,0.8,9,16,60,285,12,12,4,4
723397,2024-11-21,ligamx,2024,12639,Tijuana,América,1,2,22,333,1,0.3,29,12,23,13,0.4,2,3,0.8,0,0,49.8,1,1,0.5,4,0.7,29,8,53,425,8,18,5,3
723397,2024-11-21,ligamx,2024,12639,América,Tijuana,0,3,22,329,3,0.2,6,9,12,15,0.4,2,1,0.8,0,0,50.2,0,1,0.3,3,0.7,6,18,51,416,11,13,8,1
723706,2024-11-24,ligamx,2024,12637,Tijuana,Atlas,1,6,32,503,6,0.4,23,21,12,8,0.6,3,0,0.9,0,0,62.9,0,2,0.4,8,0.8,23,15,57,570,22,28,7,1
723706,2024-11-24,ligamx,2024,12637,Atlas,Tijuana,0,5,13,250,1,0.5,16,12,8,5,0.2,0,0,0.8,0,0,37.1,0,6,0.2,2,0.6,16,11,53,330,12,19,3,1
723400,2024-11-27,ligamx,2024,12636,América,Toluca,1,5,25,301,3,0.6,13,5,6,11,0.6,2,7,0.9,0,0,34,0,2,0.4,5,0.6,13,8,44,344,14,9,4,0
723400,2024-11-27,ligamx,2024,12636,Toluca,América,0,0,17,618,1,0.0,6,6,5,4,0.4,0,2,0.9,0,0,66,0,3,0.3,2,0.5,6,7,39,678,6,11,2,1
723401,2024-11-27,ligamx,2024,12636,Tijuana,Cruz Azul,1,5,47,674,3,0.4,12,6,9,12,0.7,3,2,0.9,0,0,73.5,0,0,0.4,4,0.9,12,14,66,743,11,7,7,0
723401,2024-11-27,ligamx,2024,12636,Cruz Azul,Tijuana,0,2,19,185,2,0.1,12,15,6,3,0.4,0,0,0.7,0,0,26.5,1,1,0.0,0,0.8,12,14,54,259,8,20,3,0
723398,2024-11-28,ligamx,2024,12636,Atlético de San Luis,Tigres UANL,1,3,29,383,1,0.5,35,3,9,13,0.5,3,1,0.8,0,0,47.7,0,7,0.6,4,0.6,35,6,58,460,7,5,2,0
723398,2024-11-28,ligamx,2024,12636,Tigres UANL,Atlético de San Luis,0,10,18,403,3,0.3,11,10,10,6,0.4,0,1,0.8,0,0,52.3,0,2,0.3,7,0.7,11,32,43,483,21,15,11,2
723399,2024-11-28,ligamx,2024,12636,Monterrey,Pumas UNAM,1,7,38,466,5,0.3,14,11,13,3,0.6,1,4,0.9,1,1,63.7,0,2,0.1,1,0.8,14,23,59,546,11,14,4,2
723399,2024-11-28,ligamx,2024,12636,Pumas UNAM,Monterrey,0,0,21,235,2,0.0,34,12,19,10,0.3,0,1,0.8,0,0,36.3,0,0,0.2,2,0.5,34,10,61,313,9,25,2,5
723403,2024-11-30,ligamx,2024,12636,Toluca,América,1,8,40,433,7,0.3,5,9,8,10,0.6,0,0,0.8,0,0,64.7,1,4,0.2,5,0.5,5,27,66,519,21,18,4,2
723403,2024-11-30,ligamx,2024,12636,América,Toluca,0,0,22,217,1,0.0,33,6,9,17,0.3,2,3,0.7,0,0,35.3,0,5,0.7,5,0.5,33,6,65,290,7,11,2,2
723404,2024-11-30,ligamx,2024,12636,Cruz Azul,Tijuana,1,4,38,342,10,0.1,12,13,7,2,0.5,3,5,0.8,0,0,57.4,0,4,0.3,9,0.9,12,30,75,435,28,15,10,1
723404,2024-11-30,ligamx,2024,12636,Tijuana,Cruz Azul,0,2,26,251,0,0.2,40,7,6,13,0.4,0,4,0.7,0,0,42.6,0,6,0.8,4,0.6,40,11,63,335,5,12,2,1
723402,2024-12-01,ligamx,2024,12636,Pumas UNAM,Monterrey,1,7,17,379,4,0.2,10,9,11,4,0.4,3,2,0.8,0,0,62.4,0,0,0.4,8,0.6,10,40,42,458,21,14,8,4
723402,2024-12-01,ligamx,2024,12636,Monterrey,Pumas UNAM,0,3,20,205,1,0.3,53,12,14,8,0.3,5,1,0.7,0,0,37.6,0,5,0.6,5,0.7,53,10,67,290,9,18,3,3
723405,2024-12-01,ligamx,2024,12636,Tigres UANL,Atlético de San Luis,1,13,29,453,8,0.3,1,8,17,13,0.5,0,4,0.9,0,1,58.7,0,5,0.3,10,0.4,1,50,53,533,29,20,6,1
723405,2024-12-01,ligamx,2024,12636,Atlético de San Luis,Tigres UANL,0,0,24,309,0,0.0,51,12,13,15,0.4,0,0,0.8,0,0,41.3,0,10,1.0,5,0.7,51,1,61,398,5,17,1,2
723944,2024-12-04,ligamx,2024,12635,Atlético de San Luis,Monterrey,1,5,29,518,5,0.4,18,10,4,13,0.6,2,2,0.9,0,0,54.2,0,0,0.4,6,0.7,18,13,52,587,15,15,5,0
723944,2024-12-04,ligamx,2024,12635,Monterrey,Atlético de San Luis,0,1,28,414,3,0.1,14,13,10,13,0.5,1,0,0.8,0,0,45.8,0,4,0.1,1,0.6,14,18,51,491,9,21,3,0
723947,2024-12-05,ligamx,2024,12635,América,Cruz Azul,1,3,20,227,2,0.3,33,9,9,8,0.4,0,3,0.8,0,0,35.1,0,2,0.3,2,0.9,33,12,46,274,6,10,6,0
723947,2024-12-05,ligamx,2024,12635,Cruz Azul,América,0,1,25,450,2,0.0,13,10,14,4,0.5,0,0,0.9,0,0,64.9,0,2,0.3,2,0.5,13,23,46,511,7,21,7,1
723946,2024-12-07,ligamx,2024,12635,Monterrey,Atlético de San Luis,1,8,29,421,5,0.3,13,6,14,8,0.6,5,3,0.8,0,0,56,0,3,0.4,10,0.5,13,27,47,506,25,11,9,0
723946,2024-12-07,ligamx,2024,12635,Atlético de San Luis,Monterrey,0,5,25,314,2,0.4,43,10,7,9,0.5,1,1,0.8,1,1,44,0,6,0.5,4,0.5,43,14,52,398,8,21,2,2
723945,2024-12-08,ligamx,2024,12635,Cruz Azul,América,1,11,43,401,4,0.3,2,10,12,8,0.6,3,0,0.8,0,0,62.6,1,0,0.4,6,0.7,2,43,77,481,16,14,6,4
723945,2024-12-08,ligamx,2024,12635,América,Cruz Azul,0,2,25,248,0,0.7,70,6,6,17,0.5,4,2,0.8,1,1,37.4,1,2,0.8,4,0.9,70,3,50,308,5,7,1,1
724678,2024-12-12,ligamx,2024,12634,América,Monterrey,1,3,37,364,1,0.3,18,5,7,6,0.6,2,4,0.9,0,0,47.2,0,1,0.5,6,0.7,18,12,61,426,13,7,8,2
724678,2024-12-12,ligamx,2024,12634,Monterrey,América,0,1,33,412,3,0.1,20,12,10,10,0.5,1,0,0.9,0,0,52.8,0,4,0.3,2,0.8,20,12,63,479,7,15,5,1
724679,2024-12-15,ligamx,2024,12634,Monterrey,América,1,11,34,592,9,0.2,17,10,10,7,0.5,1,0,0.9,0,0,70.9,0,2,0.3,6,0.6,17,47,62,680,20,18,8,1
724679,2024-12-15,ligamx,2024,12634,América,Monterrey,0,0,17,208,1,0.0,47,6,9,5,0.3,1,2,0.7,0,0,29.1,0,6,0.8,3,0.7,47,9,53,288,4,9,5,1
725043,2025-01-10,ligamx,2024,12632,Querétaro,América,1,1,31,299,1,0.1,17,8,17,8,0.5,0,1,0.8,0,0,39.9,1,6,0.0,0,0.7,17,9,60,375,6,12,1,2
725043,2025-01-10,ligamx,2024,12632,América,Querétaro,0,2,36,515,5,0.2,22,4,8,5,0.6,1,2,0.9,0,0,60.1,0,0,0.3,7,0.6,22,12,57,573,23,7,6,1
725044,2025-01-10,ligamx,2024,12632,Tijuana,Toluca,1,6,35,572,5,0.5,21,10,8,13,0.6,2,1,0.9,0,0,71.9,0,5,0.3,7,0.6,21,12,59,650,21,16,2,1
725044,2025-01-10,ligamx,2024,12632,Toluca,Tijuana,0,6,14,164,4,0.5,23,24,12,14,0.3,4,4,0.7,0,0,28.1,0,5,0.4,9,0.6,23,11,47,249,21,37,5,3
725045,2025-01-10,ligamx,2024,12632,Mazatlán FC,FC Juárez,1,5,24,382,3,0.2,12,12,15,6,0.5,1,2,0.8,0,0,51.5,0,3,0.1,1,0.7,12,29,44,456,10,18,6,4
725045,2025-01-10,ligamx,2024,12632,FC Juárez,Mazatlán FC,0,6,22,367,1,0.4,32,9,10,11,0.5,1,0,0.8,0,0,48.5,0,0,0.4,4,0.6,32,15,48,438,10,14,7,1
725046,2025-01-11,ligamx,2024,12632,Atlético de San Luis,Tigres UANL,1,4,27,390,4,0.3,19,9,11,15,0.4,1,0,0.8,0,0,49.2,1,1,0.5,6,0.6,19,13,68,479,12,14,6,0
725046,2025-01-11,ligamx,2024,12632,Tigres UANL,Atlético de San Luis,0,7,27,416,5,0.4,18,11,10,22,0.6,3,1,0.8,0,0,50.8,0,5,0.3,4,0.7,18,17,48,495,13,16,5,1
725048,2025-01-11,ligamx,2024,12632,Guadalajara,Santos,1,3,29,358,3,0.2,20,13,17,9,0.5,1,2,0.8,0,1,60.4,0,2,0.2,3,0.7,20,17,62,438,16,19,5,1
725048,2025-01-11,ligamx,2024,12632,Santos,Guadalajara,0,1,17,206,3,0.1,30,18,13,10,0.3,0,1,0.7,0,0,39.6,1,2,0.3,2,0.6,30,10,55,287,7,29,4,0
725049,2025-01-11,ligamx,2024,12632,Cruz Azul,Atlas,1,4,40,470,2,0.2,10,10,12,4,0.6,1,1,0.8,1,1,65.8,0,1,0.3,4,0.7,10,24,66,557,14,14,8,1
725049,2025-01-11,ligamx,2024,12632,Atlas,Cruz Azul,0,4,18,212,1,0.3,32,10,10,15,0.3,1,2,0.7,0,0,34.2,0,3,0.2,2,0.6,32,15,54,284,12,17,4,1
725047,2025-01-12,ligamx,2024,12632,Monterrey,Puebla,1,6,28,616,6,0.3,10,11,13,7,0.7,1,1,0.9,0,0,69.1,0,4,0.1,2,0.5,10,20,43,705,15,21,10,0
725047,2025-01-12,ligamx,2024,12632,Puebla,Monterrey,0,2,24,243,1,0.4,27,16,15,16,0.4,1,0,0.8,0,0,30.9,0,1,0.5,5,0.7,27,5,54,320,10,22,1,3
725050,2025-01-12,ligamx,2024,12632,Pumas UNAM,Necaxa,1,2,22,205,3,0.2,34,13,20,8,0.3,2,2,0.7,0,0,40,0,7,0.5,7,0.5,34,11,69,301,15,24,6,3
725050,2025-01-12,ligamx,2024,12632,Necaxa,Pumas UNAM,0,7,25,363,9,0.3,16,13,11,9,0.4,1,2,0.8,0,0,60,0,5,0.3,8,0.7,16,28,58,444,25,18,2,0
725051,2025-01-16,ligamx,2024,12632,América,Tijuana,1,7,19,204,4,0.5,7,11,6,6,0.4,1,1,0.8,0,0,30.6,0,4,0.5,8,0.7,7,15,44,262,17,16,6,1
725051,2025-01-16,ligamx,2024,12632,Tijuana,América,0,0,28,569,0,0.0,11,11,11,10,0.7,1,1,0.9,0,0,69.4,0,7,0.5,5,0.7,11,6,43,625,11,16,0,3
725052,2025-01-17,ligamx,2024,12632,Puebla,Atlético de San Luis,1,4,20,298,2,0.4,15,21,12,12,0.4,1,6,0.8,0,0,38.6,0,1,0.3,2,0.7,15,11,47,371,7,29,3,2
725052,2025-01-17,ligamx,2024,12632,Atlético de San Luis,Puebla,0,2,24,520,2,0.2,10,15,11,13,0.5,2,0,0.9,0,0,61.4,0,1,0.3,3,0.8,10,13,51,591,11,20,4,2
725053,2025-01-17,ligamx,2024,12632,Necaxa,Guadalajara,1,8,24,302,8,0.4,22,9,21,6,0.5,3,0,0.8,0,0,49.7,0,0,0.4,6,0.6,22,22,47,372,17,15,5,4
725053,2025-01-17,ligamx,2024,12632,Guadalajara,Necaxa,0,3,31,310,3,0.1,16,13,15,9,0.6,2,3,0.8,1,1,50.3,0,3,0.3,2,0.6,16,24,53,372,8,22,6,3
725054,2025-01-17,ligamx,2024,12632,Tigres UANL,Mazatlán FC,1,0,0,0,0,0.0,0,0,0,0,0.0,2,0,0.0,0,0,0,0,0,0.0,0,0.0,0,0,0,0,0,0,0,0
725054,2025-01-17,ligamx,2024,12632,Mazatlán FC,Tigres UANL,0,0,0,0,0,0.0,0,0,0,0,0.0,1,0,0.0,0,0,0,0,0,0.0,0,0.0,0,0,0,0,0,0,0,0
725055,2025-01-18,ligamx,2024,12632,Toluca,Monterrey,1,2,31,322,2,0.2,26,17,9,12,0.6,1,1,0.8,0,0,43.1,0,2,0.4,5,0.7,26,11,54,387,13,26,5,1
725055,2025-01-18,ligamx,2024,12632,Monterrey,Toluca,0,3,29,446,5,0.2,16,10,8,12,0.6,1,3,0.9,0,0,56.9,0,4,0.3,3,0.7,16,16,49,508,11,15,6,1
725056,2025-01-18,ligamx,2024,12632,Atlas,León,1,2,27,368,3,0.1,23,8,16,11,0.5,1,3,0.8,0,0,53.3,0,2,0.3,3,0.6,23,19,57,446,12,13,10,1
725056,2025-01-18,ligamx,2024,12632,León,Atlas,0,3,20,310,3,0.2,33,15,9,12,0.4,2,4,0.8,1,1,46.7,0,2,0.3,4,0.7,33,17,47,389,13,23,4,1
725057,2025-01-18,ligamx,2024,12632,FC Juárez,Cruz Azul,1,1,18,237,0,0.2,33,9,19,21,0.3,1,2,0.7,0,0,36.1,0,0,0.5,2,0.6,33,6,56,321,4,16,0,4
725057,2025-01-18,ligamx,2024,12632,Cruz Azul,FC Juárez,0,3,26,453,0,0.1,7,12,14,8,0.5,0,0,0.8,0,0,63.9,0,0,0.0,0,0.4,7,24,53,550,5,27,6,3
725058,2025-01-19,ligamx,2024,12632,Querétaro,Pumas UNAM,1,3,20,193,3,0.5,34,14,12,3,0.4,3,2,0.7,0,0,34.5,1,1,0.4,3,0.7,34,6,56,268,7,19,1,4
725058,2025-01-19,ligamx,2024,12632,Pumas UNAM,Querétaro,0,11,31,423,6,0.3,8,5,18,8,0.5,2,3,0.9,1,1,65.5,0,0,0.2,3,0.4,8,34,60,491,17,12,6,2
725059,2025-01-20,ligamx,2024,12632,Pachuca,Santos,1,4,30,327,5,0.3,27,6,19,11,0.7,2,2,0.8,0,0,48.7,0,1,0.4,7,0.5,27,15,43,394,18,11,6,2
725059,2025-01-20,ligamx,2024,12632,Santos,Pachuca,0,6,33,331,2,0.3,15,8,20,9,0.5,1,0,0.8,1,1,51.3,1,6,0.3,2,0.5,15,18,69,412,8,16,4,2
725060,2025-01-24,ligamx,2024,12632,Atlético de San Luis,Necaxa,1,7,36,443,4,0.5,18,11,8,7,0.5,0,2,0.8,0,0,59.2,0,3,0.3,4,0.6,18,14,68,533,14,17,4,0
725060,2025-01-24,ligamx,2024,12632,Necaxa,Atlético de San Luis,0,4,25,276,2,0.2,14,8,15,17,0.5,3,3,0.8,0,0,40.8,0,4,0.4,6,0.6,14,18,53,357,17,14,5,0
725061,2025-01-24,ligamx,2024,12632,Tijuana,Querétaro,1,7,29,610,7,0.3,17,9,10,3,0.7,2,0,0.9,0,0,75.3,0,5,0.3,7,0.8,17,23,44,689,25,12,9,2
725061,2025-01-24,ligamx,2024,12632,Querétaro,Tijuana,0,3,16,152,1,0.2,38,11,11,7,0.3,1,0,0.7,0,0,24.7,1,5,0.7,6,0.5,38,14,51,220,9,23,5,2
725062,2025-01-24,ligamx,2024,12632,Mazatlán FC,Toluca,1,5,43,348,1,0.4,27,17,14,15,0.6,2,3,0.8,0,0,46.8,0,8,0.6,3,0.6,27,12,72,448,5,27,2,1
725062,2025-01-24,ligamx,2024,12632,Toluca,Mazatlán FC,0,5,17,414,4,0.4,25,18,17,9,0.3,1,2,0.8,0,0,53.2,0,1,0.7,10,0.7,25,13,60,513,15,27,3,4
725063,2025-01-25,ligamx,2024,12632,Cruz Azul,Puebla,1,4,36,547,6,0.2,8,16,5,13,0.6,1,1,0.9,0,0,70,0,1,0.1,2,0.6,8,22,58,632,15,26,5,3
725063,2025-01-25,ligamx,2024,12632,Puebla,Cruz Azul,0,0,17,182,1,0.0,24,9,18,19,0.3,1,1,0.7,0,0,30,0,1,0.5,2,0.5,24,9,54,269,4,18,1,2
725064,2025-01-25,ligamx,2024,12632,León,FC Juárez,1,4,19,337,5,0.2,19,18,13,12,0.4,1,3,0.8,1,1,49,0,4,0.3,4,0.6,19,26,43,398,14,29,9,1
725064,2025-01-25,ligamx,2024,12632,FC Juárez,León,0,4,18,371,3,0.3,24,4,10,8,0.5,0,0,0.9,0,0,51,0,3,0.4,4,0.6,24,16,36,423,9,7,6,3
725065,2025-01-25,ligamx,2024,12632,Monterrey,Pachuca,1,11,49,498,3,0.3,8,18,7,5,0.7,2,0,0.9,1,1,64.4,0,2,0.5,8,0.7,8,42,70,580,17,26,13,0
725065,2025-01-25,ligamx,2024,12632,Pachuca,Monterrey,0,0,22,275,0,0.0,51,14,8,13,0.5,3,0,0.8,1,1,35.6,0,6,0.6,5,0.8,51,3,42,339,8,17,1,1
725066,2025-01-25,ligamx,2024,12632,Guadalajara,Tigres UANL,1,6,29,290,9,0.3,29,16,13,6,0.4,1,1,0.8,0,0,46.3,0,1,0.3,5,0.6,29,18,69,380,15,27,6,1
725066,2025-01-25,ligamx,2024,12632,Tigres UANL,Guadalajara,0,5,26,361,7,0.2,26,13,9,18,0.4,1,0,0.8,0,0,53.7,0,4,0.1,2,0.6,26,22,58,437,15,21,5,0
725067,2025-01-25,ligamx,2024,12632,Santos,América,1,9,17,301,5,0.4,13,11,12,4,0.4,1,1,0.8,1,1,44.1,0,5,0.1,2,0.5,13,22,46,379,18,21,7,3
725067,2025-01-25,ligamx,2024,12632,América,Santos,0,4,25,438,8,0.4,32,9,14,10,0.5,4,4,0.9,0,0,55.9,0,1,0.4,9,0.8,32,11,46,501,23,12,4,1
725068,2025-01-26,ligamx,2024,12632,Pumas UNAM,Atlas,1,3,28,363,5,0.1,23,11,16,4,0.5,0,3,0.8,0,0,57.7,0,3,0.2,2,0.6,23,22,55,437,12,17,6,4
725068,2025-01-26,ligamx,2024,12632,Atlas,Pumas UNAM,0,1,18,255,3,0.1,29,11,12,10,0.4,0,3,0.8,0,0,42.3,0,2,0.3,3,0.6,29,9,50,328,9,17,0,1
725069,2025-01-28,ligamx,2024,12632,América,Atlético de San Luis,1,2,31,447,2,0.2,10,6,10,12,0.6,3,2,0.9,0,0,55.2,0,2,0.5,6,0.3,10,10,53,502,13,19,3,0
725069,2025-01-28,ligamx,2024,12632,Atlético de San Luis,América,0,2,25,344,0,0.3,18,13,13,4,0.5,0,1,0.8,0,0,44.8,0,2,0.4,2,0.7,18,6,49,407,5,19,4,1
725070,2025-01-28,ligamx,2024,12632,Puebla,Mazatlán FC,1,4,29,535,6,0.1,13,11,11,6,0.6,0,3,0.9,0,0,68.7,0,2,0.1,2,0.6,13,44,49,609,18,20,10,1
725070,2025-01-28,ligamx,2024,12632,Mazatlán FC,Puebla,0,0,23,204,1,0.0,33,15,14,7,0.4,1,0,0.7,0,0,31.3,0,2,0.5,2,0.7,33,4,62,296,4,22,0,6
725071,2025-01-28,ligamx,2024,12632,Necaxa,Cruz Azul,1,3,26,278,3,0.2,17,10,14,7,0.5,1,2,0.8,0,0,45.7,0,4,0.3,4,0.6,17,13,57,348,13,17,2,0
725071,2025-01-28,ligamx,2024,12632,Cruz Azul,Necaxa,0,0,27,354,6,0.0,24,16,13,9,0.5,3,1,0.8,0,0,54.3,0,2,0.4,7,0.8,24,16,53,418,20,21,6,3
725072,2025-01-28,ligamx,2024,12632,Tigres UANL,Tijuana,1,6,12,276,2,0.4,12,11,16,6,0.3,4,1,0.8,1,1,45.1,0,2,0.5,9,0.6,12,15,42,350,20,18,7,1
725072,2025-01-28,ligamx,2024,12632,Tijuana,Tigres UANL,0,3,17,365,4,0.4,20,5,17,6,0.3,0,2,0.8,0,0,54.9,0,5,0.2,2,0.7,20,7,53,438,13,7,3,4
725073,2025-01-28,ligamx,2024,12632,León,Guadalajara,1,2,29,304,4,0.2,27,14,11,7,0.6,2,0,0.8,0,1,45.9,0,2,0.3,3,0.6,27,11,52,364,12,24,3,1
725073,2025-01-28,ligamx,2024,12632,Guadalajara,León,0,6,27,367,5,0.3,12,14,13,3,0.5,1,3,0.9,0,0,54.1,0,1,0.4,3,0.7,12,21,51,427,8,20,5,2
725074,2025-01-29,ligamx,2024,12632,Atlas,Monterrey,1,3,20,230,5,0.2,32,7,18,6,0.3,3,1,0.7,0,0,35.8,0,3,0.3,4,0.5,32,15,63,308,12,14,3,1
725074,2025-01-29,ligamx,2024,12632,Monterrey,Atlas,0,8,24,469,3,0.3,37,14,12,10,0.5,3,0,0.9,0,0,64.2,0,1,0.5,6,0.7,37,29,47,548,13,19,6,3
725075,2025-01-29,ligamx,2024,12632,Querétaro,Pachuca,1,1,34,318,4,0.0,21,17,14,7,0.5,0,2,0.8,0,0,48.6,0,3,0.1,1,0.6,21,25,74,405,12,29,5,2
725075,2025-01-29,ligamx,2024,12632,Pachuca,Querétaro,0,1,30,350,5,0.1,26,14,16,14,0.4,1,4,0.8,0,0,51.4,0,1,0.4,4,0.6,26,17,68,438,11,24,8,2
725076,2025-01-29,ligamx,2024,12632,Pumas UNAM,Toluca,1,4,12,341,3,0.3,31,5,11,6,0.3,1,0,0.8,0,0,41.3,0,4,0.4,4,0.3,31,12,39,421,11,16,4,4
725076,2025-01-29,ligamx,2024,12632,Toluca,Pumas UNAM,0,4,37,516,4,0.2,21,16,7,9,0.6,1,0,0.9,0,0,58.7,0,3,0.2,4,0.7,21,20,60,596,17,24,5,1
725077,2025-01-29,ligamx,2024,12632,FC Juárez,Santos,1,6,28,405,7,0.2,19,6,14,8,0.6,1,3,0.9,0,0,56.5,0,1,0.2,3,0.5,19,26,46,473,17,13,7,1
725077,2025-01-29,ligamx,2024,12632,Santos,FC Juárez,0,1,20,284,2,0.1,30,14,10,7,0.5,0,4,0.8,0,0,43.5,0,2,0.3,1,0.6,30,15,40,364,4,24,3,2
725078,2025-01-31,ligamx,2024,12632,Mazatlán FC,León,1,4,15,433,1,0.2,18,15,14,9,0.5,1,5,0.9,0,0,54.9,1,0,0.3,2,0.6,18,17,33,500,8,25,5,3
725078,2025-01-31,ligamx,2024,12632,León,Mazatlán FC,0,1,30,345,0,0.1,22,13,17,9,0.6,2,2,0.8,0,0,45.1,1,1,0.3,2,0.5,22,8,54,416,6,24,2,2
725079,2025-01-31,ligamx,2024,12632,Tijuana,Cruz Azul,1,5,21,484,0,0.3,18,14,9,13,0.6,2,2,0.9,0,0,65,0,3,0.5,6,0.6,18,18,35,556,13,22,3,2
725079,2025-01-31,ligamx,2024,12632,Cruz Azul,Tijuana,0,5,25,218,2,0.5,27,14,15,6,0.4,3,2,0.7,1,1,35,0,4,0.5,6,0.6,27,10,58,300,12,23,5,5
725080,2025-02-01,ligamx,2024,12632,América,FC Juárez,1,1,42,527,1,0.2,20,8,9,7,0.7,4,3,0.9,0,0,59.5,0,2,0.7,8,0.8,20,6,61,593,12,10,2,0
725080,2025-02-01,ligamx,2024,12632,FC Juárez,América,0,2,18,342,4,0.1,15,8,10,8,0.4,0,0,0.9,0,0,40.5,0,4,0.2,2,0.5,15,16,42,391,11,17,5,1
725081,2025-02-01,ligamx,2024,12632,Guadalajara,Querétaro,1,4,22,278,3,0.2,18,21,20,4,0.4,1,1,0.8,0,0,47.9,1,1,0.5,5,0.6,18,24,53,351,11,34,6,4
725081,2025-02-01,ligamx,2024,12632,Querétaro,Guadalajara,0,1,25,333,1,0.1,25,13,8,13,0.5,1,2,0.9,0,0,52.1,0,4,0.4,2,0.7,25,15,48,390,5,20,6,5
725082,2025-02-01,ligamx,2024,12632,Monterrey,Necaxa,1,5,28,307,5,0.3,41,16,17,14,0.5,1,0,0.8,0,0,44.4,0,5,0.2,4,0.6,41,19,60,390,17,29,4,2
725082,2025-02-01,ligamx,2024,12632,Necaxa,Monterrey,0,5,30,405,5,0.2,21,12,11,11,0.5,0,2,0.8,0,0,55.6,0,3,0.3,5,0.6,21,28,62,490,16,19,11,3
725083,2025-02-01,ligamx,2024,12632,Pachuca,Atlas,1,3,49,359,3,0.3,20,14,16,11,0.7,0,1,0.8,0,0,57.5,0,3,0.3,4,0.7,20,12,68,429,14,19,6,2
725083,2025-02-01,ligamx,2024,12632,Atlas,Pachuca,0,4,19,242,2,0.3,30,16,13,10,0.4,0,1,0.8,0,0,42.5,1,4,0.3,3,0.7,30,15,47,312,11,23,2,2
725084,2025-02-01,ligamx,2024,12632,Toluca,Tigres UANL,1,5,32,519,9,0.3,18,5,9,11,0.6,1,1,0.9,0,0,65.8,0,0,0.2,6,0.4,18,19,56,594,26,13,3,4
725084,2025-02-01,ligamx,2024,12632,Tigres UANL,Toluca,0,4,29,234,3,0.3,24,12,15,8,0.5,0,1,0.8,0,0,34.2,0,5,0.0,0,0.7,24,14,55,303,7,18,7,4
725085,2025-02-02,ligamx,2024,12632,Santos,Puebla,1,9,28,372,7,0.3,28,13,14,8,0.5,0,3,0.8,0,0,64.9,0,6,0.3,5,0.5,28,28,51,457,19,24,3,1
725085,2025-02-02,ligamx,2024,12632,Puebla,Santos,0,2,25,177,3,0.3,24,13,23,15,0.4,2,0,0.7,0,0,35.1,0,5,0.4,8,0.5,24,7,62,257,18,24,4,3
725086,2025-02-02,ligamx,2024,12632,Atlético de San Luis,Pumas UNAM,1,4,47,422,2,0.3,13,12,12,8,0.5,2,1,0.8,0,0,62.5,0,3,0.5,4,0.8,13,15,97,526,8,16,6,3
725086,2025-02-02,ligamx,2024,12632,Pumas UNAM,Atlético de San Luis,0,4,27,233,2,0.3,28,14,20,10,0.4,3,4,0.7,0,0,37.5,0,2,0.4,6,0.7,28,12,64,313,14,19,1,5
725087,2025-02-05,ligamx,2024,12632,Pachuca,León,1,4,34,376,4,0.3,10,10,12,6,0.6,1,7,0.9,0,0,54.1,1,2,0.5,9,0.7,10,15,59,432,20,14,9,4
725087,2025-02-05,ligamx,2024,12632,León,Pachuca,0,3,30,300,1,0.5,19,13,18,10,0.4,2,2,0.8,0,0,45.9,0,8,0.5,4,0.5,19,6,73,368,8,27,3,3
725088,2025-02-07,ligamx,2024,12632,Querétaro,Atlético de San Luis,1,6,24,269,3,0.4,31,6,9,10,0.5,1,2,0.8,0,0,37.4,0,2,0.2,3,0.7,31,14,52,338,13,9,5,1
725088,2025-02-07,ligamx,2024,12632,Atlético de San Luis,Querétaro,0,1,32,473,3,0.0,9,9,15,1,0.5,0,1,0.8,0,0,62.6,0,2,0.3,3,0.6,9,25,67,560,9,14,3,2
725089,2025-02-07,ligamx,2024,12632,Puebla,América,1,5,15,104,2,0.3,22,15,21,8,0.3,1,2,0.6,0,0,25.4,1,3,0.4,4,0.7,22,17,57,188,9,22,3,6
725089,2025-02-07,ligamx,2024,12632,América,Puebla,0,6,40,517,3,0.4,34,21,7,4,0.6,2,2,0.9,0,0,74.6,0,3,0.3,5,0.7,34,17,64,587,17,31,10,2
725090,2025-02-07,ligamx,2024,12632,Necaxa,Santos,1,9,25,396,6,0.3,26,9,12,4,0.5,3,1,0.8,1,1,60.3,0,4,0.4,10,0.6,26,28,53,470,25,14,8,1
725090,2025-02-07,ligamx,2024,12632,Santos,Necaxa,0,3,40,228,3,0.1,28,13,7,8,0.6,2,1,0.8,0,0,39.7,0,7,0.5,7,0.6,28,21,69,303,15,21,6,1
725091,2025-02-08,ligamx,2024,12632,León,Toluca,1,4,27,251,3,0.4,25,6,9,4,0.5,3,3,0.8,0,0,36.1,0,3,0.3,4,0.5,25,11,53,320,13,12,1,3
725091,2025-02-08,ligamx,2024,12632,Toluca,León,0,4,41,490,4,0.3,13,15,9,4,0.6,3,3,0.8,0,0,63.9,0,1,0.3,6,0.8,13,12,65,577,20,19,5,2
725092,2025-02-08,ligamx,2024,12632,Tigres UANL,Atlas,1,4,33,364,1,0.3,19,7,8,14,0.5,2,3,0.8,0,0,54.6,1,2,0.3,4,0.5,19,15,65,440,12,14,4,0
725092,2025-02-08,ligamx,2024,12632,Atlas,Tigres UANL,0,3,30,267,5,0.2,25,11,14,5,0.5,1,0,0.7,0,1,45.4,0,2,0.3,3,0.7,25,14,62,358,11,16,3,3
725093,2025-02-08,ligamx,2024,12632,Cruz Azul,Pachuca,1,7,41,352,4,0.3,13,13,14,6,0.6,2,0,0.8,0,1,57.5,0,2,0.4,8,0.7,13,25,71,422,20,20,12,3
725093,2025-02-08,ligamx,2024,12632,Pachuca,Cruz Azul,0,3,29,246,2,0.2,16,10,14,6,0.5,1,4,0.8,0,0,42.5,1,6,0.4,3,0.6,16,19,55,305,8,16,7,0
725094,2025-02-08,ligamx,2024,12632,FC Juárez,Monterrey,1,3,15,228,2,0.2,36,20,19,10,0.3,2,2,0.8,0,0,38.5,0,7,0.6,5,0.8,36,16,53,299,9,24,5,5
725094,2025-02-08,ligamx,2024,12632,Monterrey,FC Juárez,0,7,31,403,5,0.3,20,13,12,1,0.6,1,0,0.8,0,0,61.5,0,3,0.4,8,0.7,20,26,52,479,19,19,3,3
725095,2025-02-09,ligamx,2024,12632,Pumas UNAM,Mazatlán FC,1,4,34,422,4,0.2,12,2,18,10,0.5,1,0,0.8,0,0,58.6,0,0,0.2,2,0.3,12,24,70,504,10,6,3,5
725095,2025-02-09,ligamx,2024,12632,Mazatlán FC,Pumas UNAM,0,2,20,286,2,0.2,25,8,16,11,0.3,0,0,0.8,0,0,41.4,0,1,0.0,0,0.7,25,10,58,360,10,12,5,4
725096,2025-02-09,ligamx,2024,12632,Guadalajara,Tijuana,1,1,24,198,2,0.2,22,15,13,4,0.4,2,4,0.8,0,0,34.4,0,1,0.6,7,0.7,22,6,54,261,12,21,7,2
725096,2025-02-09,ligamx,2024,12632,Tijuana,Guadalajara,0,6,27,441,5,0.4,24,10,14,8,0.6,1,1,0.9,0,0,65.6,1,5,0.1,2,0.5,24,15,48,498,15,19,5,3
725097,2025-02-14,ligamx,2024,12632,Mazatlán FC,Santos,1,9,23,307,8,0.4,26,12,16,11,0.4,1,4,0.8,0,0,48.1,1,2,0.2,5,0.8,26,25,53,389,22,15,11,3
725097,2025-02-14,ligamx,2024,12632,Santos,Mazatlán FC,0,3,27,345,7,0.2,36,14,12,9,0.4,1,2,0.8,0,0,51.9,1,4,0.3,3,0.6,36,17,64,432,11,22,8,0
725098,2025-02-14,ligamx,2024,12632,Tijuana,FC Juárez,1,4,35,489,5,0.4,28,6,10,11,0.6,1,2,0.9,0,0,62.5,0,3,0.3,7,0.5,28,11,57,566,22,13,5,2
725098,2025-02-14,ligamx,2024,12632,FC Juárez,Tijuana,0,2,21,239,4,0.2,18,14,10,13,0.4,2,1,0.7,0,0,37.5,0,6,0.4,5,0.7,18,13,52,333,13,20,4,1
725100,2025-02-14,ligamx,2024,12632,América,Necaxa,1,8,35,451,2,0.3,21,9,6,6,0.6,2,3,0.9,0,0,69.8,1,1,0.4,6,0.6,21,30,56,521,14,16,7,2
725100,2025-02-14,ligamx,2024,12632,Necaxa,América,0,2,18,156,2,0.2,31,22,11,7,0.3,3,2,0.7,0,0,30.2,0,4,0.4,4,0.8,31,10,55,229,10,26,3,1
725099,2025-02-15,ligamx,2024,12632,Atlas,Puebla,1,5,19,360,1,0.2,14,6,6,11,0.5,3,1,0.8,1,1,63.2,0,0,0.3,6,0.5,14,26,41,441,19,12,7,3
725099,2025-02-15,ligamx,2024,12632,Puebla,Atlas,0,4,26,180,3,0.3,42,15,24,16,0.4,2,2,0.7,0,0,36.8,0,3,0.3,2,0.6,42,14,62,260,8,27,3,3
725101,2025-02-15,ligamx,2024,12632,Tigres UANL,Cruz Azul,1,2,24,183,1,0.1,26,15,19,20,0.5,2,2,0.7,0,0,35,1,3,0.6,5,0.6,26,14,52,250,9,24,6,4
725101,2025-02-15,ligamx,2024,12632,Cruz Azul,Tigres UANL,0,5,23,394,5,0.2,15,15,16,9,0.6,1,1,0.8,0,0,65,0,3,0.3,4,0.7,15,31,39,469,16,22,5,5
725102,2025-02-15,ligamx,2024,12632,Toluca,Guadalajara,1,3,21,552,5,0.2,16,11,14,5,0.5,2,0,0.9,0,0,59.4,0,2,0.5,8,0.5,16,15,44,626,16,21,5,1
725102,2025-02-15,ligamx,2024,12632,Guadalajara,Toluca,0,6,15,337,3,0.4,19,13,8,10,0.4,1,4,0.8,0,0,40.6,0,7,0.3,3,0.8,19,17,40,411,9,17,5,0
725103,2025-02-16,ligamx,2024,12632,Querétaro,Monterrey,1,6,24,301,0,0.3,8,15,20,4,0.5,2,3,0.8,0,0,45.5,1,3,0.3,3,0.7,8,19,49,363,9,23,5,2
725103,2025-02-16,ligamx,2024,12632,Monterrey,Querétaro,0,4,35,394,3,0.4,21,13,16,9,0.6,4,4,0.9,0,0,54.5,0,1,0.5,7,0.5,21,11,55,449,14,25,3,2
725104,2025-02-16,ligamx,2024,12632,Pachuca,Pumas UNAM,1,2,35,382,2,0.1,27,18,13,5,0.5,2,2,0.9,0,0,51,0,2,0.6,10,0.7,27,16,65,446,17,26,14,2
725104,2025-02-16,ligamx,2024,12632,Pumas UNAM,Pachuca,0,3,29,365,6,0.2,24,13,13,8,0.5,1,3,0.9,0,0,49,0,8,0.3,3,0.8,24,16,53,423,12,17,5,0
725105,2025-02-16,ligamx,2024,12632,Atlético de San Luis,León,1,6,33,503,3,0.3,8,5,14,7,0.6,1,1,0.9,0,1,58.4,0,1,0.5,6,0.6,8,18,51,563,13,9,6,1
725105,2025-02-16,ligamx,2024,12632,León,Atlético de San Luis,0,6,41,336,1,0.4,17,15,13,9,0.6,2,5,0.8,0,0,41.6,0,5,0.3,3,0.7,17,15,65,399,9,23,3,2
725107,2025-02-18,ligamx,2024,12632,Atlas,Necaxa,1,7,11,250,3,0.3,17,17,13,11,0.3,0,1,0.7,0,0,49.9,0,5,0.2,2,0.7,17,26,41,340,9,26,8,3
725107,2025-02-18,ligamx,2024,12632,Necaxa,Atlas,0,0,17,276,1,0.0,29,9,21,14,0.4,4,2,0.8,0,0,50.1,0,2,0.6,9,0.7,29,13,40,352,14,13,3,3
725106,2025-02-19,ligamx,2024,12632,Santos,Cruz Azul,1,7,26,327,1,0.4,30,9,9,15,0.6,0,1,0.8,0,0,44.6,0,3,0.3,2,0.6,30,19,47,394,7,16,7,2
725106,2025-02-19,ligamx,2024,12632,Cruz Azul,Santos,0,5,36,427,4,0.2,28,16,19,5,0.6,1,1,0.9,0,0,55.4,0,2,0.3,5,0.7,28,21,58,497,16,22,10,3
725108,2025-02-19,ligamx,2024,12632,América,León,1,2,28,438,4,0.2,15,6,7,13,0.6,1,3,0.9,0,0,55.9,0,4,0.2,3,0.5,15,13,45,501,14,11,2,1
725108,2025-02-19,ligamx,2024,12632,León,América,0,4,24,317,0,0.4,21,12,11,7,0.5,1,1,0.8,0,0,44.1,0,2,0.6,5,0.7,21,11,52,393,9,18,2,4
725109,2025-02-21,ligamx,2024,12632,Necaxa,Mazatlán FC,1,11,31,504,5,0.3,20,7,11,3,0.7,3,1,0.9,0,0,72.6,0,2,0.5,10,0.5,20,32,45,554,22,13,10,1
725109,2025-02-21,ligamx,2024,12632,Mazatlán FC,Necaxa,0,3,12,141,1,0.2,29,9,12,5,0.3,1,3,0.7,0,0,27.4,0,6,0.6,3,0.6,29,14,44,203,5,16,4,3
725110,2025-02-21,ligamx,2024,12632,Puebla,Tijuana,1,3,21,163,6,0.3,28,15,20,6,0.4,2,3,0.7,1,1,33.5,0,4,0.3,4,0.6,28,11,51,239,15,24,3,2
725110,2025-02-21,ligamx,2024,12632,Tijuana,Puebla,0,7,41,400,2,0.3,24,14,11,6,0.6,0,0,0.8,0,0,66.5,0,2,0.2,4,0.8,24,24,71,471,18,18,5,4
725111,2025-02-22,ligamx,2024,12632,León,Tigres UANL,1,8,52,295,5,0.6,24,14,11,7,0.6,1,2,0.8,0,0,38.1,0,2,0.4,5,0.9,24,14,82,373,14,16,4,2
725111,2025-02-22,ligamx,2024,12632,Tigres UANL,León,0,3,24,541,2,0.2,11,11,11,9,0.5,0,2,0.9,0,0,61.9,0,4,0.2,2,0.8,11,19,44,607,9,13,3,3
725112,2025-02-22,ligamx,2024,12632,Monterrey,Atlético de San Luis,1,9,16,456,2,0.5,19,19,9,16,0.5,3,3,0.9,0,0,49.7,0,0,0.3,7,0.8,19,18,35,534,22,25,6,0
725112,2025-02-22,ligamx,2024,12632,Atlético de San Luis,Monterrey,0,1,34,452,3,0.1,19,9,7,6,0.6,1,2,0.8,0,0,50.3,0,4,0.2,1,0.8,19,12,57,541,6,11,6,2
725113,2025-02-22,ligamx,2024,12632,Guadalajara,Pachuca,1,1,21,221,1,0.2,30,19,18,15,0.3,2,0,0.7,0,0,38,1,4,0.6,4,0.6,30,6,71,319,7,30,2,2
725113,2025-02-22,ligamx,2024,12632,Pachuca,Guadalajara,0,4,51,423,4,0.2,14,13,7,8,0.7,1,2,0.8,0,0,62,0,2,0.3,5,0.6,14,21,73,508,19,21,11,4
725114,2025-02-22,ligamx,2024,12632,Pumas UNAM,América,1,3,19,239,1,0.4,27,9,12,9,0.4,0,1,0.8,0,0,35.8,1,3,0.0,0,0.8,27,8,44,296,6,11,4,3
725114,2025-02-22,ligamx,2024,12632,América,Pumas UNAM,0,3,30,470,5,0.2,13,10,7,9,0.6,2,4,0.9,0,0,64.2,0,0,0.3,5,0.7,13,15,47,534,15,15,6,0
725115,2025-02-22,ligamx,2024,12632,FC Juárez,Toluca,1,3,29,364,1,0.2,8,9,13,13,0.5,0,0,0.8,0,0,47.4,0,3,0.3,3,0.7,8,20,56,447,9,13,6,4
725115,2025-02-22,ligamx,2024,12632,Toluca,FC Juárez,0,2,48,422,1,0.3,25,22,15,13,0.6,4,1,0.8,0,0,52.6,0,3,0.6,7,0.7,25,6,87,514,12,33,2,2
725116,2025-02-23,ligamx,2024,12632,Santos,Atlas,1,4,29,267,1,0.2,32,14,12,6,0.4,2,2,0.8,0,0,51.4,0,2,0.7,10,0.7,32,19,67,356,15,21,6,2
725116,2025-02-23,ligamx,2024,12632,Atlas,Santos,0,6,25,234,6,0.4,16,10,22,6,0.4,0,3,0.7,0,0,48.6,0,7,0.1,1,0.6,16,17,61,333,13,17,6,2
725117,2025-02-23,ligamx,2024,12632,Cruz Azul,Querétaro,1,12,40,466,10,0.4,7,7,14,11,0.6,1,2,0.9,0,0,65.1,0,2,0.1,2,0.5,7,34,65,535,18,13,11,1
725117,2025-02-23,ligamx,2024,12632,Querétaro,Cruz Azul,0,4,23,228,1,0.4,36,9,11,7,0.4,0,3,0.8,0,0,34.9,0,1,0.3,2,0.6,36,9,52,294,7,15,2,1
725118,2025-02-25,ligamx,2024,12632,Tigres UANL,FC Juárez,1,6,26,362,6,0.2,17,11,16,5,0.5,0,5,0.8,0,0,60,0,1,0.3,6,0.6,17,30,48,446,19,19,11,4
725118,2025-02-25,ligamx,2024,12632,FC Juárez,Tigres UANL,0,1,12,223,1,0.1,34,21,11,11,0.2,1,1,0.7,0,0,40,0,6,0.3,2,0.7,34,9,52,309,8,29,1,5
725119,2025-02-25,ligamx,2024,12632,Tijuana,Pumas UNAM,1,1,27,376,1,0.3,33,10,13,11,0.4,4,6,0.8,0,0,52.6,0,2,0.5,5,0.6,33,4,64,467,10,18,2,3
725119,2025-02-25,ligamx,2024,12632,Pumas UNAM,Tijuana,0,5,25,298,3,0.2,18,14,10,5,0.4,2,1,0.7,0,0,47.4,0,1,0.4,6,0.7,18,21,71,404,16,21,11,1
725120,2025-02-25,ligamx,2024,12632,Mazatlán FC,Monterrey,1,3,19,158,0,0.3,44,12,19,13,0.4,1,3,0.7,0,0,29.3,0,5,0.4,4,0.6,44,10,52,233,9,19,1,4
725120,2025-02-25,ligamx,2024,12632,Monterrey,Mazatlán FC,0,6,20,474,6,0.2,10,14,13,10,0.5,0,3,0.8,0,0,70.7,0,3,0.3,6,0.6,10,29,37,561,18,23,8,2
725121,2025-02-26,ligamx,2024,12632,Pachuca,Puebla,1,4,47,405,6,0.3,11,15,11,10,0.6,2,3,0.8,0,0,65.3,0,1,0.3,6,0.7,11,16,77,490,18,21,7,1
725121,2025-02-26,ligamx,2024,12632,Puebla,Pachuca,0,1,22,182,0,0.1,37,22,20,12,0.4,1,4,0.7,0,0,34.7,1,4,1.0,2,0.7,37,12,58,257,2,31,2,2
725122,2025-02-26,ligamx,2024,12632,Atlético de San Luis,Guadalajara,1,6,19,347,0,0.6,29,7,7,12,0.4,3,2,0.8,0,0,41.9,0,5,0.5,4,0.5,29,10,45,418,8,14,2,2
725122,2025-02-26,ligamx,2024,12632,Guadalajara,Atlético de San Luis,0,6,25,499,6,0.2,6,12,6,10,0.5,1,4,0.9,0,0,58.1,0,1,0.3,6,0.8,6,25,48,576,19,15,8,2
725123,2025-02-26,ligamx,2024,12632,Toluca,Querétaro,1,4,27,666,3,0.2,19,6,9,6,0.5,5,2,0.9,0,0,75.2,0,1,0.6,11,0.5,19,19,50,723,19,11,10,0
725123,2025-02-26,ligamx,2024,12632,Querétaro,Toluca,0,3,14,185,2,0.4,27,8,11,7,0.4,0,3,0.8,0,0,24.8,0,6,0.3,2,0.5,27,8,32,235,6,16,4,3
725124,2025-02-28,ligamx,2024,12632,Mazatlán FC,Cruz Azul,1,6,24,251,1,0.5,33,13,19,7,0.5,1,0,0.8,1,1,42.7,0,2,0.4,3,0.8,33,12,44,315,7,17,4,2
725124,2025-02-28,ligamx,2024,12632,Cruz Azul,Mazatlán FC,0,6,31,346,3,0.4,8,13,20,7,0.6,1,2,0.8,0,0,57.3,0,2,0.2,3,0.5,8,16,55,426,14,26,2,4
725125,2025-03-01,ligamx,2024,12632,Necaxa,Tigres UANL,1,1,26,274,4,0.1,29,10,17,7,0.5,1,0,0.8,0,0,45.2,0,3,0.3,4,0.8,29,15,54,351,13,12,5,2
725125,2025-03-01,ligamx,2024,12632,Tigres UANL,Necaxa,0,3,33,340,1,0.2,17,15,10,12,0.6,2,3,0.8,0,0,54.8,1,3,0.5,7,0.7,17,16,59,427,15,22,6,0
725126,2025-03-01,ligamx,2024,12632,América,Toluca,1,5,24,332,3,0.5,32,13,9,9,0.5,3,2,0.8,0,0,41.3,0,5,0.6,8,0.7,32,11,44,399,14,19,4,2
725126,2025-03-01,ligamx,2024,12632,Toluca,América,0,5,24,489,1,0.2,12,15,2,9,0.5,0,3,0.9,0,0,58.7,0,5,0.5,5,0.8,12,25,44,557,11,20,11,1
725127,2025-03-01,ligamx,2024,12632,León,Tijuana,1,4,37,302,2,0.2,17,6,7,9,0.6,2,4,0.8,0,0,43.7,0,5,0.6,9,0.9,17,20,59,357,15,7,6,1
725127,2025-03-01,ligamx,2024,12632,Tijuana,León,0,3,20,399,2,0.3,20,13,9,10,0.4,1,1,0.8,0,0,56.3,0,7,0.4,6,0.9,20,9,57,477,16,14,2,1
725128,2025-03-01,ligamx,2024,12632,FC Juárez,Pachuca,1,7,26,342,4,0.3,19,27,12,11,0.5,2,1,0.8,0,0,54.4,0,1,0.4,5,0.9,19,22,57,415,14,31,2,2
725128,2025-03-01,ligamx,2024,12632,Pachuca,FC Juárez,0,3,34,263,2,0.2,17,11,13,5,0.5,2,1,0.8,0,0,45.6,1,3,0.3,3,0.6,17,20,67,341,11,19,7,3
725129,2025-03-01,ligamx,2024,12632,Pumas UNAM,Guadalajara,1,0,21,258,1,0.0,40,15,11,3,0.4,0,1,0.8,0,0,38.5,0,2,0.7,5,0.7,40,9,47,320,7,23,7,3
725129,2025-03-01,ligamx,2024,12632,Guadalajara,Pumas UNAM,0,5,39,421,0,0.2,21,17,9,6,0.6,1,1,0.8,0,0,61.5,0,5,0.3,3,0.5,21,21,62,506,9,31,12,1
725130,2025-03-02,ligamx,2024,12632,Querétaro,Puebla,1,5,32,283,5,0.4,29,13,10,12,0.5,2,0,0.8,0,1,42.4,0,2,0.4,5,0.7,29,13,68,346,13,20,4,2
725130,2025-03-02,ligamx,2024,12632,Puebla,Querétaro,0,4,28,391,7,0.2,18,12,18,8,0.5,0,4,0.8,0,1,57.6,0,4,0.1,2,0.6,18,21,53,468,15,21,7,1
725131,2025-03-02,ligamx,2024,12632,Atlas,Atlético de San Luis,1,8,21,305,4,0.5,24,8,7,21,0.6,3,2,0.8,0,0,41.1,0,2,0.4,6,0.6,24,17,37,362,17,13,5,0
725131,2025-03-02,ligamx,2024,12632,Atlético de San Luis,Atlas,0,4,32,445,1,0.3,23,12,7,6,0.5,1,1,0.8,0,0,58.9,0,3,0.3,3,0.9,23,16,67,524,12,14,3,1
725132,2025-03-02,ligamx,2024,12632,Monterrey,Santos,1,5,32,406,4,0.3,9,10,8,6,0.7,4,2,0.9,0,0,61.1,0,1,0.3,10,0.9,9,19,49,472,30,11,7,0
725132,2025-03-02,ligamx,2024,12632,Santos,Monterrey,0,8,25,210,3,0.4,39,12,9,5,0.4,2,4,0.7,0,0,38.9,0,6,0.3,3,0.6,39,18,61,291,9,20,4,2
725133,2025-03-07,ligamx,2024,12632,Atlético de San Luis,FC Juárez,1,3,23,372,2,0.3,27,13,8,5,0.4,1,1,0.8,0,0,50.3,0,3,0.6,4,0.6,27,9,57,460,7,21,6,1
725133,2025-03-07,ligamx,2024,12632,FC Juárez,Atlético de San Luis,0,5,39,377,1,0.2,25,10,12,8,0.7,0,1,0.9,0,0,49.7,0,3,0.3,4,0.6,25,26,60,435,13,17,3,3
725134,2025-03-07,ligamx,2024,12632,Tigres UANL,Querétaro,1,6,29,739,2,0.2,23,8,10,7,0.8,1,1,0.9,0,0,79.9,0,1,0.2,2,0.8,23,33,37,791,10,10,5,1
725134,2025-03-07,ligamx,2024,12632,Querétaro,Tigres UANL,0,5,16,136,2,0.5,49,9,7,7,0.4,0,1,0.7,0,0,20.1,0,1,0.1,1,0.5,49,11,42,196,8,18,7,1
725135,2025-03-07,ligamx,2024,12632,Puebla,Pumas UNAM,1,6,22,266,1,0.3,21,14,17,8,0.4,1,4,0.8,0,0,44.9,1,2,0.4,6,0.7,21,24,57,342,16,20,8,3
725135,2025-03-07,ligamx,2024,12632,Pumas UNAM,Puebla,0,8,39,357,5,0.3,31,7,8,8,0.6,3,1,0.8,0,0,55.1,0,5,0.3,5,0.7,31,24,62,424,15,10,6,3
725136,2025-03-08,ligamx,2024,12632,Toluca,Necaxa,1,4,31,372,3,0.3,27,12,10,7,0.6,5,1,0.9,0,0,59.4,0,1,0.5,10,0.6,27,14,54,432,19,20,5,4
725136,2025-03-08,ligamx,2024,12632,Necaxa,Toluca,0,2,23,245,3,0.2,18,12,14,9,0.5,2,2,0.8,0,0,40.6,0,3,0.2,3,0.6,18,11,47,295,13,19,2,5
725137,2025-03-08,ligamx,2024,12632,Cruz Azul,Monterrey,1,8,37,325,2,0.4,13,17,10,3,0.5,1,5,0.8,0,0,50.5,1,3,0.4,8,0.8,13,20,74,404,18,22,5,1
725137,2025-03-08,ligamx,2024,12632,Monterrey,Cruz Azul,0,6,45,320,4,0.4,13,7,7,8,0.6,1,5,0.8,0,0,49.5,0,7,0.3,4,0.7,13,17,72,390,12,10,6,2
725138,2025-03-08,ligamx,2024,12632,Pachuca,Mazatlán FC,1,7,42,475,3,0.3,11,10,12,12,0.7,1,1,0.9,0,0,68,0,1,0.3,5,0.8,11,26,58,543,16,12,6,2
725138,2025-03-08,ligamx,2024,12632,Mazatlán FC,Pachuca,0,2,15,175,1,0.2,33,18,14,10,0.2,1,0,0.7,0,0,32,0,5,0.3,2,0.7,33,11,61,251,6,27,1,3
725139,2025-03-08,ligamx,2024,12632,Guadalajara,América,1,1,21,227,0,0.1,18,12,9,8,0.4,0,2,0.7,0,0,38.6,1,3,0.4,3,0.6,18,13,50,306,7,20,5,3
725139,2025-03-08,ligamx,2024,12632,América,Guadalajara,0,4,31,421,2,0.3,20,13,8,4,0.5,0,1,0.9,0,0,61.4,0,3,0.4,3,0.8,20,15,58,490,8,17,5,1
725140,2025-03-09,ligamx,2024,12632,Santos,León,1,7,22,310,4,0.3,26,9,14,6,0.4,2,1,0.8,0,0,53,0,3,0.2,5,0.6,26,22,56,384,21,15,3,4
725140,2025-03-09,ligamx,2024,12632,León,Santos,0,3,27,265,4,0.2,26,8,9,9,0.5,1,5,0.8,0,0,47,1,3,0.4,4,0.6,26,13,59,345,11,14,3,1
725141,2025-03-09,ligamx,2024,12632,Tijuana,Atlas,1,4,28,397,0,0.2,34,16,14,7,0.4,3,1,0.8,0,0,64.8,1,1,0.4,4,0.8,34,21,63,483,9,21,6,2
725141,2025-03-09,ligamx,2024,12632,Atlas,Tijuana,0,4,12,178,2,0.2,33,9,16,6,0.3,4,1,0.7,1,1,35.2,0,1,0.4,5,0.7,33,24,37,249,13,13,9,2
725142,2025-03-14,ligamx,2024,12632,Necaxa,León,1,0,18,163,2,0.0,45,13,8,3,0.4,2,0,0.7,0,0,28.9,1,4,0.4,4,0.8,45,7,50,220,10,17,3,2
725142,2025-03-14,ligamx,2024,12632,León,Necaxa,0,8,38,456,4,0.2,21,7,11,5,0.6,1,2,0.9,0,0,71.1,0,2,0.3,6,0.4,21,33,62,523,18,18,8,1
725143,2025-03-14,ligamx,2024,12632,Querétaro,Mazatlán FC,1,3,18,163,0,0.2,47,7,12,4,0.4,1,1,0.8,0,0,26.5,1,3,0.5,3,0.7,47,13,43,211,6,10,2,1
725143,2025-03-14,ligamx,2024,12632,Mazatlán FC,Querétaro,0,7,30,518,3,0.1,13,4,9,4,0.6,0,1,0.9,0,0,73.5,1,2,0.3,3,0.5,13,47,52,569,11,8,14,3
725144,2025-03-14,ligamx,2024,12632,Puebla,Toluca,1,2,19,244,2,0.2,26,7,14,4,0.5,0,0,0.8,0,0,33.9,0,4,0.5,6,0.5,26,13,41,315,12,14,3,3
725144,2025-03-14,ligamx,2024,12632,Toluca,Puebla,0,4,42,550,0,0.2,21,7,12,5,0.7,3,1,0.9,1,1,66.1,0,6,0.8,7,0.5,21,18,59,624,9,13,6,1
725145,2025-03-15,ligamx,2024,12632,Tigres UANL,Santos,1,12,26,561,4,0.4,11,5,11,6,0.6,3,4,0.9,0,0,68,0,1,0.3,7,0.7,11,31,44,633,21,7,9,0
725145,2025-03-15,ligamx,2024,12632,Santos,Tigres UANL,0,2,21,231,1,0.3,28,14,10,10,0.4,0,0,0.8,0,0,32,0,6,0.1,1,0.9,28,6,56,306,7,16,0,1
725146,2025-03-15,ligamx,2024,12632,Cruz Azul,Atlético de San Luis,1,5,24,386,3,0.3,18,14,14,2,0.5,3,1,0.8,0,0,52.6,0,2,0.5,10,0.9,18,20,47,458,21,16,11,1
725146,2025-03-15,ligamx,2024,12632,Atlético de San Luis,Cruz Azul,0,7,41,350,4,0.4,19,7,9,13,0.6,0,1,0.9,0,0,47.4,0,7,0.2,2,0.8,19,17,64,410,10,9,8,0
725147,2025-03-15,ligamx,2024,12632,Atlas,América,1,5,24,256,6,0.2,23,9,12,11,0.5,1,3,0.8,0,0,46.1,1,3,0.4,8,0.7,23,21,48,326,22,13,8,4
725147,2025-03-15,ligamx,2024,12632,América,Atlas,0,5,37,318,7,0.4,36,14,20,5,0.6,3,2,0.8,0,0,53.9,0,6,0.3,6,0.7,36,14,62,392,19,20,5,1
725148,2025-03-15,ligamx,2024,12632,FC Juárez,Guadalajara,1,3,20,203,0,0.2,27,11,11,11,0.4,1,1,0.7,0,0,34,0,1,0.4,4,0.6,27,14,56,278,10,18,4,3
725148,2025-03-15,ligamx,2024,12632,Guadalajara,FC Juárez,0,2,31,449,2,0.1,19,12,4,10,0.5,1,4,0.8,0,0,66,0,3,0.3,2,0.7,19,14,61,549,6,18,3,1
725149,2025-03-16,ligamx,2024,12632,Pumas UNAM,Monterrey,1,7,23,377,6,0.4,20,5,15,8,0.6,1,2,0.9,1,1,51.5,0,3,0.2,3,0.7,20,20,40,433,13,7,6,1
725149,2025-03-16,ligamx,2024,12632,Monterrey,Pumas UNAM,0,3,32,350,3,0.3,28,5,12,9,0.6,3,0,0.9,1,1,48.5,1,3,0.5,6,0.6,28,9,56,411,11,8,3,2
725150,2025-03-16,ligamx,2024,12632,Pachuca,Tijuana,1,5,31,371,3,0.3,22,10,16,10,0.7,4,3,0.9,0,0,56.4,0,1,0.3,5,0.5,22,19,44,426,20,19,9,3
725150,2025-03-16,ligamx,2024,12632,Tijuana,Pachuca,0,2,22,251,1,0.2,25,12,9,14,0.4,1,1,0.7,0,0,43.6,0,1,0.4,2,0.7,25,11,54,335,5,18,4,2
725152,2025-03-28,ligamx,2024,12632,Necaxa,Querétaro,1,7,17,397,5,0.4,34,13,13,2,0.4,2,0,0.9,0,0,60.4,0,4,0.5,7,0.7,34,17,45,464,14,20,8,3
725152,2025-03-28,ligamx,2024,12632,Querétaro,Necaxa,0,4,18,235,2,0.2,27,19,11,7,0.4,0,1,0.8,0,0,39.6,0,5,0.4,4,0.7,27,22,44,292,11,26,6,1
725153,2025-03-28,ligamx,2024,12632,Mazatlán FC,Atlas,1,3,26,346,2,0.1,24,10,14,8,0.4,3,1,0.8,0,0,54.4,0,2,0.4,4,0.6,24,22,60,427,11,18,5,3
725153,2025-03-28,ligamx,2024,12632,Atlas,Mazatlán FC,0,4,24,293,4,0.2,31,12,10,7,0.5,2,1,0.8,1,1,45.6,1,1,0.2,4,0.6,31,19,48,364,17,19,7,3
725151,2025-03-29,ligamx,2024,12632,FC Juárez,Puebla,1,8,37,327,3,0.4,23,13,7,19,0.6,2,1,0.8,0,0,49.3,0,6,0.3,7,0.7,23,21,62,399,23,20,4,2
725151,2025-03-29,ligamx,2024,12632,Puebla,FC Juárez,0,4,24,329,3,0.2,23,7,13,4,0.6,0,0,0.8,0,0,50.7,0,5,0.6,7,0.4,23,18,38,414,12,16,7,1
725154,2025-03-29,ligamx,2024,12632,Toluca,Pachuca,1,3,29,429,2,0.3,11,23,12,16,0.4,3,1,0.8,0,0,50.7,0,1,0.5,9,0.7,11,11,75,516,17,33,4,3
725154,2025-03-29,ligamx,2024,12632,Pachuca,Toluca,0,2,32,426,2,0.2,17,15,6,11,0.6,2,2,0.9,0,0,49.3,0,5,0.2,2,0.7,17,10,56,497,12,21,1,1
725155,2025-03-29,ligamx,2024,12632,América,Tigres UANL,1,3,37,300,2,0.4,21,9,13,6,0.5,3,0,0.8,1,1,40.3,0,1,0.5,5,0.7,21,7,68,362,11,13,4,5
725155,2025-03-29,ligamx,2024,12632,Tigres UANL,América,0,5,29,461,6,0.2,12,11,12,8,0.6,0,1,0.9,0,0,59.7,0,2,0.1,1,0.6,12,21,45,525,12,17,8,2
725156,2025-03-29,ligamx,2024,12632,Monterrey,Tijuana,1,3,24,583,0,0.2,13,9,9,4,0.5,1,3,0.9,1,1,67.8,0,2,0.4,5,0.6,13,19,44,658,12,14,4,2
725156,2025-03-29,ligamx,2024,12632,Tijuana,Monterrey,0,2,22,241,1,0.3,34,14,17,14,0.4,2,1,0.8,0,0,32.2,0,4,0.6,4,0.7,34,8,55,314,7,19,1,5
725157,2025-03-29,ligamx,2024,12632,Guadalajara,Cruz Azul,1,9,39,383,8,0.2,16,16,9,5,0.8,0,3,0.9,0,0,56.2,0,1,0.2,4,0.9,16,53,50,437,18,18,10,2
725157,2025-03-29,ligamx,2024,12632,Cruz Azul,Guadalajara,0,3,28,307,5,0.1,41,11,10,7,0.6,1,1,0.9,0,0,43.8,0,4,0.2,2,0.6,41,21,50,359,11,19,4,2
725158,2025-03-30,ligamx,2024,12632,Santos,Atlético de San Luis,1,4,33,272,5,0.2,18,8,13,14,0.5,2,2,0.8,0,0,40.9,0,0,0.4,5,0.6,18,20,66,358,13,14,7,0
725158,2025-03-30,ligamx,2024,12632,Atlético de San Luis,Santos,0,10,16,438,2,0.5,21,9,14,9,0.4,3,3,0.8,0,0,59.1,0,3,0.3,3,0.9,21,19,40,529,11,10,3,2
725159,2025-03-30,ligamx,2024,12632,León,Pumas UNAM,1,3,49,331,1,0.2,18,10,12,8,0.6,1,4,0.8,0,0,48.9,0,3,0.3,3,0.6,18,15,78,394,10,18,3,2
725159,2025-03-30,ligamx,2024,12632,Pumas UNAM,León,0,1,29,348,2,0.1,24,11,5,5,0.6,2,3,0.8,0,0,51.1,0,2,0.4,5,0.7,24,12,48,413,14,15,3,3
725160,2025-04-04,ligamx,2024,12632,Querétaro,León,1,3,21,238,1,0.3,36,6,12,4,0.5,1,2,0.8,0,0,30.8,0,6,0.7,8,0.6,36,10,45,289,11,10,3,2
725160,2025-04-04,ligamx,2024,12632,León,Querétaro,0,9,40,589,5,0.3,10,5,14,2,0.6,1,2,0.9,0,0,69.2,0,7,0.4,7,0.5,10,26,63,645,19,11,5,3
725161,2025-04-04,ligamx,2024,12632,Tijuana,Necaxa,1,7,29,303,5,0.3,26,10,10,11,0.5,1,1,0.8,1,1,52.7,0,5,0.3,4,0.5,26,28,54,376,13,20,12,1
725161,2025-04-04,ligamx,2024,12632,Necaxa,Tijuana,0,3,18,300,1,0.3,41,10,13,5,0.5,2,2,0.8,0,0,47.3,0,3,0.4,7,0.6,41,12,39,355,16,16,3,2
725162,2025-04-04,ligamx,2024,12632,Puebla,Tigres UANL,1,2,22,119,0,0.3,31,12,11,7,0.4,0,2,0.6,0,0,23.7,0,4,0.4,4,0.7,31,7,59,188,10,18,1,4
725162,2025-04-04,ligamx,2024,12632,Tigres UANL,Puebla,0,8,26,530,4,0.2,15,11,9,4,0.6,0,2,0.9,0,0,76.3,0,4,0.3,4,0.7,15,35,44,602,15,15,9,2
725163,2025-04-05,ligamx,2024,12632,Atlas,FC Juárez,1,0,19,242,2,0.0,26,8,12,12,0.4,1,2,0.8,0,0,46.6,0,3,0.3,2,0.6,26,9,48,312,8,14,0,3
725163,2025-04-05,ligamx,2024,12632,FC Juárez,Atlas,0,2,23,286,2,0.1,12,11,14,4,0.5,1,0,0.8,0,0,53.4,0,1,0.3,4,0.7,12,19,51,353,12,15,3,2
725164,2025-04-05,ligamx,2024,12632,Pachuca,América,1,2,29,269,5,0.3,20,12,21,14,0.6,1,2,0.8,0,0,42.4,1,2,0.3,3,0.6,20,6,52,342,11,21,5,4
725164,2025-04-05,ligamx,2024,12632,América,Pachuca,0,2,33,393,4,0.1,17,9,13,12,0.6,0,5,0.9,0,0,57.6,0,2,0.2,2,0.6,17,14,58,459,12,14,6,3
725165,2025-04-05,ligamx,2024,12632,Monterrey,Guadalajara,1,3,34,389,4,0.3,20,14,12,6,0.6,3,1,0.8,0,0,51.9,0,3,0.6,8,0.7,20,11,58,460,14,19,4,1
725165,2025-04-05,ligamx,2024,12632,Guadalajara,Monterrey,0,5,34,359,2,0.3,15,11,10,7,0.6,1,3,0.9,0,0,48.1,1,5,0.4,4,0.7,15,18,60,421,9,15,4,3
725166,2025-04-05,ligamx,2024,12632,Cruz Azul,Pumas UNAM,1,8,27,325,1,0.4,22,11,17,9,0.5,3,2,0.8,0,0,50.4,0,1,0.3,3,0.7,22,18,53,400,9,16,2,2
725166,2025-04-05,ligamx,2024,12632,Pumas UNAM,Cruz Azul,0,3,35,317,0,0.2,16,9,19,12,0.5,2,5,0.8,1,2,49.6,0,0,0.6,3,0.6,16,15,66,392,5,16,2,3
725168,2025-04-05,ligamx,2024,12632,Atlético de San Luis,Mazatlán FC,1,5,34,397,3,0.3,13,10,9,16,0.5,2,1,0.8,1,1,52.6,0,1,0.3,4,0.7,13,16,68,478,14,14,4,2
725168,2025-04-05,ligamx,2024,12632,Mazatlán FC,Atlético de San Luis,0,4,27,349,1,0.3,9,12,12,13,0.5,1,2,0.8,0,0,47.4,0,2,0.3,2,0.7,9,14,51,436,7,17,3,2
725167,2025-04-06,ligamx,2024,12632,Toluca,Santos,1,0,0,0,0,0.0,0,0,0,0,0.0,2,0,0.0,0,0,0,0,0,0.0,0,0.0,0,0,0,0,0,0,0,0
725167,2025-04-06,ligamx,2024,12632,Santos,Toluca,0,0,0,0,0,0.0,0,0,0,0,0.0,1,0,0.0,0,0,0,0,0,0.0,0,0.0,0,0,0,0,0,0,0,0
725177,2025-04-10,ligamx,2024,12632,Tijuana,Atlético de San Luis,1,2,32,189,2,0.1,46,9,12,12,0.6,2,1,0.8,0,0,28.5,0,3,0.6,7,0.5,46,14,53,246,11,18,5,1
725177,2025-04-10,ligamx,2024,12632,Atlético de San Luis,Tijuana,0,4,16,555,3,0.1,24,15,9,1,0.5,1,1,0.9,0,0,71.5,0,5,0.3,4,0.6,24,32,33,621,13,24,7,1
725169,2025-04-11,ligamx,2024,12632,Necaxa,Pachuca,1,5,33,257,4,0.3,14,10,4,5,0.5,3,4,0.8,0,0,51.6,0,7,0.6,8,0.5,14,20,61,333,14,21,8,3
725169,2025-04-11,ligamx,2024,12632,Pachuca,Necaxa,0,3,21,243,2,0.3,30,19,12,9,0.4,5,1,0.8,0,0,48.4,0,5,0.7,12,0.7,30,10,50,315,18,28,4,2
725170,2025-04-11,ligamx,2024,12632,Mazatlán FC,Guadalajara,1,7,23,283,5,0.3,11,11,17,10,0.5,1,2,0.8,1,1,52.3,0,4,0.2,3,0.8,11,26,48,348,13,13,11,4
725170,2025-04-11,ligamx,2024,12632,Guadalajara,Mazatlán FC,0,4,23,255,2,0.4,22,13,18,11,0.4,1,0,0.8,0,0,47.7,2,2,0.5,6,0.7,22,9,56,333,11,20,2,5
725171,2025-04-12,ligamx,2024,12632,León,Puebla,1,6,58,477,3,0.3,14,13,14,6,0.8,1,3,0.9,0,0,66.7,0,3,0.2,3,0.7,14,18,75,544,14,19,4,3
725171,2025-04-12,ligamx,2024,12632,Puebla,León,0,4,13,195,1,0.4,27,10,23,13,0.3,0,2,0.7,0,0,33.3,0,2,0.6,3,0.6,27,11,48,266,5,17,4,6
725172,2025-04-12,ligamx,2024,12632,Pumas UNAM,FC Juárez,1,5,23,410,3,0.3,14,18,10,8,0.5,0,1,0.8,0,0,55,0,0,0.0,0,0.7,14,20,48,491,9,25,3,1
725172,2025-04-12,ligamx,2024,12632,FC Juárez,Pumas UNAM,0,2,33,335,1,0.1,22,6,8,9,0.5,0,1,0.8,0,0,45,0,0,0.0,0,0.5,22,14,62,404,4,11,3,2
725173,2025-04-12,ligamx,2024,12632,Atlas,Toluca,1,7,26,264,7,0.4,19,4,18,9,0.5,2,0,0.8,0,0,42.8,0,4,0.4,6,0.4,19,20,49,325,15,10,7,4
725173,2025-04-12,ligamx,2024,12632,Toluca,Atlas,0,4,28,380,2,0.3,27,15,12,12,0.5,3,2,0.8,0,0,57.2,0,4,0.5,7,0.7,27,12,55,450,13,21,4,4
725174,2025-04-12,ligamx,2024,12632,Tigres UANL,Monterrey,1,6,21,298,4,0.3,19,9,18,14,0.4,2,3,0.8,0,0,53.5,1,2,0.4,6,0.7,19,20,53,375,17,13,5,3
725174,2025-04-12,ligamx,2024,12632,Monterrey,Tigres UANL,0,6,28,238,3,0.5,22,17,12,4,0.4,1,0,0.7,1,1,46.5,2,4,0.2,3,0.7,22,13,70,332,13,25,5,5
725175,2025-04-12,ligamx,2024,12632,América,Cruz Azul,1,5,30,522,5,0.2,9,9,8,14,0.6,0,4,0.9,0,0,62.4,0,2,0.1,2,0.9,9,23,48,586,15,10,9,0
725175,2025-04-12,ligamx,2024,12632,Cruz Azul,América,0,4,20,282,2,0.5,22,15,8,8,0.4,0,0,0.8,0,0,37.6,0,2,0.2,2,0.6,22,8,57,356,11,26,0,1
725176,2025-04-13,ligamx,2024,12632,Santos,Querétaro,1,9,36,438,4,0.3,16,9,18,6,0.7,1,1,0.9,0,0,65.4,0,2,0.2,3,0.6,16,36,53,489,15,14,10,3
725176,2025-04-13,ligamx,2024,12632,Querétaro,Santos,0,7,6,197,1,0.4,29,10,14,10,0.2,2,3,0.8,0,0,34.6,0,2,0.4,4,0.6,29,19,33,260,10,16,6,1
725178,2025-04-15,ligamx,2024,12632,Pachuca,Tigres UANL,1,2,23,380,1,0.1,27,9,11,8,0.6,0,1,0.9,0,0,52.7,0,5,0.5,7,0.5,27,15,38,446,13,17,9,1
725178,2025-04-15,ligamx,2024,12632,Tigres UANL,Pachuca,0,3,32,313,2,0.2,27,17,11,6,0.5,0,5,0.8,0,0,47.3,0,7,0.5,5,0.7,27,19,67,394,11,26,6,2
725179,2025-04-15,ligamx,2024,12632,Guadalajara,Puebla,1,3,49,427,3,0.3,23,12,7,7,0.7,1,0,0.9,0,0,53.8,0,3,0.2,3,0.6,23,9,72,484,13,21,4,1
725179,2025-04-15,ligamx,2024,12632,Puebla,Guadalajara,0,7,27,350,4,0.3,21,13,11,8,0.7,0,1,0.9,0,0,46.2,0,2,0.3,3,0.6,21,25,37,398,11,22,7,2
725180,2025-04-15,ligamx,2024,12632,Cruz Azul,León,1,10,27,476,4,0.3,14,8,7,4,0.6,2,4,0.9,0,0,62.1,0,2,0.3,8,0.6,14,40,48,550,23,13,4,1
725180,2025-04-15,ligamx,2024,12632,León,Cruz Azul,0,2,30,270,1,0.4,43,7,8,8,0.4,1,4,0.8,0,0,37.9,1,6,0.4,3,0.9,43,5,68,348,7,8,4,2
725181,2025-04-15,ligamx,2024,12632,FC Juárez,Necaxa,1,6,37,287,2,0.3,27,11,9,10,0.5,2,2,0.8,0,0,57.3,0,5,0.5,6,0.5,27,19,70,368,12,21,2,3
725181,2025-04-15,ligamx,2024,12632,Necaxa,FC Juárez,0,0,16,205,0,0.0,20,11,12,13,0.3,2,2,0.7,0,0,42.7,0,4,0.4,7,0.8,20,15,49,278,16,13,3,3
725182,2025-04-16,ligamx,2024,12632,Atlético de San Luis,Toluca,1,8,25,355,2,0.3,12,9,12,2,0.5,0,0,0.8,0,0,50.8,0,4,0.2,2,0.4,12,28,52,433,11,21,11,1
725182,2025-04-16,ligamx,2024,12632,Toluca,Atlético de San Luis,0,3,23,375,1,0.4,22,8,11,14,0.5,1,6,0.9,0,0,49.2,0,2,0.5,5,0.4,22,7,44,439,11,21,7,1
725183,2025-04-16,ligamx,2024,12632,Querétaro,Atlas,1,15,27,361,4,0.5,19,9,15,5,0.6,1,1,0.8,0,0,52.8,0,2,0.2,4,0.7,19,32,46,432,19,13,9,4
725183,2025-04-16,ligamx,2024,12632,Atlas,Querétaro,0,2,29,341,1,0.3,31,10,14,8,0.5,2,0,0.8,1,1,47.2,0,3,0.4,4,0.6,31,8,55,402,10,17,1,3
725184,2025-04-16,ligamx,2024,12632,Monterrey,América,1,6,31,349,4,0.3,15,18,14,6,0.6,1,0,0.9,0,0,49.1,0,2,0.3,4,0.6,15,18,48,409,15,28,7,3
725184,2025-04-16,ligamx,2024,12632,América,Monterrey,0,5,19,371,1,0.3,24,16,6,13,0.5,0,4,0.9,0,0,50.9,0,3,0.3,2,0.7,24,19,41,427,6,23,8,2
725185,2025-04-16,ligamx,2024,12632,Pumas UNAM,Santos,1,9,37,356,4,0.5,21,10,12,6,0.6,2,7,0.9,0,0,48.5,0,3,0.4,6,0.7,21,18,59,413,15,14,6,0
725185,2025-04-16,ligamx,2024,12632,Santos,Pumas UNAM,0,2,37,375,3,0.1,18,8,6,7,0.6,0,1,0.9,0,0,51.5,0,4,0.2,3,0.8,18,17,60,436,14,10,4,2
725186,2025-04-16,ligamx,2024,12632,Mazatlán FC,Tijuana,1,3,17,435,1,0.2,15,5,10,3,0.4,0,2,0.9,0,0,63.6,0,1,0.4,3,0.6,15,15,40,501,8,9,4,4
725186,2025-04-16,ligamx,2024,12632,Tijuana,Mazatlán FC,0,3,26,228,3,0.3,26,7,12,10,0.5,2,1,0.8,1,1,36.4,0,3,0.3,3,0.5,26,12,49,282,11,14,4,3
725187,2025-04-18,ligamx,2024,12632,Puebla,Necaxa,1,3,37,260,2,0.2,19,13,12,14,0.5,0,1,0.8,0,0,45.6,0,5,0.1,1,0.6,19,14,75,338,11,21,3,2
725187,2025-04-18,ligamx,2024,12632,Necaxa,Puebla,0,2,21,344,3,0.3,29,11,12,5,0.4,1,0,0.8,0,0,54.4,0,1,0.3,6,0.6,29,6,55,421,20,20,2,1
725188,2025-04-19,ligamx,2024,12632,América,Mazatlán FC,1,6,28,478,2,0.5,17,9,10,6,0.7,5,2,0.9,1,1,67.3,0,2,0.5,10,0.8,17,13,42,527,22,11,8,0
725188,2025-04-19,ligamx,2024,12632,Mazatlán FC,América,0,2,17,180,3,0.2,18,8,11,7,0.4,0,0,0.7,0,0,32.7,0,5,0.3,2,0.6,18,12,47,247,8,13,4,4
725190,2025-04-19,ligamx,2024,12632,Toluca,Cruz Azul,1,8,33,443,5,0.4,14,9,12,13,0.6,2,2,0.9,0,0,59.5,0,3,0.3,5,0.6,14,19,56,512,15,15,3,2
725190,2025-04-19,ligamx,2024,12632,Cruz Azul,Toluca,0,1,22,283,3,0.1,17,12,18,9,0.4,2,3,0.8,0,0,40.5,0,3,0.4,5,0.8,17,12,56,348,13,15,6,3
725191,2025-04-19,ligamx,2024,12632,Tigres UANL,Pumas UNAM,1,6,13,419,5,0.4,12,10,12,9,0.4,2,3,0.9,0,0,47.9,0,1,0.3,5,0.7,12,16,32,471,20,15,5,3
725191,2025-04-19,ligamx,2024,12632,Pumas UNAM,Tigres UANL,0,1,24,446,2,0.1,23,10,12,4,0.5,1,3,0.9,1,1,52.1,0,3,0.3,2,0.8,23,11,49,519,7,13,1,1
725192,2025-04-19,ligamx,2024,12632,Atlas,Guadalajara,1,0,0,0,0,0.0,0,0,0,0,0.0,1,0,0.0,0,0,0,0,0,0.0,0,0.0,0,0,0,0,0,0,0,0
725192,2025-04-19,ligamx,2024,12632,Guadalajara,Atlas,0,3,28,301,6,0.2,22,17,13,10,0.6,1,2,0.9,0,0,51.1,0,3,0.3,5,0.7,22,16,49,353,18,24,5,5
725189,2025-04-20,ligamx,2024,12632,FC Juárez,Querétaro,1,3,55,447,2,0.1,6,4,7,13,0.8,0,2,0.9,0,0,56.6,1,2,0.1,1,0.8,6,29,70,500,10,5,4,1
725189,2025-04-20,ligamx,2024,12632,Querétaro,FC Juárez,0,1,23,328,3,0.1,33,8,6,11,0.4,2,4,0.8,1,1,43.4,0,1,0.4,4,0.8,33,7,57,397,9,10,1,0
725193,2025-04-20,ligamx,2024,12632,Santos,Tijuana,1,2,27,427,6,0.1,15,7,13,6,0.6,0,0,0.9,0,0,58.4,0,2,0.2,3,0.6,15,18,46,487,16,12,4,1
725193,2025-04-20,ligamx,2024,12632,Tijuana,Santos,0,10,31,265,0,0.5,17,11,13,8,0.5,4,2,0.8,0,0,41.6,0,3,0.5,6,0.7,17,21,64,338,11,16,4,1
725194,2025-04-20,ligamx,2024,12632,León,Monterrey,1,10,42,308,4,0.3,12,12,11,8,0.6,0,2,0.8,0,0,43.4,1,2,0.2,2,0.6,12,29,74,376,10,19,4,1
725194,2025-04-20,ligamx,2024,12632,Monterrey,León,0,3,28,444,1,0.3,13,12,7,10,0.6,2,0,0.9,0,0,56.6,0,2,0.4,4,0.6,13,9,50,515,10,20,5,3
725195,2025-04-20,ligamx,2024,12632,Atlético de San Luis,Pachuca,1,2,25,298,3,0.1,31,12,13,9,0.4,2,0,0.8,0,0,46.2,0,8,0.6,7,0.6,31,20,60,374,12,19,4,1
725195,2025-04-20,ligamx,2024,12632,Pachuca,Atlético de San Luis,0,8,34,350,8,0.4,23,7,9,12,0.6,1,5,0.8,0,0,53.8,1,4,0.4,9,0.6,23,22,61,430,25,12,7,2
735470,2025-04-27,ligamx,2024,12630,FC Juárez,Pumas UNAM,1,5,25,354,2,0.1,18,12,11,4,0.6,1,1,0.9,0,0,69,2,0,0.4,4,0.9,18,43,42,402,11,14,9,2
735470,2025-04-27,ligamx,2024,12630,Pumas UNAM,FC Juárez,0,3,13,129,4,0.4,41,9,13,7,0.3,1,1,0.7,0,0,31,1,3,0.1,1,0.7,41,7,46,192,7,13,4,4
735471,2025-04-27,ligamx,2024,12631,Monterrey,Pachuca,1,5,22,247,4,0.3,27,17,12,11,0.5,1,2,0.8,0,0,45.3,0,6,0.4,5,0.9,27,17,42,319,13,20,5,2
735471,2025-04-27,ligamx,2024,12631,Pachuca,Monterrey,0,5,39,308,5,0.4,23,18,16,13,0.5,2,2,0.8,0,0,54.7,0,4,0.4,8,0.6,23,12,74,393,22,28,8,0
735577,2025-05-04,ligamx,2024,12629,Monterrey,Pumas UNAM,1,8,18,482,3,0.3,7,10,14,9,0.5,2,5,0.9,0,0,63.1,0,2,0.3,5,0.9,7,24,34,543,15,11,3,3
735577,2025-05-04,ligamx,2024,12629,Pumas UNAM,Monterrey,0,6,23,256,1,0.5,23,13,15,7,0.5,0,2,0.8,0,0,36.9,1,3,0.3,2,0.5,23,11,48,320,6,26,0,2
735473,2025-05-07,ligamx,2024,12628,Monterrey,Toluca,1,4,16,378,1,0.4,14,4,13,4,0.4,3,3,0.8,0,0,54.1,0,1,0.7,7,0.6,14,11,37,447,10,7,1,3
735473,2025-05-07,ligamx,2024,12628,Toluca,Monterrey,0,1,35,297,2,0.1,19,14,11,5,0.5,2,1,0.8,0,0,45.9,0,4,0.4,2,0.7,19,10,74,379,5,21,2,2
735475,2025-05-07,ligamx,2024,12628,Pachuca,América,1,2,30,297,1,0.2,18,11,13,6,0.5,0,0,0.8,0,0,47.5,0,6,0.3,2,0.6,18,13,61,367,7,19,5,3
735475,2025-05-07,ligamx,2024,12628,América,Pachuca,0,3,31,344,5,0.3,17,15,12,11,0.6,0,4,0.8,0,0,52.5,0,2,0.5,8,0.8,17,12,54,413,15,20,3,3
735472,2025-05-08,ligamx,2024,12628,Necaxa,Tigres UANL,1,8,33,263,7,0.3,17,9,12,10,0.5,0,1,0.8,0,0,47.1,0,3,0.4,8,0.6,17,27,66,334,22,16,10,2
735472,2025-05-08,ligamx,2024,12628,Tigres UANL,Necaxa,0,4,18,310,2,0.4,29,16,10,9,0.3,0,2,0.8,0,0,52.9,0,8,0.5,3,0.7,29,9,52,393,6,23,1,2
735474,2025-05-08,ligamx,2024,12628,León,Cruz Azul,1,6,34,293,1,0.2,19,10,7,7,0.5,2,3,0.8,0,0,45.6,1,3,0.6,4,0.7,19,26,67,372,7,15,3,2
735474,2025-05-08,ligamx,2024,12628,Cruz Azul,León,0,4,17,395,1,0.4,24,11,14,4,0.3,3,1,0.8,0,0,54.4,0,2,0.5,6,0.6,24,10,51,469,12,20,0,3
735476,2025-05-10,ligamx,2024,12628,América,Pachuca,1,4,30,416,4,0.4,10,10,7,6,0.6,2,1,0.9,0,1,52.3,0,5,0.3,5,0.6,10,11,53,483,15,18,4,2
735476,2025-05-10,ligamx,2024,12628,Pachuca,América,0,2,23,378,3,0.2,15,8,10,13,0.5,0,1,0.9,0,0,47.7,1,2,0.3,5,0.7,15,13,42,434,15,12,6,3
735479,2025-05-10,ligamx,2024,12628,Toluca,Monterrey,1,5,31,184,1,0.4,32,13,11,8,0.5,2,3,0.7,0,0,34.4,2,2,0.4,4,0.6,32,14,68,250,10,23,5,3
735479,2025-05-10,ligamx,2024,12628,Monterrey,Toluca,0,8,44,405,4,0.3,11,13,9,10,0.6,1,1,0.8,0,0,65.6,0,2,0.2,3,0.7,11,24,75,481,14,19,6,3
735477,2025-05-11,ligamx,2024,12628,Cruz Azul,León,1,7,34,373,2,0.5,29,7,13,5,0.6,2,3,0.9,0,0,51.9,0,4,0.5,8,0.5,29,15,59,433,15,13,5,1
735477,2025-05-11,ligamx,2024,12628,León,Cruz Azul,0,7,46,332,1,0.3,11,10,9,8,0.6,1,4,0.9,0,0,48.1,0,7,0.3,5,0.8,11,26,71,389,17,13,6,1
735478,2025-05-11,ligamx,2024,12628,Tigres UANL,Necaxa,1,8,30,254,7,0.3,34,10,12,6,0.5,2,2,0.7,0,0,53.4,0,5,0.3,7,0.6,34,27,64,342,21,17,5,1
735478,2025-05-11,ligamx,2024,12628,Necaxa,Tigres UANL,0,5,16,220,7,0.2,46,10,16,8,0.3,2,2,0.7,0,0,46.6,0,5,0.4,7,0.6,46,23,50,297,19,17,8,1
735746,2025-05-14,ligamx,2024,12627,Tigres UANL,Toluca,1,3,19,325,1,0.2,26,18,13,14,0.4,1,2,0.8,0,0,56.2,0,6,0.4,3,0.7,26,19,48,391,7,25,5,2
735746,2025-05-14,ligamx,2024,12627,Toluca,Tigres UANL,0,3,18,225,1,0.2,24,11,14,3,0.3,1,0,0.7,0,0,43.8,0,2,0.5,7,0.5,24,15,55,306,15,21,8,1
735745,2025-05-15,ligamx,2024,12627,Cruz Azul,América,1,6,21,277,1,0.4,21,11,10,9,0.4,1,2,0.8,0,0,43.9,1,2,0.4,4,0.6,21,16,52,352,11,19,5,0
735745,2025-05-15,ligamx,2024,12627,América,Cruz Azul,0,4,37,381,3,0.3,18,12,10,11,0.6,0,2,0.8,0,0,56.1,0,3,0.2,2,0.9,18,16,61,450,9,14,6,1
735747,2025-05-17,ligamx,2024,12627,Toluca,Tigres UANL,1,0,22,328,2,0.0,19,10,12,9,0.4,3,1,0.8,1,1,46.6,0,1,0.7,8,0.5,19,8,50,402,11,21,2,3
735747,2025-05-17,ligamx,2024,12627,Tigres UANL,Toluca,0,6,11,380,2,0.2,12,10,9,10,0.4,0,2,0.9,0,0,53.4,0,4,0.1,1,0.6,12,25,31,443,9,17,5,2
735748,2025-05-18,ligamx,2024,12627,América,Cruz Azul,1,9,25,415,4,0.5,23,6,8,7,0.5,2,3,0.8,1,1,67.2,0,1,0.5,6,0.9,23,18,49,494,13,7,4,1
735748,2025-05-18,ligamx,2024,12627,Cruz Azul,América,0,4,17,166,0,0.3,34,15,17,12,0.3,1,0,0.7,0,0,32.8,0,4,0.3,2,0.8,34,12,58,236,7,20,3,2
735812,2025-05-22,ligamx,2024,12626,América,Toluca,1,0,0,0,0,0.0,0,0,0,0,0.0,0,0,0.0,0,0,0,0,0,0.0,0,0.0,0,0,0,0,0,0,0,0
735812,2025-05-22,ligamx,2024,12626,Toluca,América,0,0,0,0,0,0.0,0,0,0,0,0.0,0,0,0.0,0,0,0,0,0,0.0,0,0.0,0,0,0,0,0,0,0,0
735813,2025-05-25,ligamx,2024,12626,Toluca,América,1,5,23,213,5,0.4,30,15,13,10,0.4,2,2,0.7,1,1,37.2,0,0,0.2,3,0.7,30,13,62,291,14,23,4,2
735813,2025-05-25,ligamx,2024,12626,América,Toluca,0,4,27,415,2,0.3,24,11,10,5,0.5,0,1,0.8,0,0,62.8,0,1,0.0,0,0.7,24,16,55,496,5,16,2,1
736614,2025-07-11,ligamx,2025,13446,Puebla,Atlas,1,5,39,321,3,0.3,9,6,16,5,0.6,2,2,0.8,0,0,66.6,0,1,0.2,4,0.5,9,16,68,398,17,12,4,4
736614,2025-07-11,ligamx,2025,13446,Atlas,Puebla,0,6,18,125,0,0.4,15,10,12,4,0.4,3,3,0.6,0,0,33.4,0,3,0.5,4,0.6,15,16,43,193,8,17,3,2
736615,2025-07-11,ligamx,2025,13446,Tijuana,Querétaro,1,4,28,411,3,0.2,13,11,16,5,0.5,1,0,0.9,0,0,60.2,0,2,0.3,3,0.7,13,26,51,468,12,16,6,1
736615,2025-07-11,ligamx,2025,13446,Querétaro,Tijuana,0,1,9,262,1,0.1,40,13,15,2,0.3,0,1,0.8,0,0,39.8,0,3,0.4,2,0.5,40,9,31,317,5,25,3,1
736616,2025-07-11,ligamx,2025,13446,FC Juárez,América,1,3,10,357,1,0.2,20,17,15,6,0.3,1,1,0.8,0,0,55.1,0,1,0.3,3,0.7,20,13,33,430,9,25,3,2
736616,2025-07-11,ligamx,2025,13446,América,FC Juárez,0,3,35,274,1,0.3,13,6,12,11,0.5,1,0,0.8,0,0,44.9,1,2,0.3,2,0.4,13,11,67,344,6,15,4,1
736617,2025-07-12,ligamx,2025,13446,Santos,Pumas UNAM,1,2,29,235,1,0.3,23,10,16,5,0.4,3,2,0.7,0,0,44.8,0,2,0.5,4,0.6,23,8,73,320,8,16,1,2
736617,2025-07-12,ligamx,2025,13446,Pumas UNAM,Santos,0,8,12,318,3,0.3,15,3,16,7,0.3,0,7,0.8,0,0,55.2,0,2,0.2,2,0.4,15,24,36,383,10,8,5,5
736618,2025-07-12,ligamx,2025,13446,Toluca,Necaxa,1,5,20,429,5,0.4,27,13,11,7,0.4,3,2,0.9,0,0,55.3,0,3,0.3,7,0.7,27,14,46,502,21,19,7,2
736618,2025-07-12,ligamx,2025,13446,Necaxa,Toluca,0,3,25,338,2,0.2,18,10,13,8,0.5,1,1,0.8,0,0,44.7,0,4,0.4,4,0.6,18,16,50,402,11,18,4,2
736619,2025-07-12,ligamx,2025,13446,Cruz Azul,Mazatlán FC,1,9,42,431,1,0.2,19,12,8,6,0.7,0,3,0.9,0,0,73.6,0,0,0.3,4,0.7,19,40,64,506,14,18,12,2
736619,2025-07-12,ligamx,2025,13446,Mazatlán FC,Cruz Azul,0,2,18,121,2,0.2,41,9,9,14,0.3,0,4,0.7,0,0,26.4,0,4,0.0,0,0.6,41,9,53,185,7,15,2,4
736620,2025-07-13,ligamx,2025,13446,Pachuca,Monterrey,1,3,25,288,3,0.4,33,13,7,9,0.6,3,3,0.8,0,0,40.8,0,3,0.4,6,0.8,33,7,45,358,16,16,3,3
736620,2025-07-13,ligamx,2025,13446,Monterrey,Pachuca,0,3,31,447,4,0.1,12,8,12,2,0.6,0,3,0.9,0,0,59.2,0,2,0.3,3,0.8,12,21,55,514,12,10,7,3
736621,2025-07-13,ligamx,2025,13446,León,Atlético de San Luis,1,7,30,300,1,0.6,29,7,12,12,0.5,0,5,0.8,0,0,46.4,0,2,0.3,3,0.6,29,12,66,382,10,12,4,3
736621,2025-07-13,ligamx,2025,13446,Atlético de San Luis,León,0,8,28,349,2,0.4,16,9,10,14,0.5,1,1,0.8,0,0,53.6,0,3,0.3,4,0.6,16,22,62,441,12,16,6,3
736622,2025-07-16,ligamx,2025,13446,América,Tijuana,1,7,14,498,3,0.3,13,4,11,8,0.5,3,1,0.9,2,1,66.9,0,1,0.5,9,0.5,13,21,29,553,18,8,8,3
736622,2025-07-16,ligamx,2025,13446,Tijuana,América,0,1,26,214,1,0.1,27,10,11,5,0.5,1,2,0.8,0,0,33.1,0,6,0.3,2,0.7,27,11,50,274,8,15,1,0
736623,2025-07-16,ligamx,2025,13446,Santos,Toluca,1,2,19,183,4,0.1,20,10,8,10,0.4,2,2,0.8,0,0,32.7,1,5,0.5,6,0.7,20,16,44,241,11,15,5,2
736623,2025-07-16,ligamx,2025,13446,Toluca,Santos,0,5,26,473,2,0.4,19,8,20,9,0.6,4,3,0.9,0,0,67.3,0,4,0.5,10,0.6,19,13,45,521,20,13,4,4
736624,2025-07-18,ligamx,2025,13446,Necaxa,Querétaro,1,6,21,603,9,0.3,11,11,17,7,0.6,3,0,0.9,2,1,73.4,0,1,0.2,6,0.7,11,24,35,670,26,16,4,2
736624,2025-07-18,ligamx,2025,13446,Querétaro,Necaxa,0,0,18,176,0,0.0,31,13,7,11,0.3,1,2,0.7,0,0,26.6,0,3,0.7,2,0.8,31,6,54,241,3,17,2,0
736625,2025-07-18,ligamx,2025,13446,Mazatlán FC,Puebla,1,0,17,221,2,0.0,33,15,17,15,0.3,2,1,0.7,0,0,41.4,0,4,0.6,4,0.6,33,6,51,305,7,27,3,3
736625,2025-07-18,ligamx,2025,13446,Puebla,Mazatlán FC,0,3,35,338,1,0.2,25,11,12,9,0.6,1,3,0.8,0,0,58.6,0,2,0.5,5,0.5,25,19,60,425,11,22,4,3
736626,2025-07-18,ligamx,2025,13446,Atlético de San Luis,Monterrey,1,2,13,261,1,0.1,21,6,16,9,0.4,0,1,0.8,0,0,42.6,0,2,0.2,1,0.6,21,24,35,332,5,10,5,2
736626,2025-07-18,ligamx,2025,13446,Monterrey,Atlético de San Luis,0,0,50,409,3,0.0,33,4,9,11,0.7,1,4,0.9,0,0,57.4,0,1,0.2,3,0.4,33,13,69,472,13,10,3,2
736627,2025-07-19,ligamx,2025,13446,Tigres UANL,FC Juárez,1,3,26,553,3,0.2,19,8,16,10,0.5,1,1,0.9,0,0,64.5,0,1,0.5,10,0.6,19,14,53,625,22,13,5,3
736627,2025-07-19,ligamx,2025,13446,FC Juárez,Tigres UANL,0,2,20,273,0,0.2,30,12,14,7,0.5,0,1,0.8,0,0,35.5,1,8,0.2,1,0.6,30,13,38,339,5,21,2,3
736628,2025-07-19,ligamx,2025,13446,León,Guadalajara,1,1,24,217,2,0.1,19,8,9,5,0.4,1,0,0.7,2,1,33.9,0,1,0.5,3,0.4,19,15,64,301,6,22,5,1
736628,2025-07-19,ligamx,2025,13446,Guadalajara,León,0,6,27,519,6,0.4,20,18,16,6,0.5,0,3,0.9,0,0,66.1,0,2,0.2,3,0.6,20,15,50,601,18,28,4,0
736629,2025-07-19,ligamx,2025,13446,Atlas,Cruz Azul,1,1,15,132,3,0.1,46,7,10,3,0.3,3,1,0.6,0,0,29.1,0,2,0.4,4,0.7,46,11,50,205,10,10,4,2
736629,2025-07-19,ligamx,2025,13446,Cruz Azul,Atlas,0,10,21,418,12,0.2,19,10,15,3,0.6,3,0,0.9,2,1,70.9,0,1,0.2,5,0.6,19,42,36,486,29,17,11,2
736630,2025-07-20,ligamx,2025,13446,Pumas UNAM,Pachuca,1,5,24,413,1,0.2,14,11,15,6,0.5,2,2,0.8,0,0,63.1,0,0,0.5,4,0.8,14,25,49,488,8,13,4,3
736630,2025-07-20,ligamx,2025,13446,Pachuca,Pumas UNAM,0,3,16,230,3,0.2,41,9,12,6,0.3,3,5,0.8,0,0,36.9,0,2,0.3,3,0.6,41,13,48,287,10,16,1,1
736631,2025-07-25,ligamx,2025,13446,Puebla,Santos,1,8,40,322,2,0.4,18,11,7,12,0.5,1,4,0.8,0,0,58.6,0,1,0.2,4,0.7,18,21,77,416,19,16,6,1
736631,2025-07-25,ligamx,2025,13446,Santos,Puebla,0,1,17,202,1,0.1,22,4,17,8,0.3,0,0,0.7,0,0,41.4,0,3,0.2,1,0.5,22,10,68,300,6,8,2,3
736632,2025-07-25,ligamx,2025,13446,Querétaro,Pumas UNAM,1,6,26,388,2,0.3,15,9,21,4,0.4,0,2,0.8,0,0,56.6,0,1,0.2,1,0.7,15,19,58,460,6,13,4,3
736632,2025-07-25,ligamx,2025,13446,Pumas UNAM,Querétaro,0,6,17,291,1,0.4,27,10,17,6,0.4,2,2,0.8,0,0,43.4,1,1,0.4,3,0.5,27,14,40,353,7,22,3,4
736633,2025-07-25,ligamx,2025,13446,Tijuana,FC Juárez,1,4,32,259,2,0.2,28,13,16,15,0.6,1,5,0.8,0,0,36,0,4,0.3,3,0.7,28,21,50,306,12,18,4,5
736633,2025-07-25,ligamx,2025,13446,FC Juárez,Tijuana,0,3,11,499,1,0.1,19,14,15,5,0.4,1,1,0.9,0,0,64,0,3,0.4,5,0.7,19,21,25,562,12,19,5,4
736634,2025-07-26,ligamx,2025,13446,Guadalajara,Atlético de San Luis,1,6,19,378,2,0.2,19,7,10,10,0.5,4,1,0.9,0,0,55.1,0,5,0.6,8,0.5,19,27,39,432,14,15,10,3
736634,2025-07-26,ligamx,2025,13446,Atlético de San Luis,Guadalajara,0,5,23,296,3,0.2,25,3,17,10,0.5,3,0,0.8,2,1,44.9,0,5,0.6,8,0.3,25,21,42,354,14,9,6,3
736635,2025-07-26,ligamx,2025,13446,Pachuca,Mazatlán FC,1,4,25,444,4,0.1,16,5,11,7,0.6,1,3,0.9,0,0,64.7,0,0,0.2,3,0.6,16,28,42,501,15,9,8,1
736635,2025-07-26,ligamx,2025,13446,Mazatlán FC,Pachuca,0,2,19,210,1,0.2,29,2,16,12,0.4,0,7,0.8,0,0,35.3,0,2,0.0,0,0.2,29,13,49,275,2,10,2,3
736636,2025-07-26,ligamx,2025,13446,Cruz Azul,León,1,2,27,453,5,0.1,13,8,7,4,0.6,4,1,0.9,0,0,60.5,0,5,0.6,13,0.6,13,26,47,514,23,14,8,1
736636,2025-07-26,ligamx,2025,13446,León,Cruz Azul,0,1,28,274,1,0.1,35,9,11,1,0.5,1,3,0.8,0,0,39.5,0,8,0.6,5,0.6,35,9,58,343,9,14,1,2
736637,2025-07-26,ligamx,2025,13446,Toluca,Tigres UANL,1,6,31,385,5,0.3,22,13,16,10,0.5,3,3,0.8,0,0,55,0,2,0.4,6,0.7,22,23,61,457,17,18,7,5
736637,2025-07-26,ligamx,2025,13446,Tigres UANL,Toluca,0,1,23,307,3,0.3,29,11,8,14,0.4,4,1,0.8,0,0,45,0,3,0.5,5,0.6,29,4,57,390,11,17,0,3
736638,2025-07-26,ligamx,2025,13446,Necaxa,América,1,8,20,205,5,0.4,13,11,8,6,0.4,1,1,0.8,0,0,34,0,2,0.1,2,0.8,13,19,49,253,17,13,7,3
736638,2025-07-26,ligamx,2025,13446,América,Necaxa,0,5,34,463,3,0.3,12,10,10,4,0.7,1,1,0.9,0,0,66,0,1,0.2,3,0.8,12,18,51,511,13,13,4,3
736639,2025-07-26,ligamx,2025,13446,Monterrey,Atlas,1,13,24,483,3,0.4,13,10,12,5,0.8,3,1,0.9,0,1,71.1,1,0,0.4,10,0.7,13,34,29,546,25,15,9,2
736639,2025-07-26,ligamx,2025,13446,Atlas,Monterrey,0,2,13,170,3,0.2,43,4,12,6,0.3,1,1,0.8,2,1,28.9,1,6,0.1,1,0.3,43,10,38,222,7,12,4,1
736640,2025-08-08,ligamx,2025,13446,Tigres UANL,Puebla,1,2,26,321,1,0.2,20,9,9,5,0.5,7,1,0.8,2,1,47.9,0,1,0.6,8,0.6,20,9,52,383,14,15,3,1
736640,2025-08-08,ligamx,2025,13446,Puebla,Tigres UANL,0,2,32,332,4,0.2,12,11,17,7,0.5,0,2,0.8,0,0,52.1,1,2,0.1,1,0.6,12,10,62,412,9,19,4,1
736641,2025-08-09,ligamx,2025,13446,América,Querétaro,1,10,32,525,3,0.3,18,5,7,0,0.7,1,1,0.9,0,1,74.1,0,2,0.4,7,0.6,18,32,49,579,16,8,10,1
736641,2025-08-09,ligamx,2025,13446,Querétaro,América,0,1,17,139,3,0.1,37,11,15,3,0.3,0,0,0.7,0,0,25.9,0,6,0.4,2,0.7,37,13,49,199,5,16,4,4
736642,2025-08-09,ligamx,2025,13446,Atlas,Pachuca,1,6,28,395,4,0.2,19,9,11,8,0.6,0,2,0.8,0,0,52.9,0,3,0.3,4,0.8,19,25,48,467,14,12,6,2
736642,2025-08-09,ligamx,2025,13446,Pachuca,Atlas,0,4,28,349,4,0.2,20,5,14,9,0.5,3,1,0.8,0,0,47.1,0,4,0.4,6,0.5,20,17,56,415,14,10,4,4
736643,2025-08-09,ligamx,2025,13446,Mazatlán FC,Tijuana,1,4,22,386,4,0.2,11,12,7,15,0.6,2,1,0.9,2,1,56.3,0,2,0.3,4,0.8,11,22,40,442,14,16,8,1
736643,2025-08-09,ligamx,2025,13446,Tijuana,Mazatlán FC,0,0,44,295,1,0.0,26,9,13,8,0.7,2,0,0.8,2,1,43.7,0,2,0.5,4,0.6,26,5,66,353,8,15,1,3
736644,2025-08-10,ligamx,2025,13446,Pumas UNAM,Necaxa,1,6,23,436,6,0.2,21,8,9,5,0.5,1,1,0.9,0,0,66.1,0,4,0.2,5,0.7,21,29,43,505,21,11,7,3
736644,2025-08-10,ligamx,2025,13446,Necaxa,Pumas UNAM,0,3,23,185,4,0.2,37,11,12,11,0.4,1,1,0.7,0,0,33.9,0,4,0.4,5,0.6,37,15,59,258,12,18,4,2
736645,2025-08-10,ligamx,2025,13446,Santos,Guadalajara,1,1,27,176,1,0.1,34,6,13,8,0.5,1,2,0.7,2,1,33.3,1,2,0.7,2,0.4,34,7,60,252,3,14,2,2
736645,2025-08-10,ligamx,2025,13446,Guadalajara,Santos,0,10,33,420,4,0.3,17,8,20,6,0.6,0,4,0.9,0,1,66.7,0,1,0.2,3,0.5,17,36,53,477,17,15,11,2
736646,2025-08-11,ligamx,2025,13446,León,Monterrey,1,7,18,342,5,0.3,21,8,17,8,0.4,1,2,0.8,0,0,52.3,0,4,0.2,3,0.7,21,27,44,409,17,12,7,2
736646,2025-08-11,ligamx,2025,13446,Monterrey,León,0,3,20,307,2,0.3,26,13,11,7,0.4,3,5,0.8,0,0,47.7,0,2,0.5,8,0.7,26,10,53,385,16,18,6,2
736647,2025-08-11,ligamx,2025,13446,Atlético de San Luis,Cruz Azul,1,3,27,199,0,0.3,21,14,23,5,0.4,1,1,0.7,0,0,37.7,1,3,0.5,2,0.7,21,9,64,273,4,21,3,1
736647,2025-08-11,ligamx,2025,13446,Cruz Azul,Atlético de San Luis,0,4,28,395,1,0.2,17,11,12,4,0.7,2,6,0.9,2,1,62.3,1,1,0.5,5,0.6,17,17,43,452,11,17,2,2
736648,2025-08-11,ligamx,2025,13446,FC Juárez,Toluca,1,3,16,405,0,0.1,16,9,10,12,0.5,0,0,0.8,0,0,60.6,0,1,0.0,0,0.8,16,30,35,484,5,12,9,4
736648,2025-08-11,ligamx,2025,13446,Toluca,FC Juárez,0,3,17,248,2,0.4,38,16,18,7,0.3,2,1,0.8,0,0,39.4,0,0,0.4,3,0.8,38,8,57,325,7,20,2,3
736649,2025-08-15,ligamx,2025,13446,Puebla,Atlético de San Luis,1,5,28,342,5,0.2,15,12,11,5,0.5,0,2,0.8,0,0,57.3,0,5,0.3,5,0.6,15,26,54,415,20,19,8,2
736649,2025-08-15,ligamx,2025,13446,Atlético de San Luis,Puebla,0,4,19,246,1,0.3,26,11,12,6,0.3,2,0,0.8,2,1,42.7,0,5,0.6,7,0.5,26,12,55,313,11,21,6,2
736650,2025-08-15,ligamx,2025,13446,Necaxa,León,1,2,31,328,4,0.1,19,9,12,9,0.6,0,0,0.8,0,0,53.7,0,0,0.3,6,0.5,19,20,53,404,21,18,6,4
736650,2025-08-15,ligamx,2025,13446,León,Necaxa,0,3,28,270,4,0.2,24,8,14,5,0.4,1,2,0.8,0,1,46.3,0,5,0.1,1,0.4,24,13,69,352,17,18,5,3
736651,2025-08-16,ligamx,2025,13446,Toluca,Pumas UNAM,1,6,36,510,7,0.3,15,11,10,7,0.7,1,1,0.9,0,0,71.4,0,2,0.2,4,0.6,15,24,55,570,23,18,5,2
736651,2025-08-16,ligamx,2025,13446,Pumas UNAM,Toluca,0,3,17,166,1,0.4,17,6,17,8,0.3,1,2,0.7,0,0,28.6,0,3,0.5,3,0.6,17,7,49,232,6,10,1,5
736652,2025-08-16,ligamx,2025,13446,Guadalajara,FC Juárez,1,8,36,480,0,0.3,8,8,8,9,0.6,1,5,0.9,0,0,68.1,0,1,0.5,5,0.6,8,30,63,548,11,14,6,2
736652,2025-08-16,ligamx,2025,13446,FC Juárez,Guadalajara,0,2,23,196,0,0.4,44,10,13,5,0.4,2,1,0.7,2,1,31.9,0,4,0.5,3,0.7,44,5,55,267,6,14,1,3
736653,2025-08-16,ligamx,2025,13446,Pachuca,Tijuana,1,8,18,477,7,0.2,9,6,9,5,0.5,0,1,0.9,0,0,69.2,0,0,0.2,5,0.5,9,38,34,539,24,13,11,4
736653,2025-08-16,ligamx,2025,13446,Tijuana,Pachuca,0,2,31,181,1,0.3,38,7,13,7,0.4,2,4,0.7,0,0,30.8,1,5,0.4,2,0.5,38,7,71,249,5,14,1,5
736654,2025-08-16,ligamx,2025,13446,Tigres UANL,América,1,3,13,440,7,0.2,21,15,17,8,0.3,1,1,0.8,0,0,58.9,0,1,0.4,6,0.6,21,14,39,523,17,24,7,4
736654,2025-08-16,ligamx,2025,13446,América,Tigres UANL,0,5,21,298,5,0.4,25,10,14,8,0.4,3,3,0.8,0,0,41.1,0,4,0.3,3,0.6,25,12,49,361,11,18,4,4
736655,2025-08-16,ligamx,2025,13446,Cruz Azul,Santos,1,13,40,429,11,0.3,15,10,17,5,0.7,3,2,0.9,0,0,64.1,0,0,0.3,10,0.6,15,43,54,484,33,16,12,1
736655,2025-08-16,ligamx,2025,13446,Santos,Cruz Azul,0,1,29,209,1,0.1,37,7,2,6,0.4,2,0,0.8,0,0,35.9,1,7,0.7,2,0.7,37,14,69,278,3,10,4,0
736656,2025-08-17,ligamx,2025,13446,Querétaro,Atlas,1,6,27,385,2,0.3,13,6,18,5,0.5,3,3,0.9,2,1,52.5,0,2,0.4,4,0.5,13,19,53,446,11,12,1,6
736656,2025-08-17,ligamx,2025,13446,Atlas,Querétaro,0,8,26,337,3,0.7,28,7,12,2,0.4,3,1,0.8,0,0,47.5,0,1,0.4,5,0.5,28,12,60,410,14,14,3,1
736657,2025-08-17,ligamx,2025,13446,Monterrey,Mazatlán FC,1,7,48,459,5,0.4,17,8,13,10,0.7,3,2,0.9,0,0,57.6,0,2,0.4,6,0.6,17,19,66,505,16,14,4,4
736657,2025-08-17,ligamx,2025,13446,Mazatlán FC,Monterrey,0,5,21,309,4,0.3,21,17,10,3,0.6,2,0,0.8,0,0,42.4,0,3,0.5,5,0.7,21,15,34,368,11,23,4,1
736658,2025-08-22,ligamx,2025,13446,FC Juárez,Santos,1,7,16,361,3,0.2,11,5,11,12,0.5,2,2,0.8,0,0,57.8,0,2,0.2,3,0.6,11,33,34,428,17,9,7,4
736658,2025-08-22,ligamx,2025,13446,Santos,FC Juárez,0,3,32,241,2,0.2,38,9,12,12,0.5,1,1,0.8,0,0,42.2,0,1,0.3,3,0.6,38,14,66,317,9,15,4,1
736659,2025-08-22,ligamx,2025,13446,Querétaro,Atlético de San Luis,1,2,26,259,1,0.2,28,7,11,5,0.4,3,3,0.8,2,1,38.1,0,4,0.8,6,0.5,28,12,62,324,8,13,3,4
736659,2025-08-22,ligamx,2025,13446,Atlético de San Luis,Querétaro,0,8,27,454,4,0.4,20,5,12,5,0.5,2,0,0.9,2,1,61.9,1,2,0.4,6,0.4,20,21,52,525,15,13,6,2
736660,2025-08-22,ligamx,2025,13446,Tijuana,Guadalajara,1,4,24,150,3,0.4,64,20,10,0,0.4,3,0,0.7,0,1,33.5,0,3,0.4,6,0.7,64,9,61,220,14,27,2,4
736660,2025-08-22,ligamx,2025,13446,Guadalajara,Tijuana,0,5,17,348,7,0.2,14,9,15,9,0.4,3,2,0.8,0,0,66.5,0,3,0.3,6,0.6,14,32,41,419,22,15,9,3
736661,2025-08-23,ligamx,2025,13446,Mazatlán FC,Tigres UANL,1,2,15,90,2,0.4,49,10,6,7,0.3,2,2,0.6,0,0,22.2,1,7,0.3,2,0.7,49,5,60,159,6,14,2,3
736661,2025-08-23,ligamx,2025,13446,Tigres UANL,Mazatlán FC,0,10,22,469,10,0.2,15,5,9,4,0.6,2,3,0.9,0,0,77.8,0,0,0.3,9,0.6,15,47,37,528,32,9,15,3
736662,2025-08-23,ligamx,2025,13446,León,Pachuca,1,4,16,218,0,0.3,19,9,14,10,0.3,1,0,0.7,2,1,38.4,1,6,0.5,4,0.5,19,12,49,294,8,17,2,3
736662,2025-08-23,ligamx,2025,13446,Pachuca,León,0,6,18,400,7,0.3,12,10,12,9,0.4,1,0,0.9,2,1,61.6,0,3,0.3,7,0.6,12,24,42,466,25,16,5,1
736663,2025-08-23,ligamx,2025,13446,Monterrey,Necaxa,1,6,21,420,2,0.5,20,7,10,10,0.5,3,0,0.9,2,1,55.2,0,5,0.4,3,0.6,20,12,44,483,8,11,3,1
736663,2025-08-23,ligamx,2025,13446,Necaxa,Monterrey,0,7,28,323,3,0.4,12,7,13,13,0.6,0,1,0.8,0,0,44.8,0,0,0.5,5,0.5,12,20,48,383,11,14,3,4
736664,2025-08-23,ligamx,2025,13446,Cruz Azul,Toluca,1,6,28,313,2,0.3,21,13,16,14,0.5,1,3,0.8,0,0,54.7,0,1,0.3,7,0.4,21,20,56,381,23,29,7,3
736664,2025-08-23,ligamx,2025,13446,Toluca,Cruz Azul,0,4,28,233,2,0.2,22,3,14,6,0.5,0,2,0.8,0,0,45.3,0,6,0.1,1,0.3,22,18,55,308,8,9,4,3
736665,2025-08-24,ligamx,2025,13446,Pumas UNAM,Puebla,1,6,31,456,5,0.2,9,9,17,10,0.7,0,4,0.9,0,0,59,0,3,0.1,1,0.8,9,27,42,507,14,12,4,2
736665,2025-08-24,ligamx,2025,13446,Puebla,Pumas UNAM,0,3,35,294,2,0.3,31,11,18,9,0.6,0,3,0.8,0,0,41,0,1,0.4,3,0.5,31,12,63,356,7,22,4,3
736666,2025-08-24,ligamx,2025,13446,Atlas,América,1,4,10,137,3,0.3,29,6,17,2,0.3,2,1,0.7,0,0,29.8,1,1,0.5,5,0.6,29,13,39,191,10,10,3,1
736666,2025-08-24,ligamx,2025,13446,América,Atlas,0,4,37,414,1,0.3,14,9,18,10,0.6,4,1,0.9,2,2,70.2,0,3,0.4,5,0.8,14,16,62,466,13,12,3,4
736667,2025-08-29,ligamx,2025,13446,Atlético de San Luis,Toluca,1,3,19,391,1,0.2,17,3,11,4,0.6,1,0,0.9,0,0,52.3,0,4,0.4,3,0.3,17,20,33,447,8,12,1,5
736667,2025-08-29,ligamx,2025,13446,Toluca,Atlético de San Luis,0,4,26,346,7,0.3,22,7,16,10,0.5,3,2,0.8,0,0,47.7,0,2,0.5,8,0.4,22,12,52,414,17,16,8,2
736668,2025-08-29,ligamx,2025,13446,FC Juárez,Mazatlán FC,1,7,33,283,4,0.4,21,9,18,8,0.6,1,1,0.8,2,1,43.1,0,2,0.3,4,0.6,21,17,56,350,16,14,4,3
736668,2025-08-29,ligamx,2025,13446,Mazatlán FC,FC Juárez,0,4,30,380,0,0.3,23,9,10,3,0.5,0,1,0.8,0,0,56.9,0,3,0.3,2,0.5,23,12,66,469,6,17,2,4
736669,2025-08-29,ligamx,2025,13446,Puebla,Monterrey,1,2,22,324,1,0.3,22,10,10,6,0.6,2,3,0.9,0,0,35.7,0,4,0.6,4,0.7,22,8,35,379,7,14,1,2
736669,2025-08-29,ligamx,2025,13446,Monterrey,Puebla,0,3,44,618,4,0.2,12,9,11,11,0.7,4,0,0.9,4,2,64.3,0,2,0.5,9,0.8,12,16,67,688,17,12,7,3
736670,2025-08-30,ligamx,2025,13446,León,Querétaro,1,3,31,592,4,0.2,21,9,14,4,0.7,3,1,0.9,0,0,69.7,0,4,0.4,5,0.6,21,16,47,646,14,14,4,3
736670,2025-08-30,ligamx,2025,13446,Querétaro,León,0,3,22,209,2,0.2,18,7,8,9,0.4,0,1,0.8,0,0,30.3,2,2,0.6,4,0.6,18,15,59,270,7,11,7,3
736671,2025-08-30,ligamx,2025,13446,Guadalajara,Cruz Azul,1,8,29,360,3,0.3,14,13,17,10,0.5,1,2,0.8,0,0,61.5,0,5,0.3,5,0.8,14,24,54,442,19,16,7,5
736671,2025-08-30,ligamx,2025,13446,Cruz Azul,Guadalajara,0,1,32,196,3,0.3,26,20,10,6,0.4,2,4,0.7,0,0,38.5,0,4,0.6,7,0.7,26,4,84,289,12,28,1,1
736672,2025-08-30,ligamx,2025,13446,Santos,Tigres UANL,1,5,22,230,6,0.3,23,6,15,2,0.5,0,0,0.8,0,0,37.4,1,8,0.1,1,0.5,23,17,47,279,12,11,3,3
736672,2025-08-30,ligamx,2025,13446,Tigres UANL,Santos,0,3,19,433,7,0.3,28,7,14,7,0.5,1,4,0.9,0,1,62.6,0,1,0.4,9,0.7,28,11,42,486,23,10,5,4
736673,2025-08-30,ligamx,2025,13446,América,Pachuca,1,4,35,323,4,0.3,21,7,14,12,0.5,2,2,0.8,0,0,45.2,0,3,0.4,6,0.6,21,13,66,400,16,12,8,1
736673,2025-08-30,ligamx,2025,13446,Pachuca,América,0,2,18,397,0,0.1,15,12,15,7,0.4,0,2,0.8,0,0,54.8,0,4,0.7,4,0.8,15,14,51,482,6,16,2,2
736674,2025-08-31,ligamx,2025,13446,Pumas UNAM,Atlas,1,8,25,430,6,0.3,12,8,7,6,0.5,1,4,0.9,0,0,68.9,0,1,0.3,6,0.7,12,31,50,494,19,12,8,2
736674,2025-08-31,ligamx,2025,13446,Atlas,Pumas UNAM,0,1,21,161,1,0.2,25,10,8,10,0.4,0,3,0.7,0,0,31.1,0,5,0.2,1,0.8,25,5,55,231,6,13,1,5
736675,2025-08-31,ligamx,2025,13446,Tijuana,Necaxa,1,5,26,418,5,0.3,24,12,16,5,0.7,3,1,0.9,2,1,63.5,0,3,0.3,4,0.5,24,17,37,457,16,23,4,1
736675,2025-08-31,ligamx,2025,13446,Necaxa,Tijuana,0,0,12,200,2,0.0,23,9,14,3,0.3,0,1,0.8,0,0,36.5,2,1,0.4,3,0.5,23,13,39,260,8,18,3,1
736677,2025-09-12,ligamx,2025,13446,Necaxa,FC Juárez,1,7,15,426,5,0.3,17,8,12,4,0.4,1,0,0.8,0,0,61.9,0,2,0.3,4,0.6,17,25,41,514,16,14,4,3
736677,2025-09-12,ligamx,2025,13446,FC Juárez,Necaxa,0,1,14,239,1,0.1,43,14,12,7,0.3,1,2,0.7,0,0,38.1,0,3,0.3,3,0.8,43,10,41,319,10,18,2,2
736678,2025-09-12,ligamx,2025,13446,Mazatlán FC,Pumas UNAM,1,8,26,459,4,0.4,11,7,10,8,0.6,1,2,0.9,0,1,66.1,0,1,0.3,4,0.6,11,22,43,520,15,12,6,2
736678,2025-09-12,ligamx,2025,13446,Pumas UNAM,Mazatlán FC,0,2,21,216,3,0.3,30,15,16,16,0.5,4,3,0.8,4,2,33.9,0,4,0.4,5,0.7,30,6,40,272,14,23,1,5
736676,2025-09-13,ligamx,2025,13446,América,Guadalajara,1,7,14,469,2,0.3,19,11,11,2,0.4,1,0,0.9,0,0,64.3,0,0,0.1,1,0.7,19,23,33,530,11,16,8,3
736676,2025-09-13,ligamx,2025,13446,Guadalajara,América,0,3,12,232,5,0.2,36,14,9,9,0.4,2,2,0.8,0,0,35.7,0,0,0.3,2,0.8,36,16,34,288,8,18,4,2
736679,2025-09-13,ligamx,2025,13446,Pachuca,Cruz Azul,1,4,42,330,1,0.2,24,10,11,8,0.6,0,1,0.9,0,0,50.5,2,0,0.6,7,0.6,24,25,65,382,12,18,4,3
736679,2025-09-13,ligamx,2025,13446,Cruz Azul,Pachuca,0,2,28,329,0,0.2,25,12,11,3,0.5,1,1,0.8,2,1,49.5,1,7,0.2,1,0.6,25,13,60,392,6,19,5,1
736680,2025-09-13,ligamx,2025,13446,Atlas,Santos,1,1,10,195,3,0.1,38,9,18,6,0.3,2,1,0.8,0,0,35.8,1,6,0.4,3,0.6,38,10,39,252,7,15,4,4
736680,2025-09-13,ligamx,2025,13446,Santos,Atlas,0,5,14,388,11,0.2,20,11,13,7,0.5,2,0,0.9,0,0,64.2,0,1,0.4,9,0.7,20,28,29,442,25,16,11,5
736681,2025-09-13,ligamx,2025,13446,Tigres UANL,León,1,6,23,329,7,0.3,29,3,10,4,0.6,0,0,0.9,0,0,46.2,1,6,0.1,2,0.6,29,18,37,387,19,5,6,0
736681,2025-09-13,ligamx,2025,13446,León,Tigres UANL,0,6,24,391,4,0.4,27,16,14,6,0.5,0,4,0.9,0,0,53.8,0,2,0.4,6,0.7,27,15,49,455,16,23,2,4
736682,2025-09-13,ligamx,2025,13446,Toluca,Puebla,1,4,33,480,9,0.3,15,5,13,5,0.7,3,1,0.9,0,0,61.5,0,2,0.2,5,0.4,15,15,48,524,27,14,6,0
736682,2025-09-13,ligamx,2025,13446,Puebla,Toluca,0,1,27,268,1,0.1,24,15,14,5,0.5,1,0,0.8,2,1,38.5,0,2,0.3,2,0.7,24,11,53,324,8,21,5,1
736683,2025-09-14,ligamx,2025,13446,Querétaro,Monterrey,1,2,28,270,0,0.2,12,8,20,13,0.4,0,1,0.8,0,0,38.5,0,5,0.3,1,0.5,12,10,68,354,3,15,2,3
736683,2025-09-14,ligamx,2025,13446,Monterrey,Querétaro,0,7,43,484,3,0.3,15,5,16,10,0.6,1,2,0.9,0,0,61.5,0,1,0.4,6,0.4,15,21,70,564,15,13,4,4
736684,2025-09-14,ligamx,2025,13446,Atlético de San Luis,Tijuana,1,4,16,268,3,0.3,35,11,12,3,0.4,1,1,0.8,0,0,48.6,0,5,0.3,3,0.8,35,13,37,320,10,14,3,2
736684,2025-09-14,ligamx,2025,13446,Tijuana,Atlético de San Luis,0,3,23,273,1,0.2,14,6,16,5,0.4,1,6,0.8,0,0,51.4,0,1,0.6,6,0.6,14,19,53,336,10,10,5,1
736685,2025-09-17,ligamx,2025,13446,Guadalajara,Tigres UANL,1,1,30,335,0,0.1,32,9,9,8,0.5,0,1,0.8,0,1,39.8,0,3,0.3,2,0.6,32,15,58,408,8,14,2,2
736685,2025-09-17,ligamx,2025,13446,Tigres UANL,Guadalajara,0,3,25,540,5,0.1,28,8,12,2,0.5,0,0,0.9,0,0,60.2,0,2,0.3,3,0.7,28,23,48,615,12,12,9,3
736686,2025-09-19,ligamx,2025,13446,Cruz Azul,FC Juárez,1,5,35,437,3,0.3,15,6,16,4,0.5,3,5,0.9,0,0,60.9,0,0,0.4,5,0.3,15,17,68,507,13,19,7,1
736686,2025-09-19,ligamx,2025,13446,FC Juárez,Cruz Azul,0,7,19,252,3,0.4,17,7,9,4,0.4,2,1,0.8,0,0,39.1,0,2,0.1,2,0.6,17,19,46,316,16,12,4,2
736687,2025-09-19,ligamx,2025,13446,Necaxa,Puebla,1,3,22,258,4,0.3,32,10,7,7,0.4,1,1,0.7,0,0,46.1,0,5,0.3,3,0.8,32,11,57,351,12,12,2,1
736687,2025-09-19,ligamx,2025,13446,Puebla,Necaxa,0,4,28,331,3,0.3,21,14,12,11,0.5,0,2,0.8,0,0,53.9,0,3,0.4,5,0.6,21,16,54,405,14,22,8,1
736688,2025-09-19,ligamx,2025,13446,Tijuana,León,1,6,35,358,3,0.4,18,14,16,13,0.6,5,0,0.9,0,0,47.7,0,2,0.4,8,0.7,18,16,60,420,19,19,4,0
736688,2025-09-19,ligamx,2025,13446,León,Tijuana,0,1,24,403,0,0.1,25,10,18,7,0.6,0,0,0.9,0,0,52.3,0,3,0.5,3,0.6,25,8,43,469,6,17,3,2
736689,2025-09-19,ligamx,2025,13446,Mazatlán FC,Atlas,1,5,12,227,3,0.3,16,10,21,9,0.3,1,4,0.7,0,1,44.1,0,2,0.3,4,0.6,16,20,44,306,14,18,2,2
736689,2025-09-19,ligamx,2025,13446,Atlas,Mazatlán FC,0,5,18,324,6,0.5,32,9,9,6,0.4,1,1,0.8,2,1,55.9,0,3,0.3,3,0.5,32,11,44,402,12,18,3,4
736690,2025-09-20,ligamx,2025,13446,Pachuca,Querétaro,1,11,25,551,4,0.2,8,8,13,5,0.5,0,0,0.9,0,0,76.9,0,2,0.3,4,0.6,8,53,46,625,14,14,11,4
736690,2025-09-20,ligamx,2025,13446,Querétaro,Pachuca,0,4,10,133,1,0.4,54,15,16,9,0.2,2,2,0.7,2,1,23.1,0,4,0.5,4,0.6,54,10,49,192,8,25,3,3
736691,2025-09-20,ligamx,2025,13446,Guadalajara,Toluca,1,5,21,406,6,0.2,14,7,17,12,0.7,0,2,0.9,0,0,52.9,1,8,0.2,4,0.7,14,23,31,457,18,10,7,2
736691,2025-09-20,ligamx,2025,13446,Toluca,Guadalajara,0,4,32,354,2,0.5,25,11,9,9,0.6,3,0,0.9,0,0,47.1,1,4,0.6,11,0.7,25,8,53,416,19,16,6,3
736692,2025-09-20,ligamx,2025,13446,Pumas UNAM,Tigres UANL,1,4,29,391,5,0.2,10,5,17,5,0.6,1,1,0.9,0,1,51.5,0,3,0.3,4,0.6,10,17,47,437,12,9,6,4
736692,2025-09-20,ligamx,2025,13446,Tigres UANL,Pumas UNAM,0,1,23,358,0,0.1,20,9,10,4,0.5,1,0,0.9,0,1,48.5,0,2,0.6,4,0.8,20,13,42,414,7,12,2,2
736693,2025-09-20,ligamx,2025,13446,Monterrey,América,1,1,27,412,2,0.1,35,10,7,5,0.5,2,1,0.9,0,0,49.6,0,5,0.5,5,0.7,35,7,56,476,10,14,2,0
736693,2025-09-20,ligamx,2025,13446,América,Monterrey,0,4,16,408,9,0.2,18,6,9,6,0.5,2,4,0.9,0,0,50.4,0,3,0.4,7,0.6,18,24,35,465,18,10,16,1
736694,2025-09-21,ligamx,2025,13446,Santos,Atlético de San Luis,1,8,22,356,3,0.4,14,10,13,2,0.4,1,3,0.8,0,1,55.1,0,4,0.5,5,0.7,14,19,51,434,11,14,6,1
736694,2025-09-21,ligamx,2025,13446,Atlético de San Luis,Santos,0,7,22,295,2,0.4,26,7,16,7,0.4,4,0,0.8,0,0,44.9,0,4,0.5,8,0.6,26,16,51,354,15,12,3,1
736695,2025-09-23,ligamx,2025,13446,Guadalajara,Necaxa,1,3,30,359,1,0.2,18,10,8,9,0.6,3,0,0.8,0,0,46.4,0,4,0.5,5,0.6,18,14,52,424,10,17,4,2
736695,2025-09-23,ligamx,2025,13446,Necaxa,Guadalajara,0,4,20,432,9,0.3,21,8,12,8,0.5,1,1,0.9,0,0,53.6,0,2,0.2,5,0.7,21,15,42,490,23,12,7,1
736696,2025-09-23,ligamx,2025,13446,Puebla,Pachuca,1,4,16,295,2,0.2,23,9,11,8,0.3,2,1,0.8,0,0,53.1,0,5,0.5,3,0.5,23,17,46,381,6,19,2,4
736696,2025-09-23,ligamx,2025,13446,Pachuca,Puebla,0,3,19,264,0,0.2,17,13,9,10,0.4,2,1,0.8,0,1,46.9,0,1,0.5,8,0.7,17,18,51,336,16,18,4,2
736697,2025-09-23,ligamx,2025,13446,FC Juárez,Pumas UNAM,1,3,19,308,4,0.2,20,11,14,10,0.5,3,1,0.8,0,0,45.4,0,0,0.4,4,0.6,20,16,39,364,10,18,5,1
736697,2025-09-23,ligamx,2025,13446,Pumas UNAM,FC Juárez,0,1,28,369,3,0.1,25,10,14,7,0.6,1,1,0.8,0,0,54.6,1,1,0.2,1,0.6,25,9,50,448,6,16,2,1
736698,2025-09-23,ligamx,2025,13446,León,Mazatlán FC,1,6,35,373,4,0.3,24,9,10,11,0.5,2,1,0.8,2,1,59,0,5,0.3,6,0.5,24,24,67,447,19,19,5,1
736698,2025-09-23,ligamx,2025,13446,Mazatlán FC,León,0,4,12,248,2,0.3,22,10,17,8,0.3,2,2,0.8,0,0,41,0,4,0.5,8,0.6,22,14,39,312,16,16,5,5
736699,2025-09-24,ligamx,2025,13446,Cruz Azul,Querétaro,1,8,51,592,8,0.2,12,9,9,4,0.8,2,0,0.9,0,0,80,1,2,0.3,8,0.8,12,44,68,656,24,11,13,3
736699,2025-09-24,ligamx,2025,13446,Querétaro,Cruz Azul,0,2,17,94,2,0.4,59,12,9,4,0.3,2,1,0.6,0,0,20,1,6,0.7,4,0.7,59,5,57,167,6,17,3,3
736700,2025-09-24,ligamx,2025,13446,Tigres UANL,Atlas,1,5,35,443,2,0.3,14,13,9,10,0.6,2,2,0.9,0,0,60.2,0,2,0.4,7,0.7,14,18,56,513,16,18,7,2
736700,2025-09-24,ligamx,2025,13446,Atlas,Tigres UANL,0,3,20,273,0,0.2,20,8,12,10,0.4,0,2,0.8,0,0,39.8,0,6,0.3,2,0.4,20,14,48,337,7,18,6,1
736701,2025-09-24,ligamx,2025,13446,Toluca,Monterrey,1,5,26,392,4,0.4,17,9,12,4,0.5,6,2,0.9,0,0,45.8,0,5,0.5,13,0.5,17,13,50,453,24,20,6,1
736701,2025-09-24,ligamx,2025,13446,Monterrey,Toluca,0,8,47,476,1,0.3,13,6,4,5,0.7,2,3,0.9,0,1,54.2,0,6,0.4,7,0.7,13,26,63,532,16,9,2,1
736702,2025-09-24,ligamx,2025,13446,Santos,Tijuana,1,4,18,225,2,0.3,28,10,14,7,0.4,1,0,0.8,0,0,46.9,1,1,0.4,6,0.6,28,16,45,293,14,18,5,3
736702,2025-09-24,ligamx,2025,13446,Tijuana,Santos,0,6,18,278,2,0.3,30,10,16,8,0.4,0,2,0.8,0,0,53.1,0,5,0.1,1,0.5,30,21,43,332,16,19,6,4
736703,2025-09-24,ligamx,2025,13446,Atlético de San Luis,América,1,1,20,329,2,0.1,30,10,13,3,0.4,0,0,0.8,0,0,48.2,0,1,0.2,1,0.7,30,15,51,406,6,15,2,1
736703,2025-09-24,ligamx,2025,13446,América,Atlético de San Luis,0,5,38,361,0,0.2,26,10,10,11,0.6,1,1,0.8,0,0,51.8,0,1,0.2,2,0.8,26,24,68,433,10,13,6,3
736704,2025-09-26,ligamx,2025,13446,FC Juárez,León,1,9,23,388,2,0.4,25,10,14,11,0.6,2,1,0.9,2,1,56.6,0,1,0.2,4,0.5,25,24,39,444,18,19,3,2
736704,2025-09-26,ligamx,2025,13446,León,FC Juárez,0,2,14,261,4,0.1,20,11,13,5,0.3,0,2,0.8,0,0,43.4,1,2,0.2,1,0.6,20,18,41,339,6,19,6,0
736705,2025-09-27,ligamx,2025,13446,Puebla,Guadalajara,1,8,39,403,4,0.3,26,13,8,8,0.6,0,1,0.8,0,0,70.7,0,0,0.1,1,0.8,26,29,64,483,13,17,5,3
736705,2025-09-27,ligamx,2025,13446,Guadalajara,Puebla,0,4,19,127,4,0.3,43,5,17,10,0.3,2,2,0.6,0,0,29.3,0,1,0.3,2,0.8,43,14,58,197,7,6,6,2
736706,2025-09-27,ligamx,2025,13446,Atlas,Necaxa,1,3,30,242,1,0.3,24,13,11,8,0.5,3,2,0.8,2,1,44.9,0,5,0.6,8,0.8,24,11,57,304,14,17,5,4
736706,2025-09-27,ligamx,2025,13446,Necaxa,Atlas,0,8,19,296,4,0.7,16,14,20,7,0.3,2,3,0.8,0,0,55.1,1,5,0.4,7,0.7,16,11,59,379,19,19,4,5
736707,2025-09-27,ligamx,2025,13446,Pachuca,Atlético de San Luis,1,2,26,281,0,0.3,19,12,21,10,0.5,2,4,0.8,2,1,45.9,0,2,0.2,2,0.6,19,6,54,365,12,19,1,3
736707,2025-09-27,ligamx,2025,13446,Atlético de San Luis,Pachuca,0,4,27,347,5,0.2,15,12,8,8,0.5,1,1,0.8,0,0,54.1,0,1,0.3,3,0.9,15,19,52,422,12,14,4,2
736708,2025-09-27,ligamx,2025,13446,Monterrey,Santos,1,7,22,531,3,0.3,19,13,17,9,0.6,1,3,0.9,0,0,59.1,0,2,0.2,3,0.7,19,23,36,582,13,19,5,2
736708,2025-09-27,ligamx,2025,13446,Santos,Monterrey,0,4,22,344,2,0.4,18,11,14,13,0.5,0,3,0.9,0,0,40.9,1,2,0.2,2,0.6,18,9,42,404,10,18,2,4
736709,2025-09-27,ligamx,2025,13446,América,Pumas UNAM,1,8,22,368,6,0.3,18,11,8,2,0.5,4,0,0.9,2,1,55.9,0,1,0.5,11,0.7,18,28,45,418,23,16,8,2
736709,2025-09-27,ligamx,2025,13446,Pumas UNAM,América,0,4,19,282,2,0.3,25,11,11,5,0.5,1,1,0.8,0,0,44.1,0,8,0.3,2,0.7,25,13,37,335,6,15,4,4
736711,2025-09-27,ligamx,2025,13446,Toluca,Mazatlán FC,1,2,30,396,5,0.1,6,12,12,10,0.7,3,0,0.9,2,1,52.3,1,2,0.4,6,0.6,6,14,46,451,16,20,5,1
736711,2025-09-27,ligamx,2025,13446,Mazatlán FC,Toluca,0,2,18,359,1,0.3,13,6,13,11,0.5,1,0,0.9,0,0,47.7,0,3,0.3,3,0.7,13,8,35,412,11,9,2,2
736710,2025-09-28,ligamx,2025,13446,Querétaro,Tigres UANL,1,5,18,213,1,0.3,27,16,9,7,0.3,0,1,0.8,0,1,29.5,1,6,0.1,1,0.7,27,19,52,279,11,23,2,1
736710,2025-09-28,ligamx,2025,13446,Tigres UANL,Querétaro,0,12,33,629,5,0.4,26,11,10,9,0.7,2,2,0.9,0,0,70.5,0,1,0.5,9,0.8,26,30,48,688,20,14,10,1
736712,2025-09-28,ligamx,2025,13446,Tijuana,Cruz Azul,1,9,35,436,2,0.3,24,9,14,5,0.6,2,0,0.9,0,0,62.2,0,4,0.5,6,0.5,24,27,54,497,13,17,1,3
736712,2025-09-28,ligamx,2025,13446,Cruz Azul,Tijuana,0,5,12,232,2,0.3,23,8,9,8,0.3,0,2,0.8,0,0,37.8,1,4,0.2,3,0.8,23,15,41,307,14,10,2,1
736713,2025-10-03,ligamx,2025,13446,Necaxa,Pachuca,1,4,19,301,3,0.2,19,20,15,11,0.4,0,0,0.8,0,0,56.7,0,0,0.3,4,0.6,19,26,48,388,15,32,8,4
736713,2025-10-03,ligamx,2025,13446,Pachuca,Necaxa,0,1,22,215,9,0.1,48,14,6,4,0.3,1,0,0.7,0,0,43.3,0,4,0.1,1,0.6,48,9,64,304,15,23,4,3
736714,2025-10-03,ligamx,2025,13446,Atlas,FC Juárez,1,3,25,259,2,0.3,31,17,17,13,0.5,3,1,0.8,2,1,42.7,0,4,0.3,3,0.9,31,10,49,317,12,18,2,4
736714,2025-10-03,ligamx,2025,13446,FC Juárez,Atlas,0,9,30,355,2,0.3,13,4,17,6,0.7,1,2,0.9,0,0,57.3,0,0,0.4,5,0.6,13,34,45,408,14,7,10,3
736715,2025-10-03,ligamx,2025,13446,Mazatlán FC,Atlético de San Luis,1,5,24,276,0,0.2,17,13,15,10,0.5,2,2,0.8,0,0,47.4,0,2,0.3,3,0.9,17,21,50,342,12,15,2,6
736715,2025-10-03,ligamx,2025,13446,Atlético de San Luis,Mazatlán FC,0,9,13,310,3,0.3,29,8,14,4,0.4,1,1,0.8,0,0,52.6,0,1,0.2,3,0.5,29,27,34,376,15,15,6,3
736716,2025-10-04,ligamx,2025,13446,Querétaro,Puebla,1,2,26,310,3,0.2,17,14,15,15,0.4,3,0,0.8,0,0,49.3,0,3,0.3,4,0.7,17,12,62,391,12,19,3,1
736716,2025-10-04,ligamx,2025,13446,Puebla,Querétaro,0,9,40,319,1,0.5,14,13,19,7,0.6,1,0,0.8,0,0,50.7,0,1,0.3,4,0.6,14,20,72,397,13,21,6,2
736717,2025-10-04,ligamx,2025,13446,León,Toluca,1,7,21,493,2,0.3,16,8,6,8,0.6,2,3,0.9,2,1,52,0,1,0.3,4,0.5,16,21,34,536,13,15,5,2
736717,2025-10-04,ligamx,2025,13446,Toluca,León,0,5,29,452,4,0.4,18,10,12,6,0.6,4,4,0.9,0,0,48,0,2,0.4,6,0.6,18,13,49,502,17,16,2,2
736718,2025-10-04,ligamx,2025,13446,Tigres UANL,Cruz Azul,1,3,24,254,4,0.2,31,8,15,3,0.4,1,4,0.8,0,0,36.1,0,5,0.3,4,0.6,31,14,58,328,12,14,3,4
736718,2025-10-04,ligamx,2025,13446,Cruz Azul,Tigres UANL,0,3,30,518,5,0.2,28,12,8,8,0.5,1,2,0.9,2,1,63.9,0,3,0.4,6,0.6,28,20,60,592,17,19,3,2
736719,2025-10-04,ligamx,2025,13446,América,Santos,1,7,27,383,5,0.2,11,8,8,4,0.7,3,5,0.9,0,0,56.8,0,2,0.5,15,0.7,11,29,40,441,29,11,11,1
736719,2025-10-04,ligamx,2025,13446,Santos,América,0,1,20,285,1,0.1,34,7,8,11,0.4,0,2,0.8,0,0,43.2,0,11,0.4,2,0.5,34,8,48,348,5,14,3,2
736720,2025-10-05,ligamx,2025,13446,Pumas UNAM,Guadalajara,1,4,13,432,5,0.3,24,5,7,9,0.3,1,1,0.9,0,1,52.2,0,2,0.2,3,0.6,24,15,43,503,14,9,6,0
736720,2025-10-05,ligamx,2025,13446,Guadalajara,Pumas UNAM,0,3,47,401,3,0.3,20,4,5,9,0.7,2,3,0.9,0,0,47.8,0,2,0.4,4,0.4,20,10,65,460,11,10,3,2
736721,2025-10-05,ligamx,2025,13446,Tijuana,Monterrey,1,4,44,344,0,0.3,31,6,10,9,0.6,2,3,0.8,0,0,44.9,0,4,0.5,5,0.4,31,16,71,420,10,14,3,2
736721,2025-10-05,ligamx,2025,13446,Monterrey,Tijuana,0,6,20,454,2,0.3,23,3,14,10,0.6,2,0,0.9,0,0,55.1,0,3,0.4,6,0.3,23,21,31,519,14,9,4,2
736722,2025-10-17,ligamx,2025,13446,Puebla,Tijuana,1,8,16,376,0,0.4,22,5,12,8,0.5,4,0,0.9,0,1,53.8,0,1,0.8,9,0.5,22,19,33,439,11,11,4,1
736722,2025-10-17,ligamx,2025,13446,Tijuana,Puebla,0,5,23,303,4,0.3,19,9,15,7,0.4,3,0,0.8,2,1,46.2,0,5,0.3,4,0.7,19,15,55,373,13,13,3,2
736723,2025-10-17,ligamx,2025,13446,Atlético de San Luis,Atlas,1,7,27,290,4,0.3,16,4,10,3,0.5,2,0,0.8,2,1,41.3,0,2,0.3,3,0.3,16,25,50,356,11,12,8,0
736723,2025-10-17,ligamx,2025,13446,Atlas,Atlético de San Luis,0,1,23,456,1,0.1,24,5,7,9,0.4,0,3,0.9,0,0,58.7,0,1,0.3,2,0.4,24,8,53,536,8,12,2,0
736724,2025-10-17,ligamx,2025,13446,Tigres UANL,Necaxa,1,3,26,403,6,0.2,17,7,10,9,0.6,5,0,0.9,0,0,55.5,0,3,0.5,9,0.5,17,17,44,468,19,15,6,2
736724,2025-10-17,ligamx,2025,13446,Necaxa,Tigres UANL,0,2,15,299,3,0.2,23,15,19,11,0.4,3,0,0.8,0,0,44.5,0,3,0.4,6,0.7,23,10,41,379,14,23,4,5
736725,2025-10-18,ligamx,2025,13446,Santos,León,1,4,34,254,3,0.3,22,5,12,7,0.6,2,3,0.8,0,0,38.3,0,11,0.5,5,0.6,22,13,53,307,10,8,4,3
736725,2025-10-18,ligamx,2025,13446,León,Santos,0,7,40,446,4,0.2,13,3,10,6,0.7,0,4,0.9,0,0,61.7,0,3,0.5,11,0.4,13,29,55,494,21,7,11,3
736726,2025-10-18,ligamx,2025,13446,FC Juárez,Pachuca,1,3,21,276,4,0.2,24,14,8,12,0.5,2,2,0.8,0,0,40.1,0,2,0.3,4,0.7,24,15,39,348,16,19,4,4
736726,2025-10-18,ligamx,2025,13446,Pachuca,FC Juárez,0,2,16,448,1,0.2,21,12,17,8,0.3,2,0,0.9,0,0,59.9,1,4,0.4,3,0.8,21,13,46,523,8,16,5,4
736727,2025-10-18,ligamx,2025,13446,Guadalajara,Mazatlán FC,1,4,23,491,4,0.3,21,8,14,3,0.5,2,0,0.9,2,1,58.6,0,0,0.4,5,0.4,21,14,45,553,13,21,5,1
736727,2025-10-18,ligamx,2025,13446,Mazatlán FC,Guadalajara,0,0,12,333,1,0.0,32,7,14,9,0.3,0,0,0.9,0,0,41.4,0,3,0.0,0,0.9,32,13,36,386,5,8,2,1
736728,2025-10-18,ligamx,2025,13446,Monterrey,Pumas UNAM,1,8,31,549,2,0.3,22,12,8,11,0.7,1,2,0.9,2,1,63.1,0,1,0.4,6,0.7,22,24,47,603,14,18,3,0
736728,2025-10-18,ligamx,2025,13446,Pumas UNAM,Monterrey,0,3,19,284,10,0.2,36,12,14,9,0.4,1,2,0.8,0,0,36.9,0,3,0.1,2,0.6,36,18,46,347,14,19,8,1
736729,2025-10-18,ligamx,2025,13446,Cruz Azul,América,1,2,16,381,6,0.3,15,9,9,5,0.3,2,3,0.8,0,0,53.3,0,1,0.3,5,0.5,15,7,46,456,16,18,0,2
736729,2025-10-18,ligamx,2025,13446,América,Cruz Azul,0,3,33,319,2,0.3,30,10,11,6,0.6,1,2,0.8,0,0,46.7,0,2,0.4,2,0.7,30,10,60,395,5,14,3,1
736730,2025-10-18,ligamx,2025,13446,Toluca,Querétaro,1,5,54,619,3,0.5,13,8,17,8,0.7,4,4,0.9,2,1,64.7,0,5,0.4,7,0.6,13,11,74,681,16,14,3,1
736730,2025-10-18,ligamx,2025,13446,Querétaro,Toluca,0,5,19,311,2,0.4,15,6,7,10,0.5,0,3,0.9,0,0,35.3,0,3,0.4,5,0.5,15,14,37,363,14,12,6,0
736731,2025-10-21,ligamx,2025,13446,América,Puebla,1,8,26,421,4,0.3,13,12,10,4,0.6,2,0,0.9,2,1,62.5,0,1,0.3,5,0.7,13,23,43,483,19,18,10,1
736731,2025-10-21,ligamx,2025,13446,Puebla,América,0,1,14,231,3,0.1,24,12,15,6,0.3,1,0,0.8,0,0,37.5,1,4,0.3,2,0.7,24,8,46,294,6,18,3,4
736732,2025-10-21,ligamx,2025,13446,Necaxa,Cruz Azul,1,3,21,211,4,0.3,14,12,15,17,0.4,1,1,0.7,0,0,39.8,0,3,0.2,4,0.6,14,10,57,296,18,19,2,0
736732,2025-10-21,ligamx,2025,13446,Cruz Azul,Necaxa,0,3,29,362,0,0.3,33,19,9,15,0.5,1,3,0.8,0,0,60.2,0,3,0.4,4,0.9,33,10,58,454,9,22,3,3
736733,2025-10-21,ligamx,2025,13446,Mazatlán FC,Santos,1,6,10,241,5,0.2,17,12,19,3,0.3,2,7,0.8,0,0,50.5,0,2,0.2,3,0.7,17,28,37,300,17,18,11,2
736733,2025-10-21,ligamx,2025,13446,Santos,Mazatlán FC,0,4,15,246,2,0.3,39,11,11,7,0.4,2,2,0.8,0,0,49.5,0,1,0.6,4,0.6,39,14,39,307,7,18,4,2
736734,2025-10-21,ligamx,2025,13446,Monterrey,FC Juárez,1,9,35,472,4,0.7,10,13,12,7,0.7,4,1,0.9,0,0,60.1,0,3,0.5,7,0.8,10,13,51,527,15,17,5,1
736734,2025-10-21,ligamx,2025,13446,FC Juárez,Monterrey,0,6,15,303,2,0.4,19,5,14,8,0.7,2,1,0.9,0,0,39.9,0,3,0.3,4,0.6,19,15,23,341,12,8,3,0
736735,2025-10-22,ligamx,2025,13446,Querétaro,Guadalajara,1,0,21,163,0,0.0,44,6,10,11,0.3,1,2,0.7,0,0,26.5,0,4,0.7,4,0.4,44,3,69,238,6,14,0,2
736735,2025-10-22,ligamx,2025,13446,Guadalajara,Querétaro,0,12,30,561,5,0.3,9,11,7,4,0.8,0,3,0.9,0,0,73.5,1,3,0.2,5,0.7,9,47,40,619,22,15,11,0
736736,2025-10-22,ligamx,2025,13446,Pachuca,Tigres UANL,1,8,22,379,5,0.3,12,12,11,1,0.5,1,2,0.9,0,0,54.1,2,6,0.3,5,0.6,12,28,46,444,20,21,9,2
736736,2025-10-22,ligamx,2025,13446,Tigres UANL,Pachuca,0,1,18,322,1,0.1,27,6,17,4,0.3,2,0,0.8,0,0,45.9,1,4,0.7,8,0.4,27,8,57,398,11,16,3,7
736737,2025-10-22,ligamx,2025,13446,Pumas UNAM,Atlético de San Luis,1,2,40,491,1,0.1,25,5,8,10,0.6,0,2,0.9,0,0,62.9,0,3,0.0,0,0.4,25,17,69,568,6,12,2,2
736737,2025-10-22,ligamx,2025,13446,Atlético de San Luis,Pumas UNAM,0,6,18,251,2,0.3,23,8,14,4,0.4,1,0,0.8,0,0,37.1,0,0,0.4,5,0.7,23,23,45,320,13,12,6,3
736738,2025-10-22,ligamx,2025,13446,Atlas,León,1,3,20,376,2,0.2,18,17,18,7,0.6,2,3,0.9,2,1,48.3,0,0,0.5,5,0.9,18,15,35,431,11,20,3,2
736738,2025-10-22,ligamx,2025,13446,León,Atlas,0,3,30,400,1,0.1,21,11,10,13,0.7,0,0,0.9,0,0,51.7,0,3,0.0,0,0.7,21,22,44,453,6,16,6,4
736739,2025-10-22,ligamx,2025,13446,Tijuana,Toluca,1,3,31,297,3,0.2,41,9,17,6,0.5,0,2,0.8,0,0,39.1,0,2,0.0,0,0.6,41,17,65,366,7,16,3,2
736739,2025-10-22,ligamx,2025,13446,Toluca,Tijuana,0,4,21,496,2,0.2,19,9,18,6,0.4,0,1,0.9,0,0,60.9,0,0,0.2,2,0.6,19,19,55,579,9,16,5,1
736740,2025-10-24,ligamx,2025,13446,FC Juárez,Puebla,1,7,22,341,2,0.3,21,6,11,8,0.6,4,2,0.9,2,1,48.6,0,4,0.5,8,0.6,21,23,40,396,17,10,4,2
736740,2025-10-24,ligamx,2025,13446,Puebla,FC Juárez,0,3,25,354,4,0.2,30,7,11,7,0.5,4,1,0.8,0,0,51.4,0,4,0.5,8,0.5,30,19,52,423,17,13,10,2
736741,2025-10-24,ligamx,2025,13446,Mazatlán FC,América,1,0,19,213,1,0.0,19,12,12,6,0.4,2,0,0.8,0,0,33,0,5,0.8,3,0.5,19,7,46,277,4,22,2,3
736741,2025-10-24,ligamx,2025,13446,América,Mazatlán FC,0,13,39,486,8,0.5,11,15,7,5,0.6,2,0,0.9,0,0,67,0,1,0.3,7,0.9,11,28,65,548,25,16,4,1
736742,2025-10-25,ligamx,2025,13446,Tigres UANL,Tijuana,1,2,29,399,3,0.2,11,8,13,12,0.6,2,1,0.9,0,0,60.9,0,2,0.2,4,0.7,11,12,45,459,18,11,3,2
736742,2025-10-25,ligamx,2025,13446,Tijuana,Tigres UANL,0,5,25,212,2,0.4,20,16,10,11,0.4,0,1,0.7,0,1,39.1,1,2,0.2,2,0.7,20,13,59,287,11,22,3,1
736744,2025-10-25,ligamx,2025,13446,León,Pumas UNAM,1,7,15,432,3,0.4,22,9,9,7,0.4,1,0,0.9,0,0,52.1,0,6,0.3,4,0.6,22,17,36,480,15,16,6,1
736744,2025-10-25,ligamx,2025,13446,Pumas UNAM,León,0,3,32,393,1,0.3,16,7,13,10,0.7,1,2,0.9,2,2,47.9,0,3,0.5,7,0.7,16,12,44,443,13,10,5,2
736745,2025-10-25,ligamx,2025,13446,Guadalajara,Atlas,1,3,32,388,3,0.3,9,7,11,14,0.5,4,0,0.8,0,0,52.3,0,4,0.4,5,0.6,9,11,62,473,14,11,5,0
736745,2025-10-25,ligamx,2025,13446,Atlas,Guadalajara,0,4,15,346,3,0.2,15,10,9,14,0.3,1,0,0.8,0,0,47.7,0,1,0.4,4,0.8,15,19,51,424,10,13,4,2
736746,2025-10-25,ligamx,2025,13446,Cruz Azul,Monterrey,1,6,22,433,2,0.3,16,7,18,8,0.7,2,7,0.9,0,0,56,0,2,0.5,9,0.6,16,18,32,482,18,12,5,4
736746,2025-10-25,ligamx,2025,13446,Monterrey,Cruz Azul,0,2,25,305,3,0.3,16,4,4,4,0.4,0,1,0.8,0,0,44,1,7,0.2,2,0.8,16,8,56,378,9,5,3,1
736743,2025-10-26,ligamx,2025,13446,Toluca,Pachuca,1,6,23,414,5,0.2,25,9,11,6,0.6,2,3,0.9,0,0,58.6,0,4,0.2,4,0.6,25,25,39,467,20,15,6,3
736743,2025-10-26,ligamx,2025,13446,Pachuca,Toluca,0,3,18,279,2,0.2,24,8,11,3,0.4,2,1,0.8,2,1,41.4,1,2,0.4,6,0.5,24,13,45,336,16,15,3,4
736747,2025-10-26,ligamx,2025,13446,Santos,Querétaro,1,3,21,272,1,0.3,31,6,12,3,0.4,3,3,0.8,2,1,46.3,0,3,0.5,6,0.7,31,12,52,333,11,9,2,2
736747,2025-10-26,ligamx,2025,13446,Querétaro,Santos,0,3,24,312,2,0.2,14,10,15,4,0.5,1,3,0.8,0,0,53.7,0,3,0.4,5,0.7,14,20,47,380,13,14,1,4
736748,2025-10-26,ligamx,2025,13446,Atlético de San Luis,Necaxa,1,6,24,228,1,0.4,40,5,13,7,0.4,3,0,0.8,0,0,41.1,0,3,0.4,4,0.5,40,17,56,300,11,11,4,2
736748,2025-10-26,ligamx,2025,13446,Necaxa,Atlético de San Luis,0,5,24,354,6,0.2,18,4,16,9,0.4,4,0,0.8,0,0,58.9,0,1,0.4,6,0.4,18,31,54,429,14,9,3,2
736749,2025-10-31,ligamx,2025,13446,Necaxa,Santos,1,8,26,195,4,0.5,19,14,17,3,0.4,4,1,0.7,0,0,42.9,0,4,0.5,11,0.8,19,15,59,263,23,18,11,2
736749,2025-10-31,ligamx,2025,13446,Santos,Necaxa,0,2,26,285,3,0.1,22,13,10,5,0.5,1,2,0.8,0,1,57.1,0,8,0.5,5,0.7,22,16,49,345,11,18,7,3
736750,2025-10-31,ligamx,2025,13446,Atlético de San Luis,FC Juárez,1,4,14,327,3,0.3,18,4,7,2,0.3,1,3,0.8,0,0,46.7,1,6,0.2,3,0.5,18,12,41,385,13,8,6,2
736750,2025-10-31,ligamx,2025,13446,FC Juárez,Atlético de San Luis,0,10,20,381,1,0.3,23,8,12,7,0.5,2,0,0.9,0,0,53.3,0,1,0.5,7,0.7,23,29,40,433,14,11,6,1
736751,2025-10-31,ligamx,2025,13446,Puebla,Cruz Azul,1,2,23,313,2,0.2,25,9,11,10,0.6,0,2,0.8,0,0,43.4,0,4,0.5,4,0.5,25,13,41,381,8,19,4,2
736751,2025-10-31,ligamx,2025,13446,Cruz Azul,Puebla,0,4,27,423,1,0.2,15,14,11,4,0.5,3,0,0.9,0,0,56.6,0,4,0.5,7,0.8,15,18,55,497,13,18,7,0
736752,2025-11-01,ligamx,2025,13446,Atlas,Toluca,1,2,28,217,8,0.1,24,8,10,11,0.5,0,4,0.8,0,0,34,0,5,0.0,0,0.6,24,14,56,285,11,13,6,2
736752,2025-11-01,ligamx,2025,13446,Toluca,Atlas,0,9,31,481,4,0.5,16,8,11,10,0.6,0,5,0.9,0,0,66,0,0,0.4,5,0.5,16,20,51,561,14,16,8,2
736753,2025-11-01,ligamx,2025,13446,Monterrey,Tigres UANL,1,4,33,430,3,0.3,20,10,12,10,0.6,1,0,0.9,2,1,52.3,1,4,0.4,6,0.6,20,16,57,500,14,17,3,1
736753,2025-11-01,ligamx,2025,13446,Tigres UANL,Monterrey,0,2,33,397,1,0.2,23,5,19,9,0.7,1,3,0.9,0,0,47.7,1,5,0.6,7,0.4,23,12,50,455,12,13,2,3
736754,2025-11-01,ligamx,2025,13446,América,León,1,5,23,316,4,0.2,21,14,12,4,0.6,2,2,0.8,0,0,45.6,0,2,0.4,8,0.8,21,22,40,373,19,17,8,1
736754,2025-11-01,ligamx,2025,13446,León,América,0,3,15,387,0,0.2,17,7,10,7,0.4,0,1,0.8,0,0,54.4,0,6,0.2,1,0.6,17,14,38,456,6,12,2,2
736755,2025-11-02,ligamx,2025,13446,Pumas UNAM,Tijuana,1,4,24,384,2,0.3,20,7,17,9,0.5,4,1,0.9,0,0,51.9,0,3,0.5,8,0.7,20,12,44,439,15,10,3,2
736755,2025-11-02,ligamx,2025,13446,Tijuana,Pumas UNAM,0,6,34,349,1,0.3,21,11,8,7,0.7,1,2,0.9,2,1,48.1,0,3,0.3,4,0.6,21,24,48,396,15,19,4,1
736756,2025-11-02,ligamx,2025,13446,Querétaro,Mazatlán FC,1,4,21,272,2,0.2,15,14,12,5,0.4,1,1,0.8,0,0,37.5,0,3,0.4,5,0.7,15,20,51,331,12,20,5,3
736756,2025-11-02,ligamx,2025,13446,Mazatlán FC,Querétaro,0,7,33,499,1,0.4,23,11,8,0,0.5,0,0,0.9,0,0,62.5,1,4,0.4,3,0.6,23,16,68,568,8,19,4,2
736757,2025-11-02,ligamx,2025,13446,Pachuca,Guadalajara,1,4,23,445,2,0.4,21,8,11,7,0.4,0,2,0.9,0,0,53,0,2,0.2,3,0.7,21,11,56,523,14,11,1,2
736757,2025-11-02,ligamx,2025,13446,Guadalajara,Pachuca,0,2,28,371,5,0.1,14,6,11,12,0.4,1,1,0.8,0,0,47,1,3,0.2,3,0.4,14,20,63,458,15,15,2,1
736758,2025-11-07,ligamx,2025,13446,FC Juárez,Querétaro,1,10,27,568,1,0.3,11,11,9,6,0.5,1,2,0.9,0,0,74.2,0,1,0.4,6,0.6,11,34,50,645,15,18,6,2
736758,2025-11-07,ligamx,2025,13446,Querétaro,FC Juárez,0,4,14,144,1,0.4,35,8,12,12,0.2,2,1,0.6,0,0,25.8,0,5,0.2,2,0.5,35,10,63,222,9,17,3,2
736759,2025-11-07,ligamx,2025,13446,Mazatlán FC,Necaxa,1,2,24,145,0,0.2,38,13,10,11,0.4,1,1,0.7,2,1,31.5,1,5,0.4,2,0.6,38,9,57,211,5,22,4,5
736759,2025-11-07,ligamx,2025,13446,Necaxa,Mazatlán FC,0,8,18,386,7,0.3,14,9,23,1,0.5,1,2,0.8,0,0,68.5,0,1,0.3,6,0.8,14,29,36,455,22,11,14,3
736760,2025-11-07,ligamx,2025,13446,Tijuana,Atlas,1,11,54,358,6,0.3,13,7,8,17,0.7,2,0,0.9,0,0,53.2,0,1,0.4,10,0.4,13,34,73,407,24,18,7,5
736760,2025-11-07,ligamx,2025,13446,Atlas,Tijuana,0,3,18,309,1,0.3,28,7,9,3,0.5,0,1,0.8,0,0,46.8,0,8,0.1,1,0.5,28,9,35,375,7,13,0,3
736761,2025-11-08,ligamx,2025,13446,Guadalajara,Monterrey,1,7,23,349,6,0.4,18,7,12,9,0.4,4,2,0.9,0,0,43.8,0,3,0.3,7,0.6,18,16,55,408,21,12,6,4
736761,2025-11-08,ligamx,2025,13446,Monterrey,Guadalajara,0,3,23,451,1,0.3,12,6,13,4,0.4,2,1,0.8,0,0,56.2,0,3,0.6,5,0.6,12,10,55,535,9,10,0,1
736762,2025-11-08,ligamx,2025,13446,Tigres UANL,Atlético de San Luis,1,5,25,582,6,0.3,9,1,11,12,0.5,3,2,0.9,0,0,70,0,3,0.3,6,0.2,9,17,48,651,22,6,5,1
736762,2025-11-08,ligamx,2025,13446,Atlético de San Luis,Tigres UANL,0,0,23,199,0,0.0,19,12,8,15,0.4,1,1,0.7,0,0,30,1,2,0.6,4,0.7,19,8,55,277,7,17,1,1
736763,2025-11-08,ligamx,2025,13446,León,Puebla,1,4,31,438,1,0.2,17,7,12,17,0.6,1,0,0.9,0,0,57.1,0,2,0.5,5,0.6,17,20,53,505,11,12,7,1
736763,2025-11-08,ligamx,2025,13446,Puebla,León,0,3,24,324,1,0.3,22,7,14,4,0.5,2,2,0.8,0,0,42.9,0,4,0.3,4,0.6,22,9,47,386,12,11,7,4
736764,2025-11-08,ligamx,2025,13446,Toluca,América,1,2,23,271,6,0.2,18,5,16,13,0.5,2,2,0.8,2,1,42.9,0,3,0.3,4,0.4,18,10,46,329,14,13,4,1
736764,2025-11-08,ligamx,2025,13446,América,Toluca,0,3,29,386,2,0.2,26,13,9,6,0.6,0,3,0.9,0,0,57.1,0,2,0.4,4,0.8,26,16,51,441,11,16,6,2
736765,2025-11-08,ligamx,2025,13446,Cruz Azul,Pumas UNAM,1,7,26,254,0,0.5,28,13,9,6,0.4,2,2,0.8,0,0,39,1,1,0.3,5,0.8,28,14,61,319,16,17,3,3
736765,2025-11-08,ligamx,2025,13446,Pumas UNAM,Cruz Azul,0,7,23,436,6,0.3,10,10,19,7,0.5,3,0,0.9,2,1,61,0,3,0.3,4,0.7,10,24,43,498,16,14,7,4
736766,2025-11-09,ligamx,2025,13446,Santos,Pachuca,1,4,21,241,1,0.3,28,14,12,10,0.3,1,3,0.8,0,0,37.8,0,6,0.4,8,0.6,28,14,63,318,18,25,6,3
736766,2025-11-09,ligamx,2025,13446,Pachuca,Santos,0,6,27,458,4,0.2,18,13,10,2,0.6,0,1,0.9,0,0,62.2,0,7,0.4,6,0.9,18,26,48,529,17,15,8,1
760936,2025-11-20,ligamx,2025,13445,Tijuana,FC Juárez,1,7,40,462,1,0.3,17,15,11,4,0.6,3,2,0.9,2,1,68.4,0,1,0.4,7,0.8,17,25,66,524,18,19,4,2
760936,2025-11-20,ligamx,2025,13445,FC Juárez,Tijuana,0,2,14,178,0,0.1,21,6,21,5,0.4,1,0,0.8,0,0,31.6,1,4,0.5,2,0.9,21,14,39,237,4,7,2,6
760937,2025-11-20,ligamx,2025,13444,Pachuca,Pumas UNAM,1,1,38,317,0,0.1,23,11,13,13,0.6,3,2,0.8,0,0,41,0,4,0.5,5,0.7,23,11,69,377,10,16,4,0
760937,2025-11-20,ligamx,2025,13444,Pumas UNAM,Pachuca,0,3,28,473,5,0.1,14,7,8,7,0.6,1,1,0.9,0,0,59,0,2,0.4,5,0.6,14,23,45,539,13,11,8,2
761414,2025-11-23,ligamx,2025,13443,FC Juárez,Pachuca,1,1,30,270,0,0.2,22,9,16,8,0.5,2,1,0.8,0,0,41.9,1,3,0.6,5,0.5,22,5,62,344,9,17,0,3
761414,2025-11-23,ligamx,2025,13443,Pachuca,FC Juárez,0,2,40,382,2,0.2,7,8,13,8,0.6,1,3,0.8,0,0,58.1,2,3,0.4,4,0.6,7,12,64,471,10,13,2,1
760940,2025-11-26,ligamx,2025,13442,FC Juárez,Toluca,1,4,22,281,2,0.2,37,6,16,8,0.5,1,1,0.8,0,0,40,0,5,0.2,1,0.5,37,22,47,344,6,13,4,4
760940,2025-11-26,ligamx,2025,13442,Toluca,FC Juárez,0,12,26,446,6,0.4,20,8,10,5,0.5,2,2,0.9,0,0,60,0,0,0.3,7,0.5,20,29,50,520,23,15,9,1
760941,2025-11-26,ligamx,2025,13442,Monterrey,América,1,3,24,405,1,0.2,22,12,15,11,0.5,2,2,0.9,0,0,49.7,0,1,0.4,4,0.7,22,14,51,464,9,17,3,4
760941,2025-11-26,ligamx,2025,13442,América,Monterrey,0,2,19,401,1,0.2,17,10,11,8,0.5,0,0,0.8,0,0,50.3,0,2,0.2,1,0.7,17,9,38,474,5,14,4,4
760938,2025-11-27,ligamx,2025,13442,Guadalajara,Cruz Azul,1,5,26,373,2,0.3,21,8,10,8,0.5,0,2,0.8,0,0,54,0,4,0.1,1,0.7,21,17,56,455,8,12,5,2
760938,2025-11-27,ligamx,2025,13442,Cruz Azul,Guadalajara,0,4,26,312,5,0.3,16,6,8,11,0.4,0,1,0.8,0,0,46,0,1,0.3,4,0.5,16,14,61,392,16,11,3,2
760939,2025-11-27,ligamx,2025,13442,Tijuana,Tigres UANL,1,3,24,219,1,0.3,33,17,13,2,0.4,3,1,0.8,0,0,34.2,0,3,0.7,6,0.7,33,10,58,282,9,26,3,1
760939,2025-11-27,ligamx,2025,13442,Tigres UANL,Tijuana,0,4,17,473,4,0.2,10,10,15,4,0.4,0,1,0.9,0,0,65.8,0,3,0.2,3,0.7,10,22,43,536,16,15,7,2
760942,2025-11-29,ligamx,2025,13442,Tigres UANL,Tijuana,1,5,23,309,7,0.2,14,6,19,8,0.5,5,0,0.8,2,2,53.4,0,1,0.5,14,0.5,14,27,49,373,26,11,8,4
760942,2025-11-29,ligamx,2025,13442,Tijuana,Tigres UANL,0,5,22,262,1,0.3,44,12,16,6,0.4,0,0,0.8,0,0,46.6,0,9,0.2,1,1.0,44,15,54,337,6,12,2,7
760944,2025-11-29,ligamx,2025,13442,América,Monterrey,1,5,22,276,6,0.3,18,17,12,7,0.4,2,2,0.8,0,0,51.8,0,2,0.3,3,0.8,18,20,53,340,12,22,3,3
760944,2025-11-29,ligamx,2025,13442,Monterrey,América,0,4,31,248,6,0.3,28,16,18,5,0.6,1,0,0.8,0,0,48.2,1,1,0.3,3,0.7,28,15,52,318,10,22,2,3
760945,2025-11-29,ligamx,2025,13442,Toluca,FC Juárez,1,3,34,426,8,0.2,8,13,15,11,0.6,0,0,0.9,0,0,62.5,0,0,0.2,4,0.8,8,16,61,492,24,16,7,1
760945,2025-11-29,ligamx,2025,13442,FC Juárez,Toluca,0,0,17,225,2,0.0,17,12,15,7,0.4,0,0,0.8,0,0,37.5,0,2,0.0,0,0.5,17,9,45,291,6,23,2,3
760943,2025-11-30,ligamx,2025,13442,Cruz Azul,Guadalajara,1,3,27,271,3,0.2,18,9,11,8,0.4,3,2,0.8,0,0,46.7,0,1,0.3,3,0.8,18,18,76,359,9,12,5,4
760943,2025-11-30,ligamx,2025,13442,Guadalajara,Cruz Azul,0,3,24,333,5,0.2,25,6,12,8,0.5,2,3,0.8,0,1,53.3,0,0,0.2,3,0.5,25,18,49,411,13,13,6,1
762218,2025-12-03,ligamx,2025,13441,Cruz Azul,Tigres UANL,1,9,20,397,7,0.4,19,3,16,2,0.4,1,1,0.8,2,1,67.7,0,1,0.3,5,0.4,19,22,57,471,19,7,6,3
762218,2025-12-03,ligamx,2025,13441,Tigres UANL,Cruz Azul,0,2,25,154,1,0.5,32,5,13,10,0.4,1,0,0.7,0,0,32.3,0,4,0.3,2,0.5,32,4,65,226,8,11,1,3
762219,2025-12-03,ligamx,2025,13441,Monterrey,Toluca,1,2,19,348,0,0.2,26,15,18,7,0.4,1,1,0.8,0,0,47.9,0,5,0.5,3,0.8,26,11,47,428,6,19,3,1
762219,2025-12-03,ligamx,2025,13441,Toluca,Monterrey,0,5,25,379,4,0.2,16,8,12,8,0.5,0,3,0.8,0,0,52.1,0,2,0.3,5,0.7,16,21,55,458,15,12,7,3
762220,2025-12-06,ligamx,2025,13441,Tigres UANL,Cruz Azul,1,2,35,231,4,0.1,39,16,17,9,0.5,1,1,0.7,0,0,40.9,0,6,0.1,1,0.7,39,16,74,316,10,24,7,0
762220,2025-12-06,ligamx,2025,13441,Cruz Azul,Tigres UANL,0,6,15,366,4,0.2,21,10,8,8,0.3,1,2,0.8,0,1,59.1,0,0,0.4,6,0.5,21,37,44,445,15,20,6,1
762221,2025-12-06,ligamx,2025,13441,Toluca,Monterrey,1,3,22,340,2,0.3,18,11,15,9,0.4,3,1,0.9,2,1,48.3,0,2,0.5,5,0.8,18,11,52,399,11,14,4,1
762221,2025-12-06,ligamx,2025,13441,Monterrey,Toluca,0,3,48,361,2,0.2,12,14,10,10,0.6,2,1,0.9,2,1,51.7,0,2,0.3,4,0.8,12,16,78,423,12,17,2,0
762464,2025-12-11,ligamx,2025,13440,Tigres UANL,Toluca,1,2,33,299,2,0.1,21,16,17,14,0.5,1,1,0.7,0,0,50.1,0,1,0.2,2,0.7,21,21,69,402,10,24,8,2
762464,2025-12-11,ligamx,2025,13440,Toluca,Tigres UANL,0,1,15,306,4,0.1,38,8,15,8,0.2,0,1,0.8,0,0,49.9,1,2,0.1,1,0.4,38,8,63,407,8,19,0,2
762465,2025-12-14,ligamx,2025,13440,Toluca,Tigres UANL,1,8,26,540,9,0.3,21,14,17,15,0.4,2,1,0.8,0,0,67.1,1,1,0.4,12,0.7,21,29,71,650,31,21,11,4
762465,2025-12-14,ligamx,2025,13440,Tigres UANL,Toluca,0,1,35,206,2,0.1,37,17,16,16,0.4,1,2,0.6,0,0,32.9,1,10,0.3,2,0.8,37,10,100,321,7,22,5,3
401840815,2026-01-09,ligamx,2025,13439,Atlas,Puebla,1,3,19,303,1,0.2,37,10,12,7,0.4,1,1,0.8,1,1,41.8,0,6,0.4,3,0.7,37,14,50,365,8,14,2,3
401840815,2026-01-09,ligamx,2025,13439,Puebla,Atlas,0,5,17,427,3,0.2,17,7,17,4,0.4,0,2,0.9,0,0,58.2,0,2,0.4,6,0.7,17,25,43,502,15,10,4,2
401840816,2026-01-09,ligamx,2025,13439,Tijuana,América,1,2,27,537,1,0.1,14,14,10,14,0.5,0,0,0.9,0,0,59.9,0,2,0.2,2,0.8,14,17,54,622,9,18,1,0
401840816,2026-01-09,ligamx,2025,13439,América,Tijuana,0,2,18,334,0,0.2,18,8,9,9,0.5,0,2,0.8,0,0,40.1,0,2,0.5,2,0.6,18,13,40,416,4,14,3,2
401840817,2026-01-09,ligamx,2025,13439,Mazatlán FC,FC Juárez,1,2,26,251,0,0.3,30,7,15,5,0.5,1,2,0.8,0,0,45.9,0,1,0.5,2,0.9,30,8,53,322,4,8,2,1
401840817,2026-01-09,ligamx,2025,13439,FC Juárez,Mazatlán FC,0,2,34,293,1,0.1,16,19,14,12,0.6,2,0,0.8,0,0,54.1,0,1,0.4,3,0.8,16,23,58,367,8,25,5,0
401840818,2026-01-10,ligamx,2025,13439,Guadalajara,Pachuca,1,7,30,456,2,0.4,15,11,10,7,0.5,2,1,0.8,0,0,56.3,0,2,0.3,6,0.8,15,19,56,541,18,14,5,0
401840818,2026-01-10,ligamx,2025,13439,Pachuca,Guadalajara,0,1,23,344,3,0.1,25,17,15,9,0.3,0,3,0.8,0,0,43.7,0,4,0.2,2,0.7,25,7,66,429,10,24,2,2
401840819,2026-01-10,ligamx,2025,13439,León,Cruz Azul,1,4,22,281,2,0.4,39,12,17,10,0.4,2,3,0.8,0,0,45.5,0,6,0.7,6,0.6,39,10,52,362,9,20,3,3
401840819,2026-01-10,ligamx,2025,13439,Cruz Azul,León,0,3,15,334,7,0.1,15,11,16,9,0.4,1,2,0.8,0,0,54.5,0,4,0.3,7,0.6,15,26,39,422,21,18,6,1
401840820,2026-01-10,ligamx,2025,13439,Santos,Necaxa,1,8,44,276,5,0.4,12,10,17,12,0.6,1,2,0.8,0,0,54.8,1,3,0.3,4,0.7,12,21,73,357,15,14,7,2
401840820,2026-01-10,ligamx,2025,13439,Necaxa,Santos,0,1,27,246,4,0.1,24,8,13,4,0.5,3,2,0.8,1,1,45.2,0,4,0.4,6,0.7,24,8,57,305,14,12,3,1
401840821,2026-01-10,ligamx,2025,13439,Monterrey,Toluca,1,12,35,527,5,0.7,15,11,8,8,0.7,0,1,0.9,0,1,64,0,1,0.3,5,0.6,15,18,50,611,16,20,2,0
401840821,2026-01-10,ligamx,2025,13439,Toluca,Monterrey,0,1,17,260,6,0.1,14,7,18,12,0.4,1,1,0.8,0,0,36,0,5,0.1,2,0.5,14,15,45,335,14,15,4,5
401840822,2026-01-11,ligamx,2025,13439,Pumas UNAM,Querétaro,1,5,29,426,6,0.2,31,6,14,9,0.6,1,1,0.9,0,0,58.6,0,3,0.3,4,0.6,31,26,45,485,15,10,7,1
401840822,2026-01-11,ligamx,2025,13439,Querétaro,Pumas UNAM,0,4,21,271,4,0.2,27,10,9,11,0.5,1,0,0.8,0,0,41.4,0,3,0.3,4,0.6,27,24,43,339,16,16,4,0
401840823,2026-01-11,ligamx,2025,13439,Atlético de San Luis,Tigres UANL,1,6,30,358,8,0.3,11,13,6,8,0.5,1,1,0.8,0,0,48.3,0,1,0.1,1,0.8,11,23,57,439,13,17,5,1
401840823,2026-01-11,ligamx,2025,13439,Tigres UANL,Atlético de San Luis,0,3,38,411,2,0.4,35,5,14,14,0.5,2,2,0.8,0,0,51.7,0,0,0.4,3,0.5,35,7,70,489,8,11,3,2
401840824,2026-01-13,ligamx,2025,13439,Necaxa,Monterrey,1,13,28,363,2,0.4,19,2,16,11,0.6,0,1,0.9,0,0,52,0,2,0.2,4,0.3,19,36,46,425,17,6,10,0
401840824,2026-01-13,ligamx,2025,13439,Monterrey,Necaxa,0,3,40,353,3,0.3,43,11,13,7,0.5,2,0,0.8,0,0,48,0,4,0.3,4,0.6,43,10,73,416,15,17,4,0
401840825,2026-01-13,ligamx,2025,13439,Pachuca,León,1,0,29,355,2,0.0,32,12,11,12,0.6,2,1,0.8,0,0,45.9,0,1,0.6,8,0.8,32,8,47,427,14,15,4,1
401840825,2026-01-13,ligamx,2025,13439,León,Pachuca,0,6,25,421,5,0.3,18,10,10,7,0.5,1,1,0.9,0,0,54.1,0,6,0.2,2,0.7,18,21,49,489,13,14,6,0
401840826,2026-01-13,ligamx,2025,13439,Puebla,Mazatlán FC,1,9,35,332,5,0.4,32,10,21,5,0.6,2,0,0.9,0,0,55.9,0,5,0.3,7,0.6,32,21,57,381,21,18,8,4
401840826,2026-01-13,ligamx,2025,13439,Mazatlán FC,Puebla,0,5,23,231,1,0.2,21,9,13,5,0.5,1,2,0.8,0,0,44.1,0,5,0.7,6,0.6,21,23,48,293,9,16,6,1
401840828,2026-01-13,ligamx,2025,13439,FC Juárez,Guadalajara,1,5,31,392,0,0.3,30,10,10,5,0.4,0,0,0.8,0,0,51.1,0,5,0.4,3,0.6,30,17,77,476,7,16,1,2
401840828,2026-01-13,ligamx,2025,13439,Guadalajara,FC Juárez,0,3,32,378,2,0.2,26,9,9,4,0.5,1,3,0.8,0,0,48.9,0,3,0.4,6,0.6,26,13,65,454,14,14,4,2
401840827,2026-01-14,ligamx,2025,13439,Cruz Azul,Atlas,1,6,26,342,2,0.4,24,7,14,5,0.5,2,1,0.8,0,0,48,0,2,0.4,6,0.4,24,17,53,404,16,16,6,2
401840827,2026-01-14,ligamx,2025,13439,Atlas,Cruz Azul,0,3,19,366,2,0.2,25,6,14,8,0.5,0,2,0.8,0,0,52,0,4,0.3,2,0.8,25,15,40,441,6,8,3,3
401840829,2026-01-14,ligamx,2025,13439,América,Atlético de San Luis,1,0,19,379,4,0.0,17,4,14,12,0.4,0,0,0.9,0,0,46.2,1,3,0.1,1,0.7,17,7,46,439,9,6,1,1
401840829,2026-01-14,ligamx,2025,13439,Atlético de San Luis,América,0,9,15,429,4,0.4,15,4,9,8,0.4,2,0,0.9,0,0,53.8,0,1,0.4,7,1.0,15,24,38,494,16,4,8,0
401840830,2026-01-14,ligamx,2025,13439,Querétaro,Tijuana,1,4,25,302,1,0.2,8,8,11,8,0.5,1,1,0.8,1,1,51.4,0,1,0.5,5,0.8,8,25,51,372,11,10,6,3
401840830,2026-01-14,ligamx,2025,13439,Tijuana,Querétaro,0,3,36,305,3,0.3,31,2,14,6,0.6,2,0,0.8,0,0,48.6,0,3,0.4,4,0.3,31,12,59,364,10,8,6,2
401840831,2026-01-14,ligamx,2025,13439,Tigres UANL,Pumas UNAM,1,12,23,514,11,0.2,16,6,10,10,0.6,0,2,0.9,0,0,68.4,0,3,0.2,6,0.6,16,57,37,578,31,10,18,3
401840831,2026-01-14,ligamx,2025,13439,Pumas UNAM,Tigres UANL,0,2,16,201,1,0.3,56,8,19,3,0.3,1,1,0.7,0,0,31.6,1,6,0.6,4,0.7,56,7,53,283,7,11,2,4
401840832,2026-01-14,ligamx,2025,13439,Toluca,Santos,1,3,28,599,4,0.2,10,9,14,5,0.5,3,2,0.9,1,1,72.9,0,1,0.4,9,0.6,10,13,52,666,22,14,5,2
401840832,2026-01-14,ligamx,2025,13439,Santos,Toluca,0,1,26,186,0,0.1,22,11,10,9,0.4,1,1,0.8,0,0,27.1,0,7,0.7,2,0.8,22,7,58,239,3,13,1,6
401840833,2026-01-16,ligamx,2025,13439,Mazatlán FC,Monterrey,1,2,14,233,0,0.1,25,8,13,6,0.4,1,0,0.8,0,0,34.5,0,6,0.4,4,0.6,25,17,33,292,9,13,4,3
401840833,2026-01-16,ligamx,2025,13439,Monterrey,Mazatlán FC,0,5,28,505,5,0.3,23,8,8,6,0.6,5,2,0.9,0,1,65.5,0,3,0.6,11,0.6,23,15,49,572,18,14,7,1
401840834,2026-01-17,ligamx,2025,13439,Guadalajara,Querétaro,1,4,35,530,4,0.2,17,10,11,7,0.7,2,1,0.9,0,0,67.4,0,3,0.4,8,0.7,17,18,53,599,22,15,7,2
401840834,2026-01-17,ligamx,2025,13439,Querétaro,Guadalajara,0,4,20,204,1,0.3,18,11,11,12,0.4,1,2,0.7,0,0,32.6,0,6,0.4,4,0.6,18,13,56,285,11,18,2,3
401840835,2026-01-17,ligamx,2025,13439,Necaxa,Atlas,1,8,46,368,7,0.3,13,12,10,15,0.6,0,0,0.8,0,0,60,1,2,0.2,2,0.7,13,24,71,447,13,17,7,1
401840835,2026-01-17,ligamx,2025,13439,Atlas,Necaxa,0,1,28,236,2,0.2,36,12,13,8,0.5,1,1,0.8,0,0,40,1,2,0.2,3,0.5,36,6,60,307,13,25,4,3
401840836,2026-01-17,ligamx,2025,13439,Tigres UANL,Toluca,1,3,29,273,2,0.2,30,16,19,13,0.5,0,2,0.7,0,0,49,1,4,0.3,2,0.7,30,13,60,367,7,23,3,2
401840836,2026-01-17,ligamx,2025,13439,Toluca,Tigres UANL,0,0,20,287,5,0.0,30,14,24,17,0.3,0,1,0.7,0,0,51,0,2,0.3,4,0.9,30,13,59,383,12,16,3,4
401840837,2026-01-17,ligamx,2025,13439,Tijuana,Atlético de San Luis,1,3,43,368,1,0.2,35,18,17,7,0.6,1,1,0.8,0,0,46.4,0,1,0.5,4,0.8,35,16,69,438,8,23,2,4
401840837,2026-01-17,ligamx,2025,13439,Atlético de San Luis,Tijuana,0,6,17,431,4,0.3,22,7,9,9,0.5,1,0,0.9,0,0,53.6,0,3,0.2,2,0.5,22,22,36,504,10,15,1,0
401840838,2026-01-17,ligamx,2025,13439,Cruz Azul,Puebla,1,5,13,445,12,0.1,10,14,14,3,0.6,1,4,0.9,0,0,72.1,0,0,0.3,10,0.7,10,34,23,511,35,19,10,1
401840838,2026-01-17,ligamx,2025,13439,Puebla,Cruz Azul,0,3,18,134,2,0.3,61,10,9,6,0.3,0,2,0.7,0,0,27.9,1,9,0.0,0,0.6,61,9,53,196,5,16,4,2
401840839,2026-01-18,ligamx,2025,13439,Pumas UNAM,León,1,5,36,420,5,0.2,18,14,12,7,0.6,1,3,0.8,0,0,56.3,0,6,0.2,2,0.7,18,21,58,495,13,20,5,3
401840839,2026-01-18,ligamx,2025,13439,León,Pumas UNAM,0,3,24,320,6,0.2,21,8,14,8,0.5,1,0,0.8,0,0,43.7,0,1,0.4,6,0.4,21,13,44,387,17,20,4,1
401840840,2026-01-18,ligamx,2025,13439,Santos,FC Juárez,1,6,20,170,9,0.3,38,12,18,6,0.3,2,2,0.6,0,1,40,0,7,0.3,6,0.7,38,19,70,265,21,18,6,4
401840840,2026-01-18,ligamx,2025,13439,FC Juárez,Santos,0,6,30,335,5,0.3,23,8,13,8,0.5,2,1,0.8,0,0,60,0,4,0.4,9,0.7,23,22,56,409,24,11,3,4
401840841,2026-01-18,ligamx,2025,13439,Pachuca,América,1,2,17,289,2,0.2,28,5,17,5,0.4,0,1,0.8,0,0,36.7,0,2,0.3,2,0.6,28,13,43,350,7,9,3,3
401840841,2026-01-18,ligamx,2025,13439,América,Pachuca,0,4,54,535,4,0.1,15,12,10,8,0.8,0,1,0.9,0,0,63.3,0,1,0.2,2,0.7,15,27,70,599,10,18,6,1
401840842,2026-01-30,ligamx,2025,13439,Puebla,Toluca,1,1,17,177,1,0.1,42,14,12,8,0.4,0,1,0.8,0,0,29.4,1,6,0.3,1,0.6,42,7,44,236,4,23,0,2
401840842,2026-01-30,ligamx,2025,13439,Toluca,Puebla,0,8,14,496,11,0.3,5,12,10,10,0.5,0,3,0.9,0,1,70.6,0,1,0.2,5,0.6,5,29,26,561,28,20,12,3
401840843,2026-01-30,ligamx,2025,13439,Pumas UNAM,Santos,1,3,23,328,0,0.2,20,9,8,5,0.4,4,4,0.9,0,0,52.5,0,4,0.6,5,0.8,20,13,52,380,8,12,0,2
401840843,2026-01-30,ligamx,2025,13439,Santos,Pumas UNAM,0,7,17,273,2,0.3,24,8,19,7,0.4,0,1,0.8,0,0,47.5,0,1,0.4,4,0.7,24,26,38,328,10,11,7,3
401840844,2026-01-30,ligamx,2025,13439,FC Juárez,Cruz Azul,1,14,35,331,4,0.4,11,9,16,9,0.7,3,5,0.8,2,1,57.2,0,3,0.4,8,0.9,11,35,51,399,18,10,4,1
401840844,2026-01-30,ligamx,2025,13439,Cruz Azul,FC Juárez,0,3,26,241,3,0.3,25,13,15,14,0.4,4,2,0.8,0,1,42.8,1,5,0.4,7,0.7,25,12,60,316,17,19,7,3
401840845,2026-01-31,ligamx,2025,13439,Atlas,Mazatlán FC,1,5,38,408,3,0.4,20,10,18,11,0.6,1,2,0.8,0,0,55.8,0,4,0.4,6,0.8,20,13,67,490,17,12,4,1
401840845,2026-01-31,ligamx,2025,13439,Mazatlán FC,Atlas,0,1,28,302,2,0.1,12,10,8,16,0.4,0,1,0.8,0,0,44.2,0,5,0.4,4,0.7,12,12,63,384,11,15,4,1
401840846,2026-01-31,ligamx,2025,13439,León,Tigres UANL,1,3,23,362,2,0.2,18,7,15,13,0.5,1,4,0.8,0,0,51.3,0,4,0.3,4,0.5,18,18,51,435,13,14,6,5
401840846,2026-01-31,ligamx,2025,13439,Tigres UANL,León,0,2,20,342,3,0.1,28,13,11,8,0.5,2,2,0.8,0,0,48.7,1,3,0.4,6,0.6,28,14,42,415,16,23,4,1
401840847,2026-01-31,ligamx,2025,13439,Monterrey,Tijuana,1,9,18,448,1,0.5,18,15,13,11,0.5,2,1,0.9,0,0,58.4,0,4,0.4,8,0.7,18,18,36,507,21,21,6,2
401840847,2026-01-31,ligamx,2025,13439,Tijuana,Monterrey,0,6,38,295,2,0.4,25,13,14,11,0.6,2,3,0.8,2,1,41.6,0,6,0.3,5,0.7,25,17,66,359,16,18,6,5
401840848,2026-01-31,ligamx,2025,13439,América,Necaxa,1,7,38,472,4,0.3,15,12,13,6,0.7,2,0,0.9,0,0,64,0,1,0.4,6,0.6,15,24,54,526,15,20,5,1
401840848,2026-01-31,ligamx,2025,13439,Necaxa,América,0,2,11,243,3,1.0,13,15,12,6,0.3,0,1,0.8,0,0,36,1,4,0.2,1,0.7,13,2,38,307,6,22,0,1
401840850,2026-01-31,ligamx,2025,13439,Atlético de San Luis,Guadalajara,1,6,36,370,1,0.4,13,5,7,3,0.5,2,4,0.8,2,1,55.3,0,5,0.3,2,0.7,13,14,74,451,8,7,6,1
401840850,2026-01-31,ligamx,2025,13439,Guadalajara,Atlético de San Luis,0,1,26,311,1,0.1,19,6,13,14,0.6,3,3,0.8,0,0,44.7,0,0,0.5,7,0.7,19,10,47,372,14,9,3,3
401840849,2026-02-01,ligamx,2025,13439,Querétaro,Pachuca,1,4,37,284,1,0.2,9,10,17,6,0.6,0,1,0.8,0,0,46.3,1,1,0.2,1,0.6,9,20,61,365,5,17,5,1
401840849,2026-02-01,ligamx,2025,13439,Pachuca,Querétaro,0,3,39,354,4,0.3,28,16,12,12,0.6,0,0,0.8,0,0,53.7,1,1,0.1,1,0.8,28,9,70,433,13,21,3,2
401840851,2026-02-06,ligamx,2025,13439,Tigres UANL,Santos,1,6,25,489,5,0.4,5,10,12,4,0.6,5,1,0.9,2,1,71.8,0,2,0.4,7,0.8,5,16,39,539,20,13,4,1
401840851,2026-02-06,ligamx,2025,13439,Santos,Tigres UANL,0,0,16,163,2,0.0,18,12,15,13,0.4,1,3,0.8,0,0,28.2,0,2,0.4,3,0.8,18,3,38,215,8,16,1,3
401840852,2026-02-06,ligamx,2025,13439,Necaxa,Atlético de San Luis,1,3,27,314,2,0.2,18,6,15,9,0.5,4,3,0.8,0,0,54,0,1,0.5,5,0.5,18,16,52,372,10,13,2,3
401840852,2026-02-06,ligamx,2025,13439,Atlético de San Luis,Necaxa,0,7,27,243,3,0.5,20,9,17,6,0.5,1,0,0.8,2,1,46,1,1,0.3,2,0.6,20,15,60,314,8,15,3,0
401840853,2026-02-06,ligamx,2025,13439,Mazatlán FC,Guadalajara,1,1,16,283,2,0.1,11,7,13,6,0.3,1,3,0.8,0,0,32.2,0,4,0.5,3,0.6,11,7,49,351,6,12,1,3
401840853,2026-02-06,ligamx,2025,13439,Guadalajara,Mazatlán FC,0,5,34,690,1,0.6,16,5,9,9,0.7,2,2,0.9,2,1,67.8,0,2,0.4,6,0.5,16,9,49,751,14,10,2,2
401840854,2026-02-06,ligamx,2025,13439,Tijuana,Puebla,1,6,24,411,4,0.2,16,16,16,13,0.6,0,1,0.9,0,0,56.4,0,4,0.3,3,0.8,16,38,40,465,11,21,3,2
401840854,2026-02-06,ligamx,2025,13439,Puebla,Tijuana,0,6,22,302,5,0.4,27,4,15,9,0.6,0,1,0.8,0,0,43.6,0,3,0.3,4,0.5,27,16,34,363,13,8,8,2
401840855,2026-02-07,ligamx,2025,13439,Querétaro,León,1,5,17,160,3,0.3,18,19,15,16,0.4,2,4,0.7,0,1,30.8,0,6,0.4,5,0.8,18,19,41,217,14,24,2,4
401840855,2026-02-07,ligamx,2025,13439,León,Querétaro,0,10,24,453,5,0.4,27,4,9,5,0.6,0,1,0.9,0,0,69.2,1,3,0.4,6,0.6,27,25,40,512,16,7,7,4
401840856,2026-02-07,ligamx,2025,13439,Toluca,Cruz Azul,1,5,34,345,3,0.4,23,9,15,12,0.5,1,3,0.8,0,0,55,0,2,0.4,6,0.5,23,12,71,421,15,17,6,0
401840856,2026-02-07,ligamx,2025,13439,Cruz Azul,Toluca,0,2,16,253,2,0.1,14,5,13,9,0.3,1,1,0.8,0,0,45,0,5,0.4,4,0.5,14,17,50,337,9,10,1,2
401840857,2026-02-07,ligamx,2025,13439,Atlas,Pumas UNAM,1,5,46,509,1,0.2,28,11,8,4,0.8,2,4,0.9,0,0,64,0,1,0.3,3,0.8,28,22,61,577,9,13,3,1
401840857,2026-02-07,ligamx,2025,13439,Pumas UNAM,Atlas,0,1,19,250,1,0.2,26,5,11,10,0.3,2,0,0.8,2,1,36,0,1,0.5,3,0.6,26,6,60,328,6,9,1,2
401840858,2026-02-07,ligamx,2025,13439,Pachuca,FC Juárez,1,3,34,239,5,0.3,27,9,16,8,0.5,2,0,0.8,0,0,43.3,0,3,0.3,6,0.6,27,12,67,309,19,16,7,1
401840858,2026-02-07,ligamx,2025,13439,FC Juárez,Pachuca,0,6,31,321,1,0.2,18,8,8,13,0.5,0,2,0.8,0,0,56.7,0,4,0.3,3,0.8,18,29,64,391,12,10,4,1
401840859,2026-02-07,ligamx,2025,13439,América,Monterrey,1,1,17,374,2,0.1,21,14,13,9,0.5,1,5,0.9,0,0,45.8,0,2,0.3,5,0.7,21,10,33,428,17,20,6,1
401840859,2026-02-07,ligamx,2025,13439,Monterrey,América,0,1,18,440,2,0.1,15,8,12,11,0.5,0,2,0.9,0,0,54.2,0,4,0.5,2,0.5,15,10,37,508,4,16,3,3
401840860,2026-02-13,ligamx,2025,13439,Puebla,Pumas UNAM,1,8,29,289,4,0.4,29,8,8,6,0.5,2,0,0.8,0,0,38.9,0,1,0.2,4,0.5,29,22,57,354,17,16,4,1
401840860,2026-02-13,ligamx,2025,13439,Pumas UNAM,Puebla,0,6,31,508,6,0.3,22,6,10,10,0.5,3,1,0.9,2,1,61.1,0,2,0.2,4,0.7,22,19,61,567,17,9,2,1
401840862,2026-02-13,ligamx,2025,13439,Toluca,Tijuana,1,5,20,446,3,0.2,21,6,10,6,0.6,1,4,0.9,0,0,58.3,0,3,0.3,4,0.5,21,22,32,509,12,12,4,3
401840862,2026-02-13,ligamx,2025,13439,Tijuana,Toluca,0,1,24,299,2,0.1,25,12,15,11,0.6,0,2,0.8,0,0,41.7,0,4,0.4,3,0.6,25,15,43,360,7,19,4,3
401840861,2026-02-14,ligamx,2025,13439,FC Juárez,Necaxa,1,3,28,233,2,0.2,21,10,17,12,0.5,1,2,0.8,0,0,48.6,0,2,0.4,6,0.8,21,20,57,304,15,13,7,2
401840861,2026-02-14,ligamx,2025,13439,Necaxa,FC Juárez,0,8,26,231,1,0.4,17,7,10,9,0.4,2,3,0.7,0,0,51.4,0,5,0.4,4,0.6,17,21,64,322,11,11,6,0
401840863,2026-02-14,ligamx,2025,13439,Atlético de San Luis,Querétaro,1,7,44,370,0,0.4,28,12,10,9,0.6,3,1,0.8,0,0,58.1,0,4,0.6,6,0.7,28,16,80,463,10,17,5,2
401840863,2026-02-14,ligamx,2025,13439,Querétaro,Atlético de San Luis,0,6,32,250,0,0.2,16,8,9,13,0.5,0,3,0.8,0,0,41.9,1,3,0.3,4,0.7,16,27,59,320,14,12,2,2
401840864,2026-02-14,ligamx,2025,13439,Monterrey,León,1,8,22,378,3,0.4,17,6,17,5,0.6,1,1,0.9,0,0,55.6,0,2,0.3,5,0.9,17,20,34,441,20,7,8,3
401840864,2026-02-14,ligamx,2025,13439,León,Monterrey,0,3,30,292,4,0.3,18,6,14,14,0.6,0,0,0.8,0,0,44.4,0,3,0.2,2,0.5,18,11,54,359,9,12,4,1
401840865,2026-02-14,ligamx,2025,13439,Pachuca,Atlas,1,1,29,243,0,0.3,21,14,17,6,0.5,3,1,0.8,0,0,36.8,0,3,0.6,4,0.6,21,4,59,312,7,23,0,5
401840865,2026-02-14,ligamx,2025,13439,Atlas,Pachuca,0,4,31,459,3,0.2,10,9,10,7,0.5,1,0,0.9,2,1,63.2,0,1,0.3,4,0.5,10,20,62,532,14,18,5,0
401840866,2026-02-14,ligamx,2025,13439,Guadalajara,América,1,4,17,496,4,0.3,23,7,16,8,0.4,1,0,0.9,0,0,51.7,0,2,0.3,4,0.6,23,16,38,561,16,11,5,4
401840866,2026-02-14,ligamx,2025,13439,América,Guadalajara,0,1,22,458,4,0.1,21,7,5,6,0.6,0,1,0.9,0,0,48.3,0,3,0.3,2,0.5,21,16,40,523,8,13,3,2
401840867,2026-02-15,ligamx,2025,13439,Santos,Mazatlán FC,1,8,22,263,1,0.3,23,7,8,3,0.7,1,1,0.8,2,1,54.6,0,4,0.2,3,0.9,23,26,30,316,17,8,3,0
401840867,2026-02-15,ligamx,2025,13439,Mazatlán FC,Santos,0,1,25,204,5,0.1,27,7,15,8,0.5,2,4,0.8,0,0,45.4,0,2,0.4,6,0.5,27,18,54,268,15,14,7,2
401840868,2026-02-15,ligamx,2025,13439,Cruz Azul,Tigres UANL,1,4,26,230,4,0.2,19,14,20,9,0.5,2,1,0.8,0,0,40.5,0,5,0.3,6,0.7,19,19,55,288,18,20,2,3
401840868,2026-02-15,ligamx,2025,13439,Tigres UANL,Cruz Azul,0,2,31,348,2,0.2,19,17,12,5,0.4,1,0,0.8,0,0,59.5,0,5,0.8,7,0.9,19,11,70,439,9,19,3,2
401840869,2026-02-20,ligamx,2025,13439,Tigres UANL,Pachuca,1,1,34,373,2,0.1,17,15,7,5,0.4,1,2,0.8,0,0,56.5,1,3,0.2,2,0.8,17,15,76,446,9,19,3,2
401840869,2026-02-20,ligamx,2025,13439,Pachuca,Tigres UANL,0,4,34,279,3,0.2,24,12,21,7,0.6,2,1,0.8,0,0,43.5,0,1,0.4,5,0.8,24,19,54,334,14,16,5,0
401840870,2026-02-20,ligamx,2025,13439,Puebla,América,1,2,15,214,3,0.3,25,5,13,10,0.4,0,1,0.8,0,0,32.5,0,3,0.4,6,0.5,25,6,37,271,15,10,3,1
401840870,2026-02-20,ligamx,2025,13439,América,Puebla,0,6,29,496,5,0.2,10,6,11,8,0.6,4,1,0.9,0,0,67.5,0,5,0.4,7,0.5,10,28,50,558,20,11,7,1
401840871,2026-02-21,ligamx,2025,13439,Atlas,Atlético de San Luis,1,6,33,381,5,0.3,19,15,18,13,0.6,3,2,0.8,4,2,63.6,0,1,0.3,7,0.7,19,19,59,464,21,22,4,3
401840871,2026-02-21,ligamx,2025,13439,Atlético de San Luis,Atlas,0,2,21,192,0,0.5,22,10,18,11,0.4,2,1,0.7,0,0,36.4,1,4,0.3,3,0.7,22,4,55,270,9,15,0,5
401840872,2026-02-21,ligamx,2025,13439,León,Santos,1,3,28,239,3,0.5,29,18,15,9,0.5,2,0,0.8,2,1,47.8,0,3,0.4,4,0.6,29,6,57,307,9,29,2,5
401840872,2026-02-21,ligamx,2025,13439,Santos,León,0,3,33,251,3,0.1,16,23,17,7,0.6,1,0,0.8,0,0,52.2,0,2,0.3,4,0.9,16,22,59,320,14,27,6,1
401840873,2026-02-21,ligamx,2025,13439,Necaxa,Toluca,1,4,23,237,0,0.3,22,15,8,11,0.4,0,1,0.7,0,0,45.7,0,3,0.5,6,0.6,22,14,61,321,12,24,3,4
401840873,2026-02-21,ligamx,2025,13439,Toluca,Necaxa,0,9,23,285,6,0.4,17,13,15,4,0.4,3,1,0.8,0,0,54.3,0,6,0.4,7,0.6,17,23,60,375,20,21,7,3
401840874,2026-02-21,ligamx,2025,13439,Cruz Azul,Guadalajara,1,4,21,170,3,0.4,21,6,15,6,0.3,2,2,0.7,0,0,38.2,0,2,0.3,3,0.4,21,10,62,255,11,15,2,7
401840874,2026-02-21,ligamx,2025,13439,Guadalajara,Cruz Azul,0,2,26,331,2,0.1,25,9,17,5,0.5,1,3,0.8,0,0,61.8,0,1,0.3,3,0.5,25,15,53,411,12,18,2,3
401840875,2026-02-22,ligamx,2025,13439,Pumas UNAM,Monterrey,1,4,37,274,3,0.5,41,9,10,8,0.5,2,0,0.8,0,0,36.4,0,10,0.4,6,0.8,41,8,69,341,14,12,4,0
401840875,2026-02-22,ligamx,2025,13439,Monterrey,Pumas UNAM,0,15,37,505,4,0.3,19,6,6,6,0.7,0,0,0.9,0,0,63.6,0,4,0.4,10,0.5,19,49,53,568,25,11,8,0
401840877,2026-02-22,ligamx,2025,13439,Tijuana,Mazatlán FC,1,7,34,362,4,0.2,15,16,13,8,0.6,1,3,0.9,0,0,56.9,0,1,0.4,5,0.7,15,30,56,422,14,23,8,4
401840877,2026-02-22,ligamx,2025,13439,Mazatlán FC,Tijuana,0,4,18,257,2,0.4,25,11,16,5,0.4,1,1,0.8,0,0,43.1,0,4,0.3,3,0.6,25,10,45,328,12,19,3,2
401840878,2026-02-27,ligamx,2025,13439,Mazatlán FC,Pachuca,1,7,25,198,1,0.6,47,7,15,12,0.5,1,0,0.8,0,0,32.8,1,5,0.4,5,0.5,47,11,51,260,14,14,3,2
401840878,2026-02-27,ligamx,2025,13439,Pachuca,Mazatlán FC,0,7,48,443,11,0.2,14,14,23,7,0.6,0,1,0.8,0,0,67.2,0,4,0.2,4,0.7,14,33,75,522,21,20,9,3
401840879,2026-02-27,ligamx,2025,13439,Querétaro,Santos,1,6,25,141,1,0.3,23,12,12,10,0.5,2,3,0.6,2,1,38.3,0,2,0.3,7,0.5,23,20,53,219,22,22,6,8
401840879,2026-02-27,ligamx,2025,13439,Santos,Querétaro,0,5,33,286,2,0.4,30,9,15,11,0.4,2,2,0.8,2,1,61.7,2,5,0.3,4,0.6,30,13,76,374,13,15,3,4
401840880,2026-02-27,ligamx,2025,13439,Tijuana,Pumas UNAM,1,2,27,196,2,0.1,54,8,13,6,0.6,1,5,0.7,0,0,30,0,3,0.4,4,0.6,54,20,46,262,11,13,3,1
401840880,2026-02-27,ligamx,2025,13439,Pumas UNAM,Tijuana,0,4,24,566,3,0.2,22,4,14,8,0.5,1,3,0.9,0,0,70,0,3,0.3,4,0.5,22,20,46,640,16,8,4,1
401840881,2026-02-27,ligamx,2025,13439,FC Juárez,Atlas,1,5,22,250,1,0.3,18,9,17,10,0.4,3,1,0.8,0,0,52.5,0,1,0.4,4,0.7,18,20,56,326,10,13,4,3
401840881,2026-02-27,ligamx,2025,13439,Atlas,FC Juárez,0,6,16,227,1,0.5,32,12,15,12,0.3,1,4,0.7,2,1,47.5,0,2,0.3,2,0.7,32,11,56,303,8,18,4,2
401840882,2026-02-28,ligamx,2025,13439,Atlético de San Luis,Puebla,1,3,28,402,2,0.3,21,7,16,9,0.5,0,1,0.8,0,0,57.2,0,2,0.3,2,0.5,21,12,60,476,6,15,4,3
401840882,2026-02-28,ligamx,2025,13439,Puebla,Atlético de San Luis,0,4,34,290,3,0.2,27,9,11,5,0.6,1,2,0.8,0,0,42.8,0,2,0.3,3,0.6,27,20,57,351,11,14,5,4
401840883,2026-02-28,ligamx,2025,13439,Toluca,Guadalajara,1,3,30,283,1,0.5,10,15,19,13,0.4,2,3,0.8,2,1,46.1,0,4,0.4,5,0.7,10,6,72,363,13,23,2,4
401840883,2026-02-28,ligamx,2025,13439,Guadalajara,Toluca,0,2,22,346,4,0.2,12,10,15,10,0.5,0,5,0.8,0,0,53.9,0,3,0.4,4,0.6,12,13,44,419,10,18,4,3
401840884,2026-02-28,ligamx,2025,13439,León,Necaxa,1,7,29,322,8,0.3,14,7,15,9,0.5,2,1,0.8,2,1,53,0,3,0.3,7,0.7,14,26,55,385,28,10,9,0
401840884,2026-02-28,ligamx,2025,13439,Necaxa,León,0,2,41,276,3,0.1,31,9,13,1,0.6,1,0,0.8,0,0,47,0,5,0.4,4,0.6,31,14,70,348,10,14,4,4
401840885,2026-02-28,ligamx,2025,13439,Monterrey,Cruz Azul,1,9,44,367,4,0.3,16,11,12,10,0.6,0,0,0.8,0,0,58.2,0,4,0.2,3,0.7,16,35,77,474,17,16,9,1
401840885,2026-02-28,ligamx,2025,13439,Cruz Azul,Monterrey,0,3,33,263,0,0.3,38,8,10,12,0.5,2,1,0.7,0,1,41.8,0,3,0.8,7,0.5,38,10,62,354,9,15,1,3
401840886,2026-02-28,ligamx,2025,13439,América,Tigres UANL,1,4,16,454,3,0.2,12,7,14,9,0.4,1,2,0.9,0,0,58.6,1,2,0.4,5,0.7,12,20,38,510,13,10,2,4
401840886,2026-02-28,ligamx,2025,13439,Tigres UANL,América,0,1,22,304,3,0.1,21,7,14,5,0.4,4,1,0.8,2,1,41.4,0,4,0.5,6,0.8,21,9,51,362,11,9,5,4
401840887,2026-03-03,ligamx,2025,13439,Pachuca,Necaxa,1,3,30,260,2,0.3,24,10,19,13,0.5,2,1,0.8,0,0,44.1,0,3,0.6,9,0.5,24,12,56,332,16,20,8,2
401840887,2026-03-03,ligamx,2025,13439,Necaxa,Pachuca,0,1,17,348,3,0.1,11,10,17,13,0.4,1,2,0.8,0,0,55.9,0,7,0.3,4,0.5,11,17,42,415,12,19,8,5
401840888,2026-03-03,ligamx,2025,13439,Santos,Cruz Azul,1,2,21,237,4,0.1,27,12,16,10,0.4,1,0,0.7,0,0,47,0,5,0.3,2,0.6,27,14,49,322,6,21,2,4
401840888,2026-03-03,ligamx,2025,13439,Cruz Azul,Santos,0,2,23,279,3,0.2,24,14,17,4,0.4,2,0,0.8,0,0,53,0,1,0.4,7,0.7,24,10,56,370,16,19,4,2
401840889,2026-03-03,ligamx,2025,13439,Pumas UNAM,Toluca,1,2,22,272,2,0.4,40,6,8,7,0.4,2,0,0.8,2,1,39.2,0,5,0.5,7,0.5,40,5,49,330,13,11,2,0
401840889,2026-03-03,ligamx,2025,13439,Toluca,Pumas UNAM,0,5,27,429,8,0.2,14,6,4,8,0.5,3,3,0.9,0,0,60.8,0,5,0.3,8,1.0,14,32,50,493,25,6,14,1
401840890,2026-03-03,ligamx,2025,13439,Atlético de San Luis,Mazatlán FC,1,9,37,370,2,0.4,20,4,14,8,0.6,4,1,0.8,0,0,57,0,3,0.6,9,0.4,20,24,60,437,15,10,7,3
401840890,2026-03-03,ligamx,2025,13439,Mazatlán FC,Atlético de San Luis,0,1,26,280,2,0.1,20,6,12,4,0.5,1,1,0.8,0,0,43,0,5,0.4,4,0.6,20,12,50,338,10,10,0,3
401840891,2026-03-04,ligamx,2025,13439,Monterrey,Querétaro,1,7,30,588,2,0.3,21,12,14,8,0.7,4,2,0.9,0,0,76.6,0,3,0.4,7,0.7,21,26,42,635,17,18,6,1
401840891,2026-03-04,ligamx,2025,13439,Querétaro,Monterrey,0,3,18,127,0,0.2,22,9,14,8,0.5,0,1,0.7,0,0,23.4,1,3,0.5,3,0.8,22,18,39,180,6,12,4,3
401840892,2026-03-04,ligamx,2025,13439,Puebla,Tigres UANL,1,5,21,259,1,0.6,27,12,12,12,0.4,3,1,0.8,0,0,39.3,0,3,0.6,12,0.6,27,9,54,330,19,19,2,0
401840892,2026-03-04,ligamx,2025,13439,Tigres UANL,Puebla,0,4,22,442,8,0.2,5,7,12,11,0.5,1,2,0.9,2,1,60.7,0,9,0.2,4,0.6,5,21,44,505,18,11,7,1
401840893,2026-03-04,ligamx,2025,13439,Atlas,Tijuana,1,5,21,283,2,0.7,32,14,16,13,0.4,2,1,0.8,0,0,43.1,1,3,0.3,4,0.6,32,7,48,356,12,23,2,2
401840893,2026-03-04,ligamx,2025,13439,Tijuana,Atlas,0,9,44,369,6,0.3,17,15,9,15,0.6,1,0,0.8,2,1,56.9,0,2,0.2,4,0.8,17,32,78,447,17,20,4,3
401840894,2026-03-04,ligamx,2025,13439,América,FC Juárez,1,6,25,419,3,0.4,18,11,13,11,0.4,1,3,0.8,0,0,67.2,0,2,0.4,5,0.8,18,16,56,496,14,13,1,5
401840894,2026-03-04,ligamx,2025,13439,FC Juárez,América,0,6,15,145,1,0.4,22,5,14,9,0.2,2,2,0.6,0,0,32.8,0,4,0.4,4,0.6,22,16,61,233,11,8,3,4
401840895,2026-03-06,ligamx,2025,13439,Mazatlán FC,León,1,8,26,237,5,0.5,34,13,8,7,0.5,4,0,0.8,0,0,35.6,0,5,0.5,10,0.6,34,17,53,307,19,22,7,2
401840895,2026-03-06,ligamx,2025,13439,León,Mazatlán FC,0,5,35,510,5,0.2,20,13,11,9,0.8,2,3,0.9,0,0,64.4,0,6,0.4,7,0.9,20,29,45,557,18,14,4,2
401840896,2026-03-06,ligamx,2025,13439,Necaxa,Pumas UNAM,1,8,25,322,1,0.3,39,9,12,6,0.4,0,3,0.8,0,0,47.6,0,4,0.2,2,0.5,39,25,56,385,11,17,4,2
401840896,2026-03-06,ligamx,2025,13439,Pumas UNAM,Necaxa,0,6,23,365,8,0.3,26,16,11,4,0.4,1,1,0.8,0,0,52.4,0,2,0.3,5,0.7,26,19,54,436,20,22,7,2
401840897,2026-03-07,ligamx,2025,13439,Cruz Azul,Atlético de San Luis,1,8,19,458,5,0.3,16,5,15,8,0.4,3,3,0.9,0,0,62,0,1,0.4,11,0.6,16,26,43,515,28,9,10,2
401840897,2026-03-07,ligamx,2025,13439,Atlético de San Luis,Cruz Azul,0,4,25,241,5,0.3,32,3,8,5,0.4,0,1,0.8,0,0,38,1,7,0.1,1,0.4,32,12,58,315,10,7,1,2
401840898,2026-03-07,ligamx,2025,13439,Pachuca,Puebla,1,2,28,303,5,0.3,15,11,12,6,0.5,2,2,0.8,0,0,40.4,1,5,0.2,4,0.6,15,7,55,364,20,20,2,4
401840898,2026-03-07,ligamx,2025,13439,Puebla,Pachuca,0,7,24,458,1,0.4,8,14,11,12,0.5,1,0,0.9,0,0,59.6,0,2,0.5,6,0.7,8,16,52,538,11,21,4,4
401840899,2026-03-07,ligamx,2025,13439,Atlas,Guadalajara,1,3,18,198,2,0.2,39,5,18,15,0.4,1,2,0.7,0,0,31.6,0,2,0.4,3,0.5,39,15,51,267,7,10,2,4
401840899,2026-03-07,ligamx,2025,13439,Guadalajara,Atlas,0,6,20,500,3,0.3,22,13,10,9,0.4,2,0,0.9,2,2,68.4,0,2,0.3,4,0.8,22,21,46,587,12,16,7,3
401840900,2026-03-07,ligamx,2025,13439,Tigres UANL,Monterrey,1,4,21,400,3,0.3,16,10,9,9,0.5,1,6,0.9,0,0,55.7,0,0,0.2,2,0.6,16,16,45,461,13,16,6,1
401840900,2026-03-07,ligamx,2025,13439,Monterrey,Tigres UANL,0,2,34,308,3,0.2,27,10,17,9,0.6,0,1,0.8,0,0,44.3,0,1,0.0,0,0.7,27,12,61,369,4,14,3,2
401840901,2026-03-07,ligamx,2025,13439,Querétaro,América,1,6,30,194,6,0.2,17,9,19,8,0.5,1,0,0.8,0,0,30.4,0,5,0.1,2,0.8,17,28,61,251,16,12,9,2
401840901,2026-03-07,ligamx,2025,13439,América,Querétaro,0,3,35,562,5,0.2,25,6,6,6,0.6,2,2,0.9,0,0,69.6,0,1,0.4,7,0.4,25,14,60,626,19,14,6,1
401840902,2026-03-08,ligamx,2025,13439,Toluca,FC Juárez,1,8,10,417,6,0.3,25,8,12,4,0.5,3,2,0.9,2,1,65,0,1,0.3,5,0.5,25,25,21,465,19,17,6,1
401840902,2026-03-08,ligamx,2025,13439,FC Juárez,Toluca,0,4,16,196,3,0.2,27,7,14,6,0.4,1,2,0.8,0,0,35,0,2,0.3,2,0.5,27,17,40,247,7,13,4,4
401840903,2026-03-08,ligamx,2025,13439,Tijuana,Santos,1,9,37,265,4,0.4,29,15,14,9,0.5,1,2,0.8,0,0,53.4,1,7,0.2,3,0.8,29,21,70,352,16,19,4,1
401840903,2026-03-08,ligamx,2025,13439,Santos,Tijuana,0,7,19,213,3,0.3,32,13,17,12,0.3,2,3,0.7,0,0,46.6,0,2,0.5,9,0.7,32,23,55,302,17,18,7,1
401840905,2026-03-13,ligamx,2025,13439,Puebla,Necaxa,1,8,31,423,6,0.3,14,10,16,9,0.6,0,0,0.9,0,0,61.4,0,1,0.1,3,0.5,14,29,53,486,21,20,6,4
401840905,2026-03-13,ligamx,2025,13439,Necaxa,Puebla,0,2,21,238,2,0.1,28,4,18,5,0.4,0,0,0.8,0,0,38.6,1,3,0.1,1,0.3,28,15,60,311,8,12,5,2
401840906,2026-03-13,ligamx,2025,13439,FC Juárez,Monterrey,1,16,30,393,2,0.4,14,9,10,12,0.5,2,3,0.8,2,1,56.8,0,1,0.3,8,0.8,14,41,55,470,24,12,6,1
401840906,2026-03-13,ligamx,2025,13439,Monterrey,FC Juárez,0,1,35,286,0,0.1,26,6,12,14,0.5,2,0,0.8,0,0,43.2,1,6,0.4,3,0.5,26,8,75,376,7,11,1,1
401840907,2026-03-14,ligamx,2025,13439,Guadalajara,Santos,1,3,44,412,2,0.2,14,15,12,12,0.5,3,2,0.8,0,0,57.4,0,1,0.4,7,0.8,14,19,88,495,18,20,4,4
401840907,2026-03-14,ligamx,2025,13439,Santos,Guadalajara,0,0,31,280,1,0.0,14,10,13,9,0.5,0,1,0.8,0,0,42.6,0,5,0.3,1,0.6,14,16,68,366,4,16,4,3
401840908,2026-03-14,ligamx,2025,13439,Atlético de San Luis,Pachuca,1,2,28,293,3,0.3,31,11,11,1,0.4,1,1,0.8,0,0,44.2,0,3,0.3,2,0.5,31,8,64,368,8,21,0,3
401840908,2026-03-14,ligamx,2025,13439,Pachuca,Atlético de San Luis,0,6,41,376,2,0.2,11,14,10,2,0.6,1,3,0.8,0,0,55.8,0,1,0.3,4,0.8,11,28,73,455,12,18,5,2
401840909,2026-03-14,ligamx,2025,13439,León,Tijuana,1,2,23,509,2,0.1,18,10,12,5,0.7,0,1,0.9,0,0,69.9,0,0,0.4,5,0.7,18,31,33,563,13,14,6,2
401840909,2026-03-14,ligamx,2025,13439,Tijuana,León,0,0,31,191,0,0.0,30,15,14,12,0.5,3,2,0.8,2,1,30.1,0,4,0.5,3,0.8,30,8,65,250,6,20,2,3
401840910,2026-03-14,ligamx,2025,13439,Toluca,Atlas,1,8,35,418,5,0.3,12,10,9,15,0.7,1,0,0.9,0,0,63.4,0,4,0.4,9,0.7,12,30,53,486,25,14,8,2
401840910,2026-03-14,ligamx,2025,13439,Atlas,Toluca,0,4,12,202,1,0.3,39,13,13,16,0.2,1,3,0.7,0,0,36.6,0,7,0.4,5,0.7,39,14,57,287,12,19,4,3
401840911,2026-03-14,ligamx,2025,13439,Pumas UNAM,Cruz Azul,1,0,34,248,1,0.0,16,11,11,11,0.5,2,1,0.8,2,1,51.9,1,5,0.2,1,0.6,16,20,66,325,6,19,5,4
401840911,2026-03-14,ligamx,2025,13439,Cruz Azul,Pumas UNAM,0,8,20,232,5,0.5,28,10,15,6,0.4,2,1,0.8,0,0,48.1,0,0,0.2,6,0.6,28,16,45,303,25,17,5,1
401840904,2026-03-15,ligamx,2025,13439,Tigres UANL,Querétaro,1,5,47,522,2,0.1,17,11,10,9,0.7,0,2,0.9,0,0,73,0,6,0.2,2,0.7,17,37,71,595,12,16,8,3
401840904,2026-03-15,ligamx,2025,13439,Querétaro,Tigres UANL,0,1,12,140,0,0.1,54,16,17,6,0.2,0,5,0.6,0,0,27,0,2,0.6,5,0.7,54,16,53,219,8,22,7,3
401840912,2026-03-15,ligamx,2025,13439,América,Mazatlán FC,1,8,35,590,11,0.4,7,12,9,5,0.7,2,1,0.9,0,1,70.8,0,1,0.4,12,0.6,7,20,50,639,33,19,6,0
401840912,2026-03-15,ligamx,2025,13439,Mazatlán FC,América,0,2,20,210,0,0.3,19,16,11,9,0.4,0,1,0.8,0,0,29.2,0,10,0.3,2,0.8,19,6,47,264,8,21,4,2
401840913,2026-03-18,ligamx,2025,13439,Guadalajara,León,1,5,27,673,9,0.2,10,7,13,6,0.8,5,0,0.9,2,1,76.1,0,1,0.5,16,0.5,10,24,36,735,35,15,12,1
401840913,2026-03-18,ligamx,2025,13439,León,Guadalajara,0,0,15,168,0,0.0,39,9,12,5,0.4,0,3,0.7,0,0,23.9,1,11,1.0,1,0.5,39,5,42,229,1,17,0,2
401840914,2026-03-20,ligamx,2025,13439,Necaxa,Tijuana,1,11,33,439,4,0.5,18,5,13,8,0.6,3,1,0.9,0,0,55.2,0,2,0.4,8,0.4,18,23,53,501,19,13,6,0
401840914,2026-03-20,ligamx,2025,13439,Tijuana,Necaxa,0,6,34,345,3,0.4,26,12,5,6,0.5,0,1,0.9,0,0,44.8,0,5,0.2,2,0.6,26,16,65,405,9,20,1,2
401840915,2026-03-20,ligamx,2025,13439,Mazatlán FC,Cruz Azul,1,2,24,229,2,0.2,37,14,12,16,0.4,1,2,0.8,0,0,35.1,0,5,0.3,3,0.7,37,10,56,305,11,20,3,2
401840915,2026-03-20,ligamx,2025,13439,Cruz Azul,Mazatlán FC,0,1,17,459,7,0.0,16,11,10,6,0.5,1,4,0.8,0,0,64.9,0,2,0.3,6,0.7,16,31,34,545,21,16,9,2
401840916,2026-03-21,ligamx,2025,13439,Atlas,Querétaro,1,5,39,436,4,0.3,28,12,6,20,0.5,0,1,0.8,0,0,65.8,0,2,0.2,3,0.8,28,16,74,528,17,16,3,0
401840916,2026-03-21,ligamx,2025,13439,Querétaro,Atlas,0,5,24,156,3,0.2,29,19,9,24,0.4,0,0,0.6,0,0,34.2,0,3,0.2,2,0.7,29,28,66,252,13,28,7,2
401840918,2026-03-21,ligamx,2025,13439,Atlético de San Luis,León,1,2,34,246,1,0.1,26,5,14,6,0.4,1,0,0.7,0,0,47.5,0,7,0.5,4,0.7,26,14,82,352,8,7,5,3
401840918,2026-03-21,ligamx,2025,13439,León,Atlético de San Luis,0,5,43,292,4,0.3,35,9,24,15,0.5,2,4,0.7,0,0,52.5,0,3,0.5,9,0.6,35,15,86,392,20,16,2,2
401840919,2026-03-21,ligamx,2025,13439,Monterrey,Guadalajara,1,4,23,454,5,0.1,17,6,8,6,0.5,2,0,0.9,0,1,60.9,0,2,0.4,8,0.7,17,31,47,522,22,9,9,1
401840919,2026-03-21,ligamx,2025,13439,Guadalajara,Monterrey,0,3,27,251,0,0.3,23,9,16,4,0.4,3,2,0.7,0,0,39.1,0,6,0.4,5,0.8,23,11,67,341,12,12,4,3
401840920,2026-03-21,ligamx,2025,13439,Pumas UNAM,América,1,2,30,307,1,0.2,21,5,15,7,0.6,1,1,0.8,2,1,38.8,0,4,0.4,3,0.5,21,13,52,366,8,10,2,3
401840920,2026-03-21,ligamx,2025,13439,América,Pumas UNAM,0,6,20,514,4,0.3,23,11,8,12,0.4,0,0,0.9,0,0,61.2,0,2,0.4,4,0.6,23,18,48,579,10,18,4,3
401840917,2026-03-22,ligamx,2025,13439,Pachuca,Toluca,1,4,25,366,5,0.2,12,9,19,9,0.7,1,2,0.9,0,0,47.7,0,1,0.3,4,0.5,12,19,38,429,16,17,9,3
401840917,2026-03-22,ligamx,2025,13439,Toluca,Pachuca,0,2,24,407,1,0.3,29,17,12,6,0.4,1,1,0.8,0,0,52.3,1,3,0.3,2,0.7,29,6,55,485,8,25,1,3
401840921,2026-03-22,ligamx,2025,13439,Santos,Puebla,1,8,24,271,2,0.3,21,11,18,15,0.3,2,2,0.7,0,0,47.5,0,4,0.5,9,0.5,21,26,70,375,17,24,11,5
401840921,2026-03-22,ligamx,2025,13439,Puebla,Santos,0,6,26,321,3,0.3,26,12,6,7,0.5,1,1,0.8,0,0,52.5,1,7,0.3,5,0.8,26,20,56,416,18,15,4,1
401840922,2026-03-22,ligamx,2025,13439,FC Juárez,Tigres UANL,1,6,23,347,7,0.2,25,7,10,10,0.5,2,2,0.9,0,0,58,0,3,0.3,6,0.5,25,27,49,402,20,14,7,4
401840922,2026-03-22,ligamx,2025,13439,Tigres UANL,FC Juárez,0,2,26,228,5,0.2,22,8,10,5,0.4,1,1,0.8,0,0,42,1,4,0.3,4,1.0,22,12,59,297,13,8,3,4
401840923,2026-04-03,ligamx,2025,13439,Puebla,FC Juárez,1,5,28,276,2,0.3,31,10,19,13,0.5,1,0,0.8,0,0,49.9,1,2,0.6,7,0.7,31,17,61,359,11,14,8,2
401840923,2026-04-03,ligamx,2025,13439,FC Juárez,Puebla,0,3,21,284,3,0.1,20,6,13,9,0.4,1,1,0.8,0,0,50.1,0,6,0.2,3,0.8,20,22,56,358,16,8,9,0
401840924,2026-04-03,ligamx,2025,13439,Necaxa,Mazatlán FC,1,10,29,462,3,0.4,15,6,14,4,0.6,2,0,0.9,0,0,59.9,0,3,0.3,6,0.5,15,27,45,515,20,12,7,2
401840924,2026-04-03,ligamx,2025,13439,Mazatlán FC,Necaxa,0,1,19,287,1,0.1,26,7,12,7,0.4,1,1,0.8,0,0,40.1,0,4,0.5,4,0.5,26,12,46,349,8,13,4,3
401840925,2026-04-03,ligamx,2025,13439,Tijuana,Tigres UANL,1,3,26,251,2,0.3,43,19,20,11,0.4,1,4,0.8,0,0,40.5,0,5,0.2,1,0.7,43,10,59,333,6,29,1,6
401840925,2026-04-03,ligamx,2025,13439,Tigres UANL,Tijuana,0,4,16,406,1,0.2,21,11,15,3,0.4,0,1,0.8,0,0,59.5,0,0,0.5,6,0.6,21,20,40,482,13,18,7,4
401840926,2026-04-04,ligamx,2025,13439,Monterrey,Atlético de San Luis,1,5,34,436,3,0.2,17,11,9,8,0.6,1,1,0.9,0,0,61.4,0,4,0.5,7,0.6,17,23,55,508,15,17,4,2
401840926,2026-04-04,ligamx,2025,13439,Atlético de San Luis,Monterrey,0,7,23,237,2,0.4,28,8,8,9,0.4,2,3,0.7,0,0,38.6,0,6,0.4,6,0.6,28,18,52,317,14,14,9,3
401840927,2026-04-04,ligamx,2025,13439,Cruz Azul,Pachuca,1,8,18,377,2,0.3,15,16,6,4,0.4,1,3,0.8,0,0,62.4,0,2,0.3,6,0.8,15,25,43,452,20,21,8,1
401840927,2026-04-04,ligamx,2025,13439,Pachuca,Cruz Azul,0,2,27,204,2,0.2,34,11,12,11,0.5,2,1,0.7,0,0,37.6,1,5,0.3,4,0.5,34,9,60,274,12,21,4,2
401840928,2026-04-04,ligamx,2025,13439,León,Atlas,1,7,25,513,4,0.3,12,7,11,7,0.4,2,0,0.9,0,0,71,0,3,0.4,6,0.5,12,23,57,602,17,13,10,2
401840928,2026-04-04,ligamx,2025,13439,Atlas,León,0,2,16,162,3,0.3,33,8,9,11,0.3,0,2,0.7,0,0,29,1,4,0.3,3,0.6,33,8,49,242,11,13,3,2
401840929,2026-04-04,ligamx,2025,13439,Santos,América,1,2,20,184,2,0.2,31,14,17,6,0.4,1,2,0.7,0,0,36.1,1,4,0.4,4,0.8,31,13,48,259,9,18,3,3
401840929,2026-04-04,ligamx,2025,13439,América,Santos,0,10,47,376,4,0.4,16,9,10,3,0.6,1,0,0.8,0,0,63.9,0,2,0.3,5,0.9,16,27,83,455,19,10,4,0
401840930,2026-04-04,ligamx,2025,13439,Querétaro,Toluca,1,4,16,120,1,0.3,40,8,12,8,0.3,1,1,0.6,0,0,24,0,5,0.6,6,0.5,40,16,55,192,10,15,3,3
401840930,2026-04-04,ligamx,2025,13439,Toluca,Querétaro,0,5,44,561,8,0.2,11,10,6,6,0.7,0,2,0.9,0,0,76,0,4,0.2,5,0.8,11,27,64,626,23,13,7,1
401840931,2026-04-05,ligamx,2025,13439,Guadalajara,Pumas UNAM,1,8,18,538,7,0.2,15,5,15,4,0.6,2,4,0.9,2,1,69.9,0,1,0.4,12,0.6,15,39,29,590,28,8,8,3
401840931,2026-04-05,ligamx,2025,13439,Pumas UNAM,Guadalajara,0,3,20,181,1,0.3,40,9,7,7,0.3,2,0,0.7,0,0,30.1,0,10,0.3,2,0.7,40,10,68,263,6,13,1,7
401840876,2026-04-07,ligamx,2025,13439,Querétaro,FC Juárez,1,9,14,145,9,0.4,22,8,10,6,0.3,1,5,0.7,0,0,36.4,0,4,0.1,2,0.7,22,23,54,214,17,12,9,1
401840876,2026-04-07,ligamx,2025,13439,FC Juárez,Querétaro,0,5,34,329,5,0.2,34,6,10,10,0.6,1,1,0.8,2,1,63.6,0,1,0.3,5,0.7,34,25,56,393,15,9,6,3
401840932,2026-04-10,ligamx,2025,13439,Puebla,León,1,10,23,311,7,0.5,30,8,16,6,0.5,0,0,0.8,0,0,46.2,1,2,0.1,1,0.5,30,20,43,374,16,17,7,3
401840932,2026-04-10,ligamx,2025,13439,León,Puebla,0,4,24,382,6,0.2,18,7,15,5,0.5,1,1,0.9,0,0,53.8,0,1,0.2,3,0.8,18,25,44,445,14,9,8,1
401840933,2026-04-10,ligamx,2025,13439,FC Juárez,Tijuana,1,4,20,228,3,0.2,22,6,12,10,0.5,1,0,0.8,2,1,38,2,4,0.1,1,0.7,22,25,39,288,11,9,5,1
401840933,2026-04-10,ligamx,2025,13439,Tijuana,FC Juárez,0,9,17,430,4,0.4,46,12,8,5,0.5,2,1,0.9,0,0,62,0,0,0.3,6,0.7,46,24,36,488,21,18,9,2
401840934,2026-04-11,ligamx,2025,13439,Querétaro,Necaxa,1,3,27,181,5,0.2,29,9,9,9,0.6,3,2,0.8,0,0,31.3,0,0,0.3,6,0.6,29,16,47,239,18,16,4,1
401840934,2026-04-11,ligamx,2025,13439,Necaxa,Querétaro,0,6,26,477,0,0.3,27,10,10,7,0.4,1,0,0.9,0,0,68.7,2,3,0.1,1,1.0,27,24,58,538,8,10,5,2
401840935,2026-04-11,ligamx,2025,13439,Tigres UANL,Guadalajara,1,3,21,203,1,0.6,36,15,14,12,0.3,4,1,0.7,0,0,32.3,0,5,0.5,6,0.6,36,5,69,282,11,24,0,3
401840935,2026-04-11,ligamx,2025,13439,Guadalajara,Tigres UANL,0,5,26,485,4,0.2,9,13,13,10,0.5,1,3,0.9,0,0,67.7,0,2,0.3,6,0.8,9,28,51,566,19,16,7,3
401840936,2026-04-11,ligamx,2025,13439,Pachuca,Santos,1,3,59,484,1,0.3,10,8,15,6,0.7,4,2,0.9,0,0,62.3,0,0,0.5,8,0.5,10,11,80,542,16,16,4,0
401840936,2026-04-11,ligamx,2025,13439,Santos,Pachuca,0,2,13,251,0,0.3,16,12,9,11,0.3,2,1,0.8,0,0,37.7,1,4,0.3,1,0.6,16,8,48,326,4,21,1,2
401840937,2026-04-11,ligamx,2025,13439,Atlas,Monterrey,1,4,20,281,2,0.3,29,10,15,11,0.4,0,3,0.8,0,0,44.2,0,3,0.4,4,0.8,29,15,50,368,10,12,6,3
401840937,2026-04-11,ligamx,2025,13439,Monterrey,Atlas,0,8,41,391,6,0.3,19,5,13,9,0.6,0,0,0.8,0,0,55.8,0,4,0.3,5,0.8,19,23,65,461,17,6,4,1
401840938,2026-04-11,ligamx,2025,13439,América,Cruz Azul,1,4,42,404,3,0.2,30,10,9,5,0.7,1,0,0.9,0,0,53.7,0,4,0.4,4,0.6,30,17,59,470,11,16,8,0
401840938,2026-04-11,ligamx,2025,13439,Cruz Azul,América,0,3,18,334,2,0.2,19,8,10,13,0.4,1,2,0.8,0,0,46.3,0,3,0.4,5,0.4,19,20,48,408,12,18,4,1
401840939,2026-04-12,ligamx,2025,13439,Pumas UNAM,Mazatlán FC,1,6,24,486,5,0.3,21,11,6,6,0.5,3,5,0.9,0,0,61.2,0,4,0.4,8,0.6,21,20,45,548,18,18,8,1
401840939,2026-04-12,ligamx,2025,13439,Mazatlán FC,Pumas UNAM,0,7,25,293,1,0.3,34,7,8,9,0.6,1,0,0.9,0,0,38.8,0,5,0.4,5,0.6,34,21,40,337,13,12,6,2
401840940,2026-04-12,ligamx,2025,13439,Toluca,Atlético de San Luis,1,2,28,523,3,0.1,15,7,11,9,0.5,1,2,0.9,0,0,61.4,0,0,0.4,10,0.6,15,18,56,600,24,11,3,3
401840940,2026-04-12,ligamx,2025,13439,Atlético de San Luis,Toluca,0,3,23,291,0,0.3,28,6,6,8,0.4,1,0,0.8,2,1,38.6,0,9,0.1,1,0.6,28,9,59,377,8,10,1,1
401840941,2026-04-17,ligamx,2025,13439,Mazatlán FC,Querétaro,1,7,36,382,3,0.3,35,9,12,9,0.7,1,1,0.9,2,1,58.7,0,3,0.2,3,0.8,35,24,54,445,14,11,7,2
401840941,2026-04-17,ligamx,2025,13439,Querétaro,Mazatlán FC,0,8,16,226,6,0.2,33,14,4,8,0.5,1,5,0.8,2,1,41.3,0,2,0.2,4,0.5,33,33,34,293,24,26,9,1
401840942,2026-04-17,ligamx,2025,13439,Atlético de San Luis,Pumas UNAM,1,12,23,317,14,0.4,15,6,10,5,0.6,0,1,0.9,0,0,51.7,0,1,0.1,3,0.7,15,33,38,366,27,9,8,1
401840942,2026-04-17,ligamx,2025,13439,Pumas UNAM,Atlético de San Luis,0,6,16,306,2,0.4,34,14,16,8,0.4,2,0,0.9,2,1,48.3,0,3,0.2,3,0.8,34,16,42,357,13,18,1,3
401840943,2026-04-18,ligamx,2025,13439,Necaxa,Tigres UANL,1,1,12,172,1,0.5,52,6,16,7,0.2,1,1,0.7,0,0,26.5,0,4,0.3,2,0.4,52,2,55,245,7,14,0,2
401840943,2026-04-18,ligamx,2025,13439,Tigres UANL,Necaxa,0,7,25,569,6,0.1,8,7,10,5,0.5,1,1,0.9,0,0,73.5,0,1,0.3,5,0.8,8,48,46,639,17,9,13,1
401840944,2026-04-18,ligamx,2025,13439,Cruz Azul,Tijuana,1,4,22,427,6,0.3,6,6,18,13,0.5,1,2,0.8,2,1,66.3,0,1,0.3,6,0.8,6,14,48,520,19,8,4,2
401840944,2026-04-18,ligamx,2025,13439,Tijuana,Cruz Azul,0,1,27,173,0,0.1,32,7,14,10,0.4,1,2,0.7,0,0,33.7,0,5,0.5,2,0.4,32,8,63,261,4,17,1,2
401840945,2026-04-18,ligamx,2025,13439,Guadalajara,Puebla,1,4,20,591,1,0.1,10,9,8,11,0.5,5,3,0.9,0,0,66.4,0,1,0.5,8,0.7,10,27,38,651,16,13,9,0
401840945,2026-04-18,ligamx,2025,13439,Puebla,Guadalajara,0,0,15,272,1,0.0,29,5,11,10,0.4,0,0,0.8,0,0,33.6,0,3,0.3,1,0.6,29,1,41,338,4,9,0,1
401840946,2026-04-18,ligamx,2025,13439,Monterrey,Pachuca,1,7,35,411,2,0.3,15,10,13,12,0.6,1,2,0.8,2,1,55.8,0,1,0.5,6,0.5,15,22,58,485,13,19,7,2
401840946,2026-04-18,ligamx,2025,13439,Pachuca,Monterrey,0,3,30,317,2,0.3,24,10,15,12,0.4,3,2,0.8,0,0,44.2,0,5,0.6,5,0.6,24,11,67,392,9,17,4,4
401840947,2026-04-18,ligamx,2025,13439,León,FC Juárez,1,6,21,309,6,0.4,22,18,20,3,0.4,3,1,0.8,0,0,56,0,2,0.3,6,0.7,22,15,59,389,20,26,3,1
401840947,2026-04-18,ligamx,2025,13439,FC Juárez,León,0,4,28,221,3,0.2,25,13,4,7,0.5,1,1,0.8,2,1,44,0,3,0.4,5,0.7,25,23,59,293,12,19,8,0
401840948,2026-04-18,ligamx,2025,13439,América,Toluca,1,0,21,310,2,0.0,25,11,13,20,0.5,2,2,0.8,0,0,39.3,0,3,0.5,6,0.6,25,9,45,372,13,18,5,2
401840948,2026-04-18,ligamx,2025,13439,Toluca,América,0,5,18,501,5,0.4,16,5,7,5,0.4,1,2,0.9,0,0,60.7,1,4,0.2,3,0.6,16,14,42,572,15,9,5,1
401840949,2026-04-19,ligamx,2025,13439,Santos,Atlas,1,5,22,268,5,0.3,25,11,18,11,0.4,0,2,0.8,0,1,54,0,1,0.1,2,0.8,25,15,52,353,14,13,5,4
401840949,2026-04-19,ligamx,2025,13439,Atlas,Santos,0,4,19,207,1,0.3,28,15,16,8,0.3,1,2,0.7,0,0,46,0,1,0.3,2,0.8,28,12,57,305,7,19,4,4
401840950,2026-04-21,ligamx,2025,13439,Pumas UNAM,FC Juárez,1,11,25,510,8,0.3,16,2,12,4,0.6,4,1,0.9,2,1,71.7,0,1,0.3,9,0.3,16,34,42,571,26,7,5,2
401840950,2026-04-21,ligamx,2025,13439,FC Juárez,Pumas UNAM,0,4,14,161,1,0.3,38,7,14,6,0.3,2,0,0.7,0,0,28.3,1,5,0.3,3,0.6,38,12,50,226,10,11,1,4
401840951,2026-04-21,ligamx,2025,13439,Querétaro,Cruz Azul,1,2,27,189,2,0.3,32,13,17,13,0.4,1,4,0.7,0,0,30.7,0,3,0.1,1,0.7,32,8,61,263,10,18,2,3
401840951,2026-04-21,ligamx,2025,13439,Cruz Azul,Querétaro,0,5,49,514,7,0.1,8,11,11,12,0.7,1,2,0.9,0,0,69.3,0,1,0.2,3,0.6,8,34,75,597,19,17,7,2
401840952,2026-04-21,ligamx,2025,13439,Monterrey,Puebla,1,2,15,373,6,0.2,27,9,20,14,0.5,2,3,0.9,2,1,43.7,0,1,0.3,6,0.5,27,9,32,431,23,19,3,3
401840952,2026-04-21,ligamx,2025,13439,Puebla,Monterrey,0,5,31,477,3,0.2,24,10,9,4,0.6,1,2,0.9,0,0,56.3,0,4,0.2,2,0.7,24,21,52,545,10,14,4,1
401840953,2026-04-21,ligamx,2025,13439,León,América,1,7,33,443,8,0.2,5,5,13,8,0.7,2,1,0.9,0,0,61.7,0,1,0.3,6,0.5,5,30,48,516,21,10,9,2
401840953,2026-04-21,ligamx,2025,13439,América,León,0,1,24,263,1,0.5,28,10,12,11,0.4,3,0,0.8,2,1,38.3,0,4,0.4,4,0.7,28,2,56,327,11,15,3,0
401840954,2026-04-22,ligamx,2025,13439,Atlas,Tigres UANL,1,5,17,226,1,0.3,20,16,16,14,0.3,0,2,0.7,0,0,41.3,1,4,0.0,0,0.8,20,17,63,313,3,19,5,2
401840954,2026-04-22,ligamx,2025,13439,Tigres UANL,Atlas,0,6,33,373,2,0.3,15,8,10,3,0.6,0,0,0.8,0,0,58.7,0,0,0.2,3,0.9,15,21,58,448,13,9,4,2
401840955,2026-04-22,ligamx,2025,13439,Atlético de San Luis,Santos,1,6,35,255,4,0.3,26,14,17,7,0.6,2,3,0.8,0,0,48,0,2,0.5,7,0.8,26,18,62,333,15,17,7,4
401840955,2026-04-22,ligamx,2025,13439,Santos,Atlético de San Luis,0,6,23,288,4,0.3,31,16,10,10,0.5,0,0,0.8,0,0,52,0,5,0.2,2,0.8,31,24,49,359,11,21,6,1
401840956,2026-04-22,ligamx,2025,13439,Mazatlán FC,Toluca,1,3,26,269,3,0.3,19,23,12,9,0.6,4,3,0.8,2,1,41.5,0,3,0.4,6,0.8,19,10,43,329,16,29,3,3
401840956,2026-04-22,ligamx,2025,13439,Toluca,Mazatlán FC,0,2,22,395,5,0.1,18,14,18,8,0.6,3,0,0.8,0,0,58.5,2,2,0.5,7,0.6,18,15,40,465,14,25,8,2
401840957,2026-04-22,ligamx,2025,13439,Tijuana,Pachuca,1,2,35,428,1,0.1,15,11,10,10,0.5,3,6,0.8,2,2,56.6,1,2,0.7,10,0.7,15,14,66,512,15,15,6,1
401840957,2026-04-22,ligamx,2025,13439,Pachuca,Tijuana,0,2,17,302,3,0.1,18,11,16,6,0.4,1,0,0.8,0,0,43.4,1,7,0.3,3,0.8,18,14,47,385,9,13,3,2
401840958,2026-04-22,ligamx,2025,13439,Necaxa,Guadalajara,1,1,27,264,3,0.1,34,9,14,5,0.4,0,1,0.8,0,0,42.4,1,6,0.1,1,0.7,34,8,71,340,8,13,1,3
401840958,2026-04-22,ligamx,2025,13439,Guadalajara,Necaxa,0,4,41,379,3,0.2,12,7,15,7,0.5,0,4,0.8,0,0,57.6,0,1,0.3,6,0.6,12,17,75,455,20,12,4,3
401840959,2026-04-24,ligamx,2025,13439,Puebla,Querétaro,1,0,18,258,3,0.0,40,13,3,8,0.3,1,1,0.8,0,0,39.5,1,3,0.3,2,0.7,40,7,57,333,8,18,3,1
401840959,2026-04-24,ligamx,2025,13439,Querétaro,Puebla,0,11,24,425,4,0.2,12,10,17,8,0.7,2,2,0.9,0,0,60.5,0,1,0.3,6,0.9,12,50,36,472,21,11,12,0
401840960,2026-04-25,ligamx,2025,13439,Pachuca,Pumas UNAM,1,7,14,215,3,0.3,22,7,12,6,0.4,0,2,0.8,0,0,33,2,2,0.3,4,0.5,22,24,32,261,16,13,8,2
401840960,2026-04-25,ligamx,2025,13439,Pumas UNAM,Pachuca,0,3,35,518,3,0.2,32,7,7,9,0.6,2,2,0.9,2,1,67,0,4,0.5,4,0.7,32,16,55,570,8,10,4,2
401840961,2026-04-25,ligamx,2025,13439,Tigres UANL,Mazatlán FC,1,4,33,482,4,0.3,12,14,5,16,0.6,5,4,0.9,0,0,61.6,0,2,0.5,13,0.8,12,16,52,533,24,18,6,1
401840961,2026-04-25,ligamx,2025,13439,Mazatlán FC,Tigres UANL,0,3,22,264,3,0.3,16,8,3,6,0.4,1,3,0.8,0,0,38.4,0,7,0.4,3,0.7,16,10,53,329,8,12,1,1
401840962,2026-04-25,ligamx,2025,13439,Toluca,León,1,1,26,245,3,0.1,29,12,14,14,0.4,4,1,0.8,0,0,41.5,1,4,0.5,7,0.6,29,10,62,326,15,19,2,3
401840962,2026-04-25,ligamx,2025,13439,León,Toluca,0,2,14,368,5,0.1,15,6,14,13,0.4,1,1,0.8,0,0,58.5,0,3,0.3,5,0.4,15,26,35,447,16,14,7,3
401840963,2026-04-25,ligamx,2025,13439,Guadalajara,Tijuana,1,4,28,571,8,0.2,14,4,8,6,0.6,0,1,0.9,0,0,69.2,0,3,0.2,4,0.5,14,25,47,641,22,8,8,3
401840963,2026-04-25,ligamx,2025,13439,Tijuana,Guadalajara,0,2,25,208,5,0.4,32,17,8,9,0.4,0,1,0.7,0,0,30.8,0,4,0.2,3,0.8,32,5,68,286,13,22,2,1
401840964,2026-04-25,ligamx,2025,13439,FC Juárez,Atlético de San Luis,1,5,30,286,2,0.2,24,8,5,12,0.6,2,1,0.8,2,1,53.3,0,3,0.3,4,0.6,24,25,51,343,12,13,4,0
401840964,2026-04-25,ligamx,2025,13439,Atlético de San Luis,FC Juárez,0,3,16,237,4,0.2,26,5,10,7,0.4,1,2,0.8,2,1,46.7,0,2,0.3,4,0.4,26,13,41,308,12,12,4,1
401840965,2026-04-25,ligamx,2025,13439,América,Atlas,1,5,31,531,5,0.2,9,13,7,7,0.6,0,0,0.9,0,1,70.1,0,1,0.3,3,0.8,9,25,48,593,11,17,5,1
401840965,2026-04-25,ligamx,2025,13439,Atlas,América,0,5,12,191,1,0.7,25,8,12,15,0.3,1,1,0.7,0,0,29.9,0,3,0.3,2,0.7,25,7,40,257,7,12,2,2
401840966,2026-04-26,ligamx,2025,13439,Santos,Monterrey,1,2,20,219,2,0.1,19,21,18,7,0.4,3,4,0.8,0,0,45.4,0,2,0.4,3,0.7,19,14,45,283,7,32,3,4
401840966,2026-04-26,ligamx,2025,13439,Monterrey,Santos,0,7,39,276,3,0.4,18,10,15,8,0.6,0,2,0.8,0,0,54.6,0,0,0.1,2,0.6,18,20,64,338,16,16,6,3
401840967,2026-04-26,ligamx,2025,13439,Cruz Azul,Necaxa,1,2,31,405,4,0.3,9,15,9,6,0.6,4,4,0.9,0,0,52.9,0,1,0.3,4,0.8,9,8,51,451,14,20,4,1
401840967,2026-04-26,ligamx,2025,13439,Necaxa,Cruz Azul,0,3,27,342,3,0.2,10,12,8,2,0.6,1,1,0.9,2,1,47.1,1,0,0.3,2,0.8,10,13,45,395,8,16,5,4
401870484,2026-05-02,ligamx,2025,13435,Atlas,Cruz Azul,1,5,20,322,2,0.3,29,11,13,14,0.5,2,1,0.9,2,1,56,0,6,0.2,2,0.6,29,15,39,370,13,19,2,2
401870484,2026-05-02,ligamx,2025,13435,Cruz Azul,Atlas,0,3,17,228,0,0.3,18,10,13,8,0.4,3,1,0.8,2,1,44,0,0,0.9,9,0.6,18,10,45,292,10,17,5,3
401870486,2026-05-02,ligamx,2025,13435,Tigres UANL,Guadalajara,1,5,19,447,3,0.3,21,9,15,6,0.4,3,0,0.8,0,0,57.6,0,0,0.6,9,0.7,21,18,52,536,16,13,4,4
401870486,2026-05-02,ligamx,2025,13435,Guadalajara,Tigres UANL,0,5,20,318,4,0.3,26,7,7,10,0.3,1,1,0.8,0,0,42.4,0,6,0.1,1,0.5,26,15,62,389,12,13,4,1
401870485,2026-05-03,ligamx,2025,13435,América,Pumas UNAM,1,12,19,393,6,0.3,17,6,8,6,0.6,3,1,0.9,4,2,58.1,0,3,0.3,7,0.8,17,45,32,438,23,8,7,1
401870485,2026-05-03,ligamx,2025,13435,Pumas UNAM,América,0,0,13,290,1,0.0,35,7,12,2,0.4,3,1,0.8,0,0,41.9,0,4,0.6,6,0.7,35,4,35,343,10,10,1,1
401870614,2026-05-03,ligamx,2025,13435,Toluca,Pachuca,1,8,17,535,2,0.2,14,8,10,12,0.4,0,2,0.9,0,0,71.7,0,5,0.3,4,0.7,14,41,41,597,16,11,10,1
401870614,2026-05-03,ligamx,2025,13435,Pachuca,Toluca,0,3,20,174,4,0.4,37,7,14,5,0.4,1,1,0.7,0,0,28.3,0,4,0.4,6,0.6,37,7,54,244,15,11,4,2
401870507,2026-05-09,ligamx,2025,13435,Guadalajara,Tigres UANL,1,19,31,451,9,0.4,12,7,13,5,0.6,2,3,0.9,0,0,68.9,0,3,0.2,5,0.8,12,51,51,528,29,9,13,1
401870507,2026-05-09,ligamx,2025,13435,Tigres UANL,Guadalajara,0,2,25,182,0,0.3,49,9,19,5,0.4,0,1,0.7,0,0,31.1,1,3,0.6,3,0.6,49,8,61,252,5,14,1,3
401870509,2026-05-09,ligamx,2025,13435,Cruz Azul,Atlas,1,1,18,212,2,0.1,24,9,13,10,0.4,1,1,0.7,0,0,38.7,0,5,0.6,5,0.9,24,12,45,283,9,10,7,0
401870509,2026-05-09,ligamx,2025,13435,Atlas,Cruz Azul,0,7,38,379,5,0.3,17,9,18,8,0.6,0,2,0.8,0,0,61.3,0,4,0.3,5,0.6,17,22,65,450,19,14,6,2
401870508,2026-05-10,ligamx,2025,13435,Pumas UNAM,América,1,3,13,200,1,0.5,39,9,20,5,0.3,3,0,0.8,0,0,34.7,0,3,0.6,5,0.6,39,6,41,252,9,15,3,3
401870508,2026-05-10,ligamx,2025,13435,América,Pumas UNAM,0,11,28,395,9,0.2,10,8,5,2,0.7,3,2,0.9,2,2,65.3,0,1,0.3,6,1.0,10,45,40,443,23,8,16,1
401870615,2026-05-10,ligamx,2025,13435,Pachuca,Toluca,1,1,25,188,5,0.1,17,16,9,18,0.4,2,0,0.7,2,1,35.8,0,3,0.3,4,0.8,17,7,60,269,13,21,1,2
401870615,2026-05-10,ligamx,2025,13435,Toluca,Pachuca,0,2,25,403,3,0.2,20,8,9,8,0.5,0,3,0.8,0,0,64.2,0,2,0.2,3,0.5,20,11,49,484,17,15,5,0
401872570,2026-05-13,ligamx,2025,13434,Cruz Azul,Guadalajara,1,7,19,199,5,0.4,20,11,14,6,0.3,2,2,0.7,2,1,45.8,0,3,0.3,4,0.7,20,19,55,280,16,15,6,5
401872570,2026-05-13,ligamx,2025,13434,Guadalajara,Cruz Azul,0,3,21,269,5,0.4,32,11,14,10,0.4,2,1,0.8,0,0,54.2,0,2,0.3,5,0.8,32,8,51,343,16,14,1,3
401872572,2026-05-14,ligamx,2025,13434,Pachuca,Pumas UNAM,1,3,34,329,5,0.2,21,5,15,7,0.5,1,3,0.8,0,0,49.2,1,1,0.3,5,0.4,21,20,64,392,15,13,9,0
401872572,2026-05-14,ligamx,2025,13434,Pumas UNAM,Pachuca,0,0,21,350,1,0.0,33,2,10,6,0.4,0,0,0.9,0,0,50.8,0,3,0.2,1,0.2,33,8,48,411,5,9,1,3
401872571,2026-05-16,ligamx,2025,13434,Guadalajara,Cruz Azul,1,5,35,328,3,0.2,16,5,10,15,0.5,1,1,0.8,0,0,58,0,6,0.5,7,0.5,16,27,65,417,15,11,8,2
401872571,2026-05-16,ligamx,2025,13434,Cruz Azul,Guadalajara,0,2,18,227,3,0.1,39,6,13,11,0.3,2,2,0.7,0,0,42,0,6,0.6,8,0.4,39,14,57,308,13,16,7,3
401872573,2026-05-17,ligamx,2025,13434,Pumas UNAM,Pachuca,1,4,25,344,3,0.3,20,5,11,7,0.4,1,3,0.8,0,0,51.1,0,2,0.1,1,0.4,20,15,57,412,12,12,3,2
401872573,2026-05-17,ligamx,2025,13434,Pachuca,Pumas UNAM,0,6,24,320,2,0.3,17,2,11,6,0.4,0,1,0.8,0,0,48.9,0,0,0.2,2,0.3,17,24,54,384,9,7,3,1
401873245,2026-05-21,ligamx,2025,13433,Cruz Azul,Pumas UNAM,1,8,24,418,9,0.3,14,17,11,9,0.6,0,2,0.9,0,0,60.4,0,1,0.2,5,0.7,14,32,41,480,24,24,7,2
401873245,2026-05-21,ligamx,2025,13433,Pumas UNAM,Cruz Azul,0,0,26,257,1,0.0,32,11,7,5,0.4,0,0,0.8,0,0,39.6,0,5,0.3,1,0.6,32,5,64,329,4,17,1,2
401873246,2026-05-24,ligamx,2025,13433,Pumas UNAM,Cruz Azul,1,3,32,282,6,0.2,28,7,14,6,0.6,1,0,0.8,0,0,46.7,2,5,0.3,3,0.5,28,14,57,340,12,13,7,1
401873246,2026-05-24,ligamx,2025,13433,Cruz Azul,Pumas UNAM,0,11,31,301,6,0.4,20,14,5,7,0.5,2,2,0.8,0,0,53.3,0,2,0.3,6,0.5,20,31,64,375,18,27,7,0
401877044,2026-07-16,ligamx,2026,14277,Tijuana,Tigres UANL,1,8,32,328,2,0.4,24,10,11,6,0.5,3,4,0.8,0,1,51.3,0,3,0.5,7,0.8,24,18,63,394,15,13,1,2
401877044,2026-07-16,ligamx,2026,14277,Tigres UANL,Tijuana,0,4,12,308,1,0.3,22,8,17,9,0.3,1,0,0.8,0,0,48.7,1,4,0.5,4,0.7,22,15,36,374,8,12,4,4
401877045,2026-07-16,ligamx,2026,14277,Necaxa,Atlante,1,5,29,327,1,0.2,22,12,11,10,0.5,2,1,0.8,0,1,64.2,0,2,0.5,5,0.6,22,26,54,413,11,20,11,1
401877045,2026-07-16,ligamx,2026,14277,Atlante,Necaxa,0,4,19,151,3,0.3,46,15,16,8,0.4,1,1,0.7,0,0,35.8,0,3,0.3,3,0.7,46,12,49,231,12,22,5,2
401877041,2026-07-17,ligamx,2026,14277,FC Juárez,Puebla,1,6,25,414,2,0.2,26,5,9,5,0.5,0,1,0.9,0,0,64.5,0,4,0.1,1,0.5,26,28,50,483,13,10,5,1
401877041,2026-07-17,ligamx,2026,14277,Puebla,FC Juárez,0,6,17,194,4,0.4,28,8,22,10,0.3,1,1,0.7,0,0,35.5,1,1,0.4,5,0.6,28,15,63,267,13,14,7,1
401877042,2026-07-17,ligamx,2026,14277,León,Atlas,1,6,25,283,2,0.3,14,13,15,12,0.5,2,0,0.8,0,0,45.9,1,4,0.5,8,0.5,14,18,51,351,16,27,6,2
401877042,2026-07-17,ligamx,2026,14277,Atlas,León,0,0,28,352,1,0.0,24,16,10,10,0.5,3,4,0.8,0,1,54.1,0,6,0.8,7,0.7,24,5,55,427,9,24,2,2
401877043,2026-07-17,ligamx,2026,14277,Atlético de San Luis,Cruz Azul,1,5,14,334,3,0.3,35,5,9,8,0.4,2,3,0.8,0,0,45.6,0,6,0.4,5,0.5,35,15,37,404,13,11,4,2
401877043,2026-07-17,ligamx,2026,14277,Cruz Azul,Atlético de San Luis,0,6,23,405,3,0.3,15,16,10,15,0.6,3,1,0.8,0,1,54.4,0,4,0.5,10,0.6,15,22,40,482,20,25,4,1
401877037,2026-07-18,ligamx,2026,14277,Querétaro,América,1,3,22,176,1,0.2,21,8,14,4,0.4,0,5,0.7,0,0,37.6,0,4,0.2,2,0.5,21,18,52,243,10,16,2,6
401877037,2026-07-18,ligamx,2026,14277,América,Querétaro,0,7,32,333,8,0.3,23,16,13,3,0.5,1,0,0.8,0,1,62.4,1,2,0.3,5,0.8,23,28,61,404,17,19,12,2
401877038,2026-07-18,ligamx,2026,14277,Monterrey,Santos,1,1,29,448,2,0.1,15,11,14,17,0.5,3,2,0.9,0,0,56.3,0,1,0.7,13,0.7,15,14,60,522,19,15,5,0
401877038,2026-07-18,ligamx,2026,14277,Santos,Monterrey,0,4,36,333,3,0.3,21,12,9,10,0.6,2,0,0.8,0,0,43.7,0,10,0.3,3,0.6,21,13,61,407,11,21,5,0
401877039,2026-07-18,ligamx,2026,14277,Guadalajara,Toluca,1,6,18,285,3,0.3,15,8,14,10,0.4,0,1,0.8,0,0,39.7,1,7,0.3,4,0.5,15,18,44,354,13,15,9,2
401877039,2026-07-18,ligamx,2026,14277,Toluca,Guadalajara,0,1,47,499,1,0.1,28,12,13,13,0.6,2,2,0.9,0,1,60.3,0,4,0.6,9,0.8,28,8,78,563,14,16,2,2
401877040,2026-07-18,ligamx,2026,14277,Pumas UNAM,Pachuca,1,4,43,490,3,0.1,21,8,11,4,0.6,0,2,0.9,0,0,61,0,3,0.1,1,0.6,21,29,69,563,9,14,9,1
401877040,2026-07-18,ligamx,2026,14277,Pachuca,Pumas UNAM,0,5,23,283,5,0.3,28,17,5,13,0.4,3,5,0.8,0,0,39,0,1,0.4,6,0.7,28,15,55,358,15,23,4,0
401877035,2026-07-21,ligamx,2026,14277,Toluca,Pumas UNAM,1,4,34,489,8,0.1,16,8,4,11,0.7,1,0,0.8,0,0,66.3,0,1,0.2,4,0.6,16,29,49,576,17,14,9,1
401877035,2026-07-21,ligamx,2026,14277,Pumas UNAM,Toluca,0,3,21,234,1,0.6,47,12,11,20,0.4,2,2,0.8,0,0,33.7,0,3,0.4,3,0.7,47,5,56,306,8,18,1,1
401877036,2026-07-21,ligamx,2026,14277,Cruz Azul,Puebla,1,5,20,506,6,0.2,17,9,11,9,0.6,2,0,0.9,0,0,67.1,0,3,0.3,7,0.5,17,24,35,568,22,19,7,2
401877036,2026-07-21,ligamx,2026,14277,Puebla,Cruz Azul,0,4,24,212,5,0.4,38,11,7,11,0.5,1,2,0.8,0,0,32.9,0,5,0.4,4,0.7,38,9,50,277,10,16,3,3
401877032,2026-07-24,ligamx,2026,14277,Tijuana,León,1,3,27,287,2,0.2,38,19,12,14,0.5,1,2,0.8,0,2,39.4,0,2,0.3,3,0.8,38,13,52,360,9,25,3,0
401877032,2026-07-24,ligamx,2026,14277,León,Tijuana,0,7,22,485,5,0.3,19,5,13,10,0.6,0,1,0.9,0,0,60.6,0,2,0.2,2,0.4,19,28,36,550,11,13,10,2
401877033,2026-07-24,ligamx,2026,14277,Atlante,América,1,1,21,215,1,0.1,27,13,18,7,0.3,1,2,0.7,0,0,37.5,0,7,0.5,4,0.5,27,10,64,311,8,26,2,1
401877033,2026-07-24,ligamx,2026,14277,América,Atlante,0,9,34,418,6,0.4,13,6,14,5,0.6,1,3,0.8,0,0,62.5,1,3,0.4,8,0.5,13,25,57,509,20,12,9,3
401877030,2026-07-25,ligamx,2026,14277,Santos,Atlas,1,6,26,389,6,0.3,14,17,11,13,0.5,0,1,0.8,0,0,56.1,0,4,0.1,1,0.7,14,23,48,477,11,24,5,2
401877030,2026-07-25,ligamx,2026,14277,Atlas,Santos,0,6,32,295,1,0.4,29,12,11,18,0.5,1,1,0.8,0,0,43.9,0,1,0.5,5,0.6,29,17,61,373,11,19,5,1
401877031,2026-07-25,ligamx,2026,14277,Guadalajara,FC Juárez,1,12,25,643,9,0.3,22,7,11,5,0.6,1,2,0.9,0,0,77.6,0,0,0.4,8,0.5,22,40,42,725,22,13,19,1
401877031,2026-07-25,ligamx,2026,14277,FC Juárez,Guadalajara,0,2,21,148,0,0.2,56,9,14,10,0.4,0,0,0.7,0,0,22.4,0,7,0.0,0,0.5,56,9,59,212,6,18,2,2
401877034,2026-07-25,ligamx,2026,14277,Tigres UANL,Atlético de San Luis,1,7,28,314,3,0.3,13,10,15,11,0.6,2,1,0.8,0,0,43.4,0,2,0.1,2,0.6,13,23,48,373,17,18,9,2
401877034,2026-07-25,ligamx,2026,14277,Atlético de San Luis,Tigres UANL,0,3,20,441,3,0.3,15,13,14,5,0.5,2,2,0.9,0,0,56.6,0,1,0.3,4,0.7,15,10,42,506,13,20,3,1
401877028,2026-07-26,ligamx,2026,14277,Pachuca,Querétaro,1,4,48,349,4,0.2,19,13,15,7,0.6,1,1,0.8,0,0,52.5,0,3,0.2,2,0.6,19,18,79,421,13,22,1,2
401877028,2026-07-26,ligamx,2026,14277,Querétaro,Pachuca,0,7,22,305,5,0.3,16,22,10,9,0.4,2,6,0.8,0,0,47.5,0,1,0.3,5,0.8,16,28,52,374,18,29,6,3
401877029,2026-07-26,ligamx,2026,14277,Necaxa,Monterrey,1,5,23,369,3,0.4,22,7,21,5,0.5,2,2,0.8,0,0,64.8,0,1,0.5,9,0.5,22,14,46,440,19,14,4,2
401877029,2026-07-26,ligamx,2026,14277,Monterrey,Necaxa,0,2,21,172,2,0.3,22,11,14,7,0.4,1,2,0.7,0,1,35.2,1,7,0.3,2,0.7,22,8,55,239,6,16,1,2
401877025,2026-07-31,ligamx,2026,14277,FC Juárez,Pumas UNAM,1,7,27,296,1,0.3,18,8,13,5,0.5,1,5,0.8,0,0,48.5,0,0,0.4,3,0.7,18,24,56,380,8,11,2,2
401877025,2026-07-31,ligamx,2026,14277,Pumas UNAM,FC Juárez,0,1,27,335,2,0.1,23,12,16,6,0.4,5,2,0.8,0,1,51.5,0,2,0.5,5,0.7,23,12,67,416,10,17,0,1
401877026,2026-07-31,ligamx,2026,14277,Atlético de San Luis,Tijuana,1,3,13,651,1,0.2,14,5,6,3,0.6,0,0,0.9,0,0,67.6,0,1,0.1,2,0.7,14,15,22,709,14,7,5,1
401877026,2026-07-31,ligamx,2026,14277,Tijuana,Atlético de San Luis,0,2,29,268,1,0.2,27,13,10,12,0.5,0,1,0.8,0,0,32.4,0,2,0.2,1,0.8,27,9,59,337,6,16,1,2
401877027,2026-07-31,ligamx,2026,14277,Puebla,Guadalajara,1,0,36,286,1,0.0,41,7,7,4,0.5,1,0,0.8,0,0,34.8,0,7,0.4,3,0.6,41,6,68,352,7,11,1,0
401877027,2026-07-31,ligamx,2026,14277,Guadalajara,Puebla,0,7,25,577,2,0.3,10,7,12,6,0.6,1,0,0.9,0,0,65.2,0,2,0.3,8,0.5,10,23,41,648,24,13,7,0
401877021,2026-08-01,ligamx,2026,14277,Cruz Azul,Atlante,1,4,26,376,6,0.2,20,5,10,10,0.6,2,4,0.8,0,1,61.1,0,4,0.5,9,0.6,20,23,47,446,18,8,7,2
401877021,2026-08-01,ligamx,2026,14277,Atlante,Cruz Azul,0,2,26,210,1,0.1,38,20,11,15,0.5,3,2,0.8,0,1,38.9,0,7,0.6,7,0.7,38,17,53,279,11,27,5,1
401877022,2026-08-01,ligamx,2026,14277,Atlas,Monterrey,1,3,30,321,3,0.1,17,14,13,9,0.6,0,0,0.8,0,0,47.1,2,2,0.1,1,0.7,17,23,48,394,9,19,6,5
401877022,2026-08-01,ligamx,2026,14277,Monterrey,Atlas,0,3,25,390,3,0.3,31,10,17,8,0.5,2,0,0.9,0,1,52.9,1,1,0.3,4,0.8,31,9,46,456,13,13,2,2
401877023,2026-08-01,ligamx,2026,14277,León,Pachuca,1,5,20,356,3,0.3,34,19,9,12,0.4,1,1,0.8,0,0,51.6,0,1,0.4,6,0.8,34,17,48,427,15,24,3,4
401877023,2026-08-01,ligamx,2026,14277,Pachuca,León,0,5,25,321,3,0.2,11,15,17,9,0.5,0,4,0.8,0,0,48.4,1,5,0.1,1,0.8,11,30,47,381,10,20,6,7
401877024,2026-08-01,ligamx,2026,14277,Querétaro,Tigres UANL,1,5,15,174,3,0.3,42,10,19,7,0.3,3,1,0.7,0,1,34.6,0,3,0.4,6,0.7,42,19,46,242,15,14,6,6
401877024,2026-08-01,ligamx,2026,14277,Tigres UANL,Querétaro,0,7,28,397,12,0.3,25,9,9,8,0.7,2,0,0.8,0,1,65.4,0,3,0.2,5,0.8,25,22,41,471,25,11,11,3
401877019,2026-08-02,ligamx,2026,14277,Toluca,Necaxa,1,6,31,690,6,0.2,8,9,15,4,0.8,3,1,0.9,0,0,75.2,0,1,0.3,8,0.6,8,25,41,746,26,15,6,1
401877019,2026-08-02,ligamx,2026,14277,Necaxa,Toluca,0,2,17,182,2,0.3,29,9,10,7,0.4,1,0,0.7,0,0,24.8,2,6,0.3,3,0.6,29,7,46,248,9,14,2,2
401877020,2026-08-02,ligamx,2026,14277,América,Santos,1,4,42,446,2,0.2,25,7,12,10,0.8,3,1,0.9,0,0,52,0,6,0.4,6,0.6,25,17,56,509,17,11,4,0
401877020,2026-08-02,ligamx,2026,14277,Santos,América,0,6,36,375,3,0.2,19,9,10,5,0.5,0,1,0.8,0,0,48,0,3,0.5,6,0.7,19,25,70,462,13,13,11,1
401877016,2026-08-15,ligamx,2026,14277,Atlas,Tigres UANL,1,2,18,265,1,0.2,50,10,15,7,0.4,2,3,0.8,0,0,45.4,1,6,0.4,3,0.6,50,10,50,342,8,17,2,2
401877016,2026-08-15,ligamx,2026,14277,Tigres UANL,Atlas,0,8,18,312,9,0.2,19,12,11,8,0.5,1,1,0.8,0,1,54.6,0,1,0.3,7,0.8,19,37,35,387,25,15,16,1
401877017,2026-08-15,ligamx,2026,14277,Monterrey,FC Juárez,1,6,26,465,6,0.4,9,19,11,5,0.5,6,1,0.9,0,0,61.8,0,0,0.4,10,0.8,9,17,54,542,28,24,10,0
401877017,2026-08-15,ligamx,2026,14277,FC Juárez,Monterrey,0,1,19,273,0,0.2,14,15,7,9,0.5,1,2,0.8,0,0,38.2,0,4,0.3,1,0.8,14,6,41,339,4,18,1,0
401877018,2026-08-15,ligamx,2026,14277,Atlante,Toluca,1,3,16,280,4,0.2,22,14,9,8,0.3,0,3,0.7,0,0,42.7,0,2,0.4,5,0.5,22,14,53,378,14,26,8,2
401877018,2026-08-15,ligamx,2026,14277,Toluca,Atlante,0,3,39,408,5,0.2,41,18,7,14,0.5,0,3,0.8,0,0,57.3,0,5,0.2,2,0.7,41,15,74,511,11,27,7,0
401877012,2026-08-16,ligamx,2026,14277,Tijuana,Cruz Azul,1,5,33,312,2,0.4,38,7,13,15,0.6,2,6,0.9,0,0,42.3,0,4,0.2,3,0.4,38,13,56,364,13,19,5,2
401877012,2026-08-16,ligamx,2026,14277,Cruz Azul,Tijuana,0,4,26,405,4,0.3,14,12,15,2,0.5,1,1,0.8,0,0,57.7,0,1,0.4,5,0.7,14,14,50,499,14,17,6,4
401877013,2026-08-16,ligamx,2026,14277,Santos,Guadalajara,1,2,20,345,4,0.2,16,7,8,8,0.4,0,3,0.8,0,0,38.5,0,4,0.2,2,0.6,16,11,47,412,11,11,5,1
401877013,2026-08-16,ligamx,2026,14277,Guadalajara,Santos,0,5,26,591,3,0.3,19,9,12,7,0.6,1,4,0.9,0,1,61.5,0,2,0.4,5,0.8,19,19,44,660,12,12,7,0
401877014,2026-08-16,ligamx,2026,14277,América,Atlético de San Luis,1,5,29,401,10,0.3,13,14,13,6,0.6,3,0,0.9,0,0,53.5,0,2,0.3,7,0.8,13,16,50,465,28,17,10,2
401877014,2026-08-16,ligamx,2026,14277,Atlético de San Luis,América,0,4,17,340,4,0.3,24,18,8,6,0.4,0,1,0.8,0,0,46.5,1,4,0.2,3,0.9,24,12,40,403,13,19,5,1
401877015,2026-08-16,ligamx,2026,14277,Pumas UNAM,Querétaro,1,5,31,401,2,0.2,16,5,12,6,0.5,0,1,0.8,0,0,65.7,0,3,0.3,4,0.4,16,24,68,487,15,13,6,1
401877015,2026-08-16,ligamx,2026,14277,Querétaro,Pumas UNAM,0,2,15,183,1,0.2,43,9,10,13,0.3,0,1,0.7,0,0,34.3,0,4,0.4,3,0.8,43,12,48,253,8,11,1,3
401877010,2026-08-17,ligamx,2026,14277,Pachuca,Puebla,1,8,40,380,5,0.3,15,10,10,6,0.6,2,1,0.8,0,1,55.9,0,2,0.2,4,0.8,15,30,63,448,22,13,5,0
401877010,2026-08-17,ligamx,2026,14277,Puebla,Pachuca,0,1,27,289,3,0.1,33,9,15,8,0.4,3,0,0.8,0,1,44.1,0,2,0.4,5,0.5,33,20,63,360,12,17,3,0
401877011,2026-08-17,ligamx,2026,14277,Necaxa,León,1,9,46,375,6,0.2,13,9,15,3,0.7,1,0,0.9,0,0,61.2,0,5,0.3,8,0.7,13,37,67,432,25,13,7,2
401877011,2026-08-17,ligamx,2026,14277,León,Necaxa,0,3,16,203,5,0.3,36,15,14,2,0.3,2,0,0.7,0,0,38.8,1,7,0.4,7,0.7,36,12,56,282,16,22,3,1
401877004,2026-08-21,ligamx,2026,14277,Tigres UANL,Atlante,1,4,41,533,8,0.3,18,22,15,12,0.6,2,5,0.9,0,0,66.8,0,4,0.2,4,0.8,18,14,69,611,18,26,5,0
401877004,2026-08-21,ligamx,2026,14277,Atlante,Tigres UANL,0,1,9,218,3,0.1,23,21,16,13,0.2,0,0,0.7,0,1,33.2,1,2,0.4,4,0.7,23,7,37,298,11,30,1,1
401877005,2026-08-21,ligamx,2026,14277,León,Monterrey,1,2,23,270,0,0.3,40,12,11,5,0.4,2,1,0.8,0,1,34.9,1,4,0.5,5,0.7,40,8,53,339,11,18,3,1
401877005,2026-08-21,ligamx,2026,14277,Monterrey,León,0,9,29,553,4,0.2,14,8,12,9,0.7,0,2,0.9,0,0,65.1,0,3,0.2,4,0.6,14,50,42,599,20,13,10,2
401877007,2026-08-21,ligamx,2026,14277,Querétaro,Toluca,1,10,24,300,6,0.3,24,10,15,4,0.5,1,1,0.8,0,1,50.3,0,1,0.2,3,0.8,24,33,51,370,18,12,7,3
401877007,2026-08-21,ligamx,2026,14277,Toluca,Querétaro,0,4,29,310,4,0.3,31,12,8,8,0.5,2,0,0.8,0,1,49.7,1,2,0.2,3,0.8,31,13,64,385,18,15,6,3
401877008,2026-08-21,ligamx,2026,14277,FC Juárez,América,1,5,22,234,1,0.4,23,14,15,11,0.5,1,1,0.8,0,0,40.8,0,8,0.3,3,0.6,23,14,47,306,10,22,5,5
401877008,2026-08-21,ligamx,2026,14277,América,FC Juárez,0,3,37,378,4,0.2,15,12,12,8,0.6,2,4,0.8,0,1,59.2,0,2,0.6,10,0.8,15,19,59,452,18,16,7,1
401877003,2026-08-22,ligamx,2026,14277,Cruz Azul,Atlas,1,6,35,356,7,0.2,7,15,7,3,0.7,0,1,0.8,0,0,51.8,0,4,0.2,5,0.6,7,25,53,442,25,26,9,0
401877003,2026-08-22,ligamx,2026,14277,Atlas,Cruz Azul,0,2,18,336,2,0.2,23,15,11,16,0.3,2,1,0.8,0,0,48.2,1,5,0.5,5,0.8,23,9,58,426,11,18,4,0
401877006,2026-08-22,ligamx,2026,14277,Guadalajara,Tijuana,1,6,15,503,2,0.4,24,8,15,6,0.4,5,0,0.9,1,1,58.9,0,2,0.6,8,0.8,24,15,36,563,13,10,4,3
401877006,2026-08-22,ligamx,2026,14277,Tijuana,Guadalajara,0,9,32,323,3,0.3,31,15,10,6,0.7,2,1,0.9,0,0,41.1,0,3,0.3,4,0.7,31,28,49,372,16,21,4,1
401877009,2026-08-22,ligamx,2026,14277,Puebla,Santos,1,6,35,277,0,0.3,15,9,11,9,0.5,3,4,0.8,0,0,38.4,0,1,0.4,7,0.6,15,19,65,327,16,16,6,0
401877009,2026-08-22,ligamx,2026,14277,Santos,Puebla,0,3,34,483,1,0.2,15,13,8,5,0.6,2,2,0.9,0,0,61.6,0,4,0.3,2,0.6,15,19,60,539,6,22,7,1
401877001,2026-08-23,ligamx,2026,14277,Pumas UNAM,Necaxa,1,11,19,354,8,0.4,25,11,10,13,0.5,1,2,0.8,0,0,48.4,0,3,0.2,5,0.8,25,28,41,426,23,13,8,2
401877001,2026-08-23,ligamx,2026,14277,Necaxa,Pumas UNAM,0,6,30,379,7,0.4,30,10,12,5,0.5,1,3,0.8,0,0,51.6,0,4,0.3,4,0.7,30,16,62,466,16,15,4,2
401877002,2026-08-23,ligamx,2026,14277,Atlético de San Luis,Pachuca,1,7,13,501,3,0.3,17,16,13,3,0.4,1,1,0.9,0,0,69,0,1,0.4,7,0.7,17,22,29,572,17,24,1,0
401877002,2026-08-23,ligamx,2026,14277,Pachuca,Atlético de San Luis,0,7,20,181,2,0.5,28,9,17,6,0.4,1,1,0.7,0,0,31,1,5,0.2,2,0.6,28,14,52,251,10,14,4,2
401876998,2026-08-28,ligamx,2026,14277,Tijuana,Pumas UNAM,1,1,40,485,5,0.1,27,6,12,7,0.7,2,6,0.9,0,2,57.1,0,3,0.3,3,0.8,27,14,55,540,11,8,3,1
401876998,2026-08-28,ligamx,2026,14277,Pumas UNAM,Tijuana,0,3,16,341,2,0.2,15,9,10,9,0.4,0,2,0.8,0,0,42.9,1,1,0.3,3,0.6,15,16,42,403,10,16,6,1
401876999,2026-08-28,ligamx,2026,14277,Atlante,León,1,3,21,353,4,0.2,8,13,19,9,0.5,1,3,0.8,0,0,47.8,0,4,0.2,4,1.0,8,17,40,422,17,13,3,2
401876999,2026-08-28,ligamx,2026,14277,León,Atlante,0,2,17,405,2,0.3,23,15,10,10,0.4,1,2,0.9,0,1,52.2,0,3,0.4,5,0.7,23,8,46,476,12,22,3,1
401877000,2026-08-28,ligamx,2026,14277,Necaxa,Cruz Azul,1,3,28,333,4,0.3,22,14,15,6,0.5,1,0,0.8,0,0,45.8,0,5,0.3,4,0.8,22,11,53,403,13,18,7,5
401877000,2026-08-28,ligamx,2026,14277,Cruz Azul,Necaxa,0,4,31,396,4,0.3,10,10,14,9,0.5,3,1,0.8,0,0,54.2,0,3,0.4,8,0.6,10,13,59,478,22,17,7,2
401876994,2026-08-29,ligamx,2026,14277,Santos,Tigres UANL,1,10,33,405,6,0.3,17,13,7,10,0.6,0,1,0.9,0,0,59.1,0,3,0.2,4,0.6,17,37,54,470,20,21,12,4
401876994,2026-08-29,ligamx,2026,14277,Tigres UANL,Santos,0,3,23,269,1,0.3,39,6,11,6,0.5,0,1,0.8,0,0,40.9,1,4,0.1,2,0.5,39,12,44,335,15,12,3,1
401876995,2026-08-29,ligamx,2026,14277,América,Puebla,1,1,28,415,5,0.1,39,10,10,8,0.6,2,3,0.9,0,0,53.6,0,6,0.3,6,0.6,39,10,47,478,20,18,3,0
401876995,2026-08-29,ligamx,2026,14277,Puebla,América,0,6,37,317,5,0.2,14,15,8,1,0.6,0,2,0.8,0,0,46.4,0,4,0.3,6,0.7,14,30,62,392,23,22,8,1
401876996,2026-08-29,ligamx,2026,14277,Pachuca,Guadalajara,1,8,26,313,4,0.4,18,10,20,11,0.5,1,3,0.8,0,1,43,0,3,0.4,7,0.5,18,19,55,386,17,19,8,4
401876996,2026-08-29,ligamx,2026,14277,Guadalajara,Pachuca,0,1,23,460,3,0.1,25,12,8,12,0.5,1,2,0.9,0,0,57,0,6,0.4,5,0.6,25,9,42,528,12,20,7,0
401876997,2026-08-29,ligamx,2026,14277,Atlas,Querétaro,1,11,21,414,2,0.5,16,17,8,10,0.5,1,0,0.8,0,0,58.6,1,2,0.2,3,0.8,16,23,42,507,14,22,6,0
401876997,2026-08-29,ligamx,2026,14277,Querétaro,Atlas,0,1,38,282,0,0.1,25,18,14,17,0.6,3,1,0.8,0,1,41.4,0,3,0.4,5,0.7,25,12,66,360,12,25,2,2
401876992,2026-08-30,ligamx,2026,14277,Monterrey,Atlético de San Luis,1,11,29,604,6,0.3,9,11,10,15,0.7,1,2,0.9,0,0,72.1,0,1,0.3,8,0.8,9,39,44,667,26,13,14,1
401876992,2026-08-30,ligamx,2026,14277,Atlético de San Luis,Monterrey,0,4,15,194,1,0.8,41,13,10,13,0.4,3,1,0.7,0,0,27.9,0,7,0.4,4,0.6,41,5,41,266,9,22,1,2
401876993,2026-08-30,ligamx,2026,14277,Toluca,FC Juárez,1,8,32,596,10,0.4,13,10,11,7,0.7,4,2,0.9,0,0,64.7,0,2,0.3,9,0.8,13,19,47,665,26,13,5,1
401876993,2026-08-30,ligamx,2026,14277,FC Juárez,Toluca,0,1,15,284,2,0.1,27,6,8,15,0.4,0,0,0.8,0,0,35.3,0,6,0.3,2,0.5,27,13,42,360,6,13,3,1
401876990,2026-09-04,ligamx,2026,14277,FC Juárez,Pachuca,1,3,24,378,0,0.2,24,10,17,9,0.5,0,1,0.8,0,0,52.2,0,2,0.1,1,0.9,24,14,49,463,10,11,1,6
401876990,2026-09-04,ligamx,2026,14277,Pachuca,FC Juárez,0,1,39,334,7,0.1,25,8,20,8,0.5,2,2,0.8,0,0,47.8,0,1,0.3,4,0.7,25,9,86,428,14,12,3,4
401876985,2026-09-05,ligamx,2026,14277,Atlas,Atlante,1,3,28,420,2,0.2,14,15,19,16,0.5,1,1,0.8,0,0,63.5,0,1,0.2,3,0.8,14,15,54,521,16,19,3,2
401876985,2026-09-05,ligamx,2026,14277,Atlante,Atlas,0,2,25,221,1,0.7,33,9,16,12,0.5,1,1,0.7,0,1,36.5,0,2,0.3,2,0.7,33,3,51,304,8,13,1,3
401876987,2026-09-05,ligamx,2026,14277,Tigres UANL,Necaxa,1,5,19,438,4,0.2,14,8,13,6,0.6,1,0,0.9,0,0,58.1,0,3,0.3,6,0.6,14,27,32,505,21,13,6,3
401876987,2026-09-05,ligamx,2026,14277,Necaxa,Tigres UANL,0,3,25,310,3,0.2,42,7,10,7,0.5,1,0,0.8,0,1,41.9,0,5,0.2,4,0.6,42,15,51,369,17,12,3,2
401876989,2026-09-05,ligamx,2026,14277,Atlético de San Luis,Guadalajara,1,4,26,458,3,0.3,12,20,8,19,0.4,0,1,0.8,0,0,49.9,0,1,0.4,4,0.8,12,14,61,557,10,24,3,1
401876989,2026-09-05,ligamx,2026,14277,Guadalajara,Atlético de San Luis,0,1,27,469,1,0.1,23,13,8,19,0.5,3,2,0.8,0,0,50.1,0,4,0.4,3,0.7,23,8,59,564,7,19,2,0
401876983,2026-09-06,ligamx,2026,14277,Cruz Azul,Santos,1,10,59,506,7,0.2,12,16,8,5,0.7,1,2,0.9,0,0,61.6,0,1,0.3,8,0.7,12,41,86,577,25,22,9,0
401876983,2026-09-06,ligamx,2026,14277,Santos,Cruz Azul,0,3,38,301,4,0.2,39,11,9,8,0.6,0,1,0.8,0,0,38.4,0,7,0.1,1,0.5,39,18,63,364,11,21,5,1
401876984,2026-09-10,ligamx,2026,14277,Pumas UNAM,León,1,8,21,279,4,0.3,28,14,13,4,0.4,3,0,0.8,0,0,42.5,0,3,0.4,5,0.6,28,28,51,351,14,22,8,2
401876984,2026-09-10,ligamx,2026,14277,León,Pumas UNAM,0,7,31,422,2,0.3,36,5,5,4,0.6,1,1,0.9,0,0,57.5,0,2,0.2,3,0.4,36,25,53,487,13,12,2,1
401876978,2026-09-11,ligamx,2026,14277,Tijuana,Querétaro,1,12,54,368,12,0.3,24,12,8,8,0.6,0,1,0.8,0,0,63.1,0,3,0.2,4,0.6,24,44,87,448,24,20,13,0
401876978,2026-09-11,ligamx,2026,14277,Querétaro,Tijuana,0,5,28,198,1,0.4,66,4,14,17,0.5,1,1,0.7,0,0,36.9,0,3,0.5,4,0.3,66,12,59,275,8,12,4,5
401876979,2026-09-11,ligamx,2026,14277,Atlante,Pachuca,1,10,15,441,11,0.3,12,6,7,11,0.5,0,2,0.9,0,0,56.2,0,5,0.2,5,0.4,12,31,28,495,32,14,5,2
401876979,2026-09-11,ligamx,2026,14277,Pachuca,Atlante,0,7,34,322,3,0.6,38,14,14,8,0.5,3,0,0.8,0,0,43.8,0,5,0.4,8,0.5,38,11,70,402,21,30,5,4
401876980,2026-09-11,ligamx,2026,14277,Necaxa,Puebla,1,5,38,372,2,0.2,23,13,11,10,0.6,0,1,0.9,0,0,55.8,1,3,0.2,2,0.7,23,25,59,429,9,19,8,1
401876980,2026-09-11,ligamx,2026,14277,Puebla,Necaxa,0,4,27,281,3,0.2,25,19,12,8,0.5,1,0,0.8,0,0,44.2,0,2,0.3,4,0.8,25,19,52,340,12,23,5,3
401876974,2026-09-12,ligamx,2026,14277,Monterrey,Tigres UANL,1,6,29,388,3,0.3,14,13,15,9,0.5,0,0,0.8,0,0,63.4,1,3,0.3,6,0.7,14,23,60,476,18,18,6,3
401876974,2026-09-12,ligamx,2026,14277,Tigres UANL,Monterrey,0,1,21,189,0,0.1,18,15,16,6,0.4,0,1,0.7,0,0,36.6,1,5,0.6,3,0.5,18,8,56,284,5,29,0,3
401876981,2026-09-12,ligamx,2026,14277,Cruz Azul,América,1,3,26,278,1,0.3,25,12,10,10,0.4,4,1,0.8,0,1,43,0,7,0.6,10,0.8,25,12,58,358,16,16,6,5
401876981,2026-09-12,ligamx,2026,14277,América,Cruz Azul,0,10,38,393,7,0.4,18,9,9,10,0.6,3,2,0.9,0,0,57,0,6,0.4,10,0.5,18,28,60,458,28,17,9,2
401876982,2026-09-12,ligamx,2026,14277,Toluca,Atlas,1,3,36,391,3,0.2,24,8,11,17,0.7,5,3,0.9,0,1,53.8,0,0,0.4,6,0.6,24,14,55,457,14,13,6,1
401876982,2026-09-12,ligamx,2026,14277,Atlas,Toluca,0,1,11,316,3,0.1,18,17,13,7,0.3,2,0,0.8,0,0,46.2,0,2,0.2,2,0.6,18,19,34,386,10,27,8,3
401876975,2026-09-13,ligamx,2026,14277,Guadalajara,Pumas UNAM,1,5,41,620,1,0.3,35,10,11,6,0.6,3,2,0.9,0,0,65.3,0,5,0.6,5,0.8,35,17,64,693,8,12,6,1
401876975,2026-09-13,ligamx,2026,14277,Pumas UNAM,Guadalajara,0,4,18,296,7,0.3,34,8,12,15,0.5,0,1,0.8,0,0,34.7,0,2,0.3,5,0.6,34,14,40,360,15,13,4,2
401876976,2026-09-13,ligamx,2026,14277,Santos,FC Juárez,1,10,30,302,7,0.3,24,4,13,6,0.6,2,1,0.8,0,1,53.2,0,4,0.4,10,0.6,24,33,47,367,25,7,12,4
401876976,2026-09-13,ligamx,2026,14277,FC Juárez,Santos,0,4,26,260,2,0.2,35,7,14,7,0.4,1,3,0.8,0,1,46.8,0,8,0.4,5,0.6,35,20,69,333,12,11,6,4
401876977,2026-09-14,ligamx,2026,14277,León,Atlético de San Luis,1,6,25,336,4,0.4,11,13,11,12,0.5,2,0,0.9,0,0,41.3,0,2,0.4,9,0.9,11,17,46,391,23,15,6,1
401876977,2026-09-14,ligamx,2026,14277,Atlético de San Luis,León,0,3,22,514,1,0.3,18,11,8,8,0.5,0,2,0.9,0,0,58.7,0,7,0.2,2,0.6,18,9,41,570,13,19,2,2
401876991,2026-09-15,ligamx,2026,14277,Puebla,Toluca,1,6,21,261,7,0.3,18,9,7,9,0.4,0,1,0.8,0,0,43.4,0,3,0.1,2,0.5,18,22,57,333,14,17,6,1
401876991,2026-09-15,ligamx,2026,14277,Toluca,Puebla,0,3,20,382,4,0.2,29,15,14,10,0.4,1,3,0.9,0,0,56.6,0,2,0.3,3,0.7,29,15,47,446,11,22,5,1
401876972,2026-09-18,ligamx,2026,14277,FC Juárez,Tigres UANL,1,3,36,277,6,0.3,48,16,10,8,0.6,2,0,0.8,0,1,42.7,0,5,0.4,5,0.8,48,12,62,347,14,20,2,1
401876972,2026-09-18,ligamx,2026,14277,Tigres UANL,FC Juárez,0,6,28,379,3,0.3,17,6,13,8,0.5,0,5,0.8,0,0,57.3,0,2,0.4,5,0.5,17,24,52,454,13,11,9,1
401876973,2026-09-18,ligamx,2026,14277,Puebla,Atlante,1,4,25,377,2,0.2,32,15,6,8,0.6,1,1,0.8,0,0,53.6,0,4,0.3,4,0.8,32,20,44,455,12,19,6,1
401876973,2026-09-18,ligamx,2026,14277,Atlante,Puebla,0,4,12,302,5,0.1,28,16,10,6,0.3,1,3,0.8,0,0,46.4,0,3,0.2,5,0.6,28,29,41,377,21,28,11,0
401876968,2026-09-19,ligamx,2026,14277,América,Guadalajara,1,5,55,425,7,0.2,16,10,16,4,0.7,2,0,0.9,0,0,56.2,0,4,0.2,4,0.8,16,21,81,498,17,13,4,1
401876968,2026-09-19,ligamx,2026,14277,Guadalajara,América,0,4,27,333,1,0.2,33,14,14,14,0.6,2,1,0.8,0,0,43.8,0,2,0.6,5,0.7,33,17,49,392,9,20,6,3
401876969,2026-09-19,ligamx,2026,14277,Monterrey,Cruz Azul,1,5,32,315,0,0.3,16,17,13,9,0.5,1,1,0.8,0,0,47.3,0,4,0.3,5,0.7,16,19,68,407,17,25,6,1
401876969,2026-09-19,ligamx,2026,14277,Cruz Azul,Monterrey,0,2,25,379,4,0.2,20,7,14,13,0.5,0,3,0.8,0,0,52.7,0,4,0.3,4,0.4,20,12,52,463,12,16,4,2
401876970,2026-09-19,ligamx,2026,14277,Atlético de San Luis,Necaxa,1,4,26,499,3,0.2,13,13,13,6,0.5,3,1,0.9,0,0,58.8,0,2,0.4,5,0.6,13,19,48,562,12,22,2,1
401876970,2026-09-19,ligamx,2026,14277,Necaxa,Atlético de San Luis,0,6,30,330,4,0.3,22,4,11,9,0.6,1,2,0.9,0,0,41.2,0,3,0.3,3,0.4,22,20,50,386,10,11,5,1
401876971,2026-09-19,ligamx,2026,14277,Atlas,Pumas UNAM,1,12,24,357,6,0.3,40,8,7,8,0.6,1,4,0.8,0,0,53.4,0,2,0.2,4,0.7,40,35,40,430,20,11,8,0
401876971,2026-09-19,ligamx,2026,14277,Pumas UNAM,Atlas,0,5,41,309,3,0.3,35,5,8,7,0.5,1,1,0.8,0,0,46.6,1,3,0.3,3,0.6,35,15,82,388,10,9,6,0
401876965,2026-09-20,ligamx,2026,14277,Querétaro,León,1,2,32,269,4,0.1,24,13,15,8,0.5,1,3,0.8,0,0,39.2,0,6,0.2,4,0.8,24,21,70,354,19,16,8,4
401876965,2026-09-20,ligamx,2026,14277,León,Querétaro,0,4,16,481,2,0.2,25,8,11,8,0.5,1,0,0.9,0,1,60.8,0,3,0.5,7,0.6,25,19,31,561,14,14,1,3
401876966,2026-09-20,ligamx,2026,14277,Toluca,Santos,1,4,22,361,3,0.3,23,16,9,14,0.4,2,3,0.8,0,0,45.9,1,3,0.4,9,0.7,23,14,55,439,24,24,6,1
401876966,2026-09-20,ligamx,2026,14277,Santos,Toluca,0,6,29,435,5,0.3,22,13,13,9,0.6,3,2,0.8,0,0,54.1,0,7,0.3,6,0.6,22,21,46,515,22,23,7,1
401876967,2026-09-20,ligamx,2026,14277,Pachuca,Tijuana,1,11,39,323,6,0.2,10,6,16,3,0.7,2,2,0.9,0,0,57.8,0,1,0.4,11,0.7,10,45,58,376,29,9,10,1
401876967,2026-09-20,ligamx,2026,14277,Tijuana,Pachuca,0,2,40,238,1,0.3,52,9,6,7,0.5,2,2,0.8,0,1,42.2,0,9,0.6,5,0.8,52,8,76,298,8,12,0,3
401876963,2026-09-25,ligamx,2026,14277,Tijuana,Atlas,1,6,29,178,1,0.3,34,9,10,10,0.5,2,3,0.7,0,1,29.6,0,4,0.5,5,0.5,34,18,59,243,10,17,5,2
401876963,2026-09-25,ligamx,2026,14277,Atlas,Tijuana,0,7,19,522,6,0.2,17,8,13,5,0.6,3,0,0.9,0,1,70.4,0,3,0.3,7,0.6,17,29,33,597,21,13,11,2
401876964,2026-09-25,ligamx,2026,14277,Atlante,Monterrey,1,1,18,283,3,0.1,35,10,8,11,0.4,4,0,0.8,0,0,40.5,0,5,0.5,7,0.5,35,14,44,373,14,20,2,2
401876964,2026-09-25,ligamx,2026,14277,Monterrey,Atlante,0,8,47,446,3,0.4,16,4,10,12,0.6,2,4,0.8,0,0,59.5,0,3,0.4,7,0.8,16,20,82,544,17,5,6,2
401876959,2026-09-26,ligamx,2026,14277,Cruz Azul,Toluca,1,4,23,251,3,0.2,14,7,14,10,0.4,3,3,0.8,0,0,48.8,0,4,0.4,7,0.6,14,22,54,333,17,12,4,4
401876959,2026-09-26,ligamx,2026,14277,Toluca,Cruz Azul,0,3,26,282,2,0.2,27,16,16,18,0.5,3,3,0.8,0,1,51.2,0,4,0.4,7,0.7,27,16,57,352,18,22,5,1
401876960,2026-09-26,ligamx,2026,14277,Tigres UANL,Puebla,1,6,16,424,3,0.2,5,9,7,14,0.4,1,0,0.9,0,1,56.1,0,1,0.3,4,0.5,5,28,44,495,12,17,5,0
401876960,2026-09-26,ligamx,2026,14277,Puebla,Tigres UANL,0,4,32,311,2,0.4,24,12,9,9,0.5,0,1,0.8,0,0,43.9,0,3,0.1,1,0.5,24,10,66,392,10,24,0,1
401876961,2026-09-26,ligamx,2026,14277,Santos,Pachuca,1,6,23,348,2,0.4,28,8,12,6,0.5,1,2,0.9,0,1,54.9,0,0,0.5,9,0.7,28,16,47,407,17,11,10,2
401876961,2026-09-26,ligamx,2026,14277,Pachuca,Santos,0,4,21,250,5,0.1,18,12,14,5,0.5,0,3,0.8,0,0,45.1,0,8,0.0,0,0.7,18,31,44,317,11,17,5,3
401876962,2026-09-26,ligamx,2026,14277,Guadalajara,Querétaro,1,9,20,614,8,0.2,16,11,6,8,0.5,0,4,0.9,0,0,74.6,1,4,0.2,5,0.7,16,49,38,690,26,15,12,0
401876962,2026-09-26,ligamx,2026,14277,Querétaro,Guadalajara,0,3,30,146,1,0.3,46,18,7,5,0.4,2,0,0.6,0,0,25.4,0,5,0.5,6,0.8,46,12,67,232,13,22,6,2
401876956,2026-09-27,ligamx,2026,14277,Necaxa,América,1,3,33,367,5,0.4,20,7,16,15,0.4,2,1,0.8,0,1,53.3,0,4,0.4,6,0.4,20,8,76,464,15,19,3,3
401876956,2026-09-27,ligamx,2026,14277,América,Necaxa,0,3,20,308,6,0.2,12,12,6,18,0.4,4,2,0.8,0,2,46.7,0,2,0.5,9,0.7,12,13,51,398,20,18,5,2
401876957,2026-09-27,ligamx,2026,14277,León,FC Juárez,1,6,24,316,2,0.3,17,8,14,1,0.5,2,6,0.8,0,0,55.7,0,0,0.4,3,0.7,17,19,50,389,7,12,1,2
401876957,2026-09-27,ligamx,2026,14277,FC Juárez,León,0,5,39,229,3,0.3,14,14,14,8,0.5,1,1,0.8,0,1,44.3,0,2,0.1,1,0.6,14,20,78,304,9,22,4,2
401876958,2026-09-27,ligamx,2026,14277,Pumas UNAM,Atlético de San Luis,1,5,28,317,2,0.2,8,9,12,6,0.5,2,4,0.8,0,1,54.3,0,4,0.4,6,0.6,8,32,56,392,15,14,11,1
401876958,2026-09-27,ligamx,2026,14277,Atlético de San Luis,Pumas UNAM,0,0,19,280,1,0.0,48,6,10,3,0.4,3,3,0.8,0,2,45.7,0,4,0.6,7,0.6,48,2,49,351,11,10,2,2
