game_id,game_date,season,tipo,team,opp,is_home,bloqueos,fin_en,giveaways,goles,goles_opp,hits,pim,portero_abridor,porteros_usados,pp_goles,takeaways,tiros,tiros_opp
2023020001,2023-10-10,20232024,REG,NSH,TBL,0,10.0,REG,7.0,3,5,23.0,10.0,J. Saros,2,1.0,10.0,31,34
2023020001,2023-10-10,20232024,REG,TBL,NSH,1,17.0,REG,8.0,5,3,22.0,8.0,J. Johansson,2,2.0,8.0,34,31
2023020002,2023-10-10,20232024,REG,CHI,PIT,0,16.0,REG,2.0,4,2,13.0,2.0,P. Mrazek,2,0.0,12.0,36,41
2023020002,2023-10-10,20232024,REG,PIT,CHI,1,19.0,REG,8.0,2,4,23.0,8.0,T. Jarry,2,0.0,11.0,41,36
2023020003,2023-10-10,20232024,REG,SEA,VGK,0,18.0,REG,4.0,1,4,21.0,8.0,P. Grubauer,2,0.0,6.0,33,28
2023020003,2023-10-10,20232024,REG,VGK,SEA,1,21.0,REG,13.0,4,1,29.0,21.0,A. Hill,2,0.0,16.0,28,33
2023020004,2023-10-11,20232024,REG,OTT,CAR,0,16.0,REG,7.0,3,5,24.0,14.0,J. Korpisalo,2,0.0,3.0,30,42
2023020004,2023-10-11,20232024,REG,CAR,OTT,1,9.0,REG,13.0,5,3,25.0,10.0,F. Andersen,2,1.0,5.0,42,30
2023020005,2023-10-11,20232024,REG,MTL,TOR,0,15.0,SO,9.0,5,6,43.0,25.0,J. Allen,2,1.0,8.0,24,42
2023020005,2023-10-11,20232024,REG,TOR,MTL,1,13.0,SO,13.0,6,5,29.0,15.0,I. Samsonov,2,2.0,10.0,42,24
2023020006,2023-10-11,20232024,REG,CHI,BOS,0,24.0,REG,6.0,1,3,24.0,23.0,A. Soderblom,2,0.0,3.0,21,33
2023020006,2023-10-11,20232024,REG,BOS,CHI,1,9.0,REG,6.0,3,1,25.0,13.0,L. Ullmark,2,0.0,4.0,33,21
2023020007,2023-10-11,20232024,REG,WPG,CGY,0,14.0,REG,5.0,3,5,26.0,6.0,C. Hellebuyck,2,0.0,7.0,37,22
2023020007,2023-10-11,20232024,REG,CGY,WPG,1,25.0,REG,14.0,5,3,19.0,8.0,J. Markstrom,2,1.0,8.0,22,37
2023020008,2023-10-11,20232024,REG,COL,LAK,0,23.0,REG,4.0,5,2,25.0,19.0,A. Georgiev,2,1.0,5.0,37,36
2023020008,2023-10-11,20232024,REG,LAK,COL,1,13.0,REG,8.0,2,5,20.0,15.0,C. Talbot,2,0.0,5.0,36,37
2023020009,2023-10-11,20232024,REG,EDM,VAN,0,10.0,REG,5.0,1,8,26.0,17.0,J. Campbell,2,1.0,1.0,27,32
2023020009,2023-10-11,20232024,REG,VAN,EDM,1,13.0,REG,7.0,8,1,25.0,13.0,T. Demko,2,3.0,7.0,32,27
2023020010,2023-10-12,20232024,REG,NYR,BUF,0,23.0,REG,3.0,5,1,18.0,8.0,I. Shesterkin,2,1.0,4.0,31,25
2023020010,2023-10-12,20232024,REG,BUF,NYR,1,14.0,REG,9.0,1,5,29.0,10.0,D. Levi,2,0.0,6.0,25,31
2023020011,2023-10-12,20232024,REG,PHI,CBJ,0,17.0,REG,5.0,4,2,18.0,10.0,C. Hart,2,0.0,8.0,37,33
2023020011,2023-10-12,20232024,REG,CBJ,PHI,1,24.0,REG,6.0,2,4,22.0,8.0,E. Merzlikins,2,0.0,10.0,33,37
2023020012,2023-10-12,20232024,REG,DET,NJD,0,14.0,REG,8.0,3,4,25.0,12.0,V. Husso,2,2.0,10.0,35,27
2023020012,2023-10-12,20232024,REG,NJD,DET,1,11.0,REG,17.0,4,3,33.0,8.0,V. Vanecek,2,1.0,7.0,27,35
2023020013,2023-10-12,20232024,REG,STL,DAL,0,18.0,SO,15.0,1,2,26.0,8.0,J. Binnington,2,0.0,7.0,24,34
2023020013,2023-10-12,20232024,REG,DAL,STL,1,15.0,SO,13.0,2,1,18.0,6.0,J. Oettinger,2,0.0,14.0,34,24
2023020014,2023-10-12,20232024,REG,FLA,MIN,0,11.0,REG,6.0,0,2,11.0,12.0,S. Bobrovsky,2,0.0,9.0,41,21
2023020014,2023-10-12,20232024,REG,MIN,FLA,1,26.0,REG,9.0,2,0,17.0,10.0,F. Gustavsson,2,1.0,8.0,21,41
2023020015,2023-10-12,20232024,REG,SEA,NSH,0,19.0,REG,10.0,0,3,22.0,8.0,P. Grubauer,2,0.0,6.0,23,35
2023020015,2023-10-12,20232024,REG,NSH,SEA,1,21.0,REG,10.0,3,0,33.0,6.0,J. Saros,2,0.0,6.0,35,23
2023020016,2023-10-12,20232024,REG,VGK,SJS,0,10.0,REG,6.0,4,1,16.0,9.0,L. Thompson,2,0.0,9.0,32,23
2023020016,2023-10-12,20232024,REG,SJS,VGK,1,17.0,REG,12.0,1,4,25.0,7.0,K. Kahkonen,2,0.0,7.0,23,32
2023020017,2023-10-13,20232024,REG,ARI,NJD,0,16.0,SO,2.0,4,3,22.0,12.0,K. Vejmelka,2,2.0,2.0,33,36
2023020017,2023-10-13,20232024,REG,NJD,ARI,1,13.0,SO,6.0,3,4,23.0,16.0,A. Schmid,2,2.0,10.0,36,33
2023020018,2023-10-13,20232024,REG,PIT,WSH,0,22.0,REG,14.0,4,0,19.0,13.0,T. Jarry,2,2.0,4.0,35,19
2023020018,2023-10-13,20232024,REG,WSH,PIT,1,18.0,REG,11.0,0,4,20.0,13.0,C. Lindgren,2,0.0,4.0,19,35
2023020019,2023-10-14,20232024,REG,PHI,OTT,0,8.0,REG,8.0,2,5,23.0,19.0,C. Hart,2,1.0,3.0,21,31
2023020019,2023-10-14,20232024,REG,OTT,PHI,1,18.0,REG,13.0,5,2,21.0,21.0,A. Forsberg,2,3.0,6.0,31,21
2023020020,2023-10-14,20232024,REG,FLA,WPG,0,10.0,REG,8.0,4,6,16.0,19.0,S. Bobrovsky,2,1.0,2.0,33,35
2023020020,2023-10-14,20232024,REG,WPG,FLA,1,16.0,REG,12.0,6,4,16.0,21.0,C. Hellebuyck,2,2.0,5.0,35,33
2023020021,2023-10-14,20232024,REG,NSH,BOS,0,21.0,REG,8.0,2,3,33.0,10.0,J. Saros,2,0.0,8.0,36,30
2023020021,2023-10-14,20232024,REG,BOS,NSH,1,16.0,REG,7.0,3,2,30.0,14.0,J. Swayman,2,2.0,1.0,30,36
2023020022,2023-10-14,20232024,REG,NYR,CBJ,0,12.0,REG,2.0,3,5,23.0,2.0,I. Shesterkin,2,1.0,7.0,42,21
2023020022,2023-10-14,20232024,REG,CBJ,NYR,1,27.0,REG,5.0,5,3,25.0,6.0,E. Merzlikins,2,1.0,8.0,21,42
2023020023,2023-10-14,20232024,REG,TBL,DET,0,11.0,REG,2.0,4,6,27.0,4.0,J. Johansson,2,1.0,2.0,25,42
2023020023,2023-10-14,20232024,REG,DET,TBL,1,21.0,REG,6.0,6,4,22.0,6.0,V. Husso,2,0.0,6.0,42,25
2023020024,2023-10-14,20232024,REG,CHI,MTL,0,21.0,REG,11.0,2,3,23.0,8.0,P. Mrazek,2,0.0,4.0,30,36
2023020024,2023-10-14,20232024,REG,MTL,CHI,1,20.0,REG,16.0,3,2,15.0,20.0,S. Montembeault,2,0.0,4.0,36,30
2023020025,2023-10-14,20232024,REG,CGY,PIT,0,5.0,REG,3.0,2,5,12.0,6.0,J. Markstrom,2,1.0,3.0,36,29
2023020025,2023-10-14,20232024,REG,PIT,CGY,1,24.0,REG,9.0,5,2,19.0,8.0,A. Nedeljkovic,2,0.0,10.0,29,36
2023020026,2023-10-14,20232024,REG,MIN,TOR,0,10.0,REG,8.0,4,7,41.0,13.0,F. Gustavsson,2,0.0,6.0,32,33
2023020026,2023-10-14,20232024,REG,TOR,MIN,1,19.0,REG,9.0,7,4,26.0,9.0,I. Samsonov,2,2.0,10.0,33,32
2023020027,2023-10-14,20232024,REG,BUF,NYI,0,16.0,REG,8.0,2,3,25.0,4.0,D. Levi,2,0.0,7.0,28,29
2023020027,2023-10-14,20232024,REG,NYI,BUF,1,15.0,REG,20.0,3,2,32.0,4.0,I. Sorokin,2,0.0,9.0,29,28
2023020028,2023-10-14,20232024,REG,SEA,STL,0,13.0,SO,8.0,1,2,23.0,8.0,J. Daccord,2,1.0,8.0,31,25
2023020028,2023-10-14,20232024,REG,STL,SEA,1,17.0,SO,13.0,2,1,21.0,0.0,J. Binnington,2,0.0,13.0,25,31
2023020029,2023-10-14,20232024,REG,VAN,EDM,0,25.0,REG,20.0,4,3,36.0,14.0,C. DeSmith,2,1.0,8.0,16,40
2023020029,2023-10-14,20232024,REG,EDM,VAN,1,9.0,REG,18.0,3,4,39.0,6.0,S. Skinner,2,2.0,8.0,40,16
2023020030,2023-10-14,20232024,REG,COL,SJS,0,18.0,SO,11.0,2,1,20.0,8.0,A. Georgiev,2,0.0,7.0,52,21
2023020030,2023-10-14,20232024,REG,SJS,COL,1,27.0,SO,1.0,1,2,26.0,10.0,M. Blackwood,2,0.0,9.0,21,52
2023020031,2023-10-14,20232024,REG,ANA,VGK,0,18.0,REG,4.0,1,4,29.0,22.0,J. Gibson,2,0.0,8.0,23,38
2023020031,2023-10-14,20232024,REG,VGK,ANA,1,14.0,REG,5.0,4,1,22.0,17.0,A. Hill,2,2.0,11.0,38,23
2023020032,2023-10-14,20232024,REG,CAR,LAK,0,17.0,SO,7.0,6,5,13.0,16.0,F. Andersen,2,0.0,3.0,19,30
2023020032,2023-10-14,20232024,REG,LAK,CAR,1,14.0,SO,12.0,5,6,24.0,10.0,P. Copley,2,2.0,4.0,30,19
2023020033,2023-10-15,20232024,REG,TBL,OTT,0,15.0,REG,7.0,2,5,26.0,8.0,M. Tomkins,2,0.0,4.0,24,38
2023020033,2023-10-15,20232024,REG,OTT,TBL,1,15.0,REG,7.0,5,2,17.0,6.0,J. Korpisalo,2,0.0,5.0,38,24
2023020034,2023-10-15,20232024,REG,CAR,ANA,0,9.0,REG,4.0,3,6,13.0,20.0,A. Raanta,2,2.0,4.0,35,25
2023020034,2023-10-15,20232024,REG,ANA,CAR,1,29.0,REG,2.0,6,3,16.0,28.0,L. Dostal,2,0.0,5.0,25,35
2023020035,2023-10-16,20232024,REG,DET,CBJ,0,13.0,REG,2.0,4,0,11.0,13.0,J. Reimer,2,2.0,2.0,28,23
2023020035,2023-10-16,20232024,REG,CBJ,DET,1,10.0,REG,5.0,0,4,15.0,15.0,S. Martin,2,0.0,7.0,23,28
2023020036,2023-10-16,20232024,REG,FLA,NJD,0,22.0,REG,4.0,4,3,31.0,12.0,S. Bobrovsky,2,1.0,2.0,30,34
2023020036,2023-10-16,20232024,REG,NJD,FLA,1,9.0,REG,7.0,3,4,40.0,10.0,V. Vanecek,2,2.0,5.0,34,30
2023020037,2023-10-16,20232024,REG,ARI,NYR,0,14.0,REG,3.0,1,2,20.0,44.0,C. Ingram,2,1.0,3.0,27,28
2023020037,2023-10-16,20232024,REG,NYR,ARI,1,15.0,REG,10.0,2,1,23.0,36.0,I. Shesterkin,2,1.0,10.0,28,27
2023020038,2023-10-16,20232024,REG,CHI,TOR,0,28.0,REG,13.0,4,1,42.0,11.0,A. Soderblom,2,1.0,5.0,31,36
2023020038,2023-10-16,20232024,REG,TOR,CHI,1,23.0,REG,5.0,1,4,27.0,13.0,J. Woll,2,0.0,7.0,36,31
2023020039,2023-10-16,20232024,REG,CGY,WSH,0,14.0,SO,7.0,2,3,11.0,4.0,J. Markstrom,2,1.0,7.0,40,23
2023020039,2023-10-16,20232024,REG,WSH,CGY,1,20.0,SO,12.0,3,2,17.0,10.0,D. Kuemper,2,0.0,16.0,23,40
2023020040,2023-10-17,20232024,REG,TBL,BUF,0,10.0,OT,7.0,2,3,20.0,11.0,J. Johansson,2,0.0,4.0,25,31
2023020040,2023-10-17,20232024,REG,BUF,TBL,1,12.0,OT,6.0,3,2,14.0,13.0,D. Levi,2,0.0,7.0,31,25
2023020041,2023-10-17,20232024,REG,MIN,MTL,0,7.0,REG,9.0,5,2,10.0,44.0,M. Fleury,2,3.0,6.0,35,28
2023020041,2023-10-17,20232024,REG,MTL,MIN,1,20.0,REG,15.0,2,5,29.0,40.0,S. Montembeault,2,0.0,4.0,28,35
2023020042,2023-10-17,20232024,REG,VAN,PHI,0,11.0,REG,6.0,0,2,21.0,22.0,T. Demko,2,0.0,2.0,26,42
2023020042,2023-10-17,20232024,REG,PHI,VAN,1,15.0,REG,11.0,2,0,15.0,20.0,C. Hart,2,0.0,5.0,42,26
2023020043,2023-10-17,20232024,REG,ARI,NYI,0,13.0,REG,5.0,0,1,18.0,8.0,K. Vejmelka,2,0.0,3.0,14,34
2023020043,2023-10-17,20232024,REG,NYI,ARI,1,14.0,REG,9.0,1,0,28.0,8.0,I. Sorokin,2,1.0,8.0,34,14
2023020044,2023-10-17,20232024,REG,EDM,NSH,0,13.0,REG,13.0,6,1,26.0,11.0,J. Campbell,2,2.0,11.0,30,44
2023020044,2023-10-17,20232024,REG,NSH,EDM,1,10.0,REG,17.0,1,6,28.0,11.0,J. Saros,2,1.0,8.0,44,30
2023020045,2023-10-17,20232024,REG,LAK,WPG,0,17.0,REG,8.0,5,1,20.0,15.0,C. Talbot,2,1.0,5.0,29,27
2023020045,2023-10-17,20232024,REG,WPG,LAK,1,9.0,REG,8.0,1,5,24.0,29.0,C. Hellebuyck,2,0.0,4.0,27,29
2023020046,2023-10-17,20232024,REG,COL,SEA,0,22.0,REG,4.0,4,1,11.0,15.0,A. Georgiev,2,0.0,10.0,28,38
2023020046,2023-10-17,20232024,REG,SEA,COL,1,15.0,REG,2.0,1,4,22.0,11.0,P. Grubauer,2,0.0,8.0,38,28
2023020047,2023-10-17,20232024,REG,CAR,SJS,0,10.0,REG,5.0,6,3,12.0,20.0,F. Andersen,2,3.0,12.0,42,16
2023020047,2023-10-17,20232024,REG,SJS,CAR,1,32.0,REG,6.0,3,6,13.0,14.0,M. Blackwood,2,2.0,3.0,16,42
2023020048,2023-10-17,20232024,REG,DAL,VGK,0,17.0,SO,2.0,2,3,23.0,18.0,J. Oettinger,2,0.0,3.0,26,34
2023020048,2023-10-17,20232024,REG,VGK,DAL,1,19.0,SO,8.0,3,2,49.0,14.0,A. Hill,2,0.0,6.0,34,26
2023020049,2023-10-18,20232024,REG,WSH,OTT,0,22.0,REG,1.0,1,6,20.0,17.0,D. Kuemper,2,0.0,5.0,24,29
2023020049,2023-10-18,20232024,REG,OTT,WSH,1,14.0,REG,4.0,6,1,16.0,13.0,A. Forsberg,2,1.0,10.0,29,24
2023020050,2023-10-18,20232024,REG,PIT,DET,0,8.0,REG,9.0,3,6,14.0,11.0,T. Jarry,2,0.0,2.0,33,29
2023020050,2023-10-18,20232024,REG,DET,PIT,1,20.0,REG,12.0,6,3,14.0,13.0,V. Husso,2,2.0,5.0,29,33
2023020051,2023-10-19,20232024,REG,CGY,BUF,0,17.0,REG,3.0,4,3,12.0,12.0,D. Vladar,2,0.0,10.0,36,27
2023020051,2023-10-19,20232024,REG,BUF,CGY,1,12.0,REG,12.0,3,4,22.0,10.0,D. Levi,2,1.0,9.0,27,36
2023020052,2023-10-19,20232024,REG,TOR,FLA,0,17.0,REG,11.0,1,3,31.0,8.0,I. Samsonov,2,1.0,5.0,30,24
2023020052,2023-10-19,20232024,REG,FLA,TOR,1,26.0,REG,15.0,3,1,23.0,10.0,S. Bobrovsky,2,0.0,6.0,24,30
2023020053,2023-10-19,20232024,REG,NSH,NYR,0,21.0,REG,3.0,4,1,25.0,8.0,J. Saros,2,2.0,4.0,27,24
2023020053,2023-10-19,20232024,REG,NYR,NSH,1,10.0,REG,7.0,1,4,33.0,8.0,I. Shesterkin,2,1.0,6.0,24,27
2023020054,2023-10-19,20232024,REG,EDM,PHI,0,6.0,REG,4.0,1,4,17.0,8.0,J. Campbell,2,0.0,2.0,23,32
2023020054,2023-10-19,20232024,REG,PHI,EDM,1,19.0,REG,5.0,4,1,16.0,4.0,C. Hart,2,0.0,7.0,32,23
2023020055,2023-10-19,20232024,REG,VAN,TBL,0,11.0,REG,2.0,3,4,21.0,11.0,T. Demko,2,0.0,3.0,29,36
2023020055,2023-10-19,20232024,REG,TBL,VAN,1,23.0,REG,3.0,4,3,18.0,7.0,J. Johansson,2,2.0,4.0,36,29
2023020056,2023-10-19,20232024,REG,LAK,MIN,0,8.0,REG,6.0,7,3,22.0,6.0,C. Talbot,2,0.0,3.0,27,32
2023020056,2023-10-19,20232024,REG,MIN,LAK,1,13.0,REG,8.0,3,7,28.0,0.0,M. Fleury,2,0.0,2.0,32,27
2023020057,2023-10-19,20232024,REG,ARI,STL,0,9.0,REG,4.0,6,2,15.0,14.0,C. Ingram,2,3.0,6.0,42,26
2023020057,2023-10-19,20232024,REG,STL,ARI,1,14.0,REG,7.0,2,6,26.0,6.0,J. Hofer,2,0.0,17.0,26,42
2023020058,2023-10-19,20232024,REG,VGK,WPG,0,17.0,REG,12.0,5,3,23.0,4.0,L. Thompson,2,2.0,9.0,27,39
2023020058,2023-10-19,20232024,REG,WPG,VGK,1,22.0,REG,13.0,3,5,25.0,4.0,L. Brossoit,2,1.0,9.0,39,27
2023020059,2023-10-19,20232024,REG,DAL,ANA,0,19.0,REG,5.0,3,2,18.0,8.0,J. Oettinger,2,2.0,3.0,24,29
2023020059,2023-10-19,20232024,REG,ANA,DAL,1,12.0,REG,12.0,2,3,27.0,8.0,J. Gibson,2,0.0,4.0,29,24
2023020060,2023-10-19,20232024,REG,CAR,SEA,0,17.0,REG,1.0,4,7,16.0,13.0,A. Raanta,2,1.0,8.0,36,36
2023020060,2023-10-19,20232024,REG,SEA,CAR,1,19.0,REG,7.0,7,4,23.0,9.0,J. Daccord,2,2.0,7.0,36,36
2023020061,2023-10-19,20232024,REG,CHI,COL,0,16.0,REG,2.0,0,4,17.0,6.0,P. Mrazek,2,0.0,6.0,18,41
2023020061,2023-10-19,20232024,REG,COL,CHI,1,9.0,REG,4.0,4,0,9.0,8.0,A. Georgiev,2,1.0,6.0,41,18
2023020062,2023-10-19,20232024,REG,BOS,SJS,0,18.0,REG,7.0,3,1,15.0,6.0,L. Ullmark,2,0.0,3.0,36,27
2023020062,2023-10-19,20232024,REG,SJS,BOS,1,10.0,REG,6.0,1,3,27.0,2.0,K. Kahkonen,2,0.0,8.0,27,36
2023020063,2023-10-20,20232024,REG,CGY,CBJ,0,18.0,REG,4.0,1,3,23.0,24.0,J. Markstrom,2,0.0,4.0,37,29
2023020063,2023-10-20,20232024,REG,CBJ,CGY,1,17.0,REG,6.0,3,1,9.0,11.0,S. Martin,2,0.0,6.0,29,37
2023020064,2023-10-20,20232024,REG,NJD,NYI,0,9.0,OT,7.0,5,4,15.0,6.0,A. Schmid,2,4.0,7.0,39,32
2023020064,2023-10-20,20232024,REG,NYI,NJD,1,24.0,OT,12.0,4,5,28.0,12.0,I. Sorokin,2,0.0,7.0,32,39
2023020065,2023-10-21,20232024,REG,DET,OTT,0,17.0,REG,9.0,5,2,23.0,23.0,V. Husso,2,3.0,4.0,23,37
2023020065,2023-10-21,20232024,REG,OTT,DET,1,11.0,REG,16.0,2,5,25.0,21.0,J. Korpisalo,2,1.0,2.0,37,23
2023020066,2023-10-21,20232024,REG,ANA,ARI,0,16.0,REG,5.0,1,2,34.0,19.0,L. Dostal,2,1.0,2.0,33,27
2023020066,2023-10-21,20232024,REG,ARI,ANA,1,16.0,REG,11.0,2,1,24.0,15.0,K. Vejmelka,2,1.0,6.0,27,33
2023020067,2023-10-21,20232024,REG,NYI,BUF,0,22.0,REG,5.0,1,3,44.0,11.0,S. Varlamov,2,0.0,4.0,25,42
2023020067,2023-10-21,20232024,REG,BUF,NYI,1,12.0,REG,5.0,3,1,19.0,11.0,E. Comrie,2,0.0,7.0,42,25
2023020068,2023-10-21,20232024,REG,VAN,FLA,0,16.0,REG,7.0,5,3,28.0,4.0,C. DeSmith,2,2.0,3.0,31,36
2023020068,2023-10-21,20232024,REG,FLA,VAN,1,13.0,REG,13.0,3,5,31.0,6.0,S. Bobrovsky,2,0.0,5.0,36,31
2023020069,2023-10-21,20232024,REG,WSH,MTL,0,19.0,OT,13.0,2,3,20.0,12.0,D. Kuemper,2,0.0,4.0,33,28
2023020069,2023-10-21,20232024,REG,MTL,WSH,1,17.0,OT,11.0,3,2,22.0,10.0,J. Allen,2,1.0,5.0,28,33
2023020070,2023-10-21,20232024,REG,TOR,TBL,0,20.0,OT,2.0,4,3,14.0,8.0,I. Samsonov,2,0.0,7.0,52,31
2023020070,2023-10-21,20232024,REG,TBL,TOR,1,15.0,OT,5.0,3,4,15.0,4.0,J. Johansson,2,2.0,6.0,31,52
2023020071,2023-10-21,20232024,REG,VGK,CHI,0,16.0,REG,7.0,5,3,27.0,8.0,A. Hill,2,2.0,5.0,24,24
2023020071,2023-10-21,20232024,REG,CHI,VGK,1,18.0,REG,18.0,3,5,23.0,10.0,A. Soderblom,2,1.0,10.0,24,24
2023020072,2023-10-21,20232024,REG,PHI,DAL,0,16.0,OT,1.0,4,5,27.0,23.0,S. Ersson,2,0.0,8.0,40,25
2023020072,2023-10-21,20232024,REG,DAL,PHI,1,17.0,OT,13.0,5,4,17.0,9.0,S. Wedgewood,2,0.0,9.0,25,40
2023020073,2023-10-21,20232024,REG,CBJ,MIN,0,27.0,OT,2.0,5,4,9.0,6.0,E. Merzlikins,2,1.0,5.0,54,28
2023020073,2023-10-21,20232024,REG,MIN,CBJ,1,23.0,OT,5.0,4,5,16.0,6.0,F. Gustavsson,2,0.0,2.0,28,54
2023020074,2023-10-21,20232024,REG,SJS,NSH,0,13.0,REG,11.0,1,5,18.0,13.0,M. Blackwood,2,0.0,6.0,32,34
2023020074,2023-10-21,20232024,REG,NSH,SJS,1,20.0,REG,16.0,5,1,19.0,9.0,J. Saros,2,2.0,6.0,34,32
2023020075,2023-10-21,20232024,REG,PIT,STL,0,9.0,REG,4.0,2,4,11.0,4.0,T. Jarry,2,0.0,12.0,33,21
2023020075,2023-10-21,20232024,REG,STL,PIT,1,25.0,REG,1.0,4,2,25.0,4.0,J. Binnington,2,0.0,9.0,21,33
2023020076,2023-10-21,20232024,REG,CAR,COL,0,7.0,REG,1.0,4,6,14.0,10.0,P. Kochetkov,2,1.0,8.0,27,27
2023020076,2023-10-21,20232024,REG,COL,CAR,1,13.0,REG,6.0,6,4,12.0,10.0,A. Georgiev,2,3.0,4.0,27,27
2023020077,2023-10-21,20232024,REG,WPG,EDM,0,9.0,OT,11.0,3,2,17.0,15.0,C. Hellebuyck,2,1.0,9.0,27,40
2023020077,2023-10-21,20232024,REG,EDM,WPG,1,13.0,OT,12.0,2,3,22.0,17.0,S. Skinner,2,1.0,14.0,40,27
2023020078,2023-10-21,20232024,REG,NYR,SEA,0,16.0,REG,1.0,4,1,30.0,15.0,J. Quick,2,0.0,9.0,27,19
2023020078,2023-10-21,20232024,REG,SEA,NYR,1,7.0,REG,4.0,1,4,29.0,21.0,P. Grubauer,2,0.0,9.0,19,27
2023020079,2023-10-21,20232024,REG,BOS,LAK,0,21.0,REG,7.0,4,2,33.0,17.0,J. Swayman,2,1.0,3.0,25,34
2023020079,2023-10-21,20232024,REG,LAK,BOS,1,14.0,REG,0.0,2,4,21.0,13.0,C. Talbot,2,1.0,1.0,34,25
2023020080,2023-10-22,20232024,REG,CGY,DET,0,12.0,REG,9.0,2,6,16.0,10.0,D. Vladar,2,0.0,1.0,31,30
2023020080,2023-10-22,20232024,REG,DET,CGY,1,9.0,REG,12.0,6,2,6.0,2.0,J. Reimer,2,0.0,7.0,30,31
2023020081,2023-10-22,20232024,REG,BOS,ANA,0,11.0,REG,6.0,3,1,23.0,8.0,L. Ullmark,2,0.0,7.0,26,31
2023020081,2023-10-22,20232024,REG,ANA,BOS,1,14.0,REG,8.0,1,3,27.0,12.0,J. Gibson,2,0.0,5.0,31,26
2023020082,2023-10-23,20232024,REG,MTL,BUF,0,17.0,REG,2.0,3,1,34.0,8.0,J. Allen,2,1.0,5.0,27,37
2023020082,2023-10-23,20232024,REG,BUF,MTL,1,10.0,REG,3.0,1,3,26.0,6.0,E. Comrie,2,1.0,5.0,37,27
2023020083,2023-10-24,20232024,REG,TOR,WSH,0,13.0,REG,10.0,4,1,14.0,6.0,J. Woll,2,2.0,6.0,17,38
2023020083,2023-10-24,20232024,REG,WSH,TOR,1,14.0,REG,10.0,1,4,17.0,6.0,D. Kuemper,2,1.0,6.0,38,17
2023020084,2023-10-24,20232024,REG,ANA,CBJ,0,21.0,OT,1.0,3,2,22.0,14.0,L. Dostal,2,0.0,6.0,27,37
2023020084,2023-10-24,20232024,REG,CBJ,ANA,1,16.0,OT,3.0,2,3,12.0,6.0,E. Merzlikins,2,1.0,6.0,37,27
2023020085,2023-10-24,20232024,REG,BUF,OTT,0,16.0,REG,11.0,6,4,19.0,31.0,U. Luukkonen,2,1.0,3.0,24,38
2023020085,2023-10-24,20232024,REG,OTT,BUF,1,9.0,REG,14.0,4,6,24.0,27.0,A. Forsberg,2,1.0,5.0,38,24
2023020086,2023-10-24,20232024,REG,CAR,TBL,0,6.0,REG,2.0,0,3,11.0,37.0,P. Kochetkov,2,0.0,7.0,32,23
2023020086,2023-10-24,20232024,REG,TBL,CAR,1,17.0,REG,6.0,3,0,13.0,17.0,J. Johansson,2,1.0,5.0,23,32
2023020087,2023-10-24,20232024,REG,NJD,MTL,0,12.0,REG,11.0,5,2,20.0,8.0,V. Vanecek,2,2.0,7.0,34,29
2023020087,2023-10-24,20232024,REG,MTL,NJD,1,20.0,REG,19.0,2,5,14.0,8.0,C. Primeau,2,1.0,3.0,29,34
2023020088,2023-10-24,20232024,REG,DAL,PIT,0,19.0,REG,4.0,4,1,12.0,8.0,J. Oettinger,2,0.0,6.0,34,39
2023020088,2023-10-24,20232024,REG,PIT,DAL,1,9.0,REG,11.0,1,4,15.0,6.0,A. Nedeljkovic,2,0.0,11.0,39,34
2023020089,2023-10-24,20232024,REG,SJS,FLA,0,23.0,REG,3.0,1,3,27.0,8.0,M. Blackwood,2,1.0,4.0,28,36
2023020089,2023-10-24,20232024,REG,FLA,SJS,1,10.0,REG,7.0,3,1,25.0,6.0,A. Stolarz,2,1.0,8.0,36,28
2023020090,2023-10-24,20232024,REG,COL,NYI,0,11.0,REG,9.0,7,4,5.0,12.0,A. Georgiev,2,1.0,7.0,38,32
2023020090,2023-10-24,20232024,REG,NYI,COL,1,20.0,REG,11.0,4,7,26.0,10.0,I. Sorokin,2,1.0,5.0,32,38
2023020091,2023-10-24,20232024,REG,SEA,DET,0,16.0,OT,1.0,5,4,24.0,14.0,J. Daccord,2,2.0,8.0,38,27
2023020091,2023-10-24,20232024,REG,DET,SEA,1,20.0,OT,8.0,4,5,25.0,12.0,V. Husso,2,3.0,9.0,27,38
2023020092,2023-10-24,20232024,REG,BOS,CHI,0,13.0,REG,5.0,3,0,16.0,8.0,J. Swayman,2,0.0,4.0,43,23
2023020092,2023-10-24,20232024,REG,CHI,BOS,1,13.0,REG,9.0,0,3,15.0,10.0,P. Mrazek,2,0.0,5.0,23,43
2023020093,2023-10-24,20232024,REG,STL,WPG,0,17.0,REG,8.0,2,4,23.0,6.0,J. Binnington,2,1.0,1.0,20,30
2023020093,2023-10-24,20232024,REG,WPG,STL,1,9.0,REG,7.0,4,2,16.0,8.0,C. Hellebuyck,2,0.0,6.0,30,20
2023020094,2023-10-24,20232024,REG,EDM,MIN,0,13.0,REG,7.0,4,7,17.0,7.0,J. Campbell,2,1.0,5.0,28,32
2023020094,2023-10-24,20232024,REG,MIN,EDM,1,16.0,REG,9.0,7,4,25.0,15.0,F. Gustavsson,2,0.0,7.0,32,28
2023020095,2023-10-24,20232024,REG,VAN,NSH,0,15.0,REG,11.0,3,2,27.0,4.0,T. Demko,2,0.0,5.0,24,18
2023020095,2023-10-24,20232024,REG,NSH,VAN,1,23.0,REG,9.0,2,3,24.0,2.0,J. Saros,2,0.0,5.0,18,24
2023020096,2023-10-24,20232024,REG,NYR,CGY,0,23.0,REG,1.0,3,1,15.0,6.0,I. Shesterkin,2,2.0,2.0,20,26
2023020096,2023-10-24,20232024,REG,CGY,NYR,1,10.0,REG,8.0,1,3,16.0,10.0,J. Markstrom,2,0.0,1.0,26,20
2023020097,2023-10-24,20232024,REG,ARI,LAK,0,13.0,REG,9.0,3,6,15.0,18.0,C. Ingram,2,1.0,2.0,27,28
2023020097,2023-10-24,20232024,REG,LAK,ARI,1,10.0,REG,2.0,6,3,22.0,8.0,P. Copley,2,1.0,7.0,28,27
2023020098,2023-10-24,20232024,REG,PHI,VGK,0,29.0,REG,4.0,2,3,22.0,6.0,C. Hart,2,0.0,6.0,28,29
2023020098,2023-10-24,20232024,REG,VGK,PHI,1,18.0,REG,9.0,3,2,20.0,4.0,L. Thompson,2,0.0,7.0,29,28
2023020099,2023-10-25,20232024,REG,WSH,NJD,0,19.0,REG,6.0,6,4,25.0,2.0,H. Shepard,2,1.0,8.0,25,22
2023020099,2023-10-25,20232024,REG,NJD,WSH,1,11.0,REG,6.0,4,6,33.0,6.0,A. Schmid,2,0.0,13.0,22,25
2023020100,2023-10-26,20232024,REG,ANA,BOS,0,14.0,OT,9.0,4,3,26.0,8.0,J. Gibson,2,0.0,10.0,32,30
2023020100,2023-10-26,20232024,REG,BOS,ANA,1,12.0,OT,11.0,3,4,25.0,10.0,L. Ullmark,2,1.0,8.0,30,32
2023020101,2023-10-26,20232024,REG,SEA,CAR,0,19.0,OT,10.0,2,3,20.0,2.0,J. Daccord,2,0.0,4.0,26,45
2023020101,2023-10-26,20232024,REG,CAR,SEA,1,13.0,OT,12.0,3,2,18.0,2.0,F. Andersen,2,0.0,9.0,45,26
2023020102,2023-10-26,20232024,REG,WPG,DET,0,18.0,REG,2.0,4,1,14.0,4.0,C. Hellebuyck,2,0.0,2.0,29,36
2023020102,2023-10-26,20232024,REG,DET,WPG,1,16.0,REG,6.0,1,4,26.0,6.0,J. Reimer,2,0.0,3.0,36,29
2023020103,2023-10-26,20232024,REG,CBJ,MTL,0,23.0,OT,9.0,3,4,18.0,19.0,E. Merzlikins,2,2.0,5.0,36,29
2023020103,2023-10-26,20232024,REG,MTL,CBJ,1,24.0,OT,12.0,4,3,25.0,17.0,S. Montembeault,2,2.0,3.0,29,36
2023020104,2023-10-26,20232024,REG,MIN,PHI,0,15.0,REG,13.0,2,6,12.0,11.0,F. Gustavsson,2,0.0,4.0,28,35
2023020104,2023-10-26,20232024,REG,PHI,MIN,1,16.0,REG,8.0,6,2,19.0,9.0,C. Hart,2,2.0,5.0,35,28
2023020105,2023-10-26,20232024,REG,COL,PIT,0,9.0,REG,7.0,0,4,19.0,4.0,A. Georgiev,2,0.0,6.0,31,29
2023020105,2023-10-26,20232024,REG,PIT,COL,1,14.0,REG,7.0,4,0,18.0,10.0,T. Jarry,2,0.0,9.0,29,31
2023020106,2023-10-26,20232024,REG,SJS,TBL,0,20.0,REG,1.0,0,6,32.0,10.0,M. Blackwood,2,0.0,1.0,23,31
2023020106,2023-10-26,20232024,REG,TBL,SJS,1,11.0,REG,6.0,6,0,24.0,6.0,J. Johansson,2,1.0,4.0,31,23
2023020107,2023-10-26,20232024,REG,OTT,NYI,0,21.0,REG,12.0,2,3,14.0,15.0,J. Korpisalo,2,1.0,4.0,47,38
2023020107,2023-10-26,20232024,REG,NYI,OTT,1,16.0,REG,11.0,3,2,26.0,21.0,I. Sorokin,2,1.0,12.0,38,47
2023020108,2023-10-26,20232024,REG,TOR,DAL,0,23.0,REG,9.0,4,1,10.0,4.0,J. Woll,2,1.0,7.0,24,32
2023020108,2023-10-26,20232024,REG,DAL,TOR,1,13.0,REG,9.0,1,4,19.0,8.0,S. Wedgewood,2,0.0,10.0,32,24
2023020109,2023-10-26,20232024,REG,STL,CGY,0,11.0,REG,3.0,3,0,19.0,11.0,J. Hofer,2,0.0,13.0,35,27
2023020109,2023-10-26,20232024,REG,CGY,STL,1,13.0,REG,11.0,0,3,16.0,17.0,J. Markstrom,2,0.0,7.0,27,35
2023020110,2023-10-26,20232024,REG,NYR,EDM,0,18.0,REG,6.0,3,0,20.0,4.0,J. Quick,2,1.0,7.0,32,29
2023020110,2023-10-26,20232024,REG,EDM,NYR,1,13.0,REG,9.0,0,3,19.0,6.0,S. Skinner,2,0.0,14.0,29,32
2023020111,2023-10-27,20232024,REG,CHI,VGK,0,15.0,OT,4.0,4,3,24.0,8.0,P. Mrazek,2,1.0,9.0,24,21
2023020111,2023-10-27,20232024,REG,VGK,CHI,1,16.0,OT,14.0,3,4,23.0,2.0,A. Hill,2,0.0,5.0,21,24
2023020112,2023-10-27,20232024,REG,SJS,CAR,0,19.0,REG,3.0,0,3,20.0,10.0,K. Kahkonen,2,0.0,2.0,20,40
2023020112,2023-10-27,20232024,REG,CAR,SJS,1,11.0,REG,7.0,3,0,20.0,6.0,A. Raanta,2,1.0,6.0,40,20
2023020113,2023-10-27,20232024,REG,BUF,NJD,0,21.0,REG,4.0,4,5,16.0,24.0,E. Comrie,2,0.0,1.0,27,39
2023020113,2023-10-27,20232024,REG,NJD,BUF,1,12.0,REG,9.0,5,4,14.0,19.0,V. Vanecek,2,1.0,4.0,39,27
2023020114,2023-10-27,20232024,REG,MIN,WSH,0,15.0,SO,12.0,2,3,13.0,8.0,M. Fleury,2,0.0,10.0,41,33
2023020114,2023-10-27,20232024,REG,WSH,MIN,1,16.0,SO,15.0,3,2,9.0,12.0,D. Kuemper,2,1.0,14.0,33,41
2023020115,2023-10-27,20232024,REG,LAK,ARI,0,9.0,REG,8.0,5,4,25.0,4.0,P. Copley,2,1.0,4.0,41,24
2023020115,2023-10-27,20232024,REG,ARI,LAK,1,20.0,REG,7.0,4,5,30.0,10.0,K. Vejmelka,2,0.0,4.0,24,41
2023020116,2023-10-27,20232024,REG,STL,VAN,0,18.0,REG,4.0,0,5,29.0,14.0,J. Binnington,2,0.0,2.0,22,35
2023020116,2023-10-27,20232024,REG,VAN,STL,1,2.0,REG,3.0,5,0,12.0,10.0,T. Demko,2,0.0,5.0,35,22
2023020117,2023-10-28,20232024,REG,ANA,PHI,0,19.0,REG,5.0,7,4,14.0,11.0,L. Dostal,2,2.0,7.0,25,30
2023020117,2023-10-28,20232024,REG,PHI,ANA,1,12.0,REG,6.0,4,7,13.0,9.0,S. Ersson,2,1.0,10.0,30,25
2023020118,2023-10-28,20232024,REG,SEA,FLA,0,15.0,REG,2.0,2,3,22.0,2.0,J. Daccord,2,0.0,6.0,33,37
2023020118,2023-10-28,20232024,REG,FLA,SEA,1,9.0,REG,3.0,3,2,22.0,2.0,S. Bobrovsky,2,1.0,10.0,37,33
2023020119,2023-10-28,20232024,REG,DET,BOS,0,10.0,REG,11.0,1,4,33.0,10.0,V. Husso,2,0.0,6.0,24,31
2023020119,2023-10-28,20232024,REG,BOS,DET,1,22.0,REG,5.0,4,1,32.0,10.0,J. Swayman,2,1.0,5.0,31,24
2023020120,2023-10-28,20232024,REG,NYI,CBJ,0,19.0,REG,1.0,2,0,14.0,6.0,S. Varlamov,2,0.0,3.0,34,34
2023020120,2023-10-28,20232024,REG,CBJ,NYI,1,15.0,REG,3.0,0,2,10.0,6.0,S. Martin,2,0.0,7.0,34,34
2023020121,2023-10-28,20232024,REG,WPG,MTL,0,10.0,SO,6.0,3,4,11.0,7.0,L. Brossoit,2,0.0,5.0,45,29
2023020121,2023-10-28,20232024,REG,MTL,WPG,1,19.0,SO,12.0,4,3,22.0,13.0,J. Allen,2,1.0,7.0,29,45
2023020122,2023-10-28,20232024,REG,TOR,NSH,0,13.0,OT,12.0,2,3,20.0,6.0,I. Samsonov,2,1.0,5.0,35,24
2023020122,2023-10-28,20232024,REG,NSH,TOR,1,21.0,OT,10.0,3,2,28.0,8.0,J. Saros,2,2.0,7.0,24,35
2023020123,2023-10-28,20232024,REG,OTT,PIT,0,22.0,REG,2.0,5,2,19.0,4.0,J. Korpisalo,2,1.0,9.0,26,43
2023020123,2023-10-28,20232024,REG,PIT,OTT,1,10.0,REG,11.0,2,5,29.0,6.0,T. Jarry,2,0.0,8.0,43,26
2023020124,2023-10-28,20232024,REG,NYR,VAN,0,18.0,OT,5.0,4,3,19.0,10.0,I. Shesterkin,2,3.0,2.0,24,33
2023020124,2023-10-28,20232024,REG,VAN,NYR,1,11.0,OT,5.0,3,4,21.0,10.0,C. DeSmith,2,1.0,7.0,33,24
2023020125,2023-10-28,20232024,REG,VGK,LAK,0,24.0,SO,6.0,4,3,23.0,11.0,L. Thompson,2,1.0,5.0,30,40
2023020125,2023-10-28,20232024,REG,LAK,VGK,1,11.0,SO,5.0,3,4,20.0,11.0,C. Talbot,2,0.0,5.0,40,30
2023020126,2023-10-29,20232024,REG,COL,BUF,0,9.0,REG,9.0,0,4,28.0,16.0,A. Georgiev,2,0.0,4.0,23,29
2023020126,2023-10-29,20232024,REG,BUF,COL,1,21.0,REG,6.0,4,0,9.0,12.0,U. Luukkonen,2,0.0,8.0,29,23
2023020127,2023-10-29,20232024,REG,MIN,NJD,0,16.0,REG,2.0,3,4,14.0,6.0,M. Fleury,2,1.0,2.0,34,30
2023020127,2023-10-29,20232024,REG,NJD,MIN,1,19.0,REG,3.0,4,3,10.0,10.0,V. Vanecek,2,2.0,10.0,30,34
2023020128,2023-10-29,20232024,REG,SJS,WSH,0,24.0,REG,9.0,1,3,23.0,6.0,M. Blackwood,2,0.0,7.0,31,42
2023020128,2023-10-29,20232024,REG,WSH,SJS,1,20.0,REG,9.0,3,1,27.0,0.0,D. Kuemper,2,0.0,9.0,42,31
2023020129,2023-10-29,20232024,REG,CGY,EDM,0,12.0,REG,4.0,2,5,29.0,4.0,J. Markstrom,2,2.0,4.0,26,33
2023020129,2023-10-29,20232024,REG,EDM,CGY,1,15.0,REG,11.0,5,2,36.0,12.0,S. Skinner,2,0.0,13.0,33,26
2023020130,2023-10-30,20232024,REG,FLA,BOS,0,19.0,OT,6.0,2,3,32.0,2.0,S. Bobrovsky,2,0.0,8.0,37,26
2023020130,2023-10-30,20232024,REG,BOS,FLA,1,22.0,OT,5.0,3,2,26.0,19.0,L. Ullmark,2,0.0,5.0,26,37
2023020131,2023-10-30,20232024,REG,CAR,PHI,0,4.0,REG,3.0,3,2,13.0,8.0,F. Andersen,2,1.0,6.0,32,28
2023020131,2023-10-30,20232024,REG,PHI,CAR,1,10.0,REG,7.0,2,3,23.0,2.0,C. Hart,2,0.0,7.0,28,32
2023020132,2023-10-30,20232024,REG,ANA,PIT,0,27.0,REG,1.0,4,3,18.0,10.0,J. Gibson,2,1.0,3.0,27,42
2023020132,2023-10-30,20232024,REG,PIT,ANA,1,13.0,REG,3.0,3,4,11.0,6.0,T. Jarry,2,2.0,3.0,42,27
2023020133,2023-10-30,20232024,REG,SEA,TBL,0,19.0,OT,1.0,4,3,22.0,4.0,P. Grubauer,2,2.0,5.0,43,37
2023020133,2023-10-30,20232024,REG,TBL,SEA,1,14.0,OT,9.0,3,4,21.0,6.0,J. Johansson,2,1.0,4.0,37,43
2023020134,2023-10-30,20232024,REG,DET,NYI,0,12.0,OT,3.0,4,3,12.0,4.0,V. Husso,2,0.0,3.0,36,40
2023020134,2023-10-30,20232024,REG,NYI,DET,1,16.0,OT,10.0,3,4,25.0,14.0,I. Sorokin,2,1.0,9.0,40,36
2023020135,2023-10-30,20232024,REG,NYR,WPG,0,23.0,OT,8.0,3,2,31.0,6.0,I. Shesterkin,2,1.0,3.0,26,29
2023020135,2023-10-30,20232024,REG,WPG,NYR,1,12.0,OT,9.0,2,3,18.0,6.0,C. Hellebuyck,2,0.0,3.0,29,26
2023020136,2023-10-30,20232024,REG,CBJ,DAL,0,15.0,REG,4.0,3,5,19.0,6.0,E. Merzlikins,2,0.0,8.0,25,33
2023020136,2023-10-30,20232024,REG,DAL,CBJ,1,17.0,REG,10.0,5,3,12.0,6.0,J. Oettinger,2,0.0,6.0,33,25
2023020137,2023-10-30,20232024,REG,CHI,ARI,0,10.0,REG,4.0,1,8,33.0,20.0,A. Soderblom,2,0.0,3.0,30,33
2023020137,2023-10-30,20232024,REG,ARI,CHI,1,21.0,REG,9.0,8,1,17.0,16.0,C. Ingram,2,1.0,6.0,33,30
2023020138,2023-10-30,20232024,REG,MTL,VGK,0,11.0,SO,9.0,2,3,21.0,6.0,S. Montembeault,2,0.0,4.0,39,25
2023020138,2023-10-30,20232024,REG,VGK,MTL,1,18.0,SO,9.0,3,2,26.0,8.0,A. Hill,2,1.0,12.0,25,39
2023020139,2023-10-31,20232024,REG,LAK,TOR,0,9.0,REG,6.0,4,1,19.0,6.0,C. Talbot,2,1.0,7.0,27,30
2023020139,2023-10-31,20232024,REG,TOR,LAK,1,14.0,REG,13.0,1,4,21.0,18.0,J. Woll,2,1.0,10.0,30,27
2023020140,2023-10-31,20232024,REG,NSH,VAN,0,12.0,REG,4.0,2,5,20.0,6.0,K. Lankinen,2,0.0,2.0,29,27
2023020140,2023-10-31,20232024,REG,VAN,NSH,1,12.0,REG,9.0,5,2,32.0,8.0,T. Demko,2,1.0,7.0,27,29
2023020141,2023-11-01,20232024,REG,BUF,PHI,0,18.0,REG,9.0,5,2,18.0,6.0,U. Luukkonen,2,0.0,7.0,15,40
2023020141,2023-11-01,20232024,REG,PHI,BUF,1,12.0,REG,6.0,2,5,33.0,4.0,C. Hart,2,0.0,11.0,40,15
2023020142,2023-11-01,20232024,REG,DAL,CGY,0,18.0,REG,6.0,4,3,20.0,10.0,J. Oettinger,2,0.0,4.0,30,47
2023020142,2023-11-01,20232024,REG,CGY,DAL,1,13.0,REG,12.0,3,4,18.0,4.0,J. Markstrom,2,1.0,6.0,47,30
2023020143,2023-11-01,20232024,REG,STL,COL,0,14.0,REG,1.0,1,4,19.0,4.0,J. Binnington,2,0.0,8.0,28,28
2023020143,2023-11-01,20232024,REG,COL,STL,1,10.0,REG,7.0,4,1,15.0,8.0,I. Prosvetov,2,1.0,10.0,28,28
2023020144,2023-11-01,20232024,REG,ARI,ANA,0,7.0,OT,5.0,3,4,11.0,25.0,K. Vejmelka,2,0.0,4.0,35,29
2023020144,2023-11-01,20232024,REG,ANA,ARI,1,18.0,OT,6.0,4,3,32.0,15.0,L. Dostal,2,2.0,5.0,29,35
2023020145,2023-11-02,20232024,REG,TOR,BOS,0,20.0,SO,7.0,2,3,32.0,4.0,I. Samsonov,2,0.0,12.0,35,40
2023020145,2023-11-02,20232024,REG,BOS,TOR,1,15.0,SO,11.0,3,2,27.0,4.0,J. Swayman,2,0.0,7.0,40,35
2023020146,2023-11-02,20232024,REG,TBL,CBJ,0,17.0,REG,3.0,2,4,17.0,10.0,M. Tomkins,2,0.0,6.0,29,28
2023020146,2023-11-02,20232024,REG,CBJ,TBL,1,22.0,REG,4.0,4,2,12.0,8.0,E. Merzlikins,2,0.0,6.0,28,29
2023020147,2023-11-02,20232024,REG,FLA,DET,0,11.0,REG,2.0,2,0,10.0,10.0,S. Bobrovsky,2,0.0,3.0,27,22
2023020147,2023-11-02,20232024,REG,DET,FLA,1,20.0,REG,8.0,0,2,30.0,10.0,J. Reimer,2,0.0,0.0,22,27
2023020148,2023-11-02,20232024,REG,CAR,NYR,0,10.0,REG,2.0,1,2,13.0,8.0,F. Andersen,2,1.0,2.0,27,26
2023020148,2023-11-02,20232024,REG,NYR,CAR,1,20.0,REG,3.0,2,1,21.0,2.0,I. Shesterkin,2,1.0,5.0,26,27
2023020149,2023-11-02,20232024,REG,LAK,OTT,0,12.0,REG,11.0,3,2,25.0,6.0,C. Talbot,2,1.0,4.0,38,26
2023020149,2023-11-02,20232024,REG,OTT,LAK,1,21.0,REG,14.0,2,3,28.0,8.0,J. Korpisalo,2,1.0,7.0,26,38
2023020150,2023-11-02,20232024,REG,NYI,WSH,0,23.0,REG,12.0,3,0,27.0,6.0,S. Varlamov,2,0.0,4.0,21,32
2023020150,2023-11-02,20232024,REG,WSH,NYI,1,6.0,REG,11.0,0,3,14.0,4.0,D. Kuemper,2,0.0,7.0,32,21
2023020151,2023-11-02,20232024,REG,NJD,MIN,0,11.0,REG,11.0,5,3,13.0,4.0,V. Vanecek,2,3.0,4.0,38,25
2023020151,2023-11-02,20232024,REG,MIN,NJD,1,12.0,REG,9.0,3,5,26.0,10.0,F. Gustavsson,2,1.0,10.0,25,38
2023020152,2023-11-02,20232024,REG,DAL,EDM,0,25.0,REG,23.0,4,3,21.0,6.0,S. Wedgewood,2,1.0,11.0,27,49
2023020152,2023-11-02,20232024,REG,EDM,DAL,1,13.0,REG,12.0,3,4,24.0,4.0,S. Skinner,2,0.0,13.0,49,27
2023020153,2023-11-02,20232024,REG,MTL,ARI,0,25.0,REG,5.0,2,3,22.0,8.0,J. Allen,2,1.0,4.0,30,35
2023020153,2023-11-02,20232024,REG,ARI,MTL,1,10.0,REG,4.0,3,2,19.0,10.0,C. Ingram,2,1.0,4.0,35,30
2023020154,2023-11-02,20232024,REG,NSH,SEA,0,20.0,REG,1.0,2,4,26.0,10.0,J. Saros,2,2.0,6.0,34,31
2023020154,2023-11-02,20232024,REG,SEA,NSH,1,13.0,REG,5.0,4,2,20.0,8.0,P. Grubauer,2,1.0,7.0,31,34
2023020155,2023-11-02,20232024,REG,WPG,VGK,0,7.0,REG,4.0,2,5,23.0,10.0,C. Hellebuyck,2,1.0,4.0,31,26
2023020155,2023-11-02,20232024,REG,VGK,WPG,1,22.0,REG,4.0,5,2,31.0,10.0,L. Thompson,2,2.0,8.0,26,31
2023020156,2023-11-02,20232024,REG,VAN,SJS,0,13.0,REG,3.0,10,1,12.0,11.0,T. Demko,2,4.0,7.0,33,31
2023020156,2023-11-02,20232024,REG,SJS,VAN,1,20.0,REG,4.0,1,10,20.0,15.0,K. Kahkonen,2,1.0,6.0,31,33
2023020157,2023-11-03,20232024,REG,PHI,BUF,0,13.0,REG,4.0,5,1,24.0,11.0,S. Ersson,2,0.0,12.0,19,22
2023020157,2023-11-03,20232024,REG,BUF,PHI,1,21.0,REG,9.0,1,5,21.0,11.0,U. Luukkonen,2,0.0,9.0,22,19
2023020158,2023-11-03,20232024,REG,NJD,STL,0,13.0,REG,8.0,1,4,11.0,6.0,A. Schmid,2,0.0,4.0,34,35
2023020158,2023-11-03,20232024,REG,STL,NJD,1,8.0,REG,8.0,4,1,33.0,4.0,J. Binnington,2,0.0,10.0,35,34
2023020159,2023-11-04,20232024,REG,NSH,EDM,0,16.0,REG,7.0,5,2,25.0,8.0,K. Lankinen,2,1.0,9.0,34,35
2023020159,2023-11-04,20232024,REG,EDM,NSH,1,6.0,REG,18.0,2,5,33.0,8.0,J. Campbell,2,2.0,11.0,35,34
2023020160,2023-11-04,20232024,REG,WPG,ARI,0,10.0,REG,5.0,5,3,16.0,6.0,C. Hellebuyck,2,1.0,1.0,27,25
2023020160,2023-11-04,20232024,REG,ARI,WPG,1,22.0,REG,5.0,3,5,11.0,6.0,K. Vejmelka,2,1.0,2.0,25,27
2023020161,2023-11-04,20232024,REG,BOS,DET,0,22.0,REG,1.0,4,5,22.0,30.0,L. Ullmark,2,1.0,8.0,30,40
2023020161,2023-11-04,20232024,REG,DET,BOS,1,16.0,REG,5.0,5,4,25.0,20.0,V. Husso,2,2.0,6.0,40,30
2023020162,2023-11-04,20232024,REG,TBL,OTT,0,16.0,REG,9.0,6,4,32.0,11.0,J. Johansson,2,1.0,4.0,38,28
2023020162,2023-11-04,20232024,REG,OTT,TBL,1,16.0,REG,13.0,4,6,19.0,9.0,J. Korpisalo,2,1.0,8.0,28,38
2023020163,2023-11-04,20232024,REG,LAK,PHI,0,14.0,REG,9.0,5,0,14.0,6.0,C. Talbot,2,1.0,7.0,30,24
2023020163,2023-11-04,20232024,REG,PHI,LAK,1,11.0,REG,3.0,0,5,28.0,10.0,C. Petersen,2,0.0,6.0,24,30
2023020164,2023-11-04,20232024,REG,MTL,STL,0,14.0,REG,7.0,3,6,15.0,2.0,S. Montembeault,2,1.0,10.0,33,35
2023020164,2023-11-04,20232024,REG,STL,MTL,1,12.0,REG,10.0,6,3,25.0,8.0,J. Hofer,2,0.0,11.0,35,33
2023020165,2023-11-04,20232024,REG,BUF,TOR,0,18.0,REG,6.0,6,4,22.0,8.0,D. Levi,2,1.0,9.0,41,28
2023020165,2023-11-04,20232024,REG,TOR,BUF,1,14.0,REG,8.0,4,6,34.0,4.0,J. Woll,2,1.0,3.0,28,41
2023020166,2023-11-04,20232024,REG,CBJ,WSH,0,13.0,REG,16.0,1,2,14.0,8.0,E. Merzlikins,2,0.0,14.0,35,27
2023020166,2023-11-04,20232024,REG,WSH,CBJ,1,25.0,REG,9.0,2,1,25.0,10.0,C. Lindgren,2,0.0,10.0,27,35
2023020167,2023-11-04,20232024,REG,CAR,NYI,0,7.0,OT,5.0,4,3,22.0,4.0,A. Raanta,2,1.0,7.0,46,25
2023020167,2023-11-04,20232024,REG,NYI,CAR,1,28.0,OT,15.0,3,4,21.0,8.0,I. Sorokin,2,0.0,6.0,25,46
2023020168,2023-11-04,20232024,REG,FLA,CHI,0,7.0,REG,5.0,2,5,23.0,6.0,A. Stolarz,2,1.0,2.0,40,25
2023020168,2023-11-04,20232024,REG,CHI,FLA,1,29.0,REG,11.0,5,2,23.0,8.0,P. Mrazek,2,1.0,14.0,25,40
2023020169,2023-11-04,20232024,REG,NYR,MIN,0,32.0,SO,3.0,4,5,20.0,6.0,J. Quick,2,0.0,0.0,18,39
2023020169,2023-11-04,20232024,REG,MIN,NYR,1,16.0,SO,8.0,5,4,20.0,2.0,F. Gustavsson,2,0.0,4.0,39,18
2023020170,2023-11-04,20232024,REG,CGY,SEA,0,16.0,REG,2.0,6,3,24.0,19.0,D. Vladar,2,1.0,9.0,31,20
2023020170,2023-11-04,20232024,REG,SEA,CGY,1,10.0,REG,2.0,3,6,13.0,6.0,P. Grubauer,2,1.0,12.0,20,31
2023020171,2023-11-04,20232024,REG,PIT,SJS,0,12.0,REG,4.0,10,2,16.0,12.0,T. Jarry,2,2.0,11.0,35,26
2023020171,2023-11-04,20232024,REG,SJS,PIT,1,21.0,REG,8.0,2,10,45.0,8.0,M. Blackwood,2,2.0,5.0,26,35
2023020172,2023-11-04,20232024,REG,DAL,VAN,0,13.0,REG,4.0,0,2,17.0,15.0,J. Oettinger,2,0.0,3.0,27,28
2023020172,2023-11-04,20232024,REG,VAN,DAL,1,13.0,REG,2.0,2,0,24.0,11.0,T. Demko,2,0.0,4.0,28,27
2023020173,2023-11-04,20232024,REG,COL,VGK,0,10.0,REG,6.0,0,7,30.0,14.0,A. Georgiev,2,0.0,5.0,41,34
2023020173,2023-11-04,20232024,REG,VGK,COL,1,26.0,REG,3.0,7,0,22.0,12.0,A. Hill,2,1.0,11.0,34,41
2023020174,2023-11-05,20232024,REG,NJD,CHI,0,13.0,REG,4.0,4,2,21.0,2.0,V. Vanecek,2,1.0,8.0,41,34
2023020174,2023-11-05,20232024,REG,CHI,NJD,1,16.0,REG,10.0,2,4,26.0,6.0,A. Soderblom,2,0.0,6.0,34,41
2023020175,2023-11-05,20232024,REG,VGK,ANA,0,16.0,REG,8.0,2,4,18.0,6.0,L. Thompson,2,0.0,4.0,32,23
2023020175,2023-11-05,20232024,REG,ANA,VGK,1,14.0,REG,8.0,4,2,16.0,8.0,J. Gibson,2,1.0,5.0,23,32
2023020176,2023-11-06,20232024,REG,CBJ,FLA,0,30.0,OT,6.0,4,5,43.0,4.0,E. Merzlikins,2,1.0,2.0,23,46
2023020176,2023-11-06,20232024,REG,FLA,CBJ,1,23.0,OT,12.0,5,4,12.0,6.0,S. Bobrovsky,2,0.0,11.0,46,23
2023020177,2023-11-06,20232024,REG,TBL,TOR,0,12.0,OT,4.0,5,6,38.0,6.0,J. Johansson,2,2.0,3.0,31,34
2023020177,2023-11-06,20232024,REG,TOR,TBL,1,14.0,OT,12.0,6,5,34.0,4.0,I. Samsonov,2,0.0,6.0,34,31
2023020178,2023-11-06,20232024,REG,BOS,DAL,0,17.0,REG,10.0,3,2,10.0,6.0,J. Swayman,2,1.0,8.0,29,37
2023020178,2023-11-06,20232024,REG,DAL,BOS,1,17.0,REG,6.0,2,3,22.0,8.0,J. Oettinger,2,0.0,7.0,37,29
2023020179,2023-11-06,20232024,REG,EDM,VAN,0,11.0,REG,2.0,2,6,29.0,22.0,S. Skinner,2,1.0,2.0,43,36
2023020179,2023-11-06,20232024,REG,VAN,EDM,1,19.0,REG,7.0,6,2,28.0,8.0,T. Demko,2,3.0,6.0,36,43
2023020180,2023-11-07,20232024,REG,BUF,CAR,0,20.0,OT,11.0,2,3,14.0,8.0,U. Luukkonen,2,1.0,14.0,21,27
2023020180,2023-11-07,20232024,REG,CAR,BUF,1,7.0,OT,18.0,3,2,23.0,8.0,A. Raanta,2,1.0,6.0,27,21
2023020181,2023-11-07,20232024,REG,TBL,MTL,0,17.0,REG,10.0,5,3,17.0,21.0,M. Tomkins,2,2.0,3.0,32,26
2023020181,2023-11-07,20232024,REG,MTL,TBL,1,12.0,REG,10.0,3,5,24.0,19.0,J. Allen,2,1.0,5.0,26,32
2023020182,2023-11-07,20232024,REG,MIN,NYI,0,22.0,REG,9.0,4,2,23.0,14.0,M. Fleury,2,1.0,7.0,31,29
2023020182,2023-11-07,20232024,REG,NYI,MIN,1,11.0,REG,8.0,2,4,20.0,10.0,S. Varlamov,2,1.0,9.0,29,31
2023020183,2023-11-07,20232024,REG,DET,NYR,0,9.0,REG,7.0,3,5,16.0,6.0,V. Husso,2,0.0,2.0,28,32
2023020183,2023-11-07,20232024,REG,NYR,DET,1,9.0,REG,9.0,5,3,25.0,12.0,J. Quick,2,2.0,11.0,32,28
2023020184,2023-11-07,20232024,REG,WPG,STL,0,8.0,REG,5.0,5,2,10.0,4.0,C. Hellebuyck,2,2.0,13.0,37,22
2023020184,2023-11-07,20232024,REG,STL,WPG,1,10.0,REG,6.0,2,5,14.0,8.0,J. Binnington,2,0.0,13.0,22,37
2023020185,2023-11-07,20232024,REG,SEA,ARI,0,11.0,SO,5.0,3,4,30.0,12.0,J. Daccord,2,1.0,4.0,38,27
2023020185,2023-11-07,20232024,REG,ARI,SEA,1,15.0,SO,14.0,4,3,28.0,10.0,C. Ingram,2,2.0,5.0,27,38
2023020186,2023-11-07,20232024,REG,NSH,CGY,0,19.0,REG,7.0,2,4,17.0,6.0,J. Saros,2,0.0,8.0,18,39
2023020186,2023-11-07,20232024,REG,CGY,NSH,1,15.0,REG,17.0,4,2,19.0,4.0,J. Markstrom,2,0.0,10.0,39,18
2023020187,2023-11-07,20232024,REG,PIT,ANA,0,14.0,REG,4.0,2,0,11.0,6.0,T. Jarry,2,0.0,10.0,36,31
2023020187,2023-11-07,20232024,REG,ANA,PIT,1,14.0,REG,10.0,0,2,23.0,4.0,J. Gibson,2,0.0,12.0,31,36
2023020188,2023-11-07,20232024,REG,NJD,COL,0,16.0,REG,3.0,3,6,13.0,12.0,V. Vanecek,2,2.0,3.0,23,32
2023020188,2023-11-07,20232024,REG,COL,NJD,1,16.0,REG,10.0,6,3,22.0,19.0,A. Georgiev,2,1.0,13.0,32,23
2023020189,2023-11-07,20232024,REG,PHI,SJS,0,23.0,REG,10.0,1,2,12.0,35.0,S. Ersson,2,0.0,9.0,39,19
2023020189,2023-11-07,20232024,REG,SJS,PHI,1,17.0,REG,4.0,2,1,19.0,37.0,M. Blackwood,2,1.0,9.0,19,39
2023020190,2023-11-08,20232024,REG,OTT,TOR,0,14.0,REG,13.0,6,3,31.0,4.0,J. Korpisalo,2,1.0,7.0,31,30
2023020190,2023-11-08,20232024,REG,TOR,OTT,1,12.0,REG,15.0,3,6,49.0,6.0,J. Woll,2,1.0,9.0,30,31
2023020191,2023-11-08,20232024,REG,FLA,WSH,0,15.0,OT,8.0,4,3,26.0,4.0,S. Bobrovsky,2,0.0,5.0,25,28
2023020191,2023-11-08,20232024,REG,WSH,FLA,1,13.0,OT,14.0,3,4,27.0,2.0,D. Kuemper,2,0.0,7.0,28,25
2023020192,2023-11-08,20232024,REG,LAK,VGK,0,17.0,REG,3.0,4,1,13.0,4.0,C. Talbot,2,2.0,4.0,33,38
2023020192,2023-11-08,20232024,REG,VGK,LAK,1,28.0,REG,6.0,1,4,17.0,8.0,A. Hill,2,0.0,9.0,38,33
2023020193,2023-11-09,20232024,REG,NYI,BOS,0,15.0,REG,10.0,2,5,28.0,6.0,I. Sorokin,2,1.0,12.0,29,35
2023020193,2023-11-09,20232024,REG,BOS,NYI,1,19.0,REG,11.0,5,2,26.0,2.0,L. Ullmark,2,2.0,7.0,35,29
2023020194,2023-11-09,20232024,REG,DAL,CBJ,0,9.0,REG,3.0,5,2,6.0,2.0,J. Oettinger,2,0.0,5.0,31,29
2023020194,2023-11-09,20232024,REG,CBJ,DAL,1,20.0,REG,2.0,2,5,18.0,6.0,S. Martin,2,0.0,5.0,29,31
2023020195,2023-11-09,20232024,REG,MTL,DET,0,14.0,OT,1.0,3,2,21.0,10.0,C. Primeau,2,2.0,4.0,27,29
2023020195,2023-11-09,20232024,REG,DET,MTL,1,12.0,OT,10.0,2,3,19.0,20.0,J. Reimer,2,0.0,2.0,29,27
2023020196,2023-11-09,20232024,REG,MIN,NYR,0,14.0,REG,2.0,1,4,21.0,7.0,M. Fleury,2,0.0,0.0,26,28
2023020196,2023-11-09,20232024,REG,NYR,MIN,1,15.0,REG,3.0,4,1,32.0,7.0,L. Domingue,2,1.0,0.0,28,26
2023020197,2023-11-09,20232024,REG,VAN,OTT,0,15.0,REG,7.0,5,2,26.0,4.0,C. DeSmith,2,1.0,4.0,16,30
2023020197,2023-11-09,20232024,REG,OTT,VAN,1,19.0,REG,20.0,2,5,28.0,6.0,A. Forsberg,2,0.0,7.0,30,16
2023020198,2023-11-09,20232024,REG,CHI,TBL,0,20.0,REG,4.0,5,3,16.0,8.0,P. Mrazek,2,1.0,16.0,29,33
2023020198,2023-11-09,20232024,REG,TBL,CHI,1,6.0,REG,5.0,3,5,26.0,22.0,J. Johansson,2,1.0,5.0,33,29
2023020199,2023-11-09,20232024,REG,ARI,STL,0,14.0,REG,10.0,1,2,19.0,12.0,K. Vejmelka,2,1.0,9.0,20,33
2023020199,2023-11-09,20232024,REG,STL,ARI,1,12.0,REG,13.0,2,1,21.0,4.0,J. Hofer,2,0.0,18.0,33,20
2023020200,2023-11-09,20232024,REG,NSH,WPG,0,14.0,REG,5.0,3,6,15.0,28.0,J. Saros,2,0.0,2.0,23,37
2023020200,2023-11-09,20232024,REG,WPG,NSH,1,15.0,REG,4.0,6,3,20.0,16.0,L. Brossoit,2,1.0,2.0,37,23
2023020201,2023-11-09,20232024,REG,SEA,COL,0,22.0,REG,6.0,4,3,28.0,8.0,P. Grubauer,2,1.0,4.0,22,26
2023020201,2023-11-09,20232024,REG,COL,SEA,1,13.0,REG,3.0,3,4,27.0,8.0,I. Prosvetov,2,0.0,8.0,26,22
2023020202,2023-11-09,20232024,REG,PIT,LAK,0,16.0,OT,8.0,4,3,26.0,8.0,M. Hellberg,2,0.0,2.0,20,36
2023020202,2023-11-09,20232024,REG,LAK,PIT,1,13.0,OT,12.0,3,4,21.0,6.0,P. Copley,2,0.0,3.0,36,20
2023020203,2023-11-09,20232024,REG,EDM,SJS,0,12.0,REG,7.0,2,3,21.0,4.0,S. Skinner,2,0.0,6.0,41,18
2023020203,2023-11-09,20232024,REG,SJS,EDM,1,35.0,REG,6.0,3,2,20.0,8.0,M. Blackwood,2,0.0,9.0,18,41
2023020204,2023-11-10,20232024,REG,MIN,BUF,0,18.0,REG,4.0,2,3,31.0,8.0,F. Gustavsson,2,2.0,6.0,35,25
2023020204,2023-11-10,20232024,REG,BUF,MIN,1,22.0,REG,5.0,3,2,20.0,10.0,D. Levi,2,0.0,2.0,25,35
2023020205,2023-11-10,20232024,REG,CAR,FLA,0,15.0,REG,3.0,2,5,25.0,4.0,A. Raanta,2,0.0,4.0,30,35
2023020205,2023-11-10,20232024,REG,FLA,CAR,1,23.0,REG,15.0,5,2,23.0,6.0,S. Bobrovsky,2,0.0,15.0,35,30
2023020206,2023-11-10,20232024,REG,WSH,NJD,0,18.0,REG,1.0,4,2,19.0,8.0,C. Lindgren,2,0.0,4.0,27,26
2023020206,2023-11-10,20232024,REG,NJD,WSH,1,12.0,REG,11.0,2,4,34.0,8.0,V. Vanecek,2,0.0,3.0,26,27
2023020207,2023-11-10,20232024,REG,CGY,TOR,0,19.0,SO,7.0,4,5,25.0,4.0,D. Vladar,2,0.0,13.0,28,36
2023020207,2023-11-10,20232024,REG,TOR,CGY,1,15.0,SO,11.0,5,4,29.0,6.0,J. Woll,2,1.0,10.0,36,28
2023020208,2023-11-10,20232024,REG,PHI,ANA,0,21.0,REG,7.0,6,3,13.0,12.0,S. Ersson,2,0.0,7.0,36,38
2023020208,2023-11-10,20232024,REG,ANA,PHI,1,9.0,REG,12.0,3,6,18.0,4.0,L. Dostal,2,2.0,3.0,38,36
2023020209,2023-11-10,20232024,REG,SJS,VGK,0,16.0,REG,4.0,0,5,29.0,2.0,K. Kahkonen,2,0.0,4.0,20,39
2023020209,2023-11-10,20232024,REG,VGK,SJS,1,15.0,REG,7.0,5,0,17.0,10.0,A. Hill,2,0.0,7.0,39,20
2023020210,2023-11-11,20232024,REG,CBJ,DET,0,15.0,REG,11.0,4,5,16.0,6.0,S. Martin,2,0.0,1.0,22,28
2023020210,2023-11-11,20232024,REG,DET,CBJ,1,24.0,REG,7.0,5,4,14.0,6.0,V. Husso,2,0.0,9.0,28,22
2023020211,2023-11-11,20232024,REG,DAL,WPG,0,17.0,REG,9.0,3,2,10.0,6.0,S. Wedgewood,2,1.0,3.0,29,33
2023020211,2023-11-11,20232024,REG,WPG,DAL,1,16.0,REG,11.0,2,3,14.0,8.0,C. Hellebuyck,2,0.0,8.0,33,29
2023020212,2023-11-11,20232024,REG,BOS,MTL,0,17.0,OT,15.0,2,3,15.0,8.0,J. Swayman,2,1.0,5.0,28,27
2023020212,2023-11-11,20232024,REG,MTL,BOS,1,18.0,OT,22.0,3,2,30.0,8.0,S. Montembeault,2,1.0,8.0,27,28
2023020213,2023-11-11,20232024,REG,CGY,OTT,0,11.0,REG,4.0,1,4,28.0,10.0,D. Wolf,2,0.0,2.0,25,38
2023020213,2023-11-11,20232024,REG,OTT,CGY,1,19.0,REG,16.0,4,1,23.0,6.0,J. Korpisalo,2,1.0,7.0,38,25
2023020214,2023-11-11,20232024,REG,CAR,TBL,0,14.0,REG,2.0,4,0,15.0,11.0,P. Kochetkov,2,1.0,4.0,32,22
2023020214,2023-11-11,20232024,REG,TBL,CAR,1,11.0,REG,5.0,0,4,24.0,11.0,J. Johansson,2,0.0,4.0,22,32
2023020215,2023-11-11,20232024,REG,VAN,TOR,0,12.0,REG,8.0,2,5,28.0,14.0,T. Demko,2,2.0,9.0,33,22
2023020215,2023-11-11,20232024,REG,TOR,VAN,1,17.0,REG,9.0,5,2,27.0,40.0,I. Samsonov,2,0.0,7.0,22,33
2023020216,2023-11-11,20232024,REG,WSH,NYI,0,32.0,REG,8.0,4,1,20.0,2.0,H. Shepard,2,0.0,13.0,28,37
2023020216,2023-11-11,20232024,REG,NYI,WSH,1,11.0,REG,11.0,1,4,23.0,2.0,S. Varlamov,2,0.0,5.0,37,28
2023020217,2023-11-11,20232024,REG,BUF,PIT,0,15.0,REG,4.0,0,4,20.0,6.0,U. Luukkonen,2,0.0,3.0,35,39
2023020217,2023-11-11,20232024,REG,PIT,BUF,1,13.0,REG,7.0,4,0,16.0,4.0,T. Jarry,2,1.0,4.0,39,35
2023020218,2023-11-11,20232024,REG,ARI,NSH,0,16.0,REG,12.0,7,5,25.0,8.0,C. Ingram,2,2.0,3.0,25,42
2023020218,2023-11-11,20232024,REG,NSH,ARI,1,11.0,REG,8.0,5,7,29.0,8.0,J. Saros,2,1.0,5.0,42,25
2023020219,2023-11-11,20232024,REG,STL,COL,0,18.0,REG,5.0,8,2,21.0,6.0,J. Binnington,2,2.0,12.0,42,38
2023020219,2023-11-11,20232024,REG,COL,STL,1,12.0,REG,12.0,2,8,20.0,6.0,A. Georgiev,2,0.0,13.0,38,42
2023020220,2023-11-11,20232024,REG,EDM,SEA,0,13.0,REG,4.0,4,1,13.0,13.0,S. Skinner,2,1.0,13.0,26,18
2023020220,2023-11-11,20232024,REG,SEA,EDM,1,10.0,REG,2.0,1,4,22.0,13.0,P. Grubauer,2,1.0,9.0,18,26
2023020221,2023-11-11,20232024,REG,PHI,LAK,0,20.0,REG,6.0,4,2,27.0,6.0,C. Petersen,2,0.0,4.0,26,37
2023020221,2023-11-11,20232024,REG,LAK,PHI,1,12.0,REG,4.0,2,4,15.0,6.0,C. Talbot,2,0.0,3.0,37,26
2023020222,2023-11-12,20232024,REG,CHI,FLA,0,23.0,REG,7.0,3,4,25.0,8.0,A. Soderblom,2,0.0,6.0,26,31
2023020222,2023-11-12,20232024,REG,FLA,CHI,1,10.0,REG,11.0,4,3,25.0,6.0,S. Bobrovsky,2,2.0,10.0,31,26
2023020223,2023-11-12,20232024,REG,DAL,MIN,0,11.0,REG,4.0,8,3,8.0,15.0,J. Oettinger,2,5.0,2.0,37,26
2023020223,2023-11-12,20232024,REG,MIN,DAL,1,16.0,REG,6.0,3,8,19.0,28.0,M. Fleury,2,1.0,7.0,26,37
2023020224,2023-11-12,20232024,REG,VAN,MTL,0,17.0,REG,7.0,5,2,19.0,4.0,C. DeSmith,2,0.0,6.0,37,32
2023020224,2023-11-12,20232024,REG,MTL,VAN,1,24.0,REG,18.0,2,5,16.0,4.0,J. Allen,2,1.0,3.0,32,37
2023020225,2023-11-12,20232024,REG,CBJ,NYR,0,22.0,SO,4.0,3,4,16.0,10.0,E. Merzlikins,2,0.0,5.0,28,40
2023020225,2023-11-12,20232024,REG,NYR,CBJ,1,12.0,SO,10.0,4,3,19.0,6.0,J. Quick,2,0.0,7.0,40,28
2023020226,2023-11-12,20232024,REG,SJS,ANA,0,17.0,REG,5.0,1,4,21.0,24.0,M. Blackwood,2,0.0,1.0,26,44
2023020226,2023-11-12,20232024,REG,ANA,SJS,1,10.0,REG,6.0,4,1,21.0,18.0,J. Gibson,2,2.0,4.0,44,26
2023020227,2023-11-13,20232024,REG,NYI,EDM,0,21.0,REG,5.0,1,4,30.0,6.0,I. Sorokin,2,0.0,6.0,33,32
2023020227,2023-11-13,20232024,REG,EDM,NYI,1,12.0,REG,18.0,4,1,32.0,6.0,S. Skinner,2,2.0,11.0,32,33
2023020228,2023-11-13,20232024,REG,COL,SEA,0,15.0,REG,3.0,5,1,19.0,13.0,A. Georgiev,2,2.0,8.0,31,19
2023020228,2023-11-13,20232024,REG,SEA,COL,1,19.0,REG,4.0,1,5,18.0,29.0,J. Daccord,2,0.0,8.0,19,31
2023020229,2023-11-14,20232024,REG,BOS,BUF,0,10.0,REG,6.0,5,2,17.0,6.0,L. Ullmark,2,1.0,4.0,32,34
2023020229,2023-11-14,20232024,REG,BUF,BOS,1,16.0,REG,5.0,2,5,18.0,6.0,D. Levi,2,0.0,5.0,34,32
2023020230,2023-11-14,20232024,REG,PIT,CBJ,0,9.0,REG,1.0,5,3,10.0,8.0,T. Jarry,2,0.0,5.0,41,30
2023020230,2023-11-14,20232024,REG,CBJ,PIT,1,22.0,REG,1.0,3,5,18.0,2.0,E. Merzlikins,2,0.0,3.0,30,41
2023020231,2023-11-14,20232024,REG,CGY,MTL,0,20.0,REG,14.0,2,1,13.0,8.0,J. Markstrom,2,0.0,8.0,29,35
2023020231,2023-11-14,20232024,REG,MTL,CGY,1,9.0,REG,14.0,1,2,18.0,6.0,S. Montembeault,2,0.0,3.0,35,29
2023020232,2023-11-14,20232024,REG,VGK,WSH,0,7.0,REG,4.0,0,3,11.0,24.0,L. Thompson,2,0.0,9.0,35,31
2023020232,2023-11-14,20232024,REG,WSH,VGK,1,17.0,REG,14.0,3,0,23.0,9.0,C. Lindgren,2,0.0,12.0,31,35
2023020233,2023-11-14,20232024,REG,ARI,DAL,0,23.0,OT,7.0,3,4,19.0,8.0,K. Vejmelka,2,1.0,5.0,26,36
2023020233,2023-11-14,20232024,REG,DAL,ARI,1,8.0,OT,6.0,4,3,15.0,4.0,J. Oettinger,2,1.0,12.0,36,26
2023020234,2023-11-14,20232024,REG,ANA,NSH,0,20.0,REG,3.0,3,2,25.0,30.0,J. Gibson,2,0.0,3.0,20,30
2023020234,2023-11-14,20232024,REG,NSH,ANA,1,10.0,REG,16.0,2,3,13.0,16.0,J. Saros,2,1.0,6.0,30,20
2023020235,2023-11-14,20232024,REG,TBL,STL,0,12.0,REG,7.0,0,5,17.0,0.0,J. Johansson,2,0.0,15.0,30,29
2023020235,2023-11-14,20232024,REG,STL,TBL,1,26.0,REG,11.0,5,0,19.0,4.0,J. Binnington,2,0.0,16.0,29,30
2023020236,2023-11-14,20232024,REG,NJD,WPG,0,10.0,REG,3.0,3,6,24.0,17.0,A. Schmid,2,2.0,3.0,34,31
2023020236,2023-11-14,20232024,REG,WPG,NJD,1,21.0,REG,10.0,6,3,16.0,19.0,C. Hellebuyck,2,2.0,2.0,31,34
2023020237,2023-11-14,20232024,REG,FLA,SJS,0,5.0,REG,4.0,5,3,16.0,6.0,A. Stolarz,2,2.0,8.0,31,22
2023020237,2023-11-14,20232024,REG,SJS,FLA,1,22.0,REG,3.0,3,5,19.0,6.0,M. Blackwood,2,1.0,5.0,22,31
2023020238,2023-11-15,20232024,REG,PHI,CAR,0,30.0,REG,3.0,3,1,10.0,6.0,C. Hart,2,0.0,6.0,24,32
2023020238,2023-11-15,20232024,REG,CAR,PHI,1,8.0,REG,6.0,1,3,14.0,2.0,P. Kochetkov,2,0.0,6.0,32,24
2023020239,2023-11-15,20232024,REG,SEA,EDM,0,13.0,OT,4.0,3,4,30.0,8.0,J. Daccord,2,0.0,10.0,35,31
2023020239,2023-11-15,20232024,REG,EDM,SEA,1,22.0,OT,11.0,4,3,20.0,12.0,S. Skinner,2,0.0,6.0,31,35
2023020240,2023-11-15,20232024,REG,ANA,COL,0,6.0,REG,5.0,2,8,28.0,10.0,L. Dostal,2,0.0,2.0,17,38
2023020240,2023-11-15,20232024,REG,COL,ANA,1,10.0,REG,7.0,8,2,17.0,8.0,A. Georgiev,2,1.0,8.0,38,17
2023020241,2023-11-15,20232024,REG,NYI,VAN,0,17.0,OT,1.0,3,4,24.0,12.0,I. Sorokin,2,2.0,5.0,33,43
2023020241,2023-11-15,20232024,REG,VAN,NYI,1,14.0,OT,7.0,4,3,31.0,4.0,T. Demko,2,3.0,6.0,43,33
2023020242,2023-11-16,20232024,REG,DET,OTT,0,9.0,OT,1.0,4,5,37.0,10.0,J. Reimer,2,0.0,2.0,41,34
2023020242,2023-11-16,20232024,REG,OTT,DET,1,14.0,OT,5.0,5,4,20.0,6.0,J. Korpisalo,2,1.0,4.0,34,41
2023020243,2023-11-16,20232024,REG,ARI,CBJ,0,27.0,REG,6.0,3,2,10.0,6.0,C. Ingram,2,1.0,3.0,32,41
2023020243,2023-11-16,20232024,REG,CBJ,ARI,1,12.0,REG,1.0,2,3,17.0,4.0,E. Merzlikins,2,0.0,6.0,41,32
2023020244,2023-11-16,20232024,REG,VGK,MTL,0,13.0,REG,7.0,6,5,29.0,6.0,A. Hill,2,3.0,8.0,42,28
2023020244,2023-11-16,20232024,REG,MTL,VGK,1,26.0,REG,11.0,5,6,23.0,14.0,C. Primeau,2,0.0,5.0,28,42
2023020245,2023-11-16,20232024,REG,NJD,PIT,0,10.0,REG,1.0,5,2,21.0,6.0,V. Vanecek,2,0.0,6.0,31,23
2023020245,2023-11-16,20232024,REG,PIT,NJD,1,11.0,REG,9.0,2,5,22.0,2.0,T. Jarry,2,0.0,5.0,23,31
2023020246,2023-11-16,20232024,REG,TBL,CHI,0,14.0,REG,9.0,4,2,28.0,11.0,J. Johansson,2,1.0,6.0,32,14
2023020246,2023-11-16,20232024,REG,CHI,TBL,1,10.0,REG,8.0,2,4,25.0,11.0,P. Mrazek,2,1.0,13.0,14,32
2023020247,2023-11-16,20232024,REG,VAN,CGY,0,22.0,REG,13.0,2,5,26.0,8.0,C. DeSmith,2,1.0,12.0,22,39
2023020247,2023-11-16,20232024,REG,CGY,VAN,1,15.0,REG,20.0,5,2,23.0,10.0,J. Markstrom,2,0.0,3.0,39,22
2023020248,2023-11-16,20232024,REG,NYI,SEA,0,11.0,SO,1.0,3,4,15.0,10.0,S. Varlamov,2,2.0,8.0,23,32
2023020248,2023-11-16,20232024,REG,SEA,NYI,1,21.0,SO,6.0,4,3,15.0,12.0,P. Grubauer,2,3.0,12.0,32,23
2023020249,2023-11-16,20232024,REG,FLA,LAK,0,18.0,REG,3.0,1,2,33.0,6.0,S. Bobrovsky,2,0.0,3.0,31,27
2023020249,2023-11-16,20232024,REG,LAK,FLA,1,22.0,REG,11.0,2,1,24.0,12.0,C. Talbot,2,1.0,2.0,27,31
2023020250,2023-11-16,20232024,REG,STL,SJS,0,7.0,REG,5.0,1,5,9.0,2.0,J. Hofer,2,0.0,10.0,45,35
2023020250,2023-11-16,20232024,REG,SJS,STL,1,21.0,REG,7.0,5,1,14.0,8.0,K. Kahkonen,2,0.0,6.0,35,45
2023020251,2023-11-17,20232024,REG,TOR,DET,0,20.0,REG,7.0,3,2,12.0,10.0,I. Samsonov,2,1.0,6.0,29,29
2023020251,2023-11-17,20232024,REG,DET,TOR,1,17.0,REG,3.0,2,3,22.0,10.0,A. Lyon,2,0.0,7.0,29,29
2023020252,2023-11-17,20232024,REG,BUF,WPG,0,12.0,REG,5.0,2,3,23.0,8.0,E. Comrie,2,0.0,5.0,28,18
2023020252,2023-11-17,20232024,REG,WPG,BUF,1,17.0,REG,7.0,3,2,26.0,4.0,C. Hellebuyck,2,0.0,3.0,18,28
2023020253,2023-11-17,20232024,REG,FLA,ANA,0,12.0,REG,10.0,2,1,22.0,6.0,A. Stolarz,2,0.0,5.0,35,35
2023020253,2023-11-17,20232024,REG,ANA,FLA,1,29.0,REG,11.0,1,2,24.0,8.0,J. Gibson,2,1.0,4.0,35,35
2023020254,2023-11-18,20232024,REG,MIN,OTT,0,22.0,SO,6.0,1,2,24.0,13.0,F. Gustavsson,2,0.0,6.0,25,31
2023020254,2023-11-18,20232024,REG,OTT,MIN,1,17.0,SO,3.0,2,1,10.0,13.0,A. Forsberg,2,0.0,3.0,31,25
2023020255,2023-11-18,20232024,REG,VGK,PHI,0,26.0,OT,10.0,3,4,21.0,23.0,L. Thompson,2,1.0,6.0,31,38
2023020255,2023-11-18,20232024,REG,PHI,VGK,1,26.0,OT,8.0,4,3,26.0,10.0,C. Hart,2,2.0,5.0,38,31
2023020256,2023-11-18,20232024,REG,CHI,NSH,0,9.0,REG,10.0,2,4,31.0,6.0,A. Soderblom,2,0.0,7.0,31,31
2023020256,2023-11-18,20232024,REG,NSH,CHI,1,14.0,REG,9.0,4,2,30.0,4.0,K. Lankinen,2,1.0,8.0,31,31
2023020257,2023-11-18,20232024,REG,EDM,TBL,0,12.0,REG,5.0,4,6,18.0,15.0,S. Skinner,2,0.0,4.0,42,24
2023020257,2023-11-18,20232024,REG,TBL,EDM,1,16.0,REG,8.0,6,4,27.0,17.0,J. Johansson,2,2.0,7.0,24,42
2023020258,2023-11-18,20232024,REG,MTL,BOS,0,12.0,REG,5.0,2,5,27.0,12.0,J. Allen,2,0.0,7.0,22,44
2023020258,2023-11-18,20232024,REG,BOS,MTL,1,12.0,REG,6.0,5,2,30.0,6.0,J. Swayman,2,2.0,5.0,44,22
2023020259,2023-11-18,20232024,REG,PIT,CAR,0,12.0,REG,2.0,2,4,9.0,6.0,T. Jarry,2,0.0,6.0,28,34
2023020259,2023-11-18,20232024,REG,CAR,PIT,1,14.0,REG,8.0,4,2,18.0,4.0,A. Raanta,2,1.0,8.0,34,28
2023020260,2023-11-18,20232024,REG,NYI,CGY,0,22.0,SO,3.0,5,4,24.0,6.0,I. Sorokin,2,1.0,14.0,33,39
2023020260,2023-11-18,20232024,REG,CGY,NYI,1,17.0,SO,8.0,4,5,25.0,6.0,J. Markstrom,2,0.0,7.0,39,33
2023020261,2023-11-18,20232024,REG,NYR,NJD,0,19.0,REG,13.0,5,3,28.0,2.0,I. Shesterkin,2,1.0,6.0,35,33
2023020261,2023-11-18,20232024,REG,NJD,NYR,1,16.0,REG,15.0,3,5,33.0,4.0,V. Vanecek,2,1.0,13.0,33,35
2023020262,2023-11-18,20232024,REG,ARI,WPG,0,7.0,REG,5.0,2,5,19.0,7.0,K. Vejmelka,2,0.0,2.0,18,26
2023020262,2023-11-18,20232024,REG,WPG,ARI,1,21.0,REG,12.0,5,2,22.0,9.0,L. Brossoit,2,0.0,6.0,26,18
2023020263,2023-11-18,20232024,REG,CBJ,WSH,0,16.0,REG,8.0,3,4,18.0,6.0,E. Merzlikins,2,0.0,4.0,36,26
2023020263,2023-11-18,20232024,REG,WSH,CBJ,1,19.0,REG,16.0,4,3,20.0,6.0,C. Lindgren,2,0.0,15.0,26,36
2023020264,2023-11-18,20232024,REG,COL,DAL,0,13.0,REG,6.0,6,3,27.0,8.0,A. Georgiev,2,1.0,1.0,38,28
2023020264,2023-11-18,20232024,REG,DAL,COL,1,14.0,REG,9.0,3,6,19.0,6.0,J. Oettinger,2,1.0,8.0,28,38
2023020265,2023-11-18,20232024,REG,SEA,VAN,0,17.0,REG,2.0,4,3,29.0,4.0,P. Grubauer,2,0.0,4.0,26,24
2023020265,2023-11-18,20232024,REG,VAN,SEA,1,10.0,REG,5.0,3,4,34.0,6.0,T. Demko,2,0.0,7.0,24,26
2023020266,2023-11-18,20232024,REG,STL,LAK,0,15.0,REG,3.0,1,5,27.0,4.0,J. Binnington,2,0.0,5.0,30,31
2023020266,2023-11-18,20232024,REG,LAK,STL,1,22.0,REG,12.0,5,1,16.0,6.0,C. Talbot,2,1.0,4.0,31,30
2023020267,2023-11-19,20232024,REG,TOR,MIN,0,16.0,OT,4.0,4,3,14.0,6.0,J. Woll,2,1.0,4.0,25,36
2023020267,2023-11-19,20232024,REG,MIN,TOR,1,18.0,OT,6.0,3,4,22.0,4.0,M. Fleury,2,0.0,7.0,36,25
2023020268,2023-11-19,20232024,REG,CBJ,PHI,0,14.0,REG,8.0,2,5,25.0,15.0,S. Martin,2,0.0,3.0,22,27
2023020268,2023-11-19,20232024,REG,PHI,CBJ,1,18.0,REG,5.0,5,2,14.0,15.0,S. Ersson,2,1.0,14.0,27,22
2023020269,2023-11-19,20232024,REG,VGK,PIT,0,21.0,REG,3.0,0,3,20.0,4.0,A. Hill,2,0.0,3.0,38,32
2023020269,2023-11-19,20232024,REG,PIT,VGK,1,17.0,REG,6.0,3,0,19.0,4.0,A. Nedeljkovic,2,0.0,10.0,32,38
2023020270,2023-11-19,20232024,REG,BUF,CHI,0,13.0,REG,13.0,3,2,17.0,6.0,U. Luukkonen,2,1.0,9.0,20,26
2023020270,2023-11-19,20232024,REG,CHI,BUF,1,9.0,REG,11.0,2,3,14.0,6.0,P. Mrazek,2,0.0,17.0,26,20
2023020271,2023-11-19,20232024,REG,STL,ANA,0,13.0,REG,7.0,3,1,8.0,4.0,J. Hofer,2,1.0,3.0,32,31
2023020271,2023-11-19,20232024,REG,ANA,STL,1,10.0,REG,4.0,1,3,16.0,12.0,J. Gibson,2,0.0,9.0,31,32
2023020272,2023-11-20,20232024,REG,EDM,FLA,0,15.0,REG,6.0,3,5,22.0,27.0,C. Pickard,2,0.0,2.0,29,33
2023020272,2023-11-20,20232024,REG,FLA,EDM,1,16.0,REG,8.0,5,3,30.0,17.0,S. Bobrovsky,2,1.0,8.0,33,29
2023020273,2023-11-20,20232024,REG,BOS,TBL,0,23.0,OT,9.0,4,5,21.0,14.0,J. Swayman,2,0.0,6.0,27,47
2023020273,2023-11-20,20232024,REG,TBL,BOS,1,10.0,OT,14.0,5,4,33.0,6.0,J. Johansson,2,1.0,4.0,47,27
2023020274,2023-11-20,20232024,REG,NYR,DAL,0,21.0,REG,7.0,3,6,22.0,2.0,I. Shesterkin,2,1.0,5.0,33,36
2023020274,2023-11-20,20232024,REG,DAL,NYR,1,11.0,REG,8.0,6,3,16.0,8.0,S. Wedgewood,2,1.0,8.0,36,33
2023020275,2023-11-20,20232024,REG,COL,NSH,0,23.0,REG,11.0,3,4,26.0,8.0,A. Georgiev,2,1.0,3.0,29,30
2023020275,2023-11-20,20232024,REG,NSH,COL,1,10.0,REG,14.0,4,3,31.0,10.0,J. Saros,2,0.0,6.0,30,29
2023020276,2023-11-20,20232024,REG,LAK,ARI,0,15.0,REG,7.0,4,1,20.0,17.0,P. Copley,2,0.0,5.0,25,31
2023020276,2023-11-20,20232024,REG,ARI,LAK,1,11.0,REG,12.0,1,4,24.0,21.0,C. Ingram,2,0.0,3.0,31,25
2023020277,2023-11-20,20232024,REG,CGY,SEA,0,20.0,OT,4.0,4,3,23.0,4.0,D. Vladar,2,1.0,13.0,31,31
2023020277,2023-11-20,20232024,REG,SEA,CGY,1,11.0,OT,4.0,3,4,26.0,4.0,P. Grubauer,2,0.0,6.0,31,31
2023020278,2023-11-20,20232024,REG,SJS,VAN,0,18.0,REG,3.0,1,3,24.0,4.0,M. Blackwood,2,1.0,3.0,28,37
2023020278,2023-11-20,20232024,REG,VAN,SJS,1,16.0,REG,5.0,3,1,21.0,17.0,T. Demko,2,0.0,5.0,37,28
2023020279,2023-11-22,20232024,REG,EDM,CAR,0,19.0,REG,12.0,3,6,12.0,10.0,S. Skinner,2,1.0,7.0,23,27
2023020279,2023-11-22,20232024,REG,CAR,EDM,1,18.0,REG,11.0,6,3,16.0,8.0,A. Raanta,2,0.0,9.0,27,23
2023020280,2023-11-22,20232024,REG,CHI,CBJ,0,11.0,REG,5.0,3,7,22.0,6.0,P. Mrazek,2,0.0,5.0,36,26
2023020280,2023-11-22,20232024,REG,CBJ,CHI,1,18.0,REG,7.0,7,3,11.0,8.0,E. Merzlikins,2,1.0,2.0,26,36
2023020281,2023-11-22,20232024,REG,NJD,DET,0,8.0,REG,6.0,0,4,29.0,6.0,V. Vanecek,2,0.0,6.0,16,28
2023020281,2023-11-22,20232024,REG,DET,NJD,1,20.0,REG,5.0,4,0,18.0,4.0,A. Lyon,2,1.0,8.0,28,16
2023020282,2023-11-22,20232024,REG,BOS,FLA,0,23.0,REG,4.0,3,1,20.0,13.0,L. Ullmark,2,0.0,4.0,25,28
2023020282,2023-11-22,20232024,REG,FLA,BOS,1,13.0,REG,3.0,1,3,30.0,13.0,S. Bobrovsky,2,0.0,10.0,28,25
2023020283,2023-11-22,20232024,REG,NYR,PIT,0,25.0,REG,2.0,1,0,22.0,10.0,J. Quick,2,0.0,8.0,36,32
2023020283,2023-11-22,20232024,REG,PIT,NYR,1,14.0,REG,14.0,0,1,14.0,6.0,T. Jarry,2,0.0,4.0,32,36
2023020284,2023-11-22,20232024,REG,WPG,TBL,0,22.0,OT,4.0,3,2,27.0,2.0,C. Hellebuyck,2,1.0,12.0,32,33
2023020284,2023-11-22,20232024,REG,TBL,WPG,1,10.0,OT,11.0,2,3,28.0,4.0,J. Johansson,2,1.0,4.0,33,32
2023020285,2023-11-22,20232024,REG,BUF,WSH,0,12.0,OT,3.0,3,4,13.0,7.0,D. Levi,2,1.0,12.0,27,30
2023020285,2023-11-22,20232024,REG,WSH,BUF,1,20.0,OT,11.0,4,3,22.0,11.0,D. Kuemper,2,0.0,9.0,30,27
2023020286,2023-11-22,20232024,REG,PHI,NYI,0,14.0,REG,2.0,2,3,24.0,6.0,C. Hart,2,0.0,1.0,36,25
2023020286,2023-11-22,20232024,REG,NYI,PHI,1,26.0,REG,14.0,3,2,18.0,4.0,I. Sorokin,2,0.0,2.0,25,36
2023020287,2023-11-22,20232024,REG,STL,ARI,0,15.0,REG,6.0,6,5,17.0,6.0,J. Binnington,2,0.0,5.0,31,25
2023020287,2023-11-22,20232024,REG,ARI,STL,1,13.0,REG,9.0,5,6,14.0,18.0,K. Vejmelka,2,0.0,3.0,25,31
2023020288,2023-11-22,20232024,REG,CGY,NSH,0,14.0,REG,17.0,2,4,22.0,18.0,J. Markstrom,2,0.0,3.0,26,45
2023020288,2023-11-22,20232024,REG,NSH,CGY,1,13.0,REG,10.0,4,2,15.0,18.0,J. Saros,2,1.0,9.0,45,26
2023020289,2023-11-22,20232024,REG,VGK,DAL,0,19.0,OT,1.0,2,1,27.0,6.0,A. Hill,2,1.0,10.0,26,32
2023020289,2023-11-22,20232024,REG,DAL,VGK,1,9.0,OT,4.0,1,2,21.0,8.0,J. Oettinger,2,0.0,10.0,32,26
2023020290,2023-11-22,20232024,REG,MTL,ANA,0,15.0,REG,7.0,4,3,22.0,4.0,S. Montembeault,2,0.0,0.0,28,33
2023020290,2023-11-22,20232024,REG,ANA,MTL,1,14.0,REG,4.0,3,4,33.0,8.0,J. Gibson,2,1.0,10.0,33,28
2023020291,2023-11-22,20232024,REG,VAN,COL,0,23.0,REG,2.0,2,5,12.0,10.0,T. Demko,2,0.0,6.0,29,25
2023020291,2023-11-22,20232024,REG,COL,VAN,1,13.0,REG,4.0,5,2,13.0,21.0,A. Georgiev,2,1.0,7.0,25,29
2023020292,2023-11-22,20232024,REG,SJS,SEA,0,24.0,REG,0.0,1,7,41.0,11.0,K. Kahkonen,2,0.0,8.0,14,30
2023020292,2023-11-22,20232024,REG,SEA,SJS,1,12.0,REG,2.0,7,1,14.0,9.0,J. Daccord,2,1.0,16.0,30,14
2023020293,2023-11-24,20232024,REG,DET,BOS,0,13.0,REG,3.0,5,2,14.0,6.0,V. Husso,2,2.0,8.0,28,27
2023020293,2023-11-24,20232024,REG,BOS,DET,1,8.0,REG,11.0,2,5,22.0,12.0,J. Swayman,2,1.0,5.0,27,28
2023020294,2023-11-24,20232024,REG,NYR,PHI,0,14.0,REG,5.0,3,1,15.0,34.0,I. Shesterkin,2,0.0,8.0,19,37
2023020294,2023-11-24,20232024,REG,PHI,NYR,1,13.0,REG,4.0,1,3,24.0,16.0,C. Hart,2,0.0,4.0,37,19
2023020295,2023-11-24,20232024,REG,TOR,CHI,0,20.0,OT,18.0,3,4,17.0,8.0,I. Samsonov,2,0.0,9.0,37,34
2023020295,2023-11-24,20232024,REG,CHI,TOR,1,19.0,OT,18.0,4,3,22.0,8.0,A. Soderblom,2,0.0,12.0,34,37
2023020296,2023-11-24,20232024,REG,CBJ,NJD,0,22.0,REG,5.0,2,1,23.0,2.0,E. Merzlikins,2,0.0,6.0,28,38
2023020296,2023-11-24,20232024,REG,NJD,CBJ,1,16.0,REG,8.0,1,2,29.0,6.0,A. Schmid,2,0.0,15.0,38,28
2023020297,2023-11-24,20232024,REG,NSH,STL,0,17.0,REG,2.0,8,3,11.0,13.0,K. Lankinen,2,1.0,12.0,35,39
2023020297,2023-11-24,20232024,REG,STL,NSH,1,8.0,REG,5.0,3,8,20.0,15.0,J. Hofer,2,1.0,6.0,39,35
2023020298,2023-11-24,20232024,REG,EDM,WSH,0,9.0,REG,14.0,5,0,17.0,10.0,S. Skinner,2,3.0,6.0,35,25
2023020298,2023-11-24,20232024,REG,WSH,EDM,1,13.0,REG,6.0,0,5,26.0,8.0,C. Lindgren,2,0.0,1.0,25,35
2023020299,2023-11-24,20232024,REG,LAK,ANA,0,12.0,REG,9.0,5,2,26.0,17.0,C. Talbot,2,2.0,4.0,31,31
2023020299,2023-11-24,20232024,REG,ANA,LAK,1,11.0,REG,11.0,2,5,25.0,15.0,J. Gibson,2,1.0,9.0,31,31
2023020300,2023-11-24,20232024,REG,MTL,SJS,0,15.0,SO,5.0,3,2,13.0,4.0,C. Primeau,2,0.0,7.0,24,33
2023020300,2023-11-24,20232024,REG,SJS,MTL,1,19.0,SO,4.0,2,3,23.0,4.0,M. Blackwood,2,1.0,18.0,33,24
2023020301,2023-11-24,20232024,REG,PIT,BUF,0,12.0,REG,3.0,2,3,24.0,12.0,A. Nedeljkovic,2,0.0,4.0,33,34
2023020301,2023-11-24,20232024,REG,BUF,PIT,1,12.0,REG,5.0,3,2,21.0,8.0,U. Luukkonen,2,1.0,12.0,34,33
2023020302,2023-11-24,20232024,REG,NYI,OTT,0,31.0,REG,11.0,5,3,31.0,6.0,S. Varlamov,2,1.0,9.0,26,31
2023020302,2023-11-24,20232024,REG,OTT,NYI,1,17.0,REG,9.0,3,5,28.0,2.0,A. Forsberg,2,1.0,2.0,31,26
2023020303,2023-11-24,20232024,REG,TBL,CAR,0,18.0,REG,5.0,8,2,22.0,34.0,A. Vasilevskiy,2,4.0,9.0,14,24
2023020303,2023-11-24,20232024,REG,CAR,TBL,1,6.0,REG,10.0,2,8,10.0,22.0,A. Raanta,2,1.0,13.0,24,14
2023020304,2023-11-24,20232024,REG,WPG,FLA,0,23.0,REG,4.0,3,0,13.0,15.0,C. Hellebuyck,2,0.0,3.0,31,33
2023020304,2023-11-24,20232024,REG,FLA,WPG,1,9.0,REG,9.0,0,3,19.0,23.0,S. Bobrovsky,2,0.0,3.0,33,31
2023020305,2023-11-24,20232024,REG,CGY,DAL,0,9.0,REG,6.0,7,4,25.0,6.0,J. Markstrom,2,0.0,10.0,27,28
2023020305,2023-11-24,20232024,REG,DAL,CGY,1,19.0,REG,6.0,4,7,13.0,6.0,J. Oettinger,2,1.0,7.0,28,27
2023020306,2023-11-24,20232024,REG,COL,MIN,0,9.0,REG,4.0,3,2,13.0,12.0,A. Georgiev,2,1.0,3.0,25,21
2023020306,2023-11-24,20232024,REG,MIN,COL,1,18.0,REG,6.0,2,3,11.0,14.0,F. Gustavsson,2,1.0,6.0,21,25
2023020307,2023-11-24,20232024,REG,VAN,SEA,0,21.0,REG,3.0,5,1,23.0,13.0,T. Demko,2,0.0,9.0,27,24
2023020307,2023-11-24,20232024,REG,SEA,VAN,1,13.0,REG,3.0,1,5,24.0,19.0,J. Daccord,2,0.0,12.0,24,27
2023020308,2023-11-25,20232024,REG,BOS,NYR,0,13.0,REG,5.0,4,7,18.0,6.0,L. Ullmark,2,1.0,6.0,31,40
2023020308,2023-11-25,20232024,REG,NYR,BOS,1,17.0,REG,5.0,7,4,26.0,4.0,J. Quick,2,1.0,10.0,40,31
2023020309,2023-11-25,20232024,REG,MTL,LAK,0,17.0,REG,4.0,0,4,27.0,4.0,J. Allen,2,0.0,5.0,18,30
2023020309,2023-11-25,20232024,REG,LAK,MTL,1,15.0,REG,4.0,4,0,19.0,6.0,P. Copley,2,0.0,3.0,30,18
2023020310,2023-11-25,20232024,REG,BUF,NJD,0,19.0,REG,0.0,2,7,16.0,4.0,E. Comrie,2,2.0,4.0,12,37
2023020310,2023-11-25,20232024,REG,NJD,BUF,1,9.0,REG,12.0,7,2,42.0,6.0,V. Vanecek,2,1.0,13.0,37,12
2023020311,2023-11-25,20232024,REG,TOR,PIT,0,21.0,REG,3.0,2,3,11.0,6.0,J. Woll,2,0.0,5.0,33,35
2023020311,2023-11-25,20232024,REG,PIT,TOR,1,21.0,REG,4.0,3,2,16.0,6.0,T. Jarry,2,0.0,10.0,35,33
2023020312,2023-11-25,20232024,REG,PHI,NYI,0,26.0,SO,12.0,1,0,27.0,6.0,S. Ersson,2,0.0,7.0,40,25
2023020312,2023-11-25,20232024,REG,NYI,PHI,1,23.0,SO,11.0,0,1,24.0,2.0,I. Sorokin,2,0.0,4.0,25,40
2023020313,2023-11-25,20232024,REG,CGY,COL,0,13.0,REG,2.0,1,3,20.0,10.0,D. Vladar,2,0.0,6.0,30,24
2023020313,2023-11-25,20232024,REG,COL,CGY,1,19.0,REG,7.0,3,1,16.0,8.0,I. Prosvetov,2,1.0,19.0,24,30
2023020314,2023-11-25,20232024,REG,VAN,SJS,0,15.0,REG,3.0,3,4,20.0,16.0,C. DeSmith,2,2.0,4.0,33,22
2023020314,2023-11-25,20232024,REG,SJS,VAN,1,24.0,REG,2.0,4,3,16.0,22.0,K. Kahkonen,2,1.0,7.0,22,33
2023020315,2023-11-25,20232024,REG,ARI,VGK,0,17.0,REG,2.0,2,0,19.0,12.0,C. Ingram,2,0.0,2.0,18,34
2023020315,2023-11-25,20232024,REG,VGK,ARI,1,15.0,REG,4.0,0,2,19.0,6.0,L. Thompson,2,0.0,8.0,34,18
2023020316,2023-11-26,20232024,REG,MIN,DET,0,21.0,REG,6.0,1,4,13.0,14.0,F. Gustavsson,2,1.0,3.0,38,23
2023020316,2023-11-26,20232024,REG,DET,MIN,1,13.0,REG,5.0,4,1,13.0,14.0,A. Lyon,2,2.0,6.0,23,38
2023020317,2023-11-26,20232024,REG,STL,CHI,0,21.0,REG,17.0,4,2,24.0,4.0,J. Binnington,2,1.0,7.0,28,33
2023020317,2023-11-26,20232024,REG,CHI,STL,1,4.0,REG,24.0,2,4,18.0,4.0,A. Soderblom,2,0.0,10.0,33,28
2023020318,2023-11-26,20232024,REG,CBJ,CAR,0,28.0,REG,5.0,2,3,25.0,4.0,E. Merzlikins,2,0.0,7.0,23,43
2023020318,2023-11-26,20232024,REG,CAR,CBJ,1,11.0,REG,11.0,3,2,13.0,0.0,P. Kochetkov,2,0.0,8.0,43,23
2023020319,2023-11-26,20232024,REG,WPG,NSH,0,11.0,REG,10.0,2,3,36.0,4.0,L. Brossoit,2,1.0,4.0,34,26
2023020319,2023-11-26,20232024,REG,NSH,WPG,1,13.0,REG,13.0,3,2,29.0,4.0,J. Saros,2,1.0,8.0,26,34
2023020320,2023-11-26,20232024,REG,ANA,EDM,0,15.0,REG,10.0,2,8,40.0,12.0,L. Dostal,2,0.0,7.0,23,26
2023020320,2023-11-26,20232024,REG,EDM,ANA,1,15.0,REG,9.0,8,2,28.0,6.0,S. Skinner,2,2.0,9.0,26,23
2023020321,2023-11-27,20232024,REG,BOS,CBJ,0,20.0,REG,5.0,2,5,14.0,10.0,J. Swayman,2,0.0,4.0,33,40
2023020321,2023-11-27,20232024,REG,CBJ,BOS,1,11.0,REG,6.0,5,2,18.0,4.0,S. Martin,2,1.0,10.0,40,33
2023020322,2023-11-27,20232024,REG,BUF,NYR,0,18.0,REG,3.0,5,1,15.0,6.0,U. Luukkonen,2,0.0,9.0,39,26
2023020322,2023-11-27,20232024,REG,NYR,BUF,1,16.0,REG,5.0,1,5,23.0,2.0,I. Shesterkin,2,1.0,10.0,26,39
2023020323,2023-11-27,20232024,REG,FLA,OTT,0,12.0,REG,2.0,5,0,28.0,83.0,S. Bobrovsky,2,3.0,9.0,37,20
2023020323,2023-11-27,20232024,REG,OTT,FLA,1,17.0,REG,10.0,0,5,32.0,92.0,J. Korpisalo,2,0.0,6.0,20,37
2023020324,2023-11-27,20232024,REG,TBL,COL,0,12.0,REG,5.0,1,4,14.0,40.0,A. Vasilevskiy,2,0.0,4.0,39,23
2023020324,2023-11-27,20232024,REG,COL,TBL,1,18.0,REG,6.0,4,1,21.0,26.0,A. Georgiev,2,1.0,10.0,23,39
2023020325,2023-11-27,20232024,REG,VGK,CGY,0,26.0,OT,10.0,1,2,21.0,6.0,A. Hill,2,1.0,10.0,28,34
2023020325,2023-11-27,20232024,REG,CGY,VGK,1,10.0,OT,14.0,2,1,30.0,6.0,D. Vladar,2,0.0,4.0,34,28
2023020326,2023-11-27,20232024,REG,WSH,SJS,0,13.0,REG,7.0,1,2,22.0,6.0,D. Kuemper,2,0.0,9.0,34,23
2023020326,2023-11-27,20232024,REG,SJS,WSH,1,13.0,REG,9.0,2,1,22.0,6.0,M. Blackwood,2,1.0,13.0,23,34
2023020327,2023-11-28,20232024,REG,NYI,NJD,0,22.0,REG,4.0,4,5,25.0,13.0,I. Sorokin,2,1.0,3.0,26,33
2023020327,2023-11-28,20232024,REG,NJD,NYI,1,5.0,REG,7.0,5,4,25.0,13.0,V. Vanecek,2,1.0,5.0,33,26
2023020328,2023-11-28,20232024,REG,CAR,PHI,0,15.0,REG,8.0,4,1,9.0,4.0,P. Kochetkov,2,0.0,6.0,36,29
2023020328,2023-11-28,20232024,REG,PHI,CAR,1,25.0,REG,5.0,1,4,11.0,4.0,C. Hart,2,0.0,2.0,29,36
2023020329,2023-11-28,20232024,REG,FLA,TOR,0,13.0,SO,3.0,1,2,46.0,15.0,A. Stolarz,2,0.0,13.0,39,32
2023020329,2023-11-28,20232024,REG,TOR,FLA,1,25.0,SO,20.0,2,1,44.0,9.0,J. Woll,2,0.0,5.0,32,39
2023020330,2023-11-28,20232024,REG,STL,MIN,0,13.0,REG,6.0,1,3,14.0,2.0,J. Binnington,2,0.0,4.0,24,37
2023020330,2023-11-28,20232024,REG,MIN,STL,1,25.0,REG,9.0,3,1,16.0,8.0,F. Gustavsson,2,0.0,7.0,37,24
2023020331,2023-11-28,20232024,REG,PIT,NSH,0,16.0,OT,15.0,2,3,16.0,11.0,T. Jarry,2,0.0,4.0,31,25
2023020331,2023-11-28,20232024,REG,NSH,PIT,1,8.0,OT,11.0,3,2,33.0,9.0,J. Saros,2,0.0,9.0,25,31
2023020332,2023-11-28,20232024,REG,DAL,WPG,0,15.0,REG,3.0,2,0,16.0,8.0,J. Oettinger,2,0.0,3.0,21,27
2023020332,2023-11-28,20232024,REG,WPG,DAL,1,17.0,REG,3.0,0,2,22.0,2.0,C. Hellebuyck,2,0.0,4.0,27,21
2023020333,2023-11-28,20232024,REG,SEA,CHI,0,13.0,REG,10.0,3,4,14.0,8.0,P. Grubauer,2,0.0,6.0,36,23
2023020333,2023-11-28,20232024,REG,CHI,SEA,1,23.0,REG,22.0,4,3,15.0,14.0,P. Mrazek,2,0.0,18.0,23,36
2023020334,2023-11-28,20232024,REG,TBL,ARI,0,9.0,REG,8.0,1,3,22.0,9.0,J. Johansson,2,0.0,6.0,31,27
2023020334,2023-11-28,20232024,REG,ARI,TBL,1,24.0,REG,11.0,3,1,18.0,9.0,C. Ingram,2,0.0,3.0,27,31
2023020335,2023-11-28,20232024,REG,VGK,EDM,0,21.0,SO,22.0,4,5,31.0,6.0,L. Thompson,2,0.0,5.0,27,34
2023020335,2023-11-28,20232024,REG,EDM,VGK,1,21.0,SO,12.0,5,4,31.0,12.0,S. Skinner,2,1.0,15.0,34,27
2023020336,2023-11-28,20232024,REG,ANA,VAN,0,13.0,REG,2.0,1,3,35.0,10.0,J. Gibson,2,1.0,2.0,31,27
2023020336,2023-11-28,20232024,REG,VAN,ANA,1,12.0,REG,3.0,3,1,27.0,6.0,T. Demko,2,1.0,4.0,27,31
2023020337,2023-11-29,20232024,REG,MTL,CBJ,0,12.0,REG,4.0,4,2,21.0,4.0,S. Montembeault,2,0.0,5.0,31,28
2023020337,2023-11-29,20232024,REG,CBJ,MTL,1,18.0,REG,5.0,2,4,25.0,2.0,E. Merzlikins,2,0.0,9.0,28,31
2023020338,2023-11-29,20232024,REG,DET,NYR,0,25.0,REG,2.0,2,3,8.0,8.0,V. Husso,2,1.0,8.0,27,41
2023020338,2023-11-29,20232024,REG,NYR,DET,1,15.0,REG,6.0,3,2,18.0,14.0,I. Shesterkin,2,0.0,8.0,41,27
2023020339,2023-11-29,20232024,REG,WSH,LAK,0,18.0,REG,5.0,2,1,26.0,6.0,C. Lindgren,2,0.0,3.0,15,39
2023020339,2023-11-29,20232024,REG,LAK,WSH,1,10.0,REG,9.0,1,2,20.0,0.0,C. Talbot,2,0.0,6.0,39,15
2023020340,2023-11-30,20232024,REG,SJS,BOS,0,9.0,REG,5.0,0,3,33.0,20.0,M. Blackwood,2,0.0,11.0,26,37
2023020340,2023-11-30,20232024,REG,BOS,SJS,1,12.0,REG,7.0,3,0,22.0,22.0,J. Swayman,2,1.0,10.0,37,26
2023020341,2023-11-30,20232024,REG,NYI,CAR,0,31.0,OT,7.0,5,4,22.0,6.0,S. Varlamov,2,1.0,10.0,16,43
2023020341,2023-11-30,20232024,REG,CAR,NYI,1,10.0,OT,8.0,4,5,15.0,4.0,P. Kochetkov,2,0.0,8.0,43,16
2023020342,2023-11-30,20232024,REG,CHI,DET,0,6.0,REG,6.0,1,5,13.0,10.0,P. Mrazek,2,1.0,5.0,35,29
2023020342,2023-11-30,20232024,REG,DET,CHI,1,15.0,REG,10.0,5,1,12.0,18.0,A. Lyon,2,2.0,5.0,29,35
2023020343,2023-11-30,20232024,REG,FLA,MTL,0,13.0,REG,19.0,5,1,18.0,17.0,S. Bobrovsky,2,1.0,7.0,29,22
2023020343,2023-11-30,20232024,REG,MTL,FLA,1,15.0,REG,13.0,1,5,17.0,13.0,C. Primeau,2,0.0,10.0,22,29
2023020344,2023-11-30,20232024,REG,NJD,PHI,0,14.0,OT,12.0,4,3,11.0,12.0,A. Schmid,2,1.0,3.0,35,47
2023020344,2023-11-30,20232024,REG,PHI,NJD,1,15.0,OT,6.0,3,4,18.0,23.0,C. Hart,2,2.0,5.0,47,35
2023020345,2023-11-30,20232024,REG,PIT,TBL,0,16.0,REG,2.0,4,2,24.0,4.0,T. Jarry,2,0.0,6.0,29,41
2023020345,2023-11-30,20232024,REG,TBL,PIT,1,18.0,REG,10.0,2,4,15.0,2.0,A. Vasilevskiy,2,1.0,9.0,41,29
2023020346,2023-11-30,20232024,REG,SEA,TOR,0,14.0,SO,9.0,3,4,27.0,8.0,P. Grubauer,2,1.0,6.0,40,28
2023020346,2023-11-30,20232024,REG,TOR,SEA,1,22.0,SO,10.0,4,3,20.0,12.0,J. Woll,2,1.0,6.0,28,40
2023020347,2023-11-30,20232024,REG,MIN,NSH,0,14.0,REG,4.0,6,1,23.0,17.0,F. Gustavsson,2,1.0,6.0,31,27
2023020347,2023-11-30,20232024,REG,NSH,MIN,1,9.0,REG,11.0,1,6,37.0,15.0,J. Saros,2,0.0,6.0,27,31
2023020348,2023-11-30,20232024,REG,BUF,STL,0,6.0,REG,3.0,4,6,6.0,4.0,U. Luukkonen,2,0.0,8.0,46,20
2023020348,2023-11-30,20232024,REG,STL,BUF,1,12.0,REG,12.0,6,4,16.0,6.0,J. Binnington,2,1.0,7.0,20,46
2023020349,2023-11-30,20232024,REG,EDM,WPG,0,8.0,REG,6.0,3,1,23.0,6.0,S. Skinner,2,1.0,4.0,39,26
2023020349,2023-11-30,20232024,REG,WPG,EDM,1,18.0,REG,9.0,1,3,24.0,4.0,C. Hellebuyck,2,1.0,6.0,26,39
2023020350,2023-11-30,20232024,REG,COL,ARI,0,15.0,OT,11.0,3,4,26.0,11.0,A. Georgiev,2,2.0,4.0,31,32
2023020350,2023-11-30,20232024,REG,ARI,COL,1,17.0,OT,6.0,4,3,18.0,11.0,C. Ingram,2,1.0,1.0,32,31
2023020351,2023-11-30,20232024,REG,DAL,CGY,0,21.0,OT,5.0,3,4,18.0,4.0,S. Wedgewood,2,0.0,5.0,16,36
2023020351,2023-11-30,20232024,REG,CGY,DAL,1,23.0,OT,8.0,4,3,15.0,0.0,J. Markstrom,2,0.0,8.0,36,16
2023020352,2023-11-30,20232024,REG,WSH,ANA,0,19.0,REG,9.0,5,4,14.0,14.0,D. Kuemper,2,2.0,13.0,26,32
2023020352,2023-11-30,20232024,REG,ANA,WSH,1,13.0,REG,8.0,4,5,15.0,16.0,J. Gibson,2,0.0,16.0,32,26
2023020353,2023-11-30,20232024,REG,VGK,VAN,0,14.0,REG,5.0,4,1,25.0,6.0,A. Hill,2,1.0,6.0,44,22
2023020353,2023-11-30,20232024,REG,VAN,VGK,1,9.0,REG,9.0,1,4,22.0,6.0,T. Demko,2,0.0,3.0,22,44
2023020354,2023-12-01,20232024,REG,OTT,CBJ,0,11.0,REG,0.0,2,4,23.0,4.0,J. Korpisalo,2,1.0,3.0,43,23
2023020354,2023-12-01,20232024,REG,CBJ,OTT,1,17.0,REG,0.0,4,2,26.0,10.0,E. Merzlikins,2,2.0,11.0,23,43
2023020355,2023-12-01,20232024,REG,SJS,NJD,0,31.0,REG,1.0,6,3,29.0,4.0,K. Kahkonen,2,0.0,8.0,18,47
2023020355,2023-12-01,20232024,REG,NJD,SJS,1,10.0,REG,4.0,3,6,18.0,0.0,A. Schmid,2,1.0,6.0,47,18
2023020356,2023-12-02,20232024,REG,TBL,DAL,0,9.0,REG,8.0,1,8,34.0,4.0,A. Vasilevskiy,2,1.0,2.0,33,34
2023020356,2023-12-02,20232024,REG,DAL,TBL,1,10.0,REG,4.0,8,1,13.0,12.0,J. Oettinger,2,2.0,6.0,34,33
2023020357,2023-12-02,20232024,REG,CHI,WPG,0,16.0,REG,7.0,1,3,30.0,8.0,A. Soderblom,2,0.0,4.0,21,28
2023020357,2023-12-02,20232024,REG,WPG,CHI,1,14.0,REG,8.0,3,1,22.0,4.0,C. Hellebuyck,2,1.0,10.0,28,21
2023020358,2023-12-02,20232024,REG,NYR,NSH,0,19.0,REG,12.0,4,3,30.0,8.0,I. Shesterkin,2,1.0,7.0,25,40
2023020358,2023-12-02,20232024,REG,NSH,NYR,1,16.0,REG,15.0,3,4,35.0,2.0,K. Lankinen,2,1.0,6.0,40,25
2023020359,2023-12-02,20232024,REG,NYI,FLA,0,25.0,REG,4.0,4,3,27.0,4.0,I. Sorokin,2,1.0,7.0,27,45
2023020359,2023-12-02,20232024,REG,FLA,NYI,1,19.0,REG,5.0,3,4,23.0,4.0,A. Stolarz,2,0.0,3.0,45,27
2023020360,2023-12-02,20232024,REG,BUF,CAR,0,16.0,REG,13.0,2,6,24.0,13.0,E. Comrie,2,0.0,5.0,22,37
2023020360,2023-12-02,20232024,REG,CAR,BUF,1,8.0,REG,16.0,6,2,14.0,19.0,P. Kochetkov,2,2.0,6.0,37,22
2023020361,2023-12-02,20232024,REG,DET,MTL,0,21.0,OT,17.0,5,4,18.0,10.0,V. Husso,2,1.0,9.0,33,30
2023020361,2023-12-02,20232024,REG,MTL,DET,1,14.0,OT,11.0,4,5,19.0,6.0,J. Allen,2,1.0,5.0,30,33
2023020362,2023-12-02,20232024,REG,SEA,OTT,0,8.0,REG,10.0,0,2,18.0,6.0,J. Daccord,2,0.0,11.0,39,28
2023020362,2023-12-02,20232024,REG,OTT,SEA,1,23.0,REG,18.0,2,0,18.0,4.0,A. Forsberg,2,0.0,8.0,28,39
2023020363,2023-12-02,20232024,REG,PHI,PIT,0,26.0,SO,4.0,4,3,39.0,8.0,S. Ersson,2,1.0,11.0,33,32
2023020363,2023-12-02,20232024,REG,PIT,PHI,1,11.0,SO,15.0,3,4,24.0,8.0,T. Jarry,2,0.0,12.0,32,33
2023020364,2023-12-02,20232024,REG,BOS,TOR,0,17.0,OT,8.0,4,3,44.0,2.0,L. Ullmark,2,0.0,5.0,37,40
2023020364,2023-12-02,20232024,REG,TOR,BOS,1,19.0,OT,12.0,3,4,42.0,2.0,J. Woll,2,0.0,17.0,40,37
2023020365,2023-12-02,20232024,REG,STL,ARI,0,7.0,REG,6.0,1,4,27.0,6.0,J. Hofer,2,0.0,1.0,32,22
2023020365,2023-12-02,20232024,REG,ARI,STL,1,19.0,REG,5.0,4,1,16.0,6.0,C. Ingram,2,1.0,4.0,22,32
2023020366,2023-12-02,20232024,REG,COL,ANA,0,13.0,SO,13.0,3,4,20.0,6.0,I. Prosvetov,2,0.0,10.0,37,37
2023020366,2023-12-02,20232024,REG,ANA,COL,1,21.0,SO,20.0,4,3,25.0,6.0,J. Gibson,2,2.0,12.0,37,37
2023020367,2023-12-02,20232024,REG,VAN,CGY,0,18.0,REG,4.0,4,3,18.0,10.0,T. Demko,2,0.0,8.0,22,24
2023020367,2023-12-02,20232024,REG,CGY,VAN,1,10.0,REG,13.0,3,4,20.0,8.0,J. Markstrom,2,2.0,9.0,24,22
2023020368,2023-12-02,20232024,REG,WSH,VGK,0,9.0,REG,4.0,1,4,21.0,10.0,D. Kuemper,2,0.0,5.0,22,36
2023020368,2023-12-02,20232024,REG,VGK,WSH,1,22.0,REG,3.0,4,1,25.0,4.0,L. Thompson,2,1.0,13.0,36,22
2023020369,2023-12-03,20232024,REG,CHI,MIN,0,18.0,REG,3.0,1,4,31.0,6.0,P. Mrazek,2,1.0,5.0,29,34
2023020369,2023-12-03,20232024,REG,MIN,CHI,1,9.0,REG,11.0,4,1,21.0,6.0,M. Fleury,2,2.0,8.0,34,29
2023020370,2023-12-03,20232024,REG,SJS,NYR,0,17.0,REG,6.0,5,6,23.0,6.0,M. Blackwood,2,1.0,1.0,28,36
2023020370,2023-12-03,20232024,REG,NYR,SJS,1,14.0,REG,8.0,6,5,22.0,4.0,J. Quick,2,1.0,6.0,36,28
2023020371,2023-12-03,20232024,REG,CBJ,BOS,0,21.0,REG,7.0,1,3,20.0,10.0,S. Martin,2,0.0,12.0,25,28
2023020371,2023-12-03,20232024,REG,BOS,CBJ,1,15.0,REG,5.0,3,1,28.0,8.0,J. Swayman,2,2.0,9.0,28,25
2023020372,2023-12-03,20232024,REG,NSH,BUF,0,12.0,REG,2.0,2,1,25.0,2.0,J. Saros,2,0.0,4.0,29,35
2023020372,2023-12-03,20232024,REG,BUF,NSH,1,14.0,REG,4.0,1,2,19.0,4.0,U. Luukkonen,2,0.0,5.0,35,29
2023020373,2023-12-03,20232024,REG,COL,LAK,0,18.0,REG,8.0,1,4,16.0,2.0,A. Georgiev,2,0.0,3.0,21,38
2023020373,2023-12-03,20232024,REG,LAK,COL,1,17.0,REG,6.0,4,1,13.0,4.0,C. Talbot,2,0.0,6.0,38,21
2023020374,2023-12-04,20232024,REG,PIT,PHI,0,13.0,OT,8.0,1,2,9.0,2.0,A. Nedeljkovic,2,0.0,8.0,32,33
2023020374,2023-12-04,20232024,REG,PHI,PIT,1,12.0,OT,13.0,2,1,26.0,4.0,C. Hart,2,0.0,7.0,33,32
2023020375,2023-12-04,20232024,REG,DAL,TBL,0,13.0,REG,10.0,0,4,20.0,4.0,J. Oettinger,2,0.0,5.0,25,23
2023020375,2023-12-04,20232024,REG,TBL,DAL,1,24.0,REG,13.0,4,0,23.0,4.0,A. Vasilevskiy,2,0.0,10.0,23,25
2023020376,2023-12-04,20232024,REG,SEA,MTL,0,6.0,REG,10.0,2,4,26.0,2.0,P. Grubauer,2,1.0,8.0,33,30
2023020376,2023-12-04,20232024,REG,MTL,SEA,1,21.0,REG,9.0,4,2,16.0,4.0,S. Montembeault,2,1.0,4.0,30,33
2023020377,2023-12-04,20232024,REG,CAR,WPG,0,10.0,REG,7.0,1,2,11.0,2.0,A. Raanta,2,0.0,4.0,43,22
2023020377,2023-12-04,20232024,REG,WPG,CAR,1,18.0,REG,12.0,2,1,22.0,6.0,L. Brossoit,2,0.0,7.0,22,43
2023020378,2023-12-04,20232024,REG,WSH,ARI,0,12.0,REG,4.0,0,6,21.0,10.0,D. Kuemper,2,0.0,4.0,26,27
2023020378,2023-12-04,20232024,REG,ARI,WSH,1,21.0,REG,5.0,6,0,17.0,10.0,C. Ingram,2,2.0,10.0,27,26
2023020379,2023-12-04,20232024,REG,STL,VGK,0,17.0,OT,3.0,2,1,16.0,6.0,J. Binnington,2,0.0,8.0,27,34
2023020379,2023-12-04,20232024,REG,VGK,STL,1,23.0,OT,9.0,1,2,23.0,2.0,L. Thompson,2,1.0,14.0,34,27
2023020380,2023-12-05,20232024,REG,DET,BUF,0,18.0,REG,2.0,5,3,16.0,10.0,A. Lyon,2,1.0,3.0,27,32
2023020380,2023-12-05,20232024,REG,BUF,DET,1,9.0,REG,3.0,3,5,18.0,8.0,E. Comrie,2,2.0,5.0,32,27
2023020381,2023-12-05,20232024,REG,LAK,CBJ,0,17.0,OT,4.0,4,3,15.0,2.0,P. Copley,2,0.0,2.0,39,29
2023020381,2023-12-05,20232024,REG,CBJ,LAK,1,12.0,OT,2.0,3,4,17.0,4.0,E. Merzlikins,2,1.0,8.0,29,39
2023020382,2023-12-05,20232024,REG,NYR,OTT,0,19.0,REG,11.0,2,6,18.0,11.0,I. Shesterkin,2,1.0,7.0,35,36
2023020382,2023-12-05,20232024,REG,OTT,NYR,1,9.0,REG,12.0,6,2,15.0,13.0,A. Forsberg,2,0.0,8.0,36,35
2023020383,2023-12-05,20232024,REG,SJS,NYI,0,17.0,OT,5.0,5,4,17.0,6.0,K. Kahkonen,2,0.0,3.0,37,39
2023020383,2023-12-05,20232024,REG,NYI,SJS,1,20.0,OT,10.0,4,5,21.0,4.0,I. Sorokin,2,2.0,7.0,39,37
2023020384,2023-12-05,20232024,REG,NSH,CHI,0,16.0,SO,9.0,4,3,22.0,4.0,J. Saros,2,1.0,6.0,30,28
2023020384,2023-12-05,20232024,REG,CHI,NSH,1,18.0,SO,22.0,3,4,11.0,4.0,A. Soderblom,2,0.0,18.0,28,30
2023020385,2023-12-05,20232024,REG,MIN,CGY,0,19.0,REG,5.0,5,2,16.0,13.0,F. Gustavsson,2,1.0,1.0,29,30
2023020385,2023-12-05,20232024,REG,CGY,MIN,1,16.0,REG,15.0,2,5,28.0,13.0,D. Vladar,2,0.0,6.0,30,29
2023020386,2023-12-05,20232024,REG,ANA,COL,0,15.0,REG,4.0,2,3,21.0,4.0,J. Gibson,2,1.0,7.0,33,30
2023020386,2023-12-05,20232024,REG,COL,ANA,1,18.0,REG,9.0,3,2,18.0,6.0,A. Georgiev,2,0.0,9.0,30,33
2023020387,2023-12-05,20232024,REG,NJD,VAN,0,6.0,REG,7.0,6,5,27.0,8.0,V. Vanecek,2,1.0,3.0,32,33
2023020387,2023-12-05,20232024,REG,VAN,NJD,1,14.0,REG,10.0,5,6,33.0,2.0,T. Demko,2,1.0,5.0,33,32
2023020388,2023-12-06,20232024,REG,DAL,FLA,0,15.0,REG,9.0,4,5,23.0,4.0,J. Oettinger,2,2.0,4.0,33,31
2023020388,2023-12-06,20232024,REG,FLA,DAL,1,12.0,REG,8.0,5,4,20.0,10.0,S. Bobrovsky,2,1.0,6.0,31,33
2023020389,2023-12-06,20232024,REG,PIT,TBL,0,10.0,REG,5.0,1,3,21.0,8.0,T. Jarry,2,0.0,6.0,25,27
2023020389,2023-12-06,20232024,REG,TBL,PIT,1,27.0,REG,9.0,3,1,15.0,8.0,A. Vasilevskiy,2,2.0,7.0,27,25
2023020390,2023-12-06,20232024,REG,VGK,STL,0,20.0,REG,6.0,6,3,12.0,6.0,L. Thompson,2,2.0,8.0,49,29
2023020390,2023-12-06,20232024,REG,STL,VGK,1,17.0,REG,12.0,3,6,26.0,12.0,J. Binnington,2,0.0,12.0,29,49
2023020391,2023-12-06,20232024,REG,CAR,EDM,0,7.0,REG,7.0,1,6,25.0,2.0,P. Kochetkov,2,0.0,13.0,39,34
2023020391,2023-12-06,20232024,REG,EDM,CAR,1,17.0,REG,16.0,6,1,21.0,4.0,S. Skinner,2,0.0,22.0,34,39
2023020392,2023-12-07,20232024,REG,BUF,BOS,0,20.0,REG,7.0,3,1,33.0,2.0,D. Levi,2,0.0,12.0,35,32
2023020392,2023-12-07,20232024,REG,BOS,BUF,1,11.0,REG,6.0,1,3,34.0,4.0,L. Ullmark,2,0.0,7.0,32,35
2023020393,2023-12-07,20232024,REG,SJS,DET,0,10.0,OT,3.0,6,5,15.0,6.0,M. Blackwood,2,0.0,3.0,36,31
2023020393,2023-12-07,20232024,REG,DET,SJS,1,16.0,OT,7.0,5,6,19.0,6.0,V. Husso,2,0.0,2.0,31,36
2023020394,2023-12-07,20232024,REG,LAK,MTL,0,18.0,REG,21.0,4,0,22.0,13.0,C. Talbot,2,1.0,3.0,42,24
2023020394,2023-12-07,20232024,REG,MTL,LAK,1,9.0,REG,8.0,0,4,16.0,9.0,S. Montembeault,2,0.0,1.0,24,42
2023020395,2023-12-07,20232024,REG,TOR,OTT,0,22.0,REG,6.0,4,3,30.0,4.0,J. Woll,2,0.0,8.0,22,41
2023020395,2023-12-07,20232024,REG,OTT,TOR,1,21.0,REG,14.0,3,4,18.0,2.0,A. Forsberg,2,0.0,5.0,41,22
2023020396,2023-12-07,20232024,REG,DAL,WSH,0,16.0,SO,9.0,5,4,15.0,6.0,S. Wedgewood,2,1.0,6.0,38,27
2023020396,2023-12-07,20232024,REG,WSH,DAL,1,24.0,SO,11.0,4,5,26.0,2.0,C. Lindgren,2,1.0,9.0,27,38
2023020397,2023-12-07,20232024,REG,CBJ,NYI,0,14.0,REG,11.0,3,7,21.0,4.0,S. Martin,2,0.0,4.0,35,36
2023020397,2023-12-07,20232024,REG,NYI,CBJ,1,22.0,REG,11.0,7,3,21.0,2.0,S. Varlamov,2,1.0,4.0,36,35
2023020398,2023-12-07,20232024,REG,TBL,NSH,0,16.0,REG,12.0,1,5,19.0,23.0,J. Johansson,2,0.0,5.0,33,30
2023020398,2023-12-07,20232024,REG,NSH,TBL,1,15.0,REG,11.0,5,1,22.0,13.0,J. Saros,2,2.0,9.0,30,33
2023020399,2023-12-07,20232024,REG,ANA,CHI,0,7.0,REG,8.0,0,1,19.0,8.0,L. Dostal,2,0.0,5.0,37,25
2023020399,2023-12-07,20232024,REG,CHI,ANA,1,20.0,REG,10.0,1,0,13.0,6.0,P. Mrazek,2,1.0,7.0,25,37
2023020400,2023-12-07,20232024,REG,PHI,ARI,0,23.0,REG,5.0,4,1,22.0,6.0,C. Hart,2,0.0,0.0,26,26
2023020400,2023-12-07,20232024,REG,ARI,PHI,1,9.0,REG,16.0,1,4,19.0,0.0,C. Ingram,2,0.0,4.0,26,26
2023020401,2023-12-07,20232024,REG,CAR,CGY,0,11.0,REG,3.0,2,3,24.0,2.0,P. Kochetkov,2,0.0,4.0,30,27
2023020401,2023-12-07,20232024,REG,CGY,CAR,1,19.0,REG,9.0,3,2,19.0,2.0,D. Wolf,2,0.0,9.0,27,30
2023020402,2023-12-07,20232024,REG,WPG,COL,0,12.0,REG,0.0,4,2,14.0,8.0,C. Hellebuyck,2,0.0,4.0,28,34
2023020402,2023-12-07,20232024,REG,COL,WPG,1,15.0,REG,8.0,2,4,12.0,2.0,A. Georgiev,2,0.0,8.0,34,28
2023020403,2023-12-07,20232024,REG,NJD,SEA,0,16.0,REG,4.0,2,1,19.0,4.0,A. Schmid,2,0.0,10.0,17,38
2023020403,2023-12-07,20232024,REG,SEA,NJD,1,11.0,REG,1.0,1,2,30.0,6.0,P. Grubauer,2,0.0,11.0,38,17
2023020404,2023-12-07,20232024,REG,MIN,VAN,0,11.0,REG,7.0,0,2,17.0,14.0,F. Gustavsson,2,0.0,1.0,26,17
2023020404,2023-12-07,20232024,REG,VAN,MIN,1,22.0,REG,6.0,2,0,26.0,12.0,C. DeSmith,2,0.0,3.0,17,26
2023020405,2023-12-08,20232024,REG,STL,CBJ,0,8.0,REG,2.0,2,5,12.0,4.0,J. Hofer,2,0.0,3.0,43,22
2023020405,2023-12-08,20232024,REG,CBJ,STL,1,17.0,REG,4.0,5,2,19.0,8.0,J. Greaves,2,1.0,6.0,22,43
2023020406,2023-12-08,20232024,REG,PIT,FLA,0,20.0,REG,9.0,1,3,28.0,4.0,T. Jarry,2,0.0,4.0,26,33
2023020406,2023-12-08,20232024,REG,FLA,PIT,1,13.0,REG,10.0,3,1,31.0,6.0,S. Bobrovsky,2,0.0,3.0,33,26
2023020407,2023-12-08,20232024,REG,MIN,EDM,0,16.0,REG,7.0,3,4,24.0,10.0,M. Fleury,2,0.0,10.0,20,40
2023020407,2023-12-08,20232024,REG,EDM,MIN,1,15.0,REG,11.0,4,3,17.0,6.0,S. Skinner,2,2.0,10.0,40,20
2023020408,2023-12-09,20232024,REG,ARI,BOS,0,11.0,REG,15.0,3,5,20.0,6.0,C. Ingram,2,0.0,9.0,33,29
2023020408,2023-12-09,20232024,REG,BOS,ARI,1,17.0,REG,9.0,5,3,25.0,10.0,L. Ullmark,2,1.0,9.0,29,33
2023020409,2023-12-09,20232024,REG,NJD,CGY,0,16.0,REG,9.0,4,2,22.0,0.0,V. Vanecek,2,0.0,14.0,30,25
2023020409,2023-12-09,20232024,REG,CGY,NJD,1,19.0,REG,9.0,2,4,14.0,2.0,D. Wolf,2,0.0,14.0,25,30
2023020410,2023-12-09,20232024,REG,VGK,DAL,0,16.0,REG,9.0,6,1,22.0,6.0,L. Thompson,2,0.0,13.0,27,20
2023020410,2023-12-09,20232024,REG,DAL,VGK,1,10.0,REG,7.0,1,6,19.0,4.0,J. Oettinger,2,0.0,9.0,20,27
2023020411,2023-12-09,20232024,REG,MTL,BUF,0,15.0,SO,3.0,3,2,16.0,15.0,C. Primeau,2,1.0,3.0,31,48
2023020411,2023-12-09,20232024,REG,BUF,MTL,1,9.0,SO,7.0,2,3,25.0,24.0,D. Levi,2,0.0,6.0,48,31
2023020412,2023-12-09,20232024,REG,OTT,DET,0,15.0,REG,3.0,5,1,13.0,17.0,J. Korpisalo,2,2.0,6.0,37,31
2023020412,2023-12-09,20232024,REG,DET,OTT,1,18.0,REG,8.0,1,5,15.0,28.0,A. Lyon,2,1.0,3.0,31,37
2023020413,2023-12-09,20232024,REG,NSH,TOR,0,16.0,REG,13.0,0,4,36.0,15.0,K. Lankinen,2,0.0,9.0,18,37
2023020413,2023-12-09,20232024,REG,TOR,NSH,1,15.0,REG,12.0,4,0,31.0,11.0,I. Samsonov,2,1.0,15.0,37,18
2023020414,2023-12-09,20232024,REG,NYR,WSH,0,9.0,REG,1.0,0,4,21.0,11.0,I. Shesterkin,2,0.0,6.0,31,29
2023020414,2023-12-09,20232024,REG,WSH,NYR,1,12.0,REG,11.0,4,0,19.0,7.0,C. Lindgren,2,0.0,10.0,29,31
2023020415,2023-12-09,20232024,REG,LAK,NYI,0,11.0,OT,9.0,2,3,22.0,13.0,C. Talbot,2,1.0,9.0,35,30
2023020415,2023-12-09,20232024,REG,NYI,LAK,1,21.0,OT,14.0,3,2,28.0,13.0,I. Sorokin,2,0.0,2.0,30,35
2023020416,2023-12-09,20232024,REG,STL,CHI,0,10.0,REG,4.0,1,3,18.0,11.0,J. Binnington,2,0.0,7.0,39,24
2023020416,2023-12-09,20232024,REG,CHI,STL,1,16.0,REG,11.0,3,1,20.0,11.0,P. Mrazek,2,0.0,12.0,24,39
2023020417,2023-12-09,20232024,REG,PHI,COL,0,23.0,REG,10.0,5,2,23.0,4.0,C. Hart,2,0.0,12.0,34,38
2023020417,2023-12-09,20232024,REG,COL,PHI,1,12.0,REG,17.0,2,5,22.0,2.0,I. Prosvetov,2,0.0,15.0,38,34
2023020418,2023-12-09,20232024,REG,TBL,SEA,0,22.0,OT,4.0,4,3,18.0,12.0,A. Vasilevskiy,2,0.0,7.0,30,29
2023020418,2023-12-09,20232024,REG,SEA,TBL,1,14.0,OT,5.0,3,4,25.0,6.0,P. Grubauer,2,1.0,11.0,29,30
2023020419,2023-12-09,20232024,REG,CAR,VAN,0,5.0,REG,1.0,3,4,13.0,6.0,A. Raanta,2,1.0,4.0,24,24
2023020419,2023-12-09,20232024,REG,VAN,CAR,1,18.0,REG,4.0,4,3,27.0,6.0,T. Demko,2,0.0,5.0,24,24
2023020420,2023-12-10,20232024,REG,FLA,CBJ,0,15.0,REG,1.0,5,2,11.0,16.0,A. Stolarz,2,1.0,3.0,35,19
2023020420,2023-12-10,20232024,REG,CBJ,FLA,1,20.0,REG,6.0,2,5,21.0,39.0,J. Greaves,2,0.0,1.0,19,35
2023020421,2023-12-10,20232024,REG,NJD,EDM,0,11.0,REG,9.0,1,4,14.0,6.0,A. Schmid,2,0.0,6.0,26,30
2023020421,2023-12-10,20232024,REG,EDM,NJD,1,22.0,REG,7.0,4,1,21.0,8.0,C. Pickard,2,1.0,6.0,30,26
2023020422,2023-12-10,20232024,REG,WSH,CHI,0,15.0,REG,9.0,4,2,19.0,32.0,D. Kuemper,2,0.0,3.0,27,34
2023020422,2023-12-10,20232024,REG,CHI,WSH,1,15.0,REG,13.0,2,4,18.0,6.0,A. Soderblom,2,0.0,14.0,34,27
2023020423,2023-12-10,20232024,REG,NSH,MTL,0,12.0,REG,14.0,2,1,34.0,10.0,J. Saros,2,1.0,9.0,32,37
2023020423,2023-12-10,20232024,REG,MTL,NSH,1,15.0,REG,8.0,1,2,33.0,8.0,J. Allen,2,0.0,4.0,37,32
2023020424,2023-12-10,20232024,REG,LAK,NYR,0,12.0,REG,5.0,1,4,17.0,26.0,P. Copley,2,1.0,4.0,26,27
2023020424,2023-12-10,20232024,REG,NYR,LAK,1,10.0,REG,5.0,4,1,24.0,20.0,J. Quick,2,2.0,7.0,27,26
2023020425,2023-12-10,20232024,REG,WPG,ANA,0,13.0,REG,5.0,4,2,14.0,9.0,C. Hellebuyck,2,0.0,7.0,31,26
2023020425,2023-12-10,20232024,REG,ANA,WPG,1,15.0,REG,6.0,2,4,17.0,26.0,J. Gibson,2,1.0,3.0,26,31
2023020426,2023-12-10,20232024,REG,MIN,SEA,0,25.0,REG,4.0,3,0,16.0,6.0,F. Gustavsson,2,0.0,10.0,26,24
2023020426,2023-12-10,20232024,REG,SEA,MIN,1,23.0,REG,3.0,0,3,11.0,4.0,J. Daccord,2,0.0,14.0,24,26
2023020427,2023-12-10,20232024,REG,SJS,VGK,0,16.0,SO,1.0,4,5,27.0,8.0,K. Kahkonen,2,1.0,8.0,38,27
2023020427,2023-12-10,20232024,REG,VGK,SJS,1,16.0,SO,5.0,5,4,32.0,6.0,J. Patera,2,1.0,9.0,27,38
2023020428,2023-12-11,20232024,REG,ARI,BUF,0,11.0,REG,6.0,2,5,27.0,4.0,K. Vejmelka,2,0.0,5.0,23,38
2023020428,2023-12-11,20232024,REG,BUF,ARI,1,9.0,REG,5.0,5,2,21.0,6.0,D. Levi,2,0.0,9.0,38,23
2023020429,2023-12-11,20232024,REG,TOR,NYI,0,11.0,OT,12.0,3,4,21.0,2.0,I. Samsonov,2,1.0,7.0,40,29
2023020429,2023-12-11,20232024,REG,NYI,TOR,1,16.0,OT,11.0,4,3,22.0,2.0,I. Sorokin,2,0.0,5.0,29,40
2023020430,2023-12-11,20232024,REG,DET,DAL,0,21.0,REG,4.0,3,6,10.0,8.0,J. Reimer,2,1.0,8.0,30,35
2023020430,2023-12-11,20232024,REG,DAL,DET,1,11.0,REG,7.0,6,3,4.0,6.0,J. Oettinger,2,2.0,7.0,35,30
2023020431,2023-12-11,20232024,REG,CGY,COL,0,31.0,REG,2.0,5,6,22.0,10.0,D. Vladar,2,0.0,3.0,32,38
2023020431,2023-12-11,20232024,REG,COL,CGY,1,12.0,REG,10.0,6,5,13.0,4.0,A. Georgiev,2,1.0,10.0,38,32
2023020432,2023-12-12,20232024,REG,TOR,NYR,0,19.0,REG,7.0,7,3,14.0,8.0,M. Jones,2,1.0,5.0,30,31
2023020432,2023-12-12,20232024,REG,NYR,TOR,1,10.0,REG,13.0,3,7,25.0,10.0,I. Shesterkin,2,1.0,7.0,31,30
2023020433,2023-12-12,20232024,REG,CAR,OTT,0,15.0,REG,9.0,4,1,11.0,10.0,P. Kochetkov,2,2.0,12.0,28,32
2023020433,2023-12-12,20232024,REG,OTT,CAR,1,15.0,REG,17.0,1,4,21.0,20.0,J. Korpisalo,2,0.0,7.0,32,28
2023020434,2023-12-12,20232024,REG,ARI,PIT,0,16.0,REG,8.0,2,4,22.0,8.0,C. Ingram,2,2.0,11.0,21,43
2023020434,2023-12-12,20232024,REG,PIT,ARI,1,18.0,REG,12.0,4,2,25.0,10.0,T. Jarry,2,2.0,13.0,43,21
2023020435,2023-12-12,20232024,REG,PHI,NSH,0,23.0,OT,8.0,2,3,23.0,11.0,S. Ersson,2,0.0,7.0,39,22
2023020435,2023-12-12,20232024,REG,NSH,PHI,1,11.0,OT,14.0,3,2,33.0,11.0,J. Saros,2,0.0,7.0,22,39
2023020436,2023-12-12,20232024,REG,DET,STL,0,15.0,REG,4.0,6,4,10.0,6.0,V. Husso,2,1.0,10.0,32,37
2023020436,2023-12-12,20232024,REG,STL,DET,1,8.0,REG,4.0,4,6,17.0,10.0,J. Binnington,2,0.0,12.0,37,32
2023020437,2023-12-12,20232024,REG,CHI,EDM,0,22.0,REG,8.0,1,4,31.0,4.0,P. Mrazek,2,0.0,18.0,23,29
2023020437,2023-12-12,20232024,REG,EDM,CHI,1,11.0,REG,12.0,4,1,18.0,6.0,S. Skinner,2,1.0,11.0,29,23
2023020438,2023-12-12,20232024,REG,FLA,SEA,0,11.0,REG,0.0,0,4,25.0,2.0,S. Bobrovsky,2,0.0,11.0,24,23
2023020438,2023-12-12,20232024,REG,SEA,FLA,1,16.0,REG,4.0,4,0,25.0,6.0,J. Daccord,2,0.0,13.0,23,24
2023020439,2023-12-12,20232024,REG,TBL,VAN,0,12.0,REG,5.0,1,4,23.0,4.0,A. Vasilevskiy,2,0.0,1.0,29,22
2023020439,2023-12-12,20232024,REG,VAN,TBL,1,17.0,REG,10.0,4,1,27.0,4.0,T. Demko,2,1.0,6.0,22,29
2023020440,2023-12-12,20232024,REG,CGY,VGK,0,17.0,OT,4.0,4,5,22.0,8.0,D. Wolf,2,0.0,10.0,31,39
2023020440,2023-12-12,20232024,REG,VGK,CGY,1,16.0,OT,5.0,5,4,24.0,4.0,L. Thompson,2,2.0,8.0,39,31
2023020441,2023-12-12,20232024,REG,WPG,SJS,0,10.0,REG,0.0,1,2,19.0,6.0,L. Brossoit,2,0.0,3.0,37,32
2023020441,2023-12-12,20232024,REG,SJS,WPG,1,17.0,REG,8.0,2,1,22.0,10.0,M. Blackwood,2,1.0,7.0,32,37
2023020442,2023-12-13,20232024,REG,PIT,MTL,0,15.0,SO,14.0,4,3,32.0,8.0,A. Nedeljkovic,2,2.0,8.0,30,42
2023020442,2023-12-13,20232024,REG,MTL,PIT,1,14.0,SO,15.0,3,4,19.0,4.0,S. Montembeault,2,1.0,8.0,42,30
2023020443,2023-12-13,20232024,REG,BOS,NJD,0,19.0,OT,4.0,1,2,20.0,4.0,J. Swayman,2,0.0,5.0,24,35
2023020443,2023-12-13,20232024,REG,NJD,BOS,1,13.0,OT,8.0,2,1,25.0,2.0,V. Vanecek,2,0.0,5.0,35,24
2023020444,2023-12-13,20232024,REG,ANA,NYI,0,15.0,REG,5.0,3,4,19.0,8.0,J. Gibson,2,1.0,6.0,24,35
2023020444,2023-12-13,20232024,REG,NYI,ANA,1,12.0,REG,13.0,4,3,12.0,4.0,S. Varlamov,2,1.0,5.0,35,24
2023020445,2023-12-13,20232024,REG,BUF,COL,0,15.0,REG,4.0,1,5,22.0,4.0,U. Luukkonen,2,0.0,5.0,30,29
2023020445,2023-12-13,20232024,REG,COL,BUF,1,21.0,REG,6.0,5,1,14.0,4.0,I. Prosvetov,2,1.0,9.0,29,30
2023020446,2023-12-13,20232024,REG,WPG,LAK,0,22.0,REG,0.0,5,2,29.0,8.0,C. Hellebuyck,2,0.0,6.0,29,34
2023020446,2023-12-13,20232024,REG,LAK,WPG,1,8.0,REG,6.0,2,5,24.0,4.0,C. Talbot,2,1.0,1.0,34,29
2023020447,2023-12-14,20232024,REG,CAR,DET,0,14.0,REG,3.0,2,1,10.0,6.0,P. Kochetkov,2,0.0,4.0,39,26
2023020447,2023-12-14,20232024,REG,DET,CAR,1,19.0,REG,11.0,1,2,16.0,8.0,V. Husso,2,0.0,7.0,26,39
2023020448,2023-12-14,20232024,REG,WSH,PHI,0,17.0,SO,4.0,3,4,19.0,10.0,C. Lindgren,2,1.0,3.0,30,32
2023020448,2023-12-14,20232024,REG,PHI,WSH,1,16.0,SO,5.0,4,3,26.0,6.0,S. Ersson,2,0.0,3.0,32,30
2023020449,2023-12-14,20232024,REG,CBJ,TOR,0,38.0,OT,8.0,6,5,33.0,6.0,E. Merzlikins,2,1.0,10.0,35,48
2023020449,2023-12-14,20232024,REG,TOR,CBJ,1,7.0,OT,11.0,5,6,32.0,6.0,I. Samsonov,2,1.0,9.0,48,35
2023020450,2023-12-14,20232024,REG,CGY,MIN,0,23.0,SO,6.0,2,3,22.0,8.0,D. Vladar,2,1.0,4.0,37,32
2023020450,2023-12-14,20232024,REG,MIN,CGY,1,10.0,SO,10.0,3,2,20.0,8.0,F. Gustavsson,2,0.0,7.0,32,37
2023020451,2023-12-14,20232024,REG,OTT,STL,0,10.0,REG,2.0,2,4,25.0,11.0,J. Korpisalo,2,0.0,14.0,34,30
2023020451,2023-12-14,20232024,REG,STL,OTT,1,13.0,REG,4.0,4,2,20.0,9.0,J. Binnington,2,0.0,11.0,30,34
2023020452,2023-12-14,20232024,REG,TBL,EDM,0,19.0,REG,19.0,7,4,24.0,8.0,A. Vasilevskiy,2,1.0,12.0,24,57
2023020452,2023-12-14,20232024,REG,EDM,TBL,1,16.0,REG,15.0,4,7,26.0,4.0,S. Skinner,2,2.0,17.0,57,24
2023020453,2023-12-14,20232024,REG,CHI,SEA,0,20.0,REG,4.0,1,7,32.0,4.0,A. Soderblom,2,0.0,10.0,22,29
2023020453,2023-12-14,20232024,REG,SEA,CHI,1,11.0,REG,7.0,7,1,15.0,2.0,J. Daccord,2,1.0,6.0,29,22
2023020454,2023-12-14,20232024,REG,FLA,VAN,0,11.0,REG,4.0,0,4,31.0,6.0,S. Bobrovsky,2,0.0,4.0,36,18
2023020454,2023-12-14,20232024,REG,VAN,FLA,1,17.0,REG,10.0,4,0,35.0,6.0,T. Demko,2,1.0,2.0,18,36
2023020455,2023-12-15,20232024,REG,NSH,CAR,0,20.0,OT,3.0,6,5,23.0,4.0,K. Lankinen,2,1.0,6.0,30,31
2023020455,2023-12-15,20232024,REG,CAR,NSH,1,15.0,OT,7.0,5,6,25.0,6.0,A. Raanta,2,2.0,5.0,31,30
2023020456,2023-12-15,20232024,REG,ANA,NYR,0,19.0,REG,7.0,1,5,15.0,32.0,L. Dostal,2,0.0,6.0,30,39
2023020456,2023-12-15,20232024,REG,NYR,ANA,1,9.0,REG,12.0,5,1,15.0,6.0,J. Quick,2,2.0,7.0,39,30
2023020457,2023-12-15,20232024,REG,BOS,NYI,0,7.0,SO,5.0,5,4,27.0,8.0,L. Ullmark,2,3.0,5.0,34,37
2023020457,2023-12-15,20232024,REG,NYI,BOS,1,18.0,SO,13.0,4,5,41.0,4.0,I. Sorokin,2,2.0,7.0,37,34
2023020458,2023-12-15,20232024,REG,OTT,DAL,0,13.0,REG,2.0,4,5,30.0,6.0,A. Forsberg,2,0.0,5.0,29,24
2023020458,2023-12-15,20232024,REG,DAL,OTT,1,14.0,REG,3.0,5,4,21.0,6.0,J. Oettinger,2,1.0,5.0,24,29
2023020459,2023-12-15,20232024,REG,SJS,ARI,0,15.0,REG,3.0,0,1,24.0,6.0,K. Kahkonen,2,0.0,1.0,21,24
2023020459,2023-12-15,20232024,REG,ARI,SJS,1,15.0,REG,6.0,1,0,19.0,0.0,C. Ingram,2,0.0,10.0,24,21
2023020460,2023-12-15,20232024,REG,BUF,VGK,0,19.0,REG,4.0,5,2,30.0,8.0,D. Levi,2,0.0,9.0,27,35
2023020460,2023-12-15,20232024,REG,VGK,BUF,1,12.0,REG,7.0,2,5,44.0,2.0,L. Thompson,2,1.0,8.0,35,27
2023020461,2023-12-16,20232024,REG,VAN,MIN,0,11.0,SO,5.0,1,2,15.0,4.0,C. DeSmith,2,0.0,6.0,36,31
2023020461,2023-12-16,20232024,REG,MIN,VAN,1,16.0,SO,10.0,2,1,16.0,10.0,F. Gustavsson,2,0.0,2.0,31,36
2023020462,2023-12-16,20232024,REG,NYR,BOS,0,16.0,OT,4.0,2,1,23.0,13.0,I. Shesterkin,2,1.0,9.0,34,22
2023020462,2023-12-16,20232024,REG,BOS,NYR,1,14.0,OT,10.0,1,2,24.0,30.0,J. Swayman,2,0.0,7.0,22,34
2023020463,2023-12-16,20232024,REG,NJD,CBJ,0,12.0,REG,5.0,6,3,12.0,6.0,A. Schmid,2,1.0,5.0,30,26
2023020463,2023-12-16,20232024,REG,CBJ,NJD,1,15.0,REG,3.0,3,6,14.0,6.0,D. Tarasov,2,1.0,3.0,26,30
2023020464,2023-12-16,20232024,REG,NYI,MTL,0,14.0,REG,7.0,3,5,27.0,4.0,S. Varlamov,2,0.0,5.0,33,41
2023020464,2023-12-16,20232024,REG,MTL,NYI,1,18.0,REG,6.0,5,3,20.0,2.0,S. Montembeault,2,0.0,6.0,41,33
2023020465,2023-12-16,20232024,REG,DET,PHI,0,10.0,REG,8.0,0,1,19.0,6.0,A. Lyon,2,0.0,4.0,32,34
2023020465,2023-12-16,20232024,REG,PHI,DET,1,21.0,REG,9.0,1,0,22.0,6.0,S. Ersson,2,0.0,6.0,34,32
2023020466,2023-12-16,20232024,REG,PIT,TOR,0,14.0,REG,9.0,0,7,38.0,33.0,T. Jarry,2,0.0,10.0,38,35
2023020466,2023-12-16,20232024,REG,TOR,PIT,1,19.0,REG,9.0,7,0,16.0,15.0,M. Jones,2,2.0,10.0,35,38
2023020467,2023-12-16,20232024,REG,COL,WPG,0,17.0,REG,8.0,2,6,31.0,4.0,I. Prosvetov,2,1.0,1.0,32,25
2023020467,2023-12-16,20232024,REG,WPG,COL,1,16.0,REG,12.0,6,2,21.0,8.0,C. Hellebuyck,2,1.0,9.0,25,32
2023020468,2023-12-16,20232024,REG,WSH,NSH,0,11.0,REG,14.0,1,3,20.0,6.0,C. Lindgren,2,1.0,9.0,22,23
2023020468,2023-12-16,20232024,REG,NSH,WSH,1,18.0,REG,22.0,3,1,29.0,8.0,J. Saros,2,1.0,10.0,23,22
2023020469,2023-12-16,20232024,REG,DAL,STL,0,12.0,OT,6.0,3,4,15.0,2.0,S. Wedgewood,2,0.0,8.0,23,34
2023020469,2023-12-16,20232024,REG,STL,DAL,1,15.0,OT,8.0,4,3,27.0,4.0,J. Binnington,2,1.0,15.0,34,23
2023020470,2023-12-16,20232024,REG,BUF,ARI,0,20.0,REG,6.0,0,2,16.0,6.0,U. Luukkonen,2,0.0,4.0,28,22
2023020470,2023-12-16,20232024,REG,ARI,BUF,1,19.0,REG,14.0,2,0,23.0,4.0,K. Vejmelka,2,0.0,6.0,22,28
2023020471,2023-12-16,20232024,REG,TBL,CGY,0,20.0,REG,8.0,2,4,20.0,9.0,A. Vasilevskiy,2,1.0,2.0,33,26
2023020471,2023-12-16,20232024,REG,CGY,TBL,1,16.0,REG,16.0,4,2,20.0,9.0,D. Vladar,2,0.0,9.0,26,33
2023020472,2023-12-16,20232024,REG,FLA,EDM,0,14.0,REG,7.0,5,1,26.0,4.0,S. Bobrovsky,2,1.0,7.0,39,39
2023020472,2023-12-16,20232024,REG,EDM,FLA,1,14.0,REG,11.0,1,5,41.0,8.0,C. Pickard,2,0.0,5.0,39,39
2023020473,2023-12-16,20232024,REG,LAK,SEA,0,12.0,SO,6.0,3,2,22.0,4.0,C. Talbot,2,1.0,4.0,38,19
2023020473,2023-12-16,20232024,REG,SEA,LAK,1,18.0,SO,3.0,2,3,19.0,8.0,J. Daccord,2,1.0,4.0,19,38
2023020474,2023-12-17,20232024,REG,VAN,CHI,0,8.0,REG,1.0,4,3,14.0,23.0,T. Demko,2,1.0,12.0,27,28
2023020474,2023-12-17,20232024,REG,CHI,VAN,1,15.0,REG,11.0,3,4,11.0,13.0,P. Mrazek,2,2.0,10.0,28,27
2023020475,2023-12-17,20232024,REG,WSH,CAR,0,14.0,SO,5.0,2,1,19.0,10.0,D. Kuemper,2,0.0,5.0,21,29
2023020475,2023-12-17,20232024,REG,CAR,WSH,1,8.0,SO,7.0,1,2,10.0,4.0,P. Kochetkov,2,0.0,7.0,29,21
2023020476,2023-12-17,20232024,REG,ANA,NJD,0,17.0,REG,2.0,5,1,15.0,29.0,J. Gibson,2,1.0,2.0,28,29
2023020476,2023-12-17,20232024,REG,NJD,ANA,1,10.0,REG,5.0,1,5,12.0,19.0,A. Schmid,2,0.0,3.0,29,28
2023020477,2023-12-17,20232024,REG,SJS,COL,0,15.0,REG,5.0,2,6,29.0,31.0,M. Blackwood,2,2.0,6.0,27,29
2023020477,2023-12-17,20232024,REG,COL,SJS,1,21.0,REG,11.0,6,2,20.0,30.0,A. Georgiev,2,2.0,5.0,29,27
2023020478,2023-12-17,20232024,REG,OTT,VGK,0,12.0,REG,2.0,3,6,41.0,10.0,J. Korpisalo,2,2.0,6.0,25,31
2023020478,2023-12-17,20232024,REG,VGK,OTT,1,18.0,REG,8.0,6,3,25.0,10.0,A. Hill,2,2.0,10.0,31,25
2023020479,2023-12-18,20232024,REG,ANA,DET,0,23.0,REG,6.0,4,3,16.0,16.0,L. Dostal,2,1.0,1.0,22,32
2023020479,2023-12-18,20232024,REG,DET,ANA,1,11.0,REG,8.0,3,4,23.0,10.0,V. Husso,2,2.0,3.0,32,22
2023020480,2023-12-18,20232024,REG,MIN,PIT,0,12.0,REG,4.0,3,4,17.0,14.0,F. Gustavsson,2,0.0,5.0,27,30
2023020480,2023-12-18,20232024,REG,PIT,MIN,1,13.0,REG,9.0,4,3,9.0,10.0,A. Nedeljkovic,2,2.0,9.0,30,27
2023020481,2023-12-18,20232024,REG,MTL,WPG,0,23.0,OT,5.0,3,2,29.0,6.0,J. Allen,2,2.0,4.0,26,32
2023020481,2023-12-18,20232024,REG,WPG,MTL,1,13.0,OT,10.0,2,3,21.0,6.0,C. Hellebuyck,2,0.0,9.0,32,26
2023020482,2023-12-18,20232024,REG,SEA,DAL,0,12.0,OT,5.0,3,4,28.0,8.0,J. Daccord,2,0.0,5.0,38,28
2023020482,2023-12-18,20232024,REG,DAL,SEA,1,13.0,OT,15.0,4,3,21.0,8.0,S. Wedgewood,2,0.0,11.0,28,38
2023020483,2023-12-18,20232024,REG,FLA,CGY,0,10.0,REG,9.0,1,3,19.0,10.0,A. Stolarz,2,1.0,6.0,34,24
2023020483,2023-12-18,20232024,REG,CGY,FLA,1,28.0,REG,16.0,3,1,18.0,10.0,J. Markstrom,2,0.0,12.0,24,34
2023020484,2023-12-19,20232024,REG,MIN,BOS,0,10.0,OT,10.0,4,3,25.0,28.0,M. Fleury,2,1.0,9.0,30,43
2023020484,2023-12-19,20232024,REG,BOS,MIN,1,12.0,OT,14.0,3,4,38.0,14.0,L. Ullmark,2,1.0,11.0,43,30
2023020485,2023-12-19,20232024,REG,CBJ,BUF,0,16.0,REG,5.0,9,4,13.0,6.0,D. Tarasov,2,1.0,4.0,34,29
2023020485,2023-12-19,20232024,REG,BUF,CBJ,1,13.0,REG,8.0,4,9,26.0,4.0,D. Levi,2,1.0,6.0,29,34
2023020486,2023-12-19,20232024,REG,VGK,CAR,0,12.0,REG,6.0,3,6,21.0,6.0,L. Thompson,2,0.0,4.0,33,39
2023020486,2023-12-19,20232024,REG,CAR,VGK,1,10.0,REG,10.0,6,3,13.0,8.0,P. Kochetkov,2,3.0,12.0,39,33
2023020487,2023-12-19,20232024,REG,PHI,NJD,0,21.0,OT,3.0,3,2,44.0,2.0,S. Ersson,2,0.0,8.0,26,26
2023020487,2023-12-19,20232024,REG,NJD,PHI,1,12.0,OT,17.0,2,3,39.0,6.0,V. Vanecek,2,1.0,20.0,26,26
2023020488,2023-12-19,20232024,REG,STL,TBL,0,14.0,REG,3.0,1,6,22.0,13.0,J. Binnington,2,1.0,4.0,29,33
2023020488,2023-12-19,20232024,REG,TBL,STL,1,19.0,REG,15.0,6,1,14.0,21.0,A. Vasilevskiy,2,1.0,12.0,33,29
2023020489,2023-12-19,20232024,REG,NYR,TOR,0,15.0,REG,7.0,5,2,41.0,0.0,I. Shesterkin,2,2.0,7.0,36,33
2023020489,2023-12-19,20232024,REG,TOR,NYR,1,17.0,REG,15.0,2,5,20.0,4.0,M. Jones,2,0.0,9.0,33,36
2023020490,2023-12-19,20232024,REG,EDM,NYI,0,8.0,REG,8.0,1,3,13.0,8.0,S. Skinner,2,0.0,5.0,31,21
2023020490,2023-12-19,20232024,REG,NYI,EDM,1,22.0,REG,10.0,3,1,29.0,6.0,I. Sorokin,2,2.0,6.0,21,31
2023020491,2023-12-19,20232024,REG,VAN,NSH,0,17.0,REG,10.0,5,2,22.0,2.0,C. DeSmith,2,0.0,16.0,35,28
2023020491,2023-12-19,20232024,REG,NSH,VAN,1,3.0,REG,12.0,2,5,28.0,24.0,J. Saros,2,0.0,10.0,28,35
2023020492,2023-12-19,20232024,REG,COL,CHI,0,6.0,REG,6.0,2,3,19.0,32.0,A. Georgiev,2,2.0,6.0,37,22
2023020492,2023-12-19,20232024,REG,CHI,COL,1,14.0,REG,8.0,3,2,26.0,16.0,P. Mrazek,2,1.0,15.0,22,37
2023020493,2023-12-19,20232024,REG,OTT,ARI,0,20.0,REG,1.0,3,4,28.0,15.0,J. Korpisalo,2,1.0,3.0,22,38
2023020493,2023-12-19,20232024,REG,ARI,OTT,1,13.0,REG,5.0,4,3,32.0,15.0,C. Ingram,2,0.0,6.0,38,22
2023020494,2023-12-19,20232024,REG,LAK,SJS,0,16.0,REG,4.0,4,1,13.0,6.0,D. Rittich,2,1.0,7.0,39,16
2023020494,2023-12-19,20232024,REG,SJS,LAK,1,15.0,REG,11.0,1,4,8.0,4.0,K. Kahkonen,2,1.0,7.0,16,39
2023020495,2023-12-20,20232024,REG,DET,WPG,0,11.0,REG,8.0,2,5,15.0,0.0,J. Reimer,2,0.0,2.0,28,41
2023020495,2023-12-20,20232024,REG,WPG,DET,1,20.0,REG,7.0,5,2,20.0,4.0,L. Brossoit,2,0.0,3.0,41,28
2023020496,2023-12-20,20232024,REG,NYI,WSH,0,19.0,OT,3.0,2,3,19.0,6.0,S. Varlamov,2,0.0,8.0,32,36
2023020496,2023-12-20,20232024,REG,WSH,NYI,1,17.0,OT,10.0,3,2,17.0,6.0,D. Kuemper,2,1.0,5.0,36,32
2023020497,2023-12-20,20232024,REG,SEA,LAK,0,13.0,REG,7.0,2,1,34.0,8.0,J. Daccord,2,0.0,8.0,30,43
2023020497,2023-12-20,20232024,REG,LAK,SEA,1,19.0,REG,9.0,1,2,14.0,4.0,C. Talbot,2,0.0,4.0,43,30
2023020498,2023-12-21,20232024,REG,TOR,BUF,0,14.0,REG,2.0,3,9,20.0,10.0,I. Samsonov,2,1.0,7.0,27,34
2023020498,2023-12-21,20232024,REG,BUF,TOR,1,19.0,REG,3.0,9,3,28.0,8.0,D. Levi,2,1.0,5.0,34,27
2023020499,2023-12-21,20232024,REG,WSH,CBJ,0,15.0,OT,2.0,3,2,9.0,2.0,C. Lindgren,2,2.0,4.0,32,36
2023020499,2023-12-21,20232024,REG,CBJ,WSH,1,21.0,OT,2.0,2,3,11.0,4.0,E. Merzlikins,2,0.0,3.0,36,32
2023020500,2023-12-21,20232024,REG,STL,FLA,0,16.0,REG,5.0,4,1,24.0,2.0,J. Hofer,2,0.0,0.0,24,38
2023020500,2023-12-21,20232024,REG,FLA,STL,1,3.0,REG,5.0,1,4,21.0,2.0,S. Bobrovsky,2,0.0,7.0,38,24
2023020501,2023-12-21,20232024,REG,EDM,NJD,0,15.0,REG,4.0,6,3,17.0,0.0,C. Pickard,2,0.0,12.0,38,26
2023020501,2023-12-21,20232024,REG,NJD,EDM,1,18.0,REG,13.0,3,6,32.0,4.0,A. Schmid,2,0.0,8.0,26,38
2023020502,2023-12-21,20232024,REG,NSH,PHI,0,10.0,REG,5.0,4,2,24.0,21.0,J. Saros,2,0.0,4.0,31,31
2023020502,2023-12-21,20232024,REG,PHI,NSH,1,12.0,REG,5.0,2,4,22.0,10.0,S. Ersson,2,1.0,1.0,31,31
2023020503,2023-12-21,20232024,REG,CAR,PIT,0,19.0,SO,5.0,1,2,16.0,10.0,P. Kochetkov,2,0.0,14.0,24,25
2023020503,2023-12-21,20232024,REG,PIT,CAR,1,27.0,SO,17.0,2,1,26.0,4.0,A. Nedeljkovic,2,0.0,9.0,25,24
2023020504,2023-12-21,20232024,REG,VGK,TBL,0,23.0,REG,12.0,4,5,24.0,18.0,J. Patera,2,1.0,4.0,34,36
2023020504,2023-12-21,20232024,REG,TBL,VGK,1,14.0,REG,6.0,5,4,26.0,18.0,A. Vasilevskiy,2,2.0,7.0,36,34
2023020505,2023-12-21,20232024,REG,VAN,DAL,0,10.0,OT,9.0,3,4,21.0,6.0,T. Demko,2,0.0,10.0,20,36
2023020505,2023-12-21,20232024,REG,DAL,VAN,1,14.0,OT,13.0,4,3,20.0,4.0,S. Wedgewood,2,0.0,6.0,36,20
2023020506,2023-12-21,20232024,REG,MTL,MIN,0,14.0,OT,6.0,3,4,17.0,17.0,S. Montembeault,2,1.0,2.0,25,24
2023020506,2023-12-21,20232024,REG,MIN,MTL,1,11.0,OT,11.0,4,3,21.0,25.0,F. Gustavsson,2,2.0,8.0,24,25
2023020507,2023-12-21,20232024,REG,OTT,COL,0,7.0,REG,1.0,4,6,17.0,8.0,J. Korpisalo,2,1.0,8.0,45,39
2023020507,2023-12-21,20232024,REG,COL,OTT,1,19.0,REG,8.0,6,4,25.0,12.0,A. Georgiev,2,4.0,6.0,39,45
2023020508,2023-12-21,20232024,REG,CGY,ANA,0,20.0,REG,4.0,3,0,14.0,13.0,J. Markstrom,2,1.0,4.0,44,25
2023020508,2023-12-21,20232024,REG,ANA,CGY,1,15.0,REG,5.0,0,3,16.0,17.0,L. Dostal,2,0.0,4.0,25,44
2023020509,2023-12-21,20232024,REG,ARI,SJS,0,18.0,REG,9.0,5,2,13.0,2.0,K. Vejmelka,2,1.0,5.0,30,31
2023020509,2023-12-21,20232024,REG,SJS,ARI,1,18.0,REG,9.0,2,5,11.0,6.0,M. Blackwood,2,0.0,2.0,31,30
2023020510,2023-12-22,20232024,REG,PHI,DET,0,18.0,SO,3.0,6,7,18.0,47.0,C. Hart,2,0.0,0.0,43,37
2023020510,2023-12-22,20232024,REG,DET,PHI,1,12.0,SO,3.0,7,6,16.0,15.0,J. Reimer,2,1.0,3.0,37,43
2023020511,2023-12-22,20232024,REG,EDM,NYR,0,24.0,REG,3.0,4,3,14.0,6.0,S. Skinner,2,0.0,2.0,28,34
2023020511,2023-12-22,20232024,REG,NYR,EDM,1,15.0,REG,7.0,3,4,16.0,4.0,J. Quick,2,1.0,6.0,34,28
2023020512,2023-12-22,20232024,REG,BOS,WPG,0,17.0,REG,6.0,1,5,27.0,4.0,J. Swayman,2,0.0,2.0,25,33
2023020512,2023-12-22,20232024,REG,WPG,BOS,1,15.0,REG,13.0,5,1,25.0,4.0,C. Hellebuyck,2,2.0,8.0,33,25
2023020513,2023-12-22,20232024,REG,MTL,CHI,0,17.0,REG,2.0,5,2,12.0,7.0,C. Primeau,2,0.0,5.0,28,21
2023020513,2023-12-22,20232024,REG,CHI,MTL,1,22.0,REG,13.0,2,5,26.0,11.0,P. Mrazek,2,0.0,13.0,21,28
2023020514,2023-12-23,20232024,REG,VGK,FLA,0,21.0,REG,4.0,2,4,25.0,37.0,J. Patera,2,0.0,4.0,25,42
2023020514,2023-12-23,20232024,REG,FLA,VGK,1,11.0,REG,11.0,4,2,39.0,41.0,S. Bobrovsky,2,2.0,9.0,42,25
2023020515,2023-12-23,20232024,REG,DAL,NSH,0,12.0,REG,9.0,3,2,23.0,4.0,S. Wedgewood,2,0.0,2.0,34,21
2023020515,2023-12-23,20232024,REG,NSH,DAL,1,27.0,REG,4.0,2,3,40.0,4.0,J. Saros,2,1.0,8.0,21,34
2023020516,2023-12-23,20232024,REG,NYI,CAR,0,24.0,REG,1.0,5,4,14.0,10.0,I. Sorokin,2,0.0,8.0,28,40
2023020516,2023-12-23,20232024,REG,CAR,NYI,1,8.0,REG,5.0,4,5,19.0,8.0,P. Kochetkov,2,2.0,5.0,40,28
2023020517,2023-12-23,20232024,REG,TOR,CBJ,0,19.0,REG,2.0,4,1,9.0,12.0,M. Jones,2,1.0,5.0,30,28
2023020517,2023-12-23,20232024,REG,CBJ,TOR,1,13.0,REG,4.0,1,4,7.0,8.0,D. Tarasov,2,0.0,3.0,28,30
2023020518,2023-12-23,20232024,REG,BOS,MIN,0,12.0,REG,3.0,2,3,21.0,15.0,L. Ullmark,2,1.0,4.0,21,35
2023020518,2023-12-23,20232024,REG,MIN,BOS,1,11.0,REG,9.0,3,2,26.0,9.0,M. Fleury,2,1.0,7.0,35,21
2023020519,2023-12-23,20232024,REG,DET,NJD,0,13.0,REG,3.0,2,3,13.0,10.0,M. Hutchinson,2,0.0,5.0,24,36
2023020519,2023-12-23,20232024,REG,NJD,DET,1,10.0,REG,2.0,3,2,18.0,8.0,V. Vanecek,2,0.0,3.0,36,24
2023020520,2023-12-23,20232024,REG,PIT,OTT,0,11.0,OT,10.0,4,5,16.0,6.0,A. Nedeljkovic,2,1.0,3.0,34,26
2023020520,2023-12-23,20232024,REG,OTT,PIT,1,28.0,OT,12.0,5,4,16.0,12.0,A. Forsberg,2,0.0,8.0,26,34
2023020521,2023-12-23,20232024,REG,TBL,WSH,0,21.0,SO,5.0,2,1,19.0,2.0,A. Vasilevskiy,2,0.0,11.0,20,34
2023020521,2023-12-23,20232024,REG,WSH,TBL,1,17.0,SO,10.0,1,2,24.0,4.0,C. Lindgren,2,0.0,12.0,34,20
2023020522,2023-12-23,20232024,REG,BUF,NYR,0,26.0,OT,5.0,3,4,18.0,33.0,U. Luukkonen,2,0.0,7.0,30,33
2023020522,2023-12-23,20232024,REG,NYR,BUF,1,13.0,OT,7.0,4,3,13.0,7.0,I. Shesterkin,2,1.0,6.0,33,30
2023020523,2023-12-23,20232024,REG,SEA,ANA,0,12.0,REG,18.0,3,2,18.0,6.0,J. Daccord,2,1.0,10.0,22,34
2023020523,2023-12-23,20232024,REG,ANA,SEA,1,18.0,REG,17.0,2,3,24.0,2.0,L. Dostal,2,1.0,8.0,34,22
2023020524,2023-12-23,20232024,REG,CHI,STL,0,13.0,REG,6.0,5,7,36.0,8.0,A. Soderblom,2,1.0,12.0,20,42
2023020524,2023-12-23,20232024,REG,STL,CHI,1,12.0,REG,9.0,7,5,21.0,4.0,J. Binnington,2,2.0,11.0,42,20
2023020525,2023-12-23,20232024,REG,ARI,COL,0,9.0,REG,2.0,1,4,23.0,9.0,C. Ingram,2,1.0,11.0,25,26
2023020525,2023-12-23,20232024,REG,COL,ARI,1,6.0,REG,3.0,4,1,23.0,11.0,A. Georgiev,2,0.0,11.0,26,25
2023020526,2023-12-23,20232024,REG,CGY,LAK,0,26.0,REG,6.0,3,5,14.0,8.0,J. Markstrom,2,1.0,5.0,32,34
2023020526,2023-12-23,20232024,REG,LAK,CGY,1,25.0,REG,8.0,5,3,23.0,12.0,C. Talbot,2,0.0,9.0,34,32
2023020527,2023-12-23,20232024,REG,SJS,VAN,0,22.0,REG,5.0,4,7,19.0,8.0,M. Blackwood,2,0.0,1.0,25,26
2023020527,2023-12-23,20232024,REG,VAN,SJS,1,9.0,REG,11.0,7,4,19.0,6.0,T. Demko,2,1.0,6.0,26,25
2023020528,2023-12-27,20232024,REG,CBJ,NJD,0,23.0,OT,3.0,3,4,25.0,6.0,E. Merzlikins,2,0.0,7.0,29,35
2023020528,2023-12-27,20232024,REG,NJD,CBJ,1,21.0,OT,7.0,4,3,19.0,6.0,V. Vanecek,2,0.0,9.0,35,29
2023020529,2023-12-27,20232024,REG,WSH,NYR,0,6.0,REG,4.0,1,5,17.0,6.0,D. Kuemper,2,0.0,4.0,27,31
2023020529,2023-12-27,20232024,REG,NYR,WSH,1,15.0,REG,10.0,5,1,28.0,4.0,I. Shesterkin,2,1.0,8.0,31,27
2023020530,2023-12-27,20232024,REG,FLA,TBL,0,11.0,REG,3.0,3,2,36.0,12.0,S. Bobrovsky,2,0.0,4.0,31,29
2023020530,2023-12-27,20232024,REG,TBL,FLA,1,18.0,REG,11.0,2,3,27.0,12.0,A. Vasilevskiy,2,0.0,0.0,29,31
2023020531,2023-12-27,20232024,REG,OTT,TOR,0,24.0,REG,14.0,4,2,31.0,11.0,J. Korpisalo,2,0.0,10.0,30,36
2023020531,2023-12-27,20232024,REG,TOR,OTT,1,11.0,REG,9.0,2,4,31.0,7.0,M. Jones,2,0.0,6.0,36,30
2023020532,2023-12-27,20232024,REG,BOS,BUF,0,20.0,REG,4.0,4,1,13.0,12.0,J. Swayman,2,3.0,5.0,25,26
2023020532,2023-12-27,20232024,REG,BUF,BOS,1,10.0,REG,3.0,1,4,17.0,10.0,D. Levi,2,0.0,7.0,26,25
2023020533,2023-12-27,20232024,REG,PIT,NYI,0,13.0,REG,9.0,7,0,16.0,4.0,T. Jarry,2,0.0,2.0,32,22
2023020533,2023-12-27,20232024,REG,NYI,PIT,1,18.0,REG,11.0,0,7,22.0,6.0,I. Sorokin,2,0.0,3.0,22,32
2023020534,2023-12-27,20232024,REG,DET,MIN,0,8.0,REG,1.0,3,6,19.0,4.0,J. Reimer,2,1.0,3.0,28,31
2023020534,2023-12-27,20232024,REG,MIN,DET,1,16.0,REG,8.0,6,3,29.0,4.0,F. Gustavsson,2,0.0,11.0,31,28
2023020535,2023-12-27,20232024,REG,CAR,NSH,0,10.0,REG,9.0,5,2,23.0,8.0,P. Kochetkov,2,3.0,2.0,25,37
2023020535,2023-12-27,20232024,REG,NSH,CAR,1,17.0,REG,9.0,2,5,37.0,12.0,J. Saros,2,1.0,1.0,37,25
2023020536,2023-12-27,20232024,REG,DAL,STL,0,13.0,REG,9.0,1,2,12.0,8.0,S. Wedgewood,2,0.0,18.0,40,30
2023020536,2023-12-27,20232024,REG,STL,DAL,1,19.0,REG,9.0,2,1,19.0,4.0,J. Hofer,2,0.0,11.0,30,40
2023020537,2023-12-27,20232024,REG,COL,ARI,0,15.0,OT,4.0,4,5,36.0,4.0,A. Georgiev,2,2.0,6.0,24,27
2023020537,2023-12-27,20232024,REG,ARI,COL,1,9.0,OT,6.0,5,4,33.0,8.0,K. Vejmelka,2,0.0,7.0,27,24
2023020538,2023-12-27,20232024,REG,WPG,CHI,0,12.0,OT,3.0,1,2,25.0,4.0,C. Hellebuyck,2,0.0,14.0,38,25
2023020538,2023-12-27,20232024,REG,CHI,WPG,1,21.0,OT,10.0,2,1,25.0,8.0,P. Mrazek,2,0.0,12.0,25,38
2023020539,2023-12-27,20232024,REG,SEA,CGY,0,20.0,REG,12.0,2,1,20.0,8.0,C. Driedger,2,0.0,4.0,21,38
2023020539,2023-12-27,20232024,REG,CGY,SEA,1,19.0,REG,18.0,1,2,18.0,4.0,J. Markstrom,2,1.0,8.0,38,21
2023020540,2023-12-27,20232024,REG,VGK,ANA,0,9.0,REG,9.0,2,5,19.0,2.0,L. Thompson,2,1.0,4.0,32,26
2023020540,2023-12-27,20232024,REG,ANA,VGK,1,29.0,REG,12.0,5,2,24.0,10.0,J. Gibson,2,0.0,5.0,26,32
2023020541,2023-12-27,20232024,REG,SJS,LAK,0,16.0,REG,4.0,1,5,26.0,11.0,K. Kahkonen,2,0.0,4.0,25,43
2023020541,2023-12-27,20232024,REG,LAK,SJS,1,20.0,REG,9.0,5,1,20.0,11.0,D. Rittich,2,0.0,4.0,43,25
2023020542,2023-12-28,20232024,REG,MTL,CAR,0,26.0,REG,6.0,3,5,17.0,6.0,C. Primeau,2,1.0,6.0,21,31
2023020542,2023-12-28,20232024,REG,CAR,MTL,1,13.0,REG,10.0,5,3,19.0,8.0,A. Raanta,2,1.0,5.0,31,21
2023020543,2023-12-28,20232024,REG,PHI,VAN,0,18.0,REG,1.0,4,1,17.0,8.0,S. Ersson,2,1.0,5.0,25,27
2023020543,2023-12-28,20232024,REG,VAN,PHI,1,13.0,REG,8.0,1,4,22.0,8.0,C. DeSmith,2,0.0,3.0,27,25
2023020544,2023-12-28,20232024,REG,LAK,VGK,0,9.0,REG,4.0,2,3,26.0,0.0,C. Talbot,2,0.0,9.0,34,32
2023020544,2023-12-28,20232024,REG,VGK,LAK,1,34.0,REG,9.0,3,2,24.0,4.0,L. Thompson,2,0.0,17.0,32,34
2023020545,2023-12-28,20232024,REG,EDM,SJS,0,12.0,REG,7.0,5,0,11.0,6.0,S. Skinner,2,0.0,7.0,30,25
2023020545,2023-12-28,20232024,REG,SJS,EDM,1,15.0,REG,6.0,0,5,19.0,2.0,M. Chrona,2,0.0,11.0,25,30
2023020546,2023-12-29,20232024,REG,TOR,CBJ,0,17.0,OT,2.0,5,6,13.0,11.0,I. Samsonov,2,2.0,6.0,33,21
2023020546,2023-12-29,20232024,REG,CBJ,TOR,1,12.0,OT,1.0,6,5,14.0,13.0,E. Merzlikins,2,1.0,5.0,21,33
2023020547,2023-12-29,20232024,REG,NSH,DET,0,15.0,OT,6.0,4,5,22.0,11.0,J. Saros,2,0.0,3.0,37,23
2023020547,2023-12-29,20232024,REG,DET,NSH,1,18.0,OT,5.0,5,4,25.0,11.0,A. Lyon,2,0.0,8.0,23,37
2023020548,2023-12-29,20232024,REG,NYR,FLA,0,23.0,REG,7.0,3,4,24.0,6.0,J. Quick,2,0.0,8.0,34,33
2023020548,2023-12-29,20232024,REG,FLA,NYR,1,12.0,REG,6.0,4,3,34.0,4.0,S. Bobrovsky,2,1.0,5.0,33,34
2023020549,2023-12-29,20232024,REG,NJD,OTT,0,14.0,REG,10.0,6,2,14.0,6.0,N. Daws,2,2.0,4.0,30,27
2023020549,2023-12-29,20232024,REG,OTT,NJD,1,20.0,REG,19.0,2,6,27.0,8.0,J. Korpisalo,2,0.0,11.0,27,30
2023020550,2023-12-29,20232024,REG,WSH,NYI,0,16.0,REG,10.0,1,5,15.0,6.0,C. Lindgren,2,0.0,4.0,27,32
2023020550,2023-12-29,20232024,REG,NYI,WSH,1,8.0,REG,7.0,5,1,25.0,4.0,I. Sorokin,2,0.0,13.0,32,27
2023020551,2023-12-29,20232024,REG,CHI,DAL,0,23.0,OT,9.0,4,5,31.0,4.0,P. Mrazek,2,1.0,9.0,29,35
2023020551,2023-12-29,20232024,REG,DAL,CHI,1,14.0,OT,14.0,5,4,13.0,6.0,S. Wedgewood,2,1.0,7.0,35,29
2023020552,2023-12-29,20232024,REG,COL,STL,0,9.0,REG,8.0,2,1,13.0,6.0,A. Georgiev,2,0.0,10.0,23,29
2023020552,2023-12-29,20232024,REG,STL,COL,1,9.0,REG,6.0,1,2,16.0,4.0,J. Binnington,2,0.0,10.0,29,23
2023020553,2023-12-29,20232024,REG,ARI,ANA,0,13.0,REG,6.0,2,0,15.0,10.0,C. Ingram,2,1.0,8.0,32,28
2023020553,2023-12-29,20232024,REG,ANA,ARI,1,18.0,REG,9.0,0,2,29.0,10.0,J. Gibson,2,0.0,7.0,28,32
2023020554,2023-12-29,20232024,REG,PHI,SEA,0,21.0,OT,2.0,1,2,16.0,4.0,C. Hart,2,0.0,12.0,28,29
2023020554,2023-12-29,20232024,REG,SEA,PHI,1,14.0,OT,6.0,2,1,22.0,6.0,J. Daccord,2,1.0,10.0,29,28
2023020555,2023-12-30,20232024,REG,MIN,WPG,0,17.0,REG,6.0,2,4,20.0,15.0,F. Gustavsson,2,1.0,2.0,36,32
2023020555,2023-12-30,20232024,REG,WPG,MIN,1,17.0,REG,9.0,4,2,25.0,15.0,C. Hellebuyck,2,0.0,7.0,32,36
2023020556,2023-12-30,20232024,REG,CBJ,BUF,0,21.0,OT,2.0,2,3,18.0,2.0,D. Tarasov,2,0.0,5.0,20,42
2023020556,2023-12-30,20232024,REG,BUF,CBJ,1,6.0,OT,6.0,3,2,15.0,2.0,U. Luukkonen,2,0.0,11.0,42,20
2023020557,2023-12-30,20232024,REG,NJD,BOS,0,13.0,REG,5.0,2,5,33.0,4.0,V. Vanecek,2,1.0,3.0,33,31
2023020557,2023-12-30,20232024,REG,BOS,NJD,1,14.0,REG,3.0,5,2,39.0,4.0,L. Ullmark,2,2.0,8.0,31,33
2023020558,2023-12-30,20232024,REG,MTL,FLA,0,17.0,REG,5.0,1,4,19.0,9.0,J. Allen,2,1.0,9.0,19,26
2023020558,2023-12-30,20232024,REG,FLA,MTL,1,13.0,REG,10.0,4,1,19.0,9.0,A. Stolarz,2,2.0,20.0,26,19
2023020559,2023-12-30,20232024,REG,STL,PIT,0,18.0,REG,4.0,2,4,16.0,6.0,J. Hofer,2,1.0,7.0,27,30
2023020559,2023-12-30,20232024,REG,PIT,STL,1,21.0,REG,7.0,4,2,21.0,6.0,T. Jarry,2,1.0,7.0,30,27
2023020560,2023-12-30,20232024,REG,NYR,TBL,0,23.0,REG,6.0,5,1,27.0,10.0,I. Shesterkin,2,1.0,7.0,21,35
2023020560,2023-12-30,20232024,REG,TBL,NYR,1,7.0,REG,8.0,1,5,20.0,8.0,A. Vasilevskiy,2,1.0,4.0,35,21
2023020561,2023-12-30,20232024,REG,CAR,TOR,0,12.0,REG,6.0,3,2,27.0,8.0,P. Kochetkov,2,2.0,8.0,28,27
2023020561,2023-12-30,20232024,REG,TOR,CAR,1,11.0,REG,9.0,2,3,28.0,10.0,M. Jones,2,0.0,12.0,27,28
2023020562,2023-12-30,20232024,REG,NSH,WSH,0,17.0,SO,8.0,3,2,25.0,13.0,Y. Askarov,2,1.0,5.0,36,29
2023020562,2023-12-30,20232024,REG,WSH,NSH,1,21.0,SO,13.0,2,3,21.0,11.0,H. Shepard,2,0.0,7.0,29,36
2023020563,2023-12-30,20232024,REG,EDM,LAK,0,16.0,SO,6.0,3,2,22.0,8.0,S. Skinner,2,1.0,5.0,26,28
2023020563,2023-12-30,20232024,REG,LAK,EDM,1,12.0,SO,7.0,2,3,29.0,8.0,C. Talbot,2,1.0,4.0,28,26
2023020564,2023-12-31,20232024,REG,WPG,MIN,0,28.0,REG,3.0,3,2,17.0,7.0,L. Brossoit,2,1.0,5.0,29,26
2023020564,2023-12-31,20232024,REG,MIN,WPG,1,16.0,REG,6.0,2,3,36.0,11.0,M. Fleury,2,1.0,11.0,26,29
2023020565,2023-12-31,20232024,REG,BOS,DET,0,17.0,REG,7.0,5,3,21.0,14.0,J. Swayman,2,0.0,4.0,24,30
2023020565,2023-12-31,20232024,REG,DET,BOS,1,13.0,REG,10.0,3,5,17.0,8.0,A. Lyon,2,1.0,0.0,30,24
2023020566,2023-12-31,20232024,REG,BUF,OTT,0,13.0,REG,13.0,1,5,33.0,16.0,D. Levi,2,0.0,6.0,46,31
2023020566,2023-12-31,20232024,REG,OTT,BUF,1,17.0,REG,14.0,5,1,24.0,20.0,A. Forsberg,2,1.0,7.0,31,46
2023020567,2023-12-31,20232024,REG,NYI,PIT,0,25.0,REG,0.0,1,3,27.0,21.0,I. Sorokin,2,0.0,6.0,38,38
2023020567,2023-12-31,20232024,REG,PIT,NYI,1,18.0,REG,7.0,3,1,14.0,11.0,A. Nedeljkovic,2,0.0,11.0,38,38
2023020568,2023-12-31,20232024,REG,MTL,TBL,0,17.0,REG,5.0,3,4,30.0,13.0,S. Montembeault,2,0.0,8.0,29,20
2023020568,2023-12-31,20232024,REG,TBL,MTL,1,17.0,REG,7.0,4,3,31.0,19.0,J. Johansson,2,0.0,6.0,20,29
2023020569,2023-12-31,20232024,REG,EDM,ANA,0,10.0,REG,7.0,7,2,14.0,41.0,C. Pickard,2,0.0,5.0,39,30
2023020569,2023-12-31,20232024,REG,ANA,EDM,1,15.0,REG,5.0,2,7,30.0,31.0,J. Gibson,2,0.0,6.0,30,39
2023020570,2023-12-31,20232024,REG,PHI,CGY,0,15.0,REG,5.0,3,4,22.0,2.0,S. Ersson,2,0.0,9.0,31,33
2023020570,2023-12-31,20232024,REG,CGY,PHI,1,20.0,REG,18.0,4,3,16.0,8.0,J. Markstrom,2,0.0,12.0,33,31
2023020571,2023-12-31,20232024,REG,SJS,COL,0,28.0,REG,0.0,1,3,21.0,22.0,K. Kahkonen,2,1.0,3.0,11,33
2023020571,2023-12-31,20232024,REG,COL,SJS,1,10.0,REG,4.0,3,1,24.0,8.0,A. Georgiev,2,1.0,8.0,33,11
2023020572,2023-12-31,20232024,REG,CHI,DAL,0,13.0,REG,8.0,1,8,29.0,6.0,P. Mrazek,2,1.0,8.0,24,41
2023020572,2023-12-31,20232024,REG,DAL,CHI,1,16.0,REG,11.0,8,1,5.0,6.0,S. Wedgewood,2,1.0,6.0,41,24
2023020573,2024-01-01,20232024,REG,VGK,SEA,0,20.0,REG,4.0,0,3,23.0,4.0,L. Thompson,2,0.0,14.0,35,27
2023020573,2024-01-01,20232024,REG,SEA,VGK,1,20.0,REG,3.0,3,0,30.0,2.0,J. Daccord,2,0.0,13.0,27,35
2023020574,2024-01-02,20232024,REG,BOS,CBJ,0,13.0,REG,1.0,4,1,16.0,4.0,L. Ullmark,2,1.0,5.0,27,27
2023020574,2024-01-02,20232024,REG,CBJ,BOS,1,15.0,REG,5.0,1,4,17.0,8.0,S. Martin,2,0.0,5.0,27,27
2023020575,2024-01-02,20232024,REG,CAR,NYR,0,10.0,REG,0.0,6,1,17.0,6.0,P. Kochetkov,2,2.0,3.0,27,29
2023020575,2024-01-02,20232024,REG,NYR,CAR,1,9.0,REG,0.0,1,6,26.0,8.0,I. Shesterkin,2,0.0,7.0,29,27
2023020576,2024-01-02,20232024,REG,WSH,PIT,0,23.0,REG,6.0,4,3,17.0,6.0,D. Kuemper,2,1.0,7.0,22,35
2023020576,2024-01-02,20232024,REG,PIT,WSH,1,9.0,REG,13.0,3,4,31.0,4.0,T. Jarry,2,1.0,11.0,35,22
2023020577,2024-01-02,20232024,REG,MTL,DAL,0,25.0,REG,8.0,4,3,27.0,2.0,S. Montembeault,2,1.0,7.0,18,33
2023020577,2024-01-02,20232024,REG,DAL,MTL,1,9.0,REG,4.0,3,4,18.0,6.0,S. Wedgewood,2,0.0,5.0,33,18
2023020578,2024-01-02,20232024,REG,CGY,MIN,0,24.0,REG,7.0,3,1,20.0,6.0,J. Markstrom,2,0.0,3.0,33,29
2023020578,2024-01-02,20232024,REG,MIN,CGY,1,11.0,REG,8.0,1,3,26.0,4.0,M. Fleury,2,0.0,4.0,29,33
2023020579,2024-01-02,20232024,REG,CHI,NSH,0,25.0,REG,10.0,0,3,30.0,13.0,A. Soderblom,2,0.0,9.0,21,36
2023020579,2024-01-02,20232024,REG,NSH,CHI,1,11.0,REG,7.0,3,0,24.0,11.0,J. Saros,2,2.0,5.0,36,21
2023020580,2024-01-02,20232024,REG,TBL,WPG,0,11.0,REG,11.0,2,4,19.0,4.0,A. Vasilevskiy,2,2.0,8.0,34,28
2023020580,2024-01-02,20232024,REG,WPG,TBL,1,23.0,REG,7.0,4,2,27.0,4.0,C. Hellebuyck,2,0.0,4.0,28,34
2023020581,2024-01-02,20232024,REG,FLA,ARI,0,8.0,REG,5.0,4,1,31.0,23.0,S. Bobrovsky,2,1.0,2.0,38,22
2023020581,2024-01-02,20232024,REG,ARI,FLA,1,11.0,REG,9.0,1,4,26.0,40.0,K. Vejmelka,2,0.0,5.0,22,38
2023020582,2024-01-02,20232024,REG,NYI,COL,0,31.0,OT,4.0,4,5,23.0,10.0,S. Varlamov,2,1.0,9.0,22,39
2023020582,2024-01-02,20232024,REG,COL,NYI,1,16.0,OT,3.0,5,4,18.0,4.0,A. Georgiev,2,2.0,16.0,39,22
2023020583,2024-01-02,20232024,REG,PHI,EDM,0,8.0,REG,7.0,2,5,28.0,8.0,C. Hart,2,0.0,2.0,37,36
2023020583,2024-01-02,20232024,REG,EDM,PHI,1,8.0,REG,15.0,5,2,15.0,10.0,S. Skinner,2,1.0,4.0,36,37
2023020584,2024-01-02,20232024,REG,OTT,VAN,0,20.0,REG,6.0,3,6,29.0,12.0,A. Forsberg,2,0.0,5.0,38,26
2023020584,2024-01-02,20232024,REG,VAN,OTT,1,17.0,REG,9.0,6,3,23.0,2.0,T. Demko,2,1.0,10.0,26,38
2023020585,2024-01-02,20232024,REG,TOR,LAK,0,26.0,REG,5.0,3,0,27.0,11.0,M. Jones,2,0.0,3.0,29,31
2023020585,2024-01-02,20232024,REG,LAK,TOR,1,22.0,REG,8.0,0,3,19.0,13.0,C. Talbot,2,0.0,1.0,31,29
2023020586,2024-01-02,20232024,REG,DET,SJS,0,29.0,REG,4.0,5,3,19.0,6.0,A. Lyon,2,2.0,7.0,31,27
2023020586,2024-01-02,20232024,REG,SJS,DET,1,16.0,REG,2.0,3,5,26.0,10.0,K. Kahkonen,2,0.0,12.0,27,31
2023020587,2024-01-03,20232024,REG,NJD,WSH,0,8.0,REG,11.0,6,3,17.0,8.0,N. Daws,2,1.0,10.0,28,26
2023020587,2024-01-03,20232024,REG,WSH,NJD,1,19.0,REG,18.0,3,6,29.0,4.0,H. Shepard,2,2.0,6.0,26,28
2023020588,2024-01-03,20232024,REG,TOR,ANA,0,12.0,OT,12.0,2,1,16.0,24.0,M. Jones,2,1.0,2.0,57,28
2023020588,2024-01-03,20232024,REG,ANA,TOR,1,24.0,OT,13.0,1,2,20.0,27.0,L. Dostal,2,0.0,9.0,28,57
2023020589,2024-01-04,20232024,REG,PIT,BOS,0,20.0,REG,5.0,6,5,29.0,4.0,A. Nedeljkovic,2,1.0,13.0,35,29
2023020589,2024-01-04,20232024,REG,BOS,PIT,1,12.0,REG,8.0,5,6,19.0,6.0,J. Swayman,2,0.0,3.0,29,35
2023020590,2024-01-04,20232024,REG,BUF,MTL,0,17.0,REG,10.0,6,1,31.0,8.0,D. Levi,2,2.0,3.0,38,33
2023020590,2024-01-04,20232024,REG,MTL,BUF,1,14.0,REG,12.0,1,6,26.0,12.0,J. Allen,2,0.0,6.0,33,38
2023020591,2024-01-04,20232024,REG,CHI,NYR,0,14.0,REG,1.0,1,4,23.0,9.0,P. Mrazek,2,0.0,2.0,23,32
2023020591,2024-01-04,20232024,REG,NYR,CHI,1,16.0,REG,3.0,4,1,19.0,11.0,I. Shesterkin,2,1.0,3.0,32,23
2023020592,2024-01-04,20232024,REG,CBJ,PHI,0,15.0,SO,10.0,3,2,18.0,8.0,D. Tarasov,2,0.0,4.0,28,41
2023020592,2024-01-04,20232024,REG,PHI,CBJ,1,22.0,SO,3.0,2,3,23.0,10.0,S. Ersson,2,0.0,5.0,41,28
2023020593,2024-01-04,20232024,REG,COL,DAL,0,22.0,OT,7.0,5,4,23.0,6.0,A. Georgiev,2,1.0,4.0,34,32
2023020593,2024-01-04,20232024,REG,DAL,COL,1,14.0,OT,9.0,4,5,16.0,6.0,S. Wedgewood,2,1.0,4.0,32,34
2023020594,2024-01-04,20232024,REG,TBL,MIN,0,15.0,REG,10.0,4,1,17.0,7.0,A. Vasilevskiy,2,1.0,7.0,30,23
2023020594,2024-01-04,20232024,REG,MIN,TBL,1,12.0,REG,7.0,1,4,23.0,11.0,M. Fleury,2,0.0,6.0,23,30
2023020595,2024-01-04,20232024,REG,CGY,NSH,0,19.0,REG,11.0,6,3,22.0,4.0,D. Vladar,2,1.0,16.0,39,32
2023020595,2024-01-04,20232024,REG,NSH,CGY,1,16.0,REG,10.0,3,6,26.0,23.0,J. Saros,2,0.0,19.0,32,39
2023020596,2024-01-04,20232024,REG,VAN,STL,0,16.0,REG,2.0,1,2,19.0,4.0,T. Demko,2,0.0,13.0,26,32
2023020596,2024-01-04,20232024,REG,STL,VAN,1,12.0,REG,4.0,2,1,12.0,2.0,J. Binnington,2,0.0,13.0,32,26
2023020597,2024-01-04,20232024,REG,NYI,ARI,0,15.0,REG,8.0,5,1,25.0,4.0,I. Sorokin,2,1.0,3.0,31,27
2023020597,2024-01-04,20232024,REG,ARI,NYI,1,9.0,REG,12.0,1,5,18.0,4.0,C. Ingram,2,1.0,8.0,27,31
2023020598,2024-01-04,20232024,REG,OTT,SEA,0,20.0,REG,2.0,1,4,19.0,4.0,J. Korpisalo,2,0.0,6.0,33,28
2023020598,2024-01-04,20232024,REG,SEA,OTT,1,22.0,REG,3.0,4,1,11.0,8.0,J. Daccord,2,0.0,13.0,28,33
2023020599,2024-01-04,20232024,REG,FLA,VGK,0,12.0,REG,7.0,4,1,34.0,16.0,S. Bobrovsky,2,3.0,4.0,36,27
2023020599,2024-01-04,20232024,REG,VGK,FLA,1,15.0,REG,5.0,1,4,20.0,16.0,L. Thompson,2,0.0,6.0,27,36
2023020600,2024-01-04,20232024,REG,DET,LAK,0,22.0,SO,2.0,4,3,20.0,4.0,A. Lyon,2,0.0,5.0,27,43
2023020600,2024-01-04,20232024,REG,LAK,DET,1,11.0,SO,8.0,3,4,10.0,4.0,D. Rittich,2,0.0,7.0,43,27
2023020601,2024-01-04,20232024,REG,WPG,SJS,0,16.0,REG,8.0,2,1,21.0,4.0,C. Hellebuyck,2,1.0,6.0,30,28
2023020601,2024-01-04,20232024,REG,SJS,WPG,1,17.0,REG,6.0,1,2,14.0,2.0,M. Blackwood,2,0.0,3.0,28,30
2023020602,2024-01-05,20232024,REG,CHI,NJD,0,23.0,REG,8.0,2,4,17.0,38.0,A. Soderblom,2,1.0,7.0,25,32
2023020602,2024-01-05,20232024,REG,NJD,CHI,1,11.0,REG,6.0,4,2,19.0,26.0,V. Vanecek,2,0.0,2.0,32,25
2023020603,2024-01-05,20232024,REG,CAR,WSH,0,10.0,REG,4.0,6,2,11.0,6.0,P. Kochetkov,2,2.0,6.0,34,17
2023020603,2024-01-05,20232024,REG,WSH,CAR,1,18.0,REG,12.0,2,6,14.0,6.0,D. Kuemper,2,1.0,4.0,17,34
2023020604,2024-01-05,20232024,REG,WPG,ANA,0,20.0,REG,10.0,3,1,19.0,6.0,L. Brossoit,2,1.0,6.0,27,38
2023020604,2024-01-05,20232024,REG,ANA,WPG,1,20.0,REG,17.0,1,3,22.0,4.0,J. Gibson,2,0.0,7.0,38,27
2023020605,2024-01-06,20232024,REG,CGY,PHI,0,23.0,REG,5.0,2,3,10.0,23.0,J. Markstrom,2,0.0,4.0,24,42
2023020605,2024-01-06,20232024,REG,PHI,CGY,1,21.0,REG,5.0,3,2,22.0,29.0,C. Hart,2,1.0,6.0,42,24
2023020606,2024-01-06,20232024,REG,FLA,COL,0,6.0,REG,1.0,8,4,14.0,10.0,S. Bobrovsky,2,1.0,4.0,29,26
2023020606,2024-01-06,20232024,REG,COL,FLA,1,17.0,REG,4.0,4,8,18.0,12.0,I. Prosvetov,2,1.0,7.0,26,29
2023020607,2024-01-06,20232024,REG,TBL,BOS,0,12.0,REG,4.0,3,7,25.0,6.0,A. Vasilevskiy,2,0.0,9.0,26,26
2023020607,2024-01-06,20232024,REG,BOS,TBL,1,15.0,REG,10.0,7,3,33.0,8.0,L. Ullmark,2,1.0,7.0,26,26
2023020608,2024-01-06,20232024,REG,STL,CAR,0,25.0,SO,3.0,2,1,10.0,2.0,J. Binnington,2,0.0,4.0,22,30
2023020608,2024-01-06,20232024,REG,CAR,STL,1,13.0,SO,8.0,1,2,15.0,2.0,A. Raanta,2,1.0,12.0,30,22
2023020609,2024-01-06,20232024,REG,MIN,CBJ,0,26.0,OT,1.0,4,3,7.0,10.0,M. Fleury,2,2.0,3.0,36,29
2023020609,2024-01-06,20232024,REG,CBJ,MIN,1,16.0,OT,5.0,3,4,15.0,8.0,D. Tarasov,2,1.0,9.0,29,36
2023020610,2024-01-06,20232024,REG,NYR,MTL,0,14.0,SO,17.0,3,4,24.0,4.0,J. Quick,2,0.0,6.0,48,30
2023020610,2024-01-06,20232024,REG,MTL,NYR,1,25.0,SO,17.0,4,3,18.0,6.0,S. Montembeault,2,0.0,3.0,30,48
2023020611,2024-01-06,20232024,REG,VAN,NJD,0,13.0,REG,2.0,6,4,18.0,4.0,T. Demko,2,0.0,3.0,43,25
2023020611,2024-01-06,20232024,REG,NJD,VAN,1,19.0,REG,6.0,4,6,18.0,2.0,N. Daws,2,0.0,3.0,25,43
2023020612,2024-01-06,20232024,REG,BUF,PIT,0,16.0,REG,6.0,3,1,32.0,10.0,U. Luukkonen,2,0.0,9.0,32,41
2023020612,2024-01-06,20232024,REG,PIT,BUF,1,17.0,REG,12.0,1,3,22.0,6.0,T. Jarry,2,1.0,11.0,41,32
2023020613,2024-01-06,20232024,REG,TOR,SJS,0,11.0,REG,6.0,4,1,10.0,0.0,M. Jones,2,1.0,4.0,32,24
2023020613,2024-01-06,20232024,REG,SJS,TOR,1,19.0,REG,8.0,1,4,17.0,4.0,M. Blackwood,2,0.0,5.0,24,32
2023020614,2024-01-06,20232024,REG,NSH,DAL,0,23.0,REG,8.0,4,3,33.0,4.0,K. Lankinen,2,0.0,5.0,22,29
2023020614,2024-01-06,20232024,REG,DAL,NSH,1,15.0,REG,7.0,3,4,20.0,2.0,S. Wedgewood,2,1.0,13.0,29,22
2023020615,2024-01-06,20232024,REG,OTT,EDM,0,15.0,REG,8.0,1,3,31.0,6.0,A. Forsberg,2,0.0,10.0,30,46
2023020615,2024-01-06,20232024,REG,EDM,OTT,1,17.0,REG,10.0,3,1,15.0,6.0,S. Skinner,2,2.0,6.0,46,30
2023020616,2024-01-06,20232024,REG,NYI,VGK,0,17.0,REG,3.0,2,5,34.0,0.0,I. Sorokin,2,0.0,3.0,29,30
2023020616,2024-01-06,20232024,REG,VGK,NYI,1,18.0,REG,10.0,5,2,22.0,4.0,L. Thompson,2,1.0,11.0,30,29
2023020617,2024-01-07,20232024,REG,CGY,CHI,0,15.0,REG,6.0,3,4,18.0,6.0,D. Vladar,2,1.0,4.0,30,20
2023020617,2024-01-07,20232024,REG,CHI,CGY,1,22.0,REG,12.0,4,3,22.0,6.0,P. Mrazek,2,1.0,10.0,20,30
2023020618,2024-01-07,20232024,REG,LAK,WSH,0,17.0,REG,7.0,3,4,27.0,2.0,C. Talbot,2,2.0,6.0,41,34
2023020618,2024-01-07,20232024,REG,WSH,LAK,1,13.0,REG,17.0,4,3,39.0,6.0,D. Kuemper,2,0.0,12.0,34,41
2023020619,2024-01-07,20232024,REG,WPG,ARI,0,14.0,REG,2.0,6,2,22.0,9.0,C. Hellebuyck,2,0.0,3.0,36,17
2023020619,2024-01-07,20232024,REG,ARI,WPG,1,19.0,REG,14.0,2,6,25.0,11.0,K. Vejmelka,2,0.0,3.0,17,36
2023020620,2024-01-07,20232024,REG,DET,ANA,0,14.0,REG,6.0,3,2,21.0,8.0,A. Lyon,2,1.0,4.0,28,31
2023020620,2024-01-07,20232024,REG,ANA,DET,1,17.0,REG,5.0,2,3,15.0,10.0,L. Dostal,2,0.0,8.0,31,28
2023020621,2024-01-08,20232024,REG,VAN,NYR,0,13.0,REG,1.0,6,3,19.0,4.0,T. Demko,2,0.0,3.0,26,42
2023020621,2024-01-08,20232024,REG,NYR,VAN,1,9.0,REG,13.0,3,6,30.0,0.0,I. Shesterkin,2,1.0,6.0,42,26
2023020622,2024-01-08,20232024,REG,PIT,PHI,0,16.0,REG,6.0,4,1,12.0,8.0,A. Nedeljkovic,2,1.0,7.0,39,37
2023020622,2024-01-08,20232024,REG,PHI,PIT,1,10.0,REG,7.0,1,4,32.0,16.0,C. Hart,2,1.0,4.0,37,39
2023020623,2024-01-08,20232024,REG,DAL,MIN,0,16.0,REG,5.0,4,0,17.0,12.0,M. Murray,2,1.0,6.0,20,23
2023020623,2024-01-08,20232024,REG,MIN,DAL,1,14.0,REG,6.0,0,4,30.0,4.0,M. Fleury,2,0.0,8.0,23,20
2023020624,2024-01-08,20232024,REG,BOS,COL,0,23.0,SO,3.0,3,4,13.0,12.0,J. Swayman,2,1.0,12.0,26,36
2023020624,2024-01-08,20232024,REG,COL,BOS,1,15.0,SO,4.0,4,3,28.0,6.0,A. Georgiev,2,1.0,17.0,36,26
2023020625,2024-01-09,20232024,REG,SEA,BUF,0,23.0,REG,3.0,5,2,21.0,2.0,J. Daccord,2,1.0,9.0,26,38
2023020625,2024-01-09,20232024,REG,BUF,SEA,1,14.0,REG,4.0,2,5,30.0,2.0,D. Levi,2,0.0,4.0,38,26
2023020626,2024-01-09,20232024,REG,LAK,TBL,0,24.0,OT,6.0,2,3,41.0,6.0,C. Talbot,2,0.0,18.0,22,29
2023020626,2024-01-09,20232024,REG,TBL,LAK,1,10.0,OT,8.0,3,2,29.0,4.0,A. Vasilevskiy,2,0.0,10.0,29,22
2023020627,2024-01-09,20232024,REG,SJS,TOR,0,22.0,REG,3.0,1,7,49.0,6.0,K. Kahkonen,2,1.0,5.0,23,46
2023020627,2024-01-09,20232024,REG,TOR,SJS,1,7.0,REG,4.0,7,1,19.0,2.0,M. Jones,2,3.0,4.0,46,23
2023020628,2024-01-09,20232024,REG,VAN,NYI,0,10.0,REG,10.0,5,2,20.0,4.0,C. DeSmith,2,0.0,5.0,34,20
2023020628,2024-01-09,20232024,REG,NYI,VAN,1,17.0,REG,14.0,2,5,31.0,8.0,I. Sorokin,2,1.0,5.0,20,34
2023020629,2024-01-09,20232024,REG,ANA,NSH,0,17.0,REG,16.0,5,3,15.0,11.0,L. Dostal,2,1.0,10.0,33,42
2023020629,2024-01-09,20232024,REG,NSH,ANA,1,12.0,REG,16.0,3,5,26.0,11.0,J. Saros,2,0.0,12.0,42,33
2023020630,2024-01-09,20232024,REG,FLA,STL,0,10.0,REG,4.0,5,1,29.0,12.0,A. Stolarz,2,1.0,11.0,31,30
2023020630,2024-01-09,20232024,REG,STL,FLA,1,8.0,REG,12.0,1,5,14.0,10.0,J. Hofer,2,0.0,11.0,30,31
2023020631,2024-01-09,20232024,REG,CBJ,WPG,0,21.0,REG,14.0,0,5,15.0,8.0,D. Tarasov,2,0.0,1.0,29,23
2023020631,2024-01-09,20232024,REG,WPG,CBJ,1,23.0,REG,7.0,5,0,10.0,8.0,C. Hellebuyck,2,1.0,3.0,23,29
2023020632,2024-01-09,20232024,REG,EDM,CHI,0,16.0,REG,3.0,2,1,9.0,6.0,S. Skinner,2,0.0,13.0,15,26
2023020632,2024-01-09,20232024,REG,CHI,EDM,1,15.0,REG,5.0,1,2,19.0,2.0,P. Mrazek,2,0.0,9.0,26,15
2023020633,2024-01-09,20232024,REG,BOS,ARI,0,13.0,OT,3.0,3,4,23.0,17.0,L. Ullmark,2,2.0,8.0,33,36
2023020633,2024-01-09,20232024,REG,ARI,BOS,1,17.0,OT,9.0,4,3,25.0,19.0,C. Ingram,2,1.0,8.0,36,33
2023020634,2024-01-09,20232024,REG,OTT,CGY,0,16.0,REG,7.0,3,6,13.0,4.0,J. Korpisalo,2,1.0,7.0,33,36
2023020634,2024-01-09,20232024,REG,CGY,OTT,1,12.0,REG,17.0,6,3,24.0,6.0,J. Markstrom,2,0.0,10.0,36,33
2023020635,2024-01-10,20232024,REG,MTL,PHI,0,27.0,SO,4.0,2,3,24.0,4.0,C. Primeau,2,0.0,5.0,19,39
2023020635,2024-01-10,20232024,REG,PHI,MTL,1,16.0,SO,4.0,3,2,22.0,2.0,S. Ersson,2,1.0,6.0,39,19
2023020636,2024-01-10,20232024,REG,MIN,DAL,0,13.0,REG,1.0,2,7,34.0,6.0,J. Wallstedt,2,1.0,11.0,23,34
2023020636,2024-01-10,20232024,REG,DAL,MIN,1,20.0,REG,14.0,7,2,13.0,6.0,S. Wedgewood,2,0.0,12.0,34,23
2023020637,2024-01-10,20232024,REG,VGK,COL,0,22.0,REG,6.0,0,3,16.0,8.0,J. Patera,2,0.0,8.0,25,35
2023020637,2024-01-10,20232024,REG,COL,VGK,1,16.0,REG,4.0,3,0,20.0,8.0,A. Georgiev,2,2.0,14.0,35,25
2023020638,2024-01-11,20232024,REG,OTT,BUF,0,14.0,REG,4.0,3,5,27.0,6.0,A. Forsberg,2,0.0,4.0,28,32
2023020638,2024-01-11,20232024,REG,BUF,OTT,1,27.0,REG,6.0,5,3,28.0,8.0,U. Luukkonen,2,1.0,7.0,32,28
2023020639,2024-01-11,20232024,REG,ANA,CAR,0,15.0,REG,2.0,3,6,22.0,13.0,J. Gibson,2,1.0,4.0,16,34
2023020639,2024-01-11,20232024,REG,CAR,ANA,1,10.0,REG,6.0,6,3,24.0,15.0,P. Kochetkov,2,1.0,10.0,34,16
2023020640,2024-01-11,20232024,REG,EDM,DET,0,24.0,OT,3.0,3,2,9.0,6.0,C. Pickard,2,0.0,1.0,47,18
2023020640,2024-01-11,20232024,REG,DET,EDM,1,19.0,OT,10.0,2,3,8.0,4.0,A. Lyon,2,0.0,6.0,18,47
2023020641,2024-01-11,20232024,REG,LAK,FLA,0,17.0,OT,4.0,2,3,21.0,8.0,C. Talbot,2,1.0,5.0,33,41
2023020641,2024-01-11,20232024,REG,FLA,LAK,1,15.0,OT,7.0,3,2,27.0,8.0,S. Bobrovsky,2,1.0,5.0,41,33
2023020642,2024-01-11,20232024,REG,SJS,MTL,0,19.0,REG,10.0,3,2,39.0,4.0,M. Blackwood,2,0.0,3.0,35,35
2023020642,2024-01-11,20232024,REG,MTL,SJS,1,14.0,REG,8.0,2,3,22.0,8.0,S. Montembeault,2,0.0,6.0,35,35
2023020643,2024-01-11,20232024,REG,VAN,PIT,0,21.0,OT,5.0,4,3,16.0,8.0,T. Demko,2,1.0,12.0,29,35
2023020643,2024-01-11,20232024,REG,PIT,VAN,1,9.0,OT,11.0,3,4,33.0,4.0,A. Nedeljkovic,2,0.0,12.0,35,29
2023020644,2024-01-11,20232024,REG,NJD,TBL,0,7.0,OT,1.0,3,4,24.0,10.0,V. Vanecek,2,0.0,3.0,30,20
2023020644,2024-01-11,20232024,REG,TBL,NJD,1,15.0,OT,5.0,4,3,30.0,6.0,A. Vasilevskiy,2,0.0,12.0,20,30
2023020645,2024-01-11,20232024,REG,SEA,WSH,0,12.0,REG,6.0,4,1,11.0,2.0,J. Daccord,2,0.0,8.0,23,26
2023020645,2024-01-11,20232024,REG,WSH,SEA,1,16.0,REG,13.0,1,4,11.0,2.0,D. Kuemper,2,0.0,9.0,26,23
2023020646,2024-01-11,20232024,REG,TOR,NYI,0,19.0,OT,10.0,3,4,18.0,6.0,M. Jones,2,0.0,8.0,35,30
2023020646,2024-01-11,20232024,REG,NYI,TOR,1,19.0,OT,4.0,4,3,31.0,2.0,I. Sorokin,2,2.0,14.0,30,35
2023020647,2024-01-11,20232024,REG,NYR,STL,0,12.0,REG,4.0,2,5,20.0,8.0,I. Shesterkin,2,1.0,9.0,43,20
2023020647,2024-01-11,20232024,REG,STL,NYR,1,23.0,REG,4.0,5,2,17.0,6.0,J. Binnington,2,2.0,16.0,20,43
2023020648,2024-01-11,20232024,REG,CHI,WPG,0,27.0,REG,4.0,1,2,17.0,8.0,P. Mrazek,2,0.0,3.0,21,28
2023020648,2024-01-11,20232024,REG,WPG,CHI,1,20.0,REG,6.0,2,1,33.0,4.0,L. Brossoit,2,0.0,7.0,28,21
2023020649,2024-01-11,20232024,REG,CGY,ARI,0,27.0,REG,9.0,6,2,19.0,4.0,J. Markstrom,2,1.0,5.0,30,34
2023020649,2024-01-11,20232024,REG,ARI,CGY,1,10.0,REG,10.0,2,6,28.0,8.0,K. Vejmelka,2,0.0,7.0,34,30
2023020650,2024-01-11,20232024,REG,BOS,VGK,0,22.0,OT,5.0,1,2,26.0,10.0,J. Swayman,2,0.0,12.0,33,25
2023020650,2024-01-11,20232024,REG,VGK,BOS,1,19.0,OT,5.0,2,1,28.0,6.0,L. Thompson,2,1.0,6.0,25,33
2023020651,2024-01-12,20232024,REG,NSH,DAL,0,18.0,REG,3.0,6,3,35.0,6.0,K. Lankinen,2,1.0,4.0,38,22
2023020651,2024-01-12,20232024,REG,DAL,NSH,1,15.0,REG,21.0,3,6,24.0,10.0,J. Oettinger,2,1.0,7.0,22,38
2023020652,2024-01-12,20232024,REG,PHI,MIN,0,17.0,OT,3.0,4,3,28.0,9.0,C. Hart,2,1.0,3.0,35,29
2023020652,2024-01-12,20232024,REG,MIN,PHI,1,13.0,OT,3.0,3,4,27.0,9.0,M. Fleury,2,0.0,13.0,29,35
2023020653,2024-01-13,20232024,REG,NYR,WSH,0,14.0,REG,6.0,2,3,31.0,10.0,J. Quick,2,0.0,9.0,27,21
2023020653,2024-01-13,20232024,REG,WSH,NYR,1,22.0,REG,11.0,3,2,17.0,10.0,C. Lindgren,2,0.0,5.0,21,27
2023020654,2024-01-13,20232024,REG,VAN,BUF,0,17.0,REG,0.0,1,0,27.0,15.0,T. Demko,2,0.0,5.0,23,26
2023020654,2024-01-13,20232024,REG,BUF,VAN,1,12.0,REG,6.0,0,1,22.0,13.0,U. Luukkonen,2,0.0,4.0,26,23
2023020655,2024-01-13,20232024,REG,SJS,OTT,0,26.0,REG,4.0,4,5,38.0,4.0,M. Blackwood,2,0.0,7.0,18,41
2023020655,2024-01-13,20232024,REG,OTT,SJS,1,15.0,REG,13.0,5,4,26.0,4.0,J. Korpisalo,2,0.0,9.0,41,18
2023020656,2024-01-13,20232024,REG,NJD,FLA,0,21.0,REG,6.0,4,1,22.0,4.0,N. Daws,2,0.0,2.0,22,36
2023020656,2024-01-13,20232024,REG,FLA,NJD,1,10.0,REG,10.0,1,4,30.0,4.0,S. Bobrovsky,2,1.0,3.0,36,22
2023020657,2024-01-13,20232024,REG,PIT,CAR,0,9.0,OT,7.0,2,3,19.0,8.0,T. Jarry,2,0.0,6.0,40,35
2023020657,2024-01-13,20232024,REG,CAR,PIT,1,16.0,OT,14.0,3,2,19.0,8.0,A. Raanta,2,0.0,9.0,35,40
2023020658,2024-01-13,20232024,REG,SEA,CBJ,0,26.0,REG,1.0,7,4,25.0,9.0,J. Daccord,2,1.0,5.0,36,34
2023020658,2024-01-13,20232024,REG,CBJ,SEA,1,7.0,REG,3.0,4,7,18.0,9.0,D. Tarasov,2,1.0,3.0,34,36
2023020659,2024-01-13,20232024,REG,LAK,DET,0,13.0,REG,1.0,3,5,16.0,6.0,C. Talbot,2,3.0,5.0,36,30
2023020659,2024-01-13,20232024,REG,DET,LAK,1,17.0,REG,14.0,5,3,25.0,6.0,A. Lyon,2,1.0,5.0,30,36
2023020660,2024-01-13,20232024,REG,EDM,MTL,0,10.0,OT,14.0,2,1,12.0,8.0,S. Skinner,2,1.0,6.0,41,24
2023020660,2024-01-13,20232024,REG,MTL,EDM,1,24.0,OT,9.0,1,2,17.0,8.0,S. Montembeault,2,1.0,3.0,24,41
2023020661,2024-01-13,20232024,REG,ANA,TBL,0,11.0,REG,7.0,1,5,37.0,10.0,L. Dostal,2,1.0,5.0,20,41
2023020661,2024-01-13,20232024,REG,TBL,ANA,1,12.0,REG,7.0,5,1,21.0,20.0,A. Vasilevskiy,2,3.0,10.0,41,20
2023020662,2024-01-13,20232024,REG,COL,TOR,0,15.0,REG,8.0,5,3,33.0,2.0,A. Georgiev,2,1.0,6.0,33,29
2023020662,2024-01-13,20232024,REG,TOR,COL,1,17.0,REG,15.0,3,5,29.0,8.0,M. Jones,2,0.0,9.0,29,33
2023020663,2024-01-13,20232024,REG,PHI,WPG,0,22.0,REG,7.0,2,0,17.0,6.0,S. Ersson,2,1.0,4.0,36,35
2023020663,2024-01-13,20232024,REG,WPG,PHI,1,11.0,REG,7.0,0,2,31.0,4.0,C. Hellebuyck,2,0.0,3.0,35,36
2023020664,2024-01-13,20232024,REG,DAL,CHI,0,12.0,REG,6.0,3,1,23.0,9.0,S. Wedgewood,2,1.0,5.0,30,35
2023020664,2024-01-13,20232024,REG,CHI,DAL,1,17.0,REG,9.0,1,3,27.0,11.0,P. Mrazek,2,0.0,10.0,35,30
2023020665,2024-01-13,20232024,REG,ARI,MIN,0,18.0,REG,7.0,6,0,17.0,18.0,C. Ingram,2,2.0,6.0,33,38
2023020665,2024-01-13,20232024,REG,MIN,ARI,1,9.0,REG,8.0,0,6,32.0,18.0,F. Gustavsson,2,0.0,7.0,38,33
2023020666,2024-01-13,20232024,REG,NYI,NSH,0,25.0,REG,18.0,1,3,33.0,6.0,I. Sorokin,2,0.0,13.0,25,28
2023020666,2024-01-13,20232024,REG,NSH,NYI,1,23.0,REG,17.0,3,1,26.0,4.0,J. Saros,2,1.0,12.0,28,25
2023020667,2024-01-13,20232024,REG,BOS,STL,0,6.0,OT,2.0,4,3,18.0,4.0,J. Swayman,2,1.0,17.0,35,23
2023020667,2024-01-13,20232024,REG,STL,BOS,1,15.0,OT,10.0,3,4,17.0,8.0,J. Binnington,2,2.0,7.0,23,35
2023020668,2024-01-13,20232024,REG,CGY,VGK,0,23.0,REG,5.0,3,1,20.0,4.0,J. Markstrom,2,1.0,9.0,26,32
2023020668,2024-01-13,20232024,REG,VGK,CGY,1,17.0,REG,4.0,1,3,41.0,4.0,L. Thompson,2,0.0,9.0,32,26
2023020669,2024-01-14,20232024,REG,WSH,NYR,0,11.0,REG,7.0,1,2,20.0,12.0,C. Lindgren,2,0.0,4.0,25,31
2023020669,2024-01-14,20232024,REG,NYR,WSH,1,23.0,REG,5.0,2,1,24.0,6.0,I. Shesterkin,2,0.0,8.0,31,25
2023020670,2024-01-14,20232024,REG,DET,TOR,0,20.0,REG,14.0,4,2,43.0,6.0,J. Reimer,2,0.0,7.0,24,30
2023020670,2024-01-14,20232024,REG,TOR,DET,1,14.0,REG,15.0,2,4,28.0,4.0,I. Samsonov,2,0.0,10.0,30,24
2023020671,2024-01-15,20232024,REG,NJD,BOS,0,13.0,REG,5.0,0,3,29.0,10.0,N. Daws,2,0.0,7.0,31,36
2023020671,2024-01-15,20232024,REG,BOS,NJD,1,15.0,REG,10.0,3,0,32.0,4.0,J. Swayman,2,1.0,6.0,36,31
2023020672,2024-01-15,20232024,REG,SJS,BUF,0,14.0,REG,1.0,0,3,33.0,6.0,K. Kahkonen,2,0.0,7.0,28,35
2023020672,2024-01-15,20232024,REG,BUF,SJS,1,17.0,REG,2.0,3,0,18.0,6.0,U. Luukkonen,2,1.0,4.0,35,28
2023020673,2024-01-15,20232024,REG,VAN,CBJ,0,11.0,SO,6.0,3,4,19.0,10.0,C. DeSmith,2,1.0,2.0,30,43
2023020673,2024-01-15,20232024,REG,CBJ,VAN,1,15.0,SO,3.0,4,3,19.0,6.0,E. Merzlikins,2,1.0,4.0,43,30
2023020674,2024-01-15,20232024,REG,ANA,FLA,0,19.0,OT,4.0,5,4,22.0,14.0,J. Gibson,2,0.0,4.0,26,33
2023020674,2024-01-15,20232024,REG,FLA,ANA,1,11.0,OT,6.0,4,5,17.0,16.0,A. Stolarz,2,2.0,9.0,33,26
2023020675,2024-01-15,20232024,REG,LAK,CAR,0,18.0,REG,14.0,5,2,17.0,10.0,D. Rittich,2,0.0,6.0,26,32
2023020675,2024-01-15,20232024,REG,CAR,LAK,1,9.0,REG,11.0,2,5,15.0,8.0,A. Raanta,2,0.0,6.0,32,26
2023020676,2024-01-15,20232024,REG,NYI,MIN,0,12.0,REG,2.0,0,5,28.0,12.0,I. Sorokin,2,0.0,4.0,21,40
2023020676,2024-01-15,20232024,REG,MIN,NYI,1,14.0,REG,2.0,5,0,14.0,10.0,M. Fleury,2,2.0,5.0,40,21
2023020677,2024-01-15,20232024,REG,SEA,PIT,0,16.0,REG,7.0,0,3,22.0,4.0,J. Daccord,2,0.0,9.0,22,33
2023020677,2024-01-15,20232024,REG,PIT,SEA,1,12.0,REG,4.0,3,0,14.0,4.0,T. Jarry,2,0.0,6.0,33,22
2023020678,2024-01-15,20232024,REG,COL,MTL,0,8.0,REG,9.0,3,4,11.0,6.0,A. Georgiev,2,1.0,6.0,35,34
2023020678,2024-01-15,20232024,REG,MTL,COL,1,25.0,REG,9.0,4,3,10.0,10.0,J. Allen,2,2.0,9.0,34,35
2023020679,2024-01-15,20232024,REG,PHI,STL,0,16.0,REG,3.0,4,2,16.0,6.0,C. Hart,2,0.0,10.0,42,30
2023020679,2024-01-15,20232024,REG,STL,PHI,1,19.0,REG,9.0,2,4,17.0,4.0,J. Hofer,2,1.0,17.0,30,42
2023020680,2024-01-15,20232024,REG,NSH,VGK,0,25.0,REG,5.0,1,4,48.0,4.0,J. Saros,2,0.0,10.0,35,29
2023020680,2024-01-15,20232024,REG,VGK,NSH,1,21.0,REG,3.0,4,1,26.0,8.0,L. Thompson,2,0.0,11.0,29,35
2023020681,2024-01-16,20232024,REG,SEA,NYR,0,12.0,REG,5.0,2,5,18.0,4.0,C. Driedger,2,2.0,6.0,31,23
2023020681,2024-01-16,20232024,REG,NYR,SEA,1,15.0,REG,8.0,5,2,24.0,4.0,I. Shesterkin,2,1.0,11.0,23,31
2023020682,2024-01-16,20232024,REG,COL,OTT,0,23.0,REG,8.0,7,4,25.0,10.0,J. Annunen,2,1.0,6.0,34,40
2023020682,2024-01-16,20232024,REG,OTT,COL,1,15.0,REG,11.0,4,7,17.0,10.0,M. Sogaard,2,1.0,15.0,40,34
2023020683,2024-01-16,20232024,REG,ANA,WSH,0,11.0,REG,10.0,0,2,23.0,9.0,J. Gibson,2,0.0,8.0,24,28
2023020683,2024-01-16,20232024,REG,WSH,ANA,1,21.0,REG,8.0,2,0,21.0,9.0,D. Kuemper,2,0.0,8.0,28,24
2023020684,2024-01-16,20232024,REG,LAK,DAL,0,15.0,REG,6.0,1,5,18.0,2.0,C. Talbot,2,1.0,4.0,32,28
2023020684,2024-01-16,20232024,REG,DAL,LAK,1,22.0,REG,11.0,5,1,23.0,8.0,J. Oettinger,2,0.0,4.0,28,32
2023020685,2024-01-16,20232024,REG,NYI,WPG,0,11.0,REG,9.0,2,4,31.0,10.0,I. Sorokin,2,0.0,3.0,37,44
2023020685,2024-01-16,20232024,REG,WPG,NYI,1,12.0,REG,7.0,4,2,17.0,4.0,C. Hellebuyck,2,1.0,11.0,44,37
2023020686,2024-01-16,20232024,REG,SJS,CHI,0,21.0,SO,3.0,1,2,35.0,20.0,M. Blackwood,2,0.0,3.0,38,25
2023020686,2024-01-16,20232024,REG,CHI,SJS,1,8.0,SO,8.0,2,1,26.0,16.0,P. Mrazek,2,1.0,13.0,25,38
2023020687,2024-01-16,20232024,REG,ARI,CGY,0,12.0,OT,4.0,2,3,17.0,10.0,C. Ingram,2,0.0,15.0,25,30
2023020687,2024-01-16,20232024,REG,CGY,ARI,1,17.0,OT,7.0,3,2,12.0,8.0,D. Vladar,2,1.0,6.0,30,25
2023020688,2024-01-16,20232024,REG,TOR,EDM,0,22.0,REG,9.0,2,4,27.0,2.0,M. Jones,2,0.0,9.0,27,32
2023020688,2024-01-16,20232024,REG,EDM,TOR,1,9.0,REG,22.0,4,2,32.0,2.0,S. Skinner,2,0.0,13.0,32,27
2023020689,2024-01-17,20232024,REG,DET,FLA,0,26.0,OT,14.0,3,2,27.0,10.0,A. Lyon,2,1.0,5.0,29,34
2023020689,2024-01-17,20232024,REG,FLA,DET,1,13.0,OT,14.0,2,3,19.0,12.0,S. Bobrovsky,2,0.0,7.0,34,29
2023020690,2024-01-17,20232024,REG,MTL,NJD,0,17.0,REG,5.0,3,2,12.0,8.0,S. Montembeault,2,0.0,3.0,25,30
2023020690,2024-01-17,20232024,REG,NJD,MTL,1,12.0,REG,2.0,2,3,17.0,2.0,N. Daws,2,2.0,4.0,30,25
2023020691,2024-01-18,20232024,REG,CHI,BUF,0,19.0,REG,1.0,0,3,25.0,15.0,A. Soderblom,2,0.0,6.0,19,31
2023020691,2024-01-18,20232024,REG,BUF,CHI,1,13.0,REG,1.0,3,0,14.0,8.0,U. Luukkonen,2,1.0,5.0,31,19
2023020692,2024-01-18,20232024,REG,COL,BOS,0,17.0,REG,5.0,2,5,32.0,4.0,A. Georgiev,2,0.0,5.0,32,31
2023020692,2024-01-18,20232024,REG,BOS,COL,1,14.0,REG,12.0,5,2,27.0,4.0,J. Swayman,2,1.0,14.0,31,32
2023020693,2024-01-18,20232024,REG,MTL,OTT,0,12.0,REG,9.0,2,6,18.0,11.0,C. Primeau,2,0.0,11.0,23,37
2023020693,2024-01-18,20232024,REG,OTT,MTL,1,15.0,REG,12.0,6,2,23.0,15.0,J. Korpisalo,2,0.0,10.0,37,23
2023020694,2024-01-18,20232024,REG,DAL,PHI,0,20.0,REG,5.0,1,5,23.0,8.0,J. Oettinger,2,0.0,3.0,15,43
2023020694,2024-01-18,20232024,REG,PHI,DAL,1,20.0,REG,3.0,5,1,20.0,4.0,S. Ersson,2,1.0,9.0,43,15
2023020695,2024-01-18,20232024,REG,MIN,TBL,0,13.0,REG,5.0,3,7,23.0,10.0,F. Gustavsson,2,0.0,5.0,33,38
2023020695,2024-01-18,20232024,REG,TBL,MIN,1,17.0,REG,4.0,7,3,26.0,8.0,A. Vasilevskiy,2,3.0,10.0,38,33
2023020696,2024-01-18,20232024,REG,STL,WSH,0,15.0,REG,4.0,2,5,8.0,6.0,J. Binnington,2,0.0,4.0,20,26
2023020696,2024-01-18,20232024,REG,WSH,STL,1,16.0,REG,7.0,5,2,11.0,10.0,C. Lindgren,2,2.0,7.0,26,20
2023020697,2024-01-18,20232024,REG,TOR,CGY,0,13.0,REG,6.0,4,3,27.0,8.0,M. Jones,2,1.0,11.0,32,26
2023020697,2024-01-18,20232024,REG,CGY,TOR,1,13.0,REG,9.0,3,4,19.0,6.0,D. Vladar,2,1.0,11.0,26,32
2023020698,2024-01-18,20232024,REG,SEA,EDM,0,9.0,REG,7.0,2,4,38.0,23.0,J. Daccord,2,0.0,7.0,27,36
2023020698,2024-01-18,20232024,REG,EDM,SEA,1,18.0,REG,13.0,4,2,16.0,24.0,S. Skinner,2,2.0,10.0,36,27
2023020699,2024-01-18,20232024,REG,NSH,LAK,0,23.0,REG,2.0,2,1,29.0,10.0,J. Saros,2,1.0,6.0,33,34
2023020699,2024-01-18,20232024,REG,LAK,NSH,1,16.0,REG,6.0,1,2,22.0,6.0,D. Rittich,2,1.0,4.0,34,33
2023020700,2024-01-18,20232024,REG,ARI,VAN,0,11.0,REG,4.0,1,2,25.0,17.0,C. Ingram,2,0.0,3.0,21,26
2023020700,2024-01-18,20232024,REG,VAN,ARI,1,10.0,REG,9.0,2,1,25.0,11.0,T. Demko,2,1.0,4.0,26,21
2023020701,2024-01-18,20232024,REG,NYR,VGK,0,16.0,REG,3.0,1,5,25.0,6.0,I. Shesterkin,2,1.0,5.0,30,26
2023020701,2024-01-18,20232024,REG,VGK,NYR,1,20.0,REG,9.0,5,1,24.0,6.0,L. Thompson,2,1.0,11.0,26,30
2023020702,2024-01-19,20232024,REG,DET,CAR,0,17.0,REG,9.0,2,4,13.0,2.0,A. Lyon,2,1.0,7.0,12,30
2023020702,2024-01-19,20232024,REG,CAR,DET,1,10.0,REG,27.0,4,2,11.0,2.0,A. Raanta,2,1.0,9.0,30,12
2023020703,2024-01-19,20232024,REG,NJD,CBJ,0,19.0,REG,1.0,4,1,11.0,6.0,V. Vanecek,2,0.0,2.0,33,30
2023020703,2024-01-19,20232024,REG,CBJ,NJD,1,19.0,REG,4.0,1,4,24.0,8.0,E. Merzlikins,2,0.0,6.0,30,33
2023020704,2024-01-19,20232024,REG,MIN,FLA,0,26.0,REG,4.0,6,4,20.0,20.0,M. Fleury,2,5.0,2.0,26,35
2023020704,2024-01-19,20232024,REG,FLA,MIN,1,8.0,REG,11.0,4,6,28.0,24.0,S. Bobrovsky,2,0.0,5.0,35,26
2023020705,2024-01-19,20232024,REG,NYI,CHI,0,18.0,OT,5.0,3,4,31.0,4.0,I. Sorokin,2,0.0,4.0,30,24
2023020705,2024-01-19,20232024,REG,CHI,NYI,1,24.0,OT,5.0,4,3,24.0,6.0,P. Mrazek,2,0.0,7.0,24,30
2023020706,2024-01-20,20232024,REG,TBL,BUF,0,13.0,REG,2.0,3,1,16.0,4.0,J. Johansson,2,0.0,9.0,16,27
2023020706,2024-01-20,20232024,REG,BUF,TBL,1,11.0,REG,7.0,1,3,18.0,6.0,U. Luukkonen,2,0.0,4.0,27,16
2023020707,2024-01-20,20232024,REG,COL,PHI,0,28.0,REG,4.0,7,4,25.0,6.0,A. Georgiev,2,1.0,7.0,25,40
2023020707,2024-01-20,20232024,REG,PHI,COL,1,12.0,REG,2.0,4,7,19.0,4.0,C. Hart,2,0.0,5.0,40,25
2023020708,2024-01-20,20232024,REG,NSH,ARI,0,12.0,REG,6.0,2,3,26.0,4.0,J. Saros,2,1.0,5.0,32,24
2023020708,2024-01-20,20232024,REG,ARI,NSH,1,18.0,REG,11.0,3,2,29.0,10.0,C. Ingram,2,0.0,7.0,24,32
2023020709,2024-01-20,20232024,REG,WPG,OTT,0,13.0,OT,9.0,2,1,22.0,13.0,C. Hellebuyck,2,0.0,6.0,29,35
2023020709,2024-01-20,20232024,REG,OTT,WPG,1,14.0,OT,9.0,1,2,25.0,13.0,J. Korpisalo,2,0.0,9.0,35,29
2023020710,2024-01-20,20232024,REG,MTL,BOS,0,7.0,REG,7.0,4,9,44.0,11.0,S. Montembeault,2,2.0,9.0,21,36
2023020710,2024-01-20,20232024,REG,BOS,MTL,1,14.0,REG,9.0,9,4,39.0,11.0,L. Ullmark,2,1.0,8.0,36,21
2023020711,2024-01-20,20232024,REG,DAL,NJD,0,17.0,REG,1.0,6,2,12.0,6.0,S. Wedgewood,2,1.0,4.0,36,31
2023020711,2024-01-20,20232024,REG,NJD,DAL,1,18.0,REG,4.0,2,6,25.0,22.0,N. Daws,2,0.0,2.0,31,36
2023020712,2024-01-20,20232024,REG,TOR,VAN,0,14.0,REG,7.0,4,6,40.0,14.0,M. Jones,2,0.0,4.0,46,21
2023020712,2024-01-20,20232024,REG,VAN,TOR,1,19.0,REG,1.0,6,4,52.0,18.0,T. Demko,2,2.0,5.0,21,46
2023020713,2024-01-20,20232024,REG,WSH,STL,0,15.0,REG,4.0,0,3,15.0,20.0,C. Lindgren,2,0.0,10.0,18,29
2023020713,2024-01-20,20232024,REG,STL,WSH,1,13.0,REG,8.0,3,0,21.0,22.0,J. Binnington,2,1.0,15.0,29,18
2023020714,2024-01-20,20232024,REG,EDM,CGY,0,13.0,REG,4.0,3,1,25.0,6.0,S. Skinner,2,0.0,7.0,32,27
2023020714,2024-01-20,20232024,REG,CGY,EDM,1,8.0,REG,13.0,1,3,32.0,4.0,D. Vladar,2,0.0,6.0,27,32
2023020715,2024-01-20,20232024,REG,ANA,SJS,0,21.0,REG,4.0,3,5,13.0,8.0,J. Gibson,2,1.0,7.0,34,19
2023020715,2024-01-20,20232024,REG,SJS,ANA,1,18.0,REG,5.0,5,3,18.0,10.0,M. Blackwood,2,0.0,7.0,19,34
2023020716,2024-01-20,20232024,REG,PIT,VGK,0,14.0,REG,6.0,2,3,22.0,8.0,T. Jarry,2,0.0,8.0,25,29
2023020716,2024-01-20,20232024,REG,VGK,PIT,1,18.0,REG,2.0,3,2,18.0,2.0,L. Thompson,2,0.0,7.0,29,25
2023020717,2024-01-20,20232024,REG,NYR,LAK,0,20.0,REG,2.0,1,2,32.0,2.0,J. Quick,2,0.0,3.0,23,26
2023020717,2024-01-20,20232024,REG,LAK,NYR,1,13.0,REG,8.0,2,1,21.0,6.0,D. Rittich,2,0.0,3.0,26,23
2023020718,2024-01-21,20232024,REG,OTT,PHI,0,18.0,REG,4.0,5,3,21.0,8.0,M. Sogaard,2,0.0,6.0,34,25
2023020718,2024-01-21,20232024,REG,PHI,OTT,1,12.0,REG,0.0,3,5,27.0,6.0,S. Ersson,2,2.0,5.0,25,34
2023020719,2024-01-21,20232024,REG,MIN,CAR,0,22.0,REG,3.0,5,2,21.0,8.0,F. Gustavsson,2,0.0,8.0,19,42
2023020719,2024-01-21,20232024,REG,CAR,MIN,1,10.0,REG,5.0,2,5,15.0,4.0,A. Raanta,2,0.0,10.0,42,19
2023020720,2024-01-21,20232024,REG,TBL,DET,0,16.0,REG,6.0,1,2,12.0,4.0,A. Vasilevskiy,2,0.0,4.0,28,35
2023020720,2024-01-21,20232024,REG,DET,TBL,1,9.0,REG,5.0,2,1,18.0,6.0,A. Lyon,2,0.0,5.0,35,28
2023020721,2024-01-21,20232024,REG,DAL,NYI,0,11.0,OT,10.0,2,3,16.0,0.0,S. Wedgewood,2,0.0,3.0,43,28
2023020721,2024-01-21,20232024,REG,NYI,DAL,1,23.0,OT,14.0,3,2,38.0,6.0,I. Sorokin,2,0.0,11.0,28,43
2023020722,2024-01-21,20232024,REG,NYR,ANA,0,13.0,REG,5.0,5,2,21.0,6.0,I. Shesterkin,2,2.0,3.0,33,18
2023020722,2024-01-21,20232024,REG,ANA,NYR,1,24.0,REG,5.0,2,5,23.0,8.0,L. Dostal,2,0.0,5.0,18,33
2023020723,2024-01-21,20232024,REG,TOR,SEA,0,18.0,REG,2.0,3,1,17.0,11.0,I. Samsonov,2,0.0,19.0,26,17
2023020723,2024-01-21,20232024,REG,SEA,TOR,1,16.0,REG,0.0,1,3,24.0,11.0,J. Daccord,2,0.0,10.0,17,26
2023020724,2024-01-22,20232024,REG,WPG,BOS,0,11.0,REG,6.0,1,4,43.0,6.0,C. Hellebuyck,2,0.0,10.0,21,21
2023020724,2024-01-22,20232024,REG,BOS,WPG,1,17.0,REG,7.0,4,1,34.0,6.0,J. Swayman,2,0.0,6.0,21,21
2023020725,2024-01-22,20232024,REG,VGK,NJD,0,17.0,OT,4.0,5,6,16.0,6.0,L. Thompson,2,0.0,5.0,32,38
2023020725,2024-01-22,20232024,REG,NJD,VGK,1,11.0,OT,8.0,6,5,16.0,2.0,V. Vanecek,2,0.0,4.0,38,32
2023020726,2024-01-22,20232024,REG,FLA,NSH,0,18.0,REG,6.0,4,1,35.0,15.0,A. Stolarz,2,1.0,22.0,38,27
2023020726,2024-01-22,20232024,REG,NSH,FLA,1,18.0,REG,21.0,1,4,31.0,11.0,J. Saros,2,0.0,20.0,27,38
2023020727,2024-01-22,20232024,REG,PIT,ARI,0,18.0,REG,7.0,2,5,23.0,6.0,T. Jarry,2,0.0,7.0,27,26
2023020727,2024-01-22,20232024,REG,ARI,PIT,1,11.0,REG,7.0,5,2,20.0,6.0,C. Ingram,2,1.0,4.0,26,27
2023020728,2024-01-22,20232024,REG,CHI,VAN,0,9.0,REG,5.0,0,2,26.0,6.0,P. Mrazek,2,0.0,4.0,31,29
2023020728,2024-01-22,20232024,REG,VAN,CHI,1,9.0,REG,12.0,2,0,28.0,8.0,T. Demko,2,0.0,8.0,29,31
2023020729,2024-01-22,20232024,REG,SJS,LAK,0,20.0,SO,4.0,4,3,26.0,4.0,K. Kahkonen,2,0.0,4.0,27,47
2023020729,2024-01-22,20232024,REG,LAK,SJS,1,21.0,SO,5.0,3,4,20.0,2.0,D. Rittich,2,1.0,4.0,47,27
2023020730,2024-01-23,20232024,REG,DAL,DET,0,25.0,REG,7.0,5,4,10.0,8.0,J. Oettinger,2,1.0,4.0,38,34
2023020730,2024-01-23,20232024,REG,DET,DAL,1,18.0,REG,8.0,4,5,23.0,2.0,A. Lyon,2,3.0,8.0,34,38
2023020731,2024-01-23,20232024,REG,OTT,MTL,0,15.0,REG,18.0,4,1,18.0,10.0,J. Korpisalo,2,0.0,7.0,28,25
2023020731,2024-01-23,20232024,REG,MTL,OTT,1,13.0,REG,10.0,1,4,34.0,10.0,J. Allen,2,0.0,6.0,25,28
2023020732,2024-01-23,20232024,REG,TBL,PHI,0,17.0,REG,3.0,6,3,13.0,6.0,A. Vasilevskiy,2,2.0,7.0,21,32
2023020732,2024-01-23,20232024,REG,PHI,TBL,1,23.0,REG,2.0,3,6,17.0,8.0,S. Ersson,2,1.0,12.0,32,21
2023020733,2024-01-23,20232024,REG,VGK,NYI,0,14.0,REG,5.0,3,2,14.0,6.0,A. Hill,2,1.0,10.0,27,42
2023020733,2024-01-23,20232024,REG,NYI,VGK,1,7.0,REG,14.0,2,3,31.0,6.0,I. Sorokin,2,0.0,2.0,42,27
2023020734,2024-01-23,20232024,REG,WSH,MIN,0,13.0,REG,3.0,3,5,16.0,4.0,D. Kuemper,2,1.0,2.0,33,30
2023020734,2024-01-23,20232024,REG,MIN,WSH,1,11.0,REG,4.0,5,3,16.0,8.0,F. Gustavsson,2,0.0,9.0,30,33
2023020735,2024-01-23,20232024,REG,STL,CGY,0,17.0,REG,12.0,4,3,27.0,6.0,J. Binnington,2,0.0,11.0,26,35
2023020735,2024-01-23,20232024,REG,CGY,STL,1,13.0,REG,21.0,3,4,19.0,2.0,J. Markstrom,2,0.0,12.0,35,26
2023020736,2024-01-23,20232024,REG,CBJ,EDM,0,15.0,REG,13.0,1,4,25.0,6.0,E. Merzlikins,2,0.0,12.0,27,24
2023020736,2024-01-23,20232024,REG,EDM,CBJ,1,16.0,REG,26.0,4,1,28.0,10.0,S. Skinner,2,1.0,9.0,24,27
2023020737,2024-01-23,20232024,REG,BUF,ANA,0,10.0,REG,10.0,2,4,27.0,30.0,U. Luukkonen,2,1.0,8.0,30,36
2023020737,2024-01-23,20232024,REG,ANA,BUF,1,16.0,REG,10.0,4,2,26.0,38.0,J. Gibson,2,1.0,5.0,36,30
2023020738,2024-01-23,20232024,REG,NYR,SJS,0,15.0,OT,7.0,2,3,20.0,6.0,I. Shesterkin,2,0.0,12.0,31,22
2023020738,2024-01-23,20232024,REG,SJS,NYR,1,16.0,OT,6.0,3,2,12.0,6.0,M. Blackwood,2,0.0,5.0,22,31
2023020739,2024-01-24,20232024,REG,ARI,FLA,0,9.0,REG,11.0,2,6,18.0,30.0,K. Vejmelka,2,1.0,6.0,33,42
2023020739,2024-01-24,20232024,REG,FLA,ARI,1,11.0,REG,12.0,6,2,20.0,36.0,S. Bobrovsky,2,1.0,7.0,42,33
2023020740,2024-01-24,20232024,REG,WPG,TOR,0,10.0,OT,5.0,0,1,25.0,10.0,L. Brossoit,2,0.0,13.0,32,30
2023020740,2024-01-24,20232024,REG,TOR,WPG,1,19.0,OT,17.0,1,0,23.0,4.0,I. Samsonov,2,0.0,8.0,30,32
2023020741,2024-01-24,20232024,REG,CAR,BOS,0,7.0,REG,9.0,3,2,32.0,8.0,S. Martin,2,2.0,6.0,33,28
2023020741,2024-01-24,20232024,REG,BOS,CAR,1,13.0,REG,18.0,2,3,31.0,6.0,L. Ullmark,2,0.0,5.0,28,33
2023020742,2024-01-24,20232024,REG,WSH,COL,0,15.0,REG,2.0,2,6,19.0,8.0,C. Lindgren,2,0.0,5.0,25,31
2023020742,2024-01-24,20232024,REG,COL,WSH,1,24.0,REG,5.0,6,2,16.0,10.0,A. Georgiev,2,2.0,5.0,31,25
2023020743,2024-01-24,20232024,REG,CHI,SEA,0,19.0,REG,4.0,2,6,16.0,6.0,A. Soderblom,2,1.0,11.0,34,28
2023020743,2024-01-24,20232024,REG,SEA,CHI,1,17.0,REG,4.0,6,2,7.0,6.0,J. Daccord,2,0.0,6.0,28,34
2023020744,2024-01-24,20232024,REG,STL,VAN,0,23.0,OT,2.0,4,3,26.0,6.0,J. Hofer,2,1.0,5.0,18,32
2023020744,2024-01-24,20232024,REG,VAN,STL,1,15.0,OT,9.0,3,4,20.0,6.0,C. DeSmith,2,1.0,7.0,32,18
2023020745,2024-01-24,20232024,REG,BUF,LAK,0,13.0,REG,5.0,5,3,16.0,6.0,D. Levi,2,0.0,7.0,37,40
2023020745,2024-01-24,20232024,REG,LAK,BUF,1,23.0,REG,9.0,3,5,26.0,8.0,C. Talbot,2,1.0,5.0,40,37
2023020746,2024-01-25,20232024,REG,NJD,CAR,0,7.0,REG,11.0,2,3,19.0,6.0,N. Daws,2,0.0,11.0,25,23
2023020746,2024-01-25,20232024,REG,CAR,NJD,1,14.0,REG,14.0,3,2,20.0,6.0,A. Raanta,2,1.0,14.0,23,25
2023020747,2024-01-25,20232024,REG,PHI,DET,0,18.0,REG,8.0,0,3,15.0,19.0,S. Ersson,2,0.0,6.0,30,17
2023020747,2024-01-25,20232024,REG,DET,PHI,1,22.0,REG,3.0,3,0,12.0,17.0,A. Lyon,2,0.0,6.0,17,30
2023020748,2024-01-25,20232024,REG,NYI,MTL,0,10.0,REG,12.0,3,4,15.0,10.0,S. Varlamov,2,3.0,4.0,46,26
2023020748,2024-01-25,20232024,REG,MTL,NYI,1,18.0,REG,10.0,4,3,23.0,25.0,S. Montembeault,2,2.0,4.0,26,46
2023020749,2024-01-25,20232024,REG,BOS,OTT,0,19.0,OT,6.0,3,2,24.0,18.0,J. Swayman,2,1.0,5.0,23,37
2023020749,2024-01-25,20232024,REG,OTT,BOS,1,12.0,OT,16.0,2,3,32.0,8.0,J. Korpisalo,2,2.0,11.0,37,23
2023020750,2024-01-25,20232024,REG,ARI,TBL,0,16.0,REG,4.0,3,6,38.0,26.0,C. Ingram,2,0.0,12.0,20,37
2023020750,2024-01-25,20232024,REG,TBL,ARI,1,15.0,REG,8.0,6,3,25.0,12.0,A. Vasilevskiy,2,1.0,9.0,37,20
2023020751,2024-01-25,20232024,REG,ANA,DAL,0,17.0,OT,5.0,3,4,24.0,6.0,J. Gibson,2,0.0,6.0,21,44
2023020751,2024-01-25,20232024,REG,DAL,ANA,1,6.0,OT,12.0,4,3,9.0,2.0,J. Oettinger,2,0.0,10.0,44,21
2023020752,2024-01-25,20232024,REG,NSH,MIN,0,15.0,REG,3.0,3,2,34.0,20.0,J. Saros,2,0.0,3.0,29,24
2023020752,2024-01-25,20232024,REG,MIN,NSH,1,20.0,REG,8.0,2,3,19.0,26.0,F. Gustavsson,2,2.0,9.0,24,29
2023020753,2024-01-25,20232024,REG,CBJ,CGY,0,10.0,REG,13.0,5,2,18.0,4.0,D. Tarasov,2,1.0,6.0,32,30
2023020753,2024-01-25,20232024,REG,CGY,CBJ,1,19.0,REG,9.0,2,5,15.0,19.0,J. Markstrom,2,0.0,5.0,30,32
2023020754,2024-01-25,20232024,REG,CHI,EDM,0,13.0,REG,6.0,0,3,31.0,4.0,P. Mrazek,2,0.0,8.0,27,34
2023020754,2024-01-25,20232024,REG,EDM,CHI,1,9.0,REG,12.0,3,0,20.0,2.0,C. Pickard,2,1.0,12.0,34,27
2023020755,2024-01-26,20232024,REG,VGK,NYR,0,24.0,REG,6.0,5,2,13.0,4.0,A. Hill,2,0.0,7.0,20,38
2023020755,2024-01-26,20232024,REG,NYR,VGK,1,10.0,REG,12.0,2,5,29.0,4.0,I. Shesterkin,2,0.0,9.0,38,20
2023020756,2024-01-26,20232024,REG,FLA,PIT,0,22.0,SO,4.0,3,2,28.0,16.0,S. Bobrovsky,2,2.0,5.0,31,37
2023020756,2024-01-26,20232024,REG,PIT,FLA,1,20.0,SO,16.0,2,3,27.0,6.0,A. Nedeljkovic,2,1.0,13.0,37,31
2023020757,2024-01-26,20232024,REG,LAK,COL,0,14.0,REG,7.0,1,5,13.0,12.0,C. Talbot,2,1.0,7.0,27,31
2023020757,2024-01-26,20232024,REG,COL,LAK,1,15.0,REG,3.0,5,1,18.0,14.0,A. Georgiev,2,1.0,8.0,31,27
2023020758,2024-01-26,20232024,REG,STL,SEA,0,19.0,OT,1.0,4,3,15.0,4.0,J. Binnington,2,2.0,9.0,18,36
2023020758,2024-01-26,20232024,REG,SEA,STL,1,7.0,OT,1.0,3,4,14.0,4.0,J. Daccord,2,1.0,14.0,36,18
2023020759,2024-01-27,20232024,REG,BOS,PHI,0,20.0,REG,5.0,6,2,19.0,6.0,L. Ullmark,2,0.0,4.0,28,37
2023020759,2024-01-27,20232024,REG,PHI,BOS,1,10.0,REG,6.0,2,6,21.0,6.0,S. Ersson,2,0.0,2.0,37,28
2023020760,2024-01-27,20232024,REG,WSH,DAL,0,20.0,OT,3.0,4,5,25.0,4.0,C. Lindgren,2,1.0,8.0,28,35
2023020760,2024-01-27,20232024,REG,DAL,WSH,1,14.0,OT,5.0,5,4,15.0,4.0,J. Oettinger,2,1.0,5.0,35,28
2023020761,2024-01-27,20232024,REG,NSH,EDM,0,13.0,REG,3.0,1,4,31.0,6.0,K. Lankinen,2,0.0,9.0,29,21
2023020761,2024-01-27,20232024,REG,EDM,NSH,1,17.0,REG,6.0,4,1,30.0,6.0,S. Skinner,2,2.0,13.0,21,29
2023020762,2024-01-27,20232024,REG,BUF,SJS,0,17.0,REG,6.0,5,2,14.0,10.0,U. Luukkonen,2,0.0,6.0,36,26
2023020762,2024-01-27,20232024,REG,SJS,BUF,1,12.0,REG,5.0,2,5,14.0,10.0,K. Kahkonen,2,0.0,12.0,26,36
2023020763,2024-01-27,20232024,REG,ARI,CAR,0,24.0,REG,7.0,1,3,19.0,6.0,C. Ingram,2,0.0,10.0,11,39
2023020763,2024-01-27,20232024,REG,CAR,ARI,1,14.0,REG,5.0,3,1,24.0,4.0,A. Raanta,2,1.0,15.0,39,11
2023020764,2024-01-27,20232024,REG,VGK,DET,0,12.0,REG,4.0,2,5,14.0,4.0,L. Thompson,2,0.0,6.0,30,29
2023020764,2024-01-27,20232024,REG,DET,VGK,1,10.0,REG,13.0,5,2,19.0,2.0,A. Lyon,2,1.0,5.0,29,30
2023020765,2024-01-27,20232024,REG,NYR,OTT,0,14.0,REG,7.0,7,2,29.0,14.0,J. Quick,2,0.0,8.0,29,31
2023020765,2024-01-27,20232024,REG,OTT,NYR,1,17.0,REG,11.0,2,7,26.0,28.0,J. Korpisalo,2,1.0,8.0,31,29
2023020766,2024-01-27,20232024,REG,MTL,PIT,0,26.0,OT,4.0,2,3,23.0,4.0,J. Allen,2,1.0,12.0,27,33
2023020766,2024-01-27,20232024,REG,PIT,MTL,1,4.0,OT,6.0,3,2,23.0,2.0,T. Jarry,2,0.0,16.0,33,27
2023020767,2024-01-27,20232024,REG,NJD,TBL,0,16.0,REG,5.0,3,6,41.0,6.0,V. Vanecek,2,0.0,6.0,24,42
2023020767,2024-01-27,20232024,REG,TBL,NJD,1,8.0,REG,5.0,6,3,38.0,2.0,A. Vasilevskiy,2,0.0,4.0,42,24
2023020768,2024-01-27,20232024,REG,TOR,WPG,0,12.0,REG,8.0,4,2,18.0,12.0,I. Samsonov,2,2.0,8.0,30,26
2023020768,2024-01-27,20232024,REG,WPG,TOR,1,9.0,REG,10.0,2,4,13.0,12.0,C. Hellebuyck,2,0.0,7.0,26,30
2023020769,2024-01-27,20232024,REG,FLA,NYI,0,8.0,OT,9.0,3,2,20.0,2.0,A. Stolarz,2,2.0,0.0,37,23
2023020769,2024-01-27,20232024,REG,NYI,FLA,1,24.0,OT,9.0,2,3,21.0,8.0,S. Varlamov,2,0.0,3.0,23,37
2023020770,2024-01-27,20232024,REG,ANA,MIN,0,18.0,REG,3.0,3,2,18.0,8.0,L. Dostal,2,0.0,4.0,25,37
2023020770,2024-01-27,20232024,REG,MIN,ANA,1,12.0,REG,9.0,2,3,12.0,4.0,F. Gustavsson,2,0.0,4.0,37,25
2023020771,2024-01-27,20232024,REG,CHI,CGY,0,19.0,REG,9.0,0,1,23.0,4.0,P. Mrazek,2,0.0,9.0,32,31
2023020771,2024-01-27,20232024,REG,CGY,CHI,1,11.0,REG,16.0,1,0,25.0,4.0,J. Markstrom,2,1.0,5.0,31,32
2023020772,2024-01-27,20232024,REG,CBJ,VAN,0,13.0,OT,5.0,4,5,25.0,8.0,E. Merzlikins,2,1.0,6.0,29,34
2023020772,2024-01-27,20232024,REG,VAN,CBJ,1,14.0,OT,8.0,5,4,27.0,19.0,T. Demko,2,3.0,10.0,34,29
2023020773,2024-01-28,20232024,REG,LAK,STL,0,13.0,OT,3.0,3,4,20.0,12.0,D. Rittich,2,0.0,9.0,33,32
2023020773,2024-01-28,20232024,REG,STL,LAK,1,9.0,OT,4.0,4,3,26.0,2.0,J. Hofer,2,1.0,10.0,32,33
2023020774,2024-01-28,20232024,REG,CBJ,SEA,0,20.0,REG,3.0,2,4,20.0,6.0,D. Tarasov,2,0.0,10.0,32,26
2023020774,2024-01-28,20232024,REG,SEA,CBJ,1,10.0,REG,0.0,4,2,16.0,4.0,J. Daccord,2,2.0,5.0,26,32
2023020775,2024-01-29,20232024,REG,NSH,OTT,0,15.0,OT,10.0,3,4,23.0,6.0,J. Saros,2,0.0,7.0,28,35
2023020775,2024-01-29,20232024,REG,OTT,NSH,1,25.0,OT,13.0,4,3,23.0,8.0,M. Sogaard,2,0.0,12.0,35,28
2023020776,2024-01-30,20232024,REG,CBJ,STL,0,17.0,REG,7.0,1,0,18.0,11.0,E. Merzlikins,2,0.0,5.0,22,21
2023020776,2024-01-30,20232024,REG,STL,CBJ,1,16.0,REG,10.0,0,1,19.0,9.0,J. Binnington,2,0.0,7.0,21,22
2023020777,2024-01-30,20232024,REG,SEA,SJS,0,14.0,REG,6.0,0,2,13.0,7.0,J. Daccord,2,0.0,9.0,32,22
2023020777,2024-01-30,20232024,REG,SJS,SEA,1,17.0,REG,5.0,2,0,21.0,7.0,M. Blackwood,2,0.0,12.0,22,32
2023020778,2024-01-31,20232024,REG,OTT,DET,0,15.0,OT,5.0,3,2,18.0,2.0,J. Korpisalo,2,0.0,4.0,25,25
2023020778,2024-01-31,20232024,REG,DET,OTT,1,16.0,OT,6.0,2,3,22.0,6.0,A. Lyon,2,0.0,3.0,25,25
2023020779,2024-01-31,20232024,REG,LAK,NSH,0,12.0,REG,10.0,4,2,28.0,8.0,D. Rittich,2,0.0,1.0,24,42
2023020779,2024-01-31,20232024,REG,NSH,LAK,1,14.0,REG,6.0,2,4,23.0,4.0,J. Saros,2,0.0,8.0,42,24
2023020780,2024-01-31,20232024,REG,SJS,ANA,0,27.0,OT,7.0,2,3,27.0,8.0,K. Kahkonen,2,1.0,5.0,28,34
2023020780,2024-01-31,20232024,REG,ANA,SJS,1,14.0,OT,6.0,3,2,25.0,18.0,J. Gibson,2,0.0,5.0,34,28
2023020781,2024-02-05,20232024,REG,COL,NYR,0,10.0,OT,4.0,1,2,21.0,4.0,A. Georgiev,2,0.0,7.0,33,29
2023020781,2024-02-05,20232024,REG,NYR,COL,1,10.0,OT,7.0,2,1,18.0,8.0,J. Quick,2,0.0,10.0,29,33
2023020782,2024-02-05,20232024,REG,NYI,TOR,0,19.0,REG,6.0,3,2,42.0,11.0,I. Sorokin,2,0.0,8.0,29,36
2023020782,2024-02-05,20232024,REG,TOR,NYI,1,18.0,REG,10.0,2,3,28.0,11.0,I. Samsonov,2,1.0,9.0,36,29
2023020783,2024-02-06,20232024,REG,CGY,BOS,0,17.0,REG,7.0,4,1,32.0,25.0,J. Markstrom,2,2.0,10.0,29,22
2023020783,2024-02-06,20232024,REG,BOS,CGY,1,18.0,REG,11.0,1,4,31.0,22.0,J. Swayman,2,1.0,5.0,22,29
2023020784,2024-02-06,20232024,REG,DAL,BUF,0,23.0,REG,1.0,2,1,17.0,8.0,J. Oettinger,2,1.0,5.0,30,48
2023020784,2024-02-06,20232024,REG,BUF,DAL,1,13.0,REG,8.0,1,2,13.0,8.0,U. Luukkonen,2,1.0,5.0,48,30
2023020785,2024-02-06,20232024,REG,VAN,CAR,0,20.0,REG,3.0,3,2,27.0,2.0,T. Demko,2,2.0,6.0,19,24
2023020785,2024-02-06,20232024,REG,CAR,VAN,1,9.0,REG,15.0,2,3,19.0,6.0,P. Kochetkov,2,1.0,5.0,24,19
2023020786,2024-02-06,20232024,REG,PHI,FLA,0,22.0,REG,8.0,2,1,31.0,6.0,S. Ersson,2,0.0,2.0,25,21
2023020786,2024-02-06,20232024,REG,FLA,PHI,1,10.0,REG,13.0,1,2,31.0,4.0,A. Stolarz,2,1.0,5.0,21,25
2023020787,2024-02-06,20232024,REG,COL,NJD,0,20.0,REG,7.0,3,5,10.0,6.0,J. Annunen,2,0.0,6.0,38,31
2023020787,2024-02-06,20232024,REG,NJD,COL,1,17.0,REG,10.0,5,3,12.0,8.0,V. Vanecek,2,0.0,8.0,31,38
2023020788,2024-02-06,20232024,REG,WPG,PIT,0,13.0,REG,7.0,0,3,21.0,15.0,C. Hellebuyck,2,0.0,7.0,23,27
2023020788,2024-02-06,20232024,REG,PIT,WPG,1,17.0,REG,11.0,3,0,17.0,2.0,T. Jarry,2,2.0,12.0,27,23
2023020789,2024-02-06,20232024,REG,MTL,WSH,0,20.0,REG,8.0,5,2,15.0,8.0,S. Montembeault,2,1.0,6.0,26,39
2023020789,2024-02-06,20232024,REG,WSH,MTL,1,6.0,REG,9.0,2,5,21.0,6.0,C. Lindgren,2,0.0,9.0,39,26
2023020790,2024-02-06,20232024,REG,EDM,VGK,0,17.0,REG,4.0,1,3,19.0,4.0,S. Skinner,2,0.0,2.0,31,26
2023020790,2024-02-06,20232024,REG,VGK,EDM,1,26.0,REG,6.0,3,1,20.0,2.0,A. Hill,2,0.0,12.0,26,31
2023020791,2024-02-07,20232024,REG,TBL,NYR,0,9.0,REG,4.0,1,3,18.0,4.0,A. Vasilevskiy,2,0.0,2.0,18,24
2023020791,2024-02-07,20232024,REG,NYR,TBL,1,22.0,REG,10.0,3,1,21.0,2.0,J. Quick,2,0.0,5.0,24,18
2023020792,2024-02-07,20232024,REG,DAL,TOR,0,10.0,REG,9.0,4,5,34.0,6.0,S. Wedgewood,2,1.0,5.0,31,31
2023020792,2024-02-07,20232024,REG,TOR,DAL,1,22.0,REG,14.0,5,4,41.0,6.0,I. Samsonov,2,3.0,7.0,31,31
2023020793,2024-02-07,20232024,REG,MIN,CHI,0,16.0,REG,5.0,2,1,18.0,9.0,F. Gustavsson,2,0.0,5.0,25,21
2023020793,2024-02-07,20232024,REG,CHI,MIN,1,14.0,REG,13.0,1,2,20.0,9.0,P. Mrazek,2,0.0,15.0,21,25
2023020794,2024-02-08,20232024,REG,VAN,BOS,0,7.0,REG,5.0,0,4,31.0,10.0,T. Demko,2,0.0,8.0,17,24
2023020794,2024-02-08,20232024,REG,BOS,VAN,1,16.0,REG,5.0,4,0,28.0,10.0,L. Ullmark,2,0.0,11.0,24,17
2023020795,2024-02-08,20232024,REG,WSH,FLA,0,27.0,REG,5.0,2,4,22.0,12.0,D. Kuemper,2,1.0,1.0,23,41
2023020795,2024-02-08,20232024,REG,FLA,WSH,1,20.0,REG,6.0,4,2,23.0,8.0,S. Bobrovsky,2,1.0,5.0,41,23
2023020796,2024-02-08,20232024,REG,CGY,NJD,0,14.0,REG,6.0,5,3,10.0,4.0,J. Markstrom,2,0.0,6.0,30,40
2023020796,2024-02-08,20232024,REG,NJD,CGY,1,17.0,REG,5.0,3,5,14.0,6.0,V. Vanecek,2,0.0,11.0,40,30
2023020797,2024-02-08,20232024,REG,WPG,PHI,0,19.0,REG,2.0,1,4,23.0,11.0,L. Brossoit,2,0.0,3.0,29,21
2023020797,2024-02-08,20232024,REG,PHI,WPG,1,22.0,REG,8.0,4,1,21.0,11.0,S. Ersson,2,0.0,4.0,21,29
2023020798,2024-02-08,20232024,REG,TBL,NYI,0,13.0,REG,10.0,2,6,29.0,8.0,J. Johansson,2,1.0,6.0,20,24
2023020798,2024-02-08,20232024,REG,NYI,TBL,1,21.0,REG,8.0,6,2,33.0,4.0,I. Sorokin,2,1.0,8.0,24,20
2023020799,2024-02-08,20232024,REG,COL,CAR,0,18.0,REG,3.0,2,5,14.0,12.0,A. Georgiev,2,0.0,7.0,27,27
2023020799,2024-02-08,20232024,REG,CAR,COL,1,10.0,REG,5.0,5,2,19.0,32.0,P. Kochetkov,2,1.0,8.0,27,27
2023020800,2024-02-08,20232024,REG,VGK,ARI,0,20.0,REG,9.0,3,2,28.0,2.0,A. Hill,2,0.0,12.0,34,22
2023020800,2024-02-08,20232024,REG,ARI,VGK,1,15.0,REG,8.0,2,3,28.0,2.0,C. Ingram,2,0.0,2.0,22,34
2023020801,2024-02-09,20232024,REG,PIT,MIN,0,17.0,REG,1.0,2,3,16.0,12.0,A. Nedeljkovic,2,1.0,8.0,36,30
2023020801,2024-02-09,20232024,REG,MIN,PIT,1,21.0,REG,4.0,3,2,19.0,14.0,M. Fleury,2,1.0,5.0,30,36
2023020802,2024-02-09,20232024,REG,NYR,CHI,0,15.0,OT,8.0,4,3,19.0,2.0,I. Shesterkin,2,0.0,5.0,35,31
2023020802,2024-02-09,20232024,REG,CHI,NYR,1,12.0,OT,10.0,3,4,17.0,8.0,P. Mrazek,2,0.0,6.0,31,35
2023020803,2024-02-09,20232024,REG,EDM,ANA,0,12.0,REG,10.0,5,3,18.0,4.0,C. Pickard,2,1.0,6.0,32,27
2023020803,2024-02-09,20232024,REG,ANA,EDM,1,13.0,REG,6.0,3,5,25.0,4.0,J. Gibson,2,2.0,5.0,27,32
2023020804,2024-02-10,20232024,REG,STL,BUF,0,16.0,REG,3.0,3,1,26.0,8.0,J. Hofer,2,1.0,6.0,26,34
2023020804,2024-02-10,20232024,REG,BUF,STL,1,11.0,REG,2.0,1,3,14.0,6.0,U. Luukkonen,2,0.0,3.0,34,26
2023020805,2024-02-10,20232024,REG,VAN,DET,0,16.0,OT,2.0,3,4,25.0,34.0,C. DeSmith,2,0.0,6.0,31,28
2023020805,2024-02-10,20232024,REG,DET,VAN,1,20.0,OT,5.0,4,3,17.0,19.0,A. Lyon,2,1.0,2.0,28,31
2023020806,2024-02-10,20232024,REG,DAL,MTL,0,16.0,REG,11.0,3,2,5.0,8.0,J. Oettinger,2,0.0,4.0,38,20
2023020806,2024-02-10,20232024,REG,MTL,DAL,1,17.0,REG,14.0,2,3,28.0,10.0,S. Montembeault,2,0.0,2.0,20,38
2023020807,2024-02-10,20232024,REG,CGY,NYI,0,19.0,REG,11.0,5,2,12.0,4.0,J. Markstrom,2,1.0,11.0,24,36
2023020807,2024-02-10,20232024,REG,NYI,CGY,1,16.0,REG,13.0,2,5,25.0,6.0,S. Varlamov,2,0.0,6.0,36,24
2023020808,2024-02-10,20232024,REG,WSH,BOS,0,11.0,REG,8.0,3,0,31.0,8.0,C. Lindgren,2,1.0,8.0,29,18
2023020808,2024-02-10,20232024,REG,BOS,WSH,1,11.0,REG,8.0,0,3,36.0,17.0,J. Swayman,2,0.0,8.0,18,29
2023020809,2024-02-10,20232024,REG,COL,FLA,0,21.0,REG,11.0,0,4,23.0,4.0,A. Georgiev,2,0.0,3.0,34,41
2023020809,2024-02-10,20232024,REG,FLA,COL,1,10.0,REG,9.0,4,0,35.0,2.0,S. Bobrovsky,2,2.0,10.0,41,34
2023020810,2024-02-10,20232024,REG,NJD,CAR,0,24.0,OT,13.0,0,1,26.0,6.0,V. Vanecek,2,0.0,10.0,34,32
2023020810,2024-02-10,20232024,REG,CAR,NJD,1,15.0,OT,31.0,1,0,30.0,10.0,P. Kochetkov,2,0.0,12.0,32,34
2023020811,2024-02-10,20232024,REG,TBL,CBJ,0,17.0,REG,1.0,4,2,8.0,15.0,A. Vasilevskiy,2,2.0,4.0,37,35
2023020811,2024-02-10,20232024,REG,CBJ,TBL,1,14.0,REG,4.0,2,4,18.0,15.0,E. Merzlikins,2,1.0,6.0,35,37
2023020812,2024-02-10,20232024,REG,TOR,OTT,0,15.0,REG,12.0,3,5,20.0,19.0,M. Jones,2,0.0,5.0,35,32
2023020812,2024-02-10,20232024,REG,OTT,TOR,1,13.0,REG,13.0,5,3,23.0,0.0,J. Korpisalo,2,0.0,11.0,32,35
2023020813,2024-02-10,20232024,REG,SEA,PHI,0,22.0,REG,6.0,2,3,25.0,8.0,J. Daccord,2,0.0,2.0,19,38
2023020813,2024-02-10,20232024,REG,PHI,SEA,1,23.0,REG,3.0,3,2,28.0,4.0,C. Petersen,2,1.0,6.0,38,19
2023020814,2024-02-10,20232024,REG,PIT,WPG,0,15.0,REG,7.0,1,2,19.0,2.0,T. Jarry,2,0.0,6.0,36,31
2023020814,2024-02-10,20232024,REG,WPG,PIT,1,11.0,REG,9.0,2,1,26.0,6.0,C. Hellebuyck,2,0.0,16.0,31,36
2023020815,2024-02-10,20232024,REG,ARI,NSH,0,27.0,OT,5.0,4,5,26.0,10.0,C. Ingram,2,2.0,3.0,31,37
2023020815,2024-02-10,20232024,REG,NSH,ARI,1,12.0,OT,12.0,5,4,26.0,10.0,J. Saros,2,2.0,6.0,37,31
2023020816,2024-02-10,20232024,REG,EDM,LAK,0,5.0,REG,3.0,0,4,23.0,8.0,S. Skinner,2,0.0,5.0,26,26
2023020816,2024-02-10,20232024,REG,LAK,EDM,1,25.0,REG,7.0,4,0,31.0,8.0,D. Rittich,2,1.0,7.0,26,26
2023020817,2024-02-11,20232024,REG,STL,MTL,0,17.0,REG,15.0,7,2,11.0,38.0,J. Binnington,2,3.0,8.0,36,32
2023020817,2024-02-11,20232024,REG,MTL,STL,1,9.0,REG,10.0,2,7,22.0,29.0,J. Allen,2,0.0,9.0,32,36
2023020818,2024-02-11,20232024,REG,VAN,WSH,0,19.0,OT,4.0,3,2,30.0,4.0,T. Demko,2,0.0,6.0,29,33
2023020818,2024-02-11,20232024,REG,WSH,VAN,1,23.0,OT,8.0,2,3,21.0,6.0,D. Kuemper,2,0.0,5.0,33,29
2023020819,2024-02-12,20232024,REG,SEA,NJD,0,13.0,REG,2.0,1,3,30.0,8.0,J. Daccord,2,0.0,8.0,28,37
2023020819,2024-02-12,20232024,REG,NJD,SEA,1,18.0,REG,15.0,3,1,17.0,6.0,N. Daws,2,1.0,10.0,37,28
2023020820,2024-02-12,20232024,REG,CGY,NYR,0,19.0,REG,6.0,0,2,26.0,12.0,J. Markstrom,2,0.0,0.0,29,31
2023020820,2024-02-12,20232024,REG,NYR,CGY,1,15.0,REG,10.0,2,0,30.0,10.0,I. Shesterkin,2,0.0,11.0,31,29
2023020821,2024-02-12,20232024,REG,ARI,PHI,0,15.0,REG,4.0,3,5,20.0,14.0,K. Vejmelka,2,0.0,3.0,23,34
2023020821,2024-02-12,20232024,REG,PHI,ARI,1,13.0,REG,3.0,5,3,20.0,8.0,S. Ersson,2,0.0,7.0,34,23
2023020822,2024-02-12,20232024,REG,MIN,VGK,0,11.0,REG,4.0,5,3,22.0,10.0,F. Gustavsson,2,1.0,9.0,29,30
2023020822,2024-02-12,20232024,REG,VGK,MIN,1,19.0,REG,4.0,3,5,19.0,4.0,A. Hill,2,1.0,5.0,30,29
2023020823,2024-02-13,20232024,REG,TBL,BOS,0,19.0,SO,11.0,3,2,35.0,10.0,A. Vasilevskiy,2,1.0,11.0,25,38
2023020823,2024-02-13,20232024,REG,BOS,TBL,1,10.0,SO,8.0,2,3,32.0,6.0,L. Ullmark,2,0.0,6.0,38,25
2023020824,2024-02-13,20232024,REG,LAK,BUF,0,10.0,REG,4.0,0,7,24.0,4.0,D. Rittich,2,0.0,4.0,33,24
2023020824,2024-02-13,20232024,REG,BUF,LAK,1,25.0,REG,6.0,7,0,14.0,6.0,U. Luukkonen,2,1.0,10.0,24,33
2023020825,2024-02-13,20232024,REG,ANA,MTL,0,16.0,REG,11.0,0,5,27.0,29.0,L. Dostal,2,0.0,1.0,13,38
2023020825,2024-02-13,20232024,REG,MTL,ANA,1,12.0,REG,3.0,5,0,21.0,33.0,C. Primeau,2,2.0,6.0,38,13
2023020826,2024-02-13,20232024,REG,CBJ,OTT,0,11.0,REG,9.0,3,6,31.0,14.0,D. Tarasov,2,0.0,8.0,40,30
2023020826,2024-02-13,20232024,REG,OTT,CBJ,1,18.0,REG,10.0,6,3,24.0,12.0,A. Forsberg,2,2.0,10.0,30,40
2023020827,2024-02-13,20232024,REG,STL,TOR,0,10.0,REG,6.0,1,4,38.0,4.0,J. Binnington,2,0.0,6.0,15,32
2023020827,2024-02-13,20232024,REG,TOR,STL,1,16.0,REG,8.0,4,1,43.0,4.0,I. Samsonov,2,0.0,14.0,32,15
2023020828,2024-02-13,20232024,REG,COL,WSH,0,17.0,REG,2.0,6,3,17.0,6.0,A. Georgiev,2,1.0,7.0,37,27
2023020828,2024-02-13,20232024,REG,WSH,COL,1,17.0,REG,8.0,3,6,26.0,14.0,C. Lindgren,2,1.0,13.0,27,37
2023020829,2024-02-13,20232024,REG,SEA,NYI,0,17.0,SO,11.0,2,1,24.0,8.0,P. Grubauer,2,0.0,7.0,30,27
2023020829,2024-02-13,20232024,REG,NYI,SEA,1,26.0,SO,21.0,1,2,29.0,4.0,I. Sorokin,2,1.0,7.0,27,30
2023020830,2024-02-13,20232024,REG,CAR,DAL,0,12.0,REG,9.0,2,4,26.0,2.0,P. Kochetkov,2,0.0,6.0,34,23
2023020830,2024-02-13,20232024,REG,DAL,CAR,1,30.0,REG,13.0,4,2,34.0,2.0,J. Oettinger,2,0.0,8.0,23,34
2023020831,2024-02-13,20232024,REG,NJD,NSH,0,17.0,REG,8.0,4,2,22.0,6.0,N. Daws,2,0.0,9.0,47,32
2023020831,2024-02-13,20232024,REG,NSH,NJD,1,27.0,REG,15.0,2,4,38.0,4.0,J. Saros,2,1.0,17.0,32,47
2023020832,2024-02-13,20232024,REG,VAN,CHI,0,10.0,REG,6.0,4,2,20.0,13.0,T. Demko,2,0.0,9.0,38,24
2023020832,2024-02-13,20232024,REG,CHI,VAN,1,10.0,REG,6.0,2,4,18.0,13.0,P. Mrazek,2,1.0,10.0,24,38
2023020833,2024-02-13,20232024,REG,DET,EDM,0,13.0,REG,9.0,4,8,23.0,0.0,V. Husso,2,2.0,6.0,38,36
2023020833,2024-02-13,20232024,REG,EDM,DET,1,13.0,REG,10.0,8,4,27.0,6.0,S. Skinner,2,0.0,11.0,36,38
2023020834,2024-02-14,20232024,REG,FLA,PIT,0,15.0,REG,1.0,5,2,20.0,8.0,S. Bobrovsky,2,1.0,2.0,23,27
2023020834,2024-02-14,20232024,REG,PIT,FLA,1,16.0,REG,6.0,2,5,20.0,6.0,T. Jarry,2,0.0,1.0,27,23
2023020835,2024-02-14,20232024,REG,SJS,WPG,0,24.0,REG,6.0,0,1,15.0,4.0,K. Kahkonen,2,0.0,5.0,17,39
2023020835,2024-02-14,20232024,REG,WPG,SJS,1,14.0,REG,7.0,1,0,16.0,2.0,C. Hellebuyck,2,0.0,4.0,39,17
2023020836,2024-02-14,20232024,REG,MIN,ARI,0,24.0,REG,10.0,3,1,28.0,6.0,M. Fleury,2,1.0,2.0,43,26
2023020836,2024-02-14,20232024,REG,ARI,MIN,1,13.0,REG,3.0,1,3,26.0,10.0,C. Ingram,2,0.0,3.0,26,43
2023020837,2024-02-15,20232024,REG,SEA,BOS,0,17.0,REG,4.0,4,1,36.0,4.0,J. Daccord,2,1.0,13.0,26,37
2023020837,2024-02-15,20232024,REG,BOS,SEA,1,10.0,REG,5.0,1,4,30.0,4.0,J. Swayman,2,0.0,6.0,37,26
2023020838,2024-02-15,20232024,REG,FLA,BUF,0,8.0,REG,3.0,4,0,47.0,14.0,A. Stolarz,2,1.0,10.0,30,45
2023020838,2024-02-15,20232024,REG,BUF,FLA,1,15.0,REG,7.0,0,4,21.0,6.0,E. Comrie,2,0.0,6.0,45,30
2023020839,2024-02-15,20232024,REG,LAK,NJD,0,13.0,REG,3.0,2,1,22.0,12.0,D. Rittich,2,1.0,4.0,29,27
2023020839,2024-02-15,20232024,REG,NJD,LAK,1,21.0,REG,6.0,1,2,20.0,10.0,N. Daws,2,1.0,5.0,27,29
2023020840,2024-02-15,20232024,REG,MTL,NYR,0,10.0,REG,6.0,4,7,18.0,6.0,S. Montembeault,2,1.0,8.0,36,31
2023020840,2024-02-15,20232024,REG,NYR,MTL,1,17.0,REG,10.0,7,4,29.0,8.0,J. Quick,2,1.0,4.0,31,36
2023020841,2024-02-15,20232024,REG,ANA,OTT,0,15.0,REG,9.0,5,1,29.0,12.0,J. Gibson,2,2.0,2.0,20,34
2023020841,2024-02-15,20232024,REG,OTT,ANA,1,11.0,REG,12.0,1,5,30.0,8.0,J. Korpisalo,2,0.0,6.0,34,20
2023020842,2024-02-15,20232024,REG,COL,TBL,0,15.0,REG,4.0,3,6,26.0,4.0,J. Annunen,2,1.0,9.0,31,39
2023020842,2024-02-15,20232024,REG,TBL,COL,1,17.0,REG,3.0,6,3,27.0,6.0,A. Vasilevskiy,2,0.0,8.0,39,31
2023020843,2024-02-15,20232024,REG,PHI,TOR,0,20.0,OT,8.0,3,4,50.0,25.0,S. Ersson,2,1.0,9.0,32,28
2023020843,2024-02-15,20232024,REG,TOR,PHI,1,19.0,OT,10.0,4,3,53.0,15.0,I. Samsonov,2,1.0,8.0,28,32
2023020844,2024-02-15,20232024,REG,EDM,STL,0,14.0,REG,0.0,3,6,12.0,21.0,S. Skinner,2,1.0,14.0,38,30
2023020844,2024-02-15,20232024,REG,STL,EDM,1,15.0,REG,6.0,6,3,13.0,11.0,J. Binnington,2,2.0,12.0,30,38
2023020845,2024-02-15,20232024,REG,PIT,CHI,0,8.0,REG,6.0,4,1,11.0,4.0,A. Nedeljkovic,2,0.0,6.0,27,28
2023020845,2024-02-15,20232024,REG,CHI,PIT,1,12.0,REG,14.0,1,4,17.0,2.0,A. Soderblom,2,0.0,10.0,28,27
2023020846,2024-02-15,20232024,REG,SJS,CGY,0,18.0,REG,5.0,6,3,14.0,10.0,M. Blackwood,2,1.0,8.0,31,34
2023020846,2024-02-15,20232024,REG,CGY,SJS,1,17.0,REG,15.0,3,6,21.0,10.0,D. Wolf,2,0.0,9.0,34,31
2023020847,2024-02-15,20232024,REG,DAL,NSH,0,18.0,REG,7.0,9,2,15.0,4.0,J. Oettinger,2,2.0,5.0,41,29
2023020847,2024-02-15,20232024,REG,NSH,DAL,1,12.0,REG,12.0,2,9,32.0,16.0,J. Saros,2,0.0,3.0,29,41
2023020848,2024-02-15,20232024,REG,DET,VAN,0,17.0,REG,4.0,1,4,17.0,6.0,A. Lyon,2,0.0,4.0,28,21
2023020848,2024-02-15,20232024,REG,VAN,DET,1,14.0,REG,7.0,4,1,18.0,12.0,T. Demko,2,0.0,1.0,21,28
2023020849,2024-02-16,20232024,REG,CAR,ARI,0,10.0,REG,9.0,5,1,14.0,6.0,P. Kochetkov,2,1.0,3.0,30,31
2023020849,2024-02-16,20232024,REG,ARI,CAR,1,14.0,REG,11.0,1,5,30.0,4.0,K. Vejmelka,2,0.0,3.0,31,30
2023020850,2024-02-17,20232024,REG,EDM,DAL,0,18.0,OT,5.0,4,3,32.0,6.0,C. Pickard,2,1.0,9.0,24,27
2023020850,2024-02-17,20232024,REG,DAL,EDM,1,14.0,OT,11.0,3,4,25.0,6.0,J. Oettinger,2,2.0,11.0,27,24
2023020851,2024-02-17,20232024,REG,OTT,CHI,0,17.0,REG,8.0,2,3,23.0,2.0,J. Korpisalo,2,1.0,5.0,42,22
2023020851,2024-02-17,20232024,REG,CHI,OTT,1,17.0,REG,5.0,3,2,27.0,4.0,P. Mrazek,2,0.0,9.0,22,42
2023020852,2024-02-17,20232024,REG,DET,CGY,0,24.0,REG,6.0,5,0,17.0,16.0,J. Reimer,2,2.0,11.0,21,38
2023020852,2024-02-17,20232024,REG,CGY,DET,1,21.0,REG,22.0,0,5,29.0,16.0,J. Markstrom,2,0.0,10.0,38,21
2023020853,2024-02-17,20232024,REG,LAK,BOS,0,19.0,OT,10.0,5,4,41.0,15.0,D. Rittich,2,1.0,6.0,35,32
2023020853,2024-02-17,20232024,REG,BOS,LAK,1,19.0,OT,11.0,4,5,48.0,11.0,L. Ullmark,2,1.0,7.0,32,35
2023020854,2024-02-17,20232024,REG,BUF,MIN,0,10.0,OT,3.0,3,2,18.0,8.0,U. Luukkonen,2,0.0,6.0,28,32
2023020854,2024-02-17,20232024,REG,MIN,BUF,1,8.0,OT,5.0,2,3,21.0,6.0,F. Gustavsson,2,1.0,10.0,32,28
2023020855,2024-02-17,20232024,REG,NSH,STL,0,17.0,REG,4.0,5,2,28.0,8.0,J. Saros,2,1.0,6.0,33,37
2023020855,2024-02-17,20232024,REG,STL,NSH,1,14.0,REG,6.0,2,5,23.0,6.0,J. Binnington,2,1.0,11.0,37,33
2023020856,2024-02-17,20232024,REG,FLA,TBL,0,14.0,REG,1.0,9,2,35.0,90.0,S. Bobrovsky,2,3.0,6.0,30,30
2023020856,2024-02-17,20232024,REG,TBL,FLA,1,10.0,REG,5.0,2,9,35.0,88.0,A. Vasilevskiy,2,1.0,5.0,30,30
2023020857,2024-02-17,20232024,REG,WSH,MTL,0,16.0,REG,8.0,4,3,13.0,6.0,D. Kuemper,2,1.0,10.0,34,31
2023020857,2024-02-17,20232024,REG,MTL,WSH,1,26.0,REG,18.0,3,4,18.0,2.0,J. Allen,2,1.0,8.0,31,34
2023020858,2024-02-17,20232024,REG,ANA,TOR,0,13.0,REG,7.0,2,9,51.0,29.0,L. Dostal,2,1.0,5.0,21,32
2023020858,2024-02-17,20232024,REG,TOR,ANA,1,11.0,REG,8.0,9,2,39.0,15.0,M. Jones,2,4.0,8.0,32,21
2023020859,2024-02-17,20232024,REG,PHI,NJD,0,26.0,REG,7.0,3,6,41.0,12.0,S. Ersson,2,1.0,7.0,48,40
2023020859,2024-02-17,20232024,REG,NJD,PHI,1,15.0,REG,13.0,6,3,23.0,8.0,N. Daws,2,0.0,7.0,40,48
2023020860,2024-02-17,20232024,REG,WPG,VAN,0,18.0,REG,4.0,4,2,26.0,15.0,C. Hellebuyck,2,2.0,3.0,28,37
2023020860,2024-02-17,20232024,REG,VAN,WPG,1,10.0,REG,6.0,2,4,38.0,25.0,T. Demko,2,0.0,4.0,37,28
2023020861,2024-02-17,20232024,REG,CBJ,SJS,0,14.0,REG,6.0,4,3,16.0,8.0,E. Merzlikins,2,0.0,6.0,41,31
2023020861,2024-02-17,20232024,REG,SJS,CBJ,1,15.0,REG,5.0,3,4,24.0,6.0,K. Kahkonen,2,1.0,5.0,31,41
2023020862,2024-02-17,20232024,REG,CAR,VGK,0,15.0,REG,2.0,3,1,20.0,4.0,S. Martin,2,0.0,5.0,28,30
2023020862,2024-02-17,20232024,REG,VGK,CAR,1,18.0,REG,6.0,1,3,29.0,0.0,A. Hill,2,0.0,11.0,30,28
2023020863,2024-02-18,20232024,REG,NYR,NYI,0,9.0,OT,4.0,6,5,45.0,11.0,I. Shesterkin,2,3.0,6.0,38,41
2023020863,2024-02-18,20232024,REG,NYI,NYR,1,20.0,OT,5.0,5,6,24.0,17.0,I. Sorokin,2,2.0,6.0,41,38
2023020864,2024-02-18,20232024,REG,ARI,COL,0,13.0,REG,3.0,3,4,8.0,8.0,K. Vejmelka,2,1.0,5.0,30,37
2023020864,2024-02-18,20232024,REG,COL,ARI,1,9.0,REG,4.0,4,3,17.0,14.0,A. Georgiev,2,0.0,6.0,37,30
2023020865,2024-02-18,20232024,REG,LAK,PIT,0,17.0,REG,7.0,2,1,21.0,10.0,C. Talbot,2,0.0,13.0,34,30
2023020865,2024-02-18,20232024,REG,PIT,LAK,1,16.0,REG,6.0,1,2,34.0,6.0,T. Jarry,2,1.0,13.0,30,34
2023020866,2024-02-19,20232024,REG,ANA,BUF,0,16.0,REG,2.0,4,3,26.0,6.0,J. Gibson,2,0.0,7.0,14,37
2023020866,2024-02-19,20232024,REG,BUF,ANA,1,8.0,REG,7.0,3,4,14.0,4.0,U. Luukkonen,2,1.0,7.0,37,14
2023020867,2024-02-19,20232024,REG,DAL,BOS,0,13.0,SO,10.0,3,4,30.0,9.0,J. Oettinger,2,0.0,11.0,46,30
2023020867,2024-02-19,20232024,REG,BOS,DAL,1,18.0,SO,17.0,4,3,27.0,9.0,J. Swayman,2,0.0,7.0,30,46
2023020868,2024-02-19,20232024,REG,TOR,STL,0,26.0,REG,5.0,4,2,23.0,4.0,I. Samsonov,2,1.0,14.0,29,21
2023020868,2024-02-19,20232024,REG,STL,TOR,1,7.0,REG,9.0,2,4,19.0,4.0,J. Hofer,2,1.0,8.0,21,29
2023020869,2024-02-19,20232024,REG,VAN,MIN,0,17.0,REG,3.0,7,10,22.0,14.0,C. DeSmith,2,1.0,3.0,24,27
2023020869,2024-02-19,20232024,REG,MIN,VAN,1,23.0,REG,5.0,10,7,21.0,8.0,F. Gustavsson,2,4.0,7.0,27,24
2023020870,2024-02-19,20232024,REG,DET,SEA,0,17.0,OT,4.0,4,3,9.0,4.0,A. Lyon,2,0.0,9.0,32,41
2023020870,2024-02-19,20232024,REG,SEA,DET,1,15.0,OT,2.0,3,4,17.0,2.0,J. Daccord,2,1.0,6.0,41,32
2023020871,2024-02-19,20232024,REG,EDM,ARI,0,17.0,REG,11.0,6,3,18.0,6.0,S. Skinner,2,1.0,5.0,26,25
2023020871,2024-02-19,20232024,REG,ARI,EDM,1,11.0,REG,5.0,3,6,27.0,6.0,M. Villalta,2,1.0,9.0,25,26
2023020872,2024-02-19,20232024,REG,WPG,CGY,0,17.0,REG,8.0,3,6,27.0,4.0,C. Hellebuyck,2,2.0,11.0,31,34
2023020872,2024-02-19,20232024,REG,CGY,WPG,1,11.0,REG,15.0,6,3,29.0,6.0,J. Markstrom,2,1.0,15.0,34,31
2023020873,2024-02-19,20232024,REG,VGK,SJS,0,25.0,REG,8.0,4,0,20.0,2.0,L. Thompson,2,1.0,9.0,26,29
2023020873,2024-02-19,20232024,REG,SJS,VGK,1,22.0,REG,9.0,0,4,33.0,30.0,M. Blackwood,2,0.0,8.0,29,26
2023020874,2024-02-19,20232024,REG,CHI,CAR,0,16.0,REG,12.0,3,6,24.0,8.0,P. Mrazek,2,2.0,4.0,17,42
2023020874,2024-02-19,20232024,REG,CAR,CHI,1,11.0,REG,13.0,6,3,12.0,8.0,S. Martin,2,1.0,7.0,42,17
2023020875,2024-02-19,20232024,REG,OTT,TBL,0,26.0,REG,2.0,4,2,32.0,7.0,A. Forsberg,2,0.0,13.0,28,25
2023020875,2024-02-19,20232024,REG,TBL,OTT,1,21.0,REG,6.0,2,4,37.0,9.0,A. Vasilevskiy,2,0.0,6.0,25,28
2023020876,2024-02-20,20232024,REG,OTT,FLA,0,29.0,OT,9.0,2,3,26.0,6.0,J. Korpisalo,2,0.0,4.0,30,34
2023020876,2024-02-20,20232024,REG,FLA,OTT,1,9.0,OT,11.0,3,2,33.0,4.0,S. Bobrovsky,2,0.0,5.0,34,30
2023020877,2024-02-20,20232024,REG,DAL,NYR,0,16.0,REG,4.0,1,3,13.0,8.0,S. Wedgewood,2,1.0,5.0,42,26
2023020877,2024-02-20,20232024,REG,NYR,DAL,1,22.0,REG,10.0,3,1,32.0,8.0,I. Shesterkin,2,0.0,11.0,26,42
2023020878,2024-02-20,20232024,REG,NYI,PIT,0,12.0,OT,5.0,5,4,28.0,4.0,I. Sorokin,2,0.0,10.0,33,41
2023020878,2024-02-20,20232024,REG,PIT,NYI,1,14.0,OT,13.0,4,5,17.0,4.0,A. Nedeljkovic,2,0.0,9.0,41,33
2023020879,2024-02-20,20232024,REG,NJD,WSH,0,16.0,REG,6.0,2,6,17.0,2.0,N. Daws,2,0.0,7.0,39,26
2023020879,2024-02-20,20232024,REG,WSH,NJD,1,15.0,REG,7.0,6,2,17.0,4.0,C. Lindgren,2,1.0,10.0,26,39
2023020880,2024-02-20,20232024,REG,MIN,WPG,0,17.0,REG,6.0,3,6,27.0,18.0,M. Fleury,2,2.0,2.0,39,30
2023020880,2024-02-20,20232024,REG,WPG,MIN,1,14.0,REG,2.0,6,3,26.0,18.0,L. Brossoit,2,2.0,9.0,30,39
2023020881,2024-02-20,20232024,REG,VAN,COL,0,14.0,REG,4.0,1,3,15.0,6.0,T. Demko,2,0.0,5.0,25,27
2023020881,2024-02-20,20232024,REG,COL,VAN,1,18.0,REG,6.0,3,1,26.0,4.0,A. Georgiev,2,0.0,7.0,27,25
2023020882,2024-02-20,20232024,REG,NSH,VGK,0,8.0,REG,3.0,5,3,40.0,8.0,K. Lankinen,2,0.0,8.0,40,26
2023020882,2024-02-20,20232024,REG,VGK,NSH,1,19.0,REG,6.0,3,5,30.0,8.0,A. Hill,2,1.0,9.0,26,40
2023020883,2024-02-20,20232024,REG,CBJ,LAK,0,8.0,REG,3.0,1,5,27.0,4.0,E. Merzlikins,2,0.0,3.0,33,35
2023020883,2024-02-20,20232024,REG,LAK,CBJ,1,19.0,REG,6.0,5,1,15.0,6.0,C. Talbot,2,2.0,3.0,35,33
2023020884,2024-02-21,20232024,REG,BUF,MTL,0,15.0,REG,8.0,3,2,21.0,10.0,U. Luukkonen,2,1.0,9.0,23,31
2023020884,2024-02-21,20232024,REG,MTL,BUF,1,19.0,REG,12.0,2,3,16.0,10.0,S. Montembeault,2,0.0,9.0,31,23
2023020885,2024-02-21,20232024,REG,PHI,CHI,0,21.0,REG,3.0,3,1,21.0,7.0,S. Ersson,2,0.0,10.0,33,22
2023020885,2024-02-21,20232024,REG,CHI,PHI,1,20.0,REG,6.0,1,3,24.0,5.0,A. Soderblom,2,0.0,7.0,22,33
2023020886,2024-02-21,20232024,REG,CBJ,ANA,0,10.0,REG,5.0,7,4,22.0,17.0,D. Tarasov,2,0.0,10.0,27,31
2023020886,2024-02-21,20232024,REG,ANA,CBJ,1,10.0,REG,9.0,4,7,28.0,13.0,J. Gibson,2,0.0,9.0,31,27
2023020887,2024-02-21,20232024,REG,TOR,ARI,0,17.0,REG,2.0,6,3,21.0,10.0,I. Samsonov,2,2.0,2.0,36,26
2023020887,2024-02-21,20232024,REG,ARI,TOR,1,13.0,REG,7.0,3,6,35.0,12.0,K. Vejmelka,2,1.0,4.0,26,36
2023020888,2024-02-21,20232024,REG,BOS,EDM,0,24.0,OT,12.0,6,5,32.0,11.0,J. Swayman,2,1.0,10.0,36,42
2023020888,2024-02-21,20232024,REG,EDM,BOS,1,9.0,OT,13.0,5,6,23.0,9.0,S. Skinner,2,0.0,10.0,42,36
2023020889,2024-02-22,20232024,REG,FLA,CAR,0,19.0,REG,1.0,0,1,38.0,6.0,S. Bobrovsky,2,0.0,1.0,45,29
2023020889,2024-02-22,20232024,REG,CAR,FLA,1,9.0,REG,7.0,1,0,28.0,6.0,P. Kochetkov,2,0.0,13.0,29,45
2023020890,2024-02-22,20232024,REG,COL,DET,0,11.0,OT,6.0,1,2,15.0,8.0,J. Annunen,2,0.0,7.0,31,30
2023020890,2024-02-22,20232024,REG,DET,COL,1,20.0,OT,7.0,2,1,16.0,6.0,A. Lyon,2,1.0,3.0,30,31
2023020891,2024-02-22,20232024,REG,NYR,NJD,0,30.0,REG,2.0,5,1,33.0,30.0,I. Shesterkin,2,1.0,9.0,18,40
2023020891,2024-02-22,20232024,REG,NJD,NYR,1,7.0,REG,24.0,1,5,19.0,17.0,N. Daws,2,0.0,13.0,40,18
2023020892,2024-02-22,20232024,REG,DAL,OTT,0,9.0,REG,13.0,1,4,25.0,10.0,J. Oettinger,2,0.0,10.0,15,30
2023020892,2024-02-22,20232024,REG,OTT,DAL,1,25.0,REG,10.0,4,1,32.0,4.0,A. Forsberg,2,1.0,7.0,30,15
2023020893,2024-02-22,20232024,REG,MTL,PIT,0,9.0,REG,7.0,1,4,10.0,6.0,C. Primeau,2,0.0,4.0,31,27
2023020893,2024-02-22,20232024,REG,PIT,MTL,1,20.0,REG,5.0,4,1,22.0,8.0,T. Jarry,2,1.0,14.0,27,31
2023020894,2024-02-22,20232024,REG,WSH,TBL,0,11.0,REG,3.0,5,3,21.0,6.0,C. Lindgren,2,0.0,3.0,24,32
2023020894,2024-02-22,20232024,REG,TBL,WSH,1,13.0,REG,8.0,3,5,19.0,6.0,A. Vasilevskiy,2,0.0,2.0,32,24
2023020895,2024-02-22,20232024,REG,NYI,STL,0,11.0,REG,3.0,0,4,25.0,12.0,S. Varlamov,2,0.0,10.0,38,25
2023020895,2024-02-22,20232024,REG,STL,NYI,1,9.0,REG,10.0,4,0,11.0,12.0,J. Binnington,2,1.0,15.0,25,38
2023020896,2024-02-22,20232024,REG,BOS,CGY,0,11.0,OT,9.0,2,3,25.0,2.0,L. Ullmark,2,0.0,5.0,34,30
2023020896,2024-02-22,20232024,REG,CGY,BOS,1,17.0,OT,17.0,3,2,30.0,6.0,J. Markstrom,2,0.0,8.0,30,34
2023020897,2024-02-22,20232024,REG,VAN,SEA,0,12.0,REG,2.0,2,5,12.0,11.0,T. Demko,2,0.0,6.0,21,31
2023020897,2024-02-22,20232024,REG,SEA,VAN,1,16.0,REG,2.0,5,2,9.0,13.0,P. Grubauer,2,1.0,7.0,31,21
2023020898,2024-02-22,20232024,REG,TOR,VGK,0,22.0,REG,3.0,7,3,30.0,2.0,M. Jones,2,0.0,9.0,42,26
2023020898,2024-02-22,20232024,REG,VGK,TOR,1,21.0,REG,7.0,3,7,32.0,4.0,A. Hill,2,0.0,11.0,26,42
2023020899,2024-02-22,20232024,REG,NSH,LAK,0,18.0,REG,3.0,4,1,23.0,8.0,J. Saros,2,0.0,1.0,21,28
2023020899,2024-02-22,20232024,REG,LAK,NSH,1,12.0,REG,6.0,1,4,23.0,8.0,D. Rittich,2,1.0,5.0,28,21
2023020900,2024-02-23,20232024,REG,BUF,CBJ,0,15.0,REG,1.0,2,1,11.0,4.0,U. Luukkonen,2,0.0,4.0,37,26
2023020900,2024-02-23,20232024,REG,CBJ,BUF,1,12.0,REG,2.0,1,2,12.0,10.0,D. Tarasov,2,1.0,5.0,26,37
2023020901,2024-02-23,20232024,REG,WPG,CHI,0,18.0,OT,3.0,3,2,17.0,6.0,C. Hellebuyck,2,0.0,11.0,31,35
2023020901,2024-02-23,20232024,REG,CHI,WPG,1,9.0,OT,12.0,2,3,19.0,4.0,P. Mrazek,2,0.0,5.0,35,31
2023020902,2024-02-23,20232024,REG,MIN,EDM,0,16.0,REG,5.0,4,2,28.0,4.0,F. Gustavsson,2,0.0,4.0,20,43
2023020902,2024-02-23,20232024,REG,EDM,MIN,1,19.0,REG,8.0,2,4,26.0,8.0,C. Pickard,2,2.0,13.0,43,20
2023020903,2024-02-24,20232024,REG,MTL,NJD,0,18.0,REG,6.0,3,4,21.0,4.0,J. Allen,2,0.0,5.0,26,24
2023020903,2024-02-24,20232024,REG,NJD,MTL,1,10.0,REG,16.0,4,3,11.0,0.0,N. Daws,2,1.0,13.0,24,26
2023020904,2024-02-24,20232024,REG,TBL,NYI,0,12.0,REG,3.0,4,2,19.0,10.0,A. Vasilevskiy,2,1.0,2.0,21,34
2023020904,2024-02-24,20232024,REG,NYI,TBL,1,20.0,REG,7.0,2,4,16.0,6.0,I. Sorokin,2,1.0,5.0,34,21
2023020905,2024-02-24,20232024,REG,NYR,PHI,0,18.0,REG,8.0,2,1,35.0,13.0,I. Shesterkin,2,0.0,1.0,24,40
2023020905,2024-02-24,20232024,REG,PHI,NYR,1,20.0,REG,8.0,1,2,23.0,15.0,S. Ersson,2,0.0,3.0,40,24
2023020906,2024-02-24,20232024,REG,WSH,FLA,0,24.0,OT,6.0,2,3,34.0,13.0,C. Lindgren,2,2.0,8.0,24,29
2023020906,2024-02-24,20232024,REG,FLA,WSH,1,9.0,OT,14.0,3,2,41.0,15.0,A. Stolarz,2,1.0,7.0,29,24
2023020907,2024-02-24,20232024,REG,DAL,CAR,0,25.0,REG,8.0,2,1,19.0,4.0,J. Oettinger,2,0.0,4.0,16,21
2023020907,2024-02-24,20232024,REG,CAR,DAL,1,13.0,REG,15.0,1,2,19.0,8.0,P. Kochetkov,2,0.0,8.0,21,16
2023020908,2024-02-24,20232024,REG,TOR,COL,0,24.0,REG,2.0,4,3,22.0,2.0,I. Samsonov,2,2.0,3.0,30,29
2023020908,2024-02-24,20232024,REG,COL,TOR,1,15.0,REG,11.0,3,4,21.0,4.0,A. Georgiev,2,1.0,11.0,29,30
2023020909,2024-02-24,20232024,REG,STL,DET,0,13.0,REG,4.0,1,6,21.0,2.0,J. Binnington,2,0.0,2.0,23,34
2023020909,2024-02-24,20232024,REG,DET,STL,1,6.0,REG,6.0,6,1,23.0,4.0,A. Lyon,2,1.0,4.0,34,23
2023020910,2024-02-24,20232024,REG,VGK,OTT,0,19.0,SO,9.0,3,4,32.0,8.0,L. Thompson,2,1.0,8.0,29,33
2023020910,2024-02-24,20232024,REG,OTT,VGK,1,22.0,SO,19.0,4,3,34.0,6.0,A. Forsberg,2,1.0,9.0,33,29
2023020911,2024-02-24,20232024,REG,BOS,VAN,0,18.0,OT,3.0,2,3,24.0,2.0,J. Swayman,2,0.0,2.0,25,39
2023020911,2024-02-24,20232024,REG,VAN,BOS,1,11.0,OT,3.0,3,2,45.0,6.0,T. Demko,2,1.0,2.0,39,25
2023020912,2024-02-24,20232024,REG,CGY,EDM,0,25.0,REG,7.0,6,3,32.0,34.0,D. Vladar,2,1.0,4.0,31,35
2023020912,2024-02-24,20232024,REG,EDM,CGY,1,12.0,REG,13.0,3,6,32.0,46.0,S. Skinner,2,1.0,7.0,35,31
2023020913,2024-02-24,20232024,REG,MIN,SEA,0,22.0,REG,2.0,5,2,9.0,19.0,M. Fleury,2,2.0,6.0,31,32
2023020913,2024-02-24,20232024,REG,SEA,MIN,1,11.0,REG,3.0,2,5,27.0,21.0,J. Daccord,2,0.0,5.0,32,31
2023020914,2024-02-24,20232024,REG,NSH,SJS,0,12.0,REG,4.0,4,2,14.0,4.0,J. Saros,2,1.0,6.0,35,25
2023020914,2024-02-24,20232024,REG,SJS,NSH,1,17.0,REG,8.0,2,4,18.0,6.0,K. Kahkonen,2,0.0,8.0,25,35
2023020915,2024-02-24,20232024,REG,ANA,LAK,0,13.0,SO,2.0,2,3,23.0,10.0,J. Gibson,2,1.0,4.0,24,50
2023020915,2024-02-24,20232024,REG,LAK,ANA,1,15.0,SO,9.0,3,2,19.0,6.0,D. Rittich,2,2.0,3.0,50,24
2023020916,2024-02-25,20232024,REG,TBL,NJD,0,25.0,REG,4.0,4,1,15.0,8.0,J. Johansson,2,0.0,13.0,27,19
2023020916,2024-02-25,20232024,REG,NJD,TBL,1,8.0,REG,11.0,1,4,9.0,6.0,A. Schmid,2,1.0,9.0,19,27
2023020917,2024-02-25,20232024,REG,PHI,PIT,0,24.0,REG,2.0,6,7,24.0,8.0,C. Petersen,2,1.0,4.0,21,32
2023020917,2024-02-25,20232024,REG,PIT,PHI,1,18.0,REG,8.0,7,6,23.0,10.0,T. Jarry,2,2.0,9.0,32,21
2023020918,2024-02-25,20232024,REG,CAR,BUF,0,25.0,SO,5.0,2,3,14.0,4.0,S. Martin,2,1.0,6.0,32,32
2023020918,2024-02-25,20232024,REG,BUF,CAR,1,23.0,SO,4.0,3,2,23.0,4.0,U. Luukkonen,2,1.0,5.0,32,32
2023020919,2024-02-25,20232024,REG,NYR,CBJ,0,16.0,REG,0.0,2,4,11.0,11.0,J. Quick,2,0.0,5.0,40,41
2023020919,2024-02-25,20232024,REG,CBJ,NYR,1,26.0,REG,5.0,4,2,10.0,9.0,E. Merzlikins,2,1.0,5.0,41,40
2023020920,2024-02-25,20232024,REG,DET,CHI,0,12.0,OT,9.0,3,2,11.0,2.0,J. Reimer,2,0.0,8.0,31,36
2023020920,2024-02-25,20232024,REG,CHI,DET,1,22.0,OT,13.0,2,3,20.0,0.0,P. Mrazek,2,1.0,13.0,36,31
2023020921,2024-02-25,20232024,REG,ARI,WPG,0,17.0,OT,9.0,3,4,30.0,11.0,C. Ingram,2,1.0,6.0,32,32
2023020921,2024-02-25,20232024,REG,WPG,ARI,1,14.0,OT,7.0,4,3,28.0,9.0,C. Hellebuyck,2,2.0,2.0,32,32
2023020922,2024-02-25,20232024,REG,NSH,ANA,0,21.0,REG,7.0,4,2,27.0,11.0,K. Lankinen,2,0.0,5.0,29,31
2023020922,2024-02-25,20232024,REG,ANA,NSH,1,22.0,REG,6.0,2,4,33.0,13.0,L. Dostal,2,0.0,5.0,31,29
2023020923,2024-02-26,20232024,REG,OTT,WSH,0,7.0,REG,2.0,3,6,29.0,6.0,A. Forsberg,2,0.0,10.0,21,20
2023020923,2024-02-26,20232024,REG,WSH,OTT,1,28.0,REG,2.0,6,3,27.0,2.0,D. Kuemper,2,2.0,7.0,20,21
2023020924,2024-02-26,20232024,REG,NYI,DAL,0,26.0,OT,3.0,3,2,36.0,2.0,I. Sorokin,2,0.0,8.0,28,32
2023020924,2024-02-26,20232024,REG,DAL,NYI,1,19.0,OT,11.0,2,3,28.0,6.0,S. Wedgewood,2,1.0,5.0,32,28
2023020925,2024-02-26,20232024,REG,LAK,EDM,0,15.0,REG,7.0,2,4,39.0,6.0,D. Rittich,2,0.0,8.0,40,31
2023020925,2024-02-26,20232024,REG,EDM,LAK,1,10.0,REG,13.0,4,2,34.0,4.0,S. Skinner,2,1.0,9.0,31,40
2023020926,2024-02-26,20232024,REG,BOS,SEA,0,21.0,SO,6.0,3,4,9.0,8.0,L. Ullmark,2,1.0,8.0,32,27
2023020926,2024-02-26,20232024,REG,SEA,BOS,1,16.0,SO,6.0,4,3,19.0,2.0,P. Grubauer,2,1.0,18.0,27,32
2023020927,2024-02-27,20232024,REG,WSH,DET,0,14.0,REG,11.0,3,8,14.0,6.0,C. Lindgren,2,1.0,4.0,21,31
2023020927,2024-02-27,20232024,REG,DET,WSH,1,23.0,REG,11.0,8,3,12.0,4.0,A. Lyon,2,1.0,10.0,31,21
2023020928,2024-02-27,20232024,REG,BUF,FLA,0,14.0,REG,8.0,2,3,21.0,12.0,U. Luukkonen,2,1.0,8.0,30,37
2023020928,2024-02-27,20232024,REG,FLA,BUF,1,11.0,REG,10.0,3,2,41.0,12.0,S. Bobrovsky,2,2.0,5.0,37,30
2023020929,2024-02-27,20232024,REG,ARI,MTL,0,12.0,REG,17.0,2,4,18.0,0.0,C. Ingram,2,0.0,1.0,38,21
2023020929,2024-02-27,20232024,REG,MTL,ARI,1,24.0,REG,18.0,4,2,22.0,6.0,S. Montembeault,2,0.0,5.0,21,38
2023020930,2024-02-27,20232024,REG,TBL,PHI,0,11.0,REG,9.0,2,6,27.0,6.0,A. Vasilevskiy,2,0.0,3.0,22,31
2023020930,2024-02-27,20232024,REG,PHI,TBL,1,24.0,REG,6.0,6,2,29.0,2.0,S. Ersson,2,0.0,6.0,31,22
2023020931,2024-02-27,20232024,REG,VGK,TOR,0,23.0,REG,5.0,6,2,39.0,2.0,A. Hill,2,0.0,5.0,32,30
2023020931,2024-02-27,20232024,REG,TOR,VGK,1,17.0,REG,13.0,2,6,32.0,8.0,I. Samsonov,2,0.0,10.0,30,32
2023020932,2024-02-27,20232024,REG,CAR,MIN,0,8.0,REG,4.0,3,2,19.0,8.0,P. Kochetkov,2,0.0,2.0,28,30
2023020932,2024-02-27,20232024,REG,MIN,CAR,1,21.0,REG,5.0,2,3,15.0,6.0,F. Gustavsson,2,0.0,4.0,30,28
2023020933,2024-02-27,20232024,REG,OTT,NSH,0,25.0,REG,17.0,1,4,16.0,11.0,J. Korpisalo,2,1.0,7.0,25,36
2023020933,2024-02-27,20232024,REG,NSH,OTT,1,15.0,REG,10.0,4,1,18.0,9.0,J. Saros,2,1.0,18.0,36,25
2023020934,2024-02-27,20232024,REG,STL,WPG,0,15.0,REG,4.0,2,4,15.0,11.0,J. Hofer,2,0.0,4.0,38,32
2023020934,2024-02-27,20232024,REG,WPG,STL,1,17.0,REG,7.0,4,2,25.0,13.0,L. Brossoit,2,0.0,7.0,32,38
2023020935,2024-02-27,20232024,REG,LAK,CGY,0,22.0,REG,17.0,2,4,20.0,6.0,C. Talbot,2,0.0,12.0,23,37
2023020935,2024-02-27,20232024,REG,CGY,LAK,1,14.0,REG,14.0,4,2,30.0,6.0,J. Markstrom,2,0.0,14.0,37,23
2023020936,2024-02-27,20232024,REG,DAL,COL,0,12.0,REG,1.0,1,5,12.0,4.0,J. Oettinger,2,0.0,6.0,34,27
2023020936,2024-02-27,20232024,REG,COL,DAL,1,12.0,REG,6.0,5,1,29.0,4.0,A. Georgiev,2,1.0,6.0,27,34
2023020937,2024-02-27,20232024,REG,PIT,VAN,0,17.0,OT,9.0,4,3,23.0,8.0,T. Jarry,2,1.0,5.0,40,35
2023020937,2024-02-27,20232024,REG,VAN,PIT,1,10.0,OT,6.0,3,4,24.0,10.0,T. Demko,2,1.0,9.0,35,40
2023020938,2024-02-27,20232024,REG,NJD,SJS,0,12.0,REG,7.0,7,2,11.0,2.0,N. Daws,2,0.0,10.0,44,31
2023020938,2024-02-27,20232024,REG,SJS,NJD,1,14.0,REG,8.0,2,7,17.0,4.0,M. Blackwood,2,0.0,9.0,31,44
2023020939,2024-02-28,20232024,REG,CBJ,NYR,0,19.0,REG,5.0,1,4,13.0,11.0,E. Merzlikins,2,0.0,3.0,31,30
2023020939,2024-02-28,20232024,REG,NYR,CBJ,1,22.0,REG,7.0,4,1,26.0,7.0,I. Shesterkin,2,1.0,13.0,30,31
2023020940,2024-02-28,20232024,REG,STL,EDM,0,24.0,OT,11.0,2,3,28.0,4.0,J. Binnington,2,1.0,12.0,34,36
2023020940,2024-02-28,20232024,REG,EDM,STL,1,8.0,OT,12.0,3,2,35.0,6.0,S. Skinner,2,1.0,13.0,36,34
2023020941,2024-02-29,20232024,REG,VGK,BOS,0,21.0,REG,10.0,4,5,31.0,4.0,A. Hill,2,0.0,14.0,36,32
2023020941,2024-02-29,20232024,REG,BOS,VGK,1,14.0,REG,10.0,5,4,34.0,4.0,J. Swayman,2,1.0,3.0,32,36
2023020942,2024-02-29,20232024,REG,CAR,CBJ,0,11.0,REG,2.0,4,2,5.0,6.0,S. Martin,2,0.0,2.0,33,22
2023020942,2024-02-29,20232024,REG,CBJ,CAR,1,22.0,REG,1.0,2,4,12.0,4.0,D. Tarasov,2,1.0,2.0,22,33
2023020943,2024-02-29,20232024,REG,NYI,DET,0,21.0,REG,4.0,5,3,19.0,4.0,I. Sorokin,2,1.0,5.0,27,25
2023020943,2024-02-29,20232024,REG,DET,NYI,1,11.0,REG,11.0,3,5,15.0,4.0,A. Lyon,2,0.0,10.0,25,27
2023020944,2024-02-29,20232024,REG,MTL,FLA,0,19.0,SO,8.0,3,4,25.0,12.0,S. Montembeault,2,1.0,5.0,31,35
2023020944,2024-02-29,20232024,REG,FLA,MTL,1,10.0,SO,7.0,4,3,29.0,10.0,A. Stolarz,2,1.0,6.0,35,31
2023020945,2024-02-29,20232024,REG,BUF,TBL,0,11.0,OT,2.0,3,2,31.0,6.0,U. Luukkonen,2,2.0,10.0,23,23
2023020945,2024-02-29,20232024,REG,TBL,BUF,1,20.0,OT,4.0,2,3,28.0,6.0,A. Vasilevskiy,2,1.0,5.0,23,23
2023020946,2024-02-29,20232024,REG,ARI,TOR,0,16.0,REG,13.0,2,4,44.0,17.0,C. Ingram,2,0.0,6.0,32,26
2023020946,2024-02-29,20232024,REG,TOR,ARI,1,23.0,REG,17.0,4,2,30.0,5.0,J. Woll,2,0.0,9.0,26,32
2023020947,2024-02-29,20232024,REG,WPG,DAL,0,15.0,REG,3.0,1,4,36.0,4.0,C. Hellebuyck,2,1.0,6.0,26,36
2023020947,2024-02-29,20232024,REG,DAL,WPG,1,9.0,REG,3.0,4,1,29.0,2.0,J. Oettinger,2,0.0,5.0,36,26
2023020948,2024-02-29,20232024,REG,MIN,NSH,0,9.0,REG,4.0,1,6,20.0,13.0,F. Gustavsson,2,0.0,5.0,34,31
2023020948,2024-02-29,20232024,REG,NSH,MIN,1,10.0,REG,10.0,6,1,20.0,15.0,J. Saros,2,1.0,9.0,31,34
2023020949,2024-02-29,20232024,REG,COL,CHI,0,10.0,REG,4.0,5,0,20.0,7.0,J. Annunen,2,1.0,2.0,33,24
2023020949,2024-02-29,20232024,REG,CHI,COL,1,17.0,REG,11.0,0,5,18.0,7.0,P. Mrazek,2,0.0,5.0,24,33
2023020950,2024-02-29,20232024,REG,PIT,SEA,0,11.0,REG,4.0,0,2,16.0,8.0,T. Jarry,2,0.0,11.0,33,28
2023020950,2024-02-29,20232024,REG,SEA,PIT,1,22.0,REG,8.0,2,0,14.0,6.0,P. Grubauer,2,1.0,8.0,28,33
2023020951,2024-02-29,20232024,REG,LAK,VAN,0,23.0,REG,3.0,5,1,24.0,8.0,C. Talbot,2,1.0,3.0,20,24
2023020951,2024-02-29,20232024,REG,VAN,LAK,1,6.0,REG,7.0,1,5,33.0,6.0,T. Demko,2,1.0,3.0,24,20
2023020952,2024-02-29,20232024,REG,ANA,SJS,0,15.0,REG,5.0,6,4,8.0,14.0,J. Gibson,2,2.0,10.0,30,28
2023020952,2024-02-29,20232024,REG,SJS,ANA,1,17.0,REG,8.0,4,6,8.0,12.0,K. Kahkonen,2,3.0,10.0,28,30
2023020953,2024-03-01,20232024,REG,ARI,OTT,0,14.0,REG,10.0,5,3,36.0,10.0,K. Vejmelka,2,2.0,5.0,30,37
2023020953,2024-03-01,20232024,REG,OTT,ARI,1,14.0,REG,12.0,3,5,33.0,12.0,A. Forsberg,2,1.0,10.0,37,30
2023020954,2024-03-01,20232024,REG,PHI,WSH,0,12.0,REG,8.0,2,5,30.0,10.0,S. Ersson,2,1.0,6.0,23,21
2023020954,2024-03-01,20232024,REG,WSH,PHI,1,19.0,REG,12.0,5,2,27.0,10.0,C. Lindgren,2,1.0,13.0,21,23
2023020955,2024-03-01,20232024,REG,NJD,ANA,0,10.0,REG,8.0,3,4,11.0,19.0,N. Daws,2,2.0,4.0,55,23
2023020955,2024-03-01,20232024,REG,ANA,NJD,1,21.0,REG,6.0,4,3,28.0,13.0,L. Dostal,2,0.0,6.0,23,55
2023020956,2024-03-02,20232024,REG,WPG,CAR,0,11.0,REG,5.0,5,3,20.0,8.0,C. Hellebuyck,2,1.0,9.0,32,35
2023020956,2024-03-02,20232024,REG,CAR,WPG,1,11.0,REG,12.0,3,5,8.0,10.0,P. Kochetkov,2,1.0,15.0,35,32
2023020957,2024-03-02,20232024,REG,BOS,NYI,0,11.0,REG,9.0,1,5,37.0,6.0,L. Ullmark,2,0.0,0.0,23,26
2023020957,2024-03-02,20232024,REG,NYI,BOS,1,12.0,REG,8.0,5,1,12.0,6.0,I. Sorokin,2,1.0,6.0,26,23
2023020958,2024-03-02,20232024,REG,EDM,SEA,0,21.0,REG,3.0,2,1,8.0,6.0,S. Skinner,2,0.0,8.0,24,25
2023020958,2024-03-02,20232024,REG,SEA,EDM,1,13.0,REG,6.0,1,2,20.0,4.0,P. Grubauer,2,1.0,14.0,25,24
2023020959,2024-03-02,20232024,REG,COL,NSH,0,21.0,REG,27.0,1,5,19.0,8.0,A. Georgiev,2,0.0,15.0,26,35
2023020959,2024-03-02,20232024,REG,NSH,COL,1,13.0,REG,8.0,5,1,20.0,4.0,J. Saros,2,2.0,9.0,35,26
2023020960,2024-03-02,20232024,REG,VGK,BUF,0,27.0,REG,2.0,2,7,37.0,7.0,L. Thompson,2,1.0,7.0,24,35
2023020960,2024-03-02,20232024,REG,BUF,VGK,1,10.0,REG,5.0,7,2,29.0,9.0,U. Luukkonen,2,1.0,3.0,35,24
2023020961,2024-03-02,20232024,REG,FLA,DET,0,14.0,REG,1.0,4,0,40.0,30.0,S. Bobrovsky,2,2.0,5.0,37,21
2023020961,2024-03-02,20232024,REG,DET,FLA,1,22.0,REG,6.0,0,4,25.0,40.0,A. Lyon,2,0.0,2.0,21,37
2023020962,2024-03-02,20232024,REG,OTT,PHI,0,13.0,REG,7.0,2,4,25.0,10.0,M. Sogaard,2,0.0,3.0,26,40
2023020962,2024-03-02,20232024,REG,PHI,OTT,1,28.0,REG,4.0,4,2,27.0,12.0,F. Sandstrom,2,0.0,3.0,40,26
2023020963,2024-03-02,20232024,REG,MTL,TBL,0,13.0,SO,1.0,3,4,24.0,9.0,C. Primeau,2,0.0,6.0,31,29
2023020963,2024-03-02,20232024,REG,TBL,MTL,1,16.0,SO,6.0,4,3,25.0,9.0,A. Vasilevskiy,2,0.0,12.0,29,31
2023020964,2024-03-02,20232024,REG,NYR,TOR,0,13.0,SO,10.0,3,4,45.0,11.0,I. Shesterkin,2,0.0,8.0,35,34
2023020964,2024-03-02,20232024,REG,TOR,NYR,1,11.0,SO,8.0,4,3,35.0,11.0,I. Samsonov,2,0.0,10.0,34,35
2023020965,2024-03-02,20232024,REG,CBJ,CHI,0,14.0,REG,3.0,5,2,13.0,6.0,E. Merzlikins,2,0.0,6.0,31,28
2023020965,2024-03-02,20232024,REG,CHI,CBJ,1,21.0,REG,4.0,2,5,21.0,4.0,A. Soderblom,2,0.0,5.0,28,31
2023020966,2024-03-02,20232024,REG,SJS,DAL,0,22.0,SO,5.0,2,3,37.0,10.0,M. Chrona,2,0.0,8.0,23,38
2023020966,2024-03-02,20232024,REG,DAL,SJS,1,17.0,SO,10.0,3,2,21.0,6.0,J. Oettinger,2,1.0,9.0,38,23
2023020967,2024-03-02,20232024,REG,MIN,STL,0,13.0,REG,2.0,1,3,24.0,10.0,M. Fleury,2,0.0,12.0,22,27
2023020967,2024-03-02,20232024,REG,STL,MIN,1,22.0,REG,7.0,3,1,21.0,4.0,J. Binnington,2,1.0,11.0,27,22
2023020968,2024-03-02,20232024,REG,PIT,CGY,0,21.0,REG,11.0,3,4,18.0,10.0,T. Jarry,2,1.0,13.0,30,20
2023020968,2024-03-02,20232024,REG,CGY,PIT,1,12.0,REG,14.0,4,3,35.0,8.0,J. Markstrom,2,1.0,11.0,20,30
2023020969,2024-03-03,20232024,REG,ARI,WSH,0,11.0,REG,10.0,5,2,18.0,10.0,K. Vejmelka,2,2.0,10.0,28,26
2023020969,2024-03-03,20232024,REG,WSH,ARI,1,24.0,REG,10.0,2,5,23.0,22.0,C. Lindgren,2,2.0,8.0,26,28
2023020970,2024-03-03,20232024,REG,NJD,LAK,0,13.0,REG,0.0,1,5,25.0,6.0,N. Daws,2,0.0,4.0,31,23
2023020970,2024-03-03,20232024,REG,LAK,NJD,1,20.0,REG,4.0,5,1,15.0,4.0,C. Talbot,2,1.0,5.0,23,31
2023020971,2024-03-03,20232024,REG,WPG,BUF,0,19.0,REG,1.0,5,2,23.0,4.0,L. Brossoit,2,0.0,5.0,35,19
2023020971,2024-03-03,20232024,REG,BUF,WPG,1,22.0,REG,5.0,2,5,22.0,4.0,U. Luukkonen,2,1.0,2.0,19,35
2023020972,2024-03-03,20232024,REG,SJS,MIN,0,13.0,REG,1.0,3,4,31.0,8.0,K. Kahkonen,2,1.0,3.0,15,32
2023020972,2024-03-03,20232024,REG,MIN,SJS,1,12.0,REG,7.0,4,3,17.0,4.0,F. Gustavsson,2,1.0,7.0,32,15
2023020973,2024-03-03,20232024,REG,VAN,ANA,0,15.0,REG,6.0,2,1,17.0,2.0,C. DeSmith,2,0.0,2.0,31,18
2023020973,2024-03-03,20232024,REG,ANA,VAN,1,20.0,REG,8.0,1,2,27.0,2.0,L. Dostal,2,0.0,7.0,18,31
2023020974,2024-03-03,20232024,REG,PIT,EDM,0,17.0,REG,9.0,1,6,29.0,4.0,A. Nedeljkovic,2,0.0,13.0,23,37
2023020974,2024-03-03,20232024,REG,EDM,PIT,1,10.0,REG,13.0,6,1,29.0,4.0,C. Pickard,2,0.0,13.0,37,23
2023020975,2024-03-04,20232024,REG,VGK,CBJ,0,16.0,REG,3.0,3,6,14.0,4.0,A. Hill,2,0.0,4.0,39,33
2023020975,2024-03-04,20232024,REG,CBJ,VGK,1,16.0,REG,2.0,6,3,25.0,2.0,D. Tarasov,2,0.0,8.0,33,39
2023020976,2024-03-04,20232024,REG,FLA,NYR,0,16.0,REG,2.0,4,2,22.0,8.0,S. Bobrovsky,2,1.0,5.0,30,28
2023020976,2024-03-04,20232024,REG,NYR,FLA,1,16.0,REG,6.0,2,4,30.0,6.0,I. Shesterkin,2,2.0,5.0,28,30
2023020977,2024-03-04,20232024,REG,STL,PHI,0,14.0,SO,7.0,2,1,16.0,4.0,J. Binnington,2,0.0,6.0,25,42
2023020977,2024-03-04,20232024,REG,PHI,STL,1,29.0,SO,6.0,1,2,14.0,6.0,S. Ersson,2,0.0,9.0,42,25
2023020978,2024-03-04,20232024,REG,BOS,TOR,0,10.0,REG,13.0,4,1,43.0,8.0,J. Swayman,2,1.0,7.0,27,33
2023020978,2024-03-04,20232024,REG,TOR,BOS,1,13.0,REG,7.0,1,4,46.0,4.0,J. Woll,2,0.0,13.0,33,27
2023020979,2024-03-04,20232024,REG,CHI,COL,0,11.0,REG,2.0,0,5,21.0,4.0,P. Mrazek,2,0.0,4.0,37,37
2023020979,2024-03-04,20232024,REG,COL,CHI,1,16.0,REG,5.0,5,0,20.0,8.0,J. Annunen,2,1.0,6.0,37,37
2023020980,2024-03-04,20232024,REG,SEA,CGY,0,24.0,REG,6.0,4,2,22.0,23.0,P. Grubauer,2,0.0,12.0,30,37
2023020980,2024-03-04,20232024,REG,CGY,SEA,1,21.0,REG,7.0,2,4,20.0,32.0,J. Markstrom,2,1.0,14.0,37,30
2023020981,2024-03-05,20232024,REG,EDM,BOS,0,11.0,OT,6.0,2,1,29.0,4.0,S. Skinner,2,0.0,5.0,26,25
2023020981,2024-03-05,20232024,REG,BOS,EDM,1,27.0,OT,12.0,1,2,27.0,4.0,L. Ullmark,2,0.0,6.0,25,26
2023020982,2024-03-05,20232024,REG,FLA,NJD,0,19.0,REG,4.0,5,3,14.0,6.0,A. Stolarz,2,1.0,7.0,31,24
2023020982,2024-03-05,20232024,REG,NJD,FLA,1,13.0,REG,5.0,3,5,21.0,4.0,A. Schmid,2,1.0,6.0,24,31
2023020983,2024-03-05,20232024,REG,CBJ,PIT,0,25.0,REG,6.0,3,5,18.0,6.0,J. Greaves,2,0.0,7.0,35,31
2023020983,2024-03-05,20232024,REG,PIT,CBJ,1,20.0,REG,9.0,5,3,18.0,2.0,T. Jarry,2,2.0,14.0,31,35
2023020984,2024-03-05,20232024,REG,STL,NYI,0,17.0,REG,8.0,2,4,16.0,0.0,J. Hofer,2,0.0,8.0,21,33
2023020984,2024-03-05,20232024,REG,NYI,STL,1,13.0,REG,14.0,4,2,20.0,2.0,I. Sorokin,2,0.0,8.0,33,21
2023020985,2024-03-05,20232024,REG,MTL,NSH,0,15.0,OT,6.0,4,3,21.0,9.0,J. Allen,2,0.0,2.0,30,28
2023020985,2024-03-05,20232024,REG,NSH,MTL,1,18.0,OT,3.0,3,4,16.0,7.0,J. Saros,2,0.0,11.0,28,30
2023020986,2024-03-05,20232024,REG,SEA,WPG,0,20.0,REG,5.0,4,3,33.0,4.0,J. Daccord,2,1.0,3.0,24,33
2023020986,2024-03-05,20232024,REG,WPG,SEA,1,12.0,REG,12.0,3,4,21.0,2.0,C. Hellebuyck,2,0.0,6.0,33,24
2023020987,2024-03-05,20232024,REG,CHI,ARI,0,14.0,REG,8.0,5,2,26.0,4.0,A. Soderblom,2,4.0,5.0,32,39
2023020987,2024-03-05,20232024,REG,ARI,CHI,1,18.0,REG,11.0,2,5,30.0,8.0,C. Ingram,2,0.0,5.0,39,32
2023020988,2024-03-05,20232024,REG,VAN,LAK,0,12.0,OT,3.0,2,1,31.0,2.0,T. Demko,2,0.0,2.0,31,24
2023020988,2024-03-05,20232024,REG,LAK,VAN,1,19.0,OT,6.0,1,2,27.0,4.0,C. Talbot,2,0.0,4.0,24,31
2023020989,2024-03-05,20232024,REG,DAL,SJS,0,14.0,OT,12.0,7,6,11.0,8.0,J. Oettinger,2,2.0,7.0,40,20
2023020989,2024-03-05,20232024,REG,SJS,DAL,1,18.0,OT,5.0,6,7,23.0,6.0,K. Kahkonen,2,2.0,8.0,20,40
2023020990,2024-03-06,20232024,REG,BUF,TOR,0,8.0,OT,14.0,1,2,34.0,2.0,U. Luukkonen,2,0.0,7.0,25,27
2023020990,2024-03-06,20232024,REG,TOR,BUF,1,17.0,OT,15.0,2,1,38.0,4.0,I. Samsonov,2,0.0,10.0,27,25
2023020991,2024-03-06,20232024,REG,DET,COL,0,22.0,REG,2.0,2,7,27.0,16.0,A. Lyon,2,1.0,6.0,29,54
2023020991,2024-03-06,20232024,REG,COL,DET,1,11.0,REG,4.0,7,2,11.0,10.0,A. Georgiev,2,2.0,4.0,54,29
2023020992,2024-03-06,20232024,REG,OTT,ANA,0,14.0,REG,10.0,1,2,15.0,8.0,M. Sogaard,2,0.0,6.0,30,16
2023020992,2024-03-06,20232024,REG,ANA,OTT,1,19.0,REG,9.0,2,1,36.0,8.0,L. Dostal,2,0.0,4.0,16,30
2023020993,2024-03-07,20232024,REG,TOR,BOS,0,12.0,REG,10.0,1,4,43.0,24.0,J. Woll,2,1.0,4.0,29,25
2023020993,2024-03-07,20232024,REG,BOS,TOR,1,15.0,REG,9.0,4,1,45.0,24.0,J. Swayman,2,2.0,7.0,25,29
2023020994,2024-03-07,20232024,REG,MTL,CAR,0,24.0,REG,13.0,1,4,15.0,10.0,S. Montembeault,2,0.0,8.0,25,39
2023020994,2024-03-07,20232024,REG,CAR,MTL,1,10.0,REG,10.0,4,1,13.0,12.0,F. Andersen,2,0.0,12.0,39,25
2023020995,2024-03-07,20232024,REG,EDM,CBJ,0,15.0,REG,4.0,2,4,19.0,9.0,C. Pickard,2,1.0,2.0,31,34
2023020995,2024-03-07,20232024,REG,CBJ,EDM,1,11.0,REG,1.0,4,2,22.0,13.0,D. Tarasov,2,0.0,9.0,34,31
2023020996,2024-03-07,20232024,REG,PHI,FLA,0,29.0,REG,3.0,2,1,38.0,4.0,S. Ersson,2,0.0,6.0,26,30
2023020996,2024-03-07,20232024,REG,FLA,PHI,1,18.0,REG,14.0,1,2,39.0,4.0,S. Bobrovsky,2,0.0,4.0,30,26
2023020997,2024-03-07,20232024,REG,STL,NJD,0,15.0,REG,6.0,1,4,9.0,4.0,J. Binnington,2,0.0,7.0,24,33
2023020997,2024-03-07,20232024,REG,NJD,STL,1,17.0,REG,7.0,4,1,12.0,6.0,N. Daws,2,1.0,15.0,33,24
2023020998,2024-03-07,20232024,REG,WSH,PIT,0,20.0,REG,8.0,6,0,13.0,13.0,C. Lindgren,2,1.0,2.0,29,39
2023020998,2024-03-07,20232024,REG,PIT,WSH,1,13.0,REG,11.0,0,6,23.0,15.0,T. Jarry,2,0.0,8.0,39,29
2023020999,2024-03-07,20232024,REG,CGY,TBL,0,21.0,REG,7.0,6,3,29.0,10.0,J. Markstrom,2,0.0,8.0,24,22
2023020999,2024-03-07,20232024,REG,TBL,CGY,1,9.0,REG,10.0,3,6,32.0,8.0,A. Vasilevskiy,2,0.0,3.0,22,24
2023021000,2024-03-07,20232024,REG,BUF,NSH,0,8.0,REG,15.0,2,4,16.0,6.0,E. Comrie,2,0.0,9.0,28,24
2023021000,2024-03-07,20232024,REG,NSH,BUF,1,15.0,REG,19.0,4,2,17.0,6.0,J. Saros,2,2.0,14.0,24,28
2023021001,2024-03-07,20232024,REG,MIN,ARI,0,24.0,REG,9.0,5,2,31.0,26.0,M. Fleury,2,1.0,6.0,28,25
2023021001,2024-03-07,20232024,REG,ARI,MIN,1,15.0,REG,11.0,2,5,30.0,32.0,K. Vejmelka,2,1.0,4.0,25,28
2023021002,2024-03-07,20232024,REG,VAN,VGK,0,16.0,REG,3.0,3,1,25.0,4.0,T. Demko,2,1.0,3.0,35,28
2023021002,2024-03-07,20232024,REG,VGK,VAN,1,11.0,REG,5.0,1,3,28.0,8.0,A. Hill,2,0.0,1.0,28,35
2023021003,2024-03-07,20232024,REG,OTT,LAK,0,19.0,OT,5.0,3,4,17.0,2.0,J. Korpisalo,2,1.0,3.0,31,35
2023021003,2024-03-07,20232024,REG,LAK,OTT,1,23.0,OT,8.0,4,3,31.0,10.0,C. Talbot,2,0.0,4.0,35,31
2023021004,2024-03-07,20232024,REG,NYI,SJS,0,15.0,REG,9.0,7,2,6.0,4.0,I. Sorokin,2,1.0,10.0,33,25
2023021004,2024-03-07,20232024,REG,SJS,NYI,1,19.0,REG,6.0,2,7,17.0,6.0,M. Chrona,2,1.0,5.0,25,33
2023021005,2024-03-08,20232024,REG,DET,ARI,0,11.0,REG,10.0,0,4,45.0,2.0,A. Lyon,2,0.0,3.0,28,24
2023021005,2024-03-08,20232024,REG,ARI,DET,1,12.0,REG,10.0,4,0,25.0,2.0,C. Ingram,2,1.0,4.0,24,28
2023021006,2024-03-08,20232024,REG,MIN,COL,0,24.0,OT,1.0,1,2,18.0,8.0,F. Gustavsson,2,0.0,6.0,30,40
2023021006,2024-03-08,20232024,REG,COL,MIN,1,13.0,OT,4.0,2,1,27.0,8.0,A. Georgiev,2,1.0,5.0,40,30
2023021007,2024-03-08,20232024,REG,DAL,ANA,0,15.0,REG,13.0,6,2,19.0,8.0,J. Oettinger,2,3.0,7.0,36,27
2023021007,2024-03-08,20232024,REG,ANA,DAL,1,14.0,REG,10.0,2,6,25.0,10.0,J. Gibson,2,1.0,6.0,27,36
2023021008,2024-03-08,20232024,REG,WPG,SEA,0,19.0,REG,4.0,3,0,24.0,2.0,L. Brossoit,2,0.0,12.0,32,17
2023021008,2024-03-08,20232024,REG,SEA,WPG,1,6.0,REG,7.0,0,3,20.0,0.0,J. Daccord,2,0.0,15.0,17,32
2023021009,2024-03-09,20232024,REG,EDM,BUF,0,11.0,SO,4.0,2,3,14.0,2.0,S. Skinner,2,0.0,5.0,32,27
2023021009,2024-03-09,20232024,REG,BUF,EDM,1,7.0,SO,2.0,3,2,41.0,6.0,U. Luukkonen,2,1.0,11.0,27,32
2023021010,2024-03-09,20232024,REG,NSH,CBJ,0,17.0,REG,2.0,2,1,18.0,4.0,K. Lankinen,2,0.0,5.0,49,34
2023021010,2024-03-09,20232024,REG,CBJ,NSH,1,12.0,REG,2.0,1,2,23.0,6.0,D. Tarasov,2,0.0,2.0,34,49
2023021011,2024-03-09,20232024,REG,CAR,NJD,0,13.0,REG,2.0,4,2,23.0,10.0,P. Kochetkov,2,1.0,5.0,26,25
2023021011,2024-03-09,20232024,REG,NJD,CAR,1,10.0,REG,6.0,2,4,33.0,10.0,N. Daws,2,0.0,3.0,25,26
2023021012,2024-03-09,20232024,REG,PIT,BOS,0,8.0,REG,11.0,1,5,30.0,4.0,A. Nedeljkovic,2,0.0,6.0,39,23
2023021012,2024-03-09,20232024,REG,BOS,PIT,1,16.0,REG,15.0,5,1,34.0,2.0,L. Ullmark,2,1.0,5.0,23,39
2023021013,2024-03-09,20232024,REG,CGY,FLA,0,21.0,REG,14.0,1,5,41.0,6.0,J. Markstrom,2,1.0,3.0,35,31
2023021013,2024-03-09,20232024,REG,FLA,CGY,1,10.0,REG,11.0,5,1,40.0,12.0,A. Stolarz,2,0.0,5.0,31,35
2023021014,2024-03-09,20232024,REG,TOR,MTL,0,13.0,REG,19.0,3,2,23.0,10.0,I. Samsonov,2,0.0,2.0,27,31
2023021014,2024-03-09,20232024,REG,MTL,TOR,1,16.0,REG,15.0,2,3,44.0,6.0,S. Montembeault,2,1.0,7.0,31,27
2023021015,2024-03-09,20232024,REG,OTT,SJS,0,17.0,REG,5.0,1,2,16.0,8.0,J. Korpisalo,2,1.0,10.0,32,21
2023021015,2024-03-09,20232024,REG,SJS,OTT,1,19.0,REG,5.0,2,1,12.0,6.0,M. Chrona,2,2.0,10.0,21,32
2023021016,2024-03-09,20232024,REG,PHI,TBL,0,15.0,REG,3.0,0,7,46.0,41.0,S. Ersson,2,0.0,6.0,25,26
2023021016,2024-03-09,20232024,REG,TBL,PHI,1,20.0,REG,6.0,7,0,16.0,21.0,A. Vasilevskiy,2,3.0,8.0,26,25
2023021017,2024-03-09,20232024,REG,CHI,WSH,0,8.0,REG,3.0,1,4,28.0,6.0,P. Mrazek,2,0.0,12.0,32,26
2023021017,2024-03-09,20232024,REG,WSH,CHI,1,17.0,REG,7.0,4,1,18.0,8.0,C. Lindgren,2,1.0,8.0,26,32
2023021018,2024-03-09,20232024,REG,STL,NYR,0,16.0,REG,3.0,0,4,32.0,12.0,J. Binnington,2,0.0,2.0,26,39
2023021018,2024-03-09,20232024,REG,NYR,STL,1,11.0,REG,5.0,4,0,17.0,4.0,I. Shesterkin,2,3.0,11.0,39,26
2023021019,2024-03-09,20232024,REG,WPG,VAN,0,9.0,REG,4.0,0,5,29.0,4.0,C. Hellebuyck,2,0.0,3.0,22,37
2023021019,2024-03-09,20232024,REG,VAN,WPG,1,7.0,REG,6.0,5,0,31.0,2.0,T. Demko,2,1.0,6.0,37,22
2023021020,2024-03-09,20232024,REG,DET,VGK,0,27.0,REG,2.0,3,5,30.0,6.0,J. Reimer,2,1.0,5.0,26,36
2023021020,2024-03-09,20232024,REG,VGK,DET,1,18.0,REG,7.0,5,3,27.0,8.0,A. Hill,2,0.0,13.0,36,26
2023021021,2024-03-09,20232024,REG,DAL,LAK,0,7.0,REG,1.0,4,1,16.0,10.0,S. Wedgewood,2,1.0,2.0,35,25
2023021021,2024-03-09,20232024,REG,LAK,DAL,1,16.0,REG,4.0,1,4,23.0,12.0,C. Talbot,2,0.0,5.0,25,35
2023021022,2024-03-10,20232024,REG,EDM,PIT,0,17.0,REG,5.0,4,0,4.0,17.0,C. Pickard,2,0.0,10.0,42,41
2023021022,2024-03-10,20232024,REG,PIT,EDM,1,15.0,REG,9.0,0,4,16.0,23.0,T. Jarry,2,0.0,7.0,41,42
2023021023,2024-03-10,20232024,REG,NSH,MIN,0,13.0,OT,7.0,3,4,29.0,14.0,J. Saros,2,1.0,5.0,30,33
2023021023,2024-03-10,20232024,REG,MIN,NSH,1,18.0,OT,5.0,4,3,37.0,14.0,M. Fleury,2,1.0,3.0,33,30
2023021024,2024-03-10,20232024,REG,CGY,CAR,0,22.0,REG,10.0,2,7,31.0,7.0,D. Vladar,2,0.0,4.0,20,40
2023021024,2024-03-10,20232024,REG,CAR,CGY,1,14.0,REG,13.0,7,2,21.0,11.0,F. Andersen,2,0.0,11.0,40,20
2023021025,2024-03-10,20232024,REG,ARI,CHI,0,14.0,REG,5.0,4,7,17.0,13.0,C. Ingram,2,0.0,6.0,36,41
2023021025,2024-03-10,20232024,REG,CHI,ARI,1,12.0,REG,8.0,7,4,27.0,9.0,A. Soderblom,2,2.0,17.0,41,36
2023021026,2024-03-10,20232024,REG,NYI,ANA,0,13.0,REG,11.0,6,1,20.0,6.0,S. Varlamov,2,1.0,9.0,19,23
2023021026,2024-03-10,20232024,REG,ANA,NYI,1,15.0,REG,7.0,1,6,17.0,8.0,L. Dostal,2,0.0,9.0,23,19
2023021027,2024-03-11,20232024,REG,STL,BOS,0,10.0,REG,13.0,5,1,27.0,6.0,J. Hofer,2,1.0,9.0,22,37
2023021027,2024-03-11,20232024,REG,BOS,STL,1,8.0,REG,16.0,1,5,23.0,6.0,J. Swayman,2,0.0,7.0,37,22
2023021028,2024-03-11,20232024,REG,NJD,NYR,0,16.0,REG,0.0,1,3,21.0,18.0,K. Kahkonen,2,0.0,3.0,20,26
2023021028,2024-03-11,20232024,REG,NYR,NJD,1,16.0,REG,8.0,3,1,20.0,21.0,J. Quick,2,0.0,11.0,26,20
2023021029,2024-03-11,20232024,REG,WSH,WPG,0,17.0,REG,5.0,0,3,31.0,2.0,C. Lindgren,2,0.0,5.0,23,29
2023021029,2024-03-11,20232024,REG,WPG,WSH,1,14.0,REG,6.0,3,0,31.0,4.0,C. Hellebuyck,2,0.0,10.0,29,23
2023021030,2024-03-11,20232024,REG,NYI,LAK,0,15.0,REG,1.0,0,3,26.0,6.0,I. Sorokin,2,0.0,1.0,26,25
2023021030,2024-03-11,20232024,REG,LAK,NYI,1,16.0,REG,4.0,3,0,29.0,10.0,D. Rittich,2,0.0,7.0,25,26
2023021031,2024-03-12,20232024,REG,DET,BUF,0,17.0,REG,3.0,3,7,42.0,8.0,A. Lyon,2,1.0,7.0,24,39
2023021031,2024-03-12,20232024,REG,BUF,DET,1,9.0,REG,2.0,7,3,22.0,8.0,U. Luukkonen,2,0.0,9.0,39,24
2023021032,2024-03-12,20232024,REG,NYR,CAR,0,23.0,REG,5.0,1,0,23.0,2.0,I. Shesterkin,2,0.0,10.0,24,28
2023021032,2024-03-12,20232024,REG,CAR,NYR,1,13.0,REG,9.0,0,1,28.0,4.0,P. Kochetkov,2,0.0,19.0,28,24
2023021033,2024-03-12,20232024,REG,CBJ,MTL,0,7.0,REG,12.0,0,3,17.0,8.0,E. Merzlikins,2,0.0,5.0,41,23
2023021033,2024-03-12,20232024,REG,MTL,CBJ,1,32.0,REG,16.0,3,0,23.0,10.0,C. Primeau,2,1.0,6.0,23,41
2023021034,2024-03-12,20232024,REG,PIT,OTT,0,15.0,OT,12.0,1,2,22.0,11.0,T. Jarry,2,0.0,13.0,35,39
2023021034,2024-03-12,20232024,REG,OTT,PIT,1,15.0,OT,14.0,2,1,27.0,9.0,J. Korpisalo,2,0.0,12.0,39,35
2023021035,2024-03-12,20232024,REG,SJS,PHI,0,11.0,REG,1.0,2,3,25.0,8.0,M. Chrona,2,2.0,4.0,29,41
2023021035,2024-03-12,20232024,REG,PHI,SJS,1,12.0,REG,6.0,3,2,30.0,12.0,S. Ersson,2,1.0,7.0,41,29
2023021036,2024-03-12,20232024,REG,FLA,DAL,0,13.0,REG,4.0,4,3,44.0,10.0,S. Bobrovsky,2,3.0,10.0,30,30
2023021036,2024-03-12,20232024,REG,DAL,FLA,1,9.0,REG,14.0,3,4,30.0,8.0,J. Oettinger,2,1.0,7.0,30,30
2023021037,2024-03-12,20232024,REG,ARI,MIN,0,15.0,REG,8.0,1,4,15.0,6.0,K. Vejmelka,2,0.0,7.0,23,31
2023021037,2024-03-12,20232024,REG,MIN,ARI,1,10.0,REG,10.0,4,1,9.0,4.0,M. Fleury,2,1.0,7.0,31,23
2023021038,2024-03-12,20232024,REG,ANA,CHI,0,21.0,REG,1.0,2,7,13.0,31.0,J. Gibson,2,0.0,4.0,29,31
2023021038,2024-03-12,20232024,REG,CHI,ANA,1,14.0,REG,6.0,7,2,16.0,31.0,P. Mrazek,2,4.0,7.0,31,29
2023021039,2024-03-12,20232024,REG,COL,CGY,0,15.0,REG,14.0,6,2,24.0,4.0,J. Annunen,2,1.0,10.0,38,27
2023021039,2024-03-12,20232024,REG,CGY,COL,1,19.0,REG,18.0,2,6,19.0,8.0,D. Vladar,2,0.0,7.0,27,38
2023021040,2024-03-12,20232024,REG,VGK,SEA,0,24.0,OT,4.0,5,4,26.0,4.0,A. Hill,2,1.0,6.0,34,30
2023021040,2024-03-12,20232024,REG,SEA,VGK,1,23.0,OT,9.0,4,5,25.0,6.0,P. Grubauer,2,0.0,17.0,30,34
2023021041,2024-03-13,20232024,REG,LAK,STL,0,9.0,REG,4.0,1,3,29.0,2.0,C. Talbot,2,0.0,11.0,41,30
2023021041,2024-03-13,20232024,REG,STL,LAK,1,20.0,REG,7.0,3,1,22.0,4.0,J. Binnington,2,0.0,9.0,30,41
2023021042,2024-03-13,20232024,REG,NSH,WPG,0,9.0,REG,7.0,4,2,28.0,6.0,J. Saros,2,0.0,6.0,38,29
2023021042,2024-03-13,20232024,REG,WPG,NSH,1,10.0,REG,9.0,2,4,42.0,6.0,C. Hellebuyck,2,1.0,7.0,29,38
2023021043,2024-03-13,20232024,REG,WSH,EDM,0,13.0,REG,17.0,2,7,33.0,8.0,D. Kuemper,2,1.0,16.0,25,37
2023021043,2024-03-13,20232024,REG,EDM,WSH,1,11.0,REG,7.0,7,2,19.0,8.0,S. Skinner,2,3.0,10.0,37,25
2023021044,2024-03-13,20232024,REG,COL,VAN,0,2.0,OT,6.0,4,3,20.0,11.0,A. Georgiev,2,2.0,3.0,34,21
2023021044,2024-03-13,20232024,REG,VAN,COL,1,22.0,OT,7.0,3,4,31.0,13.0,C. DeSmith,2,0.0,9.0,21,34
2023021045,2024-03-14,20232024,REG,NYI,BUF,0,9.0,REG,4.0,0,4,51.0,11.0,I. Sorokin,2,0.0,7.0,21,37
2023021045,2024-03-14,20232024,REG,BUF,NYI,1,9.0,REG,2.0,4,0,23.0,13.0,U. Luukkonen,2,1.0,9.0,37,21
2023021046,2024-03-14,20232024,REG,FLA,CAR,0,10.0,REG,9.0,0,4,41.0,18.0,S. Bobrovsky,2,0.0,4.0,21,35
2023021046,2024-03-14,20232024,REG,CAR,FLA,1,10.0,REG,11.0,4,0,26.0,14.0,F. Andersen,2,0.0,11.0,35,21
2023021047,2024-03-14,20232024,REG,OTT,CBJ,0,22.0,SO,0.0,3,2,12.0,6.0,A. Forsberg,2,0.0,4.0,37,37
2023021047,2024-03-14,20232024,REG,CBJ,OTT,1,23.0,SO,4.0,2,3,14.0,6.0,E. Merzlikins,2,1.0,7.0,37,37
2023021048,2024-03-14,20232024,REG,ARI,DET,0,18.0,REG,3.0,4,1,16.0,10.0,C. Ingram,2,0.0,6.0,27,29
2023021048,2024-03-14,20232024,REG,DET,ARI,1,18.0,REG,6.0,1,4,20.0,6.0,A. Lyon,2,1.0,7.0,29,27
2023021049,2024-03-14,20232024,REG,BOS,MTL,0,18.0,OT,10.0,2,1,20.0,6.0,L. Ullmark,2,0.0,3.0,24,19
2023021049,2024-03-14,20232024,REG,MTL,BOS,1,19.0,OT,10.0,1,2,17.0,8.0,S. Montembeault,2,0.0,2.0,19,24
2023021050,2024-03-14,20232024,REG,TOR,PHI,0,12.0,REG,11.0,6,2,28.0,16.0,I. Samsonov,2,0.0,6.0,27,28
2023021050,2024-03-14,20232024,REG,PHI,TOR,1,18.0,REG,6.0,2,6,37.0,18.0,S. Ersson,2,1.0,6.0,28,27
2023021051,2024-03-14,20232024,REG,SJS,PIT,0,20.0,REG,4.0,3,6,27.0,6.0,M. Chrona,2,0.0,7.0,32,31
2023021051,2024-03-14,20232024,REG,PIT,SJS,1,20.0,REG,9.0,6,3,23.0,6.0,T. Jarry,2,0.0,9.0,31,32
2023021052,2024-03-14,20232024,REG,NYR,TBL,0,21.0,REG,6.0,3,6,27.0,6.0,I. Shesterkin,2,0.0,9.0,28,28
2023021052,2024-03-14,20232024,REG,TBL,NYR,1,15.0,REG,5.0,6,3,32.0,6.0,A. Vasilevskiy,2,1.0,11.0,28,28
2023021053,2024-03-14,20232024,REG,NJD,DAL,0,23.0,REG,2.0,6,2,22.0,6.0,J. Allen,2,0.0,9.0,20,37
2023021053,2024-03-14,20232024,REG,DAL,NJD,1,7.0,REG,7.0,2,6,27.0,0.0,J. Oettinger,2,0.0,8.0,37,20
2023021054,2024-03-14,20232024,REG,ANA,MIN,0,14.0,REG,1.0,0,2,16.0,4.0,L. Dostal,2,0.0,1.0,16,31
2023021054,2024-03-14,20232024,REG,MIN,ANA,1,16.0,REG,4.0,2,0,14.0,0.0,M. Fleury,2,0.0,5.0,31,16
2023021055,2024-03-14,20232024,REG,VGK,CGY,0,19.0,REG,5.0,1,4,20.0,4.0,A. Hill,2,0.0,15.0,29,37
2023021055,2024-03-14,20232024,REG,CGY,VGK,1,30.0,REG,10.0,4,1,19.0,4.0,D. Wolf,2,0.0,7.0,37,29
2023021056,2024-03-14,20232024,REG,WSH,SEA,0,16.0,REG,2.0,2,1,28.0,6.0,C. Lindgren,2,1.0,9.0,23,24
2023021056,2024-03-14,20232024,REG,SEA,WSH,1,15.0,REG,5.0,1,2,18.0,8.0,J. Daccord,2,1.0,6.0,24,23
2023021057,2024-03-15,20232024,REG,ANA,WPG,0,16.0,REG,3.0,0,6,20.0,20.0,J. Gibson,2,0.0,4.0,21,38
2023021057,2024-03-15,20232024,REG,WPG,ANA,1,9.0,REG,2.0,6,0,24.0,20.0,L. Brossoit,2,3.0,6.0,38,21
2023021058,2024-03-15,20232024,REG,LAK,CHI,0,19.0,REG,0.0,5,0,9.0,8.0,C. Talbot,2,1.0,8.0,37,28
2023021058,2024-03-15,20232024,REG,CHI,LAK,1,15.0,REG,5.0,0,5,26.0,4.0,A. Soderblom,2,0.0,11.0,28,37
2023021059,2024-03-16,20232024,REG,BUF,DET,0,13.0,REG,6.0,1,4,31.0,4.0,U. Luukkonen,2,1.0,5.0,26,26
2023021059,2024-03-16,20232024,REG,DET,BUF,1,13.0,REG,4.0,4,1,30.0,4.0,J. Reimer,2,0.0,14.0,26,26
2023021060,2024-03-16,20232024,REG,OTT,NYI,0,22.0,OT,9.0,4,3,18.0,6.0,J. Korpisalo,2,2.0,4.0,30,33
2023021060,2024-03-16,20232024,REG,NYI,OTT,1,18.0,OT,7.0,3,4,25.0,6.0,S. Varlamov,2,1.0,7.0,33,30
2023021061,2024-03-16,20232024,REG,NYR,PIT,0,19.0,REG,7.0,7,4,18.0,6.0,J. Quick,2,2.0,5.0,28,37
2023021061,2024-03-16,20232024,REG,PIT,NYR,1,10.0,REG,8.0,4,7,22.0,6.0,T. Jarry,2,1.0,7.0,37,28
2023021062,2024-03-16,20232024,REG,NJD,ARI,0,15.0,REG,6.0,1,4,25.0,9.0,K. Kahkonen,2,0.0,2.0,38,32
2023021062,2024-03-16,20232024,REG,ARI,NJD,1,22.0,REG,8.0,4,1,12.0,9.0,K. Vejmelka,2,1.0,4.0,32,38
2023021063,2024-03-16,20232024,REG,TBL,FLA,0,16.0,REG,14.0,5,3,15.0,28.0,A. Vasilevskiy,2,1.0,2.0,16,50
2023021063,2024-03-16,20232024,REG,FLA,TBL,1,10.0,REG,12.0,3,5,25.0,39.0,S. Bobrovsky,2,1.0,13.0,50,16
2023021064,2024-03-16,20232024,REG,PHI,BOS,0,16.0,REG,9.0,5,6,35.0,8.0,F. Sandstrom,2,0.0,5.0,29,30
2023021064,2024-03-16,20232024,REG,BOS,PHI,1,22.0,REG,11.0,6,5,29.0,10.0,J. Swayman,2,1.0,3.0,30,29
2023021065,2024-03-16,20232024,REG,SJS,CBJ,0,18.0,REG,1.0,2,4,14.0,4.0,M. Chrona,2,0.0,4.0,41,20
2023021065,2024-03-16,20232024,REG,CBJ,SJS,1,19.0,REG,5.0,4,2,21.0,6.0,D. Tarasov,2,0.0,6.0,20,41
2023021066,2024-03-16,20232024,REG,MTL,CGY,0,17.0,REG,16.0,2,5,18.0,8.0,C. Primeau,2,0.0,8.0,38,28
2023021066,2024-03-16,20232024,REG,CGY,MTL,1,20.0,REG,12.0,5,2,20.0,8.0,D. Wolf,2,2.0,18.0,28,38
2023021067,2024-03-16,20232024,REG,CAR,TOR,0,15.0,SO,11.0,5,4,25.0,8.0,P. Kochetkov,2,2.0,11.0,40,40
2023021067,2024-03-16,20232024,REG,TOR,CAR,1,16.0,SO,15.0,4,5,37.0,10.0,I. Samsonov,2,0.0,5.0,40,40
2023021068,2024-03-16,20232024,REG,LAK,DAL,0,12.0,REG,4.0,1,4,42.0,4.0,D. Rittich,2,0.0,4.0,28,29
2023021068,2024-03-16,20232024,REG,DAL,LAK,1,18.0,REG,14.0,4,1,18.0,2.0,S. Wedgewood,2,1.0,12.0,29,28
2023021069,2024-03-16,20232024,REG,MIN,STL,0,17.0,SO,9.0,2,3,14.0,13.0,M. Fleury,2,0.0,11.0,24,37
2023021069,2024-03-16,20232024,REG,STL,MIN,1,31.0,SO,11.0,3,2,22.0,9.0,J. Binnington,2,1.0,12.0,37,24
2023021070,2024-03-16,20232024,REG,COL,EDM,0,18.0,OT,5.0,3,2,30.0,7.0,A. Georgiev,2,0.0,8.0,43,34
2023021070,2024-03-16,20232024,REG,EDM,COL,1,26.0,OT,11.0,2,3,39.0,7.0,S. Skinner,2,0.0,7.0,34,43
2023021071,2024-03-16,20232024,REG,NSH,SEA,0,17.0,REG,1.0,4,1,26.0,4.0,J. Saros,2,1.0,7.0,30,24
2023021071,2024-03-16,20232024,REG,SEA,NSH,1,13.0,REG,3.0,1,4,33.0,6.0,P. Grubauer,2,1.0,10.0,24,30
2023021072,2024-03-16,20232024,REG,WSH,VAN,0,20.0,REG,3.0,2,1,16.0,2.0,C. Lindgren,2,0.0,1.0,24,22
2023021072,2024-03-16,20232024,REG,VAN,WSH,1,9.0,REG,10.0,1,2,33.0,2.0,C. DeSmith,2,0.0,6.0,22,24
2023021073,2024-03-17,20232024,REG,NYI,NYR,0,21.0,REG,5.0,2,5,26.0,2.0,I. Sorokin,2,0.0,3.0,27,31
2023021073,2024-03-17,20232024,REG,NYR,NYI,1,12.0,REG,10.0,5,2,21.0,6.0,I. Shesterkin,2,0.0,11.0,31,27
2023021074,2024-03-17,20232024,REG,NJD,VGK,0,12.0,REG,3.0,1,3,12.0,4.0,J. Allen,2,0.0,7.0,21,37
2023021074,2024-03-17,20232024,REG,VGK,NJD,1,21.0,REG,7.0,3,1,25.0,4.0,L. Thompson,2,0.0,15.0,37,21
2023021075,2024-03-17,20232024,REG,WPG,CBJ,0,22.0,REG,1.0,6,1,8.0,6.0,C. Hellebuyck,2,0.0,2.0,27,31
2023021075,2024-03-17,20232024,REG,CBJ,WPG,1,11.0,REG,8.0,1,6,14.0,4.0,E. Merzlikins,2,0.0,3.0,31,27
2023021076,2024-03-17,20232024,REG,SJS,CHI,0,12.0,REG,7.0,2,5,15.0,6.0,D. Cooley,2,0.0,5.0,27,31
2023021076,2024-03-17,20232024,REG,CHI,SJS,1,18.0,REG,15.0,5,2,29.0,2.0,P. Mrazek,2,0.0,10.0,31,27
2023021077,2024-03-17,20232024,REG,CAR,OTT,0,10.0,REG,8.0,7,2,18.0,4.0,F. Andersen,2,1.0,7.0,38,32
2023021077,2024-03-17,20232024,REG,OTT,CAR,1,15.0,REG,10.0,2,7,23.0,6.0,A. Forsberg,2,0.0,9.0,32,38
2023021078,2024-03-17,20232024,REG,DET,PIT,0,16.0,REG,3.0,3,6,20.0,8.0,A. Lyon,2,1.0,6.0,28,38
2023021078,2024-03-17,20232024,REG,PIT,DET,1,18.0,REG,9.0,6,3,18.0,4.0,A. Nedeljkovic,2,1.0,7.0,38,28
2023021079,2024-03-17,20232024,REG,ANA,STL,0,16.0,REG,1.0,2,4,20.0,12.0,L. Dostal,2,0.0,14.0,28,27
2023021079,2024-03-17,20232024,REG,STL,ANA,1,14.0,REG,6.0,4,2,18.0,4.0,J. Hofer,2,3.0,10.0,27,28
2023021080,2024-03-18,20232024,REG,WSH,CGY,0,23.0,REG,7.0,5,2,10.0,4.0,C. Lindgren,2,2.0,11.0,33,36
2023021080,2024-03-18,20232024,REG,CGY,WSH,1,25.0,REG,9.0,2,5,15.0,6.0,D. Wolf,2,0.0,14.0,36,33
2023021081,2024-03-18,20232024,REG,BUF,SEA,0,22.0,REG,7.0,6,2,28.0,10.0,U. Luukkonen,2,0.0,8.0,30,34
2023021081,2024-03-18,20232024,REG,SEA,BUF,1,10.0,REG,1.0,2,6,38.0,4.0,J. Daccord,2,1.0,9.0,34,30
2023021082,2024-03-19,20232024,REG,OTT,BOS,0,15.0,REG,9.0,2,6,30.0,16.0,J. Korpisalo,2,1.0,8.0,31,26
2023021082,2024-03-19,20232024,REG,BOS,OTT,1,16.0,REG,15.0,6,2,29.0,10.0,L. Ullmark,2,2.0,9.0,26,31
2023021083,2024-03-19,20232024,REG,CBJ,DET,0,17.0,OT,8.0,3,4,17.0,16.0,D. Tarasov,2,1.0,9.0,35,26
2023021083,2024-03-19,20232024,REG,DET,CBJ,1,16.0,OT,6.0,4,3,16.0,4.0,J. Reimer,2,1.0,10.0,26,35
2023021084,2024-03-19,20232024,REG,PIT,NJD,0,17.0,REG,3.0,2,5,13.0,6.0,T. Jarry,2,0.0,14.0,38,38
2023021084,2024-03-19,20232024,REG,NJD,PIT,1,18.0,REG,9.0,5,2,11.0,4.0,J. Allen,2,2.0,7.0,38,38
2023021085,2024-03-19,20232024,REG,WPG,NYR,0,17.0,REG,1.0,4,2,17.0,4.0,C. Hellebuyck,2,1.0,7.0,27,41
2023021085,2024-03-19,20232024,REG,NYR,WPG,1,14.0,REG,6.0,2,4,22.0,6.0,I. Shesterkin,2,1.0,4.0,41,27
2023021086,2024-03-19,20232024,REG,TOR,PHI,0,9.0,REG,3.0,3,4,28.0,9.0,I. Samsonov,2,1.0,7.0,30,30
2023021086,2024-03-19,20232024,REG,PHI,TOR,1,36.0,REG,4.0,4,3,34.0,11.0,S. Ersson,2,0.0,3.0,30,30
2023021087,2024-03-19,20232024,REG,CAR,NYI,0,13.0,REG,10.0,4,1,15.0,7.0,P. Kochetkov,2,1.0,5.0,34,31
2023021087,2024-03-19,20232024,REG,NYI,CAR,1,15.0,REG,18.0,1,4,20.0,7.0,I. Sorokin,2,0.0,9.0,31,34
2023021088,2024-03-19,20232024,REG,SJS,NSH,0,12.0,REG,5.0,2,8,28.0,4.0,M. Chrona,2,0.0,3.0,20,40
2023021088,2024-03-19,20232024,REG,NSH,SJS,1,21.0,REG,10.0,8,2,17.0,2.0,J. Saros,2,0.0,6.0,40,20
2023021089,2024-03-19,20232024,REG,COL,STL,0,13.0,REG,8.0,4,3,16.0,6.0,J. Annunen,2,1.0,12.0,35,33
2023021089,2024-03-19,20232024,REG,STL,COL,1,14.0,REG,12.0,3,4,28.0,6.0,J. Binnington,2,0.0,11.0,33,35
2023021090,2024-03-19,20232024,REG,MTL,EDM,0,21.0,OT,12.0,2,3,26.0,15.0,S. Montembeault,2,0.0,7.0,25,32
2023021090,2024-03-19,20232024,REG,EDM,MTL,1,20.0,OT,10.0,3,2,28.0,11.0,C. Pickard,2,1.0,7.0,32,25
2023021091,2024-03-19,20232024,REG,MIN,ANA,0,10.0,REG,9.0,4,0,16.0,6.0,F. Gustavsson,2,1.0,7.0,32,27
2023021091,2024-03-19,20232024,REG,ANA,MIN,1,16.0,REG,7.0,0,4,17.0,10.0,J. Gibson,2,0.0,6.0,27,32
2023021092,2024-03-19,20232024,REG,CHI,LAK,0,9.0,REG,1.0,2,6,22.0,2.0,P. Mrazek,2,1.0,4.0,24,24
2023021092,2024-03-19,20232024,REG,LAK,CHI,1,21.0,REG,7.0,6,2,16.0,8.0,C. Talbot,2,1.0,6.0,24,24
2023021093,2024-03-19,20232024,REG,BUF,VAN,0,14.0,REG,1.0,2,3,18.0,10.0,D. Levi,2,0.0,4.0,17,34
2023021093,2024-03-19,20232024,REG,VAN,BUF,1,23.0,REG,6.0,3,2,34.0,10.0,C. DeSmith,2,1.0,7.0,34,17
2023021094,2024-03-19,20232024,REG,TBL,VGK,0,16.0,REG,3.0,5,3,27.0,4.0,A. Vasilevskiy,2,1.0,9.0,21,27
2023021094,2024-03-19,20232024,REG,VGK,TBL,1,10.0,REG,4.0,3,5,36.0,6.0,A. Hill,2,0.0,6.0,27,21
2023021095,2024-03-20,20232024,REG,TOR,WSH,0,20.0,REG,5.0,7,3,34.0,2.0,J. Woll,2,1.0,6.0,29,21
2023021095,2024-03-20,20232024,REG,WSH,TOR,1,18.0,REG,8.0,3,7,37.0,8.0,C. Lindgren,2,1.0,9.0,21,29
2023021096,2024-03-20,20232024,REG,ARI,DAL,0,14.0,REG,4.0,2,5,39.0,14.0,C. Ingram,2,0.0,5.0,25,33
2023021096,2024-03-20,20232024,REG,DAL,ARI,1,9.0,REG,7.0,5,2,21.0,2.0,J. Oettinger,2,0.0,9.0,33,25
2023021097,2024-03-20,20232024,REG,MIN,LAK,0,13.0,REG,2.0,0,6,19.0,79.0,M. Fleury,2,0.0,4.0,31,27
2023021097,2024-03-20,20232024,REG,LAK,MIN,1,14.0,REG,1.0,6,0,17.0,75.0,D. Rittich,2,2.0,1.0,27,31
2023021098,2024-03-21,20232024,REG,NYR,BOS,0,8.0,REG,7.0,5,2,44.0,6.0,J. Quick,2,0.0,5.0,31,26
2023021098,2024-03-21,20232024,REG,BOS,NYR,1,19.0,REG,19.0,2,5,40.0,2.0,J. Swayman,2,0.0,5.0,26,31
2023021099,2024-03-21,20232024,REG,PHI,CAR,0,27.0,OT,2.0,2,3,19.0,4.0,S. Ersson,2,0.0,9.0,32,33
2023021099,2024-03-21,20232024,REG,CAR,PHI,1,16.0,OT,4.0,3,2,16.0,4.0,F. Andersen,2,0.0,4.0,33,32
2023021100,2024-03-21,20232024,REG,NYI,DET,0,11.0,REG,2.0,3,6,17.0,4.0,I. Sorokin,2,1.0,4.0,36,24
2023021100,2024-03-21,20232024,REG,DET,NYI,1,22.0,REG,8.0,6,3,27.0,8.0,J. Reimer,2,0.0,5.0,24,36
2023021101,2024-03-21,20232024,REG,NSH,FLA,0,16.0,REG,6.0,3,0,30.0,14.0,K. Lankinen,2,1.0,14.0,37,33
2023021101,2024-03-21,20232024,REG,FLA,NSH,1,16.0,REG,21.0,0,3,34.0,16.0,S. Bobrovsky,2,0.0,10.0,33,37
2023021102,2024-03-21,20232024,REG,WPG,NJD,0,11.0,REG,4.0,1,4,10.0,6.0,L. Brossoit,2,0.0,4.0,19,41
2023021102,2024-03-21,20232024,REG,NJD,WPG,1,19.0,REG,5.0,4,1,11.0,8.0,J. Allen,2,3.0,9.0,41,19
2023021103,2024-03-21,20232024,REG,STL,OTT,0,16.0,REG,10.0,5,2,22.0,6.0,J. Hofer,2,0.0,6.0,27,39
2023021103,2024-03-21,20232024,REG,OTT,STL,1,8.0,REG,15.0,2,5,22.0,4.0,A. Forsberg,2,1.0,8.0,39,27
2023021104,2024-03-21,20232024,REG,BUF,EDM,0,20.0,REG,4.0,3,8,28.0,4.0,U. Luukkonen,2,0.0,8.0,29,39
2023021104,2024-03-21,20232024,REG,EDM,BUF,1,17.0,REG,9.0,8,3,32.0,6.0,S. Skinner,2,1.0,12.0,39,29
2023021105,2024-03-21,20232024,REG,CHI,ANA,0,14.0,REG,7.0,0,4,29.0,22.0,A. Soderblom,2,0.0,6.0,29,25
2023021105,2024-03-21,20232024,REG,ANA,CHI,1,11.0,REG,9.0,4,0,20.0,14.0,L. Dostal,2,1.0,11.0,25,29
2023021106,2024-03-21,20232024,REG,MTL,VAN,0,18.0,REG,4.0,1,4,25.0,8.0,S. Montembeault,2,0.0,4.0,17,25
2023021106,2024-03-21,20232024,REG,VAN,MTL,1,12.0,REG,4.0,4,1,42.0,8.0,C. DeSmith,2,0.0,12.0,25,17
2023021107,2024-03-21,20232024,REG,SEA,VGK,0,16.0,REG,1.0,1,3,31.0,8.0,P. Grubauer,2,1.0,5.0,22,37
2023021107,2024-03-21,20232024,REG,VGK,SEA,1,23.0,REG,5.0,3,1,36.0,6.0,L. Thompson,2,1.0,8.0,37,22
2023021108,2024-03-21,20232024,REG,TBL,SJS,0,18.0,REG,5.0,4,1,17.0,8.0,A. Vasilevskiy,2,1.0,9.0,21,22
2023021108,2024-03-21,20232024,REG,SJS,TBL,1,12.0,REG,7.0,1,4,21.0,8.0,M. Blackwood,2,0.0,9.0,22,21
2023021109,2024-03-22,20232024,REG,CAR,WSH,0,22.0,SO,7.0,6,7,16.0,12.0,P. Kochetkov,2,1.0,12.0,31,25
2023021109,2024-03-22,20232024,REG,WSH,CAR,1,17.0,SO,15.0,7,6,30.0,6.0,D. Kuemper,2,3.0,17.0,25,31
2023021110,2024-03-22,20232024,REG,PIT,DAL,0,14.0,REG,4.0,2,4,26.0,4.0,T. Jarry,2,0.0,7.0,22,23
2023021110,2024-03-22,20232024,REG,DAL,PIT,1,18.0,REG,12.0,4,2,19.0,4.0,J. Oettinger,2,1.0,3.0,23,22
2023021111,2024-03-22,20232024,REG,CBJ,COL,0,24.0,REG,2.0,1,6,20.0,11.0,E. Merzlikins,2,0.0,16.0,24,50
2023021111,2024-03-22,20232024,REG,COL,CBJ,1,11.0,REG,9.0,6,1,26.0,5.0,A. Georgiev,2,1.0,15.0,50,24
2023021112,2024-03-22,20232024,REG,SEA,ARI,0,8.0,OT,4.0,1,2,20.0,9.0,J. Daccord,2,0.0,6.0,28,26
2023021112,2024-03-22,20232024,REG,ARI,SEA,1,20.0,OT,8.0,2,1,30.0,11.0,K. Vejmelka,2,0.0,4.0,26,28
2023021113,2024-03-23,20232024,REG,WPG,NYI,0,15.0,REG,4.0,3,6,27.0,7.0,C. Hellebuyck,2,0.0,5.0,35,39
2023021113,2024-03-23,20232024,REG,NYI,WPG,1,17.0,REG,8.0,6,3,25.0,7.0,S. Varlamov,2,0.0,11.0,39,35
2023021114,2024-03-23,20232024,REG,BOS,PHI,0,8.0,REG,6.0,2,3,39.0,6.0,L. Ullmark,2,0.0,2.0,20,29
2023021114,2024-03-23,20232024,REG,PHI,BOS,1,18.0,REG,11.0,3,2,39.0,4.0,S. Ersson,2,1.0,4.0,29,20
2023021115,2024-03-23,20232024,REG,STL,MIN,0,12.0,OT,2.0,5,4,17.0,4.0,J. Binnington,2,0.0,5.0,27,34
2023021115,2024-03-23,20232024,REG,MIN,STL,1,10.0,OT,5.0,4,5,15.0,4.0,M. Fleury,2,0.0,5.0,34,27
2023021116,2024-03-23,20232024,REG,DET,NSH,0,14.0,REG,10.0,0,1,5.0,9.0,A. Lyon,2,0.0,5.0,22,32
2023021116,2024-03-23,20232024,REG,NSH,DET,1,13.0,REG,24.0,1,0,25.0,13.0,J. Saros,2,0.0,19.0,32,22
2023021117,2024-03-23,20232024,REG,OTT,NJD,0,11.0,REG,7.0,5,2,8.0,13.0,J. Korpisalo,2,0.0,8.0,25,20
2023021117,2024-03-23,20232024,REG,NJD,OTT,1,10.0,REG,13.0,2,5,10.0,13.0,J. Allen,2,0.0,7.0,20,25
2023021118,2024-03-23,20232024,REG,EDM,TOR,0,11.0,REG,7.0,3,6,31.0,23.0,S. Skinner,2,2.0,5.0,39,29
2023021118,2024-03-23,20232024,REG,TOR,EDM,1,28.0,REG,11.0,6,3,33.0,17.0,I. Samsonov,2,1.0,7.0,29,39
2023021119,2024-03-23,20232024,REG,FLA,NYR,0,19.0,SO,5.0,3,4,24.0,6.0,S. Bobrovsky,2,0.0,6.0,30,37
2023021119,2024-03-23,20232024,REG,NYR,FLA,1,11.0,SO,6.0,4,3,28.0,4.0,I. Shesterkin,2,1.0,3.0,37,30
2023021120,2024-03-23,20232024,REG,CGY,VAN,0,10.0,REG,4.0,2,4,23.0,6.0,J. Markstrom,2,0.0,1.0,24,26
2023021120,2024-03-23,20232024,REG,VAN,CGY,1,21.0,REG,4.0,4,2,29.0,4.0,C. DeSmith,2,1.0,4.0,26,24
2023021121,2024-03-23,20232024,REG,TBL,LAK,0,17.0,OT,6.0,3,4,24.0,6.0,A. Vasilevskiy,2,2.0,2.0,24,23
2023021121,2024-03-23,20232024,REG,LAK,TBL,1,25.0,OT,11.0,4,3,19.0,6.0,C. Talbot,2,0.0,5.0,23,24
2023021122,2024-03-23,20232024,REG,CHI,SJS,0,19.0,OT,4.0,5,4,25.0,13.0,P. Mrazek,2,0.0,8.0,31,30
2023021122,2024-03-23,20232024,REG,SJS,CHI,1,12.0,OT,4.0,4,5,16.0,9.0,D. Cooley,2,2.0,8.0,30,31
2023021123,2024-03-23,20232024,REG,CBJ,VGK,0,22.0,REG,7.0,2,4,36.0,4.0,D. Tarasov,2,0.0,5.0,22,47
2023021123,2024-03-23,20232024,REG,VGK,CBJ,1,13.0,REG,8.0,4,2,17.0,2.0,A. Hill,2,1.0,9.0,47,22
2023021124,2024-03-24,20232024,REG,WPG,WSH,0,15.0,REG,9.0,0,3,20.0,6.0,C. Hellebuyck,2,0.0,7.0,27,19
2023021124,2024-03-24,20232024,REG,WSH,WPG,1,15.0,REG,11.0,3,0,29.0,2.0,C. Lindgren,2,1.0,6.0,19,27
2023021125,2024-03-24,20232024,REG,PIT,COL,0,16.0,OT,0.0,4,5,21.0,4.0,A. Nedeljkovic,2,0.0,12.0,34,30
2023021125,2024-03-24,20232024,REG,COL,PIT,1,16.0,OT,4.0,5,4,15.0,4.0,A. Georgiev,2,0.0,10.0,30,34
2023021126,2024-03-24,20232024,REG,NJD,NYI,0,15.0,REG,2.0,4,0,14.0,29.0,K. Kahkonen,2,1.0,4.0,30,36
2023021126,2024-03-24,20232024,REG,NYI,NJD,1,24.0,REG,13.0,0,4,22.0,28.0,I. Sorokin,2,0.0,7.0,36,30
2023021127,2024-03-24,20232024,REG,TOR,CAR,0,16.0,REG,9.0,1,2,14.0,6.0,J. Woll,2,0.0,9.0,33,43
2023021127,2024-03-24,20232024,REG,CAR,TOR,1,13.0,REG,14.0,2,1,6.0,8.0,F. Andersen,2,1.0,6.0,43,33
2023021128,2024-03-24,20232024,REG,EDM,OTT,0,9.0,REG,9.0,3,5,18.0,8.0,C. Pickard,2,2.0,10.0,36,16
2023021128,2024-03-24,20232024,REG,OTT,EDM,1,12.0,REG,16.0,5,3,26.0,6.0,J. Korpisalo,2,3.0,15.0,16,36
2023021129,2024-03-24,20232024,REG,FLA,PHI,0,26.0,REG,6.0,4,1,39.0,12.0,A. Stolarz,2,1.0,6.0,15,33
2023021129,2024-03-24,20232024,REG,PHI,FLA,1,8.0,REG,4.0,1,4,32.0,6.0,F. Sandstrom,2,1.0,5.0,33,15
2023021130,2024-03-24,20232024,REG,DAL,ARI,0,12.0,REG,5.0,4,2,16.0,10.0,J. Oettinger,2,0.0,8.0,35,28
2023021130,2024-03-24,20232024,REG,ARI,DAL,1,21.0,REG,10.0,2,4,35.0,8.0,C. Ingram,2,0.0,4.0,28,35
2023021131,2024-03-24,20232024,REG,TBL,ANA,0,14.0,OT,12.0,3,2,34.0,8.0,J. Johansson,2,0.0,8.0,27,32
2023021131,2024-03-24,20232024,REG,ANA,TBL,1,17.0,OT,8.0,2,3,21.0,6.0,L. Dostal,2,0.0,11.0,32,27
2023021132,2024-03-24,20232024,REG,BUF,CGY,0,22.0,REG,10.0,4,1,15.0,4.0,U. Luukkonen,2,0.0,7.0,29,33
2023021132,2024-03-24,20232024,REG,CGY,BUF,1,16.0,REG,7.0,1,4,15.0,2.0,D. Wolf,2,1.0,2.0,33,29
2023021133,2024-03-24,20232024,REG,MTL,SEA,0,19.0,REG,4.0,5,1,17.0,8.0,C. Primeau,2,0.0,5.0,17,37
2023021133,2024-03-24,20232024,REG,SEA,MTL,1,13.0,REG,5.0,1,5,25.0,4.0,P. Grubauer,2,0.0,9.0,37,17
2023021134,2024-03-25,20232024,REG,VGK,STL,0,14.0,OT,3.0,2,1,22.0,9.0,L. Thompson,2,0.0,10.0,34,32
2023021134,2024-03-25,20232024,REG,STL,VGK,1,18.0,OT,5.0,1,2,27.0,9.0,J. Binnington,2,0.0,14.0,32,34
2023021135,2024-03-25,20232024,REG,LAK,VAN,0,13.0,REG,3.0,3,2,25.0,4.0,C. Talbot,2,0.0,2.0,19,23
2023021135,2024-03-25,20232024,REG,VAN,LAK,1,6.0,REG,6.0,2,3,47.0,4.0,C. DeSmith,2,0.0,8.0,23,19
2023021136,2024-03-26,20232024,REG,BOS,FLA,0,19.0,REG,12.0,4,3,51.0,17.0,J. Swayman,2,1.0,4.0,21,21
2023021136,2024-03-26,20232024,REG,FLA,BOS,1,9.0,REG,15.0,3,4,40.0,19.0,S. Bobrovsky,2,0.0,10.0,21,21
2023021137,2024-03-26,20232024,REG,PHI,NYR,0,13.0,OT,2.0,5,6,16.0,2.0,S. Ersson,2,1.0,5.0,42,27
2023021137,2024-03-26,20232024,REG,NYR,PHI,1,17.0,OT,5.0,6,5,23.0,6.0,I. Shesterkin,2,1.0,5.0,27,42
2023021138,2024-03-26,20232024,REG,CAR,PIT,0,10.0,REG,10.0,1,4,15.0,9.0,P. Kochetkov,2,0.0,11.0,39,22
2023021138,2024-03-26,20232024,REG,PIT,CAR,1,19.0,REG,12.0,4,1,18.0,9.0,A. Nedeljkovic,2,0.0,9.0,22,39
2023021139,2024-03-26,20232024,REG,NJD,TOR,0,15.0,REG,14.0,6,3,28.0,4.0,J. Allen,2,0.0,2.0,25,45
2023021139,2024-03-26,20232024,REG,TOR,NJD,1,7.0,REG,19.0,3,6,47.0,4.0,J. Woll,2,0.0,5.0,45,25
2023021140,2024-03-26,20232024,REG,DET,WSH,0,15.0,OT,5.0,3,4,26.0,4.0,A. Lyon,2,1.0,8.0,33,30
2023021140,2024-03-26,20232024,REG,WSH,DET,1,19.0,OT,9.0,4,3,23.0,4.0,C. Lindgren,2,0.0,11.0,30,33
2023021141,2024-03-26,20232024,REG,VGK,NSH,0,17.0,OT,5.0,4,5,21.0,2.0,J. Patera,2,0.0,4.0,35,35
2023021141,2024-03-26,20232024,REG,NSH,VGK,1,20.0,OT,10.0,5,4,49.0,4.0,J. Saros,2,1.0,10.0,35,35
2023021142,2024-03-26,20232024,REG,EDM,WPG,0,10.0,OT,9.0,4,3,38.0,20.0,S. Skinner,2,1.0,6.0,42,25
2023021142,2024-03-26,20232024,REG,WPG,EDM,1,12.0,OT,3.0,3,4,28.0,16.0,C. Hellebuyck,2,0.0,3.0,25,42
2023021143,2024-03-26,20232024,REG,CGY,CHI,0,9.0,REG,2.0,1,3,19.0,4.0,J. Markstrom,2,0.0,4.0,39,27
2023021143,2024-03-26,20232024,REG,CHI,CGY,1,19.0,REG,5.0,3,1,19.0,4.0,P. Mrazek,2,1.0,3.0,27,39
2023021144,2024-03-26,20232024,REG,MTL,COL,0,20.0,REG,1.0,2,1,18.0,6.0,S. Montembeault,2,0.0,8.0,27,28
2023021144,2024-03-26,20232024,REG,COL,MTL,1,12.0,REG,5.0,1,2,13.0,6.0,J. Annunen,2,0.0,7.0,28,27
2023021145,2024-03-26,20232024,REG,CBJ,ARI,0,15.0,REG,7.0,2,6,27.0,19.0,E. Merzlikins,2,2.0,5.0,27,35
2023021145,2024-03-26,20232024,REG,ARI,CBJ,1,12.0,REG,7.0,6,2,22.0,23.0,K. Vejmelka,2,1.0,6.0,35,27
2023021146,2024-03-26,20232024,REG,ANA,SEA,0,25.0,REG,3.0,0,4,21.0,8.0,J. Gibson,2,0.0,8.0,12,36
2023021146,2024-03-26,20232024,REG,SEA,ANA,1,11.0,REG,6.0,4,0,22.0,2.0,J. Daccord,2,2.0,7.0,36,12
2023021147,2024-03-26,20232024,REG,DAL,SJS,0,15.0,REG,6.0,6,3,7.0,11.0,S. Wedgewood,2,1.0,6.0,41,20
2023021147,2024-03-26,20232024,REG,SJS,DAL,1,17.0,REG,8.0,3,6,18.0,13.0,M. Blackwood,2,1.0,11.0,20,41
2023021148,2024-03-27,20232024,REG,OTT,BUF,0,18.0,REG,2.0,6,2,26.0,10.0,J. Korpisalo,2,0.0,7.0,42,36
2023021148,2024-03-27,20232024,REG,BUF,OTT,1,10.0,REG,2.0,2,6,32.0,10.0,U. Luukkonen,2,0.0,7.0,36,42
2023021149,2024-03-27,20232024,REG,BOS,TBL,0,15.0,REG,6.0,1,3,29.0,7.0,L. Ullmark,2,0.0,4.0,24,31
2023021149,2024-03-27,20232024,REG,TBL,BOS,1,13.0,REG,7.0,3,1,38.0,9.0,A. Vasilevskiy,2,0.0,6.0,31,24
2023021150,2024-03-28,20232024,REG,DET,CAR,0,11.0,REG,5.0,0,4,18.0,4.0,J. Reimer,2,0.0,3.0,24,33
2023021150,2024-03-28,20232024,REG,CAR,DET,1,13.0,REG,9.0,4,0,13.0,4.0,F. Andersen,2,1.0,12.0,33,24
2023021151,2024-03-28,20232024,REG,NYI,FLA,0,26.0,REG,12.0,3,2,29.0,2.0,S. Varlamov,2,0.0,1.0,24,28
2023021151,2024-03-28,20232024,REG,FLA,NYI,1,8.0,REG,13.0,2,3,47.0,10.0,A. Stolarz,2,0.0,9.0,28,24
2023021152,2024-03-28,20232024,REG,PHI,MTL,0,13.0,REG,9.0,1,4,21.0,10.0,S. Ersson,2,0.0,1.0,30,17
2023021152,2024-03-28,20232024,REG,MTL,PHI,1,22.0,REG,11.0,4,1,27.0,14.0,C. Primeau,2,1.0,8.0,17,30
2023021153,2024-03-28,20232024,REG,CHI,OTT,0,14.0,REG,14.0,0,2,29.0,4.0,P. Mrazek,2,0.0,3.0,19,34
2023021153,2024-03-28,20232024,REG,OTT,CHI,1,13.0,REG,15.0,2,0,35.0,4.0,A. Forsberg,2,0.0,7.0,34,19
2023021154,2024-03-28,20232024,REG,CBJ,PIT,0,12.0,REG,3.0,2,3,26.0,10.0,D. Tarasov,2,0.0,8.0,19,36
2023021154,2024-03-28,20232024,REG,PIT,CBJ,1,17.0,REG,9.0,3,2,12.0,4.0,A. Nedeljkovic,2,2.0,10.0,36,19
2023021155,2024-03-28,20232024,REG,WSH,TOR,0,13.0,REG,3.0,1,5,32.0,2.0,C. Lindgren,2,0.0,4.0,24,48
2023021155,2024-03-28,20232024,REG,TOR,WSH,1,19.0,REG,5.0,5,1,43.0,4.0,J. Woll,2,0.0,7.0,48,24
2023021156,2024-03-28,20232024,REG,SJS,MIN,0,18.0,REG,4.0,1,3,21.0,2.0,M. Blackwood,2,0.0,1.0,27,32
2023021156,2024-03-28,20232024,REG,MIN,SJS,1,19.0,REG,10.0,3,1,11.0,2.0,F. Gustavsson,2,0.0,5.0,32,27
2023021157,2024-03-28,20232024,REG,CGY,STL,0,11.0,REG,2.0,3,5,21.0,11.0,D. Wolf,2,1.0,17.0,28,19
2023021157,2024-03-28,20232024,REG,STL,CGY,1,16.0,REG,7.0,5,3,17.0,11.0,J. Binnington,2,1.0,11.0,19,28
2023021158,2024-03-28,20232024,REG,VGK,WPG,0,20.0,REG,9.0,4,1,46.0,22.0,L. Thompson,2,0.0,3.0,27,40
2023021158,2024-03-28,20232024,REG,WPG,VGK,1,7.0,REG,6.0,1,4,41.0,24.0,C. Hellebuyck,2,0.0,6.0,40,27
2023021159,2024-03-28,20232024,REG,NYR,COL,0,22.0,SO,2.0,3,2,14.0,4.0,I. Shesterkin,2,1.0,11.0,25,40
2023021159,2024-03-28,20232024,REG,COL,NYR,1,17.0,SO,3.0,2,3,20.0,4.0,A. Georgiev,2,0.0,13.0,40,25
2023021160,2024-03-28,20232024,REG,LAK,EDM,0,18.0,REG,9.0,1,4,32.0,6.0,C. Talbot,2,0.0,7.0,32,20
2023021160,2024-03-28,20232024,REG,EDM,LAK,1,16.0,REG,13.0,4,1,47.0,6.0,S. Skinner,2,1.0,10.0,20,32
2023021161,2024-03-28,20232024,REG,NSH,ARI,0,15.0,REG,14.0,4,8,35.0,9.0,J. Saros,2,2.0,8.0,37,40
2023021161,2024-03-28,20232024,REG,ARI,NSH,1,16.0,REG,11.0,8,4,26.0,9.0,C. Ingram,2,1.0,11.0,40,37
2023021162,2024-03-28,20232024,REG,ANA,SEA,0,10.0,REG,4.0,2,4,32.0,27.0,L. Dostal,2,0.0,7.0,23,28
2023021162,2024-03-28,20232024,REG,SEA,ANA,1,15.0,REG,1.0,4,2,23.0,13.0,P. Grubauer,2,3.0,6.0,28,23
2023021163,2024-03-28,20232024,REG,DAL,VAN,0,18.0,REG,4.0,3,1,22.0,8.0,J. Oettinger,2,2.0,4.0,34,28
2023021163,2024-03-28,20232024,REG,VAN,DAL,1,17.0,REG,4.0,1,3,40.0,10.0,C. DeSmith,2,0.0,7.0,28,34
2023021164,2024-03-29,20232024,REG,NJD,BUF,0,12.0,REG,8.0,2,5,18.0,0.0,J. Allen,2,0.0,5.0,30,36
2023021164,2024-03-29,20232024,REG,BUF,NJD,1,17.0,REG,3.0,5,2,37.0,6.0,D. Levi,2,0.0,5.0,36,30
2023021165,2024-03-30,20232024,REG,DET,FLA,0,25.0,SO,8.0,2,3,33.0,6.0,A. Lyon,2,2.0,5.0,22,38
2023021165,2024-03-30,20232024,REG,FLA,DET,1,7.0,SO,9.0,3,2,41.0,16.0,S. Bobrovsky,2,0.0,12.0,38,22
2023021166,2024-03-30,20232024,REG,VGK,MIN,0,16.0,OT,8.0,2,1,20.0,15.0,L. Thompson,2,0.0,6.0,31,33
2023021166,2024-03-30,20232024,REG,MIN,VGK,1,21.0,OT,4.0,1,2,13.0,14.0,F. Gustavsson,2,1.0,5.0,33,31
2023021167,2024-03-30,20232024,REG,ANA,EDM,0,14.0,REG,11.0,1,6,33.0,6.0,J. Gibson,2,1.0,8.0,22,37
2023021167,2024-03-30,20232024,REG,EDM,ANA,1,13.0,REG,12.0,6,1,19.0,4.0,C. Pickard,2,1.0,8.0,37,22
2023021168,2024-03-30,20232024,REG,NYR,ARI,0,14.0,REG,10.0,8,5,31.0,6.0,J. Quick,2,0.0,5.0,32,32
2023021168,2024-03-30,20232024,REG,ARI,NYR,1,8.0,REG,10.0,5,8,18.0,0.0,K. Vejmelka,2,1.0,12.0,32,32
2023021169,2024-03-30,20232024,REG,NSH,COL,0,21.0,REG,2.0,4,7,21.0,23.0,K. Lankinen,2,0.0,7.0,35,42
2023021169,2024-03-30,20232024,REG,COL,NSH,1,18.0,REG,8.0,7,4,25.0,8.0,A. Georgiev,2,3.0,3.0,42,35
2023021170,2024-03-30,20232024,REG,TOR,BUF,0,20.0,REG,5.0,3,0,41.0,62.0,I. Samsonov,2,0.0,7.0,22,34
2023021170,2024-03-30,20232024,REG,BUF,TOR,1,9.0,REG,3.0,0,3,24.0,70.0,U. Luukkonen,2,0.0,6.0,34,22
2023021171,2024-03-30,20232024,REG,PIT,CBJ,0,23.0,SO,3.0,3,4,8.0,6.0,A. Nedeljkovic,2,0.0,5.0,33,37
2023021171,2024-03-30,20232024,REG,CBJ,PIT,1,15.0,SO,3.0,4,3,19.0,4.0,E. Merzlikins,2,0.0,8.0,37,33
2023021172,2024-03-30,20232024,REG,CAR,MTL,0,11.0,REG,13.0,3,0,5.0,6.0,P. Kochetkov,2,1.0,9.0,30,26
2023021172,2024-03-30,20232024,REG,MTL,CAR,1,21.0,REG,16.0,0,3,21.0,4.0,S. Montembeault,2,0.0,8.0,26,30
2023021173,2024-03-30,20232024,REG,CHI,PHI,0,13.0,REG,10.0,5,1,33.0,13.0,A. Soderblom,2,1.0,6.0,24,31
2023021173,2024-03-30,20232024,REG,PHI,CHI,1,11.0,REG,4.0,1,5,27.0,21.0,S. Ersson,2,0.0,4.0,31,24
2023021174,2024-03-30,20232024,REG,NYI,TBL,0,17.0,REG,3.0,1,4,35.0,4.0,S. Varlamov,2,0.0,2.0,28,40
2023021174,2024-03-30,20232024,REG,TBL,NYI,1,17.0,REG,6.0,4,1,27.0,4.0,A. Vasilevskiy,2,1.0,6.0,40,28
2023021175,2024-03-30,20232024,REG,OTT,WPG,0,20.0,REG,4.0,3,2,29.0,10.0,J. Korpisalo,2,1.0,4.0,27,30
2023021175,2024-03-30,20232024,REG,WPG,OTT,1,11.0,REG,7.0,2,3,38.0,10.0,C. Hellebuyck,2,1.0,3.0,30,27
2023021176,2024-03-30,20232024,REG,BOS,WSH,0,29.0,SO,4.0,3,2,38.0,8.0,J. Swayman,2,0.0,7.0,29,20
2023021176,2024-03-30,20232024,REG,WSH,BOS,1,19.0,SO,11.0,2,3,41.0,4.0,C. Lindgren,2,1.0,8.0,20,29
2023021177,2024-03-30,20232024,REG,SJS,STL,0,19.0,REG,5.0,4,0,26.0,4.0,M. Blackwood,2,0.0,9.0,20,35
2023021177,2024-03-30,20232024,REG,STL,SJS,1,8.0,REG,9.0,0,4,16.0,6.0,J. Hofer,2,0.0,10.0,35,20
2023021178,2024-03-30,20232024,REG,LAK,CGY,0,27.0,REG,5.0,2,4,28.0,12.0,D. Rittich,2,2.0,13.0,18,35
2023021178,2024-03-30,20232024,REG,CGY,LAK,1,18.0,REG,3.0,4,2,22.0,8.0,J. Markstrom,2,3.0,12.0,35,18
2023021179,2024-03-30,20232024,REG,DAL,SEA,0,17.0,REG,0.0,3,0,16.0,4.0,J. Oettinger,2,1.0,17.0,30,17
2023021179,2024-03-30,20232024,REG,SEA,DAL,1,19.0,REG,3.0,0,3,23.0,15.0,J. Daccord,2,0.0,10.0,17,30
2023021180,2024-03-31,20232024,REG,ANA,VAN,0,15.0,REG,2.0,2,3,10.0,12.0,L. Dostal,2,0.0,6.0,22,30
2023021180,2024-03-31,20232024,REG,VAN,ANA,1,14.0,REG,4.0,3,2,34.0,8.0,A. Silovs,2,2.0,5.0,30,22
2023021181,2024-04-01,20232024,REG,COL,CBJ,0,19.0,REG,4.0,1,4,7.0,4.0,J. Annunen,2,0.0,1.0,46,25
2023021181,2024-04-01,20232024,REG,CBJ,COL,1,13.0,REG,3.0,4,1,24.0,6.0,D. Tarasov,2,0.0,6.0,25,46
2023021182,2024-04-01,20232024,REG,PIT,NYR,0,17.0,REG,1.0,5,2,15.0,10.0,A. Nedeljkovic,1,0.0,7.0,20,30
2023021182,2024-04-01,20232024,REG,NYR,PIT,1,12.0,REG,10.0,2,5,20.0,6.0,I. Shesterkin,2,0.0,6.0,30,20
2023021183,2024-04-01,20232024,REG,NYI,PHI,0,26.0,OT,11.0,4,3,36.0,4.0,S. Varlamov,2,0.0,6.0,27,34
2023021183,2024-04-01,20232024,REG,PHI,NYI,1,21.0,OT,6.0,3,4,27.0,4.0,S. Ersson,2,0.0,8.0,34,27
2023021184,2024-04-01,20232024,REG,DET,TBL,0,19.0,REG,1.0,4,2,29.0,6.0,A. Lyon,2,0.0,1.0,32,36
2023021184,2024-04-01,20232024,REG,TBL,DET,1,14.0,REG,3.0,2,4,36.0,6.0,A. Vasilevskiy,2,1.0,1.0,36,32
2023021185,2024-04-01,20232024,REG,FLA,TOR,0,6.0,REG,9.0,4,6,49.0,6.0,S. Bobrovsky,2,0.0,8.0,30,23
2023021185,2024-04-01,20232024,REG,TOR,FLA,1,14.0,REG,12.0,6,4,43.0,8.0,I. Samsonov,2,0.0,5.0,23,30
2023021186,2024-04-01,20232024,REG,EDM,STL,0,9.0,OT,4.0,2,3,15.0,13.0,S. Skinner,2,0.0,20.0,38,29
2023021186,2024-04-01,20232024,REG,STL,EDM,1,15.0,OT,7.0,3,2,29.0,9.0,J. Binnington,2,1.0,12.0,29,38
2023021187,2024-04-01,20232024,REG,LAK,WPG,0,13.0,REG,3.0,3,4,32.0,2.0,C. Talbot,2,0.0,6.0,28,32
2023021187,2024-04-01,20232024,REG,WPG,LAK,1,17.0,REG,11.0,4,3,39.0,0.0,L. Brossoit,2,0.0,5.0,32,28
2023021188,2024-04-01,20232024,REG,SEA,SJS,0,18.0,REG,6.0,4,2,10.0,4.0,P. Grubauer,2,0.0,5.0,32,26
2023021188,2024-04-01,20232024,REG,SJS,SEA,1,13.0,REG,5.0,2,4,26.0,4.0,M. Blackwood,2,1.0,6.0,26,32
2023021189,2024-04-02,20232024,REG,WSH,BUF,0,18.0,REG,2.0,2,6,24.0,4.0,C. Lindgren,2,1.0,6.0,26,35
2023021189,2024-04-02,20232024,REG,BUF,WSH,1,17.0,REG,5.0,6,2,23.0,6.0,U. Luukkonen,2,2.0,6.0,35,26
2023021190,2024-04-02,20232024,REG,FLA,MTL,0,16.0,REG,6.0,3,5,17.0,40.0,A. Stolarz,2,0.0,3.0,40,38
2023021190,2024-04-02,20232024,REG,MTL,FLA,1,18.0,REG,5.0,5,3,20.0,26.0,S. Montembeault,2,1.0,1.0,38,40
2023021191,2024-04-02,20232024,REG,PIT,NJD,0,17.0,REG,4.0,6,3,16.0,8.0,A. Nedeljkovic,2,1.0,3.0,21,26
2023021191,2024-04-02,20232024,REG,NJD,PIT,1,18.0,REG,8.0,3,6,13.0,6.0,J. Allen,2,1.0,6.0,26,21
2023021192,2024-04-02,20232024,REG,CHI,NYI,0,14.0,REG,6.0,1,2,12.0,9.0,P. Mrazek,2,0.0,4.0,19,29
2023021192,2024-04-02,20232024,REG,NYI,CHI,1,12.0,REG,4.0,2,1,11.0,7.0,I. Sorokin,2,1.0,4.0,29,19
2023021193,2024-04-02,20232024,REG,OTT,MIN,0,7.0,REG,3.0,2,3,11.0,10.0,J. Korpisalo,2,2.0,3.0,32,19
2023021193,2024-04-02,20232024,REG,MIN,OTT,1,19.0,REG,8.0,3,2,10.0,8.0,M. Fleury,2,0.0,5.0,19,32
2023021194,2024-04-02,20232024,REG,BOS,NSH,0,20.0,REG,10.0,3,0,10.0,8.0,L. Ullmark,2,0.0,9.0,32,31
2023021194,2024-04-02,20232024,REG,NSH,BOS,1,9.0,REG,7.0,0,3,23.0,4.0,J. Saros,2,0.0,8.0,31,32
2023021195,2024-04-02,20232024,REG,ANA,CGY,0,13.0,REG,10.0,5,3,17.0,2.0,L. Dostal,2,1.0,9.0,29,24
2023021195,2024-04-02,20232024,REG,CGY,ANA,1,16.0,REG,15.0,3,5,28.0,2.0,J. Markstrom,2,1.0,10.0,24,29
2023021196,2024-04-02,20232024,REG,VAN,VGK,0,12.0,REG,3.0,3,6,26.0,21.0,C. DeSmith,2,1.0,9.0,30,30
2023021196,2024-04-02,20232024,REG,VGK,VAN,1,23.0,REG,5.0,6,3,22.0,8.0,L. Thompson,2,2.0,5.0,30,30
2023021197,2024-04-03,20232024,REG,TBL,TOR,0,18.0,REG,15.0,4,1,38.0,15.0,A. Vasilevskiy,2,0.0,2.0,25,29
2023021197,2024-04-03,20232024,REG,TOR,TBL,1,13.0,REG,10.0,1,4,35.0,13.0,J. Woll,2,1.0,5.0,29,25
2023021198,2024-04-03,20232024,REG,NJD,NYR,0,12.0,REG,3.0,3,4,15.0,86.0,K. Kahkonen,2,0.0,5.0,20,41
2023021198,2024-04-03,20232024,REG,NYR,NJD,1,13.0,REG,11.0,4,3,16.0,78.0,I. Shesterkin,2,1.0,6.0,41,20
2023021199,2024-04-03,20232024,REG,EDM,DAL,0,7.0,REG,7.0,0,5,29.0,16.0,C. Pickard,2,0.0,2.0,35,32
2023021199,2024-04-03,20232024,REG,DAL,EDM,1,22.0,REG,4.0,5,0,19.0,8.0,J. Oettinger,2,1.0,8.0,32,35
2023021200,2024-04-03,20232024,REG,VAN,ARI,0,17.0,REG,3.0,2,1,44.0,11.0,A. Silovs,2,1.0,8.0,33,21
2023021200,2024-04-03,20232024,REG,ARI,VAN,1,9.0,REG,10.0,1,2,33.0,11.0,C. Ingram,2,1.0,5.0,21,33
2023021201,2024-04-03,20232024,REG,SEA,LAK,0,14.0,REG,1.0,2,5,27.0,28.0,P. Grubauer,2,1.0,4.0,23,27
2023021201,2024-04-03,20232024,REG,LAK,SEA,1,17.0,REG,5.0,5,2,16.0,10.0,C. Talbot,2,1.0,2.0,27,23
2023021202,2024-04-04,20232024,REG,BOS,CAR,0,21.0,REG,9.0,4,1,16.0,9.0,J. Swayman,2,0.0,3.0,28,29
2023021202,2024-04-04,20232024,REG,CAR,BOS,1,11.0,REG,13.0,1,4,17.0,13.0,F. Andersen,2,1.0,3.0,29,28
2023021203,2024-04-04,20232024,REG,NYI,CBJ,0,16.0,REG,1.0,4,2,12.0,2.0,I. Sorokin,2,1.0,5.0,41,27
2023021203,2024-04-04,20232024,REG,CBJ,NYI,1,22.0,REG,4.0,2,4,22.0,6.0,D. Tarasov,2,1.0,4.0,27,41
2023021204,2024-04-04,20232024,REG,TBL,MTL,0,21.0,REG,9.0,7,4,21.0,14.0,M. Tomkins,2,2.0,4.0,35,30
2023021204,2024-04-04,20232024,REG,MTL,TBL,1,15.0,REG,12.0,4,7,23.0,16.0,C. Primeau,2,0.0,7.0,30,35
2023021205,2024-04-04,20232024,REG,FLA,OTT,0,14.0,REG,8.0,6,0,34.0,12.0,S. Bobrovsky,2,1.0,10.0,31,30
2023021205,2024-04-04,20232024,REG,OTT,FLA,1,16.0,REG,13.0,0,6,26.0,6.0,J. Korpisalo,2,0.0,7.0,30,31
2023021206,2024-04-04,20232024,REG,PIT,WSH,0,18.0,REG,8.0,4,1,38.0,8.0,A. Nedeljkovic,2,0.0,21.0,24,31
2023021206,2024-04-04,20232024,REG,WSH,PIT,1,8.0,REG,11.0,1,4,53.0,4.0,C. Lindgren,2,1.0,11.0,31,24
2023021207,2024-04-04,20232024,REG,COL,MIN,0,15.0,REG,7.0,5,2,18.0,8.0,J. Annunen,2,1.0,6.0,36,46
2023021207,2024-04-04,20232024,REG,MIN,COL,1,16.0,REG,9.0,2,5,11.0,4.0,F. Gustavsson,2,1.0,7.0,46,36
2023021208,2024-04-04,20232024,REG,STL,NSH,0,19.0,REG,5.0,3,6,28.0,10.0,J. Binnington,2,1.0,4.0,47,31
2023021208,2024-04-04,20232024,REG,NSH,STL,1,19.0,REG,10.0,6,3,19.0,16.0,J. Saros,2,2.0,6.0,31,47
2023021209,2024-04-04,20232024,REG,CGY,WPG,0,12.0,REG,6.0,2,5,38.0,21.0,D. Wolf,2,1.0,5.0,33,45
2023021209,2024-04-04,20232024,REG,WPG,CGY,1,14.0,REG,9.0,5,2,24.0,4.0,C. Hellebuyck,2,2.0,4.0,45,33
2023021210,2024-04-04,20232024,REG,LAK,SJS,0,9.0,REG,5.0,2,1,10.0,13.0,D. Rittich,2,0.0,7.0,27,16
2023021210,2024-04-04,20232024,REG,SJS,LAK,1,13.0,REG,9.0,1,2,22.0,15.0,M. Blackwood,2,0.0,11.0,16,27
2023021211,2024-04-05,20232024,REG,PHI,BUF,0,16.0,REG,6.0,2,4,45.0,2.0,I. Fedotov,2,0.0,9.0,34,19
2023021211,2024-04-05,20232024,REG,BUF,PHI,1,16.0,REG,2.0,4,2,36.0,6.0,U. Luukkonen,2,0.0,4.0,19,34
2023021212,2024-04-05,20232024,REG,WSH,CAR,0,19.0,REG,1.0,2,4,21.0,8.0,D. Kuemper,2,0.0,5.0,16,45
2023021212,2024-04-05,20232024,REG,CAR,WSH,1,7.0,REG,2.0,4,2,16.0,6.0,P. Kochetkov,2,2.0,9.0,45,16
2023021213,2024-04-05,20232024,REG,NYR,DET,0,13.0,REG,7.0,4,3,18.0,8.0,J. Quick,2,1.0,4.0,38,34
2023021213,2024-04-05,20232024,REG,DET,NYR,1,15.0,REG,8.0,3,4,23.0,8.0,A. Lyon,2,1.0,9.0,34,38
2023021214,2024-04-05,20232024,REG,COL,EDM,0,8.0,REG,9.0,2,6,34.0,6.0,A. Georgiev,2,0.0,7.0,24,47
2023021214,2024-04-05,20232024,REG,EDM,COL,1,11.0,REG,15.0,6,2,18.0,6.0,S. Skinner,2,0.0,13.0,47,24
2023021215,2024-04-05,20232024,REG,SEA,ANA,0,14.0,REG,11.0,3,1,32.0,4.0,P. Grubauer,2,1.0,5.0,27,17
2023021215,2024-04-05,20232024,REG,ANA,SEA,1,14.0,REG,10.0,1,3,43.0,12.0,L. Dostal,2,0.0,5.0,17,27
2023021216,2024-04-05,20232024,REG,VGK,ARI,0,20.0,REG,6.0,4,7,36.0,4.0,L. Thompson,2,0.0,6.0,24,32
2023021216,2024-04-05,20232024,REG,ARI,VGK,1,16.0,REG,9.0,7,4,42.0,8.0,K. Vejmelka,2,0.0,9.0,32,24
2023021217,2024-04-06,20232024,REG,TBL,PIT,0,21.0,REG,3.0,4,5,26.0,4.0,A. Vasilevskiy,2,2.0,5.0,34,28
2023021217,2024-04-06,20232024,REG,PIT,TBL,1,25.0,REG,4.0,5,4,24.0,8.0,A. Nedeljkovic,2,0.0,8.0,28,34
2023021218,2024-04-06,20232024,REG,FLA,BOS,0,12.0,OT,4.0,2,3,41.0,14.0,S. Bobrovsky,2,0.0,3.0,30,29
2023021218,2024-04-06,20232024,REG,BOS,FLA,1,22.0,OT,11.0,3,2,37.0,10.0,L. Ullmark,2,1.0,8.0,29,30
2023021219,2024-04-06,20232024,REG,WPG,MIN,0,15.0,REG,7.0,4,2,12.0,8.0,C. Hellebuyck,2,0.0,2.0,25,27
2023021219,2024-04-06,20232024,REG,MIN,WPG,1,13.0,REG,8.0,2,4,14.0,4.0,M. Fleury,2,1.0,3.0,27,25
2023021220,2024-04-06,20232024,REG,DAL,CHI,0,13.0,REG,5.0,2,3,11.0,4.0,S. Wedgewood,2,0.0,6.0,44,17
2023021220,2024-04-06,20232024,REG,CHI,DAL,1,27.0,REG,7.0,3,2,19.0,8.0,P. Mrazek,2,1.0,12.0,17,44
2023021221,2024-04-06,20232024,REG,STL,SJS,0,7.0,OT,7.0,2,3,15.0,28.0,J. Hofer,2,1.0,6.0,36,25
2023021221,2024-04-06,20232024,REG,SJS,STL,1,8.0,OT,8.0,3,2,10.0,42.0,D. Cooley,2,2.0,10.0,25,36
2023021222,2024-04-06,20232024,REG,PHI,CBJ,0,19.0,REG,7.0,2,6,13.0,4.0,S. Ersson,2,0.0,2.0,39,33
2023021222,2024-04-06,20232024,REG,CBJ,PHI,1,15.0,REG,7.0,6,2,10.0,4.0,J. Greaves,2,1.0,8.0,33,39
2023021223,2024-04-06,20232024,REG,TOR,MTL,0,21.0,REG,11.0,4,2,24.0,9.0,I. Samsonov,2,0.0,2.0,30,26
2023021223,2024-04-06,20232024,REG,MTL,TOR,1,15.0,REG,9.0,2,4,36.0,9.0,S. Montembeault,2,1.0,3.0,26,30
2023021224,2024-04-06,20232024,REG,NJD,OTT,0,21.0,REG,8.0,4,3,19.0,15.0,J. Allen,2,0.0,9.0,27,28
2023021224,2024-04-06,20232024,REG,OTT,NJD,1,22.0,REG,13.0,3,4,42.0,11.0,A. Forsberg,2,2.0,9.0,28,27
2023021225,2024-04-06,20232024,REG,NSH,NYI,0,8.0,REG,3.0,0,2,17.0,2.0,K. Lankinen,2,0.0,7.0,42,30
2023021225,2024-04-06,20232024,REG,NYI,NSH,1,33.0,REG,15.0,2,0,33.0,6.0,S. Varlamov,2,0.0,3.0,30,42
2023021226,2024-04-06,20232024,REG,EDM,CGY,0,17.0,REG,7.0,4,2,13.0,14.0,C. Pickard,2,2.0,12.0,27,35
2023021226,2024-04-06,20232024,REG,CGY,EDM,1,16.0,REG,9.0,2,4,17.0,14.0,J. Markstrom,2,2.0,12.0,35,27
2023021227,2024-04-06,20232024,REG,VAN,LAK,0,5.0,REG,3.0,3,6,33.0,18.0,C. DeSmith,2,0.0,3.0,42,29
2023021227,2024-04-06,20232024,REG,LAK,VAN,1,22.0,REG,2.0,6,3,17.0,6.0,C. Talbot,2,2.0,3.0,29,42
2023021228,2024-04-07,20232024,REG,BUF,DET,0,9.0,REG,2.0,1,3,29.0,18.0,U. Luukkonen,2,1.0,6.0,38,24
2023021228,2024-04-07,20232024,REG,DET,BUF,1,27.0,REG,6.0,3,1,28.0,18.0,A. Lyon,2,1.0,7.0,24,38
2023021229,2024-04-07,20232024,REG,MIN,CHI,0,14.0,REG,2.0,4,0,10.0,0.0,J. Wallstedt,2,1.0,6.0,37,24
2023021229,2024-04-07,20232024,REG,CHI,MIN,1,11.0,REG,9.0,0,4,14.0,4.0,A. Soderblom,2,0.0,5.0,24,37
2023021230,2024-04-07,20232024,REG,CBJ,CAR,0,16.0,REG,5.0,0,3,18.0,8.0,M. Subban,2,0.0,12.0,23,35
2023021230,2024-04-07,20232024,REG,CAR,CBJ,1,10.0,REG,8.0,3,0,5.0,2.0,F. Andersen,2,1.0,7.0,35,23
2023021231,2024-04-07,20232024,REG,ARI,SJS,0,12.0,REG,11.0,5,2,14.0,14.0,C. Ingram,2,1.0,5.0,28,27
2023021231,2024-04-07,20232024,REG,SJS,ARI,1,13.0,REG,8.0,2,5,12.0,18.0,M. Blackwood,2,1.0,9.0,27,28
2023021232,2024-04-07,20232024,REG,OTT,WSH,0,12.0,OT,3.0,3,2,39.0,8.0,J. Korpisalo,2,0.0,9.0,21,22
2023021232,2024-04-07,20232024,REG,WSH,OTT,1,21.0,OT,6.0,2,3,23.0,6.0,C. Lindgren,2,0.0,15.0,22,21
2023021233,2024-04-07,20232024,REG,NSH,NJD,0,9.0,SO,5.0,3,2,17.0,4.0,J. Saros,2,1.0,17.0,35,25
2023021233,2024-04-07,20232024,REG,NJD,NSH,1,16.0,SO,12.0,2,3,13.0,8.0,K. Kahkonen,2,0.0,17.0,25,35
2023021234,2024-04-07,20232024,REG,MTL,NYR,0,16.0,REG,8.0,2,5,23.0,6.0,C. Primeau,2,0.0,2.0,28,46
2023021234,2024-04-07,20232024,REG,NYR,MTL,1,8.0,REG,5.0,5,2,23.0,2.0,I. Shesterkin,2,2.0,7.0,46,28
2023021235,2024-04-07,20232024,REG,STL,ANA,0,13.0,SO,5.0,6,5,16.0,4.0,J. Binnington,2,2.0,4.0,31,38
2023021235,2024-04-07,20232024,REG,ANA,STL,1,12.0,SO,6.0,5,6,21.0,8.0,L. Dostal,2,1.0,2.0,38,31
2023021236,2024-04-07,20232024,REG,DAL,COL,0,27.0,REG,3.0,7,4,14.0,4.0,J. Oettinger,2,3.0,8.0,37,38
2023021236,2024-04-07,20232024,REG,COL,DAL,1,17.0,REG,8.0,4,7,37.0,6.0,A. Georgiev,2,1.0,18.0,38,37
2023021237,2024-04-08,20232024,REG,PIT,TOR,0,20.0,OT,8.0,2,3,31.0,4.0,A. Nedeljkovic,2,0.0,6.0,33,23
2023021237,2024-04-08,20232024,REG,TOR,PIT,1,13.0,OT,11.0,3,2,30.0,10.0,I. Samsonov,2,1.0,9.0,23,33
2023021238,2024-04-08,20232024,REG,VGK,VAN,0,14.0,REG,2.0,3,4,24.0,6.0,L. Thompson,2,2.0,5.0,23,30
2023021238,2024-04-08,20232024,REG,VAN,VGK,1,17.0,REG,4.0,4,3,35.0,8.0,A. Silovs,2,2.0,9.0,30,23
2023021239,2024-04-09,20232024,REG,CAR,BOS,0,10.0,REG,5.0,4,1,33.0,8.0,P. Kochetkov,2,0.0,4.0,26,23
2023021239,2024-04-09,20232024,REG,BOS,CAR,1,10.0,REG,17.0,1,4,40.0,6.0,J. Swayman,2,0.0,6.0,23,26
2023021240,2024-04-09,20232024,REG,WSH,DET,0,26.0,REG,5.0,2,1,23.0,2.0,C. Lindgren,2,0.0,4.0,23,43
2023021240,2024-04-09,20232024,REG,DET,WSH,1,18.0,REG,7.0,1,2,22.0,2.0,A. Lyon,2,0.0,4.0,43,23
2023021241,2024-04-09,20232024,REG,OTT,FLA,0,23.0,REG,7.0,0,2,44.0,20.0,J. Korpisalo,2,0.0,9.0,26,30
2023021241,2024-04-09,20232024,REG,FLA,OTT,1,12.0,REG,7.0,2,0,31.0,16.0,A. Stolarz,2,1.0,13.0,30,26
2023021242,2024-04-09,20232024,REG,PHI,MTL,0,25.0,REG,11.0,3,9,24.0,2.0,S. Ersson,2,0.0,3.0,36,30
2023021242,2024-04-09,20232024,REG,MTL,PHI,1,17.0,REG,9.0,9,3,16.0,4.0,S. Montembeault,2,0.0,9.0,30,36
2023021243,2024-04-09,20232024,REG,TOR,NJD,0,11.0,REG,4.0,5,2,12.0,4.0,J. Woll,2,0.0,8.0,39,20
2023021243,2024-04-09,20232024,REG,NJD,TOR,1,19.0,REG,7.0,2,5,6.0,6.0,J. Allen,2,1.0,9.0,20,39
2023021244,2024-04-09,20232024,REG,NYR,NYI,0,7.0,REG,5.0,2,4,22.0,14.0,I. Shesterkin,2,2.0,6.0,33,28
2023021244,2024-04-09,20232024,REG,NYI,NYR,1,34.0,REG,6.0,4,2,18.0,6.0,S. Varlamov,2,0.0,2.0,28,33
2023021245,2024-04-09,20232024,REG,CBJ,TBL,0,14.0,REG,3.0,2,5,29.0,4.0,J. Greaves,2,1.0,7.0,32,33
2023021245,2024-04-09,20232024,REG,TBL,CBJ,1,15.0,REG,6.0,5,2,39.0,2.0,A. Vasilevskiy,2,1.0,4.0,33,32
2023021246,2024-04-09,20232024,REG,BUF,DAL,0,8.0,REG,7.0,2,3,24.0,4.0,U. Luukkonen,2,0.0,4.0,21,24
2023021246,2024-04-09,20232024,REG,DAL,BUF,1,20.0,REG,5.0,3,2,23.0,16.0,J. Oettinger,2,0.0,8.0,24,21
2023021247,2024-04-09,20232024,REG,WPG,NSH,0,17.0,OT,8.0,4,3,17.0,13.0,C. Hellebuyck,2,1.0,6.0,22,48
2023021247,2024-04-09,20232024,REG,NSH,WPG,1,13.0,OT,6.0,3,4,28.0,11.0,J. Saros,2,0.0,12.0,48,22
2023021248,2024-04-09,20232024,REG,MIN,COL,0,11.0,REG,2.0,2,5,8.0,8.0,F. Gustavsson,2,2.0,8.0,22,32
2023021248,2024-04-09,20232024,REG,COL,MIN,1,15.0,REG,0.0,5,2,14.0,10.0,A. Georgiev,2,1.0,12.0,32,22
2023021249,2024-04-09,20232024,REG,LAK,ANA,0,12.0,REG,6.0,1,3,21.0,6.0,C. Talbot,2,0.0,3.0,37,27
2023021249,2024-04-09,20232024,REG,ANA,LAK,1,14.0,REG,8.0,3,1,30.0,2.0,L. Dostal,2,0.0,5.0,27,37
2023021250,2024-04-09,20232024,REG,ARI,SEA,0,17.0,REG,2.0,0,5,30.0,8.0,K. Vejmelka,2,0.0,18.0,39,25
2023021250,2024-04-09,20232024,REG,SEA,ARI,1,18.0,REG,7.0,5,0,26.0,4.0,P. Grubauer,2,1.0,15.0,25,39
2023021251,2024-04-09,20232024,REG,CGY,SJS,0,9.0,OT,10.0,3,2,20.0,8.0,D. Wolf,2,2.0,9.0,41,22
2023021251,2024-04-09,20232024,REG,SJS,CGY,1,26.0,OT,4.0,2,3,21.0,6.0,M. Blackwood,2,0.0,14.0,22,41
2023021252,2024-04-10,20232024,REG,CHI,STL,0,16.0,REG,1.0,2,5,28.0,10.0,P. Mrazek,2,0.0,12.0,20,26
2023021252,2024-04-10,20232024,REG,STL,CHI,1,10.0,REG,10.0,5,2,18.0,8.0,J. Hofer,2,0.0,13.0,26,20
2023021253,2024-04-10,20232024,REG,VGK,EDM,0,13.0,REG,13.0,1,5,35.0,6.0,A. Hill,2,0.0,8.0,18,25
2023021253,2024-04-10,20232024,REG,EDM,VGK,1,18.0,REG,8.0,5,1,24.0,0.0,S. Skinner,2,1.0,10.0,25,18
2023021254,2024-04-10,20232024,REG,ARI,VAN,0,20.0,OT,3.0,4,3,19.0,8.0,C. Ingram,2,0.0,4.0,18,26
2023021254,2024-04-10,20232024,REG,VAN,ARI,1,7.0,OT,3.0,3,4,31.0,10.0,A. Silovs,2,1.0,10.0,26,18
2023021255,2024-04-11,20232024,REG,WSH,BUF,0,16.0,REG,2.0,2,4,37.0,12.0,C. Lindgren,2,0.0,2.0,24,17
2023021255,2024-04-11,20232024,REG,BUF,WSH,1,13.0,REG,3.0,4,2,25.0,12.0,U. Luukkonen,2,0.0,8.0,17,24
2023021256,2024-04-11,20232024,REG,CBJ,FLA,0,18.0,REG,19.0,0,4,39.0,4.0,J. Greaves,2,0.0,10.0,25,46
2023021256,2024-04-11,20232024,REG,FLA,CBJ,1,8.0,REG,18.0,4,0,16.0,2.0,S. Bobrovsky,2,0.0,9.0,46,25
2023021257,2024-04-11,20232024,REG,PHI,NYR,0,19.0,REG,0.0,4,1,18.0,10.0,S. Ersson,2,0.0,6.0,26,25
2023021257,2024-04-11,20232024,REG,NYR,PHI,1,8.0,REG,5.0,1,4,17.0,10.0,J. Quick,2,1.0,5.0,25,26
2023021258,2024-04-11,20232024,REG,DET,PIT,0,19.0,OT,3.0,5,6,22.0,6.0,A. Lyon,2,0.0,8.0,30,27
2023021258,2024-04-11,20232024,REG,PIT,DET,1,13.0,OT,5.0,6,5,16.0,8.0,A. Nedeljkovic,2,0.0,17.0,27,30
2023021259,2024-04-11,20232024,REG,OTT,TBL,0,13.0,SO,2.0,3,2,40.0,12.0,A. Forsberg,2,0.0,5.0,27,26
2023021259,2024-04-11,20232024,REG,TBL,OTT,1,20.0,SO,5.0,2,3,27.0,20.0,M. Tomkins,2,0.0,15.0,26,27
2023021260,2024-04-11,20232024,REG,NJD,TOR,0,18.0,REG,13.0,6,5,36.0,11.0,J. Allen,2,3.0,6.0,20,32
2023021260,2024-04-11,20232024,REG,TOR,NJD,1,17.0,REG,11.0,5,6,34.0,23.0,I. Samsonov,2,0.0,8.0,32,20
2023021261,2024-04-11,20232024,REG,MTL,NYI,0,21.0,OT,5.0,2,3,23.0,13.0,S. Montembeault,2,0.0,5.0,14,31
2023021261,2024-04-11,20232024,REG,NYI,MTL,1,10.0,OT,12.0,3,2,25.0,5.0,S. Varlamov,2,0.0,9.0,31,14
2023021262,2024-04-11,20232024,REG,WPG,DAL,0,18.0,REG,6.0,3,0,32.0,4.0,L. Brossoit,2,0.0,7.0,24,24
2023021262,2024-04-11,20232024,REG,DAL,WPG,1,6.0,REG,11.0,0,3,31.0,2.0,J. Oettinger,2,0.0,3.0,24,24
2023021263,2024-04-11,20232024,REG,SJS,SEA,0,28.0,REG,0.0,3,1,37.0,6.0,D. Cooley,2,0.0,9.0,23,50
2023021263,2024-04-11,20232024,REG,SEA,SJS,1,6.0,REG,1.0,1,3,20.0,4.0,J. Daccord,2,0.0,10.0,50,23
2023021264,2024-04-11,20232024,REG,CGY,LAK,0,14.0,REG,2.0,1,4,15.0,10.0,J. Markstrom,2,0.0,2.0,23,30
2023021264,2024-04-11,20232024,REG,LAK,CGY,1,15.0,REG,7.0,4,1,12.0,6.0,C. Talbot,2,1.0,4.0,30,23
2023021265,2024-04-12,20232024,REG,CAR,STL,0,14.0,REG,3.0,5,2,9.0,6.0,F. Andersen,2,0.0,10.0,42,31
2023021265,2024-04-12,20232024,REG,STL,CAR,1,18.0,REG,4.0,2,5,19.0,6.0,J. Binnington,2,1.0,13.0,31,42
2023021266,2024-04-12,20232024,REG,NSH,CHI,0,12.0,REG,7.0,5,1,12.0,10.0,K. Lankinen,2,3.0,6.0,40,26
2023021266,2024-04-12,20232024,REG,CHI,NSH,1,12.0,REG,16.0,1,5,22.0,8.0,A. Soderblom,2,1.0,2.0,26,40
2023021267,2024-04-12,20232024,REG,ARI,EDM,0,18.0,OT,3.0,3,2,19.0,2.0,K. Vejmelka,2,0.0,7.0,28,41
2023021267,2024-04-12,20232024,REG,EDM,ARI,1,12.0,OT,8.0,2,3,37.0,4.0,C. Pickard,2,0.0,9.0,41,28
2023021268,2024-04-12,20232024,REG,CGY,ANA,0,13.0,REG,8.0,6,3,23.0,6.0,D. Wolf,2,2.0,6.0,27,22
2023021268,2024-04-12,20232024,REG,ANA,CGY,1,24.0,REG,12.0,3,6,21.0,10.0,J. Gibson,2,0.0,5.0,22,27
2023021269,2024-04-12,20232024,REG,MIN,VGK,0,14.0,REG,1.0,2,7,21.0,8.0,M. Fleury,2,1.0,5.0,27,30
2023021269,2024-04-12,20232024,REG,VGK,MIN,1,18.0,REG,3.0,7,2,14.0,4.0,L. Thompson,2,2.0,6.0,30,27
2023021270,2024-04-13,20232024,REG,NYI,NYR,0,25.0,SO,8.0,2,3,25.0,2.0,I. Sorokin,2,0.0,2.0,36,43
2023021270,2024-04-13,20232024,REG,NYR,NYI,1,14.0,SO,8.0,3,2,24.0,10.0,I. Shesterkin,2,0.0,9.0,43,36
2023021271,2024-04-13,20232024,REG,SEA,DAL,0,14.0,REG,7.0,1,3,25.0,6.0,P. Grubauer,2,0.0,5.0,27,30
2023021271,2024-04-13,20232024,REG,DAL,SEA,1,14.0,REG,6.0,3,1,16.0,6.0,J. Oettinger,2,1.0,10.0,30,27
2023021272,2024-04-13,20232024,REG,WPG,COL,0,17.0,REG,1.0,7,0,15.0,2.0,C. Hellebuyck,2,2.0,11.0,26,30
2023021272,2024-04-13,20232024,REG,COL,WPG,1,14.0,REG,6.0,0,7,28.0,6.0,A. Georgiev,2,0.0,11.0,30,26
2023021273,2024-04-13,20232024,REG,BUF,FLA,0,25.0,OT,13.0,2,3,17.0,19.0,U. Luukkonen,2,1.0,10.0,29,42
2023021273,2024-04-13,20232024,REG,FLA,BUF,1,6.0,OT,12.0,3,2,26.0,4.0,S. Bobrovsky,2,0.0,9.0,42,29
2023021274,2024-04-13,20232024,REG,NJD,PHI,0,9.0,REG,5.0,0,1,23.0,6.0,K. Kahkonen,2,0.0,2.0,20,21
2023021274,2024-04-13,20232024,REG,PHI,NJD,1,22.0,REG,7.0,1,0,30.0,2.0,S. Ersson,2,0.0,10.0,21,20
2023021275,2024-04-13,20232024,REG,TBL,WSH,0,15.0,REG,2.0,2,4,25.0,11.0,A. Vasilevskiy,2,0.0,11.0,34,34
2023021275,2024-04-13,20232024,REG,WSH,TBL,1,14.0,REG,7.0,4,2,57.0,7.0,C. Lindgren,2,1.0,13.0,34,34
2023021276,2024-04-13,20232024,REG,MTL,OTT,0,16.0,SO,16.0,4,5,25.0,10.0,C. Primeau,2,1.0,7.0,25,44
2023021276,2024-04-13,20232024,REG,OTT,MTL,1,19.0,SO,16.0,5,4,35.0,4.0,J. Korpisalo,2,3.0,12.0,44,25
2023021277,2024-04-13,20232024,REG,DET,TOR,0,20.0,OT,9.0,5,4,41.0,8.0,J. Reimer,2,2.0,4.0,32,36
2023021277,2024-04-13,20232024,REG,TOR,DET,1,11.0,OT,5.0,4,5,35.0,6.0,I. Samsonov,2,2.0,12.0,36,32
2023021278,2024-04-13,20232024,REG,CBJ,NSH,0,4.0,REG,9.0,4,6,23.0,11.0,J. Greaves,2,0.0,10.0,37,37
2023021278,2024-04-13,20232024,REG,NSH,CBJ,1,19.0,REG,19.0,6,4,16.0,7.0,J. Saros,2,2.0,16.0,37,37
2023021279,2024-04-13,20232024,REG,BOS,PIT,0,21.0,REG,8.0,6,4,29.0,4.0,L. Ullmark,2,0.0,11.0,31,32
2023021279,2024-04-13,20232024,REG,PIT,BOS,1,15.0,REG,4.0,4,6,17.0,6.0,A. Nedeljkovic,2,1.0,15.0,32,31
2023021280,2024-04-13,20232024,REG,VAN,EDM,0,21.0,REG,6.0,3,1,47.0,4.0,C. DeSmith,2,0.0,4.0,27,33
2023021280,2024-04-13,20232024,REG,EDM,VAN,1,8.0,REG,5.0,1,3,36.0,2.0,S. Skinner,2,0.0,6.0,33,27
2023021281,2024-04-13,20232024,REG,ANA,LAK,0,12.0,REG,4.0,1,3,20.0,10.0,L. Dostal,2,0.0,0.0,29,28
2023021281,2024-04-13,20232024,REG,LAK,ANA,1,2.0,REG,2.0,3,1,18.0,6.0,D. Rittich,2,1.0,4.0,28,29
2023021282,2024-04-13,20232024,REG,MIN,SJS,0,19.0,REG,12.0,6,2,5.0,6.0,J. Wallstedt,2,1.0,8.0,38,29
2023021282,2024-04-13,20232024,REG,SJS,MIN,1,10.0,REG,5.0,2,6,19.0,4.0,M. Blackwood,2,0.0,9.0,29,38
2023021283,2024-04-14,20232024,REG,SEA,STL,0,16.0,REG,5.0,1,4,11.0,2.0,J. Daccord,2,0.0,15.0,20,28
2023021283,2024-04-14,20232024,REG,STL,SEA,1,18.0,REG,11.0,4,1,20.0,6.0,J. Hofer,2,0.0,11.0,28,20
2023021284,2024-04-14,20232024,REG,COL,VGK,0,17.0,OT,5.0,3,4,23.0,8.0,A. Georgiev,2,0.0,14.0,24,30
2023021284,2024-04-14,20232024,REG,VGK,COL,1,10.0,OT,11.0,4,3,29.0,4.0,A. Hill,2,2.0,10.0,30,24
2023021285,2024-04-14,20232024,REG,CAR,CHI,0,7.0,REG,2.0,4,2,9.0,4.0,P. Kochetkov,2,2.0,4.0,34,16
2023021285,2024-04-14,20232024,REG,CHI,CAR,1,19.0,REG,16.0,2,4,17.0,4.0,P. Mrazek,2,0.0,6.0,16,34
2023021286,2024-04-14,20232024,REG,ARI,CGY,0,11.0,REG,6.0,5,6,12.0,11.0,C. Ingram,2,1.0,11.0,35,31
2023021286,2024-04-14,20232024,REG,CGY,ARI,1,17.0,REG,16.0,6,5,27.0,11.0,D. Wolf,2,1.0,3.0,31,35
2023021287,2024-04-15,20232024,REG,MTL,DET,0,33.0,OT,3.0,4,5,32.0,2.0,S. Montembeault,2,0.0,4.0,21,35
2023021287,2024-04-15,20232024,REG,DET,MTL,1,11.0,OT,6.0,5,4,28.0,0.0,A. Lyon,2,0.0,5.0,35,21
2023021288,2024-04-15,20232024,REG,NYI,NJD,0,21.0,REG,2.0,4,1,21.0,6.0,S. Varlamov,2,1.0,8.0,19,24
2023021288,2024-04-15,20232024,REG,NJD,NYI,1,10.0,REG,4.0,1,4,11.0,2.0,J. Allen,2,0.0,6.0,24,19
2023021289,2024-04-15,20232024,REG,NSH,PIT,0,20.0,REG,4.0,2,4,26.0,20.0,J. Saros,2,0.0,4.0,30,38
2023021289,2024-04-15,20232024,REG,PIT,NSH,1,18.0,REG,5.0,4,2,11.0,4.0,A. Nedeljkovic,2,1.0,7.0,38,30
2023021290,2024-04-15,20232024,REG,BUF,TBL,0,12.0,REG,1.0,4,2,13.0,4.0,E. Comrie,2,0.0,7.0,34,33
2023021290,2024-04-15,20232024,REG,TBL,BUF,1,11.0,REG,9.0,2,4,18.0,4.0,A. Vasilevskiy,2,0.0,13.0,33,34
2023021291,2024-04-15,20232024,REG,BOS,WSH,0,11.0,REG,6.0,0,2,50.0,2.0,J. Swayman,2,0.0,14.0,16,25
2023021291,2024-04-15,20232024,REG,WSH,BOS,1,14.0,REG,5.0,2,0,41.0,0.0,C. Lindgren,2,0.0,19.0,25,16
2023021292,2024-04-15,20232024,REG,OTT,NYR,0,15.0,REG,2.0,0,4,21.0,6.0,J. Korpisalo,2,0.0,6.0,25,34
2023021292,2024-04-15,20232024,REG,NYR,OTT,1,18.0,REG,13.0,4,0,15.0,4.0,I. Shesterkin,2,0.0,9.0,34,25
2023021293,2024-04-15,20232024,REG,SJS,EDM,0,18.0,REG,12.0,2,9,40.0,0.0,D. Cooley,2,0.0,6.0,21,38
2023021293,2024-04-15,20232024,REG,EDM,SJS,1,8.0,REG,22.0,9,2,20.0,2.0,S. Skinner,2,0.0,8.0,38,21
2023021294,2024-04-15,20232024,REG,MIN,LAK,0,16.0,REG,1.0,3,1,11.0,8.0,F. Gustavsson,2,1.0,4.0,28,24
2023021294,2024-04-15,20232024,REG,LAK,MIN,1,14.0,REG,7.0,1,3,18.0,6.0,C. Talbot,2,0.0,3.0,24,28
2023021295,2024-04-16,20232024,REG,OTT,BOS,0,17.0,REG,14.0,3,1,31.0,4.0,A. Forsberg,2,0.0,10.0,20,35
2023021295,2024-04-16,20232024,REG,BOS,OTT,1,8.0,REG,11.0,1,3,33.0,6.0,L. Ullmark,2,1.0,6.0,35,20
2023021296,2024-04-16,20232024,REG,CAR,CBJ,0,10.0,REG,4.0,3,6,10.0,4.0,S. Martin,2,1.0,3.0,41,25
2023021296,2024-04-16,20232024,REG,CBJ,CAR,1,15.0,REG,4.0,6,3,11.0,8.0,J. Greaves,2,0.0,7.0,25,41
2023021297,2024-04-16,20232024,REG,TOR,FLA,0,17.0,REG,11.0,2,5,38.0,16.0,J. Woll,2,1.0,6.0,26,42
2023021297,2024-04-16,20232024,REG,FLA,TOR,1,13.0,REG,12.0,5,2,43.0,14.0,A. Stolarz,2,0.0,6.0,42,26
2023021298,2024-04-16,20232024,REG,DET,MTL,0,11.0,SO,14.0,5,4,21.0,6.0,J. Reimer,2,0.0,5.0,40,33
2023021298,2024-04-16,20232024,REG,MTL,DET,1,15.0,SO,16.0,4,5,16.0,0.0,C. Primeau,2,0.0,11.0,33,40
2023021299,2024-04-16,20232024,REG,WSH,PHI,0,32.0,REG,8.0,2,1,27.0,2.0,C. Lindgren,2,0.0,5.0,18,28
2023021299,2024-04-16,20232024,REG,PHI,WSH,1,26.0,REG,5.0,1,2,40.0,0.0,S. Ersson,2,0.0,9.0,28,18
2023021300,2024-04-16,20232024,REG,SEA,WPG,0,7.0,REG,6.0,3,4,34.0,8.0,P. Grubauer,2,0.0,2.0,23,24
2023021300,2024-04-16,20232024,REG,WPG,SEA,1,13.0,REG,6.0,4,3,24.0,2.0,C. Hellebuyck,2,1.0,5.0,24,23
2023021301,2024-04-16,20232024,REG,CHI,VGK,0,18.0,REG,11.0,1,3,25.0,2.0,P. Mrazek,2,0.0,13.0,23,37
2023021301,2024-04-16,20232024,REG,VGK,CHI,1,12.0,REG,9.0,3,1,20.0,2.0,L. Thompson,2,0.0,17.0,37,23
2023021302,2024-04-16,20232024,REG,CGY,VAN,0,10.0,REG,2.0,1,4,20.0,20.0,J. Markstrom,2,0.0,2.0,40,31
2023021302,2024-04-16,20232024,REG,VAN,CGY,1,16.0,REG,3.0,4,1,29.0,20.0,T. Demko,2,0.0,3.0,31,40
2023021303,2024-04-17,20232024,REG,PIT,NYI,0,12.0,REG,14.0,4,5,13.0,4.0,A. Nedeljkovic,2,2.0,5.0,44,32
2023021303,2024-04-17,20232024,REG,NYI,PIT,1,26.0,REG,10.0,5,4,8.0,4.0,I. Sorokin,2,2.0,11.0,32,44
2023021304,2024-04-17,20232024,REG,TOR,TBL,0,16.0,REG,4.0,4,6,33.0,10.0,M. Jones,2,0.0,6.0,38,32
2023021304,2024-04-17,20232024,REG,TBL,TOR,1,17.0,REG,3.0,6,4,39.0,8.0,M. Tomkins,2,1.0,6.0,32,38
2023021305,2024-04-17,20232024,REG,STL,DAL,0,15.0,SO,9.0,1,2,28.0,6.0,J. Binnington,2,0.0,7.0,26,37
2023021305,2024-04-17,20232024,REG,DAL,STL,1,10.0,SO,10.0,2,1,11.0,2.0,J. Oettinger,2,0.0,8.0,37,26
2023021306,2024-04-17,20232024,REG,EDM,ARI,0,8.0,REG,7.0,2,5,17.0,4.0,C. Pickard,2,0.0,10.0,30,24
2023021306,2024-04-17,20232024,REG,ARI,EDM,1,16.0,REG,5.0,5,2,20.0,4.0,C. Ingram,2,1.0,5.0,24,30
2023021307,2024-04-18,20232024,REG,SEA,MIN,0,15.0,REG,3.0,4,3,11.0,8.0,J. Daccord,2,1.0,5.0,27,24
2023021307,2024-04-18,20232024,REG,MIN,SEA,1,16.0,REG,6.0,3,4,10.0,6.0,M. Fleury,2,2.0,6.0,24,27
2023021308,2024-04-18,20232024,REG,VAN,WPG,0,11.0,REG,4.0,2,4,31.0,6.0,T. Demko,2,1.0,5.0,20,26
2023021308,2024-04-18,20232024,REG,WPG,VAN,1,19.0,REG,6.0,4,2,23.0,6.0,L. Brossoit,2,0.0,7.0,26,20
2023021309,2024-04-18,20232024,REG,SJS,CGY,0,16.0,REG,3.0,1,5,12.0,9.0,D. Cooley,2,1.0,15.0,17,37
2023021309,2024-04-18,20232024,REG,CGY,SJS,1,14.0,REG,11.0,5,1,18.0,11.0,D. Wolf,2,0.0,13.0,37,17
2023021310,2024-04-18,20232024,REG,EDM,COL,0,16.0,REG,3.0,1,5,20.0,6.0,S. Skinner,2,1.0,10.0,26,27
2023021310,2024-04-18,20232024,REG,COL,EDM,1,12.0,REG,7.0,5,1,10.0,4.0,J. Annunen,2,1.0,9.0,27,26
2023021311,2024-04-18,20232024,REG,ANA,VGK,0,20.0,REG,5.0,4,1,18.0,6.0,L. Dostal,2,1.0,13.0,23,33
2023021311,2024-04-18,20232024,REG,VGK,ANA,1,15.0,REG,8.0,1,4,22.0,2.0,A. Hill,2,1.0,10.0,33,23
2023021312,2024-04-18,20232024,REG,CHI,LAK,0,13.0,OT,6.0,4,5,22.0,8.0,A. Soderblom,2,1.0,10.0,13,35
2023021312,2024-04-18,20232024,REG,LAK,CHI,1,7.0,OT,8.0,5,4,14.0,0.0,C. Talbot,2,2.0,4.0,35,13
2023030121,2024-04-20,20232024,POST,TOR,BOS,0,14.0,REG,12.0,1,5,52.0,12.0,I. Samsonov,2,0.0,6.0,36,25
2023030121,2024-04-20,20232024,POST,BOS,TOR,1,13.0,REG,9.0,5,1,51.0,8.0,J. Swayman,2,2.0,9.0,25,36
2023030141,2024-04-20,20232024,POST,NYI,CAR,0,21.0,REG,5.0,1,3,19.0,6.0,S. Varlamov,2,0.0,7.0,34,26
2023030141,2024-04-20,20232024,POST,CAR,NYI,1,13.0,REG,8.0,3,1,27.0,4.0,F. Andersen,2,1.0,10.0,26,34
2023030111,2024-04-21,20232024,POST,TBL,FLA,0,21.0,REG,7.0,2,3,60.0,6.0,A. Vasilevskiy,2,1.0,2.0,19,28
2023030111,2024-04-21,20232024,POST,FLA,TBL,1,12.0,REG,15.0,3,2,56.0,4.0,S. Bobrovsky,2,1.0,16.0,28,19
2023030131,2024-04-21,20232024,POST,WSH,NYR,0,17.0,REG,2.0,1,4,21.0,26.0,C. Lindgren,2,0.0,3.0,21,31
2023030131,2024-04-21,20232024,POST,NYR,WSH,1,21.0,REG,4.0,4,1,33.0,20.0,I. Shesterkin,2,0.0,5.0,31,21
2023030161,2024-04-21,20232024,POST,COL,WPG,0,10.0,REG,4.0,6,7,55.0,6.0,A. Georgiev,2,2.0,5.0,46,23
2023030161,2024-04-21,20232024,POST,WPG,COL,1,25.0,REG,4.0,7,6,46.0,6.0,C. Hellebuyck,2,1.0,3.0,23,46
2023030171,2024-04-21,20232024,POST,NSH,VAN,0,14.0,REG,5.0,2,4,34.0,4.0,J. Saros,2,1.0,5.0,24,21
2023030171,2024-04-21,20232024,POST,VAN,NSH,1,11.0,REG,3.0,4,2,41.0,8.0,T. Demko,2,0.0,3.0,21,24
2023030122,2024-04-22,20232024,POST,TOR,BOS,0,11.0,REG,10.0,3,2,45.0,10.0,I. Samsonov,2,1.0,9.0,34,29
2023030122,2024-04-22,20232024,POST,BOS,TOR,1,18.0,REG,6.0,2,3,52.0,6.0,L. Ullmark,2,1.0,7.0,29,34
2023030142,2024-04-22,20232024,POST,NYI,CAR,0,36.0,REG,2.0,3,5,33.0,81.0,S. Varlamov,2,1.0,5.0,12,39
2023030142,2024-04-22,20232024,POST,CAR,NYI,1,8.0,REG,10.0,5,3,27.0,43.0,F. Andersen,2,1.0,6.0,39,12
2023030151,2024-04-22,20232024,POST,VGK,DAL,0,20.0,REG,2.0,4,3,55.0,4.0,L. Thompson,2,2.0,10.0,15,29
2023030151,2024-04-22,20232024,POST,DAL,VGK,1,15.0,REG,9.0,3,4,31.0,4.0,J. Oettinger,2,0.0,14.0,29,15
2023030181,2024-04-22,20232024,POST,LAK,EDM,0,16.0,REG,4.0,4,7,65.0,8.0,C. Talbot,2,0.0,7.0,37,45
2023030181,2024-04-22,20232024,POST,EDM,LAK,1,23.0,REG,4.0,7,4,45.0,4.0,S. Skinner,2,3.0,12.0,45,37
2023030112,2024-04-23,20232024,POST,TBL,FLA,0,16.0,OT,14.0,2,3,44.0,6.0,A. Vasilevskiy,2,1.0,2.0,23,37
2023030112,2024-04-23,20232024,POST,FLA,TBL,1,15.0,OT,12.0,3,2,51.0,12.0,S. Bobrovsky,2,1.0,9.0,37,23
2023030132,2024-04-23,20232024,POST,WSH,NYR,0,19.0,REG,3.0,3,4,29.0,12.0,C. Lindgren,2,2.0,4.0,25,28
2023030132,2024-04-23,20232024,POST,NYR,WSH,1,20.0,REG,6.0,4,3,34.0,8.0,I. Shesterkin,2,2.0,6.0,28,25
2023030162,2024-04-23,20232024,POST,COL,WPG,0,16.0,REG,7.0,5,2,45.0,10.0,A. Georgiev,2,0.0,4.0,32,30
2023030162,2024-04-23,20232024,POST,WPG,COL,1,20.0,REG,2.0,2,5,44.0,10.0,C. Hellebuyck,2,0.0,2.0,30,32
2023030172,2024-04-23,20232024,POST,NSH,VAN,0,30.0,REG,3.0,4,1,31.0,6.0,J. Saros,2,0.0,5.0,16,18
2023030172,2024-04-23,20232024,POST,VAN,NSH,1,8.0,REG,6.0,1,4,47.0,8.0,C. DeSmith,2,0.0,3.0,18,16
2023030123,2024-04-24,20232024,POST,BOS,TOR,0,24.0,REG,14.0,4,2,63.0,10.0,J. Swayman,2,2.0,4.0,34,30
2023030123,2024-04-24,20232024,POST,TOR,BOS,1,18.0,REG,13.0,2,4,74.0,6.0,I. Samsonov,2,0.0,8.0,30,34
2023030152,2024-04-24,20232024,POST,VGK,DAL,0,15.0,REG,6.0,3,1,55.0,6.0,L. Thompson,2,0.0,2.0,26,21
2023030152,2024-04-24,20232024,POST,DAL,VGK,1,18.0,REG,9.0,1,3,54.0,6.0,J. Oettinger,2,1.0,4.0,21,26
2023030182,2024-04-24,20232024,POST,LAK,EDM,0,20.0,OT,13.0,5,4,55.0,6.0,C. Talbot,2,0.0,11.0,26,31
2023030182,2024-04-24,20232024,POST,EDM,LAK,1,23.0,OT,7.0,4,5,58.0,6.0,S. Skinner,2,1.0,13.0,31,26
2023030113,2024-04-25,20232024,POST,FLA,TBL,0,17.0,REG,4.0,5,3,54.0,10.0,S. Bobrovsky,2,0.0,8.0,31,29
2023030113,2024-04-25,20232024,POST,TBL,FLA,1,15.0,REG,13.0,3,5,69.0,2.0,A. Vasilevskiy,2,0.0,7.0,29,31
2023030143,2024-04-25,20232024,POST,CAR,NYI,0,15.0,REG,8.0,3,2,22.0,4.0,F. Andersen,2,0.0,5.0,22,31
2023030143,2024-04-25,20232024,POST,NYI,CAR,1,21.0,REG,16.0,2,3,33.0,2.0,I. Sorokin,2,0.0,8.0,31,22
2023030133,2024-04-26,20232024,POST,NYR,WSH,0,21.0,REG,11.0,3,1,38.0,14.0,I. Shesterkin,2,1.0,12.0,22,30
2023030133,2024-04-26,20232024,POST,WSH,NYR,1,16.0,REG,9.0,1,3,48.0,10.0,C. Lindgren,2,0.0,7.0,30,22
2023030163,2024-04-26,20232024,POST,WPG,COL,0,19.0,REG,2.0,2,6,40.0,23.0,C. Hellebuyck,2,1.0,11.0,24,40
2023030163,2024-04-26,20232024,POST,COL,WPG,1,15.0,REG,9.0,6,2,34.0,15.0,A. Georgiev,2,2.0,8.0,40,24
2023030173,2024-04-26,20232024,POST,VAN,NSH,0,28.0,REG,2.0,2,1,25.0,14.0,C. DeSmith,2,2.0,6.0,12,30
2023030173,2024-04-26,20232024,POST,NSH,VAN,1,11.0,REG,8.0,1,2,32.0,10.0,J. Saros,2,0.0,5.0,30,12
2023030183,2024-04-26,20232024,POST,EDM,LAK,0,18.0,REG,5.0,6,1,23.0,45.0,S. Skinner,2,3.0,4.0,40,28
2023030183,2024-04-26,20232024,POST,LAK,EDM,1,11.0,REG,6.0,1,6,36.0,47.0,C. Talbot,2,0.0,4.0,28,40
2023030114,2024-04-27,20232024,POST,FLA,TBL,0,17.0,REG,4.0,3,6,57.0,16.0,S. Bobrovsky,2,1.0,6.0,25,32
2023030114,2024-04-27,20232024,POST,TBL,FLA,1,19.0,REG,10.0,6,3,61.0,8.0,A. Vasilevskiy,2,2.0,6.0,32,25
2023030124,2024-04-27,20232024,POST,BOS,TOR,0,27.0,REG,3.0,3,1,23.0,6.0,J. Swayman,2,1.0,7.0,22,25
2023030124,2024-04-27,20232024,POST,TOR,BOS,1,6.0,REG,6.0,1,3,49.0,8.0,I. Samsonov,2,0.0,9.0,25,22
2023030144,2024-04-27,20232024,POST,CAR,NYI,0,18.0,OT,16.0,2,3,26.0,8.0,F. Andersen,2,2.0,6.0,44,35
2023030144,2024-04-27,20232024,POST,NYI,CAR,1,22.0,OT,21.0,3,2,40.0,12.0,S. Varlamov,2,1.0,1.0,35,44
2023030153,2024-04-27,20232024,POST,DAL,VGK,0,27.0,OT,4.0,3,2,23.0,4.0,J. Oettinger,2,0.0,10.0,46,34
2023030153,2024-04-27,20232024,POST,VGK,DAL,1,32.0,OT,8.0,2,3,47.0,6.0,L. Thompson,2,0.0,9.0,34,46
2023030134,2024-04-28,20232024,POST,NYR,WSH,0,22.0,REG,8.0,4,2,36.0,4.0,I. Shesterkin,2,3.0,7.0,23,25
2023030134,2024-04-28,20232024,POST,WSH,NYR,1,15.0,REG,17.0,2,4,46.0,8.0,C. Lindgren,2,0.0,7.0,25,23
2023030164,2024-04-28,20232024,POST,WPG,COL,0,14.0,REG,4.0,1,5,33.0,8.0,C. Hellebuyck,2,0.0,4.0,27,35
2023030164,2024-04-28,20232024,POST,COL,WPG,1,19.0,REG,12.0,5,1,32.0,6.0,A. Georgiev,2,2.0,9.0,35,27
2023030174,2024-04-28,20232024,POST,VAN,NSH,0,12.0,OT,6.0,4,3,35.0,6.0,A. Silovs,2,0.0,5.0,21,30
2023030174,2024-04-28,20232024,POST,NSH,VAN,1,10.0,OT,8.0,3,4,33.0,6.0,J. Saros,2,0.0,11.0,30,21
2023030184,2024-04-28,20232024,POST,EDM,LAK,0,19.0,REG,5.0,1,0,27.0,2.0,S. Skinner,2,1.0,5.0,13,33
2023030184,2024-04-28,20232024,POST,LAK,EDM,1,17.0,REG,2.0,0,1,44.0,2.0,D. Rittich,2,0.0,2.0,33,13
2023030115,2024-04-29,20232024,POST,TBL,FLA,0,11.0,REG,11.0,1,6,47.0,8.0,A. Vasilevskiy,2,0.0,8.0,32,39
2023030115,2024-04-29,20232024,POST,FLA,TBL,1,20.0,REG,18.0,6,1,44.0,6.0,S. Bobrovsky,2,0.0,10.0,39,32
2023030154,2024-04-29,20232024,POST,DAL,VGK,0,24.0,REG,2.0,4,2,17.0,4.0,J. Oettinger,2,1.0,7.0,32,34
2023030154,2024-04-29,20232024,POST,VGK,DAL,1,14.0,REG,11.0,2,4,41.0,6.0,L. Thompson,2,0.0,4.0,34,32
2023030125,2024-04-30,20232024,POST,TOR,BOS,0,8.0,OT,11.0,2,1,38.0,6.0,J. Woll,2,0.0,5.0,33,28
2023030125,2024-04-30,20232024,POST,BOS,TOR,1,19.0,OT,9.0,1,2,43.0,10.0,J. Swayman,2,0.0,3.0,28,33
2023030145,2024-04-30,20232024,POST,NYI,CAR,0,17.0,REG,13.0,3,6,14.0,2.0,S. Varlamov,2,1.0,6.0,24,38
2023030145,2024-04-30,20232024,POST,CAR,NYI,1,16.0,REG,13.0,6,3,25.0,8.0,F. Andersen,2,1.0,7.0,38,24
2023030165,2024-04-30,20232024,POST,COL,WPG,0,23.0,REG,7.0,6,3,27.0,4.0,A. Georgiev,2,0.0,2.0,32,36
2023030165,2024-04-30,20232024,POST,WPG,COL,1,19.0,REG,10.0,3,6,41.0,2.0,C. Hellebuyck,2,1.0,5.0,36,32
2023030175,2024-04-30,20232024,POST,NSH,VAN,0,15.0,REG,4.0,2,1,37.0,4.0,J. Saros,2,1.0,4.0,22,20
2023030175,2024-04-30,20232024,POST,VAN,NSH,1,19.0,REG,4.0,1,2,38.0,8.0,A. Silovs,2,0.0,7.0,20,22
2023030155,2024-05-01,20232024,POST,VGK,DAL,0,20.0,REG,2.0,2,3,42.0,8.0,A. Hill,2,1.0,4.0,27,25
2023030155,2024-05-01,20232024,POST,DAL,VGK,1,15.0,REG,6.0,3,2,26.0,6.0,J. Oettinger,2,2.0,9.0,25,27
2023030185,2024-05-01,20232024,POST,LAK,EDM,0,12.0,REG,4.0,3,4,48.0,12.0,D. Rittich,2,0.0,2.0,21,26
2023030185,2024-05-01,20232024,POST,EDM,LAK,1,22.0,REG,8.0,4,3,26.0,4.0,S. Skinner,2,1.0,13.0,26,21
2023030126,2024-05-02,20232024,POST,BOS,TOR,0,14.0,REG,17.0,1,2,55.0,6.0,J. Swayman,2,0.0,4.0,23,26
2023030126,2024-05-02,20232024,POST,TOR,BOS,1,27.0,REG,15.0,2,1,46.0,0.0,J. Woll,2,0.0,6.0,26,23
2023030156,2024-05-03,20232024,POST,DAL,VGK,0,21.0,REG,4.0,0,2,23.0,4.0,J. Oettinger,2,0.0,5.0,23,30
2023030156,2024-05-03,20232024,POST,VGK,DAL,1,15.0,REG,7.0,2,0,34.0,2.0,A. Hill,2,0.0,9.0,30,23
2023030176,2024-05-03,20232024,POST,VAN,NSH,0,16.0,REG,8.0,1,0,27.0,8.0,A. Silovs,2,0.0,9.0,29,28
2023030176,2024-05-03,20232024,POST,NSH,VAN,1,24.0,REG,7.0,0,1,25.0,2.0,J. Saros,2,0.0,9.0,28,29
2023030127,2024-05-04,20232024,POST,TOR,BOS,0,23.0,OT,1.0,1,2,42.0,4.0,I. Samsonov,2,0.0,3.0,31,32
2023030127,2024-05-04,20232024,POST,BOS,TOR,1,20.0,OT,12.0,2,1,48.0,2.0,J. Swayman,2,0.0,5.0,32,31
2023030157,2024-05-05,20232024,POST,VGK,DAL,0,18.0,REG,4.0,1,2,34.0,2.0,A. Hill,2,0.0,5.0,23,24
2023030157,2024-05-05,20232024,POST,DAL,VGK,1,24.0,REG,4.0,2,1,48.0,0.0,J. Oettinger,2,0.0,9.0,24,23
2023030221,2024-05-05,20232024,POST,CAR,NYR,0,14.0,REG,8.0,3,4,31.0,8.0,F. Andersen,2,0.0,4.0,25,23
2023030221,2024-05-05,20232024,POST,NYR,CAR,1,28.0,REG,10.0,4,3,31.0,12.0,I. Shesterkin,2,2.0,6.0,23,25
2023030211,2024-05-06,20232024,POST,BOS,FLA,0,26.0,REG,12.0,5,1,56.0,16.0,J. Swayman,2,0.0,7.0,29,39
2023030211,2024-05-06,20232024,POST,FLA,BOS,1,11.0,REG,10.0,1,5,46.0,24.0,S. Bobrovsky,2,0.0,14.0,39,29
2023030222,2024-05-07,20232024,POST,CAR,NYR,0,40.0,OT,4.0,3,4,29.0,16.0,F. Andersen,2,0.0,3.0,57,39
2023030222,2024-05-07,20232024,POST,NYR,CAR,1,27.0,OT,6.0,4,3,32.0,12.0,I. Shesterkin,2,2.0,5.0,39,57
2023030231,2024-05-07,20232024,POST,COL,DAL,0,24.0,OT,4.0,4,3,46.0,10.0,A. Georgiev,2,2.0,5.0,26,22
2023030231,2024-05-07,20232024,POST,DAL,COL,1,23.0,OT,12.0,3,4,20.0,6.0,J. Oettinger,2,1.0,6.0,22,26
2023030212,2024-05-08,20232024,POST,BOS,FLA,0,20.0,REG,14.0,1,6,60.0,75.0,J. Swayman,2,0.0,5.0,15,33
2023030212,2024-05-08,20232024,POST,FLA,BOS,1,12.0,REG,12.0,6,1,65.0,71.0,S. Bobrovsky,2,1.0,6.0,33,15
2023030241,2024-05-08,20232024,POST,EDM,VAN,0,11.0,REG,2.0,4,5,33.0,6.0,S. Skinner,2,1.0,9.0,18,24
2023030241,2024-05-08,20232024,POST,VAN,EDM,1,12.0,REG,4.0,5,4,36.0,2.0,A. Silovs,2,0.0,7.0,24,18
2023030223,2024-05-09,20232024,POST,NYR,CAR,0,16.0,OT,8.0,3,2,19.0,14.0,I. Shesterkin,2,0.0,8.0,25,47
2023030223,2024-05-09,20232024,POST,CAR,NYR,1,10.0,OT,6.0,2,3,31.0,14.0,P. Kochetkov,2,0.0,9.0,47,25
2023030232,2024-05-09,20232024,POST,COL,DAL,0,26.0,REG,5.0,3,5,24.0,8.0,A. Georgiev,2,0.0,6.0,31,32
2023030232,2024-05-09,20232024,POST,DAL,COL,1,16.0,REG,8.0,5,3,16.0,8.0,J. Oettinger,2,2.0,10.0,32,31
2023030213,2024-05-10,20232024,POST,FLA,BOS,0,15.0,REG,8.0,6,2,42.0,4.0,S. Bobrovsky,2,4.0,4.0,33,17
2023030213,2024-05-10,20232024,POST,BOS,FLA,1,16.0,REG,6.0,2,6,45.0,12.0,J. Swayman,2,0.0,5.0,17,33
2023030242,2024-05-10,20232024,POST,EDM,VAN,0,7.0,OT,6.0,4,3,24.0,10.0,S. Skinner,2,1.0,3.0,31,19
2023030242,2024-05-10,20232024,POST,VAN,EDM,1,19.0,OT,4.0,3,4,41.0,10.0,A. Silovs,2,1.0,7.0,19,31
2023030224,2024-05-11,20232024,POST,NYR,CAR,0,17.0,REG,1.0,3,4,24.0,6.0,I. Shesterkin,2,0.0,10.0,25,31
2023030224,2024-05-11,20232024,POST,CAR,NYR,1,15.0,REG,22.0,4,3,28.0,4.0,F. Andersen,2,1.0,10.0,31,25
2023030233,2024-05-11,20232024,POST,DAL,COL,0,24.0,REG,5.0,4,1,21.0,8.0,J. Oettinger,2,0.0,11.0,23,29
2023030233,2024-05-11,20232024,POST,COL,DAL,1,14.0,REG,12.0,1,4,34.0,8.0,A. Georgiev,2,0.0,13.0,29,23
2023030214,2024-05-12,20232024,POST,FLA,BOS,0,10.0,REG,9.0,3,2,41.0,8.0,S. Bobrovsky,2,1.0,6.0,41,18
2023030214,2024-05-12,20232024,POST,BOS,FLA,1,16.0,REG,13.0,2,3,46.0,10.0,J. Swayman,2,1.0,3.0,18,41
2023030243,2024-05-12,20232024,POST,VAN,EDM,0,23.0,REG,4.0,4,3,50.0,12.0,A. Silovs,2,2.0,8.0,18,45
2023030243,2024-05-12,20232024,POST,EDM,VAN,1,6.0,REG,15.0,3,4,30.0,6.0,S. Skinner,2,2.0,6.0,45,18
2023030225,2024-05-13,20232024,POST,CAR,NYR,0,19.0,REG,2.0,4,1,23.0,6.0,F. Andersen,2,0.0,4.0,28,21
2023030225,2024-05-13,20232024,POST,NYR,CAR,1,24.0,REG,8.0,1,4,32.0,6.0,I. Shesterkin,2,0.0,3.0,21,28
2023030234,2024-05-13,20232024,POST,DAL,COL,0,27.0,REG,6.0,5,1,24.0,6.0,J. Oettinger,2,1.0,11.0,34,25
2023030234,2024-05-13,20232024,POST,COL,DAL,1,12.0,REG,9.0,1,5,42.0,6.0,A. Georgiev,2,0.0,9.0,25,34
2023030215,2024-05-14,20232024,POST,BOS,FLA,0,21.0,REG,9.0,2,1,40.0,8.0,J. Swayman,2,0.0,3.0,28,29
2023030215,2024-05-14,20232024,POST,FLA,BOS,1,11.0,REG,15.0,1,2,32.0,6.0,S. Bobrovsky,2,0.0,8.0,29,28
2023030244,2024-05-14,20232024,POST,VAN,EDM,0,15.0,REG,4.0,2,3,45.0,4.0,A. Silovs,2,0.0,3.0,21,30
2023030244,2024-05-14,20232024,POST,EDM,VAN,1,18.0,REG,10.0,3,2,36.0,6.0,C. Pickard,2,1.0,6.0,30,21
2023030235,2024-05-15,20232024,POST,COL,DAL,0,10.0,REG,6.0,5,3,36.0,8.0,A. Georgiev,2,2.0,8.0,27,26
2023030235,2024-05-15,20232024,POST,DAL,COL,1,15.0,REG,6.0,3,5,22.0,4.0,J. Oettinger,2,1.0,10.0,26,27
2023030226,2024-05-16,20232024,POST,NYR,CAR,0,13.0,REG,6.0,5,3,36.0,2.0,I. Shesterkin,2,1.0,8.0,24,36
2023030226,2024-05-16,20232024,POST,CAR,NYR,1,17.0,REG,10.0,3,5,22.0,4.0,F. Andersen,2,1.0,9.0,36,24
2023030245,2024-05-16,20232024,POST,EDM,VAN,0,18.0,REG,8.0,2,3,23.0,10.0,C. Pickard,2,0.0,6.0,23,35
2023030245,2024-05-16,20232024,POST,VAN,EDM,1,18.0,REG,10.0,3,2,41.0,12.0,A. Silovs,2,0.0,3.0,35,23
2023030216,2024-05-17,20232024,POST,FLA,BOS,0,23.0,REG,9.0,2,1,33.0,6.0,S. Bobrovsky,2,0.0,5.0,28,23
2023030216,2024-05-17,20232024,POST,BOS,FLA,1,24.0,REG,16.0,1,2,39.0,6.0,J. Swayman,2,0.0,3.0,23,28
2023030236,2024-05-17,20232024,POST,DAL,COL,0,34.0,OT,9.0,2,1,44.0,2.0,J. Oettinger,2,0.0,14.0,38,30
2023030236,2024-05-17,20232024,POST,COL,DAL,1,35.0,OT,20.0,1,2,59.0,2.0,A. Georgiev,2,1.0,14.0,30,38
2023030246,2024-05-18,20232024,POST,VAN,EDM,0,17.0,REG,9.0,1,5,38.0,28.0,A. Silovs,2,0.0,5.0,15,27
2023030246,2024-05-18,20232024,POST,EDM,VAN,1,11.0,REG,5.0,5,1,49.0,28.0,S. Skinner,2,0.0,6.0,27,15
2023030247,2024-05-20,20232024,POST,EDM,VAN,0,21.0,REG,5.0,3,2,20.0,6.0,S. Skinner,2,1.0,6.0,29,17
2023030247,2024-05-20,20232024,POST,VAN,EDM,1,8.0,REG,4.0,2,3,38.0,4.0,A. Silovs,2,0.0,2.0,17,29
2023030311,2024-05-22,20232024,POST,FLA,NYR,0,19.0,REG,2.0,3,0,38.0,2.0,S. Bobrovsky,2,0.0,2.0,27,24
2023030311,2024-05-22,20232024,POST,NYR,FLA,1,18.0,REG,11.0,0,3,27.0,6.0,I. Shesterkin,2,0.0,6.0,24,27
2023030321,2024-05-23,20232024,POST,EDM,DAL,0,24.0,OT,14.0,3,2,34.0,10.0,S. Skinner,2,0.0,8.0,38,33
2023030321,2024-05-23,20232024,POST,DAL,EDM,1,25.0,OT,9.0,2,3,30.0,0.0,J. Oettinger,2,0.0,12.0,33,38
2023030312,2024-05-24,20232024,POST,FLA,NYR,0,23.0,OT,4.0,1,2,40.0,12.0,S. Bobrovsky,2,1.0,2.0,27,30
2023030312,2024-05-24,20232024,POST,NYR,FLA,1,25.0,OT,11.0,2,1,51.0,8.0,I. Shesterkin,2,0.0,3.0,30,27
2023030322,2024-05-25,20232024,POST,EDM,DAL,0,9.0,REG,6.0,1,3,19.0,4.0,S. Skinner,2,0.0,5.0,29,25
2023030322,2024-05-25,20232024,POST,DAL,EDM,1,22.0,REG,5.0,3,1,31.0,4.0,J. Oettinger,2,0.0,11.0,25,29
2023030313,2024-05-26,20232024,POST,NYR,FLA,0,37.0,OT,11.0,5,4,32.0,12.0,I. Shesterkin,2,0.0,5.0,23,37
2023030313,2024-05-26,20232024,POST,FLA,NYR,1,14.0,OT,9.0,4,5,33.0,4.0,S. Bobrovsky,2,2.0,10.0,37,23
2023030323,2024-05-27,20232024,POST,DAL,EDM,0,22.0,REG,13.0,5,3,19.0,6.0,J. Oettinger,2,0.0,16.0,22,30
2023030323,2024-05-27,20232024,POST,EDM,DAL,1,15.0,REG,13.0,3,5,42.0,4.0,S. Skinner,2,0.0,7.0,30,22
2023030314,2024-05-28,20232024,POST,NYR,FLA,0,28.0,OT,10.0,2,3,47.0,8.0,I. Shesterkin,2,1.0,10.0,23,40
2023030314,2024-05-28,20232024,POST,FLA,NYR,1,8.0,OT,15.0,3,2,43.0,6.0,S. Bobrovsky,2,2.0,11.0,40,23
2023030324,2024-05-29,20232024,POST,DAL,EDM,0,14.0,REG,6.0,2,5,21.0,2.0,J. Oettinger,2,0.0,8.0,22,29
2023030324,2024-05-29,20232024,POST,EDM,DAL,1,16.0,REG,8.0,5,2,43.0,4.0,S. Skinner,2,0.0,7.0,29,22
2023030315,2024-05-30,20232024,POST,FLA,NYR,0,17.0,REG,1.0,3,2,24.0,8.0,S. Bobrovsky,2,0.0,1.0,37,27
2023030315,2024-05-30,20232024,POST,NYR,FLA,1,20.0,REG,12.0,2,3,29.0,8.0,I. Shesterkin,2,0.0,2.0,27,37
2023030325,2024-05-31,20232024,POST,EDM,DAL,0,25.0,REG,4.0,3,1,16.0,2.0,S. Skinner,2,2.0,9.0,26,20
2023030325,2024-05-31,20232024,POST,DAL,EDM,1,25.0,REG,8.0,1,3,24.0,6.0,J. Oettinger,2,0.0,8.0,20,26
2023030316,2024-06-01,20232024,POST,NYR,FLA,0,12.0,REG,15.0,1,2,48.0,2.0,I. Shesterkin,2,0.0,7.0,24,34
2023030316,2024-06-01,20232024,POST,FLA,NYR,1,23.0,REG,14.0,2,1,40.0,2.0,S. Bobrovsky,2,0.0,12.0,34,24
2023030326,2024-06-02,20232024,POST,DAL,EDM,0,7.0,REG,16.0,1,2,31.0,4.0,J. Oettinger,2,0.0,9.0,34,10
2023030326,2024-06-02,20232024,POST,EDM,DAL,1,19.0,REG,17.0,2,1,15.0,4.0,S. Skinner,2,2.0,9.0,10,34
2023030411,2024-06-08,20232024,POST,EDM,FLA,0,15.0,REG,12.0,0,3,32.0,8.0,S. Skinner,2,0.0,4.0,32,18
2023030411,2024-06-08,20232024,POST,FLA,EDM,1,21.0,REG,9.0,3,0,57.0,10.0,S. Bobrovsky,2,0.0,11.0,18,32
2023030412,2024-06-10,20232024,POST,EDM,FLA,0,19.0,REG,16.0,1,4,30.0,45.0,S. Skinner,2,0.0,4.0,19,29
2023030412,2024-06-10,20232024,POST,FLA,EDM,1,19.0,REG,15.0,4,1,37.0,12.0,S. Bobrovsky,2,1.0,14.0,29,19
2023030413,2024-06-13,20232024,POST,FLA,EDM,0,13.0,REG,3.0,4,3,33.0,10.0,S. Bobrovsky,2,0.0,10.0,23,35
2023030413,2024-06-13,20232024,POST,EDM,FLA,1,11.0,REG,10.0,3,4,37.0,6.0,S. Skinner,2,0.0,10.0,35,23
2023030414,2024-06-15,20232024,POST,FLA,EDM,0,16.0,REG,10.0,1,8,49.0,10.0,S. Bobrovsky,2,0.0,8.0,33,35
2023030414,2024-06-15,20232024,POST,EDM,FLA,1,23.0,REG,19.0,8,1,29.0,8.0,S. Skinner,2,1.0,13.0,35,33
2023030415,2024-06-18,20232024,POST,EDM,FLA,0,24.0,REG,16.0,5,3,16.0,8.0,S. Skinner,2,2.0,5.0,24,32
2023030415,2024-06-18,20232024,POST,FLA,EDM,1,12.0,REG,16.0,3,5,44.0,12.0,S. Bobrovsky,2,0.0,6.0,32,24
2023030416,2024-06-21,20232024,POST,FLA,EDM,0,11.0,REG,9.0,1,5,44.0,16.0,S. Bobrovsky,2,0.0,5.0,21,21
2023030416,2024-06-21,20232024,POST,EDM,FLA,1,22.0,REG,9.0,5,1,21.0,18.0,S. Skinner,2,0.0,18.0,21,21
2023030417,2024-06-24,20232024,POST,EDM,FLA,0,13.0,REG,9.0,1,2,21.0,4.0,S. Skinner,2,0.0,7.0,24,21
2023030417,2024-06-24,20232024,POST,FLA,EDM,1,17.0,REG,13.0,2,1,32.0,2.0,S. Bobrovsky,2,0.0,12.0,21,24
2024020001,2024-10-04,20242025,REG,NJD,BUF,0,18.0,REG,19.0,4,1,34.0,8.0,J. Markstrom,2,0.0,2.0,23,31
2024020001,2024-10-04,20242025,REG,BUF,NJD,1,15.0,REG,12.0,1,4,29.0,4.0,U. Luukkonen,2,0.0,5.0,31,23
2024020002,2024-10-05,20242025,REG,BUF,NJD,0,10.0,REG,17.0,1,3,28.0,13.0,D. Levi,2,0.0,4.0,18,37
2024020002,2024-10-05,20242025,REG,NJD,BUF,1,22.0,REG,25.0,3,1,18.0,9.0,J. Allen,2,1.0,5.0,37,18
2024020003,2024-10-08,20242025,REG,STL,SEA,0,18.0,REG,13.0,3,2,31.0,11.0,J. Binnington,2,1.0,4.0,25,32
2024020003,2024-10-08,20242025,REG,SEA,STL,1,16.0,REG,10.0,2,3,22.0,13.0,P. Grubauer,2,0.0,3.0,32,25
2024020004,2024-10-08,20242025,REG,BOS,FLA,0,21.0,REG,17.0,4,6,27.0,19.0,J. Korpisalo,2,1.0,8.0,28,35
2024020004,2024-10-08,20242025,REG,FLA,BOS,1,8.0,REG,8.0,6,4,26.0,15.0,S. Bobrovsky,2,0.0,5.0,35,28
2024020005,2024-10-08,20242025,REG,CHI,UTA,0,12.0,REG,16.0,2,5,31.0,17.0,P. Mrazek,2,0.0,5.0,26,27
2024020005,2024-10-08,20242025,REG,UTA,CHI,1,23.0,REG,22.0,5,2,23.0,11.0,C. Ingram,2,0.0,1.0,27,26
2024020006,2024-10-09,20242025,REG,TOR,MTL,0,15.0,REG,13.0,0,1,23.0,10.0,A. Stolarz,2,0.0,4.0,48,27
2024020006,2024-10-09,20242025,REG,MTL,TOR,1,25.0,REG,14.0,1,0,23.0,8.0,S. Montembeault,2,1.0,5.0,27,48
2024020007,2024-10-09,20242025,REG,NYR,PIT,0,20.0,REG,18.0,6,0,18.0,8.0,I. Shesterkin,2,0.0,4.0,40,31
2024020007,2024-10-09,20242025,REG,PIT,NYR,1,10.0,REG,19.0,0,6,25.0,6.0,T. Jarry,2,0.0,4.0,31,40
2024020008,2024-10-09,20242025,REG,WPG,EDM,0,29.0,REG,16.0,6,0,11.0,2.0,C. Hellebuyck,2,2.0,5.0,20,30
2024020008,2024-10-09,20242025,REG,EDM,WPG,1,8.0,REG,8.0,0,6,20.0,6.0,S. Skinner,2,0.0,7.0,30,20
2024020009,2024-10-09,20242025,REG,CGY,VAN,0,22.0,OT,9.0,6,5,21.0,17.0,D. Vladar,2,1.0,3.0,26,24
2024020009,2024-10-09,20242025,REG,VAN,CGY,1,12.0,OT,14.0,5,6,17.0,15.0,A. Silovs,2,2.0,6.0,24,26
2024020010,2024-10-09,20242025,REG,COL,VGK,0,9.0,REG,16.0,4,8,22.0,6.0,A. Georgiev,2,1.0,8.0,32,21
2024020010,2024-10-09,20242025,REG,VGK,COL,1,18.0,REG,17.0,8,4,19.0,6.0,A. Hill,2,2.0,9.0,21,32
2024020011,2024-10-10,20242025,REG,MTL,BOS,0,16.0,REG,17.0,4,6,23.0,8.0,C. Primeau,2,1.0,7.0,24,29
2024020011,2024-10-10,20242025,REG,BOS,MTL,1,15.0,REG,17.0,6,4,25.0,12.0,J. Swayman,2,1.0,3.0,29,24
2024020012,2024-10-10,20242025,REG,LAK,BUF,0,19.0,REG,12.0,3,1,20.0,15.0,D. Kuemper,2,1.0,2.0,23,33
2024020012,2024-10-10,20242025,REG,BUF,LAK,1,15.0,REG,13.0,1,3,29.0,35.0,U. Luukkonen,2,0.0,8.0,33,23
2024020013,2024-10-10,20242025,REG,FLA,OTT,0,9.0,REG,13.0,1,3,22.0,6.0,S. Bobrovsky,2,0.0,2.0,32,31
2024020013,2024-10-10,20242025,REG,OTT,FLA,1,30.0,REG,14.0,3,1,30.0,4.0,L. Ullmark,2,1.0,2.0,31,32
2024020014,2024-10-10,20242025,REG,PIT,DET,0,16.0,REG,13.0,6,3,22.0,10.0,J. Blomqvist,2,1.0,4.0,28,32
2024020014,2024-10-10,20242025,REG,DET,PIT,1,12.0,REG,14.0,3,6,22.0,4.0,V. Husso,2,1.0,7.0,32,28
2024020015,2024-10-10,20242025,REG,TOR,NJD,0,27.0,REG,17.0,4,2,12.0,10.0,D. Hildeby,2,0.0,4.0,22,23
2024020015,2024-10-10,20242025,REG,NJD,TOR,1,11.0,REG,21.0,2,4,32.0,4.0,J. Markstrom,2,1.0,2.0,23,22
2024020016,2024-10-10,20242025,REG,UTA,NYI,0,20.0,OT,19.0,5,4,13.0,10.0,C. Ingram,2,2.0,11.0,26,27
2024020016,2024-10-10,20242025,REG,NYI,UTA,1,20.0,OT,11.0,4,5,24.0,4.0,S. Varlamov,2,1.0,2.0,27,26
2024020017,2024-10-10,20242025,REG,DAL,NSH,0,13.0,REG,19.0,4,3,11.0,10.0,J. Oettinger,2,1.0,2.0,20,36
2024020017,2024-10-10,20242025,REG,NSH,DAL,1,16.0,REG,22.0,3,4,21.0,6.0,S. Wedgewood,2,1.0,10.0,36,20
2024020018,2024-10-10,20242025,REG,CBJ,MIN,0,8.0,REG,15.0,2,3,21.0,6.0,E. Merzlikins,2,1.0,1.0,33,26
2024020018,2024-10-10,20242025,REG,MIN,CBJ,1,18.0,REG,11.0,3,2,17.0,4.0,F. Gustavsson,2,1.0,2.0,26,33
2024020019,2024-10-10,20242025,REG,STL,SJS,0,15.0,OT,16.0,5,4,18.0,4.0,J. Hofer,2,0.0,5.0,40,29
2024020019,2024-10-10,20242025,REG,SJS,STL,1,23.0,OT,19.0,4,5,21.0,4.0,M. Blackwood,2,1.0,5.0,29,40
2024020020,2024-10-11,20242025,REG,TBL,CAR,0,19.0,REG,18.0,4,1,20.0,8.0,A. Vasilevskiy,2,2.0,3.0,23,21
2024020020,2024-10-11,20242025,REG,CAR,TBL,1,11.0,REG,16.0,1,4,19.0,12.0,F. Andersen,2,0.0,1.0,21,23
2024020021,2024-10-11,20242025,REG,CHI,WPG,0,16.0,OT,9.0,1,2,19.0,4.0,A. Soderblom,2,0.0,3.0,26,35
2024020021,2024-10-11,20242025,REG,WPG,CHI,1,10.0,OT,14.0,2,1,14.0,2.0,C. Hellebuyck,2,0.0,5.0,35,26
2024020022,2024-10-11,20242025,REG,PHI,VAN,0,20.0,SO,15.0,3,2,21.0,8.0,S. Ersson,2,1.0,7.0,31,26
2024020022,2024-10-11,20242025,REG,VAN,PHI,1,12.0,SO,10.0,2,3,29.0,8.0,K. Lankinen,2,0.0,8.0,26,31
2024020023,2024-10-11,20242025,REG,STL,VGK,0,11.0,REG,13.0,3,4,20.0,4.0,J. Binnington,2,1.0,10.0,22,28
2024020023,2024-10-11,20242025,REG,VGK,STL,1,15.0,REG,18.0,4,3,11.0,4.0,A. Hill,2,0.0,4.0,28,22
2024020024,2024-10-12,20242025,REG,LAK,BOS,0,15.0,OT,13.0,1,2,26.0,10.0,D. Kuemper,2,0.0,10.0,34,26
2024020024,2024-10-12,20242025,REG,BOS,LAK,1,19.0,OT,9.0,2,1,32.0,10.0,J. Swayman,2,0.0,8.0,26,34
2024020025,2024-10-12,20242025,REG,FLA,BUF,0,14.0,REG,11.0,2,5,26.0,8.0,S. Knight,2,1.0,11.0,25,27
2024020025,2024-10-12,20242025,REG,BUF,FLA,1,16.0,REG,14.0,5,2,26.0,6.0,D. Levi,2,0.0,7.0,27,25
2024020026,2024-10-12,20242025,REG,PIT,TOR,0,10.0,REG,9.0,2,4,14.0,6.0,J. Blomqvist,2,1.0,12.0,23,33
2024020026,2024-10-12,20242025,REG,TOR,PIT,1,17.0,REG,16.0,4,2,17.0,8.0,A. Stolarz,2,0.0,8.0,33,23
2024020027,2024-10-12,20242025,REG,OTT,MTL,0,11.0,REG,16.0,1,4,20.0,8.0,L. Ullmark,2,0.0,6.0,25,26
2024020027,2024-10-12,20242025,REG,MTL,OTT,1,22.0,REG,14.0,4,1,21.0,10.0,S. Montembeault,2,1.0,3.0,26,25
2024020028,2024-10-12,20242025,REG,NSH,DET,0,12.0,REG,21.0,0,3,19.0,4.0,J. Saros,2,0.0,8.0,42,22
2024020028,2024-10-12,20242025,REG,DET,NSH,1,31.0,REG,21.0,3,0,22.0,6.0,C. Talbot,2,0.0,9.0,22,42
2024020030,2024-10-12,20242025,REG,UTA,NYR,0,15.0,OT,22.0,6,5,12.0,24.0,C. Ingram,2,1.0,6.0,26,34
2024020030,2024-10-12,20242025,REG,NYR,UTA,1,13.0,OT,22.0,5,6,18.0,26.0,I. Shesterkin,2,1.0,4.0,34,26
2024020031,2024-10-12,20242025,REG,NJD,WSH,0,15.0,REG,16.0,5,3,19.0,8.0,J. Markstrom,2,0.0,3.0,33,32
2024020031,2024-10-12,20242025,REG,WSH,NJD,1,18.0,REG,17.0,3,5,21.0,10.0,C. Lindgren,2,1.0,8.0,32,33
2024020032,2024-10-12,20242025,REG,NYI,DAL,0,13.0,REG,20.0,0,3,17.0,4.0,S. Varlamov,2,0.0,5.0,34,27
2024020032,2024-10-12,20242025,REG,DAL,NYI,1,14.0,REG,14.0,3,0,21.0,0.0,J. Oettinger,2,0.0,5.0,27,34
2024020033,2024-10-12,20242025,REG,SEA,MIN,0,15.0,SO,11.0,5,4,21.0,4.0,J. Daccord,2,1.0,6.0,34,38
2024020033,2024-10-12,20242025,REG,MIN,SEA,1,8.0,SO,11.0,4,5,38.0,4.0,M. Fleury,2,1.0,2.0,38,34
2024020034,2024-10-12,20242025,REG,CBJ,COL,0,19.0,REG,13.0,6,4,9.0,10.0,D. Tarasov,2,1.0,8.0,23,30
2024020034,2024-10-12,20242025,REG,COL,CBJ,1,13.0,REG,11.0,4,6,27.0,18.0,A. Georgiev,2,2.0,10.0,30,23
2024020035,2024-10-12,20242025,REG,PHI,CGY,0,17.0,REG,12.0,3,6,28.0,27.0,I. Fedotov,2,1.0,3.0,40,32
2024020035,2024-10-12,20242025,REG,CGY,PHI,1,15.0,REG,21.0,6,3,29.0,15.0,D. Wolf,2,2.0,5.0,32,40
2024020036,2024-10-12,20242025,REG,CHI,EDM,0,35.0,REG,10.0,5,2,16.0,6.0,P. Mrazek,2,3.0,9.0,20,38
2024020036,2024-10-12,20242025,REG,EDM,CHI,1,12.0,REG,9.0,2,5,9.0,6.0,C. Pickard,2,1.0,13.0,38,20
2024020037,2024-10-12,20242025,REG,ANA,SJS,0,18.0,REG,15.0,2,0,16.0,8.0,L. Dostal,2,0.0,5.0,30,30
2024020037,2024-10-12,20242025,REG,SJS,ANA,1,10.0,REG,13.0,0,2,17.0,12.0,V. Vanecek,2,0.0,6.0,30,30
2024020038,2024-10-13,20242025,REG,MIN,WPG,0,15.0,OT,19.0,1,2,18.0,4.0,F. Gustavsson,2,0.0,8.0,27,35
2024020038,2024-10-13,20242025,REG,WPG,MIN,1,11.0,OT,18.0,2,1,16.0,6.0,C. Hellebuyck,2,1.0,7.0,35,27
2024020039,2024-10-13,20242025,REG,SEA,DAL,0,16.0,REG,12.0,0,2,25.0,8.0,P. Grubauer,2,0.0,6.0,25,23
2024020039,2024-10-13,20242025,REG,DAL,SEA,1,14.0,REG,13.0,2,0,13.0,10.0,C. DeSmith,2,0.0,5.0,23,25
2024020040,2024-10-13,20242025,REG,CGY,EDM,0,17.0,REG,23.0,4,1,28.0,2.0,D. Vladar,2,0.0,4.0,29,26
2024020040,2024-10-13,20242025,REG,EDM,CGY,1,17.0,REG,20.0,1,4,15.0,6.0,S. Skinner,2,0.0,8.0,26,29
2024020041,2024-10-13,20242025,REG,ANA,VGK,0,15.0,REG,11.0,1,3,23.0,8.0,J. Reimer,2,0.0,5.0,23,32
2024020041,2024-10-13,20242025,REG,VGK,ANA,1,18.0,REG,18.0,3,1,16.0,2.0,I. Samsonov,2,1.0,4.0,32,23
2024020042,2024-10-14,20242025,REG,FLA,BOS,0,7.0,REG,10.0,4,3,36.0,19.0,S. Bobrovsky,2,1.0,6.0,26,27
2024020042,2024-10-14,20242025,REG,BOS,FLA,1,8.0,REG,13.0,3,4,40.0,21.0,J. Swayman,2,0.0,4.0,27,26
2024020043,2024-10-14,20242025,REG,LAK,OTT,0,22.0,OT,13.0,7,8,22.0,17.0,D. Kuemper,2,3.0,3.0,26,41
2024020043,2024-10-14,20242025,REG,OTT,LAK,1,10.0,OT,18.0,8,7,26.0,17.0,A. Forsberg,2,4.0,3.0,41,26
2024020044,2024-10-14,20242025,REG,UTA,NJD,0,21.0,REG,16.0,0,3,8.0,12.0,K. Vejmelka,2,0.0,6.0,20,32
2024020044,2024-10-14,20242025,REG,NJD,UTA,1,9.0,REG,10.0,3,0,29.0,8.0,J. Allen,2,2.0,3.0,32,20
2024020045,2024-10-14,20242025,REG,DET,NYR,0,17.0,REG,14.0,1,4,19.0,8.0,A. Lyon,2,0.0,3.0,32,28
2024020045,2024-10-14,20242025,REG,NYR,DET,1,10.0,REG,10.0,4,1,20.0,8.0,I. Shesterkin,2,1.0,4.0,28,32
2024020046,2024-10-14,20242025,REG,PIT,MTL,0,16.0,REG,22.0,6,3,23.0,6.0,T. Jarry,2,0.0,9.0,30,28
2024020046,2024-10-14,20242025,REG,MTL,PIT,1,22.0,REG,8.0,3,6,28.0,4.0,S. Montembeault,2,1.0,6.0,28,30
2024020047,2024-10-14,20242025,REG,NYI,COL,0,21.0,REG,20.0,6,2,14.0,6.0,I. Sorokin,2,0.0,5.0,37,34
2024020047,2024-10-14,20242025,REG,COL,NYI,1,14.0,REG,18.0,2,6,24.0,4.0,A. Georgiev,2,0.0,2.0,34,37
2024020048,2024-10-15,20242025,REG,VAN,TBL,0,15.0,REG,10.0,1,4,23.0,14.0,A. Silovs,2,1.0,8.0,27,27
2024020048,2024-10-15,20242025,REG,TBL,VAN,1,19.0,REG,12.0,4,1,13.0,8.0,A. Vasilevskiy,2,0.0,3.0,27,27
2024020049,2024-10-15,20242025,REG,VGK,WSH,0,15.0,REG,7.0,2,4,9.0,6.0,A. Hill,2,1.0,1.0,26,22
2024020049,2024-10-15,20242025,REG,WSH,VGK,1,13.0,REG,13.0,4,2,24.0,8.0,L. Thompson,2,1.0,5.0,22,26
2024020050,2024-10-15,20242025,REG,NJD,CAR,0,25.0,REG,21.0,2,4,26.0,2.0,J. Markstrom,2,1.0,5.0,26,31
2024020050,2024-10-15,20242025,REG,CAR,NJD,1,16.0,REG,23.0,4,2,20.0,6.0,P. Kochetkov,2,0.0,9.0,31,26
2024020051,2024-10-15,20242025,REG,FLA,CBJ,0,13.0,REG,23.0,4,3,25.0,4.0,S. Knight,2,0.0,8.0,22,38
2024020051,2024-10-15,20242025,REG,CBJ,FLA,1,13.0,REG,10.0,3,4,17.0,6.0,E. Merzlikins,2,0.0,7.0,38,22
2024020052,2024-10-15,20242025,REG,MIN,STL,0,23.0,REG,17.0,4,1,24.0,4.0,F. Gustavsson,2,1.0,5.0,27,28
2024020052,2024-10-15,20242025,REG,STL,MIN,1,18.0,REG,16.0,1,4,22.0,10.0,J. Binnington,2,0.0,5.0,28,27
2024020053,2024-10-15,20242025,REG,SEA,NSH,0,19.0,REG,15.0,7,3,23.0,6.0,J. Daccord,2,0.0,6.0,35,33
2024020053,2024-10-15,20242025,REG,NSH,SEA,1,8.0,REG,14.0,3,7,29.0,6.0,J. Saros,2,0.0,5.0,33,35
2024020054,2024-10-15,20242025,REG,SJS,DAL,0,18.0,SO,21.0,2,3,36.0,8.0,M. Blackwood,2,0.0,6.0,27,38
2024020054,2024-10-15,20242025,REG,DAL,SJS,1,10.0,SO,21.0,3,2,19.0,6.0,J. Oettinger,2,0.0,5.0,38,27
2024020055,2024-10-15,20242025,REG,CHI,CGY,0,18.0,REG,12.0,1,3,14.0,6.0,P. Mrazek,2,0.0,9.0,32,27
2024020055,2024-10-15,20242025,REG,CGY,CHI,1,21.0,REG,19.0,3,1,29.0,4.0,D. Wolf,2,1.0,5.0,27,32
2024020056,2024-10-15,20242025,REG,PHI,EDM,0,21.0,OT,9.0,3,4,21.0,18.0,S. Ersson,2,2.0,7.0,30,31
2024020056,2024-10-15,20242025,REG,EDM,PHI,1,9.0,OT,12.0,4,3,23.0,20.0,S. Skinner,2,0.0,7.0,31,30
2024020057,2024-10-16,20242025,REG,BUF,PIT,0,17.0,OT,17.0,5,6,21.0,10.0,U. Luukkonen,2,0.0,6.0,33,43
2024020057,2024-10-16,20242025,REG,PIT,BUF,1,14.0,OT,21.0,6,5,18.0,4.0,T. Jarry,2,2.0,11.0,43,33
2024020058,2024-10-16,20242025,REG,LAK,TOR,0,8.0,REG,10.0,2,6,26.0,8.0,D. Rittich,2,0.0,6.0,34,26
2024020058,2024-10-16,20242025,REG,TOR,LAK,1,17.0,REG,6.0,6,2,28.0,8.0,A. Stolarz,2,2.0,4.0,26,34
2024020059,2024-10-16,20242025,REG,BOS,COL,0,14.0,REG,15.0,5,3,35.0,11.0,J. Korpisalo,2,2.0,4.0,26,25
2024020059,2024-10-16,20242025,REG,COL,BOS,1,15.0,REG,20.0,3,5,35.0,13.0,A. Georgiev,2,3.0,6.0,25,26
2024020060,2024-10-16,20242025,REG,UTA,ANA,0,20.0,OT,19.0,4,5,9.0,14.0,C. Ingram,2,1.0,6.0,30,34
2024020060,2024-10-16,20242025,REG,ANA,UTA,1,19.0,OT,21.0,5,4,19.0,8.0,L. Dostal,2,0.0,6.0,34,30
2024020061,2024-10-17,20242025,REG,LAK,MTL,0,12.0,REG,12.0,4,1,25.0,10.0,D. Rittich,2,0.0,6.0,32,27
2024020061,2024-10-17,20242025,REG,MTL,LAK,1,19.0,REG,13.0,1,4,34.0,4.0,S. Montembeault,2,0.0,9.0,27,32
2024020062,2024-10-17,20242025,REG,NJD,OTT,0,11.0,REG,14.0,3,1,22.0,6.0,J. Markstrom,2,0.0,3.0,35,31
2024020062,2024-10-17,20242025,REG,OTT,NJD,1,18.0,REG,16.0,1,3,27.0,4.0,A. Forsberg,2,1.0,4.0,31,35
2024020063,2024-10-17,20242025,REG,NYR,DET,0,11.0,REG,14.0,5,2,14.0,14.0,J. Quick,2,3.0,8.0,34,31
2024020063,2024-10-17,20242025,REG,DET,NYR,1,16.0,REG,18.0,2,5,20.0,12.0,C. Talbot,2,1.0,5.0,31,34
2024020064,2024-10-17,20242025,REG,VGK,TBL,0,20.0,REG,11.0,3,4,16.0,2.0,A. Hill,2,1.0,4.0,25,25
2024020064,2024-10-17,20242025,REG,TBL,VGK,1,9.0,REG,13.0,4,3,22.0,6.0,A. Vasilevskiy,2,0.0,2.0,25,25
2024020065,2024-10-17,20242025,REG,VAN,FLA,0,18.0,OT,13.0,3,2,41.0,9.0,K. Lankinen,2,0.0,2.0,33,28
2024020065,2024-10-17,20242025,REG,FLA,VAN,1,10.0,OT,7.0,2,3,35.0,9.0,S. Bobrovsky,2,1.0,0.0,28,33
2024020066,2024-10-17,20242025,REG,DAL,WSH,0,12.0,REG,17.0,2,3,10.0,8.0,C. DeSmith,2,0.0,3.0,24,26
2024020066,2024-10-17,20242025,REG,WSH,DAL,1,26.0,REG,16.0,3,2,26.0,8.0,C. Lindgren,2,0.0,4.0,26,24
2024020067,2024-10-17,20242025,REG,BUF,CBJ,0,8.0,REG,13.0,4,6,18.0,6.0,D. Levi,2,0.0,6.0,24,25
2024020067,2024-10-17,20242025,REG,CBJ,BUF,1,17.0,REG,14.0,6,4,16.0,4.0,D. Tarasov,2,1.0,7.0,25,24
2024020068,2024-10-17,20242025,REG,NYI,STL,0,21.0,OT,13.0,0,1,23.0,4.0,I. Sorokin,2,0.0,5.0,34,30
2024020068,2024-10-17,20242025,REG,STL,NYI,1,12.0,OT,12.0,1,0,30.0,6.0,J. Hofer,2,0.0,5.0,30,34
2024020069,2024-10-17,20242025,REG,EDM,NSH,0,18.0,REG,18.0,4,2,9.0,11.0,C. Pickard,2,0.0,1.0,36,27
2024020069,2024-10-17,20242025,REG,NSH,EDM,1,15.0,REG,21.0,2,4,29.0,13.0,J. Saros,2,1.0,5.0,27,36
2024020070,2024-10-17,20242025,REG,SJS,CHI,0,18.0,REG,8.0,2,4,22.0,14.0,V. Vanecek,2,0.0,6.0,22,27
2024020070,2024-10-17,20242025,REG,CHI,SJS,1,18.0,REG,6.0,4,2,13.0,6.0,P. Mrazek,2,2.0,7.0,27,22
2024020071,2024-10-17,20242025,REG,PHI,SEA,0,21.0,REG,10.0,4,6,27.0,19.0,I. Fedotov,2,1.0,9.0,25,29
2024020071,2024-10-17,20242025,REG,SEA,PHI,1,19.0,REG,12.0,6,4,21.0,15.0,P. Grubauer,2,1.0,8.0,29,25
2024020072,2024-10-18,20242025,REG,CAR,PIT,0,13.0,REG,14.0,4,1,15.0,12.0,F. Andersen,2,2.0,6.0,38,26
2024020072,2024-10-18,20242025,REG,PIT,CAR,1,21.0,REG,17.0,1,4,27.0,10.0,J. Blomqvist,2,0.0,3.0,26,38
2024020073,2024-10-18,20242025,REG,SJS,WPG,0,21.0,REG,12.0,3,8,25.0,12.0,M. Blackwood,2,1.0,6.0,22,36
2024020073,2024-10-18,20242025,REG,WPG,SJS,1,10.0,REG,10.0,8,3,20.0,4.0,C. Hellebuyck,2,4.0,5.0,36,22
2024020074,2024-10-18,20242025,REG,ANA,COL,0,27.0,OT,10.0,3,4,21.0,8.0,L. Dostal,2,0.0,3.0,19,49
2024020074,2024-10-18,20242025,REG,COL,ANA,1,19.0,OT,15.0,4,3,16.0,6.0,A. Georgiev,2,1.0,5.0,49,19
2024020075,2024-10-19,20242025,REG,TBL,OTT,0,20.0,REG,17.0,4,5,15.0,14.0,A. Vasilevskiy,2,0.0,2.0,29,28
2024020075,2024-10-19,20242025,REG,OTT,TBL,1,18.0,REG,14.0,5,4,30.0,10.0,A. Forsberg,2,2.0,10.0,28,29
2024020076,2024-10-19,20242025,REG,DET,NSH,0,16.0,REG,16.0,5,2,25.0,6.0,A. Lyon,2,1.0,12.0,24,39
2024020076,2024-10-19,20242025,REG,NSH,DET,1,12.0,REG,9.0,2,5,27.0,8.0,J. Saros,2,1.0,5.0,39,24
2024020077,2024-10-19,20242025,REG,EDM,DAL,0,12.0,REG,23.0,1,4,10.0,2.0,S. Skinner,2,0.0,8.0,31,24
2024020077,2024-10-19,20242025,REG,DAL,EDM,1,22.0,REG,15.0,4,1,23.0,4.0,J. Oettinger,2,1.0,10.0,24,31
2024020078,2024-10-19,20242025,REG,VGK,FLA,0,28.0,OT,27.0,3,4,25.0,4.0,I. Samsonov,2,0.0,3.0,26,49
2024020078,2024-10-19,20242025,REG,FLA,VGK,1,17.0,OT,23.0,4,3,17.0,2.0,S. Bobrovsky,2,1.0,5.0,49,26
2024020079,2024-10-19,20242025,REG,NYR,TOR,0,22.0,REG,9.0,4,1,19.0,6.0,I. Shesterkin,2,0.0,11.0,29,35
2024020079,2024-10-19,20242025,REG,TOR,NYR,1,11.0,REG,15.0,1,4,20.0,4.0,A. Stolarz,2,0.0,7.0,35,29
2024020080,2024-10-19,20242025,REG,WSH,NJD,0,15.0,OT,12.0,6,5,37.0,9.0,L. Thompson,2,0.0,8.0,37,31
2024020080,2024-10-19,20242025,REG,NJD,WSH,1,15.0,OT,12.0,5,6,31.0,9.0,J. Markstrom,2,1.0,2.0,31,37
2024020081,2024-10-19,20242025,REG,MTL,NYI,0,25.0,SO,16.0,3,4,30.0,12.0,C. Primeau,2,1.0,5.0,24,36
2024020081,2024-10-19,20242025,REG,NYI,MTL,1,8.0,SO,13.0,4,3,28.0,2.0,S. Varlamov,2,1.0,6.0,36,24
2024020082,2024-10-19,20242025,REG,VAN,PHI,0,10.0,REG,14.0,3,0,37.0,8.0,K. Lankinen,2,0.0,4.0,32,26
2024020082,2024-10-19,20242025,REG,PHI,VAN,1,12.0,REG,18.0,0,3,28.0,6.0,S. Ersson,2,0.0,1.0,26,32
2024020083,2024-10-19,20242025,REG,MIN,CBJ,0,20.0,REG,22.0,3,1,13.0,6.0,F. Gustavsson,2,1.0,4.0,34,24
2024020083,2024-10-19,20242025,REG,CBJ,MIN,1,11.0,REG,18.0,1,3,27.0,6.0,D. Tarasov,2,0.0,10.0,24,34
2024020084,2024-10-19,20242025,REG,CAR,STL,0,5.0,REG,11.0,3,4,13.0,14.0,P. Kochetkov,2,1.0,9.0,40,19
2024020084,2024-10-19,20242025,REG,STL,CAR,1,12.0,REG,18.0,4,3,27.0,10.0,J. Hofer,2,0.0,3.0,19,40
2024020085,2024-10-19,20242025,REG,BUF,CHI,0,14.0,REG,10.0,4,2,24.0,6.0,U. Luukkonen,2,0.0,4.0,22,37
2024020085,2024-10-19,20242025,REG,CHI,BUF,1,19.0,REG,10.0,2,4,21.0,12.0,A. Soderblom,2,0.0,6.0,37,22
2024020086,2024-10-19,20242025,REG,BOS,UTA,0,19.0,OT,22.0,1,2,29.0,10.0,J. Swayman,2,0.0,3.0,22,32
2024020086,2024-10-19,20242025,REG,UTA,BOS,1,8.0,OT,17.0,2,1,12.0,8.0,C. Ingram,2,0.0,2.0,32,22
2024020087,2024-10-19,20242025,REG,CGY,SEA,0,16.0,OT,16.0,1,2,31.0,10.0,D. Vladar,2,1.0,5.0,22,23
2024020087,2024-10-19,20242025,REG,SEA,CGY,1,10.0,OT,15.0,2,1,27.0,6.0,J. Daccord,2,1.0,3.0,23,22
2024020088,2024-10-20,20242025,REG,PIT,WPG,0,11.0,REG,15.0,3,6,18.0,6.0,A. Nedeljkovic,2,1.0,3.0,42,37
2024020088,2024-10-20,20242025,REG,WPG,PIT,1,25.0,REG,24.0,6,3,21.0,4.0,E. Comrie,2,0.0,4.0,37,42
2024020089,2024-10-20,20242025,REG,COL,SJS,0,18.0,REG,19.0,4,1,19.0,17.0,J. Annunen,2,1.0,0.0,22,26
2024020089,2024-10-20,20242025,REG,SJS,COL,1,13.0,REG,16.0,1,4,26.0,13.0,V. Vanecek,2,1.0,0.0,26,22
2024020090,2024-10-20,20242025,REG,LAK,ANA,0,11.0,REG,10.0,4,1,20.0,6.0,D. Rittich,2,0.0,8.0,36,14
2024020090,2024-10-20,20242025,REG,ANA,LAK,1,17.0,REG,10.0,1,4,20.0,4.0,L. Dostal,2,0.0,3.0,14,36
2024020091,2024-10-21,20242025,REG,TBL,TOR,0,14.0,REG,10.0,2,5,20.0,13.0,A. Vasilevskiy,2,1.0,4.0,34,29
2024020091,2024-10-21,20242025,REG,TOR,TBL,1,18.0,REG,16.0,5,2,20.0,17.0,A. Stolarz,2,1.0,8.0,29,34
2024020092,2024-10-22,20242025,REG,WSH,PHI,0,16.0,REG,13.0,4,1,20.0,13.0,C. Lindgren,2,0.0,11.0,29,18
2024020092,2024-10-22,20242025,REG,PHI,WSH,1,12.0,REG,14.0,1,4,23.0,17.0,S. Ersson,2,0.0,8.0,18,29
2024020093,2024-10-22,20242025,REG,MIN,FLA,0,20.0,REG,8.0,5,1,26.0,0.0,F. Gustavsson,2,1.0,4.0,22,25
2024020093,2024-10-22,20242025,REG,FLA,MIN,1,12.0,REG,8.0,1,5,55.0,4.0,S. Bobrovsky,2,0.0,8.0,25,22
2024020094,2024-10-22,20242025,REG,TBL,NJD,0,20.0,REG,9.0,8,5,13.0,8.0,J. Johansson,2,2.0,4.0,37,35
2024020094,2024-10-22,20242025,REG,NJD,TBL,1,9.0,REG,13.0,5,8,23.0,6.0,J. Allen,2,2.0,5.0,35,37
2024020095,2024-10-22,20242025,REG,DAL,BUF,0,16.0,REG,14.0,2,4,20.0,2.0,J. Oettinger,2,0.0,8.0,30,25
2024020095,2024-10-22,20242025,REG,BUF,DAL,1,27.0,REG,16.0,4,2,17.0,6.0,U. Luukkonen,2,0.0,10.0,25,30
2024020096,2024-10-22,20242025,REG,NYR,MTL,0,15.0,REG,15.0,7,2,18.0,15.0,I. Shesterkin,2,1.0,6.0,45,23
2024020096,2024-10-22,20242025,REG,MTL,NYR,1,16.0,REG,23.0,2,7,21.0,25.0,S. Montembeault,2,1.0,4.0,23,45
2024020097,2024-10-22,20242025,REG,TOR,CBJ,0,15.0,REG,15.0,2,6,22.0,12.0,D. Hildeby,2,0.0,6.0,28,38
2024020097,2024-10-22,20242025,REG,CBJ,TOR,1,14.0,REG,19.0,6,2,19.0,10.0,D. Tarasov,2,0.0,5.0,38,28
2024020098,2024-10-22,20242025,REG,DET,NYI,0,15.0,REG,19.0,1,0,10.0,6.0,A. Lyon,2,0.0,1.0,11,30
2024020098,2024-10-22,20242025,REG,NYI,DET,1,9.0,REG,16.0,0,1,13.0,2.0,I. Sorokin,2,0.0,5.0,30,11
2024020099,2024-10-22,20242025,REG,WPG,STL,0,16.0,REG,12.0,3,2,14.0,4.0,C. Hellebuyck,2,1.0,3.0,24,29
2024020099,2024-10-22,20242025,REG,STL,WPG,1,21.0,REG,22.0,2,3,22.0,4.0,J. Binnington,2,0.0,4.0,29,24
2024020100,2024-10-22,20242025,REG,VAN,CHI,0,12.0,REG,12.0,6,3,25.0,10.0,K. Lankinen,2,2.0,9.0,30,34
2024020100,2024-10-22,20242025,REG,CHI,VAN,1,14.0,REG,19.0,3,6,16.0,4.0,P. Mrazek,2,1.0,6.0,34,30
2024020101,2024-10-22,20242025,REG,BOS,NSH,0,18.0,REG,18.0,0,4,17.0,17.0,J. Swayman,2,0.0,6.0,33,42
2024020101,2024-10-22,20242025,REG,NSH,BOS,1,10.0,REG,20.0,4,0,32.0,13.0,J. Saros,2,1.0,7.0,42,33
2024020102,2024-10-22,20242025,REG,PIT,CGY,0,21.0,SO,16.0,3,4,31.0,8.0,A. Nedeljkovic,2,1.0,7.0,38,25
2024020102,2024-10-22,20242025,REG,CGY,PIT,1,11.0,SO,17.0,4,3,24.0,8.0,D. Wolf,2,0.0,3.0,25,38
2024020103,2024-10-22,20242025,REG,CAR,EDM,0,13.0,OT,21.0,3,2,25.0,10.0,F. Andersen,2,1.0,10.0,33,35
2024020103,2024-10-22,20242025,REG,EDM,CAR,1,15.0,OT,17.0,2,3,14.0,6.0,S. Skinner,2,1.0,9.0,35,33
2024020104,2024-10-22,20242025,REG,OTT,UTA,0,16.0,REG,15.0,4,0,38.0,8.0,A. Forsberg,2,1.0,9.0,22,31
2024020104,2024-10-22,20242025,REG,UTA,OTT,1,12.0,REG,17.0,0,4,29.0,6.0,C. Ingram,2,0.0,1.0,31,22
2024020105,2024-10-22,20242025,REG,SJS,ANA,0,15.0,REG,18.0,1,3,22.0,14.0,M. Blackwood,2,1.0,0.0,28,40
2024020105,2024-10-22,20242025,REG,ANA,SJS,1,25.0,REG,25.0,3,1,15.0,6.0,L. Dostal,2,2.0,0.0,40,28
2024020106,2024-10-22,20242025,REG,COL,SEA,0,23.0,REG,13.0,3,2,17.0,2.0,J. Annunen,2,1.0,3.0,28,27
2024020106,2024-10-22,20242025,REG,SEA,COL,1,17.0,REG,21.0,2,3,18.0,6.0,P. Grubauer,2,1.0,4.0,27,28
2024020107,2024-10-22,20242025,REG,LAK,VGK,0,12.0,REG,17.0,1,6,35.0,4.0,D. Rittich,2,0.0,6.0,35,30
2024020107,2024-10-22,20242025,REG,VGK,LAK,1,21.0,REG,14.0,6,1,21.0,8.0,I. Samsonov,2,2.0,5.0,30,35
2024020108,2024-10-23,20242025,REG,PHI,WSH,0,11.0,REG,18.0,3,6,32.0,8.0,I. Fedotov,2,2.0,3.0,29,25
2024020108,2024-10-23,20242025,REG,WSH,PHI,1,20.0,REG,17.0,6,3,16.0,10.0,L. Thompson,2,0.0,5.0,25,29
2024020109,2024-10-24,20242025,REG,DAL,BOS,0,9.0,REG,19.0,5,2,18.0,8.0,C. DeSmith,2,3.0,4.0,32,27
2024020109,2024-10-24,20242025,REG,BOS,DAL,1,14.0,REG,21.0,2,5,29.0,10.0,J. Swayman,2,1.0,5.0,27,32
2024020110,2024-10-24,20242025,REG,STL,TOR,0,23.0,REG,15.0,5,1,24.0,10.0,J. Binnington,2,1.0,4.0,27,41
2024020110,2024-10-24,20242025,REG,TOR,STL,1,8.0,REG,14.0,1,5,21.0,6.0,J. Woll,2,0.0,4.0,41,27
2024020111,2024-10-24,20242025,REG,NJD,DET,0,14.0,REG,9.0,3,5,37.0,18.0,J. Markstrom,2,3.0,12.0,40,20
2024020111,2024-10-24,20242025,REG,DET,NJD,1,16.0,REG,10.0,5,3,24.0,22.0,C. Talbot,2,2.0,10.0,20,40
2024020112,2024-10-24,20242025,REG,MIN,TBL,0,19.0,REG,12.0,4,2,29.0,2.0,M. Fleury,2,1.0,7.0,18,26
2024020112,2024-10-24,20242025,REG,TBL,MIN,1,16.0,REG,23.0,2,4,14.0,6.0,A. Vasilevskiy,2,0.0,7.0,26,18
2024020113,2024-10-24,20242025,REG,FLA,NYR,0,13.0,REG,12.0,3,1,32.0,8.0,S. Bobrovsky,2,0.0,6.0,29,25
2024020113,2024-10-24,20242025,REG,NYR,FLA,1,13.0,REG,11.0,1,3,29.0,4.0,I. Shesterkin,2,0.0,5.0,25,29
2024020114,2024-10-24,20242025,REG,CAR,CGY,0,15.0,REG,22.0,4,2,17.0,8.0,P. Kochetkov,2,1.0,10.0,43,32
2024020114,2024-10-24,20242025,REG,CGY,CAR,1,19.0,REG,24.0,2,4,31.0,10.0,D. Vladar,2,0.0,5.0,32,43
2024020115,2024-10-24,20242025,REG,COL,UTA,0,19.0,REG,12.0,5,1,27.0,6.0,J. Annunen,2,2.0,2.0,26,26
2024020115,2024-10-24,20242025,REG,UTA,COL,1,10.0,REG,19.0,1,5,15.0,8.0,K. Vejmelka,2,0.0,5.0,26,26
2024020116,2024-10-24,20242025,REG,WPG,SEA,0,15.0,OT,12.0,4,3,31.0,4.0,C. Hellebuyck,2,0.0,6.0,36,32
2024020116,2024-10-24,20242025,REG,SEA,WPG,1,16.0,OT,9.0,3,4,34.0,2.0,J. Daccord,2,0.0,2.0,32,36
2024020117,2024-10-24,20242025,REG,SJS,LAK,0,13.0,REG,13.0,2,3,39.0,11.0,M. Blackwood,2,2.0,9.0,26,30
2024020117,2024-10-24,20242025,REG,LAK,SJS,1,24.0,REG,21.0,3,2,24.0,19.0,D. Rittich,2,0.0,8.0,30,26
2024020118,2024-10-25,20242025,REG,OTT,VGK,0,20.0,REG,11.0,4,6,28.0,4.0,L. Ullmark,2,1.0,2.0,39,28
2024020118,2024-10-25,20242025,REG,VGK,OTT,1,12.0,REG,20.0,6,4,32.0,4.0,A. Hill,2,1.0,1.0,28,39
2024020119,2024-10-25,20242025,REG,NYI,NJD,0,15.0,OT,8.0,4,3,32.0,9.0,I. Sorokin,2,1.0,4.0,30,36
2024020119,2024-10-25,20242025,REG,NJD,NYI,1,11.0,OT,15.0,3,4,27.0,13.0,J. Allen,2,0.0,8.0,36,30
2024020120,2024-10-25,20242025,REG,NSH,CHI,0,16.0,REG,9.0,3,2,21.0,15.0,J. Saros,2,1.0,7.0,34,29
2024020120,2024-10-25,20242025,REG,CHI,NSH,1,16.0,REG,12.0,2,3,10.0,15.0,P. Mrazek,2,0.0,8.0,29,34
2024020121,2024-10-25,20242025,REG,PIT,EDM,0,20.0,REG,14.0,0,4,21.0,7.0,J. Blomqvist,2,0.0,6.0,27,50
2024020121,2024-10-25,20242025,REG,EDM,PIT,1,17.0,REG,10.0,4,0,11.0,9.0,S. Skinner,2,1.0,7.0,50,27
2024020122,2024-10-26,20242025,REG,DET,BUF,0,17.0,REG,27.0,3,5,12.0,8.0,A. Lyon,2,0.0,4.0,25,39
2024020122,2024-10-26,20242025,REG,BUF,DET,1,15.0,REG,16.0,5,3,14.0,4.0,U. Luukkonen,2,1.0,2.0,39,25
2024020123,2024-10-26,20242025,REG,MIN,PHI,0,12.0,REG,15.0,5,7,9.0,6.0,F. Gustavsson,2,1.0,5.0,26,23
2024020123,2024-10-26,20242025,REG,PHI,MIN,1,22.0,REG,15.0,7,5,24.0,8.0,S. Ersson,2,1.0,4.0,23,26
2024020124,2024-10-26,20242025,REG,UTA,LAK,0,13.0,REG,16.0,2,3,20.0,6.0,C. Ingram,2,0.0,7.0,26,23
2024020124,2024-10-26,20242025,REG,LAK,UTA,1,15.0,REG,14.0,3,2,26.0,6.0,D. Kuemper,2,1.0,3.0,23,26
2024020125,2024-10-26,20242025,REG,TOR,BOS,0,18.0,OT,12.0,3,4,27.0,12.0,A. Stolarz,2,0.0,7.0,23,34
2024020125,2024-10-26,20242025,REG,BOS,TOR,1,19.0,OT,11.0,4,3,20.0,8.0,J. Swayman,2,1.0,6.0,34,23
2024020126,2024-10-26,20242025,REG,STL,MTL,0,16.0,REG,19.0,2,5,18.0,6.0,J. Binnington,2,0.0,5.0,31,26
2024020126,2024-10-26,20242025,REG,MTL,STL,1,19.0,REG,17.0,5,2,24.0,6.0,S. Montembeault,2,1.0,6.0,26,31
2024020127,2024-10-26,20242025,REG,WSH,TBL,0,16.0,REG,15.0,0,3,30.0,13.0,C. Lindgren,2,0.0,3.0,32,21
2024020127,2024-10-26,20242025,REG,TBL,WSH,1,19.0,REG,14.0,3,0,12.0,11.0,A. Vasilevskiy,2,0.0,7.0,21,32
2024020128,2024-10-26,20242025,REG,ANA,NYR,0,18.0,REG,16.0,1,2,19.0,4.0,L. Dostal,2,0.0,8.0,33,32
2024020128,2024-10-26,20242025,REG,NYR,ANA,1,15.0,REG,10.0,2,1,26.0,4.0,J. Quick,2,0.0,8.0,32,33
2024020129,2024-10-26,20242025,REG,WPG,CGY,0,17.0,REG,15.0,5,3,18.0,12.0,E. Comrie,2,2.0,6.0,35,29
2024020129,2024-10-26,20242025,REG,CGY,WPG,1,18.0,REG,16.0,3,5,31.0,22.0,D. Wolf,2,0.0,7.0,29,35
2024020130,2024-10-26,20242025,REG,FLA,NYI,0,12.0,REG,9.0,6,3,20.0,6.0,S. Knight,2,1.0,5.0,29,28
2024020130,2024-10-26,20242025,REG,NYI,FLA,1,11.0,REG,14.0,3,6,23.0,4.0,S. Varlamov,2,0.0,7.0,28,29
2024020131,2024-10-26,20242025,REG,CBJ,NSH,0,15.0,OT,19.0,3,4,25.0,6.0,D. Tarasov,2,0.0,6.0,28,33
2024020131,2024-10-26,20242025,REG,NSH,CBJ,1,14.0,OT,16.0,4,3,39.0,6.0,S. Wedgewood,2,0.0,8.0,33,28
2024020132,2024-10-26,20242025,REG,CHI,DAL,0,22.0,REG,11.0,2,4,29.0,4.0,P. Mrazek,2,0.0,3.0,24,30
2024020132,2024-10-26,20242025,REG,DAL,CHI,1,13.0,REG,7.0,4,2,9.0,6.0,J. Oettinger,2,1.0,3.0,30,24
2024020133,2024-10-26,20242025,REG,PIT,VAN,0,13.0,REG,14.0,3,4,16.0,6.0,A. Nedeljkovic,2,0.0,4.0,24,34
2024020133,2024-10-26,20242025,REG,VAN,PIT,1,9.0,REG,13.0,4,3,24.0,4.0,K. Lankinen,2,0.0,7.0,34,24
2024020134,2024-10-26,20242025,REG,SJS,VGK,0,16.0,REG,7.0,3,7,35.0,8.0,V. Vanecek,2,0.0,6.0,26,42
2024020134,2024-10-26,20242025,REG,VGK,SJS,1,13.0,REG,12.0,7,3,17.0,4.0,I. Samsonov,2,1.0,6.0,42,26
2024020135,2024-10-26,20242025,REG,CAR,SEA,0,6.0,REG,15.0,4,1,13.0,6.0,F. Andersen,2,1.0,7.0,39,19
2024020135,2024-10-26,20242025,REG,SEA,CAR,1,23.0,REG,14.0,1,4,25.0,12.0,J. Daccord,2,0.0,5.0,19,39
2024020136,2024-10-27,20242025,REG,EDM,DET,0,14.0,OT,17.0,3,2,11.0,7.0,C. Pickard,2,0.0,1.0,34,26
2024020136,2024-10-27,20242025,REG,DET,EDM,1,20.0,OT,11.0,2,3,23.0,9.0,C. Talbot,2,0.0,1.0,26,34
2024020137,2024-10-27,20242025,REG,ANA,NJD,0,13.0,REG,17.0,2,6,20.0,7.0,J. Reimer,2,0.0,2.0,26,34
2024020137,2024-10-27,20242025,REG,NJD,ANA,1,10.0,REG,13.0,6,2,24.0,11.0,J. Markstrom,2,1.0,0.0,34,26
2024020138,2024-10-27,20242025,REG,MTL,PHI,0,22.0,REG,14.0,4,3,18.0,6.0,C. Primeau,2,1.0,9.0,24,26
2024020138,2024-10-27,20242025,REG,PHI,MTL,1,12.0,REG,21.0,3,4,28.0,4.0,A. Kolosov,2,0.0,9.0,26,24
2024020139,2024-10-27,20242025,REG,OTT,COL,0,23.0,REG,15.0,4,5,38.0,2.0,A. Forsberg,2,0.0,4.0,30,32
2024020139,2024-10-27,20242025,REG,COL,OTT,1,8.0,REG,14.0,5,4,20.0,2.0,J. Annunen,2,0.0,4.0,32,30
2024020140,2024-10-28,20242025,REG,FLA,BUF,0,11.0,REG,12.0,5,2,19.0,10.0,S. Bobrovsky,2,2.0,6.0,31,28
2024020140,2024-10-28,20242025,REG,BUF,FLA,1,14.0,REG,9.0,2,5,24.0,12.0,U. Luukkonen,2,1.0,5.0,28,31
2024020141,2024-10-28,20242025,REG,NSH,TBL,0,21.0,OT,13.0,2,3,33.0,6.0,J. Saros,2,1.0,1.0,37,27
2024020141,2024-10-28,20242025,REG,TBL,NSH,1,13.0,OT,10.0,3,2,13.0,8.0,A. Vasilevskiy,2,0.0,1.0,27,37
2024020142,2024-10-28,20242025,REG,EDM,CBJ,0,9.0,REG,17.0,1,6,10.0,8.0,S. Skinner,2,1.0,4.0,32,25
2024020142,2024-10-28,20242025,REG,CBJ,EDM,1,13.0,REG,16.0,6,1,20.0,10.0,E. Merzlikins,2,1.0,4.0,25,32
2024020143,2024-10-28,20242025,REG,TOR,WPG,0,18.0,REG,11.0,6,4,25.0,8.0,A. Stolarz,2,0.0,10.0,36,23
2024020143,2024-10-28,20242025,REG,WPG,TOR,1,11.0,REG,6.0,4,6,21.0,4.0,C. Hellebuyck,2,2.0,9.0,23,36
2024020144,2024-10-28,20242025,REG,CHI,COL,0,17.0,REG,10.0,5,2,15.0,8.0,P. Mrazek,2,1.0,7.0,26,26
2024020144,2024-10-28,20242025,REG,COL,CHI,1,13.0,REG,17.0,2,5,19.0,6.0,A. Georgiev,2,1.0,8.0,26,26
2024020145,2024-10-28,20242025,REG,SJS,UTA,0,14.0,OT,8.0,5,4,29.0,9.0,M. Blackwood,2,1.0,6.0,46,23
2024020145,2024-10-28,20242025,REG,UTA,SJS,1,18.0,OT,15.0,4,5,21.0,13.0,C. Ingram,2,0.0,4.0,23,46
2024020146,2024-10-28,20242025,REG,CAR,VAN,0,12.0,OT,13.0,4,3,23.0,6.0,P. Kochetkov,2,0.0,3.0,32,27
2024020146,2024-10-28,20242025,REG,VAN,CAR,1,8.0,OT,11.0,3,4,28.0,6.0,K. Lankinen,2,0.0,3.0,27,32
2024020147,2024-10-28,20242025,REG,CGY,VGK,0,23.0,REG,18.0,0,5,23.0,4.0,D. Vladar,2,0.0,11.0,16,38
2024020147,2024-10-28,20242025,REG,VGK,CGY,1,23.0,REG,15.0,5,0,10.0,2.0,A. Hill,2,0.0,15.0,38,16
2024020148,2024-10-29,20242025,REG,PHI,BOS,0,28.0,REG,14.0,2,0,28.0,8.0,S. Ersson,2,0.0,8.0,19,25
2024020148,2024-10-29,20242025,REG,BOS,PHI,1,11.0,REG,15.0,0,2,23.0,6.0,J. Korpisalo,2,0.0,11.0,25,19
2024020149,2024-10-29,20242025,REG,SEA,MTL,0,17.0,REG,12.0,8,2,16.0,12.0,J. Daccord,2,3.0,4.0,23,30
2024020149,2024-10-29,20242025,REG,MTL,SEA,1,13.0,REG,11.0,2,8,19.0,26.0,S. Montembeault,2,0.0,2.0,30,23
2024020150,2024-10-29,20242025,REG,STL,OTT,0,13.0,REG,22.0,1,8,31.0,10.0,J. Hofer,2,1.0,4.0,27,35
2024020150,2024-10-29,20242025,REG,OTT,STL,1,18.0,REG,9.0,8,1,21.0,12.0,L. Ullmark,2,2.0,2.0,35,27
2024020151,2024-10-29,20242025,REG,NYR,WSH,0,13.0,REG,18.0,3,5,22.0,13.0,I. Shesterkin,2,1.0,4.0,19,46
2024020151,2024-10-29,20242025,REG,WSH,NYR,1,10.0,REG,10.0,5,3,17.0,11.0,L. Thompson,2,0.0,3.0,46,19
2024020152,2024-10-29,20242025,REG,ANA,NYI,0,25.0,REG,14.0,3,1,22.0,8.0,L. Dostal,2,2.0,8.0,22,41
2024020152,2024-10-29,20242025,REG,NYI,ANA,1,14.0,REG,12.0,1,3,16.0,6.0,I. Sorokin,2,1.0,6.0,41,22
2024020153,2024-10-29,20242025,REG,MIN,PIT,0,16.0,REG,13.0,5,3,15.0,9.0,M. Fleury,2,0.0,4.0,40,29
2024020153,2024-10-29,20242025,REG,PIT,MIN,1,11.0,REG,15.0,3,5,15.0,15.0,J. Blomqvist,2,1.0,3.0,29,40
2024020154,2024-10-29,20242025,REG,LAK,SJS,0,11.0,REG,13.0,2,4,15.0,8.0,D. Rittich,2,0.0,10.0,28,21
2024020154,2024-10-29,20242025,REG,SJS,LAK,1,24.0,REG,12.0,4,2,21.0,8.0,V. Vanecek,2,0.0,6.0,21,28
2024020155,2024-10-30,20242025,REG,NYI,CBJ,0,12.0,REG,22.0,0,2,23.0,0.0,S. Varlamov,2,0.0,10.0,26,26
2024020155,2024-10-30,20242025,REG,CBJ,NYI,1,20.0,REG,16.0,2,0,18.0,2.0,E. Merzlikins,2,0.0,3.0,26,26
2024020156,2024-10-30,20242025,REG,WPG,DET,0,17.0,REG,12.0,6,2,10.0,6.0,C. Hellebuyck,2,1.0,3.0,29,21
2024020156,2024-10-30,20242025,REG,DET,WPG,1,6.0,REG,17.0,2,6,31.0,4.0,A. Lyon,2,2.0,8.0,21,29
2024020157,2024-10-30,20242025,REG,TBL,COL,0,17.0,REG,18.0,5,2,12.0,15.0,A. Vasilevskiy,2,0.0,2.0,21,35
2024020157,2024-10-30,20242025,REG,COL,TBL,1,11.0,REG,9.0,2,5,24.0,24.0,K. Kahkonen,2,1.0,1.0,35,21
2024020158,2024-10-30,20242025,REG,CGY,UTA,0,21.0,REG,20.0,1,5,30.0,10.0,D. Wolf,2,0.0,4.0,31,28
2024020158,2024-10-30,20242025,REG,UTA,CGY,1,12.0,REG,17.0,5,1,15.0,8.0,C. Ingram,2,2.0,9.0,28,31
2024020159,2024-10-30,20242025,REG,NJD,VAN,0,15.0,REG,14.0,6,0,20.0,15.0,J. Markstrom,2,1.0,8.0,22,20
2024020159,2024-10-30,20242025,REG,VAN,NJD,1,14.0,REG,7.0,0,6,43.0,11.0,A. Silovs,2,0.0,5.0,20,22
2024020160,2024-10-30,20242025,REG,VGK,LAK,0,7.0,REG,16.0,3,6,21.0,9.0,I. Samsonov,2,1.0,11.0,26,27
2024020160,2024-10-30,20242025,REG,LAK,VGK,1,10.0,REG,8.0,6,3,27.0,13.0,D. Kuemper,2,1.0,6.0,27,26
2024020161,2024-10-31,20242025,REG,SEA,TOR,0,22.0,REG,18.0,1,4,30.0,4.0,J. Daccord,2,0.0,5.0,25,30
2024020161,2024-10-31,20242025,REG,TOR,SEA,1,15.0,REG,22.0,4,1,34.0,6.0,J. Woll,2,0.0,6.0,30,25
2024020162,2024-10-31,20242025,REG,STL,PHI,0,14.0,REG,8.0,1,2,24.0,6.0,J. Binnington,2,0.0,4.0,21,21
2024020162,2024-10-31,20242025,REG,PHI,STL,1,24.0,REG,10.0,2,1,10.0,4.0,S. Ersson,2,0.0,8.0,21,21
2024020163,2024-10-31,20242025,REG,ANA,PIT,0,26.0,OT,23.0,1,2,27.0,6.0,L. Dostal,2,0.0,7.0,23,45
2024020163,2024-10-31,20242025,REG,PIT,ANA,1,13.0,OT,11.0,2,1,17.0,2.0,A. Nedeljkovic,2,0.0,2.0,45,23
2024020164,2024-10-31,20242025,REG,MTL,WSH,0,24.0,REG,24.0,3,6,23.0,15.0,C. Primeau,2,1.0,3.0,15,34
2024020164,2024-10-31,20242025,REG,WSH,MTL,1,22.0,REG,14.0,6,3,22.0,15.0,C. Lindgren,2,1.0,3.0,34,15
2024020165,2024-10-31,20242025,REG,BOS,CAR,0,13.0,REG,13.0,2,8,32.0,10.0,J. Swayman,2,1.0,6.0,15,37
2024020165,2024-10-31,20242025,REG,CAR,BOS,1,7.0,REG,19.0,8,2,12.0,8.0,P. Kochetkov,2,3.0,11.0,37,15
2024020166,2024-10-31,20242025,REG,EDM,NSH,0,19.0,REG,9.0,5,1,20.0,16.0,C. Pickard,2,0.0,7.0,29,27
2024020166,2024-10-31,20242025,REG,NSH,EDM,1,11.0,REG,9.0,1,5,30.0,12.0,J. Saros,2,1.0,5.0,27,29
2024020167,2024-10-31,20242025,REG,CHI,SJS,0,9.0,REG,13.0,2,3,13.0,2.0,P. Mrazek,2,0.0,7.0,29,29
2024020167,2024-10-31,20242025,REG,SJS,CHI,1,26.0,REG,13.0,3,2,20.0,6.0,M. Blackwood,2,1.0,7.0,29,29
2024020168,2024-11-01,20242025,REG,FLA,DAL,0,12.0,REG,13.0,6,4,17.0,8.0,S. Bobrovsky,2,1.0,8.0,28,36
2024020168,2024-11-01,20242025,REG,DAL,FLA,1,18.0,REG,19.0,4,6,21.0,6.0,J. Oettinger,2,0.0,7.0,36,28
2024020169,2024-11-01,20242025,REG,NYI,BUF,0,23.0,REG,12.0,4,3,18.0,15.0,I. Sorokin,2,1.0,3.0,36,35
2024020169,2024-11-01,20242025,REG,BUF,NYI,1,9.0,REG,9.0,3,4,18.0,15.0,D. Levi,2,1.0,4.0,35,36
2024020170,2024-11-01,20242025,REG,OTT,NYR,0,8.0,REG,22.0,1,2,28.0,4.0,L. Ullmark,2,0.0,5.0,41,18
2024020170,2024-11-01,20242025,REG,NYR,OTT,1,23.0,REG,23.0,2,1,28.0,10.0,I. Shesterkin,2,1.0,3.0,18,41
2024020171,2024-11-01,20242025,REG,WPG,CBJ,0,11.0,REG,12.0,6,2,17.0,4.0,E. Comrie,2,1.0,8.0,44,22
2024020171,2024-11-01,20242025,REG,CBJ,WPG,1,13.0,REG,17.0,2,6,20.0,4.0,E. Merzlikins,2,1.0,5.0,22,44
2024020172,2024-11-01,20242025,REG,TBL,MIN,0,10.0,REG,7.0,3,5,11.0,7.0,A. Vasilevskiy,2,2.0,3.0,30,22
2024020172,2024-11-01,20242025,REG,MIN,TBL,1,18.0,REG,14.0,5,3,22.0,11.0,F. Gustavsson,2,0.0,5.0,22,30
2024020173,2024-11-01,20242025,REG,NJD,CGY,0,15.0,REG,19.0,0,3,22.0,25.0,J. Markstrom,2,0.0,5.0,22,32
2024020173,2024-11-01,20242025,REG,CGY,NJD,1,18.0,REG,14.0,3,0,30.0,13.0,D. Vladar,2,0.0,5.0,32,22
2024020174,2024-11-02,20242025,REG,DAL,FLA,0,6.0,REG,32.0,2,4,26.0,15.0,C. DeSmith,2,1.0,5.0,25,25
2024020174,2024-11-02,20242025,REG,FLA,DAL,1,16.0,REG,16.0,4,2,22.0,15.0,S. Knight,2,1.0,8.0,25,25
2024020175,2024-11-02,20242025,REG,BOS,PHI,0,18.0,REG,11.0,3,0,22.0,14.0,J. Korpisalo,2,0.0,6.0,31,20
2024020175,2024-11-02,20242025,REG,PHI,BOS,1,19.0,REG,15.0,0,3,30.0,12.0,S. Ersson,2,0.0,5.0,20,31
2024020176,2024-11-02,20242025,REG,CHI,LAK,0,17.0,SO,12.0,4,3,25.0,11.0,P. Mrazek,2,0.0,3.0,21,40
2024020176,2024-11-02,20242025,REG,LAK,CHI,1,13.0,SO,13.0,3,4,24.0,9.0,D. Kuemper,2,1.0,6.0,40,21
2024020177,2024-11-02,20242025,REG,CBJ,WSH,0,10.0,REG,13.0,2,7,17.0,2.0,D. Tarasov,2,0.0,10.0,36,22
2024020177,2024-11-02,20242025,REG,WSH,CBJ,1,30.0,REG,21.0,7,2,14.0,6.0,L. Thompson,2,0.0,4.0,22,36
2024020178,2024-11-02,20242025,REG,SEA,OTT,0,15.0,REG,16.0,0,3,14.0,4.0,P. Grubauer,2,0.0,5.0,22,23
2024020178,2024-11-02,20242025,REG,OTT,SEA,1,14.0,REG,11.0,3,0,25.0,8.0,A. Forsberg,2,0.0,2.0,23,22
2024020179,2024-11-02,20242025,REG,BUF,DET,0,18.0,REG,13.0,1,2,17.0,8.0,U. Luukkonen,2,0.0,5.0,32,23
2024020179,2024-11-02,20242025,REG,DET,BUF,1,16.0,REG,15.0,2,1,11.0,4.0,C. Talbot,2,2.0,4.0,23,32
2024020180,2024-11-02,20242025,REG,MTL,PIT,0,24.0,REG,20.0,1,3,28.0,13.0,S. Montembeault,2,0.0,4.0,26,24
2024020180,2024-11-02,20242025,REG,PIT,MTL,1,19.0,REG,14.0,3,1,19.0,11.0,A. Nedeljkovic,2,1.0,5.0,24,26
2024020181,2024-11-02,20242025,REG,TOR,STL,0,13.0,REG,11.0,2,4,18.0,20.0,J. Woll,2,0.0,7.0,37,24
2024020181,2024-11-02,20242025,REG,STL,TOR,1,17.0,REG,14.0,4,2,17.0,20.0,J. Binnington,2,0.0,3.0,24,37
2024020182,2024-11-02,20242025,REG,COL,NSH,0,15.0,REG,23.0,2,5,26.0,6.0,J. Annunen,2,1.0,11.0,31,26
2024020182,2024-11-02,20242025,REG,NSH,COL,1,25.0,REG,15.0,5,2,23.0,8.0,J. Saros,2,2.0,4.0,26,31
2024020183,2024-11-02,20242025,REG,UTA,VGK,0,9.0,OT,13.0,3,4,21.0,7.0,C. Ingram,2,0.0,8.0,19,35
2024020183,2024-11-02,20242025,REG,VGK,UTA,1,14.0,OT,13.0,4,3,22.0,5.0,A. Hill,2,0.0,10.0,35,19
2024020184,2024-11-02,20242025,REG,VAN,SJS,0,13.0,REG,25.0,3,2,24.0,4.0,K. Lankinen,2,0.0,5.0,28,23
2024020184,2024-11-02,20242025,REG,SJS,VAN,1,22.0,REG,16.0,2,3,21.0,4.0,M. Blackwood,2,0.0,6.0,23,28
2024020185,2024-11-03,20242025,REG,NYI,NYR,0,10.0,REG,23.0,2,5,17.0,6.0,I. Sorokin,2,0.0,12.0,37,40
2024020185,2024-11-03,20242025,REG,NYR,NYI,1,18.0,REG,14.0,5,2,19.0,10.0,I. Shesterkin,2,1.0,11.0,40,37
2024020186,2024-11-03,20242025,REG,TBL,WPG,0,5.0,REG,8.0,4,7,16.0,31.0,J. Johansson,2,1.0,6.0,30,34
2024020186,2024-11-03,20242025,REG,WPG,TBL,1,13.0,REG,7.0,7,4,31.0,17.0,C. Hellebuyck,2,1.0,5.0,34,30
2024020187,2024-11-03,20242025,REG,SEA,BOS,0,15.0,REG,19.0,0,2,18.0,15.0,J. Daccord,2,0.0,4.0,23,33
2024020187,2024-11-03,20242025,REG,BOS,SEA,1,27.0,REG,16.0,2,0,15.0,11.0,J. Swayman,2,1.0,5.0,33,23
2024020188,2024-11-03,20242025,REG,WSH,CAR,0,16.0,REG,15.0,2,4,20.0,6.0,C. Lindgren,2,1.0,2.0,21,45
2024020188,2024-11-03,20242025,REG,CAR,WSH,1,11.0,REG,14.0,4,2,10.0,8.0,P. Kochetkov,2,0.0,7.0,45,21
2024020189,2024-11-03,20242025,REG,TOR,MIN,0,24.0,OT,10.0,1,2,30.0,8.0,A. Stolarz,2,1.0,2.0,28,33
2024020189,2024-11-03,20242025,REG,MIN,TOR,1,8.0,OT,15.0,2,1,22.0,6.0,F. Gustavsson,2,0.0,7.0,33,28
2024020190,2024-11-03,20242025,REG,EDM,CGY,0,25.0,REG,10.0,4,2,19.0,6.0,S. Skinner,2,1.0,2.0,31,31
2024020190,2024-11-03,20242025,REG,CGY,EDM,1,15.0,REG,22.0,2,4,13.0,6.0,D. Vladar,2,1.0,4.0,31,31
2024020191,2024-11-03,20242025,REG,CHI,ANA,0,26.0,REG,12.0,4,2,9.0,25.0,A. Soderblom,2,2.0,6.0,29,40
2024020191,2024-11-03,20242025,REG,ANA,CHI,1,7.0,REG,16.0,2,4,19.0,9.0,L. Dostal,2,1.0,6.0,40,29
2024020192,2024-11-04,20242025,REG,LAK,NSH,0,12.0,REG,10.0,3,0,12.0,18.0,D. Kuemper,2,0.0,8.0,27,16
2024020192,2024-11-04,20242025,REG,NSH,LAK,1,14.0,REG,10.0,0,3,21.0,20.0,J. Saros,2,0.0,3.0,16,27
2024020193,2024-11-04,20242025,REG,NJD,EDM,0,14.0,REG,12.0,3,0,23.0,4.0,J. Allen,2,1.0,5.0,16,31
2024020193,2024-11-04,20242025,REG,EDM,NJD,1,9.0,REG,19.0,0,3,5.0,2.0,C. Pickard,2,0.0,7.0,31,16
2024020194,2024-11-05,20242025,REG,OTT,BUF,0,11.0,REG,7.0,1,5,35.0,21.0,L. Ullmark,2,0.0,2.0,38,34
2024020194,2024-11-05,20242025,REG,BUF,OTT,1,11.0,REG,12.0,5,1,37.0,21.0,U. Luukkonen,2,2.0,3.0,34,38
2024020195,2024-11-05,20242025,REG,BOS,TOR,0,10.0,REG,13.0,0,4,32.0,16.0,J. Swayman,2,0.0,5.0,29,27
2024020195,2024-11-05,20242025,REG,TOR,BOS,1,12.0,REG,8.0,4,0,19.0,12.0,A. Stolarz,2,3.0,4.0,27,29
2024020196,2024-11-05,20242025,REG,CGY,MTL,0,13.0,OT,11.0,3,2,29.0,6.0,D. Wolf,2,0.0,7.0,35,24
2024020196,2024-11-05,20242025,REG,MTL,CGY,1,22.0,OT,21.0,2,3,25.0,2.0,S. Montembeault,2,1.0,6.0,24,35
2024020197,2024-11-05,20242025,REG,PHI,CAR,0,20.0,REG,14.0,4,6,18.0,4.0,A. Kolosov,2,1.0,12.0,16,35
2024020197,2024-11-05,20242025,REG,CAR,PHI,1,9.0,REG,5.0,6,4,13.0,6.0,P. Kochetkov,2,0.0,4.0,35,16
2024020198,2024-11-05,20242025,REG,PIT,NYI,0,10.0,SO,16.0,3,4,23.0,8.0,A. Nedeljkovic,2,1.0,10.0,35,26
2024020198,2024-11-05,20242025,REG,NYI,PIT,1,14.0,SO,11.0,4,3,21.0,6.0,I. Sorokin,2,1.0,6.0,26,35
2024020199,2024-11-05,20242025,REG,TBL,STL,0,11.0,REG,8.0,2,3,12.0,2.0,A. Vasilevskiy,2,0.0,6.0,23,23
2024020199,2024-11-05,20242025,REG,STL,TBL,1,18.0,REG,18.0,3,2,24.0,6.0,J. Binnington,2,0.0,7.0,23,23
2024020200,2024-11-05,20242025,REG,LAK,MIN,0,13.0,REG,9.0,5,1,25.0,8.0,D. Rittich,2,1.0,4.0,28,24
2024020200,2024-11-05,20242025,REG,MIN,LAK,1,9.0,REG,13.0,1,5,11.0,4.0,F. Gustavsson,2,0.0,7.0,24,28
2024020201,2024-11-05,20242025,REG,UTA,WPG,0,5.0,REG,23.0,0,3,19.0,4.0,K. Vejmelka,2,0.0,3.0,21,28
2024020201,2024-11-05,20242025,REG,WPG,UTA,1,18.0,REG,18.0,3,0,24.0,8.0,C. Hellebuyck,2,1.0,6.0,28,21
2024020202,2024-11-05,20242025,REG,SEA,COL,0,21.0,REG,17.0,3,6,22.0,18.0,P. Grubauer,2,1.0,5.0,20,32
2024020202,2024-11-05,20242025,REG,COL,SEA,1,22.0,REG,18.0,6,3,20.0,6.0,J. Annunen,2,3.0,2.0,32,20
2024020203,2024-11-05,20242025,REG,VAN,ANA,0,7.0,REG,7.0,5,1,17.0,8.0,K. Lankinen,2,1.0,8.0,37,22
2024020203,2024-11-05,20242025,REG,ANA,VAN,1,19.0,REG,12.0,1,5,16.0,10.0,L. Dostal,2,1.0,3.0,22,37
2024020204,2024-11-05,20242025,REG,CBJ,SJS,0,11.0,OT,12.0,1,2,17.0,10.0,E. Merzlikins,2,0.0,8.0,50,27
2024020204,2024-11-05,20242025,REG,SJS,CBJ,1,16.0,OT,7.0,2,1,23.0,8.0,V. Vanecek,2,0.0,3.0,27,50
2024020205,2024-11-06,20242025,REG,NSH,WSH,0,20.0,REG,11.0,2,3,34.0,10.0,J. Saros,2,0.0,7.0,35,36
2024020205,2024-11-06,20242025,REG,WSH,NSH,1,19.0,REG,18.0,3,2,34.0,4.0,L. Thompson,2,0.0,6.0,36,35
2024020206,2024-11-06,20242025,REG,DET,CHI,0,15.0,REG,18.0,4,1,7.0,4.0,C. Talbot,2,0.0,7.0,25,29
2024020206,2024-11-06,20242025,REG,CHI,DET,1,15.0,REG,18.0,1,4,22.0,4.0,P. Mrazek,2,0.0,5.0,29,25
2024020207,2024-11-06,20242025,REG,VGK,EDM,0,14.0,REG,3.0,4,2,16.0,2.0,A. Hill,2,1.0,1.0,35,29
2024020207,2024-11-06,20242025,REG,EDM,VGK,1,8.0,REG,8.0,2,4,29.0,4.0,S. Skinner,2,0.0,8.0,29,35
2024020208,2024-11-07,20242025,REG,CGY,BOS,0,17.0,OT,23.0,3,4,12.0,6.0,D. Wolf,2,1.0,7.0,37,38
2024020208,2024-11-07,20242025,REG,BOS,CGY,1,12.0,OT,21.0,4,3,22.0,10.0,J. Korpisalo,2,0.0,10.0,38,37
2024020209,2024-11-07,20242025,REG,NYI,OTT,0,22.0,REG,17.0,4,2,20.0,8.0,S. Varlamov,2,0.0,4.0,25,30
2024020209,2024-11-07,20242025,REG,OTT,NYI,1,15.0,REG,21.0,2,4,31.0,6.0,A. Forsberg,2,1.0,13.0,30,25
2024020210,2024-11-07,20242025,REG,PHI,TBL,0,16.0,SO,19.0,2,1,23.0,4.0,I. Fedotov,2,0.0,10.0,31,23
2024020210,2024-11-07,20242025,REG,TBL,PHI,1,13.0,SO,28.0,1,2,14.0,4.0,A. Vasilevskiy,2,0.0,4.0,23,31
2024020211,2024-11-07,20242025,REG,NSH,FLA,0,13.0,REG,12.0,2,6,39.0,22.0,S. Wedgewood,2,1.0,2.0,18,34
2024020211,2024-11-07,20242025,REG,FLA,NSH,1,10.0,REG,16.0,6,2,21.0,18.0,S. Bobrovsky,2,2.0,1.0,34,18
2024020212,2024-11-07,20242025,REG,MTL,NJD,0,13.0,REG,11.0,3,5,25.0,6.0,S. Montembeault,2,0.0,3.0,24,27
2024020212,2024-11-07,20242025,REG,NJD,MTL,1,14.0,REG,10.0,5,3,22.0,4.0,J. Markstrom,2,0.0,3.0,27,24
2024020213,2024-11-07,20242025,REG,BUF,NYR,0,21.0,REG,21.0,6,1,17.0,8.0,U. Luukkonen,2,1.0,5.0,22,26
2024020213,2024-11-07,20242025,REG,NYR,BUF,1,10.0,REG,10.0,1,6,34.0,8.0,I. Shesterkin,2,0.0,5.0,26,22
2024020214,2024-11-07,20242025,REG,PIT,CAR,0,12.0,REG,8.0,1,5,28.0,2.0,A. Nedeljkovic,2,0.0,7.0,36,18
2024020214,2024-11-07,20242025,REG,CAR,PIT,1,18.0,REG,10.0,5,1,11.0,8.0,P. Kochetkov,2,0.0,7.0,18,36
2024020215,2024-11-07,20242025,REG,UTA,STL,0,17.0,REG,16.0,4,2,21.0,22.0,C. Ingram,2,0.0,5.0,31,15
2024020215,2024-11-07,20242025,REG,STL,UTA,1,18.0,REG,15.0,2,4,30.0,21.0,J. Hofer,2,0.0,3.0,15,31
2024020216,2024-11-07,20242025,REG,CHI,DAL,0,22.0,REG,16.0,1,3,39.0,6.0,A. Soderblom,2,1.0,6.0,26,40
2024020216,2024-11-07,20242025,REG,DAL,CHI,1,11.0,REG,17.0,3,1,15.0,6.0,J. Oettinger,2,0.0,3.0,40,26
2024020217,2024-11-07,20242025,REG,COL,WPG,0,15.0,REG,14.0,0,1,18.0,4.0,A. Georgiev,2,0.0,9.0,35,28
2024020217,2024-11-07,20242025,REG,WPG,COL,1,15.0,REG,12.0,1,0,10.0,2.0,C. Hellebuyck,2,0.0,5.0,28,35
2024020218,2024-11-07,20242025,REG,VAN,LAK,0,18.0,REG,11.0,4,2,33.0,12.0,K. Lankinen,2,1.0,4.0,23,28
2024020218,2024-11-07,20242025,REG,LAK,VAN,1,21.0,REG,15.0,2,4,26.0,21.0,D. Kuemper,2,0.0,3.0,28,23
2024020219,2024-11-07,20242025,REG,MIN,SJS,0,9.0,REG,13.0,5,2,16.0,6.0,M. Fleury,2,1.0,5.0,31,26
2024020219,2024-11-07,20242025,REG,SJS,MIN,1,17.0,REG,17.0,2,5,20.0,6.0,V. Vanecek,2,0.0,5.0,26,31
2024020220,2024-11-08,20242025,REG,DET,TOR,0,18.0,REG,15.0,1,3,14.0,2.0,C. Talbot,2,1.0,6.0,22,20
2024020220,2024-11-08,20242025,REG,TOR,DET,1,20.0,REG,17.0,3,1,23.0,6.0,A. Stolarz,2,2.0,2.0,20,22
2024020221,2024-11-08,20242025,REG,PIT,WSH,0,18.0,REG,21.0,4,2,19.0,6.0,J. Blomqvist,2,0.0,10.0,32,34
2024020221,2024-11-08,20242025,REG,WSH,PIT,1,16.0,REG,10.0,2,4,20.0,4.0,C. Lindgren,2,0.0,1.0,34,32
2024020222,2024-11-08,20242025,REG,MIN,ANA,0,21.0,REG,19.0,5,2,9.0,16.0,F. Gustavsson,2,1.0,5.0,31,35
2024020222,2024-11-08,20242025,REG,ANA,MIN,1,18.0,REG,12.0,2,5,21.0,10.0,L. Dostal,2,0.0,2.0,35,31
2024020223,2024-11-08,20242025,REG,VGK,SEA,0,10.0,OT,11.0,3,4,26.0,2.0,A. Hill,2,1.0,7.0,24,32
2024020223,2024-11-08,20242025,REG,SEA,VGK,1,16.0,OT,7.0,4,3,31.0,8.0,J. Daccord,2,0.0,10.0,32,24
2024020224,2024-11-09,20242025,REG,CGY,BUF,0,15.0,SO,12.0,2,3,20.0,6.0,D. Vladar,2,0.0,3.0,26,19
2024020224,2024-11-09,20242025,REG,BUF,CGY,1,19.0,SO,13.0,3,2,18.0,6.0,U. Luukkonen,2,1.0,8.0,19,26
2024020225,2024-11-09,20242025,REG,PHI,FLA,0,16.0,SO,10.0,3,4,23.0,4.0,S. Ersson,2,0.0,6.0,37,31
2024020225,2024-11-09,20242025,REG,FLA,PHI,1,7.0,SO,14.0,4,3,16.0,6.0,S. Bobrovsky,2,0.0,3.0,31,37
2024020226,2024-11-09,20242025,REG,OTT,BOS,0,13.0,OT,15.0,3,2,35.0,4.0,L. Ullmark,2,1.0,6.0,34,16
2024020226,2024-11-09,20242025,REG,BOS,OTT,1,16.0,OT,21.0,2,3,42.0,4.0,J. Swayman,2,0.0,3.0,16,34
2024020227,2024-11-09,20242025,REG,MTL,TOR,0,7.0,REG,12.0,1,4,20.0,10.0,S. Montembeault,2,1.0,6.0,21,27
2024020227,2024-11-09,20242025,REG,TOR,MTL,1,21.0,REG,12.0,4,1,24.0,6.0,J. Woll,2,2.0,4.0,27,21
2024020228,2024-11-09,20242025,REG,NYR,DET,0,22.0,REG,20.0,4,0,25.0,4.0,J. Quick,2,1.0,2.0,24,37
2024020228,2024-11-09,20242025,REG,DET,NYR,1,14.0,REG,20.0,0,4,5.0,4.0,V. Husso,2,0.0,3.0,37,24
2024020229,2024-11-09,20242025,REG,WSH,STL,0,18.0,REG,21.0,8,1,18.0,8.0,L. Thompson,2,2.0,1.0,27,25
2024020229,2024-11-09,20242025,REG,STL,WSH,1,7.0,REG,21.0,1,8,25.0,6.0,J. Binnington,2,0.0,3.0,25,27
2024020230,2024-11-09,20242025,REG,DAL,WPG,0,9.0,REG,15.0,1,4,18.0,27.0,J. Oettinger,2,0.0,5.0,33,25
2024020230,2024-11-09,20242025,REG,WPG,DAL,1,17.0,REG,13.0,4,1,18.0,15.0,C. Hellebuyck,2,2.0,6.0,25,33
2024020231,2024-11-09,20242025,REG,NJD,NYI,0,10.0,OT,10.0,4,3,24.0,0.0,J. Markstrom,2,1.0,14.0,33,22
2024020231,2024-11-09,20242025,REG,NYI,NJD,1,13.0,OT,16.0,3,4,34.0,4.0,I. Sorokin,2,0.0,8.0,22,33
2024020232,2024-11-09,20242025,REG,UTA,NSH,0,9.0,REG,16.0,0,4,18.0,13.0,C. Ingram,2,0.0,7.0,27,21
2024020232,2024-11-09,20242025,REG,NSH,UTA,1,12.0,REG,10.0,4,0,35.0,9.0,J. Saros,2,2.0,7.0,21,27
2024020233,2024-11-09,20242025,REG,CAR,COL,0,13.0,REG,7.0,4,6,16.0,8.0,S. Martin,2,1.0,1.0,31,29
2024020233,2024-11-09,20242025,REG,COL,CAR,1,10.0,REG,9.0,6,4,7.0,8.0,A. Georgiev,2,1.0,9.0,29,31
2024020234,2024-11-09,20242025,REG,CBJ,LAK,0,12.0,REG,10.0,2,5,16.0,13.0,E. Merzlikins,2,1.0,4.0,26,23
2024020234,2024-11-09,20242025,REG,LAK,CBJ,1,22.0,REG,14.0,5,2,8.0,9.0,D. Rittich,2,1.0,5.0,23,26
2024020235,2024-11-09,20242025,REG,EDM,VAN,0,8.0,REG,19.0,7,3,10.0,4.0,S. Skinner,2,1.0,3.0,31,20
2024020235,2024-11-09,20242025,REG,VAN,EDM,1,11.0,REG,13.0,3,7,34.0,6.0,K. Lankinen,2,1.0,4.0,20,31
2024020236,2024-11-10,20242025,REG,SJS,NJD,0,25.0,REG,14.0,1,0,19.0,4.0,M. Blackwood,2,0.0,3.0,27,44
2024020236,2024-11-10,20242025,REG,NJD,SJS,1,14.0,REG,16.0,0,1,18.0,6.0,J. Allen,2,0.0,4.0,44,27
2024020237,2024-11-10,20242025,REG,MIN,CHI,0,9.0,OT,14.0,1,2,25.0,6.0,F. Gustavsson,2,0.0,5.0,33,22
2024020237,2024-11-10,20242025,REG,CHI,MIN,1,13.0,OT,8.0,2,1,16.0,6.0,P. Mrazek,2,0.0,5.0,22,33
2024020238,2024-11-10,20242025,REG,CBJ,ANA,0,16.0,REG,8.0,2,4,18.0,4.0,D. Tarasov,2,1.0,8.0,40,30
2024020238,2024-11-10,20242025,REG,ANA,CBJ,1,21.0,REG,16.0,4,2,20.0,4.0,J. Gibson,2,0.0,4.0,30,40
2024020239,2024-11-11,20242025,REG,MTL,BUF,0,14.0,REG,13.0,7,5,16.0,10.0,C. Primeau,2,2.0,6.0,23,18
2024020239,2024-11-11,20242025,REG,BUF,MTL,1,13.0,REG,12.0,5,7,23.0,12.0,U. Luukkonen,2,1.0,3.0,18,23
2024020240,2024-11-11,20242025,REG,SJS,PHI,0,19.0,SO,14.0,3,4,21.0,16.0,V. Vanecek,2,0.0,2.0,31,43
2024020240,2024-11-11,20242025,REG,PHI,SJS,1,10.0,SO,14.0,4,3,23.0,14.0,S. Ersson,2,1.0,12.0,43,31
2024020241,2024-11-11,20242025,REG,DAL,PIT,0,8.0,REG,12.0,7,1,12.0,2.0,J. Oettinger,2,2.0,5.0,40,21
2024020241,2024-11-11,20242025,REG,PIT,DAL,1,16.0,REG,15.0,1,7,16.0,8.0,J. Blomqvist,2,0.0,4.0,21,40
2024020242,2024-11-11,20242025,REG,LAK,CGY,0,18.0,REG,18.0,1,3,25.0,9.0,D. Kuemper,2,0.0,4.0,29,28
2024020242,2024-11-11,20242025,REG,CGY,LAK,1,36.0,REG,15.0,3,1,23.0,9.0,D. Wolf,2,0.0,5.0,28,29
2024020243,2024-11-11,20242025,REG,NSH,COL,0,21.0,OT,19.0,2,3,23.0,4.0,J. Saros,2,0.0,2.0,30,32
2024020243,2024-11-11,20242025,REG,COL,NSH,1,21.0,OT,16.0,3,2,18.0,4.0,A. Georgiev,2,0.0,5.0,32,30
2024020244,2024-11-11,20242025,REG,CAR,VGK,0,17.0,REG,11.0,5,2,13.0,6.0,P. Kochetkov,2,0.0,5.0,34,32
2024020244,2024-11-11,20242025,REG,VGK,CAR,1,14.0,REG,17.0,2,5,27.0,8.0,A. Hill,2,1.0,4.0,32,34
2024020245,2024-11-12,20242025,REG,OTT,TOR,0,16.0,REG,11.0,3,0,25.0,10.0,L. Ullmark,2,0.0,4.0,41,27
2024020245,2024-11-12,20242025,REG,TOR,OTT,1,14.0,REG,20.0,0,3,25.0,8.0,A. Stolarz,2,0.0,6.0,27,41
2024020246,2024-11-12,20242025,REG,NJD,FLA,0,21.0,REG,18.0,4,1,25.0,15.0,J. Markstrom,2,0.0,4.0,24,35
2024020246,2024-11-12,20242025,REG,FLA,NJD,1,9.0,REG,14.0,1,4,36.0,11.0,S. Knight,2,1.0,4.0,35,24
2024020247,2024-11-12,20242025,REG,WPG,NYR,0,12.0,REG,23.0,6,3,13.0,6.0,C. Hellebuyck,2,1.0,3.0,33,36
2024020247,2024-11-12,20242025,REG,NYR,WPG,1,12.0,REG,16.0,3,6,21.0,4.0,I. Shesterkin,2,1.0,5.0,36,33
2024020248,2024-11-12,20242025,REG,BOS,STL,0,10.0,REG,18.0,3,2,29.0,6.0,J. Swayman,2,0.0,4.0,30,22
2024020248,2024-11-12,20242025,REG,STL,BOS,1,10.0,REG,15.0,2,3,17.0,8.0,J. Binnington,2,2.0,6.0,22,30
2024020249,2024-11-12,20242025,REG,NYI,EDM,0,18.0,OT,19.0,3,4,15.0,4.0,I. Sorokin,2,0.0,4.0,22,42
2024020249,2024-11-12,20242025,REG,EDM,NYI,1,14.0,OT,14.0,4,3,7.0,2.0,S. Skinner,2,1.0,10.0,42,22
2024020250,2024-11-12,20242025,REG,CGY,VAN,0,7.0,REG,19.0,1,3,13.0,6.0,D. Vladar,2,0.0,3.0,29,32
2024020250,2024-11-12,20242025,REG,VAN,CGY,1,16.0,REG,32.0,3,1,19.0,4.0,K. Lankinen,2,1.0,4.0,32,29
2024020251,2024-11-12,20242025,REG,CBJ,SEA,0,13.0,REG,15.0,2,5,25.0,6.0,E. Merzlikins,2,0.0,2.0,40,33
2024020251,2024-11-12,20242025,REG,SEA,CBJ,1,16.0,REG,18.0,5,2,14.0,0.0,J. Daccord,2,1.0,4.0,33,40
2024020252,2024-11-13,20242025,REG,DET,PIT,0,24.0,OT,19.0,3,2,15.0,4.0,C. Talbot,2,1.0,9.0,31,33
2024020252,2024-11-13,20242025,REG,PIT,DET,1,17.0,OT,19.0,2,3,18.0,4.0,A. Nedeljkovic,2,0.0,5.0,33,31
2024020253,2024-11-13,20242025,REG,TOR,WSH,0,12.0,OT,10.0,4,3,13.0,2.0,J. Woll,2,1.0,5.0,34,27
2024020253,2024-11-13,20242025,REG,WSH,TOR,1,15.0,OT,16.0,3,4,21.0,4.0,L. Thompson,2,0.0,3.0,27,34
2024020254,2024-11-13,20242025,REG,CAR,UTA,0,14.0,REG,19.0,1,4,12.0,2.0,P. Kochetkov,2,1.0,7.0,50,21
2024020254,2024-11-13,20242025,REG,UTA,CAR,1,26.0,REG,14.0,4,1,11.0,25.0,K. Vejmelka,2,0.0,5.0,21,50
2024020255,2024-11-13,20242025,REG,LAK,COL,0,18.0,REG,11.0,2,4,24.0,6.0,D. Kuemper,2,0.0,4.0,15,26
2024020255,2024-11-13,20242025,REG,COL,LAK,1,15.0,REG,12.0,4,2,20.0,2.0,A. Georgiev,2,0.0,4.0,26,15
2024020256,2024-11-13,20242025,REG,VGK,ANA,0,17.0,REG,17.0,3,2,19.0,6.0,A. Hill,2,1.0,3.0,39,24
2024020256,2024-11-13,20242025,REG,ANA,VGK,1,16.0,REG,21.0,2,3,20.0,6.0,L. Dostal,2,0.0,1.0,24,39
2024020257,2024-11-14,20242025,REG,STL,BUF,0,19.0,OT,12.0,3,4,28.0,6.0,J. Binnington,2,0.0,5.0,27,33
2024020257,2024-11-14,20242025,REG,BUF,STL,1,10.0,OT,7.0,4,3,26.0,2.0,D. Levi,2,1.0,10.0,33,27
2024020258,2024-11-14,20242025,REG,PHI,OTT,0,30.0,OT,18.0,5,4,20.0,12.0,I. Fedotov,2,0.0,8.0,19,37
2024020258,2024-11-14,20242025,REG,OTT,PHI,1,14.0,OT,6.0,4,5,23.0,4.0,L. Ullmark,2,2.0,9.0,37,19
2024020259,2024-11-14,20242025,REG,WPG,TBL,0,10.0,REG,23.0,1,4,25.0,6.0,E. Comrie,2,0.0,9.0,24,29
2024020259,2024-11-14,20242025,REG,TBL,WPG,1,19.0,REG,12.0,4,1,16.0,8.0,A. Vasilevskiy,2,1.0,6.0,29,24
2024020260,2024-11-14,20242025,REG,NJD,FLA,0,13.0,REG,16.0,6,2,29.0,17.0,J. Allen,2,3.0,4.0,29,27
2024020260,2024-11-14,20242025,REG,FLA,NJD,1,10.0,REG,14.0,2,6,45.0,17.0,S. Bobrovsky,2,0.0,8.0,27,29
2024020261,2024-11-14,20242025,REG,SJS,NYR,0,14.0,REG,20.0,2,3,31.0,4.0,M. Blackwood,2,1.0,4.0,27,35
2024020261,2024-11-14,20242025,REG,NYR,SJS,1,14.0,REG,7.0,3,2,34.0,6.0,I. Shesterkin,2,0.0,10.0,35,27
2024020262,2024-11-14,20242025,REG,BOS,DAL,0,9.0,REG,20.0,2,7,25.0,19.0,J. Swayman,2,0.0,7.0,25,38
2024020262,2024-11-14,20242025,REG,DAL,BOS,1,9.0,REG,10.0,7,2,6.0,9.0,J. Oettinger,2,0.0,10.0,38,25
2024020263,2024-11-14,20242025,REG,MTL,MIN,0,11.0,REG,8.0,0,3,22.0,8.0,S. Montembeault,2,0.0,2.0,19,28
2024020263,2024-11-14,20242025,REG,MIN,MTL,1,16.0,REG,10.0,3,0,14.0,8.0,F. Gustavsson,2,1.0,5.0,28,19
2024020264,2024-11-14,20242025,REG,NSH,EDM,0,7.0,OT,21.0,2,3,19.0,8.0,S. Wedgewood,2,0.0,5.0,22,34
2024020264,2024-11-14,20242025,REG,EDM,NSH,1,12.0,OT,18.0,3,2,15.0,4.0,C. Pickard,2,0.0,4.0,34,22
2024020265,2024-11-14,20242025,REG,NYI,VAN,0,16.0,REG,14.0,5,2,14.0,7.0,S. Varlamov,2,1.0,6.0,32,26
2024020265,2024-11-14,20242025,REG,VAN,NYI,1,14.0,REG,16.0,2,5,26.0,13.0,K. Lankinen,2,0.0,6.0,26,32
2024020266,2024-11-14,20242025,REG,CHI,SEA,0,15.0,REG,9.0,1,3,12.0,6.0,P. Mrazek,2,0.0,6.0,19,26
2024020266,2024-11-14,20242025,REG,SEA,CHI,1,11.0,REG,8.0,3,1,14.0,2.0,J. Daccord,2,1.0,8.0,26,19
2024020267,2024-11-15,20242025,REG,PIT,CBJ,0,20.0,REG,14.0,2,6,18.0,10.0,T. Jarry,2,1.0,5.0,23,39
2024020267,2024-11-15,20242025,REG,CBJ,PIT,1,25.0,REG,16.0,6,2,26.0,8.0,E. Merzlikins,2,1.0,3.0,39,23
2024020268,2024-11-15,20242025,REG,WSH,COL,0,18.0,REG,16.0,5,2,18.0,2.0,C. Lindgren,2,1.0,3.0,20,19
2024020268,2024-11-15,20242025,REG,COL,WSH,1,14.0,REG,14.0,2,5,15.0,4.0,J. Annunen,2,0.0,2.0,19,20
2024020269,2024-11-15,20242025,REG,NSH,CGY,0,17.0,REG,11.0,0,2,38.0,15.0,J. Saros,2,0.0,10.0,29,33
2024020269,2024-11-15,20242025,REG,CGY,NSH,1,19.0,REG,15.0,2,0,21.0,11.0,D. Wolf,2,0.0,15.0,33,29
2024020270,2024-11-15,20242025,REG,VGK,UTA,0,25.0,REG,11.0,4,2,30.0,23.0,A. Hill,2,2.0,7.0,29,32
2024020270,2024-11-15,20242025,REG,UTA,VGK,1,8.0,REG,13.0,2,4,12.0,11.0,K. Vejmelka,2,1.0,3.0,32,29
2024020271,2024-11-15,20242025,REG,DET,ANA,0,12.0,REG,10.0,4,6,11.0,8.0,A. Lyon,2,3.0,2.0,25,29
2024020271,2024-11-15,20242025,REG,ANA,DET,1,15.0,REG,11.0,6,4,23.0,8.0,J. Gibson,2,2.0,10.0,29,25
2024020272,2024-11-16,20242025,REG,STL,BOS,0,11.0,OT,18.0,3,2,27.0,4.0,J. Binnington,2,0.0,4.0,31,18
2024020272,2024-11-16,20242025,REG,BOS,STL,1,9.0,OT,14.0,2,3,18.0,4.0,J. Korpisalo,2,0.0,3.0,18,31
2024020273,2024-11-16,20242025,REG,NYI,SEA,0,16.0,REG,11.0,2,3,9.0,6.0,I. Sorokin,2,0.0,3.0,24,27
2024020273,2024-11-16,20242025,REG,SEA,NYI,1,8.0,REG,7.0,3,2,16.0,2.0,J. Daccord,2,0.0,4.0,27,24
2024020274,2024-11-16,20242025,REG,EDM,TOR,0,17.0,OT,11.0,3,4,15.0,8.0,S. Skinner,2,1.0,7.0,30,22
2024020274,2024-11-16,20242025,REG,TOR,EDM,1,27.0,OT,14.0,4,3,18.0,17.0,A. Stolarz,2,0.0,4.0,22,30
2024020275,2024-11-16,20242025,REG,CBJ,MTL,0,12.0,REG,18.0,1,5,18.0,13.0,D. Tarasov,2,0.0,5.0,26,30
2024020275,2024-11-16,20242025,REG,MTL,CBJ,1,17.0,REG,7.0,5,1,21.0,13.0,S. Montembeault,2,1.0,4.0,30,26
2024020276,2024-11-16,20242025,REG,NJD,TBL,0,11.0,REG,12.0,0,4,23.0,6.0,J. Markstrom,2,0.0,4.0,29,26
2024020276,2024-11-16,20242025,REG,TBL,NJD,1,19.0,REG,15.0,4,0,15.0,8.0,A. Vasilevskiy,2,1.0,8.0,26,29
2024020277,2024-11-16,20242025,REG,WPG,FLA,0,14.0,REG,13.0,0,5,29.0,43.0,C. Hellebuyck,2,0.0,7.0,27,31
2024020277,2024-11-16,20242025,REG,FLA,WPG,1,11.0,REG,17.0,5,0,27.0,31.0,S. Bobrovsky,2,0.0,13.0,31,27
2024020278,2024-11-16,20242025,REG,BUF,PHI,0,12.0,REG,18.0,2,5,13.0,12.0,D. Levi,2,1.0,5.0,25,32
2024020278,2024-11-16,20242025,REG,PHI,BUF,1,25.0,REG,16.0,5,2,14.0,10.0,I. Fedotov,2,1.0,2.0,32,25
2024020279,2024-11-16,20242025,REG,SJS,PIT,0,26.0,SO,11.0,3,4,22.0,2.0,V. Vanecek,2,1.0,4.0,29,36
2024020279,2024-11-16,20242025,REG,PIT,SJS,1,16.0,SO,11.0,4,3,20.0,8.0,A. Nedeljkovic,2,0.0,3.0,36,29
2024020280,2024-11-16,20242025,REG,OTT,CAR,0,16.0,REG,16.0,0,4,28.0,8.0,A. Forsberg,2,0.0,5.0,24,28
2024020280,2024-11-16,20242025,REG,CAR,OTT,1,6.0,REG,15.0,4,0,19.0,8.0,S. Martin,2,2.0,7.0,28,24
2024020281,2024-11-16,20242025,REG,DAL,MIN,0,17.0,REG,16.0,2,1,14.0,14.0,J. Oettinger,2,0.0,8.0,40,23
2024020281,2024-11-16,20242025,REG,MIN,DAL,1,14.0,REG,19.0,1,2,29.0,12.0,F. Gustavsson,2,0.0,5.0,23,40
2024020282,2024-11-16,20242025,REG,DET,LAK,0,11.0,REG,24.0,1,4,22.0,2.0,C. Talbot,2,0.0,4.0,18,41
2024020282,2024-11-16,20242025,REG,LAK,DET,1,31.0,REG,19.0,4,1,26.0,0.0,D. Rittich,2,0.0,2.0,41,18
2024020283,2024-11-16,20242025,REG,CHI,VAN,0,18.0,REG,17.0,1,4,14.0,6.0,A. Soderblom,2,0.0,7.0,29,33
2024020283,2024-11-16,20242025,REG,VAN,CHI,1,10.0,REG,13.0,4,1,35.0,2.0,A. Silovs,2,1.0,5.0,33,29
2024020284,2024-11-17,20242025,REG,STL,CAR,0,17.0,REG,17.0,1,4,26.0,6.0,J. Hofer,2,0.0,9.0,30,24
2024020284,2024-11-17,20242025,REG,CAR,STL,1,6.0,REG,15.0,4,1,16.0,2.0,P. Kochetkov,2,1.0,7.0,24,30
2024020285,2024-11-17,20242025,REG,NSH,VAN,0,19.0,REG,8.0,5,3,25.0,2.0,J. Saros,2,2.0,4.0,22,27
2024020285,2024-11-17,20242025,REG,VAN,NSH,1,14.0,REG,14.0,3,5,26.0,4.0,K. Lankinen,2,1.0,6.0,27,22
2024020286,2024-11-17,20242025,REG,WSH,VGK,0,18.0,REG,13.0,5,2,18.0,2.0,L. Thompson,2,1.0,7.0,25,42
2024020286,2024-11-17,20242025,REG,VGK,WSH,1,16.0,REG,29.0,2,5,26.0,2.0,I. Samsonov,2,0.0,5.0,42,25
2024020287,2024-11-17,20242025,REG,NYR,SEA,0,21.0,REG,19.0,2,0,41.0,2.0,J. Quick,2,0.0,4.0,23,24
2024020287,2024-11-17,20242025,REG,SEA,NYR,1,17.0,REG,14.0,0,2,19.0,0.0,P. Grubauer,2,0.0,7.0,24,23
2024020288,2024-11-18,20242025,REG,CBJ,BOS,0,21.0,REG,16.0,5,1,22.0,19.0,E. Merzlikins,2,0.0,1.0,28,29
2024020288,2024-11-18,20242025,REG,BOS,CBJ,1,10.0,REG,17.0,1,5,13.0,11.0,J. Swayman,2,1.0,7.0,29,28
2024020289,2024-11-18,20242025,REG,COL,PHI,0,12.0,REG,15.0,3,2,14.0,10.0,J. Annunen,2,1.0,5.0,29,26
2024020289,2024-11-18,20242025,REG,PHI,COL,1,26.0,REG,13.0,2,3,21.0,12.0,A. Kolosov,2,0.0,6.0,26,29
2024020290,2024-11-18,20242025,REG,EDM,MTL,0,15.0,REG,13.0,0,3,13.0,6.0,C. Pickard,2,0.0,3.0,30,25
2024020290,2024-11-18,20242025,REG,MTL,EDM,1,15.0,REG,9.0,3,0,19.0,8.0,S. Montembeault,2,0.0,6.0,25,30
2024020291,2024-11-18,20242025,REG,ANA,DAL,0,21.0,REG,24.0,4,2,29.0,4.0,L. Dostal,2,1.0,7.0,27,36
2024020291,2024-11-18,20242025,REG,DAL,ANA,1,12.0,REG,18.0,2,4,13.0,4.0,C. DeSmith,2,0.0,4.0,36,27
2024020292,2024-11-18,20242025,REG,WSH,UTA,0,20.0,REG,13.0,6,2,14.0,15.0,C. Lindgren,2,1.0,6.0,24,26
2024020292,2024-11-18,20242025,REG,UTA,WSH,1,6.0,REG,19.0,2,6,10.0,13.0,C. Ingram,2,0.0,9.0,26,24
2024020293,2024-11-18,20242025,REG,DET,SJS,0,11.0,OT,16.0,4,5,13.0,8.0,C. Talbot,2,2.0,5.0,20,34
2024020293,2024-11-18,20242025,REG,SJS,DET,1,12.0,OT,17.0,5,4,22.0,4.0,M. Blackwood,2,1.0,7.0,34,20
2024020294,2024-11-19,20242025,REG,EDM,OTT,0,19.0,REG,11.0,5,2,17.0,11.0,S. Skinner,2,1.0,5.0,31,29
2024020294,2024-11-19,20242025,REG,OTT,EDM,1,13.0,REG,12.0,2,5,35.0,13.0,L. Ullmark,2,0.0,4.0,29,31
2024020295,2024-11-19,20242025,REG,TBL,PIT,0,11.0,OT,16.0,3,2,11.0,4.0,A. Vasilevskiy,2,0.0,4.0,35,19
2024020295,2024-11-19,20242025,REG,PIT,TBL,1,22.0,OT,23.0,2,3,15.0,6.0,T. Jarry,2,1.0,2.0,19,35
2024020296,2024-11-19,20242025,REG,MIN,STL,0,19.0,REG,19.0,4,2,17.0,6.0,F. Gustavsson,2,0.0,5.0,28,24
2024020296,2024-11-19,20242025,REG,STL,MIN,1,19.0,REG,11.0,2,4,17.0,6.0,J. Binnington,2,1.0,3.0,24,28
2024020297,2024-11-19,20242025,REG,FLA,WPG,0,16.0,REG,16.0,3,6,36.0,10.0,S. Bobrovsky,2,2.0,3.0,23,27
2024020297,2024-11-19,20242025,REG,WPG,FLA,1,10.0,REG,16.0,6,3,20.0,10.0,C. Hellebuyck,2,1.0,3.0,27,23
2024020298,2024-11-19,20242025,REG,ANA,CHI,0,14.0,REG,11.0,3,2,27.0,2.0,J. Gibson,2,0.0,3.0,24,20
2024020298,2024-11-19,20242025,REG,CHI,ANA,1,15.0,REG,9.0,2,3,13.0,4.0,A. Soderblom,2,0.0,13.0,20,24
2024020299,2024-11-19,20242025,REG,NYI,CGY,0,24.0,SO,9.0,1,2,24.0,2.0,S. Varlamov,2,0.0,1.0,29,31
2024020299,2024-11-19,20242025,REG,CGY,NYI,1,11.0,SO,17.0,2,1,18.0,6.0,D. Wolf,2,1.0,3.0,31,29
2024020300,2024-11-19,20242025,REG,NYR,VAN,0,14.0,REG,3.0,4,3,16.0,8.0,I. Shesterkin,2,0.0,8.0,33,24
2024020300,2024-11-19,20242025,REG,VAN,NYR,1,13.0,REG,14.0,3,4,24.0,6.0,A. Silovs,2,0.0,4.0,24,33
2024020301,2024-11-20,20242025,REG,VGK,TOR,0,14.0,REG,10.0,0,3,29.0,10.0,A. Hill,2,0.0,6.0,31,26
2024020301,2024-11-20,20242025,REG,TOR,VGK,1,25.0,REG,12.0,3,0,27.0,12.0,J. Woll,2,1.0,4.0,26,31
2024020302,2024-11-20,20242025,REG,CAR,PHI,0,9.0,REG,17.0,4,1,12.0,6.0,P. Kochetkov,2,0.0,7.0,37,19
2024020302,2024-11-20,20242025,REG,PHI,CAR,1,20.0,REG,25.0,1,4,20.0,2.0,I. Fedotov,2,0.0,7.0,19,37
2024020303,2024-11-20,20242025,REG,SJS,DAL,0,18.0,REG,16.0,2,5,28.0,8.0,M. Blackwood,2,0.0,3.0,23,31
2024020303,2024-11-20,20242025,REG,DAL,SJS,1,15.0,REG,17.0,5,2,20.0,6.0,J. Oettinger,2,0.0,6.0,31,23
2024020304,2024-11-20,20242025,REG,NSH,SEA,0,13.0,REG,18.0,0,3,21.0,6.0,J. Saros,2,0.0,1.0,24,37
2024020304,2024-11-20,20242025,REG,SEA,NSH,1,28.0,REG,15.0,3,0,13.0,6.0,J. Daccord,2,0.0,9.0,37,24
2024020305,2024-11-20,20242025,REG,BUF,LAK,0,18.0,REG,18.0,1,0,19.0,10.0,U. Luukkonen,2,1.0,3.0,19,23
2024020305,2024-11-20,20242025,REG,LAK,BUF,1,14.0,REG,15.0,0,1,19.0,6.0,D. Rittich,2,0.0,8.0,23,19
2024020306,2024-11-21,20242025,REG,UTA,BOS,0,20.0,REG,9.0,0,1,10.0,24.0,K. Vejmelka,2,0.0,9.0,22,31
2024020306,2024-11-21,20242025,REG,BOS,UTA,1,14.0,REG,17.0,1,0,24.0,18.0,J. Korpisalo,2,1.0,7.0,31,22
2024020307,2024-11-21,20242025,REG,VGK,OTT,0,23.0,REG,8.0,3,2,30.0,4.0,I. Samsonov,2,0.0,3.0,32,40
2024020307,2024-11-21,20242025,REG,OTT,VGK,1,11.0,REG,20.0,2,3,36.0,6.0,L. Ullmark,2,1.0,4.0,40,32
2024020308,2024-11-21,20242025,REG,NYI,DET,0,18.0,REG,18.0,1,2,25.0,6.0,I. Sorokin,2,0.0,2.0,23,31
2024020308,2024-11-21,20242025,REG,DET,NYI,1,13.0,REG,10.0,2,1,29.0,2.0,A. Lyon,2,0.0,5.0,31,23
2024020309,2024-11-21,20242025,REG,CAR,NJD,0,11.0,REG,15.0,2,4,12.0,6.0,S. Martin,2,1.0,2.0,22,21
2024020309,2024-11-21,20242025,REG,NJD,CAR,1,25.0,REG,12.0,4,2,25.0,4.0,J. Markstrom,2,2.0,1.0,21,22
2024020310,2024-11-21,20242025,REG,COL,WSH,0,19.0,REG,17.0,2,1,8.0,4.0,A. Georgiev,2,1.0,1.0,27,29
2024020310,2024-11-21,20242025,REG,WSH,COL,1,17.0,REG,14.0,1,2,13.0,6.0,L. Thompson,2,0.0,4.0,29,27
2024020311,2024-11-21,20242025,REG,TBL,CBJ,0,32.0,OT,10.0,6,7,21.0,2.0,J. Johansson,2,2.0,3.0,30,43
2024020311,2024-11-21,20242025,REG,CBJ,TBL,1,20.0,OT,17.0,7,6,28.0,4.0,E. Merzlikins,2,1.0,5.0,43,30
2024020312,2024-11-21,20242025,REG,SJS,STL,0,16.0,SO,22.0,2,3,23.0,2.0,Y. Askarov,2,1.0,3.0,24,31
2024020312,2024-11-21,20242025,REG,STL,SJS,1,20.0,SO,16.0,3,2,22.0,4.0,J. Binnington,2,0.0,6.0,31,24
2024020313,2024-11-21,20242025,REG,FLA,CHI,0,8.0,REG,10.0,1,3,18.0,2.0,S. Knight,2,0.0,8.0,33,20
2024020313,2024-11-21,20242025,REG,CHI,FLA,1,19.0,REG,20.0,3,1,19.0,4.0,P. Mrazek,2,1.0,5.0,20,33
2024020314,2024-11-21,20242025,REG,NYR,CGY,0,17.0,REG,10.0,2,3,19.0,6.0,I. Shesterkin,2,0.0,2.0,29,49
2024020314,2024-11-21,20242025,REG,CGY,NYR,1,14.0,REG,13.0,3,2,12.0,2.0,D. Wolf,2,1.0,4.0,49,29
2024020315,2024-11-21,20242025,REG,MIN,EDM,0,26.0,REG,15.0,5,3,25.0,9.0,M. Fleury,2,0.0,3.0,26,31
2024020315,2024-11-21,20242025,REG,EDM,MIN,1,13.0,REG,18.0,3,5,18.0,7.0,S. Skinner,2,0.0,2.0,31,26
2024020316,2024-11-22,20242025,REG,WPG,PIT,0,14.0,REG,17.0,4,1,11.0,11.0,C. Hellebuyck,2,1.0,5.0,30,18
2024020316,2024-11-22,20242025,REG,PIT,WPG,1,14.0,REG,13.0,1,4,29.0,11.0,T. Jarry,2,1.0,6.0,18,30
2024020317,2024-11-22,20242025,REG,BUF,ANA,0,10.0,OT,9.0,3,2,17.0,11.0,U. Luukkonen,2,0.0,3.0,32,24
2024020317,2024-11-22,20242025,REG,ANA,BUF,1,19.0,OT,10.0,2,3,25.0,11.0,J. Gibson,2,0.0,5.0,24,32
2024020318,2024-11-23,20242025,REG,CHI,PHI,0,20.0,OT,6.0,2,3,18.0,6.0,P. Mrazek,2,0.0,6.0,21,37
2024020318,2024-11-23,20242025,REG,PHI,CHI,1,18.0,OT,12.0,3,2,24.0,2.0,A. Kolosov,2,1.0,5.0,37,21
2024020319,2024-11-23,20242025,REG,MIN,CGY,0,16.0,SO,10.0,3,4,13.0,6.0,F. Gustavsson,2,1.0,4.0,23,31
2024020319,2024-11-23,20242025,REG,CGY,MIN,1,18.0,SO,10.0,4,3,16.0,8.0,D. Vladar,2,2.0,5.0,31,23
2024020320,2024-11-23,20242025,REG,SEA,LAK,0,15.0,REG,14.0,1,2,24.0,4.0,J. Daccord,2,0.0,3.0,20,21
2024020320,2024-11-23,20242025,REG,LAK,SEA,1,15.0,REG,11.0,2,1,24.0,8.0,D. Rittich,2,1.0,4.0,21,20
2024020321,2024-11-23,20242025,REG,COL,FLA,0,18.0,REG,20.0,7,4,9.0,10.0,A. Georgiev,2,0.0,5.0,25,31
2024020321,2024-11-23,20242025,REG,FLA,COL,1,14.0,REG,12.0,4,7,31.0,2.0,S. Bobrovsky,2,1.0,3.0,31,25
2024020322,2024-11-23,20242025,REG,VGK,MTL,0,17.0,REG,19.0,6,2,19.0,4.0,A. Hill,2,0.0,7.0,28,17
2024020322,2024-11-23,20242025,REG,MTL,VGK,1,13.0,REG,20.0,2,6,40.0,2.0,S. Montembeault,2,1.0,5.0,17,28
2024020323,2024-11-23,20242025,REG,VAN,OTT,0,19.0,REG,8.0,4,3,37.0,30.0,K. Lankinen,2,1.0,7.0,21,29
2024020323,2024-11-23,20242025,REG,OTT,VAN,1,7.0,REG,6.0,3,4,36.0,31.0,L. Ullmark,2,2.0,6.0,29,21
2024020324,2024-11-23,20242025,REG,BOS,DET,0,16.0,REG,15.0,2,1,23.0,8.0,J. Swayman,2,1.0,6.0,29,20
2024020324,2024-11-23,20242025,REG,DET,BOS,1,7.0,REG,25.0,1,2,9.0,4.0,C. Talbot,2,0.0,3.0,20,29
2024020325,2024-11-23,20242025,REG,DAL,TBL,0,16.0,REG,17.0,4,2,10.0,6.0,J. Oettinger,2,1.0,2.0,28,29
2024020325,2024-11-23,20242025,REG,TBL,DAL,1,9.0,REG,15.0,2,4,31.0,6.0,A. Vasilevskiy,2,0.0,3.0,29,28
2024020326,2024-11-23,20242025,REG,UTA,PIT,0,15.0,REG,12.0,6,1,31.0,8.0,K. Vejmelka,2,3.0,2.0,30,28
2024020326,2024-11-23,20242025,REG,PIT,UTA,1,8.0,REG,7.0,1,6,42.0,8.0,A. Nedeljkovic,2,1.0,7.0,28,30
2024020327,2024-11-23,20242025,REG,NJD,WSH,0,28.0,REG,10.0,3,2,14.0,11.0,J. Allen,2,2.0,5.0,33,25
2024020327,2024-11-23,20242025,REG,WSH,NJD,1,17.0,REG,14.0,2,3,18.0,17.0,C. Lindgren,2,1.0,5.0,25,33
2024020328,2024-11-23,20242025,REG,CAR,CBJ,0,10.0,SO,19.0,4,5,21.0,10.0,P. Kochetkov,2,1.0,2.0,36,32
2024020328,2024-11-23,20242025,REG,CBJ,CAR,1,19.0,SO,23.0,5,4,16.0,8.0,E. Merzlikins,2,1.0,9.0,32,36
2024020329,2024-11-23,20242025,REG,WPG,NSH,0,15.0,REG,18.0,1,4,18.0,8.0,E. Comrie,2,0.0,5.0,24,36
2024020329,2024-11-23,20242025,REG,NSH,WPG,1,10.0,REG,15.0,4,1,29.0,6.0,J. Saros,2,1.0,7.0,36,24
2024020330,2024-11-23,20242025,REG,STL,NYI,0,6.0,REG,12.0,1,3,24.0,4.0,J. Binnington,2,1.0,4.0,25,31
2024020330,2024-11-23,20242025,REG,NYI,STL,1,20.0,REG,14.0,3,1,29.0,2.0,I. Sorokin,2,1.0,2.0,31,25
2024020331,2024-11-23,20242025,REG,BUF,SJS,0,16.0,REG,24.0,4,2,20.0,14.0,J. Reimer,2,0.0,5.0,31,33
2024020331,2024-11-23,20242025,REG,SJS,BUF,1,13.0,REG,14.0,2,4,45.0,10.0,M. Blackwood,2,0.0,12.0,33,31
2024020332,2024-11-23,20242025,REG,NYR,EDM,0,10.0,REG,23.0,2,6,21.0,6.0,J. Quick,2,0.0,10.0,34,40
2024020332,2024-11-23,20242025,REG,EDM,NYR,1,14.0,REG,25.0,6,2,12.0,6.0,S. Skinner,2,0.0,2.0,40,34
2024020333,2024-11-24,20242025,REG,UTA,TOR,0,13.0,REG,18.0,2,3,21.0,10.0,K. Vejmelka,2,1.0,3.0,26,35
2024020333,2024-11-24,20242025,REG,TOR,UTA,1,10.0,REG,14.0,3,2,34.0,4.0,J. Woll,2,1.0,3.0,35,26
2024020334,2024-11-25,20242025,REG,COL,TBL,0,13.0,REG,26.0,2,8,22.0,4.0,J. Annunen,2,0.0,4.0,25,33
2024020334,2024-11-25,20242025,REG,TBL,COL,1,17.0,REG,24.0,8,2,11.0,6.0,A. Vasilevskiy,2,2.0,5.0,33,25
2024020335,2024-11-25,20242025,REG,WSH,FLA,0,15.0,REG,16.0,4,1,23.0,10.0,L. Thompson,2,1.0,5.0,31,21
2024020335,2024-11-25,20242025,REG,FLA,WSH,1,17.0,REG,16.0,1,4,30.0,10.0,S. Knight,2,0.0,5.0,21,31
2024020336,2024-11-25,20242025,REG,NSH,NJD,0,11.0,REG,20.0,2,5,30.0,2.0,J. Saros,2,0.0,7.0,22,46
2024020336,2024-11-25,20242025,REG,NJD,NSH,1,18.0,REG,18.0,5,2,32.0,23.0,J. Markstrom,2,1.0,3.0,46,22
2024020337,2024-11-25,20242025,REG,STL,NYR,0,17.0,REG,18.0,5,2,24.0,8.0,J. Hofer,2,0.0,4.0,44,29
2024020337,2024-11-25,20242025,REG,NYR,STL,1,14.0,REG,19.0,2,5,23.0,8.0,I. Shesterkin,2,0.0,6.0,29,44
2024020338,2024-11-25,20242025,REG,VGK,PHI,0,14.0,SO,14.0,5,4,28.0,6.0,I. Samsonov,2,1.0,6.0,30,36
2024020338,2024-11-25,20242025,REG,PHI,VGK,1,15.0,SO,13.0,4,5,14.0,2.0,I. Fedotov,2,0.0,6.0,36,30
2024020339,2024-11-25,20242025,REG,DAL,CAR,0,10.0,REG,9.0,4,6,12.0,4.0,J. Oettinger,2,0.0,10.0,19,34
2024020339,2024-11-25,20242025,REG,CAR,DAL,1,6.0,REG,14.0,6,4,32.0,2.0,S. Martin,2,2.0,6.0,34,19
2024020340,2024-11-25,20242025,REG,CGY,OTT,0,23.0,REG,16.0,3,4,14.0,18.0,D. Wolf,2,1.0,5.0,27,30
2024020340,2024-11-25,20242025,REG,OTT,CGY,1,20.0,REG,10.0,4,3,27.0,6.0,A. Forsberg,2,2.0,10.0,30,27
2024020341,2024-11-25,20242025,REG,DET,NYI,0,11.0,REG,12.0,4,2,24.0,10.0,A. Lyon,2,0.0,3.0,21,29
2024020341,2024-11-25,20242025,REG,NYI,DET,1,14.0,REG,15.0,2,4,23.0,8.0,S. Varlamov,2,0.0,4.0,29,21
2024020342,2024-11-25,20242025,REG,WPG,MIN,0,17.0,REG,14.0,4,1,16.0,6.0,C. Hellebuyck,2,1.0,5.0,32,44
2024020342,2024-11-25,20242025,REG,MIN,WPG,1,14.0,REG,17.0,1,4,19.0,8.0,F. Gustavsson,2,0.0,9.0,44,32
2024020343,2024-11-25,20242025,REG,SEA,ANA,0,13.0,REG,15.0,3,2,15.0,6.0,J. Daccord,2,0.0,3.0,28,23
2024020343,2024-11-25,20242025,REG,ANA,SEA,1,17.0,REG,14.0,2,3,32.0,10.0,L. Dostal,2,0.0,5.0,23,28
2024020344,2024-11-25,20242025,REG,LAK,SJS,0,6.0,REG,20.0,2,7,18.0,10.0,D. Rittich,2,0.0,4.0,24,21
2024020344,2024-11-25,20242025,REG,SJS,LAK,1,16.0,REG,15.0,7,2,20.0,4.0,Y. Askarov,2,2.0,6.0,21,24
2024020345,2024-11-26,20242025,REG,VAN,BOS,0,26.0,REG,16.0,2,0,30.0,6.0,K. Lankinen,2,1.0,2.0,15,33
2024020345,2024-11-26,20242025,REG,BOS,VAN,1,11.0,REG,12.0,0,2,29.0,2.0,J. Swayman,2,0.0,2.0,33,15
2024020346,2024-11-26,20242025,REG,UTA,MTL,0,15.0,OT,11.0,3,2,15.0,8.0,K. Vejmelka,2,0.0,4.0,29,13
2024020346,2024-11-26,20242025,REG,MTL,UTA,1,24.0,OT,7.0,2,3,44.0,20.0,S. Montembeault,2,0.0,8.0,13,29
2024020347,2024-11-27,20242025,REG,MIN,BUF,0,32.0,REG,11.0,1,0,22.0,4.0,F. Gustavsson,2,0.0,4.0,30,39
2024020347,2024-11-27,20242025,REG,BUF,MIN,1,14.0,REG,19.0,0,1,15.0,0.0,U. Luukkonen,2,0.0,3.0,39,30
2024020348,2024-11-27,20242025,REG,STL,NJD,0,24.0,REG,11.0,3,0,13.0,8.0,J. Binnington,2,0.0,3.0,20,32
2024020348,2024-11-27,20242025,REG,NJD,STL,1,10.0,REG,9.0,0,3,21.0,6.0,J. Markstrom,2,0.0,6.0,32,20
2024020349,2024-11-27,20242025,REG,NYR,CAR,0,20.0,REG,15.0,3,4,28.0,8.0,I. Shesterkin,2,0.0,6.0,22,31
2024020349,2024-11-27,20242025,REG,CAR,NYR,1,8.0,REG,14.0,4,3,17.0,4.0,S. Martin,2,2.0,9.0,31,22
2024020350,2024-11-27,20242025,REG,CGY,DET,0,14.0,OT,12.0,1,2,11.0,6.0,D. Vladar,2,1.0,5.0,25,27
2024020350,2024-11-27,20242025,REG,DET,CGY,1,18.0,OT,21.0,2,1,17.0,8.0,C. Talbot,2,2.0,6.0,27,25
2024020351,2024-11-27,20242025,REG,WSH,TBL,0,15.0,REG,17.0,5,4,24.0,11.0,C. Lindgren,2,1.0,5.0,32,28
2024020351,2024-11-27,20242025,REG,TBL,WSH,1,11.0,REG,12.0,4,5,26.0,11.0,A. Vasilevskiy,2,1.0,5.0,28,32
2024020352,2024-11-27,20242025,REG,TOR,FLA,0,20.0,REG,11.0,1,5,19.0,10.0,A. Stolarz,2,1.0,7.0,24,24
2024020352,2024-11-27,20242025,REG,FLA,TOR,1,11.0,REG,14.0,5,1,28.0,6.0,S. Bobrovsky,2,2.0,7.0,24,24
2024020353,2024-11-27,20242025,REG,BOS,NYI,0,15.0,REG,15.0,6,3,35.0,2.0,J. Korpisalo,2,0.0,3.0,21,24
2024020353,2024-11-27,20242025,REG,NYI,BOS,1,11.0,REG,16.0,3,6,36.0,0.0,I. Sorokin,2,0.0,2.0,24,21
2024020354,2024-11-27,20242025,REG,VAN,PIT,0,10.0,REG,11.0,4,5,32.0,8.0,A. Silovs,2,0.0,4.0,29,23
2024020354,2024-11-27,20242025,REG,PIT,VAN,1,22.0,REG,17.0,5,4,11.0,2.0,T. Jarry,2,1.0,6.0,23,29
2024020355,2024-11-27,20242025,REG,MTL,CBJ,0,14.0,OT,9.0,4,3,24.0,13.0,C. Primeau,2,1.0,5.0,23,24
2024020355,2024-11-27,20242025,REG,CBJ,MTL,1,16.0,OT,14.0,3,4,25.0,11.0,E. Merzlikins,2,0.0,2.0,24,23
2024020356,2024-11-27,20242025,REG,PHI,NSH,0,32.0,OT,37.0,3,2,25.0,6.0,A. Kolosov,2,0.0,5.0,23,27
2024020356,2024-11-27,20242025,REG,NSH,PHI,1,11.0,OT,28.0,2,3,23.0,4.0,J. Saros,2,0.0,4.0,27,23
2024020357,2024-11-27,20242025,REG,DAL,CHI,0,10.0,REG,18.0,2,6,14.0,4.0,C. DeSmith,2,1.0,12.0,27,26
2024020357,2024-11-27,20242025,REG,CHI,DAL,1,28.0,REG,17.0,6,2,14.0,8.0,P. Mrazek,2,1.0,4.0,26,27
2024020358,2024-11-27,20242025,REG,VGK,COL,0,28.0,SO,21.0,1,2,10.0,4.0,A. Hill,2,0.0,3.0,19,34
2024020358,2024-11-27,20242025,REG,COL,VGK,1,11.0,SO,23.0,2,1,10.0,2.0,A. Georgiev,2,0.0,0.0,34,19
2024020359,2024-11-27,20242025,REG,WPG,LAK,0,12.0,REG,15.0,1,4,18.0,6.0,C. Hellebuyck,2,1.0,6.0,14,33
2024020359,2024-11-27,20242025,REG,LAK,WPG,1,13.0,REG,17.0,4,1,32.0,8.0,D. Rittich,2,1.0,7.0,33,14
2024020360,2024-11-27,20242025,REG,ANA,SEA,0,16.0,REG,17.0,5,2,34.0,22.0,J. Gibson,2,1.0,3.0,33,44
2024020360,2024-11-27,20242025,REG,SEA,ANA,1,17.0,REG,13.0,2,5,21.0,6.0,J. Daccord,2,0.0,6.0,44,33
2024020361,2024-11-27,20242025,REG,OTT,SJS,0,24.0,REG,13.0,4,3,30.0,4.0,L. Ullmark,2,1.0,5.0,11,39
2024020361,2024-11-27,20242025,REG,SJS,OTT,1,6.0,REG,19.0,3,4,29.0,4.0,M. Blackwood,2,1.0,5.0,39,11
2024020362,2024-11-29,20242025,REG,NYR,PHI,0,12.0,REG,17.0,1,3,27.0,2.0,I. Shesterkin,2,0.0,3.0,23,35
2024020362,2024-11-29,20242025,REG,PHI,NYR,1,21.0,REG,14.0,3,1,8.0,0.0,I. Fedotov,2,0.0,7.0,35,23
2024020363,2024-11-29,20242025,REG,CHI,MIN,0,16.0,REG,19.0,2,3,14.0,4.0,P. Mrazek,2,1.0,10.0,23,29
2024020363,2024-11-29,20242025,REG,MIN,CHI,1,4.0,REG,14.0,3,2,17.0,4.0,M. Fleury,2,0.0,1.0,29,23
2024020364,2024-11-29,20242025,REG,VAN,BUF,0,17.0,OT,19.0,4,3,24.0,10.0,K. Lankinen,2,1.0,4.0,22,34
2024020364,2024-11-29,20242025,REG,BUF,VAN,1,15.0,OT,18.0,3,4,18.0,8.0,U. Luukkonen,2,0.0,2.0,34,22
2024020365,2024-11-29,20242025,REG,NJD,DET,0,13.0,REG,26.0,5,4,30.0,13.0,J. Markstrom,2,3.0,5.0,29,28
2024020365,2024-11-29,20242025,REG,DET,NJD,1,26.0,REG,14.0,4,5,19.0,11.0,C. Talbot,2,1.0,0.0,28,29
2024020366,2024-11-29,20242025,REG,NYI,WSH,0,19.0,OT,10.0,4,5,21.0,8.0,S. Varlamov,2,0.0,7.0,24,26
2024020366,2024-11-29,20242025,REG,WSH,NYI,1,13.0,OT,8.0,5,4,21.0,4.0,L. Thompson,2,2.0,9.0,26,24
2024020367,2024-11-29,20242025,REG,FLA,CAR,0,14.0,REG,22.0,6,3,23.0,10.0,S. Bobrovsky,2,0.0,2.0,30,31
2024020367,2024-11-29,20242025,REG,CAR,FLA,1,14.0,REG,20.0,3,6,16.0,6.0,S. Martin,2,1.0,3.0,31,30
2024020368,2024-11-29,20242025,REG,CGY,CBJ,0,10.0,REG,34.0,2,5,28.0,19.0,D. Wolf,2,1.0,7.0,29,34
2024020368,2024-11-29,20242025,REG,CBJ,CGY,1,20.0,REG,27.0,5,2,24.0,19.0,E. Merzlikins,2,1.0,8.0,34,29
2024020369,2024-11-29,20242025,REG,TBL,NSH,0,12.0,OT,23.0,3,2,28.0,6.0,J. Johansson,2,1.0,3.0,28,31
2024020369,2024-11-29,20242025,REG,NSH,TBL,1,20.0,OT,23.0,2,3,39.0,8.0,J. Saros,2,0.0,9.0,31,28
2024020370,2024-11-29,20242025,REG,LAK,ANA,0,9.0,REG,11.0,2,1,18.0,8.0,E. Portillo,2,0.0,6.0,18,31
2024020370,2024-11-29,20242025,REG,ANA,LAK,1,20.0,REG,9.0,1,2,25.0,6.0,J. Gibson,2,0.0,5.0,31,18
2024020371,2024-11-29,20242025,REG,SEA,SJS,0,15.0,REG,18.0,5,8,26.0,7.0,P. Grubauer,2,2.0,7.0,31,27
2024020371,2024-11-29,20242025,REG,SJS,SEA,1,13.0,REG,17.0,8,5,18.0,17.0,V. Vanecek,2,0.0,4.0,27,31
2024020372,2024-11-29,20242025,REG,PIT,BOS,0,15.0,REG,14.0,2,1,15.0,8.0,T. Jarry,2,0.0,4.0,36,31
2024020372,2024-11-29,20242025,REG,BOS,PIT,1,12.0,REG,15.0,1,2,25.0,6.0,J. Swayman,2,0.0,6.0,31,36
2024020373,2024-11-29,20242025,REG,COL,DAL,0,19.0,REG,8.0,3,5,20.0,6.0,A. Georgiev,2,1.0,2.0,32,24
2024020373,2024-11-29,20242025,REG,DAL,COL,1,14.0,REG,11.0,5,3,20.0,10.0,J. Oettinger,2,2.0,5.0,24,32
2024020374,2024-11-29,20242025,REG,WPG,VGK,0,12.0,REG,18.0,3,4,22.0,4.0,E. Comrie,2,0.0,7.0,25,30
2024020374,2024-11-29,20242025,REG,VGK,WPG,1,8.0,REG,14.0,4,3,17.0,6.0,A. Hill,2,0.0,4.0,30,25
2024020375,2024-11-29,20242025,REG,EDM,UTA,0,7.0,OT,12.0,4,3,8.0,2.0,C. Pickard,2,2.0,12.0,32,31
2024020375,2024-11-29,20242025,REG,UTA,EDM,1,23.0,OT,16.0,3,4,16.0,6.0,K. Vejmelka,2,0.0,8.0,31,32
2024020376,2024-11-30,20242025,REG,MTL,NYR,0,18.0,REG,11.0,3,4,23.0,23.0,S. Montembeault,2,0.0,2.0,28,28
2024020376,2024-11-30,20242025,REG,NYR,MTL,1,10.0,REG,10.0,4,3,22.0,15.0,J. Quick,2,3.0,3.0,28,28
2024020377,2024-11-30,20242025,REG,CAR,FLA,0,8.0,REG,16.0,0,6,23.0,16.0,S. Martin,2,0.0,8.0,20,35
2024020377,2024-11-30,20242025,REG,FLA,CAR,1,15.0,REG,14.0,6,0,25.0,8.0,S. Knight,2,3.0,6.0,35,20
2024020378,2024-11-30,20242025,REG,TOR,TBL,0,15.0,REG,10.0,5,3,22.0,4.0,J. Woll,2,0.0,4.0,29,41
2024020378,2024-11-30,20242025,REG,TBL,TOR,1,12.0,REG,9.0,3,5,20.0,2.0,A. Vasilevskiy,2,1.0,2.0,41,29
2024020379,2024-11-30,20242025,REG,WSH,NJD,0,11.0,REG,17.0,6,5,5.0,10.0,C. Lindgren,2,3.0,5.0,32,27
2024020379,2024-11-30,20242025,REG,NJD,WSH,1,11.0,REG,15.0,5,6,25.0,14.0,J. Allen,2,2.0,2.0,27,32
2024020380,2024-11-30,20242025,REG,CGY,PIT,0,13.0,REG,10.0,2,6,16.0,20.0,D. Vladar,2,0.0,14.0,32,43
2024020380,2024-11-30,20242025,REG,PIT,CGY,1,23.0,REG,13.0,6,2,12.0,6.0,A. Nedeljkovic,2,3.0,4.0,43,32
2024020381,2024-11-30,20242025,REG,PHI,STL,0,18.0,OT,11.0,3,2,12.0,6.0,A. Kolosov,2,0.0,6.0,31,27
2024020381,2024-11-30,20242025,REG,STL,PHI,1,8.0,OT,21.0,2,3,27.0,4.0,J. Binnington,2,1.0,7.0,27,31
2024020382,2024-11-30,20242025,REG,OTT,LAK,0,14.0,REG,10.0,2,5,31.0,2.0,A. Forsberg,2,0.0,3.0,22,27
2024020382,2024-11-30,20242025,REG,LAK,OTT,1,20.0,REG,10.0,5,2,36.0,2.0,D. Rittich,2,1.0,8.0,27,22
2024020383,2024-11-30,20242025,REG,BUF,NYI,0,13.0,REG,12.0,0,3,16.0,6.0,J. Reimer,2,0.0,4.0,29,20
2024020383,2024-11-30,20242025,REG,NYI,BUF,1,16.0,REG,15.0,3,0,30.0,4.0,I. Sorokin,2,1.0,5.0,20,29
2024020384,2024-11-30,20242025,REG,NSH,MIN,0,8.0,OT,20.0,2,3,30.0,11.0,J. Saros,2,1.0,4.0,27,28
2024020384,2024-11-30,20242025,REG,MIN,NSH,1,21.0,OT,18.0,3,2,22.0,11.0,F. Gustavsson,2,1.0,5.0,28,27
2024020385,2024-11-30,20242025,REG,EDM,COL,0,15.0,REG,2.0,4,1,9.0,14.0,S. Skinner,2,0.0,3.0,32,28
2024020385,2024-11-30,20242025,REG,COL,EDM,1,9.0,REG,11.0,1,4,16.0,8.0,A. Georgiev,2,1.0,9.0,28,32
2024020386,2024-11-30,20242025,REG,UTA,VGK,0,20.0,REG,16.0,6,0,5.0,11.0,J. Stauber,2,1.0,6.0,28,29
2024020386,2024-11-30,20242025,REG,VGK,UTA,1,9.0,REG,23.0,0,6,14.0,11.0,I. Samsonov,2,0.0,6.0,29,28
2024020387,2024-11-30,20242025,REG,SJS,SEA,0,21.0,REG,13.0,4,2,11.0,4.0,M. Blackwood,2,0.0,3.0,23,38
2024020387,2024-11-30,20242025,REG,SEA,SJS,1,13.0,REG,15.0,2,4,21.0,2.0,J. Daccord,2,0.0,2.0,38,23
2024020388,2024-12-01,20242025,REG,VAN,DET,0,14.0,OT,14.0,5,4,33.0,6.0,K. Lankinen,2,2.0,4.0,32,31
2024020388,2024-12-01,20242025,REG,DET,VAN,1,17.0,OT,16.0,4,5,27.0,8.0,C. Talbot,2,1.0,3.0,31,32
2024020389,2024-12-01,20242025,REG,MTL,BOS,0,12.0,REG,16.0,3,6,18.0,16.0,C. Primeau,2,0.0,4.0,28,30
2024020389,2024-12-01,20242025,REG,BOS,MTL,1,20.0,REG,10.0,6,3,26.0,16.0,J. Swayman,2,0.0,5.0,30,28
2024020390,2024-12-01,20242025,REG,CBJ,CHI,0,11.0,REG,14.0,6,3,30.0,27.0,E. Merzlikins,2,0.0,3.0,36,31
2024020390,2024-12-01,20242025,REG,CHI,CBJ,1,8.0,REG,11.0,3,6,21.0,9.0,P. Mrazek,2,3.0,4.0,31,36
2024020391,2024-12-01,20242025,REG,WPG,DAL,0,16.0,REG,8.0,1,3,31.0,10.0,C. Hellebuyck,2,0.0,5.0,27,31
2024020391,2024-12-01,20242025,REG,DAL,WPG,1,13.0,REG,14.0,3,1,18.0,4.0,J. Oettinger,2,0.0,2.0,31,27
2024020392,2024-12-01,20242025,REG,OTT,ANA,0,19.0,SO,16.0,3,4,22.0,10.0,L. Ullmark,2,1.0,3.0,31,34
2024020392,2024-12-01,20242025,REG,ANA,OTT,1,17.0,SO,21.0,4,3,32.0,12.0,L. Dostal,2,1.0,5.0,34,31
2024020393,2024-12-02,20242025,REG,NJD,NYR,0,27.0,REG,17.0,5,1,24.0,10.0,J. Markstrom,2,2.0,4.0,28,39
2024020393,2024-12-02,20242025,REG,NYR,NJD,1,14.0,REG,12.0,1,5,25.0,10.0,I. Shesterkin,2,1.0,5.0,39,28
2024020394,2024-12-02,20242025,REG,CHI,TOR,0,6.0,REG,13.0,1,4,22.0,4.0,A. Soderblom,2,0.0,5.0,28,22
2024020394,2024-12-02,20242025,REG,TOR,CHI,1,16.0,REG,18.0,4,1,39.0,8.0,A. Stolarz,2,0.0,8.0,22,28
2024020395,2024-12-02,20242025,REG,DAL,UTA,0,21.0,REG,21.0,2,1,11.0,4.0,C. DeSmith,2,1.0,13.0,21,37
2024020395,2024-12-02,20242025,REG,UTA,DAL,1,23.0,REG,24.0,1,2,19.0,6.0,K. Vejmelka,2,0.0,4.0,37,21
2024020396,2024-12-03,20242025,REG,DET,BOS,0,19.0,OT,16.0,2,3,14.0,12.0,V. Husso,2,0.0,8.0,25,35
2024020396,2024-12-03,20242025,REG,BOS,DET,1,16.0,OT,15.0,3,2,40.0,12.0,J. Korpisalo,2,1.0,7.0,35,25
2024020397,2024-12-03,20242025,REG,COL,BUF,0,13.0,REG,15.0,5,4,24.0,4.0,A. Georgiev,2,0.0,5.0,41,30
2024020397,2024-12-03,20242025,REG,BUF,COL,1,11.0,REG,16.0,4,5,19.0,2.0,U. Luukkonen,2,0.0,9.0,30,41
2024020398,2024-12-03,20242025,REG,NYI,MTL,0,9.0,OT,10.0,1,2,32.0,4.0,I. Sorokin,2,0.0,3.0,31,27
2024020398,2024-12-03,20242025,REG,MTL,NYI,1,19.0,OT,13.0,2,1,37.0,6.0,S. Montembeault,2,1.0,4.0,27,31
2024020399,2024-12-03,20242025,REG,FLA,PIT,0,11.0,OT,13.0,4,5,38.0,4.0,S. Knight,2,1.0,10.0,41,16
2024020399,2024-12-03,20242025,REG,PIT,FLA,1,21.0,OT,15.0,5,4,14.0,4.0,T. Jarry,2,0.0,5.0,16,41
2024020400,2024-12-03,20242025,REG,SJS,WSH,0,19.0,OT,23.0,2,1,30.0,6.0,M. Blackwood,2,1.0,1.0,31,28
2024020400,2024-12-03,20242025,REG,WSH,SJS,1,24.0,OT,20.0,1,2,22.0,18.0,L. Thompson,2,0.0,0.0,28,31
2024020401,2024-12-03,20242025,REG,SEA,CAR,0,25.0,REG,17.0,4,2,15.0,2.0,J. Daccord,2,0.0,2.0,28,19
2024020401,2024-12-03,20242025,REG,CAR,SEA,1,11.0,REG,16.0,2,4,26.0,4.0,P. Kochetkov,2,1.0,3.0,19,28
2024020402,2024-12-03,20242025,REG,VAN,MIN,0,16.0,OT,14.0,2,3,14.0,2.0,K. Lankinen,2,1.0,6.0,32,29
2024020402,2024-12-03,20242025,REG,MIN,VAN,1,7.0,OT,21.0,3,2,20.0,6.0,F. Gustavsson,2,0.0,8.0,29,32
2024020403,2024-12-03,20242025,REG,STL,WPG,0,14.0,REG,17.0,4,1,24.0,4.0,J. Hofer,2,0.0,5.0,32,23
2024020403,2024-12-03,20242025,REG,WPG,STL,1,13.0,REG,13.0,1,4,18.0,6.0,C. Hellebuyck,2,0.0,6.0,23,32
2024020404,2024-12-03,20242025,REG,CBJ,CGY,0,19.0,REG,12.0,0,3,19.0,8.0,E. Merzlikins,2,0.0,2.0,16,22
2024020404,2024-12-03,20242025,REG,CGY,CBJ,1,14.0,REG,12.0,3,0,21.0,2.0,D. Vladar,2,2.0,8.0,22,16
2024020405,2024-12-03,20242025,REG,EDM,VGK,0,16.0,REG,14.0,0,1,12.0,0.0,S. Skinner,2,0.0,8.0,28,16
2024020405,2024-12-03,20242025,REG,VGK,EDM,1,22.0,REG,19.0,1,0,6.0,0.0,A. Hill,2,0.0,6.0,16,28
2024020406,2024-12-04,20242025,REG,NSH,TOR,0,13.0,REG,16.0,2,3,15.0,6.0,J. Saros,2,0.0,3.0,24,28
2024020406,2024-12-04,20242025,REG,TOR,NSH,1,18.0,REG,25.0,3,2,32.0,4.0,J. Woll,2,1.0,2.0,28,24
2024020407,2024-12-04,20242025,REG,BOS,CHI,0,14.0,REG,20.0,4,2,22.0,4.0,J. Swayman,2,0.0,5.0,27,22
2024020407,2024-12-04,20242025,REG,CHI,BOS,1,16.0,REG,6.0,2,4,12.0,8.0,P. Mrazek,2,0.0,6.0,22,27
2024020408,2024-12-04,20242025,REG,VGK,ANA,0,17.0,REG,17.0,4,1,11.0,2.0,I. Samsonov,2,0.0,5.0,33,20
2024020408,2024-12-04,20242025,REG,ANA,VGK,1,14.0,REG,18.0,1,4,17.0,4.0,J. Gibson,2,0.0,5.0,20,33
2024020409,2024-12-04,20242025,REG,DAL,LAK,0,13.0,REG,18.0,2,3,8.0,2.0,J. Oettinger,2,1.0,4.0,28,17
2024020409,2024-12-04,20242025,REG,LAK,DAL,1,21.0,REG,13.0,3,2,32.0,2.0,D. Rittich,2,0.0,3.0,17,28
2024020410,2024-12-05,20242025,REG,WPG,BUF,0,18.0,OT,16.0,3,2,15.0,23.0,C. Hellebuyck,2,1.0,3.0,31,30
2024020410,2024-12-05,20242025,REG,BUF,WPG,1,15.0,OT,16.0,2,3,28.0,25.0,U. Luukkonen,2,1.0,1.0,30,31
2024020411,2024-12-05,20242025,REG,NSH,MTL,0,11.0,REG,19.0,0,3,19.0,6.0,J. Annunen,2,0.0,6.0,29,30
2024020411,2024-12-05,20242025,REG,MTL,NSH,1,23.0,REG,8.0,3,0,26.0,8.0,S. Montembeault,2,1.0,11.0,30,29
2024020412,2024-12-05,20242025,REG,DET,OTT,0,13.0,REG,12.0,1,2,15.0,12.0,V. Husso,2,1.0,6.0,20,32
2024020412,2024-12-05,20242025,REG,OTT,DET,1,13.0,REG,13.0,2,1,14.0,8.0,L. Ullmark,2,0.0,7.0,32,20
2024020413,2024-12-05,20242025,REG,SJS,TBL,0,14.0,REG,17.0,1,8,24.0,2.0,V. Vanecek,2,0.0,2.0,21,35
2024020413,2024-12-05,20242025,REG,TBL,SJS,1,25.0,REG,15.0,8,1,16.0,6.0,A. Vasilevskiy,2,1.0,3.0,35,21
2024020414,2024-12-05,20242025,REG,FLA,PHI,0,13.0,REG,8.0,7,5,37.0,12.0,S. Knight,2,4.0,7.0,28,34
2024020414,2024-12-05,20242025,REG,PHI,FLA,1,21.0,REG,7.0,5,7,16.0,14.0,I. Fedotov,2,1.0,6.0,34,28
2024020415,2024-12-05,20242025,REG,COL,CAR,0,15.0,REG,23.0,3,5,22.0,8.0,S. Wedgewood,2,0.0,4.0,19,35
2024020415,2024-12-05,20242025,REG,CAR,COL,1,11.0,REG,21.0,5,3,13.0,6.0,P. Kochetkov,2,2.0,5.0,35,19
2024020416,2024-12-05,20242025,REG,SEA,NYI,0,19.0,REG,8.0,5,2,23.0,6.0,J. Daccord,2,2.0,10.0,25,29
2024020416,2024-12-05,20242025,REG,NYI,SEA,1,14.0,REG,13.0,2,5,24.0,4.0,I. Sorokin,2,0.0,8.0,29,25
2024020417,2024-12-05,20242025,REG,STL,CGY,0,21.0,OT,19.0,4,3,16.0,8.0,J. Binnington,2,1.0,4.0,24,39
2024020417,2024-12-05,20242025,REG,CGY,STL,1,10.0,OT,11.0,3,4,20.0,8.0,D. Vladar,2,1.0,7.0,39,24
2024020418,2024-12-05,20242025,REG,CBJ,EDM,0,17.0,REG,11.0,3,6,15.0,8.0,D. Tarasov,2,0.0,4.0,22,36
2024020418,2024-12-05,20242025,REG,EDM,CBJ,1,16.0,REG,9.0,6,3,12.0,4.0,C. Pickard,2,2.0,2.0,36,22
2024020419,2024-12-06,20242025,REG,WSH,TOR,0,13.0,REG,15.0,3,1,16.0,4.0,C. Lindgren,2,0.0,2.0,26,21
2024020419,2024-12-06,20242025,REG,TOR,WSH,1,17.0,REG,21.0,1,3,25.0,8.0,A. Stolarz,2,0.0,3.0,21,26
2024020420,2024-12-06,20242025,REG,SEA,NJD,0,24.0,REG,10.0,2,3,24.0,4.0,P. Grubauer,2,1.0,3.0,19,36
2024020420,2024-12-06,20242025,REG,NJD,SEA,1,14.0,REG,21.0,3,2,28.0,4.0,J. Markstrom,2,0.0,4.0,36,19
2024020421,2024-12-06,20242025,REG,PIT,NYR,0,12.0,REG,14.0,2,4,14.0,8.0,A. Nedeljkovic,2,0.0,4.0,22,32
2024020421,2024-12-06,20242025,REG,NYR,PIT,1,14.0,REG,14.0,4,2,19.0,10.0,I. Shesterkin,2,0.0,5.0,32,22
2024020422,2024-12-06,20242025,REG,CBJ,VAN,0,11.0,REG,15.0,2,5,18.0,15.0,E. Merzlikins,2,0.0,4.0,32,17
2024020422,2024-12-06,20242025,REG,VAN,CBJ,1,18.0,REG,11.0,5,2,28.0,17.0,K. Lankinen,2,1.0,5.0,17,32
2024020423,2024-12-06,20242025,REG,DAL,VGK,0,14.0,REG,28.0,2,3,15.0,12.0,J. Oettinger,2,0.0,4.0,40,28
2024020423,2024-12-06,20242025,REG,VGK,DAL,1,18.0,REG,22.0,3,2,19.0,4.0,A. Hill,2,2.0,8.0,28,40
2024020424,2024-12-06,20242025,REG,MIN,ANA,0,21.0,REG,7.0,5,1,15.0,6.0,F. Gustavsson,2,1.0,5.0,33,27
2024020424,2024-12-06,20242025,REG,ANA,MIN,1,14.0,REG,11.0,1,5,21.0,8.0,J. Gibson,2,0.0,5.0,27,33
2024020425,2024-12-07,20242025,REG,PHI,BOS,0,18.0,OT,18.0,3,4,18.0,14.0,A. Kolosov,2,1.0,1.0,26,31
2024020425,2024-12-07,20242025,REG,BOS,PHI,1,9.0,OT,18.0,4,3,33.0,8.0,J. Swayman,2,1.0,6.0,31,26
2024020426,2024-12-07,20242025,REG,UTA,BUF,0,19.0,REG,11.0,5,2,9.0,11.0,K. Vejmelka,2,0.0,6.0,28,25
2024020426,2024-12-07,20242025,REG,BUF,UTA,1,13.0,REG,12.0,2,5,39.0,5.0,U. Luukkonen,2,0.0,11.0,25,28
2024020427,2024-12-07,20242025,REG,WPG,CHI,0,10.0,REG,13.0,4,2,15.0,2.0,C. Hellebuyck,2,0.0,3.0,29,14
2024020427,2024-12-07,20242025,REG,CHI,WPG,1,12.0,REG,11.0,2,4,13.0,4.0,P. Mrazek,2,1.0,2.0,14,29
2024020428,2024-12-07,20242025,REG,CAR,NYI,0,8.0,REG,10.0,3,4,17.0,4.0,P. Kochetkov,2,2.0,12.0,31,25
2024020428,2024-12-07,20242025,REG,NYI,CAR,1,32.0,REG,14.0,4,3,25.0,8.0,I. Sorokin,2,0.0,5.0,25,31
2024020429,2024-12-07,20242025,REG,SJS,FLA,0,20.0,REG,28.0,1,3,22.0,15.0,M. Blackwood,2,1.0,6.0,29,54
2024020429,2024-12-07,20242025,REG,FLA,SJS,1,15.0,REG,25.0,3,1,19.0,19.0,S. Bobrovsky,2,1.0,5.0,54,29
2024020430,2024-12-07,20242025,REG,WSH,MTL,0,16.0,REG,12.0,4,2,23.0,4.0,L. Thompson,2,1.0,3.0,35,24
2024020430,2024-12-07,20242025,REG,MTL,WSH,1,17.0,REG,12.0,2,4,28.0,6.0,S. Montembeault,2,0.0,6.0,24,35
2024020431,2024-12-07,20242025,REG,NSH,OTT,0,17.0,REG,11.0,1,3,25.0,11.0,J. Saros,2,0.0,3.0,37,30
2024020431,2024-12-07,20242025,REG,OTT,NSH,1,16.0,REG,8.0,3,1,24.0,7.0,L. Ullmark,2,0.0,5.0,30,37
2024020432,2024-12-07,20242025,REG,COL,DET,0,19.0,REG,18.0,2,1,16.0,4.0,A. Georgiev,2,1.0,3.0,25,30
2024020432,2024-12-07,20242025,REG,DET,COL,1,17.0,REG,26.0,1,2,16.0,4.0,V. Husso,2,0.0,6.0,30,25
2024020433,2024-12-07,20242025,REG,TOR,PIT,0,22.0,REG,19.0,2,5,18.0,10.0,J. Woll,2,1.0,6.0,27,29
2024020433,2024-12-07,20242025,REG,PIT,TOR,1,18.0,REG,9.0,5,2,17.0,6.0,T. Jarry,2,2.0,2.0,29,27
2024020434,2024-12-07,20242025,REG,MIN,LAK,0,22.0,REG,17.0,1,4,20.0,9.0,M. Fleury,2,0.0,5.0,23,34
2024020434,2024-12-07,20242025,REG,LAK,MIN,1,17.0,REG,10.0,4,1,19.0,9.0,D. Kuemper,2,1.0,3.0,34,23
2024020435,2024-12-07,20242025,REG,STL,EDM,0,12.0,REG,17.0,2,4,26.0,2.0,J. Binnington,2,1.0,1.0,31,21
2024020435,2024-12-07,20242025,REG,EDM,STL,1,18.0,REG,15.0,4,2,10.0,4.0,S. Skinner,2,1.0,4.0,21,31
2024020436,2024-12-08,20242025,REG,SEA,NYR,0,20.0,REG,15.0,7,5,20.0,4.0,P. Grubauer,2,1.0,5.0,22,37
2024020436,2024-12-08,20242025,REG,NYR,SEA,1,14.0,REG,11.0,5,7,16.0,4.0,J. Quick,2,1.0,6.0,37,22
2024020437,2024-12-08,20242025,REG,TBL,VAN,0,11.0,REG,23.0,4,2,9.0,6.0,A. Vasilevskiy,2,2.0,3.0,33,25
2024020437,2024-12-08,20242025,REG,VAN,TBL,1,17.0,REG,10.0,2,4,28.0,6.0,K. Lankinen,2,0.0,2.0,25,33
2024020438,2024-12-08,20242025,REG,NYI,OTT,0,21.0,REG,15.0,4,2,25.0,6.0,I. Sorokin,2,2.0,2.0,13,31
2024020438,2024-12-08,20242025,REG,OTT,NYI,1,10.0,REG,12.0,2,4,16.0,4.0,A. Forsberg,2,1.0,2.0,31,13
2024020439,2024-12-08,20242025,REG,CBJ,WPG,0,24.0,REG,17.0,4,1,28.0,10.0,E. Merzlikins,2,1.0,5.0,28,25
2024020439,2024-12-08,20242025,REG,WPG,CBJ,1,16.0,REG,17.0,1,4,13.0,6.0,E. Comrie,2,1.0,7.0,25,28
2024020440,2024-12-08,20242025,REG,COL,NJD,0,19.0,REG,13.0,4,0,12.0,4.0,S. Wedgewood,2,0.0,6.0,24,25
2024020440,2024-12-08,20242025,REG,NJD,COL,1,12.0,REG,8.0,0,4,19.0,4.0,J. Allen,2,0.0,2.0,25,24
2024020441,2024-12-08,20242025,REG,UTA,PHI,0,18.0,REG,6.0,4,2,22.0,6.0,J. Stauber,2,1.0,3.0,25,24
2024020441,2024-12-08,20242025,REG,PHI,UTA,1,11.0,REG,5.0,2,4,23.0,18.0,S. Ersson,2,0.0,6.0,24,25
2024020442,2024-12-08,20242025,REG,CGY,DAL,0,14.0,REG,13.0,2,6,32.0,8.0,D. Wolf,2,0.0,5.0,31,28
2024020442,2024-12-08,20242025,REG,DAL,CGY,1,17.0,REG,22.0,6,2,11.0,6.0,J. Oettinger,2,0.0,4.0,28,31
2024020443,2024-12-09,20242025,REG,DET,BUF,0,11.0,SO,9.0,6,5,12.0,8.0,V. Husso,2,0.0,2.0,31,21
2024020443,2024-12-09,20242025,REG,BUF,DET,1,20.0,SO,14.0,5,6,28.0,10.0,J. Reimer,2,0.0,4.0,21,31
2024020444,2024-12-09,20242025,REG,CHI,NYR,0,17.0,REG,9.0,2,1,14.0,4.0,A. Soderblom,2,0.0,8.0,32,30
2024020444,2024-12-09,20242025,REG,NYR,CHI,1,14.0,REG,15.0,1,2,25.0,4.0,I. Shesterkin,2,0.0,2.0,30,32
2024020445,2024-12-09,20242025,REG,ANA,MTL,0,11.0,SO,12.0,2,3,30.0,9.0,L. Dostal,2,1.0,6.0,29,21
2024020445,2024-12-09,20242025,REG,MTL,ANA,1,17.0,SO,15.0,3,2,21.0,11.0,S. Montembeault,2,1.0,1.0,21,29
2024020446,2024-12-10,20242025,REG,TOR,NJD,0,20.0,OT,13.0,2,1,22.0,8.0,A. Stolarz,2,0.0,4.0,17,39
2024020446,2024-12-10,20242025,REG,NJD,TOR,1,13.0,OT,11.0,1,2,18.0,6.0,J. Markstrom,2,0.0,9.0,39,17
2024020447,2024-12-10,20242025,REG,COL,PIT,0,15.0,REG,16.0,6,2,16.0,8.0,S. Wedgewood,2,0.0,8.0,27,27
2024020447,2024-12-10,20242025,REG,PIT,COL,1,16.0,REG,15.0,2,6,10.0,6.0,T. Jarry,2,0.0,8.0,27,27
2024020448,2024-12-10,20242025,REG,SJS,CAR,0,19.0,REG,16.0,2,3,34.0,8.0,V. Vanecek,2,0.0,8.0,23,28
2024020448,2024-12-10,20242025,REG,CAR,SJS,1,19.0,REG,15.0,3,2,31.0,6.0,P. Kochetkov,2,0.0,6.0,28,23
2024020449,2024-12-10,20242025,REG,PHI,CBJ,0,16.0,REG,20.0,5,3,18.0,9.0,S. Ersson,2,1.0,1.0,25,18
2024020449,2024-12-10,20242025,REG,CBJ,PHI,1,17.0,REG,7.0,3,5,26.0,11.0,E. Merzlikins,2,1.0,1.0,18,25
2024020450,2024-12-10,20242025,REG,LAK,NYI,0,12.0,REG,17.0,3,1,14.0,6.0,D. Kuemper,2,0.0,5.0,30,20
2024020450,2024-12-10,20242025,REG,NYI,LAK,1,9.0,REG,11.0,1,3,16.0,2.0,I. Sorokin,2,0.0,6.0,20,30
2024020451,2024-12-10,20242025,REG,CGY,NSH,0,21.0,REG,13.0,4,3,21.0,2.0,D. Vladar,2,1.0,7.0,28,20
2024020451,2024-12-10,20242025,REG,NSH,CGY,1,13.0,REG,13.0,3,4,28.0,4.0,J. Saros,2,0.0,4.0,20,28
2024020452,2024-12-10,20242025,REG,BOS,WPG,0,8.0,REG,21.0,1,8,56.0,37.0,J. Swayman,2,1.0,4.0,24,35
2024020452,2024-12-10,20242025,REG,WPG,BOS,1,16.0,REG,23.0,8,1,35.0,29.0,C. Hellebuyck,2,3.0,4.0,35,24
2024020453,2024-12-10,20242025,REG,TBL,EDM,0,10.0,REG,13.0,1,2,14.0,4.0,A. Vasilevskiy,2,0.0,4.0,22,25
2024020453,2024-12-10,20242025,REG,EDM,TBL,1,14.0,REG,14.0,2,1,9.0,4.0,S. Skinner,2,0.0,2.0,25,22
2024020454,2024-12-10,20242025,REG,MIN,UTA,0,13.0,SO,24.0,5,4,27.0,6.0,F. Gustavsson,2,0.0,5.0,38,25
2024020454,2024-12-10,20242025,REG,UTA,MIN,1,13.0,SO,30.0,4,5,14.0,4.0,K. Vejmelka,2,2.0,9.0,25,38
2024020455,2024-12-10,20242025,REG,STL,VAN,0,18.0,OT,17.0,4,3,15.0,8.0,J. Hofer,2,1.0,11.0,25,25
2024020455,2024-12-10,20242025,REG,VAN,STL,1,14.0,OT,14.0,3,4,30.0,6.0,T. Demko,2,1.0,14.0,25,25
2024020456,2024-12-10,20242025,REG,FLA,SEA,0,13.0,SO,9.0,2,1,29.0,6.0,S. Bobrovsky,2,0.0,8.0,33,18
2024020456,2024-12-10,20242025,REG,SEA,FLA,1,18.0,SO,11.0,1,2,16.0,4.0,J. Daccord,2,0.0,3.0,18,33
2024020457,2024-12-11,20242025,REG,NYR,BUF,0,20.0,REG,17.0,3,2,33.0,9.0,I. Shesterkin,2,1.0,4.0,28,31
2024020457,2024-12-11,20242025,REG,BUF,NYR,1,18.0,REG,10.0,2,3,19.0,13.0,U. Luukkonen,2,0.0,6.0,31,28
2024020458,2024-12-11,20242025,REG,ANA,OTT,0,15.0,REG,14.0,1,5,37.0,25.0,J. Gibson,2,0.0,3.0,32,34
2024020458,2024-12-11,20242025,REG,OTT,ANA,1,12.0,REG,12.0,5,1,23.0,15.0,L. Ullmark,2,3.0,5.0,34,32
2024020459,2024-12-12,20242025,REG,ANA,TOR,0,16.0,REG,20.0,2,3,22.0,4.0,L. Dostal,2,1.0,3.0,28,33
2024020459,2024-12-12,20242025,REG,TOR,ANA,1,10.0,REG,14.0,3,2,16.0,2.0,A. Stolarz,2,0.0,0.0,33,28
2024020460,2024-12-12,20242025,REG,PIT,MTL,0,8.0,REG,12.0,9,2,11.0,8.0,T. Jarry,2,2.0,7.0,33,23
2024020460,2024-12-12,20242025,REG,MTL,PIT,1,16.0,REG,15.0,2,9,26.0,6.0,S. Montembeault,2,0.0,3.0,23,33
2024020461,2024-12-12,20242025,REG,LAK,NJD,0,20.0,REG,20.0,1,3,18.0,2.0,D. Rittich,2,0.0,7.0,14,26
2024020461,2024-12-12,20242025,REG,NJD,LAK,1,16.0,REG,15.0,3,1,27.0,2.0,J. Markstrom,2,0.0,4.0,26,14
2024020462,2024-12-12,20242025,REG,DET,PHI,0,12.0,REG,19.0,1,4,16.0,2.0,C. Talbot,2,0.0,7.0,26,36
2024020462,2024-12-12,20242025,REG,PHI,DET,1,19.0,REG,15.0,4,1,12.0,2.0,A. Kolosov,2,0.0,5.0,36,26
2024020463,2024-12-12,20242025,REG,WSH,CBJ,0,14.0,OT,9.0,2,1,12.0,10.0,C. Lindgren,2,0.0,6.0,37,33
2024020463,2024-12-12,20242025,REG,CBJ,WSH,1,15.0,OT,16.0,1,2,19.0,2.0,J. Greaves,2,1.0,3.0,33,37
2024020464,2024-12-12,20242025,REG,CHI,NYI,0,15.0,REG,18.0,4,5,15.0,6.0,A. Soderblom,2,1.0,5.0,30,21
2024020464,2024-12-12,20242025,REG,NYI,CHI,1,19.0,REG,27.0,5,4,22.0,4.0,I. Sorokin,2,0.0,6.0,21,30
2024020465,2024-12-12,20242025,REG,SJS,STL,0,21.0,REG,15.0,4,3,32.0,11.0,A. Georgiev,2,1.0,12.0,31,20
2024020465,2024-12-12,20242025,REG,STL,SJS,1,14.0,REG,16.0,3,4,31.0,11.0,J. Binnington,2,0.0,2.0,20,31
2024020466,2024-12-12,20242025,REG,NSH,DAL,0,18.0,REG,10.0,4,1,20.0,4.0,J. Annunen,2,0.0,4.0,26,36
2024020466,2024-12-12,20242025,REG,DAL,NSH,1,9.0,REG,12.0,1,4,18.0,4.0,J. Oettinger,2,0.0,3.0,36,26
2024020467,2024-12-12,20242025,REG,EDM,MIN,0,11.0,REG,14.0,7,1,8.0,11.0,C. Pickard,2,2.0,3.0,35,30
2024020467,2024-12-12,20242025,REG,MIN,EDM,1,14.0,REG,20.0,1,7,23.0,13.0,F. Gustavsson,2,1.0,3.0,30,35
2024020468,2024-12-12,20242025,REG,VGK,WPG,0,12.0,OT,13.0,3,2,27.0,2.0,A. Hill,2,1.0,13.0,36,20
2024020468,2024-12-12,20242025,REG,WPG,VGK,1,25.0,OT,15.0,2,3,31.0,8.0,C. Hellebuyck,2,0.0,7.0,20,36
2024020469,2024-12-12,20242025,REG,UTA,COL,0,23.0,REG,15.0,4,1,10.0,6.0,K. Vejmelka,2,1.0,6.0,23,24
2024020469,2024-12-12,20242025,REG,COL,UTA,1,11.0,REG,20.0,1,4,23.0,4.0,S. Wedgewood,2,0.0,16.0,24,23
2024020470,2024-12-12,20242025,REG,TBL,CGY,0,15.0,REG,10.0,8,3,13.0,0.0,A. Vasilevskiy,2,3.0,7.0,26,22
2024020470,2024-12-12,20242025,REG,CGY,TBL,1,20.0,REG,19.0,3,8,17.0,6.0,D. Vladar,2,0.0,9.0,22,26
2024020471,2024-12-12,20242025,REG,FLA,VAN,0,7.0,REG,18.0,0,4,25.0,4.0,S. Bobrovsky,2,0.0,6.0,27,19
2024020471,2024-12-12,20242025,REG,VAN,FLA,1,18.0,REG,8.0,4,0,26.0,6.0,K. Lankinen,2,1.0,8.0,19,27
2024020472,2024-12-12,20242025,REG,BOS,SEA,0,19.0,REG,14.0,1,5,23.0,6.0,J. Korpisalo,2,0.0,5.0,34,21
2024020472,2024-12-12,20242025,REG,SEA,BOS,1,20.0,REG,18.0,5,1,26.0,2.0,P. Grubauer,2,1.0,5.0,21,34
2024020473,2024-12-13,20242025,REG,OTT,CAR,0,16.0,REG,14.0,3,0,26.0,4.0,L. Ullmark,2,0.0,10.0,22,32
2024020473,2024-12-13,20242025,REG,CAR,OTT,1,8.0,REG,17.0,0,3,29.0,6.0,P. Kochetkov,2,0.0,9.0,32,22
2024020474,2024-12-14,20242025,REG,CHI,NJD,0,20.0,REG,23.0,1,4,19.0,6.0,D. Commesso,2,0.0,5.0,17,24
2024020474,2024-12-14,20242025,REG,NJD,CHI,1,15.0,REG,22.0,4,1,25.0,6.0,J. Markstrom,2,0.0,6.0,24,17
2024020475,2024-12-14,20242025,REG,LAK,NYR,0,8.0,REG,21.0,5,1,14.0,11.0,D. Kuemper,2,0.0,2.0,32,32
2024020475,2024-12-14,20242025,REG,NYR,LAK,1,12.0,REG,23.0,1,5,39.0,11.0,I. Shesterkin,2,0.0,3.0,32,32
2024020476,2024-12-14,20242025,REG,PHI,MIN,0,11.0,REG,14.0,1,4,17.0,9.0,S. Ersson,2,0.0,6.0,22,22
2024020476,2024-12-14,20242025,REG,MIN,PHI,1,16.0,REG,15.0,4,1,18.0,13.0,M. Fleury,2,0.0,5.0,22,22
2024020477,2024-12-14,20242025,REG,VGK,EDM,0,11.0,REG,17.0,3,6,31.0,4.0,A. Hill,2,0.0,1.0,42,34
2024020477,2024-12-14,20242025,REG,EDM,VGK,1,23.0,REG,19.0,6,3,18.0,2.0,S. Skinner,2,1.0,5.0,34,42
2024020478,2024-12-14,20242025,REG,PIT,OTT,0,11.0,OT,19.0,2,3,36.0,4.0,T. Jarry,2,0.0,7.0,27,31
2024020478,2024-12-14,20242025,REG,OTT,PIT,1,17.0,OT,17.0,3,2,32.0,0.0,L. Ullmark,2,0.0,7.0,31,27
2024020479,2024-12-14,20242025,REG,TOR,DET,0,19.0,REG,9.0,2,4,19.0,6.0,J. Woll,2,1.0,5.0,25,26
2024020479,2024-12-14,20242025,REG,DET,TOR,1,14.0,REG,11.0,4,2,13.0,4.0,V. Husso,2,0.0,7.0,26,25
2024020480,2024-12-14,20242025,REG,BUF,WSH,0,10.0,REG,11.0,2,4,25.0,11.0,U. Luukkonen,2,0.0,8.0,21,31
2024020480,2024-12-14,20242025,REG,WSH,BUF,1,17.0,REG,13.0,4,2,27.0,9.0,L. Thompson,2,2.0,4.0,31,21
2024020481,2024-12-14,20242025,REG,ANA,CBJ,0,23.0,OT,14.0,4,3,21.0,4.0,J. Gibson,2,0.0,6.0,27,42
2024020481,2024-12-14,20242025,REG,CBJ,ANA,1,16.0,OT,14.0,3,4,23.0,2.0,J. Greaves,2,1.0,1.0,42,27
2024020482,2024-12-14,20242025,REG,MTL,WPG,0,11.0,REG,10.0,2,4,20.0,12.0,S. Montembeault,2,0.0,2.0,28,27
2024020482,2024-12-14,20242025,REG,WPG,MTL,1,15.0,REG,12.0,4,2,11.0,8.0,C. Hellebuyck,2,2.0,8.0,27,28
2024020483,2024-12-14,20242025,REG,STL,DAL,0,17.0,OT,23.0,1,2,30.0,10.0,J. Binnington,2,0.0,4.0,16,37
2024020483,2024-12-14,20242025,REG,DAL,STL,1,12.0,OT,16.0,2,1,12.0,6.0,J. Oettinger,2,1.0,6.0,37,16
2024020484,2024-12-14,20242025,REG,NSH,COL,0,12.0,REG,17.0,2,5,16.0,8.0,J. Saros,2,0.0,6.0,39,33
2024020484,2024-12-14,20242025,REG,COL,NSH,1,16.0,REG,12.0,5,2,23.0,6.0,M. Blackwood,2,0.0,5.0,33,39
2024020485,2024-12-14,20242025,REG,FLA,CGY,0,11.0,REG,21.0,0,3,30.0,6.0,S. Knight,2,0.0,9.0,32,27
2024020485,2024-12-14,20242025,REG,CGY,FLA,1,16.0,REG,13.0,3,0,16.0,8.0,D. Wolf,2,0.0,7.0,27,32
2024020486,2024-12-14,20242025,REG,BOS,VAN,0,21.0,REG,16.0,5,1,18.0,6.0,J. Swayman,2,1.0,6.0,28,20
2024020486,2024-12-14,20242025,REG,VAN,BOS,1,15.0,REG,10.0,1,5,30.0,10.0,T. Demko,2,0.0,5.0,20,28
2024020487,2024-12-14,20242025,REG,UTA,SJS,0,12.0,REG,14.0,4,3,17.0,10.0,K. Vejmelka,2,2.0,3.0,40,22
2024020487,2024-12-14,20242025,REG,SJS,UTA,1,18.0,REG,13.0,3,4,15.0,16.0,V. Vanecek,2,1.0,4.0,22,40
2024020488,2024-12-14,20242025,REG,TBL,SEA,0,17.0,REG,9.0,5,1,15.0,4.0,J. Johansson,2,1.0,10.0,31,22
2024020488,2024-12-14,20242025,REG,SEA,TBL,1,15.0,REG,11.0,1,5,33.0,6.0,P. Grubauer,2,1.0,2.0,22,31
2024020489,2024-12-15,20242025,REG,NYI,CHI,0,10.0,REG,7.0,3,5,27.0,4.0,I. Sorokin,2,0.0,2.0,33,23
2024020489,2024-12-15,20242025,REG,CHI,NYI,1,10.0,REG,11.0,5,3,22.0,6.0,A. Soderblom,2,1.0,2.0,23,33
2024020490,2024-12-15,20242025,REG,BUF,TOR,0,16.0,REG,11.0,3,5,13.0,18.0,D. Levi,2,1.0,1.0,27,41
2024020490,2024-12-15,20242025,REG,TOR,BUF,1,4.0,REG,11.0,5,3,37.0,4.0,D. Hildeby,2,1.0,9.0,41,27
2024020491,2024-12-15,20242025,REG,CBJ,CAR,0,16.0,REG,26.0,1,4,23.0,4.0,E. Merzlikins,2,0.0,5.0,28,28
2024020491,2024-12-15,20242025,REG,CAR,CBJ,1,11.0,REG,24.0,4,1,17.0,10.0,D. Tokarski,2,0.0,5.0,28,28
2024020492,2024-12-15,20242025,REG,NYR,STL,0,8.0,REG,14.0,2,3,41.0,2.0,J. Quick,2,0.0,2.0,28,24
2024020492,2024-12-15,20242025,REG,STL,NYR,1,19.0,REG,15.0,3,2,20.0,0.0,J. Hofer,2,0.0,2.0,24,28
2024020493,2024-12-15,20242025,REG,VGK,MIN,0,16.0,REG,22.0,3,2,20.0,7.0,I. Samsonov,2,1.0,9.0,27,22
2024020493,2024-12-15,20242025,REG,MIN,VGK,1,17.0,REG,13.0,2,3,13.0,7.0,J. Wallstedt,2,0.0,5.0,22,27
2024020494,2024-12-16,20242025,REG,WSH,DAL,0,14.0,REG,15.0,1,3,22.0,11.0,C. Lindgren,2,0.0,8.0,26,24
2024020494,2024-12-16,20242025,REG,DAL,WSH,1,15.0,REG,10.0,3,1,15.0,15.0,J. Oettinger,2,1.0,6.0,24,26
2024020495,2024-12-16,20242025,REG,FLA,EDM,0,13.0,REG,15.0,6,5,39.0,11.0,S. Bobrovsky,2,1.0,3.0,28,30
2024020495,2024-12-16,20242025,REG,EDM,FLA,1,15.0,REG,14.0,5,6,21.0,13.0,S. Skinner,2,1.0,4.0,30,28
2024020496,2024-12-16,20242025,REG,COL,VAN,0,8.0,REG,22.0,1,3,19.0,4.0,M. Blackwood,2,0.0,3.0,31,25
2024020496,2024-12-16,20242025,REG,VAN,COL,1,18.0,REG,8.0,3,1,30.0,8.0,T. Demko,2,0.0,3.0,25,31
2024020497,2024-12-17,20242025,REG,BUF,MTL,0,13.0,REG,11.0,1,6,26.0,12.0,U. Luukkonen,2,0.0,8.0,21,27
2024020497,2024-12-17,20242025,REG,MTL,BUF,1,23.0,REG,10.0,6,1,7.0,10.0,S. Montembeault,2,3.0,8.0,27,21
2024020498,2024-12-17,20242025,REG,CBJ,TBL,0,5.0,REG,18.0,3,5,24.0,19.0,J. Greaves,2,1.0,2.0,32,33
2024020498,2024-12-17,20242025,REG,TBL,CBJ,1,22.0,REG,27.0,5,3,16.0,14.0,A. Vasilevskiy,2,1.0,6.0,33,32
2024020499,2024-12-17,20242025,REG,LAK,PIT,0,14.0,OT,11.0,2,3,15.0,6.0,D. Kuemper,2,0.0,3.0,31,31
2024020499,2024-12-17,20242025,REG,PIT,LAK,1,17.0,OT,13.0,3,2,18.0,6.0,A. Nedeljkovic,2,0.0,6.0,31,31
2024020500,2024-12-17,20242025,REG,NYI,CAR,0,16.0,REG,17.0,0,4,18.0,6.0,I. Sorokin,2,0.0,10.0,32,29
2024020500,2024-12-17,20242025,REG,CAR,NYI,1,15.0,REG,15.0,4,0,13.0,4.0,P. Kochetkov,2,1.0,12.0,29,32
2024020501,2024-12-17,20242025,REG,NJD,STL,0,8.0,REG,11.0,4,1,26.0,10.0,J. Markstrom,2,1.0,5.0,28,20
2024020501,2024-12-17,20242025,REG,STL,NJD,1,12.0,REG,19.0,1,4,32.0,14.0,J. Binnington,2,0.0,5.0,20,28
2024020502,2024-12-17,20242025,REG,NYR,NSH,0,14.0,REG,13.0,0,2,35.0,9.0,I. Shesterkin,2,0.0,5.0,25,32
2024020502,2024-12-17,20242025,REG,NSH,NYR,1,29.0,REG,16.0,2,0,27.0,11.0,J. Saros,2,0.0,10.0,32,25
2024020503,2024-12-17,20242025,REG,WSH,CHI,0,15.0,REG,17.0,2,3,12.0,6.0,L. Thompson,2,0.0,0.0,22,23
2024020503,2024-12-17,20242025,REG,CHI,WSH,1,13.0,REG,15.0,3,2,13.0,8.0,A. Soderblom,2,0.0,4.0,23,22
2024020504,2024-12-17,20242025,REG,BOS,CGY,0,12.0,OT,27.0,4,3,17.0,0.0,J. Swayman,2,0.0,9.0,35,23
2024020504,2024-12-17,20242025,REG,CGY,BOS,1,15.0,OT,24.0,3,4,23.0,2.0,D. Wolf,2,0.0,5.0,23,35
2024020505,2024-12-17,20242025,REG,OTT,SEA,0,16.0,REG,10.0,3,0,18.0,10.0,L. Ullmark,2,0.0,5.0,27,30
2024020505,2024-12-17,20242025,REG,SEA,OTT,1,20.0,REG,15.0,0,3,31.0,8.0,J. Daccord,2,0.0,5.0,30,27
2024020506,2024-12-17,20242025,REG,WPG,SJS,0,13.0,REG,9.0,4,3,17.0,6.0,C. Hellebuyck,2,2.0,8.0,33,35
2024020506,2024-12-17,20242025,REG,SJS,WPG,1,13.0,REG,12.0,3,4,18.0,4.0,A. Georgiev,2,1.0,3.0,35,33
2024020507,2024-12-18,20242025,REG,PHI,DET,0,19.0,REG,17.0,4,6,18.0,6.0,S. Ersson,2,0.0,5.0,19,24
2024020507,2024-12-18,20242025,REG,DET,PHI,1,11.0,REG,10.0,6,4,15.0,2.0,A. Lyon,2,1.0,4.0,24,19
2024020508,2024-12-18,20242025,REG,TOR,DAL,0,16.0,REG,12.0,5,3,25.0,8.0,J. Woll,2,0.0,5.0,19,39
2024020508,2024-12-18,20242025,REG,DAL,TOR,1,8.0,REG,13.0,3,5,9.0,2.0,J. Oettinger,2,0.0,3.0,39,19
2024020509,2024-12-18,20242025,REG,FLA,MIN,0,11.0,REG,11.0,6,1,42.0,16.0,S. Bobrovsky,2,1.0,4.0,33,27
2024020509,2024-12-18,20242025,REG,MIN,FLA,1,9.0,REG,15.0,1,6,25.0,16.0,M. Fleury,2,1.0,6.0,27,33
2024020510,2024-12-18,20242025,REG,VAN,UTA,0,20.0,OT,14.0,2,3,33.0,6.0,T. Demko,2,1.0,5.0,26,31
2024020510,2024-12-18,20242025,REG,UTA,VAN,1,17.0,OT,25.0,3,2,22.0,6.0,K. Vejmelka,2,1.0,1.0,31,26
2024020511,2024-12-18,20242025,REG,WPG,ANA,0,21.0,REG,12.0,2,3,12.0,6.0,E. Comrie,2,1.0,9.0,23,31
2024020511,2024-12-18,20242025,REG,ANA,WPG,1,17.0,REG,8.0,3,2,27.0,8.0,L. Dostal,2,0.0,7.0,31,23
2024020512,2024-12-19,20242025,REG,STL,TBL,0,15.0,REG,15.0,1,3,26.0,9.0,J. Binnington,2,0.0,1.0,32,18
2024020512,2024-12-19,20242025,REG,TBL,STL,1,9.0,REG,14.0,3,1,19.0,9.0,A. Vasilevskiy,2,0.0,7.0,18,32
2024020513,2024-12-19,20242025,REG,LAK,PHI,0,17.0,REG,7.0,7,3,13.0,4.0,D. Kuemper,2,0.0,4.0,27,26
2024020513,2024-12-19,20242025,REG,PHI,LAK,1,18.0,REG,9.0,3,7,14.0,2.0,A. Kolosov,2,0.0,3.0,26,27
2024020514,2024-12-19,20242025,REG,NJD,CBJ,0,8.0,REG,22.0,2,4,19.0,4.0,J. Allen,2,0.0,8.0,42,20
2024020514,2024-12-19,20242025,REG,CBJ,NJD,1,24.0,REG,16.0,4,2,15.0,2.0,E. Merzlikins,2,1.0,2.0,20,42
2024020515,2024-12-19,20242025,REG,PIT,NSH,0,16.0,OT,13.0,5,4,15.0,10.0,T. Jarry,2,1.0,7.0,20,26
2024020515,2024-12-19,20242025,REG,NSH,PIT,1,11.0,OT,12.0,4,5,24.0,6.0,J. Saros,2,1.0,5.0,26,20
2024020516,2024-12-19,20242025,REG,SEA,CHI,0,4.0,REG,7.0,1,3,26.0,8.0,J. Daccord,2,0.0,2.0,27,24
2024020516,2024-12-19,20242025,REG,CHI,SEA,1,10.0,REG,9.0,3,1,19.0,10.0,A. Soderblom,2,0.0,3.0,24,27
2024020517,2024-12-19,20242025,REG,OTT,CGY,0,22.0,OT,15.0,3,2,27.0,9.0,L. Ullmark,2,0.0,2.0,29,32
2024020517,2024-12-19,20242025,REG,CGY,OTT,1,9.0,OT,13.0,2,3,30.0,11.0,D. Vladar,2,1.0,6.0,32,29
2024020518,2024-12-19,20242025,REG,BOS,EDM,0,14.0,OT,13.0,2,3,30.0,4.0,J. Swayman,2,0.0,5.0,26,26
2024020518,2024-12-19,20242025,REG,EDM,BOS,1,10.0,OT,25.0,3,2,25.0,4.0,S. Skinner,2,0.0,8.0,26,26
2024020519,2024-12-19,20242025,REG,VAN,VGK,0,16.0,REG,11.0,1,3,21.0,2.0,K. Lankinen,2,0.0,5.0,20,21
2024020519,2024-12-19,20242025,REG,VGK,VAN,1,20.0,REG,17.0,3,1,16.0,4.0,A. Hill,2,0.0,8.0,21,20
2024020520,2024-12-19,20242025,REG,COL,SJS,0,13.0,REG,9.0,4,2,10.0,8.0,M. Blackwood,2,2.0,3.0,31,34
2024020520,2024-12-19,20242025,REG,SJS,COL,1,16.0,REG,9.0,2,4,11.0,10.0,A. Georgiev,2,0.0,5.0,34,31
2024020521,2024-12-20,20242025,REG,TOR,BUF,0,21.0,REG,11.0,6,3,26.0,13.0,M. Murray,2,1.0,2.0,29,27
2024020521,2024-12-20,20242025,REG,BUF,TOR,1,11.0,REG,8.0,3,6,24.0,15.0,U. Luukkonen,2,0.0,3.0,27,29
2024020522,2024-12-20,20242025,REG,MTL,DET,0,9.0,REG,15.0,4,3,12.0,8.0,S. Montembeault,2,1.0,4.0,33,28
2024020522,2024-12-20,20242025,REG,DET,MTL,1,13.0,REG,15.0,3,4,12.0,4.0,C. Talbot,2,0.0,2.0,28,33
2024020523,2024-12-20,20242025,REG,STL,FLA,0,21.0,OT,8.0,1,2,21.0,4.0,J. Hofer,2,0.0,5.0,27,27
2024020523,2024-12-20,20242025,REG,FLA,STL,1,14.0,OT,15.0,2,1,20.0,4.0,S. Bobrovsky,2,1.0,3.0,27,27
2024020524,2024-12-20,20242025,REG,CAR,WSH,0,13.0,REG,13.0,1,3,12.0,4.0,P. Kochetkov,2,0.0,7.0,25,22
2024020524,2024-12-20,20242025,REG,WSH,CAR,1,27.0,REG,6.0,3,1,23.0,6.0,C. Lindgren,2,0.0,8.0,22,25
2024020525,2024-12-20,20242025,REG,NYR,DAL,0,14.0,REG,13.0,3,1,28.0,27.0,I. Shesterkin,2,0.0,6.0,30,42
2024020525,2024-12-20,20242025,REG,DAL,NYR,1,8.0,REG,16.0,1,3,13.0,8.0,J. Oettinger,2,0.0,2.0,42,30
2024020526,2024-12-20,20242025,REG,UTA,MIN,0,10.0,REG,8.0,2,1,9.0,10.0,K. Vejmelka,2,1.0,2.0,18,29
2024020526,2024-12-20,20242025,REG,MIN,UTA,1,14.0,REG,10.0,1,2,11.0,6.0,M. Fleury,2,0.0,5.0,29,18
2024020527,2024-12-20,20242025,REG,COL,ANA,0,22.0,REG,5.0,4,2,17.0,13.0,S. Wedgewood,2,1.0,1.0,23,32
2024020527,2024-12-20,20242025,REG,ANA,COL,1,12.0,REG,8.0,2,4,27.0,13.0,J. Gibson,2,0.0,4.0,32,23
2024020528,2024-12-21,20242025,REG,LAK,NSH,0,9.0,OT,13.0,2,3,12.0,4.0,D. Kuemper,2,0.0,1.0,24,26
2024020528,2024-12-21,20242025,REG,NSH,LAK,1,9.0,OT,12.0,3,2,24.0,2.0,J. Annunen,2,0.0,2.0,26,24
2024020529,2024-12-21,20242025,REG,CHI,CGY,0,14.0,REG,15.0,4,6,12.0,36.0,P. Mrazek,2,1.0,4.0,28,30
2024020529,2024-12-21,20242025,REG,CGY,CHI,1,19.0,REG,16.0,6,4,27.0,32.0,D. Wolf,2,1.0,2.0,30,28
2024020530,2024-12-21,20242025,REG,SJS,EDM,0,15.0,OT,17.0,2,3,18.0,4.0,Y. Askarov,2,0.0,5.0,22,42
2024020530,2024-12-21,20242025,REG,EDM,SJS,1,9.0,OT,21.0,3,2,4.0,2.0,C. Pickard,2,0.0,5.0,42,22
2024020531,2024-12-21,20242025,REG,BUF,BOS,0,20.0,REG,25.0,1,3,22.0,6.0,J. Reimer,2,1.0,4.0,20,19
2024020531,2024-12-21,20242025,REG,BOS,BUF,1,15.0,REG,20.0,3,1,28.0,6.0,J. Korpisalo,2,1.0,5.0,19,20
2024020532,2024-12-21,20242025,REG,NYI,TOR,0,13.0,REG,25.0,6,3,11.0,0.0,I. Sorokin,2,0.0,7.0,34,29
2024020532,2024-12-21,20242025,REG,TOR,NYI,1,15.0,REG,21.0,3,6,36.0,0.0,J. Woll,2,0.0,3.0,29,34
2024020533,2024-12-21,20242025,REG,DET,MTL,0,17.0,REG,22.0,1,5,20.0,10.0,A. Lyon,2,0.0,3.0,21,24
2024020533,2024-12-21,20242025,REG,MTL,DET,1,12.0,REG,17.0,5,1,19.0,8.0,S. Montembeault,2,1.0,4.0,24,21
2024020534,2024-12-21,20242025,REG,PIT,NJD,0,12.0,REG,19.0,0,3,9.0,12.0,T. Jarry,2,0.0,7.0,12,27
2024020534,2024-12-21,20242025,REG,NJD,PIT,1,15.0,REG,15.0,3,0,22.0,14.0,J. Markstrom,2,0.0,4.0,27,12
2024020535,2024-12-21,20242025,REG,CBJ,PHI,0,24.0,OT,11.0,4,5,19.0,8.0,E. Merzlikins,2,0.0,1.0,25,30
2024020535,2024-12-21,20242025,REG,PHI,CBJ,1,11.0,OT,8.0,5,4,14.0,4.0,S. Ersson,2,0.0,2.0,30,25
2024020536,2024-12-21,20242025,REG,MIN,WPG,0,14.0,REG,13.0,0,5,12.0,10.0,J. Wallstedt,2,0.0,4.0,19,24
2024020536,2024-12-21,20242025,REG,WPG,MIN,1,16.0,REG,3.0,5,0,7.0,10.0,C. Hellebuyck,2,2.0,1.0,24,19
2024020537,2024-12-21,20242025,REG,OTT,VAN,0,16.0,OT,13.0,5,4,13.0,6.0,L. Meriläinen,2,0.0,1.0,22,25
2024020537,2024-12-21,20242025,REG,VAN,OTT,1,11.0,OT,9.0,4,5,28.0,10.0,K. Lankinen,2,0.0,3.0,25,22
2024020538,2024-12-21,20242025,REG,SEA,VGK,0,15.0,REG,14.0,2,6,26.0,2.0,P. Grubauer,2,2.0,2.0,23,34
2024020538,2024-12-21,20242025,REG,VGK,SEA,1,14.0,REG,10.0,6,2,12.0,8.0,I. Samsonov,2,0.0,2.0,34,23
2024020539,2024-12-22,20242025,REG,CAR,NYR,0,14.0,REG,12.0,3,1,26.0,8.0,P. Kochetkov,2,1.0,4.0,33,23
2024020539,2024-12-22,20242025,REG,NYR,CAR,1,13.0,REG,14.0,1,3,33.0,10.0,I. Shesterkin,2,0.0,2.0,23,33
2024020540,2024-12-22,20242025,REG,FLA,TBL,0,14.0,REG,7.0,4,2,26.0,8.0,S. Knight,2,1.0,9.0,26,21
2024020540,2024-12-22,20242025,REG,TBL,FLA,1,12.0,REG,20.0,2,4,24.0,6.0,A. Vasilevskiy,2,0.0,5.0,21,26
2024020541,2024-12-22,20242025,REG,LAK,WSH,0,13.0,REG,13.0,1,3,16.0,2.0,D. Rittich,2,1.0,3.0,26,21
2024020541,2024-12-22,20242025,REG,WSH,LAK,1,14.0,REG,14.0,3,1,21.0,2.0,L. Thompson,2,1.0,5.0,21,26
2024020542,2024-12-22,20242025,REG,ANA,UTA,0,20.0,SO,8.0,5,4,19.0,10.0,L. Dostal,2,1.0,4.0,30,25
2024020542,2024-12-22,20242025,REG,UTA,ANA,1,25.0,SO,17.0,4,5,13.0,12.0,J. Stauber,2,1.0,5.0,25,30
2024020543,2024-12-22,20242025,REG,SEA,COL,0,18.0,REG,12.0,2,5,31.0,8.0,J. Daccord,2,0.0,3.0,19,29
2024020543,2024-12-22,20242025,REG,COL,SEA,1,15.0,REG,14.0,5,2,14.0,2.0,M. Blackwood,2,1.0,5.0,29,19
2024020544,2024-12-22,20242025,REG,OTT,EDM,0,6.0,REG,13.0,1,3,16.0,12.0,L. Ullmark,2,0.0,5.0,21,21
2024020544,2024-12-22,20242025,REG,EDM,OTT,1,24.0,REG,17.0,3,1,11.0,4.0,S. Skinner,2,1.0,7.0,21,21
2024020545,2024-12-23,20242025,REG,NYR,NJD,0,8.0,REG,18.0,0,5,26.0,20.0,J. Quick,2,0.0,1.0,12,30
2024020545,2024-12-23,20242025,REG,NJD,NYR,1,13.0,REG,16.0,5,0,16.0,22.0,J. Markstrom,2,3.0,5.0,30,12
2024020546,2024-12-23,20242025,REG,WPG,TOR,0,22.0,REG,8.0,5,2,15.0,11.0,C. Hellebuyck,2,1.0,4.0,27,25
2024020546,2024-12-23,20242025,REG,TOR,WPG,1,6.0,REG,10.0,2,5,29.0,9.0,J. Woll,2,1.0,2.0,25,27
2024020547,2024-12-23,20242025,REG,WSH,BOS,0,11.0,REG,14.0,1,4,18.0,12.0,C. Lindgren,2,1.0,6.0,11,22
2024020547,2024-12-23,20242025,REG,BOS,WSH,1,17.0,REG,12.0,4,1,19.0,23.0,J. Swayman,2,1.0,4.0,22,11
2024020548,2024-12-23,20242025,REG,STL,DET,0,12.0,REG,10.0,4,0,21.0,2.0,J. Binnington,2,0.0,5.0,21,19
2024020548,2024-12-23,20242025,REG,DET,STL,1,15.0,REG,12.0,0,4,13.0,4.0,C. Talbot,2,0.0,2.0,19,21
2024020549,2024-12-23,20242025,REG,TBL,FLA,0,16.0,REG,14.0,4,0,13.0,37.0,J. Johansson,2,1.0,4.0,29,36
2024020549,2024-12-23,20242025,REG,FLA,TBL,1,20.0,REG,16.0,0,4,32.0,26.0,S. Bobrovsky,2,0.0,2.0,36,29
2024020550,2024-12-23,20242025,REG,PHI,PIT,0,8.0,REG,8.0,3,7,26.0,6.0,S. Ersson,2,0.0,7.0,27,22
2024020550,2024-12-23,20242025,REG,PIT,PHI,1,11.0,REG,16.0,7,3,21.0,0.0,T. Jarry,2,3.0,6.0,22,27
2024020551,2024-12-23,20242025,REG,MTL,CBJ,0,15.0,REG,16.0,4,5,15.0,6.0,S. Montembeault,2,0.0,7.0,31,32
2024020551,2024-12-23,20242025,REG,CBJ,MTL,1,15.0,REG,14.0,5,4,18.0,4.0,J. Greaves,2,1.0,5.0,32,31
2024020552,2024-12-23,20242025,REG,BUF,NYI,0,30.0,REG,16.0,7,1,17.0,8.0,U. Luukkonen,2,1.0,2.0,25,28
2024020552,2024-12-23,20242025,REG,NYI,BUF,1,9.0,REG,22.0,1,7,19.0,10.0,I. Sorokin,2,0.0,6.0,28,25
2024020553,2024-12-23,20242025,REG,CAR,NSH,0,10.0,REG,24.0,2,5,29.0,6.0,D. Tokarski,2,0.0,9.0,27,25
2024020553,2024-12-23,20242025,REG,NSH,CAR,1,15.0,REG,18.0,5,2,25.0,4.0,J. Saros,2,1.0,3.0,25,27
2024020554,2024-12-23,20242025,REG,CHI,MIN,0,17.0,REG,11.0,3,4,29.0,2.0,A. Soderblom,2,0.0,4.0,31,27
2024020554,2024-12-23,20242025,REG,MIN,CHI,1,13.0,REG,16.0,4,3,26.0,0.0,F. Gustavsson,2,0.0,1.0,27,31
2024020555,2024-12-23,20242025,REG,SJS,VAN,0,7.0,REG,19.0,3,4,18.0,22.0,Y. Askarov,2,1.0,3.0,29,24
2024020555,2024-12-23,20242025,REG,VAN,SJS,1,22.0,REG,17.0,4,3,27.0,30.0,T. Demko,2,1.0,3.0,24,29
2024020556,2024-12-23,20242025,REG,DAL,UTA,0,20.0,REG,8.0,3,2,20.0,4.0,C. DeSmith,2,0.0,5.0,29,26
2024020556,2024-12-23,20242025,REG,UTA,DAL,1,21.0,REG,18.0,2,3,19.0,6.0,K. Vejmelka,2,0.0,6.0,26,29
2024020557,2024-12-23,20242025,REG,ANA,VGK,0,10.0,REG,6.0,1,3,18.0,6.0,J. Gibson,2,0.0,3.0,32,33
2024020557,2024-12-23,20242025,REG,VGK,ANA,1,16.0,REG,8.0,3,1,13.0,8.0,A. Hill,2,0.0,4.0,33,32
2024020558,2024-12-27,20242025,REG,CHI,BUF,0,9.0,REG,18.0,2,6,35.0,4.0,P. Mrazek,2,0.0,4.0,17,35
2024020558,2024-12-27,20242025,REG,BUF,CHI,1,11.0,REG,8.0,6,2,24.0,4.0,U. Luukkonen,2,0.0,5.0,35,17
2024020559,2024-12-27,20242025,REG,TOR,DET,0,17.0,REG,14.0,5,2,37.0,6.0,J. Woll,2,1.0,7.0,23,25
2024020559,2024-12-27,20242025,REG,DET,TOR,1,9.0,REG,15.0,2,5,34.0,6.0,C. Talbot,2,1.0,2.0,25,23
2024020560,2024-12-27,20242025,REG,CAR,NJD,0,11.0,REG,16.0,2,4,24.0,2.0,P. Kochetkov,2,0.0,4.0,31,23
2024020560,2024-12-27,20242025,REG,NJD,CAR,1,15.0,REG,11.0,4,2,20.0,6.0,J. Markstrom,2,0.0,4.0,23,31
2024020561,2024-12-27,20242025,REG,BOS,CBJ,0,17.0,REG,10.0,2,6,18.0,6.0,J. Korpisalo,2,0.0,6.0,26,33
2024020561,2024-12-27,20242025,REG,CBJ,BOS,1,17.0,REG,21.0,6,2,15.0,4.0,E. Merzlikins,2,3.0,9.0,33,26
2024020562,2024-12-27,20242025,REG,NSH,STL,0,7.0,REG,14.0,4,7,27.0,15.0,J. Saros,2,2.0,5.0,30,30
2024020562,2024-12-27,20242025,REG,STL,NSH,1,19.0,REG,12.0,7,4,26.0,15.0,J. Hofer,2,1.0,2.0,30,30
2024020563,2024-12-27,20242025,REG,MIN,DAL,0,19.0,OT,11.0,3,2,28.0,6.0,F. Gustavsson,2,0.0,5.0,18,29
2024020563,2024-12-27,20242025,REG,DAL,MIN,1,15.0,OT,13.0,2,3,18.0,2.0,J. Oettinger,2,0.0,4.0,29,18
2024020564,2024-12-27,20242025,REG,COL,UTA,0,12.0,REG,12.0,4,1,19.0,11.0,M. Blackwood,2,0.0,3.0,37,35
2024020564,2024-12-27,20242025,REG,UTA,COL,1,19.0,REG,16.0,1,4,10.0,9.0,K. Vejmelka,2,1.0,4.0,35,37
2024020565,2024-12-27,20242025,REG,VGK,SJS,0,25.0,REG,16.0,6,3,11.0,8.0,A. Hill,2,0.0,5.0,36,25
2024020565,2024-12-27,20242025,REG,SJS,VGK,1,13.0,REG,14.0,3,6,19.0,6.0,A. Georgiev,2,0.0,8.0,25,36
2024020566,2024-12-28,20242025,REG,MTL,FLA,0,21.0,REG,9.0,4,0,14.0,7.0,J. Dobes,2,0.0,1.0,25,34
2024020566,2024-12-28,20242025,REG,FLA,MTL,1,10.0,REG,13.0,0,4,19.0,7.0,S. Knight,2,0.0,1.0,34,25
2024020567,2024-12-28,20242025,REG,SEA,VAN,0,13.0,OT,11.0,5,4,8.0,6.0,P. Grubauer,2,0.0,3.0,29,22
2024020567,2024-12-28,20242025,REG,VAN,SEA,1,18.0,OT,9.0,4,5,24.0,8.0,T. Demko,2,1.0,2.0,22,29
2024020568,2024-12-28,20242025,REG,PHI,ANA,0,16.0,REG,18.0,3,1,15.0,6.0,S. Ersson,2,0.0,5.0,25,33
2024020568,2024-12-28,20242025,REG,ANA,PHI,1,16.0,REG,19.0,1,3,18.0,10.0,L. Dostal,2,0.0,4.0,33,25
2024020569,2024-12-28,20242025,REG,EDM,LAK,0,11.0,OT,16.0,3,4,13.0,2.0,S. Skinner,2,1.0,7.0,27,29
2024020569,2024-12-28,20242025,REG,LAK,EDM,1,15.0,OT,18.0,4,3,25.0,4.0,D. Kuemper,2,0.0,8.0,29,27
2024020570,2024-12-28,20242025,REG,CBJ,BOS,0,4.0,REG,18.0,0,4,22.0,14.0,D. Tarasov,2,0.0,8.0,18,28
2024020570,2024-12-28,20242025,REG,BOS,CBJ,1,16.0,REG,14.0,4,0,30.0,16.0,J. Swayman,2,0.0,6.0,28,18
2024020571,2024-12-28,20242025,REG,WSH,TOR,0,17.0,REG,14.0,5,2,17.0,4.0,L. Thompson,2,1.0,6.0,32,37
2024020571,2024-12-28,20242025,REG,TOR,WSH,1,9.0,REG,13.0,2,5,28.0,2.0,M. Murray,2,0.0,1.0,37,32
2024020572,2024-12-28,20242025,REG,NYR,TBL,0,12.0,REG,16.0,2,6,23.0,10.0,I. Shesterkin,2,0.0,10.0,44,25
2024020572,2024-12-28,20242025,REG,TBL,NYR,1,18.0,REG,12.0,6,2,13.0,6.0,A. Vasilevskiy,2,2.0,5.0,25,44
2024020573,2024-12-28,20242025,REG,NJD,CAR,0,13.0,REG,13.0,2,5,41.0,21.0,J. Allen,2,0.0,4.0,23,41
2024020573,2024-12-28,20242025,REG,CAR,NJD,1,11.0,REG,11.0,5,2,41.0,8.0,D. Tokarski,2,1.0,3.0,41,23
2024020574,2024-12-28,20242025,REG,OTT,WPG,0,13.0,REG,4.0,2,4,21.0,4.0,M. Sogaard,2,2.0,5.0,35,23
2024020574,2024-12-28,20242025,REG,WPG,OTT,1,18.0,REG,9.0,4,2,15.0,8.0,C. Hellebuyck,2,1.0,8.0,23,35
2024020575,2024-12-28,20242025,REG,PIT,NYI,0,15.0,REG,15.0,3,6,27.0,4.0,T. Jarry,2,1.0,1.0,25,34
2024020575,2024-12-28,20242025,REG,NYI,PIT,1,7.0,REG,20.0,6,3,19.0,8.0,I. Sorokin,2,0.0,2.0,34,25
2024020576,2024-12-28,20242025,REG,CGY,SJS,0,15.0,REG,11.0,3,1,19.0,9.0,D. Wolf,2,1.0,5.0,33,22
2024020576,2024-12-28,20242025,REG,SJS,CGY,1,17.0,REG,12.0,1,3,16.0,11.0,Y. Askarov,2,1.0,6.0,22,33
2024020577,2024-12-29,20242025,REG,DAL,CHI,0,8.0,REG,17.0,5,1,7.0,6.0,J. Oettinger,2,1.0,3.0,35,25
2024020577,2024-12-29,20242025,REG,CHI,DAL,1,12.0,REG,20.0,1,5,19.0,23.0,A. Soderblom,2,1.0,5.0,25,35
2024020578,2024-12-29,20242025,REG,EDM,ANA,0,14.0,REG,7.0,3,5,13.0,12.0,C. Pickard,2,2.0,5.0,23,32
2024020578,2024-12-29,20242025,REG,ANA,EDM,1,13.0,REG,17.0,5,3,26.0,8.0,L. Dostal,2,0.0,3.0,32,23
2024020579,2024-12-29,20242025,REG,WSH,DET,0,9.0,REG,11.0,2,4,24.0,8.0,C. Lindgren,2,0.0,0.0,27,27
2024020579,2024-12-29,20242025,REG,DET,WSH,1,18.0,REG,12.0,4,2,12.0,8.0,A. Lyon,2,1.0,2.0,27,27
2024020580,2024-12-29,20242025,REG,MTL,TBL,0,17.0,REG,4.0,5,2,20.0,6.0,S. Montembeault,2,0.0,6.0,37,23
2024020580,2024-12-29,20242025,REG,TBL,MTL,1,13.0,REG,6.0,2,5,19.0,4.0,J. Johansson,2,0.0,8.0,23,37
2024020581,2024-12-29,20242025,REG,NYI,PIT,0,15.0,REG,17.0,2,3,12.0,4.0,M. Hogberg,2,0.0,5.0,31,41
2024020581,2024-12-29,20242025,REG,PIT,NYI,1,21.0,REG,10.0,3,2,12.0,4.0,A. Nedeljkovic,2,2.0,5.0,41,31
2024020582,2024-12-29,20242025,REG,BUF,STL,0,23.0,REG,11.0,4,2,20.0,8.0,U. Luukkonen,2,2.0,3.0,16,37
2024020582,2024-12-29,20242025,REG,STL,BUF,1,4.0,REG,8.0,2,4,14.0,6.0,J. Binnington,2,0.0,6.0,37,16
2024020583,2024-12-29,20242025,REG,OTT,MIN,0,13.0,REG,8.0,3,1,18.0,11.0,L. Meriläinen,2,1.0,5.0,37,31
2024020583,2024-12-29,20242025,REG,MIN,OTT,1,13.0,REG,16.0,1,3,26.0,11.0,F. Gustavsson,2,0.0,6.0,31,37
2024020584,2024-12-29,20242025,REG,CGY,VGK,0,17.0,REG,10.0,0,3,20.0,8.0,D. Vladar,2,0.0,8.0,31,37
2024020584,2024-12-29,20242025,REG,VGK,CGY,1,17.0,REG,10.0,3,0,12.0,8.0,I. Samsonov,2,1.0,7.0,37,31
2024020585,2024-12-29,20242025,REG,PHI,LAK,0,20.0,REG,11.0,4,5,14.0,6.0,A. Kolosov,2,0.0,5.0,21,20
2024020585,2024-12-29,20242025,REG,LAK,PHI,1,12.0,REG,7.0,5,4,24.0,6.0,D. Rittich,2,1.0,5.0,20,21
2024020586,2024-12-30,20242025,REG,NYR,FLA,0,21.0,REG,14.0,3,5,22.0,8.0,I. Shesterkin,2,1.0,7.0,35,26
2024020586,2024-12-30,20242025,REG,FLA,NYR,1,13.0,REG,15.0,5,3,23.0,10.0,S. Bobrovsky,2,0.0,7.0,26,35
2024020587,2024-12-30,20242025,REG,NSH,WPG,0,15.0,REG,17.0,0,3,28.0,8.0,J. Saros,2,0.0,2.0,22,28
2024020587,2024-12-30,20242025,REG,WPG,NSH,1,21.0,REG,18.0,3,0,17.0,4.0,C. Hellebuyck,2,2.0,9.0,28,22
2024020588,2024-12-30,20242025,REG,UTA,SEA,0,12.0,REG,16.0,2,5,9.0,8.0,K. Vejmelka,2,1.0,8.0,30,33
2024020588,2024-12-30,20242025,REG,SEA,UTA,1,23.0,REG,21.0,5,2,24.0,6.0,P. Grubauer,2,0.0,6.0,33,30
2024020589,2024-12-31,20242025,REG,BOS,WSH,0,20.0,REG,19.0,1,3,16.0,10.0,J. Swayman,2,0.0,0.0,27,27
2024020589,2024-12-31,20242025,REG,WSH,BOS,1,28.0,REG,16.0,3,1,26.0,10.0,L. Thompson,2,1.0,3.0,27,27
2024020590,2024-12-31,20242025,REG,NYI,TOR,0,17.0,REG,12.0,1,3,20.0,20.0,I. Sorokin,2,0.0,6.0,31,25
2024020590,2024-12-31,20242025,REG,TOR,NYI,1,15.0,REG,10.0,3,1,22.0,4.0,J. Woll,2,1.0,3.0,25,31
2024020591,2024-12-31,20242025,REG,MTL,VGK,0,11.0,REG,14.0,3,2,39.0,2.0,S. Montembeault,2,0.0,4.0,22,29
2024020591,2024-12-31,20242025,REG,VGK,MTL,1,11.0,REG,22.0,2,3,22.0,0.0,A. Hill,2,0.0,3.0,29,22
2024020592,2024-12-31,20242025,REG,STL,CHI,0,11.0,REG,17.0,6,2,20.0,15.0,J. Binnington,2,2.0,4.0,28,30
2024020592,2024-12-31,20242025,REG,CHI,STL,1,10.0,REG,15.0,2,6,17.0,13.0,P. Mrazek,2,2.0,2.0,30,28
2024020593,2024-12-31,20242025,REG,PIT,DET,0,13.0,REG,12.0,2,4,9.0,6.0,A. Nedeljkovic,2,1.0,5.0,25,25
2024020593,2024-12-31,20242025,REG,DET,PIT,1,18.0,REG,7.0,4,2,18.0,6.0,A. Lyon,2,2.0,7.0,25,25
2024020594,2024-12-31,20242025,REG,CAR,CBJ,0,12.0,SO,14.0,3,4,21.0,8.0,P. Kochetkov,2,1.0,6.0,35,28
2024020594,2024-12-31,20242025,REG,CBJ,CAR,1,20.0,SO,15.0,4,3,14.0,8.0,E. Merzlikins,2,1.0,6.0,28,35
2024020595,2024-12-31,20242025,REG,BUF,DAL,0,17.0,REG,14.0,2,4,23.0,2.0,U. Luukkonen,2,0.0,4.0,23,33
2024020595,2024-12-31,20242025,REG,DAL,BUF,1,11.0,REG,15.0,4,2,10.0,0.0,C. DeSmith,2,0.0,1.0,33,23
2024020596,2024-12-31,20242025,REG,NSH,MIN,0,9.0,REG,11.0,3,5,19.0,35.0,J. Annunen,2,0.0,3.0,46,38
2024020596,2024-12-31,20242025,REG,MIN,NSH,1,13.0,REG,18.0,5,3,14.0,16.0,F. Gustavsson,2,3.0,3.0,38,46
2024020597,2024-12-31,20242025,REG,WPG,COL,0,20.0,REG,21.0,2,5,30.0,2.0,E. Comrie,2,0.0,2.0,22,38
2024020597,2024-12-31,20242025,REG,COL,WPG,1,15.0,REG,20.0,5,2,26.0,0.0,M. Blackwood,2,0.0,2.0,38,22
2024020598,2024-12-31,20242025,REG,NJD,ANA,0,10.0,REG,7.0,2,3,25.0,12.0,J. Markstrom,2,0.0,6.0,34,26
2024020598,2024-12-31,20242025,REG,ANA,NJD,1,21.0,REG,17.0,3,2,18.0,10.0,L. Dostal,2,0.0,1.0,26,34
2024020599,2024-12-31,20242025,REG,PHI,SJS,0,20.0,REG,8.0,4,0,20.0,4.0,S. Ersson,2,1.0,6.0,34,22
2024020599,2024-12-31,20242025,REG,SJS,PHI,1,11.0,REG,7.0,0,4,41.0,8.0,A. Georgiev,2,0.0,8.0,22,34
2024020600,2024-12-31,20242025,REG,VAN,CGY,0,16.0,REG,10.0,1,3,29.0,25.0,K. Lankinen,2,1.0,4.0,24,29
2024020600,2024-12-31,20242025,REG,CGY,VAN,1,11.0,REG,15.0,3,1,28.0,25.0,D. Wolf,2,0.0,6.0,29,24
2024020601,2024-12-31,20242025,REG,UTA,EDM,0,14.0,REG,25.0,1,4,15.0,8.0,J. Stauber,2,0.0,3.0,27,38
2024020601,2024-12-31,20242025,REG,EDM,UTA,1,12.0,REG,13.0,4,1,4.0,6.0,S. Skinner,2,0.0,7.0,38,27
2024020602,2025-01-01,20242025,REG,NJD,LAK,0,14.0,REG,7.0,0,3,23.0,6.0,J. Allen,2,0.0,3.0,33,24
2024020602,2025-01-01,20242025,REG,LAK,NJD,1,20.0,REG,12.0,3,0,15.0,12.0,D. Kuemper,2,0.0,2.0,24,33
2024020603,2025-01-02,20242025,REG,CAR,FLA,0,16.0,REG,12.0,3,1,34.0,4.0,P. Kochetkov,2,0.0,3.0,40,26
2024020603,2025-01-02,20242025,REG,FLA,CAR,1,15.0,REG,16.0,1,3,28.0,6.0,S. Bobrovsky,2,0.0,2.0,26,40
2024020604,2025-01-02,20242025,REG,BOS,NYR,0,17.0,REG,14.0,1,2,18.0,2.0,J. Swayman,2,0.0,6.0,33,27
2024020604,2025-01-02,20242025,REG,NYR,BOS,1,24.0,REG,17.0,2,1,16.0,2.0,J. Quick,2,0.0,7.0,27,33
2024020605,2025-01-02,20242025,REG,MIN,WSH,0,14.0,SO,18.0,4,3,10.0,6.0,M. Fleury,2,0.0,10.0,33,31
2024020605,2025-01-02,20242025,REG,WSH,MIN,1,16.0,SO,13.0,3,4,16.0,4.0,C. Lindgren,2,1.0,1.0,31,33
2024020606,2025-01-02,20242025,REG,DET,CBJ,0,15.0,REG,15.0,5,4,16.0,0.0,C. Talbot,2,2.0,7.0,26,25
2024020606,2025-01-02,20242025,REG,CBJ,DET,1,18.0,REG,11.0,4,5,18.0,10.0,E. Merzlikins,2,1.0,4.0,25,26
2024020607,2025-01-02,20242025,REG,TOR,NYI,0,16.0,REG,14.0,2,1,26.0,4.0,J. Woll,2,1.0,4.0,31,33
2024020607,2025-01-02,20242025,REG,NYI,TOR,1,14.0,REG,20.0,1,2,19.0,4.0,I. Sorokin,2,0.0,8.0,33,31
2024020608,2025-01-02,20242025,REG,OTT,DAL,0,19.0,REG,6.0,2,4,29.0,10.0,L. Meriläinen,2,0.0,1.0,13,25
2024020608,2025-01-02,20242025,REG,DAL,OTT,1,18.0,REG,13.0,4,2,11.0,8.0,J. Oettinger,2,1.0,7.0,25,13
2024020609,2025-01-02,20242025,REG,ANA,WPG,0,22.0,OT,13.0,4,3,44.0,4.0,J. Gibson,2,0.0,4.0,24,30
2024020609,2025-01-02,20242025,REG,WPG,ANA,1,9.0,OT,15.0,3,4,26.0,0.0,C. Hellebuyck,2,0.0,8.0,30,24
2024020610,2025-01-02,20242025,REG,BUF,COL,0,9.0,OT,7.0,5,6,27.0,8.0,U. Luukkonen,2,2.0,4.0,21,29
2024020610,2025-01-02,20242025,REG,COL,BUF,1,9.0,OT,5.0,6,5,31.0,6.0,S. Wedgewood,2,1.0,9.0,29,21
2024020611,2025-01-02,20242025,REG,UTA,CGY,0,16.0,REG,22.0,5,3,21.0,18.0,K. Vejmelka,2,1.0,5.0,26,26
2024020611,2025-01-02,20242025,REG,CGY,UTA,1,11.0,REG,12.0,3,5,36.0,18.0,D. Vladar,2,1.0,7.0,26,26
2024020612,2025-01-02,20242025,REG,PHI,VGK,0,13.0,REG,13.0,2,5,17.0,2.0,A. Kolosov,2,1.0,1.0,25,27
2024020612,2025-01-02,20242025,REG,VGK,PHI,1,16.0,REG,18.0,5,2,22.0,4.0,I. Samsonov,2,0.0,4.0,27,25
2024020613,2025-01-02,20242025,REG,VAN,SEA,0,16.0,SO,11.0,4,3,20.0,6.0,T. Demko,2,0.0,10.0,22,27
2024020613,2025-01-02,20242025,REG,SEA,VAN,1,17.0,SO,15.0,3,4,19.0,6.0,P. Grubauer,2,1.0,4.0,27,22
2024020614,2025-01-02,20242025,REG,TBL,SJS,0,8.0,REG,14.0,1,2,13.0,11.0,A. Vasilevskiy,2,0.0,3.0,25,25
2024020614,2025-01-02,20242025,REG,SJS,TBL,1,13.0,REG,19.0,2,1,17.0,11.0,Y. Askarov,2,0.0,1.0,25,25
2024020615,2025-01-03,20242025,REG,PIT,FLA,0,10.0,SO,8.0,2,3,15.0,10.0,T. Jarry,2,2.0,1.0,31,33
2024020615,2025-01-03,20242025,REG,FLA,PIT,1,12.0,SO,7.0,3,2,28.0,28.0,S. Knight,2,1.0,2.0,33,31
2024020616,2025-01-03,20242025,REG,MTL,CHI,0,9.0,REG,15.0,2,4,25.0,13.0,S. Montembeault,2,1.0,8.0,40,26
2024020616,2025-01-03,20242025,REG,CHI,MTL,1,14.0,REG,4.0,4,2,20.0,11.0,A. Soderblom,2,1.0,7.0,26,40
2024020617,2025-01-03,20242025,REG,OTT,STL,0,16.0,REG,12.0,0,4,27.0,7.0,A. Forsberg,2,0.0,2.0,20,25
2024020617,2025-01-03,20242025,REG,STL,OTT,1,13.0,REG,16.0,4,0,16.0,7.0,J. Binnington,2,0.0,5.0,25,20
2024020618,2025-01-03,20242025,REG,ANA,EDM,0,12.0,REG,4.0,2,3,14.0,4.0,L. Dostal,2,1.0,1.0,29,26
2024020618,2025-01-03,20242025,REG,EDM,ANA,1,14.0,REG,17.0,3,2,3.0,6.0,S. Skinner,2,1.0,5.0,26,29
2024020619,2025-01-03,20242025,REG,NSH,VAN,0,19.0,REG,19.0,3,0,21.0,11.0,J. Saros,2,0.0,2.0,19,27
2024020619,2025-01-03,20242025,REG,VAN,NSH,1,14.0,REG,7.0,0,3,51.0,9.0,K. Lankinen,2,0.0,5.0,27,19
2024020620,2025-01-04,20242025,REG,NYR,WSH,0,13.0,REG,18.0,4,7,15.0,8.0,J. Quick,2,0.0,1.0,33,28
2024020620,2025-01-04,20242025,REG,WSH,NYR,1,22.0,REG,12.0,7,4,20.0,8.0,L. Thompson,2,2.0,2.0,28,33
2024020621,2025-01-04,20242025,REG,DET,WPG,0,13.0,REG,7.0,4,2,9.0,4.0,A. Lyon,2,2.0,7.0,29,23
2024020621,2025-01-04,20242025,REG,WPG,DET,1,15.0,REG,6.0,2,4,21.0,6.0,C. Hellebuyck,2,0.0,2.0,23,29
2024020622,2025-01-04,20242025,REG,NJD,SJS,0,12.0,REG,10.0,2,3,21.0,8.0,J. Markstrom,2,1.0,3.0,30,24
2024020622,2025-01-04,20242025,REG,SJS,NJD,1,16.0,REG,11.0,3,2,16.0,2.0,Y. Askarov,2,0.0,1.0,24,30
2024020623,2025-01-04,20242025,REG,BOS,TOR,0,6.0,REG,16.0,4,6,23.0,4.0,J. Swayman,2,0.0,13.0,31,29
2024020623,2025-01-04,20242025,REG,TOR,BOS,1,14.0,REG,20.0,6,4,20.0,4.0,J. Woll,2,0.0,6.0,29,31
2024020624,2025-01-04,20242025,REG,MIN,CAR,0,17.0,REG,11.0,4,0,14.0,10.0,F. Gustavsson,2,1.0,3.0,27,21
2024020624,2025-01-04,20242025,REG,CAR,MIN,1,12.0,REG,20.0,0,4,11.0,6.0,P. Kochetkov,2,0.0,3.0,21,27
2024020625,2025-01-04,20242025,REG,STL,CBJ,0,18.0,REG,14.0,4,6,21.0,9.0,J. Hofer,2,1.0,3.0,33,39
2024020625,2025-01-04,20242025,REG,CBJ,STL,1,24.0,REG,15.0,6,4,14.0,9.0,E. Merzlikins,2,1.0,9.0,39,33
2024020626,2025-01-04,20242025,REG,MTL,COL,0,20.0,SO,26.0,2,1,29.0,12.0,J. Dobes,2,0.0,2.0,23,23
2024020626,2025-01-04,20242025,REG,COL,MTL,1,17.0,SO,16.0,1,2,17.0,8.0,M. Blackwood,2,1.0,2.0,23,23
2024020627,2025-01-04,20242025,REG,NSH,CGY,0,30.0,REG,18.0,4,1,11.0,13.0,J. Annunen,2,2.0,5.0,28,32
2024020627,2025-01-04,20242025,REG,CGY,NSH,1,6.0,REG,12.0,1,4,9.0,11.0,D. Wolf,2,0.0,7.0,32,28
2024020628,2025-01-04,20242025,REG,UTA,DAL,0,19.0,OT,23.0,2,3,21.0,0.0,K. Vejmelka,2,0.0,3.0,35,29
2024020628,2025-01-04,20242025,REG,DAL,UTA,1,9.0,OT,16.0,3,2,16.0,2.0,J. Oettinger,2,0.0,2.0,29,35
2024020629,2025-01-04,20242025,REG,TBL,LAK,0,16.0,REG,8.0,1,2,25.0,4.0,A. Vasilevskiy,2,0.0,4.0,34,21
2024020629,2025-01-04,20242025,REG,LAK,TBL,1,17.0,REG,8.0,2,1,36.0,4.0,D. Kuemper,2,0.0,1.0,21,34
2024020630,2025-01-04,20242025,REG,BUF,VGK,0,10.0,REG,22.0,1,3,17.0,4.0,J. Reimer,2,1.0,5.0,24,33
2024020630,2025-01-04,20242025,REG,VGK,BUF,1,17.0,REG,15.0,3,1,19.0,4.0,A. Hill,2,0.0,6.0,33,24
2024020631,2025-01-04,20242025,REG,EDM,SEA,0,21.0,REG,17.0,4,2,7.0,4.0,C. Pickard,2,0.0,5.0,32,18
2024020631,2025-01-04,20242025,REG,SEA,EDM,1,19.0,REG,15.0,2,4,23.0,2.0,P. Grubauer,2,0.0,6.0,18,32
2024020632,2025-01-05,20242025,REG,NYR,CHI,0,11.0,REG,4.0,6,2,21.0,4.0,L. Domingue,2,0.0,1.0,34,27
2024020632,2025-01-05,20242025,REG,CHI,NYR,1,8.0,REG,17.0,2,6,17.0,2.0,A. Soderblom,2,0.0,4.0,27,34
2024020633,2025-01-05,20242025,REG,NYI,BOS,0,19.0,OT,11.0,5,4,14.0,0.0,I. Sorokin,2,0.0,5.0,37,30
2024020633,2025-01-05,20242025,REG,BOS,NYI,1,22.0,OT,19.0,4,5,31.0,0.0,J. Korpisalo,2,0.0,9.0,30,37
2024020634,2025-01-05,20242025,REG,PIT,CAR,0,22.0,OT,6.0,3,4,22.0,4.0,A. Nedeljkovic,2,0.0,11.0,19,31
2024020634,2025-01-05,20242025,REG,CAR,PIT,1,11.0,OT,6.0,4,3,17.0,6.0,D. Tokarski,2,0.0,7.0,31,19
2024020635,2025-01-05,20242025,REG,PHI,TOR,0,12.0,OT,16.0,2,3,33.0,9.0,I. Fedotov,2,0.0,4.0,32,25
2024020635,2025-01-05,20242025,REG,TOR,PHI,1,17.0,OT,17.0,3,2,43.0,13.0,D. Hildeby,2,0.0,2.0,25,32
2024020636,2025-01-05,20242025,REG,TBL,ANA,0,11.0,REG,21.0,1,4,26.0,2.0,J. Johansson,2,1.0,6.0,37,26
2024020636,2025-01-05,20242025,REG,ANA,TBL,1,24.0,REG,16.0,4,1,31.0,4.0,J. Gibson,2,0.0,10.0,26,37
2024020637,2025-01-06,20242025,REG,WSH,BUF,0,12.0,SO,19.0,3,4,23.0,8.0,C. Lindgren,2,1.0,8.0,28,27
2024020637,2025-01-06,20242025,REG,BUF,WSH,1,20.0,SO,10.0,4,3,10.0,6.0,U. Luukkonen,2,1.0,2.0,27,28
2024020638,2025-01-06,20242025,REG,VAN,MTL,0,17.0,OT,16.0,4,5,39.0,8.0,K. Lankinen,2,1.0,4.0,20,24
2024020638,2025-01-06,20242025,REG,MTL,VAN,1,9.0,OT,16.0,5,4,30.0,6.0,S. Montembeault,2,2.0,3.0,24,20
2024020639,2025-01-06,20242025,REG,FLA,COL,0,13.0,REG,10.0,1,3,24.0,6.0,S. Bobrovsky,2,0.0,6.0,27,34
2024020639,2025-01-06,20242025,REG,COL,FLA,1,13.0,REG,8.0,3,1,19.0,6.0,M. Blackwood,2,0.0,2.0,34,27
2024020640,2025-01-06,20242025,REG,NJD,SEA,0,14.0,REG,7.0,3,2,12.0,7.0,J. Markstrom,2,0.0,3.0,29,24
2024020640,2025-01-06,20242025,REG,SEA,NJD,1,13.0,REG,19.0,2,3,21.0,5.0,P. Grubauer,2,1.0,8.0,24,29
2024020029,2025-01-07,20242025,REG,CAR,TBL,0,13.0,REG,13.0,2,3,24.0,10.0,P. Kochetkov,2,0.0,2.0,31,33
2024020029,2025-01-07,20242025,REG,TBL,CAR,1,14.0,REG,11.0,3,2,19.0,6.0,A. Vasilevskiy,2,1.0,3.0,33,31
2024020641,2025-01-07,20242025,REG,EDM,BOS,0,16.0,REG,11.0,4,0,18.0,9.0,S. Skinner,2,1.0,13.0,39,26
2024020641,2025-01-07,20242025,REG,BOS,EDM,1,17.0,REG,11.0,0,4,45.0,11.0,J. Swayman,2,0.0,11.0,26,39
2024020642,2025-01-07,20242025,REG,OTT,DET,0,15.0,OT,16.0,2,3,28.0,6.0,A. Forsberg,2,1.0,10.0,33,33
2024020642,2025-01-07,20242025,REG,DET,OTT,1,18.0,OT,13.0,3,2,18.0,4.0,A. Lyon,2,2.0,4.0,33,33
2024020643,2025-01-07,20242025,REG,DAL,NYR,0,15.0,OT,7.0,5,4,12.0,4.0,J. Oettinger,2,2.0,3.0,39,26
2024020643,2025-01-07,20242025,REG,NYR,DAL,1,19.0,OT,14.0,4,5,25.0,4.0,J. Quick,2,1.0,4.0,26,39
2024020644,2025-01-07,20242025,REG,TOR,PHI,0,12.0,REG,17.0,3,2,31.0,13.0,J. Woll,2,1.0,6.0,17,32
2024020644,2025-01-07,20242025,REG,PHI,TOR,1,17.0,REG,13.0,2,3,15.0,15.0,I. Fedotov,2,0.0,3.0,32,17
2024020645,2025-01-07,20242025,REG,CBJ,PIT,0,23.0,SO,17.0,4,3,10.0,2.0,E. Merzlikins,2,2.0,8.0,29,23
2024020645,2025-01-07,20242025,REG,PIT,CBJ,1,11.0,SO,14.0,3,4,16.0,4.0,T. Jarry,2,1.0,0.0,23,29
2024020646,2025-01-07,20242025,REG,STL,MIN,0,12.0,REG,25.0,4,6,31.0,0.0,J. Binnington,2,1.0,3.0,33,26
2024020646,2025-01-07,20242025,REG,MIN,STL,1,19.0,REG,19.0,6,4,29.0,2.0,F. Gustavsson,2,0.0,5.0,26,33
2024020647,2025-01-07,20242025,REG,NSH,WPG,0,7.0,REG,15.0,2,5,17.0,4.0,J. Saros,2,1.0,5.0,28,30
2024020647,2025-01-07,20242025,REG,WPG,NSH,1,24.0,REG,17.0,5,2,17.0,16.0,C. Hellebuyck,2,1.0,2.0,30,28
2024020648,2025-01-07,20242025,REG,CGY,ANA,0,10.0,OT,10.0,3,2,12.0,6.0,D. Wolf,2,1.0,5.0,33,28
2024020648,2025-01-07,20242025,REG,ANA,CGY,1,14.0,OT,11.0,2,3,24.0,19.0,J. Gibson,2,1.0,10.0,28,33
2024020649,2025-01-07,20242025,REG,VGK,SJS,0,19.0,REG,14.0,4,2,25.0,4.0,I. Samsonov,2,1.0,5.0,42,21
2024020649,2025-01-07,20242025,REG,SJS,VGK,1,15.0,REG,9.0,2,4,28.0,2.0,A. Georgiev,2,2.0,4.0,21,42
2024020650,2025-01-08,20242025,REG,VAN,WSH,0,18.0,OT,9.0,1,2,27.0,10.0,K. Lankinen,2,1.0,10.0,31,18
2024020650,2025-01-08,20242025,REG,WSH,VAN,1,13.0,OT,12.0,2,1,20.0,14.0,L. Thompson,2,0.0,7.0,18,31
2024020651,2025-01-08,20242025,REG,COL,CHI,0,14.0,REG,13.0,1,3,11.0,2.0,T. Miner,2,0.0,3.0,36,20
2024020651,2025-01-08,20242025,REG,CHI,COL,1,9.0,REG,13.0,3,1,9.0,4.0,P. Mrazek,2,0.0,4.0,20,36
2024020652,2025-01-08,20242025,REG,FLA,UTA,0,16.0,REG,9.0,4,1,34.0,10.0,S. Bobrovsky,2,1.0,5.0,33,26
2024020652,2025-01-08,20242025,REG,UTA,FLA,1,24.0,REG,14.0,1,4,26.0,6.0,K. Vejmelka,2,1.0,3.0,26,33
2024020654,2025-01-09,20242025,REG,BUF,OTT,0,15.0,REG,12.0,4,0,21.0,15.0,U. Luukkonen,2,0.0,4.0,21,35
2024020654,2025-01-09,20242025,REG,OTT,BUF,1,9.0,REG,15.0,0,4,27.0,15.0,A. Forsberg,2,0.0,5.0,35,21
2024020655,2025-01-09,20242025,REG,BOS,TBL,0,20.0,REG,15.0,1,4,35.0,27.0,J. Swayman,2,0.0,4.0,28,31
2024020655,2025-01-09,20242025,REG,TBL,BOS,1,13.0,REG,15.0,4,1,24.0,24.0,A. Vasilevskiy,2,1.0,6.0,31,28
2024020656,2025-01-09,20242025,REG,NJD,NYR,0,15.0,OT,25.0,2,3,27.0,6.0,J. Markstrom,2,0.0,5.0,23,32
2024020656,2025-01-09,20242025,REG,NYR,NJD,1,20.0,OT,10.0,3,2,33.0,6.0,I. Shesterkin,2,2.0,2.0,32,23
2024020657,2025-01-09,20242025,REG,DAL,PHI,0,15.0,REG,14.0,4,1,5.0,4.0,C. DeSmith,2,0.0,7.0,23,28
2024020657,2025-01-09,20242025,REG,PHI,DAL,1,20.0,REG,17.0,1,4,21.0,2.0,S. Ersson,2,0.0,5.0,28,23
2024020658,2025-01-09,20242025,REG,EDM,PIT,0,13.0,REG,14.0,3,5,16.0,4.0,S. Skinner,2,1.0,0.0,43,26
2024020658,2025-01-09,20242025,REG,PIT,EDM,1,24.0,REG,9.0,5,3,16.0,8.0,A. Nedeljkovic,2,1.0,3.0,26,43
2024020659,2025-01-09,20242025,REG,TOR,CAR,0,22.0,REG,13.0,3,6,26.0,6.0,J. Woll,2,1.0,5.0,33,34
2024020659,2025-01-09,20242025,REG,CAR,TOR,1,11.0,REG,14.0,6,3,13.0,4.0,P. Kochetkov,2,0.0,4.0,34,33
2024020660,2025-01-09,20242025,REG,SEA,CBJ,0,14.0,REG,14.0,2,6,16.0,2.0,P. Grubauer,2,0.0,5.0,31,24
2024020660,2025-01-09,20242025,REG,CBJ,SEA,1,23.0,REG,16.0,6,2,7.0,6.0,E. Merzlikins,2,0.0,4.0,24,31
2024020661,2025-01-09,20242025,REG,ANA,STL,0,16.0,REG,18.0,2,6,29.0,4.0,L. Dostal,2,0.0,5.0,23,34
2024020661,2025-01-09,20242025,REG,STL,ANA,1,17.0,REG,17.0,6,2,28.0,6.0,J. Hofer,2,0.0,4.0,34,23
2024020662,2025-01-09,20242025,REG,COL,MIN,0,14.0,REG,20.0,6,1,18.0,6.0,M. Blackwood,2,0.0,5.0,27,25
2024020662,2025-01-09,20242025,REG,MIN,COL,1,13.0,REG,21.0,1,6,18.0,6.0,F. Gustavsson,2,0.0,4.0,25,27
2024020663,2025-01-09,20242025,REG,NYI,VGK,0,21.0,REG,14.0,4,0,19.0,2.0,I. Sorokin,2,0.0,4.0,21,30
2024020663,2025-01-09,20242025,REG,VGK,NYI,1,8.0,REG,17.0,0,4,12.0,2.0,A. Hill,2,0.0,3.0,30,21
2024020664,2025-01-10,20242025,REG,CHI,DET,0,13.0,REG,23.0,3,5,21.0,8.0,P. Mrazek,2,0.0,3.0,15,28
2024020664,2025-01-10,20242025,REG,DET,CHI,1,7.0,REG,12.0,5,3,12.0,0.0,C. Talbot,2,1.0,3.0,28,15
2024020665,2025-01-10,20242025,REG,MTL,WSH,0,14.0,OT,15.0,3,2,19.0,8.0,J. Dobes,2,0.0,4.0,30,17
2024020665,2025-01-10,20242025,REG,WSH,MTL,1,18.0,OT,16.0,2,3,25.0,6.0,C. Lindgren,2,1.0,4.0,17,30
2024020666,2025-01-10,20242025,REG,VAN,CAR,0,13.0,REG,12.0,0,2,25.0,8.0,T. Demko,2,0.0,6.0,14,20
2024020666,2025-01-10,20242025,REG,CAR,VAN,1,27.0,REG,18.0,2,0,10.0,8.0,D. Tokarski,2,0.0,2.0,20,14
2024020667,2025-01-10,20242025,REG,LAK,WPG,0,11.0,OT,8.0,2,1,33.0,4.0,D. Kuemper,2,0.0,7.0,23,19
2024020667,2025-01-10,20242025,REG,WPG,LAK,1,11.0,OT,11.0,1,2,31.0,6.0,E. Comrie,2,1.0,9.0,19,23
2024020668,2025-01-10,20242025,REG,SJS,UTA,0,22.0,REG,15.0,1,2,11.0,2.0,A. Georgiev,2,0.0,5.0,19,26
2024020668,2025-01-10,20242025,REG,UTA,SJS,1,10.0,REG,15.0,2,1,23.0,6.0,K. Vejmelka,2,0.0,4.0,26,19
2024020669,2025-01-11,20242025,REG,BOS,FLA,0,29.0,OT,13.0,4,3,42.0,10.0,J. Swayman,2,2.0,4.0,18,43
2024020669,2025-01-11,20242025,REG,FLA,BOS,1,9.0,OT,15.0,3,4,30.0,14.0,S. Bobrovsky,2,1.0,8.0,43,18
2024020670,2025-01-11,20242025,REG,SEA,BUF,0,18.0,REG,21.0,6,2,18.0,17.0,J. Daccord,2,1.0,6.0,29,35
2024020670,2025-01-11,20242025,REG,BUF,SEA,1,1.0,REG,14.0,2,6,20.0,15.0,U. Luukkonen,2,1.0,2.0,35,29
2024020671,2025-01-11,20242025,REG,OTT,PIT,0,15.0,REG,10.0,5,0,27.0,20.0,L. Meriläinen,2,2.0,4.0,22,29
2024020671,2025-01-11,20242025,REG,PIT,OTT,1,11.0,REG,11.0,0,5,30.0,12.0,A. Nedeljkovic,2,0.0,3.0,29,22
2024020672,2025-01-11,20242025,REG,VAN,TOR,0,21.0,REG,15.0,3,0,22.0,6.0,K. Lankinen,2,0.0,2.0,18,20
2024020672,2025-01-11,20242025,REG,TOR,VAN,1,14.0,REG,14.0,0,3,11.0,0.0,D. Hildeby,2,0.0,3.0,20,18
2024020673,2025-01-11,20242025,REG,DAL,MTL,0,21.0,SO,15.0,2,1,8.0,8.0,J. Oettinger,2,0.0,6.0,36,31
2024020673,2025-01-11,20242025,REG,MTL,DAL,1,20.0,SO,12.0,1,2,30.0,4.0,S. Montembeault,2,1.0,6.0,31,36
2024020674,2025-01-11,20242025,REG,TBL,NJD,0,13.0,OT,15.0,2,3,14.0,4.0,A. Vasilevskiy,2,0.0,5.0,25,26
2024020674,2025-01-11,20242025,REG,NJD,TBL,1,19.0,OT,20.0,3,2,27.0,6.0,J. Markstrom,2,1.0,1.0,26,25
2024020675,2025-01-11,20242025,REG,ANA,PHI,0,19.0,REG,10.0,0,6,31.0,28.0,J. Gibson,2,0.0,2.0,22,30
2024020675,2025-01-11,20242025,REG,PHI,ANA,1,12.0,REG,15.0,6,0,29.0,14.0,S. Ersson,2,2.0,3.0,30,22
2024020676,2025-01-11,20242025,REG,EDM,CHI,0,13.0,REG,12.0,4,3,18.0,4.0,C. Pickard,2,1.0,6.0,34,22
2024020676,2025-01-11,20242025,REG,CHI,EDM,1,11.0,REG,9.0,3,4,27.0,4.0,A. Soderblom,2,0.0,7.0,22,34
2024020677,2025-01-11,20242025,REG,CBJ,STL,0,23.0,REG,8.0,2,1,14.0,6.0,J. Greaves,2,1.0,3.0,30,32
2024020677,2025-01-11,20242025,REG,STL,CBJ,1,10.0,REG,19.0,1,2,22.0,4.0,J. Binnington,2,1.0,4.0,32,30
2024020678,2025-01-11,20242025,REG,COL,WPG,0,9.0,REG,7.0,0,3,21.0,0.0,M. Blackwood,2,0.0,5.0,22,29
2024020678,2025-01-11,20242025,REG,WPG,COL,1,18.0,REG,9.0,3,0,23.0,4.0,C. Hellebuyck,2,0.0,2.0,29,22
2024020679,2025-01-11,20242025,REG,WSH,NSH,0,27.0,REG,13.0,4,1,12.0,6.0,L. Thompson,2,1.0,3.0,16,33
2024020679,2025-01-11,20242025,REG,NSH,WSH,1,15.0,REG,12.0,1,4,18.0,4.0,J. Saros,2,1.0,2.0,33,16
2024020680,2025-01-11,20242025,REG,NYI,UTA,0,24.0,REG,10.0,2,1,25.0,6.0,M. Hogberg,2,0.0,1.0,32,22
2024020680,2025-01-11,20242025,REG,UTA,NYI,1,22.0,REG,24.0,1,2,23.0,8.0,C. Ingram,2,0.0,3.0,22,32
2024020681,2025-01-11,20242025,REG,LAK,CGY,0,17.0,REG,13.0,1,2,10.0,20.0,D. Rittich,2,0.0,4.0,32,18
2024020681,2025-01-11,20242025,REG,CGY,LAK,1,13.0,REG,12.0,2,1,20.0,18.0,D. Wolf,2,1.0,4.0,18,32
2024020682,2025-01-11,20242025,REG,NYR,VGK,0,21.0,REG,11.0,2,1,14.0,6.0,I. Shesterkin,2,1.0,5.0,26,30
2024020682,2025-01-11,20242025,REG,VGK,NYR,1,11.0,REG,18.0,1,2,21.0,2.0,I. Samsonov,2,1.0,3.0,30,26
2024020683,2025-01-11,20242025,REG,MIN,SJS,0,17.0,REG,15.0,3,1,20.0,4.0,M. Fleury,2,0.0,10.0,22,37
2024020683,2025-01-11,20242025,REG,SJS,MIN,1,14.0,REG,10.0,1,3,18.0,0.0,Y. Askarov,2,0.0,4.0,37,22
2024020684,2025-01-12,20242025,REG,SEA,DET,0,16.0,REG,5.0,2,6,27.0,12.0,P. Grubauer,2,1.0,4.0,33,23
2024020684,2025-01-12,20242025,REG,DET,SEA,1,9.0,REG,10.0,6,2,8.0,6.0,C. Talbot,2,3.0,2.0,23,33
2024020685,2025-01-12,20242025,REG,DAL,OTT,0,13.0,REG,22.0,2,3,9.0,6.0,C. DeSmith,2,1.0,3.0,26,27
2024020685,2025-01-12,20242025,REG,OTT,DAL,1,10.0,REG,18.0,3,2,24.0,8.0,L. Meriläinen,2,0.0,2.0,27,26
2024020686,2025-01-12,20242025,REG,TBL,PIT,0,15.0,REG,16.0,5,2,38.0,8.0,J. Johansson,2,0.0,2.0,19,33
2024020686,2025-01-12,20242025,REG,PIT,TBL,1,11.0,REG,12.0,2,5,33.0,2.0,T. Jarry,2,1.0,9.0,33,19
2024020687,2025-01-12,20242025,REG,ANA,CAR,0,28.0,OT,11.0,3,2,26.0,4.0,L. Dostal,2,0.0,0.0,20,37
2024020687,2025-01-12,20242025,REG,CAR,ANA,1,8.0,OT,15.0,2,3,32.0,4.0,P. Kochetkov,2,1.0,2.0,37,20
2024020688,2025-01-12,20242025,REG,MIN,VGK,0,16.0,REG,19.0,1,4,27.0,15.0,F. Gustavsson,2,0.0,7.0,16,37
2024020688,2025-01-12,20242025,REG,VGK,MIN,1,10.0,REG,16.0,4,1,23.0,9.0,A. Hill,2,2.0,1.0,37,16
2024020689,2025-01-13,20242025,REG,FLA,PHI,0,10.0,REG,11.0,3,4,36.0,14.0,S. Bobrovsky,2,1.0,5.0,23,29
2024020689,2025-01-13,20242025,REG,PHI,FLA,1,27.0,REG,20.0,4,3,22.0,6.0,S. Ersson,2,2.0,4.0,29,23
2024020690,2025-01-13,20242025,REG,CGY,CHI,0,15.0,REG,13.0,5,2,22.0,15.0,D. Wolf,2,0.0,2.0,36,25
2024020690,2025-01-13,20242025,REG,CHI,CGY,1,17.0,REG,17.0,2,5,29.0,6.0,P. Mrazek,2,1.0,2.0,25,36
2024020691,2025-01-13,20242025,REG,LAK,EDM,0,14.0,REG,11.0,0,1,8.0,6.0,D. Kuemper,2,0.0,4.0,30,30
2024020691,2025-01-13,20242025,REG,EDM,LAK,1,16.0,REG,7.0,1,0,15.0,4.0,S. Skinner,2,0.0,3.0,30,30
2024020692,2025-01-14,20242025,REG,TBL,BOS,0,8.0,REG,13.0,2,6,25.0,18.0,A. Vasilevskiy,2,0.0,4.0,45,24
2024020692,2025-01-14,20242025,REG,BOS,TBL,1,14.0,REG,19.0,6,2,22.0,16.0,J. Swayman,2,0.0,4.0,24,45
2024020693,2025-01-14,20242025,REG,DAL,TOR,0,8.0,REG,17.0,4,1,13.0,4.0,J. Oettinger,2,2.0,4.0,23,28
2024020693,2025-01-14,20242025,REG,TOR,DAL,1,8.0,REG,12.0,1,4,35.0,6.0,J. Woll,2,0.0,8.0,28,23
2024020694,2025-01-14,20242025,REG,SJS,DET,0,18.0,REG,18.0,6,3,18.0,4.0,A. Georgiev,2,1.0,8.0,24,28
2024020694,2025-01-14,20242025,REG,DET,SJS,1,9.0,REG,18.0,3,6,21.0,2.0,V. Husso,2,0.0,5.0,28,24
2024020695,2025-01-14,20242025,REG,FLA,NJD,0,14.0,SO,14.0,2,1,42.0,6.0,S. Knight,2,0.0,2.0,28,27
2024020695,2025-01-14,20242025,REG,NJD,FLA,1,19.0,SO,8.0,1,2,30.0,4.0,J. Markstrom,2,0.0,7.0,27,28
2024020696,2025-01-14,20242025,REG,SEA,PIT,0,17.0,REG,10.0,4,2,28.0,12.0,J. Daccord,2,0.0,3.0,18,33
2024020696,2025-01-14,20242025,REG,PIT,SEA,1,13.0,REG,16.0,2,4,20.0,4.0,T. Jarry,2,0.0,3.0,33,18
2024020697,2025-01-14,20242025,REG,ANA,WSH,0,15.0,REG,13.0,0,3,28.0,4.0,J. Gibson,2,0.0,2.0,19,25
2024020697,2025-01-14,20242025,REG,WSH,ANA,1,14.0,REG,12.0,3,0,6.0,2.0,L. Thompson,2,0.0,5.0,25,19
2024020698,2025-01-14,20242025,REG,PHI,CBJ,0,14.0,SO,13.0,2,3,24.0,4.0,I. Fedotov,2,0.0,3.0,25,28
2024020698,2025-01-14,20242025,REG,CBJ,PHI,1,13.0,SO,15.0,3,2,13.0,6.0,D. Tarasov,2,0.0,2.0,28,25
2024020699,2025-01-14,20242025,REG,OTT,NYI,0,24.0,REG,11.0,2,0,26.0,7.0,L. Meriläinen,2,0.0,9.0,27,24
2024020699,2025-01-14,20242025,REG,NYI,OTT,1,15.0,REG,11.0,0,2,22.0,7.0,M. Hogberg,2,0.0,9.0,24,27
2024020700,2025-01-14,20242025,REG,CGY,STL,0,13.0,REG,14.0,1,2,20.0,4.0,D. Vladar,2,0.0,7.0,28,25
2024020700,2025-01-14,20242025,REG,STL,CGY,1,18.0,REG,13.0,2,1,20.0,4.0,J. Binnington,2,0.0,4.0,25,28
2024020701,2025-01-14,20242025,REG,VGK,NSH,0,19.0,REG,16.0,3,5,18.0,2.0,I. Samsonov,2,1.0,6.0,22,23
2024020701,2025-01-14,20242025,REG,NSH,VGK,1,14.0,REG,33.0,5,3,18.0,4.0,J. Annunen,2,0.0,4.0,23,22
2024020702,2025-01-14,20242025,REG,VAN,WPG,0,14.0,REG,10.0,1,6,29.0,6.0,K. Lankinen,2,0.0,2.0,24,33
2024020702,2025-01-14,20242025,REG,WPG,VAN,1,20.0,REG,17.0,6,1,26.0,4.0,C. Hellebuyck,2,1.0,3.0,33,24
2024020703,2025-01-14,20242025,REG,NYR,COL,0,22.0,OT,13.0,2,3,12.0,6.0,I. Shesterkin,2,0.0,11.0,29,26
2024020703,2025-01-14,20242025,REG,COL,NYR,1,10.0,OT,14.0,3,2,17.0,6.0,M. Blackwood,2,0.0,8.0,26,29
2024020704,2025-01-14,20242025,REG,MTL,UTA,0,17.0,REG,3.0,5,3,22.0,24.0,S. Montembeault,2,0.0,7.0,27,25
2024020704,2025-01-14,20242025,REG,UTA,MTL,1,14.0,REG,9.0,3,5,19.0,18.0,K. Vejmelka,2,1.0,13.0,25,27
2024020705,2025-01-15,20242025,REG,CAR,BUF,0,12.0,REG,17.0,2,4,11.0,2.0,D. Tokarski,2,0.0,2.0,37,24
2024020705,2025-01-15,20242025,REG,BUF,CAR,1,25.0,REG,20.0,4,2,16.0,6.0,U. Luukkonen,2,0.0,7.0,24,37
2024020706,2025-01-15,20242025,REG,EDM,MIN,0,16.0,REG,20.0,5,3,13.0,6.0,C. Pickard,2,1.0,1.0,36,34
2024020706,2025-01-15,20242025,REG,MIN,EDM,1,10.0,REG,15.0,3,5,20.0,4.0,F. Gustavsson,2,2.0,4.0,34,36
2024020707,2025-01-16,20242025,REG,NJD,TOR,0,21.0,OT,15.0,3,4,14.0,4.0,J. Markstrom,2,2.0,2.0,24,41
2024020707,2025-01-16,20242025,REG,TOR,NJD,1,16.0,OT,17.0,4,3,25.0,6.0,J. Woll,2,1.0,4.0,41,24
2024020708,2025-01-16,20242025,REG,WSH,OTT,0,18.0,OT,16.0,1,0,25.0,10.0,L. Thompson,2,0.0,3.0,26,24
2024020708,2025-01-16,20242025,REG,OTT,WSH,1,12.0,OT,14.0,0,1,20.0,6.0,L. Meriläinen,2,0.0,5.0,24,26
2024020709,2025-01-16,20242025,REG,ANA,TBL,0,12.0,SO,13.0,3,4,24.0,12.0,L. Dostal,2,0.0,3.0,37,35
2024020709,2025-01-16,20242025,REG,TBL,ANA,1,12.0,SO,15.0,4,3,12.0,6.0,A. Vasilevskiy,2,2.0,2.0,35,37
2024020710,2025-01-16,20242025,REG,DET,FLA,0,21.0,REG,9.0,5,2,23.0,8.0,C. Talbot,2,3.0,0.0,20,43
2024020710,2025-01-16,20242025,REG,FLA,DET,1,12.0,REG,12.0,2,5,36.0,10.0,S. Bobrovsky,2,0.0,1.0,43,20
2024020711,2025-01-16,20242025,REG,SJS,CBJ,0,17.0,REG,19.0,1,4,12.0,4.0,A. Georgiev,2,0.0,8.0,19,34
2024020711,2025-01-16,20242025,REG,CBJ,SJS,1,24.0,REG,16.0,4,1,13.0,6.0,E. Merzlikins,2,0.0,10.0,34,19
2024020712,2025-01-16,20242025,REG,PHI,NYI,0,23.0,REG,13.0,5,3,28.0,8.0,S. Ersson,2,0.0,4.0,24,29
2024020712,2025-01-16,20242025,REG,NYI,PHI,1,13.0,REG,18.0,3,5,15.0,8.0,I. Sorokin,2,2.0,4.0,29,24
2024020713,2025-01-16,20242025,REG,CGY,STL,0,12.0,REG,24.0,1,4,21.0,13.0,D. Wolf,2,0.0,4.0,29,29
2024020713,2025-01-16,20242025,REG,STL,CGY,1,14.0,REG,24.0,4,1,28.0,9.0,J. Hofer,2,1.0,3.0,29,29
2024020714,2025-01-16,20242025,REG,CHI,NSH,0,17.0,SO,4.0,2,3,33.0,11.0,A. Soderblom,2,0.0,5.0,26,41
2024020714,2025-01-16,20242025,REG,NSH,CHI,1,13.0,SO,9.0,3,2,35.0,7.0,J. Saros,2,1.0,3.0,41,26
2024020715,2025-01-16,20242025,REG,MTL,DAL,0,23.0,REG,14.0,3,1,33.0,6.0,J. Dobes,2,0.0,7.0,24,33
2024020715,2025-01-16,20242025,REG,DAL,MTL,1,9.0,REG,9.0,1,3,25.0,4.0,J. Oettinger,2,0.0,4.0,33,24
2024020716,2025-01-16,20242025,REG,SEA,WPG,0,23.0,REG,9.0,1,2,17.0,4.0,J. Daccord,2,0.0,5.0,18,36
2024020716,2025-01-16,20242025,REG,WPG,SEA,1,17.0,REG,15.0,2,1,16.0,2.0,C. Hellebuyck,2,1.0,5.0,36,18
2024020717,2025-01-16,20242025,REG,NYR,UTA,0,13.0,REG,12.0,5,3,21.0,6.0,I. Shesterkin,2,0.0,8.0,25,31
2024020717,2025-01-16,20242025,REG,UTA,NYR,1,18.0,REG,10.0,3,5,18.0,6.0,K. Vejmelka,2,1.0,5.0,31,25
2024020718,2025-01-16,20242025,REG,EDM,COL,0,11.0,REG,9.0,4,3,11.0,4.0,S. Skinner,2,0.0,7.0,28,25
2024020718,2025-01-16,20242025,REG,COL,EDM,1,19.0,REG,13.0,3,4,14.0,8.0,M. Blackwood,2,0.0,3.0,25,28
2024020719,2025-01-16,20242025,REG,LAK,VAN,0,17.0,REG,16.0,5,1,12.0,15.0,D. Kuemper,2,1.0,8.0,21,21
2024020719,2025-01-16,20242025,REG,VAN,LAK,1,12.0,REG,13.0,1,5,22.0,21.0,T. Demko,2,0.0,3.0,21,21
2024020720,2025-01-17,20242025,REG,PIT,BUF,0,17.0,REG,12.0,5,2,21.0,22.0,A. Nedeljkovic,2,3.0,6.0,19,42
2024020720,2025-01-17,20242025,REG,BUF,PIT,1,14.0,REG,9.0,2,5,19.0,20.0,U. Luukkonen,2,1.0,1.0,42,19
2024020721,2025-01-17,20242025,REG,VGK,CAR,0,22.0,REG,19.0,2,3,19.0,6.0,A. Hill,2,1.0,9.0,31,28
2024020721,2025-01-17,20242025,REG,CAR,VGK,1,14.0,REG,24.0,3,2,18.0,6.0,P. Kochetkov,2,0.0,7.0,28,31
2024020722,2025-01-18,20242025,REG,PHI,NJD,0,33.0,REG,18.0,3,1,10.0,4.0,S. Ersson,2,1.0,8.0,18,13
2024020722,2025-01-18,20242025,REG,NJD,PHI,1,25.0,REG,21.0,1,3,18.0,4.0,J. Allen,2,0.0,4.0,13,18
2024020723,2025-01-18,20242025,REG,BOS,OTT,0,25.0,SO,18.0,5,6,29.0,15.0,J. Swayman,2,1.0,6.0,28,44
2024020723,2025-01-18,20242025,REG,OTT,BOS,1,16.0,SO,18.0,6,5,28.0,17.0,L. Meriläinen,2,1.0,6.0,44,28
2024020724,2025-01-18,20242025,REG,DAL,COL,0,23.0,REG,11.0,3,6,11.0,6.0,C. DeSmith,2,2.0,5.0,29,36
2024020724,2025-01-18,20242025,REG,COL,DAL,1,17.0,REG,12.0,6,3,17.0,8.0,S. Wedgewood,2,1.0,4.0,36,29
2024020725,2025-01-18,20242025,REG,ANA,FLA,0,15.0,REG,8.0,0,3,14.0,4.0,J. Gibson,2,0.0,9.0,34,45
2024020725,2025-01-18,20242025,REG,FLA,ANA,1,15.0,REG,11.0,3,0,21.0,17.0,S. Knight,2,0.0,2.0,45,34
2024020726,2025-01-18,20242025,REG,TOR,MTL,0,19.0,REG,10.0,7,3,20.0,10.0,J. Woll,2,2.0,5.0,34,35
2024020726,2025-01-18,20242025,REG,MTL,TOR,1,17.0,REG,19.0,3,7,15.0,8.0,S. Montembeault,2,1.0,2.0,35,34
2024020727,2025-01-18,20242025,REG,DET,TBL,0,9.0,REG,15.0,1,5,23.0,8.0,C. Talbot,2,1.0,4.0,39,22
2024020727,2025-01-18,20242025,REG,TBL,DET,1,22.0,REG,8.0,5,1,30.0,14.0,A. Vasilevskiy,2,2.0,3.0,22,39
2024020728,2025-01-18,20242025,REG,CBJ,NYR,0,16.0,SO,15.0,0,1,9.0,2.0,D. Tarasov,2,0.0,9.0,27,26
2024020728,2025-01-18,20242025,REG,NYR,CBJ,1,12.0,SO,19.0,1,0,18.0,4.0,I. Shesterkin,2,0.0,10.0,26,27
2024020729,2025-01-18,20242025,REG,PIT,WSH,0,14.0,REG,14.0,1,4,17.0,10.0,J. Blomqvist,2,0.0,7.0,19,32
2024020729,2025-01-18,20242025,REG,WSH,PIT,1,17.0,REG,20.0,4,1,27.0,6.0,L. Thompson,2,1.0,3.0,32,19
2024020730,2025-01-18,20242025,REG,CGY,WPG,0,21.0,REG,23.0,3,1,25.0,4.0,D. Wolf,2,1.0,5.0,22,39
2024020730,2025-01-18,20242025,REG,WPG,CGY,1,17.0,REG,20.0,1,3,11.0,4.0,E. Comrie,2,0.0,3.0,39,22
2024020731,2025-01-18,20242025,REG,SJS,NYI,0,16.0,REG,27.0,1,4,40.0,2.0,A. Georgiev,2,0.0,2.0,19,31
2024020731,2025-01-18,20242025,REG,NYI,SJS,1,20.0,REG,23.0,4,1,37.0,2.0,M. Hogberg,2,0.0,4.0,31,19
2024020732,2025-01-18,20242025,REG,VGK,CHI,0,12.0,REG,12.0,3,5,29.0,13.0,I. Samsonov,2,1.0,9.0,35,23
2024020732,2025-01-18,20242025,REG,CHI,VGK,1,23.0,REG,11.0,5,3,29.0,23.0,P. Mrazek,2,2.0,2.0,23,35
2024020733,2025-01-18,20242025,REG,MIN,NSH,0,15.0,REG,24.0,2,6,16.0,21.0,M. Fleury,2,1.0,3.0,29,38
2024020733,2025-01-18,20242025,REG,NSH,MIN,1,8.0,REG,22.0,6,2,15.0,23.0,J. Saros,2,1.0,3.0,38,29
2024020734,2025-01-18,20242025,REG,STL,UTA,0,10.0,REG,7.0,2,4,33.0,11.0,J. Binnington,2,1.0,2.0,24,33
2024020734,2025-01-18,20242025,REG,UTA,STL,1,18.0,REG,9.0,4,2,13.0,13.0,C. Ingram,2,1.0,5.0,33,24
2024020735,2025-01-18,20242025,REG,EDM,VAN,0,18.0,REG,17.0,2,3,9.0,33.0,S. Skinner,2,1.0,6.0,15,27
2024020735,2025-01-18,20242025,REG,VAN,EDM,1,13.0,REG,15.0,3,2,18.0,29.0,T. Demko,2,2.0,4.0,27,15
2024020736,2025-01-18,20242025,REG,LAK,SEA,0,14.0,REG,14.0,2,4,26.0,6.0,D. Kuemper,2,1.0,5.0,30,22
2024020736,2025-01-18,20242025,REG,SEA,LAK,1,24.0,REG,15.0,4,2,32.0,4.0,J. Daccord,2,0.0,7.0,22,30
2024020737,2025-01-19,20242025,REG,OTT,NJD,0,14.0,REG,9.0,2,1,24.0,2.0,A. Forsberg,2,0.0,6.0,20,26
2024020737,2025-01-19,20242025,REG,NJD,OTT,1,11.0,REG,11.0,1,2,18.0,6.0,J. Markstrom,2,0.0,5.0,26,20
2024020738,2025-01-19,20242025,REG,NYR,MTL,0,14.0,OT,15.0,4,5,17.0,17.0,J. Quick,2,1.0,6.0,28,37
2024020738,2025-01-19,20242025,REG,MTL,NYR,1,11.0,OT,24.0,5,4,16.0,15.0,J. Dobes,2,0.0,7.0,37,28
2024020739,2025-01-19,20242025,REG,DET,DAL,0,7.0,REG,14.0,1,4,28.0,2.0,A. Lyon,2,0.0,5.0,34,25
2024020739,2025-01-19,20242025,REG,DAL,DET,1,15.0,REG,20.0,4,1,19.0,6.0,J. Oettinger,2,1.0,7.0,25,34
2024020740,2025-01-20,20242025,REG,SJS,BOS,0,21.0,REG,15.0,3,6,31.0,4.0,Y. Askarov,2,0.0,3.0,28,33
2024020740,2025-01-20,20242025,REG,BOS,SJS,1,10.0,REG,22.0,6,3,29.0,2.0,J. Korpisalo,2,1.0,7.0,33,28
2024020741,2025-01-20,20242025,REG,MIN,COL,0,17.0,REG,7.0,3,1,7.0,6.0,M. Fleury,2,0.0,2.0,26,27
2024020741,2025-01-20,20242025,REG,COL,MIN,1,9.0,REG,13.0,1,3,16.0,8.0,M. Blackwood,2,0.0,6.0,27,26
2024020742,2025-01-20,20242025,REG,BUF,SEA,0,7.0,REG,15.0,4,6,18.0,4.0,D. Levi,2,1.0,4.0,29,34
2024020742,2025-01-20,20242025,REG,SEA,BUF,1,11.0,REG,12.0,6,4,16.0,6.0,J. Daccord,2,1.0,6.0,34,29
2024020743,2025-01-20,20242025,REG,STL,VGK,0,26.0,SO,8.0,5,4,16.0,4.0,J. Binnington,2,1.0,4.0,28,32
2024020743,2025-01-20,20242025,REG,VGK,STL,1,13.0,SO,15.0,4,5,22.0,4.0,A. Hill,2,1.0,7.0,32,28
2024020744,2025-01-20,20242025,REG,TBL,TOR,0,10.0,REG,13.0,3,5,19.0,2.0,J. Johansson,2,1.0,3.0,30,28
2024020744,2025-01-20,20242025,REG,TOR,TBL,1,11.0,REG,13.0,5,3,12.0,4.0,J. Woll,2,1.0,6.0,28,30
2024020745,2025-01-20,20242025,REG,CBJ,NYI,0,25.0,REG,14.0,1,3,27.0,6.0,E. Merzlikins,2,1.0,1.0,26,25
2024020745,2025-01-20,20242025,REG,NYI,CBJ,1,14.0,REG,9.0,3,1,40.0,10.0,I. Sorokin,2,1.0,6.0,25,26
2024020746,2025-01-20,20242025,REG,CAR,CHI,0,10.0,OT,17.0,4,3,19.0,4.0,F. Andersen,2,0.0,5.0,48,25
2024020746,2025-01-20,20242025,REG,CHI,CAR,1,21.0,OT,17.0,3,4,23.0,4.0,P. Mrazek,2,0.0,7.0,25,48
2024020747,2025-01-20,20242025,REG,WPG,UTA,0,13.0,REG,9.0,2,5,21.0,16.0,C. Hellebuyck,2,0.0,7.0,25,28
2024020747,2025-01-20,20242025,REG,UTA,WPG,1,17.0,REG,13.0,5,2,27.0,12.0,C. Ingram,2,0.0,4.0,28,25
2024020748,2025-01-20,20242025,REG,PIT,LAK,0,14.0,REG,12.0,5,1,7.0,6.0,A. Nedeljkovic,2,1.0,4.0,32,26
2024020748,2025-01-20,20242025,REG,LAK,PIT,1,14.0,REG,15.0,1,5,18.0,2.0,D. Rittich,2,1.0,2.0,26,32
2024020749,2025-01-21,20242025,REG,TBL,MTL,0,15.0,REG,16.0,2,3,18.0,4.0,A. Vasilevskiy,2,0.0,0.0,35,22
2024020749,2025-01-21,20242025,REG,MTL,TBL,1,11.0,REG,11.0,3,2,23.0,8.0,S. Montembeault,2,1.0,3.0,22,35
2024020750,2025-01-21,20242025,REG,OTT,NYR,0,13.0,REG,13.0,0,5,23.0,14.0,L. Meriläinen,2,0.0,6.0,20,29
2024020750,2025-01-21,20242025,REG,NYR,OTT,1,17.0,REG,18.0,5,0,19.0,8.0,I. Shesterkin,2,2.0,2.0,29,20
2024020751,2025-01-21,20242025,REG,DET,PHI,0,15.0,OT,14.0,1,2,13.0,2.0,A. Lyon,2,0.0,2.0,28,26
2024020751,2025-01-21,20242025,REG,PHI,DET,1,16.0,OT,13.0,2,1,15.0,0.0,S. Ersson,2,0.0,6.0,26,28
2024020752,2025-01-21,20242025,REG,SJS,NSH,0,9.0,REG,16.0,5,7,12.0,6.0,A. Georgiev,2,1.0,4.0,24,41
2024020752,2025-01-21,20242025,REG,NSH,SJS,1,14.0,REG,13.0,7,5,32.0,8.0,J. Saros,2,2.0,3.0,41,24
2024020753,2025-01-21,20242025,REG,CAR,DAL,0,13.0,REG,16.0,2,1,31.0,6.0,P. Kochetkov,2,0.0,4.0,19,23
2024020753,2025-01-21,20242025,REG,DAL,CAR,1,17.0,REG,20.0,1,2,23.0,6.0,J. Oettinger,2,0.0,3.0,23,19
2024020754,2025-01-21,20242025,REG,WSH,EDM,0,18.0,REG,16.0,3,2,14.0,6.0,L. Thompson,2,0.0,3.0,14,32
2024020754,2025-01-21,20242025,REG,EDM,WSH,1,5.0,REG,23.0,2,3,13.0,6.0,S. Skinner,2,0.0,3.0,32,14
2024020755,2025-01-21,20242025,REG,BUF,VAN,0,11.0,REG,22.0,3,2,19.0,2.0,U. Luukkonen,2,0.0,3.0,26,34
2024020755,2025-01-21,20242025,REG,VAN,BUF,1,12.0,REG,11.0,2,3,15.0,4.0,T. Demko,2,0.0,3.0,34,26
2024020756,2025-01-21,20242025,REG,FLA,ANA,0,15.0,REG,13.0,5,2,15.0,4.0,S. Bobrovsky,2,0.0,4.0,29,30
2024020756,2025-01-21,20242025,REG,ANA,FLA,1,17.0,REG,14.0,2,5,18.0,6.0,L. Dostal,2,1.0,1.0,30,29
2024020757,2025-01-22,20242025,REG,CBJ,TOR,0,25.0,REG,15.0,5,1,11.0,13.0,E. Merzlikins,2,0.0,6.0,19,29
2024020757,2025-01-22,20242025,REG,TOR,CBJ,1,11.0,REG,14.0,1,5,18.0,9.0,D. Hildeby,2,0.0,4.0,29,19
2024020758,2025-01-22,20242025,REG,BOS,NJD,0,19.0,REG,18.0,1,5,11.0,14.0,J. Swayman,2,0.0,3.0,23,34
2024020758,2025-01-22,20242025,REG,NJD,BOS,1,17.0,REG,11.0,5,1,11.0,6.0,J. Markstrom,2,3.0,3.0,34,23
2024020759,2025-01-22,20242025,REG,WPG,COL,0,20.0,OT,10.0,3,2,15.0,6.0,C. Hellebuyck,2,0.0,4.0,25,27
2024020759,2025-01-22,20242025,REG,COL,WPG,1,11.0,OT,16.0,2,3,29.0,4.0,M. Blackwood,2,0.0,4.0,27,25
2024020760,2025-01-22,20242025,REG,FLA,LAK,0,14.0,REG,12.0,1,2,28.0,4.0,S. Knight,2,1.0,4.0,28,28
2024020760,2025-01-22,20242025,REG,LAK,FLA,1,19.0,REG,15.0,2,1,16.0,4.0,D. Kuemper,2,0.0,3.0,28,28
2024020761,2025-01-23,20242025,REG,OTT,BOS,0,24.0,REG,14.0,0,2,20.0,14.0,A. Forsberg,2,0.0,10.0,29,26
2024020761,2025-01-23,20242025,REG,BOS,OTT,1,20.0,REG,17.0,2,0,27.0,18.0,J. Korpisalo,2,0.0,10.0,26,29
2024020762,2025-01-23,20242025,REG,MTL,DET,0,14.0,REG,14.0,2,4,24.0,8.0,S. Montembeault,2,0.0,3.0,29,45
2024020762,2025-01-23,20242025,REG,DET,MTL,1,16.0,REG,9.0,4,2,19.0,4.0,C. Talbot,2,1.0,5.0,45,29
2024020763,2025-01-23,20242025,REG,PHI,NYR,0,16.0,REG,8.0,1,6,12.0,4.0,S. Ersson,2,0.0,0.0,34,37
2024020763,2025-01-23,20242025,REG,NYR,PHI,1,18.0,REG,14.0,6,1,12.0,6.0,I. Shesterkin,2,1.0,6.0,37,34
2024020764,2025-01-23,20242025,REG,CBJ,CAR,0,21.0,REG,18.0,4,7,22.0,6.0,D. Tarasov,2,0.0,6.0,22,43
2024020764,2025-01-23,20242025,REG,CAR,CBJ,1,6.0,REG,14.0,7,4,16.0,4.0,F. Andersen,2,1.0,4.0,43,22
2024020765,2025-01-23,20242025,REG,VGK,STL,0,18.0,REG,11.0,4,2,15.0,4.0,I. Samsonov,2,1.0,3.0,31,17
2024020765,2025-01-23,20242025,REG,STL,VGK,1,5.0,REG,10.0,2,4,29.0,4.0,J. Hofer,2,0.0,4.0,17,31
2024020766,2025-01-23,20242025,REG,UTA,MIN,0,12.0,REG,15.0,4,0,15.0,6.0,K. Vejmelka,2,1.0,3.0,29,26
2024020766,2025-01-23,20242025,REG,MIN,UTA,1,6.0,REG,15.0,0,4,14.0,4.0,F. Gustavsson,2,0.0,7.0,26,29
2024020767,2025-01-23,20242025,REG,BUF,CGY,0,14.0,REG,14.0,2,5,20.0,11.0,U. Luukkonen,2,0.0,2.0,34,26
2024020767,2025-01-23,20242025,REG,CGY,BUF,1,19.0,REG,16.0,5,2,19.0,29.0,D. Wolf,2,0.0,5.0,26,34
2024020768,2025-01-23,20242025,REG,VAN,EDM,0,13.0,REG,9.0,2,6,25.0,26.0,T. Demko,2,0.0,3.0,26,34
2024020768,2025-01-23,20242025,REG,EDM,VAN,1,12.0,REG,9.0,6,2,19.0,8.0,C. Pickard,2,2.0,6.0,34,26
2024020769,2025-01-23,20242025,REG,PIT,ANA,0,10.0,REG,13.0,1,5,12.0,8.0,A. Nedeljkovic,2,1.0,8.0,32,34
2024020769,2025-01-23,20242025,REG,ANA,PIT,1,17.0,REG,15.0,5,1,20.0,8.0,J. Gibson,2,0.0,11.0,34,32
2024020770,2025-01-23,20242025,REG,WSH,SEA,0,22.0,REG,21.0,3,0,8.0,2.0,C. Lindgren,2,0.0,7.0,32,22
2024020770,2025-01-23,20242025,REG,SEA,WSH,1,8.0,REG,20.0,0,3,16.0,0.0,J. Daccord,2,0.0,7.0,22,32
2024020771,2025-01-23,20242025,REG,NSH,SJS,0,16.0,REG,11.0,6,5,13.0,36.0,J. Annunen,2,3.0,4.0,38,35
2024020771,2025-01-23,20242025,REG,SJS,NSH,1,14.0,REG,8.0,5,6,23.0,27.0,Y. Askarov,2,1.0,4.0,35,38
2024020772,2025-01-24,20242025,REG,PHI,NYI,0,11.0,REG,12.0,1,3,25.0,6.0,I. Fedotov,2,0.0,6.0,30,27
2024020772,2025-01-24,20242025,REG,NYI,PHI,1,19.0,REG,7.0,3,1,34.0,2.0,I. Sorokin,2,0.0,4.0,27,30
2024020773,2025-01-24,20242025,REG,TBL,CHI,0,12.0,OT,18.0,4,3,17.0,4.0,J. Johansson,2,3.0,7.0,40,14
2024020773,2025-01-24,20242025,REG,CHI,TBL,1,10.0,OT,13.0,3,4,17.0,6.0,A. Soderblom,2,0.0,5.0,14,40
2024020774,2025-01-24,20242025,REG,VGK,DAL,0,24.0,REG,14.0,3,4,18.0,4.0,A. Hill,2,2.0,5.0,21,27
2024020774,2025-01-24,20242025,REG,DAL,VGK,1,17.0,REG,10.0,4,3,21.0,6.0,J. Oettinger,2,1.0,2.0,27,21
2024020775,2025-01-24,20242025,REG,UTA,WPG,0,15.0,REG,24.0,2,5,12.0,2.0,C. Ingram,2,1.0,4.0,19,29
2024020775,2025-01-24,20242025,REG,WPG,UTA,1,12.0,REG,19.0,5,2,24.0,6.0,C. Hellebuyck,2,1.0,6.0,29,19
2024020776,2025-01-25,20242025,REG,COL,BOS,0,11.0,REG,15.0,1,3,22.0,0.0,S. Wedgewood,2,0.0,5.0,28,15
2024020776,2025-01-25,20242025,REG,BOS,COL,1,22.0,REG,21.0,3,1,25.0,4.0,J. Swayman,2,0.0,9.0,15,28
2024020777,2025-01-25,20242025,REG,BUF,EDM,0,7.0,REG,16.0,2,3,29.0,2.0,J. Reimer,2,0.0,7.0,41,34
2024020777,2025-01-25,20242025,REG,EDM,BUF,1,16.0,REG,14.0,3,2,15.0,6.0,S. Skinner,2,0.0,5.0,34,41
2024020778,2025-01-25,20242025,REG,PIT,SEA,0,11.0,REG,9.0,1,4,21.0,6.0,J. Blomqvist,2,0.0,6.0,29,25
2024020778,2025-01-25,20242025,REG,SEA,PIT,1,15.0,REG,8.0,4,1,14.0,4.0,J. Daccord,2,1.0,8.0,25,29
2024020779,2025-01-25,20242025,REG,NJD,MTL,0,22.0,OT,11.0,4,3,17.0,2.0,J. Allen,2,0.0,3.0,44,32
2024020779,2025-01-25,20242025,REG,MTL,NJD,1,32.0,OT,12.0,3,4,20.0,2.0,J. Dobes,2,0.0,3.0,32,44
2024020780,2025-01-25,20242025,REG,TOR,OTT,0,13.0,REG,21.0,1,2,19.0,6.0,J. Woll,2,0.0,3.0,29,23
2024020780,2025-01-25,20242025,REG,OTT,TOR,1,16.0,REG,17.0,2,1,24.0,4.0,A. Forsberg,2,1.0,5.0,23,29
2024020781,2025-01-25,20242025,REG,TBL,DET,0,9.0,REG,13.0,0,2,17.0,8.0,A. Vasilevskiy,2,0.0,4.0,28,32
2024020781,2025-01-25,20242025,REG,DET,TBL,1,18.0,REG,16.0,2,0,12.0,8.0,C. Talbot,2,0.0,3.0,32,28
2024020782,2025-01-25,20242025,REG,LAK,CBJ,0,13.0,OT,6.0,2,3,21.0,2.0,D. Kuemper,2,0.0,10.0,33,24
2024020782,2025-01-25,20242025,REG,CBJ,LAK,1,23.0,OT,9.0,3,2,25.0,2.0,E. Merzlikins,2,0.0,5.0,24,33
2024020783,2025-01-25,20242025,REG,DAL,STL,0,19.0,REG,18.0,2,0,21.0,2.0,C. DeSmith,2,1.0,4.0,19,33
2024020783,2025-01-25,20242025,REG,STL,DAL,1,14.0,REG,15.0,0,2,38.0,6.0,J. Binnington,2,0.0,5.0,33,19
2024020784,2025-01-25,20242025,REG,CGY,MIN,0,13.0,REG,7.0,5,4,20.0,15.0,D. Wolf,2,2.0,9.0,29,25
2024020784,2025-01-25,20242025,REG,MIN,CGY,1,20.0,REG,7.0,4,5,23.0,15.0,M. Fleury,2,1.0,11.0,25,29
2024020785,2025-01-25,20242025,REG,CAR,NYI,0,17.0,OT,5.0,2,3,19.0,11.0,P. Kochetkov,2,0.0,5.0,27,27
2024020785,2025-01-25,20242025,REG,NYI,CAR,1,14.0,OT,7.0,3,2,38.0,7.0,M. Hogberg,2,0.0,7.0,27,27
2024020786,2025-01-25,20242025,REG,WSH,VAN,0,15.0,REG,19.0,1,2,15.0,6.0,C. Lindgren,2,0.0,3.0,33,25
2024020786,2025-01-25,20242025,REG,VAN,WSH,1,19.0,REG,15.0,2,1,26.0,6.0,K. Lankinen,2,0.0,4.0,25,33
2024020787,2025-01-25,20242025,REG,NSH,ANA,0,12.0,REG,9.0,2,5,16.0,4.0,J. Saros,2,0.0,5.0,43,35
2024020787,2025-01-25,20242025,REG,ANA,NSH,1,25.0,REG,19.0,5,2,17.0,6.0,J. Gibson,2,1.0,2.0,35,43
2024020788,2025-01-25,20242025,REG,FLA,SJS,0,9.0,REG,11.0,7,2,19.0,2.0,S. Bobrovsky,2,1.0,2.0,32,23
2024020788,2025-01-25,20242025,REG,SJS,FLA,1,20.0,REG,10.0,2,7,22.0,2.0,A. Georgiev,2,0.0,3.0,23,32
2024020789,2025-01-26,20242025,REG,COL,NYR,0,17.0,REG,21.0,5,4,16.0,4.0,M. Blackwood,2,1.0,7.0,22,37
2024020789,2025-01-26,20242025,REG,NYR,COL,1,20.0,REG,16.0,4,5,16.0,4.0,I. Shesterkin,2,0.0,3.0,37,22
2024020790,2025-01-26,20242025,REG,UTA,OTT,0,8.0,REG,23.0,1,3,18.0,6.0,K. Vejmelka,2,0.0,2.0,35,27
2024020790,2025-01-26,20242025,REG,OTT,UTA,1,19.0,REG,14.0,3,1,18.0,6.0,L. Meriläinen,2,0.0,6.0,27,35
2024020791,2025-01-26,20242025,REG,CGY,WPG,0,9.0,REG,16.0,2,5,38.0,6.0,D. Vladar,2,1.0,3.0,22,27
2024020791,2025-01-26,20242025,REG,WPG,CGY,1,15.0,REG,13.0,5,2,32.0,10.0,E. Comrie,2,2.0,8.0,27,22
2024020792,2025-01-26,20242025,REG,MIN,CHI,0,16.0,REG,7.0,4,2,10.0,10.0,F. Gustavsson,2,1.0,6.0,28,20
2024020792,2025-01-26,20242025,REG,CHI,MIN,1,12.0,REG,19.0,2,4,26.0,10.0,P. Mrazek,2,1.0,5.0,20,28
2024020793,2025-01-26,20242025,REG,FLA,VGK,0,14.0,REG,14.0,1,4,36.0,4.0,S. Knight,2,0.0,2.0,34,26
2024020793,2025-01-26,20242025,REG,VGK,FLA,1,16.0,REG,15.0,4,1,14.0,6.0,A. Hill,2,0.0,3.0,26,34
2024020794,2025-01-27,20242025,REG,LAK,DET,0,15.0,REG,12.0,2,5,29.0,6.0,D. Kuemper,2,0.0,4.0,25,28
2024020794,2025-01-27,20242025,REG,DET,LAK,1,19.0,REG,13.0,5,2,24.0,2.0,C. Talbot,2,1.0,4.0,28,25
2024020795,2025-01-27,20242025,REG,NJD,PHI,0,12.0,REG,15.0,2,4,20.0,6.0,J. Allen,2,0.0,7.0,33,26
2024020795,2025-01-27,20242025,REG,PHI,NJD,1,26.0,REG,16.0,4,2,25.0,6.0,S. Ersson,2,1.0,6.0,26,33
2024020796,2025-01-27,20242025,REG,VAN,STL,0,14.0,REG,13.0,5,2,14.0,15.0,K. Lankinen,2,2.0,2.0,30,26
2024020796,2025-01-27,20242025,REG,STL,VAN,1,16.0,REG,14.0,2,5,21.0,9.0,J. Binnington,2,1.0,2.0,26,30
2024020797,2025-01-27,20242025,REG,SEA,EDM,0,15.0,REG,16.0,2,4,18.0,2.0,J. Daccord,2,0.0,1.0,28,31
2024020797,2025-01-27,20242025,REG,EDM,SEA,1,11.0,REG,22.0,4,2,14.0,6.0,C. Pickard,2,0.0,0.0,31,28
2024020798,2025-01-27,20242025,REG,PIT,SJS,0,10.0,REG,15.0,1,2,24.0,6.0,A. Nedeljkovic,2,0.0,4.0,30,28
2024020798,2025-01-27,20242025,REG,SJS,PIT,1,24.0,REG,17.0,2,1,14.0,8.0,Y. Askarov,2,0.0,5.0,28,30
2024020799,2025-01-28,20242025,REG,BOS,BUF,0,14.0,REG,14.0,2,7,17.0,16.0,J. Swayman,2,1.0,10.0,27,33
2024020799,2025-01-28,20242025,REG,BUF,BOS,1,17.0,REG,10.0,7,2,20.0,4.0,U. Luukkonen,2,1.0,3.0,33,27
2024020800,2025-01-28,20242025,REG,WPG,MTL,0,20.0,REG,16.0,4,1,13.0,0.0,C. Hellebuyck,2,0.0,5.0,24,25
2024020800,2025-01-28,20242025,REG,MTL,WPG,1,14.0,REG,17.0,1,4,40.0,6.0,S. Montembeault,2,0.0,8.0,25,24
2024020801,2025-01-28,20242025,REG,CHI,TBL,0,16.0,REG,18.0,4,1,17.0,17.0,A. Soderblom,2,1.0,5.0,21,35
2024020801,2025-01-28,20242025,REG,TBL,CHI,1,12.0,REG,23.0,1,4,11.0,15.0,J. Johansson,2,0.0,0.0,35,21
2024020802,2025-01-28,20242025,REG,CAR,NYR,0,15.0,REG,17.0,4,0,11.0,11.0,F. Andersen,2,0.0,5.0,26,22
2024020802,2025-01-28,20242025,REG,NYR,CAR,1,7.0,REG,15.0,0,4,21.0,9.0,I. Shesterkin,2,0.0,3.0,22,26
2024020803,2025-01-28,20242025,REG,COL,NYI,0,14.0,REG,17.0,2,5,24.0,0.0,M. Blackwood,2,0.0,7.0,32,28
2024020803,2025-01-28,20242025,REG,NYI,COL,1,27.0,REG,14.0,5,2,33.0,4.0,I. Sorokin,2,0.0,6.0,28,32
2024020804,2025-01-28,20242025,REG,WSH,CGY,0,22.0,REG,11.0,3,1,22.0,10.0,L. Thompson,2,1.0,7.0,23,33
2024020804,2025-01-28,20242025,REG,CGY,WSH,1,12.0,REG,14.0,1,3,15.0,10.0,D. Wolf,2,1.0,7.0,33,23
2024020805,2025-01-28,20242025,REG,DAL,VGK,0,23.0,OT,23.0,4,3,15.0,4.0,J. Oettinger,2,0.0,2.0,28,28
2024020805,2025-01-28,20242025,REG,VGK,DAL,1,15.0,OT,14.0,3,4,27.0,6.0,A. Hill,2,1.0,4.0,28,28
2024020806,2025-01-28,20242025,REG,ANA,SEA,0,19.0,REG,9.0,6,4,16.0,10.0,L. Dostal,2,0.0,1.0,23,30
2024020806,2025-01-28,20242025,REG,SEA,ANA,1,11.0,REG,11.0,4,6,12.0,8.0,P. Grubauer,2,1.0,7.0,30,23
2024020807,2025-01-29,20242025,REG,MIN,TOR,0,22.0,REG,15.0,3,1,12.0,2.0,F. Gustavsson,2,1.0,5.0,25,33
2024020807,2025-01-29,20242025,REG,TOR,MIN,1,8.0,REG,13.0,1,3,23.0,2.0,J. Woll,2,0.0,5.0,33,25
2024020808,2025-01-29,20242025,REG,LAK,FLA,0,10.0,REG,11.0,0,3,18.0,10.0,D. Kuemper,2,0.0,2.0,29,39
2024020808,2025-01-29,20242025,REG,FLA,LAK,1,21.0,REG,14.0,3,0,23.0,6.0,S. Bobrovsky,2,1.0,1.0,39,29
2024020809,2025-01-29,20242025,REG,PHI,NJD,0,22.0,REG,15.0,0,5,11.0,16.0,S. Ersson,2,0.0,3.0,24,26
2024020809,2025-01-29,20242025,REG,NJD,PHI,1,14.0,REG,17.0,5,0,22.0,16.0,J. Allen,2,2.0,1.0,26,24
2024020810,2025-01-29,20242025,REG,VAN,NSH,0,10.0,REG,10.0,3,1,19.0,4.0,T. Demko,2,1.0,3.0,22,32
2024020810,2025-01-29,20242025,REG,NSH,VAN,1,7.0,REG,15.0,1,3,24.0,6.0,J. Saros,2,0.0,6.0,32,22
2024020811,2025-01-29,20242025,REG,PIT,UTA,0,19.0,OT,18.0,3,2,35.0,7.0,A. Nedeljkovic,2,0.0,7.0,29,29
2024020811,2025-01-29,20242025,REG,UTA,PIT,1,20.0,OT,24.0,2,3,24.0,7.0,C. Ingram,2,1.0,8.0,29,29
2024020812,2025-01-30,20242025,REG,WPG,BOS,0,21.0,REG,14.0,6,2,13.0,6.0,C. Hellebuyck,2,2.0,6.0,28,28
2024020812,2025-01-30,20242025,REG,BOS,WPG,1,10.0,REG,17.0,2,6,25.0,18.0,J. Korpisalo,2,1.0,4.0,28,28
2024020813,2025-01-30,20242025,REG,MIN,MTL,0,19.0,REG,5.0,4,0,21.0,2.0,M. Fleury,2,0.0,10.0,27,19
2024020813,2025-01-30,20242025,REG,MTL,MIN,1,11.0,REG,9.0,0,4,18.0,2.0,J. Dobes,2,0.0,5.0,19,27
2024020814,2025-01-30,20242025,REG,WSH,OTT,0,5.0,OT,10.0,4,5,20.0,6.0,C. Lindgren,2,2.0,10.0,35,34
2024020814,2025-01-30,20242025,REG,OTT,WSH,1,14.0,OT,15.0,5,4,19.0,12.0,A. Forsberg,2,2.0,4.0,34,35
2024020815,2025-01-30,20242025,REG,LAK,TBL,0,18.0,REG,9.0,0,3,29.0,4.0,D. Rittich,2,0.0,4.0,28,33
2024020815,2025-01-30,20242025,REG,TBL,LAK,1,9.0,REG,15.0,3,0,18.0,2.0,A. Vasilevskiy,2,0.0,4.0,33,28
2024020816,2025-01-30,20242025,REG,NYI,PHI,0,25.0,REG,14.0,3,0,18.0,13.0,I. Sorokin,2,0.0,6.0,28,23
2024020816,2025-01-30,20242025,REG,PHI,NYI,1,9.0,REG,23.0,0,3,20.0,11.0,I. Fedotov,2,0.0,4.0,23,28
2024020817,2025-01-30,20242025,REG,CHI,CAR,0,17.0,REG,22.0,2,3,18.0,4.0,A. Soderblom,2,0.0,7.0,20,27
2024020817,2025-01-30,20242025,REG,CAR,CHI,1,13.0,REG,17.0,3,2,15.0,6.0,P. Kochetkov,2,0.0,3.0,27,20
2024020818,2025-01-30,20242025,REG,ANA,CGY,0,17.0,REG,10.0,1,4,20.0,13.0,J. Gibson,2,0.0,3.0,31,30
2024020818,2025-01-30,20242025,REG,CGY,ANA,1,25.0,REG,12.0,4,1,25.0,17.0,D. Wolf,2,0.0,3.0,30,31
2024020819,2025-01-30,20242025,REG,DET,EDM,0,19.0,SO,18.0,3,2,23.0,8.0,A. Lyon,2,0.0,5.0,35,47
2024020819,2025-01-30,20242025,REG,EDM,DET,1,17.0,SO,18.0,2,3,14.0,6.0,S. Skinner,2,1.0,8.0,47,35
2024020820,2025-01-30,20242025,REG,CBJ,VGK,0,13.0,OT,16.0,2,1,18.0,2.0,E. Merzlikins,2,0.0,5.0,24,26
2024020820,2025-01-30,20242025,REG,VGK,CBJ,1,11.0,OT,11.0,1,2,10.0,2.0,I. Samsonov,2,0.0,4.0,26,24
2024020821,2025-01-30,20242025,REG,SJS,SEA,0,14.0,REG,15.0,2,6,24.0,9.0,Y. Askarov,2,0.0,5.0,28,33
2024020821,2025-01-30,20242025,REG,SEA,SJS,1,18.0,REG,20.0,6,2,23.0,9.0,J. Daccord,2,1.0,4.0,33,28
2024020822,2025-01-31,20242025,REG,NSH,BUF,0,8.0,REG,16.0,3,4,25.0,4.0,J. Annunen,2,0.0,8.0,31,27
2024020822,2025-01-31,20242025,REG,BUF,NSH,1,16.0,REG,13.0,4,3,23.0,8.0,U. Luukkonen,2,0.0,4.0,27,31
2024020823,2025-01-31,20242025,REG,VAN,DAL,0,13.0,REG,12.0,3,5,30.0,4.0,T. Demko,2,1.0,1.0,29,16
2024020823,2025-01-31,20242025,REG,DAL,VAN,1,17.0,REG,14.0,5,3,24.0,10.0,J. Oettinger,2,1.0,5.0,16,29
2024020824,2025-01-31,20242025,REG,STL,COL,0,13.0,REG,13.0,0,5,37.0,8.0,J. Hofer,2,0.0,3.0,19,36
2024020824,2025-01-31,20242025,REG,COL,STL,1,11.0,REG,11.0,5,0,15.0,4.0,M. Blackwood,2,2.0,8.0,36,19
2024020825,2025-01-31,20242025,REG,CBJ,UTA,0,20.0,OT,6.0,3,2,19.0,6.0,D. Tarasov,2,0.0,7.0,23,34
2024020825,2025-01-31,20242025,REG,UTA,CBJ,1,17.0,OT,15.0,2,3,23.0,4.0,K. Vejmelka,2,1.0,8.0,34,23
2024020826,2025-02-01,20242025,REG,CHI,FLA,0,19.0,REG,10.0,1,5,15.0,10.0,P. Mrazek,2,0.0,5.0,25,44
2024020826,2025-02-01,20242025,REG,FLA,CHI,1,6.0,REG,6.0,5,1,31.0,8.0,S. Bobrovsky,2,1.0,3.0,44,25
2024020827,2025-02-01,20242025,REG,NYR,BOS,0,18.0,REG,21.0,3,6,39.0,6.0,I. Shesterkin,2,1.0,4.0,25,25
2024020827,2025-02-01,20242025,REG,BOS,NYR,1,13.0,REG,19.0,6,3,19.0,4.0,J. Swayman,2,2.0,5.0,25,25
2024020828,2025-02-01,20242025,REG,MIN,OTT,0,15.0,REG,19.0,0,6,26.0,31.0,F. Gustavsson,2,0.0,2.0,16,52
2024020828,2025-02-01,20242025,REG,OTT,MIN,1,15.0,REG,6.0,6,0,19.0,10.0,L. Meriläinen,2,3.0,3.0,52,16
2024020829,2025-02-01,20242025,REG,NYI,TBL,0,20.0,OT,9.0,3,2,25.0,11.0,I. Sorokin,2,0.0,4.0,36,31
2024020829,2025-02-01,20242025,REG,TBL,NYI,1,13.0,OT,13.0,2,3,25.0,9.0,A. Vasilevskiy,2,0.0,4.0,31,36
2024020830,2025-02-01,20242025,REG,NSH,PIT,0,15.0,REG,13.0,0,3,19.0,6.0,J. Saros,2,0.0,2.0,25,36
2024020830,2025-02-01,20242025,REG,PIT,NSH,1,13.0,REG,21.0,3,0,29.0,4.0,A. Nedeljkovic,2,0.0,5.0,36,25
2024020831,2025-02-01,20242025,REG,WPG,WSH,0,14.0,OT,11.0,5,4,9.0,4.0,C. Hellebuyck,2,1.0,4.0,30,29
2024020831,2025-02-01,20242025,REG,WSH,WPG,1,13.0,OT,21.0,4,5,24.0,6.0,L. Thompson,2,0.0,2.0,29,30
2024020832,2025-02-01,20242025,REG,LAK,CAR,0,16.0,REG,16.0,4,2,22.0,11.0,D. Kuemper,2,0.0,3.0,26,28
2024020832,2025-02-01,20242025,REG,CAR,LAK,1,10.0,REG,12.0,2,4,15.0,7.0,F. Andersen,2,0.0,7.0,28,26
2024020833,2025-02-01,20242025,REG,TOR,EDM,0,24.0,REG,11.0,4,3,17.0,6.0,J. Woll,2,2.0,7.0,28,48
2024020833,2025-02-01,20242025,REG,EDM,TOR,1,7.0,REG,12.0,3,4,17.0,6.0,S. Skinner,2,0.0,2.0,48,28
2024020834,2025-02-01,20242025,REG,DET,CGY,0,23.0,REG,15.0,3,1,17.0,4.0,C. Talbot,2,0.0,6.0,25,34
2024020834,2025-02-01,20242025,REG,CGY,DET,1,13.0,REG,10.0,1,3,24.0,0.0,D. Wolf,2,1.0,3.0,34,25
2024020835,2025-02-02,20242025,REG,NJD,BUF,0,12.0,REG,9.0,3,4,35.0,21.0,J. Allen,2,0.0,4.0,24,34
2024020835,2025-02-02,20242025,REG,BUF,NJD,1,20.0,REG,15.0,4,3,25.0,10.0,U. Luukkonen,2,0.0,3.0,34,24
2024020836,2025-02-02,20242025,REG,PHI,COL,0,18.0,REG,14.0,0,2,22.0,4.0,S. Ersson,2,0.0,3.0,24,32
2024020836,2025-02-02,20242025,REG,COL,PHI,1,12.0,REG,11.0,2,0,15.0,2.0,M. Blackwood,2,1.0,2.0,32,24
2024020837,2025-02-02,20242025,REG,MTL,ANA,0,20.0,REG,9.0,2,3,11.0,13.0,S. Montembeault,2,1.0,5.0,23,22
2024020837,2025-02-02,20242025,REG,ANA,MTL,1,14.0,REG,3.0,3,2,23.0,13.0,L. Dostal,2,0.0,5.0,22,23
2024020838,2025-02-02,20242025,REG,NYI,FLA,0,16.0,REG,14.0,3,6,12.0,6.0,J. Skarek,2,1.0,6.0,34,33
2024020838,2025-02-02,20242025,REG,FLA,NYI,1,12.0,REG,16.0,6,3,28.0,8.0,S. Knight,2,1.0,9.0,33,34
2024020839,2025-02-02,20242025,REG,VGK,NYR,0,11.0,REG,12.0,2,4,22.0,11.0,A. Hill,2,1.0,8.0,36,28
2024020839,2025-02-02,20242025,REG,NYR,VGK,1,15.0,REG,24.0,4,2,38.0,9.0,J. Quick,2,2.0,2.0,28,36
2024020840,2025-02-02,20242025,REG,CBJ,DAL,0,17.0,REG,15.0,3,5,31.0,6.0,E. Merzlikins,2,0.0,3.0,30,39
2024020840,2025-02-02,20242025,REG,DAL,CBJ,1,15.0,REG,17.0,5,3,22.0,6.0,C. DeSmith,2,1.0,3.0,39,30
2024020841,2025-02-02,20242025,REG,STL,UTA,0,8.0,REG,19.0,2,1,23.0,13.0,J. Binnington,2,0.0,8.0,29,25
2024020841,2025-02-02,20242025,REG,UTA,STL,1,9.0,REG,11.0,1,2,12.0,11.0,C. Ingram,2,0.0,2.0,25,29
2024020842,2025-02-02,20242025,REG,DET,VAN,0,19.0,OT,20.0,3,2,15.0,0.0,A. Lyon,2,0.0,3.0,18,27
2024020842,2025-02-02,20242025,REG,VAN,DET,1,17.0,OT,23.0,2,3,24.0,2.0,K. Lankinen,2,0.0,3.0,27,18
2024020843,2025-02-02,20242025,REG,CGY,SEA,0,21.0,REG,11.0,3,2,18.0,6.0,D. Vladar,2,2.0,5.0,35,31
2024020843,2025-02-02,20242025,REG,SEA,CGY,1,13.0,REG,15.0,2,3,24.0,10.0,J. Daccord,2,0.0,7.0,31,35
2024020844,2025-02-03,20242025,REG,OTT,NSH,0,11.0,REG,18.0,5,2,20.0,4.0,A. Forsberg,2,1.0,4.0,39,27
2024020844,2025-02-03,20242025,REG,NSH,OTT,1,8.0,REG,12.0,2,5,31.0,12.0,J. Saros,2,1.0,4.0,27,39
2024020845,2025-02-04,20242025,REG,MIN,BOS,0,15.0,REG,16.0,0,3,15.0,6.0,M. Fleury,2,0.0,2.0,36,35
2024020845,2025-02-04,20242025,REG,BOS,MIN,1,14.0,REG,12.0,3,0,14.0,8.0,J. Swayman,2,0.0,9.0,35,36
2024020846,2025-02-04,20242025,REG,CBJ,BUF,0,18.0,REG,17.0,2,3,18.0,7.0,E. Merzlikins,2,0.0,3.0,29,21
2024020846,2025-02-04,20242025,REG,BUF,CBJ,1,18.0,REG,22.0,3,2,24.0,7.0,J. Reimer,2,0.0,3.0,21,29
2024020847,2025-02-04,20242025,REG,OTT,TBL,0,16.0,REG,10.0,3,4,13.0,8.0,L. Ullmark,2,1.0,3.0,28,38
2024020847,2025-02-04,20242025,REG,TBL,OTT,1,10.0,REG,4.0,4,3,17.0,4.0,A. Vasilevskiy,2,1.0,5.0,38,28
2024020848,2025-02-04,20242025,REG,NJD,PIT,0,10.0,SO,16.0,3,2,21.0,10.0,N. Daws,2,0.0,5.0,21,27
2024020848,2025-02-04,20242025,REG,PIT,NJD,1,21.0,SO,18.0,2,3,19.0,10.0,A. Nedeljkovic,2,0.0,7.0,27,21
2024020849,2025-02-04,20242025,REG,FLA,WSH,0,14.0,REG,11.0,3,6,46.0,8.0,S. Bobrovsky,2,0.0,2.0,33,26
2024020849,2025-02-04,20242025,REG,WSH,FLA,1,19.0,REG,9.0,6,3,17.0,4.0,L. Thompson,2,0.0,1.0,26,33
2024020850,2025-02-04,20242025,REG,VGK,NYI,0,13.0,REG,15.0,1,2,21.0,2.0,I. Samsonov,2,0.0,2.0,34,14
2024020850,2025-02-04,20242025,REG,NYI,VGK,1,11.0,REG,19.0,2,1,26.0,2.0,I. Sorokin,2,0.0,8.0,14,34
2024020851,2025-02-04,20242025,REG,EDM,STL,0,13.0,OT,18.0,3,2,13.0,2.0,S. Skinner,2,1.0,6.0,39,22
2024020851,2025-02-04,20242025,REG,STL,EDM,1,14.0,OT,15.0,2,3,28.0,6.0,J. Binnington,2,1.0,6.0,22,39
2024020852,2025-02-04,20242025,REG,CAR,WPG,0,10.0,REG,15.0,0,3,13.0,6.0,P. Kochetkov,2,0.0,15.0,29,30
2024020852,2025-02-04,20242025,REG,WPG,CAR,1,22.0,REG,14.0,3,0,24.0,2.0,E. Comrie,2,2.0,5.0,30,29
2024020853,2025-02-04,20242025,REG,TOR,CGY,0,23.0,REG,26.0,6,3,20.0,10.0,J. Woll,2,2.0,4.0,30,26
2024020853,2025-02-04,20242025,REG,CGY,TOR,1,14.0,REG,17.0,3,6,22.0,8.0,D. Wolf,2,2.0,6.0,26,30
2024020854,2025-02-04,20242025,REG,PHI,UTA,0,19.0,OT,17.0,2,3,24.0,11.0,S. Ersson,2,0.0,5.0,20,42
2024020854,2025-02-04,20242025,REG,UTA,PHI,1,13.0,OT,16.0,3,2,29.0,7.0,K. Vejmelka,2,0.0,5.0,42,20
2024020855,2025-02-04,20242025,REG,COL,VAN,0,14.0,REG,10.0,0,3,23.0,31.0,M. Blackwood,2,0.0,4.0,25,31
2024020855,2025-02-04,20242025,REG,VAN,COL,1,12.0,REG,8.0,3,0,25.0,13.0,T. Demko,2,1.0,6.0,31,25
2024020856,2025-02-04,20242025,REG,DAL,ANA,0,12.0,REG,14.0,1,2,28.0,6.0,J. Oettinger,2,0.0,3.0,27,28
2024020856,2025-02-04,20242025,REG,ANA,DAL,1,16.0,REG,10.0,2,1,41.0,2.0,J. Gibson,2,0.0,6.0,28,27
2024020857,2025-02-04,20242025,REG,DET,SEA,0,15.0,SO,12.0,5,4,15.0,2.0,C. Talbot,2,2.0,3.0,40,27
2024020857,2025-02-04,20242025,REG,SEA,DET,1,14.0,SO,11.0,4,5,27.0,8.0,J. Daccord,2,0.0,3.0,27,40
2024020858,2025-02-04,20242025,REG,MTL,SJS,0,21.0,REG,12.0,4,3,29.0,8.0,S. Montembeault,2,2.0,5.0,20,30
2024020858,2025-02-04,20242025,REG,SJS,MTL,1,23.0,REG,14.0,3,4,17.0,8.0,A. Georgiev,2,2.0,2.0,30,20
2024020859,2025-02-05,20242025,REG,BOS,NYR,0,9.0,REG,23.0,2,3,17.0,6.0,J. Korpisalo,2,0.0,4.0,17,22
2024020859,2025-02-05,20242025,REG,NYR,BOS,1,22.0,REG,14.0,3,2,32.0,6.0,I. Shesterkin,2,0.0,2.0,22,17
2024020860,2025-02-05,20242025,REG,EDM,CHI,0,17.0,OT,12.0,4,3,7.0,2.0,C. Pickard,2,1.0,4.0,38,32
2024020860,2025-02-05,20242025,REG,CHI,EDM,1,8.0,OT,16.0,3,4,18.0,6.0,A. Soderblom,2,1.0,5.0,32,38
2024020861,2025-02-05,20242025,REG,MTL,LAK,0,17.0,REG,11.0,3,6,22.0,4.0,J. Dobes,2,0.0,5.0,21,37
2024020861,2025-02-05,20242025,REG,LAK,MTL,1,12.0,REG,12.0,6,3,11.0,4.0,D. Kuemper,2,0.0,1.0,37,21
2024020862,2025-02-06,20242025,REG,OTT,TBL,0,18.0,REG,16.0,1,5,24.0,6.0,A. Forsberg,2,0.0,5.0,28,31
2024020862,2025-02-06,20242025,REG,TBL,OTT,1,18.0,REG,11.0,5,1,16.0,2.0,A. Vasilevskiy,2,1.0,4.0,31,28
2024020863,2025-02-06,20242025,REG,VGK,NJD,0,7.0,REG,16.0,3,1,10.0,2.0,A. Hill,2,0.0,5.0,40,15
2024020863,2025-02-06,20242025,REG,NJD,VGK,1,13.0,REG,13.0,1,3,22.0,10.0,J. Allen,2,1.0,0.0,15,40
2024020864,2025-02-06,20242025,REG,WSH,PHI,0,13.0,REG,14.0,4,3,9.0,4.0,C. Lindgren,2,0.0,2.0,18,22
2024020864,2025-02-06,20242025,REG,PHI,WSH,1,10.0,REG,16.0,3,4,25.0,4.0,I. Fedotov,2,1.0,4.0,22,18
2024020865,2025-02-06,20242025,REG,UTA,CBJ,0,14.0,OT,19.0,3,2,20.0,9.0,C. Ingram,2,0.0,3.0,33,22
2024020865,2025-02-06,20242025,REG,CBJ,UTA,1,16.0,OT,22.0,2,3,19.0,11.0,E. Merzlikins,2,0.0,3.0,22,33
2024020866,2025-02-06,20242025,REG,FLA,STL,0,8.0,REG,13.0,3,2,29.0,9.0,S. Knight,2,1.0,7.0,34,22
2024020866,2025-02-06,20242025,REG,STL,FLA,1,9.0,REG,25.0,2,3,26.0,7.0,J. Hofer,2,1.0,8.0,22,34
2024020867,2025-02-06,20242025,REG,CAR,MIN,0,11.0,REG,15.0,1,2,8.0,6.0,F. Andersen,2,0.0,5.0,38,24
2024020867,2025-02-06,20242025,REG,MIN,CAR,1,23.0,REG,7.0,2,1,19.0,4.0,F. Gustavsson,2,0.0,2.0,24,38
2024020868,2025-02-06,20242025,REG,COL,CGY,0,11.0,REG,17.0,4,2,13.0,15.0,M. Blackwood,2,1.0,11.0,34,29
2024020868,2025-02-06,20242025,REG,CGY,COL,1,18.0,REG,19.0,2,4,22.0,11.0,D. Wolf,2,1.0,4.0,29,34
2024020869,2025-02-06,20242025,REG,TOR,SEA,0,19.0,REG,14.0,3,1,14.0,13.0,A. Stolarz,2,1.0,1.0,30,27
2024020869,2025-02-06,20242025,REG,SEA,TOR,1,11.0,REG,14.0,1,3,15.0,11.0,J. Daccord,2,0.0,4.0,27,30
2024020870,2025-02-06,20242025,REG,VAN,SJS,0,11.0,OT,14.0,2,1,18.0,4.0,T. Demko,2,1.0,4.0,24,34
2024020870,2025-02-06,20242025,REG,SJS,VAN,1,24.0,OT,14.0,1,2,26.0,8.0,V. Vanecek,2,0.0,2.0,34,24
2024020871,2025-02-07,20242025,REG,PIT,NYR,0,22.0,REG,18.0,3,2,20.0,4.0,A. Nedeljkovic,2,1.0,2.0,26,24
2024020871,2025-02-07,20242025,REG,NYR,PIT,1,15.0,REG,17.0,2,3,24.0,4.0,I. Shesterkin,2,0.0,1.0,24,26
2024020872,2025-02-07,20242025,REG,NYI,WPG,0,15.0,REG,15.0,3,4,14.0,4.0,I. Sorokin,2,0.0,6.0,35,27
2024020872,2025-02-07,20242025,REG,WPG,NYI,1,18.0,REG,10.0,4,3,19.0,6.0,C. Hellebuyck,2,0.0,8.0,27,35
2024020873,2025-02-07,20242025,REG,NSH,CHI,0,9.0,REG,13.0,2,6,27.0,11.0,J. Saros,2,0.0,2.0,33,30
2024020873,2025-02-07,20242025,REG,CHI,NSH,1,15.0,REG,8.0,6,2,20.0,11.0,P. Mrazek,2,2.0,3.0,30,33
2024020874,2025-02-07,20242025,REG,COL,EDM,0,19.0,REG,11.0,5,4,15.0,10.0,M. Blackwood,2,1.0,3.0,31,27
2024020874,2025-02-07,20242025,REG,EDM,COL,1,12.0,REG,17.0,4,5,9.0,12.0,S. Skinner,2,2.0,1.0,27,31
2024020875,2025-02-07,20242025,REG,DAL,LAK,0,22.0,SO,19.0,4,5,19.0,9.0,J. Oettinger,2,0.0,4.0,30,37
2024020875,2025-02-07,20242025,REG,LAK,DAL,1,20.0,SO,11.0,5,4,13.0,9.0,D. Rittich,2,0.0,7.0,37,30
2024020876,2025-02-08,20242025,REG,NJD,MTL,0,14.0,REG,17.0,4,0,20.0,4.0,J. Allen,2,0.0,6.0,22,34
2024020876,2025-02-08,20242025,REG,MTL,NJD,1,12.0,REG,12.0,0,4,26.0,4.0,S. Montembeault,2,0.0,4.0,34,22
2024020877,2025-02-08,20242025,REG,TBL,DET,0,19.0,REG,16.0,6,3,28.0,4.0,A. Vasilevskiy,2,0.0,3.0,18,37
2024020877,2025-02-08,20242025,REG,DET,TBL,1,10.0,REG,14.0,3,6,32.0,10.0,A. Lyon,2,1.0,9.0,37,18
2024020878,2025-02-08,20242025,REG,UTA,CAR,0,10.0,REG,17.0,3,7,21.0,4.0,K. Vejmelka,2,2.0,2.0,39,38
2024020878,2025-02-08,20242025,REG,CAR,UTA,1,14.0,REG,20.0,7,3,16.0,10.0,P. Kochetkov,2,1.0,3.0,38,39
2024020879,2025-02-08,20242025,REG,VGK,BOS,0,13.0,REG,19.0,4,3,6.0,9.0,I. Samsonov,2,2.0,3.0,38,24
2024020879,2025-02-08,20242025,REG,BOS,VGK,1,17.0,REG,15.0,3,4,21.0,15.0,J. Swayman,2,0.0,8.0,24,38
2024020880,2025-02-08,20242025,REG,OTT,FLA,0,14.0,REG,11.0,1,5,21.0,10.0,L. Ullmark,2,1.0,3.0,27,48
2024020880,2025-02-08,20242025,REG,FLA,OTT,1,8.0,REG,12.0,5,1,30.0,6.0,S. Bobrovsky,2,1.0,4.0,48,27
2024020881,2025-02-08,20242025,REG,PIT,PHI,0,16.0,REG,13.0,2,3,15.0,2.0,J. Blomqvist,2,0.0,10.0,33,20
2024020881,2025-02-08,20242025,REG,PHI,PIT,1,34.0,REG,21.0,3,2,18.0,4.0,S. Ersson,2,0.0,8.0,20,33
2024020882,2025-02-08,20242025,REG,NYR,CBJ,0,17.0,REG,17.0,4,3,24.0,2.0,J. Quick,2,0.0,5.0,40,25
2024020882,2025-02-08,20242025,REG,CBJ,NYR,1,16.0,REG,18.0,3,4,18.0,2.0,E. Merzlikins,2,0.0,1.0,25,40
2024020883,2025-02-08,20242025,REG,CHI,STL,0,14.0,SO,24.0,5,6,12.0,4.0,A. Soderblom,2,0.0,7.0,21,40
2024020883,2025-02-08,20242025,REG,STL,CHI,1,14.0,SO,12.0,6,5,27.0,0.0,J. Binnington,2,0.0,3.0,40,21
2024020884,2025-02-08,20242025,REG,TOR,VAN,0,11.0,REG,11.0,1,2,19.0,4.0,J. Woll,2,0.0,3.0,28,25
2024020884,2025-02-08,20242025,REG,VAN,TOR,1,15.0,REG,12.0,2,1,22.0,4.0,T. Demko,2,1.0,6.0,25,28
2024020885,2025-02-08,20242025,REG,BUF,NSH,0,14.0,REG,19.0,4,6,22.0,6.0,U. Luukkonen,2,1.0,6.0,29,23
2024020885,2025-02-08,20242025,REG,NSH,BUF,1,26.0,REG,16.0,6,4,33.0,6.0,J. Annunen,2,1.0,2.0,23,29
2024020886,2025-02-08,20242025,REG,NYI,MIN,0,21.0,REG,14.0,3,6,17.0,4.0,I. Sorokin,2,0.0,3.0,35,33
2024020886,2025-02-08,20242025,REG,MIN,NYI,1,12.0,REG,13.0,6,3,13.0,4.0,F. Gustavsson,2,1.0,3.0,33,35
2024020887,2025-02-08,20242025,REG,SEA,CGY,0,24.0,OT,9.0,3,2,23.0,6.0,J. Daccord,2,1.0,7.0,28,29
2024020887,2025-02-08,20242025,REG,CGY,SEA,1,17.0,OT,14.0,2,3,17.0,10.0,D. Wolf,2,0.0,2.0,29,28
2024020888,2025-02-08,20242025,REG,ANA,LAK,0,15.0,SO,16.0,2,1,18.0,6.0,L. Dostal,2,0.0,5.0,26,45
2024020888,2025-02-08,20242025,REG,LAK,ANA,1,21.0,SO,14.0,1,2,14.0,4.0,D. Rittich,2,0.0,4.0,45,26
2024020889,2025-02-08,20242025,REG,DAL,SJS,0,19.0,REG,12.0,8,3,10.0,4.0,C. DeSmith,2,1.0,2.0,34,27
2024020889,2025-02-08,20242025,REG,SJS,DAL,1,14.0,REG,18.0,3,8,27.0,4.0,V. Vanecek,2,0.0,2.0,27,34
2024020890,2025-02-09,20242025,REG,UTA,WSH,0,13.0,SO,17.0,5,4,13.0,4.0,C. Ingram,2,1.0,2.0,27,42
2024020890,2025-02-09,20242025,REG,WSH,UTA,1,13.0,SO,12.0,4,5,13.0,2.0,L. Thompson,2,2.0,2.0,42,27
2024020891,2025-02-09,20242025,REG,TBL,MTL,0,25.0,REG,14.0,5,3,26.0,6.0,A. Vasilevskiy,2,1.0,7.0,21,35
2024020891,2025-02-09,20242025,REG,MTL,TBL,1,16.0,REG,19.0,3,5,29.0,4.0,J. Dobes,2,1.0,11.0,35,21
2024020892,2025-02-22,20242025,REG,EDM,PHI,0,7.0,REG,19.0,3,6,18.0,4.0,S. Skinner,2,0.0,10.0,18,32
2024020892,2025-02-22,20242025,REG,PHI,EDM,1,12.0,REG,16.0,6,3,18.0,2.0,S. Ersson,2,1.0,4.0,32,18
2024020893,2025-02-22,20242025,REG,WSH,PIT,0,23.0,REG,12.0,8,3,21.0,6.0,L. Thompson,2,1.0,4.0,30,32
2024020893,2025-02-22,20242025,REG,PIT,WSH,1,17.0,REG,9.0,3,8,15.0,10.0,A. Nedeljkovic,2,1.0,2.0,32,30
2024020894,2025-02-22,20242025,REG,MIN,DET,0,13.0,OT,16.0,4,3,21.0,12.0,M. Fleury,2,1.0,3.0,39,30
2024020894,2025-02-22,20242025,REG,DET,MIN,1,18.0,OT,16.0,3,4,22.0,10.0,C. Talbot,2,2.0,4.0,30,39
2024020895,2025-02-22,20242025,REG,NYR,BUF,0,11.0,REG,11.0,2,8,28.0,6.0,I. Shesterkin,2,1.0,8.0,28,33
2024020895,2025-02-22,20242025,REG,BUF,NYR,1,19.0,REG,14.0,8,2,29.0,8.0,U. Luukkonen,2,1.0,4.0,33,28
2024020896,2025-02-22,20242025,REG,SEA,FLA,0,14.0,REG,15.0,2,1,16.0,2.0,J. Daccord,2,1.0,5.0,22,27
2024020896,2025-02-22,20242025,REG,FLA,SEA,1,7.0,REG,11.0,1,2,27.0,2.0,S. Bobrovsky,2,0.0,7.0,27,22
2024020897,2025-02-22,20242025,REG,DAL,NJD,0,21.0,REG,16.0,4,2,13.0,8.0,C. DeSmith,2,1.0,2.0,26,33
2024020897,2025-02-22,20242025,REG,NJD,DAL,1,13.0,REG,10.0,2,4,30.0,6.0,J. Allen,2,1.0,3.0,33,26
2024020898,2025-02-22,20242025,REG,COL,NSH,0,10.0,REG,20.0,1,2,24.0,4.0,S. Wedgewood,2,0.0,7.0,32,17
2024020898,2025-02-22,20242025,REG,NSH,COL,1,21.0,REG,12.0,2,1,15.0,2.0,J. Saros,2,0.0,9.0,17,32
2024020899,2025-02-22,20242025,REG,ANA,BOS,0,19.0,OT,16.0,3,2,16.0,8.0,J. Gibson,2,0.0,5.0,29,30
2024020899,2025-02-22,20242025,REG,BOS,ANA,1,12.0,OT,19.0,2,3,25.0,4.0,J. Swayman,2,1.0,4.0,30,29
2024020900,2025-02-22,20242025,REG,CAR,TOR,0,4.0,REG,17.0,3,6,23.0,6.0,P. Kochetkov,2,0.0,6.0,35,23
2024020900,2025-02-22,20242025,REG,TOR,CAR,1,21.0,REG,12.0,6,3,24.0,6.0,A. Stolarz,2,0.0,6.0,23,35
2024020901,2025-02-22,20242025,REG,MTL,OTT,0,11.0,REG,12.0,5,2,39.0,13.0,S. Montembeault,2,1.0,5.0,25,27
2024020901,2025-02-22,20242025,REG,OTT,MTL,1,17.0,REG,12.0,2,5,40.0,9.0,L. Ullmark,2,1.0,5.0,27,25
2024020902,2025-02-22,20242025,REG,CHI,CBJ,0,8.0,REG,18.0,1,5,14.0,7.0,P. Mrazek,2,1.0,6.0,28,21
2024020902,2025-02-22,20242025,REG,CBJ,CHI,1,13.0,REG,12.0,5,1,39.0,13.0,E. Merzlikins,2,1.0,6.0,21,28
2024020903,2025-02-22,20242025,REG,WPG,STL,0,14.0,SO,16.0,4,3,24.0,10.0,E. Comrie,2,0.0,2.0,28,24
2024020903,2025-02-22,20242025,REG,STL,WPG,1,13.0,SO,16.0,3,4,34.0,6.0,J. Hofer,2,1.0,4.0,24,28
2024020904,2025-02-22,20242025,REG,UTA,LAK,0,20.0,REG,22.0,3,5,20.0,2.0,C. Ingram,2,2.0,3.0,28,26
2024020904,2025-02-22,20242025,REG,LAK,UTA,1,23.0,REG,13.0,5,3,24.0,4.0,D. Kuemper,2,1.0,1.0,26,28
2024020905,2025-02-22,20242025,REG,VAN,VGK,0,17.0,REG,10.0,1,3,34.0,6.0,K. Lankinen,2,0.0,5.0,34,35
2024020905,2025-02-22,20242025,REG,VGK,VAN,1,19.0,REG,16.0,3,1,10.0,8.0,A. Hill,2,0.0,3.0,35,34
2024020906,2025-02-23,20242025,REG,EDM,WSH,0,14.0,REG,10.0,3,7,16.0,4.0,C. Pickard,2,1.0,9.0,25,35
2024020906,2025-02-23,20242025,REG,WSH,EDM,1,9.0,REG,15.0,7,3,15.0,6.0,C. Lindgren,2,2.0,4.0,35,25
2024020907,2025-02-23,20242025,REG,NYR,PIT,0,18.0,REG,15.0,5,3,29.0,6.0,I. Shesterkin,2,1.0,3.0,16,40
2024020907,2025-02-23,20242025,REG,PIT,NYR,1,13.0,REG,18.0,3,5,11.0,2.0,J. Blomqvist,2,0.0,9.0,40,16
2024020908,2025-02-23,20242025,REG,ANA,DET,0,12.0,OT,16.0,4,5,37.0,12.0,L. Dostal,2,0.0,4.0,28,36
2024020908,2025-02-23,20242025,REG,DET,ANA,1,12.0,OT,18.0,5,4,28.0,6.0,A. Lyon,2,3.0,3.0,36,28
2024020909,2025-02-23,20242025,REG,SEA,TBL,0,8.0,REG,12.0,1,4,25.0,0.0,A. Stezka,2,0.0,6.0,37,24
2024020909,2025-02-23,20242025,REG,TBL,SEA,1,12.0,REG,13.0,4,1,29.0,2.0,A. Vasilevskiy,2,0.0,8.0,24,37
2024020910,2025-02-23,20242025,REG,COL,STL,0,11.0,REG,7.0,1,3,18.0,7.0,M. Blackwood,2,0.0,6.0,29,25
2024020910,2025-02-23,20242025,REG,STL,COL,1,15.0,REG,11.0,3,1,20.0,9.0,J. Binnington,2,0.0,4.0,25,29
2024020911,2025-02-23,20242025,REG,NJD,NSH,0,25.0,REG,18.0,5,0,39.0,8.0,N. Daws,2,1.0,6.0,36,29
2024020911,2025-02-23,20242025,REG,NSH,NJD,1,6.0,REG,10.0,0,5,21.0,2.0,J. Annunen,2,0.0,3.0,29,36
2024020912,2025-02-23,20242025,REG,TOR,CHI,0,18.0,REG,14.0,5,2,19.0,2.0,J. Woll,2,1.0,6.0,30,27
2024020912,2025-02-23,20242025,REG,CHI,TOR,1,15.0,REG,11.0,2,5,16.0,4.0,A. Soderblom,2,1.0,3.0,27,30
2024020913,2025-02-23,20242025,REG,DAL,NYI,0,12.0,REG,19.0,4,3,10.0,19.0,J. Oettinger,2,2.0,7.0,29,37
2024020913,2025-02-23,20242025,REG,NYI,DAL,1,16.0,REG,10.0,3,4,28.0,22.0,I. Sorokin,2,0.0,9.0,37,29
2024020914,2025-02-23,20242025,REG,SJS,CGY,0,23.0,REG,12.0,2,3,22.0,24.0,A. Georgiev,2,0.0,5.0,29,36
2024020914,2025-02-23,20242025,REG,CGY,SJS,1,20.0,REG,17.0,3,2,23.0,8.0,D. Wolf,2,1.0,4.0,36,29
2024020915,2025-02-23,20242025,REG,VAN,UTA,0,12.0,REG,14.0,1,2,25.0,10.0,A. Silovs,2,1.0,0.0,16,32
2024020915,2025-02-23,20242025,REG,UTA,VAN,1,20.0,REG,18.0,2,1,19.0,10.0,K. Vejmelka,2,1.0,3.0,32,16
2024020916,2025-02-24,20242025,REG,SJS,WPG,0,21.0,OT,7.0,1,2,22.0,6.0,V. Vanecek,2,1.0,3.0,18,35
2024020916,2025-02-24,20242025,REG,WPG,SJS,1,9.0,OT,7.0,2,1,19.0,8.0,C. Hellebuyck,2,0.0,3.0,35,18
2024020917,2025-02-24,20242025,REG,VGK,LAK,0,15.0,REG,12.0,2,5,23.0,8.0,I. Samsonov,2,0.0,3.0,23,19
2024020917,2025-02-24,20242025,REG,LAK,VGK,1,19.0,REG,10.0,5,2,17.0,6.0,D. Kuemper,2,1.0,3.0,19,23
2024020918,2025-02-25,20242025,REG,TOR,BOS,0,11.0,OT,18.0,5,4,30.0,12.0,A. Stolarz,2,1.0,9.0,29,36
2024020918,2025-02-25,20242025,REG,BOS,TOR,1,13.0,OT,22.0,4,5,20.0,6.0,J. Swayman,2,2.0,5.0,36,29
2024020919,2025-02-25,20242025,REG,ANA,BUF,0,18.0,REG,15.0,2,3,26.0,15.0,L. Dostal,2,2.0,2.0,18,37
2024020919,2025-02-25,20242025,REG,BUF,ANA,1,11.0,REG,12.0,3,2,33.0,15.0,U. Luukkonen,2,0.0,3.0,37,18
2024020920,2025-02-25,20242025,REG,CAR,MTL,0,11.0,REG,15.0,0,4,21.0,10.0,F. Andersen,2,0.0,5.0,20,18
2024020920,2025-02-25,20242025,REG,MTL,CAR,1,21.0,REG,21.0,4,0,27.0,6.0,S. Montembeault,2,2.0,3.0,18,20
2024020921,2025-02-25,20242025,REG,EDM,TBL,0,16.0,REG,17.0,1,4,30.0,6.0,S. Skinner,2,1.0,10.0,24,36
2024020921,2025-02-25,20242025,REG,TBL,EDM,1,9.0,REG,11.0,4,1,25.0,2.0,A. Vasilevskiy,2,1.0,3.0,36,24
2024020922,2025-02-25,20242025,REG,PIT,PHI,0,9.0,REG,20.0,1,6,19.0,6.0,A. Nedeljkovic,2,0.0,4.0,24,38
2024020922,2025-02-25,20242025,REG,PHI,PIT,1,15.0,REG,14.0,6,1,14.0,4.0,S. Ersson,2,0.0,4.0,38,24
2024020923,2025-02-25,20242025,REG,CGY,WSH,0,29.0,REG,14.0,3,1,27.0,8.0,D. Vladar,2,0.0,3.0,25,27
2024020923,2025-02-25,20242025,REG,WSH,CGY,1,15.0,REG,18.0,1,3,20.0,6.0,L. Thompson,2,1.0,2.0,27,25
2024020924,2025-02-25,20242025,REG,DAL,CBJ,0,13.0,REG,16.0,4,6,10.0,4.0,J. Oettinger,2,0.0,3.0,22,29
2024020924,2025-02-25,20242025,REG,CBJ,DAL,1,24.0,REG,15.0,6,4,21.0,6.0,E. Merzlikins,2,0.0,3.0,29,22
2024020925,2025-02-25,20242025,REG,NYR,NYI,0,19.0,REG,13.0,5,1,47.0,2.0,I. Shesterkin,2,0.0,7.0,18,37
2024020925,2025-02-25,20242025,REG,NYI,NYR,1,12.0,REG,8.0,1,5,33.0,2.0,I. Sorokin,2,0.0,0.0,37,18
2024020926,2025-02-25,20242025,REG,SEA,STL,0,11.0,REG,11.0,2,7,18.0,4.0,J. Daccord,2,0.0,5.0,27,27
2024020926,2025-02-25,20242025,REG,STL,SEA,1,11.0,REG,18.0,7,2,18.0,4.0,J. Binnington,2,1.0,6.0,27,27
2024020927,2025-02-25,20242025,REG,FLA,NSH,0,8.0,REG,20.0,4,1,14.0,16.0,S. Knight,2,1.0,8.0,25,18
2024020927,2025-02-25,20242025,REG,NSH,FLA,1,21.0,REG,21.0,1,4,19.0,22.0,J. Saros,2,0.0,3.0,18,25
2024020928,2025-02-25,20242025,REG,DET,MIN,0,16.0,REG,18.0,3,2,25.0,6.0,C. Talbot,2,0.0,2.0,16,24
2024020928,2025-02-25,20242025,REG,MIN,DET,1,13.0,REG,16.0,2,3,21.0,4.0,F. Gustavsson,2,1.0,2.0,24,16
2024020929,2025-02-25,20242025,REG,CHI,UTA,0,19.0,REG,19.0,1,2,28.0,12.0,A. Soderblom,2,1.0,1.0,22,37
2024020929,2025-02-25,20242025,REG,UTA,CHI,1,9.0,REG,16.0,2,1,24.0,6.0,K. Vejmelka,2,0.0,5.0,37,22
2024020930,2025-02-26,20242025,REG,WPG,OTT,0,14.0,REG,4.0,4,1,19.0,11.0,C. Hellebuyck,2,0.0,0.0,39,24
2024020930,2025-02-26,20242025,REG,OTT,WPG,1,14.0,REG,8.0,1,4,29.0,15.0,L. Ullmark,2,0.0,1.0,24,39
2024020931,2025-02-26,20242025,REG,NJD,COL,0,12.0,REG,18.0,1,5,22.0,8.0,J. Allen,2,0.0,3.0,23,37
2024020931,2025-02-26,20242025,REG,COL,NJD,1,15.0,REG,22.0,5,1,16.0,2.0,M. Blackwood,2,2.0,5.0,37,23
2024020932,2025-02-26,20242025,REG,VAN,LAK,0,17.0,OT,23.0,3,2,28.0,6.0,K. Lankinen,2,1.0,8.0,17,26
2024020932,2025-02-26,20242025,REG,LAK,VAN,1,10.0,OT,16.0,2,3,27.0,4.0,D. Rittich,2,0.0,2.0,26,17
2024020933,2025-02-27,20242025,REG,NYI,BOS,0,25.0,REG,22.0,2,1,20.0,6.0,I. Sorokin,2,0.0,6.0,20,39
2024020933,2025-02-27,20242025,REG,BOS,NYI,1,18.0,REG,14.0,1,2,33.0,4.0,J. Swayman,2,0.0,2.0,39,20
2024020934,2025-02-27,20242025,REG,SJS,MTL,0,21.0,OT,23.0,3,4,33.0,9.0,A. Georgiev,2,0.0,6.0,26,33
2024020934,2025-02-27,20242025,REG,MTL,SJS,1,20.0,OT,21.0,4,3,39.0,5.0,S. Montembeault,2,0.0,5.0,33,26
2024020935,2025-02-27,20242025,REG,CBJ,DET,0,10.0,REG,14.0,5,2,16.0,6.0,D. Tarasov,2,0.0,2.0,30,31
2024020935,2025-02-27,20242025,REG,DET,CBJ,1,9.0,REG,13.0,2,5,14.0,4.0,C. Talbot,2,1.0,4.0,31,30
2024020936,2025-02-27,20242025,REG,CGY,TBL,0,17.0,REG,17.0,0,3,27.0,8.0,D. Wolf,2,0.0,3.0,28,22
2024020936,2025-02-27,20242025,REG,TBL,CGY,1,13.0,REG,21.0,3,0,14.0,18.0,A. Vasilevskiy,2,1.0,2.0,22,28
2024020937,2025-02-27,20242025,REG,EDM,FLA,0,21.0,REG,10.0,3,4,15.0,17.0,S. Skinner,2,0.0,3.0,27,36
2024020937,2025-02-27,20242025,REG,FLA,EDM,1,17.0,REG,11.0,4,3,26.0,9.0,S. Bobrovsky,2,0.0,5.0,36,27
2024020938,2025-02-27,20242025,REG,PHI,PIT,0,15.0,OT,20.0,4,5,20.0,2.0,S. Ersson,2,1.0,10.0,37,25
2024020938,2025-02-27,20242025,REG,PIT,PHI,1,10.0,OT,21.0,5,4,36.0,4.0,A. Nedeljkovic,2,0.0,3.0,25,37
2024020939,2025-02-27,20242025,REG,STL,WSH,0,17.0,REG,8.0,5,2,20.0,4.0,J. Hofer,2,0.0,3.0,19,18
2024020939,2025-02-27,20242025,REG,WSH,STL,1,10.0,REG,12.0,2,5,18.0,2.0,C. Lindgren,2,0.0,4.0,18,19
2024020940,2025-02-27,20242025,REG,BUF,CAR,0,18.0,REG,18.0,2,5,20.0,9.0,U. Luukkonen,2,1.0,5.0,15,37
2024020940,2025-02-27,20242025,REG,CAR,BUF,1,8.0,REG,17.0,5,2,19.0,9.0,P. Kochetkov,2,1.0,6.0,37,15
2024020941,2025-02-27,20242025,REG,WPG,NSH,0,10.0,REG,11.0,1,2,24.0,6.0,E. Comrie,2,0.0,5.0,23,31
2024020941,2025-02-27,20242025,REG,NSH,WPG,1,17.0,REG,14.0,2,1,26.0,8.0,J. Saros,2,1.0,3.0,31,23
2024020942,2025-02-27,20242025,REG,MIN,UTA,0,21.0,REG,14.0,1,6,31.0,13.0,M. Fleury,2,0.0,4.0,16,31
2024020942,2025-02-27,20242025,REG,UTA,MIN,1,11.0,REG,9.0,6,1,21.0,9.0,K. Vejmelka,2,2.0,6.0,31,16
2024020943,2025-02-27,20242025,REG,CHI,VGK,0,16.0,REG,16.0,5,7,20.0,6.0,P. Mrazek,2,0.0,1.0,22,33
2024020943,2025-02-27,20242025,REG,VGK,CHI,1,14.0,REG,19.0,7,5,17.0,0.0,I. Samsonov,2,2.0,3.0,33,22
2024020944,2025-02-27,20242025,REG,VAN,ANA,0,17.0,REG,14.0,2,5,19.0,6.0,A. Silovs,2,0.0,1.0,24,25
2024020944,2025-02-27,20242025,REG,ANA,VAN,1,13.0,REG,16.0,5,2,15.0,6.0,L. Dostal,2,0.0,2.0,25,24
2024020945,2025-02-28,20242025,REG,TOR,NYR,0,25.0,REG,25.0,3,2,21.0,6.0,A. Stolarz,2,1.0,4.0,16,35
2024020945,2025-02-28,20242025,REG,NYR,TOR,1,9.0,REG,17.0,2,3,21.0,6.0,I. Shesterkin,2,0.0,4.0,35,16
2024020946,2025-02-28,20242025,REG,LAK,DAL,0,15.0,REG,21.0,2,6,28.0,6.0,D. Kuemper,2,0.0,10.0,31,31
2024020946,2025-02-28,20242025,REG,DAL,LAK,1,16.0,REG,8.0,6,2,15.0,8.0,J. Oettinger,2,2.0,3.0,31,31
2024020947,2025-02-28,20242025,REG,MIN,COL,0,23.0,REG,29.0,2,5,14.0,6.0,F. Gustavsson,2,1.0,7.0,20,30
2024020947,2025-02-28,20242025,REG,COL,MIN,1,19.0,REG,24.0,5,2,15.0,6.0,M. Blackwood,2,2.0,4.0,30,20
2024020948,2025-03-01,20242025,REG,DET,CBJ,0,14.0,REG,16.0,3,5,31.0,2.0,C. Talbot,2,1.0,5.0,46,21
2024020948,2025-03-01,20242025,REG,CBJ,DET,1,22.0,REG,20.0,5,3,25.0,4.0,E. Merzlikins,2,1.0,7.0,21,46
2024020949,2025-03-01,20242025,REG,NSH,NYI,0,14.0,REG,9.0,4,7,10.0,6.0,J. Saros,2,0.0,4.0,29,35
2024020949,2025-03-01,20242025,REG,NYI,NSH,1,7.0,REG,9.0,7,4,18.0,6.0,I. Sorokin,2,1.0,3.0,35,29
2024020950,2025-03-01,20242025,REG,TBL,WSH,0,19.0,REG,10.0,3,1,11.0,8.0,A. Vasilevskiy,2,1.0,4.0,19,21
2024020950,2025-03-01,20242025,REG,WSH,TBL,1,7.0,REG,16.0,1,3,14.0,8.0,L. Thompson,2,0.0,5.0,21,19
2024020951,2025-03-01,20242025,REG,CGY,FLA,0,21.0,REG,11.0,0,3,29.0,12.0,D. Vladar,2,0.0,3.0,23,42
2024020951,2025-03-01,20242025,REG,FLA,CGY,1,8.0,REG,18.0,3,0,17.0,12.0,S. Bobrovsky,2,0.0,2.0,42,23
2024020952,2025-03-01,20242025,REG,BOS,PIT,0,21.0,REG,16.0,3,2,18.0,16.0,J. Korpisalo,2,1.0,3.0,26,33
2024020952,2025-03-01,20242025,REG,PIT,BOS,1,7.0,REG,27.0,2,3,27.0,6.0,A. Nedeljkovic,2,1.0,2.0,33,26
2024020953,2025-03-01,20242025,REG,MTL,BUF,0,28.0,REG,19.0,4,2,27.0,10.0,J. Dobes,2,1.0,6.0,29,25
2024020953,2025-03-01,20242025,REG,BUF,MTL,1,17.0,REG,27.0,2,4,28.0,24.0,U. Luukkonen,2,0.0,5.0,25,29
2024020954,2025-03-01,20242025,REG,SJS,OTT,0,17.0,REG,10.0,3,5,21.0,10.0,V. Vanecek,2,3.0,3.0,37,32
2024020954,2025-03-01,20242025,REG,OTT,SJS,1,16.0,REG,12.0,5,3,20.0,10.0,L. Ullmark,2,1.0,6.0,32,37
2024020955,2025-03-01,20242025,REG,EDM,CAR,0,15.0,REG,24.0,3,1,12.0,8.0,C. Pickard,2,1.0,4.0,31,36
2024020955,2025-03-01,20242025,REG,CAR,EDM,1,14.0,REG,20.0,1,3,14.0,4.0,F. Andersen,2,1.0,7.0,36,31
2024020956,2025-03-01,20242025,REG,PHI,WPG,0,22.0,SO,19.0,2,1,28.0,9.0,I. Fedotov,2,0.0,2.0,32,30
2024020956,2025-03-01,20242025,REG,WPG,PHI,1,12.0,SO,18.0,1,2,29.0,7.0,C. Hellebuyck,2,0.0,10.0,30,32
2024020957,2025-03-01,20242025,REG,LAK,STL,0,10.0,REG,12.0,1,4,25.0,6.0,D. Rittich,2,1.0,1.0,26,34
2024020957,2025-03-01,20242025,REG,STL,LAK,1,20.0,REG,16.0,4,1,34.0,4.0,J. Binnington,2,0.0,6.0,34,26
2024020958,2025-03-01,20242025,REG,NJD,UTA,0,12.0,REG,10.0,3,1,18.0,9.0,N. Daws,2,0.0,3.0,29,25
2024020958,2025-03-01,20242025,REG,UTA,NJD,1,20.0,REG,16.0,1,3,18.0,9.0,K. Vejmelka,2,0.0,1.0,25,29
2024020959,2025-03-01,20242025,REG,CHI,ANA,0,16.0,REG,14.0,6,3,12.0,10.0,A. Soderblom,2,2.0,8.0,24,31
2024020959,2025-03-01,20242025,REG,ANA,CHI,1,10.0,REG,16.0,3,6,27.0,14.0,J. Gibson,2,0.0,1.0,31,24
2024020960,2025-03-01,20242025,REG,VAN,SEA,0,20.0,REG,12.0,3,6,29.0,4.0,K. Lankinen,2,0.0,2.0,31,24
2024020960,2025-03-01,20242025,REG,SEA,VAN,1,12.0,REG,13.0,6,3,24.0,4.0,J. Daccord,2,0.0,2.0,24,31
2024020961,2025-03-02,20242025,REG,TOR,PIT,0,19.0,OT,17.0,6,5,23.0,4.0,J. Woll,2,0.0,1.0,33,34
2024020961,2025-03-02,20242025,REG,PIT,TOR,1,13.0,OT,21.0,5,6,13.0,2.0,J. Blomqvist,2,1.0,7.0,34,33
2024020962,2025-03-02,20242025,REG,BOS,MIN,0,13.0,REG,17.0,0,1,27.0,9.0,J. Swayman,2,0.0,5.0,28,22
2024020962,2025-03-02,20242025,REG,MIN,BOS,1,7.0,REG,20.0,1,0,22.0,9.0,F. Gustavsson,2,0.0,2.0,22,28
2024020963,2025-03-02,20242025,REG,CGY,CAR,0,23.0,OT,17.0,1,2,25.0,17.0,D. Wolf,2,1.0,4.0,16,33
2024020963,2025-03-02,20242025,REG,CAR,CGY,1,13.0,OT,12.0,2,1,12.0,13.0,P. Kochetkov,2,0.0,4.0,33,16
2024020964,2025-03-02,20242025,REG,STL,DAL,0,8.0,REG,22.0,3,6,21.0,8.0,J. Hofer,2,1.0,9.0,42,21
2024020964,2025-03-02,20242025,REG,DAL,STL,1,14.0,REG,21.0,6,3,11.0,6.0,J. Oettinger,2,4.0,2.0,21,42
2024020965,2025-03-02,20242025,REG,NSH,NYR,0,14.0,REG,15.0,0,4,20.0,27.0,J. Annunen,2,0.0,7.0,34,34
2024020965,2025-03-02,20242025,REG,NYR,NSH,1,20.0,REG,12.0,4,0,33.0,11.0,J. Quick,2,1.0,9.0,34,34
2024020966,2025-03-02,20242025,REG,NJD,VGK,0,12.0,REG,18.0,0,2,23.0,4.0,J. Markstrom,2,0.0,2.0,25,24
2024020966,2025-03-02,20242025,REG,VGK,NJD,1,10.0,REG,12.0,2,0,20.0,2.0,A. Hill,2,2.0,5.0,24,25
2024020967,2025-03-03,20242025,REG,OTT,WSH,0,14.0,SO,15.0,4,5,21.0,9.0,L. Ullmark,2,2.0,3.0,37,41
2024020967,2025-03-03,20242025,REG,WSH,OTT,1,27.0,SO,20.0,5,4,10.0,17.0,L. Thompson,2,1.0,5.0,41,37
2024020968,2025-03-03,20242025,REG,BUF,MTL,0,10.0,OT,12.0,3,4,37.0,12.0,J. Reimer,2,0.0,4.0,36,20
2024020968,2025-03-03,20242025,REG,MTL,BUF,1,24.0,OT,14.0,4,3,20.0,10.0,S. Montembeault,2,2.0,5.0,20,36
2024020969,2025-03-03,20242025,REG,TBL,FLA,0,12.0,REG,9.0,1,2,12.0,6.0,A. Vasilevskiy,2,0.0,3.0,29,29
2024020969,2025-03-03,20242025,REG,FLA,TBL,1,13.0,REG,16.0,2,1,38.0,14.0,S. Bobrovsky,2,1.0,4.0,29,29
2024020970,2025-03-03,20242025,REG,NYI,NYR,0,12.0,REG,9.0,0,4,17.0,4.0,I. Sorokin,2,0.0,3.0,21,27
2024020970,2025-03-03,20242025,REG,NYR,NYI,1,22.0,REG,4.0,4,0,24.0,2.0,I. Shesterkin,2,0.0,7.0,27,21
2024020971,2025-03-03,20242025,REG,SJS,TOR,0,31.0,SO,11.0,3,2,31.0,15.0,A. Georgiev,2,0.0,3.0,22,27
2024020971,2025-03-03,20242025,REG,TOR,SJS,1,10.0,SO,22.0,2,3,22.0,9.0,A. Stolarz,2,2.0,7.0,27,22
2024020972,2025-03-03,20242025,REG,LAK,CHI,0,12.0,REG,12.0,1,5,13.0,4.0,D. Kuemper,2,0.0,8.0,42,19
2024020972,2025-03-03,20242025,REG,CHI,LAK,1,19.0,REG,11.0,5,1,11.0,2.0,S. Knight,2,0.0,5.0,19,42
2024020973,2025-03-04,20242025,REG,NSH,BOS,0,14.0,REG,15.0,6,3,16.0,4.0,J. Saros,2,0.0,6.0,30,21
2024020973,2025-03-04,20242025,REG,BOS,NSH,1,17.0,REG,20.0,3,6,36.0,0.0,J. Swayman,2,0.0,2.0,21,30
2024020974,2025-03-04,20242025,REG,SJS,BUF,0,21.0,REG,15.0,6,2,24.0,6.0,A. Georgiev,2,0.0,9.0,28,22
2024020974,2025-03-04,20242025,REG,BUF,SJS,1,14.0,REG,14.0,2,6,29.0,6.0,U. Luukkonen,2,1.0,3.0,22,28
2024020975,2025-03-04,20242025,REG,CAR,DET,0,11.0,REG,14.0,2,1,23.0,6.0,F. Andersen,2,0.0,3.0,30,25
2024020975,2025-03-04,20242025,REG,DET,CAR,1,20.0,REG,18.0,1,2,33.0,4.0,A. Lyon,2,0.0,3.0,25,30
2024020976,2025-03-04,20242025,REG,CBJ,TBL,0,18.0,REG,20.0,2,6,19.0,18.0,E. Merzlikins,2,0.0,2.0,33,40
2024020976,2025-03-04,20242025,REG,TBL,CBJ,1,22.0,REG,17.0,6,2,10.0,6.0,J. Johansson,2,1.0,6.0,40,33
2024020977,2025-03-04,20242025,REG,CGY,PHI,0,19.0,REG,14.0,6,3,20.0,6.0,D. Wolf,2,1.0,5.0,34,29
2024020977,2025-03-04,20242025,REG,PHI,CGY,1,15.0,REG,18.0,3,6,11.0,4.0,S. Ersson,2,0.0,7.0,29,34
2024020978,2025-03-04,20242025,REG,WPG,NYI,0,8.0,REG,13.0,2,3,16.0,9.0,C. Hellebuyck,2,2.0,8.0,28,29
2024020978,2025-03-04,20242025,REG,NYI,WPG,1,26.0,REG,9.0,3,2,34.0,11.0,I. Sorokin,2,1.0,4.0,29,28
2024020979,2025-03-04,20242025,REG,NJD,DAL,0,12.0,REG,18.0,3,4,37.0,10.0,J. Markstrom,2,2.0,3.0,28,21
2024020979,2025-03-04,20242025,REG,DAL,NJD,1,7.0,REG,23.0,4,3,12.0,4.0,C. DeSmith,2,1.0,4.0,21,28
2024020980,2025-03-04,20242025,REG,PIT,COL,0,10.0,REG,15.0,1,4,8.0,2.0,A. Nedeljkovic,2,0.0,6.0,33,25
2024020980,2025-03-04,20242025,REG,COL,PIT,1,15.0,REG,15.0,4,1,12.0,4.0,S. Wedgewood,2,1.0,5.0,25,33
2024020981,2025-03-04,20242025,REG,ANA,EDM,0,15.0,REG,14.0,6,2,21.0,6.0,L. Dostal,2,0.0,4.0,27,35
2024020981,2025-03-04,20242025,REG,EDM,ANA,1,11.0,REG,9.0,2,6,28.0,6.0,C. Pickard,2,2.0,7.0,35,27
2024020982,2025-03-04,20242025,REG,MIN,SEA,0,21.0,REG,15.0,4,3,15.0,4.0,F. Gustavsson,2,1.0,5.0,20,36
2024020982,2025-03-04,20242025,REG,SEA,MIN,1,9.0,REG,9.0,3,4,17.0,2.0,J. Daccord,2,1.0,7.0,36,20
2024020983,2025-03-05,20242025,REG,WSH,NYR,0,19.0,OT,14.0,3,2,22.0,16.0,C. Lindgren,2,1.0,3.0,26,17
2024020983,2025-03-05,20242025,REG,NYR,WSH,1,14.0,OT,4.0,2,3,36.0,18.0,I. Shesterkin,2,0.0,3.0,17,26
2024020984,2025-03-05,20242025,REG,OTT,CHI,0,13.0,OT,18.0,4,3,17.0,2.0,L. Ullmark,2,0.0,6.0,26,20
2024020984,2025-03-05,20242025,REG,CHI,OTT,1,10.0,OT,7.0,3,4,19.0,2.0,A. Soderblom,2,1.0,1.0,20,26
2024020985,2025-03-05,20242025,REG,TOR,VGK,0,14.0,REG,11.0,2,5,39.0,13.0,J. Woll,2,1.0,1.0,31,25
2024020985,2025-03-05,20242025,REG,VGK,TOR,1,14.0,REG,17.0,5,2,26.0,15.0,A. Hill,2,1.0,2.0,25,31
2024020986,2025-03-05,20242025,REG,ANA,VAN,0,12.0,REG,10.0,2,3,20.0,19.0,J. Gibson,2,0.0,1.0,16,36
2024020986,2025-03-05,20242025,REG,VAN,ANA,1,15.0,REG,18.0,3,2,26.0,15.0,K. Lankinen,2,1.0,4.0,36,16
2024020987,2025-03-05,20242025,REG,STL,LAK,0,19.0,SO,10.0,3,2,20.0,4.0,J. Binnington,2,1.0,1.0,30,23
2024020987,2025-03-05,20242025,REG,LAK,STL,1,17.0,SO,23.0,2,3,22.0,8.0,D. Kuemper,2,0.0,1.0,23,30
2024020988,2025-03-06,20242025,REG,UTA,DET,0,13.0,REG,19.0,4,2,19.0,6.0,K. Vejmelka,2,1.0,6.0,19,40
2024020988,2025-03-06,20242025,REG,DET,UTA,1,15.0,REG,13.0,2,4,13.0,6.0,A. Lyon,2,0.0,3.0,40,19
2024020989,2025-03-06,20242025,REG,BUF,TBL,0,10.0,REG,14.0,5,6,23.0,8.0,U. Luukkonen,2,1.0,6.0,33,26
2024020989,2025-03-06,20242025,REG,TBL,BUF,1,12.0,REG,12.0,6,5,19.0,10.0,A. Vasilevskiy,2,1.0,1.0,26,33
2024020990,2025-03-06,20242025,REG,CBJ,FLA,0,15.0,REG,7.0,0,3,24.0,18.0,E. Merzlikins,2,0.0,2.0,16,36
2024020990,2025-03-06,20242025,REG,FLA,CBJ,1,8.0,REG,11.0,3,0,29.0,18.0,S. Bobrovsky,2,2.0,7.0,36,16
2024020991,2025-03-06,20242025,REG,WPG,PHI,0,22.0,REG,14.0,4,1,6.0,2.0,E. Comrie,2,2.0,5.0,27,22
2024020991,2025-03-06,20242025,REG,PHI,WPG,1,11.0,REG,22.0,1,4,29.0,4.0,S. Ersson,2,0.0,10.0,22,27
2024020992,2025-03-06,20242025,REG,BOS,CAR,0,12.0,REG,10.0,2,3,25.0,6.0,J. Korpisalo,2,0.0,2.0,34,23
2024020992,2025-03-06,20242025,REG,CAR,BOS,1,13.0,REG,17.0,3,2,13.0,4.0,P. Kochetkov,2,0.0,6.0,23,34
2024020993,2025-03-06,20242025,REG,SEA,NSH,0,16.0,REG,21.0,3,5,24.0,2.0,J. Daccord,2,1.0,6.0,25,34
2024020993,2025-03-06,20242025,REG,NSH,SEA,1,22.0,REG,11.0,5,3,26.0,6.0,J. Saros,2,0.0,4.0,34,25
2024020994,2025-03-06,20242025,REG,CGY,DAL,0,27.0,OT,19.0,2,3,21.0,2.0,D. Vladar,2,0.0,5.0,28,27
2024020994,2025-03-06,20242025,REG,DAL,CGY,1,14.0,OT,21.0,3,2,15.0,4.0,J. Oettinger,2,0.0,7.0,27,28
2024020995,2025-03-06,20242025,REG,MTL,EDM,0,24.0,OT,13.0,2,3,29.0,4.0,S. Montembeault,2,0.0,2.0,27,32
2024020995,2025-03-06,20242025,REG,EDM,MTL,1,14.0,OT,10.0,3,2,21.0,4.0,S. Skinner,2,1.0,12.0,32,27
2024020996,2025-03-06,20242025,REG,SJS,COL,0,13.0,REG,17.0,3,7,20.0,8.0,A. Georgiev,2,2.0,3.0,34,32
2024020996,2025-03-06,20242025,REG,COL,SJS,1,9.0,REG,14.0,7,3,11.0,10.0,M. Blackwood,2,3.0,5.0,32,34
2024020997,2025-03-07,20242025,REG,WPG,NJD,0,19.0,REG,8.0,6,1,23.0,4.0,C. Hellebuyck,2,1.0,3.0,35,23
2024020997,2025-03-07,20242025,REG,NJD,WPG,1,8.0,REG,14.0,1,6,32.0,4.0,J. Markstrom,2,0.0,1.0,23,35
2024020998,2025-03-07,20242025,REG,DET,WSH,0,14.0,REG,16.0,2,5,12.0,7.0,C. Talbot,2,1.0,1.0,19,28
2024020998,2025-03-07,20242025,REG,WSH,DET,1,13.0,REG,14.0,5,2,16.0,11.0,L. Thompson,2,0.0,2.0,28,19
2024020999,2025-03-07,20242025,REG,UTA,CHI,0,11.0,OT,14.0,3,4,12.0,12.0,K. Vejmelka,2,1.0,3.0,39,25
2024020999,2025-03-07,20242025,REG,CHI,UTA,1,11.0,OT,12.0,4,3,20.0,14.0,S. Knight,2,0.0,9.0,25,39
2024021000,2025-03-07,20242025,REG,MIN,VAN,0,16.0,REG,16.0,1,3,31.0,11.0,F. Gustavsson,2,1.0,8.0,38,20
2024021000,2025-03-07,20242025,REG,VAN,MIN,1,21.0,REG,11.0,3,1,29.0,9.0,K. Lankinen,2,1.0,4.0,20,38
2024021001,2025-03-07,20242025,REG,PIT,VGK,0,9.0,REG,19.0,0,4,26.0,6.0,A. Nedeljkovic,2,0.0,1.0,22,27
2024021001,2025-03-07,20242025,REG,VGK,PIT,1,13.0,REG,17.0,4,0,15.0,0.0,I. Samsonov,2,0.0,0.0,27,22
2024021002,2025-03-07,20242025,REG,STL,ANA,0,23.0,REG,17.0,4,3,17.0,8.0,J. Binnington,2,0.0,1.0,22,24
2024021002,2025-03-07,20242025,REG,ANA,STL,1,13.0,REG,14.0,3,4,29.0,2.0,L. Dostal,2,1.0,7.0,24,22
2024021003,2025-03-08,20242025,REG,NYR,OTT,0,21.0,OT,14.0,3,4,27.0,8.0,I. Shesterkin,2,0.0,4.0,23,37
2024021003,2025-03-08,20242025,REG,OTT,NYR,1,11.0,OT,9.0,4,3,40.0,4.0,L. Ullmark,2,0.0,5.0,37,23
2024021004,2025-03-08,20242025,REG,SEA,PHI,0,15.0,REG,12.0,4,1,13.0,10.0,P. Grubauer,2,0.0,3.0,32,24
2024021004,2025-03-08,20242025,REG,PHI,SEA,1,18.0,REG,16.0,1,4,21.0,6.0,S. Ersson,2,0.0,3.0,24,32
2024021005,2025-03-08,20242025,REG,BOS,TBL,0,23.0,REG,13.0,4,0,35.0,9.0,J. Swayman,2,0.0,3.0,25,25
2024021005,2025-03-08,20242025,REG,TBL,BOS,1,20.0,REG,16.0,0,4,21.0,7.0,A. Vasilevskiy,2,0.0,1.0,25,25
2024021006,2025-03-08,20242025,REG,BUF,FLA,0,17.0,REG,10.0,0,4,19.0,7.0,U. Luukkonen,2,0.0,3.0,21,36
2024021006,2025-03-08,20242025,REG,FLA,BUF,1,5.0,REG,9.0,4,0,29.0,9.0,V. Vanecek,2,0.0,3.0,36,21
2024021007,2025-03-08,20242025,REG,TOR,COL,0,14.0,REG,22.0,4,7,23.0,8.0,A. Stolarz,2,1.0,3.0,21,34
2024021007,2025-03-08,20242025,REG,COL,TOR,1,10.0,REG,10.0,7,4,23.0,4.0,M. Blackwood,2,1.0,3.0,34,21
2024021008,2025-03-08,20242025,REG,MTL,CGY,0,16.0,REG,16.0,0,1,25.0,2.0,J. Dobes,2,0.0,7.0,26,24
2024021008,2025-03-08,20242025,REG,CGY,MTL,1,9.0,REG,23.0,1,0,18.0,4.0,D. Wolf,2,0.0,9.0,24,26
2024021009,2025-03-08,20242025,REG,CHI,NSH,0,13.0,OT,18.0,2,3,21.0,13.0,A. Soderblom,2,0.0,8.0,19,41
2024021009,2025-03-08,20242025,REG,NSH,CHI,1,9.0,OT,12.0,3,2,24.0,11.0,J. Annunen,2,1.0,4.0,41,19
2024021010,2025-03-08,20242025,REG,STL,LAK,0,23.0,OT,11.0,1,2,35.0,4.0,J. Hofer,2,0.0,6.0,20,23
2024021010,2025-03-08,20242025,REG,LAK,STL,1,16.0,OT,23.0,2,1,36.0,4.0,D. Kuemper,2,0.0,6.0,23,20
2024021011,2025-03-08,20242025,REG,DAL,EDM,0,18.0,REG,18.0,4,5,12.0,0.0,J. Oettinger,2,2.0,2.0,25,27
2024021011,2025-03-08,20242025,REG,EDM,DAL,1,19.0,REG,21.0,5,4,22.0,6.0,S. Skinner,2,0.0,3.0,27,25
2024021012,2025-03-08,20242025,REG,NYI,SJS,0,14.0,REG,21.0,4,2,14.0,8.0,I. Sorokin,2,2.0,1.0,28,40
2024021012,2025-03-08,20242025,REG,SJS,NYI,1,17.0,REG,16.0,2,4,26.0,8.0,A. Georgiev,2,2.0,3.0,40,28
2024021013,2025-03-09,20242025,REG,NJD,PHI,0,14.0,REG,24.0,3,1,21.0,2.0,J. Allen,2,1.0,6.0,23,24
2024021013,2025-03-09,20242025,REG,PHI,NJD,1,15.0,REG,11.0,1,3,28.0,2.0,I. Fedotov,2,0.0,4.0,24,23
2024021014,2025-03-09,20242025,REG,SEA,WSH,0,9.0,REG,19.0,2,4,18.0,20.0,J. Daccord,2,0.0,7.0,32,24
2024021014,2025-03-09,20242025,REG,WSH,SEA,1,21.0,REG,15.0,4,2,19.0,28.0,C. Lindgren,2,0.0,4.0,24,32
2024021015,2025-03-09,20242025,REG,PIT,MIN,0,24.0,REG,18.0,3,1,17.0,12.0,T. Jarry,2,1.0,8.0,22,30
2024021015,2025-03-09,20242025,REG,MIN,PIT,1,20.0,REG,13.0,1,3,20.0,4.0,M. Fleury,2,1.0,4.0,30,22
2024021016,2025-03-09,20242025,REG,WPG,CAR,0,18.0,REG,18.0,2,4,17.0,24.0,C. Hellebuyck,2,0.0,0.0,22,27
2024021016,2025-03-09,20242025,REG,CAR,WPG,1,15.0,REG,10.0,4,2,11.0,8.0,F. Andersen,2,1.0,3.0,27,22
2024021017,2025-03-09,20242025,REG,CBJ,NYR,0,18.0,REG,11.0,7,3,7.0,15.0,D. Tarasov,2,0.0,1.0,28,35
2024021017,2025-03-09,20242025,REG,NYR,CBJ,1,10.0,REG,13.0,3,7,16.0,19.0,J. Quick,2,0.0,3.0,35,28
2024021018,2025-03-09,20242025,REG,LAK,VGK,0,17.0,REG,23.0,6,5,29.0,7.0,D. Rittich,2,1.0,3.0,35,32
2024021018,2025-03-09,20242025,REG,VGK,LAK,1,18.0,REG,20.0,5,6,17.0,7.0,A. Hill,2,1.0,2.0,32,35
2024021019,2025-03-09,20242025,REG,DAL,VAN,0,15.0,REG,22.0,4,1,12.0,6.0,C. DeSmith,2,0.0,7.0,19,23
2024021019,2025-03-09,20242025,REG,VAN,DAL,1,12.0,REG,6.0,1,4,36.0,10.0,K. Lankinen,2,0.0,6.0,23,19
2024021020,2025-03-09,20242025,REG,NYI,ANA,0,17.0,REG,13.0,1,4,22.0,4.0,M. Hogberg,2,0.0,2.0,32,28
2024021020,2025-03-09,20242025,REG,ANA,NYI,1,18.0,REG,21.0,4,1,24.0,6.0,L. Dostal,2,1.0,3.0,28,32
2024021021,2025-03-10,20242025,REG,EDM,BUF,0,10.0,REG,20.0,2,3,23.0,4.0,S. Skinner,2,1.0,6.0,34,23
2024021021,2025-03-10,20242025,REG,BUF,EDM,1,12.0,REG,19.0,3,2,13.0,6.0,U. Luukkonen,2,0.0,4.0,23,34
2024021022,2025-03-10,20242025,REG,DET,OTT,0,21.0,REG,18.0,1,2,31.0,10.0,C. Talbot,2,0.0,3.0,49,23
2024021022,2025-03-10,20242025,REG,OTT,DET,1,12.0,REG,11.0,2,1,43.0,8.0,L. Ullmark,2,2.0,6.0,23,49
2024021023,2025-03-10,20242025,REG,CHI,COL,0,15.0,REG,16.0,0,3,18.0,6.0,S. Knight,2,0.0,6.0,20,21
2024021023,2025-03-10,20242025,REG,COL,CHI,1,9.0,REG,10.0,3,0,26.0,8.0,S. Wedgewood,2,0.0,8.0,21,20
2024021024,2025-03-10,20242025,REG,TOR,UTA,0,23.0,SO,23.0,4,3,21.0,13.0,J. Woll,2,2.0,9.0,26,33
2024021024,2025-03-10,20242025,REG,UTA,TOR,1,11.0,SO,20.0,3,4,22.0,15.0,K. Vejmelka,2,1.0,4.0,33,26
2024021025,2025-03-11,20242025,REG,FLA,BOS,0,14.0,REG,14.0,2,3,40.0,13.0,S. Bobrovsky,2,1.0,6.0,28,24
2024021025,2025-03-11,20242025,REG,BOS,FLA,1,13.0,REG,12.0,3,2,35.0,13.0,J. Swayman,2,1.0,5.0,24,28
2024021026,2025-03-11,20242025,REG,CBJ,NJD,0,14.0,REG,9.0,3,5,27.0,10.0,E. Merzlikins,2,0.0,2.0,20,28
2024021026,2025-03-11,20242025,REG,NJD,CBJ,1,13.0,REG,9.0,5,3,16.0,6.0,J. Markstrom,2,1.0,2.0,28,20
2024021027,2025-03-11,20242025,REG,OTT,PHI,0,22.0,REG,16.0,5,2,29.0,4.0,A. Forsberg,2,0.0,4.0,24,22
2024021027,2025-03-11,20242025,REG,PHI,OTT,1,11.0,REG,18.0,2,5,24.0,4.0,I. Fedotov,2,0.0,1.0,22,24
2024021028,2025-03-11,20242025,REG,VGK,PIT,0,9.0,OT,12.0,2,3,10.0,8.0,I. Samsonov,2,1.0,10.0,37,17
2024021028,2025-03-11,20242025,REG,PIT,VGK,1,22.0,OT,16.0,3,2,16.0,2.0,T. Jarry,2,1.0,4.0,17,37
2024021029,2025-03-11,20242025,REG,TBL,CAR,0,17.0,REG,12.0,1,4,25.0,8.0,A. Vasilevskiy,2,0.0,4.0,24,31
2024021029,2025-03-11,20242025,REG,CAR,TBL,1,16.0,REG,15.0,4,1,16.0,4.0,P. Kochetkov,2,0.0,1.0,31,24
2024021030,2025-03-11,20242025,REG,COL,MIN,0,16.0,SO,21.0,1,2,11.0,2.0,M. Blackwood,2,0.0,3.0,28,23
2024021030,2025-03-11,20242025,REG,MIN,COL,1,22.0,SO,27.0,2,1,16.0,4.0,F. Gustavsson,2,0.0,4.0,23,28
2024021031,2025-03-11,20242025,REG,NYR,WPG,0,10.0,REG,13.0,1,2,29.0,10.0,I. Shesterkin,2,1.0,2.0,22,24
2024021031,2025-03-11,20242025,REG,WPG,NYR,1,21.0,REG,11.0,2,1,24.0,8.0,C. Hellebuyck,2,1.0,4.0,24,22
2024021032,2025-03-11,20242025,REG,MTL,VAN,0,17.0,REG,16.0,4,2,31.0,6.0,S. Montembeault,2,0.0,5.0,27,31
2024021032,2025-03-11,20242025,REG,VAN,MTL,1,21.0,REG,15.0,2,4,23.0,2.0,K. Lankinen,2,1.0,2.0,31,27
2024021033,2025-03-11,20242025,REG,WSH,ANA,0,17.0,REG,12.0,7,4,9.0,4.0,L. Thompson,2,0.0,3.0,43,29
2024021033,2025-03-11,20242025,REG,ANA,WSH,1,18.0,REG,13.0,4,7,22.0,2.0,L. Dostal,2,0.0,1.0,29,43
2024021034,2025-03-11,20242025,REG,NYI,LAK,0,11.0,REG,17.0,1,4,25.0,2.0,I. Sorokin,2,0.0,3.0,34,32
2024021034,2025-03-11,20242025,REG,LAK,NYI,1,20.0,REG,18.0,4,1,19.0,16.0,D. Kuemper,2,0.0,1.0,32,34
2024021035,2025-03-11,20242025,REG,NSH,SJS,0,12.0,REG,13.0,3,2,23.0,14.0,J. Saros,2,2.0,9.0,19,27
2024021035,2025-03-11,20242025,REG,SJS,NSH,1,13.0,REG,8.0,2,3,15.0,20.0,A. Georgiev,2,0.0,7.0,27,19
2024021036,2025-03-12,20242025,REG,BUF,DET,0,10.0,REG,9.0,3,7,16.0,79.0,U. Luukkonen,2,1.0,3.0,26,29
2024021036,2025-03-12,20242025,REG,DET,BUF,1,20.0,REG,13.0,7,3,17.0,67.0,P. Mrazek,2,3.0,6.0,29,26
2024021037,2025-03-12,20242025,REG,VAN,CGY,0,24.0,SO,14.0,4,3,18.0,6.0,K. Lankinen,2,1.0,2.0,31,23
2024021037,2025-03-12,20242025,REG,CGY,VAN,1,11.0,SO,12.0,3,4,29.0,8.0,D. Wolf,2,1.0,4.0,23,31
2024021038,2025-03-12,20242025,REG,ANA,UTA,0,18.0,REG,21.0,2,3,24.0,4.0,V. Husso,2,1.0,2.0,21,39
2024021038,2025-03-12,20242025,REG,UTA,ANA,1,20.0,REG,11.0,3,2,20.0,4.0,K. Vejmelka,2,1.0,4.0,39,21
2024021039,2025-03-12,20242025,REG,MTL,SEA,0,17.0,OT,12.0,4,5,23.0,8.0,J. Dobes,2,1.0,2.0,25,35
2024021039,2025-03-12,20242025,REG,SEA,MTL,1,9.0,OT,10.0,5,4,17.0,6.0,J. Daccord,2,2.0,3.0,35,25
2024021040,2025-03-13,20242025,REG,FLA,TOR,0,12.0,REG,18.0,3,2,40.0,11.0,S. Bobrovsky,2,2.0,2.0,25,25
2024021040,2025-03-13,20242025,REG,TOR,FLA,1,14.0,REG,7.0,2,3,24.0,9.0,A. Stolarz,2,0.0,4.0,25,25
2024021041,2025-03-13,20242025,REG,BOS,OTT,0,11.0,REG,17.0,3,6,34.0,6.0,J. Swayman,2,0.0,7.0,25,32
2024021041,2025-03-13,20242025,REG,OTT,BOS,1,15.0,REG,8.0,6,3,23.0,4.0,L. Ullmark,2,1.0,5.0,32,25
2024021042,2025-03-13,20242025,REG,EDM,NJD,0,16.0,REG,16.0,2,3,20.0,4.0,S. Skinner,2,0.0,4.0,33,22
2024021042,2025-03-13,20242025,REG,NJD,EDM,1,11.0,REG,14.0,3,2,13.0,2.0,J. Allen,2,0.0,3.0,22,33
2024021043,2025-03-13,20242025,REG,TBL,PHI,0,11.0,SO,15.0,3,4,19.0,4.0,J. Johansson,2,1.0,11.0,20,29
2024021043,2025-03-13,20242025,REG,PHI,TBL,1,16.0,SO,20.0,4,3,19.0,6.0,S. Ersson,2,0.0,8.0,29,20
2024021044,2025-03-13,20242025,REG,STL,PIT,0,9.0,REG,16.0,3,5,21.0,0.0,J. Binnington,2,2.0,9.0,35,22
2024021044,2025-03-13,20242025,REG,PIT,STL,1,24.0,REG,20.0,5,3,26.0,4.0,T. Jarry,2,0.0,6.0,22,35
2024021045,2025-03-13,20242025,REG,VGK,CBJ,0,21.0,REG,7.0,4,0,11.0,6.0,A. Hill,2,1.0,5.0,29,27
2024021045,2025-03-13,20242025,REG,CBJ,VGK,1,7.0,REG,22.0,0,4,31.0,6.0,E. Merzlikins,2,0.0,3.0,27,29
2024021046,2025-03-13,20242025,REG,NYR,MIN,0,12.0,OT,20.0,3,2,34.0,8.0,I. Shesterkin,2,0.0,3.0,31,28
2024021046,2025-03-13,20242025,REG,MIN,NYR,1,14.0,OT,12.0,2,3,20.0,6.0,F. Gustavsson,2,2.0,3.0,28,31
2024021047,2025-03-13,20242025,REG,WSH,LAK,0,10.0,REG,10.0,0,3,21.0,10.0,C. Lindgren,2,0.0,4.0,21,27
2024021047,2025-03-13,20242025,REG,LAK,WSH,1,10.0,REG,7.0,3,0,21.0,10.0,D. Kuemper,2,1.0,2.0,27,21
2024021048,2025-03-13,20242025,REG,CHI,SJS,0,10.0,REG,18.0,2,4,24.0,19.0,S. Knight,2,0.0,5.0,26,25
2024021048,2025-03-13,20242025,REG,SJS,CHI,1,16.0,REG,16.0,4,2,21.0,7.0,A. Georgiev,2,1.0,2.0,25,26
2024021049,2025-03-14,20242025,REG,DET,CAR,0,27.0,REG,17.0,2,4,22.0,4.0,P. Mrazek,2,0.0,5.0,26,32
2024021049,2025-03-14,20242025,REG,CAR,DET,1,15.0,REG,17.0,4,2,5.0,4.0,F. Andersen,2,0.0,5.0,32,26
2024021050,2025-03-14,20242025,REG,EDM,NYI,0,10.0,OT,18.0,2,1,10.0,8.0,C. Pickard,2,0.0,5.0,35,25
2024021050,2025-03-14,20242025,REG,NYI,EDM,1,22.0,OT,17.0,1,2,21.0,6.0,I. Sorokin,2,0.0,5.0,25,35
2024021051,2025-03-14,20242025,REG,DAL,WPG,0,10.0,REG,17.0,1,4,17.0,2.0,J. Oettinger,2,0.0,3.0,25,22
2024021051,2025-03-14,20242025,REG,WPG,DAL,1,17.0,REG,21.0,4,1,35.0,2.0,C. Hellebuyck,2,0.0,7.0,22,25
2024021052,2025-03-14,20242025,REG,COL,CGY,0,17.0,REG,23.0,4,2,19.0,4.0,S. Wedgewood,2,0.0,5.0,28,24
2024021052,2025-03-14,20242025,REG,CGY,COL,1,16.0,REG,26.0,2,4,32.0,2.0,D. Wolf,2,1.0,3.0,24,28
2024021053,2025-03-14,20242025,REG,NSH,ANA,0,8.0,REG,14.0,1,2,11.0,4.0,J. Saros,2,1.0,4.0,29,15
2024021053,2025-03-14,20242025,REG,ANA,NSH,1,23.0,REG,11.0,2,1,22.0,6.0,L. Dostal,2,0.0,4.0,15,29
2024021054,2025-03-14,20242025,REG,UTA,SEA,0,11.0,REG,22.0,2,4,18.0,6.0,K. Vejmelka,2,0.0,7.0,25,23
2024021054,2025-03-14,20242025,REG,SEA,UTA,1,12.0,REG,17.0,4,2,32.0,4.0,P. Grubauer,2,0.0,6.0,23,25
2024021055,2025-03-15,20242025,REG,VGK,BUF,0,14.0,SO,19.0,3,4,22.0,12.0,A. Hill,2,0.0,6.0,19,37
2024021055,2025-03-15,20242025,REG,BUF,VGK,1,13.0,SO,23.0,4,3,36.0,22.0,U. Luukkonen,2,1.0,4.0,37,19
2024021056,2025-03-15,20242025,REG,NJD,PIT,0,8.0,REG,19.0,3,7,23.0,6.0,J. Markstrom,2,2.0,2.0,27,24
2024021056,2025-03-15,20242025,REG,PIT,NJD,1,16.0,REG,23.0,7,3,22.0,12.0,T. Jarry,2,1.0,4.0,24,27
2024021057,2025-03-15,20242025,REG,WSH,SJS,0,4.0,REG,14.0,5,1,13.0,16.0,L. Thompson,2,0.0,2.0,28,20
2024021057,2025-03-15,20242025,REG,SJS,WSH,1,15.0,REG,16.0,1,5,22.0,16.0,A. Georgiev,2,0.0,5.0,20,28
2024021058,2025-03-15,20242025,REG,TBL,BOS,0,11.0,REG,12.0,6,2,19.0,0.0,A. Vasilevskiy,2,0.0,3.0,40,12
2024021058,2025-03-15,20242025,REG,BOS,TBL,1,19.0,REG,13.0,2,6,36.0,4.0,J. Swayman,2,0.0,7.0,12,40
2024021059,2025-03-15,20242025,REG,OTT,TOR,0,18.0,REG,16.0,4,2,24.0,7.0,L. Ullmark,2,1.0,7.0,25,23
2024021059,2025-03-15,20242025,REG,TOR,OTT,1,13.0,REG,15.0,2,4,40.0,7.0,A. Stolarz,2,0.0,5.0,23,25
2024021060,2025-03-15,20242025,REG,FLA,MTL,0,14.0,REG,24.0,1,3,35.0,6.0,S. Bobrovsky,2,0.0,5.0,22,15
2024021060,2025-03-15,20242025,REG,MTL,FLA,1,24.0,REG,9.0,3,1,21.0,4.0,S. Montembeault,2,1.0,3.0,15,22
2024021061,2025-03-15,20242025,REG,CAR,PHI,0,15.0,REG,13.0,5,0,9.0,4.0,P. Kochetkov,2,1.0,3.0,30,26
2024021061,2025-03-15,20242025,REG,PHI,CAR,1,31.0,REG,21.0,0,5,26.0,6.0,S. Ersson,2,0.0,5.0,26,30
2024021062,2025-03-15,20242025,REG,NYR,CBJ,0,17.0,REG,11.0,4,0,21.0,6.0,I. Shesterkin,2,0.0,2.0,21,21
2024021062,2025-03-15,20242025,REG,CBJ,NYR,1,13.0,REG,21.0,0,4,24.0,2.0,D. Tarasov,2,0.0,3.0,21,21
2024021063,2025-03-15,20242025,REG,STL,MIN,0,19.0,REG,18.0,5,1,17.0,2.0,J. Hofer,2,0.0,1.0,28,18
2024021063,2025-03-15,20242025,REG,MIN,STL,1,19.0,REG,14.0,1,5,19.0,2.0,F. Gustavsson,2,0.0,5.0,18,28
2024021064,2025-03-15,20242025,REG,NSH,LAK,0,21.0,OT,13.0,0,1,26.0,6.0,J. Annunen,2,0.0,8.0,24,21
2024021064,2025-03-15,20242025,REG,LAK,NSH,1,9.0,OT,17.0,1,0,18.0,4.0,D. Kuemper,2,0.0,5.0,21,24
2024021065,2025-03-15,20242025,REG,CHI,VAN,0,19.0,REG,12.0,2,6,25.0,26.0,A. Soderblom,2,0.0,3.0,19,15
2024021065,2025-03-15,20242025,REG,VAN,CHI,1,18.0,REG,16.0,6,2,29.0,26.0,A. Silovs,2,0.0,4.0,15,19
2024021066,2025-03-16,20242025,REG,VGK,DET,0,10.0,REG,23.0,0,3,21.0,4.0,I. Samsonov,2,0.0,7.0,18,27
2024021066,2025-03-16,20242025,REG,DET,VGK,1,16.0,REG,15.0,3,0,15.0,2.0,P. Mrazek,2,0.0,5.0,27,18
2024021067,2025-03-16,20242025,REG,DAL,COL,0,17.0,OT,17.0,3,4,26.0,10.0,J. Oettinger,2,0.0,5.0,22,35
2024021067,2025-03-16,20242025,REG,COL,DAL,1,13.0,OT,15.0,4,3,28.0,2.0,S. Wedgewood,2,1.0,8.0,35,22
2024021068,2025-03-16,20242025,REG,ANA,STL,0,17.0,REG,15.0,2,7,18.0,15.0,L. Dostal,2,0.0,4.0,25,26
2024021068,2025-03-16,20242025,REG,STL,ANA,1,15.0,REG,14.0,7,2,25.0,13.0,J. Binnington,2,3.0,7.0,26,25
2024021069,2025-03-16,20242025,REG,EDM,NYR,0,19.0,REG,17.0,3,1,17.0,6.0,S. Skinner,2,1.0,5.0,23,22
2024021069,2025-03-16,20242025,REG,NYR,EDM,1,16.0,REG,15.0,1,3,18.0,8.0,I. Shesterkin,2,0.0,5.0,22,23
2024021070,2025-03-16,20242025,REG,FLA,NYI,0,16.0,REG,16.0,2,4,27.0,6.0,V. Vanecek,2,1.0,3.0,24,34
2024021070,2025-03-16,20242025,REG,NYI,FLA,1,14.0,REG,18.0,4,2,22.0,2.0,I. Sorokin,2,0.0,4.0,34,24
2024021071,2025-03-16,20242025,REG,UTA,VAN,0,18.0,REG,9.0,3,1,17.0,14.0,K. Vejmelka,2,0.0,5.0,23,19
2024021071,2025-03-16,20242025,REG,VAN,UTA,1,20.0,REG,12.0,1,3,38.0,8.0,K. Lankinen,2,1.0,0.0,19,23
2024021072,2025-03-16,20242025,REG,WPG,SEA,0,9.0,OT,16.0,3,2,37.0,6.0,E. Comrie,2,0.0,3.0,26,21
2024021072,2025-03-16,20242025,REG,SEA,WPG,1,17.0,OT,14.0,2,3,21.0,6.0,J. Daccord,2,1.0,5.0,21,26
2024021073,2025-03-17,20242025,REG,BUF,BOS,0,10.0,OT,7.0,3,2,27.0,9.0,U. Luukkonen,2,2.0,8.0,30,20
2024021073,2025-03-17,20242025,REG,BOS,BUF,1,23.0,OT,17.0,2,3,31.0,13.0,J. Korpisalo,2,0.0,4.0,20,30
2024021074,2025-03-17,20242025,REG,PHI,TBL,0,10.0,REG,10.0,0,2,41.0,8.0,I. Fedotov,2,0.0,2.0,21,23
2024021074,2025-03-17,20242025,REG,TBL,PHI,1,19.0,REG,17.0,2,0,19.0,12.0,A. Vasilevskiy,2,1.0,5.0,23,21
2024021075,2025-03-17,20242025,REG,NJD,CBJ,0,22.0,REG,18.0,2,1,15.0,2.0,J. Allen,2,0.0,3.0,20,46
2024021075,2025-03-17,20242025,REG,CBJ,NJD,1,14.0,REG,16.0,1,2,25.0,2.0,J. Greaves,2,0.0,6.0,46,20
2024021076,2025-03-17,20242025,REG,CGY,TOR,0,10.0,REG,9.0,2,6,31.0,6.0,D. Wolf,2,0.0,5.0,26,29
2024021076,2025-03-17,20242025,REG,TOR,CGY,1,23.0,REG,18.0,6,2,20.0,10.0,J. Woll,2,3.0,5.0,29,26
2024021077,2025-03-17,20242025,REG,LAK,MIN,0,20.0,REG,18.0,1,3,18.0,6.0,D. Kuemper,2,1.0,4.0,29,22
2024021077,2025-03-17,20242025,REG,MIN,LAK,1,11.0,REG,19.0,3,1,19.0,6.0,F. Gustavsson,2,2.0,4.0,22,29
2024021078,2025-03-18,20242025,REG,OTT,MTL,0,12.0,REG,9.0,3,6,17.0,8.0,L. Ullmark,2,0.0,7.0,25,33
2024021078,2025-03-18,20242025,REG,MTL,OTT,1,10.0,REG,11.0,6,3,29.0,6.0,S. Montembeault,2,1.0,7.0,33,25
2024021079,2025-03-18,20242025,REG,CGY,NYR,0,13.0,REG,20.0,2,1,36.0,4.0,D. Vladar,2,1.0,11.0,35,13
2024021079,2025-03-18,20242025,REG,NYR,CGY,1,16.0,REG,20.0,1,2,37.0,8.0,I. Shesterkin,2,0.0,1.0,13,35
2024021080,2025-03-18,20242025,REG,NYI,PIT,0,23.0,REG,14.0,4,2,19.0,4.0,I. Sorokin,2,0.0,2.0,38,21
2024021080,2025-03-18,20242025,REG,PIT,NYI,1,15.0,REG,16.0,2,4,18.0,2.0,T. Jarry,2,0.0,5.0,21,38
2024021081,2025-03-18,20242025,REG,DET,WSH,0,18.0,REG,13.0,1,4,21.0,0.0,P. Mrazek,2,0.0,5.0,24,26
2024021081,2025-03-18,20242025,REG,WSH,DET,1,11.0,REG,17.0,4,1,20.0,0.0,L. Thompson,2,0.0,4.0,26,24
2024021082,2025-03-18,20242025,REG,STL,NSH,0,17.0,REG,5.0,4,1,25.0,18.0,J. Hofer,2,1.0,4.0,21,23
2024021082,2025-03-18,20242025,REG,NSH,STL,1,17.0,REG,14.0,1,4,31.0,33.0,J. Saros,2,0.0,4.0,23,21
2024021083,2025-03-18,20242025,REG,ANA,DAL,0,17.0,OT,15.0,3,4,26.0,8.0,L. Dostal,2,1.0,8.0,25,31
2024021083,2025-03-18,20242025,REG,DAL,ANA,1,15.0,OT,10.0,4,3,16.0,8.0,J. Oettinger,2,1.0,7.0,31,25
2024021084,2025-03-18,20242025,REG,SEA,CHI,0,10.0,REG,13.0,6,2,16.0,7.0,J. Daccord,2,0.0,4.0,30,29
2024021084,2025-03-18,20242025,REG,CHI,SEA,1,10.0,REG,16.0,2,6,17.0,7.0,S. Knight,2,1.0,3.0,29,30
2024021085,2025-03-18,20242025,REG,UTA,EDM,0,13.0,REG,17.0,1,7,22.0,11.0,K. Vejmelka,2,0.0,5.0,30,43
2024021085,2025-03-18,20242025,REG,EDM,UTA,1,22.0,REG,12.0,7,1,18.0,11.0,C. Pickard,2,0.0,4.0,43,30
2024021086,2025-03-18,20242025,REG,WPG,VAN,0,12.0,REG,11.0,2,6,27.0,2.0,C. Hellebuyck,2,0.0,4.0,22,22
2024021086,2025-03-18,20242025,REG,VAN,WPG,1,16.0,REG,17.0,6,2,28.0,4.0,K. Lankinen,2,1.0,4.0,22,22
2024021087,2025-03-19,20242025,REG,COL,TOR,0,12.0,REG,19.0,1,2,20.0,6.0,M. Blackwood,2,1.0,8.0,39,26
2024021087,2025-03-19,20242025,REG,TOR,COL,1,19.0,REG,18.0,2,1,21.0,6.0,J. Woll,2,1.0,9.0,26,39
2024021088,2025-03-19,20242025,REG,SEA,MIN,0,9.0,REG,14.0,0,4,17.0,8.0,P. Grubauer,2,0.0,10.0,34,28
2024021088,2025-03-19,20242025,REG,MIN,SEA,1,18.0,REG,13.0,4,0,17.0,6.0,F. Gustavsson,2,0.0,12.0,28,34
2024021089,2025-03-20,20242025,REG,COL,OTT,0,20.0,REG,14.0,5,1,17.0,6.0,S. Wedgewood,2,2.0,6.0,33,16
2024021089,2025-03-20,20242025,REG,OTT,COL,1,19.0,REG,12.0,1,5,35.0,10.0,L. Ullmark,2,1.0,2.0,16,33
2024021090,2025-03-20,20242025,REG,CGY,NJD,0,14.0,REG,12.0,5,3,17.0,4.0,D. Wolf,2,1.0,4.0,28,29
2024021090,2025-03-20,20242025,REG,NJD,CGY,1,22.0,REG,16.0,3,5,20.0,10.0,J. Markstrom,2,0.0,3.0,29,28
2024021091,2025-03-20,20242025,REG,TOR,NYR,0,20.0,REG,11.0,4,3,27.0,2.0,A. Stolarz,2,0.0,2.0,28,30
2024021091,2025-03-20,20242025,REG,NYR,TOR,1,10.0,REG,21.0,3,4,33.0,2.0,I. Shesterkin,2,0.0,4.0,30,28
2024021092,2025-03-20,20242025,REG,PHI,WSH,0,13.0,REG,16.0,2,3,18.0,2.0,S. Ersson,2,0.0,4.0,28,16
2024021092,2025-03-20,20242025,REG,WSH,PHI,1,13.0,REG,20.0,3,2,13.0,2.0,C. Lindgren,2,0.0,6.0,16,28
2024021093,2025-03-20,20242025,REG,FLA,CBJ,0,14.0,OT,33.0,1,0,28.0,6.0,S. Bobrovsky,2,1.0,3.0,29,25
2024021093,2025-03-20,20242025,REG,CBJ,FLA,1,18.0,OT,27.0,0,1,27.0,6.0,E. Merzlikins,2,0.0,7.0,25,29
2024021094,2025-03-20,20242025,REG,MTL,NYI,0,28.0,OT,11.0,3,4,21.0,6.0,S. Montembeault,2,1.0,4.0,41,25
2024021094,2025-03-20,20242025,REG,NYI,MTL,1,19.0,OT,16.0,4,3,19.0,8.0,I. Sorokin,2,2.0,7.0,25,41
2024021095,2025-03-20,20242025,REG,VAN,STL,0,17.0,OT,14.0,3,4,29.0,2.0,K. Lankinen,2,0.0,2.0,18,29
2024021095,2025-03-20,20242025,REG,STL,VAN,1,23.0,OT,14.0,4,3,41.0,2.0,J. Binnington,2,0.0,2.0,29,18
2024021096,2025-03-20,20242025,REG,ANA,NSH,0,33.0,REG,11.0,4,1,17.0,6.0,J. Gibson,2,0.0,2.0,35,34
2024021096,2025-03-20,20242025,REG,NSH,ANA,1,15.0,REG,8.0,1,4,17.0,4.0,J. Annunen,2,1.0,8.0,34,35
2024021097,2025-03-20,20242025,REG,TBL,DAL,0,12.0,SO,15.0,3,2,16.0,8.0,A. Vasilevskiy,2,0.0,2.0,38,24
2024021097,2025-03-20,20242025,REG,DAL,TBL,1,12.0,SO,17.0,2,3,29.0,6.0,C. DeSmith,2,1.0,1.0,24,38
2024021098,2025-03-20,20242025,REG,LAK,CHI,0,10.0,REG,11.0,3,1,19.0,8.0,D. Kuemper,2,0.0,3.0,33,17
2024021098,2025-03-20,20242025,REG,CHI,LAK,1,8.0,REG,15.0,1,3,22.0,4.0,S. Knight,2,1.0,7.0,17,33
2024021099,2025-03-20,20242025,REG,WPG,EDM,0,19.0,OT,22.0,4,3,23.0,2.0,C. Hellebuyck,2,0.0,4.0,20,24
2024021099,2025-03-20,20242025,REG,EDM,WPG,1,18.0,OT,14.0,3,4,16.0,8.0,S. Skinner,2,0.0,6.0,24,20
2024021100,2025-03-20,20242025,REG,BUF,UTA,0,16.0,REG,14.0,2,5,24.0,10.0,J. Reimer,2,1.0,2.0,27,31
2024021100,2025-03-20,20242025,REG,UTA,BUF,1,9.0,REG,11.0,5,2,18.0,12.0,K. Vejmelka,2,0.0,2.0,31,27
2024021101,2025-03-20,20242025,REG,BOS,VGK,0,12.0,REG,12.0,1,5,29.0,6.0,J. Swayman,2,0.0,4.0,19,32
2024021101,2025-03-20,20242025,REG,VGK,BOS,1,15.0,REG,17.0,5,1,16.0,2.0,A. Hill,2,1.0,5.0,32,19
2024021102,2025-03-20,20242025,REG,CAR,SJS,0,19.0,REG,14.0,3,1,7.0,6.0,F. Andersen,2,0.0,2.0,29,25
2024021102,2025-03-20,20242025,REG,SJS,CAR,1,20.0,REG,18.0,1,3,27.0,6.0,G. Romanov,2,0.0,1.0,25,29
2024021103,2025-03-21,20242025,REG,CBJ,PIT,0,7.0,REG,12.0,3,6,16.0,7.0,E. Merzlikins,2,0.0,7.0,47,34
2024021103,2025-03-21,20242025,REG,PIT,CBJ,1,24.0,REG,9.0,6,3,27.0,9.0,A. Nedeljkovic,2,0.0,7.0,34,47
2024021104,2025-03-22,20242025,REG,VAN,NYR,0,12.0,REG,19.0,3,5,37.0,6.0,K. Lankinen,2,0.0,1.0,39,12
2024021104,2025-03-22,20242025,REG,NYR,VAN,1,11.0,REG,21.0,5,3,57.0,10.0,I. Shesterkin,2,0.0,7.0,12,39
2024021105,2025-03-22,20242025,REG,PHI,DAL,0,20.0,OT,14.0,2,3,19.0,10.0,I. Fedotov,2,0.0,6.0,24,19
2024021105,2025-03-22,20242025,REG,DAL,PHI,1,16.0,OT,27.0,3,2,16.0,8.0,J. Oettinger,2,0.0,6.0,19,24
2024021106,2025-03-22,20242025,REG,BUF,MIN,0,12.0,REG,18.0,1,4,20.0,6.0,U. Luukkonen,2,0.0,3.0,21,21
2024021106,2025-03-22,20242025,REG,MIN,BUF,1,18.0,REG,7.0,4,1,20.0,6.0,F. Gustavsson,2,0.0,7.0,21,21
2024021107,2025-03-22,20242025,REG,CHI,STL,0,12.0,REG,13.0,1,4,19.0,24.0,A. Soderblom,2,0.0,2.0,27,25
2024021107,2025-03-22,20242025,REG,STL,CHI,1,10.0,REG,10.0,4,1,24.0,10.0,J. Hofer,2,0.0,9.0,25,27
2024021108,2025-03-22,20242025,REG,CGY,NYI,0,13.0,OT,15.0,4,3,19.0,2.0,D. Vladar,2,0.0,7.0,35,29
2024021108,2025-03-22,20242025,REG,NYI,CGY,1,16.0,OT,17.0,3,4,19.0,4.0,M. Hogberg,2,0.0,9.0,29,35
2024021109,2025-03-22,20242025,REG,CAR,LAK,0,10.0,REG,32.0,2,7,15.0,6.0,P. Kochetkov,2,0.0,8.0,36,25
2024021109,2025-03-22,20242025,REG,LAK,CAR,1,17.0,REG,25.0,7,2,23.0,4.0,D. Rittich,2,1.0,4.0,25,36
2024021110,2025-03-22,20242025,REG,FLA,WSH,0,12.0,REG,17.0,3,6,43.0,6.0,V. Vanecek,2,0.0,9.0,36,33
2024021110,2025-03-22,20242025,REG,WSH,FLA,1,20.0,REG,8.0,6,3,22.0,8.0,L. Thompson,2,0.0,9.0,33,36
2024021111,2025-03-22,20242025,REG,TBL,UTA,0,13.0,REG,14.0,4,6,13.0,7.0,B. Halverson,2,1.0,1.0,27,25
2024021111,2025-03-22,20242025,REG,UTA,TBL,1,23.0,REG,9.0,6,4,23.0,9.0,K. Vejmelka,2,0.0,5.0,25,27
2024021112,2025-03-22,20242025,REG,COL,MTL,0,17.0,SO,7.0,5,4,17.0,17.0,M. Blackwood,2,1.0,12.0,37,29
2024021112,2025-03-22,20242025,REG,MTL,COL,1,18.0,SO,16.0,4,5,27.0,11.0,S. Montembeault,2,0.0,8.0,29,37
2024021113,2025-03-22,20242025,REG,OTT,NJD,0,17.0,REG,10.0,3,2,18.0,6.0,L. Ullmark,2,1.0,4.0,19,27
2024021113,2025-03-22,20242025,REG,NJD,OTT,1,13.0,REG,15.0,2,3,29.0,6.0,J. Allen,2,1.0,2.0,27,19
2024021114,2025-03-22,20242025,REG,TOR,NSH,0,19.0,REG,6.0,2,5,20.0,6.0,J. Woll,2,1.0,6.0,26,32
2024021114,2025-03-22,20242025,REG,NSH,TOR,1,11.0,REG,11.0,5,2,23.0,6.0,J. Saros,2,1.0,2.0,32,26
2024021115,2025-03-22,20242025,REG,DET,VGK,0,15.0,REG,14.0,3,6,19.0,14.0,C. Talbot,2,2.0,2.0,31,36
2024021115,2025-03-22,20242025,REG,VGK,DET,1,18.0,REG,19.0,6,3,20.0,14.0,A. Hill,2,2.0,9.0,36,31
2024021116,2025-03-22,20242025,REG,SEA,EDM,0,21.0,REG,15.0,4,5,18.0,10.0,J. Daccord,2,2.0,6.0,32,29
2024021116,2025-03-22,20242025,REG,EDM,SEA,1,12.0,REG,14.0,5,4,13.0,6.0,S. Skinner,2,2.0,3.0,29,32
2024021117,2025-03-22,20242025,REG,BOS,SJS,0,21.0,REG,11.0,1,3,19.0,9.0,J. Korpisalo,2,0.0,2.0,23,21
2024021117,2025-03-22,20242025,REG,SJS,BOS,1,16.0,REG,13.0,3,1,13.0,9.0,A. Georgiev,2,0.0,1.0,21,23
2024021118,2025-03-23,20242025,REG,PHI,CHI,0,18.0,REG,22.0,4,7,24.0,8.0,I. Fedotov,2,0.0,5.0,29,29
2024021118,2025-03-23,20242025,REG,CHI,PHI,1,13.0,REG,21.0,7,4,17.0,4.0,S. Knight,2,2.0,4.0,29,29
2024021119,2025-03-23,20242025,REG,BUF,WPG,0,13.0,REG,16.0,5,3,20.0,6.0,J. Reimer,2,1.0,2.0,17,36
2024021119,2025-03-23,20242025,REG,WPG,BUF,1,7.0,REG,11.0,3,5,24.0,6.0,E. Comrie,2,1.0,6.0,36,17
2024021120,2025-03-23,20242025,REG,PIT,FLA,0,18.0,SO,14.0,3,4,21.0,4.0,T. Jarry,2,2.0,2.0,27,31
2024021120,2025-03-23,20242025,REG,FLA,PIT,1,9.0,SO,9.0,4,3,31.0,4.0,S. Bobrovsky,2,1.0,6.0,31,27
2024021121,2025-03-23,20242025,REG,NSH,STL,0,8.0,REG,17.0,1,4,26.0,23.0,J. Annunen,2,1.0,5.0,32,18
2024021121,2025-03-23,20242025,REG,STL,NSH,1,11.0,REG,19.0,4,1,23.0,38.0,J. Binnington,2,1.0,7.0,18,32
2024021122,2025-03-23,20242025,REG,TBL,VGK,0,5.0,REG,12.0,2,4,27.0,13.0,A. Vasilevskiy,2,1.0,3.0,37,30
2024021122,2025-03-23,20242025,REG,VGK,TBL,1,12.0,REG,10.0,4,2,14.0,13.0,I. Samsonov,2,1.0,2.0,30,37
2024021123,2025-03-23,20242025,REG,CAR,ANA,0,8.0,REG,14.0,5,2,9.0,12.0,F. Andersen,2,1.0,8.0,37,37
2024021123,2025-03-23,20242025,REG,ANA,CAR,1,16.0,REG,14.0,2,5,24.0,6.0,L. Dostal,2,0.0,7.0,37,37
2024021124,2025-03-23,20242025,REG,BOS,LAK,0,8.0,REG,15.0,2,7,24.0,4.0,J. Swayman,2,0.0,3.0,13,23
2024021124,2025-03-23,20242025,REG,LAK,BOS,1,12.0,REG,15.0,7,2,13.0,4.0,D. Kuemper,2,0.0,4.0,23,13
2024021125,2025-03-24,20242025,REG,VAN,NJD,0,17.0,SO,11.0,4,3,22.0,4.0,T. Demko,2,0.0,1.0,28,25
2024021125,2025-03-24,20242025,REG,NJD,VAN,1,11.0,SO,13.0,3,4,16.0,6.0,J. Markstrom,2,1.0,3.0,25,28
2024021126,2025-03-24,20242025,REG,CBJ,NYI,0,17.0,SO,10.0,4,3,34.0,4.0,E. Merzlikins,2,0.0,1.0,30,33
2024021126,2025-03-24,20242025,REG,NYI,CBJ,1,18.0,SO,10.0,3,4,19.0,2.0,I. Sorokin,2,0.0,2.0,33,30
2024021127,2025-03-24,20242025,REG,MIN,DAL,0,22.0,REG,12.0,0,3,26.0,10.0,F. Gustavsson,2,0.0,6.0,32,29
2024021127,2025-03-24,20242025,REG,DAL,MIN,1,10.0,REG,17.0,3,0,15.0,6.0,J. Oettinger,2,1.0,2.0,29,32
2024021128,2025-03-24,20242025,REG,DET,UTA,0,25.0,REG,22.0,5,1,32.0,10.0,P. Mrazek,2,0.0,5.0,14,19
2024021128,2025-03-24,20242025,REG,UTA,DET,1,15.0,REG,22.0,1,5,26.0,2.0,K. Vejmelka,2,1.0,9.0,19,14
2024021129,2025-03-25,20242025,REG,OTT,BUF,0,13.0,REG,15.0,2,3,25.0,2.0,A. Forsberg,2,2.0,5.0,32,24
2024021129,2025-03-25,20242025,REG,BUF,OTT,1,18.0,REG,19.0,3,2,16.0,8.0,J. Reimer,2,0.0,3.0,24,32
2024021130,2025-03-25,20242025,REG,PHI,TOR,0,9.0,REG,24.0,2,7,32.0,2.0,S. Ersson,2,0.0,1.0,19,30
2024021130,2025-03-25,20242025,REG,TOR,PHI,1,14.0,REG,23.0,7,2,33.0,4.0,A. Stolarz,2,1.0,3.0,30,19
2024021131,2025-03-25,20242025,REG,PIT,TBL,0,16.0,REG,9.0,1,6,37.0,18.0,T. Jarry,2,0.0,4.0,15,27
2024021131,2025-03-25,20242025,REG,TBL,PIT,1,16.0,REG,14.0,6,1,10.0,4.0,A. Vasilevskiy,2,1.0,5.0,27,15
2024021132,2025-03-25,20242025,REG,NSH,CAR,0,22.0,REG,16.0,3,1,17.0,6.0,J. Saros,2,1.0,4.0,16,35
2024021132,2025-03-25,20242025,REG,CAR,NSH,1,3.0,REG,22.0,1,3,10.0,6.0,P. Kochetkov,2,1.0,9.0,35,16
2024021133,2025-03-25,20242025,REG,MTL,STL,0,15.0,REG,5.0,1,6,26.0,30.0,S. Montembeault,2,0.0,3.0,25,37
2024021133,2025-03-25,20242025,REG,STL,MTL,1,13.0,REG,5.0,6,1,25.0,8.0,J. Binnington,2,1.0,8.0,37,25
2024021134,2025-03-25,20242025,REG,VGK,MIN,0,9.0,REG,15.0,5,1,21.0,0.0,A. Hill,2,1.0,2.0,38,24
2024021134,2025-03-25,20242025,REG,MIN,VGK,1,14.0,REG,9.0,1,5,24.0,2.0,M. Fleury,2,0.0,5.0,24,38
2024021135,2025-03-25,20242025,REG,WSH,WPG,0,12.0,OT,13.0,2,3,17.0,6.0,L. Thompson,2,0.0,7.0,29,25
2024021135,2025-03-25,20242025,REG,WPG,WSH,1,20.0,OT,11.0,3,2,15.0,6.0,C. Hellebuyck,2,0.0,3.0,25,29
2024021136,2025-03-25,20242025,REG,DET,COL,0,21.0,REG,10.0,2,5,26.0,4.0,A. Lyon,2,1.0,4.0,23,28
2024021136,2025-03-25,20242025,REG,COL,DET,1,19.0,REG,12.0,5,2,18.0,4.0,M. Blackwood,2,2.0,1.0,28,23
2024021137,2025-03-25,20242025,REG,SEA,CGY,0,26.0,OT,16.0,3,4,23.0,13.0,J. Daccord,2,1.0,4.0,29,37
2024021137,2025-03-25,20242025,REG,CGY,SEA,1,12.0,OT,15.0,4,3,27.0,13.0,D. Wolf,2,1.0,2.0,37,29
2024021138,2025-03-25,20242025,REG,NYR,LAK,0,8.0,REG,16.0,1,3,24.0,13.0,I. Shesterkin,2,0.0,2.0,23,33
2024021138,2025-03-25,20242025,REG,LAK,NYR,1,18.0,REG,7.0,3,1,26.0,11.0,D. Kuemper,2,2.0,1.0,33,23
2024021139,2025-03-26,20242025,REG,VAN,NYI,0,12.0,REG,18.0,5,2,21.0,6.0,T. Demko,2,0.0,4.0,25,28
2024021139,2025-03-26,20242025,REG,NYI,VAN,1,18.0,REG,14.0,2,5,28.0,4.0,I. Sorokin,2,0.0,4.0,28,25
2024021140,2025-03-26,20242025,REG,NJD,CHI,0,14.0,REG,10.0,5,3,29.0,4.0,J. Markstrom,2,2.0,4.0,21,24
2024021140,2025-03-26,20242025,REG,CHI,NJD,1,10.0,REG,19.0,3,5,16.0,4.0,S. Knight,2,1.0,3.0,24,21
2024021141,2025-03-26,20242025,REG,DAL,EDM,0,20.0,REG,19.0,4,3,9.0,14.0,J. Oettinger,2,1.0,8.0,24,44
2024021141,2025-03-26,20242025,REG,EDM,DAL,1,12.0,REG,9.0,3,4,22.0,8.0,S. Skinner,2,2.0,8.0,44,24
2024021142,2025-03-26,20242025,REG,BOS,ANA,0,15.0,REG,12.0,2,6,11.0,11.0,J. Korpisalo,2,1.0,2.0,25,37
2024021142,2025-03-26,20242025,REG,ANA,BOS,1,15.0,REG,12.0,6,2,19.0,25.0,J. Gibson,2,0.0,5.0,37,25
2024021143,2025-03-27,20242025,REG,PIT,BUF,0,8.0,REG,14.0,3,7,28.0,15.0,T. Jarry,2,0.0,8.0,25,30
2024021143,2025-03-27,20242025,REG,BUF,PIT,1,14.0,REG,15.0,7,3,15.0,13.0,J. Reimer,2,0.0,7.0,30,25
2024021144,2025-03-27,20242025,REG,OTT,DET,0,13.0,REG,10.0,4,3,27.0,17.0,L. Ullmark,2,0.0,6.0,32,34
2024021144,2025-03-27,20242025,REG,DET,OTT,1,11.0,REG,5.0,3,4,23.0,9.0,A. Lyon,2,1.0,3.0,34,32
2024021145,2025-03-27,20242025,REG,UTA,TBL,0,9.0,REG,14.0,0,8,23.0,9.0,K. Vejmelka,2,0.0,4.0,25,22
2024021145,2025-03-27,20242025,REG,TBL,UTA,1,23.0,REG,17.0,8,0,11.0,9.0,A. Vasilevskiy,2,1.0,1.0,22,25
2024021146,2025-03-27,20242025,REG,MTL,PHI,0,11.0,REG,18.0,4,6,20.0,8.0,J. Dobes,2,0.0,6.0,30,30
2024021146,2025-03-27,20242025,REG,PHI,MTL,1,17.0,REG,16.0,6,4,16.0,6.0,S. Ersson,2,1.0,3.0,30,30
2024021147,2025-03-27,20242025,REG,STL,NSH,0,19.0,REG,17.0,3,2,29.0,11.0,J. Hofer,2,0.0,2.0,21,18
2024021147,2025-03-27,20242025,REG,NSH,STL,1,17.0,REG,8.0,2,3,14.0,11.0,J. Saros,2,1.0,7.0,18,21
2024021148,2025-03-27,20242025,REG,WSH,MIN,0,9.0,REG,18.0,2,4,13.0,4.0,C. Lindgren,2,0.0,1.0,30,21
2024021148,2025-03-27,20242025,REG,MIN,WSH,1,22.0,REG,15.0,4,2,25.0,2.0,F. Gustavsson,2,1.0,2.0,21,30
2024021149,2025-03-27,20242025,REG,LAK,COL,0,8.0,REG,9.0,0,4,17.0,6.0,D. Rittich,2,0.0,7.0,22,26
2024021149,2025-03-27,20242025,REG,COL,LAK,1,14.0,REG,11.0,4,0,15.0,6.0,M. Blackwood,2,2.0,3.0,26,22
2024021150,2025-03-27,20242025,REG,DAL,CGY,0,32.0,REG,13.0,5,2,20.0,18.0,C. DeSmith,2,0.0,3.0,19,48
2024021150,2025-03-27,20242025,REG,CGY,DAL,1,18.0,REG,11.0,2,5,26.0,14.0,D. Wolf,2,1.0,2.0,48,19
2024021151,2025-03-27,20242025,REG,EDM,SEA,0,5.0,REG,16.0,1,6,26.0,8.0,C. Pickard,2,0.0,2.0,37,37
2024021151,2025-03-27,20242025,REG,SEA,EDM,1,17.0,REG,21.0,6,1,15.0,6.0,J. Daccord,2,1.0,5.0,37,37
2024021152,2025-03-27,20242025,REG,TOR,SJS,0,17.0,SO,13.0,5,6,26.0,20.0,J. Woll,2,2.0,2.0,35,35
2024021152,2025-03-27,20242025,REG,SJS,TOR,1,21.0,SO,10.0,6,5,5.0,10.0,A. Georgiev,2,1.0,4.0,35,35
2024021153,2025-03-28,20242025,REG,UTA,FLA,0,12.0,OT,15.0,1,2,28.0,10.0,K. Vejmelka,2,0.0,2.0,15,32
2024021153,2025-03-28,20242025,REG,FLA,UTA,1,16.0,OT,18.0,2,1,28.0,8.0,S. Bobrovsky,2,1.0,3.0,32,15
2024021154,2025-03-28,20242025,REG,MTL,CAR,0,22.0,REG,9.0,1,4,22.0,8.0,S. Montembeault,2,0.0,3.0,15,24
2024021154,2025-03-28,20242025,REG,CAR,MTL,1,10.0,REG,15.0,4,1,16.0,6.0,F. Andersen,2,1.0,5.0,24,15
2024021155,2025-03-28,20242025,REG,VAN,CBJ,0,14.0,SO,13.0,6,7,23.0,10.0,K. Lankinen,2,2.0,4.0,37,38
2024021155,2025-03-28,20242025,REG,CBJ,VAN,1,12.0,SO,15.0,7,6,22.0,6.0,E. Merzlikins,2,1.0,6.0,38,37
2024021156,2025-03-28,20242025,REG,NJD,WPG,0,10.0,REG,18.0,0,4,31.0,2.0,J. Allen,2,0.0,7.0,24,19
2024021156,2025-03-28,20242025,REG,WPG,NJD,1,10.0,REG,12.0,4,0,22.0,6.0,C. Hellebuyck,2,1.0,5.0,19,24
2024021157,2025-03-28,20242025,REG,VGK,CHI,0,13.0,REG,20.0,5,3,18.0,2.0,A. Hill,2,1.0,4.0,22,21
2024021157,2025-03-28,20242025,REG,CHI,VGK,1,13.0,REG,13.0,3,5,19.0,4.0,S. Knight,2,0.0,5.0,21,22
2024021158,2025-03-28,20242025,REG,NYR,ANA,0,10.0,OT,17.0,4,5,22.0,8.0,I. Shesterkin,2,1.0,2.0,30,33
2024021158,2025-03-28,20242025,REG,ANA,NYR,1,13.0,OT,21.0,5,4,18.0,12.0,L. Dostal,2,0.0,3.0,33,30
2024021159,2025-03-29,20242025,REG,BUF,PHI,0,11.0,REG,14.0,4,7,12.0,6.0,U. Luukkonen,2,1.0,6.0,21,32
2024021159,2025-03-29,20242025,REG,PHI,BUF,1,15.0,REG,19.0,7,4,15.0,4.0,S. Ersson,2,2.0,5.0,32,21
2024021160,2025-03-29,20242025,REG,NYI,TBL,0,12.0,REG,14.0,3,5,30.0,0.0,I. Sorokin,2,1.0,9.0,38,24
2024021160,2025-03-29,20242025,REG,TBL,NYI,1,12.0,REG,14.0,5,3,14.0,4.0,J. Johansson,2,0.0,8.0,24,38
2024021161,2025-03-29,20242025,REG,STL,COL,0,22.0,REG,15.0,2,1,30.0,2.0,J. Binnington,2,1.0,6.0,27,29
2024021161,2025-03-29,20242025,REG,COL,STL,1,9.0,REG,17.0,1,2,25.0,8.0,M. Blackwood,2,0.0,7.0,29,27
2024021162,2025-03-29,20242025,REG,NJD,MIN,0,9.0,REG,11.0,5,2,24.0,11.0,J. Markstrom,2,1.0,5.0,33,24
2024021162,2025-03-29,20242025,REG,MIN,NJD,1,19.0,REG,6.0,2,5,29.0,9.0,F. Gustavsson,2,0.0,7.0,24,33
2024021163,2025-03-29,20242025,REG,VGK,NSH,0,13.0,REG,15.0,3,1,19.0,2.0,A. Hill,2,1.0,5.0,29,24
2024021163,2025-03-29,20242025,REG,NSH,VGK,1,8.0,REG,17.0,1,3,31.0,2.0,J. Annunen,2,1.0,8.0,24,29
2024021164,2025-03-29,20242025,REG,CBJ,OTT,0,16.0,REG,10.0,2,3,22.0,4.0,D. Tarasov,2,0.0,2.0,30,27
2024021164,2025-03-29,20242025,REG,OTT,CBJ,1,18.0,REG,15.0,3,2,23.0,2.0,L. Ullmark,2,0.0,3.0,27,30
2024021165,2025-03-29,20242025,REG,TOR,LAK,0,14.0,REG,10.0,3,1,26.0,13.0,A. Stolarz,2,1.0,2.0,26,36
2024021165,2025-03-29,20242025,REG,LAK,TOR,1,9.0,REG,8.0,1,3,17.0,11.0,D. Kuemper,2,0.0,2.0,36,26
2024021166,2025-03-29,20242025,REG,BOS,DET,0,9.0,REG,17.0,1,2,39.0,16.0,J. Swayman,2,1.0,6.0,21,22
2024021166,2025-03-29,20242025,REG,DET,BOS,1,7.0,REG,16.0,2,1,38.0,22.0,C. Talbot,2,1.0,6.0,22,21
2024021167,2025-03-29,20242025,REG,CGY,EDM,0,21.0,OT,12.0,2,3,19.0,4.0,D. Wolf,2,0.0,4.0,28,29
2024021167,2025-03-29,20242025,REG,EDM,CGY,1,19.0,OT,19.0,3,2,18.0,8.0,C. Pickard,2,0.0,8.0,29,28
2024021168,2025-03-29,20242025,REG,NYR,SJS,0,20.0,REG,19.0,6,1,20.0,8.0,J. Quick,2,0.0,4.0,33,22
2024021168,2025-03-29,20242025,REG,SJS,NYR,1,18.0,REG,10.0,1,6,14.0,6.0,A. Georgiev,2,1.0,1.0,22,33
2024021169,2025-03-29,20242025,REG,DAL,SEA,0,12.0,REG,10.0,5,1,10.0,13.0,J. Oettinger,2,2.0,4.0,21,36
2024021169,2025-03-29,20242025,REG,SEA,DAL,1,20.0,REG,9.0,1,5,18.0,13.0,J. Daccord,2,0.0,8.0,36,21
2024021170,2025-03-30,20242025,REG,MTL,FLA,0,23.0,REG,10.0,4,2,19.0,6.0,S. Montembeault,2,2.0,4.0,23,26
2024021170,2025-03-30,20242025,REG,FLA,MTL,1,11.0,REG,15.0,2,4,32.0,20.0,S. Bobrovsky,2,0.0,3.0,26,23
2024021171,2025-03-30,20242025,REG,BUF,WSH,0,19.0,REG,7.0,8,5,16.0,6.0,J. Reimer,2,2.0,7.0,23,29
2024021171,2025-03-30,20242025,REG,WSH,BUF,1,12.0,REG,13.0,5,8,21.0,12.0,L. Thompson,2,1.0,3.0,29,23
2024021172,2025-03-30,20242025,REG,VAN,WPG,0,8.0,REG,12.0,1,3,50.0,6.0,T. Demko,2,0.0,4.0,24,27
2024021172,2025-03-30,20242025,REG,WPG,VAN,1,11.0,REG,13.0,3,1,24.0,4.0,C. Hellebuyck,2,0.0,4.0,27,24
2024021173,2025-03-30,20242025,REG,UTA,CHI,0,17.0,REG,20.0,5,2,15.0,13.0,K. Vejmelka,2,0.0,4.0,31,29
2024021173,2025-03-30,20242025,REG,CHI,UTA,1,12.0,REG,23.0,2,5,15.0,7.0,A. Soderblom,2,0.0,0.0,29,31
2024021174,2025-03-30,20242025,REG,OTT,PIT,0,21.0,OT,14.0,0,1,32.0,6.0,A. Forsberg,2,0.0,1.0,31,35
2024021174,2025-03-30,20242025,REG,PIT,OTT,1,12.0,OT,23.0,1,0,32.0,4.0,T. Jarry,2,1.0,6.0,35,31
2024021175,2025-03-30,20242025,REG,NYI,CAR,0,9.0,REG,15.0,4,6,23.0,8.0,M. Hogberg,2,1.0,9.0,31,30
2024021175,2025-03-30,20242025,REG,CAR,NYI,1,11.0,REG,20.0,6,4,8.0,8.0,P. Kochetkov,2,1.0,12.0,30,31
2024021176,2025-03-30,20242025,REG,TOR,ANA,0,22.0,REG,16.0,3,2,20.0,8.0,J. Woll,2,0.0,4.0,23,31
2024021176,2025-03-30,20242025,REG,ANA,TOR,1,9.0,REG,16.0,2,3,5.0,4.0,L. Dostal,2,1.0,6.0,31,23
2024021177,2025-03-30,20242025,REG,SJS,LAK,0,25.0,REG,13.0,1,8,16.0,12.0,G. Romanov,2,0.0,1.0,23,36
2024021177,2025-03-30,20242025,REG,LAK,SJS,1,8.0,REG,30.0,8,1,18.0,8.0,D. Rittich,2,2.0,3.0,36,23
2024021178,2025-03-31,20242025,REG,MIN,NJD,0,18.0,SO,12.0,2,3,25.0,4.0,F. Gustavsson,2,0.0,5.0,30,28
2024021178,2025-03-31,20242025,REG,NJD,MIN,1,13.0,SO,23.0,3,2,23.0,4.0,J. Markstrom,2,0.0,3.0,28,30
2024021179,2025-03-31,20242025,REG,NSH,PHI,0,7.0,REG,12.0,1,2,15.0,2.0,J. Annunen,2,0.0,2.0,29,18
2024021179,2025-03-31,20242025,REG,PHI,NSH,1,20.0,REG,18.0,2,1,18.0,2.0,I. Fedotov,2,0.0,13.0,18,29
2024021180,2025-03-31,20242025,REG,CGY,COL,0,21.0,SO,22.0,3,2,47.0,4.0,D. Vladar,2,0.0,6.0,27,30
2024021180,2025-03-31,20242025,REG,COL,CGY,1,18.0,SO,14.0,2,3,22.0,2.0,S. Wedgewood,2,0.0,8.0,30,27
2024021181,2025-03-31,20242025,REG,DAL,SEA,0,12.0,REG,17.0,3,1,11.0,6.0,C. DeSmith,2,0.0,4.0,31,36
2024021181,2025-03-31,20242025,REG,SEA,DAL,1,13.0,REG,7.0,1,3,29.0,6.0,P. Grubauer,2,0.0,5.0,36,31
2024021182,2025-04-01,20242025,REG,WSH,BOS,0,15.0,REG,13.0,4,3,17.0,11.0,C. Lindgren,2,1.0,1.0,32,24
2024021182,2025-04-01,20242025,REG,BOS,WSH,1,13.0,REG,11.0,3,4,20.0,9.0,J. Swayman,2,1.0,8.0,24,32
2024021183,2025-04-01,20242025,REG,FLA,MTL,0,16.0,OT,6.0,2,3,17.0,6.0,V. Vanecek,2,1.0,5.0,27,21
2024021183,2025-04-01,20242025,REG,MTL,FLA,1,20.0,OT,6.0,3,2,11.0,6.0,S. Montembeault,2,0.0,5.0,21,27
2024021184,2025-04-01,20242025,REG,BUF,OTT,0,27.0,REG,14.0,5,2,13.0,12.0,J. Reimer,2,0.0,3.0,22,35
2024021184,2025-04-01,20242025,REG,OTT,BUF,1,8.0,REG,15.0,2,5,25.0,6.0,L. Ullmark,2,0.0,5.0,35,22
2024021185,2025-04-01,20242025,REG,NSH,CBJ,0,14.0,REG,11.0,4,8,10.0,19.0,J. Saros,2,0.0,2.0,28,37
2024021185,2025-04-01,20242025,REG,CBJ,NSH,1,12.0,REG,12.0,8,4,22.0,17.0,E. Merzlikins,2,2.0,6.0,37,28
2024021186,2025-04-01,20242025,REG,TBL,NYI,0,21.0,REG,11.0,4,1,14.0,15.0,A. Vasilevskiy,2,0.0,1.0,24,29
2024021186,2025-04-01,20242025,REG,NYI,TBL,1,13.0,REG,16.0,1,4,25.0,15.0,I. Sorokin,2,0.0,1.0,29,24
2024021187,2025-04-01,20242025,REG,DET,STL,0,15.0,OT,15.0,1,2,32.0,6.0,C. Talbot,2,0.0,3.0,21,37
2024021187,2025-04-01,20242025,REG,STL,DET,1,14.0,OT,19.0,2,1,39.0,4.0,J. Binnington,2,0.0,4.0,37,21
2024021188,2025-04-01,20242025,REG,CGY,UTA,0,14.0,REG,12.0,1,3,33.0,4.0,D. Wolf,2,0.0,5.0,34,28
2024021188,2025-04-01,20242025,REG,UTA,CGY,1,17.0,REG,20.0,3,1,28.0,8.0,K. Vejmelka,2,0.0,4.0,28,34
2024021189,2025-04-01,20242025,REG,EDM,VGK,0,14.0,REG,13.0,3,2,30.0,2.0,C. Pickard,2,1.0,5.0,20,22
2024021189,2025-04-01,20242025,REG,VGK,EDM,1,6.0,REG,14.0,2,3,13.0,6.0,A. Hill,2,0.0,2.0,22,20
2024021190,2025-04-01,20242025,REG,SJS,ANA,0,15.0,SO,13.0,3,4,16.0,10.0,A. Georgiev,2,0.0,4.0,31,37
2024021190,2025-04-01,20242025,REG,ANA,SJS,1,13.0,SO,9.0,4,3,24.0,6.0,L. Dostal,2,1.0,4.0,37,31
2024021191,2025-04-01,20242025,REG,WPG,LAK,0,20.0,REG,8.0,1,4,26.0,0.0,C. Hellebuyck,2,0.0,2.0,20,20
2024021191,2025-04-01,20242025,REG,LAK,WPG,1,17.0,REG,15.0,4,1,19.0,4.0,D. Kuemper,2,0.0,3.0,20,20
2024021192,2025-04-02,20242025,REG,MIN,NYR,0,11.0,OT,19.0,4,5,17.0,8.0,F. Gustavsson,2,1.0,3.0,24,39
2024021192,2025-04-02,20242025,REG,NYR,MIN,1,13.0,OT,16.0,5,4,24.0,4.0,I. Shesterkin,2,0.0,3.0,39,24
2024021193,2025-04-02,20242025,REG,WSH,CAR,0,14.0,REG,17.0,1,5,35.0,74.0,L. Thompson,2,1.0,7.0,21,31
2024021193,2025-04-02,20242025,REG,CAR,WSH,1,12.0,REG,17.0,5,1,15.0,68.0,F. Andersen,2,3.0,1.0,31,21
2024021194,2025-04-02,20242025,REG,FLA,TOR,0,7.0,REG,20.0,2,3,39.0,2.0,S. Bobrovsky,2,1.0,3.0,31,26
2024021194,2025-04-02,20242025,REG,TOR,FLA,1,21.0,REG,12.0,3,2,25.0,4.0,A. Stolarz,2,0.0,2.0,26,31
2024021195,2025-04-02,20242025,REG,COL,CHI,0,14.0,SO,16.0,3,2,25.0,6.0,S. Wedgewood,2,0.0,4.0,31,23
2024021195,2025-04-02,20242025,REG,CHI,COL,1,16.0,SO,22.0,2,3,19.0,6.0,S. Knight,2,0.0,7.0,23,31
2024021196,2025-04-02,20242025,REG,SEA,VAN,0,24.0,REG,12.0,5,0,15.0,10.0,J. Daccord,2,0.0,0.0,19,24
2024021196,2025-04-02,20242025,REG,VAN,SEA,1,10.0,REG,9.0,0,5,30.0,18.0,T. Demko,2,0.0,4.0,24,19
2024021197,2025-04-03,20242025,REG,BOS,MTL,0,15.0,REG,18.0,1,4,29.0,9.0,J. Swayman,2,0.0,3.0,19,32
2024021197,2025-04-03,20242025,REG,MTL,BOS,1,21.0,REG,18.0,4,1,34.0,11.0,S. Montembeault,2,0.0,7.0,32,19
2024021198,2025-04-03,20242025,REG,TBL,OTT,0,14.0,REG,9.0,1,2,14.0,4.0,A. Vasilevskiy,2,0.0,6.0,32,19
2024021198,2025-04-03,20242025,REG,OTT,TBL,1,21.0,REG,8.0,2,1,27.0,6.0,L. Ullmark,2,1.0,2.0,19,32
2024021199,2025-04-03,20242025,REG,COL,CBJ,0,20.0,REG,18.0,7,3,15.0,4.0,M. Blackwood,2,1.0,3.0,32,30
2024021199,2025-04-03,20242025,REG,CBJ,COL,1,9.0,REG,11.0,3,7,22.0,4.0,E. Merzlikins,2,0.0,4.0,30,32
2024021200,2025-04-03,20242025,REG,PIT,STL,0,11.0,OT,11.0,4,5,20.0,10.0,T. Jarry,2,1.0,5.0,28,19
2024021200,2025-04-03,20242025,REG,STL,PIT,1,13.0,OT,19.0,5,4,22.0,2.0,J. Hofer,2,1.0,5.0,19,28
2024021201,2025-04-03,20242025,REG,NSH,DAL,0,17.0,REG,8.0,1,5,34.0,10.0,J. Annunen,2,0.0,9.0,29,27
2024021201,2025-04-03,20242025,REG,DAL,NSH,1,8.0,REG,12.0,5,1,19.0,6.0,J. Oettinger,2,0.0,2.0,27,29
2024021202,2025-04-03,20242025,REG,LAK,UTA,0,15.0,REG,21.0,4,2,26.0,8.0,D. Kuemper,2,0.0,4.0,20,30
2024021202,2025-04-03,20242025,REG,UTA,LAK,1,19.0,REG,26.0,2,4,28.0,2.0,K. Vejmelka,2,1.0,5.0,30,20
2024021203,2025-04-03,20242025,REG,ANA,CGY,0,23.0,REG,11.0,1,4,28.0,6.0,J. Gibson,2,0.0,4.0,27,34
2024021203,2025-04-03,20242025,REG,CGY,ANA,1,14.0,REG,10.0,4,1,14.0,4.0,D. Wolf,2,1.0,6.0,34,27
2024021204,2025-04-03,20242025,REG,WPG,VGK,0,18.0,REG,11.0,4,0,29.0,2.0,E. Comrie,2,1.0,1.0,22,26
2024021204,2025-04-03,20242025,REG,VGK,WPG,1,15.0,REG,17.0,0,4,24.0,4.0,A. Hill,2,0.0,2.0,26,22
2024021205,2025-04-03,20242025,REG,EDM,SJS,0,9.0,REG,8.0,3,2,17.0,2.0,C. Pickard,2,1.0,7.0,38,29
2024021205,2025-04-03,20242025,REG,SJS,EDM,1,15.0,REG,17.0,2,3,15.0,4.0,G. Romanov,2,0.0,3.0,29,38
2024021206,2025-04-04,20242025,REG,CAR,DET,0,6.0,REG,20.0,3,5,7.0,4.0,P. Kochetkov,2,0.0,5.0,33,21
2024021206,2025-04-04,20242025,REG,DET,CAR,1,25.0,REG,22.0,5,3,17.0,4.0,C. Talbot,2,0.0,5.0,21,33
2024021207,2025-04-04,20242025,REG,CHI,WSH,0,14.0,REG,12.0,3,5,12.0,6.0,S. Knight,2,0.0,2.0,22,29
2024021207,2025-04-04,20242025,REG,WSH,CHI,1,10.0,REG,7.0,5,3,18.0,2.0,C. Lindgren,2,2.0,9.0,29,22
2024021208,2025-04-04,20242025,REG,MIN,NYI,0,26.0,REG,10.0,1,3,21.0,6.0,F. Gustavsson,2,0.0,4.0,28,27
2024021208,2025-04-04,20242025,REG,NYI,MIN,1,18.0,REG,16.0,3,1,14.0,4.0,I. Sorokin,2,1.0,2.0,27,28
2024021209,2025-04-05,20242025,REG,NYR,NJD,0,11.0,REG,13.0,0,4,24.0,6.0,I. Shesterkin,2,0.0,5.0,26,16
2024021209,2025-04-05,20242025,REG,NJD,NYR,1,11.0,REG,19.0,4,0,21.0,6.0,J. Markstrom,2,1.0,3.0,16,26
2024021210,2025-04-05,20242025,REG,FLA,OTT,0,9.0,REG,14.0,0,3,55.0,32.0,S. Bobrovsky,2,0.0,6.0,39,22
2024021210,2025-04-05,20242025,REG,OTT,FLA,1,20.0,REG,11.0,3,0,31.0,18.0,A. Forsberg,2,1.0,8.0,22,39
2024021211,2025-04-05,20242025,REG,PIT,DAL,0,11.0,REG,20.0,5,3,17.0,4.0,T. Jarry,2,1.0,5.0,40,24
2024021211,2025-04-05,20242025,REG,DAL,PIT,1,20.0,REG,23.0,3,5,8.0,6.0,C. DeSmith,2,1.0,6.0,24,40
2024021212,2025-04-05,20242025,REG,ANA,VAN,0,5.0,REG,11.0,2,6,31.0,4.0,L. Dostal,2,0.0,5.0,32,26
2024021212,2025-04-05,20242025,REG,VAN,ANA,1,9.0,REG,10.0,6,2,31.0,4.0,T. Demko,2,2.0,5.0,26,32
2024021213,2025-04-05,20242025,REG,EDM,LAK,0,12.0,REG,15.0,0,3,17.0,6.0,C. Pickard,2,0.0,3.0,27,29
2024021213,2025-04-05,20242025,REG,LAK,EDM,1,11.0,REG,15.0,3,0,23.0,2.0,D. Kuemper,2,0.0,3.0,29,27
2024021214,2025-04-05,20242025,REG,CAR,BOS,0,7.0,REG,17.0,1,5,12.0,4.0,F. Andersen,2,0.0,6.0,40,27
2024021214,2025-04-05,20242025,REG,BOS,CAR,1,25.0,REG,25.0,5,1,39.0,2.0,J. Swayman,2,0.0,0.0,27,40
2024021215,2025-04-05,20242025,REG,TBL,BUF,0,14.0,SO,18.0,2,3,19.0,6.0,J. Johansson,2,0.0,4.0,24,38
2024021215,2025-04-05,20242025,REG,BUF,TBL,1,18.0,SO,13.0,3,2,16.0,4.0,J. Reimer,2,1.0,7.0,38,24
2024021216,2025-04-05,20242025,REG,CBJ,TOR,0,15.0,REG,17.0,0,5,18.0,12.0,E. Merzlikins,2,0.0,5.0,27,27
2024021216,2025-04-05,20242025,REG,TOR,CBJ,1,14.0,REG,15.0,5,0,24.0,14.0,A. Stolarz,2,0.0,2.0,27,27
2024021217,2025-04-05,20242025,REG,PHI,MTL,0,10.0,REG,19.0,2,3,24.0,4.0,S. Ersson,2,1.0,0.0,24,26
2024021217,2025-04-05,20242025,REG,MTL,PHI,1,14.0,REG,29.0,3,2,40.0,8.0,S. Montembeault,2,0.0,1.0,26,24
2024021218,2025-04-05,20242025,REG,COL,STL,0,13.0,REG,16.0,4,5,28.0,6.0,M. Blackwood,2,0.0,7.0,39,22
2024021218,2025-04-05,20242025,REG,STL,COL,1,20.0,REG,11.0,5,4,21.0,6.0,J. Binnington,2,2.0,3.0,22,39
2024021219,2025-04-05,20242025,REG,WPG,UTA,0,12.0,REG,15.0,1,4,36.0,6.0,C. Hellebuyck,2,1.0,7.0,33,28
2024021219,2025-04-05,20242025,REG,UTA,WPG,1,17.0,REG,15.0,4,1,12.0,8.0,K. Vejmelka,2,2.0,6.0,28,33
2024021220,2025-04-05,20242025,REG,VGK,CGY,0,21.0,OT,11.0,3,2,14.0,8.0,A. Schmid,2,0.0,3.0,34,23
2024021220,2025-04-05,20242025,REG,CGY,VGK,1,11.0,OT,13.0,2,3,38.0,4.0,D. Wolf,2,0.0,5.0,23,34
2024021221,2025-04-05,20242025,REG,SEA,SJS,0,14.0,REG,15.0,5,1,9.0,35.0,J. Daccord,2,0.0,6.0,22,24
2024021221,2025-04-05,20242025,REG,SJS,SEA,1,15.0,REG,9.0,1,5,21.0,29.0,A. Georgiev,2,0.0,3.0,24,22
2024021222,2025-04-06,20242025,REG,WSH,NYI,0,22.0,REG,13.0,1,4,20.0,4.0,C. Lindgren,2,1.0,8.0,29,22
2024021222,2025-04-06,20242025,REG,NYI,WSH,1,18.0,REG,11.0,4,1,26.0,4.0,I. Sorokin,2,0.0,5.0,22,29
2024021223,2025-04-06,20242025,REG,DAL,MIN,0,10.0,OT,18.0,2,3,17.0,6.0,J. Oettinger,2,0.0,1.0,25,41
2024021223,2025-04-06,20242025,REG,MIN,DAL,1,14.0,OT,15.0,3,2,27.0,8.0,F. Gustavsson,2,1.0,9.0,41,25
2024021224,2025-04-06,20242025,REG,CBJ,OTT,0,12.0,REG,20.0,0,4,27.0,6.0,D. Tarasov,2,0.0,6.0,29,30
2024021224,2025-04-06,20242025,REG,OTT,CBJ,1,16.0,REG,22.0,4,0,24.0,0.0,L. Ullmark,2,0.0,5.0,30,29
2024021225,2025-04-06,20242025,REG,FLA,DET,0,13.0,REG,16.0,1,2,42.0,22.0,V. Vanecek,2,0.0,7.0,33,24
2024021225,2025-04-06,20242025,REG,DET,FLA,1,10.0,REG,15.0,2,1,19.0,4.0,C. Talbot,2,1.0,7.0,24,33
2024021226,2025-04-06,20242025,REG,BOS,BUF,0,17.0,REG,12.0,3,6,23.0,4.0,J. Korpisalo,2,1.0,4.0,20,37
2024021226,2025-04-06,20242025,REG,BUF,BOS,1,8.0,REG,16.0,6,3,13.0,2.0,U. Luukkonen,2,0.0,7.0,37,20
2024021227,2025-04-06,20242025,REG,PIT,CHI,0,7.0,REG,22.0,1,3,27.0,2.0,A. Nedeljkovic,2,1.0,9.0,29,31
2024021227,2025-04-06,20242025,REG,CHI,PIT,1,10.0,REG,20.0,3,1,19.0,6.0,S. Knight,2,0.0,7.0,31,29
2024021228,2025-04-06,20242025,REG,MTL,NSH,0,24.0,REG,17.0,2,1,16.0,15.0,J. Dobes,2,0.0,6.0,17,37
2024021228,2025-04-06,20242025,REG,NSH,MTL,1,10.0,REG,13.0,1,2,19.0,9.0,J. Saros,2,0.0,2.0,37,17
2024021229,2025-04-06,20242025,REG,VGK,VAN,0,14.0,REG,17.0,3,2,7.0,2.0,A. Hill,2,0.0,2.0,35,21
2024021229,2025-04-06,20242025,REG,VAN,VGK,1,21.0,REG,17.0,2,3,27.0,4.0,K. Lankinen,2,0.0,8.0,21,35
2024021230,2025-04-07,20242025,REG,TBL,NYR,0,12.0,REG,12.0,5,1,3.0,6.0,A. Vasilevskiy,2,3.0,1.0,23,39
2024021230,2025-04-07,20242025,REG,NYR,TBL,1,15.0,REG,11.0,1,5,25.0,18.0,I. Shesterkin,2,1.0,3.0,39,23
2024021231,2025-04-07,20242025,REG,STL,WPG,0,20.0,REG,18.0,1,3,31.0,2.0,J. Hofer,2,0.0,1.0,15,26
2024021231,2025-04-07,20242025,REG,WPG,STL,1,18.0,REG,12.0,3,1,26.0,4.0,C. Hellebuyck,2,0.0,4.0,26,15
2024021232,2025-04-07,20242025,REG,EDM,ANA,0,12.0,REG,14.0,2,3,16.0,12.0,O. Rodrigue,2,0.0,4.0,47,21
2024021232,2025-04-07,20242025,REG,ANA,EDM,1,16.0,REG,11.0,3,2,10.0,28.0,L. Dostal,2,0.0,6.0,21,47
2024021233,2025-04-07,20242025,REG,SEA,LAK,0,30.0,REG,21.0,2,1,24.0,8.0,J. Daccord,2,0.0,11.0,28,29
2024021233,2025-04-07,20242025,REG,LAK,SEA,1,10.0,REG,14.0,1,2,18.0,4.0,D. Kuemper,2,0.0,6.0,29,28
2024021234,2025-04-07,20242025,REG,CGY,SJS,0,12.0,REG,9.0,3,2,33.0,6.0,D. Wolf,2,1.0,6.0,32,31
2024021234,2025-04-07,20242025,REG,SJS,CGY,1,14.0,REG,17.0,2,3,21.0,2.0,G. Romanov,2,1.0,5.0,31,32
2024021235,2025-04-08,20242025,REG,CAR,BUF,0,13.0,REG,9.0,0,3,12.0,2.0,P. Kochetkov,2,0.0,4.0,33,18
2024021235,2025-04-08,20242025,REG,BUF,CAR,1,16.0,REG,19.0,3,0,22.0,6.0,J. Reimer,2,0.0,4.0,18,33
2024021236,2025-04-08,20242025,REG,DET,MTL,0,18.0,REG,12.0,1,4,24.0,4.0,C. Talbot,2,0.0,4.0,36,21
2024021236,2025-04-08,20242025,REG,MTL,DET,1,12.0,REG,7.0,4,1,26.0,6.0,S. Montembeault,2,0.0,4.0,21,36
2024021237,2025-04-08,20242025,REG,TOR,FLA,0,18.0,REG,16.0,1,3,29.0,2.0,J. Woll,2,0.0,6.0,18,37
2024021237,2025-04-08,20242025,REG,FLA,TOR,1,11.0,REG,7.0,3,1,43.0,2.0,S. Bobrovsky,2,0.0,2.0,37,18
2024021238,2025-04-08,20242025,REG,BOS,NJD,0,14.0,REG,16.0,7,2,15.0,2.0,J. Swayman,2,0.0,2.0,25,21
2024021238,2025-04-08,20242025,REG,NJD,BOS,1,12.0,REG,16.0,2,7,27.0,4.0,J. Markstrom,2,0.0,5.0,21,25
2024021239,2025-04-08,20242025,REG,OTT,CBJ,0,23.0,REG,13.0,2,5,27.0,6.0,A. Forsberg,2,1.0,0.0,35,35
2024021239,2025-04-08,20242025,REG,CBJ,OTT,1,20.0,REG,16.0,5,2,23.0,10.0,E. Merzlikins,2,1.0,7.0,35,35
2024021240,2025-04-08,20242025,REG,CHI,PIT,0,8.0,REG,28.0,0,5,7.0,6.0,S. Knight,2,0.0,8.0,26,27
2024021240,2025-04-08,20242025,REG,PIT,CHI,1,11.0,REG,22.0,5,0,15.0,4.0,T. Jarry,2,1.0,2.0,27,26
2024021241,2025-04-08,20242025,REG,NYI,NSH,0,17.0,OT,16.0,6,7,26.0,6.0,I. Sorokin,2,0.0,4.0,22,32
2024021241,2025-04-08,20242025,REG,NSH,NYI,1,13.0,OT,15.0,7,6,21.0,4.0,J. Annunen,2,2.0,9.0,32,22
2024021242,2025-04-08,20242025,REG,VAN,DAL,0,9.0,OT,22.0,6,5,29.0,10.0,T. Demko,2,2.0,4.0,32,28
2024021242,2025-04-08,20242025,REG,DAL,VAN,1,20.0,OT,6.0,5,6,14.0,10.0,C. DeSmith,2,3.0,5.0,28,32
2024021243,2025-04-08,20242025,REG,SEA,UTA,0,12.0,REG,21.0,1,7,22.0,19.0,J. Daccord,2,1.0,5.0,19,41
2024021243,2025-04-08,20242025,REG,UTA,SEA,1,16.0,REG,11.0,7,1,17.0,15.0,K. Vejmelka,2,3.0,4.0,41,19
2024021244,2025-04-08,20242025,REG,VGK,COL,0,15.0,SO,17.0,2,3,16.0,13.0,A. Schmid,2,0.0,5.0,21,36
2024021244,2025-04-08,20242025,REG,COL,VGK,1,11.0,SO,14.0,3,2,27.0,13.0,S. Wedgewood,2,1.0,6.0,36,21
2024021245,2025-04-09,20242025,REG,TOR,TBL,0,33.0,OT,12.0,4,3,18.0,15.0,A. Stolarz,2,1.0,4.0,31,28
2024021245,2025-04-09,20242025,REG,TBL,TOR,1,14.0,OT,13.0,3,4,25.0,11.0,A. Vasilevskiy,2,2.0,6.0,28,31
2024021246,2025-04-09,20242025,REG,PHI,NYR,0,18.0,REG,17.0,8,5,29.0,16.0,A. Kolosov,2,0.0,4.0,30,29
2024021246,2025-04-09,20242025,REG,NYR,PHI,1,7.0,REG,21.0,5,8,22.0,0.0,J. Quick,2,0.0,9.0,29,30
2024021247,2025-04-09,20242025,REG,SJS,MIN,0,24.0,OT,10.0,7,8,27.0,10.0,A. Georgiev,2,0.0,3.0,31,44
2024021247,2025-04-09,20242025,REG,MIN,SJS,1,14.0,OT,17.0,8,7,24.0,2.0,M. Fleury,2,3.0,5.0,44,31
2024021248,2025-04-09,20242025,REG,STL,EDM,0,15.0,REG,26.0,3,4,21.0,7.0,J. Binnington,2,0.0,5.0,26,23
2024021248,2025-04-09,20242025,REG,EDM,STL,1,12.0,REG,13.0,4,3,10.0,21.0,C. Pickard,2,0.0,6.0,23,26
2024021249,2025-04-09,20242025,REG,CGY,ANA,0,16.0,OT,19.0,3,4,8.0,2.0,D. Wolf,2,0.0,2.0,39,23
2024021249,2025-04-09,20242025,REG,ANA,CGY,1,11.0,OT,22.0,4,3,16.0,12.0,V. Husso,2,0.0,2.0,23,39
2024021250,2025-04-10,20242025,REG,CHI,BOS,0,11.0,REG,14.0,5,2,21.0,6.0,A. Soderblom,2,0.0,6.0,21,33
2024021250,2025-04-10,20242025,REG,BOS,CHI,1,7.0,REG,16.0,2,5,32.0,4.0,J. Swayman,2,0.0,2.0,33,21
2024021251,2025-04-10,20242025,REG,DET,FLA,0,18.0,REG,8.0,1,4,16.0,2.0,C. Talbot,2,0.0,3.0,23,31
2024021251,2025-04-10,20242025,REG,FLA,DET,1,14.0,REG,11.0,4,1,33.0,14.0,S. Bobrovsky,2,1.0,6.0,31,23
2024021252,2025-04-10,20242025,REG,CAR,WSH,0,12.0,SO,16.0,4,5,12.0,11.0,F. Andersen,2,0.0,2.0,34,28
2024021252,2025-04-10,20242025,REG,WSH,CAR,1,21.0,SO,24.0,5,4,31.0,7.0,C. Lindgren,2,2.0,6.0,28,34
2024021253,2025-04-10,20242025,REG,BUF,CBJ,0,13.0,REG,16.0,2,3,15.0,2.0,J. Reimer,2,0.0,3.0,41,30
2024021253,2025-04-10,20242025,REG,CBJ,BUF,1,17.0,REG,11.0,3,2,25.0,2.0,J. Greaves,2,1.0,9.0,30,41
2024021254,2025-04-10,20242025,REG,NYR,NYI,0,16.0,REG,16.0,9,2,14.0,4.0,I. Shesterkin,2,1.0,9.0,32,46
2024021254,2025-04-10,20242025,REG,NYI,NYR,1,16.0,REG,14.0,2,9,23.0,2.0,M. Hogberg,2,1.0,7.0,46,32
2024021255,2025-04-10,20242025,REG,WPG,DAL,0,15.0,REG,8.0,4,0,44.0,7.0,C. Hellebuyck,2,0.0,5.0,35,25
2024021255,2025-04-10,20242025,REG,DAL,WPG,1,10.0,REG,26.0,0,4,27.0,7.0,J. Oettinger,2,0.0,4.0,25,35
2024021256,2025-04-10,20242025,REG,VAN,COL,0,11.0,REG,11.0,4,1,14.0,9.0,K. Lankinen,2,0.0,4.0,30,32
2024021256,2025-04-10,20242025,REG,COL,VAN,1,19.0,REG,21.0,1,4,16.0,9.0,M. Blackwood,2,0.0,6.0,32,30
2024021257,2025-04-10,20242025,REG,NSH,UTA,0,18.0,SO,23.0,4,3,25.0,6.0,J. Saros,2,2.0,1.0,31,42
2024021257,2025-04-10,20242025,REG,UTA,NSH,1,15.0,SO,23.0,3,4,18.0,8.0,K. Vejmelka,2,0.0,5.0,42,31
2024021258,2025-04-10,20242025,REG,SEA,VGK,0,22.0,REG,11.0,1,2,14.0,0.0,J. Daccord,2,0.0,6.0,25,25
2024021258,2025-04-10,20242025,REG,VGK,SEA,1,20.0,REG,14.0,2,1,12.0,4.0,A. Hill,2,0.0,5.0,25,25
2024021259,2025-04-10,20242025,REG,ANA,LAK,0,16.0,REG,8.0,1,6,31.0,12.0,L. Dostal,2,0.0,3.0,25,29
2024021259,2025-04-10,20242025,REG,LAK,ANA,1,11.0,REG,11.0,6,1,16.0,10.0,D. Kuemper,2,3.0,2.0,29,25
2024021260,2025-04-11,20242025,REG,MTL,OTT,0,7.0,REG,15.0,2,5,21.0,13.0,S. Montembeault,2,0.0,6.0,22,34
2024021260,2025-04-11,20242025,REG,OTT,MTL,1,14.0,REG,17.0,5,2,18.0,11.0,L. Ullmark,2,0.0,6.0,34,22
2024021261,2025-04-11,20242025,REG,DET,TBL,0,18.0,OT,19.0,4,3,21.0,0.0,A. Lyon,2,0.0,3.0,26,21
2024021261,2025-04-11,20242025,REG,TBL,DET,1,15.0,OT,28.0,3,4,18.0,2.0,A. Vasilevskiy,2,0.0,3.0,21,26
2024021262,2025-04-11,20242025,REG,PIT,NJD,0,13.0,REG,9.0,4,2,19.0,6.0,T. Jarry,2,2.0,3.0,24,28
2024021262,2025-04-11,20242025,REG,NJD,PIT,1,4.0,REG,8.0,2,4,20.0,8.0,J. Allen,2,0.0,4.0,28,24
2024021263,2025-04-11,20242025,REG,SJS,EDM,0,20.0,REG,18.0,2,4,13.0,10.0,G. Romanov,2,0.0,6.0,24,34
2024021263,2025-04-11,20242025,REG,EDM,SJS,1,14.0,REG,6.0,4,2,22.0,4.0,C. Pickard,2,2.0,7.0,34,24
2024021264,2025-04-11,20242025,REG,MIN,CGY,0,18.0,REG,16.0,2,4,25.0,4.0,F. Gustavsson,2,0.0,4.0,18,32
2024021264,2025-04-11,20242025,REG,CGY,MIN,1,24.0,REG,12.0,4,2,26.0,4.0,D. Wolf,2,1.0,5.0,32,18
2024021265,2025-04-12,20242025,REG,NYI,PHI,0,13.0,SO,12.0,3,4,19.0,8.0,M. Hogberg,2,1.0,9.0,40,22
2024021265,2025-04-12,20242025,REG,PHI,NYI,1,18.0,SO,15.0,4,3,16.0,8.0,S. Ersson,2,1.0,9.0,22,40
2024021266,2025-04-12,20242025,REG,NYR,CAR,0,10.0,REG,19.0,3,7,23.0,4.0,I. Shesterkin,2,1.0,10.0,31,28
2024021266,2025-04-12,20242025,REG,CAR,NYR,1,13.0,REG,19.0,7,3,16.0,4.0,P. Kochetkov,2,0.0,11.0,28,31
2024021267,2025-04-12,20242025,REG,COL,LAK,0,23.0,REG,10.0,4,5,22.0,6.0,M. Blackwood,2,1.0,6.0,26,33
2024021267,2025-04-12,20242025,REG,LAK,COL,1,12.0,REG,10.0,5,4,22.0,6.0,D. Kuemper,2,1.0,3.0,33,26
2024021268,2025-04-12,20242025,REG,BUF,FLA,0,13.0,SO,15.0,2,3,20.0,17.0,U. Luukkonen,2,2.0,11.0,28,34
2024021268,2025-04-12,20242025,REG,FLA,BUF,1,11.0,SO,16.0,3,2,34.0,17.0,V. Vanecek,2,0.0,7.0,34,28
2024021269,2025-04-12,20242025,REG,MTL,TOR,0,13.0,OT,13.0,0,1,21.0,15.0,J. Dobes,2,0.0,0.0,15,35
2024021269,2025-04-12,20242025,REG,TOR,MTL,1,18.0,OT,14.0,1,0,24.0,11.0,A. Stolarz,2,0.0,2.0,35,15
2024021270,2025-04-12,20242025,REG,WSH,CBJ,0,21.0,REG,21.0,0,7,21.0,48.0,H. Shepard,2,0.0,10.0,22,26
2024021270,2025-04-12,20242025,REG,CBJ,WSH,1,17.0,REG,12.0,7,0,22.0,26.0,J. Greaves,2,0.0,4.0,26,22
2024021271,2025-04-12,20242025,REG,WPG,CHI,0,7.0,SO,17.0,5,4,28.0,4.0,C. Hellebuyck,2,1.0,7.0,42,32
2024021271,2025-04-12,20242025,REG,CHI,WPG,1,14.0,SO,14.0,4,5,16.0,4.0,S. Knight,2,1.0,3.0,32,42
2024021272,2025-04-12,20242025,REG,UTA,DAL,0,7.0,REG,16.0,5,3,13.0,8.0,K. Vejmelka,2,4.0,4.0,34,24
2024021272,2025-04-12,20242025,REG,DAL,UTA,1,8.0,REG,16.0,3,5,11.0,8.0,C. DeSmith,2,1.0,2.0,24,34
2024021273,2025-04-12,20242025,REG,MIN,VAN,0,11.0,OT,9.0,3,2,30.0,21.0,F. Gustavsson,2,0.0,8.0,33,14
2024021273,2025-04-12,20242025,REG,VAN,MIN,1,17.0,OT,12.0,2,3,17.0,11.0,K. Lankinen,2,1.0,1.0,14,33
2024021274,2025-04-12,20242025,REG,NSH,VGK,0,21.0,REG,22.0,3,5,20.0,6.0,J. Annunen,2,0.0,5.0,17,29
2024021274,2025-04-12,20242025,REG,VGK,NSH,1,18.0,REG,22.0,5,3,11.0,2.0,A. Hill,2,1.0,3.0,29,17
2024021275,2025-04-12,20242025,REG,STL,SEA,0,15.0,SO,8.0,3,4,25.0,4.0,J. Binnington,2,0.0,4.0,23,18
2024021275,2025-04-12,20242025,REG,SEA,STL,1,19.0,SO,19.0,4,3,18.0,2.0,P. Grubauer,2,0.0,5.0,18,23
2024021276,2025-04-13,20242025,REG,PHI,OTT,0,23.0,OT,16.0,3,4,28.0,8.0,I. Fedotov,2,0.0,4.0,32,25
2024021276,2025-04-13,20242025,REG,OTT,PHI,1,14.0,OT,7.0,4,3,29.0,4.0,A. Forsberg,2,1.0,3.0,25,32
2024021277,2025-04-13,20242025,REG,NYI,NJD,0,22.0,REG,31.0,1,0,27.0,2.0,I. Sorokin,2,0.0,3.0,23,25
2024021277,2025-04-13,20242025,REG,NJD,NYI,1,9.0,REG,22.0,0,1,19.0,17.0,J. Markstrom,2,0.0,2.0,25,23
2024021278,2025-04-13,20242025,REG,BOS,PIT,0,9.0,REG,21.0,4,1,15.0,8.0,J. Korpisalo,2,1.0,12.0,32,24
2024021278,2025-04-13,20242025,REG,PIT,BOS,1,11.0,REG,20.0,1,4,27.0,8.0,T. Jarry,2,1.0,6.0,24,32
2024021279,2025-04-13,20242025,REG,TOR,CAR,0,18.0,REG,16.0,4,1,18.0,8.0,J. Woll,2,0.0,3.0,20,26
2024021279,2025-04-13,20242025,REG,CAR,TOR,1,5.0,REG,15.0,1,4,27.0,4.0,F. Andersen,2,1.0,8.0,26,20
2024021280,2025-04-13,20242025,REG,BUF,TBL,0,9.0,REG,17.0,4,7,16.0,4.0,J. Reimer,2,1.0,3.0,25,31
2024021280,2025-04-13,20242025,REG,TBL,BUF,1,12.0,REG,14.0,7,4,13.0,4.0,J. Johansson,2,1.0,8.0,31,25
2024021281,2025-04-13,20242025,REG,CBJ,WSH,0,12.0,REG,11.0,4,1,16.0,9.0,J. Greaves,2,0.0,6.0,23,31
2024021281,2025-04-13,20242025,REG,WSH,CBJ,1,16.0,REG,12.0,1,4,32.0,11.0,C. Lindgren,2,0.0,4.0,31,23
2024021282,2025-04-13,20242025,REG,EDM,WPG,0,10.0,REG,15.0,4,1,19.0,4.0,S. Skinner,2,0.0,11.0,39,18
2024021282,2025-04-13,20242025,REG,WPG,EDM,1,17.0,REG,24.0,1,4,19.0,2.0,E. Comrie,2,1.0,6.0,18,39
2024021283,2025-04-13,20242025,REG,SJS,CGY,0,18.0,REG,17.0,2,5,21.0,2.0,G. Romanov,2,0.0,7.0,30,30
2024021283,2025-04-13,20242025,REG,CGY,SJS,1,12.0,REG,11.0,5,2,34.0,4.0,D. Wolf,2,0.0,5.0,30,30
2024021284,2025-04-13,20242025,REG,COL,ANA,0,18.0,REG,15.0,4,2,12.0,4.0,S. Wedgewood,2,1.0,1.0,25,21
2024021284,2025-04-13,20242025,REG,ANA,COL,1,15.0,REG,18.0,2,4,12.0,6.0,L. Dostal,2,0.0,9.0,21,25
2024021285,2025-04-14,20242025,REG,CHI,MTL,0,16.0,SO,12.0,4,3,25.0,10.0,A. Soderblom,2,2.0,3.0,25,21
2024021285,2025-04-14,20242025,REG,MTL,CHI,1,18.0,SO,17.0,3,4,12.0,8.0,S. Montembeault,2,1.0,4.0,21,25
2024021286,2025-04-14,20242025,REG,DAL,DET,0,11.0,REG,12.0,4,6,17.0,6.0,J. Oettinger,2,0.0,4.0,28,37
2024021286,2025-04-14,20242025,REG,DET,DAL,1,12.0,REG,17.0,6,4,20.0,6.0,C. Talbot,2,1.0,8.0,37,28
2024021287,2025-04-14,20242025,REG,NYR,FLA,0,16.0,REG,10.0,5,3,9.0,4.0,J. Quick,2,0.0,7.0,25,30
2024021287,2025-04-14,20242025,REG,FLA,NYR,1,17.0,REG,17.0,3,5,31.0,4.0,S. Bobrovsky,2,1.0,7.0,30,25
2024021288,2025-04-14,20242025,REG,UTA,NSH,0,15.0,REG,15.0,7,3,14.0,6.0,M. Villalta,2,1.0,2.0,36,31
2024021288,2025-04-14,20242025,REG,NSH,UTA,1,12.0,REG,23.0,3,7,20.0,6.0,J. Saros,2,1.0,2.0,31,36
2024021289,2025-04-14,20242025,REG,LAK,EDM,0,10.0,REG,15.0,5,0,25.0,12.0,D. Kuemper,2,2.0,2.0,36,21
2024021289,2025-04-14,20242025,REG,EDM,LAK,1,15.0,REG,11.0,0,5,35.0,53.0,C. Pickard,2,0.0,0.0,21,36
2024021290,2025-04-14,20242025,REG,SJS,VAN,0,16.0,OT,10.0,1,2,18.0,10.0,A. Georgiev,2,1.0,6.0,16,37
2024021290,2025-04-14,20242025,REG,VAN,SJS,1,9.0,OT,14.0,2,1,17.0,6.0,N. Tolopilo,2,0.0,3.0,37,16
2024021291,2025-04-15,20242025,REG,NJD,BOS,0,8.0,OT,6.0,5,4,20.0,6.0,J. Allen,2,2.0,9.0,26,24
2024021291,2025-04-15,20242025,REG,BOS,NJD,1,18.0,OT,6.0,4,5,29.0,6.0,J. Swayman,2,0.0,4.0,24,26
2024021292,2025-04-15,20242025,REG,TOR,BUF,0,19.0,REG,19.0,4,0,17.0,4.0,A. Stolarz,2,0.0,8.0,32,35
2024021292,2025-04-15,20242025,REG,BUF,TOR,1,12.0,REG,18.0,0,4,13.0,4.0,U. Luukkonen,2,0.0,5.0,35,32
2024021293,2025-04-15,20242025,REG,CHI,OTT,0,14.0,OT,14.0,4,3,16.0,8.0,S. Knight,2,1.0,5.0,16,37
2024021293,2025-04-15,20242025,REG,OTT,CHI,1,16.0,OT,16.0,3,4,26.0,8.0,A. Forsberg,2,2.0,8.0,37,16
2024021294,2025-04-15,20242025,REG,FLA,TBL,0,10.0,REG,18.0,1,5,37.0,30.0,V. Vanecek,2,0.0,5.0,24,31
2024021294,2025-04-15,20242025,REG,TBL,FLA,1,8.0,REG,14.0,5,1,26.0,17.0,A. Vasilevskiy,2,1.0,4.0,31,24
2024021295,2025-04-15,20242025,REG,CBJ,PHI,0,9.0,REG,9.0,3,0,15.0,6.0,J. Greaves,2,1.0,6.0,34,29
2024021295,2025-04-15,20242025,REG,PHI,CBJ,1,20.0,REG,16.0,0,3,33.0,4.0,S. Ersson,2,0.0,4.0,29,34
2024021296,2025-04-15,20242025,REG,WSH,NYI,0,19.0,REG,10.0,3,1,13.0,8.0,C. Lindgren,2,1.0,3.0,36,33
2024021296,2025-04-15,20242025,REG,NYI,WSH,1,17.0,REG,14.0,1,3,8.0,6.0,I. Sorokin,2,0.0,3.0,33,36
2024021297,2025-04-15,20242025,REG,UTA,STL,0,11.0,REG,27.0,1,6,19.0,22.0,K. Vejmelka,2,1.0,2.0,23,29
2024021297,2025-04-15,20242025,REG,STL,UTA,1,21.0,REG,21.0,6,1,11.0,18.0,J. Binnington,2,3.0,2.0,29,23
2024021298,2025-04-15,20242025,REG,ANA,MIN,0,14.0,OT,13.0,2,3,17.0,4.0,L. Dostal,2,0.0,5.0,29,40
2024021298,2025-04-15,20242025,REG,MIN,ANA,1,16.0,OT,17.0,3,2,22.0,2.0,F. Gustavsson,2,0.0,1.0,40,29
2024021299,2025-04-15,20242025,REG,VGK,CGY,0,19.0,SO,22.0,4,5,13.0,4.0,I. Samsonov,2,0.0,6.0,42,28
2024021299,2025-04-15,20242025,REG,CGY,VGK,1,19.0,SO,25.0,5,4,22.0,2.0,D. Wolf,2,2.0,7.0,28,42
2024021300,2025-04-15,20242025,REG,LAK,SEA,0,19.0,REG,9.0,6,5,28.0,8.0,D. Rittich,2,1.0,1.0,24,34
2024021300,2025-04-15,20242025,REG,SEA,LAK,1,18.0,REG,7.0,5,6,12.0,6.0,J. Daccord,2,3.0,6.0,34,24
2024021301,2025-04-16,20242025,REG,CAR,MTL,0,14.0,REG,22.0,2,4,34.0,4.0,P. Kochetkov,2,0.0,1.0,29,22
2024021301,2025-04-16,20242025,REG,MTL,CAR,1,20.0,REG,27.0,4,2,27.0,2.0,S. Montembeault,2,0.0,2.0,22,29
2024021302,2025-04-16,20242025,REG,ANA,WPG,0,16.0,OT,14.0,1,2,33.0,8.0,V. Husso,2,0.0,0.0,31,44
2024021302,2025-04-16,20242025,REG,WPG,ANA,1,14.0,OT,12.0,2,1,13.0,2.0,C. Hellebuyck,2,0.0,3.0,44,31
2024021303,2025-04-16,20242025,REG,DET,NJD,0,16.0,REG,10.0,5,2,17.0,8.0,A. Lyon,2,0.0,6.0,27,30
2024021303,2025-04-16,20242025,REG,NJD,DET,1,12.0,REG,11.0,2,5,18.0,8.0,N. Daws,2,1.0,5.0,30,27
2024021304,2025-04-16,20242025,REG,DAL,NSH,0,11.0,REG,18.0,1,5,11.0,8.0,J. Oettinger,2,0.0,6.0,30,34
2024021304,2025-04-16,20242025,REG,NSH,DAL,1,16.0,REG,20.0,5,1,12.0,12.0,J. Saros,2,1.0,5.0,34,30
2024021305,2025-04-16,20242025,REG,VGK,VAN,0,15.0,REG,10.0,4,1,15.0,2.0,A. Schmid,2,0.0,4.0,31,17
2024021305,2025-04-16,20242025,REG,VAN,VGK,1,7.0,REG,13.0,1,4,24.0,6.0,K. Lankinen,2,0.0,4.0,17,31
2024021306,2025-04-16,20242025,REG,EDM,SJS,0,25.0,REG,6.0,3,0,10.0,4.0,S. Skinner,2,0.0,3.0,28,18
2024021306,2025-04-16,20242025,REG,SJS,EDM,1,11.0,REG,10.0,0,3,14.0,4.0,A. Georgiev,2,0.0,4.0,18,28
2024020653,2025-04-17,20242025,REG,CGY,LAK,0,11.0,REG,12.0,5,1,15.0,6.0,D. Vladar,2,0.0,3.0,29,31
2024020653,2025-04-17,20242025,REG,LAK,CGY,1,7.0,REG,12.0,1,5,19.0,4.0,D. Rittich,2,1.0,0.0,31,29
2024021307,2025-04-17,20242025,REG,PHI,BUF,0,17.0,REG,11.0,4,5,10.0,2.0,A. Kolosov,2,1.0,10.0,24,31
2024021307,2025-04-17,20242025,REG,BUF,PHI,1,14.0,REG,12.0,5,4,14.0,4.0,J. Reimer,2,0.0,8.0,31,24
2024021308,2025-04-17,20242025,REG,DET,TOR,0,16.0,OT,14.0,3,4,13.0,4.0,C. Talbot,2,1.0,4.0,34,20
2024021308,2025-04-17,20242025,REG,TOR,DET,1,11.0,OT,19.0,4,3,17.0,4.0,J. Woll,2,0.0,7.0,20,34
2024021309,2025-04-17,20242025,REG,CAR,OTT,0,14.0,REG,14.0,5,7,17.0,28.0,F. Andersen,2,1.0,0.0,33,32
2024021309,2025-04-17,20242025,REG,OTT,CAR,1,14.0,REG,10.0,7,5,22.0,6.0,L. Ullmark,2,3.0,4.0,32,33
2024021310,2025-04-17,20242025,REG,TBL,NYR,0,10.0,REG,3.0,0,4,2.0,2.0,J. Johansson,2,0.0,10.0,27,22
2024021310,2025-04-17,20242025,REG,NYR,TBL,1,14.0,REG,15.0,4,0,10.0,6.0,I. Shesterkin,2,0.0,6.0,22,27
2024021311,2025-04-17,20242025,REG,WSH,PIT,0,20.0,REG,14.0,2,5,16.0,4.0,C. Stevenson,2,1.0,2.0,20,38
2024021311,2025-04-17,20242025,REG,PIT,WSH,1,8.0,REG,14.0,5,2,24.0,4.0,A. Nedeljkovic,2,1.0,6.0,38,20
2024021312,2025-04-17,20242025,REG,NYI,CBJ,0,18.0,REG,9.0,1,6,8.0,0.0,M. Hogberg,2,0.0,13.0,37,26
2024021312,2025-04-17,20242025,REG,CBJ,NYI,1,15.0,REG,13.0,6,1,9.0,2.0,J. Greaves,2,0.0,7.0,26,37
2024030151,2025-04-19,20242025,POST,STL,WPG,0,16.0,REG,13.0,3,5,53.0,58.0,J. Binnington,2,2.0,6.0,17,26
2024030151,2025-04-19,20242025,POST,WPG,STL,1,13.0,REG,11.0,5,3,33.0,56.0,C. Hellebuyck,2,1.0,6.0,26,17
2024030161,2025-04-19,20242025,POST,COL,DAL,0,15.0,REG,16.0,5,1,30.0,6.0,M. Blackwood,2,1.0,1.0,25,24
2024030161,2025-04-19,20242025,POST,DAL,COL,1,22.0,REG,12.0,1,5,18.0,8.0,J. Oettinger,2,1.0,5.0,24,25
2024030111,2025-04-20,20242025,POST,OTT,TOR,0,12.0,REG,17.0,2,6,56.0,38.0,L. Ullmark,2,0.0,3.0,33,24
2024030111,2025-04-20,20242025,POST,TOR,OTT,1,18.0,REG,15.0,6,2,30.0,18.0,A. Stolarz,2,3.0,8.0,24,33
2024030141,2025-04-20,20242025,POST,NJD,CAR,0,13.0,REG,12.0,1,4,52.0,6.0,J. Markstrom,2,0.0,2.0,24,45
2024030141,2025-04-20,20242025,POST,CAR,NJD,1,16.0,REG,12.0,4,1,41.0,6.0,F. Andersen,2,1.0,0.0,45,24
2024030171,2025-04-20,20242025,POST,MIN,VGK,0,16.0,REG,9.0,2,4,54.0,4.0,F. Gustavsson,2,0.0,5.0,20,27
2024030171,2025-04-20,20242025,POST,VGK,MIN,1,25.0,REG,7.0,4,2,29.0,2.0,A. Hill,2,2.0,5.0,27,20
2024030131,2025-04-21,20242025,POST,MTL,WSH,0,12.0,OT,16.0,2,3,33.0,8.0,S. Montembeault,2,1.0,3.0,35,32
2024030131,2025-04-21,20242025,POST,WSH,MTL,1,19.0,OT,13.0,3,2,42.0,8.0,L. Thompson,2,1.0,5.0,32,35
2024030152,2025-04-21,20242025,POST,STL,WPG,0,5.0,REG,23.0,1,2,29.0,4.0,J. Binnington,2,1.0,3.0,22,22
2024030152,2025-04-21,20242025,POST,WPG,STL,1,14.0,REG,14.0,2,1,33.0,8.0,C. Hellebuyck,2,0.0,4.0,22,22
2024030162,2025-04-21,20242025,POST,COL,DAL,0,18.0,OT,17.0,3,4,45.0,8.0,M. Blackwood,2,1.0,11.0,37,39
2024030162,2025-04-21,20242025,POST,DAL,COL,1,19.0,OT,15.0,4,3,45.0,6.0,J. Oettinger,2,1.0,7.0,39,37
2024030181,2025-04-21,20242025,POST,EDM,LAK,0,14.0,REG,11.0,5,6,42.0,8.0,S. Skinner,2,0.0,4.0,25,30
2024030181,2025-04-21,20242025,POST,LAK,EDM,1,14.0,REG,12.0,6,5,30.0,4.0,D. Kuemper,2,2.0,5.0,30,25
2024030112,2025-04-22,20242025,POST,OTT,TOR,0,6.0,OT,11.0,2,3,44.0,4.0,L. Ullmark,2,1.0,6.0,28,21
2024030112,2025-04-22,20242025,POST,TOR,OTT,1,32.0,OT,7.0,3,2,25.0,6.0,A. Stolarz,2,1.0,7.0,21,28
2024030121,2025-04-22,20242025,POST,FLA,TBL,0,18.0,REG,13.0,6,2,48.0,6.0,S. Bobrovsky,2,3.0,5.0,17,22
2024030121,2025-04-22,20242025,POST,TBL,FLA,1,8.0,REG,15.0,2,6,28.0,4.0,A. Vasilevskiy,2,1.0,2.0,22,17
2024030142,2025-04-22,20242025,POST,NJD,CAR,0,9.0,REG,15.0,1,3,51.0,8.0,J. Markstrom,2,0.0,8.0,26,28
2024030142,2025-04-22,20242025,POST,CAR,NJD,1,14.0,REG,15.0,3,1,31.0,8.0,F. Andersen,2,0.0,3.0,28,26
2024030172,2025-04-22,20242025,POST,MIN,VGK,0,30.0,REG,12.0,5,2,37.0,0.0,F. Gustavsson,2,0.0,7.0,17,32
2024030172,2025-04-22,20242025,POST,VGK,MIN,1,13.0,REG,15.0,2,5,30.0,2.0,A. Hill,2,0.0,6.0,32,17
2024030132,2025-04-23,20242025,POST,MTL,WSH,0,12.0,REG,19.0,1,3,28.0,6.0,S. Montembeault,2,0.0,7.0,26,32
2024030132,2025-04-23,20242025,POST,WSH,MTL,1,24.0,REG,15.0,3,1,37.0,8.0,L. Thompson,2,0.0,3.0,32,26
2024030163,2025-04-23,20242025,POST,DAL,COL,0,21.0,OT,12.0,2,1,34.0,10.0,J. Oettinger,2,1.0,3.0,28,28
2024030163,2025-04-23,20242025,POST,COL,DAL,1,18.0,OT,15.0,1,2,46.0,6.0,M. Blackwood,2,0.0,2.0,28,28
2024030182,2025-04-23,20242025,POST,EDM,LAK,0,15.0,REG,15.0,2,6,36.0,20.0,S. Skinner,2,0.0,7.0,26,31
2024030182,2025-04-23,20242025,POST,LAK,EDM,1,10.0,REG,8.0,6,2,24.0,6.0,D. Kuemper,2,3.0,3.0,31,26
2024030113,2025-04-24,20242025,POST,TOR,OTT,0,17.0,OT,7.0,3,2,37.0,12.0,A. Stolarz,2,1.0,4.0,20,20
2024030113,2025-04-24,20242025,POST,OTT,TOR,1,17.0,OT,16.0,2,3,44.0,8.0,L. Ullmark,2,1.0,1.0,20,20
2024030122,2025-04-24,20242025,POST,FLA,TBL,0,20.0,REG,14.0,2,0,34.0,16.0,S. Bobrovsky,2,0.0,1.0,23,19
2024030122,2025-04-24,20242025,POST,TBL,FLA,1,6.0,REG,15.0,0,2,38.0,15.0,A. Vasilevskiy,2,0.0,3.0,19,23
2024030153,2025-04-24,20242025,POST,WPG,STL,0,16.0,REG,12.0,2,7,59.0,40.0,C. Hellebuyck,2,1.0,7.0,19,28
2024030153,2025-04-24,20242025,POST,STL,WPG,1,10.0,REG,12.0,7,2,54.0,22.0,J. Binnington,2,3.0,3.0,28,19
2024030173,2025-04-24,20242025,POST,VGK,MIN,0,7.0,REG,7.0,2,5,42.0,8.0,A. Hill,2,0.0,1.0,32,31
2024030173,2025-04-24,20242025,POST,MIN,VGK,1,23.0,REG,12.0,5,2,26.0,10.0,F. Gustavsson,2,2.0,1.0,31,32
2024030133,2025-04-25,20242025,POST,WSH,MTL,0,19.0,REG,16.0,3,6,26.0,24.0,L. Thompson,2,0.0,5.0,21,40
2024030133,2025-04-25,20242025,POST,MTL,WSH,1,11.0,REG,10.0,6,3,45.0,18.0,S. Montembeault,2,2.0,1.0,40,21
2024030143,2025-04-25,20242025,POST,CAR,NJD,0,17.0,OT,10.0,2,3,39.0,12.0,F. Andersen,2,2.0,4.0,27,37
2024030143,2025-04-25,20242025,POST,NJD,CAR,1,33.0,OT,13.0,3,2,43.0,10.0,J. Markstrom,2,0.0,8.0,37,27
2024030183,2025-04-25,20242025,POST,LAK,EDM,0,29.0,REG,10.0,4,7,31.0,4.0,D. Kuemper,2,2.0,4.0,28,37
2024030183,2025-04-25,20242025,POST,EDM,LAK,1,14.0,REG,14.0,7,4,39.0,6.0,C. Pickard,2,2.0,4.0,37,28
2024030114,2025-04-26,20242025,POST,TOR,OTT,0,28.0,OT,16.0,3,4,29.0,6.0,A. Stolarz,2,0.0,5.0,34,21
2024030114,2025-04-26,20242025,POST,OTT,TOR,1,17.0,OT,11.0,4,3,44.0,10.0,L. Ullmark,2,1.0,8.0,21,34
2024030123,2025-04-26,20242025,POST,TBL,FLA,0,23.0,REG,20.0,5,1,34.0,20.0,A. Vasilevskiy,2,0.0,7.0,22,34
2024030123,2025-04-26,20242025,POST,FLA,TBL,1,17.0,REG,11.0,1,5,43.0,25.0,S. Bobrovsky,2,0.0,4.0,34,22
2024030164,2025-04-26,20242025,POST,DAL,COL,0,22.0,REG,12.0,0,4,38.0,6.0,J. Oettinger,2,0.0,6.0,23,48
2024030164,2025-04-26,20242025,POST,COL,DAL,1,17.0,REG,15.0,4,0,39.0,10.0,M. Blackwood,2,1.0,8.0,48,23
2024030174,2025-04-26,20242025,POST,VGK,MIN,0,23.0,OT,11.0,4,3,34.0,4.0,A. Hill,2,2.0,9.0,46,32
2024030174,2025-04-26,20242025,POST,MIN,VGK,1,23.0,OT,17.0,3,4,28.0,8.0,F. Gustavsson,2,0.0,6.0,32,46
2024030134,2025-04-27,20242025,POST,WSH,MTL,0,12.0,REG,8.0,5,2,26.0,10.0,L. Thompson,2,0.0,4.0,26,18
2024030134,2025-04-27,20242025,POST,MTL,WSH,1,13.0,REG,12.0,2,5,34.0,12.0,J. Dobes,2,2.0,5.0,18,26
2024030144,2025-04-27,20242025,POST,CAR,NJD,0,17.0,REG,9.0,5,2,35.0,14.0,F. Andersen,2,1.0,5.0,29,22
2024030144,2025-04-27,20242025,POST,NJD,CAR,1,21.0,REG,15.0,2,5,31.0,16.0,J. Markstrom,2,0.0,3.0,22,29
2024030154,2025-04-27,20242025,POST,WPG,STL,0,11.0,REG,13.0,1,5,40.0,36.0,C. Hellebuyck,2,0.0,2.0,31,24
2024030154,2025-04-27,20242025,POST,STL,WPG,1,20.0,REG,18.0,5,1,40.0,24.0,J. Binnington,2,0.0,6.0,24,31
2024030184,2025-04-27,20242025,POST,LAK,EDM,0,32.0,OT,12.0,3,4,44.0,6.0,D. Kuemper,2,0.0,4.0,41,48
2024030184,2025-04-27,20242025,POST,EDM,LAK,1,12.0,OT,17.0,4,3,53.0,6.0,C. Pickard,2,2.0,6.0,48,41
2024030124,2025-04-28,20242025,POST,TBL,FLA,0,20.0,REG,12.0,2,4,28.0,6.0,A. Vasilevskiy,2,0.0,1.0,20,23
2024030124,2025-04-28,20242025,POST,FLA,TBL,1,11.0,REG,11.0,4,2,46.0,17.0,S. Bobrovsky,2,0.0,3.0,23,20
2024030165,2025-04-28,20242025,POST,COL,DAL,0,17.0,REG,12.0,2,6,51.0,34.0,M. Blackwood,2,0.0,8.0,28,27
2024030165,2025-04-28,20242025,POST,DAL,COL,1,21.0,REG,15.0,6,2,29.0,32.0,J. Oettinger,2,1.0,3.0,27,28
2024030115,2025-04-29,20242025,POST,OTT,TOR,0,18.0,REG,10.0,4,0,25.0,8.0,L. Ullmark,2,0.0,3.0,19,29
2024030115,2025-04-29,20242025,POST,TOR,OTT,1,17.0,REG,8.0,0,4,40.0,6.0,A. Stolarz,2,0.0,3.0,29,19
2024030145,2025-04-29,20242025,POST,NJD,CAR,0,25.0,OT,9.0,4,5,39.0,12.0,J. Markstrom,2,0.0,1.0,35,54
2024030145,2025-04-29,20242025,POST,CAR,NJD,1,9.0,OT,21.0,5,4,46.0,6.0,P. Kochetkov,2,2.0,3.0,54,35
2024030175,2025-04-29,20242025,POST,MIN,VGK,0,25.0,OT,11.0,2,3,36.0,4.0,F. Gustavsson,2,1.0,4.0,22,32
2024030175,2025-04-29,20242025,POST,VGK,MIN,1,15.0,OT,10.0,3,2,26.0,6.0,A. Hill,2,0.0,6.0,32,22
2024030185,2025-04-29,20242025,POST,EDM,LAK,0,13.0,REG,14.0,3,1,46.0,6.0,C. Pickard,2,0.0,1.0,46,22
2024030185,2025-04-29,20242025,POST,LAK,EDM,1,15.0,REG,21.0,1,3,59.0,4.0,D. Kuemper,2,1.0,7.0,22,46
2024030125,2025-04-30,20242025,POST,FLA,TBL,0,18.0,REG,12.0,6,3,46.0,8.0,S. Bobrovsky,2,1.0,5.0,31,29
2024030125,2025-04-30,20242025,POST,TBL,FLA,1,14.0,REG,17.0,3,6,26.0,8.0,A. Vasilevskiy,2,1.0,4.0,29,31
2024030135,2025-04-30,20242025,POST,MTL,WSH,0,9.0,REG,5.0,1,4,44.0,6.0,J. Dobes,2,0.0,2.0,29,28
2024030135,2025-04-30,20242025,POST,WSH,MTL,1,23.0,REG,11.0,4,1,29.0,4.0,L. Thompson,2,2.0,1.0,28,29
2024030155,2025-04-30,20242025,POST,STL,WPG,0,18.0,REG,15.0,3,5,40.0,10.0,J. Binnington,2,0.0,2.0,19,26
2024030155,2025-04-30,20242025,POST,WPG,STL,1,14.0,REG,16.0,5,3,44.0,8.0,C. Hellebuyck,2,0.0,4.0,26,19
2024030116,2025-05-01,20242025,POST,TOR,OTT,0,16.0,REG,22.0,4,2,43.0,4.0,A. Stolarz,2,1.0,4.0,23,23
2024030116,2025-05-01,20242025,POST,OTT,TOR,1,11.0,REG,9.0,2,4,56.0,2.0,L. Ullmark,2,0.0,3.0,23,23
2024030166,2025-05-01,20242025,POST,DAL,COL,0,17.0,REG,11.0,4,7,19.0,4.0,J. Oettinger,2,1.0,2.0,26,48
2024030166,2025-05-01,20242025,POST,COL,DAL,1,14.0,REG,12.0,7,4,46.0,2.0,M. Blackwood,2,0.0,6.0,48,26
2024030176,2025-05-01,20242025,POST,VGK,MIN,0,24.0,REG,9.0,3,2,33.0,4.0,A. Hill,2,1.0,3.0,24,31
2024030176,2025-05-01,20242025,POST,MIN,VGK,1,13.0,REG,12.0,2,3,23.0,8.0,F. Gustavsson,2,0.0,5.0,31,24
2024030186,2025-05-01,20242025,POST,LAK,EDM,0,18.0,REG,16.0,4,6,34.0,2.0,D. Kuemper,2,0.0,1.0,27,29
2024030186,2025-05-01,20242025,POST,EDM,LAK,1,29.0,REG,9.0,6,4,26.0,4.0,C. Pickard,2,1.0,0.0,29,27
2024030156,2025-05-02,20242025,POST,WPG,STL,0,9.0,REG,14.0,2,5,40.0,30.0,C. Hellebuyck,2,2.0,2.0,23,27
2024030156,2025-05-02,20242025,POST,STL,WPG,1,15.0,REG,18.0,5,2,36.0,30.0,J. Binnington,2,0.0,2.0,27,23
2024030167,2025-05-03,20242025,POST,COL,DAL,0,13.0,REG,17.0,2,4,27.0,8.0,M. Blackwood,2,0.0,6.0,27,19
2024030167,2025-05-03,20242025,POST,DAL,COL,1,14.0,REG,12.0,4,2,25.0,6.0,J. Oettinger,2,2.0,2.0,19,27
2024030157,2025-05-04,20242025,POST,STL,WPG,0,29.0,OT,32.0,3,4,49.0,4.0,J. Binnington,2,0.0,4.0,29,47
2024030157,2025-05-04,20242025,POST,WPG,STL,1,24.0,OT,21.0,4,3,73.0,2.0,C. Hellebuyck,2,1.0,7.0,47,29
2024030211,2025-05-05,20242025,POST,FLA,TOR,0,11.0,REG,12.0,4,5,51.0,10.0,S. Bobrovsky,2,1.0,4.0,29,30
2024030211,2025-05-05,20242025,POST,TOR,FLA,1,24.0,REG,17.0,5,4,24.0,4.0,A. Stolarz,2,0.0,3.0,30,29
2024030221,2025-05-06,20242025,POST,CAR,WSH,0,9.0,OT,12.0,2,1,44.0,4.0,F. Andersen,2,0.0,8.0,33,14
2024030221,2025-05-06,20242025,POST,WSH,CAR,1,32.0,OT,12.0,1,2,31.0,6.0,L. Thompson,2,0.0,6.0,14,33
2024030241,2025-05-06,20242025,POST,EDM,VGK,0,17.0,REG,14.0,4,2,33.0,6.0,C. Pickard,2,0.0,2.0,28,17
2024030241,2025-05-06,20242025,POST,VGK,EDM,1,19.0,REG,8.0,2,4,42.0,4.0,A. Hill,2,1.0,2.0,17,28
2024030212,2025-05-07,20242025,POST,FLA,TOR,0,8.0,REG,5.0,3,4,39.0,10.0,S. Bobrovsky,2,1.0,4.0,28,20
2024030212,2025-05-07,20242025,POST,TOR,FLA,1,25.0,REG,14.0,4,3,41.0,8.0,J. Woll,2,1.0,1.0,20,28
2024030231,2025-05-07,20242025,POST,DAL,WPG,0,20.0,REG,14.0,3,2,24.0,10.0,J. Oettinger,2,1.0,1.0,24,31
2024030231,2025-05-07,20242025,POST,WPG,DAL,1,18.0,REG,12.0,2,3,46.0,6.0,C. Hellebuyck,2,0.0,8.0,31,24
2024030222,2025-05-08,20242025,POST,CAR,WSH,0,10.0,REG,10.0,1,3,36.0,6.0,F. Andersen,2,1.0,6.0,28,21
2024030222,2025-05-08,20242025,POST,WSH,CAR,1,33.0,REG,21.0,3,1,26.0,6.0,L. Thompson,2,1.0,7.0,21,28
2024030242,2025-05-08,20242025,POST,EDM,VGK,0,29.0,OT,18.0,5,4,29.0,10.0,C. Pickard,2,0.0,3.0,37,32
2024030242,2025-05-08,20242025,POST,VGK,EDM,1,24.0,OT,16.0,4,5,33.0,21.0,A. Hill,2,2.0,9.0,32,37
2024030213,2025-05-09,20242025,POST,TOR,FLA,0,20.0,OT,16.0,4,5,43.0,6.0,J. Woll,2,1.0,5.0,31,36
2024030213,2025-05-09,20242025,POST,FLA,TOR,1,14.0,OT,17.0,5,4,62.0,8.0,S. Bobrovsky,2,0.0,6.0,36,31
2024030232,2025-05-09,20242025,POST,DAL,WPG,0,13.0,REG,10.0,0,4,43.0,16.0,J. Oettinger,2,0.0,3.0,21,25
2024030232,2025-05-09,20242025,POST,WPG,DAL,1,13.0,REG,12.0,4,0,37.0,12.0,C. Hellebuyck,2,1.0,5.0,25,21
2024030223,2025-05-10,20242025,POST,WSH,CAR,0,27.0,REG,12.0,0,4,43.0,18.0,L. Thompson,2,0.0,1.0,21,28
2024030223,2025-05-10,20242025,POST,CAR,WSH,1,13.0,REG,13.0,4,0,47.0,8.0,F. Andersen,2,2.0,2.0,28,21
2024030243,2025-05-10,20242025,POST,VGK,EDM,0,13.0,REG,14.0,4,3,42.0,4.0,A. Hill,2,0.0,5.0,24,20
2024030243,2025-05-10,20242025,POST,EDM,VGK,1,17.0,REG,16.0,3,4,33.0,4.0,S. Skinner,2,1.0,4.0,20,24
2024030214,2025-05-11,20242025,POST,TOR,FLA,0,18.0,REG,12.0,0,2,47.0,27.0,J. Woll,2,0.0,3.0,23,37
2024030214,2025-05-11,20242025,POST,FLA,TOR,1,12.0,REG,13.0,2,0,40.0,26.0,S. Bobrovsky,2,1.0,8.0,37,23
2024030233,2025-05-11,20242025,POST,WPG,DAL,0,18.0,REG,13.0,2,5,41.0,4.0,C. Hellebuyck,2,0.0,4.0,26,26
2024030233,2025-05-11,20242025,POST,DAL,WPG,1,15.0,REG,14.0,5,2,42.0,8.0,J. Oettinger,2,1.0,1.0,26,26
2024030224,2025-05-12,20242025,POST,WSH,CAR,0,23.0,REG,15.0,2,5,39.0,8.0,L. Thompson,2,1.0,3.0,21,38
2024030224,2025-05-12,20242025,POST,CAR,WSH,1,13.0,REG,12.0,5,2,37.0,12.0,F. Andersen,2,0.0,3.0,38,21
2024030244,2025-05-12,20242025,POST,VGK,EDM,0,18.0,REG,13.0,0,3,32.0,11.0,A. Hill,2,0.0,1.0,23,32
2024030244,2025-05-12,20242025,POST,EDM,VGK,1,20.0,REG,10.0,3,0,33.0,13.0,S. Skinner,2,0.0,7.0,32,23
2024030234,2025-05-13,20242025,POST,WPG,DAL,0,10.0,REG,19.0,1,3,43.0,8.0,C. Hellebuyck,2,0.0,4.0,32,24
2024030234,2025-05-13,20242025,POST,DAL,WPG,1,18.0,REG,15.0,3,1,30.0,6.0,J. Oettinger,2,2.0,1.0,24,32
2024030215,2025-05-14,20242025,POST,FLA,TOR,0,9.0,REG,10.0,6,1,54.0,40.0,S. Bobrovsky,2,1.0,5.0,32,32
2024030215,2025-05-14,20242025,POST,TOR,FLA,1,24.0,REG,20.0,1,6,49.0,30.0,J. Woll,2,0.0,4.0,32,32
2024030245,2025-05-14,20242025,POST,EDM,VGK,0,21.0,OT,15.0,1,0,46.0,2.0,S. Skinner,2,0.0,3.0,33,24
2024030245,2025-05-14,20242025,POST,VGK,EDM,1,22.0,OT,18.0,0,1,50.0,4.0,A. Hill,2,0.0,5.0,24,33
2024030225,2025-05-15,20242025,POST,CAR,WSH,0,24.0,REG,20.0,3,1,46.0,6.0,F. Andersen,2,0.0,2.0,22,19
2024030225,2025-05-15,20242025,POST,WSH,CAR,1,16.0,REG,12.0,1,3,40.0,4.0,L. Thompson,2,0.0,3.0,19,22
2024030235,2025-05-15,20242025,POST,DAL,WPG,0,6.0,REG,13.0,0,4,33.0,26.0,J. Oettinger,2,0.0,2.0,22,35
2024030235,2025-05-15,20242025,POST,WPG,DAL,1,11.0,REG,10.0,4,0,52.0,24.0,C. Hellebuyck,2,2.0,5.0,35,22
2024030216,2025-05-16,20242025,POST,TOR,FLA,0,31.0,REG,12.0,2,0,35.0,8.0,J. Woll,2,0.0,6.0,17,22
2024030216,2025-05-16,20242025,POST,FLA,TOR,1,10.0,REG,8.0,0,2,58.0,4.0,S. Bobrovsky,2,0.0,5.0,22,17
2024030236,2025-05-17,20242025,POST,WPG,DAL,0,19.0,OT,12.0,1,2,54.0,2.0,C. Hellebuyck,2,0.0,3.0,23,20
2024030236,2025-05-17,20242025,POST,DAL,WPG,1,15.0,OT,13.0,2,1,26.0,0.0,J. Oettinger,2,1.0,5.0,20,23
2024030217,2025-05-18,20242025,POST,FLA,TOR,0,19.0,REG,9.0,6,1,48.0,0.0,S. Bobrovsky,2,0.0,7.0,34,20
2024030217,2025-05-18,20242025,POST,TOR,FLA,1,31.0,REG,12.0,1,6,47.0,0.0,J. Woll,2,0.0,3.0,20,34
2024030311,2025-05-20,20242025,POST,FLA,CAR,0,21.0,REG,13.0,5,2,47.0,22.0,S. Bobrovsky,2,2.0,2.0,20,33
2024030311,2025-05-20,20242025,POST,CAR,FLA,1,17.0,REG,13.0,2,5,50.0,8.0,F. Andersen,2,1.0,8.0,33,20
2024030321,2025-05-21,20242025,POST,EDM,DAL,0,15.0,REG,19.0,3,6,43.0,14.0,S. Skinner,2,1.0,7.0,27,28
2024030321,2025-05-21,20242025,POST,DAL,EDM,1,17.0,REG,17.0,6,3,34.0,12.0,J. Oettinger,2,3.0,4.0,28,27
2024030312,2025-05-22,20242025,POST,FLA,CAR,0,19.0,REG,13.0,5,0,56.0,4.0,S. Bobrovsky,2,2.0,5.0,21,17
2024030312,2025-05-22,20242025,POST,CAR,FLA,1,17.0,REG,20.0,0,5,42.0,4.0,F. Andersen,2,0.0,6.0,17,21
2024030322,2025-05-23,20242025,POST,EDM,DAL,0,17.0,REG,14.0,3,0,49.0,6.0,S. Skinner,2,1.0,4.0,25,25
2024030322,2025-05-23,20242025,POST,DAL,EDM,1,11.0,REG,27.0,0,3,28.0,10.0,J. Oettinger,2,0.0,5.0,25,25
2024030313,2025-05-24,20242025,POST,CAR,FLA,0,12.0,REG,15.0,2,6,43.0,20.0,P. Kochetkov,2,2.0,4.0,25,28
2024030313,2025-05-24,20242025,POST,FLA,CAR,1,17.0,REG,19.0,6,2,60.0,45.0,S. Bobrovsky,2,0.0,6.0,28,25
2024030323,2025-05-25,20242025,POST,DAL,EDM,0,17.0,REG,9.0,1,6,30.0,8.0,J. Oettinger,2,0.0,5.0,34,24
2024030323,2025-05-25,20242025,POST,EDM,DAL,1,21.0,REG,14.0,6,1,46.0,6.0,S. Skinner,2,1.0,2.0,24,34
2024030314,2025-05-26,20242025,POST,CAR,FLA,0,14.0,REG,17.0,3,0,37.0,12.0,F. Andersen,2,0.0,4.0,28,20
2024030314,2025-05-26,20242025,POST,FLA,CAR,1,13.0,REG,15.0,0,3,52.0,20.0,S. Bobrovsky,2,0.0,3.0,20,28
2024030324,2025-05-27,20242025,POST,DAL,EDM,0,12.0,REG,18.0,1,4,23.0,6.0,J. Oettinger,2,1.0,2.0,29,33
2024030324,2025-05-27,20242025,POST,EDM,DAL,1,16.0,REG,6.0,4,1,46.0,8.0,S. Skinner,2,2.0,7.0,33,29
2024030315,2025-05-28,20242025,POST,FLA,CAR,0,12.0,REG,16.0,5,3,28.0,14.0,S. Bobrovsky,2,1.0,3.0,25,23
2024030315,2025-05-28,20242025,POST,CAR,FLA,1,9.0,REG,14.0,3,5,47.0,10.0,F. Andersen,2,0.0,2.0,23,25
2024030325,2025-05-29,20242025,POST,EDM,DAL,0,20.0,REG,17.0,6,3,46.0,4.0,S. Skinner,2,1.0,6.0,23,17
2024030325,2025-05-29,20242025,POST,DAL,EDM,1,13.0,REG,14.0,3,6,40.0,4.0,J. Oettinger,2,1.0,3.0,17,23
2024030411,2025-06-04,20242025,POST,FLA,EDM,0,19.0,OT,14.0,3,4,51.0,8.0,S. Bobrovsky,2,1.0,8.0,32,46
2024030411,2025-06-04,20242025,POST,EDM,FLA,1,21.0,OT,16.0,4,3,51.0,4.0,S. Skinner,2,1.0,5.0,46,32
2024030412,2025-06-06,20242025,POST,FLA,EDM,0,15.0,OT,16.0,5,4,60.0,16.0,S. Bobrovsky,2,1.0,12.0,42,46
2024030412,2025-06-06,20242025,POST,EDM,FLA,1,24.0,OT,22.0,4,5,39.0,12.0,S. Skinner,2,1.0,5.0,46,42
2024030413,2025-06-09,20242025,POST,EDM,FLA,0,17.0,REG,11.0,1,6,34.0,81.0,S. Skinner,2,1.0,3.0,33,31
2024030413,2025-06-09,20242025,POST,FLA,EDM,1,15.0,REG,7.0,6,1,26.0,55.0,S. Bobrovsky,2,3.0,3.0,31,33
2024030414,2025-06-12,20242025,POST,EDM,FLA,0,28.0,OT,12.0,5,4,25.0,8.0,S. Skinner,2,1.0,0.0,35,40
2024030414,2025-06-12,20242025,POST,FLA,EDM,1,13.0,OT,11.0,4,5,34.0,8.0,S. Bobrovsky,2,2.0,5.0,40,35
2024030415,2025-06-14,20242025,POST,FLA,EDM,0,17.0,REG,14.0,5,2,31.0,6.0,S. Bobrovsky,2,0.0,1.0,19,21
2024030415,2025-06-14,20242025,POST,EDM,FLA,1,16.0,REG,14.0,2,5,25.0,4.0,C. Pickard,2,0.0,1.0,21,19
2024030416,2025-06-17,20242025,POST,EDM,FLA,0,15.0,REG,9.0,1,5,29.0,12.0,S. Skinner,2,0.0,1.0,29,25
2024030416,2025-06-17,20242025,POST,FLA,EDM,1,17.0,REG,18.0,5,1,28.0,2.0,S. Bobrovsky,2,0.0,5.0,25,29
2025020001,2025-10-07,20252026,REG,CHI,FLA,0,16.0,REG,19.0,2,3,27.0,9.0,S. Knight,2,0.0,4.0,19,37
2025020001,2025-10-07,20252026,REG,FLA,CHI,1,15.0,REG,17.0,3,2,28.0,11.0,S. Bobrovsky,2,1.0,3.0,37,19
2025020002,2025-10-07,20252026,REG,PIT,NYR,0,20.0,REG,18.0,3,0,22.0,4.0,A. Silovs,2,0.0,1.0,31,25
2025020002,2025-10-07,20252026,REG,NYR,PIT,1,17.0,REG,17.0,0,3,34.0,2.0,I. Shesterkin,2,0.0,4.0,25,31
2025020003,2025-10-07,20252026,REG,COL,LAK,0,21.0,REG,17.0,4,1,25.0,13.0,S. Wedgewood,2,1.0,2.0,23,25
2025020003,2025-10-07,20252026,REG,LAK,COL,1,14.0,REG,19.0,1,4,33.0,17.0,D. Kuemper,2,1.0,7.0,25,23
2025020004,2025-10-08,20252026,REG,MTL,TOR,0,13.0,REG,13.0,2,5,27.0,4.0,S. Montembeault,2,0.0,3.0,31,27
2025020004,2025-10-08,20252026,REG,TOR,MTL,1,17.0,REG,12.0,5,2,35.0,4.0,A. Stolarz,2,0.0,2.0,27,31
2025020005,2025-10-08,20252026,REG,BOS,WSH,0,23.0,REG,19.0,3,1,33.0,10.0,J. Swayman,2,1.0,3.0,22,36
2025020005,2025-10-08,20252026,REG,WSH,BOS,1,11.0,REG,14.0,1,3,35.0,4.0,L. Thompson,2,0.0,3.0,36,22
2025020006,2025-10-08,20252026,REG,CGY,EDM,0,17.0,SO,20.0,4,3,35.0,18.0,D. Wolf,2,1.0,4.0,22,35
2025020006,2025-10-08,20252026,REG,EDM,CGY,1,18.0,SO,18.0,3,4,23.0,8.0,S. Skinner,2,2.0,3.0,35,22
2025020007,2025-10-08,20252026,REG,LAK,VGK,0,18.0,SO,21.0,6,5,37.0,13.0,A. Forsberg,2,1.0,3.0,26,35
2025020007,2025-10-08,20252026,REG,VGK,LAK,1,14.0,SO,17.0,5,6,36.0,6.0,A. Hill,2,2.0,8.0,35,26
2025020008,2025-10-09,20252026,REG,CHI,BOS,0,6.0,OT,15.0,3,4,15.0,14.0,A. Soderblom,2,0.0,7.0,24,33
2025020008,2025-10-09,20252026,REG,BOS,CHI,1,16.0,OT,15.0,4,3,25.0,10.0,J. Korpisalo,2,1.0,5.0,33,24
2025020009,2025-10-09,20252026,REG,NYR,BUF,0,16.0,REG,14.0,4,0,28.0,10.0,I. Shesterkin,2,0.0,5.0,33,37
2025020009,2025-10-09,20252026,REG,BUF,NYR,1,12.0,REG,16.0,0,4,24.0,8.0,A. Lyon,2,0.0,3.0,37,33
2025020010,2025-10-09,20252026,REG,MTL,DET,0,14.0,REG,14.0,5,1,25.0,8.0,J. Dobes,2,1.0,3.0,17,31
2025020010,2025-10-09,20252026,REG,DET,MTL,1,13.0,REG,17.0,1,5,34.0,6.0,J. Gibson,2,1.0,4.0,31,17
2025020011,2025-10-09,20252026,REG,OTT,TBL,0,10.0,REG,12.0,5,4,37.0,20.0,L. Ullmark,2,1.0,2.0,34,25
2025020011,2025-10-09,20252026,REG,TBL,OTT,1,18.0,REG,16.0,4,5,40.0,22.0,A. Vasilevskiy,2,2.0,4.0,25,34
2025020012,2025-10-09,20252026,REG,PHI,FLA,0,10.0,REG,22.0,1,2,17.0,10.0,D. Vladar,2,0.0,4.0,20,34
2025020012,2025-10-09,20252026,REG,FLA,PHI,1,5.0,REG,11.0,2,1,27.0,4.0,S. Bobrovsky,2,1.0,2.0,34,20
2025020013,2025-10-09,20252026,REG,NYI,PIT,0,13.0,REG,16.0,3,4,22.0,25.0,I. Sorokin,2,0.0,4.0,37,28
2025020013,2025-10-09,20252026,REG,PIT,NYI,1,12.0,REG,21.0,4,3,23.0,8.0,T. Jarry,2,2.0,6.0,28,37
2025020014,2025-10-09,20252026,REG,NJD,CAR,0,19.0,REG,27.0,3,6,25.0,6.0,J. Markstrom,2,0.0,4.0,22,33
2025020014,2025-10-09,20252026,REG,CAR,NJD,1,13.0,REG,20.0,6,3,27.0,4.0,F. Andersen,2,1.0,6.0,33,22
2025020015,2025-10-09,20252026,REG,MIN,STL,0,16.0,REG,9.0,5,0,19.0,4.0,F. Gustavsson,2,1.0,3.0,21,26
2025020015,2025-10-09,20252026,REG,STL,MIN,1,17.0,REG,12.0,0,5,40.0,6.0,J. Binnington,2,0.0,5.0,26,21
2025020016,2025-10-09,20252026,REG,CBJ,NSH,0,15.0,REG,18.0,1,2,28.0,10.0,J. Greaves,2,0.0,5.0,39,32
2025020016,2025-10-09,20252026,REG,NSH,CBJ,1,19.0,REG,17.0,2,1,22.0,4.0,J. Saros,2,1.0,8.0,32,39
2025020017,2025-10-09,20252026,REG,DAL,WPG,0,18.0,REG,8.0,5,4,21.0,10.0,J. Oettinger,2,1.0,2.0,37,25
2025020017,2025-10-09,20252026,REG,WPG,DAL,1,8.0,REG,22.0,4,5,33.0,14.0,C. Hellebuyck,2,0.0,9.0,25,37
2025020018,2025-10-09,20252026,REG,UTA,COL,0,21.0,REG,36.0,1,2,19.0,8.0,K. Vejmelka,2,1.0,0.0,33,27
2025020018,2025-10-09,20252026,REG,COL,UTA,1,13.0,REG,22.0,2,1,20.0,6.0,S. Wedgewood,2,1.0,4.0,27,33
2025020019,2025-10-09,20252026,REG,CGY,VAN,0,7.0,REG,16.0,1,5,35.0,10.0,D. Wolf,2,0.0,3.0,18,26
2025020019,2025-10-09,20252026,REG,VAN,CGY,1,18.0,REG,17.0,5,1,27.0,8.0,T. Demko,2,0.0,5.0,26,18
2025020020,2025-10-09,20252026,REG,VGK,SJS,0,17.0,OT,17.0,4,3,22.0,8.0,A. Schmid,2,1.0,1.0,31,23
2025020020,2025-10-09,20252026,REG,SJS,VGK,1,14.0,OT,23.0,3,4,22.0,8.0,A. Nedeljkovic,2,1.0,5.0,23,31
2025020021,2025-10-09,20252026,REG,ANA,SEA,0,7.0,REG,12.0,1,3,24.0,4.0,L. Dostal,2,0.0,2.0,36,31
2025020021,2025-10-09,20252026,REG,SEA,ANA,1,26.0,REG,22.0,3,1,29.0,2.0,J. Daccord,2,0.0,7.0,31,36
2025020022,2025-10-11,20252026,REG,LAK,WPG,0,11.0,REG,18.0,2,3,23.0,13.0,D. Kuemper,2,0.0,8.0,32,27
2025020022,2025-10-11,20252026,REG,WPG,LAK,1,28.0,REG,18.0,3,2,26.0,15.0,C. Hellebuyck,2,1.0,5.0,27,32
2025020023,2025-10-11,20252026,REG,STL,CGY,0,17.0,REG,13.0,4,2,29.0,17.0,J. Hofer,2,1.0,8.0,28,29
2025020023,2025-10-11,20252026,REG,CGY,STL,1,21.0,REG,11.0,2,4,22.0,13.0,D. Wolf,2,1.0,7.0,29,28
2025020024,2025-10-11,20252026,REG,BUF,BOS,0,16.0,REG,17.0,1,3,32.0,8.0,A. Lyon,2,0.0,1.0,22,31
2025020024,2025-10-11,20252026,REG,BOS,BUF,1,17.0,REG,15.0,3,1,25.0,8.0,J. Swayman,2,0.0,2.0,31,22
2025020025,2025-10-11,20252026,REG,TOR,DET,0,16.0,REG,13.0,3,6,22.0,10.0,A. Stolarz,2,0.0,2.0,23,35
2025020025,2025-10-11,20252026,REG,DET,TOR,1,14.0,REG,13.0,6,3,15.0,6.0,C. Talbot,2,1.0,4.0,35,23
2025020026,2025-10-11,20252026,REG,NJD,TBL,0,24.0,REG,14.0,5,3,27.0,4.0,J. Markstrom,2,0.0,6.0,31,17
2025020026,2025-10-11,20252026,REG,TBL,NJD,1,17.0,REG,16.0,3,5,25.0,8.0,A. Vasilevskiy,2,0.0,3.0,17,31
2025020027,2025-10-11,20252026,REG,OTT,FLA,0,17.0,REG,22.0,2,6,27.0,10.0,L. Ullmark,2,0.0,13.0,28,27
2025020027,2025-10-11,20252026,REG,FLA,OTT,1,7.0,REG,16.0,6,2,28.0,4.0,S. Bobrovsky,2,3.0,5.0,27,28
2025020028,2025-10-11,20252026,REG,WSH,NYI,0,20.0,REG,17.0,4,2,23.0,4.0,L. Thompson,2,0.0,6.0,29,36
2025020028,2025-10-11,20252026,REG,NYI,WSH,1,22.0,REG,19.0,2,4,33.0,4.0,I. Sorokin,2,2.0,3.0,36,29
2025020029,2025-10-11,20252026,REG,NYR,PIT,0,12.0,REG,18.0,6,1,30.0,8.0,I. Shesterkin,2,2.0,8.0,30,19
2025020029,2025-10-11,20252026,REG,PIT,NYR,1,18.0,REG,17.0,1,6,14.0,6.0,A. Silovs,2,0.0,6.0,19,30
2025020030,2025-10-11,20252026,REG,PHI,CAR,0,21.0,OT,17.0,3,4,27.0,10.0,S. Ersson,2,1.0,5.0,23,39
2025020030,2025-10-11,20252026,REG,CAR,PHI,1,13.0,OT,10.0,4,3,24.0,8.0,F. Andersen,2,0.0,2.0,39,23
2025020031,2025-10-11,20252026,REG,MTL,CHI,0,8.0,REG,14.0,3,2,16.0,17.0,S. Montembeault,2,2.0,4.0,28,22
2025020031,2025-10-11,20252026,REG,CHI,MTL,1,16.0,REG,14.0,2,3,22.0,39.0,S. Knight,2,1.0,8.0,22,28
2025020032,2025-10-11,20252026,REG,UTA,NSH,0,20.0,OT,20.0,3,2,21.0,14.0,K. Vejmelka,2,0.0,6.0,23,23
2025020032,2025-10-11,20252026,REG,NSH,UTA,1,12.0,OT,25.0,2,3,20.0,12.0,J. Saros,2,0.0,7.0,23,23
2025020033,2025-10-11,20252026,REG,CBJ,MIN,0,16.0,REG,11.0,7,4,16.0,12.0,E. Merzlikins,2,1.0,6.0,32,52
2025020033,2025-10-11,20252026,REG,MIN,CBJ,1,19.0,REG,13.0,4,7,18.0,6.0,F. Gustavsson,2,4.0,6.0,52,32
2025020034,2025-10-11,20252026,REG,DAL,COL,0,25.0,SO,22.0,5,4,17.0,15.0,J. Oettinger,2,0.0,3.0,22,39
2025020034,2025-10-11,20252026,REG,COL,DAL,1,8.0,SO,15.0,4,5,19.0,9.0,S. Wedgewood,2,1.0,4.0,39,22
2025020035,2025-10-11,20252026,REG,VAN,EDM,0,14.0,REG,21.0,1,3,26.0,12.0,T. Demko,2,0.0,3.0,15,37
2025020035,2025-10-11,20252026,REG,EDM,VAN,1,13.0,REG,14.0,3,1,22.0,6.0,C. Pickard,2,0.0,2.0,37,15
2025020036,2025-10-11,20252026,REG,ANA,SJS,0,12.0,OT,14.0,7,6,24.0,13.0,P. Mrazek,2,2.0,3.0,44,23
2025020036,2025-10-11,20252026,REG,SJS,ANA,1,18.0,OT,19.0,6,7,20.0,13.0,Y. Askarov,2,2.0,3.0,23,44
2025020037,2025-10-11,20252026,REG,VGK,SEA,0,14.0,OT,20.0,1,2,22.0,11.0,A. Hill,2,1.0,3.0,27,22
2025020037,2025-10-11,20252026,REG,SEA,VGK,1,20.0,OT,17.0,2,1,30.0,11.0,J. Daccord,2,1.0,2.0,22,27
2025020038,2025-10-12,20252026,REG,WSH,NYR,0,18.0,REG,17.0,1,0,26.0,4.0,C. Lindgren,2,0.0,3.0,21,35
2025020038,2025-10-12,20252026,REG,NYR,WSH,1,15.0,REG,14.0,0,1,18.0,2.0,J. Quick,2,0.0,6.0,35,21
2025020039,2025-10-13,20252026,REG,COL,BUF,0,21.0,REG,16.0,3,1,20.0,6.0,S. Wedgewood,2,0.0,5.0,37,28
2025020039,2025-10-13,20252026,REG,BUF,COL,1,11.0,REG,20.0,1,3,11.0,10.0,A. Lyon,2,0.0,7.0,28,37
2025020040,2025-10-13,20252026,REG,TBL,BOS,0,14.0,REG,20.0,4,3,21.0,14.0,J. Johansson,2,0.0,9.0,23,33
2025020040,2025-10-13,20252026,REG,BOS,TBL,1,12.0,REG,16.0,3,4,31.0,8.0,J. Korpisalo,2,0.0,6.0,33,23
2025020041,2025-10-13,20252026,REG,NSH,OTT,0,14.0,REG,12.0,4,1,20.0,10.0,J. Saros,2,0.0,3.0,26,32
2025020041,2025-10-13,20252026,REG,OTT,NSH,1,15.0,REG,17.0,1,4,29.0,10.0,L. Ullmark,2,1.0,3.0,32,26
2025020042,2025-10-13,20252026,REG,WPG,NYI,0,24.0,REG,13.0,5,2,16.0,8.0,E. Comrie,2,1.0,4.0,26,35
2025020042,2025-10-13,20252026,REG,NYI,WPG,1,13.0,REG,12.0,2,5,14.0,6.0,I. Sorokin,2,0.0,3.0,35,26
2025020043,2025-10-13,20252026,REG,DET,TOR,0,20.0,REG,16.0,3,2,18.0,6.0,C. Talbot,2,1.0,11.0,15,40
2025020043,2025-10-13,20252026,REG,TOR,DET,1,10.0,REG,22.0,2,3,22.0,8.0,A. Stolarz,2,0.0,7.0,40,15
2025020044,2025-10-13,20252026,REG,FLA,PHI,0,15.0,REG,17.0,2,5,24.0,10.0,D. Tarasov,2,1.0,2.0,26,22
2025020044,2025-10-13,20252026,REG,PHI,FLA,1,14.0,REG,13.0,5,2,8.0,10.0,D. Vladar,2,0.0,4.0,22,26
2025020045,2025-10-13,20252026,REG,NJD,CBJ,0,18.0,REG,18.0,3,2,15.0,10.0,J. Allen,2,2.0,5.0,28,33
2025020045,2025-10-13,20252026,REG,CBJ,NJD,1,12.0,REG,20.0,2,3,18.0,4.0,J. Greaves,2,0.0,3.0,33,28
2025020046,2025-10-13,20252026,REG,STL,VAN,0,17.0,REG,16.0,5,2,22.0,2.0,J. Binnington,2,1.0,8.0,36,29
2025020046,2025-10-13,20252026,REG,VAN,STL,1,17.0,REG,23.0,2,5,29.0,6.0,K. Lankinen,2,0.0,6.0,29,36
2025020047,2025-10-13,20252026,REG,LAK,MIN,0,10.0,SO,22.0,3,4,24.0,12.0,D. Kuemper,2,1.0,6.0,34,26
2025020047,2025-10-13,20252026,REG,MIN,LAK,1,11.0,SO,20.0,4,3,23.0,6.0,J. Wallstedt,2,3.0,9.0,26,34
2025020048,2025-10-13,20252026,REG,UTA,CHI,0,3.0,REG,17.0,1,3,16.0,6.0,V. Vanecek,2,0.0,1.0,22,14
2025020048,2025-10-13,20252026,REG,CHI,UTA,1,14.0,REG,16.0,3,1,31.0,6.0,S. Knight,2,1.0,2.0,14,22
2025020049,2025-10-14,20252026,REG,NSH,TOR,0,11.0,REG,17.0,4,7,18.0,6.0,J. Annunen,2,0.0,4.0,30,28
2025020049,2025-10-14,20252026,REG,TOR,NSH,1,20.0,REG,17.0,7,4,21.0,6.0,C. Primeau,2,0.0,4.0,28,30
2025020050,2025-10-14,20252026,REG,SEA,MTL,0,17.0,OT,13.0,4,5,32.0,6.0,J. Daccord,2,1.0,5.0,22,22
2025020050,2025-10-14,20252026,REG,MTL,SEA,1,23.0,OT,13.0,5,4,25.0,8.0,S. Montembeault,2,0.0,3.0,22,22
2025020051,2025-10-14,20252026,REG,EDM,NYR,0,23.0,REG,18.0,2,0,12.0,6.0,S. Skinner,2,0.0,6.0,22,30
2025020051,2025-10-14,20252026,REG,NYR,EDM,1,11.0,REG,13.0,0,2,18.0,0.0,I. Shesterkin,2,0.0,2.0,30,22
2025020052,2025-10-14,20252026,REG,TBL,WSH,0,17.0,OT,19.0,2,3,8.0,10.0,A. Vasilevskiy,2,1.0,2.0,19,28
2025020052,2025-10-14,20252026,REG,WSH,TBL,1,8.0,OT,14.0,3,2,23.0,8.0,L. Thompson,2,1.0,4.0,28,19
2025020053,2025-10-14,20252026,REG,VGK,CGY,0,11.0,REG,13.0,4,2,26.0,4.0,A. Hill,2,0.0,6.0,30,29
2025020053,2025-10-14,20252026,REG,CGY,VGK,1,18.0,REG,11.0,2,4,23.0,6.0,D. Wolf,2,0.0,6.0,29,30
2025020054,2025-10-14,20252026,REG,MIN,DAL,0,16.0,REG,11.0,2,5,26.0,11.0,F. Gustavsson,2,2.0,4.0,41,25
2025020054,2025-10-14,20252026,REG,DAL,MIN,1,17.0,REG,15.0,5,2,15.0,25.0,J. Oettinger,2,2.0,5.0,25,41
2025020055,2025-10-14,20252026,REG,CAR,SJS,0,8.0,REG,21.0,5,1,13.0,12.0,B. Bussi,2,0.0,5.0,43,17
2025020055,2025-10-14,20252026,REG,SJS,CAR,1,18.0,REG,15.0,1,5,21.0,8.0,A. Nedeljkovic,2,0.0,4.0,17,43
2025020056,2025-10-14,20252026,REG,PIT,ANA,0,26.0,REG,12.0,3,4,16.0,12.0,T. Jarry,2,0.0,3.0,25,22
2025020056,2025-10-14,20252026,REG,ANA,PIT,1,16.0,REG,14.0,4,3,25.0,0.0,L. Dostal,2,2.0,1.0,22,25
2025020057,2025-10-15,20252026,REG,OTT,BUF,0,10.0,REG,13.0,4,8,21.0,10.0,L. Meriläinen,2,1.0,5.0,37,27
2025020057,2025-10-15,20252026,REG,BUF,OTT,1,20.0,REG,14.0,8,4,28.0,12.0,A. Lyon,2,3.0,6.0,27,37
2025020058,2025-10-15,20252026,REG,FLA,DET,0,9.0,REG,15.0,1,4,32.0,6.0,S. Bobrovsky,2,0.0,2.0,21,25
2025020058,2025-10-15,20252026,REG,DET,FLA,1,21.0,REG,23.0,4,1,15.0,4.0,C. Talbot,2,1.0,3.0,25,21
2025020059,2025-10-15,20252026,REG,CHI,STL,0,9.0,REG,23.0,8,3,9.0,4.0,A. Soderblom,2,1.0,11.0,29,26
2025020059,2025-10-15,20252026,REG,STL,CHI,1,10.0,REG,13.0,3,8,28.0,6.0,J. Hofer,2,0.0,1.0,26,29
2025020060,2025-10-15,20252026,REG,CGY,UTA,0,14.0,REG,11.0,1,3,21.0,21.0,D. Cooley,2,1.0,5.0,20,32
2025020060,2025-10-15,20252026,REG,UTA,CGY,1,17.0,REG,10.0,3,1,25.0,15.0,K. Vejmelka,2,0.0,2.0,32,20
2025020061,2025-10-16,20252026,REG,NYR,TOR,0,10.0,OT,13.0,1,2,22.0,4.0,I. Shesterkin,2,0.0,6.0,29,24
2025020061,2025-10-16,20252026,REG,TOR,NYR,1,13.0,OT,21.0,2,1,18.0,6.0,A. Stolarz,2,1.0,2.0,24,29
2025020062,2025-10-16,20252026,REG,NSH,MTL,0,12.0,OT,15.0,2,3,16.0,6.0,J. Saros,2,1.0,4.0,19,30
2025020062,2025-10-16,20252026,REG,MTL,NSH,1,17.0,OT,12.0,3,2,13.0,4.0,J. Dobes,2,0.0,5.0,30,19
2025020063,2025-10-16,20252026,REG,SEA,OTT,0,21.0,SO,17.0,3,4,27.0,4.0,P. Grubauer,2,1.0,7.0,33,23
2025020063,2025-10-16,20252026,REG,OTT,SEA,1,18.0,SO,16.0,4,3,19.0,6.0,L. Ullmark,2,1.0,4.0,23,33
2025020064,2025-10-16,20252026,REG,FLA,NJD,0,18.0,REG,13.0,1,3,27.0,8.0,D. Tarasov,2,0.0,3.0,22,33
2025020064,2025-10-16,20252026,REG,NJD,FLA,1,20.0,REG,10.0,3,1,22.0,12.0,J. Allen,2,1.0,4.0,33,22
2025020065,2025-10-16,20252026,REG,EDM,NYI,0,13.0,REG,17.0,2,4,7.0,10.0,S. Skinner,2,1.0,5.0,33,25
2025020065,2025-10-16,20252026,REG,NYI,EDM,1,13.0,REG,11.0,4,2,18.0,8.0,D. Rittich,2,1.0,5.0,25,33
2025020066,2025-10-16,20252026,REG,WPG,PHI,0,9.0,REG,14.0,5,2,17.0,8.0,C. Hellebuyck,2,1.0,3.0,15,17
2025020066,2025-10-16,20252026,REG,PHI,WPG,1,16.0,REG,16.0,2,5,15.0,2.0,S. Ersson,2,0.0,4.0,17,15
2025020067,2025-10-16,20252026,REG,COL,CBJ,0,14.0,REG,19.0,4,1,13.0,4.0,S. Wedgewood,2,0.0,6.0,36,23
2025020067,2025-10-16,20252026,REG,CBJ,COL,1,20.0,REG,21.0,1,4,12.0,2.0,E. Merzlikins,2,0.0,2.0,23,36
2025020068,2025-10-16,20252026,REG,VAN,DAL,0,15.0,REG,11.0,5,3,26.0,8.0,T. Demko,2,2.0,3.0,26,31
2025020068,2025-10-16,20252026,REG,DAL,VAN,1,20.0,REG,11.0,3,5,21.0,6.0,C. DeSmith,2,2.0,4.0,31,26
2025020069,2025-10-16,20252026,REG,BOS,VGK,0,20.0,REG,14.0,5,6,26.0,12.0,J. Swayman,2,1.0,5.0,24,37
2025020069,2025-10-16,20252026,REG,VGK,BOS,1,22.0,REG,13.0,6,5,20.0,6.0,A. Schmid,2,2.0,3.0,37,24
2025020070,2025-10-16,20252026,REG,CAR,ANA,0,16.0,REG,21.0,4,1,19.0,12.0,F. Andersen,2,1.0,4.0,32,24
2025020070,2025-10-16,20252026,REG,ANA,CAR,1,16.0,REG,15.0,1,4,31.0,8.0,L. Dostal,2,0.0,1.0,24,32
2025020071,2025-10-16,20252026,REG,PIT,LAK,0,15.0,REG,15.0,4,2,13.0,4.0,A. Silovs,2,1.0,0.0,26,32
2025020071,2025-10-16,20252026,REG,LAK,PIT,1,10.0,REG,16.0,2,4,23.0,4.0,A. Forsberg,2,0.0,3.0,32,26
2025020072,2025-10-17,20252026,REG,TBL,DET,0,13.0,OT,15.0,1,2,20.0,6.0,A. Vasilevskiy,2,0.0,4.0,32,31
2025020072,2025-10-17,20252026,REG,DET,TBL,1,22.0,OT,16.0,2,1,27.0,6.0,J. Gibson,2,0.0,4.0,31,32
2025020073,2025-10-17,20252026,REG,MIN,WSH,0,17.0,REG,13.0,1,5,18.0,10.0,F. Gustavsson,2,0.0,1.0,14,45
2025020073,2025-10-17,20252026,REG,WSH,MIN,1,14.0,REG,20.0,5,1,23.0,4.0,L. Thompson,2,1.0,6.0,45,14
2025020074,2025-10-17,20252026,REG,VAN,CHI,0,10.0,SO,11.0,3,2,26.0,8.0,K. Lankinen,2,1.0,2.0,32,33
2025020074,2025-10-17,20252026,REG,CHI,VAN,1,10.0,SO,13.0,2,3,19.0,12.0,S. Knight,2,1.0,6.0,33,32
2025020075,2025-10-17,20252026,REG,SJS,UTA,0,12.0,REG,17.0,3,6,25.0,18.0,Y. Askarov,2,2.0,7.0,21,34
2025020075,2025-10-17,20252026,REG,UTA,SJS,1,8.0,REG,17.0,6,3,14.0,18.0,K. Vejmelka,2,1.0,4.0,34,21
2025020076,2025-10-18,20252026,REG,FLA,BUF,0,17.0,REG,15.0,0,3,29.0,12.0,S. Bobrovsky,2,0.0,3.0,32,31
2025020076,2025-10-18,20252026,REG,BUF,FLA,1,20.0,REG,13.0,3,0,23.0,26.0,A. Lyon,2,2.0,4.0,31,32
2025020077,2025-10-18,20252026,REG,NYI,OTT,0,19.0,REG,13.0,5,4,28.0,2.0,I. Sorokin,2,0.0,2.0,23,32
2025020077,2025-10-18,20252026,REG,OTT,NYI,1,9.0,REG,22.0,4,5,29.0,6.0,L. Ullmark,2,1.0,4.0,32,23
2025020078,2025-10-18,20252026,REG,EDM,NJD,0,13.0,REG,23.0,3,5,20.0,6.0,C. Pickard,2,0.0,4.0,30,23
2025020078,2025-10-18,20252026,REG,NJD,EDM,1,15.0,REG,10.0,5,3,24.0,6.0,J. Allen,2,1.0,8.0,23,30
2025020079,2025-10-18,20252026,REG,SEA,TOR,0,19.0,OT,19.0,4,3,26.0,8.0,J. Daccord,2,1.0,7.0,28,30
2025020079,2025-10-18,20252026,REG,TOR,SEA,1,15.0,OT,28.0,3,4,29.0,4.0,A. Stolarz,2,1.0,2.0,30,28
2025020080,2025-10-18,20252026,REG,NYR,MTL,0,13.0,REG,11.0,4,3,24.0,13.0,J. Quick,2,1.0,4.0,22,24
2025020080,2025-10-18,20252026,REG,MTL,NYR,1,11.0,REG,13.0,3,4,16.0,13.0,S. Montembeault,2,1.0,4.0,24,22
2025020081,2025-10-18,20252026,REG,MIN,PHI,0,15.0,OT,14.0,1,2,19.0,9.0,J. Wallstedt,2,0.0,1.0,16,21
2025020081,2025-10-18,20252026,REG,PHI,MIN,1,16.0,OT,15.0,2,1,32.0,9.0,D. Vladar,2,0.0,4.0,21,16
2025020082,2025-10-18,20252026,REG,TBL,CBJ,0,15.0,REG,21.0,2,3,14.0,13.0,J. Johansson,2,1.0,3.0,24,31
2025020082,2025-10-18,20252026,REG,CBJ,TBL,1,18.0,REG,18.0,3,2,23.0,17.0,J. Greaves,2,0.0,3.0,31,24
2025020083,2025-10-18,20252026,REG,DAL,STL,0,13.0,REG,20.0,1,3,31.0,4.0,J. Oettinger,2,0.0,3.0,19,22
2025020083,2025-10-18,20252026,REG,STL,DAL,1,11.0,REG,13.0,3,1,24.0,4.0,J. Binnington,2,0.0,8.0,22,19
2025020084,2025-10-18,20252026,REG,NSH,WPG,0,7.0,REG,10.0,1,4,19.0,11.0,J. Saros,2,0.0,5.0,31,24
2025020084,2025-10-18,20252026,REG,WPG,NSH,1,16.0,REG,10.0,4,1,16.0,13.0,C. Hellebuyck,2,2.0,2.0,24,31
2025020085,2025-10-18,20252026,REG,BOS,COL,0,29.0,REG,18.0,1,4,24.0,10.0,J. Swayman,2,0.0,1.0,14,38
2025020085,2025-10-18,20252026,REG,COL,BOS,1,17.0,REG,12.0,4,1,12.0,4.0,S. Wedgewood,2,0.0,3.0,38,14
2025020086,2025-10-18,20252026,REG,CAR,LAK,0,20.0,OT,16.0,4,3,18.0,2.0,B. Bussi,2,0.0,7.0,40,28
2025020086,2025-10-18,20252026,REG,LAK,CAR,1,20.0,OT,21.0,3,4,29.0,6.0,A. Forsberg,2,1.0,4.0,28,40
2025020087,2025-10-18,20252026,REG,CGY,VGK,0,10.0,REG,14.0,1,6,22.0,16.0,D. Wolf,2,1.0,2.0,27,28
2025020087,2025-10-18,20252026,REG,VGK,CGY,1,21.0,REG,19.0,6,1,14.0,16.0,A. Hill,2,3.0,3.0,28,27
2025020088,2025-10-18,20252026,REG,PIT,SJS,0,21.0,REG,20.0,3,0,11.0,4.0,T. Jarry,2,0.0,4.0,27,31
2025020088,2025-10-18,20252026,REG,SJS,PIT,1,14.0,REG,15.0,0,3,25.0,2.0,A. Nedeljkovic,2,0.0,5.0,31,27
2025020089,2025-10-19,20252026,REG,VAN,WSH,0,23.0,REG,17.0,4,3,22.0,13.0,T. Demko,2,1.0,5.0,24,31
2025020089,2025-10-19,20252026,REG,WSH,VAN,1,1.0,REG,18.0,3,4,28.0,11.0,C. Lindgren,2,1.0,3.0,31,24
2025020090,2025-10-19,20252026,REG,EDM,DET,0,21.0,REG,19.0,2,4,19.0,0.0,S. Skinner,2,0.0,3.0,18,25
2025020090,2025-10-19,20252026,REG,DET,EDM,1,11.0,REG,16.0,4,2,24.0,2.0,J. Gibson,2,0.0,4.0,25,18
2025020091,2025-10-19,20252026,REG,ANA,CHI,0,9.0,OT,18.0,1,2,30.0,4.0,L. Dostal,2,1.0,8.0,39,30
2025020091,2025-10-19,20252026,REG,CHI,ANA,1,12.0,OT,18.0,2,1,26.0,10.0,S. Knight,2,0.0,5.0,30,39
2025020092,2025-10-19,20252026,REG,BOS,UTA,0,19.0,REG,18.0,2,3,24.0,17.0,J. Korpisalo,2,1.0,8.0,26,27
2025020092,2025-10-19,20252026,REG,UTA,BOS,1,21.0,REG,19.0,3,2,23.0,15.0,V. Vanecek,2,1.0,3.0,27,26
2025020093,2025-10-20,20252026,REG,MIN,NYR,0,19.0,REG,11.0,3,1,20.0,2.0,F. Gustavsson,2,0.0,3.0,32,24
2025020093,2025-10-20,20252026,REG,NYR,MIN,1,21.0,REG,9.0,1,3,34.0,6.0,I. Shesterkin,2,0.0,2.0,24,32
2025020094,2025-10-20,20252026,REG,SEA,PHI,0,11.0,REG,16.0,2,5,23.0,28.0,J. Daccord,2,1.0,4.0,23,27
2025020094,2025-10-20,20252026,REG,PHI,SEA,1,11.0,REG,18.0,5,2,20.0,32.0,D. Vladar,2,2.0,3.0,27,23
2025020095,2025-10-20,20252026,REG,BUF,MTL,0,9.0,REG,15.0,2,4,15.0,6.0,A. Lyon,2,0.0,6.0,32,32
2025020095,2025-10-20,20252026,REG,MTL,BUF,1,21.0,REG,11.0,4,2,22.0,6.0,J. Dobes,2,0.0,3.0,32,32
2025020096,2025-10-20,20252026,REG,WPG,CGY,0,19.0,REG,19.0,2,1,15.0,10.0,C. Hellebuyck,2,1.0,3.0,27,33
2025020096,2025-10-20,20252026,REG,CGY,WPG,1,11.0,REG,18.0,1,2,22.0,6.0,D. Wolf,2,0.0,4.0,33,27
2025020097,2025-10-20,20252026,REG,CAR,VGK,0,18.0,REG,12.0,1,4,15.0,8.0,F. Andersen,2,0.0,1.0,27,26
2025020097,2025-10-20,20252026,REG,VGK,CAR,1,20.0,REG,18.0,4,1,13.0,8.0,A. Hill,2,0.0,2.0,26,27
2025020098,2025-10-21,20252026,REG,NJD,TOR,0,17.0,REG,25.0,5,2,21.0,11.0,J. Allen,2,1.0,6.0,35,25
2025020098,2025-10-21,20252026,REG,TOR,NJD,1,16.0,REG,17.0,2,5,22.0,9.0,A. Stolarz,2,0.0,7.0,25,35
2025020099,2025-10-21,20252026,REG,EDM,OTT,0,17.0,OT,17.0,3,2,20.0,6.0,S. Skinner,2,2.0,5.0,25,21
2025020099,2025-10-21,20252026,REG,OTT,EDM,1,9.0,OT,13.0,2,3,20.0,6.0,L. Ullmark,2,1.0,1.0,21,25
2025020100,2025-10-21,20252026,REG,SJS,NYI,0,6.0,REG,21.0,3,4,22.0,6.0,Y. Askarov,2,0.0,4.0,36,27
2025020100,2025-10-21,20252026,REG,NYI,SJS,1,19.0,REG,21.0,4,3,18.0,6.0,I. Sorokin,2,2.0,4.0,27,36
2025020101,2025-10-21,20252026,REG,VAN,PIT,0,20.0,REG,19.0,1,5,26.0,8.0,K. Lankinen,2,0.0,2.0,24,26
2025020101,2025-10-21,20252026,REG,PIT,VAN,1,17.0,REG,16.0,5,1,18.0,6.0,A. Silovs,2,2.0,4.0,26,24
2025020102,2025-10-21,20252026,REG,SEA,WSH,0,19.0,REG,15.0,1,4,13.0,4.0,M. Murray,2,0.0,4.0,19,34
2025020102,2025-10-21,20252026,REG,WSH,SEA,1,16.0,REG,14.0,4,1,18.0,4.0,L. Thompson,2,1.0,8.0,34,19
2025020103,2025-10-21,20252026,REG,FLA,BOS,0,16.0,REG,18.0,4,3,26.0,17.0,S. Bobrovsky,2,1.0,2.0,23,31
2025020103,2025-10-21,20252026,REG,BOS,FLA,1,7.0,REG,14.0,3,4,23.0,15.0,J. Swayman,2,1.0,11.0,31,23
2025020104,2025-10-21,20252026,REG,LAK,STL,0,14.0,OT,18.0,2,1,13.0,9.0,D. Kuemper,2,1.0,7.0,28,18
2025020104,2025-10-21,20252026,REG,STL,LAK,1,9.0,OT,12.0,1,2,20.0,11.0,J. Binnington,2,1.0,3.0,18,28
2025020105,2025-10-21,20252026,REG,ANA,NSH,0,9.0,REG,13.0,5,2,23.0,12.0,L. Dostal,2,0.0,7.0,32,28
2025020105,2025-10-21,20252026,REG,NSH,ANA,1,11.0,REG,16.0,2,5,16.0,20.0,J. Saros,2,0.0,5.0,28,32
2025020106,2025-10-21,20252026,REG,CBJ,DAL,0,5.0,REG,14.0,5,1,35.0,4.0,E. Merzlikins,2,2.0,9.0,29,23
2025020106,2025-10-21,20252026,REG,DAL,CBJ,1,14.0,REG,17.0,1,5,21.0,4.0,J. Oettinger,2,0.0,5.0,23,29
2025020107,2025-10-21,20252026,REG,COL,UTA,0,8.0,OT,17.0,3,4,20.0,4.0,S. Wedgewood,2,0.0,7.0,33,33
2025020107,2025-10-21,20252026,REG,UTA,COL,1,19.0,OT,21.0,4,3,28.0,2.0,K. Vejmelka,2,1.0,4.0,33,33
2025020108,2025-10-22,20252026,REG,MIN,NJD,0,20.0,REG,9.0,1,4,25.0,4.0,F. Gustavsson,2,0.0,4.0,31,35
2025020108,2025-10-22,20252026,REG,NJD,MIN,1,19.0,REG,13.0,4,1,8.0,6.0,N. Daws,2,1.0,5.0,35,31
2025020109,2025-10-22,20252026,REG,DET,BUF,0,15.0,REG,12.0,2,4,15.0,10.0,J. Gibson,2,0.0,4.0,31,31
2025020109,2025-10-22,20252026,REG,BUF,DET,1,18.0,REG,9.0,4,2,19.0,4.0,C. Ellis,2,1.0,3.0,31,31
2025020110,2025-10-22,20252026,REG,MTL,CGY,0,25.0,OT,13.0,2,1,17.0,8.0,J. Dobes,2,1.0,6.0,28,37
2025020110,2025-10-22,20252026,REG,CGY,MTL,1,13.0,OT,12.0,1,2,23.0,6.0,D. Wolf,2,0.0,3.0,37,28
2025020111,2025-10-23,20252026,REG,ANA,BOS,0,22.0,REG,19.0,7,5,17.0,9.0,P. Mrazek,2,1.0,1.0,30,42
2025020111,2025-10-23,20252026,REG,BOS,ANA,1,15.0,REG,18.0,5,7,18.0,11.0,J. Korpisalo,2,2.0,4.0,42,30
2025020112,2025-10-23,20252026,REG,PHI,OTT,0,16.0,REG,12.0,1,2,21.0,12.0,D. Vladar,2,0.0,4.0,23,33
2025020112,2025-10-23,20252026,REG,OTT,PHI,1,16.0,REG,11.0,2,1,17.0,8.0,L. Ullmark,2,0.0,3.0,33,23
2025020113,2025-10-23,20252026,REG,CHI,TBL,0,15.0,REG,14.0,3,2,18.0,6.0,S. Knight,2,1.0,2.0,25,31
2025020113,2025-10-23,20252026,REG,TBL,CHI,1,7.0,REG,12.0,2,3,18.0,12.0,A. Vasilevskiy,2,0.0,4.0,31,25
2025020114,2025-10-23,20252026,REG,PIT,FLA,0,19.0,REG,13.0,5,3,18.0,8.0,T. Jarry,2,2.0,9.0,17,37
2025020114,2025-10-23,20252026,REG,FLA,PIT,1,9.0,REG,9.0,3,5,26.0,6.0,S. Bobrovsky,2,2.0,4.0,37,17
2025020115,2025-10-23,20252026,REG,DET,NYI,0,11.0,REG,9.0,2,7,28.0,16.0,C. Talbot,2,1.0,2.0,34,30
2025020115,2025-10-23,20252026,REG,NYI,DET,1,22.0,REG,10.0,7,2,14.0,32.0,D. Rittich,2,0.0,6.0,30,34
2025020116,2025-10-23,20252026,REG,SJS,NYR,0,19.0,OT,20.0,6,5,26.0,13.0,A. Nedeljkovic,2,1.0,1.0,24,28
2025020116,2025-10-23,20252026,REG,NYR,SJS,1,10.0,OT,11.0,5,6,24.0,15.0,I. Shesterkin,2,1.0,3.0,28,24
2025020117,2025-10-23,20252026,REG,UTA,STL,0,9.0,REG,16.0,7,4,15.0,12.0,K. Vejmelka,2,2.0,3.0,25,20
2025020117,2025-10-23,20252026,REG,STL,UTA,1,5.0,REG,15.0,4,7,32.0,12.0,J. Hofer,2,1.0,4.0,20,25
2025020118,2025-10-23,20252026,REG,VAN,NSH,0,20.0,REG,12.0,1,2,25.0,6.0,T. Demko,2,0.0,3.0,22,35
2025020118,2025-10-23,20252026,REG,NSH,VAN,1,19.0,REG,10.0,2,1,21.0,10.0,J. Saros,2,0.0,8.0,35,22
2025020119,2025-10-23,20252026,REG,LAK,DAL,0,16.0,OT,20.0,3,2,14.0,8.0,D. Kuemper,2,1.0,5.0,25,31
2025020119,2025-10-23,20252026,REG,DAL,LAK,1,14.0,OT,15.0,2,3,18.0,6.0,J. Oettinger,2,2.0,5.0,31,25
2025020120,2025-10-23,20252026,REG,SEA,WPG,0,14.0,REG,15.0,3,0,13.0,16.0,J. Daccord,2,0.0,6.0,28,32
2025020120,2025-10-23,20252026,REG,WPG,SEA,1,14.0,REG,24.0,0,3,30.0,12.0,C. Hellebuyck,2,0.0,2.0,32,28
2025020121,2025-10-23,20252026,REG,CAR,COL,0,12.0,SO,12.0,5,4,19.0,18.0,F. Andersen,2,0.0,4.0,31,48
2025020121,2025-10-23,20252026,REG,COL,CAR,1,12.0,SO,10.0,4,5,28.0,14.0,S. Wedgewood,2,1.0,5.0,48,31
2025020122,2025-10-23,20252026,REG,MTL,EDM,0,16.0,REG,14.0,5,6,15.0,20.0,S. Montembeault,2,0.0,6.0,27,29
2025020122,2025-10-23,20252026,REG,EDM,MTL,1,19.0,REG,11.0,6,5,15.0,2.0,C. Pickard,2,2.0,3.0,29,27
2025020123,2025-10-24,20252026,REG,TOR,BUF,0,13.0,REG,18.0,3,5,30.0,4.0,A. Stolarz,2,1.0,7.0,34,30
2025020123,2025-10-24,20252026,REG,BUF,TOR,1,21.0,REG,13.0,5,3,8.0,10.0,A. Lyon,2,0.0,3.0,30,34
2025020124,2025-10-24,20252026,REG,SJS,NJD,0,21.0,REG,13.0,1,3,11.0,10.0,Y. Askarov,2,1.0,2.0,17,29
2025020124,2025-10-24,20252026,REG,NJD,SJS,1,18.0,REG,12.0,3,1,22.0,8.0,J. Allen,2,2.0,5.0,29,17
2025020125,2025-10-24,20252026,REG,WSH,CBJ,0,11.0,REG,18.0,5,1,23.0,6.0,L. Thompson,2,2.0,3.0,30,35
2025020125,2025-10-24,20252026,REG,CBJ,WSH,1,7.0,REG,12.0,1,5,25.0,9.0,J. Greaves,2,0.0,4.0,35,30
2025020126,2025-10-24,20252026,REG,CGY,WPG,0,10.0,REG,13.0,3,5,16.0,21.0,D. Wolf,2,1.0,4.0,33,32
2025020126,2025-10-24,20252026,REG,WPG,CGY,1,13.0,REG,9.0,5,3,19.0,19.0,E. Comrie,2,2.0,5.0,32,33
2025020127,2025-10-25,20252026,REG,NYI,PHI,0,10.0,SO,15.0,3,4,24.0,20.0,I. Sorokin,2,0.0,3.0,26,26
2025020127,2025-10-25,20252026,REG,PHI,NYI,1,16.0,SO,15.0,4,3,30.0,18.0,S. Ersson,2,1.0,6.0,26,26
2025020128,2025-10-25,20252026,REG,COL,BOS,0,7.0,REG,8.0,2,3,15.0,14.0,S. Wedgewood,2,0.0,8.0,33,19
2025020128,2025-10-25,20252026,REG,BOS,COL,1,34.0,REG,16.0,3,2,24.0,10.0,J. Swayman,2,0.0,3.0,19,33
2025020129,2025-10-25,20252026,REG,ANA,TBL,0,17.0,REG,10.0,3,4,14.0,19.0,L. Dostal,2,0.0,8.0,40,33
2025020129,2025-10-25,20252026,REG,TBL,ANA,1,15.0,REG,23.0,4,3,21.0,11.0,J. Johansson,2,1.0,5.0,33,40
2025020130,2025-10-25,20252026,REG,VGK,FLA,0,21.0,REG,19.0,0,3,25.0,8.0,A. Schmid,2,0.0,5.0,17,26
2025020130,2025-10-25,20252026,REG,FLA,VGK,1,16.0,REG,9.0,3,0,24.0,6.0,S. Bobrovsky,2,0.0,7.0,26,17
2025020131,2025-10-25,20252026,REG,UTA,MIN,0,21.0,REG,25.0,6,2,12.0,10.0,K. Vejmelka,2,1.0,5.0,41,35
2025020131,2025-10-25,20252026,REG,MIN,UTA,1,9.0,REG,20.0,2,6,32.0,4.0,F. Gustavsson,2,1.0,2.0,35,41
2025020132,2025-10-25,20252026,REG,BUF,TOR,0,15.0,OT,15.0,3,4,20.0,21.0,U. Luukkonen,2,1.0,6.0,26,23
2025020132,2025-10-25,20252026,REG,TOR,BUF,1,18.0,OT,9.0,4,3,25.0,13.0,C. Primeau,2,0.0,2.0,23,26
2025020133,2025-10-25,20252026,REG,STL,DET,0,18.0,REG,15.0,4,6,17.0,6.0,J. Binnington,2,2.0,4.0,29,28
2025020133,2025-10-25,20252026,REG,DET,STL,1,19.0,REG,16.0,6,4,18.0,8.0,J. Gibson,2,1.0,3.0,28,29
2025020134,2025-10-25,20252026,REG,CBJ,PIT,0,15.0,SO,8.0,5,4,24.0,11.0,E. Merzlikins,2,0.0,8.0,41,31
2025020134,2025-10-25,20252026,REG,PIT,CBJ,1,16.0,SO,20.0,4,5,18.0,7.0,A. Silovs,2,1.0,3.0,31,41
2025020135,2025-10-25,20252026,REG,OTT,WSH,0,23.0,REG,14.0,7,1,12.0,10.0,L. Ullmark,2,3.0,8.0,34,13
2025020135,2025-10-25,20252026,REG,WSH,OTT,1,11.0,REG,12.0,1,7,28.0,12.0,C. Lindgren,2,0.0,3.0,13,34
2025020136,2025-10-25,20252026,REG,MTL,VAN,0,17.0,REG,14.0,4,3,16.0,6.0,J. Dobes,2,2.0,2.0,24,31
2025020136,2025-10-25,20252026,REG,VAN,MTL,1,15.0,REG,14.0,3,4,20.0,6.0,K. Lankinen,2,1.0,3.0,31,24
2025020137,2025-10-25,20252026,REG,LAK,NSH,0,7.0,SO,22.0,4,5,10.0,4.0,D. Kuemper,2,0.0,5.0,40,25
2025020137,2025-10-25,20252026,REG,NSH,LAK,1,19.0,SO,15.0,5,4,23.0,6.0,J. Saros,2,0.0,9.0,25,40
2025020138,2025-10-25,20252026,REG,CAR,DAL,0,9.0,REG,12.0,2,3,29.0,8.0,B. Bussi,2,0.0,3.0,28,34
2025020138,2025-10-25,20252026,REG,DAL,CAR,1,30.0,REG,17.0,3,2,30.0,6.0,J. Oettinger,2,2.0,3.0,34,28
2025020139,2025-10-25,20252026,REG,EDM,SEA,0,13.0,REG,13.0,2,3,15.0,6.0,S. Skinner,2,1.0,7.0,33,23
2025020139,2025-10-25,20252026,REG,SEA,EDM,1,19.0,REG,20.0,3,2,10.0,4.0,J. Daccord,2,0.0,2.0,23,33
2025020140,2025-10-26,20252026,REG,COL,NJD,0,17.0,OT,16.0,3,4,22.0,2.0,T. Miner,2,0.0,7.0,24,24
2025020140,2025-10-26,20252026,REG,NJD,COL,1,20.0,OT,15.0,4,3,20.0,4.0,J. Allen,2,0.0,11.0,24,24
2025020141,2025-10-26,20252026,REG,VGK,TBL,0,24.0,OT,15.0,1,2,27.0,15.0,C. Lindbom,2,0.0,3.0,19,28
2025020141,2025-10-26,20252026,REG,TBL,VGK,1,14.0,OT,17.0,2,1,19.0,11.0,A. Vasilevskiy,2,0.0,2.0,28,19
2025020142,2025-10-26,20252026,REG,SJS,MIN,0,18.0,OT,17.0,6,5,22.0,8.0,Y. Askarov,2,2.0,5.0,25,33
2025020142,2025-10-26,20252026,REG,MIN,SJS,1,12.0,OT,14.0,5,6,17.0,4.0,J. Wallstedt,2,2.0,5.0,33,25
2025020143,2025-10-26,20252026,REG,UTA,WPG,0,14.0,REG,18.0,3,2,9.0,4.0,V. Vanecek,2,1.0,4.0,32,30
2025020143,2025-10-26,20252026,REG,WPG,UTA,1,13.0,REG,16.0,2,3,25.0,8.0,C. Hellebuyck,2,1.0,3.0,30,32
2025020144,2025-10-26,20252026,REG,LAK,CHI,0,8.0,REG,16.0,3,1,14.0,8.0,A. Forsberg,2,0.0,4.0,22,23
2025020144,2025-10-26,20252026,REG,CHI,LAK,1,8.0,REG,10.0,1,3,24.0,6.0,A. Soderblom,2,0.0,6.0,23,22
2025020145,2025-10-26,20252026,REG,DAL,NSH,0,14.0,REG,14.0,3,2,23.0,4.0,C. DeSmith,2,1.0,3.0,28,25
2025020145,2025-10-26,20252026,REG,NSH,DAL,1,6.0,REG,16.0,2,3,29.0,10.0,J. Annunen,2,1.0,4.0,25,28
2025020146,2025-10-26,20252026,REG,NYR,CGY,0,21.0,REG,9.0,1,5,28.0,6.0,I. Shesterkin,2,0.0,10.0,31,30
2025020146,2025-10-26,20252026,REG,CGY,NYR,1,18.0,REG,13.0,5,1,18.0,2.0,D. Wolf,2,0.0,4.0,30,31
2025020147,2025-10-26,20252026,REG,EDM,VAN,0,13.0,OT,13.0,3,4,19.0,4.0,C. Pickard,2,1.0,3.0,29,27
2025020147,2025-10-26,20252026,REG,VAN,EDM,1,18.0,OT,17.0,4,3,14.0,4.0,T. Demko,2,1.0,5.0,27,29
2025020148,2025-10-27,20252026,REG,STL,PIT,0,11.0,REG,14.0,3,6,17.0,2.0,J. Hofer,2,0.0,2.0,28,26
2025020148,2025-10-27,20252026,REG,PIT,STL,1,20.0,REG,30.0,6,3,9.0,8.0,T. Jarry,2,0.0,4.0,26,28
2025020149,2025-10-27,20252026,REG,BOS,OTT,0,9.0,REG,13.0,2,7,33.0,10.0,J. Swayman,2,0.0,5.0,28,23
2025020149,2025-10-27,20252026,REG,OTT,BOS,1,19.0,REG,11.0,7,2,19.0,2.0,L. Meriläinen,2,4.0,2.0,23,28
2025020150,2025-10-28,20252026,REG,PIT,PHI,0,12.0,SO,18.0,2,3,15.0,48.0,A. Silovs,2,0.0,5.0,26,34
2025020150,2025-10-28,20252026,REG,PHI,PIT,1,14.0,SO,15.0,3,2,20.0,48.0,S. Ersson,2,1.0,1.0,34,26
2025020151,2025-10-28,20252026,REG,CGY,TOR,0,10.0,REG,30.0,3,4,20.0,6.0,D. Wolf,2,0.0,3.0,29,37
2025020151,2025-10-28,20252026,REG,TOR,CGY,1,15.0,REG,16.0,4,3,18.0,6.0,A. Stolarz,2,1.0,8.0,37,29
2025020152,2025-10-28,20252026,REG,CBJ,BUF,0,14.0,OT,14.0,4,3,23.0,6.0,J. Greaves,2,1.0,6.0,39,38
2025020152,2025-10-28,20252026,REG,BUF,CBJ,1,20.0,OT,11.0,3,4,13.0,4.0,A. Lyon,2,0.0,4.0,38,39
2025020153,2025-10-28,20252026,REG,ANA,FLA,0,17.0,SO,16.0,3,2,19.0,13.0,L. Dostal,2,1.0,4.0,17,33
2025020153,2025-10-28,20252026,REG,FLA,ANA,1,22.0,SO,15.0,2,3,30.0,15.0,D. Tarasov,2,0.0,2.0,33,17
2025020154,2025-10-28,20252026,REG,NYI,BOS,0,13.0,REG,10.0,2,5,13.0,8.0,I. Sorokin,2,0.0,5.0,35,22
2025020154,2025-10-28,20252026,REG,BOS,NYI,1,14.0,REG,18.0,5,2,20.0,10.0,J. Korpisalo,2,2.0,6.0,22,35
2025020155,2025-10-28,20252026,REG,VGK,CAR,0,16.0,REG,21.0,6,3,22.0,4.0,A. Schmid,2,1.0,5.0,35,24
2025020155,2025-10-28,20252026,REG,CAR,VGK,1,17.0,REG,19.0,3,6,17.0,10.0,F. Andersen,2,1.0,8.0,24,35
2025020156,2025-10-28,20252026,REG,TBL,NSH,0,15.0,REG,10.0,5,2,16.0,10.0,A. Vasilevskiy,2,0.0,3.0,32,20
2025020156,2025-10-28,20252026,REG,NSH,TBL,1,5.0,REG,14.0,2,5,24.0,10.0,J. Saros,2,1.0,6.0,20,32
2025020157,2025-10-28,20252026,REG,WPG,MIN,0,17.0,OT,12.0,4,3,24.0,13.0,C. Hellebuyck,2,0.0,4.0,21,35
2025020157,2025-10-28,20252026,REG,MIN,WPG,1,10.0,OT,14.0,3,4,28.0,7.0,F. Gustavsson,2,1.0,6.0,35,21
2025020158,2025-10-28,20252026,REG,DET,STL,0,14.0,REG,19.0,5,2,14.0,9.0,J. Gibson,2,1.0,3.0,20,22
2025020158,2025-10-28,20252026,REG,STL,DET,1,11.0,REG,12.0,2,5,31.0,9.0,J. Binnington,2,0.0,3.0,22,20
2025020159,2025-10-28,20252026,REG,WSH,DAL,0,14.0,REG,15.0,0,1,22.0,8.0,L. Thompson,2,0.0,7.0,24,19
2025020159,2025-10-28,20252026,REG,DAL,WSH,1,19.0,REG,10.0,1,0,30.0,6.0,J. Oettinger,2,1.0,7.0,19,24
2025020160,2025-10-28,20252026,REG,OTT,CHI,0,17.0,REG,8.0,3,7,32.0,16.0,L. Ullmark,2,0.0,3.0,24,26
2025020160,2025-10-28,20252026,REG,CHI,OTT,1,15.0,REG,13.0,7,3,34.0,20.0,S. Knight,2,1.0,10.0,26,24
2025020161,2025-10-28,20252026,REG,NJD,COL,0,10.0,REG,14.0,4,8,26.0,10.0,J. Markstrom,2,0.0,1.0,30,42
2025020161,2025-10-28,20252026,REG,COL,NJD,1,15.0,REG,21.0,8,4,17.0,4.0,S. Wedgewood,2,4.0,3.0,42,30
2025020162,2025-10-28,20252026,REG,UTA,EDM,0,14.0,REG,12.0,3,6,17.0,2.0,K. Vejmelka,2,0.0,6.0,23,24
2025020162,2025-10-28,20252026,REG,EDM,UTA,1,13.0,REG,16.0,6,3,19.0,4.0,S. Skinner,2,0.0,6.0,24,23
2025020163,2025-10-28,20252026,REG,NYR,VAN,0,11.0,REG,9.0,2,0,18.0,11.0,J. Quick,2,0.0,4.0,25,23
2025020163,2025-10-28,20252026,REG,VAN,NYR,1,10.0,REG,6.0,0,2,19.0,13.0,T. Demko,2,0.0,6.0,23,25
2025020164,2025-10-28,20252026,REG,MTL,SEA,0,15.0,OT,15.0,4,3,18.0,10.0,J. Dobes,2,2.0,4.0,21,21
2025020164,2025-10-28,20252026,REG,SEA,MTL,1,9.0,OT,14.0,3,4,22.0,6.0,J. Daccord,2,1.0,5.0,21,21
2025020165,2025-10-28,20252026,REG,LAK,SJS,0,23.0,REG,14.0,4,3,14.0,10.0,D. Kuemper,2,0.0,3.0,14,40
2025020165,2025-10-28,20252026,REG,SJS,LAK,1,12.0,REG,9.0,3,4,17.0,2.0,Y. Askarov,2,0.0,6.0,40,14
2025020166,2025-10-29,20252026,REG,TOR,CBJ,0,21.0,REG,22.0,3,6,24.0,4.0,C. Primeau,2,0.0,9.0,36,24
2025020166,2025-10-29,20252026,REG,CBJ,TOR,1,19.0,REG,19.0,6,3,7.0,4.0,E. Merzlikins,2,0.0,5.0,24,36
2025020167,2025-10-30,20252026,REG,BUF,BOS,0,19.0,OT,20.0,3,4,25.0,13.0,A. Lyon,2,1.0,5.0,40,22
2025020167,2025-10-30,20252026,REG,BOS,BUF,1,7.0,OT,18.0,4,3,12.0,13.0,J. Korpisalo,2,1.0,3.0,22,40
2025020168,2025-10-30,20252026,REG,CGY,OTT,0,7.0,SO,18.0,3,4,17.0,10.0,D. Cooley,2,2.0,4.0,29,38
2025020168,2025-10-30,20252026,REG,OTT,CGY,1,21.0,SO,23.0,4,3,16.0,10.0,L. Ullmark,2,0.0,8.0,38,29
2025020169,2025-10-30,20252026,REG,DAL,TBL,0,10.0,OT,13.0,1,2,30.0,8.0,J. Oettinger,2,0.0,3.0,21,33
2025020169,2025-10-30,20252026,REG,TBL,DAL,1,15.0,OT,17.0,2,1,21.0,6.0,A. Vasilevskiy,2,1.0,5.0,33,21
2025020170,2025-10-30,20252026,REG,NSH,PHI,0,12.0,REG,19.0,1,4,21.0,4.0,J. Saros,2,0.0,4.0,33,18
2025020170,2025-10-30,20252026,REG,PHI,NSH,1,21.0,REG,17.0,4,1,21.0,6.0,D. Vladar,2,1.0,3.0,18,33
2025020171,2025-10-30,20252026,REG,NYI,CAR,0,13.0,REG,17.0,2,6,30.0,6.0,D. Rittich,2,1.0,2.0,28,34
2025020171,2025-10-30,20252026,REG,CAR,NYI,1,10.0,REG,22.0,6,2,19.0,10.0,B. Bussi,2,0.0,5.0,34,28
2025020172,2025-10-30,20252026,REG,VAN,STL,0,16.0,SO,14.0,4,3,21.0,4.0,K. Lankinen,2,1.0,5.0,18,39
2025020172,2025-10-30,20252026,REG,STL,VAN,1,14.0,SO,10.0,3,4,17.0,6.0,J. Binnington,2,2.0,5.0,39,18
2025020173,2025-10-30,20252026,REG,PIT,MIN,0,15.0,REG,12.0,4,1,23.0,4.0,T. Jarry,2,1.0,5.0,34,27
2025020173,2025-10-30,20252026,REG,MIN,PIT,1,9.0,REG,19.0,1,4,23.0,2.0,F. Gustavsson,2,0.0,4.0,27,34
2025020174,2025-10-30,20252026,REG,CHI,WPG,0,7.0,REG,20.0,3,6,16.0,6.0,S. Knight,2,0.0,4.0,24,32
2025020174,2025-10-30,20252026,REG,WPG,CHI,1,14.0,REG,13.0,6,3,18.0,4.0,C. Hellebuyck,2,1.0,5.0,32,24
2025020175,2025-10-30,20252026,REG,NYR,EDM,0,12.0,OT,13.0,4,3,18.0,6.0,I. Shesterkin,2,0.0,5.0,35,36
2025020175,2025-10-30,20252026,REG,EDM,NYR,1,13.0,OT,13.0,3,4,17.0,4.0,S. Skinner,2,1.0,6.0,36,35
2025020176,2025-10-30,20252026,REG,NJD,SJS,0,11.0,REG,15.0,2,5,30.0,2.0,J. Allen,2,2.0,6.0,31,28
2025020176,2025-10-30,20252026,REG,SJS,NJD,1,27.0,REG,16.0,5,2,16.0,6.0,A. Nedeljkovic,2,0.0,1.0,28,31
2025020177,2025-10-30,20252026,REG,DET,LAK,0,18.0,SO,17.0,4,3,11.0,8.0,C. Talbot,2,2.0,3.0,27,39
2025020177,2025-10-30,20252026,REG,LAK,DET,1,15.0,SO,14.0,3,4,17.0,6.0,D. Kuemper,2,0.0,2.0,39,27
2025020178,2025-10-31,20252026,REG,COL,VGK,0,22.0,REG,17.0,4,2,16.0,12.0,S. Wedgewood,2,0.0,6.0,26,23
2025020178,2025-10-31,20252026,REG,VGK,COL,1,10.0,REG,15.0,2,4,14.0,4.0,C. Lindbom,2,1.0,3.0,23,26
2025020179,2025-10-31,20252026,REG,NYI,WSH,0,16.0,REG,22.0,3,1,12.0,8.0,I. Sorokin,2,0.0,4.0,23,23
2025020179,2025-10-31,20252026,REG,WSH,NYI,1,13.0,REG,21.0,1,3,14.0,8.0,L. Thompson,2,0.0,4.0,23,23
2025020180,2025-10-31,20252026,REG,DET,ANA,0,10.0,REG,22.0,2,5,16.0,10.0,J. Gibson,2,1.0,3.0,30,32
2025020180,2025-10-31,20252026,REG,ANA,DET,1,12.0,REG,22.0,5,2,21.0,14.0,L. Dostal,2,1.0,1.0,32,30
2025020181,2025-11-01,20252026,REG,CAR,BOS,0,11.0,REG,13.0,1,2,21.0,2.0,F. Andersen,2,0.0,6.0,29,22
2025020181,2025-11-01,20252026,REG,BOS,CAR,1,21.0,REG,9.0,2,1,26.0,2.0,J. Swayman,2,0.0,2.0,22,29
2025020182,2025-11-01,20252026,REG,PIT,WPG,0,14.0,REG,13.0,2,5,18.0,8.0,A. Silovs,2,1.0,6.0,30,34
2025020182,2025-11-01,20252026,REG,WPG,PIT,1,14.0,REG,14.0,5,2,29.0,4.0,E. Comrie,2,0.0,5.0,34,30
2025020183,2025-11-01,20252026,REG,CGY,NSH,0,16.0,REG,15.0,2,4,18.0,20.0,D. Wolf,2,0.0,3.0,35,24
2025020183,2025-11-01,20252026,REG,NSH,CGY,1,16.0,REG,11.0,4,2,13.0,6.0,J. Saros,2,1.0,8.0,24,35
2025020184,2025-11-01,20252026,REG,COL,SJS,0,14.0,OT,18.0,2,3,13.0,6.0,M. Blackwood,2,0.0,2.0,38,23
2025020184,2025-11-01,20252026,REG,SJS,COL,1,10.0,OT,17.0,3,2,16.0,4.0,Y. Askarov,2,0.0,6.0,23,38
2025020185,2025-11-01,20252026,REG,DAL,FLA,0,22.0,SO,11.0,3,4,21.0,2.0,C. DeSmith,2,2.0,7.0,22,28
2025020185,2025-11-01,20252026,REG,FLA,DAL,1,9.0,SO,21.0,4,3,26.0,6.0,S. Bobrovsky,2,0.0,3.0,28,22
2025020186,2025-11-01,20252026,REG,WSH,BUF,0,13.0,SO,14.0,3,4,17.0,25.0,C. Lindgren,2,0.0,4.0,34,24
2025020186,2025-11-01,20252026,REG,BUF,WSH,1,13.0,SO,16.0,4,3,22.0,17.0,U. Luukkonen,2,0.0,3.0,24,34
2025020187,2025-11-01,20252026,REG,OTT,MTL,0,12.0,OT,15.0,3,4,27.0,16.0,L. Ullmark,2,0.0,5.0,17,27
2025020187,2025-11-01,20252026,REG,MTL,OTT,1,20.0,OT,7.0,4,3,27.0,16.0,S. Montembeault,2,1.0,2.0,27,17
2025020188,2025-11-01,20252026,REG,TOR,PHI,0,20.0,REG,15.0,5,2,20.0,10.0,A. Stolarz,2,0.0,0.0,27,33
2025020188,2025-11-01,20252026,REG,PHI,TOR,1,11.0,REG,16.0,2,5,17.0,6.0,D. Vladar,2,1.0,1.0,33,27
2025020189,2025-11-01,20252026,REG,STL,CBJ,0,13.0,REG,14.0,2,3,21.0,11.0,J. Hofer,2,0.0,4.0,39,35
2025020189,2025-11-01,20252026,REG,CBJ,STL,1,13.0,REG,15.0,3,2,14.0,9.0,J. Greaves,2,1.0,2.0,35,39
2025020190,2025-11-01,20252026,REG,VAN,MIN,0,12.0,REG,14.0,2,5,22.0,18.0,T. Demko,2,0.0,2.0,28,28
2025020190,2025-11-01,20252026,REG,MIN,VAN,1,15.0,REG,11.0,5,2,26.0,18.0,F. Gustavsson,2,1.0,1.0,28,28
2025020191,2025-11-01,20252026,REG,NJD,LAK,0,28.0,REG,17.0,4,1,12.0,8.0,J. Markstrom,2,0.0,3.0,22,44
2025020191,2025-11-01,20252026,REG,LAK,NJD,1,14.0,REG,21.0,1,4,10.0,0.0,D. Kuemper,2,0.0,5.0,44,22
2025020192,2025-11-01,20252026,REG,CHI,EDM,0,17.0,OT,14.0,2,3,9.0,6.0,S. Knight,2,1.0,5.0,29,30
2025020192,2025-11-01,20252026,REG,EDM,CHI,1,14.0,OT,14.0,3,2,18.0,2.0,S. Skinner,2,2.0,5.0,30,29
2025020193,2025-11-01,20252026,REG,NYR,SEA,0,13.0,OT,15.0,3,2,24.0,4.0,I. Shesterkin,2,0.0,5.0,27,13
2025020193,2025-11-01,20252026,REG,SEA,NYR,1,20.0,OT,21.0,2,3,11.0,6.0,J. Daccord,2,1.0,3.0,13,27
2025020194,2025-11-02,20252026,REG,TBL,UTA,0,14.0,REG,14.0,4,2,16.0,6.0,J. Johansson,2,0.0,3.0,26,27
2025020194,2025-11-02,20252026,REG,UTA,TBL,1,13.0,REG,15.0,2,4,19.0,16.0,K. Vejmelka,2,0.0,6.0,27,26
2025020195,2025-11-02,20252026,REG,CBJ,NYI,0,13.0,REG,19.0,2,3,26.0,4.0,E. Merzlikins,2,0.0,4.0,22,39
2025020195,2025-11-02,20252026,REG,NYI,CBJ,1,10.0,REG,16.0,3,2,10.0,8.0,D. Rittich,2,1.0,6.0,39,22
2025020196,2025-11-02,20252026,REG,CGY,PHI,0,18.0,REG,19.0,2,1,25.0,2.0,D. Wolf,2,0.0,7.0,21,18
2025020196,2025-11-02,20252026,REG,PHI,CGY,1,17.0,REG,17.0,1,2,21.0,4.0,A. Kolosov,2,0.0,5.0,18,21
2025020197,2025-11-02,20252026,REG,NJD,ANA,0,19.0,REG,13.0,1,4,15.0,4.0,J. Allen,2,0.0,4.0,33,29
2025020197,2025-11-02,20252026,REG,ANA,NJD,1,18.0,REG,18.0,4,1,18.0,2.0,L. Dostal,2,0.0,6.0,29,33
2025020198,2025-11-02,20252026,REG,DET,SJS,0,17.0,SO,21.0,3,2,16.0,6.0,C. Talbot,2,0.0,6.0,32,18
2025020198,2025-11-02,20252026,REG,SJS,DET,1,19.0,SO,15.0,2,3,16.0,4.0,A. Nedeljkovic,2,0.0,4.0,18,32
2025020199,2025-11-03,20252026,REG,PIT,TOR,0,5.0,REG,17.0,3,4,9.0,2.0,T. Jarry,2,1.0,5.0,37,20
2025020199,2025-11-03,20252026,REG,TOR,PIT,1,24.0,REG,22.0,4,3,35.0,6.0,A. Stolarz,2,0.0,5.0,20,37
2025020200,2025-11-03,20252026,REG,EDM,STL,0,12.0,REG,16.0,2,3,17.0,4.0,C. Pickard,2,1.0,5.0,26,22
2025020200,2025-11-03,20252026,REG,STL,EDM,1,21.0,REG,18.0,3,2,13.0,2.0,J. Binnington,2,1.0,8.0,22,26
2025020201,2025-11-03,20252026,REG,VAN,NSH,0,22.0,OT,21.0,5,4,22.0,8.0,T. Demko,2,2.0,5.0,36,29
2025020201,2025-11-03,20252026,REG,NSH,VAN,1,7.0,OT,18.0,4,5,19.0,6.0,J. Saros,2,2.0,5.0,29,36
2025020202,2025-11-03,20252026,REG,CHI,SEA,0,11.0,REG,21.0,1,3,12.0,2.0,A. Soderblom,2,0.0,2.0,30,24
2025020202,2025-11-03,20252026,REG,SEA,CHI,1,19.0,REG,20.0,3,1,20.0,6.0,J. Daccord,2,1.0,4.0,24,30
2025020203,2025-11-04,20252026,REG,UTA,BUF,0,9.0,OT,14.0,2,1,15.0,4.0,K. Vejmelka,2,0.0,4.0,35,18
2025020203,2025-11-04,20252026,REG,BUF,UTA,1,21.0,OT,11.0,1,2,20.0,4.0,A. Lyon,2,0.0,4.0,18,35
2025020204,2025-11-04,20252026,REG,PHI,MTL,0,10.0,SO,17.0,5,4,22.0,15.0,D. Vladar,2,2.0,3.0,42,20
2025020204,2025-11-04,20252026,REG,MTL,PHI,1,15.0,SO,17.0,4,5,26.0,19.0,S. Montembeault,2,2.0,3.0,20,42
2025020205,2025-11-04,20252026,REG,BOS,NYI,0,16.0,SO,13.0,4,3,16.0,10.0,J. Swayman,2,1.0,5.0,27,33
2025020205,2025-11-04,20252026,REG,NYI,BOS,1,14.0,SO,13.0,3,4,15.0,12.0,I. Sorokin,2,0.0,6.0,33,27
2025020206,2025-11-04,20252026,REG,CAR,NYR,0,16.0,REG,15.0,3,0,13.0,4.0,P. Kochetkov,2,1.0,6.0,32,26
2025020206,2025-11-04,20252026,REG,NYR,CAR,1,14.0,REG,8.0,0,3,22.0,6.0,I. Shesterkin,2,0.0,10.0,26,32
2025020207,2025-11-04,20252026,REG,EDM,DAL,0,18.0,SO,13.0,3,4,18.0,8.0,S. Skinner,2,1.0,10.0,26,27
2025020207,2025-11-04,20252026,REG,DAL,EDM,1,8.0,SO,14.0,4,3,18.0,4.0,C. DeSmith,2,1.0,2.0,27,26
2025020208,2025-11-04,20252026,REG,NSH,MIN,0,11.0,OT,18.0,2,3,13.0,6.0,J. Annunen,2,0.0,3.0,34,24
2025020208,2025-11-04,20252026,REG,MIN,NSH,1,22.0,OT,18.0,3,2,22.0,4.0,F. Gustavsson,2,2.0,6.0,24,34
2025020209,2025-11-04,20252026,REG,TBL,COL,0,14.0,REG,14.0,2,3,23.0,11.0,A. Vasilevskiy,2,0.0,4.0,24,33
2025020209,2025-11-04,20252026,REG,COL,TBL,1,15.0,REG,11.0,3,2,17.0,11.0,S. Wedgewood,2,1.0,7.0,33,24
2025020210,2025-11-04,20252026,REG,DET,VGK,0,13.0,REG,15.0,0,1,10.0,2.0,J. Gibson,2,0.0,0.0,24,34
2025020210,2025-11-04,20252026,REG,VGK,DET,1,17.0,REG,14.0,1,0,21.0,4.0,A. Schmid,2,0.0,3.0,34,24
2025020211,2025-11-04,20252026,REG,FLA,ANA,0,17.0,REG,17.0,3,7,27.0,16.0,S. Bobrovsky,2,1.0,4.0,21,32
2025020211,2025-11-04,20252026,REG,ANA,FLA,1,8.0,REG,13.0,7,3,13.0,25.0,L. Dostal,2,2.0,6.0,32,21
2025020212,2025-11-04,20252026,REG,WPG,LAK,0,15.0,REG,10.0,0,3,16.0,10.0,C. Hellebuyck,2,0.0,5.0,23,26
2025020212,2025-11-04,20252026,REG,LAK,WPG,1,10.0,REG,12.0,3,0,13.0,8.0,D. Kuemper,2,1.0,3.0,26,23
2025020213,2025-11-05,20252026,REG,UTA,TOR,0,6.0,REG,26.0,3,5,17.0,2.0,V. Vanecek,2,0.0,5.0,24,19
2025020213,2025-11-05,20252026,REG,TOR,UTA,1,8.0,REG,19.0,5,3,15.0,6.0,A. Stolarz,2,0.0,6.0,19,24
2025020214,2025-11-05,20252026,REG,STL,WSH,0,22.0,REG,16.0,1,6,27.0,9.0,J. Binnington,2,0.0,3.0,24,32
2025020214,2025-11-05,20252026,REG,WSH,STL,1,14.0,REG,16.0,6,1,8.0,11.0,L. Thompson,2,1.0,2.0,32,24
2025020215,2025-11-05,20252026,REG,CBJ,CGY,0,10.0,REG,19.0,1,5,18.0,6.0,J. Greaves,2,0.0,3.0,43,26
2025020215,2025-11-05,20252026,REG,CGY,CBJ,1,23.0,REG,13.0,5,1,24.0,4.0,D. Wolf,2,0.0,1.0,26,43
2025020216,2025-11-05,20252026,REG,CHI,VAN,0,8.0,REG,17.0,5,2,12.0,4.0,S. Knight,2,1.0,4.0,28,45
2025020216,2025-11-05,20252026,REG,VAN,CHI,1,15.0,REG,21.0,2,5,18.0,2.0,K. Lankinen,2,0.0,6.0,45,28
2025020217,2025-11-05,20252026,REG,SJS,SEA,0,20.0,REG,11.0,6,1,18.0,12.0,Y. Askarov,2,1.0,5.0,23,30
2025020217,2025-11-05,20252026,REG,SEA,SJS,1,10.0,REG,13.0,1,6,16.0,6.0,J. Daccord,2,0.0,4.0,30,23
2025020218,2025-11-06,20252026,REG,OTT,BOS,0,18.0,OT,10.0,2,3,30.0,8.0,L. Ullmark,2,0.0,7.0,22,25
2025020218,2025-11-06,20252026,REG,BOS,OTT,1,13.0,OT,12.0,3,2,25.0,8.0,J. Korpisalo,2,0.0,8.0,25,22
2025020219,2025-11-06,20252026,REG,STL,BUF,0,19.0,REG,6.0,3,0,15.0,11.0,J. Hofer,2,0.0,4.0,17,28
2025020219,2025-11-06,20252026,REG,BUF,STL,1,12.0,REG,14.0,0,3,16.0,7.0,U. Luukkonen,2,0.0,1.0,28,17
2025020220,2025-11-06,20252026,REG,MTL,NJD,0,21.0,OT,16.0,3,4,14.0,10.0,J. Dobes,2,0.0,6.0,19,28
2025020220,2025-11-06,20252026,REG,NJD,MTL,1,13.0,OT,15.0,4,3,19.0,4.0,J. Markstrom,2,0.0,2.0,28,19
2025020221,2025-11-06,20252026,REG,WSH,PIT,0,15.0,REG,17.0,3,5,27.0,10.0,C. Lindgren,2,0.0,6.0,30,31
2025020221,2025-11-06,20252026,REG,PIT,WSH,1,16.0,REG,18.0,5,3,10.0,6.0,A. Silovs,2,3.0,5.0,31,30
2025020222,2025-11-06,20252026,REG,MIN,CAR,0,17.0,REG,16.0,3,4,35.0,22.0,F. Gustavsson,2,1.0,3.0,24,27
2025020222,2025-11-06,20252026,REG,CAR,MIN,1,11.0,REG,12.0,4,3,19.0,23.0,F. Andersen,2,0.0,9.0,27,24
2025020223,2025-11-06,20252026,REG,PHI,NSH,0,17.0,REG,20.0,3,1,24.0,10.0,D. Vladar,2,0.0,4.0,26,24
2025020223,2025-11-06,20252026,REG,NSH,PHI,1,12.0,REG,22.0,1,3,22.0,6.0,J. Saros,2,0.0,5.0,24,26
2025020224,2025-11-06,20252026,REG,ANA,DAL,0,10.0,REG,9.0,7,5,22.0,10.0,L. Dostal,2,2.0,5.0,25,26
2025020224,2025-11-06,20252026,REG,DAL,ANA,1,19.0,REG,16.0,5,7,15.0,10.0,J. Oettinger,2,3.0,5.0,26,25
2025020225,2025-11-06,20252026,REG,TBL,VGK,0,16.0,REG,7.0,6,3,11.0,2.0,A. Vasilevskiy,2,2.0,9.0,27,32
2025020225,2025-11-06,20252026,REG,VGK,TBL,1,17.0,REG,13.0,3,6,13.0,6.0,C. Lindbom,2,0.0,2.0,32,27
2025020226,2025-11-06,20252026,REG,FLA,LAK,0,14.0,REG,10.0,5,2,24.0,13.0,S. Bobrovsky,2,0.0,2.0,24,26
2025020226,2025-11-06,20252026,REG,LAK,FLA,1,16.0,REG,13.0,2,5,16.0,9.0,A. Forsberg,2,1.0,4.0,26,24
2025020227,2025-11-07,20252026,REG,NYR,DET,0,20.0,REG,5.0,4,1,27.0,11.0,J. Quick,2,1.0,4.0,26,33
2025020227,2025-11-07,20252026,REG,DET,NYR,1,14.0,REG,16.0,1,4,24.0,11.0,C. Talbot,2,0.0,3.0,33,26
2025020228,2025-11-07,20252026,REG,MIN,NYI,0,11.0,REG,13.0,5,2,16.0,4.0,J. Wallstedt,2,0.0,6.0,26,27
2025020228,2025-11-07,20252026,REG,NYI,MIN,1,15.0,REG,21.0,2,5,15.0,2.0,D. Rittich,2,0.0,2.0,27,26
2025020229,2025-11-07,20252026,REG,CHI,CGY,0,10.0,REG,17.0,4,0,18.0,21.0,S. Knight,2,1.0,10.0,27,33
2025020229,2025-11-07,20252026,REG,CGY,CHI,1,13.0,REG,14.0,0,4,29.0,21.0,D. Wolf,2,0.0,5.0,33,27
2025020230,2025-11-07,20252026,REG,WPG,SJS,0,28.0,REG,12.0,1,2,20.0,8.0,C. Hellebuyck,2,0.0,6.0,33,28
2025020230,2025-11-07,20252026,REG,SJS,WPG,1,11.0,REG,8.0,2,1,16.0,2.0,A. Nedeljkovic,2,0.0,1.0,28,33
2025020231,2025-11-08,20252026,REG,PIT,NJD,0,14.0,SO,12.0,1,2,19.0,9.0,A. Silovs,2,0.0,3.0,34,24
2025020231,2025-11-08,20252026,REG,NJD,PIT,1,22.0,SO,11.0,2,1,22.0,7.0,J. Allen,2,0.0,6.0,24,34
2025020232,2025-11-08,20252026,REG,OTT,PHI,0,17.0,OT,16.0,3,2,18.0,8.0,L. Ullmark,2,0.0,5.0,14,22
2025020232,2025-11-08,20252026,REG,PHI,OTT,1,10.0,OT,13.0,2,3,26.0,8.0,S. Ersson,2,0.0,8.0,22,14
2025020233,2025-11-08,20252026,REG,DAL,NSH,0,12.0,REG,9.0,5,4,15.0,8.0,J. Oettinger,2,1.0,3.0,22,21
2025020233,2025-11-08,20252026,REG,NSH,DAL,1,6.0,REG,20.0,4,5,23.0,10.0,J. Annunen,2,1.0,3.0,21,22
2025020234,2025-11-08,20252026,REG,BOS,TOR,0,12.0,REG,21.0,5,3,22.0,15.0,J. Swayman,2,1.0,4.0,39,33
2025020234,2025-11-08,20252026,REG,TOR,BOS,1,10.0,REG,25.0,3,5,26.0,9.0,A. Stolarz,2,2.0,6.0,33,39
2025020235,2025-11-08,20252026,REG,UTA,MTL,0,11.0,REG,16.0,2,6,22.0,4.0,K. Vejmelka,2,0.0,4.0,27,23
2025020235,2025-11-08,20252026,REG,MTL,UTA,1,13.0,REG,12.0,6,2,25.0,4.0,S. Montembeault,2,0.0,4.0,23,27
2025020236,2025-11-08,20252026,REG,WSH,TBL,0,12.0,REG,12.0,2,3,19.0,23.0,L. Thompson,2,0.0,5.0,30,20
2025020236,2025-11-08,20252026,REG,TBL,WSH,1,10.0,REG,10.0,3,2,20.0,11.0,A. Vasilevskiy,2,1.0,4.0,20,30
2025020237,2025-11-08,20252026,REG,NYI,NYR,0,18.0,REG,14.0,5,0,18.0,4.0,I. Sorokin,2,1.0,5.0,26,33
2025020237,2025-11-08,20252026,REG,NYR,NYI,1,14.0,REG,15.0,0,5,14.0,4.0,I. Shesterkin,2,0.0,5.0,33,26
2025020238,2025-11-08,20252026,REG,BUF,CAR,0,16.0,REG,24.0,3,6,21.0,6.0,A. Lyon,2,0.0,7.0,22,35
2025020238,2025-11-08,20252026,REG,CAR,BUF,1,13.0,REG,24.0,6,3,25.0,4.0,P. Kochetkov,2,1.0,7.0,35,22
2025020239,2025-11-08,20252026,REG,SEA,STL,0,10.0,OT,20.0,4,3,14.0,2.0,P. Grubauer,2,1.0,4.0,30,19
2025020239,2025-11-08,20252026,REG,STL,SEA,1,22.0,OT,14.0,3,4,32.0,6.0,J. Hofer,2,1.0,2.0,19,30
2025020240,2025-11-08,20252026,REG,COL,EDM,0,14.0,REG,23.0,9,1,7.0,10.0,S. Wedgewood,2,0.0,4.0,34,24
2025020240,2025-11-08,20252026,REG,EDM,COL,1,16.0,REG,9.0,1,9,13.0,14.0,S. Skinner,2,1.0,2.0,24,34
2025020241,2025-11-08,20252026,REG,CBJ,VAN,0,11.0,REG,10.0,3,4,15.0,21.0,E. Merzlikins,2,0.0,4.0,32,24
2025020241,2025-11-08,20252026,REG,VAN,CBJ,1,16.0,REG,10.0,4,3,20.0,10.0,K. Lankinen,2,0.0,5.0,24,32
2025020242,2025-11-08,20252026,REG,ANA,VGK,0,21.0,OT,15.0,4,3,18.0,6.0,P. Mrazek,2,0.0,5.0,29,39
2025020242,2025-11-08,20252026,REG,VGK,ANA,1,13.0,OT,19.0,3,4,17.0,2.0,A. Schmid,2,1.0,13.0,39,29
2025020243,2025-11-08,20252026,REG,FLA,SJS,0,11.0,REG,15.0,1,3,23.0,4.0,D. Tarasov,2,0.0,7.0,39,23
2025020243,2025-11-08,20252026,REG,SJS,FLA,1,18.0,REG,13.0,3,1,17.0,10.0,Y. Askarov,2,0.0,6.0,23,39
2025020244,2025-11-09,20252026,REG,CHI,DET,0,16.0,REG,12.0,5,1,17.0,10.0,A. Soderblom,2,3.0,4.0,20,46
2025020244,2025-11-09,20252026,REG,DET,CHI,1,8.0,REG,20.0,1,5,20.0,6.0,J. Gibson,2,0.0,3.0,46,20
2025020245,2025-11-09,20252026,REG,LAK,PIT,0,7.0,REG,15.0,3,2,9.0,4.0,D. Kuemper,2,1.0,3.0,27,33
2025020245,2025-11-09,20252026,REG,PIT,LAK,1,17.0,REG,16.0,2,3,19.0,8.0,S. Murashov,2,1.0,2.0,33,27
2025020246,2025-11-09,20252026,REG,CAR,TOR,0,9.0,REG,12.0,5,4,13.0,8.0,B. Bussi,2,1.0,6.0,47,20
2025020246,2025-11-09,20252026,REG,TOR,CAR,1,23.0,REG,9.0,4,5,21.0,10.0,D. Hildeby,2,1.0,3.0,20,47
2025020247,2025-11-09,20252026,REG,UTA,OTT,0,9.0,REG,18.0,2,4,13.0,6.0,V. Vanecek,2,0.0,3.0,31,25
2025020247,2025-11-09,20252026,REG,OTT,UTA,1,11.0,REG,15.0,4,2,28.0,4.0,L. Meriläinen,2,0.0,5.0,25,31
2025020248,2025-11-09,20252026,REG,SEA,DAL,0,15.0,REG,11.0,1,2,25.0,8.0,M. Murray,2,0.0,6.0,31,25
2025020248,2025-11-09,20252026,REG,DAL,SEA,1,14.0,REG,19.0,2,1,15.0,8.0,C. DeSmith,2,1.0,5.0,25,31
2025020249,2025-11-09,20252026,REG,CGY,MIN,0,13.0,REG,19.0,0,2,15.0,6.0,D. Cooley,2,0.0,5.0,36,19
2025020249,2025-11-09,20252026,REG,MIN,CGY,1,20.0,REG,15.0,2,0,13.0,6.0,J. Wallstedt,2,0.0,6.0,19,36
2025020250,2025-11-09,20252026,REG,COL,VAN,0,13.0,OT,10.0,5,4,18.0,10.0,M. Blackwood,2,2.0,5.0,32,33
2025020250,2025-11-09,20252026,REG,VAN,COL,1,18.0,OT,12.0,4,5,10.0,6.0,K. Lankinen,2,1.0,2.0,33,32
2025020251,2025-11-09,20252026,REG,WPG,ANA,0,15.0,REG,20.0,1,4,21.0,8.0,E. Comrie,2,0.0,5.0,24,21
2025020251,2025-11-09,20252026,REG,ANA,WPG,1,14.0,REG,12.0,4,1,20.0,8.0,L. Dostal,2,2.0,4.0,21,24
2025020252,2025-11-10,20252026,REG,NYI,NJD,0,19.0,OT,11.0,3,2,17.0,6.0,I. Sorokin,2,1.0,4.0,24,35
2025020252,2025-11-10,20252026,REG,NJD,NYI,1,11.0,OT,17.0,2,3,13.0,2.0,J. Markstrom,2,1.0,3.0,35,24
2025020253,2025-11-10,20252026,REG,NSH,NYR,0,6.0,REG,14.0,3,6,15.0,4.0,J. Saros,2,2.0,2.0,30,18
2025020253,2025-11-10,20252026,REG,NYR,NSH,1,12.0,REG,17.0,6,3,31.0,8.0,I. Shesterkin,2,1.0,6.0,18,30
2025020254,2025-11-10,20252026,REG,CBJ,EDM,0,13.0,OT,19.0,4,5,11.0,11.0,J. Greaves,2,0.0,7.0,22,24
2025020254,2025-11-10,20252026,REG,EDM,CBJ,1,27.0,OT,18.0,5,4,23.0,13.0,S. Skinner,2,0.0,5.0,24,22
2025020255,2025-11-10,20252026,REG,FLA,VGK,0,13.0,REG,11.0,3,2,21.0,13.0,S. Bobrovsky,2,1.0,2.0,20,32
2025020255,2025-11-10,20252026,REG,VGK,FLA,1,13.0,REG,15.0,2,3,22.0,13.0,C. Lindbom,2,0.0,6.0,32,20
2025020256,2025-11-11,20252026,REG,TOR,BOS,0,15.0,REG,12.0,3,5,30.0,16.0,A. Stolarz,2,1.0,4.0,33,32
2025020256,2025-11-11,20252026,REG,BOS,TOR,1,11.0,REG,7.0,5,3,20.0,12.0,J. Swayman,2,3.0,3.0,32,33
2025020257,2025-11-11,20252026,REG,LAK,MTL,0,16.0,REG,9.0,5,1,10.0,4.0,D. Kuemper,2,0.0,3.0,26,22
2025020257,2025-11-11,20252026,REG,MTL,LAK,1,15.0,REG,18.0,1,5,21.0,6.0,S. Montembeault,2,0.0,6.0,22,26
2025020258,2025-11-11,20252026,REG,DAL,OTT,0,10.0,OT,15.0,3,2,24.0,4.0,J. Oettinger,2,1.0,5.0,33,29
2025020258,2025-11-11,20252026,REG,OTT,DAL,1,13.0,OT,11.0,2,3,15.0,6.0,L. Ullmark,2,0.0,4.0,29,33
2025020259,2025-11-11,20252026,REG,WSH,CAR,0,21.0,REG,24.0,4,1,13.0,17.0,L. Thompson,2,1.0,7.0,28,31
2025020259,2025-11-11,20252026,REG,CAR,WSH,1,10.0,REG,18.0,1,4,22.0,15.0,F. Andersen,2,0.0,6.0,31,28
2025020260,2025-11-11,20252026,REG,CGY,STL,0,5.0,REG,20.0,2,3,15.0,6.0,D. Wolf,2,0.0,6.0,40,31
2025020260,2025-11-11,20252026,REG,STL,CGY,1,18.0,REG,10.0,3,2,25.0,4.0,J. Binnington,2,1.0,6.0,31,40
2025020261,2025-11-11,20252026,REG,SJS,MIN,0,13.0,OT,11.0,2,1,22.0,8.0,Y. Askarov,2,1.0,1.0,18,29
2025020261,2025-11-11,20252026,REG,MIN,SJS,1,16.0,OT,7.0,1,2,16.0,6.0,F. Gustavsson,2,1.0,5.0,29,18
2025020262,2025-11-11,20252026,REG,ANA,COL,0,19.0,REG,16.0,1,4,26.0,10.0,L. Dostal,2,0.0,7.0,36,36
2025020262,2025-11-11,20252026,REG,COL,ANA,1,13.0,REG,12.0,4,1,16.0,6.0,S. Wedgewood,2,1.0,6.0,36,36
2025020263,2025-11-11,20252026,REG,WPG,VAN,0,17.0,REG,13.0,5,3,12.0,4.0,C. Hellebuyck,2,2.0,5.0,30,33
2025020263,2025-11-11,20252026,REG,VAN,WPG,1,14.0,REG,12.0,3,5,19.0,8.0,T. Demko,2,1.0,4.0,33,30
2025020264,2025-11-11,20252026,REG,CBJ,SEA,0,21.0,SO,16.0,2,1,15.0,4.0,J. Greaves,2,1.0,5.0,34,23
2025020264,2025-11-11,20252026,REG,SEA,CBJ,1,11.0,SO,13.0,1,2,9.0,8.0,M. Murray,2,0.0,7.0,23,34
2025020265,2025-11-12,20252026,REG,NYR,TBL,0,15.0,REG,17.0,7,3,21.0,6.0,I. Shesterkin,2,1.0,4.0,21,36
2025020265,2025-11-12,20252026,REG,TBL,NYR,1,19.0,REG,13.0,3,7,26.0,6.0,A. Vasilevskiy,2,0.0,3.0,36,21
2025020266,2025-11-12,20252026,REG,EDM,PHI,0,10.0,OT,23.0,2,1,10.0,8.0,S. Skinner,2,0.0,5.0,31,21
2025020266,2025-11-12,20252026,REG,PHI,EDM,1,13.0,OT,18.0,1,2,21.0,4.0,D. Vladar,2,1.0,5.0,21,31
2025020267,2025-11-12,20252026,REG,BUF,UTA,0,13.0,REG,19.0,2,5,20.0,24.0,C. Ellis,2,0.0,3.0,19,37
2025020267,2025-11-12,20252026,REG,UTA,BUF,1,9.0,REG,11.0,5,2,16.0,14.0,K. Vejmelka,2,0.0,5.0,37,19
2025020268,2025-11-12,20252026,REG,NJD,CHI,0,7.0,OT,16.0,4,3,19.0,6.0,J. Markstrom,2,0.0,6.0,37,20
2025020268,2025-11-12,20252026,REG,CHI,NJD,1,13.0,OT,19.0,3,4,28.0,2.0,S. Knight,2,1.0,3.0,20,37
2025020269,2025-11-13,20252026,REG,LAK,TOR,0,7.0,OT,18.0,4,3,14.0,2.0,D. Kuemper,2,0.0,3.0,37,15
2025020269,2025-11-13,20252026,REG,TOR,LAK,1,20.0,OT,17.0,3,4,26.0,4.0,D. Hildeby,2,0.0,2.0,15,37
2025020270,2025-11-13,20252026,REG,DAL,MTL,0,12.0,REG,17.0,7,0,17.0,13.0,C. DeSmith,2,1.0,6.0,19,24
2025020270,2025-11-13,20252026,REG,MTL,DAL,1,13.0,REG,12.0,0,7,30.0,15.0,J. Dobes,2,0.0,4.0,24,19
2025020271,2025-11-13,20252026,REG,BOS,OTT,0,18.0,REG,23.0,3,5,30.0,9.0,J. Korpisalo,2,1.0,6.0,21,22
2025020271,2025-11-13,20252026,REG,OTT,BOS,1,19.0,REG,16.0,5,3,26.0,9.0,L. Meriläinen,2,1.0,7.0,22,21
2025020272,2025-11-13,20252026,REG,ANA,DET,0,14.0,REG,12.0,3,6,21.0,24.0,L. Dostal,2,0.0,5.0,28,33
2025020272,2025-11-13,20252026,REG,DET,ANA,1,17.0,REG,18.0,6,3,16.0,22.0,J. Gibson,2,2.0,7.0,33,28
2025020273,2025-11-13,20252026,REG,WSH,FLA,0,13.0,REG,10.0,3,6,14.0,8.0,L. Thompson,2,0.0,6.0,40,28
2025020273,2025-11-13,20252026,REG,FLA,WSH,1,19.0,REG,14.0,6,3,22.0,4.0,D. Tarasov,2,2.0,4.0,28,40
2025020274,2025-11-13,20252026,REG,EDM,CBJ,0,11.0,REG,10.0,4,5,15.0,4.0,C. Pickard,2,0.0,2.0,29,25
2025020274,2025-11-13,20252026,REG,CBJ,EDM,1,15.0,REG,14.0,5,4,12.0,6.0,J. Greaves,2,0.0,7.0,25,29
2025020275,2025-11-13,20252026,REG,BUF,COL,0,11.0,REG,22.0,3,6,16.0,4.0,A. Lyon,2,1.0,9.0,21,34
2025020275,2025-11-13,20252026,REG,COL,BUF,1,13.0,REG,13.0,6,3,22.0,6.0,M. Blackwood,2,0.0,4.0,34,21
2025020276,2025-11-13,20252026,REG,SJS,CGY,0,25.0,REG,14.0,0,2,19.0,6.0,Y. Askarov,2,0.0,4.0,17,36
2025020276,2025-11-13,20252026,REG,CGY,SJS,1,13.0,REG,14.0,2,0,10.0,4.0,D. Wolf,2,0.0,6.0,36,17
2025020277,2025-11-13,20252026,REG,NYI,VGK,0,14.0,OT,7.0,4,3,9.0,4.0,I. Sorokin,2,1.0,3.0,24,29
2025020277,2025-11-13,20252026,REG,VGK,NYI,1,12.0,OT,12.0,3,4,22.0,10.0,A. Schmid,2,0.0,2.0,29,24
2025020278,2025-11-13,20252026,REG,WPG,SEA,0,13.0,REG,14.0,3,5,20.0,4.0,C. Hellebuyck,2,1.0,5.0,26,18
2025020278,2025-11-13,20252026,REG,SEA,WPG,1,12.0,REG,7.0,5,3,14.0,4.0,P. Grubauer,2,1.0,2.0,18,26
2025020279,2025-11-14,20252026,REG,VAN,CAR,0,29.0,OT,17.0,3,4,25.0,4.0,K. Lankinen,2,1.0,5.0,17,38
2025020279,2025-11-14,20252026,REG,CAR,VAN,1,4.0,OT,16.0,4,3,21.0,4.0,P. Kochetkov,2,1.0,5.0,38,17
2025020280,2025-11-14,20252026,REG,PHI,STL,0,16.0,SO,10.0,6,5,18.0,2.0,S. Ersson,2,0.0,4.0,31,17
2025020280,2025-11-14,20252026,REG,STL,PHI,1,11.0,SO,12.0,5,6,20.0,2.0,J. Binnington,2,0.0,6.0,17,31
2025020281,2025-11-14,20252026,REG,PIT,NSH,0,14.0,OT,13.0,1,2,10.0,2.0,A. Silovs,2,0.0,7.0,17,30
2025020281,2025-11-14,20252026,REG,NSH,PIT,1,7.0,OT,21.0,2,1,17.0,4.0,J. Saros,2,0.0,3.0,30,17
2025020282,2025-11-14,20252026,REG,NYI,UTA,0,11.0,OT,18.0,3,2,18.0,22.0,D. Rittich,2,0.0,4.0,21,30
2025020282,2025-11-14,20252026,REG,UTA,NYI,1,20.0,OT,13.0,2,3,13.0,6.0,K. Vejmelka,2,1.0,4.0,30,21
2025020283,2025-11-15,20252026,REG,TBL,FLA,0,14.0,REG,18.0,3,1,27.0,16.0,A. Vasilevskiy,2,0.0,2.0,20,23
2025020283,2025-11-15,20252026,REG,FLA,TBL,1,7.0,REG,15.0,1,3,25.0,14.0,S. Bobrovsky,2,1.0,4.0,23,20
2025020284,2025-11-15,20252026,REG,ANA,MIN,0,13.0,REG,12.0,0,2,20.0,12.0,P. Mrazek,2,0.0,3.0,28,30
2025020284,2025-11-15,20252026,REG,MIN,ANA,1,7.0,REG,21.0,2,0,18.0,4.0,J. Wallstedt,2,0.0,2.0,30,28
2025020285,2025-11-15,20252026,REG,BOS,MTL,0,16.0,REG,14.0,3,2,27.0,30.0,J. Swayman,2,1.0,5.0,23,28
2025020285,2025-11-15,20252026,REG,MTL,BOS,1,22.0,REG,10.0,2,3,27.0,26.0,S. Montembeault,2,0.0,7.0,28,23
2025020286,2025-11-15,20252026,REG,LAK,OTT,0,20.0,REG,18.0,1,0,16.0,4.0,A. Forsberg,2,0.0,2.0,18,17
2025020286,2025-11-15,20252026,REG,OTT,LAK,1,13.0,REG,13.0,0,1,22.0,6.0,L. Ullmark,2,0.0,4.0,17,18
2025020287,2025-11-15,20252026,REG,BUF,DET,0,16.0,OT,15.0,5,4,19.0,8.0,C. Ellis,2,0.0,8.0,27,28
2025020287,2025-11-15,20252026,REG,DET,BUF,1,14.0,OT,10.0,4,5,18.0,8.0,J. Gibson,2,1.0,3.0,28,27
2025020288,2025-11-15,20252026,REG,NJD,WSH,0,21.0,SO,17.0,3,2,13.0,2.0,J. Allen,2,1.0,4.0,31,31
2025020288,2025-11-15,20252026,REG,WSH,NJD,1,16.0,SO,11.0,2,3,26.0,6.0,L. Thompson,2,0.0,8.0,31,31
2025020289,2025-11-15,20252026,REG,EDM,CAR,0,13.0,OT,20.0,4,3,25.0,4.0,S. Skinner,2,1.0,4.0,23,36
2025020289,2025-11-15,20252026,REG,CAR,EDM,1,11.0,OT,23.0,3,4,17.0,2.0,F. Andersen,2,0.0,8.0,36,23
2025020290,2025-11-15,20252026,REG,NYR,CBJ,0,12.0,SO,17.0,2,1,31.0,7.0,I. Shesterkin,2,1.0,4.0,33,27
2025020290,2025-11-15,20252026,REG,CBJ,NYR,1,19.0,SO,19.0,1,2,27.0,9.0,J. Greaves,2,1.0,7.0,27,33
2025020291,2025-11-15,20252026,REG,TOR,CHI,0,5.0,REG,13.0,2,3,28.0,4.0,J. Woll,2,0.0,6.0,33,32
2025020291,2025-11-15,20252026,REG,CHI,TOR,1,17.0,REG,19.0,3,2,15.0,4.0,S. Knight,2,0.0,4.0,32,33
2025020292,2025-11-15,20252026,REG,VGK,STL,0,11.0,REG,22.0,4,1,12.0,4.0,A. Schmid,2,1.0,4.0,34,23
2025020292,2025-11-15,20252026,REG,STL,VGK,1,15.0,REG,15.0,1,4,24.0,6.0,J. Hofer,2,0.0,3.0,23,34
2025020293,2025-11-15,20252026,REG,PHI,DAL,0,12.0,REG,17.0,1,5,32.0,4.0,D. Vladar,2,0.0,6.0,21,28
2025020293,2025-11-15,20252026,REG,DAL,PHI,1,12.0,REG,11.0,5,1,23.0,2.0,J. Oettinger,2,1.0,3.0,28,21
2025020294,2025-11-15,20252026,REG,WPG,CGY,0,15.0,SO,16.0,4,3,21.0,16.0,C. Hellebuyck,2,1.0,5.0,23,34
2025020294,2025-11-15,20252026,REG,CGY,WPG,1,22.0,SO,18.0,3,4,27.0,2.0,D. Wolf,2,1.0,4.0,34,23
2025020295,2025-11-15,20252026,REG,SJS,SEA,0,8.0,REG,14.0,1,4,19.0,4.0,A. Nedeljkovic,2,1.0,5.0,26,23
2025020295,2025-11-15,20252026,REG,SEA,SJS,1,25.0,REG,11.0,4,1,13.0,12.0,M. Murray,2,0.0,3.0,23,26
2025020296,2025-11-16,20252026,REG,NSH,PIT,0,11.0,REG,20.0,0,4,27.0,0.0,J. Saros,2,0.0,7.0,21,22
2025020296,2025-11-16,20252026,REG,PIT,NSH,1,14.0,REG,9.0,4,0,15.0,6.0,S. Murashov,2,0.0,4.0,22,21
2025020297,2025-11-16,20252026,REG,VAN,TBL,0,10.0,REG,12.0,6,2,28.0,33.0,K. Lankinen,2,2.0,5.0,18,30
2025020297,2025-11-16,20252026,REG,TBL,VAN,1,8.0,REG,16.0,2,6,18.0,33.0,J. Johansson,2,0.0,3.0,30,18
2025020298,2025-11-16,20252026,REG,VGK,MIN,0,11.0,OT,17.0,2,3,15.0,8.0,C. Lindbom,2,2.0,4.0,25,28
2025020298,2025-11-16,20252026,REG,MIN,VGK,1,16.0,OT,15.0,3,2,31.0,8.0,F. Gustavsson,2,1.0,7.0,28,25
2025020299,2025-11-16,20252026,REG,DET,NYR,0,21.0,REG,12.0,2,1,23.0,14.0,C. Talbot,2,1.0,5.0,42,19
2025020299,2025-11-16,20252026,REG,NYR,DET,1,18.0,REG,19.0,1,2,26.0,10.0,J. Quick,2,1.0,4.0,19,42
2025020300,2025-11-16,20252026,REG,NYI,COL,0,14.0,REG,12.0,1,4,11.0,11.0,I. Sorokin,2,0.0,3.0,29,28
2025020300,2025-11-16,20252026,REG,COL,NYI,1,11.0,REG,14.0,4,1,19.0,13.0,S. Wedgewood,2,0.0,7.0,28,29
2025020301,2025-11-17,20252026,REG,CAR,BOS,0,10.0,REG,15.0,3,1,19.0,10.0,P. Kochetkov,2,0.0,6.0,32,30
2025020301,2025-11-17,20252026,REG,BOS,CAR,1,20.0,REG,27.0,1,3,26.0,6.0,J. Swayman,2,1.0,4.0,30,32
2025020302,2025-11-17,20252026,REG,EDM,BUF,0,16.0,REG,16.0,1,5,20.0,9.0,S. Skinner,2,0.0,5.0,33,28
2025020302,2025-11-17,20252026,REG,BUF,EDM,1,19.0,REG,11.0,5,1,13.0,7.0,C. Ellis,2,1.0,7.0,28,33
2025020303,2025-11-17,20252026,REG,VAN,FLA,0,15.0,REG,10.0,5,8,13.0,18.0,J. Patera,2,2.0,2.0,15,41
2025020303,2025-11-17,20252026,REG,FLA,VAN,1,20.0,REG,10.0,8,5,24.0,18.0,S. Bobrovsky,2,2.0,4.0,41,15
2025020304,2025-11-17,20252026,REG,LAK,WSH,0,16.0,REG,12.0,1,2,18.0,4.0,D. Kuemper,2,1.0,4.0,31,25
2025020304,2025-11-17,20252026,REG,WSH,LAK,1,21.0,REG,12.0,2,1,17.0,6.0,C. Lindgren,2,0.0,4.0,25,31
2025020305,2025-11-17,20252026,REG,MTL,CBJ,0,13.0,SO,16.0,3,4,17.0,4.0,J. Dobes,2,0.0,5.0,32,23
2025020305,2025-11-17,20252026,REG,CBJ,MTL,1,12.0,SO,17.0,4,3,15.0,0.0,J. Greaves,2,1.0,4.0,23,32
2025020306,2025-11-17,20252026,REG,UTA,ANA,0,15.0,OT,19.0,2,3,17.0,9.0,K. Vejmelka,2,0.0,5.0,18,26
2025020306,2025-11-17,20252026,REG,ANA,UTA,1,12.0,OT,17.0,3,2,20.0,9.0,L. Dostal,2,0.0,9.0,26,18
2025020307,2025-11-18,20252026,REG,STL,TOR,0,12.0,OT,9.0,2,3,18.0,6.0,J. Binnington,2,1.0,5.0,29,29
2025020307,2025-11-18,20252026,REG,TOR,STL,1,16.0,OT,19.0,3,2,21.0,6.0,J. Woll,2,0.0,4.0,29,29
2025020308,2025-11-18,20252026,REG,SEA,DET,0,14.0,REG,14.0,2,4,11.0,4.0,J. Daccord,2,1.0,3.0,22,27
2025020308,2025-11-18,20252026,REG,DET,SEA,1,9.0,REG,13.0,4,2,23.0,4.0,C. Talbot,2,1.0,4.0,27,22
2025020309,2025-11-18,20252026,REG,NJD,TBL,0,11.0,REG,13.0,1,5,17.0,8.0,J. Markstrom,2,0.0,6.0,32,29
2025020309,2025-11-18,20252026,REG,TBL,NJD,1,7.0,REG,11.0,5,1,14.0,8.0,A. Vasilevskiy,2,2.0,4.0,29,32
2025020310,2025-11-18,20252026,REG,NYI,DAL,0,16.0,REG,16.0,3,2,17.0,16.0,D. Rittich,2,0.0,8.0,22,24
2025020310,2025-11-18,20252026,REG,DAL,NYI,1,6.0,REG,7.0,2,3,16.0,19.0,J. Oettinger,2,0.0,1.0,24,22
2025020311,2025-11-18,20252026,REG,CBJ,WPG,0,11.0,REG,16.0,2,5,13.0,4.0,E. Merzlikins,2,0.0,5.0,22,30
2025020311,2025-11-18,20252026,REG,WPG,CBJ,1,18.0,REG,13.0,5,2,16.0,2.0,E. Comrie,2,1.0,3.0,30,22
2025020312,2025-11-18,20252026,REG,CGY,CHI,0,15.0,REG,9.0,2,5,43.0,60.0,D. Wolf,2,1.0,3.0,21,23
2025020312,2025-11-18,20252026,REG,CHI,CGY,1,11.0,REG,19.0,5,2,13.0,60.0,A. Soderblom,2,0.0,5.0,23,21
2025020313,2025-11-18,20252026,REG,NYR,VGK,0,17.0,REG,15.0,2,3,34.0,4.0,I. Shesterkin,2,0.0,5.0,19,26
2025020313,2025-11-18,20252026,REG,VGK,NYR,1,17.0,REG,15.0,3,2,20.0,2.0,A. Schmid,2,2.0,4.0,26,19
2025020314,2025-11-18,20252026,REG,UTA,SJS,0,10.0,OT,13.0,2,3,13.0,6.0,V. Vanecek,2,0.0,6.0,26,22
2025020314,2025-11-18,20252026,REG,SJS,UTA,1,17.0,OT,14.0,3,2,22.0,4.0,Y. Askarov,2,1.0,4.0,22,26
2025020315,2025-11-19,20252026,REG,EDM,WSH,0,6.0,REG,11.0,4,7,11.0,2.0,S. Skinner,2,1.0,4.0,30,22
2025020315,2025-11-19,20252026,REG,WSH,EDM,1,25.0,REG,11.0,7,4,16.0,6.0,L. Thompson,2,0.0,7.0,22,30
2025020316,2025-11-19,20252026,REG,CGY,BUF,0,16.0,REG,12.0,6,2,17.0,6.0,D. Cooley,2,0.0,4.0,35,30
2025020316,2025-11-19,20252026,REG,BUF,CGY,1,25.0,REG,17.0,2,6,17.0,2.0,C. Ellis,2,0.0,3.0,30,35
2025020317,2025-11-19,20252026,REG,CAR,MIN,0,4.0,SO,18.0,3,4,12.0,2.0,F. Andersen,2,0.0,5.0,45,19
2025020317,2025-11-19,20252026,REG,MIN,CAR,1,25.0,SO,13.0,4,3,18.0,4.0,J. Wallstedt,2,0.0,4.0,19,45
2025020318,2025-11-19,20252026,REG,BOS,ANA,0,21.0,REG,16.0,3,4,38.0,26.0,J. Korpisalo,2,2.0,3.0,39,33
2025020318,2025-11-19,20252026,REG,ANA,BOS,1,18.0,REG,18.0,4,3,16.0,14.0,L. Dostal,2,1.0,5.0,33,39
2025020319,2025-11-20,20252026,REG,CBJ,TOR,0,25.0,OT,20.0,3,2,15.0,4.0,J. Greaves,2,0.0,2.0,30,29
2025020319,2025-11-20,20252026,REG,TOR,CBJ,1,14.0,OT,14.0,2,3,27.0,2.0,J. Woll,2,0.0,3.0,29,30
2025020320,2025-11-20,20252026,REG,WSH,MTL,0,13.0,REG,16.0,8,4,19.0,10.0,C. Lindgren,2,2.0,4.0,36,28
2025020320,2025-11-20,20252026,REG,MTL,WSH,1,15.0,REG,16.0,4,8,20.0,12.0,S. Montembeault,2,1.0,2.0,28,36
2025020321,2025-11-20,20252026,REG,NYI,DET,0,15.0,REG,13.0,5,0,8.0,21.0,I. Sorokin,2,0.0,4.0,26,29
2025020321,2025-11-20,20252026,REG,DET,NYI,1,14.0,REG,18.0,0,5,23.0,37.0,J. Gibson,2,0.0,2.0,29,26
2025020322,2025-11-20,20252026,REG,EDM,TBL,0,10.0,OT,13.0,1,2,17.0,21.0,C. Pickard,2,0.0,5.0,25,35
2025020322,2025-11-20,20252026,REG,TBL,EDM,1,19.0,OT,17.0,2,1,29.0,9.0,A. Vasilevskiy,2,0.0,3.0,35,25
2025020323,2025-11-20,20252026,REG,NJD,FLA,0,13.0,REG,12.0,0,1,23.0,2.0,J. Allen,2,0.0,4.0,32,24
2025020323,2025-11-20,20252026,REG,FLA,NJD,1,14.0,REG,10.0,1,0,22.0,4.0,S. Bobrovsky,2,0.0,3.0,24,32
2025020324,2025-11-20,20252026,REG,STL,PHI,0,16.0,OT,14.0,2,3,25.0,4.0,J. Hofer,2,1.0,6.0,29,28
2025020324,2025-11-20,20252026,REG,PHI,STL,1,14.0,OT,14.0,3,2,24.0,4.0,D. Vladar,2,0.0,5.0,28,29
2025020325,2025-11-20,20252026,REG,SEA,CHI,0,10.0,REG,16.0,3,2,16.0,2.0,J. Daccord,2,1.0,4.0,27,24
2025020325,2025-11-20,20252026,REG,CHI,SEA,1,6.0,REG,18.0,2,3,11.0,6.0,S. Knight,2,1.0,7.0,24,27
2025020326,2025-11-20,20252026,REG,NYR,COL,0,26.0,REG,17.0,3,6,22.0,12.0,I. Shesterkin,2,2.0,5.0,19,35
2025020326,2025-11-20,20252026,REG,COL,NYR,1,13.0,REG,19.0,6,3,17.0,4.0,S. Wedgewood,2,1.0,4.0,35,19
2025020327,2025-11-20,20252026,REG,VGK,UTA,0,16.0,REG,13.0,4,1,19.0,15.0,A. Schmid,2,0.0,6.0,33,26
2025020327,2025-11-20,20252026,REG,UTA,VGK,1,9.0,REG,10.0,1,4,24.0,17.0,K. Vejmelka,2,0.0,4.0,26,33
2025020328,2025-11-20,20252026,REG,DAL,VAN,0,20.0,REG,15.0,4,2,21.0,10.0,J. Oettinger,2,0.0,5.0,24,36
2025020328,2025-11-20,20252026,REG,VAN,DAL,1,8.0,REG,12.0,2,4,24.0,4.0,K. Lankinen,2,1.0,5.0,36,24
2025020329,2025-11-20,20252026,REG,OTT,ANA,0,11.0,REG,16.0,3,2,29.0,4.0,L. Ullmark,2,1.0,2.0,25,25
2025020329,2025-11-20,20252026,REG,ANA,OTT,1,20.0,REG,15.0,2,3,24.0,6.0,P. Mrazek,2,0.0,5.0,25,25
2025020330,2025-11-20,20252026,REG,LAK,SJS,0,10.0,SO,15.0,3,4,12.0,8.0,A. Forsberg,2,0.0,6.0,34,24
2025020330,2025-11-20,20252026,REG,SJS,LAK,1,24.0,SO,15.0,4,3,26.0,10.0,Y. Askarov,2,0.0,5.0,24,34
2025020331,2025-11-21,20252026,REG,CHI,BUF,0,17.0,REG,24.0,3,9,13.0,4.0,A. Soderblom,2,1.0,4.0,23,31
2025020331,2025-11-21,20252026,REG,BUF,CHI,1,14.0,REG,14.0,9,3,19.0,4.0,U. Luukkonen,2,1.0,8.0,31,23
2025020332,2025-11-21,20252026,REG,MIN,PIT,0,14.0,REG,16.0,5,0,20.0,4.0,F. Gustavsson,2,1.0,7.0,21,19
2025020332,2025-11-21,20252026,REG,PIT,MIN,1,13.0,REG,22.0,0,5,9.0,6.0,A. Silovs,2,0.0,5.0,19,21
2025020333,2025-11-21,20252026,REG,CAR,WPG,0,9.0,REG,13.0,4,3,13.0,8.0,B. Bussi,2,1.0,4.0,28,28
2025020333,2025-11-21,20252026,REG,WPG,CAR,1,20.0,REG,18.0,3,4,29.0,8.0,E. Comrie,2,1.0,3.0,28,28
2025020334,2025-11-21,20252026,REG,BOS,LAK,0,23.0,OT,13.0,2,1,28.0,20.0,J. Swayman,2,0.0,4.0,26,32
2025020334,2025-11-21,20252026,REG,LAK,BOS,1,12.0,OT,13.0,1,2,12.0,4.0,D. Kuemper,2,0.0,5.0,32,26
2025020335,2025-11-22,20252026,REG,CBJ,DET,0,16.0,OT,15.0,3,4,16.0,8.0,J. Greaves,2,1.0,4.0,35,33
2025020335,2025-11-22,20252026,REG,DET,CBJ,1,22.0,OT,12.0,4,3,12.0,8.0,C. Talbot,2,0.0,6.0,33,35
2025020336,2025-11-22,20252026,REG,STL,NYI,0,14.0,REG,14.0,2,1,22.0,6.0,J. Binnington,2,0.0,3.0,22,30
2025020336,2025-11-22,20252026,REG,NYI,STL,1,12.0,REG,15.0,1,2,20.0,2.0,I. Sorokin,2,0.0,4.0,30,22
2025020337,2025-11-22,20252026,REG,TOR,MTL,0,14.0,REG,17.0,2,5,20.0,35.0,J. Woll,2,1.0,1.0,26,29
2025020337,2025-11-22,20252026,REG,MTL,TOR,1,17.0,REG,16.0,5,2,25.0,33.0,J. Dobes,2,0.0,8.0,29,26
2025020338,2025-11-22,20252026,REG,EDM,FLA,0,13.0,REG,13.0,6,3,20.0,24.0,S. Skinner,2,0.0,3.0,31,38
2025020338,2025-11-22,20252026,REG,FLA,EDM,1,10.0,REG,14.0,3,6,30.0,20.0,S. Bobrovsky,2,1.0,4.0,38,31
2025020339,2025-11-22,20252026,REG,NJD,PHI,0,4.0,REG,14.0,3,6,28.0,12.0,J. Allen,2,1.0,2.0,35,29
2025020339,2025-11-22,20252026,REG,PHI,NJD,1,10.0,REG,13.0,6,3,23.0,8.0,D. Vladar,2,0.0,7.0,29,35
2025020340,2025-11-22,20252026,REG,SEA,PIT,0,13.0,OT,14.0,3,2,22.0,10.0,P. Grubauer,2,0.0,5.0,21,32
2025020340,2025-11-22,20252026,REG,PIT,SEA,1,14.0,OT,20.0,2,3,16.0,6.0,S. Murashov,2,1.0,2.0,32,21
2025020341,2025-11-22,20252026,REG,TBL,WSH,0,23.0,REG,19.0,5,3,15.0,27.0,J. Johansson,2,1.0,4.0,16,32
2025020341,2025-11-22,20252026,REG,WSH,TBL,1,13.0,REG,16.0,3,5,22.0,11.0,L. Thompson,2,0.0,5.0,32,16
2025020342,2025-11-22,20252026,REG,OTT,SJS,0,9.0,REG,9.0,3,2,19.0,15.0,L. Ullmark,2,1.0,3.0,27,19
2025020342,2025-11-22,20252026,REG,SJS,OTT,1,14.0,REG,19.0,2,3,23.0,13.0,A. Nedeljkovic,2,1.0,3.0,19,27
2025020343,2025-11-22,20252026,REG,COL,NSH,0,13.0,REG,10.0,3,0,28.0,6.0,M. Blackwood,2,0.0,4.0,26,35
2025020343,2025-11-22,20252026,REG,NSH,COL,1,8.0,REG,17.0,0,3,15.0,4.0,J. Saros,2,0.0,8.0,35,26
2025020344,2025-11-22,20252026,REG,NYR,UTA,0,9.0,REG,18.0,2,3,30.0,4.0,J. Quick,2,0.0,6.0,22,34
2025020344,2025-11-22,20252026,REG,UTA,NYR,1,12.0,REG,19.0,3,2,17.0,6.0,K. Vejmelka,2,0.0,3.0,34,22
2025020345,2025-11-22,20252026,REG,DAL,CGY,0,15.0,SO,12.0,2,3,15.0,28.0,C. DeSmith,2,0.0,4.0,30,33
2025020345,2025-11-22,20252026,REG,CGY,DAL,1,15.0,SO,19.0,3,2,17.0,25.0,D. Cooley,2,2.0,4.0,33,30
2025020346,2025-11-22,20252026,REG,VGK,ANA,0,20.0,OT,22.0,3,4,15.0,6.0,A. Schmid,2,1.0,4.0,32,33
2025020346,2025-11-22,20252026,REG,ANA,VGK,1,14.0,OT,16.0,4,3,19.0,10.0,L. Dostal,2,0.0,8.0,33,32
2025020347,2025-11-23,20252026,REG,CAR,BUF,0,9.0,REG,16.0,1,4,18.0,8.0,F. Andersen,2,1.0,6.0,30,21
2025020347,2025-11-23,20252026,REG,BUF,CAR,1,21.0,REG,17.0,4,1,27.0,6.0,U. Luukkonen,2,1.0,4.0,21,30
2025020348,2025-11-23,20252026,REG,MIN,WPG,0,18.0,REG,14.0,3,0,28.0,15.0,J. Wallstedt,2,0.0,4.0,30,32
2025020348,2025-11-23,20252026,REG,WPG,MIN,1,11.0,REG,8.0,0,3,20.0,9.0,E. Comrie,2,0.0,3.0,32,30
2025020349,2025-11-23,20252026,REG,SEA,NYI,0,23.0,SO,20.0,0,1,14.0,4.0,J. Daccord,2,0.0,5.0,19,34
2025020349,2025-11-23,20252026,REG,NYI,SEA,1,15.0,SO,16.0,1,0,18.0,2.0,D. Rittich,2,0.0,6.0,34,19
2025020350,2025-11-23,20252026,REG,COL,CHI,0,14.0,REG,12.0,1,0,29.0,4.0,S. Wedgewood,2,0.0,3.0,26,22
2025020350,2025-11-23,20252026,REG,CHI,COL,1,12.0,REG,16.0,0,1,20.0,6.0,S. Knight,2,0.0,5.0,22,26
2025020351,2025-11-23,20252026,REG,BOS,SJS,0,9.0,REG,16.0,1,3,30.0,22.0,J. Swayman,2,0.0,3.0,35,31
2025020351,2025-11-23,20252026,REG,SJS,BOS,1,15.0,REG,13.0,3,1,23.0,16.0,Y. Askarov,2,1.0,4.0,31,35
2025020352,2025-11-23,20252026,REG,CGY,VAN,0,15.0,REG,18.0,5,2,15.0,8.0,D. Wolf,2,0.0,3.0,21,31
2025020352,2025-11-23,20252026,REG,VAN,CGY,1,11.0,REG,19.0,2,5,17.0,8.0,K. Lankinen,2,1.0,4.0,31,21
2025020353,2025-11-24,20252026,REG,PHI,TBL,0,12.0,REG,9.0,0,3,22.0,9.0,S. Ersson,2,0.0,4.0,20,18
2025020353,2025-11-24,20252026,REG,TBL,PHI,1,10.0,REG,17.0,3,0,20.0,7.0,A. Vasilevskiy,2,0.0,7.0,18,20
2025020354,2025-11-24,20252026,REG,DET,NJD,0,20.0,REG,16.0,3,4,22.0,23.0,C. Talbot,2,1.0,3.0,35,20
2025020354,2025-11-24,20252026,REG,NJD,DET,1,19.0,REG,11.0,4,3,25.0,15.0,J. Markstrom,2,0.0,4.0,20,35
2025020355,2025-11-24,20252026,REG,STL,NYR,0,19.0,REG,6.0,2,3,18.0,0.0,J. Hofer,2,0.0,3.0,21,21
2025020355,2025-11-24,20252026,REG,NYR,STL,1,15.0,REG,12.0,3,2,31.0,8.0,I. Shesterkin,2,0.0,4.0,21,21
2025020356,2025-11-24,20252026,REG,CBJ,WSH,0,10.0,REG,15.0,1,5,21.0,6.0,E. Merzlikins,2,0.0,5.0,23,31
2025020356,2025-11-24,20252026,REG,WSH,CBJ,1,12.0,REG,15.0,5,1,11.0,4.0,L. Thompson,2,1.0,6.0,31,23
2025020357,2025-11-24,20252026,REG,FLA,NSH,0,14.0,REG,14.0,8,3,19.0,8.0,D. Tarasov,2,0.0,10.0,26,39
2025020357,2025-11-24,20252026,REG,NSH,FLA,1,5.0,REG,13.0,3,8,25.0,6.0,J. Saros,2,1.0,6.0,39,26
2025020358,2025-11-24,20252026,REG,VGK,UTA,0,9.0,REG,14.0,1,5,17.0,4.0,C. Lindbom,2,0.0,2.0,34,23
2025020358,2025-11-24,20252026,REG,UTA,VGK,1,16.0,REG,12.0,5,1,19.0,6.0,K. Vejmelka,2,0.0,5.0,23,34
2025020359,2025-11-24,20252026,REG,OTT,LAK,0,14.0,REG,12.0,1,2,22.0,6.0,L. Meriläinen,2,0.0,4.0,28,22
2025020359,2025-11-24,20252026,REG,LAK,OTT,1,8.0,REG,10.0,2,1,14.0,6.0,D. Kuemper,2,1.0,2.0,22,28
2025020360,2025-11-25,20252026,REG,DAL,EDM,0,14.0,REG,13.0,8,3,17.0,6.0,J. Oettinger,2,3.0,4.0,30,25
2025020360,2025-11-25,20252026,REG,EDM,DAL,1,11.0,REG,20.0,3,8,22.0,10.0,S. Skinner,2,0.0,6.0,25,30
2025020361,2025-11-26,20252026,REG,NSH,DET,0,8.0,REG,7.0,6,3,22.0,10.0,J. Annunen,2,1.0,3.0,29,31
2025020361,2025-11-26,20252026,REG,DET,NSH,1,17.0,REG,14.0,3,6,13.0,10.0,C. Talbot,2,2.0,3.0,31,29
2025020362,2025-11-26,20252026,REG,CGY,TBL,0,17.0,REG,16.0,1,5,25.0,8.0,D. Wolf,2,0.0,4.0,32,23
2025020362,2025-11-26,20252026,REG,TBL,CGY,1,15.0,REG,14.0,5,1,13.0,10.0,A. Vasilevskiy,2,0.0,6.0,23,32
2025020363,2025-11-26,20252026,REG,PHI,FLA,0,15.0,REG,14.0,4,2,17.0,6.0,D. Vladar,2,0.0,4.0,18,27
2025020363,2025-11-26,20252026,REG,FLA,PHI,1,12.0,REG,20.0,2,4,33.0,2.0,S. Bobrovsky,2,0.0,5.0,27,18
2025020364,2025-11-26,20252026,REG,STL,NJD,0,14.0,OT,12.0,2,3,15.0,4.0,J. Binnington,2,1.0,7.0,23,29
2025020364,2025-11-26,20252026,REG,NJD,STL,1,18.0,OT,11.0,3,2,26.0,8.0,J. Markstrom,2,1.0,4.0,29,23
2025020365,2025-11-26,20252026,REG,BOS,NYI,0,12.0,REG,9.0,3,1,24.0,8.0,J. Swayman,2,0.0,4.0,14,44
2025020365,2025-11-26,20252026,REG,NYI,BOS,1,17.0,REG,12.0,1,3,17.0,2.0,I. Sorokin,2,0.0,3.0,44,14
2025020366,2025-11-26,20252026,REG,BUF,PIT,0,15.0,REG,15.0,2,4,21.0,2.0,U. Luukkonen,2,0.0,8.0,31,19
2025020366,2025-11-26,20252026,REG,PIT,BUF,1,10.0,REG,14.0,4,2,17.0,0.0,T. Jarry,2,0.0,6.0,19,31
2025020367,2025-11-26,20252026,REG,WPG,WSH,0,15.0,REG,12.0,3,4,12.0,6.0,E. Comrie,2,1.0,3.0,21,35
2025020367,2025-11-26,20252026,REG,WSH,WPG,1,21.0,REG,10.0,4,3,20.0,6.0,C. Lindgren,2,0.0,5.0,35,21
2025020368,2025-11-26,20252026,REG,NYR,CAR,0,20.0,REG,16.0,4,2,34.0,10.0,I. Shesterkin,2,0.0,3.0,18,38
2025020368,2025-11-26,20252026,REG,CAR,NYR,1,10.0,REG,22.0,2,4,26.0,2.0,F. Andersen,2,1.0,6.0,38,18
2025020369,2025-11-26,20252026,REG,TOR,CBJ,0,13.0,OT,19.0,2,1,21.0,8.0,J. Woll,2,0.0,6.0,24,36
2025020369,2025-11-26,20252026,REG,CBJ,TOR,1,12.0,OT,14.0,1,2,20.0,6.0,J. Greaves,2,0.0,4.0,36,24
2025020370,2025-11-26,20252026,REG,MIN,CHI,0,5.0,OT,16.0,4,3,26.0,18.0,F. Gustavsson,2,1.0,4.0,24,37
2025020370,2025-11-26,20252026,REG,CHI,MIN,1,11.0,OT,18.0,3,4,11.0,20.0,S. Knight,2,0.0,4.0,37,24
2025020371,2025-11-26,20252026,REG,SJS,COL,0,18.0,REG,13.0,0,6,22.0,8.0,Y. Askarov,2,0.0,5.0,26,42
2025020371,2025-11-26,20252026,REG,COL,SJS,1,22.0,REG,12.0,6,0,10.0,8.0,M. Blackwood,2,1.0,2.0,42,26
2025020372,2025-11-26,20252026,REG,MTL,UTA,0,18.0,REG,13.0,4,3,20.0,10.0,J. Dobes,2,2.0,4.0,17,34
2025020372,2025-11-26,20252026,REG,UTA,MTL,1,13.0,REG,14.0,3,4,18.0,8.0,K. Vejmelka,2,1.0,4.0,34,17
2025020373,2025-11-26,20252026,REG,OTT,VGK,0,10.0,SO,12.0,4,3,26.0,6.0,L. Ullmark,2,1.0,4.0,22,35
2025020373,2025-11-26,20252026,REG,VGK,OTT,1,12.0,SO,14.0,3,4,33.0,6.0,A. Schmid,2,1.0,5.0,35,22
2025020374,2025-11-26,20252026,REG,VAN,ANA,0,17.0,REG,11.0,5,4,13.0,14.0,N. Tolopilo,2,1.0,5.0,28,41
2025020374,2025-11-26,20252026,REG,ANA,VAN,1,16.0,REG,10.0,4,5,15.0,8.0,P. Mrazek,2,1.0,4.0,41,28
2025020375,2025-11-26,20252026,REG,DAL,SEA,0,13.0,REG,13.0,3,2,17.0,10.0,C. DeSmith,2,0.0,7.0,21,28
2025020375,2025-11-26,20252026,REG,SEA,DAL,1,8.0,REG,17.0,2,3,23.0,4.0,J. Daccord,2,0.0,4.0,28,21
2025020376,2025-11-28,20252026,REG,NYR,BOS,0,16.0,REG,15.0,6,2,34.0,4.0,I. Shesterkin,2,2.0,2.0,37,21
2025020376,2025-11-28,20252026,REG,BOS,NYR,1,9.0,REG,14.0,2,6,25.0,6.0,J. Korpisalo,2,0.0,3.0,21,37
2025020377,2025-11-28,20252026,REG,TBL,DET,0,4.0,REG,11.0,6,3,15.0,4.0,A. Vasilevskiy,2,1.0,4.0,27,37
2025020377,2025-11-28,20252026,REG,DET,TBL,1,16.0,REG,11.0,3,6,20.0,4.0,J. Gibson,2,0.0,7.0,37,27
2025020378,2025-11-28,20252026,REG,COL,MIN,0,12.0,SO,15.0,2,3,12.0,2.0,S. Wedgewood,2,0.0,2.0,41,39
2025020378,2025-11-28,20252026,REG,MIN,COL,1,17.0,SO,12.0,3,2,25.0,2.0,J. Wallstedt,2,0.0,4.0,39,41
2025020379,2025-11-28,20252026,REG,NJD,BUF,0,20.0,REG,18.0,5,0,20.0,9.0,J. Allen,2,0.0,8.0,23,42
2025020379,2025-11-28,20252026,REG,BUF,NJD,1,9.0,REG,19.0,0,5,24.0,7.0,A. Lyon,2,0.0,6.0,42,23
2025020380,2025-11-28,20252026,REG,CGY,FLA,0,28.0,REG,14.0,5,3,20.0,4.0,D. Cooley,2,1.0,3.0,34,41
2025020380,2025-11-28,20252026,REG,FLA,CGY,1,11.0,REG,10.0,3,5,30.0,4.0,D. Tarasov,2,0.0,4.0,41,34
2025020381,2025-11-28,20252026,REG,PHI,NYI,0,18.0,SO,13.0,4,3,20.0,10.0,S. Ersson,2,1.0,4.0,21,31
2025020381,2025-11-28,20252026,REG,NYI,PHI,1,11.0,SO,15.0,3,4,17.0,4.0,D. Rittich,2,1.0,5.0,31,21
2025020382,2025-11-28,20252026,REG,OTT,STL,0,17.0,REG,15.0,3,4,20.0,10.0,L. Meriläinen,2,0.0,7.0,28,31
2025020382,2025-11-28,20252026,REG,STL,OTT,1,15.0,REG,20.0,4,3,17.0,6.0,J. Binnington,2,0.0,0.0,31,28
2025020383,2025-11-28,20252026,REG,MTL,VGK,0,24.0,REG,11.0,4,1,20.0,4.0,S. Montembeault,2,0.0,9.0,19,31
2025020383,2025-11-28,20252026,REG,VGK,MTL,1,7.0,REG,17.0,1,4,15.0,4.0,A. Schmid,2,0.0,2.0,31,19
2025020384,2025-11-28,20252026,REG,LAK,ANA,0,24.0,SO,13.0,4,5,14.0,4.0,D. Kuemper,2,0.0,3.0,27,31
2025020384,2025-11-28,20252026,REG,ANA,LAK,1,21.0,SO,19.0,5,4,18.0,2.0,V. Husso,2,1.0,11.0,31,27
2025020385,2025-11-28,20252026,REG,VAN,SJS,0,9.0,REG,12.0,2,3,17.0,16.0,N. Tolopilo,2,0.0,4.0,34,24
2025020385,2025-11-28,20252026,REG,SJS,VAN,1,15.0,REG,11.0,3,2,14.0,22.0,Y. Askarov,2,2.0,5.0,24,34
2025020386,2025-11-28,20252026,REG,TOR,WSH,0,14.0,REG,17.0,2,4,28.0,4.0,J. Woll,2,0.0,4.0,22,34
2025020386,2025-11-28,20252026,REG,WSH,TOR,1,12.0,REG,22.0,4,2,17.0,0.0,L. Thompson,2,0.0,0.0,34,22
2025020387,2025-11-28,20252026,REG,WPG,CAR,0,17.0,REG,15.0,1,5,32.0,10.0,T. Milic,2,0.0,2.0,13,35
2025020387,2025-11-28,20252026,REG,CAR,WPG,1,14.0,REG,12.0,5,1,13.0,8.0,B. Bussi,2,0.0,6.0,35,13
2025020388,2025-11-28,20252026,REG,PIT,CBJ,0,20.0,OT,12.0,4,3,18.0,4.0,T. Jarry,2,0.0,5.0,24,29
2025020388,2025-11-28,20252026,REG,CBJ,PIT,1,14.0,OT,19.0,3,4,16.0,4.0,J. Greaves,2,0.0,3.0,29,24
2025020389,2025-11-28,20252026,REG,NSH,CHI,0,20.0,REG,11.0,4,3,21.0,10.0,J. Saros,2,0.0,6.0,29,27
2025020389,2025-11-28,20252026,REG,CHI,NSH,1,13.0,REG,16.0,3,4,15.0,6.0,A. Soderblom,2,1.0,4.0,27,29
2025020390,2025-11-28,20252026,REG,UTA,DAL,0,10.0,REG,18.0,3,4,22.0,10.0,V. Vanecek,2,0.0,3.0,30,28
2025020390,2025-11-28,20252026,REG,DAL,UTA,1,6.0,REG,14.0,4,3,19.0,4.0,J. Oettinger,2,2.0,6.0,28,30
2025020391,2025-11-29,20252026,REG,TBL,NYR,0,20.0,REG,19.0,4,1,16.0,4.0,J. Johansson,2,0.0,3.0,35,13
2025020391,2025-11-29,20252026,REG,NYR,TBL,1,15.0,REG,13.0,1,4,24.0,2.0,I. Shesterkin,2,0.0,3.0,13,35
2025020392,2025-11-29,20252026,REG,MTL,COL,0,17.0,REG,15.0,2,7,27.0,8.0,J. Dobes,2,1.0,4.0,23,36
2025020392,2025-11-29,20252026,REG,COL,MTL,1,10.0,REG,18.0,7,2,13.0,6.0,M. Blackwood,2,1.0,5.0,36,23
2025020393,2025-11-29,20252026,REG,EDM,SEA,0,16.0,REG,14.0,4,0,19.0,30.0,S. Skinner,2,2.0,4.0,25,26
2025020393,2025-11-29,20252026,REG,SEA,EDM,1,11.0,REG,13.0,0,4,18.0,24.0,J. Daccord,2,0.0,5.0,26,25
2025020394,2025-11-29,20252026,REG,DET,BOS,0,9.0,SO,21.0,2,3,24.0,11.0,C. Talbot,2,0.0,3.0,26,20
2025020394,2025-11-29,20252026,REG,BOS,DET,1,17.0,SO,16.0,3,2,28.0,17.0,J. Swayman,2,1.0,6.0,20,26
2025020395,2025-11-29,20252026,REG,PHI,NJD,0,23.0,REG,11.0,5,3,20.0,8.0,D. Vladar,2,0.0,5.0,31,32
2025020395,2025-11-29,20252026,REG,NJD,PHI,1,7.0,REG,16.0,3,5,20.0,6.0,J. Markstrom,2,1.0,3.0,32,31
2025020396,2025-11-29,20252026,REG,TOR,PIT,0,26.0,REG,19.0,7,2,19.0,10.0,D. Hildeby,2,1.0,6.0,23,35
2025020396,2025-11-29,20252026,REG,PIT,TOR,1,11.0,REG,11.0,2,7,16.0,10.0,A. Silovs,2,1.0,2.0,35,23
2025020397,2025-11-29,20252026,REG,WPG,NSH,0,14.0,REG,14.0,5,2,27.0,15.0,E. Comrie,2,0.0,5.0,27,23
2025020397,2025-11-29,20252026,REG,NSH,WPG,1,8.0,REG,14.0,2,5,19.0,15.0,J. Annunen,2,1.0,3.0,23,27
2025020398,2025-11-29,20252026,REG,UTA,STL,0,13.0,REG,12.0,0,1,20.0,4.0,K. Vejmelka,2,0.0,4.0,18,19
2025020398,2025-11-29,20252026,REG,STL,UTA,1,23.0,REG,16.0,1,0,26.0,17.0,J. Hofer,2,0.0,5.0,19,18
2025020399,2025-11-29,20252026,REG,BUF,MIN,0,8.0,SO,17.0,3,2,20.0,6.0,C. Ellis,2,0.0,6.0,33,24
2025020399,2025-11-29,20252026,REG,MIN,BUF,1,14.0,SO,15.0,2,3,18.0,6.0,F. Gustavsson,2,0.0,6.0,24,33
2025020400,2025-11-29,20252026,REG,SJS,VGK,0,22.0,REG,18.0,3,4,25.0,4.0,A. Nedeljkovic,2,1.0,5.0,21,24
2025020400,2025-11-29,20252026,REG,VGK,SJS,1,18.0,REG,12.0,4,3,6.0,4.0,C. Lindbom,2,1.0,4.0,24,21
2025020401,2025-11-29,20252026,REG,VAN,LAK,0,13.0,OT,11.0,1,2,16.0,8.0,K. Lankinen,2,0.0,6.0,20,23
2025020401,2025-11-29,20252026,REG,LAK,VAN,1,11.0,OT,15.0,2,1,14.0,6.0,A. Forsberg,2,0.0,4.0,23,20
2025020402,2025-11-30,20252026,REG,WSH,NYI,0,13.0,REG,7.0,4,1,21.0,6.0,L. Thompson,2,1.0,3.0,19,31
2025020402,2025-11-30,20252026,REG,NYI,WSH,1,13.0,REG,16.0,1,4,23.0,4.0,I. Sorokin,2,1.0,6.0,31,19
2025020403,2025-11-30,20252026,REG,ANA,CHI,0,9.0,REG,9.0,3,5,22.0,8.0,P. Mrazek,2,0.0,3.0,26,18
2025020403,2025-11-30,20252026,REG,CHI,ANA,1,19.0,REG,16.0,5,3,15.0,6.0,S. Knight,2,2.0,5.0,18,26
2025020404,2025-11-30,20252026,REG,CGY,CAR,0,25.0,OT,20.0,0,1,21.0,14.0,D. Cooley,2,0.0,4.0,16,17
2025020404,2025-11-30,20252026,REG,CAR,CGY,1,7.0,OT,14.0,1,0,18.0,4.0,B. Bussi,2,0.0,5.0,17,16
2025020405,2025-11-30,20252026,REG,OTT,DAL,0,9.0,REG,18.0,1,6,31.0,10.0,L. Ullmark,2,0.0,5.0,16,26
2025020405,2025-11-30,20252026,REG,DAL,OTT,1,11.0,REG,14.0,6,1,21.0,8.0,C. DeSmith,2,2.0,6.0,26,16
2025020406,2025-12-01,20252026,REG,CBJ,NJD,0,11.0,REG,15.0,5,3,21.0,34.0,E. Merzlikins,2,1.0,7.0,25,33
2025020406,2025-12-01,20252026,REG,NJD,CBJ,1,11.0,REG,14.0,3,5,23.0,40.0,J. Allen,2,2.0,5.0,33,25
2025020407,2025-12-01,20252026,REG,PIT,PHI,0,12.0,REG,15.0,5,1,18.0,14.0,T. Jarry,2,3.0,7.0,27,29
2025020407,2025-12-01,20252026,REG,PHI,PIT,1,13.0,REG,20.0,1,5,27.0,8.0,D. Vladar,2,1.0,2.0,29,27
2025020408,2025-12-01,20252026,REG,WPG,BUF,0,17.0,REG,13.0,1,5,35.0,26.0,E. Comrie,2,0.0,1.0,24,31
2025020408,2025-12-01,20252026,REG,BUF,WPG,1,8.0,REG,7.0,5,1,12.0,14.0,U. Luukkonen,2,1.0,6.0,31,24
2025020409,2025-12-01,20252026,REG,ANA,STL,0,22.0,REG,16.0,4,1,17.0,12.0,V. Husso,2,0.0,6.0,26,22
2025020409,2025-12-01,20252026,REG,STL,ANA,1,8.0,REG,15.0,1,4,15.0,6.0,J. Binnington,2,0.0,3.0,22,26
2025020410,2025-12-01,20252026,REG,UTA,SJS,0,17.0,REG,16.0,3,6,16.0,8.0,K. Vejmelka,2,0.0,1.0,34,30
2025020410,2025-12-01,20252026,REG,SJS,UTA,1,8.0,REG,10.0,6,3,19.0,6.0,Y. Askarov,2,1.0,6.0,30,34
2025020411,2025-12-02,20252026,REG,OTT,MTL,0,16.0,REG,10.0,5,2,21.0,10.0,L. Ullmark,2,0.0,7.0,29,22
2025020411,2025-12-02,20252026,REG,MTL,OTT,1,16.0,REG,14.0,2,5,33.0,8.0,S. Montembeault,2,2.0,4.0,22,29
2025020412,2025-12-02,20252026,REG,BOS,DET,0,15.0,REG,14.0,4,5,27.0,28.0,J. Swayman,2,0.0,5.0,38,32
2025020412,2025-12-02,20252026,REG,DET,BOS,1,20.0,REG,17.0,5,4,18.0,6.0,J. Gibson,2,1.0,5.0,32,38
2025020413,2025-12-02,20252026,REG,TOR,FLA,0,20.0,REG,10.0,4,1,22.0,2.0,J. Woll,2,0.0,7.0,31,26
2025020413,2025-12-02,20252026,REG,FLA,TOR,1,11.0,REG,10.0,1,4,27.0,6.0,S. Bobrovsky,2,0.0,4.0,26,31
2025020414,2025-12-02,20252026,REG,TBL,NYI,0,7.0,REG,13.0,1,2,14.0,6.0,A. Vasilevskiy,2,0.0,4.0,31,24
2025020414,2025-12-02,20252026,REG,NYI,TBL,1,19.0,REG,17.0,2,1,19.0,6.0,I. Sorokin,2,0.0,3.0,24,31
2025020415,2025-12-02,20252026,REG,DAL,NYR,0,14.0,OT,12.0,2,3,17.0,10.0,C. DeSmith,2,0.0,5.0,26,41
2025020415,2025-12-02,20252026,REG,NYR,DAL,1,14.0,OT,11.0,3,2,27.0,4.0,I. Shesterkin,2,0.0,4.0,41,26
2025020416,2025-12-02,20252026,REG,CGY,NSH,0,10.0,REG,23.0,1,5,24.0,16.0,D. Cooley,2,1.0,5.0,28,28
2025020416,2025-12-02,20252026,REG,NSH,CGY,1,9.0,REG,14.0,5,1,18.0,20.0,J. Saros,2,0.0,8.0,28,28
2025020417,2025-12-02,20252026,REG,VAN,COL,0,11.0,REG,15.0,1,3,17.0,2.0,K. Lankinen,2,0.0,4.0,21,31
2025020417,2025-12-02,20252026,REG,COL,VAN,1,16.0,REG,16.0,3,1,18.0,0.0,S. Wedgewood,2,0.0,5.0,31,21
2025020418,2025-12-02,20252026,REG,MIN,EDM,0,20.0,REG,12.0,1,0,25.0,6.0,J. Wallstedt,2,0.0,8.0,24,33
2025020418,2025-12-02,20252026,REG,EDM,MIN,1,13.0,REG,17.0,0,1,19.0,4.0,S. Skinner,2,0.0,4.0,33,24
2025020419,2025-12-02,20252026,REG,CHI,VGK,0,16.0,SO,13.0,3,4,9.0,4.0,S. Knight,2,0.0,4.0,30,28
2025020419,2025-12-02,20252026,REG,VGK,CHI,1,18.0,SO,13.0,4,3,20.0,6.0,C. Hart,2,0.0,5.0,28,30
2025020420,2025-12-02,20252026,REG,WSH,LAK,0,21.0,REG,15.0,3,1,20.0,9.0,L. Thompson,2,1.0,6.0,25,25
2025020420,2025-12-02,20252026,REG,LAK,WSH,1,5.0,REG,13.0,1,3,13.0,9.0,D. Kuemper,2,0.0,6.0,25,25
2025020421,2025-12-03,20252026,REG,DAL,NJD,0,24.0,REG,16.0,3,0,12.0,6.0,J. Oettinger,2,0.0,7.0,28,30
2025020421,2025-12-03,20252026,REG,NJD,DAL,1,9.0,REG,21.0,0,3,23.0,4.0,J. Markstrom,2,0.0,4.0,30,28
2025020422,2025-12-03,20252026,REG,WPG,MTL,0,15.0,SO,25.0,2,3,22.0,7.0,E. Comrie,2,0.0,6.0,32,31
2025020422,2025-12-03,20252026,REG,MTL,WPG,1,19.0,SO,14.0,3,2,25.0,7.0,J. Dobes,2,1.0,5.0,31,32
2025020423,2025-12-03,20252026,REG,BUF,PHI,0,20.0,REG,12.0,2,5,16.0,23.0,C. Ellis,2,1.0,3.0,29,35
2025020423,2025-12-03,20252026,REG,PHI,BUF,1,15.0,REG,9.0,5,2,18.0,14.0,S. Ersson,2,2.0,7.0,35,29
2025020424,2025-12-03,20252026,REG,UTA,ANA,0,25.0,REG,10.0,7,0,30.0,6.0,K. Vejmelka,2,1.0,4.0,34,27
2025020424,2025-12-03,20252026,REG,ANA,UTA,1,13.0,REG,14.0,0,7,22.0,4.0,V. Husso,2,0.0,3.0,27,34
2025020425,2025-12-03,20252026,REG,WSH,SJS,0,16.0,REG,15.0,7,1,10.0,8.0,C. Lindgren,2,1.0,6.0,31,24
2025020425,2025-12-03,20252026,REG,SJS,WSH,1,6.0,REG,12.0,1,7,19.0,2.0,Y. Askarov,2,1.0,5.0,24,31
2025020426,2025-12-04,20252026,REG,STL,BOS,0,7.0,REG,17.0,2,5,31.0,4.0,J. Binnington,2,0.0,3.0,39,27
2025020426,2025-12-04,20252026,REG,BOS,STL,1,11.0,REG,19.0,5,2,19.0,4.0,J. Korpisalo,2,1.0,6.0,27,39
2025020427,2025-12-04,20252026,REG,NYR,OTT,0,13.0,REG,16.0,4,2,20.0,6.0,I. Shesterkin,2,0.0,2.0,28,27
2025020427,2025-12-04,20252026,REG,OTT,NYR,1,17.0,REG,13.0,2,4,29.0,2.0,L. Meriläinen,2,2.0,6.0,27,28
2025020428,2025-12-04,20252026,REG,PIT,TBL,0,14.0,REG,13.0,4,3,21.0,17.0,T. Jarry,2,2.0,4.0,31,40
2025020428,2025-12-04,20252026,REG,TBL,PIT,1,4.0,REG,20.0,3,4,13.0,13.0,J. Johansson,2,1.0,5.0,40,31
2025020429,2025-12-04,20252026,REG,NSH,FLA,0,12.0,OT,16.0,2,1,19.0,14.0,J. Saros,2,0.0,3.0,29,31
2025020429,2025-12-04,20252026,REG,FLA,NSH,1,9.0,OT,17.0,1,2,19.0,12.0,S. Bobrovsky,2,0.0,5.0,31,29
2025020430,2025-12-04,20252026,REG,COL,NYI,0,12.0,REG,16.0,3,6,26.0,8.0,M. Blackwood,2,0.0,5.0,38,42
2025020430,2025-12-04,20252026,REG,NYI,COL,1,20.0,REG,10.0,6,3,18.0,6.0,I. Sorokin,2,1.0,3.0,42,38
2025020431,2025-12-04,20252026,REG,TOR,CAR,0,20.0,REG,17.0,5,1,20.0,6.0,J. Woll,2,0.0,5.0,24,33
2025020431,2025-12-04,20252026,REG,CAR,TOR,1,4.0,REG,13.0,1,5,18.0,4.0,F. Andersen,2,0.0,6.0,33,24
2025020432,2025-12-04,20252026,REG,DET,CBJ,0,21.0,SO,15.0,5,6,15.0,6.0,C. Talbot,2,3.0,5.0,33,32
2025020432,2025-12-04,20252026,REG,CBJ,DET,1,11.0,SO,14.0,6,5,24.0,10.0,E. Merzlikins,2,2.0,6.0,32,33
2025020433,2025-12-04,20252026,REG,MIN,CGY,0,17.0,REG,14.0,1,4,24.0,2.0,F. Gustavsson,2,0.0,5.0,27,31
2025020433,2025-12-04,20252026,REG,CGY,MIN,1,14.0,REG,13.0,4,1,22.0,10.0,D. Wolf,2,0.0,3.0,31,27
2025020434,2025-12-04,20252026,REG,SEA,EDM,0,7.0,REG,14.0,4,9,23.0,10.0,J. Daccord,2,1.0,6.0,32,32
2025020434,2025-12-04,20252026,REG,EDM,SEA,1,20.0,REG,13.0,9,4,22.0,6.0,C. Pickard,2,4.0,3.0,32,32
2025020435,2025-12-04,20252026,REG,CHI,LAK,0,25.0,REG,13.0,2,1,13.0,10.0,S. Knight,2,1.0,6.0,36,27
2025020435,2025-12-04,20252026,REG,LAK,CHI,1,20.0,REG,19.0,1,2,20.0,6.0,D. Kuemper,2,0.0,4.0,27,36
2025020436,2025-12-05,20252026,REG,VGK,NJD,0,23.0,REG,18.0,3,0,21.0,4.0,A. Schmid,2,2.0,5.0,25,24
2025020436,2025-12-05,20252026,REG,NJD,VGK,1,11.0,REG,15.0,0,3,15.0,4.0,J. Markstrom,2,0.0,7.0,24,25
2025020437,2025-12-05,20252026,REG,BUF,WPG,0,7.0,REG,13.0,1,4,22.0,4.0,U. Luukkonen,2,1.0,6.0,35,23
2025020437,2025-12-05,20252026,REG,WPG,BUF,1,9.0,REG,14.0,4,1,33.0,6.0,E. Comrie,2,0.0,2.0,23,35
2025020438,2025-12-05,20252026,REG,SJS,DAL,0,9.0,REG,13.0,1,4,24.0,6.0,Y. Askarov,2,0.0,6.0,17,24
2025020438,2025-12-05,20252026,REG,DAL,SJS,1,17.0,REG,10.0,4,1,17.0,10.0,J. Oettinger,2,1.0,6.0,24,17
2025020439,2025-12-05,20252026,REG,UTA,VAN,0,23.0,REG,17.0,4,1,25.0,8.0,K. Vejmelka,2,1.0,6.0,18,33
2025020439,2025-12-05,20252026,REG,VAN,UTA,1,12.0,REG,19.0,1,4,21.0,6.0,K. Lankinen,2,0.0,6.0,33,18
2025020440,2025-12-05,20252026,REG,WSH,ANA,0,21.0,SO,20.0,3,4,21.0,10.0,L. Thompson,2,0.0,4.0,21,38
2025020440,2025-12-05,20252026,REG,ANA,WSH,1,19.0,SO,13.0,4,3,18.0,6.0,V. Husso,2,0.0,7.0,38,21
2025020441,2025-12-06,20252026,REG,COL,NYR,0,13.0,OT,13.0,3,2,21.0,4.0,M. Blackwood,2,0.0,4.0,42,27
2025020441,2025-12-06,20252026,REG,NYR,COL,1,18.0,OT,20.0,2,3,32.0,4.0,I. Shesterkin,2,0.0,3.0,27,42
2025020442,2025-12-06,20252026,REG,CBJ,FLA,0,20.0,OT,20.0,6,7,15.0,6.0,E. Merzlikins,2,1.0,5.0,31,40
2025020442,2025-12-06,20252026,REG,FLA,CBJ,1,7.0,OT,12.0,7,6,30.0,8.0,S. Bobrovsky,2,2.0,4.0,40,31
2025020443,2025-12-06,20252026,REG,NJD,BOS,0,16.0,REG,17.0,1,4,15.0,2.0,J. Allen,2,0.0,4.0,30,22
2025020443,2025-12-06,20252026,REG,BOS,NJD,1,18.0,REG,21.0,4,1,24.0,2.0,J. Swayman,2,0.0,5.0,22,30
2025020444,2025-12-06,20252026,REG,MTL,TOR,0,11.0,SO,11.0,2,1,21.0,6.0,J. Dobes,2,1.0,3.0,34,23
2025020444,2025-12-06,20252026,REG,TOR,MTL,1,8.0,SO,12.0,1,2,28.0,6.0,D. Hildeby,2,0.0,5.0,23,34
2025020445,2025-12-06,20252026,REG,STL,OTT,0,21.0,REG,15.0,2,1,22.0,18.0,J. Hofer,2,0.0,1.0,20,42
2025020445,2025-12-06,20252026,REG,OTT,STL,1,10.0,REG,9.0,1,2,25.0,10.0,L. Ullmark,2,1.0,7.0,42,20
2025020446,2025-12-06,20252026,REG,NYI,TBL,0,22.0,REG,15.0,2,0,22.0,4.0,I. Sorokin,2,1.0,2.0,19,32
2025020446,2025-12-06,20252026,REG,TBL,NYI,1,10.0,REG,10.0,0,2,21.0,6.0,J. Johansson,2,0.0,7.0,32,19
2025020447,2025-12-06,20252026,REG,NSH,CAR,0,14.0,REG,16.0,3,6,19.0,14.0,J. Saros,2,1.0,5.0,22,40
2025020447,2025-12-06,20252026,REG,CAR,NSH,1,9.0,REG,17.0,6,3,12.0,6.0,B. Bussi,2,2.0,5.0,40,22
2025020448,2025-12-06,20252026,REG,UTA,CGY,0,14.0,REG,17.0,0,2,22.0,7.0,V. Vanecek,2,0.0,4.0,28,23
2025020448,2025-12-06,20252026,REG,CGY,UTA,1,19.0,REG,11.0,2,0,20.0,9.0,D. Wolf,2,0.0,8.0,23,28
2025020449,2025-12-06,20252026,REG,CHI,LAK,0,11.0,REG,18.0,0,6,10.0,6.0,S. Knight,2,0.0,5.0,23,32
2025020449,2025-12-06,20252026,REG,LAK,CHI,1,10.0,REG,22.0,6,0,20.0,8.0,D. Kuemper,2,1.0,7.0,32,23
2025020450,2025-12-06,20252026,REG,WPG,EDM,0,6.0,REG,12.0,2,6,36.0,4.0,E. Comrie,2,0.0,5.0,21,27
2025020450,2025-12-06,20252026,REG,EDM,WPG,1,12.0,REG,16.0,6,2,9.0,4.0,S. Skinner,2,1.0,2.0,27,21
2025020451,2025-12-06,20252026,REG,MIN,VAN,0,13.0,REG,16.0,2,4,22.0,8.0,J. Wallstedt,2,1.0,4.0,30,21
2025020451,2025-12-06,20252026,REG,VAN,MIN,1,9.0,REG,12.0,4,2,27.0,10.0,N. Tolopilo,2,0.0,4.0,21,30
2025020452,2025-12-06,20252026,REG,DET,SEA,0,25.0,REG,14.0,4,3,19.0,6.0,J. Gibson,2,1.0,7.0,25,27
2025020452,2025-12-06,20252026,REG,SEA,DET,1,20.0,REG,7.0,3,4,17.0,4.0,J. Daccord,2,0.0,6.0,27,25
2025020453,2025-12-07,20252026,REG,COL,PHI,0,18.0,REG,16.0,3,2,18.0,2.0,M. Blackwood,2,1.0,5.0,28,25
2025020453,2025-12-07,20252026,REG,PHI,COL,1,20.0,REG,16.0,2,3,21.0,4.0,S. Ersson,2,0.0,7.0,25,28
2025020454,2025-12-07,20252026,REG,NYI,FLA,0,16.0,REG,13.0,1,4,23.0,6.0,D. Rittich,2,0.0,4.0,21,30
2025020454,2025-12-07,20252026,REG,FLA,NYI,1,16.0,REG,11.0,4,1,18.0,6.0,D. Tarasov,2,0.0,6.0,30,21
2025020455,2025-12-07,20252026,REG,SJS,CAR,0,26.0,REG,9.0,4,1,21.0,8.0,A. Nedeljkovic,2,1.0,4.0,23,29
2025020455,2025-12-07,20252026,REG,CAR,SJS,1,9.0,REG,17.0,1,4,12.0,6.0,P. Kochetkov,2,1.0,6.0,29,23
2025020456,2025-12-07,20252026,REG,PIT,DAL,0,19.0,SO,13.0,2,3,26.0,2.0,T. Jarry,2,0.0,5.0,29,23
2025020456,2025-12-07,20252026,REG,DAL,PIT,1,20.0,SO,23.0,3,2,17.0,4.0,J. Oettinger,2,0.0,5.0,23,29
2025020457,2025-12-07,20252026,REG,STL,MTL,0,19.0,REG,13.0,4,3,34.0,4.0,J. Binnington,2,1.0,5.0,18,26
2025020457,2025-12-07,20252026,REG,MTL,STL,1,9.0,REG,16.0,3,4,14.0,6.0,J. Dobes,2,0.0,2.0,26,18
2025020458,2025-12-07,20252026,REG,VGK,NYR,0,11.0,OT,18.0,3,2,15.0,9.0,C. Hart,2,0.0,7.0,28,24
2025020458,2025-12-07,20252026,REG,NYR,VGK,1,23.0,OT,15.0,2,3,33.0,11.0,J. Quick,2,0.0,3.0,24,28
2025020459,2025-12-07,20252026,REG,CBJ,WSH,0,7.0,REG,17.0,0,2,12.0,8.0,J. Greaves,2,0.0,5.0,39,38
2025020459,2025-12-07,20252026,REG,WSH,CBJ,1,11.0,REG,15.0,2,0,16.0,6.0,L. Thompson,2,0.0,4.0,38,39
2025020460,2025-12-07,20252026,REG,CHI,ANA,0,10.0,REG,17.0,1,7,15.0,8.0,A. Soderblom,2,1.0,5.0,20,53
2025020460,2025-12-07,20252026,REG,ANA,CHI,1,8.0,REG,12.0,7,1,15.0,2.0,V. Husso,2,2.0,4.0,53,20
2025020461,2025-12-08,20252026,REG,TBL,TOR,0,8.0,REG,18.0,0,2,16.0,24.0,J. Johansson,2,0.0,4.0,29,25
2025020461,2025-12-08,20252026,REG,TOR,TBL,1,14.0,REG,9.0,2,0,20.0,22.0,D. Hildeby,2,0.0,8.0,25,29
2025020462,2025-12-08,20252026,REG,LAK,UTA,0,15.0,REG,13.0,4,2,17.0,8.0,D. Kuemper,2,0.0,2.0,27,21
2025020462,2025-12-08,20252026,REG,UTA,LAK,1,18.0,REG,11.0,2,4,32.0,2.0,K. Vejmelka,2,1.0,5.0,21,27
2025020463,2025-12-08,20252026,REG,BUF,CGY,0,8.0,REG,9.0,4,7,19.0,16.0,U. Luukkonen,2,2.0,4.0,29,28
2025020463,2025-12-08,20252026,REG,CGY,BUF,1,17.0,REG,14.0,7,4,17.0,16.0,D. Wolf,2,2.0,4.0,28,29
2025020464,2025-12-08,20252026,REG,DET,VAN,0,23.0,REG,17.0,4,0,15.0,6.0,J. Gibson,2,0.0,5.0,21,39
2025020464,2025-12-08,20252026,REG,VAN,DET,1,7.0,REG,12.0,0,4,27.0,4.0,K. Lankinen,2,0.0,3.0,39,21
2025020465,2025-12-08,20252026,REG,MIN,SEA,0,17.0,REG,11.0,4,1,24.0,8.0,F. Gustavsson,2,0.0,7.0,29,24
2025020465,2025-12-08,20252026,REG,SEA,MIN,1,20.0,REG,18.0,1,4,16.0,8.0,P. Grubauer,2,1.0,4.0,24,29
2025020466,2025-12-09,20252026,REG,TBL,MTL,0,16.0,REG,10.0,6,1,27.0,17.0,J. Johansson,2,1.0,4.0,27,27
2025020466,2025-12-09,20252026,REG,MTL,TBL,1,18.0,REG,14.0,1,6,24.0,15.0,J. Dobes,2,1.0,3.0,27,27
2025020467,2025-12-09,20252026,REG,NJD,OTT,0,15.0,REG,16.0,4,3,15.0,8.0,J. Markstrom,2,0.0,5.0,32,38
2025020467,2025-12-09,20252026,REG,OTT,NJD,1,11.0,REG,16.0,3,4,22.0,8.0,L. Ullmark,2,3.0,2.0,38,32
2025020468,2025-12-09,20252026,REG,VGK,NYI,0,12.0,SO,20.0,4,5,14.0,8.0,C. Hart,2,0.0,6.0,37,27
2025020468,2025-12-09,20252026,REG,NYI,VGK,1,10.0,SO,15.0,5,4,24.0,8.0,I. Sorokin,2,1.0,8.0,27,37
2025020469,2025-12-09,20252026,REG,SJS,PHI,0,20.0,REG,16.0,1,4,28.0,4.0,A. Nedeljkovic,2,0.0,3.0,18,30
2025020469,2025-12-09,20252026,REG,PHI,SJS,1,11.0,REG,10.0,4,1,17.0,4.0,D. Vladar,2,0.0,4.0,30,18
2025020470,2025-12-09,20252026,REG,ANA,PIT,0,17.0,SO,15.0,4,3,24.0,6.0,V. Husso,2,0.0,7.0,28,47
2025020470,2025-12-09,20252026,REG,PIT,ANA,1,13.0,SO,19.0,3,4,11.0,2.0,A. Silovs,2,1.0,9.0,47,28
2025020471,2025-12-09,20252026,REG,CBJ,CAR,0,18.0,REG,10.0,1,4,14.0,8.0,J. Greaves,2,1.0,6.0,24,32
2025020471,2025-12-09,20252026,REG,CAR,CBJ,1,16.0,REG,10.0,4,1,19.0,6.0,B. Bussi,2,1.0,8.0,32,24
2025020472,2025-12-09,20252026,REG,BOS,STL,0,21.0,REG,15.0,5,2,26.0,6.0,J. Swayman,2,0.0,12.0,31,26
2025020472,2025-12-09,20252026,REG,STL,BOS,1,20.0,REG,13.0,2,5,30.0,6.0,J. Hofer,2,1.0,2.0,26,31
2025020473,2025-12-09,20252026,REG,DAL,WPG,0,15.0,REG,17.0,4,3,8.0,8.0,C. DeSmith,2,2.0,5.0,19,33
2025020473,2025-12-09,20252026,REG,WPG,DAL,1,10.0,REG,15.0,3,4,32.0,8.0,E. Comrie,2,0.0,6.0,33,19
2025020474,2025-12-09,20252026,REG,BUF,EDM,0,12.0,OT,9.0,4,3,14.0,8.0,C. Ellis,2,2.0,6.0,28,30
2025020474,2025-12-09,20252026,REG,EDM,BUF,1,15.0,OT,14.0,3,4,17.0,12.0,S. Skinner,2,0.0,3.0,30,28
2025020475,2025-12-09,20252026,REG,COL,NSH,0,7.0,SO,16.0,3,4,9.0,4.0,S. Wedgewood,2,1.0,7.0,42,31
2025020475,2025-12-09,20252026,REG,NSH,COL,1,18.0,SO,14.0,4,3,11.0,8.0,J. Saros,2,1.0,3.0,31,42
2025020476,2025-12-10,20252026,REG,NYR,CHI,0,13.0,REG,15.0,0,3,36.0,8.0,I. Shesterkin,2,0.0,2.0,21,25
2025020476,2025-12-10,20252026,REG,CHI,NYR,1,14.0,REG,9.0,3,0,12.0,6.0,S. Knight,2,0.0,7.0,25,21
2025020477,2025-12-10,20252026,REG,DET,CGY,0,26.0,REG,18.0,4,3,20.0,8.0,J. Gibson,2,0.0,2.0,29,37
2025020477,2025-12-10,20252026,REG,CGY,DET,1,5.0,REG,17.0,3,4,15.0,8.0,D. Cooley,2,0.0,7.0,37,29
2025020478,2025-12-10,20252026,REG,FLA,UTA,0,15.0,REG,16.0,4,3,21.0,6.0,S. Bobrovsky,2,0.0,6.0,36,30
2025020478,2025-12-10,20252026,REG,UTA,FLA,1,15.0,REG,13.0,3,4,19.0,4.0,K. Vejmelka,2,0.0,3.0,30,36
2025020479,2025-12-10,20252026,REG,LAK,SEA,0,18.0,OT,16.0,2,3,18.0,12.0,A. Forsberg,2,1.0,4.0,26,33
2025020479,2025-12-10,20252026,REG,SEA,LAK,1,14.0,OT,10.0,3,2,18.0,10.0,J. Daccord,2,3.0,4.0,33,26
2025020480,2025-12-11,20252026,REG,SJS,TOR,0,13.0,OT,13.0,3,2,22.0,6.0,A. Nedeljkovic,2,0.0,2.0,32,30
2025020480,2025-12-11,20252026,REG,TOR,SJS,1,15.0,OT,16.0,2,3,19.0,4.0,D. Hildeby,2,1.0,10.0,30,32
2025020481,2025-12-11,20252026,REG,TBL,NJD,0,13.0,REG,7.0,8,4,15.0,11.0,J. Johansson,2,2.0,2.0,35,37
2025020481,2025-12-11,20252026,REG,NJD,TBL,1,13.0,REG,14.0,4,8,32.0,11.0,J. Markstrom,2,1.0,6.0,37,35
2025020482,2025-12-11,20252026,REG,ANA,NYI,0,13.0,REG,14.0,2,5,15.0,8.0,V. Husso,2,0.0,3.0,33,37
2025020482,2025-12-11,20252026,REG,NYI,ANA,1,18.0,REG,17.0,5,2,20.0,2.0,D. Rittich,2,2.0,7.0,37,33
2025020483,2025-12-11,20252026,REG,VGK,PHI,0,16.0,OT,17.0,3,2,23.0,6.0,A. Schmid,2,1.0,4.0,22,19
2025020483,2025-12-11,20252026,REG,PHI,VGK,1,13.0,OT,9.0,2,3,25.0,2.0,D. Vladar,2,0.0,4.0,19,22
2025020484,2025-12-11,20252026,REG,MTL,PIT,0,24.0,REG,11.0,4,2,12.0,12.0,J. Fowler,2,1.0,1.0,29,38
2025020484,2025-12-11,20252026,REG,PIT,MTL,1,19.0,REG,14.0,2,4,25.0,8.0,T. Jarry,2,1.0,9.0,38,29
2025020485,2025-12-11,20252026,REG,CAR,WSH,0,10.0,SO,15.0,3,2,29.0,7.0,B. Bussi,2,0.0,7.0,39,25
2025020485,2025-12-11,20252026,REG,WSH,CAR,1,21.0,SO,9.0,2,3,21.0,9.0,L. Thompson,2,0.0,3.0,25,39
2025020486,2025-12-11,20252026,REG,OTT,CBJ,0,21.0,REG,16.0,6,3,18.0,0.0,L. Ullmark,2,1.0,6.0,29,27
2025020486,2025-12-11,20252026,REG,CBJ,OTT,1,12.0,REG,14.0,3,6,23.0,4.0,E. Merzlikins,2,1.0,4.0,27,29
2025020487,2025-12-11,20252026,REG,STL,NSH,0,10.0,REG,14.0,2,7,27.0,13.0,J. Binnington,2,0.0,2.0,26,32
2025020487,2025-12-11,20252026,REG,NSH,STL,1,15.0,REG,10.0,7,2,14.0,11.0,J. Saros,2,1.0,5.0,32,26
2025020488,2025-12-11,20252026,REG,DAL,MIN,0,14.0,REG,13.0,2,5,12.0,6.0,J. Oettinger,2,1.0,8.0,18,32
2025020488,2025-12-11,20252026,REG,MIN,DAL,1,20.0,REG,17.0,5,2,26.0,2.0,F. Gustavsson,2,0.0,6.0,32,18
2025020489,2025-12-11,20252026,REG,BOS,WPG,0,18.0,REG,15.0,6,3,21.0,13.0,J. Korpisalo,2,2.0,3.0,24,29
2025020489,2025-12-11,20252026,REG,WPG,BOS,1,16.0,REG,9.0,3,6,24.0,9.0,E. Comrie,2,1.0,6.0,29,24
2025020490,2025-12-11,20252026,REG,FLA,COL,0,13.0,REG,11.0,2,6,28.0,6.0,D. Tarasov,2,0.0,7.0,25,42
2025020490,2025-12-11,20252026,REG,COL,FLA,1,17.0,REG,20.0,6,2,11.0,4.0,M. Blackwood,2,0.0,5.0,42,25
2025020491,2025-12-11,20252026,REG,DET,EDM,0,11.0,REG,14.0,1,4,9.0,4.0,C. Talbot,2,0.0,5.0,28,29
2025020491,2025-12-11,20252026,REG,EDM,DET,1,20.0,REG,13.0,4,1,25.0,4.0,S. Skinner,2,1.0,5.0,29,28
2025020492,2025-12-11,20252026,REG,BUF,VAN,0,26.0,REG,16.0,3,2,13.0,10.0,A. Lyon,2,1.0,8.0,15,32
2025020492,2025-12-11,20252026,REG,VAN,BUF,1,7.0,REG,11.0,2,3,22.0,8.0,T. Demko,2,1.0,4.0,32,15
2025020493,2025-12-12,20252026,REG,CHI,STL,0,11.0,REG,14.0,2,3,19.0,14.0,S. Knight,2,0.0,4.0,29,26
2025020493,2025-12-12,20252026,REG,STL,CHI,1,13.0,REG,12.0,3,2,30.0,12.0,J. Hofer,2,0.0,9.0,26,29
2025020494,2025-12-12,20252026,REG,SEA,UTA,0,25.0,REG,13.0,3,5,14.0,6.0,P. Grubauer,2,0.0,4.0,37,33
2025020494,2025-12-12,20252026,REG,UTA,SEA,1,17.0,REG,14.0,5,3,13.0,10.0,K. Vejmelka,2,1.0,4.0,33,37
2025020495,2025-12-13,20252026,REG,ANA,NJD,0,21.0,REG,16.0,1,4,17.0,4.0,L. Dostal,2,0.0,3.0,31,22
2025020495,2025-12-13,20252026,REG,NJD,ANA,1,12.0,REG,14.0,4,1,17.0,4.0,J. Allen,2,0.0,5.0,22,31
2025020496,2025-12-13,20252026,REG,OTT,MIN,0,7.0,REG,16.0,2,3,30.0,13.0,L. Meriläinen,2,2.0,5.0,36,25
2025020496,2025-12-13,20252026,REG,MIN,OTT,1,19.0,REG,15.0,3,2,21.0,15.0,J. Wallstedt,2,1.0,4.0,25,36
2025020497,2025-12-13,20252026,REG,SJS,PIT,0,16.0,OT,18.0,6,5,17.0,14.0,Y. Askarov,2,1.0,6.0,31,43
2025020497,2025-12-13,20252026,REG,PIT,SJS,1,21.0,OT,9.0,5,6,14.0,12.0,A. Silovs,2,3.0,4.0,43,31
2025020498,2025-12-13,20252026,REG,TBL,NYI,0,10.0,SO,8.0,2,3,27.0,8.0,J. Johansson,2,1.0,6.0,34,17
2025020498,2025-12-13,20252026,REG,NYI,TBL,1,20.0,SO,13.0,3,2,19.0,8.0,I. Sorokin,2,1.0,4.0,17,34
2025020499,2025-12-13,20252026,REG,EDM,TOR,0,10.0,REG,18.0,6,3,17.0,2.0,T. Jarry,2,0.0,5.0,37,28
2025020499,2025-12-13,20252026,REG,TOR,EDM,1,15.0,REG,23.0,3,6,25.0,4.0,D. Hildeby,2,0.0,4.0,28,37
2025020500,2025-12-13,20252026,REG,MTL,NYR,0,23.0,OT,13.0,4,5,21.0,6.0,J. Fowler,2,0.0,7.0,18,29
2025020500,2025-12-13,20252026,REG,NYR,MTL,1,18.0,OT,13.0,5,4,32.0,4.0,I. Shesterkin,2,2.0,4.0,29,18
2025020501,2025-12-13,20252026,REG,CAR,PHI,0,3.0,SO,11.0,4,3,19.0,0.0,P. Kochetkov,2,0.0,6.0,21,18
2025020501,2025-12-13,20252026,REG,PHI,CAR,1,21.0,SO,18.0,3,4,28.0,4.0,S. Ersson,2,0.0,3.0,18,21
2025020502,2025-12-13,20252026,REG,VGK,CBJ,0,20.0,REG,14.0,3,2,15.0,8.0,C. Hart,2,1.0,5.0,26,30
2025020502,2025-12-13,20252026,REG,CBJ,VGK,1,19.0,REG,15.0,2,3,15.0,6.0,J. Greaves,2,0.0,7.0,30,26
2025020503,2025-12-13,20252026,REG,WSH,WPG,0,16.0,REG,17.0,1,5,20.0,6.0,L. Thompson,2,1.0,3.0,25,35
2025020503,2025-12-13,20252026,REG,WPG,WSH,1,12.0,REG,10.0,5,1,23.0,10.0,C. Hellebuyck,2,1.0,6.0,35,25
2025020504,2025-12-13,20252026,REG,DET,CHI,0,21.0,REG,13.0,4,0,15.0,6.0,J. Gibson,2,0.0,5.0,24,26
2025020504,2025-12-13,20252026,REG,CHI,DET,1,7.0,REG,10.0,0,4,30.0,6.0,A. Soderblom,2,0.0,2.0,26,24
2025020505,2025-12-13,20252026,REG,FLA,DAL,0,13.0,REG,17.0,4,0,22.0,13.0,S. Bobrovsky,2,1.0,3.0,23,15
2025020505,2025-12-13,20252026,REG,DAL,FLA,1,18.0,REG,16.0,0,4,13.0,23.0,J. Oettinger,2,0.0,8.0,15,23
2025020506,2025-12-13,20252026,REG,NSH,COL,0,19.0,REG,13.0,2,4,18.0,8.0,J. Annunen,2,1.0,5.0,29,41
2025020506,2025-12-13,20252026,REG,COL,NSH,1,16.0,REG,15.0,4,2,16.0,6.0,S. Wedgewood,2,0.0,3.0,41,29
2025020507,2025-12-13,20252026,REG,CGY,LAK,0,16.0,OT,23.0,2,1,12.0,9.0,D. Wolf,2,0.0,5.0,38,22
2025020507,2025-12-13,20252026,REG,LAK,CGY,1,15.0,OT,17.0,1,2,13.0,13.0,D. Kuemper,2,0.0,7.0,22,38
2025020508,2025-12-14,20252026,REG,VAN,NJD,0,16.0,REG,12.0,2,1,22.0,6.0,T. Demko,2,2.0,4.0,15,26
2025020508,2025-12-14,20252026,REG,NJD,VAN,1,11.0,REG,15.0,1,2,18.0,6.0,J. Markstrom,2,0.0,4.0,26,15
2025020509,2025-12-14,20252026,REG,UTA,PIT,0,7.0,OT,18.0,5,4,9.0,4.0,K. Vejmelka,2,1.0,5.0,36,16
2025020509,2025-12-14,20252026,REG,PIT,UTA,1,17.0,OT,13.0,4,5,18.0,8.0,S. Murashov,2,0.0,4.0,16,36
2025020510,2025-12-14,20252026,REG,PHI,CAR,0,18.0,SO,13.0,2,3,23.0,14.0,D. Vladar,2,0.0,7.0,26,32
2025020510,2025-12-14,20252026,REG,CAR,PHI,1,10.0,SO,16.0,3,2,10.0,10.0,B. Bussi,2,1.0,6.0,32,26
2025020511,2025-12-14,20252026,REG,BOS,MIN,0,16.0,REG,13.0,2,6,20.0,6.0,J. Swayman,2,0.0,3.0,31,31
2025020511,2025-12-14,20252026,REG,MIN,BOS,1,14.0,REG,15.0,6,2,14.0,4.0,F. Gustavsson,2,2.0,5.0,31,31
2025020512,2025-12-14,20252026,REG,EDM,MTL,0,12.0,REG,19.0,1,4,17.0,8.0,C. Pickard,2,1.0,3.0,28,27
2025020512,2025-12-14,20252026,REG,MTL,EDM,1,11.0,REG,17.0,4,1,20.0,10.0,J. Dobes,2,2.0,4.0,27,28
2025020513,2025-12-14,20252026,REG,BUF,SEA,0,13.0,REG,17.0,3,1,17.0,6.0,A. Lyon,2,0.0,5.0,23,24
2025020513,2025-12-14,20252026,REG,SEA,BUF,1,11.0,REG,12.0,1,3,23.0,4.0,J. Daccord,2,1.0,5.0,24,23
2025020514,2025-12-15,20252026,REG,FLA,TBL,0,17.0,REG,16.0,5,2,25.0,17.0,S. Bobrovsky,2,1.0,5.0,24,28
2025020514,2025-12-15,20252026,REG,TBL,FLA,1,3.0,REG,14.0,2,5,33.0,17.0,J. Johansson,2,0.0,5.0,28,24
2025020515,2025-12-15,20252026,REG,ANA,NYR,0,14.0,REG,15.0,4,1,25.0,6.0,L. Dostal,2,1.0,7.0,26,27
2025020515,2025-12-15,20252026,REG,NYR,ANA,1,12.0,REG,13.0,1,4,20.0,6.0,I. Shesterkin,2,0.0,4.0,27,26
2025020516,2025-12-15,20252026,REG,OTT,WPG,0,14.0,OT,12.0,3,2,31.0,4.0,L. Ullmark,2,0.0,7.0,31,25
2025020516,2025-12-15,20252026,REG,WPG,OTT,1,15.0,OT,11.0,2,3,20.0,6.0,C. Hellebuyck,2,0.0,0.0,25,31
2025020517,2025-12-15,20252026,REG,NSH,STL,0,7.0,REG,12.0,5,2,13.0,13.0,J. Saros,2,1.0,6.0,26,22
2025020517,2025-12-15,20252026,REG,STL,NSH,1,11.0,REG,10.0,2,5,22.0,17.0,J. Hofer,2,1.0,2.0,22,26
2025020518,2025-12-15,20252026,REG,LAK,DAL,0,15.0,REG,20.0,1,4,30.0,6.0,D. Kuemper,2,1.0,4.0,28,26
2025020518,2025-12-15,20252026,REG,DAL,LAK,1,18.0,REG,14.0,4,1,19.0,8.0,C. DeSmith,2,0.0,2.0,26,28
2025020519,2025-12-16,20252026,REG,UTA,BOS,0,10.0,REG,12.0,1,4,21.0,28.0,V. Vanecek,2,1.0,4.0,21,23
2025020519,2025-12-16,20252026,REG,BOS,UTA,1,23.0,REG,14.0,4,1,21.0,16.0,J. Swayman,2,1.0,4.0,23,21
2025020520,2025-12-16,20252026,REG,CHI,TOR,0,12.0,REG,12.0,2,3,15.0,6.0,S. Knight,2,0.0,4.0,25,27
2025020520,2025-12-16,20252026,REG,TOR,CHI,1,14.0,REG,13.0,3,2,29.0,2.0,J. Woll,2,1.0,4.0,27,25
2025020521,2025-12-16,20252026,REG,PHI,MTL,0,13.0,REG,15.0,4,1,23.0,4.0,D. Vladar,2,0.0,4.0,21,22
2025020521,2025-12-16,20252026,REG,MTL,PHI,1,10.0,REG,8.0,1,4,21.0,8.0,J. Fowler,2,0.0,2.0,22,21
2025020522,2025-12-16,20252026,REG,NYI,DET,0,21.0,REG,9.0,2,3,16.0,4.0,I. Sorokin,2,0.0,3.0,18,21
2025020522,2025-12-16,20252026,REG,DET,NYI,1,19.0,REG,13.0,3,2,14.0,2.0,J. Gibson,2,2.0,5.0,21,18
2025020523,2025-12-16,20252026,REG,VAN,NYR,0,13.0,REG,14.0,3,0,20.0,8.0,T. Demko,2,0.0,4.0,17,23
2025020523,2025-12-16,20252026,REG,NYR,VAN,1,6.0,REG,12.0,0,3,26.0,6.0,J. Quick,2,0.0,6.0,23,17
2025020524,2025-12-16,20252026,REG,EDM,PIT,0,19.0,REG,14.0,6,4,8.0,12.0,T. Jarry,2,3.0,4.0,23,30
2025020524,2025-12-16,20252026,REG,PIT,EDM,1,8.0,REG,14.0,4,6,27.0,8.0,S. Skinner,2,1.0,4.0,30,23
2025020525,2025-12-16,20252026,REG,ANA,CBJ,0,21.0,OT,19.0,3,4,20.0,4.0,V. Husso,2,0.0,2.0,27,28
2025020525,2025-12-16,20252026,REG,CBJ,ANA,1,19.0,OT,17.0,4,3,20.0,8.0,J. Greaves,2,0.0,5.0,28,27
2025020526,2025-12-16,20252026,REG,WSH,MIN,0,8.0,REG,9.0,0,5,18.0,8.0,C. Lindgren,2,0.0,4.0,25,32
2025020526,2025-12-16,20252026,REG,MIN,WSH,1,21.0,REG,15.0,5,0,22.0,4.0,F. Gustavsson,2,1.0,3.0,32,25
2025020527,2025-12-16,20252026,REG,CGY,SJS,0,12.0,REG,14.0,3,6,24.0,2.0,D. Wolf,2,0.0,4.0,30,26
2025020527,2025-12-16,20252026,REG,SJS,CGY,1,25.0,REG,22.0,6,3,24.0,4.0,Y. Askarov,2,0.0,5.0,26,30
2025020528,2025-12-16,20252026,REG,COL,SEA,0,14.0,REG,13.0,5,3,14.0,16.0,M. Blackwood,2,1.0,6.0,39,38
2025020528,2025-12-16,20252026,REG,SEA,COL,1,26.0,REG,18.0,3,5,18.0,16.0,P. Grubauer,2,1.0,4.0,38,39
2025020529,2025-12-17,20252026,REG,LAK,FLA,0,15.0,REG,12.0,2,3,16.0,8.0,A. Forsberg,2,1.0,5.0,29,29
2025020529,2025-12-17,20252026,REG,FLA,LAK,1,21.0,REG,10.0,3,2,28.0,8.0,D. Tarasov,2,1.0,5.0,29,29
2025020530,2025-12-17,20252026,REG,UTA,DET,0,18.0,REG,12.0,4,1,21.0,8.0,K. Vejmelka,2,0.0,4.0,28,28
2025020530,2025-12-17,20252026,REG,DET,UTA,1,15.0,REG,15.0,1,4,11.0,8.0,C. Talbot,2,1.0,4.0,28,28
2025020531,2025-12-17,20252026,REG,WPG,STL,0,9.0,REG,19.0,0,1,21.0,20.0,C. Hellebuyck,2,0.0,3.0,24,26
2025020531,2025-12-17,20252026,REG,STL,WPG,1,14.0,REG,11.0,1,0,14.0,6.0,J. Hofer,2,0.0,4.0,26,24
2025020532,2025-12-17,20252026,REG,CAR,NSH,0,14.0,REG,9.0,4,1,11.0,6.0,P. Kochetkov,2,1.0,7.0,37,26
2025020532,2025-12-17,20252026,REG,NSH,CAR,1,15.0,REG,17.0,1,4,23.0,8.0,J. Saros,2,0.0,6.0,26,37
2025020533,2025-12-17,20252026,REG,NJD,VGK,0,10.0,SO,11.0,2,1,21.0,8.0,J. Allen,2,0.0,5.0,33,37
2025020533,2025-12-17,20252026,REG,VGK,NJD,1,19.0,SO,16.0,1,2,21.0,4.0,C. Hart,2,1.0,6.0,37,33
2025020534,2025-12-18,20252026,REG,EDM,BOS,0,19.0,REG,12.0,3,1,21.0,6.0,T. Jarry,2,1.0,3.0,25,26
2025020534,2025-12-18,20252026,REG,BOS,EDM,1,11.0,REG,15.0,1,3,22.0,20.0,J. Swayman,2,1.0,5.0,26,25
2025020535,2025-12-18,20252026,REG,PHI,BUF,0,10.0,REG,9.0,3,5,29.0,10.0,S. Ersson,2,0.0,1.0,27,28
2025020535,2025-12-18,20252026,REG,BUF,PHI,1,15.0,REG,25.0,5,3,24.0,6.0,A. Lyon,2,1.0,6.0,28,27
2025020536,2025-12-18,20252026,REG,CHI,MTL,0,8.0,REG,13.0,1,4,14.0,4.0,S. Knight,2,0.0,8.0,15,35
2025020536,2025-12-18,20252026,REG,MTL,CHI,1,13.0,REG,10.0,4,1,21.0,4.0,J. Dobes,2,0.0,3.0,35,15
2025020537,2025-12-18,20252026,REG,PIT,OTT,0,13.0,REG,21.0,0,4,21.0,2.0,A. Silovs,2,0.0,4.0,25,26
2025020537,2025-12-18,20252026,REG,OTT,PIT,1,11.0,REG,10.0,4,0,18.0,4.0,L. Ullmark,2,1.0,3.0,26,25
2025020538,2025-12-18,20252026,REG,LAK,TBL,0,22.0,REG,20.0,2,1,17.0,20.0,A. Forsberg,2,0.0,11.0,20,32
2025020538,2025-12-18,20252026,REG,TBL,LAK,1,7.0,REG,9.0,1,2,18.0,2.0,A. Vasilevskiy,2,1.0,2.0,32,20
2025020539,2025-12-18,20252026,REG,TOR,WSH,0,13.0,REG,16.0,0,4,27.0,6.0,D. Hildeby,2,0.0,6.0,22,29
2025020539,2025-12-18,20252026,REG,WSH,TOR,1,12.0,REG,18.0,4,0,13.0,10.0,L. Thompson,2,0.0,4.0,29,22
2025020540,2025-12-18,20252026,REG,MIN,CBJ,0,18.0,REG,19.0,5,2,15.0,4.0,J. Wallstedt,2,1.0,6.0,28,29
2025020540,2025-12-18,20252026,REG,CBJ,MIN,1,12.0,REG,14.0,2,5,26.0,2.0,J. Greaves,2,0.0,6.0,29,28
2025020541,2025-12-18,20252026,REG,NYR,STL,0,17.0,OT,15.0,2,1,24.0,8.0,I. Shesterkin,2,1.0,5.0,31,27
2025020541,2025-12-18,20252026,REG,STL,NYR,1,7.0,OT,13.0,1,2,13.0,6.0,J. Binnington,2,0.0,5.0,27,31
2025020542,2025-12-18,20252026,REG,SEA,CGY,0,14.0,REG,12.0,2,4,24.0,10.0,J. Daccord,2,1.0,6.0,23,46
2025020542,2025-12-18,20252026,REG,CGY,SEA,1,14.0,REG,8.0,4,2,22.0,2.0,D. Wolf,2,1.0,4.0,46,23
2025020543,2025-12-18,20252026,REG,DAL,SJS,0,20.0,REG,15.0,5,3,16.0,6.0,J. Oettinger,2,1.0,6.0,30,37
2025020543,2025-12-18,20252026,REG,SJS,DAL,1,11.0,REG,20.0,3,5,30.0,2.0,A. Nedeljkovic,2,0.0,4.0,37,30
2025020544,2025-12-19,20252026,REG,CAR,FLA,0,16.0,SO,16.0,3,4,27.0,8.0,B. Bussi,2,1.0,8.0,29,41
2025020544,2025-12-19,20252026,REG,FLA,CAR,1,14.0,SO,14.0,4,3,23.0,8.0,S. Bobrovsky,2,0.0,3.0,41,29
2025020545,2025-12-19,20252026,REG,VAN,NYI,0,14.0,REG,17.0,4,1,10.0,6.0,T. Demko,2,1.0,6.0,31,24
2025020545,2025-12-19,20252026,REG,NYI,VAN,1,12.0,REG,16.0,1,4,21.0,6.0,I. Sorokin,2,0.0,3.0,24,31
2025020546,2025-12-19,20252026,REG,WPG,COL,0,15.0,REG,14.0,2,3,20.0,9.0,C. Hellebuyck,2,1.0,4.0,22,26
2025020546,2025-12-19,20252026,REG,COL,WPG,1,13.0,REG,12.0,3,2,21.0,9.0,S. Wedgewood,2,0.0,3.0,26,22
2025020547,2025-12-19,20252026,REG,NJD,UTA,0,26.0,REG,13.0,2,1,12.0,8.0,J. Markstrom,2,1.0,5.0,22,33
2025020547,2025-12-19,20252026,REG,UTA,NJD,1,16.0,REG,9.0,1,2,20.0,10.0,K. Vejmelka,2,1.0,2.0,33,22
2025020548,2025-12-19,20252026,REG,DAL,ANA,0,21.0,REG,21.0,8,3,8.0,8.0,C. DeSmith,2,1.0,4.0,25,25
2025020548,2025-12-19,20252026,REG,ANA,DAL,1,13.0,REG,18.0,3,8,22.0,18.0,L. Dostal,2,0.0,4.0,25,25
2025020549,2025-12-20,20252026,REG,PHI,NYR,0,21.0,SO,9.0,4,5,19.0,13.0,S. Ersson,2,2.0,1.0,32,27
2025020549,2025-12-20,20252026,REG,NYR,PHI,1,4.0,SO,21.0,5,4,23.0,15.0,I. Shesterkin,2,1.0,7.0,27,32
2025020550,2025-12-20,20252026,REG,DET,WSH,0,19.0,REG,18.0,5,2,10.0,4.0,J. Gibson,2,0.0,6.0,41,26
2025020550,2025-12-20,20252026,REG,WSH,DET,1,18.0,REG,18.0,2,5,32.0,4.0,L. Thompson,2,0.0,2.0,26,41
2025020551,2025-12-20,20252026,REG,CHI,OTT,0,17.0,REG,13.0,4,6,21.0,24.0,A. Soderblom,2,1.0,5.0,24,40
2025020551,2025-12-20,20252026,REG,OTT,CHI,1,8.0,REG,7.0,6,4,29.0,6.0,L. Meriläinen,2,1.0,5.0,40,24
2025020552,2025-12-20,20252026,REG,EDM,MIN,0,5.0,REG,10.0,2,5,23.0,4.0,C. Pickard,2,1.0,4.0,30,37
2025020552,2025-12-20,20252026,REG,MIN,EDM,1,21.0,REG,16.0,5,2,25.0,4.0,F. Gustavsson,2,1.0,7.0,37,30
2025020553,2025-12-20,20252026,REG,NYI,BUF,0,8.0,SO,20.0,2,3,25.0,8.0,D. Rittich,2,1.0,4.0,34,32
2025020553,2025-12-20,20252026,REG,BUF,NYI,1,11.0,SO,17.0,3,2,18.0,6.0,A. Lyon,2,1.0,5.0,32,34
2025020554,2025-12-20,20252026,REG,STL,FLA,0,14.0,REG,11.0,6,2,19.0,6.0,J. Hofer,2,1.0,4.0,32,29
2025020554,2025-12-20,20252026,REG,FLA,STL,1,7.0,REG,13.0,2,6,26.0,6.0,D. Tarasov,2,1.0,2.0,29,32
2025020555,2025-12-20,20252026,REG,VAN,BOS,0,15.0,SO,16.0,5,4,29.0,8.0,K. Lankinen,2,1.0,5.0,23,43
2025020555,2025-12-20,20252026,REG,BOS,VAN,1,11.0,SO,16.0,4,5,20.0,10.0,J. Swayman,2,1.0,6.0,43,23
2025020556,2025-12-20,20252026,REG,PIT,MTL,0,13.0,REG,19.0,0,4,24.0,2.0,S. Skinner,2,0.0,4.0,31,21
2025020556,2025-12-20,20252026,REG,MTL,PIT,1,16.0,REG,8.0,4,0,16.0,6.0,J. Fowler,2,1.0,5.0,21,31
2025020557,2025-12-20,20252026,REG,CAR,TBL,0,15.0,REG,13.0,4,6,23.0,10.0,P. Kochetkov,2,2.0,6.0,22,29
2025020557,2025-12-20,20252026,REG,TBL,CAR,1,15.0,REG,14.0,6,4,19.0,14.0,A. Vasilevskiy,2,0.0,1.0,29,22
2025020558,2025-12-20,20252026,REG,TOR,NSH,0,23.0,REG,16.0,3,5,21.0,6.0,J. Woll,2,0.0,2.0,22,34
2025020558,2025-12-20,20252026,REG,NSH,TOR,1,12.0,REG,12.0,5,3,20.0,4.0,J. Saros,2,1.0,4.0,34,22
2025020559,2025-12-20,20252026,REG,VGK,CGY,0,13.0,REG,15.0,3,6,27.0,5.0,A. Schmid,2,1.0,4.0,37,26
2025020559,2025-12-20,20252026,REG,CGY,VGK,1,12.0,REG,9.0,6,3,14.0,9.0,D. Cooley,2,0.0,5.0,26,37
2025020560,2025-12-20,20252026,REG,CBJ,ANA,0,11.0,REG,15.0,3,4,12.0,4.0,E. Merzlikins,2,1.0,4.0,26,28
2025020560,2025-12-20,20252026,REG,ANA,CBJ,1,26.0,REG,15.0,4,3,19.0,4.0,L. Dostal,2,0.0,5.0,28,26
2025020561,2025-12-20,20252026,REG,SEA,SJS,0,23.0,REG,8.0,4,2,18.0,8.0,J. Daccord,2,0.0,6.0,32,36
2025020561,2025-12-20,20252026,REG,SJS,SEA,1,8.0,REG,13.0,2,4,19.0,2.0,Y. Askarov,2,1.0,7.0,36,32
2025020562,2025-12-21,20252026,REG,WSH,DET,0,13.0,OT,11.0,2,3,11.0,4.0,C. Lindgren,2,0.0,3.0,33,27
2025020562,2025-12-21,20252026,REG,DET,WSH,1,18.0,OT,17.0,3,2,16.0,2.0,C. Talbot,2,1.0,8.0,27,33
2025020563,2025-12-21,20252026,REG,COL,MIN,0,8.0,REG,20.0,5,1,17.0,6.0,M. Blackwood,2,2.0,6.0,42,29
2025020563,2025-12-21,20252026,REG,MIN,COL,1,25.0,REG,11.0,1,5,13.0,8.0,J. Wallstedt,2,0.0,2.0,29,42
2025020564,2025-12-21,20252026,REG,OTT,BOS,0,17.0,REG,22.0,6,2,22.0,54.0,L. Ullmark,2,2.0,6.0,28,20
2025020564,2025-12-21,20252026,REG,BOS,OTT,1,11.0,REG,15.0,2,6,32.0,42.0,J. Korpisalo,2,1.0,2.0,20,28
2025020565,2025-12-21,20252026,REG,BUF,NJD,0,23.0,REG,16.0,3,1,20.0,2.0,U. Luukkonen,2,0.0,7.0,25,27
2025020565,2025-12-21,20252026,REG,NJD,BUF,1,13.0,REG,18.0,1,3,16.0,0.0,J. Allen,2,0.0,2.0,27,25
2025020566,2025-12-21,20252026,REG,MTL,PIT,0,18.0,SO,19.0,3,4,25.0,8.0,J. Dobes,2,0.0,5.0,25,31
2025020566,2025-12-21,20252026,REG,PIT,MTL,1,11.0,SO,15.0,4,3,30.0,6.0,A. Silovs,2,1.0,4.0,31,25
2025020567,2025-12-21,20252026,REG,NYR,NSH,0,19.0,REG,17.0,1,2,17.0,4.0,J. Quick,2,0.0,2.0,17,32
2025020567,2025-12-21,20252026,REG,NSH,NYR,1,16.0,REG,11.0,2,1,18.0,6.0,J. Annunen,2,0.0,6.0,32,17
2025020568,2025-12-21,20252026,REG,TOR,DAL,0,9.0,REG,24.0,1,5,24.0,6.0,D. Hildeby,2,0.0,3.0,28,22
2025020568,2025-12-21,20252026,REG,DAL,TOR,1,12.0,REG,10.0,5,1,11.0,8.0,J. Oettinger,2,0.0,6.0,22,28
2025020569,2025-12-21,20252026,REG,WPG,UTA,0,15.0,OT,11.0,3,4,27.0,6.0,C. Hellebuyck,2,1.0,6.0,26,22
2025020569,2025-12-21,20252026,REG,UTA,WPG,1,13.0,OT,13.0,4,3,16.0,6.0,K. Vejmelka,2,0.0,4.0,22,26
2025020570,2025-12-21,20252026,REG,VGK,EDM,0,13.0,REG,16.0,3,4,32.0,6.0,C. Hart,2,2.0,4.0,31,21
2025020570,2025-12-21,20252026,REG,EDM,VGK,1,16.0,REG,22.0,4,3,24.0,10.0,C. Ingram,2,2.0,2.0,21,31
2025020571,2025-12-22,20252026,REG,STL,TBL,0,16.0,REG,14.0,1,4,27.0,8.0,J. Binnington,2,0.0,4.0,24,17
2025020571,2025-12-22,20252026,REG,TBL,STL,1,15.0,REG,11.0,4,1,10.0,4.0,A. Vasilevskiy,2,2.0,6.0,17,24
2025020572,2025-12-22,20252026,REG,VAN,PHI,0,18.0,REG,12.0,2,5,33.0,2.0,T. Demko,2,0.0,3.0,25,39
2025020572,2025-12-22,20252026,REG,PHI,VAN,1,12.0,REG,12.0,5,2,14.0,4.0,D. Vladar,2,0.0,1.0,39,25
2025020573,2025-12-22,20252026,REG,SEA,ANA,0,13.0,REG,16.0,3,1,24.0,16.0,P. Grubauer,2,1.0,4.0,21,41
2025020573,2025-12-22,20252026,REG,ANA,SEA,1,12.0,REG,13.0,1,3,24.0,18.0,L. Dostal,2,0.0,7.0,41,21
2025020574,2025-12-22,20252026,REG,CBJ,LAK,0,12.0,REG,14.0,3,1,15.0,12.0,J. Greaves,2,3.0,6.0,30,24
2025020574,2025-12-22,20252026,REG,LAK,CBJ,1,10.0,REG,15.0,1,3,19.0,14.0,A. Forsberg,2,0.0,4.0,24,30
2025020575,2025-12-23,20252026,REG,PIT,TOR,0,7.0,REG,12.0,3,6,16.0,6.0,S. Skinner,2,0.0,7.0,32,31
2025020575,2025-12-23,20252026,REG,TOR,PIT,1,14.0,REG,19.0,6,3,19.0,6.0,J. Woll,2,0.0,6.0,31,32
2025020576,2025-12-23,20252026,REG,NYR,WSH,0,18.0,REG,13.0,7,3,18.0,6.0,I. Shesterkin,2,1.0,3.0,21,32
2025020576,2025-12-23,20252026,REG,WSH,NYR,1,17.0,REG,11.0,3,7,13.0,8.0,L. Thompson,2,1.0,2.0,32,21
2025020577,2025-12-23,20252026,REG,MTL,BOS,0,18.0,REG,11.0,6,2,23.0,32.0,J. Fowler,2,2.0,3.0,29,28
2025020577,2025-12-23,20252026,REG,BOS,MTL,1,16.0,REG,19.0,2,6,27.0,34.0,J. Swayman,2,1.0,7.0,28,29
2025020578,2025-12-23,20252026,REG,BUF,OTT,0,16.0,OT,10.0,3,2,15.0,8.0,A. Lyon,2,0.0,4.0,25,26
2025020578,2025-12-23,20252026,REG,OTT,BUF,1,9.0,OT,11.0,2,3,19.0,4.0,L. Ullmark,2,1.0,5.0,26,25
2025020579,2025-12-23,20252026,REG,DAL,DET,0,8.0,OT,15.0,3,4,20.0,4.0,C. DeSmith,2,2.0,4.0,22,25
2025020579,2025-12-23,20252026,REG,DET,DAL,1,16.0,OT,12.0,4,3,16.0,10.0,J. Gibson,2,2.0,4.0,25,22
2025020580,2025-12-23,20252026,REG,NJD,NYI,0,20.0,REG,14.0,1,2,15.0,0.0,J. Markstrom,2,0.0,1.0,32,25
2025020580,2025-12-23,20252026,REG,NYI,NJD,1,11.0,REG,13.0,2,1,26.0,0.0,D. Rittich,2,0.0,8.0,25,32
2025020581,2025-12-23,20252026,REG,FLA,CAR,0,11.0,REG,17.0,5,2,32.0,6.0,S. Bobrovsky,2,1.0,5.0,22,19
2025020581,2025-12-23,20252026,REG,CAR,FLA,1,12.0,REG,11.0,2,5,35.0,12.0,F. Andersen,2,0.0,5.0,19,22
2025020582,2025-12-23,20252026,REG,NSH,MIN,0,10.0,OT,13.0,3,2,22.0,8.0,J. Saros,2,2.0,5.0,29,32
2025020582,2025-12-23,20252026,REG,MIN,NSH,1,9.0,OT,13.0,2,3,27.0,10.0,F. Gustavsson,2,0.0,4.0,32,29
2025020583,2025-12-23,20252026,REG,PHI,CHI,0,16.0,REG,14.0,3,1,12.0,10.0,S. Ersson,2,1.0,4.0,26,21
2025020583,2025-12-23,20252026,REG,CHI,PHI,1,10.0,REG,17.0,1,3,17.0,8.0,S. Knight,2,0.0,0.0,21,26
2025020584,2025-12-23,20252026,REG,UTA,COL,0,19.0,REG,16.0,0,1,16.0,4.0,V. Vanecek,2,0.0,3.0,32,26
2025020584,2025-12-23,20252026,REG,COL,UTA,1,21.0,REG,20.0,1,0,20.0,6.0,S. Wedgewood,2,0.0,5.0,26,32
2025020585,2025-12-23,20252026,REG,CGY,EDM,0,13.0,REG,21.0,1,5,27.0,89.0,D. Wolf,2,0.0,5.0,19,39
2025020585,2025-12-23,20252026,REG,EDM,CGY,1,21.0,REG,14.0,5,1,14.0,65.0,C. Ingram,2,3.0,5.0,39,19
2025020586,2025-12-23,20252026,REG,SJS,VGK,0,6.0,REG,14.0,2,7,25.0,8.0,Y. Askarov,2,0.0,6.0,23,26
2025020586,2025-12-23,20252026,REG,VGK,SJS,1,9.0,REG,17.0,7,2,13.0,4.0,C. Hart,2,1.0,6.0,26,23
2025020587,2025-12-23,20252026,REG,SEA,LAK,0,19.0,REG,13.0,3,2,17.0,6.0,J. Daccord,2,1.0,6.0,28,37
2025020587,2025-12-23,20252026,REG,LAK,SEA,1,5.0,REG,15.0,2,3,25.0,4.0,P. Copley,2,0.0,5.0,37,28
2025020588,2025-12-27,20252026,REG,NYR,NYI,0,17.0,REG,9.0,0,2,24.0,12.0,I. Shesterkin,2,0.0,4.0,27,26
2025020588,2025-12-27,20252026,REG,NYI,NYR,1,19.0,REG,15.0,2,0,14.0,8.0,D. Rittich,2,0.0,9.0,26,27
2025020589,2025-12-27,20252026,REG,BOS,BUF,0,12.0,REG,15.0,1,4,27.0,6.0,J. Korpisalo,2,0.0,4.0,23,34
2025020589,2025-12-27,20252026,REG,BUF,BOS,1,13.0,REG,17.0,4,1,18.0,2.0,U. Luukkonen,2,0.0,8.0,34,23
2025020590,2025-12-27,20252026,REG,OTT,TOR,0,6.0,REG,17.0,5,7,30.0,8.0,L. Ullmark,2,0.0,4.0,31,33
2025020590,2025-12-27,20252026,REG,TOR,OTT,1,7.0,REG,17.0,7,5,32.0,4.0,J. Woll,2,2.0,6.0,33,31
2025020591,2025-12-27,20252026,REG,TBL,FLA,0,17.0,REG,7.0,4,2,32.0,87.0,A. Vasilevskiy,2,0.0,5.0,25,26
2025020591,2025-12-27,20252026,REG,FLA,TBL,1,9.0,REG,10.0,2,4,27.0,49.0,S. Bobrovsky,2,1.0,3.0,26,25
2025020592,2025-12-27,20252026,REG,WSH,NJD,0,21.0,OT,9.0,4,3,14.0,6.0,L. Thompson,2,0.0,4.0,33,38
2025020592,2025-12-27,20252026,REG,NJD,WSH,1,10.0,OT,15.0,3,4,17.0,4.0,J. Allen,2,1.0,8.0,38,33
2025020593,2025-12-27,20252026,REG,DET,CAR,0,17.0,REG,16.0,2,5,22.0,4.0,J. Gibson,2,1.0,2.0,20,38
2025020593,2025-12-27,20252026,REG,CAR,DET,1,6.0,REG,16.0,5,2,22.0,6.0,B. Bussi,2,0.0,8.0,38,20
2025020594,2025-12-27,20252026,REG,MIN,WPG,0,18.0,OT,17.0,4,3,19.0,11.0,J. Wallstedt,2,1.0,5.0,19,26
2025020594,2025-12-27,20252026,REG,WPG,MIN,1,15.0,OT,14.0,3,4,16.0,13.0,C. Hellebuyck,2,0.0,3.0,26,19
2025020595,2025-12-27,20252026,REG,NSH,STL,0,3.0,REG,11.0,2,3,17.0,4.0,J. Saros,2,0.0,3.0,32,20
2025020595,2025-12-27,20252026,REG,STL,NSH,1,19.0,REG,16.0,3,2,25.0,4.0,J. Hofer,2,1.0,5.0,20,32
2025020596,2025-12-27,20252026,REG,CHI,DAL,0,13.0,SO,12.0,4,3,29.0,6.0,A. Soderblom,2,0.0,6.0,33,31
2025020596,2025-12-27,20252026,REG,DAL,CHI,1,14.0,SO,18.0,3,4,16.0,4.0,J. Oettinger,2,0.0,5.0,31,33
2025020597,2025-12-27,20252026,REG,ANA,LAK,0,13.0,REG,17.0,1,6,16.0,12.0,L. Dostal,2,1.0,4.0,26,30
2025020597,2025-12-27,20252026,REG,LAK,ANA,1,16.0,REG,17.0,6,1,12.0,8.0,A. Forsberg,2,1.0,3.0,30,26
2025020598,2025-12-27,20252026,REG,EDM,CGY,0,21.0,REG,24.0,2,3,13.0,6.0,C. Ingram,2,1.0,7.0,31,32
2025020598,2025-12-27,20252026,REG,CGY,EDM,1,24.0,REG,16.0,3,2,29.0,8.0,D. Wolf,2,0.0,6.0,32,31
2025020599,2025-12-27,20252026,REG,SJS,VAN,0,13.0,REG,15.0,6,3,12.0,8.0,Y. Askarov,2,1.0,7.0,37,27
2025020599,2025-12-27,20252026,REG,VAN,SJS,1,9.0,REG,17.0,3,6,25.0,10.0,T. Demko,2,1.0,2.0,27,37
2025020600,2025-12-27,20252026,REG,COL,VGK,0,8.0,SO,15.0,6,5,16.0,4.0,S. Wedgewood,2,0.0,5.0,39,25
2025020600,2025-12-27,20252026,REG,VGK,COL,1,27.0,SO,18.0,5,6,21.0,2.0,C. Hart,2,0.0,5.0,25,39
2025020601,2025-12-28,20252026,REG,TOR,DET,0,11.0,OT,11.0,2,3,24.0,4.0,D. Hildeby,2,1.0,5.0,27,36
2025020601,2025-12-28,20252026,REG,DET,TOR,1,14.0,OT,14.0,3,2,12.0,6.0,C. Talbot,2,0.0,4.0,36,27
2025020602,2025-12-28,20252026,REG,MTL,TBL,0,11.0,SO,12.0,4,5,26.0,7.0,J. Fowler,2,0.0,8.0,35,21
2025020602,2025-12-28,20252026,REG,TBL,MTL,1,23.0,SO,18.0,5,4,17.0,13.0,J. Johansson,2,0.0,3.0,21,35
2025020603,2025-12-28,20252026,REG,NYI,CBJ,0,20.0,REG,12.0,2,4,15.0,21.0,D. Rittich,2,0.0,5.0,26,35
2025020603,2025-12-28,20252026,REG,CBJ,NYI,1,17.0,REG,20.0,4,2,25.0,8.0,J. Greaves,2,0.0,4.0,35,26
2025020604,2025-12-28,20252026,REG,PIT,CHI,0,17.0,REG,19.0,7,3,17.0,11.0,A. Silovs,2,1.0,6.0,24,24
2025020604,2025-12-28,20252026,REG,CHI,PIT,1,4.0,REG,15.0,3,7,26.0,7.0,S. Knight,2,0.0,4.0,24,24
2025020605,2025-12-28,20252026,REG,PHI,SEA,0,16.0,REG,13.0,1,4,16.0,0.0,D. Vladar,2,0.0,4.0,33,20
2025020605,2025-12-28,20252026,REG,SEA,PHI,1,17.0,REG,17.0,4,1,18.0,4.0,P. Grubauer,2,0.0,3.0,20,33
2025020606,2025-12-29,20252026,REG,CBJ,OTT,0,16.0,REG,20.0,4,1,23.0,13.0,J. Greaves,2,0.0,5.0,22,28
2025020606,2025-12-29,20252026,REG,OTT,CBJ,1,10.0,REG,14.0,1,4,18.0,11.0,L. Meriläinen,2,0.0,3.0,28,22
2025020607,2025-12-29,20252026,REG,WSH,FLA,0,21.0,REG,14.0,3,5,19.0,12.0,L. Thompson,2,1.0,6.0,27,29
2025020607,2025-12-29,20252026,REG,FLA,WSH,1,6.0,REG,16.0,5,3,16.0,12.0,S. Bobrovsky,2,1.0,4.0,29,27
2025020608,2025-12-29,20252026,REG,NYR,CAR,0,18.0,OT,14.0,2,3,23.0,8.0,I. Shesterkin,2,1.0,4.0,20,35
2025020608,2025-12-29,20252026,REG,CAR,NYR,1,11.0,OT,16.0,3,2,25.0,4.0,B. Bussi,2,2.0,5.0,35,20
2025020609,2025-12-29,20252026,REG,EDM,WPG,0,17.0,REG,21.0,3,1,22.0,11.0,C. Pickard,2,1.0,9.0,21,42
2025020609,2025-12-29,20252026,REG,WPG,EDM,1,8.0,REG,13.0,1,3,32.0,7.0,C. Hellebuyck,2,0.0,3.0,42,21
2025020610,2025-12-29,20252026,REG,BUF,STL,0,11.0,REG,12.0,4,2,18.0,2.0,A. Lyon,2,0.0,5.0,34,18
2025020610,2025-12-29,20252026,REG,STL,BUF,1,18.0,REG,15.0,2,4,27.0,6.0,J. Hofer,2,0.0,3.0,18,34
2025020611,2025-12-29,20252026,REG,LAK,COL,0,11.0,REG,17.0,2,5,29.0,8.0,A. Forsberg,2,1.0,4.0,25,26
2025020611,2025-12-29,20252026,REG,COL,LAK,1,9.0,REG,17.0,5,2,18.0,6.0,M. Blackwood,2,0.0,3.0,26,25
2025020612,2025-12-29,20252026,REG,NSH,UTA,0,19.0,REG,10.0,4,3,16.0,8.0,J. Saros,2,1.0,4.0,26,31
2025020612,2025-12-29,20252026,REG,UTA,NSH,1,16.0,REG,15.0,3,4,16.0,4.0,V. Vanecek,2,1.0,3.0,31,26
2025020613,2025-12-29,20252026,REG,BOS,CGY,0,17.0,OT,17.0,1,2,18.0,10.0,J. Swayman,2,0.0,11.0,26,20
2025020613,2025-12-29,20252026,REG,CGY,BOS,1,14.0,OT,13.0,2,1,21.0,4.0,D. Wolf,2,1.0,4.0,20,26
2025020614,2025-12-29,20252026,REG,MIN,VGK,0,20.0,REG,15.0,5,2,17.0,4.0,F. Gustavsson,2,0.0,4.0,27,16
2025020614,2025-12-29,20252026,REG,VGK,MIN,1,13.0,REG,13.0,2,5,30.0,15.0,C. Hart,2,0.0,4.0,16,27
2025020615,2025-12-29,20252026,REG,SJS,ANA,0,19.0,REG,16.0,5,4,17.0,6.0,Y. Askarov,2,0.0,4.0,13,42
2025020615,2025-12-29,20252026,REG,ANA,SJS,1,11.0,REG,16.0,4,5,18.0,4.0,L. Dostal,2,0.0,7.0,42,13
2025020616,2025-12-29,20252026,REG,VAN,SEA,0,15.0,SO,12.0,3,2,22.0,15.0,K. Lankinen,2,0.0,5.0,24,39
2025020616,2025-12-29,20252026,REG,SEA,VAN,1,17.0,SO,14.0,2,3,21.0,9.0,J. Daccord,2,1.0,3.0,39,24
2025020617,2025-12-30,20252026,REG,NJD,TOR,0,11.0,REG,15.0,0,4,18.0,11.0,J. Markstrom,2,0.0,5.0,33,30
2025020617,2025-12-30,20252026,REG,TOR,NJD,1,16.0,REG,9.0,4,0,18.0,11.0,J. Woll,2,1.0,2.0,30,33
2025020618,2025-12-30,20252026,REG,MTL,FLA,0,18.0,OT,12.0,3,2,16.0,8.0,S. Montembeault,2,1.0,7.0,29,30
2025020618,2025-12-30,20252026,REG,FLA,MTL,1,11.0,OT,8.0,2,3,30.0,8.0,D. Tarasov,2,1.0,1.0,30,29
2025020619,2025-12-30,20252026,REG,CAR,PIT,0,15.0,REG,21.0,1,5,21.0,4.0,F. Andersen,2,0.0,4.0,28,28
2025020619,2025-12-30,20252026,REG,PIT,CAR,1,19.0,REG,15.0,5,1,15.0,0.0,S. Skinner,2,1.0,7.0,28,28
2025020620,2025-12-30,20252026,REG,NYI,CHI,0,9.0,SO,24.0,3,2,28.0,6.0,D. Rittich,2,1.0,6.0,21,19
2025020620,2025-12-30,20252026,REG,CHI,NYI,1,16.0,SO,11.0,2,3,23.0,8.0,S. Knight,2,1.0,5.0,19,21
2025020621,2025-12-30,20252026,REG,PHI,VAN,0,15.0,REG,16.0,6,3,26.0,15.0,D. Vladar,2,0.0,3.0,33,35
2025020621,2025-12-30,20252026,REG,VAN,PHI,1,16.0,REG,19.0,3,6,29.0,9.0,T. Demko,2,0.0,5.0,35,33
2025020622,2025-12-31,20252026,REG,NYR,WSH,0,27.0,REG,17.0,3,6,21.0,11.0,J. Quick,2,1.0,5.0,25,27
2025020622,2025-12-31,20252026,REG,WSH,NYR,1,21.0,REG,15.0,6,3,21.0,7.0,C. Lindgren,2,1.0,5.0,27,25
2025020623,2025-12-31,20252026,REG,NSH,VGK,0,18.0,REG,12.0,4,2,26.0,6.0,J. Annunen,2,2.0,7.0,19,31
2025020623,2025-12-31,20252026,REG,VGK,NSH,1,11.0,REG,17.0,2,4,26.0,18.0,A. Schmid,2,1.0,4.0,31,19
2025020624,2025-12-31,20252026,REG,TBL,ANA,0,12.0,OT,15.0,4,3,19.0,6.0,A. Vasilevskiy,2,1.0,6.0,29,28
2025020624,2025-12-31,20252026,REG,ANA,TBL,1,12.0,OT,21.0,3,4,13.0,6.0,L. Dostal,2,1.0,6.0,28,29
2025020625,2025-12-31,20252026,REG,MIN,SJS,0,13.0,SO,14.0,3,4,19.0,2.0,J. Wallstedt,2,0.0,3.0,23,28
2025020625,2025-12-31,20252026,REG,SJS,MIN,1,22.0,SO,19.0,4,3,19.0,2.0,Y. Askarov,2,1.0,5.0,28,23
2025020626,2025-12-31,20252026,REG,WPG,DET,0,11.0,REG,13.0,1,2,24.0,6.0,C. Hellebuyck,2,0.0,6.0,24,19
2025020626,2025-12-31,20252026,REG,DET,WPG,1,20.0,REG,12.0,2,1,14.0,6.0,J. Gibson,2,1.0,4.0,19,24
2025020627,2025-12-31,20252026,REG,NJD,CBJ,0,10.0,REG,14.0,3,2,17.0,11.0,J. Allen,2,1.0,5.0,33,35
2025020627,2025-12-31,20252026,REG,CBJ,NJD,1,11.0,REG,18.0,2,3,26.0,7.0,J. Greaves,2,0.0,8.0,35,33
2025020628,2025-12-31,20252026,REG,BUF,DAL,0,9.0,REG,13.0,4,1,24.0,4.0,U. Luukkonen,2,0.0,4.0,31,29
2025020628,2025-12-31,20252026,REG,DAL,BUF,1,12.0,REG,12.0,1,4,15.0,4.0,C. DeSmith,2,0.0,3.0,29,31
2025020629,2025-12-31,20252026,REG,STL,COL,0,24.0,REG,20.0,1,6,22.0,6.0,J. Binnington,2,0.0,4.0,13,43
2025020629,2025-12-31,20252026,REG,COL,STL,1,7.0,REG,12.0,6,1,6.0,6.0,M. Blackwood,2,1.0,5.0,43,13
2025020630,2025-12-31,20252026,REG,PHI,CGY,0,18.0,REG,13.0,1,5,23.0,8.0,S. Ersson,2,0.0,6.0,26,26
2025020630,2025-12-31,20252026,REG,CGY,PHI,1,15.0,REG,10.0,5,1,15.0,6.0,D. Wolf,2,2.0,7.0,26,26
2025020631,2025-12-31,20252026,REG,BOS,EDM,0,13.0,REG,13.0,6,2,14.0,47.0,J. Swayman,2,1.0,6.0,29,36
2025020631,2025-12-31,20252026,REG,EDM,BOS,1,14.0,REG,16.0,2,6,18.0,41.0,C. Ingram,2,0.0,4.0,36,29
2025020632,2026-01-01,20252026,REG,WSH,OTT,0,19.0,REG,9.0,3,4,15.0,17.0,L. Thompson,2,1.0,5.0,29,32
2025020632,2026-01-01,20252026,REG,OTT,WSH,1,14.0,REG,17.0,4,3,32.0,17.0,L. Meriläinen,2,0.0,6.0,32,29
2025020633,2026-01-01,20252026,REG,UTA,NYI,0,14.0,REG,18.0,7,2,16.0,10.0,K. Vejmelka,2,2.0,3.0,21,22
2025020633,2026-01-01,20252026,REG,NYI,UTA,1,13.0,REG,9.0,2,7,13.0,8.0,D. Rittich,2,1.0,6.0,22,21
2025020634,2026-01-01,20252026,REG,WPG,TOR,0,12.0,REG,14.0,5,6,17.0,2.0,E. Comrie,2,1.0,4.0,40,30
2025020634,2026-01-01,20252026,REG,TOR,WPG,1,11.0,REG,15.0,6,5,23.0,4.0,J. Woll,2,1.0,6.0,30,40
2025020635,2026-01-01,20252026,REG,DET,PIT,0,17.0,OT,9.0,3,4,21.0,6.0,C. Talbot,2,2.0,4.0,27,31
2025020635,2026-01-01,20252026,REG,PIT,DET,1,18.0,OT,11.0,4,3,15.0,16.0,A. Silovs,2,1.0,4.0,31,27
2025020636,2026-01-01,20252026,REG,MTL,CAR,0,15.0,REG,16.0,7,5,26.0,6.0,J. Dobes,2,0.0,4.0,23,25
2025020636,2026-01-01,20252026,REG,CAR,MTL,1,10.0,REG,19.0,5,7,18.0,2.0,B. Bussi,2,2.0,9.0,25,23
2025020637,2026-01-01,20252026,REG,DAL,CHI,0,16.0,REG,17.0,3,4,29.0,8.0,J. Oettinger,2,0.0,4.0,25,21
2025020637,2026-01-01,20252026,REG,CHI,DAL,1,17.0,REG,14.0,4,3,20.0,2.0,S. Knight,2,2.0,7.0,21,25
2025020638,2026-01-01,20252026,REG,NSH,SEA,0,16.0,REG,19.0,1,4,23.0,2.0,J. Saros,2,1.0,6.0,25,23
2025020638,2026-01-01,20252026,REG,SEA,NSH,1,21.0,REG,16.0,4,1,20.0,4.0,P. Grubauer,2,0.0,4.0,23,25
2025020639,2026-01-01,20252026,REG,TBL,LAK,0,12.0,REG,10.0,5,3,22.0,11.0,J. Johansson,2,1.0,2.0,24,20
2025020639,2026-01-01,20252026,REG,LAK,TBL,1,21.0,REG,19.0,3,5,20.0,9.0,D. Kuemper,2,2.0,6.0,20,24
2025020640,2026-01-02,20252026,REG,VGK,STL,0,14.0,REG,16.0,3,4,21.0,4.0,C. Hart,2,0.0,6.0,25,19
2025020640,2026-01-02,20252026,REG,STL,VGK,1,9.0,REG,18.0,4,3,19.0,4.0,J. Hofer,2,0.0,6.0,19,25
2025020641,2026-01-02,20252026,REG,NYR,FLA,0,27.0,REG,9.0,5,1,20.0,12.0,I. Shesterkin,2,2.0,3.0,20,37
2025020641,2026-01-02,20252026,REG,FLA,NYR,1,11.0,REG,10.0,1,5,38.0,6.0,S. Bobrovsky,2,1.0,5.0,37,20
2025020642,2026-01-02,20252026,REG,SEA,VAN,0,20.0,SO,18.0,4,3,13.0,6.0,J. Daccord,2,1.0,5.0,28,24
2025020642,2026-01-02,20252026,REG,VAN,SEA,1,6.0,SO,22.0,3,4,26.0,4.0,T. Demko,2,2.0,5.0,24,28
2025020643,2026-01-02,20252026,REG,MIN,ANA,0,18.0,REG,15.0,5,2,11.0,2.0,F. Gustavsson,2,1.0,2.0,34,28
2025020643,2026-01-02,20252026,REG,ANA,MIN,1,20.0,REG,22.0,2,5,22.0,8.0,L. Dostal,2,0.0,6.0,28,34
2025020644,2026-01-03,20252026,REG,PIT,DET,0,13.0,REG,16.0,4,1,20.0,4.0,S. Skinner,2,0.0,8.0,31,12
2025020644,2026-01-03,20252026,REG,DET,PIT,1,12.0,REG,18.0,1,4,21.0,4.0,J. Gibson,2,0.0,2.0,12,31
2025020645,2026-01-03,20252026,REG,UTA,NJD,0,8.0,REG,12.0,1,4,28.0,6.0,K. Vejmelka,2,0.0,4.0,31,30
2025020645,2026-01-03,20252026,REG,NJD,UTA,1,14.0,REG,15.0,4,1,24.0,4.0,J. Markstrom,2,1.0,5.0,30,31
2025020646,2026-01-03,20252026,REG,BUF,CBJ,0,15.0,REG,20.0,1,5,15.0,6.0,U. Luukkonen,2,0.0,2.0,33,35
2025020646,2026-01-03,20252026,REG,CBJ,BUF,1,13.0,REG,14.0,5,1,23.0,14.0,J. Greaves,2,0.0,5.0,35,33
2025020647,2026-01-03,20252026,REG,PHI,EDM,0,15.0,REG,11.0,5,2,15.0,11.0,D. Vladar,2,0.0,3.0,29,25
2025020647,2026-01-03,20252026,REG,EDM,PHI,1,18.0,REG,15.0,2,5,12.0,9.0,C. Pickard,2,1.0,5.0,25,29
2025020648,2026-01-03,20252026,REG,MTL,STL,0,10.0,REG,14.0,0,2,15.0,4.0,J. Fowler,2,0.0,5.0,26,19
2025020648,2026-01-03,20252026,REG,STL,MTL,1,17.0,REG,16.0,2,0,16.0,8.0,J. Binnington,2,0.0,4.0,19,26
2025020649,2026-01-03,20252026,REG,TBL,SJS,0,8.0,REG,18.0,7,3,8.0,16.0,A. Vasilevskiy,2,3.0,2.0,26,22
2025020649,2026-01-03,20252026,REG,SJS,TBL,1,17.0,REG,13.0,3,7,23.0,30.0,Y. Askarov,2,1.0,7.0,22,26
2025020650,2026-01-03,20252026,REG,WPG,OTT,0,7.0,REG,8.0,2,4,18.0,10.0,C. Hellebuyck,2,0.0,7.0,23,27
2025020650,2026-01-03,20252026,REG,OTT,WPG,1,19.0,REG,10.0,4,2,20.0,18.0,L. Meriläinen,2,2.0,5.0,27,23
2025020651,2026-01-03,20252026,REG,TOR,NYI,0,11.0,OT,17.0,3,4,19.0,4.0,J. Woll,2,0.0,2.0,21,25
2025020651,2026-01-03,20252026,REG,NYI,TOR,1,11.0,OT,16.0,4,3,21.0,4.0,D. Rittich,2,0.0,6.0,25,21
2025020652,2026-01-03,20252026,REG,CHI,WSH,0,9.0,SO,19.0,3,2,11.0,2.0,S. Knight,2,1.0,9.0,33,34
2025020652,2026-01-03,20252026,REG,WSH,CHI,1,19.0,SO,16.0,2,3,23.0,4.0,L. Thompson,2,0.0,2.0,34,33
2025020653,2026-01-03,20252026,REG,COL,CAR,0,10.0,REG,13.0,5,3,19.0,6.0,S. Wedgewood,2,2.0,5.0,34,28
2025020653,2026-01-03,20252026,REG,CAR,COL,1,15.0,REG,15.0,3,5,18.0,10.0,F. Andersen,2,1.0,2.0,28,34
2025020654,2026-01-03,20252026,REG,NSH,CGY,0,15.0,REG,20.0,4,3,23.0,28.0,J. Saros,2,0.0,7.0,36,23
2025020654,2026-01-03,20252026,REG,CGY,NSH,1,12.0,REG,15.0,3,4,26.0,26.0,D. Wolf,2,0.0,4.0,23,36
2025020655,2026-01-03,20252026,REG,MIN,LAK,0,21.0,SO,16.0,4,5,17.0,6.0,J. Wallstedt,2,1.0,5.0,28,38
2025020655,2026-01-03,20252026,REG,LAK,MIN,1,18.0,SO,19.0,5,4,15.0,8.0,D. Kuemper,2,1.0,4.0,38,28
2025020656,2026-01-03,20252026,REG,BOS,VAN,0,17.0,OT,15.0,3,2,16.0,12.0,J. Swayman,2,2.0,3.0,22,34
2025020656,2026-01-03,20252026,REG,VAN,BOS,1,12.0,OT,13.0,2,3,32.0,6.0,K. Lankinen,2,1.0,6.0,34,22
2025020657,2026-01-04,20252026,REG,MTL,DAL,0,13.0,OT,14.0,4,3,30.0,4.0,S. Montembeault,2,1.0,3.0,28,27
2025020657,2026-01-04,20252026,REG,DAL,MTL,1,16.0,OT,15.0,3,4,15.0,10.0,J. Oettinger,2,0.0,7.0,27,28
2025020658,2026-01-04,20252026,REG,PIT,CBJ,0,14.0,OT,14.0,5,4,14.0,0.0,A. Silovs,2,1.0,5.0,43,25
2025020658,2026-01-04,20252026,REG,CBJ,PIT,1,19.0,OT,19.0,4,5,22.0,6.0,J. Greaves,2,0.0,7.0,25,43
2025020659,2026-01-04,20252026,REG,COL,FLA,0,8.0,REG,19.0,1,2,15.0,6.0,S. Wedgewood,2,0.0,4.0,28,25
2025020659,2026-01-04,20252026,REG,FLA,COL,1,9.0,REG,15.0,2,1,25.0,8.0,D. Tarasov,2,0.0,7.0,25,28
2025020660,2026-01-04,20252026,REG,CAR,NJD,0,18.0,REG,18.0,3,1,16.0,10.0,B. Bussi,2,0.0,6.0,29,29
2025020660,2026-01-04,20252026,REG,NJD,CAR,1,9.0,REG,12.0,1,3,22.0,6.0,J. Allen,2,0.0,3.0,29,29
2025020661,2026-01-04,20252026,REG,VGK,CHI,0,19.0,OT,14.0,2,3,34.0,4.0,A. Schmid,2,0.0,2.0,15,20
2025020661,2026-01-04,20252026,REG,CHI,VGK,1,8.0,OT,16.0,3,2,15.0,2.0,A. Soderblom,2,0.0,7.0,20,15
2025020662,2026-01-05,20252026,REG,UTA,NYR,0,9.0,OT,14.0,3,2,18.0,10.0,K. Vejmelka,2,0.0,7.0,27,24
2025020662,2026-01-05,20252026,REG,NYR,UTA,1,14.0,OT,16.0,2,3,38.0,2.0,I. Shesterkin,2,2.0,5.0,24,27
2025020663,2026-01-05,20252026,REG,ANA,WSH,0,7.0,REG,12.0,4,7,13.0,14.0,P. Mrazek,2,0.0,6.0,45,29
2025020663,2026-01-05,20252026,REG,WSH,ANA,1,22.0,REG,11.0,7,4,20.0,16.0,C. Lindgren,2,0.0,3.0,29,45
2025020664,2026-01-05,20252026,REG,DET,OTT,0,11.0,REG,12.0,5,3,13.0,12.0,J. Gibson,2,1.0,4.0,21,37
2025020664,2026-01-05,20252026,REG,OTT,DET,1,12.0,REG,18.0,3,5,20.0,8.0,L. Meriläinen,2,1.0,5.0,37,21
2025020665,2026-01-05,20252026,REG,SEA,CGY,0,14.0,REG,16.0,5,1,20.0,2.0,P. Grubauer,2,0.0,2.0,28,42
2025020665,2026-01-05,20252026,REG,CGY,SEA,1,12.0,REG,20.0,1,5,35.0,2.0,D. Wolf,2,0.0,6.0,42,28
2025020666,2026-01-05,20252026,REG,MIN,LAK,0,19.0,REG,14.0,2,4,22.0,4.0,F. Gustavsson,2,1.0,7.0,35,33
2025020666,2026-01-05,20252026,REG,LAK,MIN,1,16.0,REG,20.0,4,2,10.0,14.0,D. Kuemper,2,0.0,5.0,33,35
2025020667,2026-01-06,20252026,REG,VAN,BUF,0,8.0,REG,16.0,3,5,17.0,2.0,T. Demko,2,1.0,4.0,37,20
2025020667,2026-01-06,20252026,REG,BUF,VAN,1,14.0,REG,15.0,5,3,16.0,8.0,U. Luukkonen,2,0.0,5.0,20,37
2025020668,2026-01-06,20252026,REG,COL,TBL,0,19.0,REG,19.0,2,4,20.0,6.0,S. Wedgewood,2,0.0,4.0,33,28
2025020668,2026-01-06,20252026,REG,TBL,COL,1,16.0,REG,12.0,4,2,21.0,18.0,A. Vasilevskiy,2,1.0,5.0,28,33
2025020669,2026-01-06,20252026,REG,NJD,NYI,0,5.0,REG,20.0,0,9,18.0,0.0,J. Markstrom,2,0.0,5.0,44,24
2025020669,2026-01-06,20252026,REG,NYI,NJD,1,17.0,REG,11.0,9,0,16.0,6.0,I. Sorokin,2,0.0,3.0,24,44
2025020670,2026-01-06,20252026,REG,ANA,PHI,0,15.0,REG,15.0,2,5,19.0,37.0,L. Dostal,2,2.0,2.0,18,39
2025020670,2026-01-06,20252026,REG,PHI,ANA,1,23.0,REG,18.0,5,2,22.0,26.0,D. Vladar,2,1.0,7.0,39,18
2025020671,2026-01-06,20252026,REG,DAL,CAR,0,10.0,REG,13.0,3,6,29.0,10.0,J. Oettinger,2,2.0,5.0,23,33
2025020671,2026-01-06,20252026,REG,CAR,DAL,1,12.0,REG,19.0,6,3,28.0,6.0,B. Bussi,2,2.0,6.0,33,23
2025020672,2026-01-06,20252026,REG,FLA,TOR,0,10.0,REG,12.0,1,4,31.0,9.0,S. Bobrovsky,2,0.0,8.0,32,23
2025020672,2026-01-06,20252026,REG,TOR,FLA,1,18.0,REG,14.0,4,1,21.0,11.0,J. Woll,2,0.0,2.0,23,32
2025020673,2026-01-06,20252026,REG,VGK,WPG,0,10.0,OT,13.0,4,3,27.0,9.0,C. Hart,2,2.0,5.0,31,20
2025020673,2026-01-06,20252026,REG,WPG,VGK,1,18.0,OT,13.0,3,4,25.0,13.0,C. Hellebuyck,2,0.0,3.0,20,31
2025020674,2026-01-06,20252026,REG,NSH,EDM,0,13.0,REG,17.0,2,6,17.0,4.0,J. Saros,2,0.0,6.0,26,43
2025020674,2026-01-06,20252026,REG,EDM,NSH,1,16.0,REG,16.0,6,2,15.0,4.0,C. Ingram,2,1.0,7.0,43,26
2025020675,2026-01-06,20252026,REG,CBJ,SJS,0,16.0,REG,12.0,2,5,12.0,15.0,J. Greaves,2,0.0,3.0,36,36
2025020675,2026-01-06,20252026,REG,SJS,CBJ,1,15.0,REG,11.0,5,2,20.0,11.0,A. Nedeljkovic,2,1.0,7.0,36,36
2025020676,2026-01-06,20252026,REG,BOS,SEA,0,13.0,REG,13.0,4,7,24.0,6.0,J. Swayman,2,1.0,3.0,36,27
2025020676,2026-01-06,20252026,REG,SEA,BOS,1,17.0,REG,20.0,7,4,12.0,4.0,J. Daccord,2,3.0,9.0,27,36
2025020677,2026-01-07,20252026,REG,DAL,WSH,0,11.0,REG,13.0,4,1,16.0,11.0,C. DeSmith,2,0.0,3.0,36,24
2025020677,2026-01-07,20252026,REG,WSH,DAL,1,16.0,REG,24.0,1,4,22.0,11.0,L. Thompson,2,0.0,6.0,24,36
2025020678,2026-01-07,20252026,REG,CGY,MTL,0,13.0,REG,13.0,1,4,15.0,2.0,D. Wolf,2,0.0,5.0,29,36
2025020678,2026-01-07,20252026,REG,MTL,CGY,1,19.0,REG,11.0,4,1,24.0,8.0,J. Fowler,2,0.0,4.0,36,29
2025020679,2026-01-07,20252026,REG,STL,CHI,0,7.0,REG,13.0,3,7,25.0,6.0,J. Binnington,2,0.0,4.0,30,35
2025020679,2026-01-07,20252026,REG,CHI,STL,1,16.0,REG,16.0,7,3,19.0,20.0,S. Knight,2,3.0,7.0,35,30
2025020680,2026-01-07,20252026,REG,OTT,UTA,0,13.0,REG,16.0,1,3,26.0,6.0,L. Meriläinen,2,0.0,2.0,33,21
2025020680,2026-01-07,20252026,REG,UTA,OTT,1,20.0,REG,20.0,3,1,20.0,6.0,K. Vejmelka,2,0.0,5.0,21,33
2025020681,2026-01-07,20252026,REG,SJS,LAK,0,17.0,OT,17.0,4,3,21.0,6.0,Y. Askarov,2,2.0,8.0,28,26
2025020681,2026-01-07,20252026,REG,LAK,SJS,1,14.0,OT,17.0,3,4,12.0,8.0,D. Kuemper,2,0.0,3.0,26,28
2025020682,2026-01-08,20252026,REG,CGY,BOS,0,19.0,REG,15.0,1,4,27.0,6.0,D. Wolf,2,0.0,8.0,29,30
2025020682,2026-01-08,20252026,REG,BOS,CGY,1,17.0,REG,19.0,4,1,23.0,6.0,J. Korpisalo,2,0.0,3.0,30,29
2025020683,2026-01-08,20252026,REG,FLA,MTL,0,11.0,REG,18.0,2,6,18.0,24.0,S. Bobrovsky,2,0.0,4.0,27,19
2025020683,2026-01-08,20252026,REG,MTL,FLA,1,20.0,REG,9.0,6,2,18.0,22.0,S. Montembeault,2,0.0,7.0,19,27
2025020684,2026-01-08,20252026,REG,VAN,DET,0,14.0,REG,17.0,1,5,24.0,6.0,K. Lankinen,2,1.0,3.0,24,25
2025020684,2026-01-08,20252026,REG,DET,VAN,1,27.0,REG,17.0,5,1,13.0,4.0,J. Gibson,2,1.0,5.0,25,24
2025020685,2026-01-08,20252026,REG,BUF,NYR,0,20.0,REG,17.0,5,2,16.0,6.0,C. Ellis,2,1.0,9.0,21,32
2025020685,2026-01-08,20252026,REG,NYR,BUF,1,12.0,REG,13.0,2,5,32.0,4.0,J. Quick,2,0.0,5.0,32,21
2025020686,2026-01-08,20252026,REG,TOR,PHI,0,13.0,OT,16.0,2,1,20.0,6.0,D. Hildeby,2,0.0,6.0,23,23
2025020686,2026-01-08,20252026,REG,PHI,TOR,1,11.0,OT,8.0,1,2,25.0,4.0,D. Vladar,2,0.0,5.0,23,23
2025020687,2026-01-08,20252026,REG,NJD,PIT,0,19.0,REG,18.0,1,4,25.0,6.0,J. Allen,2,1.0,6.0,29,29
2025020687,2026-01-08,20252026,REG,PIT,NJD,1,16.0,REG,22.0,4,1,10.0,4.0,S. Skinner,2,1.0,5.0,29,29
2025020688,2026-01-08,20252026,REG,ANA,CAR,0,20.0,REG,17.0,2,5,25.0,14.0,V. Husso,2,0.0,4.0,13,35
2025020688,2026-01-08,20252026,REG,CAR,ANA,1,8.0,REG,21.0,5,2,16.0,6.0,F. Andersen,2,0.0,6.0,35,13
2025020689,2026-01-08,20252026,REG,NYI,NSH,0,23.0,SO,22.0,1,2,20.0,8.0,D. Rittich,2,0.0,4.0,31,27
2025020689,2026-01-08,20252026,REG,NSH,NYI,1,16.0,SO,15.0,2,1,19.0,10.0,J. Saros,2,0.0,8.0,27,31
2025020690,2026-01-08,20252026,REG,EDM,WPG,0,8.0,REG,16.0,4,3,9.0,9.0,C. Pickard,2,1.0,2.0,30,16
2025020690,2026-01-08,20252026,REG,WPG,EDM,1,9.0,REG,15.0,3,4,24.0,9.0,C. Hellebuyck,2,0.0,5.0,16,30
2025020691,2026-01-08,20252026,REG,OTT,COL,0,14.0,REG,7.0,2,8,38.0,42.0,L. Meriläinen,2,0.0,5.0,31,34
2025020691,2026-01-08,20252026,REG,COL,OTT,1,21.0,REG,9.0,8,2,12.0,16.0,S. Wedgewood,2,2.0,4.0,34,31
2025020692,2026-01-08,20252026,REG,CBJ,VGK,0,12.0,REG,18.0,3,5,28.0,4.0,J. Greaves,2,0.0,4.0,25,26
2025020692,2026-01-08,20252026,REG,VGK,CBJ,1,20.0,REG,15.0,5,3,19.0,2.0,C. Hart,2,1.0,8.0,26,25
2025020693,2026-01-08,20252026,REG,MIN,SEA,0,9.0,OT,14.0,3,2,16.0,6.0,J. Wallstedt,2,0.0,6.0,34,28
2025020693,2026-01-08,20252026,REG,SEA,MIN,1,19.0,OT,12.0,2,3,13.0,2.0,P. Grubauer,2,1.0,5.0,28,34
2025020694,2026-01-09,20252026,REG,WSH,CHI,0,9.0,REG,16.0,5,1,13.0,8.0,L. Thompson,2,0.0,5.0,24,24
2025020694,2026-01-09,20252026,REG,CHI,WSH,1,6.0,REG,19.0,1,5,23.0,6.0,D. Commesso,2,1.0,5.0,24,24
2025020695,2026-01-09,20252026,REG,LAK,WPG,0,12.0,REG,8.0,1,5,22.0,4.0,D. Kuemper,2,0.0,7.0,24,20
2025020695,2026-01-09,20252026,REG,WPG,LAK,1,22.0,REG,16.0,5,1,23.0,4.0,E. Comrie,2,1.0,2.0,20,24
2025020696,2026-01-09,20252026,REG,STL,UTA,0,19.0,REG,14.0,2,4,28.0,20.0,J. Hofer,2,0.0,2.0,28,23
2025020696,2026-01-09,20252026,REG,UTA,STL,1,15.0,REG,10.0,4,2,14.0,22.0,K. Vejmelka,2,1.0,6.0,23,28
2025020697,2026-01-10,20252026,REG,NYR,BOS,0,9.0,REG,20.0,2,10,27.0,18.0,J. Quick,2,1.0,5.0,29,34
2025020697,2026-01-10,20252026,REG,BOS,NYR,1,14.0,REG,11.0,10,2,29.0,26.0,J. Swayman,2,1.0,4.0,34,29
2025020698,2026-01-10,20252026,REG,CGY,PIT,0,18.0,REG,14.0,2,1,17.0,8.0,D. Cooley,2,0.0,3.0,25,28
2025020698,2026-01-10,20252026,REG,PIT,CGY,1,17.0,REG,15.0,1,2,15.0,10.0,A. Silovs,2,0.0,1.0,28,25
2025020699,2026-01-10,20252026,REG,CBJ,COL,0,22.0,REG,14.0,0,4,18.0,4.0,E. Merzlikins,2,0.0,2.0,29,31
2025020699,2026-01-10,20252026,REG,COL,CBJ,1,17.0,REG,10.0,4,0,6.0,4.0,T. Miner,2,0.0,3.0,31,29
2025020700,2026-01-10,20252026,REG,DAL,SJS,0,14.0,OT,15.0,4,5,12.0,12.0,C. DeSmith,2,0.0,5.0,20,31
2025020700,2026-01-10,20252026,REG,SJS,DAL,1,11.0,OT,18.0,5,4,21.0,4.0,A. Nedeljkovic,2,4.0,4.0,31,20
2025020701,2026-01-10,20252026,REG,ANA,BUF,0,7.0,REG,19.0,3,5,29.0,13.0,L. Dostal,2,0.0,4.0,36,32
2025020701,2026-01-10,20252026,REG,BUF,ANA,1,22.0,REG,19.0,5,3,10.0,13.0,U. Luukkonen,2,0.0,4.0,32,36
2025020702,2026-01-10,20252026,REG,VAN,TOR,0,10.0,REG,17.0,0,5,19.0,15.0,T. Demko,2,0.0,7.0,29,24
2025020702,2026-01-10,20252026,REG,TOR,VAN,1,20.0,REG,16.0,5,0,15.0,15.0,J. Woll,2,2.0,4.0,24,29
2025020703,2026-01-10,20252026,REG,DET,MTL,0,16.0,REG,7.0,4,0,14.0,2.0,J. Gibson,2,1.0,1.0,24,27
2025020703,2026-01-10,20252026,REG,MTL,DET,1,17.0,REG,12.0,0,4,27.0,8.0,J. Fowler,2,0.0,9.0,27,24
2025020704,2026-01-10,20252026,REG,FLA,OTT,0,6.0,REG,12.0,3,2,24.0,12.0,S. Bobrovsky,2,2.0,6.0,21,19
2025020704,2026-01-10,20252026,REG,OTT,FLA,1,14.0,REG,13.0,2,3,20.0,10.0,L. Meriläinen,2,0.0,5.0,19,21
2025020705,2026-01-10,20252026,REG,TBL,PHI,0,6.0,REG,14.0,7,2,18.0,9.0,A. Vasilevskiy,2,0.0,5.0,23,20
2025020705,2026-01-10,20252026,REG,PHI,TBL,1,14.0,REG,14.0,2,7,32.0,9.0,S. Ersson,2,1.0,5.0,20,23
2025020706,2026-01-10,20252026,REG,SEA,CAR,0,12.0,REG,18.0,2,3,25.0,2.0,J. Daccord,2,0.0,7.0,12,36
2025020706,2026-01-10,20252026,REG,CAR,SEA,1,13.0,REG,13.0,3,2,16.0,2.0,B. Bussi,2,0.0,7.0,36,12
2025020707,2026-01-10,20252026,REG,CHI,NSH,0,8.0,REG,14.0,3,0,18.0,8.0,D. Commesso,2,1.0,2.0,21,36
2025020707,2026-01-10,20252026,REG,NSH,CHI,1,8.0,REG,12.0,0,3,20.0,8.0,J. Saros,2,0.0,7.0,36,21
2025020708,2026-01-10,20252026,REG,NYI,MIN,0,9.0,OT,7.0,4,3,15.0,8.0,I. Sorokin,2,0.0,2.0,27,36
2025020708,2026-01-10,20252026,REG,MIN,NYI,1,14.0,OT,16.0,3,4,18.0,6.0,F. Gustavsson,2,1.0,5.0,36,27
2025020709,2026-01-10,20252026,REG,LAK,EDM,0,12.0,SO,19.0,4,3,20.0,8.0,A. Forsberg,2,1.0,4.0,30,26
2025020709,2026-01-10,20252026,REG,EDM,LAK,1,20.0,SO,15.0,3,4,20.0,4.0,C. Ingram,2,1.0,6.0,26,30
2025020710,2026-01-10,20252026,REG,STL,VGK,0,17.0,REG,12.0,2,4,30.0,7.0,J. Binnington,2,1.0,3.0,19,25
2025020710,2026-01-10,20252026,REG,VGK,STL,1,9.0,REG,18.0,4,2,21.0,7.0,A. Schmid,2,0.0,7.0,25,19
2025020711,2026-01-11,20252026,REG,NJD,WPG,0,11.0,REG,15.0,3,4,17.0,4.0,J. Allen,2,0.0,4.0,27,22
2025020711,2026-01-11,20252026,REG,WPG,NJD,1,13.0,REG,21.0,4,3,15.0,2.0,C. Hellebuyck,2,0.0,5.0,22,27
2025020712,2026-01-11,20252026,REG,PIT,BOS,0,17.0,REG,16.0,0,1,18.0,12.0,S. Skinner,2,0.0,3.0,27,19
2025020712,2026-01-11,20252026,REG,BOS,PIT,1,18.0,REG,16.0,1,0,15.0,4.0,J. Korpisalo,2,0.0,6.0,19,27
2025020713,2026-01-11,20252026,REG,WSH,NSH,0,5.0,REG,13.0,2,3,21.0,12.0,C. Lindgren,2,2.0,5.0,32,21
2025020713,2026-01-11,20252026,REG,NSH,WSH,1,11.0,REG,16.0,3,2,16.0,10.0,J. Annunen,2,2.0,2.0,21,32
2025020714,2026-01-11,20252026,REG,CBJ,UTA,0,23.0,OT,16.0,3,2,18.0,4.0,J. Greaves,2,2.0,2.0,36,27
2025020714,2026-01-11,20252026,REG,UTA,CBJ,1,21.0,OT,11.0,2,3,15.0,6.0,V. Vanecek,2,0.0,5.0,27,36
2025020715,2026-01-11,20252026,REG,VGK,SJS,0,11.0,REG,23.0,7,2,19.0,10.0,C. Lindbom,2,2.0,4.0,32,20
2025020715,2026-01-11,20252026,REG,SJS,VGK,1,15.0,REG,11.0,2,7,21.0,8.0,Y. Askarov,2,0.0,5.0,20,32
2025020716,2026-01-12,20252026,REG,FLA,BUF,0,14.0,REG,11.0,4,3,18.0,9.0,S. Bobrovsky,2,1.0,6.0,32,23
2025020716,2026-01-12,20252026,REG,BUF,FLA,1,19.0,REG,21.0,3,4,22.0,7.0,C. Ellis,2,0.0,4.0,23,32
2025020717,2026-01-12,20252026,REG,CAR,DET,0,11.0,OT,12.0,3,4,23.0,28.0,F. Andersen,2,2.0,5.0,34,18
2025020717,2026-01-12,20252026,REG,DET,CAR,1,25.0,OT,20.0,4,3,19.0,10.0,J. Gibson,2,1.0,6.0,18,34
2025020718,2026-01-12,20252026,REG,SEA,NYR,0,19.0,REG,17.0,4,2,20.0,4.0,P. Grubauer,2,0.0,8.0,29,22
2025020718,2026-01-12,20252026,REG,NYR,SEA,1,3.0,REG,14.0,2,4,31.0,4.0,J. Quick,2,0.0,6.0,22,29
2025020719,2026-01-12,20252026,REG,TBL,PHI,0,11.0,REG,9.0,5,1,10.0,32.0,J. Johansson,2,2.0,6.0,26,21
2025020719,2026-01-12,20252026,REG,PHI,TBL,1,17.0,REG,19.0,1,5,32.0,46.0,D. Vladar,2,0.0,1.0,21,26
2025020720,2026-01-12,20252026,REG,VAN,MTL,0,9.0,REG,18.0,3,6,12.0,2.0,N. Tolopilo,2,0.0,4.0,23,41
2025020720,2026-01-12,20252026,REG,MTL,VAN,1,26.0,REG,18.0,6,3,26.0,4.0,J. Dobes,2,1.0,4.0,41,23
2025020721,2026-01-12,20252026,REG,NJD,MIN,0,19.0,REG,12.0,5,2,18.0,4.0,J. Markstrom,2,0.0,3.0,29,23
2025020721,2026-01-12,20252026,REG,MIN,NJD,1,14.0,REG,14.0,2,5,16.0,4.0,J. Wallstedt,2,1.0,4.0,23,29
2025020722,2026-01-12,20252026,REG,EDM,CHI,0,16.0,REG,15.0,4,1,13.0,4.0,C. Ingram,2,0.0,2.0,37,30
2025020722,2026-01-12,20252026,REG,CHI,EDM,1,9.0,REG,16.0,1,4,20.0,2.0,S. Knight,2,0.0,6.0,30,37
2025020723,2026-01-12,20252026,REG,TOR,COL,0,22.0,OT,15.0,4,3,13.0,8.0,J. Woll,2,0.0,8.0,31,34
2025020723,2026-01-12,20252026,REG,COL,TOR,1,12.0,OT,21.0,3,4,14.0,6.0,T. Miner,2,1.0,3.0,34,31
2025020724,2026-01-12,20252026,REG,DAL,LAK,0,13.0,REG,15.0,3,1,17.0,6.0,J. Oettinger,2,0.0,7.0,18,25
2025020724,2026-01-12,20252026,REG,LAK,DAL,1,12.0,REG,9.0,1,3,24.0,2.0,D. Kuemper,2,1.0,3.0,25,18
2025020725,2026-01-13,20252026,REG,VAN,OTT,0,18.0,REG,14.0,1,2,21.0,4.0,K. Lankinen,2,0.0,5.0,20,40
2025020725,2026-01-13,20252026,REG,OTT,VAN,1,16.0,REG,11.0,2,1,25.0,2.0,L. Meriläinen,2,0.0,5.0,40,20
2025020726,2026-01-13,20252026,REG,TBL,PIT,0,8.0,SO,18.0,2,1,15.0,33.0,A. Vasilevskiy,2,0.0,4.0,31,27
2025020726,2026-01-13,20252026,REG,PIT,TBL,1,15.0,SO,15.0,1,2,13.0,14.0,A. Silovs,2,0.0,9.0,27,31
2025020727,2026-01-13,20252026,REG,MTL,WSH,0,20.0,OT,10.0,2,3,21.0,25.0,S. Montembeault,2,0.0,2.0,25,42
2025020727,2026-01-13,20252026,REG,WSH,MTL,1,15.0,OT,16.0,3,2,18.0,23.0,L. Thompson,2,0.0,5.0,42,25
2025020728,2026-01-13,20252026,REG,CGY,CBJ,0,9.0,REG,16.0,3,5,12.0,13.0,D. Wolf,2,3.0,5.0,32,43
2025020728,2026-01-13,20252026,REG,CBJ,CGY,1,14.0,REG,14.0,5,3,21.0,9.0,J. Greaves,2,1.0,3.0,43,32
2025020729,2026-01-13,20252026,REG,DET,BOS,0,16.0,REG,17.0,0,3,14.0,4.0,C. Talbot,2,0.0,5.0,24,41
2025020729,2026-01-13,20252026,REG,BOS,DET,1,10.0,REG,18.0,3,0,18.0,4.0,J. Swayman,2,0.0,3.0,41,24
2025020730,2026-01-13,20252026,REG,CAR,STL,0,8.0,REG,14.0,0,3,14.0,6.0,B. Bussi,2,0.0,8.0,33,31
2025020730,2026-01-13,20252026,REG,STL,CAR,1,19.0,REG,19.0,3,0,26.0,6.0,J. Hofer,2,1.0,5.0,31,33
2025020731,2026-01-13,20252026,REG,EDM,NSH,0,19.0,OT,18.0,3,4,18.0,11.0,T. Jarry,2,2.0,4.0,31,27
2025020731,2026-01-13,20252026,REG,NSH,EDM,1,11.0,OT,20.0,4,3,22.0,13.0,J. Saros,2,0.0,7.0,27,31
2025020732,2026-01-13,20252026,REG,NYI,WPG,0,12.0,REG,20.0,4,5,13.0,4.0,I. Sorokin,2,0.0,6.0,27,22
2025020732,2026-01-13,20252026,REG,WPG,NYI,1,9.0,REG,16.0,5,4,18.0,2.0,C. Hellebuyck,2,1.0,5.0,22,27
2025020733,2026-01-13,20252026,REG,TOR,UTA,0,21.0,REG,16.0,1,6,21.0,6.0,D. Hildeby,2,0.0,5.0,20,41
2025020733,2026-01-13,20252026,REG,UTA,TOR,1,15.0,REG,14.0,6,1,21.0,8.0,K. Vejmelka,2,0.0,5.0,41,20
2025020734,2026-01-13,20252026,REG,DAL,ANA,0,21.0,REG,20.0,1,3,24.0,4.0,C. DeSmith,2,0.0,1.0,25,25
2025020734,2026-01-13,20252026,REG,ANA,DAL,1,17.0,REG,16.0,3,1,29.0,4.0,L. Dostal,2,0.0,8.0,25,25
2025020735,2026-01-14,20252026,REG,SEA,NJD,0,17.0,OT,17.0,2,3,20.0,4.0,P. Grubauer,2,1.0,3.0,17,26
2025020735,2026-01-14,20252026,REG,NJD,SEA,1,12.0,OT,14.0,3,2,14.0,4.0,J. Markstrom,2,1.0,9.0,26,17
2025020736,2026-01-14,20252026,REG,PHI,BUF,0,9.0,REG,5.0,2,5,26.0,12.0,D. Vladar,2,1.0,2.0,22,15
2025020736,2026-01-14,20252026,REG,BUF,PHI,1,9.0,REG,17.0,5,2,27.0,8.0,U. Luukkonen,2,2.0,5.0,15,22
2025020737,2026-01-14,20252026,REG,OTT,NYR,0,16.0,REG,11.0,8,4,13.0,2.0,L. Meriläinen,2,1.0,3.0,30,22
2025020737,2026-01-14,20252026,REG,NYR,OTT,1,20.0,REG,24.0,4,8,38.0,6.0,J. Quick,2,1.0,6.0,22,30
2025020738,2026-01-14,20252026,REG,VGK,LAK,0,20.0,OT,15.0,3,2,20.0,2.0,A. Schmid,2,1.0,3.0,27,24
2025020738,2026-01-14,20252026,REG,LAK,VGK,1,13.0,OT,20.0,2,3,24.0,4.0,D. Kuemper,2,0.0,5.0,24,27
2025020739,2026-01-15,20252026,REG,SEA,BOS,0,14.0,REG,13.0,2,4,22.0,9.0,J. Daccord,2,2.0,5.0,28,24
2025020739,2026-01-15,20252026,REG,BOS,SEA,1,16.0,REG,16.0,4,2,25.0,13.0,J. Swayman,2,1.0,9.0,24,28
2025020740,2026-01-15,20252026,REG,MTL,BUF,0,18.0,REG,13.0,3,5,26.0,12.0,J. Fowler,2,2.0,4.0,23,27
2025020740,2026-01-15,20252026,REG,BUF,MTL,1,6.0,REG,14.0,5,3,21.0,10.0,C. Ellis,2,2.0,6.0,27,23
2025020741,2026-01-15,20252026,REG,PHI,PIT,0,11.0,REG,11.0,3,6,22.0,13.0,S. Ersson,2,0.0,3.0,34,30
2025020741,2026-01-15,20252026,REG,PIT,PHI,1,14.0,REG,14.0,6,3,20.0,13.0,S. Skinner,2,3.0,7.0,30,34
2025020742,2026-01-15,20252026,REG,SJS,WSH,0,10.0,REG,20.0,3,2,16.0,4.0,A. Nedeljkovic,2,0.0,4.0,26,23
2025020742,2026-01-15,20252026,REG,WSH,SJS,1,14.0,REG,12.0,2,3,18.0,6.0,L. Thompson,2,1.0,3.0,23,26
2025020743,2026-01-15,20252026,REG,VAN,CBJ,0,18.0,REG,17.0,1,4,11.0,4.0,K. Lankinen,2,1.0,6.0,31,36
2025020743,2026-01-15,20252026,REG,CBJ,VAN,1,15.0,REG,9.0,4,1,19.0,4.0,E. Merzlikins,2,2.0,6.0,36,31
2025020744,2026-01-15,20252026,REG,WPG,MIN,0,12.0,REG,7.0,6,2,19.0,6.0,C. Hellebuyck,2,2.0,2.0,29,34
2025020744,2026-01-15,20252026,REG,MIN,WPG,1,7.0,REG,13.0,2,6,11.0,8.0,J. Wallstedt,2,0.0,5.0,34,29
2025020745,2026-01-15,20252026,REG,CGY,CHI,0,12.0,REG,18.0,3,1,29.0,17.0,D. Cooley,2,1.0,4.0,23,23
2025020745,2026-01-15,20252026,REG,CHI,CGY,1,19.0,REG,17.0,1,3,11.0,17.0,S. Knight,2,0.0,7.0,23,23
2025020746,2026-01-15,20252026,REG,DAL,UTA,0,18.0,REG,16.0,1,2,15.0,6.0,J. Oettinger,2,1.0,6.0,27,27
2025020746,2026-01-15,20252026,REG,UTA,DAL,1,15.0,REG,20.0,2,1,18.0,4.0,K. Vejmelka,2,0.0,5.0,27,27
2025020747,2026-01-15,20252026,REG,NYI,EDM,0,16.0,REG,15.0,1,0,15.0,4.0,I. Sorokin,2,1.0,6.0,18,35
2025020747,2026-01-15,20252026,REG,EDM,NYI,1,8.0,REG,16.0,0,1,16.0,2.0,C. Ingram,2,0.0,3.0,35,18
2025020748,2026-01-15,20252026,REG,TOR,VGK,0,14.0,OT,18.0,5,6,17.0,6.0,J. Woll,2,1.0,5.0,28,33
2025020748,2026-01-15,20252026,REG,VGK,TOR,1,15.0,OT,13.0,6,5,18.0,2.0,A. Hill,2,2.0,4.0,33,28
2025020749,2026-01-16,20252026,REG,SJS,DET,0,16.0,REG,21.0,2,4,16.0,4.0,Y. Askarov,2,0.0,2.0,22,25
2025020749,2026-01-16,20252026,REG,DET,SJS,1,17.0,REG,11.0,4,2,14.0,2.0,J. Gibson,2,1.0,5.0,25,22
2025020750,2026-01-16,20252026,REG,FLA,CAR,0,13.0,REG,16.0,1,9,19.0,27.0,S. Bobrovsky,2,0.0,5.0,16,36
2025020750,2026-01-16,20252026,REG,CAR,FLA,1,8.0,REG,20.0,9,1,30.0,17.0,B. Bussi,2,4.0,8.0,36,16
2025020751,2026-01-16,20252026,REG,TBL,STL,0,10.0,SO,17.0,2,3,12.0,4.0,A. Vasilevskiy,2,2.0,3.0,36,21
2025020751,2026-01-16,20252026,REG,STL,TBL,1,10.0,SO,11.0,3,2,24.0,6.0,J. Hofer,2,0.0,8.0,21,36
2025020752,2026-01-16,20252026,REG,NSH,COL,0,12.0,REG,16.0,7,3,16.0,4.0,J. Saros,2,1.0,5.0,30,43
2025020752,2026-01-16,20252026,REG,COL,NSH,1,17.0,REG,20.0,3,7,14.0,2.0,M. Blackwood,2,0.0,6.0,43,30
2025020753,2026-01-16,20252026,REG,ANA,LAK,0,18.0,SO,16.0,3,2,21.0,4.0,L. Dostal,2,0.0,5.0,28,28
2025020753,2026-01-16,20252026,REG,LAK,ANA,1,11.0,SO,15.0,2,3,15.0,2.0,D. Kuemper,2,0.0,6.0,28,28
2025020754,2026-01-17,20252026,REG,MIN,BUF,0,9.0,OT,11.0,5,4,31.0,15.0,F. Gustavsson,2,1.0,6.0,36,24
2025020754,2026-01-17,20252026,REG,BUF,MIN,1,16.0,OT,10.0,4,5,21.0,15.0,U. Luukkonen,2,1.0,3.0,24,36
2025020755,2026-01-17,20252026,REG,NYR,PHI,0,21.0,REG,17.0,6,3,26.0,4.0,S. Martin,2,1.0,3.0,28,28
2025020755,2026-01-17,20252026,REG,PHI,NYR,1,13.0,REG,14.0,3,6,27.0,6.0,A. Kolosov,2,0.0,3.0,28,28
2025020756,2026-01-17,20252026,REG,NYI,CGY,0,16.0,REG,9.0,2,4,25.0,6.0,D. Rittich,2,0.0,4.0,30,19
2025020756,2026-01-17,20252026,REG,CGY,NYI,1,14.0,REG,17.0,4,2,9.0,4.0,D. Wolf,2,0.0,4.0,19,30
2025020757,2026-01-17,20252026,REG,SEA,UTA,0,18.0,REG,13.0,3,6,13.0,4.0,P. Grubauer,2,0.0,5.0,21,31
2025020757,2026-01-17,20252026,REG,UTA,SEA,1,15.0,REG,17.0,6,3,25.0,6.0,K. Vejmelka,2,0.0,4.0,31,21
2025020758,2026-01-17,20252026,REG,MTL,OTT,0,24.0,OT,14.0,6,5,28.0,8.0,S. Montembeault,2,2.0,5.0,19,34
2025020758,2026-01-17,20252026,REG,OTT,MTL,1,15.0,OT,16.0,5,6,26.0,12.0,L. Meriläinen,2,2.0,5.0,34,19
2025020759,2026-01-17,20252026,REG,CAR,NJD,0,12.0,REG,9.0,4,1,20.0,8.0,F. Andersen,2,0.0,9.0,35,30
2025020759,2026-01-17,20252026,REG,NJD,CAR,1,15.0,REG,18.0,1,4,22.0,2.0,J. Markstrom,2,1.0,2.0,30,35
2025020760,2026-01-17,20252026,REG,CBJ,PIT,0,24.0,SO,13.0,4,3,24.0,8.0,E. Merzlikins,2,0.0,10.0,26,33
2025020760,2026-01-17,20252026,REG,PIT,CBJ,1,14.0,SO,14.0,3,4,17.0,6.0,A. Silovs,2,0.0,3.0,33,26
2025020761,2026-01-17,20252026,REG,FLA,WSH,0,8.0,REG,15.0,5,2,22.0,4.0,D. Tarasov,2,1.0,9.0,31,24
2025020761,2026-01-17,20252026,REG,WSH,FLA,1,18.0,REG,17.0,2,5,30.0,6.0,L. Thompson,2,0.0,2.0,24,31
2025020762,2026-01-17,20252026,REG,TOR,WPG,0,11.0,OT,23.0,4,3,21.0,6.0,D. Hildeby,2,0.0,5.0,37,30
2025020762,2026-01-17,20252026,REG,WPG,TOR,1,11.0,OT,13.0,3,4,17.0,4.0,C. Hellebuyck,2,0.0,2.0,30,37
2025020763,2026-01-17,20252026,REG,BOS,CHI,0,11.0,REG,16.0,5,2,18.0,2.0,J. Korpisalo,2,1.0,8.0,23,24
2025020763,2026-01-17,20252026,REG,CHI,BOS,1,10.0,REG,16.0,2,5,24.0,2.0,A. Soderblom,2,0.0,3.0,24,23
2025020764,2026-01-17,20252026,REG,EDM,VAN,0,7.0,REG,13.0,6,0,15.0,2.0,T. Jarry,2,1.0,5.0,35,31
2025020764,2026-01-17,20252026,REG,VAN,EDM,1,8.0,REG,19.0,0,6,19.0,6.0,N. Tolopilo,2,0.0,3.0,31,35
2025020765,2026-01-17,20252026,REG,NSH,VGK,0,16.0,REG,16.0,2,7,14.0,4.0,J. Annunen,2,1.0,7.0,29,36
2025020765,2026-01-17,20252026,REG,VGK,NSH,1,16.0,REG,20.0,7,2,25.0,8.0,A. Schmid,2,0.0,4.0,36,29
2025020766,2026-01-17,20252026,REG,LAK,ANA,0,9.0,OT,12.0,1,2,21.0,11.0,A. Forsberg,2,1.0,8.0,18,33
2025020766,2026-01-17,20252026,REG,ANA,LAK,1,22.0,OT,10.0,2,1,30.0,17.0,V. Husso,2,0.0,3.0,33,18
2025020767,2026-01-18,20252026,REG,TBL,DAL,0,14.0,REG,17.0,4,1,21.0,6.0,A. Vasilevskiy,2,0.0,6.0,26,20
2025020767,2026-01-18,20252026,REG,DAL,TBL,1,14.0,REG,13.0,1,4,16.0,6.0,J. Oettinger,2,0.0,3.0,20,26
2025020768,2026-01-18,20252026,REG,OTT,DET,0,10.0,OT,11.0,3,4,24.0,12.0,J. Reimer,2,2.0,4.0,22,34
2025020768,2026-01-18,20252026,REG,DET,OTT,1,11.0,OT,17.0,4,3,19.0,10.0,J. Gibson,2,2.0,3.0,34,22
2025020769,2026-01-18,20252026,REG,STL,EDM,0,6.0,REG,12.0,0,5,20.0,6.0,J. Binnington,2,0.0,5.0,27,28
2025020769,2026-01-18,20252026,REG,EDM,STL,1,21.0,REG,14.0,5,0,15.0,6.0,C. Ingram,2,1.0,3.0,28,27
2025020770,2026-01-19,20252026,REG,BUF,CAR,0,12.0,REG,19.0,1,2,25.0,8.0,U. Luukkonen,2,0.0,6.0,18,29
2025020770,2026-01-19,20252026,REG,CAR,BUF,1,6.0,REG,17.0,2,1,23.0,6.0,B. Bussi,2,1.0,7.0,29,18
2025020771,2026-01-19,20252026,REG,WSH,COL,0,24.0,REG,14.0,2,5,14.0,12.0,C. Lindgren,2,1.0,7.0,24,44
2025020771,2026-01-19,20252026,REG,COL,WSH,1,9.0,REG,15.0,5,2,14.0,8.0,S. Wedgewood,2,1.0,6.0,44,24
2025020772,2026-01-19,20252026,REG,PIT,SEA,0,10.0,REG,18.0,6,3,23.0,6.0,S. Skinner,2,0.0,6.0,32,23
2025020772,2026-01-19,20252026,REG,SEA,PIT,1,16.0,REG,16.0,3,6,20.0,6.0,J. Daccord,2,1.0,3.0,23,32
2025020773,2026-01-19,20252026,REG,SJS,FLA,0,19.0,REG,14.0,4,1,28.0,12.0,A. Nedeljkovic,2,0.0,3.0,28,36
2025020773,2026-01-19,20252026,REG,FLA,SJS,1,13.0,REG,15.0,1,4,22.0,12.0,S. Bobrovsky,2,0.0,5.0,36,28
2025020774,2026-01-19,20252026,REG,MIN,TOR,0,13.0,REG,11.0,6,3,21.0,8.0,F. Gustavsson,2,2.0,5.0,39,30
2025020774,2026-01-19,20252026,REG,TOR,MIN,1,15.0,REG,11.0,3,6,23.0,6.0,J. Woll,2,1.0,5.0,30,39
2025020775,2026-01-19,20252026,REG,PHI,VGK,0,17.0,REG,18.0,2,1,15.0,14.0,S. Ersson,2,0.0,3.0,17,25
2025020775,2026-01-19,20252026,REG,VGK,PHI,1,11.0,REG,13.0,1,2,23.0,2.0,A. Hill,2,1.0,7.0,25,17
2025020776,2026-01-19,20252026,REG,WPG,CHI,0,13.0,REG,8.0,0,2,26.0,6.0,C. Hellebuyck,2,0.0,3.0,32,24
2025020776,2026-01-19,20252026,REG,CHI,WPG,1,16.0,REG,14.0,2,0,13.0,4.0,S. Knight,2,0.0,4.0,24,32
2025020777,2026-01-19,20252026,REG,NJD,CGY,0,11.0,OT,15.0,2,1,16.0,8.0,J. Markstrom,2,0.0,4.0,32,22
2025020777,2026-01-19,20252026,REG,CGY,NJD,1,14.0,OT,17.0,1,2,22.0,4.0,D. Cooley,2,0.0,3.0,22,32
2025020778,2026-01-19,20252026,REG,NYI,VAN,0,17.0,REG,12.0,4,3,17.0,4.0,I. Sorokin,2,1.0,4.0,33,32
2025020778,2026-01-19,20252026,REG,VAN,NYI,1,7.0,REG,14.0,3,4,20.0,6.0,K. Lankinen,2,0.0,3.0,32,33
2025020779,2026-01-19,20252026,REG,NYR,ANA,0,14.0,REG,18.0,3,5,20.0,6.0,S. Martin,2,2.0,5.0,22,26
2025020779,2026-01-19,20252026,REG,ANA,NYR,1,11.0,REG,20.0,5,3,29.0,8.0,L. Dostal,2,1.0,7.0,26,22
2025020780,2026-01-20,20252026,REG,MIN,MTL,0,22.0,REG,15.0,3,4,17.0,6.0,J. Wallstedt,2,2.0,2.0,20,33
2025020780,2026-01-20,20252026,REG,MTL,MIN,1,12.0,REG,16.0,4,3,18.0,8.0,J. Dobes,2,0.0,5.0,33,20
2025020781,2026-01-20,20252026,REG,SJS,TBL,0,18.0,REG,11.0,1,4,29.0,2.0,Y. Askarov,2,0.0,7.0,23,20
2025020781,2026-01-20,20252026,REG,TBL,SJS,1,14.0,REG,15.0,4,1,13.0,0.0,A. Vasilevskiy,2,0.0,1.0,20,23
2025020782,2026-01-20,20252026,REG,OTT,CBJ,0,14.0,REG,15.0,4,1,15.0,8.0,J. Reimer,2,0.0,6.0,21,22
2025020782,2026-01-20,20252026,REG,CBJ,OTT,1,13.0,REG,19.0,1,4,27.0,8.0,E. Merzlikins,2,0.0,3.0,22,21
2025020783,2026-01-20,20252026,REG,BOS,DAL,0,17.0,REG,16.0,2,6,35.0,11.0,J. Swayman,2,1.0,3.0,18,37
2025020783,2026-01-20,20252026,REG,DAL,BOS,1,12.0,REG,12.0,6,2,13.0,9.0,J. Oettinger,2,2.0,8.0,37,18
2025020784,2026-01-20,20252026,REG,BUF,NSH,0,19.0,REG,15.0,5,3,17.0,6.0,A. Lyon,2,0.0,4.0,33,34
2025020784,2026-01-20,20252026,REG,NSH,BUF,1,8.0,REG,10.0,3,5,27.0,4.0,J. Saros,2,0.0,6.0,34,33
2025020785,2026-01-20,20252026,REG,STL,WPG,0,12.0,REG,16.0,1,3,20.0,6.0,J. Hofer,2,1.0,5.0,23,16
2025020785,2026-01-20,20252026,REG,WPG,STL,1,23.0,REG,12.0,3,1,16.0,8.0,E. Comrie,2,2.0,4.0,16,23
2025020786,2026-01-20,20252026,REG,NJD,EDM,0,12.0,REG,10.0,2,1,14.0,11.0,J. Allen,2,0.0,4.0,17,23
2025020786,2026-01-20,20252026,REG,EDM,NJD,1,12.0,REG,17.0,1,2,17.0,19.0,T. Jarry,2,0.0,3.0,23,17
2025020787,2026-01-20,20252026,REG,NYR,LAK,0,21.0,REG,14.0,3,4,24.0,6.0,J. Quick,2,0.0,2.0,36,27
2025020787,2026-01-20,20252026,REG,LAK,NYR,1,14.0,REG,14.0,4,3,15.0,4.0,D. Kuemper,2,0.0,7.0,27,36
2025020788,2026-01-21,20252026,REG,DET,TOR,0,12.0,OT,15.0,2,1,15.0,4.0,J. Gibson,2,0.0,5.0,41,31
2025020788,2026-01-21,20252026,REG,TOR,DET,1,16.0,OT,15.0,1,2,22.0,4.0,J. Woll,2,0.0,4.0,31,41
2025020789,2026-01-21,20252026,REG,ANA,COL,0,24.0,SO,13.0,2,1,27.0,4.0,L. Dostal,2,0.0,5.0,16,41
2025020789,2026-01-21,20252026,REG,COL,ANA,1,15.0,SO,24.0,1,2,16.0,2.0,S. Wedgewood,2,0.0,7.0,41,16
2025020790,2026-01-21,20252026,REG,PHI,UTA,0,18.0,OT,19.0,4,5,25.0,11.0,S. Ersson,2,2.0,5.0,29,27
2025020790,2026-01-21,20252026,REG,UTA,PHI,1,11.0,OT,13.0,5,4,26.0,15.0,K. Vejmelka,2,1.0,3.0,27,29
2025020791,2026-01-21,20252026,REG,PIT,CGY,0,17.0,REG,16.0,4,1,17.0,2.0,S. Skinner,2,0.0,6.0,25,19
2025020791,2026-01-21,20252026,REG,CGY,PIT,1,11.0,REG,16.0,1,4,24.0,2.0,D. Wolf,2,0.0,3.0,19,25
2025020792,2026-01-21,20252026,REG,WSH,VAN,0,14.0,REG,15.0,3,4,18.0,10.0,L. Thompson,2,2.0,5.0,32,25
2025020792,2026-01-21,20252026,REG,VAN,WSH,1,13.0,REG,18.0,4,3,17.0,10.0,K. Lankinen,2,0.0,4.0,25,32
2025020793,2026-01-21,20252026,REG,NYI,SEA,0,6.0,REG,9.0,1,4,7.0,6.0,I. Sorokin,2,1.0,4.0,25,25
2025020793,2026-01-21,20252026,REG,SEA,NYI,1,18.0,REG,13.0,4,1,15.0,14.0,P. Grubauer,2,1.0,5.0,25,25
2025020794,2026-01-22,20252026,REG,VGK,BOS,0,14.0,REG,18.0,3,4,28.0,13.0,A. Schmid,2,1.0,3.0,33,29
2025020794,2026-01-22,20252026,REG,BOS,VGK,1,20.0,REG,13.0,4,3,19.0,15.0,J. Korpisalo,2,2.0,9.0,29,33
2025020795,2026-01-22,20252026,REG,BUF,MTL,0,18.0,REG,9.0,4,2,26.0,10.0,U. Luukkonen,2,0.0,5.0,17,34
2025020795,2026-01-22,20252026,REG,MTL,BUF,1,16.0,REG,12.0,2,4,28.0,8.0,S. Montembeault,2,0.0,3.0,34,17
2025020796,2026-01-22,20252026,REG,CHI,CAR,0,14.0,SO,11.0,4,3,22.0,15.0,S. Knight,2,0.0,6.0,22,31
2025020796,2026-01-22,20252026,REG,CAR,CHI,1,6.0,SO,13.0,3,4,29.0,7.0,F. Andersen,2,0.0,4.0,31,22
2025020797,2026-01-22,20252026,REG,DAL,CBJ,0,10.0,REG,14.0,0,1,7.0,2.0,C. DeSmith,2,0.0,5.0,28,22
2025020797,2026-01-22,20252026,REG,CBJ,DAL,1,17.0,REG,14.0,1,0,35.0,2.0,J. Greaves,2,0.0,4.0,22,28
2025020798,2026-01-22,20252026,REG,OTT,NSH,0,11.0,REG,13.0,3,5,16.0,12.0,J. Reimer,2,0.0,4.0,26,27
2025020798,2026-01-22,20252026,REG,NSH,OTT,1,9.0,REG,18.0,5,3,23.0,8.0,J. Saros,2,2.0,6.0,27,26
2025020799,2026-01-22,20252026,REG,FLA,WPG,0,14.0,SO,14.0,2,1,27.0,10.0,D. Tarasov,2,0.0,1.0,20,18
2025020799,2026-01-22,20252026,REG,WPG,FLA,1,9.0,SO,17.0,1,2,24.0,8.0,C. Hellebuyck,2,0.0,7.0,18,20
2025020800,2026-01-22,20252026,REG,PIT,EDM,0,10.0,REG,17.0,6,2,13.0,4.0,A. Silovs,2,0.0,4.0,23,32
2025020800,2026-01-22,20252026,REG,EDM,PIT,1,9.0,REG,15.0,2,6,20.0,4.0,T. Jarry,2,0.0,3.0,32,23
2025020801,2026-01-22,20252026,REG,DET,MIN,0,18.0,OT,14.0,3,4,15.0,8.0,C. Talbot,2,1.0,4.0,34,39
2025020801,2026-01-22,20252026,REG,MIN,DET,1,20.0,OT,15.0,4,3,18.0,4.0,F. Gustavsson,2,1.0,3.0,39,34
2025020802,2026-01-23,20252026,REG,VGK,TOR,0,15.0,REG,18.0,6,3,11.0,2.0,A. Hill,2,0.0,6.0,31,21
2025020802,2026-01-23,20252026,REG,TOR,VGK,1,8.0,REG,14.0,3,6,21.0,2.0,A. Stolarz,2,0.0,2.0,21,31
2025020803,2026-01-23,20252026,REG,TBL,CHI,0,10.0,SO,16.0,2,1,18.0,9.0,A. Vasilevskiy,2,0.0,4.0,31,19
2025020803,2026-01-23,20252026,REG,CHI,TBL,1,13.0,SO,19.0,1,2,16.0,9.0,A. Soderblom,2,0.0,6.0,19,31
2025020804,2026-01-23,20252026,REG,STL,DAL,0,10.0,REG,8.0,2,3,26.0,10.0,J. Binnington,2,1.0,8.0,22,19
2025020804,2026-01-23,20252026,REG,DAL,STL,1,16.0,REG,12.0,3,2,16.0,6.0,J. Oettinger,2,2.0,5.0,19,22
2025020805,2026-01-23,20252026,REG,PHI,COL,0,21.0,REG,23.0,7,3,21.0,8.0,S. Ersson,2,1.0,5.0,20,35
2025020805,2026-01-23,20252026,REG,COL,PHI,1,10.0,REG,11.0,3,7,15.0,4.0,M. Blackwood,2,0.0,3.0,35,20
2025020806,2026-01-23,20252026,REG,WSH,CGY,0,22.0,REG,18.0,3,1,17.0,16.0,L. Thompson,2,0.0,3.0,38,26
2025020806,2026-01-23,20252026,REG,CGY,WSH,1,17.0,REG,15.0,1,3,21.0,18.0,D. Cooley,2,1.0,4.0,26,38
2025020807,2026-01-23,20252026,REG,NJD,VAN,0,15.0,REG,11.0,5,4,17.0,4.0,J. Markstrom,2,2.0,2.0,24,25
2025020807,2026-01-23,20252026,REG,VAN,NJD,1,17.0,REG,18.0,4,5,19.0,6.0,K. Lankinen,2,0.0,5.0,25,24
2025020808,2026-01-23,20252026,REG,NYR,SJS,0,11.0,REG,13.0,1,3,18.0,14.0,S. Martin,2,0.0,3.0,29,32
2025020808,2026-01-23,20252026,REG,SJS,NYR,1,18.0,REG,15.0,3,1,14.0,4.0,A. Nedeljkovic,2,2.0,5.0,32,29
2025020809,2026-01-23,20252026,REG,ANA,SEA,0,10.0,REG,10.0,4,2,25.0,4.0,L. Dostal,2,1.0,2.0,31,22
2025020809,2026-01-23,20252026,REG,SEA,ANA,1,11.0,REG,12.0,2,4,21.0,4.0,P. Grubauer,2,0.0,4.0,22,31
2025020810,2026-01-24,20252026,REG,BUF,NYI,0,11.0,REG,14.0,5,0,16.0,6.0,A. Lyon,2,0.0,7.0,21,26
2025020810,2026-01-24,20252026,REG,NYI,BUF,1,13.0,REG,16.0,0,5,24.0,6.0,D. Rittich,2,0.0,5.0,26,21
2025020811,2026-01-24,20252026,REG,UTA,NSH,0,13.0,REG,23.0,5,2,19.0,6.0,K. Vejmelka,2,1.0,5.0,30,29
2025020811,2026-01-24,20252026,REG,NSH,UTA,1,13.0,REG,13.0,2,5,29.0,4.0,J. Saros,2,1.0,4.0,29,30
2025020812,2026-01-24,20252026,REG,MTL,BOS,0,10.0,REG,18.0,3,4,16.0,13.0,S. Montembeault,2,2.0,6.0,25,20
2025020812,2026-01-24,20252026,REG,BOS,MTL,1,14.0,REG,17.0,4,3,21.0,11.0,J. Swayman,2,3.0,2.0,20,25
2025020813,2026-01-24,20252026,REG,CAR,OTT,0,13.0,REG,15.0,4,1,12.0,18.0,B. Bussi,2,1.0,4.0,19,37
2025020813,2026-01-24,20252026,REG,OTT,CAR,1,14.0,REG,13.0,1,4,34.0,8.0,J. Reimer,2,0.0,8.0,37,19
2025020814,2026-01-24,20252026,REG,TBL,CBJ,0,9.0,REG,19.0,5,8,22.0,6.0,J. Johansson,2,1.0,5.0,30,31
2025020814,2026-01-24,20252026,REG,CBJ,TBL,1,15.0,REG,14.0,8,5,27.0,6.0,J. Greaves,2,1.0,5.0,31,30
2025020815,2026-01-24,20252026,REG,DET,WPG,0,14.0,REG,14.0,5,1,22.0,2.0,J. Gibson,2,0.0,6.0,31,27
2025020815,2026-01-24,20252026,REG,WPG,DET,1,15.0,REG,12.0,1,5,22.0,6.0,C. Hellebuyck,2,0.0,4.0,27,31
2025020816,2026-01-24,20252026,REG,LAK,STL,0,14.0,SO,17.0,5,4,17.0,13.0,D. Kuemper,2,0.0,3.0,28,29
2025020816,2026-01-24,20252026,REG,STL,LAK,1,20.0,SO,12.0,4,5,20.0,11.0,J. Hofer,2,1.0,3.0,29,28
2025020817,2026-01-24,20252026,REG,FLA,MIN,0,15.0,OT,13.0,4,3,17.0,17.0,S. Bobrovsky,2,2.0,3.0,34,21
2025020817,2026-01-24,20252026,REG,MIN,FLA,1,10.0,OT,19.0,3,4,17.0,17.0,F. Gustavsson,2,2.0,5.0,21,34
2025020818,2026-01-24,20252026,REG,WSH,EDM,0,17.0,OT,16.0,5,6,8.0,8.0,C. Lindgren,2,1.0,5.0,27,40
2025020818,2026-01-24,20252026,REG,EDM,WSH,1,18.0,OT,20.0,6,5,11.0,10.0,C. Ingram,2,1.0,4.0,40,27
2025020819,2026-01-25,20252026,REG,COL,TOR,0,8.0,REG,17.0,4,1,14.0,6.0,M. Blackwood,2,0.0,3.0,37,33
2025020819,2026-01-25,20252026,REG,TOR,COL,1,16.0,REG,14.0,1,4,28.0,4.0,J. Woll,2,1.0,6.0,33,37
2025020820,2026-01-25,20252026,REG,NJD,SEA,0,16.0,REG,16.0,2,4,13.0,23.0,J. Markstrom,2,2.0,3.0,29,19
2025020820,2026-01-25,20252026,REG,SEA,NJD,1,20.0,REG,9.0,4,2,19.0,13.0,J. Daccord,2,0.0,4.0,19,29
2025020821,2026-01-25,20252026,REG,VGK,OTT,0,16.0,REG,14.0,1,7,20.0,2.0,A. Hill,2,0.0,10.0,20,32
2025020821,2026-01-25,20252026,REG,OTT,VGK,1,18.0,REG,9.0,7,1,34.0,2.0,M. Sogaard,2,0.0,3.0,32,20
2025020822,2026-01-25,20252026,REG,PIT,VAN,0,14.0,REG,18.0,3,2,27.0,4.0,S. Skinner,2,0.0,2.0,25,32
2025020822,2026-01-25,20252026,REG,VAN,PIT,1,13.0,REG,15.0,2,3,25.0,0.0,K. Lankinen,2,0.0,7.0,32,25
2025020823,2026-01-25,20252026,REG,FLA,CHI,0,5.0,REG,14.0,5,1,25.0,6.0,D. Tarasov,2,0.0,7.0,25,22
2025020823,2026-01-25,20252026,REG,CHI,FLA,1,14.0,REG,12.0,1,5,11.0,2.0,S. Knight,2,0.0,2.0,22,25
2025020824,2026-01-25,20252026,REG,ANA,CGY,0,16.0,OT,17.0,4,3,25.0,2.0,L. Dostal,2,0.0,3.0,21,35
2025020824,2026-01-25,20252026,REG,CGY,ANA,1,18.0,OT,20.0,3,4,28.0,4.0,D. Wolf,2,1.0,3.0,35,21
2025020825,2026-01-26,20252026,REG,UTA,TBL,0,8.0,REG,10.0,0,2,18.0,19.0,K. Vejmelka,2,0.0,5.0,28,29
2025020825,2026-01-26,20252026,REG,TBL,UTA,1,20.0,REG,10.0,2,0,18.0,17.0,A. Vasilevskiy,2,2.0,3.0,29,28
2025020826,2026-01-26,20252026,REG,BOS,NYR,0,13.0,OT,16.0,3,4,17.0,8.0,J. Korpisalo,2,0.0,3.0,24,28
2025020826,2026-01-26,20252026,REG,NYR,BOS,1,12.0,OT,12.0,4,3,34.0,2.0,J. Quick,2,0.0,5.0,28,24
2025020827,2026-01-26,20252026,REG,NYI,PHI,0,11.0,REG,11.0,4,0,15.0,8.0,I. Sorokin,2,1.0,7.0,23,21
2025020827,2026-01-26,20252026,REG,PHI,NYI,1,10.0,REG,16.0,0,4,23.0,8.0,S. Ersson,2,0.0,6.0,21,23
2025020829,2026-01-26,20252026,REG,ANA,EDM,0,15.0,REG,14.0,4,7,25.0,6.0,V. Husso,2,3.0,6.0,41,32
2025020829,2026-01-26,20252026,REG,EDM,ANA,1,10.0,REG,19.0,7,4,13.0,8.0,T. Jarry,2,1.0,6.0,32,41
2025020830,2026-01-27,20252026,REG,NSH,BOS,0,8.0,OT,16.0,2,3,16.0,8.0,J. Saros,2,1.0,5.0,30,28
2025020830,2026-01-27,20252026,REG,BOS,NSH,1,11.0,OT,19.0,3,2,25.0,10.0,J. Swayman,2,0.0,4.0,28,30
2025020831,2026-01-27,20252026,REG,BUF,TOR,0,19.0,REG,23.0,7,4,16.0,0.0,U. Luukkonen,2,1.0,5.0,31,23
2025020831,2026-01-27,20252026,REG,TOR,BUF,1,13.0,REG,11.0,4,7,32.0,4.0,J. Woll,2,0.0,8.0,23,31
2025020832,2026-01-27,20252026,REG,VGK,MTL,0,15.0,OT,12.0,2,3,24.0,8.0,A. Schmid,2,0.0,4.0,34,26
2025020832,2026-01-27,20252026,REG,MTL,VGK,1,18.0,OT,8.0,3,2,24.0,6.0,J. Dobes,2,0.0,5.0,26,34
2025020833,2026-01-27,20252026,REG,LAK,DET,0,16.0,REG,19.0,3,1,21.0,8.0,A. Forsberg,2,1.0,5.0,22,28
2025020833,2026-01-27,20252026,REG,DET,LAK,1,15.0,REG,15.0,1,3,11.0,6.0,J. Gibson,2,0.0,6.0,28,22
2025020834,2026-01-27,20252026,REG,UTA,FLA,0,13.0,REG,24.0,4,3,16.0,12.0,V. Vanecek,2,0.0,4.0,20,30
2025020834,2026-01-27,20252026,REG,FLA,UTA,1,7.0,REG,15.0,3,4,31.0,10.0,S. Bobrovsky,2,0.0,4.0,30,20
2025020835,2026-01-27,20252026,REG,WPG,NJD,0,21.0,REG,20.0,4,3,24.0,4.0,C. Hellebuyck,2,0.0,2.0,26,29
2025020835,2026-01-27,20252026,REG,NJD,WPG,1,11.0,REG,11.0,3,4,14.0,4.0,J. Allen,2,1.0,5.0,29,26
2025020836,2026-01-27,20252026,REG,DAL,STL,0,20.0,REG,17.0,4,3,12.0,2.0,J. Oettinger,2,2.0,3.0,24,26
2025020836,2026-01-27,20252026,REG,STL,DAL,1,16.0,REG,13.0,3,4,43.0,6.0,J. Binnington,2,0.0,5.0,26,24
2025020837,2026-01-27,20252026,REG,CHI,MIN,0,5.0,SO,13.0,3,4,10.0,2.0,S. Knight,2,0.0,6.0,32,23
2025020837,2026-01-27,20252026,REG,MIN,CHI,1,15.0,SO,13.0,4,3,21.0,10.0,J. Wallstedt,2,0.0,3.0,23,32
2025020838,2026-01-27,20252026,REG,SJS,VAN,0,12.0,REG,16.0,5,2,17.0,15.0,Y. Askarov,2,2.0,2.0,33,25
2025020838,2026-01-27,20252026,REG,VAN,SJS,1,18.0,REG,14.0,2,5,30.0,15.0,K. Lankinen,2,1.0,7.0,25,33
2025020839,2026-01-27,20252026,REG,WSH,SEA,0,16.0,REG,20.0,1,5,17.0,13.0,L. Thompson,2,1.0,3.0,20,32
2025020839,2026-01-27,20252026,REG,SEA,WSH,1,14.0,REG,10.0,5,1,15.0,15.0,P. Grubauer,2,1.0,4.0,32,20
2025020840,2026-01-28,20252026,REG,PHI,CBJ,0,18.0,REG,9.0,3,5,21.0,4.0,D. Vladar,2,0.0,5.0,27,31
2025020840,2026-01-28,20252026,REG,CBJ,PHI,1,11.0,REG,11.0,5,3,17.0,10.0,E. Merzlikins,2,0.0,5.0,31,27
2025020841,2026-01-28,20252026,REG,COL,OTT,0,10.0,REG,16.0,2,5,22.0,6.0,M. Blackwood,2,0.0,3.0,18,23
2025020841,2026-01-28,20252026,REG,OTT,COL,1,10.0,REG,13.0,5,2,31.0,0.0,J. Reimer,2,0.0,8.0,23,18
2025020842,2026-01-28,20252026,REG,NYR,NYI,0,11.0,REG,15.0,2,5,31.0,10.0,S. Martin,2,1.0,8.0,16,36
2025020842,2026-01-28,20252026,REG,NYI,NYR,1,16.0,REG,15.0,5,2,23.0,6.0,D. Rittich,2,2.0,3.0,36,16
2025020843,2026-01-29,20252026,REG,PHI,BOS,0,17.0,REG,17.0,3,6,36.0,8.0,S. Ersson,2,1.0,4.0,36,27
2025020843,2026-01-29,20252026,REG,BOS,PHI,1,9.0,REG,17.0,6,3,15.0,12.0,J. Swayman,2,0.0,6.0,27,36
2025020844,2026-01-29,20252026,REG,LAK,BUF,0,11.0,REG,20.0,1,4,30.0,28.0,D. Kuemper,2,1.0,5.0,38,32
2025020844,2026-01-29,20252026,REG,BUF,LAK,1,13.0,REG,16.0,4,1,9.0,28.0,A. Lyon,2,1.0,6.0,32,38
2025020845,2026-01-29,20252026,REG,COL,MTL,0,8.0,REG,17.0,3,7,25.0,6.0,S. Wedgewood,2,0.0,4.0,29,28
2025020845,2026-01-29,20252026,REG,MTL,COL,1,21.0,REG,14.0,7,3,22.0,6.0,J. Dobes,2,1.0,6.0,28,29
2025020846,2026-01-29,20252026,REG,WSH,DET,0,22.0,SO,6.0,4,3,26.0,4.0,C. Lindgren,2,0.0,4.0,23,21
2025020846,2026-01-29,20252026,REG,DET,WSH,1,17.0,SO,13.0,3,4,13.0,2.0,J. Gibson,2,0.0,3.0,21,23
2025020847,2026-01-29,20252026,REG,WPG,TBL,0,13.0,REG,15.0,1,4,29.0,4.0,C. Hellebuyck,2,0.0,3.0,24,37
2025020847,2026-01-29,20252026,REG,TBL,WPG,1,9.0,REG,17.0,4,1,18.0,6.0,A. Vasilevskiy,2,0.0,4.0,37,24
2025020848,2026-01-29,20252026,REG,NSH,NJD,0,14.0,OT,15.0,2,3,17.0,6.0,J. Annunen,2,0.0,3.0,29,35
2025020848,2026-01-29,20252026,REG,NJD,NSH,1,19.0,OT,16.0,3,2,27.0,4.0,J. Markstrom,2,0.0,6.0,35,29
2025020849,2026-01-29,20252026,REG,NYI,NYR,0,17.0,REG,11.0,2,1,16.0,8.0,I. Sorokin,2,0.0,3.0,21,21
2025020849,2026-01-29,20252026,REG,NYR,NYI,1,10.0,REG,14.0,1,2,31.0,8.0,J. Quick,2,1.0,2.0,21,21
2025020850,2026-01-29,20252026,REG,CHI,PIT,0,16.0,REG,17.0,2,6,13.0,6.0,A. Soderblom,2,0.0,4.0,20,45
2025020850,2026-01-29,20252026,REG,PIT,CHI,1,12.0,REG,17.0,6,2,18.0,8.0,A. Silovs,2,0.0,8.0,45,20
2025020851,2026-01-29,20252026,REG,UTA,CAR,0,19.0,REG,24.0,4,5,28.0,10.0,K. Vejmelka,2,0.0,5.0,25,33
2025020851,2026-01-29,20252026,REG,CAR,UTA,1,8.0,REG,17.0,5,4,23.0,4.0,B. Bussi,2,2.0,6.0,33,25
2025020852,2026-01-29,20252026,REG,FLA,STL,0,8.0,REG,11.0,4,5,17.0,19.0,D. Tarasov,2,2.0,4.0,20,31
2025020852,2026-01-29,20252026,REG,STL,FLA,1,17.0,REG,10.0,5,4,26.0,23.0,J. Hofer,2,1.0,5.0,31,20
2025020853,2026-01-29,20252026,REG,CGY,MIN,0,17.0,REG,18.0,1,4,16.0,9.0,D. Cooley,2,0.0,6.0,30,24
2025020853,2026-01-29,20252026,REG,MIN,CGY,1,15.0,REG,13.0,4,1,11.0,11.0,F. Gustavsson,2,1.0,3.0,24,30
2025020854,2026-01-29,20252026,REG,SJS,EDM,0,15.0,OT,15.0,3,4,17.0,4.0,Y. Askarov,2,0.0,5.0,21,32
2025020854,2026-01-29,20252026,REG,EDM,SJS,1,8.0,OT,14.0,4,3,24.0,6.0,C. Ingram,2,0.0,3.0,32,21
2025020855,2026-01-29,20252026,REG,ANA,VAN,0,13.0,REG,12.0,0,2,21.0,6.0,L. Dostal,2,0.0,3.0,33,26
2025020855,2026-01-29,20252026,REG,VAN,ANA,1,13.0,REG,11.0,2,0,10.0,6.0,N. Tolopilo,2,0.0,1.0,26,33
2025020856,2026-01-29,20252026,REG,DAL,VGK,0,23.0,SO,19.0,5,4,29.0,2.0,J. Oettinger,2,0.0,8.0,27,21
2025020856,2026-01-29,20252026,REG,VGK,DAL,1,11.0,SO,15.0,4,5,26.0,4.0,A. Hill,2,0.0,1.0,21,27
2025020857,2026-01-29,20252026,REG,TOR,SEA,0,9.0,REG,18.0,2,5,20.0,4.0,A. Stolarz,2,1.0,5.0,31,22
2025020857,2026-01-29,20252026,REG,SEA,TOR,1,11.0,REG,17.0,5,2,13.0,6.0,J. Daccord,2,0.0,4.0,22,31
2025020858,2026-01-30,20252026,REG,CBJ,CHI,0,13.0,REG,11.0,4,2,16.0,4.0,E. Merzlikins,2,1.0,6.0,26,24
2025020858,2026-01-30,20252026,REG,CHI,CBJ,1,15.0,REG,16.0,2,4,13.0,4.0,S. Knight,2,0.0,3.0,24,26
2025020859,2026-01-31,20252026,REG,LAK,PHI,0,11.0,OT,7.0,3,2,25.0,4.0,D. Kuemper,2,0.0,2.0,21,21
2025020859,2026-01-31,20252026,REG,PHI,LAK,1,16.0,OT,18.0,2,3,29.0,2.0,D. Vladar,2,1.0,4.0,21,21
2025020860,2026-01-31,20252026,REG,COL,DET,0,13.0,REG,19.0,5,0,12.0,6.0,M. Blackwood,2,0.0,6.0,21,28
2025020860,2026-01-31,20252026,REG,DET,COL,1,14.0,REG,13.0,0,5,16.0,6.0,J. Gibson,2,0.0,4.0,28,21
2025020861,2026-01-31,20252026,REG,NYR,PIT,0,10.0,REG,12.0,5,6,26.0,12.0,J. Quick,2,1.0,2.0,20,34
2025020861,2026-01-31,20252026,REG,PIT,NYR,1,12.0,REG,11.0,6,5,16.0,6.0,S. Skinner,2,1.0,5.0,34,20
2025020862,2026-01-31,20252026,REG,WPG,FLA,0,14.0,REG,18.0,2,1,18.0,4.0,E. Comrie,2,0.0,4.0,21,28
2025020862,2026-01-31,20252026,REG,FLA,WPG,1,7.0,REG,9.0,1,2,30.0,8.0,S. Bobrovsky,2,0.0,4.0,28,21
2025020863,2026-01-31,20252026,REG,SJS,CGY,0,19.0,REG,18.0,2,3,14.0,22.0,A. Nedeljkovic,2,1.0,3.0,25,42
2025020863,2026-01-31,20252026,REG,CGY,SJS,1,18.0,REG,9.0,3,2,21.0,10.0,D. Wolf,2,1.0,5.0,42,25
2025020864,2026-01-31,20252026,REG,CAR,WSH,0,18.0,OT,14.0,3,4,29.0,8.0,F. Andersen,2,0.0,6.0,22,42
2025020864,2026-01-31,20252026,REG,WSH,CAR,1,10.0,OT,18.0,4,3,24.0,4.0,C. Stevenson,2,0.0,2.0,42,22
2025020865,2026-01-31,20252026,REG,MTL,BUF,0,20.0,REG,13.0,4,2,29.0,8.0,J. Dobes,2,1.0,5.0,31,38
2025020865,2026-01-31,20252026,REG,BUF,MTL,1,7.0,REG,16.0,2,4,24.0,6.0,A. Lyon,2,1.0,4.0,38,31
2025020866,2026-01-31,20252026,REG,NJD,OTT,0,9.0,REG,17.0,1,4,22.0,8.0,J. Allen,2,0.0,5.0,27,34
2025020866,2026-01-31,20252026,REG,OTT,NJD,1,18.0,REG,16.0,4,1,24.0,12.0,L. Ullmark,2,2.0,7.0,34,27
2025020867,2026-01-31,20252026,REG,NSH,NYI,0,6.0,REG,11.0,4,3,25.0,18.0,J. Saros,2,1.0,8.0,42,30
2025020867,2026-01-31,20252026,REG,NYI,NSH,1,10.0,REG,18.0,3,4,23.0,6.0,I. Sorokin,2,0.0,4.0,30,42
2025020868,2026-01-31,20252026,REG,CBJ,STL,0,11.0,REG,15.0,5,3,20.0,8.0,J. Greaves,2,1.0,5.0,23,33
2025020868,2026-01-31,20252026,REG,STL,CBJ,1,10.0,REG,17.0,3,5,21.0,4.0,J. Binnington,2,1.0,3.0,33,23
2025020869,2026-01-31,20252026,REG,TOR,VAN,0,10.0,SO,14.0,3,2,17.0,2.0,J. Woll,2,0.0,4.0,41,30
2025020869,2026-01-31,20252026,REG,VAN,TOR,1,23.0,SO,19.0,2,3,14.0,2.0,N. Tolopilo,2,0.0,7.0,30,41
2025020870,2026-01-31,20252026,REG,DAL,UTA,0,12.0,REG,10.0,3,2,25.0,4.0,C. DeSmith,2,2.0,4.0,32,14
2025020870,2026-01-31,20252026,REG,UTA,DAL,1,8.0,REG,16.0,2,3,18.0,10.0,K. Vejmelka,2,0.0,4.0,14,32
2025020871,2026-01-31,20252026,REG,MIN,EDM,0,22.0,REG,17.0,7,3,17.0,4.0,J. Wallstedt,2,2.0,3.0,29,42
2025020871,2026-01-31,20252026,REG,EDM,MIN,1,17.0,REG,6.0,3,7,24.0,6.0,T. Jarry,2,0.0,5.0,42,29
2025020872,2026-01-31,20252026,REG,SEA,VGK,0,15.0,REG,13.0,3,2,23.0,4.0,J. Daccord,2,1.0,5.0,22,29
2025020872,2026-01-31,20252026,REG,VGK,SEA,1,11.0,REG,16.0,2,3,24.0,2.0,A. Schmid,2,1.0,2.0,29,22
2025020873,2026-02-01,20252026,REG,BOS,TBL,0,19.0,SO,14.0,5,6,20.0,16.0,J. Swayman,2,1.0,2.0,34,46
2025020873,2026-02-01,20252026,REG,TBL,BOS,1,12.0,SO,19.0,6,5,22.0,8.0,A. Vasilevskiy,2,3.0,5.0,46,34
2025020874,2026-02-01,20252026,REG,LAK,CAR,0,25.0,OT,12.0,2,3,25.0,14.0,A. Forsberg,2,0.0,5.0,13,34
2025020874,2026-02-01,20252026,REG,CAR,LAK,1,12.0,OT,13.0,3,2,11.0,10.0,B. Bussi,2,1.0,6.0,34,13
2025020875,2026-02-01,20252026,REG,VGK,ANA,0,10.0,REG,20.0,3,4,17.0,4.0,A. Hill,2,0.0,3.0,31,23
2025020875,2026-02-01,20252026,REG,ANA,VGK,1,16.0,REG,15.0,4,3,28.0,4.0,L. Dostal,2,1.0,6.0,23,31
2025020876,2026-02-02,20252026,REG,BUF,FLA,0,20.0,REG,17.0,5,3,23.0,8.0,A. Lyon,2,1.0,2.0,20,42
2025020876,2026-02-02,20252026,REG,FLA,BUF,1,13.0,REG,17.0,3,5,22.0,6.0,S. Bobrovsky,2,1.0,7.0,42,20
2025020877,2026-02-02,20252026,REG,OTT,PIT,0,9.0,REG,12.0,3,2,18.0,2.0,L. Ullmark,2,0.0,8.0,31,16
2025020877,2026-02-02,20252026,REG,PIT,OTT,1,17.0,REG,18.0,2,3,25.0,8.0,A. Silovs,2,0.0,6.0,16,31
2025020878,2026-02-02,20252026,REG,NYI,WSH,0,12.0,REG,13.0,1,4,18.0,13.0,D. Rittich,2,0.0,4.0,30,25
2025020878,2026-02-02,20252026,REG,WSH,NYI,1,23.0,REG,16.0,4,1,27.0,9.0,C. Stevenson,2,0.0,6.0,25,30
2025020879,2026-02-02,20252026,REG,MTL,MIN,0,13.0,OT,11.0,3,4,16.0,6.0,J. Dobes,2,0.0,6.0,20,24
2025020879,2026-02-02,20252026,REG,MIN,MTL,1,15.0,OT,13.0,4,3,18.0,2.0,F. Gustavsson,2,1.0,6.0,24,20
2025020880,2026-02-02,20252026,REG,STL,NSH,0,10.0,REG,14.0,5,6,16.0,4.0,J. Hofer,2,1.0,8.0,34,28
2025020880,2026-02-02,20252026,REG,NSH,STL,1,11.0,REG,13.0,6,5,15.0,4.0,J. Saros,2,1.0,4.0,28,34
2025020881,2026-02-02,20252026,REG,SJS,CHI,0,6.0,REG,18.0,3,6,36.0,6.0,Y. Askarov,2,0.0,4.0,27,17
2025020881,2026-02-02,20252026,REG,CHI,SJS,1,9.0,REG,13.0,6,3,14.0,8.0,S. Knight,2,1.0,4.0,17,27
2025020882,2026-02-02,20252026,REG,WPG,DAL,0,7.0,OT,13.0,3,4,28.0,8.0,C. Hellebuyck,2,1.0,3.0,27,28
2025020882,2026-02-02,20252026,REG,DAL,WPG,1,19.0,OT,14.0,4,3,24.0,6.0,J. Oettinger,2,1.0,4.0,28,27
2025020883,2026-02-02,20252026,REG,DET,COL,0,17.0,REG,9.0,2,0,27.0,4.0,J. Gibson,2,0.0,5.0,25,21
2025020883,2026-02-02,20252026,REG,COL,DET,1,15.0,REG,16.0,0,2,29.0,14.0,M. Blackwood,2,0.0,2.0,21,25
2025020884,2026-02-02,20252026,REG,VAN,UTA,0,10.0,REG,19.0,2,6,21.0,14.0,K. Lankinen,2,0.0,6.0,24,19
2025020884,2026-02-02,20252026,REG,UTA,VAN,1,9.0,REG,13.0,6,2,13.0,16.0,K. Vejmelka,2,1.0,3.0,19,24
2025020885,2026-02-02,20252026,REG,TOR,CGY,0,27.0,REG,13.0,4,2,14.0,2.0,J. Woll,2,0.0,7.0,22,30
2025020885,2026-02-02,20252026,REG,CGY,TOR,1,17.0,REG,15.0,2,4,20.0,2.0,D. Wolf,2,0.0,3.0,30,22
2025020886,2026-02-03,20252026,REG,BUF,TBL,0,9.0,OT,22.0,3,4,13.0,4.0,C. Ellis,2,1.0,9.0,26,35
2025020886,2026-02-03,20252026,REG,TBL,BUF,1,10.0,OT,14.0,4,3,26.0,6.0,A. Vasilevskiy,2,1.0,6.0,35,26
2025020887,2026-02-03,20252026,REG,CBJ,NJD,0,13.0,REG,10.0,3,0,19.0,8.0,E. Merzlikins,2,0.0,7.0,25,24
2025020887,2026-02-03,20252026,REG,NJD,CBJ,1,11.0,REG,13.0,0,3,18.0,6.0,J. Markstrom,2,0.0,4.0,24,25
2025020888,2026-02-03,20252026,REG,PIT,NYI,0,10.0,OT,16.0,4,5,25.0,4.0,S. Skinner,2,0.0,8.0,35,23
2025020888,2026-02-03,20252026,REG,NYI,PIT,1,12.0,OT,14.0,5,4,22.0,4.0,I. Sorokin,2,0.0,3.0,23,35
2025020889,2026-02-03,20252026,REG,WSH,PHI,0,12.0,REG,8.0,2,4,27.0,16.0,C. Stevenson,2,0.0,4.0,28,22
2025020889,2026-02-03,20252026,REG,PHI,WSH,1,25.0,REG,21.0,4,2,21.0,2.0,D. Vladar,2,1.0,3.0,22,28
2025020890,2026-02-03,20252026,REG,OTT,CAR,0,16.0,REG,15.0,3,4,20.0,4.0,J. Reimer,2,2.0,7.0,27,19
2025020890,2026-02-03,20252026,REG,CAR,OTT,1,9.0,REG,11.0,4,3,27.0,6.0,B. Bussi,2,1.0,5.0,19,27
2025020891,2026-02-03,20252026,REG,TOR,EDM,0,19.0,REG,18.0,5,2,13.0,9.0,A. Stolarz,2,2.0,4.0,27,36
2025020891,2026-02-03,20252026,REG,EDM,TOR,1,7.0,REG,13.0,2,5,19.0,21.0,C. Ingram,2,0.0,3.0,36,27
2025020892,2026-02-03,20252026,REG,SEA,ANA,0,20.0,REG,12.0,2,4,12.0,20.0,P. Grubauer,2,0.0,6.0,28,31
2025020892,2026-02-03,20252026,REG,ANA,SEA,1,14.0,REG,18.0,4,2,16.0,4.0,L. Dostal,2,0.0,5.0,31,28
2025020893,2026-02-04,20252026,REG,BOS,FLA,0,12.0,SO,21.0,4,5,24.0,15.0,J. Korpisalo,2,1.0,4.0,29,26
2025020893,2026-02-04,20252026,REG,FLA,BOS,1,20.0,SO,16.0,5,4,26.0,25.0,S. Bobrovsky,2,2.0,4.0,26,29
2025020894,2026-02-04,20252026,REG,CHI,CBJ,0,12.0,REG,17.0,0,4,14.0,4.0,S. Knight,2,0.0,3.0,21,20
2025020894,2026-02-04,20252026,REG,CBJ,CHI,1,11.0,REG,7.0,4,0,12.0,8.0,J. Greaves,2,0.0,6.0,20,21
2025020895,2026-02-04,20252026,REG,MTL,WPG,0,11.0,REG,11.0,5,1,21.0,8.0,S. Montembeault,2,1.0,8.0,27,37
2025020895,2026-02-04,20252026,REG,WPG,MTL,1,16.0,REG,21.0,1,5,15.0,4.0,C. Hellebuyck,2,1.0,1.0,37,27
2025020896,2026-02-04,20252026,REG,MIN,NSH,0,12.0,OT,15.0,6,5,26.0,11.0,F. Gustavsson,2,1.0,2.0,43,35
2025020896,2026-02-04,20252026,REG,NSH,MIN,1,17.0,OT,17.0,5,6,14.0,9.0,J. Saros,2,2.0,6.0,35,43
2025020897,2026-02-04,20252026,REG,SJS,COL,0,21.0,REG,22.0,2,4,24.0,8.0,Y. Askarov,2,0.0,5.0,25,42
2025020897,2026-02-04,20252026,REG,COL,SJS,1,6.0,REG,12.0,4,2,16.0,8.0,M. Blackwood,2,0.0,7.0,42,25
2025020898,2026-02-04,20252026,REG,DET,UTA,0,5.0,REG,10.0,1,4,24.0,11.0,J. Gibson,2,1.0,4.0,30,25
2025020898,2026-02-04,20252026,REG,UTA,DET,1,15.0,REG,9.0,4,1,15.0,13.0,K. Vejmelka,2,1.0,3.0,25,30
2025020899,2026-02-04,20252026,REG,STL,DAL,0,10.0,REG,18.0,4,5,28.0,6.0,J. Binnington,2,1.0,5.0,18,28
2025020899,2026-02-04,20252026,REG,DAL,STL,1,18.0,REG,13.0,5,4,24.0,10.0,J. Oettinger,2,1.0,2.0,28,18
2025020900,2026-02-04,20252026,REG,EDM,CGY,0,11.0,REG,7.0,3,4,6.0,13.0,T. Jarry,2,2.0,4.0,39,25
2025020900,2026-02-04,20252026,REG,CGY,EDM,1,13.0,REG,19.0,4,3,19.0,15.0,D. Cooley,2,2.0,5.0,25,39
2025020901,2026-02-04,20252026,REG,VAN,VGK,0,9.0,REG,18.0,2,5,21.0,2.0,K. Lankinen,2,0.0,5.0,23,31
2025020901,2026-02-04,20252026,REG,VGK,VAN,1,11.0,REG,20.0,5,2,18.0,2.0,A. Schmid,2,0.0,5.0,31,23
2025020902,2026-02-04,20252026,REG,SEA,LAK,0,17.0,REG,12.0,4,2,17.0,12.0,J. Daccord,2,2.0,5.0,23,27
2025020902,2026-02-04,20252026,REG,LAK,SEA,1,15.0,REG,11.0,2,4,18.0,16.0,D. Kuemper,2,2.0,4.0,27,23
2025020903,2026-02-05,20252026,REG,PIT,BUF,0,8.0,REG,17.0,5,2,20.0,15.0,A. Silovs,2,0.0,6.0,32,27
2025020903,2026-02-05,20252026,REG,BUF,PIT,1,10.0,REG,14.0,2,5,16.0,11.0,A. Lyon,2,1.0,4.0,27,32
2025020904,2026-02-05,20252026,REG,FLA,TBL,0,5.0,REG,15.0,1,6,17.0,76.0,D. Tarasov,2,1.0,3.0,34,28
2025020904,2026-02-05,20252026,REG,TBL,FLA,1,16.0,REG,17.0,6,1,34.0,91.0,A. Vasilevskiy,2,1.0,5.0,28,34
2025020905,2026-02-05,20252026,REG,NYI,NJD,0,12.0,REG,16.0,3,1,25.0,2.0,I. Sorokin,2,0.0,5.0,14,24
2025020905,2026-02-05,20252026,REG,NJD,NYI,1,14.0,REG,22.0,1,3,13.0,2.0,J. Allen,2,0.0,5.0,24,14
2025020906,2026-02-05,20252026,REG,CAR,NYR,0,10.0,REG,17.0,2,0,11.0,4.0,B. Bussi,2,0.0,5.0,43,16
2025020906,2026-02-05,20252026,REG,NYR,CAR,1,21.0,REG,15.0,0,2,27.0,6.0,J. Quick,2,0.0,4.0,16,43
2025020907,2026-02-05,20252026,REG,OTT,PHI,0,18.0,OT,15.0,2,1,20.0,2.0,J. Reimer,2,0.0,5.0,27,16
2025020907,2026-02-05,20252026,REG,PHI,OTT,1,6.0,OT,20.0,1,2,23.0,2.0,D. Vladar,2,0.0,3.0,16,27
2025020908,2026-02-05,20252026,REG,NSH,WSH,0,8.0,REG,15.0,2,4,18.0,12.0,J. Annunen,2,0.0,4.0,29,30
2025020908,2026-02-05,20252026,REG,WSH,NSH,1,18.0,REG,14.0,4,2,26.0,8.0,L. Thompson,2,2.0,3.0,30,29
2025020909,2026-02-05,20252026,REG,LAK,VGK,0,12.0,REG,19.0,1,4,18.0,9.0,A. Forsberg,2,0.0,7.0,33,22
2025020909,2026-02-05,20252026,REG,VGK,LAK,1,21.0,REG,18.0,4,1,17.0,15.0,A. Hill,2,1.0,7.0,22,33
2025020910,2026-02-25,20252026,REG,BUF,NJD,0,10.0,REG,18.0,2,1,21.0,7.0,U. Luukkonen,2,0.0,4.0,30,28
2025020910,2026-02-25,20252026,REG,NJD,BUF,1,13.0,REG,17.0,1,2,24.0,11.0,J. Allen,2,0.0,4.0,28,30
2025020911,2026-02-25,20252026,REG,PHI,WSH,0,19.0,REG,13.0,1,3,26.0,2.0,D. Vladar,2,0.0,2.0,24,29
2025020911,2026-02-25,20252026,REG,WSH,PHI,1,14.0,REG,16.0,3,1,25.0,4.0,L. Thompson,2,0.0,5.0,29,24
2025020912,2026-02-25,20252026,REG,TOR,TBL,0,17.0,REG,15.0,2,4,18.0,8.0,A. Stolarz,2,1.0,7.0,34,36
2025020912,2026-02-25,20252026,REG,TBL,TOR,1,11.0,REG,9.0,4,2,17.0,4.0,A. Vasilevskiy,2,0.0,3.0,36,34
2025020913,2026-02-25,20252026,REG,SEA,DAL,0,12.0,REG,20.0,1,4,21.0,11.0,J. Daccord,2,0.0,5.0,19,32
2025020913,2026-02-25,20252026,REG,DAL,SEA,1,11.0,REG,17.0,4,1,25.0,15.0,C. DeSmith,2,1.0,3.0,32,19
2025020914,2026-02-25,20252026,REG,COL,UTA,0,17.0,REG,16.0,4,2,11.0,8.0,S. Wedgewood,2,1.0,7.0,26,30
2025020914,2026-02-25,20252026,REG,UTA,COL,1,15.0,REG,15.0,2,4,21.0,6.0,K. Vejmelka,2,1.0,4.0,30,26
2025020915,2026-02-25,20252026,REG,WPG,VAN,0,7.0,OT,16.0,3,2,20.0,2.0,E. Comrie,2,0.0,3.0,28,23
2025020915,2026-02-25,20252026,REG,VAN,WPG,1,21.0,OT,16.0,2,3,24.0,4.0,N. Tolopilo,2,0.0,6.0,23,28
2025020916,2026-02-25,20252026,REG,VGK,LAK,0,24.0,REG,8.0,6,4,26.0,7.0,A. Hill,2,1.0,3.0,25,19
2025020916,2026-02-25,20252026,REG,LAK,VGK,1,14.0,REG,13.0,4,6,24.0,19.0,A. Forsberg,2,1.0,5.0,19,25
2025020917,2026-02-25,20252026,REG,EDM,ANA,0,11.0,REG,15.0,5,6,21.0,10.0,T. Jarry,2,1.0,5.0,27,29
2025020917,2026-02-25,20252026,REG,ANA,EDM,1,15.0,REG,22.0,6,5,23.0,4.0,L. Dostal,2,1.0,8.0,29,27
2025020918,2026-02-26,20252026,REG,CBJ,BOS,0,11.0,REG,18.0,2,4,24.0,6.0,E. Merzlikins,2,0.0,6.0,40,23
2025020918,2026-02-26,20252026,REG,BOS,CBJ,1,20.0,REG,13.0,4,2,20.0,2.0,J. Korpisalo,2,1.0,8.0,23,40
2025020919,2026-02-26,20252026,REG,NYI,MTL,0,20.0,OT,14.0,4,3,26.0,6.0,I. Sorokin,2,1.0,4.0,26,25
2025020919,2026-02-26,20252026,REG,MTL,NYI,1,20.0,OT,11.0,3,4,22.0,4.0,S. Montembeault,2,2.0,3.0,25,26
2025020920,2026-02-26,20252026,REG,DET,OTT,0,21.0,OT,8.0,2,1,18.0,11.0,J. Gibson,2,1.0,4.0,20,27
2025020920,2026-02-26,20252026,REG,OTT,DET,1,25.0,OT,14.0,1,2,30.0,23.0,L. Ullmark,2,1.0,6.0,27,20
2025020921,2026-02-26,20252026,REG,TOR,FLA,0,12.0,REG,15.0,1,5,21.0,8.0,J. Woll,2,1.0,4.0,30,37
2025020921,2026-02-26,20252026,REG,FLA,TOR,1,10.0,REG,13.0,5,1,19.0,8.0,S. Bobrovsky,2,1.0,3.0,37,30
2025020922,2026-02-26,20252026,REG,NJD,PIT,0,11.0,REG,18.0,1,4,26.0,6.0,J. Markstrom,2,0.0,3.0,30,37
2025020922,2026-02-26,20252026,REG,PIT,NJD,1,20.0,REG,15.0,4,1,15.0,8.0,A. Silovs,2,1.0,6.0,37,30
2025020923,2026-02-26,20252026,REG,TBL,CAR,0,20.0,REG,20.0,4,5,15.0,4.0,J. Johansson,2,1.0,6.0,28,33
2025020923,2026-02-26,20252026,REG,CAR,TBL,1,16.0,REG,18.0,5,4,23.0,4.0,B. Bussi,2,1.0,7.0,33,28
2025020924,2026-02-26,20252026,REG,PHI,NYR,0,11.0,OT,15.0,3,2,23.0,11.0,S. Ersson,2,1.0,4.0,24,24
2025020924,2026-02-26,20252026,REG,NYR,PHI,1,15.0,OT,9.0,2,3,23.0,15.0,I. Shesterkin,2,0.0,4.0,24,24
2025020925,2026-02-26,20252026,REG,SEA,STL,0,11.0,REG,17.0,1,5,13.0,0.0,P. Grubauer,2,0.0,2.0,24,32
2025020925,2026-02-26,20252026,REG,STL,SEA,1,12.0,REG,13.0,5,1,20.0,4.0,J. Hofer,2,0.0,2.0,32,24
2025020926,2026-02-26,20252026,REG,CHI,NSH,0,6.0,REG,15.0,2,4,15.0,4.0,S. Knight,2,1.0,2.0,23,26
2025020926,2026-02-26,20252026,REG,NSH,CHI,1,12.0,REG,13.0,4,2,26.0,12.0,J. Annunen,2,1.0,6.0,26,23
2025020927,2026-02-26,20252026,REG,MIN,COL,0,13.0,REG,16.0,5,2,24.0,6.0,F. Gustavsson,2,2.0,6.0,36,47
2025020927,2026-02-26,20252026,REG,COL,MIN,1,12.0,REG,19.0,2,5,24.0,12.0,M. Blackwood,2,0.0,5.0,47,36
2025020928,2026-02-26,20252026,REG,CGY,SJS,0,23.0,REG,21.0,4,1,16.0,4.0,D. Wolf,2,0.0,3.0,29,35
2025020928,2026-02-26,20252026,REG,SJS,CGY,1,7.0,REG,15.0,1,4,33.0,6.0,Y. Askarov,2,0.0,4.0,35,29
2025020929,2026-02-26,20252026,REG,EDM,LAK,0,14.0,REG,10.0,8,1,11.0,4.0,C. Ingram,2,2.0,4.0,37,22
2025020929,2026-02-26,20252026,REG,LAK,EDM,1,11.0,REG,12.0,1,8,21.0,6.0,D. Kuemper,2,0.0,3.0,22,37
2025020930,2026-02-27,20252026,REG,BUF,FLA,0,18.0,REG,14.0,3,2,14.0,6.0,A. Lyon,2,1.0,7.0,39,29
2025020930,2026-02-27,20252026,REG,FLA,BUF,1,16.0,REG,15.0,2,3,20.0,4.0,D. Tarasov,2,1.0,3.0,29,39
2025020931,2026-02-27,20252026,REG,VGK,WSH,0,12.0,REG,19.0,2,3,20.0,8.0,A. Schmid,2,1.0,3.0,26,30
2025020931,2026-02-27,20252026,REG,WSH,VGK,1,17.0,REG,19.0,3,2,17.0,4.0,L. Thompson,2,0.0,4.0,30,26
2025020932,2026-02-27,20252026,REG,MIN,UTA,0,19.0,REG,17.0,2,5,18.0,8.0,J. Wallstedt,2,1.0,7.0,23,37
2025020932,2026-02-27,20252026,REG,UTA,MIN,1,8.0,REG,15.0,5,2,12.0,6.0,K. Vejmelka,2,1.0,6.0,37,23
2025020933,2026-02-27,20252026,REG,WPG,ANA,0,6.0,OT,13.0,4,5,14.0,9.0,C. Hellebuyck,2,1.0,4.0,33,40
2025020933,2026-02-27,20252026,REG,ANA,WPG,1,15.0,OT,12.0,5,4,23.0,13.0,L. Dostal,2,1.0,8.0,40,33
2025020934,2026-02-28,20252026,REG,PIT,NYR,0,19.0,SO,14.0,2,3,15.0,4.0,S. Skinner,2,1.0,6.0,34,25
2025020934,2026-02-28,20252026,REG,NYR,PIT,1,11.0,SO,15.0,3,2,28.0,16.0,I. Shesterkin,2,1.0,4.0,25,34
2025020935,2026-02-28,20252026,REG,BOS,PHI,0,21.0,REG,10.0,1,3,25.0,9.0,J. Swayman,2,0.0,2.0,27,17
2025020935,2026-02-28,20252026,REG,PHI,BOS,1,14.0,REG,17.0,3,1,29.0,11.0,D. Vladar,2,0.0,7.0,17,27
2025020936,2026-02-28,20252026,REG,EDM,SJS,0,10.0,REG,18.0,4,5,24.0,4.0,C. Ingram,2,1.0,3.0,24,33
2025020936,2026-02-28,20252026,REG,SJS,EDM,1,15.0,REG,20.0,5,4,22.0,6.0,Y. Askarov,2,1.0,6.0,33,24
2025020937,2026-02-28,20252026,REG,NYI,CBJ,0,20.0,OT,9.0,4,3,22.0,0.0,I. Sorokin,2,0.0,4.0,27,30
2025020937,2026-02-28,20252026,REG,CBJ,NYI,1,20.0,OT,20.0,3,4,32.0,2.0,J. Greaves,2,0.0,4.0,30,27
2025020938,2026-02-28,20252026,REG,CHI,COL,0,13.0,REG,16.0,1,3,20.0,8.0,S. Knight,2,1.0,4.0,15,35
2025020938,2026-02-28,20252026,REG,COL,CHI,1,11.0,REG,18.0,3,1,13.0,8.0,M. Blackwood,2,0.0,5.0,35,15
2025020939,2026-02-28,20252026,REG,OTT,TOR,0,6.0,REG,12.0,5,2,27.0,15.0,L. Ullmark,2,1.0,6.0,40,23
2025020939,2026-02-28,20252026,REG,TOR,OTT,1,15.0,REG,13.0,2,5,24.0,23.0,J. Woll,2,0.0,5.0,23,40
2025020940,2026-02-28,20252026,REG,WSH,MTL,0,13.0,REG,14.0,2,6,20.0,8.0,C. Lindgren,2,0.0,4.0,29,25
2025020940,2026-02-28,20252026,REG,MTL,WSH,1,12.0,REG,16.0,6,2,13.0,10.0,J. Dobes,2,0.0,3.0,25,29
2025020941,2026-02-28,20252026,REG,BUF,TBL,0,14.0,REG,15.0,6,2,16.0,12.0,U. Luukkonen,2,1.0,2.0,35,38
2025020941,2026-02-28,20252026,REG,TBL,BUF,1,5.0,REG,11.0,2,6,28.0,28.0,A. Vasilevskiy,2,0.0,6.0,38,35
2025020942,2026-02-28,20252026,REG,DET,CAR,0,23.0,REG,14.0,2,5,26.0,10.0,C. Talbot,2,0.0,2.0,29,36
2025020942,2026-02-28,20252026,REG,CAR,DET,1,6.0,REG,19.0,5,2,20.0,4.0,F. Andersen,2,1.0,8.0,36,29
2025020943,2026-02-28,20252026,REG,NJD,STL,0,12.0,REG,18.0,3,1,12.0,6.0,J. Markstrom,2,1.0,8.0,33,26
2025020943,2026-02-28,20252026,REG,STL,NJD,1,11.0,REG,12.0,1,3,29.0,4.0,J. Binnington,2,0.0,4.0,26,33
2025020944,2026-02-28,20252026,REG,CGY,LAK,0,14.0,REG,10.0,0,2,20.0,0.0,D. Wolf,2,0.0,4.0,29,37
2025020944,2026-02-28,20252026,REG,LAK,CGY,1,20.0,REG,16.0,2,0,26.0,0.0,A. Forsberg,2,0.0,5.0,37,29
2025020945,2026-02-28,20252026,REG,NSH,DAL,0,16.0,OT,14.0,2,3,26.0,11.0,J. Saros,2,1.0,5.0,27,25
2025020945,2026-02-28,20252026,REG,DAL,NSH,1,13.0,OT,14.0,3,2,20.0,11.0,J. Oettinger,2,1.0,2.0,25,27
2025020946,2026-02-28,20252026,REG,VAN,SEA,0,9.0,REG,18.0,1,5,10.0,16.0,K. Lankinen,2,0.0,7.0,28,25
2025020946,2026-02-28,20252026,REG,SEA,VAN,1,8.0,REG,9.0,5,1,18.0,6.0,J. Daccord,2,1.0,2.0,25,28
2025020947,2026-03-01,20252026,REG,VGK,PIT,0,14.0,REG,16.0,0,5,28.0,11.0,A. Hill,2,0.0,6.0,22,22
2025020947,2026-03-01,20252026,REG,PIT,VGK,1,18.0,REG,23.0,5,0,19.0,9.0,A. Silovs,2,2.0,6.0,22,22
2025020948,2026-03-01,20252026,REG,FLA,NYI,0,13.0,REG,12.0,4,5,23.0,2.0,S. Bobrovsky,2,1.0,5.0,33,26
2025020948,2026-03-01,20252026,REG,NYI,FLA,1,17.0,REG,13.0,5,4,25.0,6.0,D. Rittich,2,0.0,6.0,26,33
2025020949,2026-03-01,20252026,REG,CHI,UTA,0,13.0,REG,12.0,4,0,10.0,6.0,A. Soderblom,2,1.0,9.0,28,22
2025020949,2026-03-01,20252026,REG,UTA,CHI,1,10.0,REG,19.0,0,4,21.0,18.0,K. Vejmelka,2,0.0,2.0,22,28
2025020950,2026-03-01,20252026,REG,WPG,SJS,0,16.0,OT,12.0,1,2,20.0,8.0,C. Hellebuyck,2,0.0,7.0,28,33
2025020950,2026-03-01,20252026,REG,SJS,WPG,1,8.0,OT,11.0,2,1,25.0,6.0,A. Nedeljkovic,2,0.0,3.0,33,28
2025020951,2026-03-01,20252026,REG,STL,MIN,0,6.0,REG,15.0,3,1,19.0,4.0,J. Hofer,2,0.0,4.0,24,23
2025020951,2026-03-01,20252026,REG,MIN,STL,1,11.0,REG,18.0,1,3,13.0,2.0,F. Gustavsson,2,1.0,7.0,23,24
2025020952,2026-03-01,20252026,REG,CGY,ANA,0,22.0,SO,14.0,2,3,14.0,10.0,D. Cooley,2,1.0,5.0,34,36
2025020952,2026-03-01,20252026,REG,ANA,CGY,1,15.0,SO,22.0,3,2,25.0,6.0,L. Dostal,2,1.0,7.0,36,34
2025020953,2026-03-02,20252026,REG,CBJ,NYR,0,21.0,OT,13.0,5,4,15.0,2.0,E. Merzlikins,2,1.0,3.0,29,33
2025020953,2026-03-02,20252026,REG,NYR,CBJ,1,13.0,OT,10.0,4,5,27.0,0.0,I. Shesterkin,2,0.0,6.0,33,29
2025020954,2026-03-02,20252026,REG,PHI,TOR,0,14.0,SO,17.0,3,2,19.0,4.0,D. Vladar,2,1.0,8.0,25,31
2025020954,2026-03-02,20252026,REG,TOR,PHI,1,16.0,SO,13.0,2,3,26.0,6.0,A. Stolarz,2,1.0,4.0,31,25
2025020955,2026-03-02,20252026,REG,DET,NSH,0,19.0,REG,16.0,4,2,14.0,6.0,J. Gibson,2,0.0,5.0,31,30
2025020955,2026-03-02,20252026,REG,NSH,DET,1,8.0,REG,10.0,2,4,18.0,4.0,J. Saros,2,1.0,2.0,30,31
2025020956,2026-03-02,20252026,REG,DAL,VAN,0,8.0,REG,14.0,6,1,19.0,4.0,J. Oettinger,2,1.0,4.0,37,14
2025020956,2026-03-02,20252026,REG,VAN,DAL,1,14.0,REG,20.0,1,6,19.0,4.0,N. Tolopilo,2,0.0,3.0,14,37
2025020957,2026-03-02,20252026,REG,CAR,SEA,0,6.0,REG,19.0,1,2,13.0,6.0,F. Andersen,2,0.0,5.0,36,15
2025020957,2026-03-02,20252026,REG,SEA,CAR,1,22.0,REG,17.0,2,1,31.0,2.0,J. Daccord,2,0.0,6.0,15,36
2025020958,2026-03-02,20252026,REG,COL,LAK,0,11.0,REG,23.0,4,2,13.0,4.0,M. Blackwood,2,1.0,2.0,39,21
2025020958,2026-03-02,20252026,REG,LAK,COL,1,23.0,REG,13.0,2,4,36.0,4.0,A. Forsberg,2,1.0,5.0,21,39
2025020959,2026-03-03,20252026,REG,PIT,BOS,0,23.0,REG,11.0,1,2,24.0,6.0,S. Skinner,2,0.0,4.0,35,28
2025020959,2026-03-03,20252026,REG,BOS,PIT,1,12.0,REG,16.0,2,1,23.0,4.0,J. Swayman,2,0.0,4.0,28,35
2025020960,2026-03-03,20252026,REG,VGK,BUF,0,10.0,REG,13.0,2,3,28.0,2.0,A. Schmid,2,0.0,5.0,29,28
2025020960,2026-03-03,20252026,REG,BUF,VGK,1,10.0,REG,14.0,3,2,15.0,2.0,A. Lyon,2,0.0,9.0,28,29
2025020961,2026-03-03,20252026,REG,FLA,NJD,0,9.0,REG,14.0,1,5,33.0,10.0,S. Bobrovsky,2,0.0,4.0,21,33
2025020961,2026-03-03,20252026,REG,NJD,FLA,1,10.0,REG,13.0,5,1,17.0,10.0,J. Markstrom,2,0.0,6.0,33,21
2025020962,2026-03-03,20252026,REG,UTA,WSH,0,15.0,REG,10.0,3,2,15.0,4.0,K. Vejmelka,2,2.0,5.0,23,25
2025020962,2026-03-03,20252026,REG,WSH,UTA,1,36.0,REG,21.0,2,3,28.0,4.0,L. Thompson,2,2.0,5.0,25,23
2025020963,2026-03-03,20252026,REG,NSH,CBJ,0,16.0,REG,14.0,2,3,12.0,6.0,J. Annunen,2,1.0,6.0,25,27
2025020963,2026-03-03,20252026,REG,CBJ,NSH,1,16.0,REG,11.0,3,2,14.0,4.0,J. Greaves,2,0.0,4.0,27,25
2025020964,2026-03-03,20252026,REG,CHI,WPG,0,18.0,OT,14.0,2,3,19.0,4.0,S. Knight,2,1.0,3.0,19,32
2025020964,2026-03-03,20252026,REG,WPG,CHI,1,11.0,OT,10.0,3,2,28.0,6.0,C. Hellebuyck,2,0.0,4.0,32,19
2025020965,2026-03-03,20252026,REG,DAL,CGY,0,11.0,REG,16.0,6,1,16.0,8.0,C. DeSmith,2,1.0,5.0,35,21
2025020965,2026-03-03,20252026,REG,CGY,DAL,1,20.0,REG,22.0,1,6,18.0,12.0,D. Wolf,2,0.0,5.0,21,35
2025020966,2026-03-03,20252026,REG,OTT,EDM,0,9.0,OT,15.0,4,5,14.0,11.0,L. Ullmark,2,1.0,5.0,21,37
2025020966,2026-03-03,20252026,REG,EDM,OTT,1,14.0,OT,21.0,5,4,24.0,11.0,C. Ingram,2,2.0,3.0,37,21
2025020967,2026-03-03,20252026,REG,TBL,MIN,0,13.0,REG,8.0,1,5,25.0,18.0,A. Vasilevskiy,2,0.0,3.0,25,22
2025020967,2026-03-03,20252026,REG,MIN,TBL,1,15.0,REG,11.0,5,1,22.0,8.0,F. Gustavsson,2,1.0,4.0,22,25
2025020968,2026-03-03,20252026,REG,COL,ANA,0,11.0,REG,12.0,5,1,16.0,6.0,S. Wedgewood,2,1.0,5.0,26,28
2025020968,2026-03-03,20252026,REG,ANA,COL,1,10.0,REG,17.0,1,5,24.0,6.0,L. Dostal,2,0.0,3.0,28,26
2025020969,2026-03-03,20252026,REG,MTL,SJS,0,18.0,REG,12.0,5,7,20.0,10.0,J. Dobes,2,2.0,4.0,36,28
2025020969,2026-03-03,20252026,REG,SJS,MTL,1,9.0,REG,17.0,7,5,21.0,14.0,Y. Askarov,2,2.0,6.0,28,36
2025020970,2026-03-04,20252026,REG,VGK,DET,0,10.0,OT,10.0,4,3,19.0,8.0,A. Hill,2,1.0,4.0,25,26
2025020970,2026-03-04,20252026,REG,DET,VGK,1,16.0,OT,13.0,3,4,11.0,4.0,C. Talbot,2,0.0,5.0,26,25
2025020971,2026-03-04,20252026,REG,TOR,NJD,0,13.0,SO,15.0,3,4,16.0,6.0,A. Stolarz,2,1.0,6.0,27,47
2025020971,2026-03-04,20252026,REG,NJD,TOR,1,11.0,SO,16.0,4,3,10.0,6.0,J. Markstrom,2,0.0,7.0,47,27
2025020972,2026-03-04,20252026,REG,CAR,VAN,0,11.0,REG,11.0,6,4,13.0,10.0,B. Bussi,2,2.0,4.0,33,22
2025020972,2026-03-04,20252026,REG,VAN,CAR,1,17.0,REG,18.0,4,6,30.0,8.0,K. Lankinen,2,2.0,2.0,22,33
2025020973,2026-03-04,20252026,REG,NYI,ANA,0,16.0,REG,18.0,1,5,19.0,8.0,D. Rittich,2,1.0,7.0,43,26
2025020973,2026-03-04,20252026,REG,ANA,NYI,1,13.0,REG,15.0,5,1,28.0,8.0,V. Husso,2,1.0,6.0,26,43
2025020974,2026-03-04,20252026,REG,STL,SEA,0,12.0,REG,12.0,3,2,18.0,8.0,J. Hofer,2,0.0,4.0,27,36
2025020974,2026-03-04,20252026,REG,SEA,STL,1,13.0,REG,13.0,2,3,21.0,4.0,P. Grubauer,2,0.0,6.0,36,27
2025020975,2026-03-05,20252026,REG,TOR,NYR,0,24.0,REG,12.0,2,6,27.0,4.0,J. Woll,2,0.0,3.0,32,24
2025020975,2026-03-05,20252026,REG,NYR,TOR,1,9.0,REG,13.0,6,2,22.0,2.0,I. Shesterkin,2,1.0,5.0,24,32
2025020976,2026-03-05,20252026,REG,UTA,PHI,0,18.0,REG,19.0,3,0,21.0,6.0,V. Vanecek,2,1.0,4.0,23,16
2025020976,2026-03-05,20252026,REG,PHI,UTA,1,17.0,REG,12.0,0,3,29.0,4.0,D. Vladar,2,0.0,4.0,16,23
2025020977,2026-03-05,20252026,REG,BUF,PIT,0,11.0,REG,13.0,5,1,20.0,10.0,U. Luukkonen,2,1.0,3.0,26,28
2025020977,2026-03-05,20252026,REG,PIT,BUF,1,11.0,REG,17.0,1,5,18.0,23.0,A. Silovs,2,0.0,2.0,28,26
2025020978,2026-03-05,20252026,REG,FLA,CBJ,0,6.0,REG,15.0,2,4,19.0,8.0,D. Tarasov,2,1.0,3.0,28,28
2025020978,2026-03-05,20252026,REG,CBJ,FLA,1,20.0,REG,13.0,4,2,16.0,8.0,J. Greaves,2,1.0,3.0,28,28
2025020979,2026-03-05,20252026,REG,BOS,NSH,0,15.0,REG,14.0,3,6,27.0,10.0,J. Korpisalo,2,1.0,3.0,23,29
2025020979,2026-03-05,20252026,REG,NSH,BOS,1,18.0,REG,10.0,6,3,23.0,10.0,J. Saros,2,1.0,6.0,29,23
2025020980,2026-03-05,20252026,REG,TBL,WPG,0,17.0,REG,16.0,1,4,23.0,4.0,A. Vasilevskiy,2,1.0,1.0,27,30
2025020980,2026-03-05,20252026,REG,WPG,TBL,1,15.0,REG,17.0,4,1,26.0,2.0,C. Hellebuyck,2,0.0,8.0,30,27
2025020981,2026-03-05,20252026,REG,OTT,CGY,0,14.0,REG,13.0,4,1,18.0,6.0,L. Ullmark,2,1.0,5.0,37,20
2025020981,2026-03-05,20252026,REG,CGY,OTT,1,17.0,REG,16.0,1,4,18.0,8.0,D. Cooley,2,0.0,3.0,20,37
2025020982,2026-03-05,20252026,REG,NYI,LAK,0,17.0,REG,14.0,3,5,20.0,4.0,I. Sorokin,2,0.0,4.0,35,35
2025020982,2026-03-05,20252026,REG,LAK,NYI,1,21.0,REG,9.0,5,3,24.0,2.0,D. Kuemper,2,1.0,6.0,35,35
2025020983,2026-03-06,20252026,REG,FLA,DET,0,17.0,REG,14.0,3,1,29.0,6.0,S. Bobrovsky,2,1.0,4.0,23,29
2025020983,2026-03-06,20252026,REG,DET,FLA,1,10.0,REG,12.0,1,3,11.0,6.0,J. Gibson,2,1.0,5.0,29,23
2025020984,2026-03-06,20252026,REG,COL,DAL,0,11.0,SO,15.0,5,4,24.0,6.0,M. Blackwood,2,2.0,2.0,29,21
2025020984,2026-03-06,20252026,REG,DAL,COL,1,17.0,SO,14.0,4,5,19.0,10.0,J. Oettinger,2,1.0,8.0,21,29
2025020985,2026-03-06,20252026,REG,VAN,CHI,0,8.0,REG,13.0,6,3,20.0,8.0,N. Tolopilo,2,1.0,6.0,22,23
2025020985,2026-03-06,20252026,REG,CHI,VAN,1,4.0,REG,13.0,3,6,17.0,10.0,A. Soderblom,2,0.0,3.0,23,22
2025020986,2026-03-06,20252026,REG,CAR,EDM,0,9.0,REG,17.0,6,3,15.0,4.0,F. Andersen,2,0.0,8.0,32,16
2025020986,2026-03-06,20252026,REG,EDM,CAR,1,18.0,REG,13.0,3,6,27.0,6.0,T. Jarry,2,1.0,2.0,16,32
2025020987,2026-03-06,20252026,REG,MTL,ANA,0,15.0,SO,16.0,5,6,21.0,4.0,S. Montembeault,2,1.0,3.0,28,33
2025020987,2026-03-06,20252026,REG,ANA,MTL,1,12.0,SO,13.0,6,5,17.0,8.0,L. Dostal,2,1.0,4.0,33,28
2025020988,2026-03-06,20252026,REG,MIN,VGK,0,10.0,REG,10.0,4,2,22.0,26.0,F. Gustavsson,2,0.0,4.0,24,31
2025020988,2026-03-06,20252026,REG,VGK,MIN,1,18.0,REG,13.0,2,4,14.0,16.0,A. Schmid,2,1.0,3.0,31,24
2025020989,2026-03-06,20252026,REG,STL,SJS,0,12.0,OT,17.0,3,2,19.0,14.0,J. Binnington,2,0.0,5.0,14,25
2025020989,2026-03-06,20252026,REG,SJS,STL,1,9.0,OT,22.0,2,3,25.0,14.0,A. Nedeljkovic,2,0.0,5.0,25,14
2025020990,2026-03-07,20252026,REG,WSH,BOS,0,20.0,REG,13.0,1,3,18.0,12.0,L. Thompson,2,0.0,5.0,23,30
2025020990,2026-03-07,20252026,REG,BOS,WSH,1,13.0,REG,18.0,3,1,21.0,6.0,J. Swayman,2,1.0,3.0,30,23
2025020991,2026-03-07,20252026,REG,NYR,NJD,0,11.0,REG,20.0,3,6,23.0,8.0,J. Quick,2,0.0,5.0,20,35
2025020991,2026-03-07,20252026,REG,NJD,NYR,1,12.0,REG,13.0,6,3,9.0,10.0,J. Markstrom,2,3.0,2.0,35,20
2025020992,2026-03-07,20252026,REG,NSH,BUF,0,11.0,REG,13.0,2,3,15.0,6.0,J. Saros,2,1.0,8.0,25,24
2025020992,2026-03-07,20252026,REG,BUF,NSH,1,17.0,REG,14.0,3,2,20.0,8.0,A. Lyon,2,0.0,5.0,24,25
2025020993,2026-03-07,20252026,REG,PHI,PIT,0,15.0,SO,12.0,4,3,26.0,15.0,D. Vladar,2,0.0,4.0,16,23
2025020993,2026-03-07,20252026,REG,PIT,PHI,1,5.0,SO,14.0,3,4,19.0,9.0,S. Skinner,2,1.0,6.0,23,16
2025020994,2026-03-07,20252026,REG,TBL,TOR,0,11.0,REG,12.0,5,2,26.0,11.0,A. Vasilevskiy,2,1.0,5.0,33,29
2025020994,2026-03-07,20252026,REG,TOR,TBL,1,11.0,REG,15.0,2,5,22.0,11.0,A. Stolarz,2,0.0,4.0,29,33
2025020995,2026-03-07,20252026,REG,UTA,CBJ,0,25.0,OT,19.0,5,4,13.0,16.0,K. Vejmelka,2,0.0,7.0,25,31
2025020995,2026-03-07,20252026,REG,CBJ,UTA,1,11.0,OT,19.0,4,5,25.0,34.0,E. Merzlikins,2,0.0,5.0,31,25
2025020996,2026-03-07,20252026,REG,VAN,WPG,0,17.0,OT,24.0,2,3,25.0,4.0,K. Lankinen,2,0.0,3.0,23,36
2025020996,2026-03-07,20252026,REG,WPG,VAN,1,5.0,OT,16.0,3,2,15.0,0.0,C. Hellebuyck,2,1.0,3.0,36,23
2025020997,2026-03-07,20252026,REG,MTL,LAK,0,16.0,REG,10.0,4,3,21.0,6.0,J. Dobes,2,1.0,3.0,23,39
2025020997,2026-03-07,20252026,REG,LAK,MTL,1,13.0,REG,13.0,3,4,32.0,2.0,D. Kuemper,2,0.0,8.0,39,23
2025020998,2026-03-07,20252026,REG,CAR,CGY,0,12.0,REG,18.0,4,5,20.0,8.0,B. Bussi,2,1.0,7.0,29,25
2025020998,2026-03-07,20252026,REG,CGY,CAR,1,10.0,REG,13.0,5,4,26.0,6.0,D. Wolf,2,1.0,6.0,25,29
2025020999,2026-03-07,20252026,REG,NYI,SJS,0,12.0,OT,15.0,2,1,28.0,4.0,I. Sorokin,2,0.0,6.0,34,31
2025020999,2026-03-07,20252026,REG,SJS,NYI,1,21.0,OT,15.0,1,2,27.0,6.0,Y. Askarov,2,0.0,3.0,31,34
2025021000,2026-03-07,20252026,REG,OTT,SEA,0,8.0,REG,10.0,7,4,26.0,23.0,L. Ullmark,2,0.0,5.0,37,21
2025021000,2026-03-07,20252026,REG,SEA,OTT,1,18.0,REG,15.0,4,7,28.0,6.0,J. Daccord,2,1.0,6.0,21,37
2025021001,2026-03-08,20252026,REG,MIN,COL,0,21.0,SO,19.0,2,3,25.0,10.0,J. Wallstedt,2,1.0,4.0,34,36
2025021001,2026-03-08,20252026,REG,COL,MIN,1,14.0,SO,8.0,3,2,20.0,8.0,S. Wedgewood,2,0.0,5.0,36,34
2025021002,2026-03-08,20252026,REG,BOS,PIT,0,16.0,OT,16.0,4,5,17.0,6.0,J. Korpisalo,2,1.0,5.0,28,40
2025021002,2026-03-08,20252026,REG,PIT,BOS,1,13.0,OT,18.0,5,4,24.0,8.0,A. Silovs,2,1.0,7.0,40,28
2025021003,2026-03-08,20252026,REG,TBL,BUF,0,6.0,REG,11.0,7,8,40.0,57.0,J. Johansson,2,1.0,2.0,28,42
2025021003,2026-03-08,20252026,REG,BUF,TBL,1,15.0,REG,14.0,8,7,27.0,45.0,U. Luukkonen,2,4.0,5.0,42,28
2025021004,2026-03-08,20252026,REG,CHI,DAL,0,22.0,OT,19.0,3,4,10.0,6.0,A. Soderblom,2,0.0,6.0,19,31
2025021004,2026-03-08,20252026,REG,DAL,CHI,1,8.0,OT,13.0,4,3,27.0,2.0,C. DeSmith,2,1.0,5.0,31,19
2025021005,2026-03-08,20252026,REG,DET,NJD,0,15.0,REG,17.0,3,0,17.0,6.0,J. Gibson,2,1.0,6.0,30,31
2025021005,2026-03-08,20252026,REG,NJD,DET,1,6.0,REG,12.0,0,3,19.0,10.0,J. Markstrom,2,0.0,4.0,31,30
2025021006,2026-03-08,20252026,REG,STL,ANA,0,14.0,REG,15.0,4,0,8.0,27.0,J. Hofer,2,1.0,2.0,35,22
2025021006,2026-03-08,20252026,REG,ANA,STL,1,16.0,REG,18.0,0,4,20.0,14.0,V. Husso,2,0.0,5.0,22,35
2025021007,2026-03-08,20252026,REG,EDM,VGK,0,19.0,REG,12.0,4,2,26.0,8.0,C. Ingram,2,0.0,5.0,19,26
2025021007,2026-03-08,20252026,REG,VGK,EDM,1,11.0,REG,12.0,2,4,15.0,6.0,A. Hill,2,0.0,4.0,26,19
2025020828,2026-03-09,20252026,REG,LAK,CBJ,0,13.0,OT,18.0,5,4,25.0,8.0,A. Forsberg,2,0.0,4.0,31,32
2025020828,2026-03-09,20252026,REG,CBJ,LAK,1,18.0,OT,15.0,4,5,12.0,6.0,J. Greaves,2,1.0,4.0,32,31
2025021008,2026-03-09,20252026,REG,NYR,PHI,0,8.0,REG,12.0,6,2,17.0,6.0,I. Shesterkin,2,3.0,4.0,27,34
2025021008,2026-03-09,20252026,REG,PHI,NYR,1,11.0,REG,9.0,2,6,32.0,8.0,D. Vladar,2,1.0,3.0,34,27
2025021009,2026-03-09,20252026,REG,CGY,WSH,0,13.0,REG,14.0,3,7,15.0,6.0,D. Cooley,2,0.0,5.0,26,29
2025021009,2026-03-09,20252026,REG,WSH,CGY,1,22.0,REG,19.0,7,3,20.0,0.0,L. Thompson,2,1.0,7.0,29,26
2025021010,2026-03-09,20252026,REG,UTA,CHI,0,10.0,OT,16.0,2,3,24.0,8.0,V. Vanecek,2,0.0,5.0,25,26
2025021010,2026-03-09,20252026,REG,CHI,UTA,1,14.0,OT,11.0,3,2,20.0,4.0,D. Commesso,2,1.0,7.0,26,25
2025021011,2026-03-09,20252026,REG,OTT,VAN,0,9.0,REG,10.0,2,0,22.0,6.0,J. Reimer,2,0.0,2.0,24,16
2025021011,2026-03-09,20252026,REG,VAN,OTT,1,9.0,REG,12.0,0,2,28.0,6.0,K. Lankinen,2,0.0,9.0,16,24
2025021012,2026-03-10,20252026,REG,LAK,BOS,0,17.0,OT,12.0,1,2,22.0,13.0,D. Kuemper,2,0.0,5.0,16,23
2025021012,2026-03-10,20252026,REG,BOS,LAK,1,13.0,OT,16.0,2,1,21.0,9.0,J. Swayman,2,0.0,4.0,23,16
2025021013,2026-03-10,20252026,REG,SJS,BUF,0,16.0,REG,15.0,3,6,23.0,24.0,Y. Askarov,2,1.0,4.0,20,26
2025021013,2026-03-10,20252026,REG,BUF,SJS,1,14.0,REG,13.0,6,3,21.0,18.0,A. Lyon,2,0.0,7.0,26,20
2025021014,2026-03-10,20252026,REG,TOR,MTL,0,15.0,REG,11.0,1,3,23.0,11.0,J. Woll,2,0.0,3.0,18,33
2025021014,2026-03-10,20252026,REG,MTL,TOR,1,18.0,REG,11.0,3,1,20.0,11.0,J. Dobes,2,0.0,8.0,33,18
2025021015,2026-03-10,20252026,REG,CBJ,TBL,0,15.0,REG,16.0,5,2,21.0,13.0,E. Merzlikins,2,2.0,9.0,32,18
2025021015,2026-03-10,20252026,REG,TBL,CBJ,1,8.0,REG,11.0,2,5,29.0,15.0,A. Vasilevskiy,2,0.0,2.0,18,32
2025021016,2026-03-10,20252026,REG,DET,FLA,0,18.0,REG,14.0,3,4,16.0,6.0,J. Gibson,2,0.0,4.0,28,28
2025021016,2026-03-10,20252026,REG,FLA,DET,1,10.0,REG,14.0,4,3,31.0,4.0,D. Tarasov,2,0.0,6.0,28,28
2025021017,2026-03-10,20252026,REG,CGY,NYR,0,9.0,REG,20.0,0,4,25.0,4.0,D. Wolf,2,0.0,4.0,21,29
2025021017,2026-03-10,20252026,REG,NYR,CGY,1,16.0,REG,13.0,4,0,23.0,4.0,J. Quick,2,1.0,6.0,29,21
2025021018,2026-03-10,20252026,REG,PIT,CAR,0,20.0,SO,20.0,4,5,16.0,12.0,S. Skinner,2,1.0,3.0,28,44
2025021018,2026-03-10,20252026,REG,CAR,PIT,1,14.0,SO,15.0,5,4,28.0,12.0,F. Andersen,2,1.0,7.0,44,28
2025021019,2026-03-10,20252026,REG,NYI,STL,0,12.0,OT,12.0,4,3,25.0,2.0,I. Sorokin,2,2.0,4.0,49,23
2025021019,2026-03-10,20252026,REG,STL,NYI,1,12.0,OT,13.0,3,4,21.0,8.0,J. Hofer,2,0.0,5.0,23,49
2025021020,2026-03-10,20252026,REG,VGK,DAL,0,10.0,REG,12.0,1,2,32.0,10.0,A. Hill,2,0.0,2.0,27,16
2025021020,2026-03-10,20252026,REG,DAL,VGK,1,17.0,REG,11.0,2,1,25.0,6.0,J. Oettinger,2,1.0,2.0,16,27
2025021021,2026-03-10,20252026,REG,UTA,MIN,0,16.0,REG,19.0,0,5,14.0,13.0,K. Vejmelka,2,0.0,3.0,25,30
2025021021,2026-03-10,20252026,REG,MIN,UTA,1,12.0,REG,16.0,5,0,22.0,11.0,F. Gustavsson,2,0.0,8.0,30,25
2025021022,2026-03-10,20252026,REG,ANA,WPG,0,11.0,REG,12.0,4,1,15.0,6.0,L. Dostal,2,0.0,4.0,35,13
2025021022,2026-03-10,20252026,REG,WPG,ANA,1,12.0,REG,12.0,1,4,15.0,4.0,C. Hellebuyck,2,0.0,3.0,13,35
2025021023,2026-03-10,20252026,REG,EDM,COL,0,22.0,REG,21.0,4,3,22.0,11.0,C. Ingram,2,2.0,6.0,24,30
2025021023,2026-03-10,20252026,REG,COL,EDM,1,8.0,REG,15.0,3,4,11.0,26.0,M. Blackwood,2,1.0,4.0,30,24
2025021024,2026-03-10,20252026,REG,NSH,SEA,0,8.0,REG,13.0,4,2,13.0,7.0,J. Saros,2,0.0,5.0,27,45
2025021024,2026-03-10,20252026,REG,SEA,NSH,1,18.0,REG,13.0,2,4,23.0,7.0,J. Daccord,2,0.0,7.0,45,27
2025021025,2026-03-11,20252026,REG,MTL,OTT,0,25.0,REG,24.0,3,2,31.0,8.0,J. Fowler,2,1.0,5.0,23,34
2025021025,2026-03-11,20252026,REG,OTT,MTL,1,11.0,REG,9.0,2,3,33.0,6.0,L. Ullmark,2,1.0,6.0,34,23
2025021026,2026-03-11,20252026,REG,WSH,PHI,0,11.0,REG,10.0,1,4,20.0,10.0,L. Thompson,2,1.0,3.0,23,22
2025021026,2026-03-11,20252026,REG,PHI,WSH,1,16.0,REG,11.0,4,1,16.0,14.0,S. Ersson,2,0.0,3.0,22,23
2025021027,2026-03-12,20252026,REG,SJS,BOS,0,18.0,REG,17.0,4,2,27.0,24.0,A. Nedeljkovic,2,1.0,5.0,28,41
2025021027,2026-03-12,20252026,REG,BOS,SJS,1,8.0,REG,12.0,2,4,17.0,14.0,J. Swayman,2,0.0,5.0,41,28
2025021028,2026-03-12,20252026,REG,WSH,BUF,0,17.0,REG,14.0,2,1,22.0,4.0,C. Lindgren,2,0.0,9.0,22,30
2025021028,2026-03-12,20252026,REG,BUF,WSH,1,11.0,REG,12.0,1,2,24.0,4.0,U. Luukkonen,2,0.0,5.0,30,22
2025021029,2026-03-12,20252026,REG,ANA,TOR,0,9.0,REG,9.0,4,6,15.0,41.0,L. Dostal,2,0.0,7.0,40,28
2025021029,2026-03-12,20252026,REG,TOR,ANA,1,13.0,REG,20.0,6,4,34.0,46.0,J. Woll,2,3.0,6.0,28,40
2025021030,2026-03-12,20252026,REG,DET,TBL,0,20.0,REG,10.0,1,4,21.0,2.0,J. Gibson,2,0.0,10.0,25,29
2025021030,2026-03-12,20252026,REG,TBL,DET,1,14.0,REG,16.0,4,1,22.0,2.0,A. Vasilevskiy,2,1.0,2.0,29,25
2025021031,2026-03-12,20252026,REG,CBJ,FLA,0,10.0,OT,13.0,1,2,13.0,4.0,E. Merzlikins,2,0.0,7.0,31,21
2025021031,2026-03-12,20252026,REG,FLA,CBJ,1,17.0,OT,23.0,2,1,23.0,4.0,S. Bobrovsky,2,2.0,5.0,21,31
2025021032,2026-03-12,20252026,REG,CGY,NJD,0,20.0,REG,18.0,5,4,22.0,6.0,D. Wolf,2,0.0,5.0,29,32
2025021032,2026-03-12,20252026,REG,NJD,CGY,1,8.0,REG,15.0,4,5,14.0,0.0,J. Markstrom,2,2.0,4.0,32,29
2025021033,2026-03-12,20252026,REG,STL,CAR,0,9.0,REG,16.0,3,1,18.0,4.0,J. Binnington,2,0.0,5.0,17,32
2025021033,2026-03-12,20252026,REG,CAR,STL,1,12.0,REG,11.0,1,3,16.0,2.0,B. Bussi,2,0.0,7.0,32,17
2025021034,2026-03-12,20252026,REG,EDM,DAL,0,7.0,REG,24.0,2,7,24.0,24.0,T. Jarry,2,0.0,3.0,32,27
2025021034,2026-03-12,20252026,REG,DAL,EDM,1,7.0,REG,14.0,7,2,14.0,22.0,J. Oettinger,2,2.0,7.0,27,32
2025021035,2026-03-12,20252026,REG,PHI,MIN,0,10.0,SO,19.0,3,2,21.0,6.0,D. Vladar,2,0.0,8.0,27,23
2025021035,2026-03-12,20252026,REG,MIN,PHI,1,11.0,SO,16.0,2,3,32.0,6.0,J. Wallstedt,2,1.0,3.0,23,27
2025021036,2026-03-12,20252026,REG,NYR,WPG,0,18.0,REG,19.0,6,3,24.0,2.0,I. Shesterkin,2,1.0,6.0,17,26
2025021036,2026-03-12,20252026,REG,WPG,NYR,1,15.0,REG,18.0,3,6,23.0,4.0,C. Hellebuyck,2,0.0,1.0,26,17
2025021037,2026-03-12,20252026,REG,CHI,UTA,0,17.0,OT,12.0,3,2,15.0,4.0,S. Knight,2,1.0,8.0,23,31
2025021037,2026-03-12,20252026,REG,UTA,CHI,1,11.0,OT,12.0,2,3,35.0,4.0,K. Vejmelka,2,0.0,8.0,31,23
2025021038,2026-03-12,20252026,REG,NSH,VAN,0,16.0,SO,13.0,3,4,22.0,4.0,J. Saros,2,0.0,4.0,19,27
2025021038,2026-03-12,20252026,REG,VAN,NSH,1,11.0,SO,14.0,4,3,17.0,6.0,N. Tolopilo,2,0.0,6.0,27,19
2025021039,2026-03-12,20252026,REG,PIT,VGK,0,12.0,REG,16.0,2,6,12.0,10.0,A. Silovs,2,0.0,6.0,26,17
2025021039,2026-03-12,20252026,REG,VGK,PIT,1,21.0,REG,21.0,6,2,27.0,12.0,A. Hill,2,0.0,2.0,17,26
2025021040,2026-03-12,20252026,REG,COL,SEA,0,19.0,REG,21.0,5,1,17.0,4.0,S. Wedgewood,2,1.0,4.0,26,29
2025021040,2026-03-12,20252026,REG,SEA,COL,1,10.0,REG,16.0,1,5,16.0,6.0,J. Daccord,2,0.0,4.0,29,26
2025021041,2026-03-13,20252026,REG,LAK,NYI,0,23.0,REG,11.0,3,2,23.0,10.0,D. Kuemper,2,0.0,4.0,27,23
2025021041,2026-03-13,20252026,REG,NYI,LAK,1,14.0,REG,9.0,2,3,23.0,8.0,I. Sorokin,2,0.0,5.0,23,27
2025021042,2026-03-13,20252026,REG,EDM,STL,0,13.0,OT,14.0,2,3,22.0,2.0,C. Ingram,2,0.0,5.0,38,25
2025021042,2026-03-13,20252026,REG,STL,EDM,1,12.0,OT,15.0,3,2,18.0,6.0,J. Hofer,2,0.0,6.0,25,38
2025021043,2026-03-14,20252026,REG,ANA,OTT,0,12.0,REG,16.0,0,2,24.0,8.0,V. Husso,2,0.0,4.0,24,28
2025021043,2026-03-14,20252026,REG,OTT,ANA,1,17.0,REG,23.0,2,0,23.0,8.0,L. Ullmark,2,0.0,10.0,28,24
2025021044,2026-03-14,20252026,REG,BOS,WSH,0,14.0,SO,15.0,3,2,19.0,10.0,J. Swayman,2,0.0,4.0,34,28
2025021044,2026-03-14,20252026,REG,WSH,BOS,1,12.0,SO,14.0,2,3,20.0,12.0,L. Thompson,2,0.0,4.0,28,34
2025021045,2026-03-14,20252026,REG,COL,WPG,0,5.0,REG,13.0,1,3,17.0,2.0,M. Blackwood,2,0.0,3.0,29,19
2025021045,2026-03-14,20252026,REG,WPG,COL,1,24.0,REG,16.0,3,1,20.0,4.0,C. Hellebuyck,2,0.0,8.0,19,29
2025021046,2026-03-14,20252026,REG,NYR,MIN,0,21.0,REG,15.0,4,2,13.0,18.0,I. Shesterkin,2,1.0,2.0,18,48
2025021046,2026-03-14,20252026,REG,MIN,NYR,1,10.0,REG,9.0,2,4,24.0,10.0,F. Gustavsson,2,1.0,2.0,48,18
2025021047,2026-03-14,20252026,REG,TOR,BUF,0,22.0,SO,19.0,2,3,35.0,19.0,J. Woll,2,0.0,6.0,18,33
2025021047,2026-03-14,20252026,REG,BUF,TOR,1,9.0,SO,13.0,3,2,21.0,15.0,A. Lyon,2,1.0,5.0,33,18
2025021048,2026-03-14,20252026,REG,SJS,MTL,0,14.0,REG,22.0,4,2,23.0,4.0,A. Nedeljkovic,2,0.0,5.0,22,27
2025021048,2026-03-14,20252026,REG,MTL,SJS,1,9.0,REG,21.0,2,4,22.0,0.0,J. Dobes,2,0.0,4.0,27,22
2025021049,2026-03-14,20252026,REG,CAR,TBL,0,10.0,REG,11.0,4,2,27.0,13.0,F. Andersen,2,0.0,9.0,35,19
2025021049,2026-03-14,20252026,REG,TBL,CAR,1,14.0,REG,14.0,2,4,26.0,11.0,A. Vasilevskiy,2,0.0,4.0,19,35
2025021050,2026-03-14,20252026,REG,LAK,NJD,0,13.0,REG,13.0,4,6,22.0,6.0,A. Forsberg,2,2.0,2.0,31,28
2025021050,2026-03-14,20252026,REG,NJD,LAK,1,14.0,REG,17.0,6,4,16.0,6.0,J. Allen,2,2.0,4.0,28,31
2025021051,2026-03-14,20252026,REG,CGY,NYI,0,10.0,REG,15.0,2,3,9.0,2.0,D. Cooley,2,0.0,6.0,32,27
2025021051,2026-03-14,20252026,REG,NYI,CGY,1,18.0,REG,16.0,3,2,22.0,4.0,D. Rittich,2,0.0,7.0,27,32
2025021052,2026-03-14,20252026,REG,CBJ,PHI,0,18.0,SO,17.0,2,1,25.0,15.0,J. Greaves,2,0.0,6.0,28,19
2025021052,2026-03-14,20252026,REG,PHI,CBJ,1,19.0,SO,16.0,1,2,20.0,9.0,D. Vladar,2,0.0,4.0,19,28
2025021053,2026-03-14,20252026,REG,DET,DAL,0,17.0,OT,13.0,2,3,20.0,12.0,J. Gibson,2,0.0,4.0,24,24
2025021053,2026-03-14,20252026,REG,DAL,DET,1,12.0,OT,12.0,3,2,21.0,10.0,J. Oettinger,2,1.0,4.0,24,24
2025021054,2026-03-14,20252026,REG,PIT,UTA,0,18.0,REG,17.0,4,3,21.0,6.0,S. Skinner,2,2.0,1.0,23,29
2025021054,2026-03-14,20252026,REG,UTA,PIT,1,8.0,REG,12.0,3,4,31.0,12.0,K. Vejmelka,2,1.0,7.0,29,23
2025021055,2026-03-14,20252026,REG,SEA,VAN,0,9.0,REG,9.0,5,2,20.0,4.0,P. Grubauer,2,1.0,4.0,33,34
2025021055,2026-03-14,20252026,REG,VAN,SEA,1,16.0,REG,22.0,2,5,24.0,4.0,N. Tolopilo,2,0.0,4.0,34,33
2025021056,2026-03-14,20252026,REG,CHI,VGK,0,7.0,REG,16.0,0,4,20.0,24.0,S. Knight,2,0.0,4.0,21,32
2025021056,2026-03-14,20252026,REG,VGK,CHI,1,7.0,REG,12.0,4,0,20.0,22.0,A. Hill,2,2.0,4.0,32,21
2025021057,2026-03-15,20252026,REG,STL,WPG,0,6.0,REG,13.0,2,3,13.0,6.0,J. Binnington,2,0.0,3.0,31,16
2025021057,2026-03-15,20252026,REG,WPG,STL,1,15.0,REG,15.0,3,2,26.0,2.0,E. Comrie,2,0.0,4.0,16,31
2025021058,2026-03-15,20252026,REG,SJS,OTT,0,19.0,REG,20.0,4,7,23.0,6.0,L. Brossoit,2,0.0,5.0,23,24
2025021058,2026-03-15,20252026,REG,OTT,SJS,1,12.0,REG,11.0,7,4,30.0,4.0,L. Ullmark,2,2.0,4.0,24,23
2025021059,2026-03-15,20252026,REG,ANA,MTL,0,15.0,REG,8.0,4,3,17.0,10.0,L. Dostal,2,0.0,3.0,28,30
2025021059,2026-03-15,20252026,REG,MTL,ANA,1,20.0,REG,19.0,3,4,14.0,4.0,J. Fowler,2,0.0,7.0,30,28
2025021060,2026-03-15,20252026,REG,TOR,MIN,0,28.0,REG,22.0,4,2,14.0,8.0,A. Stolarz,2,0.0,4.0,26,38
2025021060,2026-03-15,20252026,REG,MIN,TOR,1,13.0,REG,16.0,2,4,22.0,6.0,J. Wallstedt,2,0.0,6.0,38,26
2025021061,2026-03-15,20252026,REG,NSH,EDM,0,9.0,REG,17.0,1,3,12.0,13.0,J. Annunen,2,0.0,5.0,27,30
2025021061,2026-03-15,20252026,REG,EDM,NSH,1,9.0,REG,13.0,3,1,26.0,13.0,C. Ingram,2,1.0,4.0,30,27
2025021062,2026-03-15,20252026,REG,FLA,SEA,0,9.0,REG,11.0,2,6,26.0,8.0,D. Tarasov,2,0.0,1.0,25,25
2025021062,2026-03-15,20252026,REG,SEA,FLA,1,14.0,REG,11.0,6,2,17.0,8.0,J. Daccord,2,1.0,7.0,25,25
2025021063,2026-03-16,20252026,REG,CGY,DET,0,13.0,REG,13.0,2,5,20.0,17.0,D. Wolf,2,0.0,4.0,27,25
2025021063,2026-03-16,20252026,REG,DET,CGY,1,13.0,REG,12.0,5,2,26.0,13.0,J. Gibson,2,1.0,6.0,25,27
2025021064,2026-03-16,20252026,REG,BOS,NJD,0,19.0,OT,18.0,3,4,22.0,18.0,J. Korpisalo,2,0.0,6.0,22,34
2025021064,2026-03-16,20252026,REG,NJD,BOS,1,9.0,OT,19.0,4,3,20.0,20.0,J. Markstrom,2,0.0,6.0,34,22
2025021065,2026-03-16,20252026,REG,LAK,NYR,0,12.0,REG,14.0,4,1,26.0,4.0,D. Kuemper,2,1.0,5.0,26,22
2025021065,2026-03-16,20252026,REG,NYR,LAK,1,12.0,REG,19.0,1,4,20.0,4.0,I. Shesterkin,2,1.0,4.0,22,26
2025021066,2026-03-16,20252026,REG,UTA,DAL,0,5.0,REG,18.0,6,3,26.0,16.0,V. Vanecek,2,1.0,3.0,22,30
2025021066,2026-03-16,20252026,REG,DAL,UTA,1,16.0,REG,17.0,3,6,26.0,16.0,C. DeSmith,2,0.0,3.0,30,22
2025021067,2026-03-16,20252026,REG,PIT,COL,0,19.0,REG,18.0,7,2,19.0,13.0,A. Silovs,2,1.0,5.0,20,27
2025021067,2026-03-16,20252026,REG,COL,PIT,1,12.0,REG,15.0,2,7,11.0,11.0,S. Wedgewood,2,0.0,4.0,27,20
2025021068,2026-03-17,20252026,REG,NYI,TOR,0,8.0,REG,11.0,3,1,9.0,11.0,I. Sorokin,2,2.0,5.0,34,27
2025021068,2026-03-17,20252026,REG,TOR,NYI,1,13.0,REG,13.0,1,3,20.0,17.0,J. Woll,2,0.0,1.0,27,34
2025021069,2026-03-17,20252026,REG,BOS,MTL,0,15.0,OT,19.0,2,3,32.0,2.0,J. Swayman,2,1.0,3.0,28,31
2025021069,2026-03-17,20252026,REG,MTL,BOS,1,12.0,OT,11.0,3,2,26.0,8.0,J. Dobes,2,0.0,6.0,31,28
2025021070,2026-03-17,20252026,REG,CAR,CBJ,0,18.0,REG,17.0,1,5,29.0,17.0,B. Bussi,2,0.0,3.0,29,30
2025021070,2026-03-17,20252026,REG,CBJ,CAR,1,23.0,REG,17.0,5,1,11.0,9.0,J. Greaves,2,2.0,4.0,30,29
2025021071,2026-03-17,20252026,REG,NSH,WPG,0,17.0,SO,8.0,4,3,21.0,8.0,J. Saros,2,1.0,6.0,23,39
2025021071,2026-03-17,20252026,REG,WPG,NSH,1,13.0,SO,11.0,3,4,16.0,2.0,C. Hellebuyck,2,1.0,3.0,39,23
2025021072,2026-03-17,20252026,REG,MIN,CHI,0,14.0,OT,13.0,4,3,23.0,4.0,F. Gustavsson,2,1.0,6.0,37,26
2025021072,2026-03-17,20252026,REG,CHI,MIN,1,15.0,OT,15.0,3,4,9.0,2.0,S. Knight,2,0.0,5.0,26,37
2025021073,2026-03-17,20252026,REG,SJS,EDM,0,16.0,REG,13.0,3,5,22.0,8.0,A. Nedeljkovic,2,0.0,4.0,30,37
2025021073,2026-03-17,20252026,REG,EDM,SJS,1,8.0,REG,16.0,5,3,17.0,2.0,C. Ingram,2,1.0,5.0,37,30
2025021074,2026-03-17,20252026,REG,FLA,VAN,0,10.0,REG,20.0,2,5,27.0,28.0,S. Bobrovsky,2,0.0,5.0,23,22
2025021074,2026-03-17,20252026,REG,VAN,FLA,1,12.0,REG,14.0,5,2,20.0,24.0,K. Lankinen,2,2.0,7.0,22,23
2025021075,2026-03-17,20252026,REG,BUF,VGK,0,14.0,REG,12.0,2,0,19.0,8.0,U. Luukkonen,2,0.0,6.0,25,29
2025021075,2026-03-17,20252026,REG,VGK,BUF,1,12.0,REG,19.0,0,2,28.0,6.0,A. Hill,2,0.0,2.0,29,25
2025021076,2026-03-17,20252026,REG,TBL,SEA,0,7.0,REG,16.0,6,2,21.0,11.0,A. Vasilevskiy,2,1.0,5.0,26,18
2025021076,2026-03-17,20252026,REG,SEA,TBL,1,20.0,REG,20.0,2,6,23.0,11.0,P. Grubauer,2,0.0,4.0,18,26
2025021077,2026-03-18,20252026,REG,NJD,NYR,0,11.0,REG,17.0,6,3,14.0,4.0,J. Markstrom,2,2.0,6.0,39,18
2025021077,2026-03-18,20252026,REG,NYR,NJD,1,8.0,REG,23.0,3,6,25.0,8.0,J. Quick,2,0.0,5.0,18,39
2025021078,2026-03-18,20252026,REG,PIT,CAR,0,16.0,OT,16.0,5,6,24.0,6.0,S. Skinner,2,1.0,5.0,35,44
2025021078,2026-03-18,20252026,REG,CAR,PIT,1,9.0,OT,16.0,6,5,26.0,10.0,F. Andersen,2,1.0,5.0,44,35
2025021079,2026-03-18,20252026,REG,OTT,WSH,0,12.0,REG,12.0,1,4,15.0,4.0,L. Ullmark,2,0.0,2.0,35,25
2025021079,2026-03-18,20252026,REG,WSH,OTT,1,20.0,REG,12.0,4,1,25.0,6.0,L. Thompson,2,1.0,5.0,25,35
2025021080,2026-03-18,20252026,REG,DAL,COL,0,20.0,SO,14.0,2,1,25.0,6.0,J. Oettinger,2,0.0,6.0,18,34
2025021080,2026-03-18,20252026,REG,COL,DAL,1,6.0,SO,11.0,1,2,29.0,4.0,S. Wedgewood,2,1.0,5.0,34,18
2025021081,2026-03-18,20252026,REG,STL,CGY,0,11.0,SO,20.0,1,2,26.0,14.0,J. Hofer,2,0.0,7.0,26,31
2025021081,2026-03-18,20252026,REG,CGY,STL,1,10.0,SO,13.0,2,1,17.0,10.0,D. Cooley,2,0.0,6.0,31,26
2025021082,2026-03-18,20252026,REG,PHI,ANA,0,20.0,OT,20.0,3,2,19.0,15.0,D. Vladar,2,0.0,7.0,28,36
2025021082,2026-03-18,20252026,REG,ANA,PHI,1,11.0,OT,12.0,2,3,20.0,15.0,L. Dostal,2,1.0,2.0,36,28
2025021083,2026-03-19,20252026,REG,WPG,BOS,0,8.0,REG,18.0,1,6,10.0,2.0,C. Hellebuyck,2,1.0,4.0,24,27
2025021083,2026-03-19,20252026,REG,BOS,WPG,1,10.0,REG,11.0,6,1,24.0,8.0,J. Swayman,2,0.0,5.0,27,24
2025021084,2026-03-19,20252026,REG,NYI,OTT,0,10.0,REG,13.0,2,3,19.0,14.0,I. Sorokin,2,0.0,5.0,19,27
2025021084,2026-03-19,20252026,REG,OTT,NYI,1,17.0,REG,15.0,3,2,29.0,18.0,J. Reimer,2,0.0,5.0,27,19
2025021085,2026-03-19,20252026,REG,MTL,DET,0,14.0,REG,18.0,1,3,27.0,8.0,J. Dobes,2,1.0,2.0,33,28
2025021085,2026-03-19,20252026,REG,DET,MTL,1,12.0,REG,19.0,3,1,35.0,8.0,J. Gibson,2,0.0,8.0,28,33
2025021086,2026-03-19,20252026,REG,NYR,CBJ,0,12.0,REG,18.0,3,6,21.0,8.0,I. Shesterkin,2,1.0,5.0,25,37
2025021086,2026-03-19,20252026,REG,CBJ,NYR,1,8.0,REG,11.0,6,3,11.0,12.0,J. Greaves,2,1.0,10.0,37,25
2025021087,2026-03-19,20252026,REG,SEA,NSH,0,13.0,REG,16.0,1,3,14.0,6.0,J. Daccord,2,0.0,3.0,26,28
2025021087,2026-03-19,20252026,REG,NSH,SEA,1,8.0,REG,14.0,3,1,18.0,6.0,J. Annunen,2,1.0,4.0,28,26
2025021088,2026-03-19,20252026,REG,CHI,MIN,0,10.0,REG,11.0,2,1,10.0,18.0,S. Knight,2,0.0,4.0,26,29
2025021088,2026-03-19,20252026,REG,MIN,CHI,1,13.0,REG,15.0,1,2,23.0,18.0,J. Wallstedt,2,0.0,4.0,29,26
2025021089,2026-03-19,20252026,REG,FLA,EDM,0,9.0,REG,17.0,4,0,21.0,4.0,S. Bobrovsky,2,1.0,3.0,23,21
2025021089,2026-03-19,20252026,REG,EDM,FLA,1,14.0,REG,16.0,0,4,28.0,4.0,C. Ingram,2,0.0,7.0,21,23
2025021090,2026-03-19,20252026,REG,TBL,VAN,0,14.0,REG,14.0,6,2,12.0,4.0,A. Vasilevskiy,2,0.0,6.0,31,21
2025021090,2026-03-19,20252026,REG,VAN,TBL,1,6.0,REG,12.0,2,6,25.0,2.0,K. Lankinen,2,0.0,5.0,21,31
2025021091,2026-03-19,20252026,REG,UTA,VGK,0,9.0,REG,23.0,4,0,25.0,9.0,K. Vejmelka,2,0.0,3.0,18,28
2025021091,2026-03-19,20252026,REG,VGK,UTA,1,12.0,REG,13.0,0,4,22.0,9.0,A. Hill,2,0.0,6.0,28,18
2025021092,2026-03-19,20252026,REG,BUF,SJS,0,14.0,REG,10.0,5,0,14.0,4.0,A. Lyon,2,0.0,4.0,16,23
2025021092,2026-03-19,20252026,REG,SJS,BUF,1,16.0,REG,19.0,0,5,27.0,4.0,A. Nedeljkovic,2,0.0,6.0,23,16
2025021093,2026-03-19,20252026,REG,PHI,LAK,0,22.0,SO,16.0,4,3,20.0,8.0,S. Ersson,2,0.0,7.0,20,25
2025021093,2026-03-19,20252026,REG,LAK,PHI,1,17.0,SO,13.0,3,4,18.0,4.0,D. Kuemper,2,1.0,3.0,25,20
2025021094,2026-03-20,20252026,REG,CAR,TOR,0,11.0,OT,9.0,4,3,20.0,4.0,B. Bussi,2,1.0,5.0,36,26
2025021094,2026-03-20,20252026,REG,TOR,CAR,1,21.0,OT,14.0,3,4,21.0,10.0,J. Woll,2,0.0,5.0,26,36
2025021095,2026-03-20,20252026,REG,NJD,WSH,0,14.0,REG,17.0,1,2,18.0,2.0,J. Allen,2,0.0,5.0,31,28
2025021095,2026-03-20,20252026,REG,WSH,NJD,1,11.0,REG,18.0,2,1,17.0,4.0,L. Thompson,2,0.0,4.0,28,31
2025021096,2026-03-20,20252026,REG,COL,CHI,0,6.0,REG,14.0,4,1,19.0,6.0,M. Blackwood,2,2.0,6.0,49,20
2025021096,2026-03-20,20252026,REG,CHI,COL,1,21.0,REG,15.0,1,4,19.0,10.0,A. Soderblom,2,0.0,4.0,20,49
2025021097,2026-03-20,20252026,REG,FLA,CGY,0,7.0,REG,11.0,1,4,27.0,25.0,D. Tarasov,2,0.0,4.0,25,36
2025021097,2026-03-20,20252026,REG,CGY,FLA,1,11.0,REG,16.0,4,1,18.0,6.0,D. Wolf,2,2.0,6.0,36,25
2025021098,2026-03-20,20252026,REG,ANA,UTA,0,28.0,REG,14.0,4,1,20.0,21.0,L. Dostal,2,0.0,5.0,24,30
2025021098,2026-03-20,20252026,REG,UTA,ANA,1,12.0,REG,17.0,1,4,18.0,17.0,V. Vanecek,2,0.0,2.0,30,24
2025021099,2026-03-21,20252026,REG,WPG,PIT,0,12.0,SO,15.0,4,5,15.0,4.0,C. Hellebuyck,2,0.0,4.0,25,32
2025021099,2026-03-21,20252026,REG,PIT,WPG,1,14.0,SO,13.0,5,4,29.0,0.0,A. Silovs,2,0.0,5.0,32,25
2025021100,2026-03-21,20252026,REG,VGK,NSH,0,8.0,REG,13.0,1,4,13.0,12.0,A. Schmid,2,1.0,2.0,40,20
2025021100,2026-03-21,20252026,REG,NSH,VGK,1,15.0,REG,14.0,4,1,13.0,12.0,J. Annunen,2,2.0,8.0,20,40
2025021101,2026-03-21,20252026,REG,DAL,MIN,0,15.0,OT,10.0,1,2,25.0,6.0,J. Oettinger,2,1.0,3.0,30,28
2025021101,2026-03-21,20252026,REG,MIN,DAL,1,22.0,OT,16.0,2,1,36.0,12.0,F. Gustavsson,2,0.0,2.0,28,30
2025021102,2026-03-21,20252026,REG,BUF,LAK,0,16.0,REG,10.0,4,1,15.0,6.0,U. Luukkonen,2,1.0,7.0,33,27
2025021102,2026-03-21,20252026,REG,LAK,BUF,1,15.0,REG,11.0,1,4,27.0,0.0,A. Forsberg,2,1.0,4.0,27,33
2025021103,2026-03-21,20252026,REG,PHI,SJS,0,17.0,REG,11.0,4,1,23.0,16.0,D. Vladar,2,1.0,6.0,28,25
2025021103,2026-03-21,20252026,REG,SJS,PHI,1,10.0,REG,14.0,1,4,19.0,20.0,A. Nedeljkovic,2,1.0,4.0,25,28
2025021104,2026-03-21,20252026,REG,SEA,CBJ,0,13.0,REG,19.0,2,5,14.0,6.0,J. Daccord,2,1.0,4.0,17,28
2025021104,2026-03-21,20252026,REG,CBJ,SEA,1,13.0,REG,10.0,5,2,15.0,2.0,E. Merzlikins,2,0.0,5.0,28,17
2025021105,2026-03-21,20252026,REG,NYI,MTL,0,11.0,REG,11.0,3,7,34.0,30.0,I. Sorokin,2,2.0,3.0,22,36
2025021105,2026-03-21,20252026,REG,MTL,NYI,1,18.0,REG,13.0,7,3,25.0,28.0,J. Fowler,2,3.0,4.0,36,22
2025021106,2026-03-21,20252026,REG,TOR,OTT,0,6.0,REG,17.0,2,5,17.0,10.0,J. Woll,2,0.0,2.0,14,44
2025021106,2026-03-21,20252026,REG,OTT,TOR,1,13.0,REG,14.0,5,2,22.0,8.0,L. Ullmark,2,1.0,10.0,44,14
2025021107,2026-03-21,20252026,REG,STL,VAN,0,15.0,REG,13.0,3,1,18.0,4.0,J. Binnington,2,1.0,6.0,21,15
2025021107,2026-03-21,20252026,REG,VAN,STL,1,16.0,REG,14.0,1,3,26.0,4.0,K. Lankinen,2,1.0,1.0,15,21
2025021108,2026-03-21,20252026,REG,BOS,DET,0,12.0,REG,16.0,4,2,21.0,8.0,J. Swayman,2,1.0,4.0,27,44
2025021108,2026-03-21,20252026,REG,DET,BOS,1,13.0,REG,9.0,2,4,22.0,6.0,J. Gibson,2,1.0,3.0,44,27
2025021109,2026-03-21,20252026,REG,TBL,EDM,0,13.0,REG,19.0,5,2,11.0,18.0,A. Vasilevskiy,2,1.0,5.0,28,27
2025021109,2026-03-21,20252026,REG,EDM,TBL,1,17.0,REG,17.0,2,5,28.0,18.0,C. Ingram,2,0.0,2.0,27,28
2025021110,2026-03-22,20252026,REG,WPG,NYR,0,9.0,SO,11.0,3,2,19.0,6.0,E. Comrie,2,1.0,3.0,37,29
2025021110,2026-03-22,20252026,REG,NYR,WPG,1,12.0,SO,19.0,2,3,31.0,8.0,D. Garand,2,1.0,5.0,29,37
2025021111,2026-03-22,20252026,REG,COL,WSH,0,5.0,OT,13.0,3,2,15.0,10.0,M. Blackwood,2,0.0,7.0,24,22
2025021111,2026-03-22,20252026,REG,WSH,COL,1,14.0,OT,11.0,2,3,18.0,4.0,L. Thompson,2,1.0,2.0,22,24
2025021112,2026-03-22,20252026,REG,CAR,PIT,0,14.0,REG,12.0,5,1,21.0,8.0,F. Andersen,2,3.0,6.0,26,19
2025021112,2026-03-22,20252026,REG,PIT,CAR,1,12.0,REG,17.0,1,5,29.0,14.0,S. Skinner,2,0.0,3.0,19,26
2025021113,2026-03-22,20252026,REG,NSH,CHI,0,10.0,OT,17.0,3,2,29.0,6.0,J. Saros,2,0.0,8.0,33,29
2025021113,2026-03-22,20252026,REG,CHI,NSH,1,5.0,OT,16.0,2,3,19.0,6.0,S. Knight,2,0.0,8.0,29,33
2025021114,2026-03-22,20252026,REG,CBJ,NYI,0,16.0,REG,14.0,0,1,24.0,6.0,J. Greaves,2,0.0,1.0,26,22
2025021114,2026-03-22,20252026,REG,NYI,CBJ,1,16.0,REG,16.0,1,0,24.0,0.0,I. Sorokin,2,0.0,5.0,22,26
2025021115,2026-03-22,20252026,REG,VGK,DAL,0,12.0,REG,14.0,3,2,26.0,6.0,A. Hill,2,1.0,3.0,33,15
2025021115,2026-03-22,20252026,REG,DAL,VGK,1,25.0,REG,11.0,2,3,24.0,6.0,C. DeSmith,2,1.0,5.0,15,33
2025021116,2026-03-22,20252026,REG,TBL,CGY,0,4.0,OT,17.0,3,4,16.0,0.0,J. Johansson,2,0.0,5.0,35,29
2025021116,2026-03-22,20252026,REG,CGY,TBL,1,16.0,OT,19.0,4,3,23.0,2.0,D. Cooley,2,0.0,3.0,29,35
2025021117,2026-03-22,20252026,REG,BUF,ANA,0,8.0,OT,11.0,5,6,12.0,4.0,A. Lyon,2,0.0,2.0,29,33
2025021117,2026-03-22,20252026,REG,ANA,BUF,1,13.0,OT,13.0,6,5,23.0,6.0,V. Husso,2,3.0,9.0,33,29
2025021118,2026-03-22,20252026,REG,LAK,UTA,0,14.0,OT,16.0,3,4,30.0,2.0,D. Kuemper,2,0.0,5.0,36,34
2025021118,2026-03-22,20252026,REG,UTA,LAK,1,20.0,OT,13.0,4,3,31.0,2.0,K. Vejmelka,2,0.0,7.0,34,36
2025021119,2026-03-23,20252026,REG,OTT,NYR,0,12.0,REG,16.0,2,1,20.0,6.0,J. Reimer,2,1.0,5.0,33,10
2025021119,2026-03-23,20252026,REG,NYR,OTT,1,8.0,REG,17.0,1,2,39.0,16.0,I. Shesterkin,2,0.0,4.0,10,33
2025021120,2026-03-24,20252026,REG,TOR,BOS,0,8.0,REG,12.0,4,2,22.0,17.0,A. Stolarz,2,2.0,6.0,35,20
2025021120,2026-03-24,20252026,REG,BOS,TOR,1,6.0,REG,27.0,2,4,16.0,16.0,J. Swayman,2,1.0,3.0,20,35
2025021121,2026-03-24,20252026,REG,CAR,MTL,0,11.0,REG,16.0,2,5,19.0,8.0,F. Andersen,2,1.0,5.0,43,19
2025021121,2026-03-24,20252026,REG,MTL,CAR,1,23.0,REG,12.0,5,2,22.0,6.0,J. Dobes,2,0.0,4.0,19,43
2025021122,2026-03-24,20252026,REG,OTT,DET,0,9.0,REG,18.0,3,2,26.0,15.0,L. Ullmark,2,1.0,6.0,21,35
2025021122,2026-03-24,20252026,REG,DET,OTT,1,14.0,REG,16.0,2,3,13.0,11.0,J. Gibson,2,1.0,4.0,35,21
2025021123,2026-03-24,20252026,REG,SEA,FLA,0,18.0,SO,13.0,4,5,15.0,2.0,J. Daccord,2,0.0,5.0,27,24
2025021123,2026-03-24,20252026,REG,FLA,SEA,1,11.0,SO,16.0,5,4,34.0,2.0,S. Bobrovsky,2,0.0,8.0,24,27
2025021124,2026-03-24,20252026,REG,CHI,NYI,0,14.0,REG,15.0,4,3,17.0,4.0,A. Soderblom,2,0.0,4.0,24,47
2025021124,2026-03-24,20252026,REG,NYI,CHI,1,12.0,REG,9.0,3,4,31.0,4.0,D. Rittich,2,0.0,3.0,47,24
2025021125,2026-03-24,20252026,REG,CBJ,PHI,0,10.0,REG,15.0,3,2,25.0,9.0,J. Greaves,2,0.0,8.0,19,26
2025021125,2026-03-24,20252026,REG,PHI,CBJ,1,11.0,REG,14.0,2,3,13.0,11.0,D. Vladar,2,0.0,3.0,26,19
2025021126,2026-03-24,20252026,REG,COL,PIT,0,20.0,REG,23.0,6,2,14.0,10.0,S. Wedgewood,2,1.0,2.0,30,32
2025021126,2026-03-24,20252026,REG,PIT,COL,1,10.0,REG,15.0,2,6,16.0,8.0,A. Silovs,2,0.0,6.0,32,30
2025021127,2026-03-24,20252026,REG,MIN,TBL,0,19.0,REG,17.0,3,6,20.0,20.0,F. Gustavsson,2,2.0,7.0,24,25
2025021127,2026-03-24,20252026,REG,TBL,MIN,1,10.0,REG,10.0,6,3,20.0,20.0,A. Vasilevskiy,2,3.0,2.0,25,24
2025021128,2026-03-24,20252026,REG,WSH,STL,0,19.0,REG,19.0,0,3,17.0,28.0,L. Thompson,2,0.0,6.0,21,27
2025021128,2026-03-24,20252026,REG,STL,WSH,1,12.0,REG,14.0,3,0,18.0,15.0,J. Hofer,2,0.0,5.0,27,21
2025021129,2026-03-24,20252026,REG,SJS,NSH,0,10.0,REG,15.0,3,6,28.0,4.0,A. Nedeljkovic,2,1.0,4.0,30,19
2025021129,2026-03-24,20252026,REG,NSH,SJS,1,16.0,REG,16.0,6,3,20.0,8.0,J. Saros,2,1.0,6.0,19,30
2025021130,2026-03-24,20252026,REG,NJD,DAL,0,22.0,REG,12.0,6,4,15.0,8.0,J. Allen,2,0.0,4.0,25,27
2025021130,2026-03-24,20252026,REG,DAL,NJD,1,13.0,REG,15.0,4,6,21.0,6.0,J. Oettinger,2,1.0,9.0,27,25
2025021131,2026-03-24,20252026,REG,VGK,WPG,0,14.0,REG,10.0,1,4,11.0,13.0,A. Hill,2,1.0,4.0,27,21
2025021131,2026-03-24,20252026,REG,WPG,VGK,1,9.0,REG,9.0,4,1,22.0,13.0,C. Hellebuyck,2,0.0,6.0,21,27
2025021132,2026-03-24,20252026,REG,EDM,UTA,0,24.0,REG,14.0,5,2,19.0,4.0,T. Jarry,2,0.0,4.0,26,18
2025021132,2026-03-24,20252026,REG,UTA,EDM,1,20.0,REG,13.0,2,5,16.0,0.0,K. Vejmelka,2,1.0,4.0,18,26
2025021133,2026-03-24,20252026,REG,LAK,CGY,0,14.0,SO,16.0,2,3,22.0,6.0,D. Kuemper,2,0.0,6.0,25,23
2025021133,2026-03-24,20252026,REG,CGY,LAK,1,16.0,SO,15.0,3,2,19.0,4.0,D. Wolf,2,1.0,4.0,23,25
2025021134,2026-03-24,20252026,REG,ANA,VAN,0,7.0,REG,18.0,5,3,21.0,4.0,L. Dostal,2,1.0,8.0,34,30
2025021134,2026-03-24,20252026,REG,VAN,ANA,1,8.0,REG,14.0,3,5,13.0,6.0,K. Lankinen,2,2.0,4.0,30,34
2025021135,2026-03-25,20252026,REG,BOS,BUF,0,19.0,OT,15.0,4,3,28.0,8.0,J. Korpisalo,2,0.0,3.0,31,25
2025021135,2026-03-25,20252026,REG,BUF,BOS,1,13.0,OT,11.0,3,4,21.0,8.0,U. Luukkonen,2,2.0,4.0,25,31
2025021136,2026-03-25,20252026,REG,NYR,TOR,0,12.0,REG,14.0,3,4,25.0,4.0,I. Shesterkin,2,2.0,3.0,43,18
2025021136,2026-03-25,20252026,REG,TOR,NYR,1,17.0,REG,13.0,4,3,25.0,8.0,J. Woll,2,0.0,5.0,18,43
2025021137,2026-03-26,20252026,REG,CBJ,MTL,0,8.0,REG,16.0,1,2,27.0,6.0,J. Greaves,2,0.0,5.0,26,20
2025021137,2026-03-26,20252026,REG,MTL,CBJ,1,17.0,REG,8.0,2,1,24.0,4.0,J. Dobes,2,0.0,3.0,20,26
2025021138,2026-03-26,20252026,REG,PIT,OTT,0,15.0,SO,18.0,4,3,15.0,2.0,S. Skinner,2,1.0,8.0,40,29
2025021138,2026-03-26,20252026,REG,OTT,PIT,1,12.0,SO,18.0,3,4,31.0,4.0,L. Ullmark,2,1.0,3.0,29,40
2025021139,2026-03-26,20252026,REG,SEA,TBL,0,27.0,OT,11.0,4,3,20.0,13.0,P. Grubauer,2,0.0,6.0,20,33
2025021139,2026-03-26,20252026,REG,TBL,SEA,1,9.0,OT,17.0,3,4,19.0,13.0,A. Vasilevskiy,2,1.0,4.0,33,20
2025021140,2026-03-26,20252026,REG,MIN,FLA,0,20.0,REG,13.0,3,2,15.0,2.0,J. Wallstedt,2,0.0,4.0,50,20
2025021140,2026-03-26,20252026,REG,FLA,MIN,1,9.0,REG,13.0,2,3,21.0,2.0,D. Tarasov,2,0.0,5.0,20,50
2025021141,2026-03-26,20252026,REG,DAL,NYI,0,10.0,REG,18.0,1,2,21.0,6.0,J. Oettinger,2,0.0,5.0,27,25
2025021141,2026-03-26,20252026,REG,NYI,DAL,1,15.0,REG,17.0,2,1,15.0,4.0,I. Sorokin,2,0.0,4.0,25,27
2025021142,2026-03-26,20252026,REG,CHI,PHI,0,8.0,REG,13.0,1,5,13.0,8.0,S. Knight,2,0.0,1.0,26,42
2025021142,2026-03-26,20252026,REG,PHI,CHI,1,11.0,REG,14.0,5,1,22.0,6.0,S. Ersson,2,0.0,6.0,42,26
2025021143,2026-03-26,20252026,REG,SJS,STL,0,13.0,OT,22.0,1,2,27.0,21.0,Y. Askarov,2,0.0,5.0,25,23
2025021143,2026-03-26,20252026,REG,STL,SJS,1,21.0,OT,12.0,2,1,27.0,9.0,J. Hofer,2,0.0,5.0,23,25
2025021144,2026-03-26,20252026,REG,NJD,NSH,0,17.0,REG,14.0,4,2,21.0,2.0,J. Markstrom,2,1.0,5.0,30,17
2025021144,2026-03-26,20252026,REG,NSH,NJD,1,13.0,REG,13.0,2,4,13.0,24.0,J. Annunen,2,0.0,3.0,17,30
2025021145,2026-03-26,20252026,REG,COL,WPG,0,7.0,REG,14.0,3,2,14.0,15.0,M. Blackwood,2,1.0,4.0,35,24
2025021145,2026-03-26,20252026,REG,WPG,COL,1,22.0,REG,14.0,2,3,25.0,13.0,C. Hellebuyck,2,0.0,3.0,24,35
2025021146,2026-03-26,20252026,REG,WSH,UTA,0,17.0,REG,15.0,7,4,19.0,32.0,L. Thompson,2,1.0,4.0,25,40
2025021146,2026-03-26,20252026,REG,UTA,WSH,1,10.0,REG,15.0,4,7,20.0,50.0,V. Vanecek,2,2.0,5.0,40,25
2025021147,2026-03-26,20252026,REG,ANA,CGY,0,14.0,OT,16.0,3,2,22.0,2.0,V. Husso,2,2.0,6.0,33,25
2025021147,2026-03-26,20252026,REG,CGY,ANA,1,21.0,OT,24.0,2,3,17.0,6.0,D. Cooley,2,0.0,7.0,25,33
2025021148,2026-03-26,20252026,REG,EDM,VGK,0,14.0,OT,13.0,4,3,15.0,15.0,C. Ingram,2,0.0,5.0,29,29
2025021148,2026-03-26,20252026,REG,VGK,EDM,1,20.0,OT,15.0,3,4,21.0,13.0,A. Hill,2,0.0,8.0,29,29
2025021149,2026-03-26,20252026,REG,LAK,VAN,0,13.0,REG,10.0,4,0,23.0,29.0,D. Kuemper,2,1.0,2.0,38,19
2025021149,2026-03-26,20252026,REG,VAN,LAK,1,13.0,REG,16.0,0,4,14.0,39.0,K. Lankinen,2,0.0,4.0,19,38
2025021150,2026-03-27,20252026,REG,DET,BUF,0,14.0,REG,18.0,5,2,11.0,8.0,J. Gibson,2,2.0,6.0,20,30
2025021150,2026-03-27,20252026,REG,BUF,DET,1,6.0,REG,16.0,2,5,27.0,14.0,A. Lyon,2,0.0,6.0,30,20
2025021151,2026-03-27,20252026,REG,CHI,NYR,0,9.0,REG,20.0,1,6,12.0,13.0,A. Soderblom,2,0.0,3.0,28,38
2025021151,2026-03-27,20252026,REG,NYR,CHI,1,9.0,REG,14.0,6,1,22.0,13.0,D. Garand,2,1.0,6.0,38,28
2025021152,2026-03-28,20252026,REG,OTT,TBL,0,24.0,REG,18.0,2,4,23.0,10.0,J. Reimer,2,0.0,7.0,28,27
2025021152,2026-03-28,20252026,REG,TBL,OTT,1,12.0,REG,15.0,4,2,21.0,6.0,A. Vasilevskiy,2,0.0,1.0,27,28
2025021153,2026-03-28,20252026,REG,FLA,NYI,0,10.0,REG,17.0,2,5,21.0,6.0,D. Tarasov,2,0.0,4.0,21,40
2025021153,2026-03-28,20252026,REG,NYI,FLA,1,18.0,REG,17.0,5,2,13.0,2.0,I. Sorokin,2,1.0,3.0,40,21
2025021154,2026-03-28,20252026,REG,ANA,EDM,0,15.0,REG,10.0,2,4,15.0,6.0,L. Dostal,2,0.0,6.0,33,34
2025021154,2026-03-28,20252026,REG,EDM,ANA,1,18.0,REG,15.0,4,2,22.0,6.0,C. Ingram,2,0.0,1.0,34,33
2025021155,2026-03-28,20252026,REG,MIN,BOS,0,11.0,REG,22.0,3,6,19.0,11.0,F. Gustavsson,2,1.0,7.0,34,31
2025021155,2026-03-28,20252026,REG,BOS,MIN,1,23.0,REG,17.0,6,3,20.0,13.0,J. Swayman,2,0.0,3.0,31,34
2025021156,2026-03-28,20252026,REG,DAL,PIT,0,24.0,REG,12.0,6,3,12.0,6.0,J. Oettinger,2,2.0,4.0,26,12
2025021156,2026-03-28,20252026,REG,PIT,DAL,1,13.0,REG,17.0,3,6,19.0,8.0,S. Skinner,2,1.0,3.0,12,26
2025021157,2026-03-28,20252026,REG,NJD,CAR,0,15.0,REG,17.0,2,5,26.0,2.0,J. Markstrom,2,0.0,4.0,19,34
2025021157,2026-03-28,20252026,REG,CAR,NJD,1,9.0,REG,21.0,5,2,12.0,6.0,B. Bussi,2,1.0,7.0,34,19
2025021158,2026-03-28,20252026,REG,SJS,CBJ,0,8.0,REG,25.0,3,2,16.0,2.0,A. Nedeljkovic,2,1.0,4.0,36,24
2025021158,2026-03-28,20252026,REG,CBJ,SJS,1,11.0,REG,12.0,2,3,17.0,4.0,E. Merzlikins,2,0.0,6.0,24,36
2025021159,2026-03-28,20252026,REG,SEA,BUF,0,17.0,SO,13.0,2,3,14.0,11.0,P. Grubauer,2,0.0,6.0,34,36
2025021159,2026-03-28,20252026,REG,BUF,SEA,1,10.0,SO,18.0,3,2,27.0,13.0,U. Luukkonen,2,1.0,6.0,36,34
2025021160,2026-03-28,20252026,REG,TOR,STL,0,10.0,REG,25.0,1,5,23.0,4.0,J. Woll,2,0.0,6.0,13,38
2025021160,2026-03-28,20252026,REG,STL,TOR,1,6.0,REG,8.0,5,1,13.0,6.0,J. Binnington,2,1.0,3.0,38,13
2025021161,2026-03-28,20252026,REG,MTL,NSH,0,16.0,REG,19.0,4,1,20.0,8.0,J. Fowler,2,0.0,5.0,32,24
2025021161,2026-03-28,20252026,REG,NSH,MTL,1,7.0,REG,18.0,1,4,25.0,16.0,J. Saros,2,0.0,3.0,24,32
2025021162,2026-03-28,20252026,REG,WPG,COL,0,18.0,REG,13.0,4,2,32.0,8.0,C. Hellebuyck,2,0.0,7.0,21,23
2025021162,2026-03-28,20252026,REG,COL,WPG,1,16.0,REG,14.0,2,4,21.0,6.0,M. Blackwood,2,1.0,5.0,23,21
2025021163,2026-03-28,20252026,REG,PHI,DET,0,14.0,REG,14.0,5,3,25.0,6.0,D. Vladar,2,2.0,4.0,26,35
2025021163,2026-03-28,20252026,REG,DET,PHI,1,9.0,REG,12.0,3,5,22.0,16.0,J. Gibson,2,0.0,6.0,35,26
2025021164,2026-03-28,20252026,REG,UTA,LAK,0,13.0,REG,12.0,6,2,21.0,4.0,K. Vejmelka,2,2.0,6.0,28,31
2025021164,2026-03-28,20252026,REG,LAK,UTA,1,24.0,REG,17.0,2,6,36.0,6.0,D. Kuemper,2,0.0,2.0,31,28
2025021165,2026-03-28,20252026,REG,VAN,CGY,0,12.0,REG,19.0,3,7,32.0,11.0,N. Tolopilo,2,1.0,8.0,34,23
2025021165,2026-03-28,20252026,REG,CGY,VAN,1,11.0,REG,21.0,7,3,18.0,13.0,D. Wolf,2,2.0,5.0,23,34
2025021166,2026-03-28,20252026,REG,WSH,VGK,0,13.0,SO,20.0,5,4,18.0,8.0,L. Thompson,2,2.0,8.0,22,29
2025021166,2026-03-28,20252026,REG,VGK,WSH,1,11.0,SO,19.0,4,5,15.0,12.0,A. Hill,2,1.0,3.0,29,22
2025021167,2026-03-29,20252026,REG,FLA,NYR,0,10.0,REG,9.0,1,3,15.0,7.0,S. Bobrovsky,2,0.0,4.0,27,22
2025021167,2026-03-29,20252026,REG,NYR,FLA,1,21.0,REG,15.0,3,1,24.0,11.0,I. Shesterkin,2,0.0,6.0,22,27
2025021168,2026-03-29,20252026,REG,NSH,TBL,0,12.0,REG,15.0,2,3,19.0,8.0,J. Annunen,2,0.0,3.0,31,28
2025021168,2026-03-29,20252026,REG,TBL,NSH,1,13.0,REG,13.0,3,2,18.0,18.0,J. Johansson,2,0.0,6.0,28,31
2025021169,2026-03-29,20252026,REG,MTL,CAR,0,32.0,REG,13.0,3,1,21.0,4.0,J. Dobes,2,1.0,4.0,18,35
2025021169,2026-03-29,20252026,REG,CAR,MTL,1,12.0,REG,12.0,1,3,29.0,6.0,F. Andersen,2,1.0,4.0,35,18
2025021170,2026-03-29,20252026,REG,BOS,CBJ,0,14.0,SO,14.0,4,3,21.0,16.0,J. Swayman,2,2.0,4.0,39,25
2025021170,2026-03-29,20252026,REG,CBJ,BOS,1,24.0,SO,15.0,3,4,23.0,20.0,J. Greaves,2,1.0,5.0,25,39
2025021171,2026-03-29,20252026,REG,CHI,NJD,0,20.0,REG,15.0,3,5,13.0,4.0,S. Knight,2,1.0,2.0,31,40
2025021171,2026-03-29,20252026,REG,NJD,CHI,1,14.0,REG,23.0,5,3,23.0,6.0,J. Allen,2,1.0,6.0,40,31
2025021172,2026-03-29,20252026,REG,DAL,PHI,0,5.0,OT,9.0,1,2,14.0,6.0,C. DeSmith,2,0.0,4.0,18,30
2025021172,2026-03-29,20252026,REG,PHI,DAL,1,10.0,OT,12.0,2,1,31.0,4.0,S. Ersson,2,1.0,7.0,30,18
2025021173,2026-03-30,20252026,REG,PIT,NYI,0,17.0,REG,16.0,8,3,16.0,11.0,A. Silovs,2,0.0,6.0,32,23
2025021173,2026-03-30,20252026,REG,NYI,PIT,1,14.0,REG,13.0,3,8,16.0,9.0,I. Sorokin,2,1.0,5.0,23,32
2025021174,2026-03-30,20252026,REG,CGY,COL,0,15.0,REG,15.0,2,9,15.0,8.0,D. Wolf,2,0.0,5.0,29,49
2025021174,2026-03-30,20252026,REG,COL,CGY,1,12.0,REG,16.0,9,2,15.0,2.0,S. Wedgewood,2,3.0,6.0,49,29
2025021175,2026-03-30,20252026,REG,VAN,VGK,0,15.0,REG,6.0,2,4,25.0,11.0,K. Lankinen,2,1.0,2.0,24,34
2025021175,2026-03-30,20252026,REG,VGK,VAN,1,4.0,REG,10.0,4,2,33.0,9.0,A. Hill,2,0.0,4.0,34,24
2025021176,2026-03-30,20252026,REG,TOR,ANA,0,15.0,OT,14.0,5,4,28.0,64.0,A. Stolarz,2,2.0,4.0,29,32
2025021176,2026-03-30,20252026,REG,ANA,TOR,1,10.0,OT,23.0,4,5,15.0,32.0,V. Husso,2,1.0,6.0,32,29
2025021177,2026-03-30,20252026,REG,STL,SJS,0,15.0,REG,11.0,4,5,15.0,8.0,J. Hofer,2,2.0,1.0,26,29
2025021177,2026-03-30,20252026,REG,SJS,STL,1,15.0,REG,11.0,5,4,18.0,4.0,Y. Askarov,2,3.0,3.0,29,26
2025021178,2026-03-31,20252026,REG,DAL,BOS,0,12.0,REG,17.0,3,6,24.0,4.0,J. Oettinger,2,1.0,4.0,16,24
2025021178,2026-03-31,20252026,REG,BOS,DAL,1,8.0,REG,20.0,6,3,24.0,6.0,J. Korpisalo,2,1.0,4.0,24,16
2025021179,2026-03-31,20252026,REG,NYI,BUF,0,10.0,REG,12.0,3,4,26.0,15.0,I. Sorokin,2,1.0,6.0,28,33
2025021179,2026-03-31,20252026,REG,BUF,NYI,1,15.0,REG,19.0,4,3,25.0,13.0,U. Luukkonen,2,2.0,1.0,33,28
2025021180,2026-03-31,20252026,REG,MTL,TBL,0,17.0,REG,8.0,4,1,23.0,32.0,J. Dobes,2,1.0,4.0,23,37
2025021180,2026-03-31,20252026,REG,TBL,MTL,1,9.0,REG,17.0,1,4,21.0,30.0,A. Vasilevskiy,2,0.0,4.0,37,23
2025021181,2026-03-31,20252026,REG,OTT,FLA,0,6.0,REG,15.0,3,6,17.0,6.0,L. Ullmark,2,0.0,4.0,26,29
2025021181,2026-03-31,20252026,REG,FLA,OTT,1,14.0,REG,11.0,6,3,18.0,23.0,D. Tarasov,2,2.0,1.0,29,26
2025021182,2026-03-31,20252026,REG,NJD,NYR,0,10.0,REG,21.0,1,4,19.0,6.0,J. Markstrom,2,1.0,6.0,23,23
2025021182,2026-03-31,20252026,REG,NYR,NJD,1,17.0,REG,13.0,4,1,33.0,6.0,I. Shesterkin,2,1.0,4.0,23,23
2025021183,2026-03-31,20252026,REG,DET,PIT,0,13.0,REG,17.0,1,5,32.0,11.0,J. Gibson,2,1.0,5.0,23,32
2025021183,2026-03-31,20252026,REG,PIT,DET,1,13.0,REG,13.0,5,1,18.0,9.0,S. Skinner,2,0.0,6.0,32,23
2025021184,2026-03-31,20252026,REG,PHI,WSH,0,11.0,REG,18.0,4,6,34.0,10.0,D. Vladar,2,0.0,3.0,24,18
2025021184,2026-03-31,20252026,REG,WSH,PHI,1,21.0,REG,9.0,6,4,25.0,12.0,L. Thompson,2,2.0,7.0,18,24
2025021185,2026-03-31,20252026,REG,CAR,CBJ,0,10.0,REG,16.0,5,2,18.0,6.0,B. Bussi,2,3.0,5.0,33,25
2025021185,2026-03-31,20252026,REG,CBJ,CAR,1,15.0,REG,12.0,2,5,23.0,8.0,J. Greaves,2,0.0,4.0,25,33
2025021186,2026-03-31,20252026,REG,WPG,CHI,0,12.0,OT,12.0,4,3,27.0,4.0,C. Hellebuyck,2,1.0,5.0,24,21
2025021186,2026-03-31,20252026,REG,CHI,WPG,1,9.0,OT,12.0,3,4,20.0,2.0,S. Knight,2,0.0,7.0,21,24
2025021187,2026-03-31,20252026,REG,SEA,EDM,0,8.0,REG,12.0,0,3,13.0,2.0,P. Grubauer,2,0.0,5.0,27,24
2025021187,2026-03-31,20252026,REG,EDM,SEA,1,16.0,REG,8.0,3,0,17.0,6.0,C. Ingram,2,0.0,7.0,24,27
2025021188,2026-04-01,20252026,REG,VAN,COL,0,14.0,REG,8.0,8,6,21.0,4.0,K. Lankinen,2,1.0,5.0,26,30
2025021188,2026-04-01,20252026,REG,COL,VAN,1,8.0,REG,21.0,6,8,11.0,6.0,M. Blackwood,2,0.0,2.0,30,26
2025021189,2026-04-01,20252026,REG,STL,LAK,0,14.0,OT,16.0,1,2,15.0,11.0,J. Binnington,2,0.0,4.0,24,26
2025021189,2026-04-01,20252026,REG,LAK,STL,1,23.0,OT,19.0,2,1,26.0,11.0,A. Forsberg,2,1.0,7.0,26,24
2025021190,2026-04-01,20252026,REG,ANA,SJS,0,15.0,REG,9.0,3,4,20.0,11.0,L. Dostal,2,0.0,5.0,31,21
2025021190,2026-04-01,20252026,REG,SJS,ANA,1,9.0,REG,16.0,4,3,25.0,13.0,Y. Askarov,2,1.0,9.0,21,31
2025021191,2026-04-02,20252026,REG,BUF,OTT,0,16.0,REG,12.0,1,4,24.0,19.0,U. Luukkonen,2,0.0,4.0,22,24
2025021191,2026-04-02,20252026,REG,OTT,BUF,1,10.0,REG,10.0,4,1,32.0,9.0,L. Ullmark,2,0.0,3.0,24,22
2025021192,2026-04-02,20252026,REG,PIT,TBL,0,18.0,REG,15.0,3,6,21.0,8.0,S. Skinner,2,1.0,4.0,24,33
2025021192,2026-04-02,20252026,REG,TBL,PIT,1,10.0,REG,17.0,6,3,18.0,10.0,A. Vasilevskiy,2,0.0,4.0,33,24
2025021193,2026-04-02,20252026,REG,BOS,FLA,0,18.0,REG,20.0,1,2,22.0,2.0,J. Swayman,2,0.0,4.0,29,24
2025021193,2026-04-02,20252026,REG,FLA,BOS,1,18.0,REG,11.0,2,1,22.0,4.0,S. Bobrovsky,2,0.0,6.0,24,29
2025021194,2026-04-02,20252026,REG,WSH,NJD,0,17.0,REG,13.0,3,7,18.0,16.0,L. Thompson,2,1.0,5.0,32,30
2025021194,2026-04-02,20252026,REG,NJD,WSH,1,18.0,REG,23.0,7,3,12.0,18.0,J. Allen,2,1.0,3.0,30,32
2025021195,2026-04-02,20252026,REG,MTL,NYR,0,13.0,REG,15.0,3,2,22.0,4.0,J. Fowler,2,0.0,3.0,25,24
2025021195,2026-04-02,20252026,REG,NYR,MTL,1,5.0,REG,18.0,2,3,27.0,4.0,I. Shesterkin,2,0.0,5.0,24,25
2025021196,2026-04-02,20252026,REG,DET,PHI,0,16.0,REG,12.0,4,2,21.0,2.0,J. Gibson,2,1.0,6.0,19,34
2025021196,2026-04-02,20252026,REG,PHI,DET,1,9.0,REG,13.0,2,4,31.0,4.0,S. Ersson,2,0.0,3.0,34,19
2025021197,2026-04-02,20252026,REG,CBJ,CAR,0,14.0,REG,17.0,1,5,18.0,6.0,E. Merzlikins,2,0.0,8.0,10,21
2025021197,2026-04-02,20252026,REG,CAR,CBJ,1,19.0,REG,18.0,5,1,19.0,8.0,F. Andersen,2,1.0,5.0,21,10
2025021198,2026-04-02,20252026,REG,WPG,DAL,0,5.0,REG,11.0,0,3,14.0,19.0,C. Hellebuyck,2,0.0,3.0,22,21
2025021198,2026-04-02,20252026,REG,DAL,WPG,1,15.0,REG,21.0,3,0,20.0,23.0,J. Oettinger,2,1.0,5.0,21,22
2025021199,2026-04-02,20252026,REG,VAN,MIN,0,11.0,REG,16.0,2,5,22.0,4.0,N. Tolopilo,2,1.0,4.0,33,39
2025021199,2026-04-02,20252026,REG,MIN,VAN,1,19.0,REG,18.0,5,2,17.0,4.0,F. Gustavsson,2,0.0,2.0,39,33
2025021200,2026-04-02,20252026,REG,CHI,EDM,0,14.0,REG,13.0,1,3,9.0,6.0,S. Knight,2,0.0,7.0,18,39
2025021200,2026-04-02,20252026,REG,EDM,CHI,1,20.0,REG,12.0,3,1,18.0,2.0,T. Jarry,2,1.0,3.0,39,18
2025021201,2026-04-02,20252026,REG,CGY,VGK,0,21.0,REG,14.0,3,6,24.0,12.0,D. Wolf,2,0.0,3.0,22,34
2025021201,2026-04-02,20252026,REG,VGK,CGY,1,9.0,REG,24.0,6,3,23.0,4.0,C. Hart,2,1.0,4.0,34,22
2025021202,2026-04-02,20252026,REG,TOR,SJS,0,16.0,REG,14.0,1,4,21.0,4.0,A. Stolarz,2,1.0,7.0,20,25
2025021202,2026-04-02,20252026,REG,SJS,TOR,1,16.0,REG,18.0,4,1,17.0,2.0,A. Nedeljkovic,2,0.0,4.0,25,20
2025021203,2026-04-02,20252026,REG,UTA,SEA,0,13.0,REG,20.0,6,2,13.0,6.0,K. Vejmelka,2,3.0,7.0,31,27
2025021203,2026-04-02,20252026,REG,SEA,UTA,1,11.0,REG,11.0,2,6,24.0,12.0,J. Daccord,2,0.0,4.0,27,31
2025021204,2026-04-02,20252026,REG,NSH,LAK,0,16.0,SO,11.0,5,4,19.0,6.0,J. Saros,2,0.0,7.0,34,33
2025021204,2026-04-02,20252026,REG,LAK,NSH,1,15.0,SO,19.0,4,5,32.0,6.0,D. Kuemper,2,0.0,1.0,33,34
2025021205,2026-04-03,20252026,REG,PHI,NYI,0,23.0,REG,13.0,4,1,25.0,6.0,D. Vladar,2,0.0,5.0,21,22
2025021205,2026-04-03,20252026,REG,NYI,PHI,1,10.0,REG,13.0,1,4,26.0,4.0,I. Sorokin,2,0.0,5.0,22,21
2025021206,2026-04-03,20252026,REG,STL,ANA,0,14.0,REG,14.0,6,2,19.0,8.0,J. Hofer,2,2.0,6.0,29,27
2025021206,2026-04-03,20252026,REG,ANA,STL,1,10.0,REG,16.0,2,6,25.0,10.0,L. Dostal,2,0.0,4.0,27,29
2025021207,2026-04-04,20252026,REG,DET,NYR,0,15.0,REG,10.0,1,4,14.0,9.0,J. Gibson,2,0.0,4.0,33,20
2025021207,2026-04-04,20252026,REG,NYR,DET,1,17.0,REG,12.0,4,1,23.0,13.0,J. Quick,2,1.0,4.0,20,33
2025021208,2026-04-04,20252026,REG,MIN,OTT,0,13.0,REG,10.0,4,1,30.0,16.0,J. Wallstedt,2,0.0,5.0,23,34
2025021208,2026-04-04,20252026,REG,OTT,MIN,1,11.0,REG,14.0,1,4,18.0,14.0,L. Ullmark,2,0.0,6.0,34,23
2025021209,2026-04-04,20252026,REG,COL,DAL,0,11.0,REG,15.0,2,0,22.0,6.0,S. Wedgewood,2,0.0,8.0,22,17
2025021209,2026-04-04,20252026,REG,DAL,COL,1,12.0,REG,11.0,0,2,17.0,4.0,C. DeSmith,2,0.0,1.0,17,22
2025021210,2026-04-04,20252026,REG,BOS,TBL,0,14.0,REG,15.0,1,3,11.0,2.0,J. Swayman,2,0.0,4.0,22,23
2025021210,2026-04-04,20252026,REG,TBL,BOS,1,13.0,REG,11.0,3,1,20.0,8.0,A. Vasilevskiy,2,0.0,3.0,23,22
2025021211,2026-04-04,20252026,REG,FLA,PIT,0,14.0,REG,21.0,4,9,18.0,11.0,S. Bobrovsky,2,0.0,0.0,23,31
2025021211,2026-04-04,20252026,REG,PIT,FLA,1,11.0,REG,17.0,9,4,10.0,5.0,A. Silovs,2,3.0,6.0,31,23
2025021212,2026-04-04,20252026,REG,MTL,NJD,0,6.0,SO,12.0,4,3,16.0,2.0,J. Dobes,2,1.0,6.0,29,38
2025021212,2026-04-04,20252026,REG,NJD,MTL,1,13.0,SO,13.0,3,4,17.0,10.0,J. Allen,2,0.0,1.0,38,29
2025021213,2026-04-04,20252026,REG,BUF,WSH,0,8.0,REG,17.0,2,6,17.0,14.0,A. Lyon,2,0.0,3.0,39,28
2025021213,2026-04-04,20252026,REG,WSH,BUF,1,11.0,REG,17.0,6,2,14.0,20.0,L. Thompson,2,0.0,9.0,28,39
2025021214,2026-04-04,20252026,REG,NYI,CAR,0,19.0,REG,15.0,3,4,23.0,8.0,I. Sorokin,2,0.0,4.0,16,40
2025021214,2026-04-04,20252026,REG,CAR,NYI,1,7.0,REG,6.0,4,3,21.0,4.0,B. Bussi,2,0.0,5.0,40,16
2025021215,2026-04-04,20252026,REG,WPG,CBJ,0,12.0,REG,17.0,2,1,28.0,2.0,C. Hellebuyck,2,0.0,3.0,26,16
2025021215,2026-04-04,20252026,REG,CBJ,WPG,1,16.0,REG,11.0,1,2,16.0,2.0,J. Greaves,2,0.0,3.0,16,26
2025021216,2026-04-04,20252026,REG,UTA,VAN,0,15.0,REG,10.0,7,4,15.0,12.0,K. Vejmelka,2,1.0,4.0,25,23
2025021216,2026-04-04,20252026,REG,VAN,UTA,1,10.0,REG,17.0,4,7,21.0,12.0,N. Tolopilo,2,2.0,4.0,23,25
2025021217,2026-04-04,20252026,REG,TOR,LAK,0,16.0,OT,10.0,6,7,27.0,12.0,J. Woll,2,2.0,4.0,20,40
2025021217,2026-04-04,20252026,REG,LAK,TOR,1,12.0,OT,12.0,7,6,18.0,12.0,D. Kuemper,2,0.0,2.0,40,20
2025021218,2026-04-04,20252026,REG,VGK,EDM,0,15.0,REG,19.0,5,1,16.0,6.0,C. Hart,2,1.0,8.0,33,32
2025021218,2026-04-04,20252026,REG,EDM,VGK,1,11.0,REG,14.0,1,5,34.0,4.0,C. Ingram,2,0.0,3.0,32,33
2025021219,2026-04-04,20252026,REG,CGY,ANA,0,16.0,REG,20.0,5,3,27.0,6.0,D. Cooley,2,0.0,3.0,20,39
2025021219,2026-04-04,20252026,REG,ANA,CGY,1,13.0,REG,12.0,3,5,21.0,2.0,V. Husso,2,1.0,6.0,39,20
2025021220,2026-04-04,20252026,REG,NSH,SJS,0,17.0,REG,13.0,6,3,25.0,14.0,J. Saros,2,2.0,6.0,34,27
2025021220,2026-04-04,20252026,REG,SJS,NSH,1,17.0,REG,14.0,3,6,32.0,14.0,Y. Askarov,2,0.0,4.0,27,34
2025021221,2026-04-04,20252026,REG,CHI,SEA,0,20.0,REG,16.0,4,2,17.0,4.0,A. Soderblom,2,1.0,6.0,31,27
2025021221,2026-04-04,20252026,REG,SEA,CHI,1,12.0,REG,13.0,2,4,16.0,6.0,P. Grubauer,2,0.0,6.0,27,31
2025021222,2026-04-05,20252026,REG,MIN,DET,0,25.0,REG,12.0,5,4,25.0,2.0,F. Gustavsson,2,1.0,4.0,20,24
2025021222,2026-04-05,20252026,REG,DET,MIN,1,8.0,REG,14.0,4,5,18.0,4.0,C. Talbot,2,0.0,4.0,24,20
2025021223,2026-04-05,20252026,REG,FLA,PIT,0,9.0,REG,14.0,2,5,28.0,23.0,D. Tarasov,2,1.0,4.0,31,23
2025021223,2026-04-05,20252026,REG,PIT,FLA,1,16.0,REG,13.0,5,2,7.0,21.0,A. Silovs,2,1.0,4.0,23,31
2025021224,2026-04-05,20252026,REG,BOS,PHI,0,12.0,OT,18.0,1,2,19.0,12.0,J. Korpisalo,2,1.0,4.0,19,31
2025021224,2026-04-05,20252026,REG,PHI,BOS,1,14.0,OT,8.0,2,1,21.0,4.0,D. Vladar,2,1.0,5.0,31,19
2025021225,2026-04-05,20252026,REG,CAR,OTT,0,11.0,REG,16.0,3,6,30.0,4.0,F. Andersen,2,1.0,3.0,28,31
2025021225,2026-04-05,20252026,REG,OTT,CAR,1,22.0,REG,18.0,6,3,28.0,4.0,L. Ullmark,2,2.0,5.0,31,28
2025021226,2026-04-05,20252026,REG,NJD,MTL,0,19.0,REG,19.0,3,0,20.0,45.0,J. Markstrom,2,0.0,7.0,20,18
2025021226,2026-04-05,20252026,REG,MTL,NJD,1,11.0,REG,13.0,0,3,27.0,11.0,J. Fowler,2,0.0,3.0,18,20
2025021227,2026-04-05,20252026,REG,WSH,NYR,0,20.0,REG,8.0,1,8,26.0,23.0,C. Lindgren,2,0.0,4.0,21,33
2025021227,2026-04-05,20252026,REG,NYR,WSH,1,13.0,REG,16.0,8,1,23.0,21.0,I. Shesterkin,2,2.0,5.0,33,21
2025021228,2026-04-05,20252026,REG,STL,COL,0,12.0,REG,16.0,3,2,14.0,6.0,J. Hofer,2,0.0,4.0,29,28
2025021228,2026-04-05,20252026,REG,COL,STL,1,9.0,REG,15.0,2,3,13.0,8.0,M. Blackwood,2,0.0,4.0,28,29
2025021229,2026-04-06,20252026,REG,TBL,BUF,0,10.0,REG,17.0,2,4,28.0,12.0,A. Vasilevskiy,2,1.0,5.0,25,30
2025021229,2026-04-06,20252026,REG,BUF,TBL,1,10.0,REG,11.0,4,2,22.0,14.0,U. Luukkonen,2,0.0,4.0,30,25
2025021230,2026-04-06,20252026,REG,SEA,WPG,0,10.0,REG,14.0,2,6,16.0,6.0,P. Grubauer,2,0.0,5.0,24,31
2025021230,2026-04-06,20252026,REG,WPG,SEA,1,11.0,REG,13.0,6,2,27.0,0.0,C. Hellebuyck,2,3.0,3.0,31,24
2025021231,2026-04-06,20252026,REG,CHI,SJS,0,12.0,REG,14.0,2,3,8.0,4.0,S. Knight,2,1.0,5.0,29,23
2025021231,2026-04-06,20252026,REG,SJS,CHI,1,8.0,REG,18.0,3,2,27.0,6.0,A. Nedeljkovic,2,0.0,2.0,23,29
2025021232,2026-04-06,20252026,REG,NSH,LAK,0,20.0,SO,18.0,2,3,24.0,0.0,J. Saros,2,1.0,3.0,31,28
2025021232,2026-04-06,20252026,REG,LAK,NSH,1,18.0,SO,13.0,3,2,18.0,4.0,A. Forsberg,2,0.0,6.0,28,31
2025021233,2026-04-07,20252026,REG,FLA,MTL,0,18.0,SO,13.0,3,4,29.0,8.0,D. Tarasov,2,0.0,7.0,33,32
2025021233,2026-04-07,20252026,REG,MTL,FLA,1,11.0,SO,13.0,4,3,26.0,4.0,J. Dobes,2,1.0,5.0,32,33
2025021234,2026-04-07,20252026,REG,TBL,OTT,0,12.0,REG,18.0,2,6,15.0,6.0,J. Johansson,2,0.0,4.0,30,32
2025021234,2026-04-07,20252026,REG,OTT,TBL,1,12.0,REG,11.0,6,2,19.0,4.0,L. Ullmark,2,2.0,4.0,32,30
2025021235,2026-04-07,20252026,REG,CBJ,DET,0,23.0,SO,15.0,4,3,20.0,4.0,J. Greaves,2,1.0,6.0,35,37
2025021235,2026-04-07,20252026,REG,DET,CBJ,1,25.0,SO,14.0,3,4,26.0,8.0,J. Gibson,2,1.0,5.0,37,35
2025021236,2026-04-07,20252026,REG,PHI,NJD,0,15.0,REG,20.0,5,1,15.0,4.0,D. Vladar,2,1.0,1.0,20,24
2025021236,2026-04-07,20252026,REG,NJD,PHI,1,3.0,REG,18.0,1,5,17.0,4.0,J. Markstrom,2,0.0,7.0,24,20
2025021237,2026-04-07,20252026,REG,BOS,CAR,0,10.0,OT,22.0,5,6,18.0,8.0,J. Swayman,2,0.0,2.0,21,41
2025021237,2026-04-07,20252026,REG,CAR,BOS,1,11.0,OT,17.0,6,5,30.0,2.0,B. Bussi,2,1.0,4.0,41,21
2025021238,2026-04-07,20252026,REG,COL,STL,0,16.0,REG,11.0,3,1,11.0,6.0,S. Wedgewood,2,0.0,2.0,37,19
2025021238,2026-04-07,20252026,REG,STL,COL,1,14.0,REG,19.0,1,3,22.0,2.0,J. Hofer,2,0.0,5.0,19,37
2025021239,2026-04-07,20252026,REG,CGY,DAL,0,14.0,OT,20.0,3,4,13.0,10.0,D. Cooley,2,1.0,7.0,20,25
2025021239,2026-04-07,20252026,REG,DAL,CGY,1,16.0,OT,16.0,4,3,19.0,4.0,J. Oettinger,2,1.0,5.0,25,20
2025021240,2026-04-07,20252026,REG,SEA,MIN,0,11.0,REG,14.0,2,5,9.0,9.0,J. Daccord,2,0.0,3.0,27,29
2025021240,2026-04-07,20252026,REG,MIN,SEA,1,18.0,REG,20.0,5,2,15.0,13.0,J. Wallstedt,2,0.0,5.0,29,27
2025021241,2026-04-07,20252026,REG,EDM,UTA,0,13.0,OT,14.0,5,6,24.0,6.0,T. Jarry,2,1.0,2.0,26,31
2025021241,2026-04-07,20252026,REG,UTA,EDM,1,6.0,OT,27.0,6,5,19.0,6.0,K. Vejmelka,2,1.0,5.0,31,26
2025021242,2026-04-07,20252026,REG,VGK,VAN,0,20.0,REG,11.0,2,1,22.0,4.0,C. Hart,2,0.0,1.0,29,11
2025021242,2026-04-07,20252026,REG,VAN,VGK,1,16.0,REG,9.0,1,2,27.0,2.0,N. Tolopilo,2,0.0,7.0,11,29
2025021243,2026-04-07,20252026,REG,NSH,ANA,0,16.0,REG,16.0,5,0,11.0,10.0,J. Annunen,2,1.0,3.0,25,43
2025021243,2026-04-07,20252026,REG,ANA,NSH,1,9.0,REG,16.0,0,5,19.0,8.0,L. Dostal,2,0.0,4.0,43,25
2025021244,2026-04-08,20252026,REG,BUF,NYR,0,19.0,REG,15.0,5,3,19.0,6.0,U. Luukkonen,2,0.0,6.0,27,20
2025021244,2026-04-08,20252026,REG,NYR,BUF,1,11.0,REG,12.0,3,5,26.0,8.0,I. Shesterkin,2,2.0,4.0,20,27
2025021245,2026-04-08,20252026,REG,WSH,TOR,0,18.0,REG,14.0,4,0,16.0,6.0,L. Thompson,2,0.0,7.0,20,22
2025021245,2026-04-08,20252026,REG,TOR,WSH,1,12.0,REG,16.0,0,4,13.0,4.0,A. Stolarz,2,0.0,4.0,22,20
2025021246,2026-04-08,20252026,REG,EDM,SJS,0,12.0,REG,12.0,5,2,33.0,2.0,C. Ingram,2,3.0,2.0,26,14
2025021246,2026-04-08,20252026,REG,SJS,EDM,1,15.0,REG,19.0,2,5,19.0,6.0,A. Nedeljkovic,2,1.0,7.0,14,26
2025021247,2026-04-09,20252026,REG,CBJ,BUF,0,9.0,REG,16.0,0,5,18.0,4.0,J. Greaves,2,0.0,4.0,37,24
2025021247,2026-04-09,20252026,REG,BUF,CBJ,1,20.0,REG,10.0,5,0,15.0,8.0,C. Ellis,2,0.0,4.0,24,37
2025021248,2026-04-09,20252026,REG,TBL,MTL,0,13.0,REG,17.0,1,2,29.0,71.0,A. Vasilevskiy,2,0.0,5.0,18,21
2025021248,2026-04-09,20252026,REG,MTL,TBL,1,9.0,REG,15.0,2,1,34.0,55.0,J. Dobes,2,0.0,6.0,21,18
2025021249,2026-04-09,20252026,REG,FLA,OTT,0,13.0,REG,11.0,1,5,28.0,2.0,S. Bobrovsky,2,0.0,4.0,23,26
2025021249,2026-04-09,20252026,REG,OTT,FLA,1,14.0,REG,10.0,5,1,21.0,2.0,L. Ullmark,2,1.0,3.0,26,23
2025021250,2026-04-09,20252026,REG,PHI,DET,0,13.0,REG,12.0,3,6,30.0,12.0,D. Vladar,2,1.0,3.0,27,22
2025021250,2026-04-09,20252026,REG,DET,PHI,1,12.0,REG,9.0,6,3,20.0,16.0,J. Gibson,2,3.0,4.0,22,27
2025021251,2026-04-09,20252026,REG,PIT,NJD,0,8.0,REG,15.0,5,2,7.0,2.0,S. Skinner,2,0.0,4.0,30,21
2025021251,2026-04-09,20252026,REG,NJD,PIT,1,18.0,REG,19.0,2,5,12.0,2.0,J. Allen,2,0.0,5.0,21,30
2025021252,2026-04-09,20252026,REG,TOR,NYI,0,13.0,REG,12.0,3,5,21.0,20.0,A. Akhtyamov,2,1.0,3.0,16,44
2025021252,2026-04-09,20252026,REG,NYI,TOR,1,11.0,REG,16.0,5,3,24.0,2.0,I. Sorokin,2,2.0,3.0,44,16
2025021253,2026-04-09,20252026,REG,WPG,STL,0,13.0,REG,10.0,3,2,14.0,8.0,C. Hellebuyck,2,0.0,2.0,34,22
2025021253,2026-04-09,20252026,REG,STL,WPG,1,10.0,REG,14.0,2,3,19.0,2.0,J. Binnington,2,1.0,3.0,22,34
2025021254,2026-04-09,20252026,REG,MIN,DAL,0,11.0,REG,8.0,4,5,25.0,12.0,F. Gustavsson,2,3.0,5.0,31,20
2025021254,2026-04-09,20252026,REG,DAL,MIN,1,13.0,REG,12.0,5,4,18.0,20.0,J. Oettinger,2,0.0,4.0,20,31
2025021255,2026-04-09,20252026,REG,CAR,CHI,0,10.0,REG,15.0,7,2,14.0,10.0,F. Andersen,2,0.0,5.0,22,25
2025021255,2026-04-09,20252026,REG,CHI,CAR,1,16.0,REG,18.0,2,7,14.0,4.0,S. Knight,2,0.0,3.0,25,22
2025021256,2026-04-09,20252026,REG,CGY,COL,0,19.0,REG,14.0,1,3,19.0,6.0,D. Wolf,2,0.0,4.0,29,41
2025021256,2026-04-09,20252026,REG,COL,CGY,1,12.0,REG,12.0,3,1,11.0,4.0,M. Blackwood,2,1.0,3.0,41,29
2025021257,2026-04-09,20252026,REG,NSH,UTA,0,11.0,REG,18.0,1,4,18.0,16.0,J. Saros,2,1.0,2.0,30,27
2025021257,2026-04-09,20252026,REG,UTA,NSH,1,12.0,REG,15.0,4,1,21.0,4.0,K. Vejmelka,2,1.0,4.0,27,30
2025021258,2026-04-09,20252026,REG,SJS,ANA,0,9.0,REG,20.0,1,6,33.0,8.0,Y. Askarov,2,0.0,4.0,19,30
2025021258,2026-04-09,20252026,REG,ANA,SJS,1,22.0,REG,14.0,6,1,19.0,2.0,L. Dostal,2,2.0,9.0,30,19
2025021259,2026-04-09,20252026,REG,VGK,SEA,0,15.0,SO,18.0,3,4,23.0,2.0,A. Hill,2,1.0,7.0,35,33
2025021259,2026-04-09,20252026,REG,SEA,VGK,1,13.0,SO,13.0,4,3,20.0,2.0,J. Daccord,2,1.0,8.0,33,35
2025021260,2026-04-09,20252026,REG,VAN,LAK,0,11.0,REG,17.0,1,4,21.0,2.0,N. Tolopilo,2,0.0,4.0,25,26
2025021260,2026-04-09,20252026,REG,LAK,VAN,1,15.0,REG,17.0,4,1,19.0,2.0,A. Forsberg,2,0.0,3.0,26,25
2025021261,2026-04-11,20252026,REG,TBL,BOS,0,14.0,REG,20.0,2,1,27.0,4.0,A. Vasilevskiy,2,0.0,8.0,24,21
2025021261,2026-04-11,20252026,REG,BOS,TBL,1,13.0,REG,16.0,1,2,23.0,4.0,J. Swayman,2,0.0,5.0,21,24
2025021262,2026-04-11,20252026,REG,OTT,NYI,0,15.0,REG,12.0,3,0,27.0,15.0,L. Ullmark,2,1.0,3.0,16,23
2025021262,2026-04-11,20252026,REG,NYI,OTT,1,12.0,REG,10.0,0,3,26.0,15.0,I. Sorokin,2,0.0,5.0,23,16
2025021263,2026-04-11,20252026,REG,WSH,PIT,0,15.0,REG,17.0,6,3,17.0,0.0,L. Thompson,2,1.0,3.0,32,11
2025021263,2026-04-11,20252026,REG,PIT,WSH,1,16.0,REG,18.0,3,6,21.0,4.0,A. Silovs,2,0.0,3.0,11,32
2025021264,2026-04-11,20252026,REG,EDM,LAK,0,16.0,REG,14.0,0,1,28.0,4.0,C. Ingram,2,0.0,6.0,27,21
2025021264,2026-04-11,20252026,REG,LAK,EDM,1,21.0,REG,10.0,1,0,30.0,4.0,A. Forsberg,2,0.0,4.0,21,27
2025021265,2026-04-11,20252026,REG,NJD,DET,0,11.0,REG,11.0,5,3,13.0,2.0,J. Allen,2,0.0,2.0,33,28
2025021265,2026-04-11,20252026,REG,DET,NJD,1,14.0,REG,11.0,3,5,21.0,0.0,J. Gibson,2,0.0,3.0,28,33
2025021266,2026-04-11,20252026,REG,STL,CHI,0,9.0,REG,23.0,5,3,14.0,4.0,J. Hofer,2,1.0,4.0,28,34
2025021266,2026-04-11,20252026,REG,CHI,STL,1,12.0,REG,15.0,3,5,9.0,2.0,A. Soderblom,2,0.0,6.0,34,28
2025021267,2026-04-11,20252026,REG,MIN,NSH,0,14.0,REG,12.0,1,2,21.0,4.0,J. Wallstedt,2,0.0,4.0,22,22
2025021267,2026-04-11,20252026,REG,NSH,MIN,1,15.0,REG,16.0,2,1,18.0,4.0,J. Annunen,2,0.0,5.0,22,22
2025021268,2026-04-11,20252026,REG,NYR,DAL,0,9.0,REG,13.0,0,2,22.0,15.0,I. Shesterkin,2,0.0,6.0,22,19
2025021268,2026-04-11,20252026,REG,DAL,NYR,1,19.0,REG,12.0,2,0,14.0,17.0,J. Oettinger,2,1.0,3.0,19,22
2025021269,2026-04-11,20252026,REG,CAR,UTA,0,18.0,REG,10.0,4,1,17.0,15.0,F. Andersen,2,1.0,4.0,29,27
2025021269,2026-04-11,20252026,REG,UTA,CAR,1,16.0,REG,18.0,1,4,24.0,11.0,K. Vejmelka,2,1.0,5.0,27,29
2025021270,2026-04-11,20252026,REG,FLA,TOR,0,15.0,REG,10.0,6,2,23.0,2.0,D. Tarasov,2,0.0,3.0,25,19
2025021270,2026-04-11,20252026,REG,TOR,FLA,1,14.0,REG,12.0,2,6,26.0,0.0,J. Woll,2,1.0,4.0,19,25
2025021271,2026-04-11,20252026,REG,CBJ,MTL,0,11.0,REG,17.0,5,2,15.0,12.0,J. Greaves,2,1.0,5.0,33,22
2025021271,2026-04-11,20252026,REG,MTL,CBJ,1,18.0,REG,14.0,2,5,22.0,12.0,J. Dobes,2,1.0,1.0,22,33
2025021272,2026-04-11,20252026,REG,PHI,WPG,0,17.0,REG,10.0,7,1,25.0,6.0,D. Vladar,2,0.0,5.0,23,28
2025021272,2026-04-11,20252026,REG,WPG,PHI,1,13.0,REG,23.0,1,7,20.0,4.0,C. Hellebuyck,2,0.0,6.0,28,23
2025021273,2026-04-11,20252026,REG,CGY,SEA,0,17.0,REG,6.0,1,4,13.0,4.0,D. Cooley,2,0.0,5.0,27,21
2025021273,2026-04-11,20252026,REG,SEA,CGY,1,11.0,REG,15.0,4,1,12.0,2.0,N. Kokko,2,0.0,7.0,21,27
2025021274,2026-04-11,20252026,REG,VGK,COL,0,12.0,OT,10.0,3,2,18.0,6.0,C. Hart,2,1.0,7.0,29,32
2025021274,2026-04-11,20252026,REG,COL,VGK,1,20.0,OT,17.0,2,3,13.0,6.0,M. Blackwood,2,1.0,5.0,32,29
2025021275,2026-04-11,20252026,REG,VAN,SJS,0,12.0,SO,20.0,4,3,18.0,4.0,K. Lankinen,2,2.0,3.0,41,32
2025021275,2026-04-11,20252026,REG,SJS,VAN,1,13.0,SO,16.0,3,4,28.0,6.0,Y. Askarov,2,0.0,4.0,32,41
2025021276,2026-04-12,20252026,REG,PIT,WSH,0,13.0,REG,14.0,0,3,10.0,2.0,S. Skinner,2,0.0,8.0,24,27
2025021276,2026-04-12,20252026,REG,WSH,PIT,1,15.0,REG,19.0,3,0,18.0,4.0,L. Thompson,2,0.0,5.0,27,24
2025021277,2026-04-12,20252026,REG,MTL,NYI,0,13.0,REG,11.0,4,1,23.0,6.0,J. Fowler,2,1.0,5.0,22,33
2025021277,2026-04-12,20252026,REG,NYI,MTL,1,11.0,REG,9.0,1,4,16.0,6.0,I. Sorokin,2,0.0,4.0,33,22
2025021278,2026-04-12,20252026,REG,BOS,CBJ,0,11.0,REG,14.0,3,2,12.0,6.0,J. Korpisalo,2,0.0,4.0,22,35
2025021278,2026-04-12,20252026,REG,CBJ,BOS,1,4.0,REG,13.0,2,3,20.0,0.0,J. Greaves,2,0.0,3.0,35,22
2025021279,2026-04-12,20252026,REG,OTT,NJD,0,9.0,OT,11.0,3,4,16.0,8.0,J. Reimer,2,1.0,8.0,30,30
2025021279,2026-04-12,20252026,REG,NJD,OTT,1,7.0,OT,21.0,4,3,12.0,8.0,N. Daws,2,1.0,2.0,30,30
2025021280,2026-04-12,20252026,REG,VAN,ANA,0,10.0,OT,15.0,4,3,16.0,14.0,N. Tolopilo,2,2.0,4.0,26,27
2025021280,2026-04-12,20252026,REG,ANA,VAN,1,9.0,OT,20.0,3,4,26.0,16.0,L. Dostal,2,1.0,6.0,27,26
2025021281,2026-04-12,20252026,REG,UTA,CGY,0,13.0,REG,21.0,1,4,20.0,4.0,V. Vanecek,2,0.0,8.0,29,23
2025021281,2026-04-12,20252026,REG,CGY,UTA,1,16.0,REG,18.0,4,1,7.0,4.0,D. Wolf,2,0.0,5.0,23,29
2025021282,2026-04-13,20252026,REG,DET,TBL,0,10.0,OT,10.0,3,4,12.0,2.0,C. Talbot,2,0.0,5.0,30,22
2025021282,2026-04-13,20252026,REG,TBL,DET,1,15.0,OT,16.0,4,3,12.0,6.0,A. Vasilevskiy,2,0.0,2.0,22,30
2025021283,2026-04-13,20252026,REG,NYR,FLA,0,14.0,REG,12.0,2,3,28.0,4.0,J. Quick,2,0.0,3.0,27,16
2025021283,2026-04-13,20252026,REG,FLA,NYR,1,12.0,REG,10.0,3,2,31.0,6.0,D. Tarasov,2,0.0,1.0,16,27
2025021284,2026-04-13,20252026,REG,CAR,PHI,0,14.0,SO,18.0,2,3,27.0,4.0,B. Bussi,2,1.0,7.0,26,23
2025021284,2026-04-13,20252026,REG,PHI,CAR,1,23.0,SO,15.0,3,2,32.0,2.0,D. Vladar,2,1.0,5.0,23,26
2025021285,2026-04-13,20252026,REG,DAL,TOR,0,11.0,REG,18.0,6,5,11.0,4.0,C. DeSmith,2,1.0,7.0,32,27
2025021285,2026-04-13,20252026,REG,TOR,DAL,1,10.0,REG,12.0,5,6,27.0,6.0,A. Akhtyamov,2,1.0,3.0,27,32
2025021286,2026-04-13,20252026,REG,MIN,STL,0,8.0,REG,14.0,3,6,23.0,13.0,F. Gustavsson,2,1.0,2.0,31,22
2025021286,2026-04-13,20252026,REG,STL,MIN,1,6.0,REG,17.0,6,3,15.0,13.0,J. Hofer,2,0.0,5.0,22,31
2025021287,2026-04-13,20252026,REG,SJS,NSH,0,14.0,REG,18.0,3,2,28.0,2.0,A. Nedeljkovic,2,1.0,3.0,23,28
2025021287,2026-04-13,20252026,REG,NSH,SJS,1,11.0,REG,11.0,2,3,18.0,2.0,J. Annunen,2,0.0,6.0,28,23
2025021288,2026-04-13,20252026,REG,BUF,CHI,0,10.0,REG,12.0,5,1,20.0,8.0,U. Luukkonen,2,0.0,8.0,26,16
2025021288,2026-04-13,20252026,REG,CHI,BUF,1,8.0,REG,23.0,1,5,8.0,4.0,S. Knight,2,0.0,2.0,16,26
2025021289,2026-04-13,20252026,REG,COL,EDM,0,15.0,SO,16.0,2,1,12.0,6.0,S. Wedgewood,2,0.0,3.0,32,31
2025021289,2026-04-13,20252026,REG,EDM,COL,1,26.0,SO,12.0,1,2,22.0,6.0,C. Ingram,2,0.0,3.0,31,32
2025021290,2026-04-13,20252026,REG,WPG,VGK,0,12.0,REG,9.0,2,6,16.0,18.0,C. Hellebuyck,2,1.0,3.0,23,38
2025021290,2026-04-13,20252026,REG,VGK,WPG,1,10.0,REG,14.0,6,2,16.0,14.0,C. Hart,2,2.0,6.0,38,23
2025021291,2026-04-13,20252026,REG,LAK,SEA,0,18.0,REG,18.0,5,3,16.0,7.0,A. Forsberg,2,1.0,2.0,30,33
2025021291,2026-04-13,20252026,REG,SEA,LAK,1,11.0,REG,11.0,3,5,20.0,11.0,N. Kokko,2,0.0,5.0,33,30
2025021292,2026-04-14,20252026,REG,NJD,BOS,0,9.0,REG,24.0,0,4,8.0,0.0,N. Daws,2,0.0,3.0,21,26
2025021292,2026-04-14,20252026,REG,BOS,NJD,1,22.0,REG,14.0,4,0,13.0,2.0,J. Swayman,2,0.0,7.0,26,21
2025021293,2026-04-14,20252026,REG,CAR,NYI,0,17.0,REG,16.0,2,1,11.0,4.0,B. Bussi,1,0.0,3.0,21,30
2025021293,2026-04-14,20252026,REG,NYI,CAR,1,7.0,REG,20.0,1,2,10.0,2.0,D. Rittich,2,0.0,3.0,30,21
2025021294,2026-04-14,20252026,REG,MTL,PHI,0,7.0,REG,10.0,2,4,26.0,4.0,J. Dobes,2,0.0,3.0,29,25
2025021294,2026-04-14,20252026,REG,PHI,MTL,1,15.0,REG,21.0,4,2,21.0,10.0,S. Ersson,2,0.0,4.0,25,29
2025021295,2026-04-14,20252026,REG,WSH,CBJ,0,11.0,REG,12.0,2,1,14.0,0.0,C. Stevenson,2,1.0,2.0,21,28
2025021295,2026-04-14,20252026,REG,CBJ,WSH,1,16.0,REG,23.0,1,2,3.0,6.0,J. Greaves,2,0.0,7.0,28,21
2025021296,2026-04-14,20252026,REG,ANA,MIN,0,7.0,REG,27.0,2,3,16.0,2.0,L. Dostal,2,1.0,4.0,37,20
2025021296,2026-04-14,20252026,REG,MIN,ANA,1,16.0,REG,10.0,3,2,25.0,8.0,J. Wallstedt,2,0.0,8.0,20,37
2025021297,2026-04-14,20252026,REG,WPG,UTA,0,15.0,REG,14.0,3,5,17.0,10.0,E. Comrie,2,2.0,3.0,24,36
2025021297,2026-04-14,20252026,REG,UTA,WPG,1,8.0,REG,18.0,5,3,19.0,6.0,K. Vejmelka,2,2.0,6.0,36,24
2025021298,2026-04-14,20252026,REG,COL,CGY,0,8.0,REG,18.0,3,1,9.0,4.0,M. Blackwood,2,0.0,5.0,38,31
2025021298,2026-04-14,20252026,REG,CGY,COL,1,10.0,REG,17.0,1,3,13.0,6.0,D. Wolf,2,0.0,6.0,31,38
2025021299,2026-04-14,20252026,REG,PIT,STL,0,10.0,REG,21.0,5,7,15.0,6.0,S. Skinner,2,0.0,7.0,23,31
2025021299,2026-04-14,20252026,REG,STL,PIT,1,14.0,REG,15.0,7,5,20.0,4.0,J. Binnington,2,1.0,4.0,31,23
2025021300,2026-04-14,20252026,REG,LAK,VAN,0,13.0,OT,10.0,3,4,18.0,11.0,D. Kuemper,2,0.0,3.0,34,25
2025021300,2026-04-14,20252026,REG,VAN,LAK,1,8.0,OT,17.0,4,3,20.0,11.0,K. Lankinen,2,1.0,3.0,25,34
2025021301,2026-04-15,20252026,REG,DAL,BUF,0,14.0,SO,11.0,4,3,21.0,6.0,J. Oettinger,2,1.0,8.0,28,24
2025021301,2026-04-15,20252026,REG,BUF,DAL,1,14.0,SO,13.0,3,4,23.0,6.0,C. Ellis,2,0.0,4.0,24,28
2025021302,2026-04-15,20252026,REG,NYR,TBL,0,16.0,REG,12.0,4,2,23.0,10.0,D. Garand,2,1.0,4.0,21,31
2025021302,2026-04-15,20252026,REG,TBL,NYR,1,11.0,REG,19.0,2,4,18.0,10.0,B. Halverson,2,0.0,4.0,31,21
2025021303,2026-04-15,20252026,REG,DET,FLA,0,9.0,REG,20.0,1,8,17.0,2.0,J. Gibson,2,0.0,4.0,26,28
2025021303,2026-04-15,20252026,REG,FLA,DET,1,17.0,REG,12.0,8,1,10.0,6.0,D. Tarasov,2,1.0,4.0,28,26
2025021304,2026-04-15,20252026,REG,TOR,OTT,0,13.0,REG,22.0,1,3,28.0,6.0,D. Hildeby,2,0.0,3.0,20,38
2025021304,2026-04-15,20252026,REG,OTT,TOR,1,7.0,REG,17.0,3,1,27.0,4.0,J. Reimer,2,2.0,5.0,38,20
2025021305,2026-04-15,20252026,REG,SJS,CHI,0,10.0,REG,15.0,2,5,26.0,6.0,Y. Askarov,2,1.0,8.0,17,24
2025021305,2026-04-15,20252026,REG,CHI,SJS,1,14.0,REG,11.0,5,2,13.0,8.0,S. Knight,2,0.0,3.0,24,17
2025021306,2026-04-15,20252026,REG,SEA,VGK,0,15.0,REG,12.0,1,4,22.0,4.0,N. Kokko,2,0.0,4.0,23,26
2025021306,2026-04-15,20252026,REG,VGK,SEA,1,11.0,REG,18.0,4,1,19.0,0.0,C. Hart,2,0.0,3.0,26,23
2025021307,2026-04-16,20252026,REG,ANA,NSH,0,11.0,REG,12.0,5,4,16.0,6.0,V. Husso,2,1.0,5.0,40,21
2025021307,2026-04-16,20252026,REG,NSH,ANA,1,16.0,REG,14.0,4,5,10.0,12.0,J. Saros,2,2.0,5.0,21,40
2025021308,2026-04-16,20252026,REG,SJS,WPG,0,10.0,REG,10.0,6,1,15.0,16.0,A. Nedeljkovic,2,1.0,7.0,33,27
2025021308,2026-04-16,20252026,REG,WPG,SJS,1,7.0,REG,15.0,1,6,10.0,8.0,E. Comrie,2,0.0,4.0,27,33
2025021309,2026-04-16,20252026,REG,STL,UTA,0,13.0,REG,12.0,5,3,17.0,2.0,J. Hofer,2,0.0,5.0,29,23
2025021309,2026-04-16,20252026,REG,UTA,STL,1,11.0,REG,15.0,3,5,17.0,4.0,K. Vejmelka,2,0.0,2.0,23,29
2025021310,2026-04-16,20252026,REG,LAK,CGY,0,17.0,REG,12.0,1,3,12.0,8.0,A. Forsberg,2,0.0,6.0,28,20
2025021310,2026-04-16,20252026,REG,CGY,LAK,1,22.0,REG,26.0,3,1,16.0,6.0,A. Sergeev,2,1.0,3.0,20,28
2025021311,2026-04-16,20252026,REG,VAN,EDM,0,19.0,REG,15.0,1,6,14.0,18.0,K. Lankinen,2,0.0,2.0,12,35
2025021311,2026-04-16,20252026,REG,EDM,VAN,1,11.0,REG,9.0,6,1,21.0,14.0,C. Ingram,2,2.0,6.0,35,12
2025021312,2026-04-16,20252026,REG,SEA,COL,0,19.0,REG,17.0,0,2,22.0,10.0,V. Ostman,2,0.0,6.0,22,35
2025021312,2026-04-16,20252026,REG,COL,SEA,1,8.0,REG,12.0,2,0,12.0,6.0,S. Wedgewood,2,0.0,4.0,35,22
2025030131,2026-04-18,20252026,POST,OTT,CAR,0,13.0,REG,15.0,0,2,39.0,19.0,L. Ullmark,2,0.0,4.0,22,29
2025030131,2026-04-18,20252026,POST,CAR,OTT,1,11.0,REG,14.0,2,0,57.0,15.0,F. Andersen,2,0.0,5.0,29,22
2025030141,2026-04-18,20252026,POST,PHI,PIT,0,14.0,REG,10.0,3,2,40.0,8.0,D. Vladar,2,0.0,5.0,20,18
2025030141,2026-04-18,20252026,POST,PIT,PHI,1,9.0,REG,15.0,2,3,41.0,10.0,S. Skinner,2,0.0,3.0,18,20
2025030161,2026-04-18,20252026,POST,MIN,DAL,0,17.0,REG,8.0,6,1,49.0,10.0,J. Wallstedt,2,2.0,3.0,29,28
2025030161,2026-04-18,20252026,POST,DAL,MIN,1,7.0,REG,14.0,1,6,39.0,10.0,J. Oettinger,2,1.0,7.0,28,29
2025030111,2026-04-19,20252026,POST,BOS,BUF,0,14.0,REG,13.0,3,4,38.0,12.0,J. Swayman,2,1.0,5.0,20,38
2025030111,2026-04-19,20252026,POST,BUF,BOS,1,11.0,REG,13.0,4,3,53.0,10.0,U. Luukkonen,2,0.0,5.0,38,20
2025030121,2026-04-19,20252026,POST,MTL,TBL,0,17.0,OT,16.0,4,3,42.0,14.0,J. Dobes,2,3.0,6.0,19,23
2025030121,2026-04-19,20252026,POST,TBL,MTL,1,10.0,OT,7.0,3,4,44.0,12.0,A. Vasilevskiy,2,2.0,7.0,23,19
2025030151,2026-04-19,20252026,POST,LAK,COL,0,22.0,REG,14.0,1,2,49.0,10.0,A. Forsberg,2,1.0,4.0,25,32
2025030151,2026-04-19,20252026,POST,COL,LAK,1,21.0,REG,14.0,2,1,35.0,8.0,S. Wedgewood,2,0.0,6.0,32,25
2025030171,2026-04-19,20252026,POST,UTA,VGK,0,19.0,REG,19.0,2,4,31.0,8.0,K. Vejmelka,2,0.0,4.0,33,31
2025030171,2026-04-19,20252026,POST,VGK,UTA,1,17.0,REG,16.0,4,2,51.0,8.0,C. Hart,2,1.0,4.0,31,33
2025030132,2026-04-20,20252026,POST,OTT,CAR,0,26.0,OT,27.0,2,3,52.0,4.0,L. Ullmark,2,0.0,11.0,39,49
2025030132,2026-04-20,20252026,POST,CAR,OTT,1,27.0,OT,30.0,3,2,43.0,8.0,F. Andersen,2,1.0,7.0,49,39
2025030142,2026-04-20,20252026,POST,PHI,PIT,0,23.0,REG,19.0,3,0,48.0,30.0,D. Vladar,2,0.0,3.0,24,27
2025030142,2026-04-20,20252026,POST,PIT,PHI,1,8.0,REG,13.0,0,3,32.0,50.0,S. Skinner,2,0.0,4.0,27,24
2025030162,2026-04-20,20252026,POST,MIN,DAL,0,16.0,REG,12.0,2,4,35.0,14.0,J. Wallstedt,2,0.0,4.0,30,32
2025030162,2026-04-20,20252026,POST,DAL,MIN,1,14.0,REG,11.0,4,2,27.0,12.0,J. Oettinger,2,2.0,5.0,32,30
2025030181,2026-04-20,20252026,POST,ANA,EDM,0,19.0,REG,14.0,3,4,37.0,4.0,L. Dostal,2,1.0,2.0,28,34
2025030181,2026-04-20,20252026,POST,EDM,ANA,1,19.0,REG,17.0,4,3,46.0,4.0,C. Ingram,2,0.0,7.0,34,28
2025030112,2026-04-21,20252026,POST,BOS,BUF,0,27.0,REG,20.0,4,2,32.0,47.0,J. Swayman,2,1.0,5.0,27,35
2025030112,2026-04-21,20252026,POST,BUF,BOS,1,10.0,REG,15.0,2,4,30.0,47.0,U. Luukkonen,2,0.0,2.0,35,27
2025030122,2026-04-21,20252026,POST,MTL,TBL,0,25.0,OT,20.0,2,3,43.0,25.0,J. Dobes,2,1.0,7.0,27,34
2025030122,2026-04-21,20252026,POST,TBL,MTL,1,15.0,OT,15.0,3,2,34.0,27.0,A. Vasilevskiy,2,0.0,5.0,34,27
2025030152,2026-04-21,20252026,POST,LAK,COL,0,26.0,OT,13.0,1,2,23.0,8.0,A. Forsberg,2,1.0,3.0,25,36
2025030152,2026-04-21,20252026,POST,COL,LAK,1,26.0,OT,19.0,2,1,29.0,12.0,S. Wedgewood,2,0.0,5.0,36,25
2025030172,2026-04-21,20252026,POST,UTA,VGK,0,17.0,REG,17.0,3,2,39.0,12.0,K. Vejmelka,2,0.0,6.0,29,21
2025030172,2026-04-21,20252026,POST,VGK,UTA,1,15.0,REG,15.0,2,3,33.0,14.0,C. Hart,2,1.0,5.0,21,29
2025030143,2026-04-22,20252026,POST,PIT,PHI,0,13.0,REG,12.0,2,5,27.0,22.0,S. Skinner,2,2.0,2.0,29,29
2025030143,2026-04-22,20252026,POST,PHI,PIT,1,13.0,REG,15.0,5,2,44.0,28.0,D. Vladar,2,2.0,7.0,29,29
2025030163,2026-04-22,20252026,POST,DAL,MIN,0,31.0,OT,16.0,4,3,34.0,16.0,J. Oettinger,2,3.0,4.0,36,32
2025030163,2026-04-22,20252026,POST,MIN,DAL,1,17.0,OT,16.0,3,4,37.0,18.0,J. Wallstedt,2,1.0,9.0,32,36
2025030182,2026-04-22,20252026,POST,ANA,EDM,0,13.0,REG,15.0,6,4,32.0,8.0,L. Dostal,2,2.0,5.0,28,37
2025030182,2026-04-22,20252026,POST,EDM,ANA,1,13.0,REG,19.0,4,6,39.0,6.0,C. Ingram,2,0.0,7.0,37,28
2025030113,2026-04-23,20252026,POST,BUF,BOS,0,9.0,REG,9.0,3,1,38.0,10.0,A. Lyon,2,0.0,6.0,30,25
2025030113,2026-04-23,20252026,POST,BOS,BUF,1,15.0,REG,18.0,1,3,35.0,12.0,J. Swayman,2,0.0,5.0,25,30
2025030133,2026-04-23,20252026,POST,CAR,OTT,0,17.0,REG,20.0,2,1,30.0,8.0,F. Andersen,2,0.0,3.0,27,22
2025030133,2026-04-23,20252026,POST,OTT,CAR,1,18.0,REG,15.0,1,2,45.0,6.0,L. Ullmark,2,0.0,4.0,22,27
2025030153,2026-04-23,20252026,POST,COL,LAK,0,15.0,REG,13.0,4,2,24.0,10.0,S. Wedgewood,2,0.0,4.0,23,26
2025030153,2026-04-23,20252026,POST,LAK,COL,1,15.0,REG,12.0,2,4,32.0,6.0,A. Forsberg,2,1.0,3.0,26,23
2025030123,2026-04-24,20252026,POST,TBL,MTL,0,14.0,OT,9.0,2,3,31.0,14.0,A. Vasilevskiy,2,1.0,8.0,17,29
2025030123,2026-04-24,20252026,POST,MTL,TBL,1,19.0,OT,17.0,3,2,36.0,12.0,J. Dobes,2,0.0,3.0,29,17
2025030173,2026-04-24,20252026,POST,VGK,UTA,0,12.0,REG,12.0,2,4,42.0,4.0,C. Hart,2,0.0,5.0,32,12
2025030173,2026-04-24,20252026,POST,UTA,VGK,1,20.0,REG,23.0,4,2,41.0,10.0,K. Vejmelka,2,1.0,4.0,12,32
2025030183,2026-04-24,20252026,POST,EDM,ANA,0,12.0,REG,14.0,4,7,31.0,13.0,C. Ingram,2,1.0,5.0,25,39
2025030183,2026-04-24,20252026,POST,ANA,EDM,1,9.0,REG,16.0,7,4,33.0,11.0,L. Dostal,2,1.0,3.0,39,25
2025030134,2026-04-25,20252026,POST,CAR,OTT,0,13.0,REG,11.0,4,2,33.0,20.0,F. Andersen,2,1.0,6.0,30,27
2025030134,2026-04-25,20252026,POST,OTT,CAR,1,21.0,REG,18.0,2,4,37.0,14.0,L. Ullmark,2,1.0,2.0,27,30
2025030144,2026-04-25,20252026,POST,PIT,PHI,0,15.0,REG,14.0,4,2,36.0,6.0,A. Silovs,2,1.0,7.0,22,30
2025030144,2026-04-25,20252026,POST,PHI,PIT,1,18.0,REG,15.0,2,4,29.0,18.0,D. Vladar,2,0.0,3.0,30,22
2025030164,2026-04-25,20252026,POST,DAL,MIN,0,20.0,OT,15.0,2,3,22.0,8.0,J. Oettinger,2,2.0,3.0,45,42
2025030164,2026-04-25,20252026,POST,MIN,DAL,1,16.0,OT,19.0,3,2,42.0,4.0,J. Wallstedt,2,0.0,4.0,42,45
2025030114,2026-04-26,20252026,POST,BUF,BOS,0,17.0,REG,13.0,6,1,23.0,18.0,A. Lyon,2,0.0,4.0,35,24
2025030114,2026-04-26,20252026,POST,BOS,BUF,1,12.0,REG,17.0,1,6,42.0,23.0,J. Swayman,2,0.0,3.0,24,35
2025030124,2026-04-26,20252026,POST,TBL,MTL,0,14.0,REG,15.0,3,2,28.0,16.0,A. Vasilevskiy,2,1.0,5.0,20,18
2025030124,2026-04-26,20252026,POST,MTL,TBL,1,13.0,REG,4.0,2,3,50.0,16.0,J. Dobes,2,1.0,7.0,18,20
2025030154,2026-04-26,20252026,POST,COL,LAK,0,17.0,REG,15.0,5,1,21.0,8.0,S. Wedgewood,2,1.0,4.0,32,25
2025030154,2026-04-26,20252026,POST,LAK,COL,1,13.0,REG,12.0,1,5,50.0,26.0,A. Forsberg,2,0.0,6.0,25,32
2025030184,2026-04-26,20252026,POST,EDM,ANA,0,17.0,OT,16.0,3,4,25.0,8.0,T. Jarry,2,2.0,5.0,27,38
2025030184,2026-04-26,20252026,POST,ANA,EDM,1,14.0,OT,18.0,4,3,35.0,4.0,L. Dostal,2,2.0,4.0,38,27
2025030145,2026-04-27,20252026,POST,PHI,PIT,0,16.0,REG,11.0,2,3,42.0,10.0,D. Vladar,2,0.0,4.0,20,21
2025030145,2026-04-27,20252026,POST,PIT,PHI,1,15.0,REG,22.0,3,2,37.0,8.0,A. Silovs,2,0.0,4.0,21,20
2025030174,2026-04-27,20252026,POST,VGK,UTA,0,22.0,OT,22.0,5,4,41.0,6.0,C. Hart,2,0.0,4.0,36,31
2025030174,2026-04-27,20252026,POST,UTA,VGK,1,21.0,OT,18.0,4,5,57.0,6.0,K. Vejmelka,2,0.0,5.0,31,36
2025030115,2026-04-28,20252026,POST,BOS,BUF,0,23.0,OT,20.0,2,1,43.0,6.0,J. Swayman,2,0.0,7.0,29,26
2025030115,2026-04-28,20252026,POST,BUF,BOS,1,16.0,OT,22.0,1,2,27.0,6.0,A. Lyon,2,1.0,2.0,26,29
2025030165,2026-04-28,20252026,POST,MIN,DAL,0,26.0,REG,17.0,4,2,24.0,10.0,J. Wallstedt,2,1.0,3.0,28,22
2025030165,2026-04-28,20252026,POST,DAL,MIN,1,9.0,REG,14.0,2,4,20.0,6.0,J. Oettinger,2,1.0,4.0,22,28
2025030185,2026-04-28,20252026,POST,ANA,EDM,0,7.0,REG,14.0,1,4,40.0,10.0,L. Dostal,2,1.0,4.0,30,20
2025030185,2026-04-28,20252026,POST,EDM,ANA,1,16.0,REG,17.0,4,1,44.0,8.0,C. Ingram,2,1.0,4.0,20,30
2025030125,2026-04-29,20252026,POST,MTL,TBL,0,16.0,REG,11.0,3,2,37.0,8.0,J. Dobes,2,0.0,6.0,24,40
2025030125,2026-04-29,20252026,POST,TBL,MTL,1,18.0,REG,18.0,2,3,23.0,6.0,A. Vasilevskiy,2,0.0,4.0,40,24
2025030146,2026-04-29,20252026,POST,PIT,PHI,0,15.0,OT,18.0,0,1,26.0,4.0,A. Silovs,2,0.0,5.0,42,32
2025030146,2026-04-29,20252026,POST,PHI,PIT,1,10.0,OT,22.0,1,0,45.0,4.0,D. Vladar,2,0.0,6.0,32,42
2025030175,2026-04-29,20252026,POST,UTA,VGK,0,16.0,OT,22.0,4,5,44.0,12.0,K. Vejmelka,2,0.0,9.0,38,38
2025030175,2026-04-29,20252026,POST,VGK,UTA,1,20.0,OT,26.0,5,4,42.0,12.0,C. Hart,2,1.0,5.0,38,38
2025030166,2026-04-30,20252026,POST,DAL,MIN,0,14.0,REG,9.0,2,5,34.0,6.0,J. Oettinger,2,1.0,3.0,23,21
2025030166,2026-04-30,20252026,POST,MIN,DAL,1,14.0,REG,10.0,5,2,32.0,4.0,J. Wallstedt,2,0.0,4.0,21,23
2025030186,2026-04-30,20252026,POST,EDM,ANA,0,9.0,REG,16.0,2,5,27.0,2.0,C. Ingram,2,0.0,3.0,27,31
2025030186,2026-04-30,20252026,POST,ANA,EDM,1,17.0,REG,11.0,5,2,33.0,0.0,L. Dostal,2,1.0,6.0,31,27
2025030116,2026-05-01,20252026,POST,BUF,BOS,0,19.0,REG,19.0,4,1,27.0,2.0,A. Lyon,2,0.0,3.0,26,26
2025030116,2026-05-01,20252026,POST,BOS,BUF,1,9.0,REG,15.0,1,4,43.0,21.0,J. Swayman,2,0.0,3.0,26,26
2025030126,2026-05-01,20252026,POST,TBL,MTL,0,13.0,OT,17.0,1,0,38.0,8.0,A. Vasilevskiy,2,0.0,6.0,33,30
2025030126,2026-05-01,20252026,POST,MTL,TBL,1,22.0,OT,20.0,0,1,49.0,8.0,J. Dobes,2,0.0,3.0,30,33
2025030176,2026-05-01,20252026,POST,VGK,UTA,0,17.0,REG,12.0,5,1,32.0,6.0,C. Hart,2,1.0,4.0,26,23
2025030176,2026-05-01,20252026,POST,UTA,VGK,1,15.0,REG,20.0,1,5,38.0,4.0,K. Vejmelka,2,0.0,3.0,23,26
2025030221,2026-05-02,20252026,POST,PHI,CAR,0,14.0,REG,15.0,0,3,49.0,34.0,D. Vladar,2,0.0,6.0,19,23
2025030221,2026-05-02,20252026,POST,CAR,PHI,1,17.0,REG,15.0,3,0,30.0,32.0,F. Andersen,2,0.0,4.0,23,19
2025030127,2026-05-03,20252026,POST,MTL,TBL,0,14.0,REG,11.0,2,1,43.0,6.0,J. Dobes,2,0.0,4.0,9,29
2025030127,2026-05-03,20252026,POST,TBL,MTL,1,15.0,REG,12.0,1,2,30.0,2.0,A. Vasilevskiy,2,1.0,4.0,29,9
2025030231,2026-05-03,20252026,POST,MIN,COL,0,12.0,REG,15.0,6,9,24.0,8.0,J. Wallstedt,2,0.0,3.0,36,43
2025030231,2026-05-03,20252026,POST,COL,MIN,1,11.0,REG,16.0,9,6,26.0,10.0,S. Wedgewood,2,1.0,6.0,43,36
2025030222,2026-05-04,20252026,POST,PHI,CAR,0,15.0,OT,19.0,2,3,43.0,10.0,D. Vladar,2,1.0,4.0,36,42
2025030222,2026-05-04,20252026,POST,CAR,PHI,1,8.0,OT,19.0,3,2,42.0,14.0,F. Andersen,2,1.0,5.0,42,36
2025030241,2026-05-04,20252026,POST,ANA,VGK,0,10.0,REG,17.0,1,3,37.0,8.0,L. Dostal,2,0.0,2.0,34,22
2025030241,2026-05-04,20252026,POST,VGK,ANA,1,16.0,REG,23.0,3,1,26.0,12.0,C. Hart,2,0.0,8.0,22,34
2025030232,2026-05-05,20252026,POST,MIN,COL,0,13.0,REG,11.0,2,5,31.0,10.0,F. Gustavsson,2,0.0,2.0,31,23
2025030232,2026-05-05,20252026,POST,COL,MIN,1,11.0,REG,14.0,5,2,28.0,4.0,S. Wedgewood,2,2.0,5.0,23,31
2025030211,2026-05-06,20252026,POST,MTL,BUF,0,12.0,REG,7.0,2,4,31.0,6.0,J. Dobes,2,1.0,4.0,28,16
2025030211,2026-05-06,20252026,POST,BUF,MTL,1,13.0,REG,15.0,4,2,27.0,4.0,A. Lyon,2,2.0,5.0,16,28
2025030242,2026-05-06,20252026,POST,ANA,VGK,0,14.0,REG,15.0,3,1,39.0,8.0,L. Dostal,2,0.0,2.0,28,22
2025030242,2026-05-06,20252026,POST,VGK,ANA,1,19.0,REG,17.0,1,3,39.0,10.0,C. Hart,2,1.0,2.0,22,28
2025030223,2026-05-07,20252026,POST,CAR,PHI,0,9.0,REG,11.0,4,1,31.0,18.0,F. Andersen,2,2.0,4.0,31,19
2025030223,2026-05-07,20252026,POST,PHI,CAR,1,17.0,REG,16.0,1,4,41.0,38.0,D. Vladar,2,0.0,4.0,19,31
2025030212,2026-05-08,20252026,POST,MTL,BUF,0,18.0,REG,11.0,5,1,18.0,20.0,J. Dobes,2,0.0,7.0,28,29
2025030212,2026-05-08,20252026,POST,BUF,MTL,1,11.0,REG,13.0,1,5,44.0,12.0,A. Lyon,2,0.0,4.0,29,28
2025030243,2026-05-08,20252026,POST,VGK,ANA,0,20.0,REG,14.0,6,2,23.0,4.0,C. Hart,2,1.0,8.0,28,33
2025030243,2026-05-08,20252026,POST,ANA,VGK,1,6.0,REG,8.0,2,6,53.0,4.0,L. Dostal,2,0.0,4.0,33,28
2025030224,2026-05-09,20252026,POST,CAR,PHI,0,7.0,OT,13.0,3,2,29.0,6.0,F. Andersen,2,0.0,6.0,40,17
2025030224,2026-05-09,20252026,POST,PHI,CAR,1,24.0,OT,19.0,2,3,39.0,6.0,D. Vladar,2,0.0,5.0,17,40
2025030233,2026-05-09,20252026,POST,COL,MIN,0,8.0,REG,16.0,1,5,25.0,8.0,S. Wedgewood,2,1.0,3.0,36,26
2025030233,2026-05-09,20252026,POST,MIN,COL,1,15.0,REG,17.0,5,1,39.0,8.0,J. Wallstedt,2,2.0,7.0,26,36
2025030213,2026-05-10,20252026,POST,BUF,MTL,0,15.0,REG,13.0,2,6,21.0,42.0,A. Lyon,2,1.0,6.0,28,36
2025030213,2026-05-10,20252026,POST,MTL,BUF,1,14.0,REG,13.0,6,2,25.0,38.0,J. Dobes,2,2.0,3.0,36,28
2025030244,2026-05-10,20252026,POST,VGK,ANA,0,14.0,REG,11.0,3,4,27.0,8.0,C. Hart,2,1.0,7.0,21,23
2025030244,2026-05-10,20252026,POST,ANA,VGK,1,13.0,REG,10.0,4,3,34.0,6.0,L. Dostal,2,2.0,5.0,23,21
2025030234,2026-05-11,20252026,POST,COL,MIN,0,12.0,REG,13.0,5,2,32.0,8.0,M. Blackwood,2,1.0,5.0,34,21
2025030234,2026-05-11,20252026,POST,MIN,COL,1,22.0,REG,12.0,2,5,29.0,8.0,J. Wallstedt,2,1.0,3.0,21,34
2025030214,2026-05-12,20252026,POST,BUF,MTL,0,27.0,REG,14.0,3,2,23.0,16.0,U. Luukkonen,2,2.0,6.0,22,31
2025030214,2026-05-12,20252026,POST,MTL,BUF,1,6.0,REG,15.0,2,3,26.0,10.0,J. Dobes,2,1.0,2.0,31,22
2025030245,2026-05-12,20252026,POST,ANA,VGK,0,8.0,OT,12.0,2,3,26.0,2.0,L. Dostal,2,1.0,8.0,36,32
2025030245,2026-05-12,20252026,POST,VGK,ANA,1,18.0,OT,17.0,3,2,29.0,15.0,C. Hart,2,1.0,5.0,32,36
2025030235,2026-05-13,20252026,POST,MIN,COL,0,23.0,OT,12.0,3,4,31.0,2.0,J. Wallstedt,2,0.0,4.0,20,34
2025030235,2026-05-13,20252026,POST,COL,MIN,1,11.0,OT,11.0,4,3,32.0,2.0,M. Blackwood,2,0.0,8.0,34,20
2025030215,2026-05-14,20252026,POST,MTL,BUF,0,25.0,REG,16.0,6,3,19.0,16.0,J. Dobes,2,2.0,5.0,26,36
2025030215,2026-05-14,20252026,POST,BUF,MTL,1,11.0,REG,11.0,3,6,22.0,16.0,U. Luukkonen,2,0.0,4.0,36,26
2025030246,2026-05-14,20252026,POST,VGK,ANA,0,13.0,REG,17.0,5,1,24.0,10.0,C. Hart,2,1.0,4.0,21,32
2025030246,2026-05-14,20252026,POST,ANA,VGK,1,11.0,REG,20.0,1,5,30.0,6.0,L. Dostal,2,1.0,5.0,32,21
2025030216,2026-05-16,20252026,POST,BUF,MTL,0,18.0,REG,18.0,8,3,19.0,30.0,A. Lyon,2,4.0,3.0,36,22
2025030216,2026-05-16,20252026,POST,MTL,BUF,1,9.0,REG,10.0,3,8,31.0,56.0,J. Dobes,2,1.0,5.0,22,36
2025030217,2026-05-18,20252026,POST,MTL,BUF,0,22.0,OT,20.0,3,2,28.0,2.0,J. Dobes,2,1.0,7.0,25,39
2025030217,2026-05-18,20252026,POST,BUF,MTL,1,11.0,OT,16.0,2,3,21.0,2.0,U. Luukkonen,2,0.0,3.0,39,25
2025030321,2026-05-20,20252026,POST,VGK,COL,0,23.0,REG,23.0,4,2,34.0,6.0,C. Hart,2,1.0,7.0,28,38
2025030321,2026-05-20,20252026,POST,COL,VGK,1,11.0,REG,9.0,2,4,31.0,4.0,S. Wedgewood,2,1.0,4.0,38,28
2025030311,2026-05-21,20252026,POST,MTL,CAR,0,29.0,REG,11.0,6,2,18.0,8.0,J. Dobes,2,0.0,3.0,22,28
2025030311,2026-05-21,20252026,POST,CAR,MTL,1,12.0,REG,16.0,2,6,44.0,8.0,F. Andersen,2,0.0,5.0,28,22
2025030322,2026-05-22,20252026,POST,VGK,COL,0,16.0,REG,10.0,3,1,33.0,6.0,C. Hart,2,0.0,5.0,25,31
2025030322,2026-05-22,20252026,POST,COL,VGK,1,20.0,REG,16.0,1,3,27.0,8.0,S. Wedgewood,2,0.0,5.0,31,25
2025030312,2026-05-23,20252026,POST,MTL,CAR,0,19.0,OT,16.0,2,3,16.0,4.0,J. Dobes,2,0.0,4.0,12,26
2025030312,2026-05-23,20252026,POST,CAR,MTL,1,20.0,OT,20.0,3,2,46.0,4.0,F. Andersen,2,0.0,7.0,26,12
2025030323,2026-05-24,20252026,POST,COL,VGK,0,11.0,REG,19.0,3,5,17.0,18.0,S. Wedgewood,2,0.0,3.0,35,23
2025030323,2026-05-24,20252026,POST,VGK,COL,1,22.0,REG,16.0,5,3,34.0,10.0,C. Hart,2,1.0,4.0,23,35
2025030313,2026-05-25,20252026,POST,CAR,MTL,0,18.0,OT,18.0,3,2,37.0,6.0,F. Andersen,2,0.0,13.0,39,13
2025030313,2026-05-25,20252026,POST,MTL,CAR,1,33.0,OT,21.0,2,3,31.0,8.0,J. Dobes,2,1.0,3.0,13,39
2025030324,2026-05-26,20252026,POST,COL,VGK,0,11.0,REG,15.0,1,2,30.0,4.0,M. Blackwood,2,0.0,2.0,21,26
2025030324,2026-05-26,20252026,POST,VGK,COL,1,14.0,REG,15.0,2,1,29.0,2.0,C. Hart,2,0.0,3.0,26,21
2025030314,2026-05-27,20252026,POST,CAR,MTL,0,18.0,REG,14.0,4,0,30.0,24.0,F. Andersen,2,1.0,7.0,44,18
2025030314,2026-05-27,20252026,POST,MTL,CAR,1,23.0,REG,18.0,0,4,30.0,32.0,J. Dobes,2,0.0,3.0,18,44
2025030315,2026-05-29,20252026,POST,MTL,CAR,0,3.0,REG,10.0,1,6,11.0,4.0,J. Dobes,2,1.0,3.0,24,30
2025030315,2026-05-29,20252026,POST,CAR,MTL,1,12.0,REG,18.0,6,1,18.0,10.0,F. Andersen,2,1.0,7.0,30,24
2025030411,2026-06-02,20252026,POST,VGK,CAR,0,16.0,REG,17.0,5,4,35.0,4.0,C. Hart,2,0.0,3.0,23,29
2025030411,2026-06-02,20252026,POST,CAR,VGK,1,13.0,REG,15.0,4,5,26.0,6.0,F. Andersen,2,0.0,7.0,29,23
2025030412,2026-06-04,20252026,POST,VGK,CAR,0,25.0,OT,12.0,3,4,25.0,6.0,C. Hart,2,0.0,4.0,26,26
2025030412,2026-06-04,20252026,POST,CAR,VGK,1,11.0,OT,16.0,4,3,46.0,8.0,F. Andersen,2,2.0,4.0,26,26
2025030413,2026-06-06,20252026,POST,CAR,VGK,0,14.0,OT,29.0,4,5,42.0,2.0,F. Andersen,2,1.0,3.0,33,35
2025030413,2026-06-06,20252026,POST,VGK,CAR,1,30.0,OT,24.0,5,4,66.0,4.0,C. Hart,2,1.0,11.0,35,33
2025030414,2026-06-09,20252026,POST,CAR,VGK,0,16.0,REG,15.0,5,3,34.0,8.0,B. Bussi,2,1.0,7.0,28,21
2025030414,2026-06-09,20252026,POST,VGK,CAR,1,12.0,REG,22.0,3,5,38.0,6.0,C. Hart,2,0.0,3.0,21,28
2025030415,2026-06-11,20252026,POST,VGK,CAR,0,18.0,REG,14.0,2,4,32.0,10.0,C. Hart,2,1.0,2.0,25,24
2025030415,2026-06-11,20252026,POST,CAR,VGK,1,12.0,REG,17.0,4,2,34.0,6.0,B. Bussi,2,2.0,6.0,24,25
2025030416,2026-06-14,20252026,POST,CAR,VGK,0,12.0,REG,15.0,3,0,32.0,6.0,B. Bussi,2,0.0,10.0,23,22
2025030416,2026-06-14,20252026,POST,VGK,CAR,1,7.0,REG,19.0,0,3,39.0,6.0,C. Hart,2,0.0,2.0,22,23
2026020001,2026-09-29,20262027,REG,FLA,CAR,0,13.0,OT,12.0,1,0,43.0,17.0,J. Markstrom,2,0.0,3.0,20,15
2026020001,2026-09-29,20262027,REG,CAR,FLA,1,19.0,OT,15.0,0,1,41.0,17.0,B. Bussi,2,0.0,4.0,15,20
2026020002,2026-09-29,20262027,REG,MTL,TOR,0,11.0,REG,20.0,3,2,28.0,8.0,J. Dobes,2,0.0,7.0,24,28
2026020002,2026-09-29,20262027,REG,TOR,MTL,1,14.0,REG,21.0,2,3,23.0,8.0,S. Bobrovsky,2,0.0,2.0,28,24
2026020003,2026-09-29,20262027,REG,NYR,BOS,0,12.0,REG,20.0,0,3,37.0,2.0,I. Shesterkin,2,0.0,4.0,24,23
2026020003,2026-09-29,20262027,REG,BOS,NYR,1,16.0,REG,9.0,3,0,36.0,2.0,J. Swayman,2,0.0,4.0,23,24
2026020004,2026-09-29,20262027,REG,VAN,EDM,0,21.0,OT,15.0,6,5,13.0,8.0,K. Lankinen,2,1.0,5.0,23,37
2026020004,2026-09-29,20262027,REG,EDM,VAN,1,12.0,OT,19.0,5,6,38.0,4.0,T. Jarry,2,1.0,2.0,37,23
2026020005,2026-09-29,20262027,REG,CHI,VGK,0,10.0,REG,12.0,2,5,14.0,4.0,S. Knight,2,0.0,5.0,26,37
2026020005,2026-09-29,20262027,REG,VGK,CHI,1,8.0,REG,21.0,5,2,23.0,4.0,C. Hart,2,1.0,5.0,37,26
2026020006,2026-09-30,20262027,REG,PIT,PHI,0,11.0,REG,11.0,7,0,23.0,8.0,A. Silovs,2,2.0,3.0,38,19
2026020006,2026-09-30,20262027,REG,PHI,PIT,1,8.0,REG,21.0,0,7,28.0,10.0,D. Vladar,2,0.0,5.0,19,38
2026020007,2026-09-30,20262027,REG,LAK,COL,0,15.0,REG,10.0,4,8,17.0,15.0,D. Kuemper,2,0.0,7.0,31,29
2026020007,2026-09-30,20262027,REG,COL,LAK,1,15.0,REG,11.0,8,4,19.0,13.0,M. Blackwood,2,4.0,3.0,29,31
2026020008,2026-09-30,20262027,REG,NYI,TOR,0,11.0,REG,11.0,1,2,24.0,8.0,I. Sorokin,2,0.0,4.0,27,26
2026020008,2026-09-30,20262027,REG,TOR,NYI,1,21.0,REG,15.0,2,1,19.0,8.0,A. Stolarz,2,1.0,4.0,26,27
2026020009,2026-10-01,20262027,REG,PHI,NJD,0,32.0,OT,23.0,2,3,24.0,8.0,J. Woll,2,0.0,3.0,25,44
2026020009,2026-10-01,20262027,REG,NJD,PHI,1,10.0,OT,17.0,3,2,18.0,2.0,J. Allen,2,0.0,7.0,44,25
2026020010,2026-10-01,20262027,REG,TBL,NYR,0,16.0,REG,22.0,1,5,31.0,6.0,A. Vasilevskiy,2,0.0,5.0,25,25
2026020010,2026-10-01,20262027,REG,NYR,TBL,1,23.0,REG,16.0,5,1,22.0,16.0,I. Shesterkin,2,1.0,4.0,25,25
2026020011,2026-10-01,20262027,REG,BUF,CBJ,0,8.0,REG,15.0,3,6,21.0,11.0,U. Luukkonen,2,0.0,2.0,26,23
2026020011,2026-10-01,20262027,REG,CBJ,BUF,1,15.0,REG,12.0,6,3,25.0,15.0,J. Greaves,2,2.0,6.0,23,26
2026020012,2026-10-01,20262027,REG,MIN,NSH,0,11.0,REG,14.0,3,1,20.0,8.0,,2,1.0,2.0,30,20
2026020012,2026-10-01,20262027,REG,NSH,MIN,1,13.0,REG,16.0,1,3,26.0,8.0,,2,0.0,3.0,20,30
2026020013,2026-10-01,20262027,REG,CHI,UTA,0,11.0,REG,16.0,0,6,12.0,13.0,A. Soderblom,2,0.0,4.0,15,32
2026020013,2026-10-01,20262027,REG,UTA,CHI,1,11.0,REG,15.0,6,0,42.0,13.0,K. Vejmelka,2,2.0,10.0,32,15
2026020014,2026-10-01,20262027,REG,SEA,CGY,0,20.0,REG,14.0,6,1,20.0,4.0,J. Daccord,2,1.0,8.0,32,25
2026020014,2026-10-01,20262027,REG,CGY,SEA,1,9.0,REG,17.0,1,6,24.0,12.0,D. Wolf,2,0.0,2.0,25,32
2026020015,2026-10-01,20262027,REG,EDM,VAN,0,17.0,REG,18.0,9,7,20.0,6.0,D. Levi,2,2.0,3.0,31,22
2026020015,2026-10-01,20262027,REG,VAN,EDM,1,12.0,REG,27.0,7,9,28.0,10.0,K. Lankinen,2,1.0,3.0,22,31
2026020016,2026-10-01,20262027,REG,FLA,SJS,0,12.0,OT,15.0,3,4,41.0,18.0,A. Schmid,2,1.0,3.0,26,32
2026020016,2026-10-01,20262027,REG,SJS,FLA,1,21.0,OT,20.0,4,3,24.0,22.0,Y. Askarov,2,1.0,9.0,32,26
2026020017,2026-10-02,20262027,REG,NYR,DET,0,13.0,REG,11.0,2,0,26.0,11.0,D. Garand,2,1.0,5.0,21,22
2026020017,2026-10-02,20262027,REG,DET,NYR,1,12.0,REG,13.0,0,2,29.0,15.0,J. Gibson,2,0.0,3.0,22,21
2026020018,2026-10-02,20262027,REG,WSH,CAR,0,28.0,REG,17.0,5,2,19.0,14.0,L. Thompson,2,1.0,3.0,27,33
2026020018,2026-10-02,20262027,REG,CAR,WSH,1,9.0,REG,11.0,2,5,32.0,18.0,B. Bussi,2,1.0,3.0,33,27
2026020019,2026-10-02,20262027,REG,BOS,WPG,0,13.0,OT,24.0,4,3,26.0,13.0,J. Swayman,2,0.0,8.0,30,33
2026020019,2026-10-02,20262027,REG,WPG,BOS,1,20.0,OT,16.0,3,4,17.0,11.0,S. Skinner,2,1.0,5.0,33,30
2026020020,2026-10-02,20262027,REG,STL,DAL,0,12.0,REG,15.0,4,0,18.0,24.0,J. Hofer,2,0.0,2.0,24,25
2026020020,2026-10-02,20262027,REG,DAL,STL,1,19.0,REG,16.0,0,4,21.0,13.0,J. Oettinger,2,0.0,2.0,25,24
2026020021,2026-10-02,20262027,REG,ANA,VGK,0,16.0,REG,20.0,4,3,25.0,4.0,L. Dostal,2,0.0,4.0,20,30
2026020021,2026-10-02,20262027,REG,VGK,ANA,1,14.0,REG,15.0,3,4,18.0,4.0,C. Hart,2,1.0,3.0,30,20
2026020022,2026-10-03,20262027,REG,CHI,BUF,0,11.0,REG,18.0,3,4,18.0,6.0,S. Knight,2,0.0,4.0,15,28
2026020022,2026-10-03,20262027,REG,BUF,CHI,1,8.0,REG,22.0,4,3,29.0,4.0,U. Luukkonen,2,0.0,3.0,28,15
2026020023,2026-10-03,20262027,REG,OTT,TOR,0,20.0,REG,15.0,3,2,29.0,10.0,L. Ullmark,2,0.0,1.0,29,29
2026020023,2026-10-03,20262027,REG,TOR,OTT,1,10.0,REG,18.0,2,3,18.0,10.0,S. Bobrovsky,2,1.0,4.0,29,29
2026020024,2026-10-03,20262027,REG,WSH,TBL,0,14.0,REG,11.0,1,3,24.0,25.0,C. Lindgren,2,0.0,3.0,21,30
2026020024,2026-10-03,20262027,REG,TBL,WSH,1,19.0,REG,19.0,3,1,30.0,13.0,A. Vasilevskiy,2,0.0,5.0,30,21
2026020025,2026-10-03,20262027,REG,CAR,PHI,0,14.0,OT,20.0,3,2,13.0,8.0,P. Kochetkov,2,2.0,4.0,40,18
2026020025,2026-10-03,20262027,REG,PHI,CAR,1,17.0,OT,14.0,2,3,29.0,8.0,J. Woll,2,0.0,3.0,18,40
2026020026,2026-10-03,20262027,REG,MTL,PIT,0,12.0,OT,8.0,5,6,28.0,10.0,J. Dobes,2,0.0,5.0,25,30
2026020026,2026-10-03,20262027,REG,PIT,MTL,1,20.0,OT,12.0,6,5,9.0,8.0,A. Silovs,2,2.0,5.0,30,25
2026020027,2026-10-03,20262027,REG,UTA,CBJ,0,16.0,REG,24.0,4,1,26.0,4.0,S. Cossa,2,3.0,5.0,31,18
2026020027,2026-10-03,20262027,REG,CBJ,UTA,1,23.0,REG,23.0,1,4,21.0,8.0,J. Greaves,2,0.0,8.0,18,31
2026020028,2026-10-03,20262027,REG,SEA,EDM,0,18.0,REG,16.0,1,3,18.0,23.0,P. Grubauer,2,1.0,3.0,20,25
2026020028,2026-10-03,20262027,REG,EDM,SEA,1,8.0,REG,15.0,3,1,31.0,23.0,D. Levi,2,0.0,7.0,25,20
2026020029,2026-10-03,20262027,REG,NJD,NYI,0,8.0,REG,16.0,0,6,15.0,6.0,N. Daws,2,0.0,3.0,37,32
2026020029,2026-10-03,20262027,REG,NYI,NJD,1,14.0,REG,20.0,6,0,25.0,10.0,I. Sorokin,2,1.0,9.0,32,37
2026020030,2026-10-03,20262027,REG,DAL,NSH,0,13.0,REG,10.0,1,2,29.0,6.0,C. DeSmith,2,0.0,2.0,30,26
2026020030,2026-10-03,20262027,REG,NSH,DAL,1,15.0,REG,11.0,2,1,21.0,2.0,J. Saros,2,2.0,7.0,26,30
2026020031,2026-10-03,20262027,REG,BOS,MIN,0,13.0,REG,23.0,1,4,16.0,6.0,M. DiPietro,2,0.0,4.0,27,30
2026020031,2026-10-03,20262027,REG,MIN,BOS,1,11.0,REG,19.0,4,1,14.0,6.0,J. Wallstedt,2,2.0,6.0,30,27
2026020032,2026-10-03,20262027,REG,STL,COL,0,14.0,REG,10.0,1,6,28.0,8.0,J. Binnington,2,0.0,3.0,26,36
2026020032,2026-10-03,20262027,REG,COL,STL,1,15.0,REG,16.0,6,1,16.0,4.0,M. Blackwood,2,0.0,4.0,36,26
2026020033,2026-10-03,20262027,REG,CGY,VAN,0,22.0,REG,19.0,1,4,28.0,37.0,D. Cooley,2,1.0,4.0,24,26
2026020033,2026-10-03,20262027,REG,VAN,CGY,1,21.0,REG,18.0,4,1,34.0,21.0,L. Meriläinen,2,0.0,4.0,26,24
2026020034,2026-10-03,20262027,REG,LAK,SJS,0,12.0,OT,18.0,4,5,19.0,4.0,A. Forsberg,2,2.0,3.0,35,25
2026020034,2026-10-03,20262027,REG,SJS,LAK,1,11.0,OT,23.0,5,4,23.0,6.0,Y. Askarov,2,1.0,5.0,25,35
2026020035,2026-10-04,20262027,REG,WPG,DET,0,15.0,REG,19.0,3,2,20.0,15.0,S. Skinner,2,3.0,2.0,27,35
2026020035,2026-10-04,20262027,REG,DET,WPG,1,11.0,REG,10.0,2,3,25.0,13.0,J. Gibson,2,1.0,2.0,35,27
2026020036,2026-10-04,20262027,REG,UTA,NYR,0,17.0,REG,13.0,2,4,29.0,17.0,K. Vejmelka,2,1.0,4.0,30,22
2026020036,2026-10-04,20262027,REG,NYR,UTA,1,23.0,REG,15.0,4,2,23.0,13.0,I. Shesterkin,2,0.0,3.0,22,30
2026020037,2026-10-04,20262027,REG,FLA,ANA,0,11.0,OT,22.0,2,3,27.0,6.0,J. Markstrom,2,0.0,5.0,31,21
2026020037,2026-10-04,20262027,REG,ANA,FLA,1,20.0,OT,14.0,3,2,26.0,8.0,L. Dostal,2,3.0,3.0,21,31
2026020038,2026-10-04,20262027,REG,CGY,SEA,0,7.0,REG,14.0,1,6,29.0,0.0,D. Wolf,2,1.0,6.0,33,27
2026020038,2026-10-04,20262027,REG,SEA,CGY,1,22.0,REG,18.0,6,1,21.0,6.0,J. Daccord,2,0.0,4.0,27,33
2026020039,2026-10-04,20262027,REG,VGK,VAN,0,7.0,REG,17.0,3,2,19.0,6.0,A. Hill,2,1.0,2.0,28,20
2026020039,2026-10-04,20262027,REG,VAN,VGK,1,20.0,REG,16.0,2,3,25.0,10.0,K. Lankinen,2,1.0,4.0,20,28
2026020040,2026-10-05,20262027,REG,PHI,TBL,0,19.0,REG,14.0,1,4,23.0,11.0,D. Vladar,2,0.0,5.0,14,36
2026020040,2026-10-05,20262027,REG,TBL,PHI,1,11.0,REG,10.0,4,1,15.0,11.0,A. Vasilevskiy,2,0.0,3.0,36,14
2026020041,2026-10-05,20262027,REG,OTT,BOS,0,10.0,REG,12.0,4,1,32.0,18.0,L. Ullmark,2,0.0,4.0,24,19
2026020041,2026-10-05,20262027,REG,BOS,OTT,1,11.0,REG,20.0,1,4,34.0,28.0,J. Swayman,2,0.0,5.0,19,24
2026020042,2026-10-05,20262027,REG,WPG,PIT,0,14.0,REG,18.0,3,2,23.0,4.0,C. Stevenson,2,0.0,3.0,34,32
2026020042,2026-10-05,20262027,REG,PIT,WPG,1,10.0,REG,22.0,2,3,11.0,2.0,S. Murashov,2,0.0,5.0,32,34
2026020043,2026-10-05,20262027,REG,SJS,DAL,0,21.0,REG,18.0,0,5,30.0,6.0,Y. Askarov,2,0.0,5.0,13,26
2026020043,2026-10-05,20262027,REG,DAL,SJS,1,13.0,REG,10.0,5,0,11.0,4.0,J. Oettinger,2,0.0,2.0,26,13
2026020044,2026-10-06,20262027,REG,NSH,TOR,0,16.0,OT,19.0,4,5,22.0,6.0,J. Saros,2,1.0,5.0,25,37
2026020044,2026-10-06,20262027,REG,TOR,NSH,1,11.0,OT,13.0,5,4,20.0,2.0,A. Stolarz,2,1.0,5.0,37,25
2026020045,2026-10-06,20262027,REG,CAR,MTL,0,9.0,REG,15.0,6,4,30.0,14.0,B. Bussi,2,1.0,2.0,34,20
2026020045,2026-10-06,20262027,REG,MTL,CAR,1,16.0,REG,17.0,4,6,20.0,14.0,J. Dobes,2,1.0,5.0,20,34
2026020046,2026-10-06,20262027,REG,OTT,DET,0,16.0,REG,15.0,3,5,31.0,18.0,S. Ersson,2,1.0,5.0,25,36
2026020046,2026-10-06,20262027,REG,DET,OTT,1,16.0,REG,17.0,5,3,28.0,18.0,J. Gibson,2,2.0,6.0,36,25
2026020047,2026-10-06,20262027,REG,UTA,NJD,0,21.0,REG,24.0,5,3,24.0,15.0,K. Vejmelka,2,2.0,3.0,31,33
2026020047,2026-10-06,20262027,REG,NJD,UTA,1,14.0,REG,22.0,3,5,10.0,13.0,J. Allen,2,1.0,5.0,33,31
2026020048,2026-10-06,20262027,REG,NYI,NYR,0,14.0,REG,11.0,2,5,18.0,18.0,S. Varlamov,2,1.0,2.0,19,24
2026020048,2026-10-06,20262027,REG,NYR,NYI,1,14.0,REG,13.0,5,2,27.0,20.0,I. Shesterkin,2,1.0,6.0,24,19
2026020049,2026-10-06,20262027,REG,MIN,BUF,0,17.0,OT,20.0,2,3,26.0,4.0,J. Wallstedt,2,1.0,3.0,20,28
2026020049,2026-10-06,20262027,REG,BUF,MIN,1,16.0,OT,16.0,3,2,12.0,8.0,C. Ellis,2,0.0,3.0,28,20
2026020050,2026-10-06,20262027,REG,STL,CHI,0,8.0,REG,16.0,2,4,28.0,4.0,J. Hofer,2,1.0,3.0,28,21
2026020050,2026-10-06,20262027,REG,CHI,STL,1,13.0,REG,16.0,4,2,18.0,4.0,S. Knight,2,1.0,3.0,21,28
2026020051,2026-10-06,20262027,REG,VGK,SEA,0,12.0,REG,22.0,6,2,16.0,22.0,C. Hart,2,2.0,2.0,28,27
2026020051,2026-10-06,20262027,REG,SEA,VGK,1,14.0,REG,12.0,2,6,17.0,41.0,J. Daccord,2,1.0,7.0,27,28
2026020052,2026-10-06,20262027,REG,FLA,LAK,0,14.0,REG,15.0,2,1,33.0,15.0,J. Markstrom,2,0.0,2.0,28,20
2026020052,2026-10-06,20262027,REG,LAK,FLA,1,17.0,REG,27.0,1,2,13.0,17.0,D. Kuemper,2,0.0,6.0,20,28
2026020053,2026-10-07,20262027,REG,PIT,WSH,0,18.0,REG,21.0,3,5,7.0,8.0,A. Silovs,2,0.0,3.0,30,27
2026020053,2026-10-07,20262027,REG,WSH,PIT,1,15.0,REG,10.0,5,3,22.0,8.0,L. Thompson,2,1.0,6.0,27,30
2026020054,2026-10-07,20262027,REG,COL,WPG,0,12.0,REG,16.0,2,3,19.0,4.0,M. Blackwood,2,0.0,8.0,34,19
2026020054,2026-10-07,20262027,REG,WPG,COL,1,12.0,REG,16.0,3,2,20.0,2.0,S. Skinner,2,0.0,4.0,19,34
2026020055,2026-10-07,20262027,REG,EDM,ANA,0,18.0,REG,15.0,5,2,28.0,16.0,D. Levi,2,1.0,2.0,19,31
2026020055,2026-10-07,20262027,REG,ANA,EDM,1,9.0,REG,14.0,2,5,29.0,8.0,L. Dostal,2,2.0,3.0,31,19
2026020056,2026-10-08,20262027,REG,UTA,BOS,0,6.0,REG,12.0,1,6,19.0,8.0,S. Cossa,2,0.0,3.0,37,22
2026020056,2026-10-08,20262027,REG,BOS,UTA,1,23.0,REG,17.0,6,1,23.0,14.0,J. Swayman,2,3.0,6.0,22,37
2026020057,2026-10-08,20262027,REG,DAL,BUF,0,17.0,REG,22.0,4,0,22.0,6.0,J. Oettinger,2,1.0,6.0,18,26
2026020057,2026-10-08,20262027,REG,BUF,DAL,1,8.0,REG,17.0,0,4,23.0,4.0,U. Luukkonen,2,0.0,3.0,26,18
2026020058,2026-10-08,20262027,REG,NSH,MTL,0,16.0,REG,20.0,5,2,18.0,6.0,J. Saros,2,2.0,5.0,20,34
2026020058,2026-10-08,20262027,REG,MTL,NSH,1,9.0,REG,14.0,2,5,15.0,20.0,J. Fowler,2,0.0,3.0,34,20
2026020059,2026-10-08,20262027,REG,PHI,OTT,0,11.0,REG,9.0,1,2,22.0,10.0,J. Woll,2,1.0,4.0,29,26
2026020059,2026-10-08,20262027,REG,OTT,PHI,1,20.0,REG,14.0,2,1,23.0,8.0,L. Ullmark,2,1.0,3.0,26,29
2026020060,2026-10-08,20262027,REG,MIN,TBL,0,20.0,REG,14.0,2,3,24.0,6.0,J. Wallstedt,2,1.0,4.0,36,35
2026020060,2026-10-08,20262027,REG,TBL,MIN,1,14.0,REG,10.0,3,2,12.0,4.0,D. Hildeby,2,1.0,3.0,35,36
2026020061,2026-10-08,20262027,REG,VAN,CAR,0,7.0,REG,13.0,2,7,20.0,6.0,K. Lankinen,2,0.0,5.0,20,34
2026020061,2026-10-08,20262027,REG,CAR,VAN,1,9.0,REG,25.0,7,2,18.0,8.0,P. Kochetkov,2,3.0,5.0,34,20
2026020062,2026-10-08,20262027,REG,CHI,NYI,0,10.0,REG,19.0,1,4,15.0,36.0,A. Soderblom,2,0.0,3.0,23,19
2026020062,2026-10-08,20262027,REG,NYI,CHI,1,17.0,REG,18.0,4,1,25.0,16.0,I. Sorokin,2,1.0,5.0,19,23
2026020063,2026-10-08,20262027,REG,SJS,STL,0,14.0,OT,20.0,3,2,37.0,4.0,A. Nedeljkovic,2,0.0,3.0,27,26
2026020063,2026-10-08,20262027,REG,STL,SJS,1,12.0,OT,16.0,2,3,24.0,6.0,J. Hofer,2,0.0,4.0,26,27
2026020064,2026-10-08,20262027,REG,COL,CGY,0,14.0,REG,23.0,7,3,18.0,9.0,S. Wedgewood,2,0.0,5.0,30,29
2026020064,2026-10-08,20262027,REG,CGY,COL,1,15.0,REG,18.0,3,7,23.0,9.0,D. Cooley,2,0.0,3.0,29,30
2026020065,2026-10-08,20262027,REG,TOR,VGK,0,16.0,SO,19.0,3,4,13.0,8.0,S. Bobrovsky,2,0.0,6.0,24,43
2026020065,2026-10-08,20262027,REG,VGK,TOR,1,15.0,SO,17.0,4,3,27.0,2.0,A. Hill,2,0.0,3.0,43,24
2026020066,2026-10-09,20262027,REG,SEA,DET,0,22.0,REG,17.0,6,3,18.0,6.0,P. Grubauer,2,1.0,5.0,24,40
2026020066,2026-10-09,20262027,REG,DET,SEA,1,12.0,REG,18.0,3,6,23.0,6.0,J. Gibson,2,1.0,3.0,40,24
2026020067,2026-10-09,20262027,REG,NYR,WSH,0,9.0,REG,9.0,1,3,35.0,6.0,I. Shesterkin,2,1.0,5.0,22,27
2026020067,2026-10-09,20262027,REG,WSH,NYR,1,12.0,REG,19.0,3,1,22.0,6.0,L. Thompson,2,0.0,2.0,27,22
2026020068,2026-10-09,20262027,REG,PIT,CBJ,0,19.0,SO,16.0,2,3,9.0,8.0,S. Murashov,2,0.0,4.0,22,45
2026020068,2026-10-09,20262027,REG,CBJ,PIT,1,14.0,SO,13.0,3,2,21.0,4.0,C. Talbot,2,0.0,6.0,45,22
2026020069,2026-10-09,20262027,REG,ANA,WPG,0,20.0,REG,16.0,5,1,25.0,13.0,L. Dostal,2,0.0,2.0,17,16
2026020069,2026-10-09,20262027,REG,WPG,ANA,1,9.0,REG,24.0,1,5,14.0,7.0,C. Stevenson,2,0.0,9.0,16,17
2026020070,2026-10-10,20262027,REG,PHI,BOS,0,18.0,REG,21.0,1,5,21.0,16.0,D. Vladar,2,1.0,4.0,15,32
2026020070,2026-10-10,20262027,REG,BOS,PHI,1,9.0,REG,13.0,5,1,25.0,18.0,J. Swayman,2,0.0,4.0,32,15
