game_id,game_date,season,week,game_type,away_team,home_team,away_score,home_score,away_coach,away_moneyline,away_qb_id,away_qb_name,away_rest,away_spread_odds,div_game,espn,ftn,gameday,gametime,gsis,home_coach,home_moneyline,home_qb_id,home_qb_name,home_rest,home_spread_odds,location,nfl_detail_id,old_game_id,over_odds,overtime,pff,pfr,referee,result,roof,spread_line,stadium,stadium_id,surface,temp,total,total_line,under_odds,weekday,wind
2018_01_ATL_PHI,2018-09-06,2018,1,REG,ATL,PHI,12,18,Dan Quinn,-104,00-0026143,Matt Ryan,7,-111,0,401030710,,2018-09-06,20:20,57567,Doug Pederson,-106,00-0029567,Nick Foles,7,101,Home,,2018090600,-109,0,9338,201809060phi,John Hussey,6,outdoors,1,Lincoln Financial Field,PHI00,grass,81,30,44.5,-101,Thursday,8
2018_01_BUF_BAL,2018-09-09,2018,1,REG,BUF,BAL,3,47,Sean McDermott,309,00-0033958,Nathan Peterman,7,-106,0,401030711,,2018-09-09,13:00,57568,John Harbaugh,-355,00-0026158,Joe Flacco,7,-104,Home,,2018090900,-120,0,9346,201809090rav,Shawn Hochuli,44,outdoors,7.5,M&T Bank Stadium,BAL00,grass,61,50,39,109,Sunday,12
2018_01_CHI_GB,2018-09-09,2018,1,REG,CHI,GB,23,24,Matt Nagy,240,00-0033869,Mitch Trubisky,7,-110,1,401030726,,2018-09-09,20:20,57580,Mike McCarthy,-271,00-0023459,Aaron Rodgers,7,-100,Home,,2018090912,-113,0,9351,201809090gnb,Carl Cheffers,1,outdoors,6.5,Lambeau Field,GNB00,grass,62,47,45,102,Sunday,10
2018_01_CIN_IND,2018-09-09,2018,1,REG,CIN,IND,34,23,Marvin Lewis,-105,00-0027973,Andy Dalton,7,102,0,401030717,,2018-09-09,13:00,57570,Frank Reich,-105,00-0029668,Andrew Luck,7,-113,Home,,2018090902,-110,0,9340,201809090clt,Peter Morelli,-11,closed,-1,Lucas Oil Stadium,IND00,fieldturf,,57,47.5,100,Sunday,
2018_01_DAL_CAR,2018-09-09,2018,1,REG,DAL,CAR,8,16,Jason Garrett,134,00-0033077,Dak Prescott,7,110,0,401030723,,2018-09-09,16:25,57578,Ron Rivera,-149,00-0027939,Cam Newton,7,-121,Home,,2018090910,-116,0,9348,201809090car,Walt Anderson,8,outdoors,2.5,Bank of America Stadium,CAR00,grass,81,24,42.5,105,Sunday,9
2018_01_HOU_NE,2018-09-09,2018,1,REG,HOU,NE,20,27,Bill O'Brien,214,00-0033537,Deshaun Watson,7,-105,0,401030714,,2018-09-09,13:00,57573,Bill Belichick,-240,00-0019596,Tom Brady,7,-105,Home,,2018090905,-119,0,9344,201809090nwe,Tony Corrente,7,outdoors,6,Gillette Stadium,BOS00,fieldturf,62,47,49.5,108,Sunday,10
2018_01_JAX_NYG,2018-09-09,2018,1,REG,JAX,NYG,20,15,Doug Marrone,-141,00-0031407,Blake Bortles,7,-117,0,401030712,,2018-09-09,13:00,57575,Pat Shurmur,127,00-0022803,Eli Manning,7,106,Home,,2018090907,-114,0,9345,201809090nyg,Craig Wrolstad,-5,outdoors,-2.5,MetLife Stadium,NYC01,fieldturf,59,35,43,103,Sunday,7
2018_01_KC_LAC,2018-09-09,2018,1,REG,KC,LAC,38,28,Andy Reid,166,00-0033873,Patrick Mahomes,7,-104,1,401030720,,2018-09-09,16:05,57576,Anthony Lynn,-185,00-0022942,Philip Rivers,7,-106,Home,,2018090908,-105,0,9347,201809090sdg,Clete Blakeman,-10,outdoors,3.5,StubHub Center,LAX97,grass,84,66,48,-105,Sunday,8
2018_01_PIT_CLE,2018-09-09,2018,1,REG,PIT,CLE,21,21,Mike Tomlin,-173,00-0022924,Ben Roethlisberger,7,105,1,401030718,,2018-09-09,13:00,57569,Hue Jackson,156,00-0028118,Tyrod Taylor,7,-116,Home,,2018090901,-108,1,9339,201809090cle,Shawn Smith,0,outdoors,-3.5,FirstEnergy Stadium,CLE00,grass,58,42,41,-102,Sunday,11
2018_01_SEA_DEN,2018-09-09,2018,1,REG,SEA,DEN,24,27,Pete Carroll,157,00-0029263,Russell Wilson,7,109,0,401030721,,2018-09-09,16:25,57579,Vance Joseph,-175,00-0028986,Case Keenum,7,-120,Home,,2018090911,-106,0,9350,201809090den,Brad Allen,3,outdoors,3,Sports Authority Field at Mile High,DEN00,grass,84,51,42.5,-104,Sunday,5
2018_01_SF_MIN,2018-09-09,2018,1,REG,SF,MIN,16,24,Kyle Shanahan,238,00-0031345,Jimmy Garoppolo,7,-102,0,401030715,,2018-09-09,13:00,57572,Mike Zimmer,-268,00-0029604,Kirk Cousins,7,-108,Home,,2018090904,-104,0,9342,201809090min,Clay Martin,8,dome,6,U.S. Bank Stadium,MIN01,sportturf,,40,46.5,-106,Sunday,
2018_01_TB_NO,2018-09-09,2018,1,REG,TB,NO,48,40,Dirk Koetter,385,00-0023682,Ryan Fitzpatrick,7,-108,1,401030713,,2018-09-09,13:00,57574,Sean Payton,-450,00-0020531,Drew Brees,7,-102,Home,,2018090906,-113,0,9343,201809090nor,John Parry,-8,dome,10,Mercedes-Benz Superdome,NOR00,sportturf,,88,50,102,Sunday,
2018_01_TEN_MIA,2018-09-09,2018,1,REG,TEN,MIA,20,27,Mike Vrabel,-115,00-0032268,Marcus Mariota,7,-107,0,401030716,,2018-09-09,13:00,57571,Adam Gase,104,00-0029701,Ryan Tannehill,7,-103,Home,,2018090903,-109,0,9341,201809090mia,Jerome Boger,7,outdoors,-1,Hard Rock Stadium,MIA00,grass,89,47,43.5,-101,Sunday,7
2018_01_WAS_ARI,2018-09-09,2018,1,REG,WAS,ARI,24,6,Jay Gruden,117,00-0023436,Alex Smith,7,-104,0,401030725,,2018-09-09,16:25,57577,Steve Wilks,-129,00-0027854,Sam Bradford,7,-106,Home,,2018090909,102,0,9349,201809090crd,Walt Coleman,-18,closed,2,State Farm Stadium,PHO00,grass,,30,43.5,-112,Sunday,
2018_01_LA_OAK,2018-09-10,2018,1,REG,LA,OAK,33,13,Sean McVay,-238,00-0033106,Jared Goff,7,-104,0,401030751,,2018-09-10,22:20,57582,Jon Gruden,212,00-0031280,Derek Carr,7,-106,Home,,2018091001,-108,0,9353,201809100rai,Ron Torbert,-20,outdoors,-6,Oakland-Alameda County Coliseum,OAK00,grass,69,46,47.5,-102,Monday,10
2018_01_NYJ_DET,2018-09-10,2018,1,REG,NYJ,DET,48,17,Todd Bowles,297,00-0034869,Sam Darnold,7,103,0,401030728,,2018-09-10,19:10,57581,Matt Patricia,-339,00-0026498,Matthew Stafford,7,-114,Home,,2018091000,-105,0,9352,201809100det,Bill Vinovich,-31,dome,7,Ford Field,DET00,fieldturf,,65,44,-105,Monday,
2018_02_BAL_CIN,2018-09-13,2018,2,REG,BAL,CIN,23,34,John Harbaugh,104,00-0026158,Joe Flacco,4,-101,1,401030690,,2018-09-13,20:20,57583,Marvin Lewis,-115,00-0027973,Andy Dalton,4,-109,Home,,2018091300,-103,0,9354,201809130cin,Walt Anderson,11,outdoors,1,Paul Brown Stadium,CIN00,fieldturf,82,57,43,-107,Thursday,3
2018_02_ARI_LA,2018-09-16,2018,2,REG,ARI,LA,0,34,Steve Wilks,621,00-0027854,Sam Bradford,7,-110,1,401030732,,2018-09-16,16:05,57593,Sean McVay,-775,00-0033106,Jared Goff,6,-100,Home,,2018091609,-101,0,9364,201809160ram,Craig Wrolstad,34,outdoors,13.5,Los Angeles Memorial Coliseum,LAX99,grass,86,34,43.5,-109,Sunday,2
2018_02_CAR_ATL,2018-09-16,2018,2,REG,CAR,ATL,24,31,Ron Rivera,214,00-0027939,Cam Newton,7,-102,1,401030691,,2018-09-16,13:00,57584,Dan Quinn,-240,00-0026143,Matt Ryan,10,-108,Home,,2018091600,-108,0,9355,201809160atl,Bill Vinovich,7,closed,5.5,Mercedes-Benz Stadium,ATL97,fieldturf,,55,44,-102,Sunday,
2018_02_CLE_NO,2018-09-16,2018,2,REG,CLE,NO,18,21,Hue Jackson,351,00-0028118,Tyrod Taylor,7,-108,0,401030708,,2018-09-16,13:00,57587,Sean Payton,-407,00-0020531,Drew Brees,7,-102,Home,,2018091603,-105,0,9358,201809160nor,Ron Torbert,3,dome,10,Mercedes-Benz Superdome,NOR00,sportturf,,39,51,-105,Sunday,
2018_02_DET_SF,2018-09-16,2018,2,REG,DET,SF,27,30,Matt Patricia,210,00-0026498,Matthew Stafford,6,-111,0,401030730,,2018-09-16,16:05,57594,Kyle Shanahan,-235,00-0031345,Jimmy Garoppolo,7,101,Home,,2018091610,-105,0,9365,201809160sfo,Shawn Hochuli,3,outdoors,6,Levi's Stadium,SFO01,grass,73,57,48.5,-105,Sunday,12
2018_02_HOU_TEN,2018-09-16,2018,2,REG,HOU,TEN,17,20,Bill O'Brien,-176,00-0033537,Deshaun Watson,7,103,1,401030694,,2018-09-16,13:00,57591,Mike Vrabel,159,00-0027948,Blaine Gabbert,7,-114,Home,,2018091607,-100,0,9360,201809160oti,Peter Morelli,3,outdoors,-3.5,Nissan Stadium,NAS00,grass,81,37,41,-110,Sunday,12
2018_02_IND_WAS,2018-09-16,2018,2,REG,IND,WAS,21,9,Frank Reich,213,00-0029668,Andrew Luck,7,-108,0,401030693,,2018-09-16,13:00,57592,Jay Gruden,-239,00-0023436,Alex Smith,7,-102,Home,,2018091608,-100,0,9363,201809160was,Clete Blakeman,-12,outdoors,6,FedExField,WAS00,grass,71,30,48,-110,Sunday,5
2018_02_KC_PIT,2018-09-16,2018,2,REG,KC,PIT,42,37,Andy Reid,179,00-0033873,Patrick Mahomes,7,-108,0,401030698,,2018-09-16,13:00,57589,Mike Tomlin,-199,00-0022924,Ben Roethlisberger,7,-102,Home,,2018091605,103,0,9361,201809160pit,Jerome Boger,-5,outdoors,4.5,Heinz Field,PIT00,grass,80,79,52,-114,Sunday,10
2018_02_LAC_BUF,2018-09-16,2018,2,REG,LAC,BUF,31,20,Anthony Lynn,-296,00-0022942,Philip Rivers,7,104,0,401030704,,2018-09-16,13:00,57585,Sean McDermott,261,00-0034857,Josh Allen,7,-115,Home,,2018091601,-102,0,9356,201809160buf,Clay Martin,-11,outdoors,-7.5,New Era Field,BUF00,a_turf,83,51,41.5,-108,Sunday,6
2018_02_MIA_NYJ,2018-09-16,2018,2,REG,MIA,NYJ,20,12,Adam Gase,153,00-0029701,Ryan Tannehill,7,103,1,401030700,,2018-09-16,13:00,57588,Todd Bowles,-170,00-0034869,Sam Darnold,6,-114,Home,,2018091604,-106,0,9359,201809160nyj,Brad Allen,-8,outdoors,3,MetLife Stadium,NYC01,fieldturf,80,32,43,-104,Sunday,4
2018_02_MIN_GB,2018-09-16,2018,2,REG,MIN,GB,29,29,Mike Zimmer,-121,00-0029604,Kirk Cousins,7,100,1,401030705,,2018-09-16,13:00,57586,Mike McCarthy,110,00-0023459,Aaron Rodgers,7,-110,Home,,2018091602,-100,1,9357,201809160gnb,Tony Corrente,0,outdoors,-2,Lambeau Field,GNB00,grass,80,58,45,-110,Sunday,5
2018_02_NE_JAX,2018-09-16,2018,2,REG,NE,JAX,20,31,Bill Belichick,-133,00-0019596,Tom Brady,7,-110,0,401030733,,2018-09-16,16:25,57596,Doug Marrone,120,00-0031407,Blake Bortles,7,-100,Home,,2018091612,-106,0,9367,201809160jax,Carl Cheffers,11,outdoors,-2,TIAA Bank Stadium,JAX00,grass,97,51,44.5,-104,Sunday,15
2018_02_NYG_DAL,2018-09-16,2018,2,REG,NYG,DAL,13,20,Pat Shurmur,138,00-0022803,Eli Manning,7,-108,1,401030738,,2018-09-16,20:20,57597,Jason Garrett,-152,00-0033077,Dak Prescott,7,-102,Home,,2018091613,-115,0,9368,201809160dal,John Parry,7,closed,3,AT&T Stadium,DAL00,matrixturf,,33,42,104,Sunday,
2018_02_OAK_DEN,2018-09-16,2018,2,REG,OAK,DEN,19,20,Jon Gruden,207,00-0031280,Derek Carr,6,-104,1,401030736,,2018-09-16,16:25,57595,Vance Joseph,-231,00-0028986,Case Keenum,7,-106,Home,,2018091611,-105,0,9366,201809160den,John Hussey,1,outdoors,5.5,Sports Authority Field at Mile High,DEN00,grass,92,39,44.5,-105,Sunday,4
2018_02_PHI_TB,2018-09-16,2018,2,REG,PHI,TB,21,27,Doug Pederson,-142,00-0029567,Nick Foles,10,106,0,401030696,,2018-09-16,13:00,57590,Dirk Koetter,129,00-0023682,Ryan Fitzpatrick,7,-117,Home,,2018091606,-110,0,9362,201809160tam,Alex Kemp,6,outdoors,-3,Raymond James Stadium,TAM00,grass,91,48,46.5,100,Sunday,9
2018_02_SEA_CHI,2018-09-17,2018,2,REG,SEA,CHI,17,24,Pete Carroll,206,00-0029263,Russell Wilson,8,-102,0,401030739,,2018-09-17,20:15,57598,Matt Nagy,-231,00-0033869,Mitch Trubisky,8,-108,Home,,2018091700,-105,0,9369,201809170chi,Walt Coleman,7,outdoors,5,Soldier Field,CHI98,grass,79,41,42.5,-105,Monday,2
2018_03_NYJ_CLE,2018-09-20,2018,3,REG,NYJ,CLE,17,21,Todd Bowles,153,00-0034869,Sam Darnold,4,103,0,401030775,,2018-09-20,20:20,57599,Hue Jackson,-170,00-0028118,Tyrod Taylor,4,-115,Home,,2018092000,-106,0,9370,201809200cle,Jerome Boger,4,outdoors,3,FirstEnergy Stadium,CLE00,grass,83,38,41,-104,Thursday,11
2018_03_BUF_MIN,2018-09-23,2018,3,REG,BUF,MIN,27,6,Sean McDermott,803,00-0034857,Josh Allen,7,-108,0,401030784,,2018-09-23,13:00,57607,Mike Zimmer,-1200,00-0029604,Kirk Cousins,7,-103,Home,,2018092307,-104,0,9377,201809230min,Alex Kemp,-21,dome,16.5,U.S. Bank Stadium,MIN01,sportturf,,33,41,-106,Sunday,
2018_03_CHI_ARI,2018-09-23,2018,3,REG,CHI,ARI,16,14,Matt Nagy,-252,00-0033869,Mitch Trubisky,6,-100,0,401030801,,2018-09-23,16:25,57611,Steve Wilks,224,00-0027854,Sam Bradford,7,-111,Home,,2018092311,-105,0,9382,201809230crd,Bill Vinovich,-2,closed,-6,State Farm Stadium,PHO00,grass,,30,39,-105,Sunday,
2018_03_CIN_CAR,2018-09-23,2018,3,REG,CIN,CAR,21,31,Marvin Lewis,128,00-0027973,Andy Dalton,10,106,0,401030790,,2018-09-23,13:00,57602,Ron Rivera,-142,00-0027939,Cam Newton,7,-118,Home,,2018092302,-105,0,9372,201809230car,John Parry,10,outdoors,2.5,Bank of America Stadium,CAR00,grass,80,52,44,-105,Sunday,3
2018_03_DAL_SEA,2018-09-23,2018,3,REG,DAL,SEA,13,24,Jason Garrett,106,00-0033077,Dak Prescott,7,-103,0,401030799,,2018-09-23,16:25,57612,Pete Carroll,-117,00-0029263,Russell Wilson,6,-108,Home,,2018092312,-108,0,9383,201809230sea,Carl Cheffers,11,outdoors,1,CenturyLink Field,SEA00,fieldturf,61,37,40,-103,Sunday,4
2018_03_DEN_BAL,2018-09-23,2018,3,REG,DEN,BAL,14,27,Vance Joseph,201,00-0028986,Case Keenum,7,-106,0,401030788,,2018-09-23,13:00,57601,John Harbaugh,-225,00-0026158,Joe Flacco,10,-104,Home,,2018092301,-103,0,9379,201809230rav,Ron Torbert,13,outdoors,5.5,M&T Bank Stadium,BAL00,grass,61,41,46,-108,Sunday,5
2018_03_GB_WAS,2018-09-23,2018,3,REG,GB,WAS,17,31,Mike McCarthy,-135,00-0023459,Aaron Rodgers,7,-110,0,401030781,,2018-09-23,13:00,57609,Jay Gruden,122,00-0023436,Alex Smith,7,-101,Home,,2018092309,109,0,9380,201809230was,Craig Wrolstad,14,outdoors,-2.5,FedExField,WAS00,grass,62,48,46.5,-122,Sunday,6
2018_03_IND_PHI,2018-09-23,2018,3,REG,IND,PHI,16,20,Frank Reich,243,00-0029668,Andrew Luck,7,-103,0,401030782,,2018-09-23,13:00,57608,Doug Pederson,-274,00-0032950,Carson Wentz,7,-108,Home,,2018092308,-115,0,9378,201809230phi,Clay Martin,4,outdoors,6.5,Lincoln Financial Field,PHI00,grass,61,36,45.5,103,Sunday,5
2018_03_LAC_LA,2018-09-23,2018,3,REG,LAC,LA,23,35,Anthony Lynn,254,00-0022942,Philip Rivers,7,-125,0,401030798,,2018-09-23,16:05,57610,Sean McVay,-288,00-0033106,Jared Goff,7,111,Home,,2018092310,-101,0,9381,201809230ram,John Hussey,12,outdoors,7.5,Los Angeles Memorial Coliseum,LAX99,grass,80,58,49,-110,Sunday,5
2018_03_NE_DET,2018-09-23,2018,3,REG,NE,DET,10,26,Bill Belichick,-306,00-0019596,Tom Brady,7,107,0,401030802,,2018-09-23,20:20,57613,Matt Patricia,269,00-0026498,Matthew Stafford,7,-120,Home,,2018092313,-110,0,9384,201809230det,Clete Blakeman,16,dome,-7,Ford Field,DET00,fieldturf,,36,55.5,-101,Sunday,
2018_03_NO_ATL,2018-09-23,2018,3,REG,NO,ATL,43,37,Sean Payton,113,00-0020531,Drew Brees,7,-101,1,401030777,,2018-09-23,13:00,57600,Dan Quinn,-125,00-0026143,Matt Ryan,7,-110,Home,,2018092300,-106,1,9371,201809230atl,Walt Anderson,-6,closed,1.5,Mercedes-Benz Stadium,ATL97,fieldturf,,80,54,-104,Sunday,
2018_03_NYG_HOU,2018-09-23,2018,3,REG,NYG,HOU,27,22,Pat Shurmur,230,00-0022803,Eli Manning,7,-109,0,401030791,,2018-09-23,13:00,57603,Bill O'Brien,-259,00-0033537,Deshaun Watson,7,-102,Home,,2018092303,102,0,9373,201809230htx,Walt Coleman,-5,closed,6.5,NRG Stadium,HOU00,astroturf,,49,44,-114,Sunday,
2018_03_OAK_MIA,2018-09-23,2018,3,REG,OAK,MIA,20,28,Jon Gruden,125,00-0031280,Derek Carr,7,-125,0,401030787,,2018-09-23,13:00,57606,Adam Gase,-138,00-0029701,Ryan Tannehill,7,111,Home,,2018092306,-107,0,9376,201809230mia,Shawn Hochuli,8,outdoors,3,Hard Rock Stadium,MIA00,grass,90,48,46,-103,Sunday,7
2018_03_SF_KC,2018-09-23,2018,3,REG,SF,KC,27,38,Kyle Shanahan,222,00-0031345,Jimmy Garoppolo,7,-103,0,401030795,,2018-09-23,13:00,57605,Andy Reid,-250,00-0033873,Patrick Mahomes,7,-108,Home,,2018092305,-105,0,9375,201809230kan,Tony Corrente,11,outdoors,6,Arrowhead Stadium,KAN00,grass,70,65,53,-105,Sunday,4
2018_03_TEN_JAX,2018-09-23,2018,3,REG,TEN,JAX,9,6,Mike Vrabel,357,00-0027948,Blaine Gabbert,7,-111,1,401030794,,2018-09-23,13:00,57604,Doug Marrone,-415,00-0031407,Blake Bortles,7,100,Home,,2018092304,-109,0,9374,201809230jax,Shawn Smith,-3,outdoors,10,TIAA Bank Stadium,JAX00,grass,89,15,39,-102,Sunday,10
2018_03_PIT_TB,2018-09-24,2018,3,REG,PIT,TB,30,27,Mike Tomlin,106,00-0022924,Ben Roethlisberger,8,101,0,401030805,,2018-09-24,20:15,57614,Dirk Koetter,-117,00-0023682,Ryan Fitzpatrick,8,-112,Home,,2018092400,-105,0,9385,201809240tam,Peter Morelli,-3,outdoors,1,Raymond James Stadium,TAM00,grass,77,57,55,-105,Monday,5
2018_04_MIN_LA,2018-09-27,2018,4,REG,MIN,LA,31,38,Mike Zimmer,282,00-0029604,Kirk Cousins,4,-116,0,401030839,,2018-09-27,20:20,57615,Sean McVay,-321,00-0033106,Jared Goff,4,104,Home,,2018092700,-105,0,9386,201809270ram,Brad Allen,7,outdoors,7.5,Los Angeles Memorial Coliseum,LAX99,grass,75,69,48.5,-105,Thursday,3
2018_04_BAL_PIT,2018-09-30,2018,4,REG,BAL,PIT,26,14,John Harbaugh,153,00-0026158,Joe Flacco,7,103,1,401030933,,2018-09-30,20:20,57628,Mike Tomlin,-170,00-0022924,Ben Roethlisberger,6,-115,Home,,2018093012,-103,0,9399,201809300pit,Tony Corrente,-12,outdoors,3,Heinz Field,PIT00,grass,69,40,51,-108,Sunday,2
2018_04_BUF_GB,2018-09-30,2018,4,REG,BUF,GB,0,22,Sean McDermott,317,00-0034857,Josh Allen,7,-103,0,401030844,,2018-09-30,13:00,57619,Mike McCarthy,-365,00-0023459,Aaron Rodgers,7,-108,Home,,2018093003,-105,0,9391,201809300gnb,Bill Vinovich,22,outdoors,8.5,Lambeau Field,GNB00,grass,49,22,44,-105,Sunday,9
2018_04_CIN_ATL,2018-09-30,2018,4,REG,CIN,ATL,37,36,Marvin Lewis,161,00-0027973,Andy Dalton,7,-114,0,401030847,,2018-09-30,13:00,57616,Dan Quinn,-179,00-0026143,Matt Ryan,7,102,Home,,2018093000,-108,0,9387,201809300atl,Shawn Smith,-1,closed,3.5,Mercedes-Benz Stadium,ATL97,fieldturf,,73,52,-103,Sunday,
2018_04_CLE_OAK,2018-09-30,2018,4,REG,CLE,OAK,42,45,Hue Jackson,122,00-0034855,Baker Mayfield,10,100,0,401030930,,2018-09-30,16:05,57625,Jon Gruden,-135,00-0031280,Derek Carr,7,-111,Home,,2018093009,-109,1,9396,201809300rai,Walt Anderson,3,outdoors,2.5,Oakland-Alameda County Coliseum,OAK00,grass,71,87,44.5,-102,Sunday,8
2018_04_DET_DAL,2018-09-30,2018,4,REG,DET,DAL,24,26,Matt Patricia,127,00-0026498,Matthew Stafford,7,102,0,401030845,,2018-09-30,13:00,57618,Jason Garrett,-140,00-0033077,Dak Prescott,7,-113,Home,,2018093002,-106,0,9390,201809300dal,Walt Coleman,2,closed,2.5,AT&T Stadium,DAL00,matrixturf,,50,44,-104,Sunday,
2018_04_HOU_IND,2018-09-30,2018,4,REG,HOU,IND,37,34,Bill O'Brien,-115,00-0033537,Deshaun Watson,7,-107,1,401030843,,2018-09-30,13:00,57620,Frank Reich,104,00-0029668,Andrew Luck,7,-103,Home,,2018093004,-102,1,9389,201809300clt,Carl Cheffers,-3,closed,-1,Lucas Oil Stadium,IND00,fieldturf,,71,48,-109,Sunday,
2018_04_MIA_NE,2018-09-30,2018,4,REG,MIA,NE,7,38,Adam Gase,247,00-0029701,Ryan Tannehill,7,-103,1,401030841,,2018-09-30,13:00,57622,Bill Belichick,-279,00-0019596,Tom Brady,7,-108,Home,,2018093006,-105,0,9393,201809300nwe,Alex Kemp,31,outdoors,6.5,Gillette Stadium,BOS00,fieldturf,65,45,50.5,-105,Sunday,6
2018_04_NO_NYG,2018-09-30,2018,4,REG,NO,NYG,33,18,Sean Payton,-170,00-0020531,Drew Brees,7,109,0,401030931,,2018-09-30,16:25,57627,Pat Shurmur,153,00-0022803,Eli Manning,7,-122,Home,,2018093011,-103,0,9397,201809300nyg,Peter Morelli,-15,outdoors,-3.5,MetLife Stadium,NYC01,fieldturf,71,51,51.5,-108,Sunday,7
2018_04_NYJ_JAX,2018-09-30,2018,4,REG,NYJ,JAX,12,31,Todd Bowles,293,00-0034869,Sam Darnold,10,-121,0,401030840,,2018-09-30,13:00,57621,Doug Marrone,-335,00-0031407,Blake Bortles,7,108,Home,,2018093005,-103,0,9392,201809300jax,Clay Martin,19,outdoors,7.5,TIAA Bank Stadium,JAX00,grass,86,43,40.5,-107,Sunday,10
2018_04_PHI_TEN,2018-09-30,2018,4,REG,PHI,TEN,23,26,Doug Pederson,-146,00-0032950,Carson Wentz,7,103,0,401030842,,2018-09-30,13:00,57623,Mike Vrabel,132,00-0032268,Marcus Mariota,7,-115,Home,,2018093007,-109,1,9394,201809300oti,Shawn Hochuli,3,outdoors,-3,Nissan Stadium,NAS00,grass,80,49,41.5,-102,Sunday,4
2018_04_SEA_ARI,2018-09-30,2018,4,REG,SEA,ARI,20,17,Pete Carroll,-192,00-0029263,Russell Wilson,7,-111,1,401030848,,2018-09-30,16:05,57624,Steve Wilks,173,00-0034343,Josh Rosen,7,100,Home,,2018093008,-108,0,9395,201809300crd,John Hussey,-3,closed,-3.5,State Farm Stadium,PHO00,grass,,37,40,-103,Sunday,
2018_04_SF_LAC,2018-09-30,2018,4,REG,SF,LAC,27,29,Kyle Shanahan,368,00-0033936,C.J. Beathard,7,-118,0,401030932,,2018-09-30,16:25,57626,Anthony Lynn,-428,00-0022942,Philip Rivers,7,106,Home,,2018093010,101,0,9398,201809300sdg,Ron Torbert,2,outdoors,10,StubHub Center,LAX97,grass,78,56,46,-112,Sunday,9
2018_04_TB_CHI,2018-09-30,2018,4,REG,TB,CHI,10,48,Dirk Koetter,126,00-0023682,Ryan Fitzpatrick,6,-127,0,401030846,,2018-09-30,13:00,57617,Matt Nagy,-140,00-0033869,Mitch Trubisky,7,113,Home,,2018093001,-110,0,9388,201809300chi,Jerome Boger,38,outdoors,3,Soldier Field,CHI98,grass,66,58,46,-101,Sunday,5
2018_04_KC_DEN,2018-10-01,2018,4,REG,KC,DEN,27,23,Andy Reid,-176,00-0033873,Patrick Mahomes,8,102,1,401030934,,2018-10-01,20:15,57629,Vance Joseph,159,00-0028986,Case Keenum,8,-113,Home,,2018100100,-122,0,9400,201810010den,Craig Wrolstad,-4,outdoors,-3.5,Sports Authority Field at Mile High,DEN00,grass,65,50,53.5,109,Monday,5
2018_05_IND_NE,2018-10-04,2018,5,REG,IND,NE,24,38,Frank Reich,452,00-0029668,Andrew Luck,4,-110,0,401030697,,2018-10-04,20:20,57630,Bill Belichick,-537,00-0019596,Tom Brady,4,-101,Home,,2018100400,-102,0,9401,201810040nwe,Shawn Hochuli,14,outdoors,10.5,Gillette Stadium,BOS00,fieldturf,66,62,49.5,-109,Thursday,6
2018_05_ARI_SF,2018-10-07,2018,5,REG,ARI,SF,28,18,Steve Wilks,146,00-0034343,Josh Rosen,7,-103,1,401030797,,2018-10-07,16:25,57641,Kyle Shanahan,-161,00-0033936,C.J. Beathard,7,-108,Home,,2018100710,-118,0,9413,201810070sfo,Shawn Smith,-10,outdoors,3,Levi's Stadium,SFO01,grass,79,46,40.5,106,Sunday,15
2018_05_ATL_PIT,2018-10-07,2018,5,REG,ATL,PIT,17,41,Dan Quinn,162,00-0026143,Matt Ryan,7,-108,0,401030709,,2018-10-07,13:00,57638,Mike Tomlin,-180,00-0022924,Ben Roethlisberger,7,-103,Home,,2018100707,-101,0,9409,201810070pit,John Parry,24,outdoors,3.5,Heinz Field,PIT00,grass,83,58,57,-110,Sunday,5
2018_05_BAL_CLE,2018-10-07,2018,5,REG,BAL,CLE,9,12,John Harbaugh,-171,00-0026158,Joe Flacco,7,-119,1,401030770,,2018-10-07,13:00,57634,Hue Jackson,154,00-0034855,Baker Mayfield,7,106,Home,,2018100703,-108,1,9405,201810070cle,Clay Martin,3,outdoors,-3,FirstEnergy Stadium,CLE00,grass,72,21,44.5,-103,Sunday,5
2018_05_DAL_HOU,2018-10-07,2018,5,REG,DAL,HOU,16,19,Jason Garrett,156,00-0033077,Dak Prescott,7,-114,0,401030831,,2018-10-07,20:20,57643,Bill O'Brien,-173,00-0033537,Deshaun Watson,7,102,Home,,2018100712,100,1,9414,201810070htx,Bill Vinovich,3,closed,3.5,NRG Stadium,HOU00,astroturf,,35,45,-111,Sunday,
2018_05_DEN_NYJ,2018-10-07,2018,5,REG,DEN,NYJ,16,34,Vance Joseph,-106,00-0028986,Case Keenum,6,-101,0,401030734,,2018-10-07,13:00,57637,Todd Bowles,-104,00-0034869,Sam Darnold,7,-110,Home,,2018100706,-108,0,9408,201810070nyj,Peter Morelli,18,outdoors,-1,MetLife Stadium,NYC01,fieldturf,77,50,42,-103,Sunday,7
2018_05_GB_DET,2018-10-07,2018,5,REG,GB,DET,23,31,Mike McCarthy,114,00-0023459,Aaron Rodgers,7,105,1,401030745,,2018-10-07,13:00,57635,Matt Patricia,-125,00-0026498,Matthew Stafford,7,-117,Home,,2018100704,-103,0,9406,201810070det,John Hussey,8,dome,1,Ford Field,DET00,fieldturf,,54,50,-108,Sunday,
2018_05_JAX_KC,2018-10-07,2018,5,REG,JAX,KC,14,30,Doug Marrone,131,00-0031407,Blake Bortles,7,-115,0,401030741,,2018-10-07,13:00,57636,Andy Reid,-144,00-0033873,Patrick Mahomes,6,103,Home,,2018100705,-108,0,9407,201810070kan,Brad Allen,16,outdoors,3,Arrowhead Stadium,KAN00,grass,58,44,48,-103,Sunday,5
2018_05_LA_SEA,2018-10-07,2018,5,REG,LA,SEA,33,31,Sean McVay,-315,00-0033106,Jared Goff,10,102,1,401030808,,2018-10-07,16:25,57642,Pete Carroll,277,00-0029263,Russell Wilson,7,-113,Home,,2018100711,-109,0,9412,201810070sea,Clete Blakeman,-2,outdoors,-7.5,CenturyLink Field,SEA00,fieldturf,53,64,50.5,-102,Sunday,5
2018_05_MIA_CIN,2018-10-07,2018,5,REG,MIA,CIN,17,27,Adam Gase,227,00-0029701,Ryan Tannehill,7,-107,0,401030785,,2018-10-07,13:00,57633,Marvin Lewis,-255,00-0027973,Andy Dalton,7,-103,Home,,2018100702,102,0,9404,201810070cin,Craig Wrolstad,10,outdoors,6,Paul Brown Stadium,CIN00,fieldturf,87,44,47.5,-114,Sunday,4
2018_05_MIN_PHI,2018-10-07,2018,5,REG,MIN,PHI,23,21,Mike Zimmer,162,00-0029604,Kirk Cousins,10,-106,0,401030803,,2018-10-07,16:25,57640,Doug Pederson,-180,00-0032950,Carson Wentz,7,-104,Home,,2018100709,102,0,9411,201810070phi,Walt Coleman,-2,outdoors,3.5,Lincoln Financial Field,PHI00,grass,79,44,48,-114,Sunday,6
2018_05_NYG_CAR,2018-10-07,2018,5,REG,NYG,CAR,31,33,Pat Shurmur,234,00-0022803,Eli Manning,7,-125,0,401030778,,2018-10-07,13:00,57632,Ron Rivera,-264,00-0027939,Cam Newton,14,111,Home,,2018100701,-109,0,9403,201810070car,Jerome Boger,2,outdoors,7,Bank of America Stadium,CAR00,grass,80,64,43.5,-102,Sunday,3
2018_05_OAK_LAC,2018-10-07,2018,5,REG,OAK,LAC,10,26,Jon Gruden,205,00-0031280,Derek Carr,7,-105,1,401030793,,2018-10-07,16:05,57639,Anthony Lynn,-230,00-0022942,Philip Rivers,7,-105,Home,,2018100708,-114,0,9410,201810070sdg,Alex Kemp,16,outdoors,5.5,StubHub Center,LAX97,grass,75,36,52,102,Sunday,10
2018_05_TEN_BUF,2018-10-07,2018,5,REG,TEN,BUF,12,13,Mike Vrabel,-269,00-0032268,Marcus Mariota,7,-112,0,401030702,,2018-10-07,13:00,57631,Sean McDermott,238,00-0034857,Josh Allen,7,101,Home,,2018100700,-119,0,9402,201810070buf,Tony Corrente,1,outdoors,-6,New Era Field,BUF00,a_turf,62,25,38,106,Sunday,8
2018_05_WAS_NO,2018-10-08,2018,5,REG,WAS,NO,19,43,Jay Gruden,222,00-0023436,Alex Smith,15,-103,0,401030834,,2018-10-08,20:15,57644,Sean Payton,-250,00-0020531,Drew Brees,8,-108,Home,,2018100800,-108,0,9415,201810080nor,Carl Cheffers,24,dome,5.5,Mercedes-Benz Superdome,NOR00,sportturf,,62,51.5,-103,Monday,
2018_06_PHI_NYG,2018-10-11,2018,6,REG,PHI,NYG,34,13,Doug Pederson,-126,00-0032950,Carson Wentz,4,-111,1,401030692,,2018-10-11,20:20,57645,Pat Shurmur,114,00-0022803,Eli Manning,4,-100,Home,,2018101100,-109,0,9416,201810110nyg,Ron Torbert,-21,outdoors,-1.5,MetLife Stadium,NYC01,fieldturf,70,47,45.5,-102,Thursday,3
2018_06_ARI_MIN,2018-10-14,2018,6,REG,ARI,MIN,17,27,Steve Wilks,350,00-0034343,Josh Rosen,7,-126,0,401030742,,2018-10-14,13:00,57651,Mike Zimmer,-405,00-0029604,Kirk Cousins,7,112,Home,,2018101405,-105,0,9422,201810140min,Jerome Boger,10,dome,10,U.S. Bank Stadium,MIN01,sportturf,,44,43.5,-105,Sunday,
2018_06_BAL_TEN,2018-10-14,2018,6,REG,BAL,TEN,21,0,John Harbaugh,-137,00-0026158,Joe Flacco,7,-108,0,401030774,,2018-10-14,16:25,57657,Mike Vrabel,124,00-0032268,Marcus Mariota,7,-103,Home,,2018101411,-107,0,9428,201810140oti,Carl Cheffers,-21,outdoors,-2.5,Nissan Stadium,NAS00,grass,66,21,43.5,-103,Sunday,4
2018_06_BUF_HOU,2018-10-14,2018,6,REG,BUF,HOU,13,20,Sean McDermott,376,00-0034857,Josh Allen,7,-119,0,401030748,,2018-10-14,13:00,57649,Bill O'Brien,-439,00-0033537,Deshaun Watson,7,106,Home,,2018101403,-110,0,9420,201810140htx,Craig Wrolstad,7,closed,10.5,NRG Stadium,HOU00,astroturf,,33,40.5,-101,Sunday,
2018_06_CAR_WAS,2018-10-14,2018,6,REG,CAR,WAS,17,23,Ron Rivera,-115,00-0027939,Cam Newton,7,-109,0,401030701,,2018-10-14,13:00,57654,Jay Gruden,104,00-0023436,Alex Smith,6,-102,Home,,2018101408,-108,0,9425,201810140was,Clay Martin,6,outdoors,-1,FedExField,WAS00,grass,52,40,44.5,-103,Sunday,0
2018_06_CHI_MIA,2018-10-14,2018,6,REG,CHI,MIA,28,31,Matt Nagy,-287,00-0033869,Mitch Trubisky,14,110,0,401030771,,2018-10-14,13:00,57650,Adam Gase,254,00-0029682,Brock Osweiler,7,-123,Home,,2018101404,-102,1,9421,201810140mia,Walt Anderson,3,outdoors,-7.5,Hard Rock Stadium,MIA00,grass,89,59,40.5,-109,Sunday,8
2018_06_IND_NYJ,2018-10-14,2018,6,REG,IND,NYJ,34,42,Frank Reich,131,00-0029668,Andrew Luck,10,106,0,401030737,,2018-10-14,13:00,57652,Todd Bowles,-145,00-0034869,Sam Darnold,7,-119,Home,,2018101406,101,0,9423,201810140nyj,Alex Kemp,8,outdoors,2.5,MetLife Stadium,NYC01,fieldturf,60,76,47.5,-112,Sunday,7
2018_06_JAX_DAL,2018-10-14,2018,6,REG,JAX,DAL,7,40,Doug Marrone,-173,00-0031407,Blake Bortles,7,-119,0,401030776,,2018-10-14,16:25,57656,Jason Garrett,156,00-0033077,Dak Prescott,7,106,Home,,2018101410,-102,0,9427,201810140dal,Tony Corrente,33,closed,-3,AT&T Stadium,DAL00,matrixturf,,47,39.5,-109,Sunday,
2018_06_KC_NE,2018-10-14,2018,6,REG,KC,NE,40,43,Andy Reid,171,00-0033873,Patrick Mahomes,7,-103,0,401030779,,2018-10-14,20:20,57658,Bill Belichick,-190,00-0019596,Tom Brady,10,-107,Home,,2018101412,-115,0,9429,201810140nwe,John Hussey,3,outdoors,4,Gillette Stadium,BOS00,fieldturf,45,83,59.5,103,Sunday,0
2018_06_LAC_CLE,2018-10-14,2018,6,REG,LAC,CLE,38,14,Anthony Lynn,-105,00-0022942,Philip Rivers,7,-112,0,401030746,,2018-10-14,13:00,57648,Hue Jackson,-105,00-0034855,Baker Mayfield,7,101,Home,,2018101402,-104,0,9419,201810140cle,Brad Allen,-24,outdoors,1,FirstEnergy Stadium,CLE00,grass,51,52,47,-106,Sunday,9
2018_06_LA_DEN,2018-10-14,2018,6,REG,LA,DEN,23,20,Sean McVay,-300,00-0033106,Jared Goff,7,-103,0,401030773,,2018-10-14,16:05,57655,Vance Joseph,264,00-0028986,Case Keenum,7,-108,Home,,2018101409,100,0,9426,201810140den,Shawn Smith,-3,outdoors,-7,Sports Authority Field at Mile High,DEN00,grass,25,43,50,-111,Sunday,6
2018_06_PIT_CIN,2018-10-14,2018,6,REG,PIT,CIN,28,21,Mike Tomlin,103,00-0022924,Ben Roethlisberger,7,-103,1,401030743,,2018-10-14,13:00,57647,Marvin Lewis,-113,00-0027973,Andy Dalton,7,-108,Home,,2018101401,-103,0,9418,201810140cin,Clete Blakeman,-7,outdoors,1,Paul Brown Stadium,CIN00,fieldturf,51,49,49.5,-108,Sunday,6
2018_06_SEA_OAK,2018-10-14,2018,6,REG,SEA,OAK,27,3,Pete Carroll,-152,00-0029263,Russell Wilson,7,-101,0,401030706,,2018-10-14,13:00,57653,Jon Gruden,137,00-0031280,Derek Carr,7,-110,Neutral,,2018101407,-111,0,9424,201810140rai,Peter Morelli,-24,outdoors,-3,Wembley Stadium,LON00,grass,52,30,47.5,100,Sunday,10
2018_06_TB_ATL,2018-10-14,2018,6,REG,TB,ATL,29,34,Dirk Koetter,144,00-0031503,Jameis Winston,14,-103,1,401030695,,2018-10-14,13:00,57646,Dan Quinn,-159,00-0026143,Matt Ryan,7,-107,Home,,2018101400,-103,0,9417,201810140atl,Walt Coleman,5,open,3,Mercedes-Benz Stadium,ATL97,fieldturf,,63,57.5,-108,Sunday,
2018_06_SF_GB,2018-10-15,2018,6,REG,SF,GB,30,33,Kyle Shanahan,361,00-0033936,C.J. Beathard,8,-108,0,401030783,,2018-10-15,20:15,57659,Mike McCarthy,-420,00-0023459,Aaron Rodgers,8,-103,Home,,2018101500,-114,0,9430,201810150gnb,John Parry,3,outdoors,9,Lambeau Field,GNB00,grass,37,63,46.5,102,Monday,5
2018_07_DEN_ARI,2018-10-18,2018,7,REG,DEN,ARI,45,10,Vance Joseph,-110,00-0028986,Case Keenum,4,-101,0,401030800,,2018-10-18,20:20,57660,Steve Wilks,-101,00-0034343,Josh Rosen,4,-110,Home,,2018101800,-116,0,9431,201810180crd,Alex Kemp,-35,closed,-1,State Farm Stadium,PHO00,grass,,55,42.5,104,Thursday,
2018_07_BUF_IND,2018-10-21,2018,7,REG,BUF,IND,5,37,Sean McDermott,258,00-0023645,Derek Anderson,7,-112,0,401030833,,2018-10-21,13:00,57664,Frank Reich,-293,00-0029668,Andrew Luck,7,101,Home,,2018102103,-104,0,9434,201810210clt,Brad Allen,32,closed,7,Lucas Oil Stadium,IND00,fieldturf,,42,43.5,-106,Sunday,
2018_07_CAR_PHI,2018-10-21,2018,7,REG,CAR,PHI,21,17,Ron Rivera,202,00-0027939,Cam Newton,7,-102,0,401030807,,2018-10-21,13:00,57669,Doug Pederson,-226,00-0032950,Carson Wentz,10,-109,Home,,2018102108,-105,0,9439,201810210phi,Clete Blakeman,-4,outdoors,5,Lincoln Financial Field,PHI00,grass,49,38,45,-105,Sunday,19
2018_07_CIN_KC,2018-10-21,2018,7,REG,CIN,KC,10,45,Marvin Lewis,240,00-0027973,Andy Dalton,7,-104,0,401030804,,2018-10-21,20:20,57666,Andy Reid,-271,00-0033873,Patrick Mahomes,7,-106,Home,,2018102105,-109,0,9436,201810210kan,Bill Vinovich,35,outdoors,6.5,Arrowhead Stadium,KAN00,grass,59,55,56,-102,Sunday,10
2018_07_CLE_TB,2018-10-21,2018,7,REG,CLE,TB,23,26,Hue Jackson,163,00-0034855,Baker Mayfield,7,-105,0,401030806,,2018-10-21,13:00,57670,Dirk Koetter,-181,00-0031503,Jameis Winston,7,-105,Home,,2018102109,-110,1,9440,201810210tam,Shawn Hochuli,3,outdoors,3.5,Raymond James Stadium,TAM00,grass,79,49,52.5,-101,Sunday,7
2018_07_DAL_WAS,2018-10-21,2018,7,REG,DAL,WAS,17,20,Jason Garrett,-126,00-0033077,Dak Prescott,7,-112,1,401030837,,2018-10-21,16:25,57671,Jay Gruden,114,00-0023436,Alex Smith,7,101,Home,,2018102110,-108,0,9442,201810210was,John Hussey,3,outdoors,-1.5,FedExField,WAS00,grass,52,37,40.5,-103,Sunday,12
2018_07_DET_MIA,2018-10-21,2018,7,REG,DET,MIA,32,21,Matt Patricia,-177,00-0026498,Matthew Stafford,14,-124,0,401030830,,2018-10-21,13:00,57667,Adam Gase,159,00-0029682,Brock Osweiler,7,110,Home,,2018102106,-112,0,9437,201810210mia,Jerome Boger,-11,outdoors,-3,Hard Rock Stadium,MIA00,grass,89,53,47,101,Sunday,8
2018_07_HOU_JAX,2018-10-21,2018,7,REG,HOU,JAX,20,7,Bill O'Brien,188,00-0033537,Deshaun Watson,7,-101,1,401030835,,2018-10-21,13:00,57665,Doug Marrone,-210,00-0031407,Blake Bortles,7,-110,Home,,2018102104,-105,0,9435,201810210jax,Ron Torbert,-13,outdoors,4,TIAA Bank Stadium,JAX00,grass,68,27,43,-105,Sunday,15
2018_07_LA_SF,2018-10-21,2018,7,REG,LA,SF,39,10,Sean McVay,-390,00-0033106,Jared Goff,7,-110,1,401030838,,2018-10-21,16:25,57672,Kyle Shanahan,338,00-0033936,C.J. Beathard,6,-101,Home,,2018102111,-108,0,9443,201810210sfo,Walt Anderson,-29,outdoors,-8,Levi's Stadium,SFO01,grass,62,49,52,-103,Sunday,5
2018_07_MIN_NYJ,2018-10-21,2018,7,REG,MIN,NYJ,37,17,Mike Zimmer,-175,00-0029604,Kirk Cousins,7,106,0,401030809,,2018-10-21,13:00,57668,Todd Bowles,157,00-0034869,Sam Darnold,7,-119,Home,,2018102107,-116,0,9438,201810210nyj,Shawn Smith,-20,outdoors,-3.5,MetLife Stadium,NYC01,fieldturf,46,54,45,104,Sunday,16
2018_07_NE_CHI,2018-10-21,2018,7,REG,NE,CHI,38,31,Bill Belichick,-128,00-0019596,Tom Brady,7,-120,0,401030832,,2018-10-21,13:00,57663,Matt Nagy,116,00-0033869,Mitch Trubisky,7,107,Home,,2018102102,100,0,9433,201810210chi,Clay Martin,-7,outdoors,-1,Soldier Field,CHI98,grass,44,69,49,-111,Sunday,9
2018_07_NO_BAL,2018-10-21,2018,7,REG,NO,BAL,24,23,Sean Payton,129,00-0020531,Drew Brees,13,102,0,401030836,,2018-10-21,16:05,57662,John Harbaugh,-143,00-0026158,Joe Flacco,7,-114,Home,,2018102101,-103,0,9441,201810210rav,John Parry,-1,outdoors,2.5,M&T Bank Stadium,BAL00,grass,54,47,49,-108,Sunday,15
2018_07_TEN_LAC,2018-10-21,2018,7,REG,TEN,LAC,19,20,Mike Vrabel,245,00-0032268,Marcus Mariota,7,-103,0,401030792,,2018-10-21,21:30,57661,Anthony Lynn,-277,00-0022942,Philip Rivers,7,-108,Neutral,,2018102100,-102,0,9432,201810210sdg,Walt Coleman,1,outdoors,6.5,Wembley Stadium,LON00,grass,66,39,46,-109,Sunday,6
2018_07_NYG_ATL,2018-10-22,2018,7,REG,NYG,ATL,20,23,Pat Shurmur,187,00-0022803,Eli Manning,11,-110,0,401030796,,2018-10-22,20:15,57673,Dan Quinn,-209,00-0026143,Matt Ryan,8,-101,Home,,2018102200,-108,0,9444,201810220atl,Tony Corrente,3,open,4.5,Mercedes-Benz Stadium,ATL97,fieldturf,,43,52,-103,Monday,
2018_08_MIA_HOU,2018-10-25,2018,8,REG,MIA,HOU,23,42,Adam Gase,295,00-0029682,Brock Osweiler,4,-112,0,401030703,,2018-10-25,20:20,57674,Bill O'Brien,-337,00-0033537,Deshaun Watson,4,101,Home,,2018102500,-102,0,9445,201810250htx,Shawn Smith,19,closed,7.5,NRG Stadium,HOU00,astroturf,,65,45,-109,Thursday,
2018_08_BAL_CAR,2018-10-28,2018,8,REG,BAL,CAR,21,36,John Harbaugh,-143,00-0026158,Joe Flacco,7,-114,0,401030849,,2018-10-28,13:00,57676,Ron Rivera,129,00-0027939,Cam Newton,7,102,Home,,2018102801,-101,0,9447,201810280car,Peter Morelli,15,outdoors,-2.5,Bank of America Stadium,CAR00,grass,61,57,44,-110,Sunday,10
2018_08_CLE_PIT,2018-10-28,2018,8,REG,CLE,PIT,18,33,Hue Jackson,328,00-0034855,Baker Mayfield,7,-108,1,401030731,,2018-10-28,13:00,57682,Mike Tomlin,-378,00-0022924,Ben Roethlisberger,14,-103,Home,,2018102807,-108,0,9453,201810280pit,Carl Cheffers,15,outdoors,8.5,Heinz Field,PIT00,grass,47,51,47.5,-103,Sunday,11
2018_08_DEN_KC,2018-10-28,2018,8,REG,DEN,KC,23,30,Vance Joseph,337,00-0028986,Case Keenum,10,-102,1,401030707,,2018-10-28,13:00,57680,Andy Reid,-389,00-0033873,Patrick Mahomes,7,-109,Home,,2018102805,103,0,9451,201810280kan,Shawn Hochuli,7,outdoors,8.5,Arrowhead Stadium,KAN00,grass,56,53,53,-115,Sunday,12
2018_08_GB_LA,2018-10-28,2018,8,REG,GB,LA,27,29,Mike McCarthy,297,00-0023459,Aaron Rodgers,13,-105,0,401030780,,2018-10-28,16:25,57685,Sean McVay,-340,00-0033106,Jared Goff,7,-105,Home,,2018102810,-102,0,9456,201810280ram,Ron Torbert,2,outdoors,7.5,Los Angeles Memorial Coliseum,LAX99,grass,82,56,57,-109,Sunday,1
2018_08_IND_OAK,2018-10-28,2018,8,REG,IND,OAK,42,28,Frank Reich,-183,00-0029668,Andrew Luck,7,-102,0,401030749,,2018-10-28,16:05,57683,Jon Gruden,165,00-0031280,Derek Carr,14,-109,Home,,2018102808,-107,0,9454,201810280rai,John Parry,-14,outdoors,-3.5,Oakland-Alameda County Coliseum,OAK00,grass,69,70,51,-103,Sunday,8
2018_08_NO_MIN,2018-10-28,2018,8,REG,NO,MIN,30,20,Sean Payton,-130,00-0020531,Drew Brees,7,-108,0,401030786,,2018-10-28,20:20,57686,Mike Zimmer,118,00-0029604,Kirk Cousins,7,-103,Home,,2018102811,-101,0,9457,201810280min,Craig Wrolstad,-10,dome,-2.5,U.S. Bank Stadium,MIN01,sportturf,,50,53.5,-110,Sunday,
2018_08_NYJ_CHI,2018-10-28,2018,8,REG,NYJ,CHI,10,24,Todd Bowles,305,00-0034869,Sam Darnold,7,-119,0,401030747,,2018-10-28,13:00,57677,Matt Nagy,-350,00-0033869,Mitch Trubisky,7,106,Home,,2018102802,-115,0,9448,201810280chi,Clete Blakeman,14,outdoors,8.5,Soldier Field,CHI98,grass,48,34,42.5,103,Sunday,18
2018_08_PHI_JAX,2018-10-28,2018,8,REG,PHI,JAX,24,18,Doug Pederson,-208,00-0032950,Carson Wentz,7,-103,0,401030699,,2018-10-28,21:30,57675,Doug Marrone,186,00-0031407,Blake Bortles,7,-108,Neutral,,2018102800,-102,0,9446,201810280jax,John Hussey,-6,outdoors,-4,Wembley Stadium,LON00,grass,48,42,44.5,-109,Sunday,12
2018_08_SEA_DET,2018-10-28,2018,8,REG,SEA,DET,28,14,Pete Carroll,146,00-0029263,Russell Wilson,14,-101,0,401030740,,2018-10-28,13:00,57679,Matt Patricia,-162,00-0026498,Matthew Stafford,7,-110,Home,,2018102804,-110,0,9450,201810280det,Walt Anderson,-14,dome,3,Ford Field,DET00,fieldturf,,42,47.5,-101,Sunday,
2018_08_SF_ARI,2018-10-28,2018,8,REG,SF,ARI,15,18,Kyle Shanahan,-138,00-0033936,C.J. Beathard,7,-116,1,401030772,,2018-10-28,16:25,57684,Steve Wilks,125,00-0034343,Josh Rosen,10,104,Home,,2018102809,-108,0,9455,201810280crd,Brad Allen,3,closed,-2.5,State Farm Stadium,PHO00,grass,,33,40,-103,Sunday,
2018_08_TB_CIN,2018-10-28,2018,8,REG,TB,CIN,34,37,Dirk Koetter,173,00-0031503,Jameis Winston,7,-103,0,401030744,,2018-10-28,13:00,57678,Marvin Lewis,-192,00-0027973,Andy Dalton,7,-108,Home,,2018102803,-108,0,9449,201810280cin,Alex Kemp,3,outdoors,3.5,Paul Brown Stadium,CIN00,fieldturf,55,71,55,-103,Sunday,7
2018_08_WAS_NYG,2018-10-28,2018,8,REG,WAS,NYG,20,13,Jay Gruden,-108,00-0023436,Alex Smith,7,-101,1,401030735,,2018-10-28,13:00,57681,Pat Shurmur,-102,00-0022803,Eli Manning,6,-110,Home,,2018102806,-102,0,9452,201810280nyg,Bill Vinovich,-7,outdoors,-1,MetLife Stadium,NYC01,fieldturf,51,33,43,-109,Sunday,11
2018_08_NE_BUF,2018-10-29,2018,8,REG,NE,BUF,25,6,Bill Belichick,-1018,00-0019596,Tom Brady,8,-107,1,401030789,,2018-10-29,20:15,57687,Sean McDermott,744,00-0023645,Derek Anderson,8,-103,Home,,2018102900,-108,0,9458,201810290buf,Jerome Boger,-19,outdoors,-13.5,New Era Field,BUF00,a_turf,46,31,44,-103,Monday,16
2018_09_OAK_SF,2018-11-01,2018,9,REG,OAK,SF,3,34,Jon Gruden,-117,00-0031280,Derek Carr,4,-103,0,401030767,,2018-11-01,20:20,57688,Kyle Shanahan,106,00-0033319,Nick Mullens,4,-108,Home,,2018110100,-111,0,9459,201811010sfo,Carl Cheffers,31,outdoors,-1.5,Levi's Stadium,SFO01,grass,82,37,44,100,Thursday,8
2018_09_ATL_WAS,2018-11-04,2018,9,REG,ATL,WAS,38,14,Dan Quinn,116,00-0026143,Matt Ryan,13,102,0,401030826,,2018-11-04,13:00,57695,Jay Gruden,-128,00-0023436,Alex Smith,7,-114,Home,,2018110406,-108,0,9466,201811040was,Walt Anderson,-24,outdoors,1.5,FedExField,WAS00,grass,55,52,46.5,-103,Sunday,5
2018_09_CHI_BUF,2018-11-04,2018,9,REG,CHI,BUF,41,9,Matt Nagy,-400,00-0033869,Mitch Trubisky,7,111,0,401030769,,2018-11-04,13:00,57690,Sean McDermott,346,00-0033958,Nathan Peterman,6,-125,Home,,2018110401,-104,0,9460,201811040buf,Shawn Smith,-32,outdoors,-10.5,New Era Field,BUF00,a_turf,49,50,38,-106,Sunday,12
2018_09_DET_MIN,2018-11-04,2018,9,REG,DET,MIN,9,24,Matt Patricia,195,00-0026498,Matthew Stafford,7,-101,1,401030822,,2018-11-04,13:00,57694,Mike Zimmer,-218,00-0029604,Kirk Cousins,7,-110,Home,,2018110405,-110,0,9464,201811040min,Peter Morelli,15,dome,4.5,U.S. Bank Stadium,MIN01,sportturf,,33,47,-101,Sunday,
2018_09_GB_NE,2018-11-04,2018,9,REG,GB,NE,17,31,Mike McCarthy,198,00-0023459,Aaron Rodgers,7,-103,0,401030858,,2018-11-04,20:20,57699,Bill Belichick,-221,00-0019596,Tom Brady,6,-108,Home,,2018110410,-108,0,9470,201811040nwe,Brad Allen,14,outdoors,5,Gillette Stadium,BOS00,fieldturf,40,48,56,-103,Sunday,2
2018_09_HOU_DEN,2018-11-04,2018,9,REG,HOU,DEN,19,17,Bill O'Brien,108,00-0033537,Deshaun Watson,10,103,0,401030829,,2018-11-04,16:05,57696,Vance Joseph,-119,00-0028986,Case Keenum,7,-115,Home,,2018110407,-104,0,9467,201811040den,Clay Martin,-2,outdoors,1,Sports Authority Field at Mile High,DEN00,grass,53,36,46.5,-106,Sunday,3
2018_09_KC_CLE,2018-11-04,2018,9,REG,KC,CLE,37,21,Andy Reid,-380,00-0033873,Patrick Mahomes,7,-110,0,401030814,,2018-11-04,13:00,57692,Gregg Williams,330,00-0034855,Baker Mayfield,7,-101,Home,,2018110403,-108,0,9462,201811040cle,Ron Torbert,-16,outdoors,-7.5,FirstEnergy Stadium,CLE00,grass,53,58,51,-103,Sunday,16
2018_09_LAC_SEA,2018-11-04,2018,9,REG,LAC,SEA,25,17,Anthony Lynn,-106,00-0022942,Philip Rivers,14,-114,0,401030852,,2018-11-04,16:05,57697,Pete Carroll,-104,00-0029263,Russell Wilson,7,102,Home,,2018110408,102,0,9468,201811040sea,Shawn Hochuli,-8,outdoors,1,CenturyLink Field,SEA00,fieldturf,56,42,48.5,-113,Sunday,4
2018_09_LA_NO,2018-11-04,2018,9,REG,LA,NO,35,45,Sean McVay,-133,00-0033106,Jared Goff,7,-103,0,401030855,,2018-11-04,16:25,57698,Sean Payton,120,00-0020531,Drew Brees,7,-108,Home,,2018110409,-109,0,9469,201811040nor,Bill Vinovich,10,dome,-2.5,Mercedes-Benz Superdome,NOR00,sportturf,,80,57.5,-102,Sunday,
2018_09_NYJ_MIA,2018-11-04,2018,9,REG,NYJ,MIA,6,13,Todd Bowles,140,00-0034869,Sam Darnold,7,-108,1,401030816,,2018-11-04,13:00,57693,Adam Gase,-155,00-0029682,Brock Osweiler,10,-103,Home,,2018110404,-111,0,9463,201811040mia,Walt Coleman,7,outdoors,3,Hard Rock Stadium,MIA00,grass,87,19,43.5,100,Sunday,16
2018_09_PIT_BAL,2018-11-04,2018,9,REG,PIT,BAL,23,16,Mike Tomlin,117,00-0022924,Ben Roethlisberger,7,102,1,401030819,,2018-11-04,13:00,57689,John Harbaugh,-129,00-0026158,Joe Flacco,7,-114,Home,,2018110400,-110,0,9465,201811040rav,Craig Wrolstad,-7,outdoors,1.5,M&T Bank Stadium,BAL00,grass,55,39,47,-101,Sunday,6
2018_09_TB_CAR,2018-11-04,2018,9,REG,TB,CAR,28,42,Dirk Koetter,253,00-0023682,Ryan Fitzpatrick,7,100,1,401030811,,2018-11-04,13:00,57691,Ron Rivera,-286,00-0027939,Cam Newton,7,-111,Home,,2018110402,-113,0,9461,201811040car,Tony Corrente,14,outdoors,6,Bank of America Stadium,CAR00,grass,62,70,55.5,102,Sunday,8
2018_09_TEN_DAL,2018-11-05,2018,9,REG,TEN,DAL,28,14,Mike Vrabel,203,00-0032268,Marcus Mariota,15,101,0,401030862,,2018-11-05,20:15,57700,Jason Garrett,-228,00-0033077,Dak Prescott,15,-112,Home,,2018110500,-105,0,9471,201811050dal,Clete Blakeman,-14,closed,4.5,AT&T Stadium,DAL00,matrixturf,,42,40,-105,Monday,
2018_10_CAR_PIT,2018-11-08,2018,10,REG,CAR,PIT,21,52,Ron Rivera,170,00-0027939,Cam Newton,4,-106,0,401030729,,2018-11-08,20:20,57701,Mike Tomlin,-189,00-0022924,Ben Roethlisberger,4,-104,Home,,2018110800,-112,0,9472,201811080pit,Walt Coleman,31,outdoors,3.5,Heinz Field,PIT00,grass,40,73,51,101,Thursday,4
2018_10_ARI_KC,2018-11-11,2018,10,REG,ARI,KC,14,26,Steve Wilks,835,00-0034343,Josh Rosen,14,-106,0,401030815,,2018-11-11,13:00,57707,Andy Reid,-1267,00-0033873,Patrick Mahomes,7,-104,Home,,2018111105,-110,0,9478,201811110kan,Carl Cheffers,12,outdoors,16.5,Arrowhead Stadium,KAN00,grass,43,40,49.5,-101,Sunday,5
2018_10_ATL_CLE,2018-11-11,2018,10,REG,ATL,CLE,16,28,Dan Quinn,-238,00-0026143,Matt Ryan,7,-103,0,401030754,,2018-11-11,13:00,57704,Gregg Williams,212,00-0034855,Baker Mayfield,7,-108,Home,,2018111102,-111,0,9475,201811110cle,Peter Morelli,12,outdoors,-5.5,FirstEnergy Stadium,CLE00,grass,36,44,49.5,100,Sunday,9
2018_10_BUF_NYJ,2018-11-11,2018,10,REG,BUF,NYJ,41,10,Sean McDermott,235,00-0030533,Matt Barkley,7,-108,1,401030853,,2018-11-11,13:00,57708,Todd Bowles,-265,00-0021206,Josh McCown,7,-103,Home,,2018111106,-114,0,9479,201811110nyj,Ron Torbert,-31,outdoors,6.5,MetLife Stadium,NYC01,fieldturf,46,51,38,102,Sunday,10
2018_10_DAL_PHI,2018-11-11,2018,10,REG,DAL,PHI,27,20,Jason Garrett,310,00-0033077,Dak Prescott,6,-108,1,401030869,,2018-11-11,20:20,57713,Doug Pederson,-355,00-0032950,Carson Wentz,14,-103,Home,,2018111111,-114,0,9484,201811110phi,John Parry,-7,outdoors,7.5,Lincoln Financial Field,PHI00,grass,38,47,45.5,102,Sunday,5
2018_10_DET_CHI,2018-11-11,2018,10,REG,DET,CHI,22,34,Matt Patricia,281,00-0026498,Matthew Stafford,7,-114,1,401030810,,2018-11-11,13:00,57702,Matt Nagy,-320,00-0033869,Mitch Trubisky,7,102,Home,,2018111100,-103,0,9473,201811110chi,Alex Kemp,12,outdoors,7.5,Soldier Field,CHI98,grass,37,56,44.5,-107,Sunday,12
2018_10_JAX_IND,2018-11-11,2018,10,REG,JAX,IND,26,29,Doug Marrone,141,00-0031407,Blake Bortles,14,-105,1,401030766,,2018-11-11,13:00,57706,Frank Reich,-156,00-0029668,Andrew Luck,14,-105,Home,,2018111104,-105,0,9476,201811110clt,Jerome Boger,3,closed,3,Lucas Oil Stadium,IND00,fieldturf,,55,48,-105,Sunday,
2018_10_LAC_OAK,2018-11-11,2018,10,REG,LAC,OAK,20,6,Anthony Lynn,-458,00-0022942,Philip Rivers,7,104,1,401030859,,2018-11-11,16:05,57711,Jon Gruden,391,00-0031280,Derek Carr,10,-116,Home,,2018111109,104,0,9482,201811110rai,Craig Wrolstad,-14,outdoors,-10.5,Oakland-Alameda County Coliseum,OAK00,grass,69,26,50,-116,Sunday,16
2018_10_MIA_GB,2018-11-11,2018,10,REG,MIA,GB,12,31,Adam Gase,487,00-0029682,Brock Osweiler,7,-114,0,401030756,,2018-11-11,16:25,57705,Mike McCarthy,-585,00-0023459,Aaron Rodgers,7,102,Home,,2018111103,-103,0,9477,201811110gnb,Clay Martin,19,outdoors,13,Lambeau Field,GNB00,grass,33,43,48.5,-108,Sunday,6
2018_10_NE_TEN,2018-11-11,2018,10,REG,NE,TEN,10,34,Bill Belichick,-244,00-0019596,Tom Brady,7,101,0,401030821,,2018-11-11,13:00,57710,Mike Vrabel,217,00-0032268,Marcus Mariota,6,-112,Home,,2018111108,-108,0,9480,201811110oti,Bill Vinovich,24,outdoors,-6,Nissan Stadium,NAS00,grass,46,44,47,-103,Sunday,4
2018_10_NO_CIN,2018-11-11,2018,10,REG,NO,CIN,51,14,Sean Payton,-253,00-0020531,Drew Brees,7,-108,0,401030752,,2018-11-11,13:00,57703,Marvin Lewis,225,00-0027973,Andy Dalton,14,-103,Home,,2018111101,-107,0,9474,201811110cin,Tony Corrente,-37,outdoors,-5.5,Paul Brown Stadium,CIN00,fieldturf,39,65,53,-103,Sunday,6
2018_10_SEA_LA,2018-11-11,2018,10,REG,SEA,LA,31,36,Pete Carroll,361,00-0029263,Russell Wilson,7,-114,1,401030865,,2018-11-11,16:25,57712,Sean McVay,-420,00-0033106,Jared Goff,7,102,Home,,2018111110,-108,0,9483,201811110ram,John Hussey,5,outdoors,10,Los Angeles Memorial Coliseum,LAX99,grass,75,67,51,-103,Sunday,1
2018_10_WAS_TB,2018-11-11,2018,10,REG,WAS,TB,16,3,Jay Gruden,165,00-0023436,Alex Smith,7,-108,0,401030828,,2018-11-11,13:00,57709,Dirk Koetter,-183,00-0023682,Ryan Fitzpatrick,7,-103,Home,,2018111107,-105,0,9481,201811110tam,Brad Allen,-13,outdoors,3.5,Raymond James Stadium,TAM00,grass,82,19,51,-105,Sunday,3
2018_10_NYG_SF,2018-11-12,2018,10,REG,NYG,SF,27,23,Pat Shurmur,161,00-0022803,Eli Manning,15,110,0,401030873,,2018-11-12,20:15,57714,Kyle Shanahan,-179,00-0033319,Nick Mullens,11,-123,Home,,2018111200,-108,0,9485,201811120sfo,Shawn Hochuli,-4,outdoors,3,Levi's Stadium,SFO01,grass,62,50,45,-103,Monday,0
2018_11_GB_SEA,2018-11-15,2018,11,REG,GB,SEA,24,27,Mike McCarthy,146,00-0023459,Aaron Rodgers,4,-102,0,401030878,,2018-11-15,20:20,57715,Pete Carroll,-162,00-0029263,Russell Wilson,4,-109,Home,,2018111500,-110,0,9486,201811150sea,Tony Corrente,3,outdoors,3,CenturyLink Field,SEA00,fieldturf,54,51,49,-101,Thursday,6
2018_11_CAR_DET,2018-11-18,2018,11,REG,CAR,DET,19,20,Ron Rivera,-192,00-0027939,Cam Newton,10,103,0,401030910,,2018-11-18,13:00,57719,Matt Patricia,173,00-0026498,Matthew Stafford,7,-115,Home,,2018111803,100,0,9490,201811180det,Clay Martin,1,dome,-4,Ford Field,DET00,fieldturf,,39,48,-111,Sunday,
2018_11_CIN_BAL,2018-11-18,2018,11,REG,CIN,BAL,21,24,Marvin Lewis,231,00-0027973,Andy Dalton,7,-110,1,401030894,,2018-11-18,13:00,57717,John Harbaugh,-260,00-0034796,Lamar Jackson,14,-101,Home,,2018111801,-114,0,9493,201811180rav,Walt Coleman,3,outdoors,6.5,M&T Bank Stadium,BAL00,grass,48,45,44,102,Sunday,8
2018_11_DAL_ATL,2018-11-18,2018,11,REG,DAL,ATL,22,19,Jason Garrett,168,00-0033077,Dak Prescott,7,-108,0,401030929,,2018-11-18,13:00,57716,Dan Quinn,-186,00-0026143,Matt Ryan,7,-103,Home,,2018111800,-114,0,9487,201811180atl,Craig Wrolstad,-3,open,3.5,Mercedes-Benz Stadium,ATL97,fieldturf,,41,50,102,Sunday,
2018_11_DEN_LAC,2018-11-18,2018,11,REG,DEN,LAC,23,22,Vance Joseph,288,00-0028986,Case Keenum,14,-116,1,401030969,,2018-11-18,16:05,57724,Anthony Lynn,-329,00-0022942,Philip Rivers,7,104,Home,,2018111808,-103,0,9496,201811180sdg,Peter Morelli,-1,outdoors,7.5,StubHub Center,LAX97,grass,69,45,47,-108,Sunday,4
2018_11_HOU_WAS,2018-11-18,2018,11,REG,HOU,WAS,23,21,Bill O'Brien,-160,00-0033537,Deshaun Watson,14,-114,0,401030966,,2018-11-18,13:00,57722,Jay Gruden,144,00-0023436,Alex Smith,7,102,Home,,2018111806,-110,0,9494,201811180was,Alex Kemp,-2,outdoors,-3,FedExField,WAS00,grass,48,44,40.5,-101,Sunday,6
2018_11_MIN_CHI,2018-11-18,2018,11,REG,MIN,CHI,20,25,Mike Zimmer,124,00-0029604,Kirk Cousins,14,-101,1,401030903,,2018-11-18,20:20,57718,Matt Nagy,-137,00-0033869,Mitch Trubisky,7,-110,Home,,2018111802,-108,0,9488,201811180chi,John Perry,5,outdoors,2.5,Soldier Field,CHI98,grass,33,45,44,-103,Sunday,6
2018_11_OAK_ARI,2018-11-18,2018,11,REG,OAK,ARI,23,21,Jon Gruden,189,00-0031280,Derek Carr,7,-108,0,401030970,,2018-11-18,16:05,57723,Steve Wilks,-211,00-0034343,Josh Rosen,7,-103,Home,,2018111807,-104,0,9495,201811180crd,Jerome Boger,-2,closed,4.5,State Farm Stadium,PHO00,grass,,44,41,-106,Sunday,
2018_11_PHI_NO,2018-11-18,2018,11,REG,PHI,NO,7,48,Doug Pederson,290,00-0032950,Carson Wentz,7,-105,0,401030963,,2018-11-18,16:25,57725,Sean Payton,-331,00-0020531,Drew Brees,7,-105,Home,,2018111809,-103,0,9491,201811180nor,Carl Cheffers,41,dome,7,Mercedes-Benz Superdome,NOR00,sportturf,,55,56.5,-108,Sunday,
2018_11_PIT_JAX,2018-11-18,2018,11,REG,PIT,JAX,20,16,Mike Tomlin,-202,00-0022924,Ben Roethlisberger,10,-109,0,401030971,,2018-11-18,13:00,57726,Doug Marrone,181,00-0031407,Blake Bortles,7,-102,Home,,2018111810,-101,0,9497,201811180jax,Walt Anderson,-4,outdoors,-4,TIAA Bank Stadium,JAX00,grass,73,36,47,-110,Sunday,8
2018_11_TB_NYG,2018-11-18,2018,11,REG,TB,NYG,35,38,Dirk Koetter,146,00-0023682,Ryan Fitzpatrick,7,102,0,401030952,,2018-11-18,13:00,57721,Pat Shurmur,-162,00-0022803,Eli Manning,6,-114,Home,,2018111805,-101,0,9492,201811180nyg,Shawn Smith,3,outdoors,3,MetLife Stadium,NYC01,fieldturf,42,73,54.5,-110,Sunday,1
2018_11_TEN_IND,2018-11-18,2018,11,REG,TEN,IND,10,38,Mike Vrabel,117,00-0032268,Marcus Mariota,7,-103,1,401030922,,2018-11-18,13:00,57720,Frank Reich,-129,00-0029668,Andrew Luck,7,-108,Home,,2018111804,-106,0,9489,201811180clt,John Hussey,28,closed,2,Lucas Oil Stadium,IND00,fieldturf,,48,50,-104,Sunday,
2018_11_KC_LA,2018-11-19,2018,11,REG,KC,LA,51,54,Andy Reid,153,00-0033873,Patrick Mahomes,8,106,0,401030972,,2018-11-19,20:15,57727,Sean McVay,-170,00-0033106,Jared Goff,8,-119,Home,,2018111900,-103,0,9498,201811190ram,Clete Blakeman,3,outdoors,3,Los Angeles Memorial Coliseum,LAX99,grass,65,105,63.5,-107,Monday,0
2018_12_ATL_NO,2018-11-22,2018,12,REG,ATL,NO,17,31,Dan Quinn,433,00-0026143,Matt Ryan,4,-101,1,401030923,,2018-11-22,20:20,57730,Sean Payton,-550,00-0020531,Drew Brees,4,-110,Home,,2018112202,-110,0,9501,201811220nor,John Hussey,14,dome,11.5,Mercedes-Benz Superdome,NOR00,sportturf,,48,61,-101,Thursday,
2018_12_CHI_DET,2018-11-22,2018,12,REG,CHI,DET,23,16,Matt Nagy,-161,00-0026544,Chase Daniel,4,-114,1,401030905,,2018-11-22,12:30,57728,Matt Patricia,146,00-0026498,Matthew Stafford,4,102,Home,,2018112200,-114,0,9499,201811220det,Brad Allen,-7,dome,-3,Ford Field,DET00,fieldturf,,39,43,102,Thursday,
2018_12_WAS_DAL,2018-11-22,2018,12,REG,WAS,DAL,23,31,Jay Gruden,279,00-0027688,Colt McCoy,4,-108,1,401030925,,2018-11-22,16:30,57729,Jason Garrett,-317,00-0033077,Dak Prescott,4,-103,Home,,2018112201,-103,0,9500,201811220dal,Ron Torbert,8,closed,7,AT&T Stadium,DAL00,matrixturf,,54,40,-108,Thursday,
2018_12_ARI_LAC,2018-11-25,2018,12,REG,ARI,LAC,10,45,Steve Wilks,612,00-0034343,Josh Rosen,7,-103,0,401030912,,2018-11-25,16:05,57739,Anthony Lynn,-837,00-0022942,Philip Rivers,7,-108,Home,,2018112508,-101,0,9510,201811250sdg,Alex Kemp,35,outdoors,14,StubHub Center,LAX97,grass,74,55,43.5,-110,Sunday,3
2018_12_CLE_CIN,2018-11-25,2018,12,REG,CLE,CIN,35,20,Gregg Williams,-113,00-0034855,Baker Mayfield,14,-105,1,401030921,,2018-11-25,13:00,57734,Marvin Lewis,102,00-0027973,Andy Dalton,7,-105,Home,,2018112503,-101,0,9504,201811250cin,Jerome Boger,-15,outdoors,-1,Paul Brown Stadium,CIN00,fieldturf,44,55,46.5,-110,Sunday,4
2018_12_GB_MIN,2018-11-25,2018,12,REG,GB,MIN,17,24,Mike McCarthy,184,00-0023459,Aaron Rodgers,10,-108,1,401030908,,2018-11-25,20:20,57741,Mike Zimmer,-205,00-0029604,Kirk Cousins,7,-103,Home,,2018112510,-101,0,9512,201811250min,Bill Vinovich,7,dome,4,U.S. Bank Stadium,MIN01,sportturf,,41,48.5,-110,Sunday,
2018_12_JAX_BUF,2018-11-25,2018,12,REG,JAX,BUF,21,24,Doug Marrone,-155,00-0031407,Blake Bortles,7,-104,0,401030919,,2018-11-25,13:00,57732,Sean McDermott,140,00-0034857,Josh Allen,14,-106,Home,,2018112501,-103,0,9502,201811250buf,Walt Coleman,3,outdoors,-3,New Era Field,BUF00,a_turf,44,45,36.5,-107,Sunday,12
2018_12_MIA_IND,2018-11-25,2018,12,REG,MIA,IND,24,27,Adam Gase,341,00-0029701,Ryan Tannehill,14,-103,0,401030906,,2018-11-25,16:25,57735,Frank Reich,-394,00-0029668,Andrew Luck,7,-108,Home,,2018112504,-101,0,9505,201811250clt,Clete Blakeman,3,closed,9,Lucas Oil Stadium,IND00,fieldturf,,51,52.5,-110,Sunday,
2018_12_NE_NYJ,2018-11-25,2018,12,REG,NE,NYJ,27,13,Bill Belichick,-585,00-0019596,Tom Brady,14,108,1,401030904,,2018-11-25,13:00,57736,Todd Bowles,487,00-0021206,Josh McCown,14,-121,Home,,2018112505,-101,0,9506,201811250nyj,Shawn Hochuli,-14,outdoors,-13,MetLife Stadium,NYC01,fieldturf,54,40,46.5,-110,Sunday,8
2018_12_NYG_PHI,2018-11-25,2018,12,REG,NYG,PHI,22,25,Pat Shurmur,192,00-0022803,Eli Manning,7,-103,1,401030914,,2018-11-25,13:00,57737,Doug Pederson,-215,00-0032950,Carson Wentz,7,-108,Home,,2018112506,102,0,9507,201811250phi,Walt Anderson,3,outdoors,4.5,Lincoln Financial Field,PHI00,grass,56,47,49,-114,Sunday,10
2018_12_OAK_BAL,2018-11-25,2018,12,REG,OAK,BAL,17,34,Jon Gruden,524,00-0031280,Derek Carr,7,-115,0,401030916,,2018-11-25,13:00,57731,John Harbaugh,-691,00-0034796,Lamar Jackson,7,103,Home,,2018112500,-112,0,9508,201811250rav,Clay Martin,17,outdoors,13,M&T Bank Stadium,BAL00,grass,60,51,42,101,Sunday,7
2018_12_PIT_DEN,2018-11-25,2018,12,REG,PIT,DEN,17,24,Mike Tomlin,-164,00-0022924,Ben Roethlisberger,7,-110,0,401030911,,2018-11-25,16:25,57740,Vance Joseph,148,00-0028986,Case Keenum,7,-101,Home,,2018112509,-101,0,9511,201811250den,Tony Corrente,7,outdoors,-3,Sports Authority Field at Mile High,DEN00,grass,41,41,47.5,-110,Sunday,7
2018_12_SEA_CAR,2018-11-25,2018,12,REG,SEA,CAR,30,27,Pete Carroll,146,00-0029263,Russell Wilson,10,101,0,401030920,,2018-11-25,13:00,57733,Ron Rivera,-162,00-0027939,Cam Newton,7,-112,Home,,2018112502,-105,0,9503,201811250car,Shawn Smith,-3,outdoors,3,Bank of America Stadium,CAR00,grass,57,57,46.5,-105,Sunday,1
2018_12_SF_TB,2018-11-25,2018,12,REG,SF,TB,9,27,Kyle Shanahan,115,00-0033319,Nick Mullens,13,-101,0,401030902,,2018-11-25,13:00,57738,Dirk Koetter,-127,00-0031503,Jameis Winston,7,-110,Home,,2018112507,-120,0,9509,201811250tam,John Parry,18,outdoors,1.5,Raymond James Stadium,TAM00,grass,77,36,54.5,107,Sunday,7
2018_12_TEN_HOU,2018-11-26,2018,12,REG,TEN,HOU,17,34,Mike Vrabel,171,00-0032268,Marcus Mariota,8,-114,1,401030762,,2018-11-26,20:15,57742,Bill O'Brien,-190,00-0033537,Deshaun Watson,8,102,Home,,2018112600,-110,0,9513,201811260htx,Craig Wrolstad,17,closed,3.5,NRG Stadium,HOU00,astroturf,,51,42.5,-101,Monday,
2018_13_NO_DAL,2018-11-29,2018,13,REG,NO,DAL,10,13,Sean Payton,-313,00-0020531,Drew Brees,7,-108,0,401030899,,2018-11-29,20:20,57743,Jason Garrett,275,00-0033077,Dak Prescott,7,-103,Home,,2018112900,-114,0,9514,201811290dal,Walt Anderson,3,closed,-7,AT&T Stadium,DAL00,matrixturf,,23,51.5,102,Thursday,
2018_13_ARI_GB,2018-12-02,2018,13,REG,ARI,GB,20,17,Steve Wilks,548,00-0034343,Josh Rosen,7,-107,0,401030965,,2018-12-02,13:00,57747,Mike McCarthy,-729,00-0023459,Aaron Rodgers,7,-103,Home,,2018120203,-108,0,9518,201812020gnb,Peter Morelli,-3,outdoors,13.5,Lambeau Field,GNB00,grass,34,37,41,-103,Sunday,20
2018_13_BAL_ATL,2018-12-02,2018,13,REG,BAL,ATL,26,16,John Harbaugh,133,00-0034796,Lamar Jackson,7,102,0,401030928,,2018-12-02,13:00,57744,Dan Quinn,-147,00-0026143,Matt Ryan,10,-114,Home,,2018120200,-110,0,9515,201812020atl,Brad Allen,-10,open,2.5,Mercedes-Benz Stadium,ATL97,fieldturf,,42,46.5,-101,Sunday,
2018_13_BUF_MIA,2018-12-02,2018,13,REG,BUF,MIA,17,21,Sean McDermott,162,00-0034857,Josh Allen,7,-108,1,401030954,,2018-12-02,13:00,57750,Adam Gase,-180,00-0029701,Ryan Tannehill,7,-103,Home,,2018120206,-108,0,9521,201812020mia,Shawn Hochuli,4,outdoors,3.5,Hard Rock Stadium,MIA00,grass,86,38,40,-103,Sunday,15
2018_13_CAR_TB,2018-12-02,2018,13,REG,CAR,TB,17,24,Ron Rivera,-185,00-0027939,Cam Newton,7,-101,1,401030968,,2018-12-02,13:00,57753,Dirk Koetter,166,00-0031503,Jameis Winston,7,-110,Home,,2018120209,-106,0,9524,201812020tam,Carl Cheffers,7,outdoors,-3.5,Raymond James Stadium,TAM00,grass,81,41,52,-104,Sunday,15
2018_13_CHI_NYG,2018-12-02,2018,13,REG,CHI,NYG,27,30,Matt Nagy,-185,00-0026544,Chase Daniel,10,-102,0,401030953,,2018-12-02,13:00,57751,Pat Shurmur,166,00-0022803,Eli Manning,7,-109,Home,,2018120207,-110,1,9522,201812020nyg,Clay Martin,3,outdoors,-3.5,MetLife Stadium,NYC01,fieldturf,52,57,44,-101,Sunday,3
2018_13_CLE_HOU,2018-12-02,2018,13,REG,CLE,HOU,13,29,Gregg Williams,219,00-0034855,Baker Mayfield,7,101,0,401030964,,2018-12-02,13:00,57748,Bill O'Brien,-246,00-0033537,Deshaun Watson,6,-112,Home,,2018120204,-108,0,9519,201812020htx,Walt Coleman,16,closed,5,NRG Stadium,HOU00,astroturf,,42,47.5,-103,Sunday,
2018_13_DEN_CIN,2018-12-02,2018,13,REG,DEN,CIN,24,10,Vance Joseph,-178,00-0028986,Case Keenum,7,102,0,401030955,,2018-12-02,13:00,57745,Marvin Lewis,160,00-0032436,Jeff Driskel,7,-113,Home,,2018120201,-108,0,9516,201812020cin,Ron Torbert,-14,outdoors,-3.5,Paul Brown Stadium,CIN00,fieldturf,63,34,45,-103,Sunday,12
2018_13_IND_JAX,2018-12-02,2018,13,REG,IND,JAX,0,6,Frank Reich,-199,00-0029668,Andrew Luck,7,-108,1,401030962,,2018-12-02,13:00,57749,Doug Marrone,179,00-0033104,Cody Kessler,7,-103,Home,,2018120205,-109,0,9520,201812020jax,Alex Kemp,6,outdoors,-4,TIAA Bank Stadium,JAX00,grass,78,6,45.5,-102,Sunday,13
2018_13_KC_OAK,2018-12-02,2018,13,REG,KC,OAK,40,33,Andy Reid,-769,00-0033873,Patrick Mahomes,13,101,1,401030935,,2018-12-02,16:05,57754,Jon Gruden,593,00-0031280,Derek Carr,7,-112,Home,,2018120210,-104,0,9526,201812020rai,Shawn Smith,-7,outdoors,-14,Oakland-Alameda County Coliseum,OAK00,grass,57,73,53.5,-106,Sunday,6
2018_13_LAC_PIT,2018-12-02,2018,13,REG,LAC,PIT,33,30,Anthony Lynn,166,00-0022942,Philip Rivers,7,-112,0,401030951,,2018-12-02,20:20,57752,Mike Tomlin,-185,00-0022924,Ben Roethlisberger,7,101,Home,,2018120208,-101,0,9523,201812020pit,Bill Vinovich,-3,outdoors,3.5,Heinz Field,PIT00,grass,57,63,53.5,-110,Sunday,8
2018_13_LA_DET,2018-12-02,2018,13,REG,LA,DET,30,16,Sean McVay,-450,00-0033106,Jared Goff,13,102,0,401030957,,2018-12-02,13:00,57746,Matt Patricia,385,00-0026498,Matthew Stafford,10,-114,Home,,2018120202,-108,0,9517,201812020det,John Parry,-14,dome,-10.5,Ford Field,DET00,fieldturf,,46,54,-103,Sunday,
2018_13_MIN_NE,2018-12-02,2018,13,REG,MIN,NE,10,24,Mike Zimmer,217,00-0029604,Kirk Cousins,7,-114,0,401030959,,2018-12-02,16:25,57756,Bill Belichick,-244,00-0019596,Tom Brady,7,102,Home,,2018120212,-103,0,9527,201812020nwe,Craig Wrolstad,14,outdoors,6,Gillette Stadium,BOS00,fieldturf,53,34,50,-108,Sunday,6
2018_13_NYJ_TEN,2018-12-02,2018,13,REG,NYJ,TEN,22,26,Todd Bowles,370,00-0021206,Josh McCown,7,-127,0,401030960,,2018-12-02,16:05,57755,Mike Vrabel,-431,00-0032268,Marcus Mariota,6,113,Home,,2018120211,-106,0,9525,201812020oti,Jerome Boger,4,outdoors,10.5,Nissan Stadium,NAS00,grass,70,48,40.5,-104,Sunday,13
2018_13_SF_SEA,2018-12-02,2018,13,REG,SF,SEA,16,43,Kyle Shanahan,411,00-0033319,Nick Mullens,7,-114,1,401030958,,2018-12-02,16:25,57757,Pete Carroll,-500,00-0029263,Russell Wilson,7,102,Home,,2018120213,-108,0,9528,201812020sea,Clete Blakeman,27,outdoors,10,CenturyLink Field,SEA00,fieldturf,45,59,45.5,-103,Sunday,2
2018_13_WAS_PHI,2018-12-03,2018,13,REG,WAS,PHI,13,28,Jay Gruden,213,00-0027688,Colt McCoy,11,-105,1,401030871,,2018-12-03,20:15,57758,Doug Pederson,-239,00-0032950,Carson Wentz,8,-105,Home,,2018120300,-100,0,9529,201812030phi,Tony Corrente,15,outdoors,5.5,Lincoln Financial Field,PHI00,grass,36,41,45,-111,Monday,15
2018_14_JAX_TEN,2018-12-06,2018,14,REG,JAX,TEN,9,30,Doug Marrone,221,00-0033104,Cody Kessler,4,-103,1,401030724,,2018-12-06,20:20,57759,Mike Vrabel,-248,00-0032268,Marcus Mariota,4,-107,Home,,2018120600,-103,0,9530,201812060oti,John Parry,21,outdoors,5.5,Nissan Stadium,NAS00,grass,44,39,36.5,-107,Thursday,5
2018_14_ATL_GB,2018-12-09,2018,14,REG,ATL,GB,20,34,Dan Quinn,166,00-0026143,Matt Ryan,7,-116,0,401030825,,2018-12-09,13:00,57763,Joe Philbin,-185,00-0023459,Aaron Rodgers,7,104,Home,,2018120903,-110,0,9534,201812090gnb,Walt Coleman,14,outdoors,4,Lambeau Field,GNB00,grass,25,54,51,-101,Sunday,10
2018_14_BAL_KC,2018-12-09,2018,14,REG,BAL,KC,24,27,John Harbaugh,239,00-0034796,Lamar Jackson,7,-105,0,401030764,,2018-12-09,13:00,57765,Andy Reid,-269,00-0033873,Patrick Mahomes,7,-105,Home,,2018120905,-103,1,9536,201812090kan,Tony Corrente,3,outdoors,6.5,Arrowhead Stadium,KAN00,grass,27,51,49,-108,Sunday,0
2018_14_CAR_CLE,2018-12-09,2018,14,REG,CAR,CLE,20,26,Ron Rivera,-117,00-0027939,Cam Newton,7,-108,0,401030823,,2018-12-09,13:00,57762,Gregg Williams,106,00-0034855,Baker Mayfield,7,-103,Home,,2018120902,-108,0,9533,201812090cle,Walt Anderson,6,outdoors,-1,FirstEnergy Stadium,CLE00,grass,28,46,48,-103,Sunday,4
2018_14_CIN_LAC,2018-12-09,2018,14,REG,CIN,LAC,21,26,Marvin Lewis,847,00-0032436,Jeff Driskel,7,-109,0,401030851,,2018-12-09,16:05,57769,Anthony Lynn,-1292,00-0022942,Philip Rivers,7,-102,Home,,2018120909,-103,0,9540,201812090sdg,John Hussey,5,outdoors,17,StubHub Center,LAX97,grass,,47,48.5,-108,Sunday,
2018_14_DEN_SF,2018-12-09,2018,14,REG,DEN,SF,14,20,Vance Joseph,-164,00-0028986,Case Keenum,7,-112,0,401030827,,2018-12-09,16:05,57770,Kyle Shanahan,148,00-0033319,Nick Mullens,7,101,Home,,2018120910,-110,0,9541,201812090sfo,Shawn Smith,6,outdoors,-3,Levi's Stadium,SFO01,grass,54,34,45.5,-101,Sunday,3
2018_14_DET_ARI,2018-12-09,2018,14,REG,DET,ARI,17,3,Matt Patricia,-139,00-0026498,Matthew Stafford,7,-110,0,401030860,,2018-12-09,16:25,57771,Steve Wilks,126,00-0034343,Josh Rosen,7,-101,Home,,2018120911,-110,0,9542,201812090crd,Shawn Hochuli,-14,closed,-2.5,State Farm Stadium,PHO00,grass,,20,40,-101,Sunday,
2018_14_IND_HOU,2018-12-09,2018,14,REG,IND,HOU,24,21,Frank Reich,176,00-0029668,Andrew Luck,7,-108,1,401030813,,2018-12-09,13:00,57764,Bill O'Brien,-196,00-0033537,Deshaun Watson,7,-103,Home,,2018120904,-103,0,9535,201812090htx,Bill Vinovich,-3,closed,4,NRG Stadium,HOU00,astroturf,,45,49.5,-108,Sunday,
2018_14_LA_CHI,2018-12-09,2018,14,REG,LA,CHI,6,15,Sean McVay,-139,00-0033106,Jared Goff,7,107,0,401030817,,2018-12-09,20:20,57761,Matt Nagy,126,00-0033869,Mitch Trubisky,7,-120,Home,,2018120901,-110,0,9532,201812090chi,Craig Wrolstad,9,outdoors,-3,Soldier Field,CHI98,grass,29,21,50.5,-101,Sunday,4
2018_14_NE_MIA,2018-12-09,2018,14,REG,NE,MIA,33,34,Bill Belichick,-367,00-0019596,Tom Brady,7,-103,1,401030761,,2018-12-09,13:00,57766,Adam Gase,319,00-0029701,Ryan Tannehill,7,-108,Home,,2018120906,101,0,9537,201812090mia,Peter Morelli,1,outdoors,-8.5,Hard Rock Stadium,MIA00,grass,82,67,49.5,-112,Sunday,13
2018_14_NO_TB,2018-12-09,2018,14,REG,NO,TB,28,14,Sean Payton,-380,00-0020531,Drew Brees,10,-103,1,401030758,,2018-12-09,13:00,57767,Dirk Koetter,330,00-0031503,Jameis Winston,7,-108,Home,,2018120907,-101,0,9538,201812090tam,Jerome Boger,-14,outdoors,-8.5,Raymond James Stadium,TAM00,grass,71,42,55,-110,Sunday,7
2018_14_NYG_WAS,2018-12-09,2018,14,REG,NYG,WAS,40,16,Pat Shurmur,-167,00-0022803,Eli Manning,7,-119,1,401030753,,2018-12-09,13:00,57768,Jay Gruden,151,00-0026898,Mark Sanchez,6,106,Home,,2018120908,-111,0,9539,201812090was,Carl Cheffers,-24,outdoors,-3,FedExField,WAS00,grass,33,56,40.5,100,Sunday,6
2018_14_NYJ_BUF,2018-12-09,2018,14,REG,NYJ,BUF,27,23,Todd Bowles,189,00-0034869,Sam Darnold,7,-105,1,401030750,,2018-12-09,13:00,57760,Sean McDermott,-211,00-0034857,Josh Allen,7,-105,Home,,2018120900,-105,0,9531,201812090buf,Alex Kemp,-4,outdoors,4.5,New Era Field,BUF00,a_turf,31,50,37,-105,Sunday,12
2018_14_PHI_DAL,2018-12-09,2018,14,REG,PHI,DAL,23,29,Doug Pederson,166,00-0032950,Carson Wentz,6,-110,1,401030854,,2018-12-09,16:25,57772,Jason Garrett,-185,00-0033077,Dak Prescott,10,-101,Home,,2018120912,-107,1,9543,201812090dal,Clete Blakeman,6,closed,3.5,AT&T Stadium,DAL00,matrixturf,,52,46,-103,Sunday,
2018_14_PIT_OAK,2018-12-09,2018,14,REG,PIT,OAK,21,24,Mike Tomlin,-449,00-0022924,Ben Roethlisberger,7,117,0,401030863,,2018-12-09,16:25,57773,Jon Gruden,384,00-0031280,Derek Carr,7,-133,Home,,2018120913,-103,0,9544,201812090rai,Ron Torbert,3,outdoors,-10.5,Oakland-Alameda County Coliseum,OAK00,grass,55,45,51,-108,Sunday,8
2018_14_MIN_SEA,2018-12-10,2018,14,REG,MIN,SEA,7,21,Mike Zimmer,151,00-0029604,Kirk Cousins,8,105,0,401030867,,2018-12-10,20:15,57774,Pete Carroll,-171,00-0029263,Russell Wilson,8,-117,Home,,2018121000,-108,0,9545,201812100sea,Brad Allen,14,outdoors,3,CenturyLink Field,SEA00,fieldturf,48,28,45.5,-103,Monday,9
2018_15_LAC_KC,2018-12-13,2018,15,REG,LAC,KC,29,28,Anthony Lynn,174,00-0022942,Philip Rivers,4,-100,1,401030874,,2018-12-13,20:20,57775,Andy Reid,-194,00-0033873,Patrick Mahomes,4,-111,Home,,2018121300,-104,0,9546,201812130kan,Walt Anderson,-1,outdoors,3.5,Arrowhead Stadium,KAN00,grass,39,57,54,-106,Thursday,5
2018_15_CLE_DEN,2018-12-15,2018,15,REG,CLE,DEN,17,16,Gregg Williams,116,00-0034855,Baker Mayfield,6,106,0,401030876,,2018-12-15,20:20,57777,Vance Joseph,-128,00-0028986,Case Keenum,6,-119,Home,,2018121501,-104,0,9547,201812150den,Clay Martin,-1,outdoors,1,Sports Authority Field at Mile High,DEN00,grass,46,33,47,-106,Saturday,0
2018_15_HOU_NYJ,2018-12-15,2018,15,REG,HOU,NYJ,29,22,Bill O'Brien,-286,00-0033537,Deshaun Watson,6,106,0,401030891,,2018-12-15,16:30,57776,Todd Bowles,253,00-0034869,Sam Darnold,6,-119,Home,,2018121500,-105,0,9548,201812150nyj,Brad Allen,-7,outdoors,-7,MetLife Stadium,NYC01,fieldturf,51,51,44,-105,Saturday,8
2018_15_ARI_ATL,2018-12-16,2018,15,REG,ARI,ATL,14,40,Steve Wilks,332,00-0034343,Josh Rosen,7,-129,0,401030900,,2018-12-16,13:00,57778,Dan Quinn,-382,00-0026143,Matt Ryan,7,114,Home,,2018121600,-111,0,9549,201812160atl,Shawn Smith,26,closed,10,Mercedes-Benz Stadium,ATL97,fieldturf,,54,43.5,100,Sunday,
2018_15_DAL_IND,2018-12-16,2018,15,REG,DAL,IND,0,23,Jason Garrett,155,00-0033077,Dak Prescott,7,106,0,401030927,,2018-12-16,13:00,57783,Frank Reich,-172,00-0029668,Andrew Luck,7,-119,Home,,2018121605,-109,0,9553,201812160clt,Carl Cheffers,23,closed,3,Lucas Oil Stadium,IND00,fieldturf,,23,47,-102,Sunday,
2018_15_DET_BUF,2018-12-16,2018,15,REG,DET,BUF,13,14,Matt Patricia,132,00-0026498,Matthew Stafford,7,106,0,401030896,,2018-12-16,13:00,57780,Sean McDermott,-146,00-0034857,Josh Allen,7,-119,Home,,2018121602,-111,0,9550,201812160buf,Jerome Boger,1,outdoors,2.5,New Era Field,BUF00,a_turf,39,27,40,100,Sunday,7
2018_15_GB_CHI,2018-12-16,2018,15,REG,GB,CHI,17,24,Joe Philbin,221,00-0023459,Aaron Rodgers,7,102,1,401030893,,2018-12-16,13:00,57781,Matt Nagy,-248,00-0033869,Mitch Trubisky,7,-114,Home,,2018121603,-108,0,9551,201812160chi,John Hussey,7,outdoors,6,Soldier Field,CHI98,grass,45,41,46.5,-103,Sunday,10
2018_15_MIA_MIN,2018-12-16,2018,15,REG,MIA,MIN,17,41,Adam Gase,311,00-0029701,Ryan Tannehill,7,-107,0,401030918,,2018-12-16,13:00,57785,Mike Zimmer,-356,00-0029604,Kirk Cousins,6,-103,Home,,2018121607,103,0,9555,201812160min,Walt Coleman,24,dome,7.5,U.S. Bank Stadium,MIN01,sportturf,,58,45,-115,Sunday,
2018_15_NE_PIT,2018-12-16,2018,15,REG,NE,PIT,10,17,Bill Belichick,-129,00-0019596,Tom Brady,7,-105,0,401030956,,2018-12-16,16:25,57788,Mike Tomlin,117,00-0022924,Ben Roethlisberger,7,-105,Home,,2018121610,-120,0,9559,201812160pit,John Parry,7,outdoors,-2.5,Heinz Field,PIT00,grass,42,27,55,107,Sunday,5
2018_15_OAK_CIN,2018-12-16,2018,15,REG,OAK,CIN,16,30,Jon Gruden,140,00-0031280,Derek Carr,7,-110,0,401030909,,2018-12-16,13:00,57782,Marvin Lewis,-155,00-0032436,Jeff Driskel,7,-101,Home,,2018121604,-111,0,9552,201812160cin,Alex Kemp,14,outdoors,3,Paul Brown Stadium,CIN00,fieldturf,43,46,46,100,Sunday,2
2018_15_PHI_LA,2018-12-16,2018,15,REG,PHI,LA,30,23,Doug Pederson,590,00-0029567,Nick Foles,7,-103,0,401030961,,2018-12-16,20:20,57789,Sean McVay,-800,00-0033106,Jared Goff,7,-107,Home,,2018121611,103,0,9560,201812160ram,Bill Vinovich,-7,outdoors,13.5,Los Angeles Memorial Coliseum,LAX99,grass,60,53,52.5,-115,Sunday,5
2018_15_SEA_SF,2018-12-16,2018,15,REG,SEA,SF,23,26,Pete Carroll,-207,00-0029263,Russell Wilson,6,-112,1,401030950,,2018-12-16,16:05,57787,Kyle Shanahan,186,00-0033319,Nick Mullens,7,101,Home,,2018121609,-115,1,9558,201812160sfo,Peter Morelli,3,outdoors,-3.5,Levi's Stadium,SFO01,grass,61,49,44,103,Sunday,11
2018_15_TB_BAL,2018-12-16,2018,15,REG,TB,BAL,12,20,Dirk Koetter,328,00-0031503,Jameis Winston,7,-103,0,401030898,,2018-12-16,13:00,57779,John Harbaugh,-378,00-0034796,Lamar Jackson,7,-107,Home,,2018121601,-106,0,9557,201812160rav,Ron Torbert,8,outdoors,8.5,M&T Bank Stadium,BAL00,grass,43,32,44.5,-104,Sunday,10
2018_15_TEN_NYG,2018-12-16,2018,15,REG,TEN,NYG,17,0,Mike Vrabel,-123,00-0032268,Marcus Mariota,10,-101,0,401030915,,2018-12-16,13:00,57786,Pat Shurmur,112,00-0022803,Eli Manning,7,-110,Home,,2018121608,100,0,9556,201812160nyg,Shawn Hochuli,-17,outdoors,-2.5,MetLife Stadium,NYC01,fieldturf,40,17,42,-111,Sunday,6
2018_15_WAS_JAX,2018-12-16,2018,15,REG,WAS,JAX,16,13,Jay Gruden,296,00-0026300,Josh Johnson,7,-114,0,401030924,,2018-12-16,13:00,57784,Doug Marrone,-338,00-0033104,Cody Kessler,10,102,Home,,2018121606,-110,0,9554,201812160jax,Clete Blakeman,-3,outdoors,7.5,TIAA Bank Stadium,JAX00,grass,64,29,36,-101,Sunday,12
2018_15_NO_CAR,2018-12-17,2018,15,REG,NO,CAR,12,9,Sean Payton,-248,00-0020531,Drew Brees,8,-104,1,401030967,,2018-12-17,20:15,57790,Ron Rivera,221,00-0027939,Cam Newton,8,-106,Home,,2018121700,-114,0,9561,201812170car,Tony Corrente,-3,outdoors,-6,Bank of America Stadium,CAR00,grass,48,21,50.5,102,Monday,3
2018_16_BAL_LAC,2018-12-22,2018,16,REG,BAL,LAC,22,10,John Harbaugh,178,00-0034796,Lamar Jackson,6,-110,0,401030897,,2018-12-22,20:20,57792,Anthony Lynn,-198,00-0022942,Philip Rivers,9,-101,Home,,2018122201,-110,0,9573,201812220sdg,Clete Blakeman,-12,outdoors,4,StubHub Center,LAX97,grass,60,32,42.5,-101,Saturday,5
2018_16_WAS_TEN,2018-12-22,2018,16,REG,WAS,TEN,16,25,Jay Gruden,481,00-0026300,Josh Johnson,6,-110,0,401030868,,2018-12-22,16:30,57794,Mike Vrabel,-599,00-0032268,Marcus Mariota,6,-101,Home,,2018122200,102,0,9570,201812220oti,John Hussey,9,outdoors,12.5,Nissan Stadium,NAS00,grass,51,41,38,-114,Saturday,9
2018_16_ATL_CAR,2018-12-23,2018,16,REG,ATL,CAR,24,10,Dan Quinn,-147,00-0026143,Matt Ryan,7,-119,1,401030895,,2018-12-23,13:00,57795,Ron Rivera,133,00-0031800,Taylor Heinicke,6,106,Home,,2018122304,-103,0,9562,201812230car,Peter Morelli,-14,outdoors,-2.5,Bank of America Stadium,CAR00,grass,52,34,46.5,-107,Sunday,7
2018_16_BUF_NE,2018-12-23,2018,16,REG,BUF,NE,12,24,Sean McDermott,560,00-0034857,Josh Allen,7,-114,1,401030892,,2018-12-23,13:00,57799,Bill Belichick,-750,00-0019596,Tom Brady,7,102,Home,,2018122308,-109,0,9568,201812230nwe,Shawn Smith,12,outdoors,14,Gillette Stadium,BOS00,fieldturf,40,36,46,-102,Sunday,12
2018_16_CHI_SF,2018-12-23,2018,16,REG,CHI,SF,14,9,Matt Nagy,-190,00-0033869,Mitch Trubisky,7,-103,0,401030901,,2018-12-23,16:05,57803,Kyle Shanahan,171,00-0033319,Nick Mullens,7,-108,Home,,2018122312,-121,0,9574,201812230sfo,Alex Kemp,-5,outdoors,-3.5,Levi's Stadium,SFO01,grass,50,23,44,108,Sunday,5
2018_16_CIN_CLE,2018-12-23,2018,16,REG,CIN,CLE,18,26,Marvin Lewis,334,00-0032436,Jeff Driskel,7,-113,1,401030872,,2018-12-23,13:00,57796,Gregg Williams,-385,00-0034855,Baker Mayfield,8,102,Home,,2018122305,-119,0,9563,201812230cle,Tony Corrente,8,outdoors,10,FirstEnergy Stadium,CLE00,grass,37,44,44,106,Sunday,9
2018_16_GB_NYJ,2018-12-23,2018,16,REG,GB,NYJ,44,38,Joe Philbin,-141,00-0023459,Aaron Rodgers,7,106,0,401030870,,2018-12-23,13:00,57800,Todd Bowles,128,00-0034869,Sam Darnold,8,-119,Home,,2018122309,-113,1,9569,201812230nyj,Ron Torbert,-6,outdoors,-3,MetLife Stadium,NYC01,fieldturf,43,82,47.5,102,Sunday,8
2018_16_HOU_PHI,2018-12-23,2018,16,REG,HOU,PHI,30,32,Bill O'Brien,111,00-0033537,Deshaun Watson,8,102,0,401030864,,2018-12-23,13:00,57801,Doug Pederson,-123,00-0029567,Nick Foles,7,-114,Home,,2018122310,-109,0,9571,201812230phi,John Parry,2,outdoors,1,Lincoln Financial Field,PHI00,grass,44,62,47,-102,Sunday,5
2018_16_JAX_MIA,2018-12-23,2018,16,REG,JAX,MIA,17,7,Doug Marrone,139,00-0033104,Cody Kessler,7,-105,0,401030866,,2018-12-23,13:00,57793,Adam Gase,-153,00-0029701,Ryan Tannehill,7,-105,Home,,2018122302,102,0,9567,201812230mia,Clay Martin,-10,outdoors,3,Hard Rock Stadium,MIA00,grass,73,24,39.5,-114,Sunday,9
2018_16_KC_SEA,2018-12-23,2018,16,REG,KC,SEA,31,38,Andy Reid,-117,00-0033873,Patrick Mahomes,10,-110,0,401030917,,2018-12-23,20:20,57805,Pete Carroll,105,00-0029263,Russell Wilson,7,-101,Home,,2018122314,-108,0,9576,201812230sea,Bill Vinovich,7,outdoors,-1,CenturyLink Field,SEA00,fieldturf,43,69,54,-103,Sunday,8
2018_16_LA_ARI,2018-12-23,2018,16,REG,LA,ARI,31,9,Sean McVay,-679,00-0033106,Jared Goff,7,115,1,401030907,,2018-12-23,16:05,57802,Steve Wilks,516,00-0034343,Josh Rosen,7,-130,Home,,2018122311,104,0,9572,201812230crd,Walt Coleman,-22,closed,-14.5,State Farm Stadium,PHO00,grass,,40,43,-116,Sunday,
2018_16_MIN_DET,2018-12-23,2018,16,REG,MIN,DET,27,9,Mike Zimmer,-266,00-0029604,Kirk Cousins,7,102,1,401030877,,2018-12-23,13:00,57798,Matt Patricia,236,00-0026498,Matthew Stafford,7,-114,Home,,2018122307,-109,0,9566,201812230det,Walt Anderson,-18,dome,-6.5,Ford Field,DET00,fieldturf,,36,41.5,-102,Sunday,
2018_16_NYG_IND,2018-12-23,2018,16,REG,NYG,IND,27,28,Pat Shurmur,346,00-0022803,Eli Manning,7,-115,0,401030861,,2018-12-23,13:00,57791,Frank Reich,-400,00-0029668,Andrew Luck,7,103,Home,,2018122300,-114,0,9564,201812230clt,Brad Allen,1,closed,10,Lucas Oil Stadium,IND00,fieldturf,,55,48.5,102,Sunday,
2018_16_PIT_NO,2018-12-23,2018,16,REG,PIT,NO,28,31,Mike Tomlin,238,00-0022924,Ben Roethlisberger,7,-103,0,401030913,,2018-12-23,16:25,57804,Sean Payton,-269,00-0020531,Drew Brees,6,-108,Home,,2018122313,-101,0,9575,201812230nor,Craig Wrolstad,3,dome,6.5,Mercedes-Benz Superdome,NOR00,sportturf,,59,53,-110,Sunday,
2018_16_TB_DAL,2018-12-23,2018,16,REG,TB,DAL,20,27,Dirk Koetter,277,00-0031503,Jameis Winston,7,-110,0,401030875,,2018-12-23,13:00,57797,Jason Garrett,-315,00-0033077,Dak Prescott,7,-101,Home,,2018122306,-108,0,9565,201812230dal,Shawn Hochuli,7,closed,7,AT&T Stadium,DAL00,matrixturf,,47,48,-103,Sunday,
2018_16_DEN_OAK,2018-12-24,2018,16,REG,DEN,OAK,14,27,Vance Joseph,-130,00-0028986,Case Keenum,9,-105,1,401030926,,2018-12-24,20:15,57806,Jon Gruden,118,00-0031280,Derek Carr,8,-105,Home,,2018122400,-104,0,9577,201812240rai,Carl Cheffers,13,outdoors,-2.5,Oakland-Alameda County Coliseum,OAK00,grass,58,41,42.5,-106,Monday,14
2018_17_ARI_SEA,2018-12-30,2018,17,REG,ARI,SEA,24,27,Steve Wilks,603,00-0034343,Josh Rosen,7,101,1,401030856,,2018-12-30,16:25,57822,Pete Carroll,-822,00-0029263,Russell Wilson,7,-112,Home,,2018123015,102,0,9593,201812300sea,Ron Torbert,3,outdoors,15.5,CenturyLink Field,SEA00,fieldturf,45,51,39.5,-114,Sunday,5
2018_17_ATL_TB,2018-12-30,2018,17,REG,ATL,TB,34,32,Dan Quinn,-142,00-0026143,Matt Ryan,7,-108,1,401030820,,2018-12-30,13:00,57817,Dirk Koetter,129,00-0031503,Jameis Winston,7,-103,Home,,2018123010,-101,0,9589,201812300tam,Brad Allen,-2,outdoors,-2.5,Raymond James Stadium,TAM00,grass,80,66,52,-110,Sunday,5
2018_17_CAR_NO,2018-12-30,2018,17,REG,CAR,NO,33,14,Ron Rivera,276,00-0034577,Kyle Allen,7,-115,1,401030768,,2018-12-30,13:00,57814,Sean Payton,-314,00-0031237,Teddy Bridgewater,7,103,Home,,2018123007,-114,0,9583,201812300nor,Bill Vinovich,-19,dome,8,Mercedes-Benz Superdome,NOR00,sportturf,,47,42,102,Sunday,
2018_17_CHI_MIN,2018-12-30,2018,17,REG,CHI,MIN,24,10,Matt Nagy,205,00-0033869,Mitch Trubisky,7,-119,1,401030763,,2018-12-30,16:25,57812,Mike Zimmer,-230,00-0029604,Kirk Cousins,7,106,Home,,2018123005,-119,0,9582,201812300min,Clete Blakeman,-14,dome,6,U.S. Bank Stadium,MIN01,sportturf,,34,39.5,106,Sunday,
2018_17_CIN_PIT,2018-12-30,2018,17,REG,CIN,PIT,13,16,Marvin Lewis,512,00-0032436,Jeff Driskel,7,-114,1,401030818,,2018-12-30,16:25,57816,Mike Tomlin,-672,00-0022924,Ben Roethlisberger,7,102,Home,,2018123009,102,0,9587,201812300pit,Carl Cheffers,3,outdoors,14,Heinz Field,PIT00,grass,42,29,45.5,-114,Sunday,9
2018_17_CLE_BAL,2018-12-30,2018,17,REG,CLE,BAL,24,26,Gregg Williams,285,00-0034855,Baker Mayfield,7,-103,1,401030719,,2018-12-30,16:25,57807,John Harbaugh,-325,00-0034796,Lamar Jackson,8,-108,Home,,2018123000,-108,0,9588,201812300rav,Shawn Smith,2,outdoors,7,M&T Bank Stadium,BAL00,grass,48,50,41,-103,Sunday,2
2018_17_DAL_NYG,2018-12-30,2018,17,REG,DAL,NYG,36,35,Jason Garrett,295,00-0033077,Dak Prescott,7,102,1,401030812,,2018-12-30,13:00,57815,Pat Shurmur,-338,00-0022803,Eli Manning,7,-114,Home,,2018123008,-102,0,9585,201812300nyg,Clay Martin,-1,outdoors,7.5,MetLife Stadium,NYC01,fieldturf,37,71,38.5,-109,Sunday,2
2018_17_DET_GB,2018-12-30,2018,17,REG,DET,GB,31,0,Matt Patricia,284,00-0026498,Matthew Stafford,7,-103,1,401030757,,2018-12-30,13:00,57809,Joe Philbin,-324,00-0033899,DeShone Kizer,7,-108,Home,,2018123002,102,0,9579,201812300gnb,Alex Kemp,-31,outdoors,7.5,Lambeau Field,GNB00,grass,26,31,44.5,-114,Sunday,15
2018_17_IND_TEN,2018-12-30,2018,17,REG,IND,TEN,33,17,Frank Reich,-212,00-0029668,Andrew Luck,7,102,1,401030755,,2018-12-30,20:20,57818,Mike Vrabel,190,00-0027948,Blaine Gabbert,8,-114,Home,,2018123011,-103,0,9586,201812300oti,Walt Anderson,-16,outdoors,-5,Nissan Stadium,NAS00,grass,53,50,42.5,-108,Sunday,4
2018_17_JAX_HOU,2018-12-30,2018,17,REG,JAX,HOU,3,20,Doug Marrone,274,00-0031407,Blake Bortles,7,-107,1,401030759,,2018-12-30,13:00,57810,Bill O'Brien,-311,00-0033537,Deshaun Watson,7,-103,Home,,2018123003,-102,0,9580,201812300htx,Peter Morelli,17,closed,7,NRG Stadium,HOU00,astroturf,,23,39.5,-109,Sunday,
2018_17_LAC_DEN,2018-12-30,2018,17,REG,LAC,DEN,23,9,Anthony Lynn,-270,00-0022942,Philip Rivers,8,106,1,401030824,,2018-12-30,16:25,57820,Vance Joseph,239,00-0028986,Case Keenum,6,-119,Home,,2018123013,-108,0,9591,201812300den,John Parry,-14,outdoors,-7,Sports Authority Field at Mile High,DEN00,grass,51,32,43.5,-103,Sunday,6
2018_17_MIA_BUF,2018-12-30,2018,17,REG,MIA,BUF,17,42,Adam Gase,222,00-0029701,Ryan Tannehill,7,-102,1,401030722,,2018-12-30,13:00,57808,Sean McDermott,-250,00-0034857,Josh Allen,7,-109,Home,,2018123001,-114,0,9578,201812300buf,John Hussey,25,outdoors,5.5,New Era Field,BUF00,a_turf,33,59,39.5,102,Sunday,9
2018_17_NYJ_NE,2018-12-30,2018,17,REG,NYJ,NE,3,38,Todd Bowles,618,00-0034869,Sam Darnold,7,-101,1,401030765,,2018-12-30,13:00,57813,Bill Belichick,-848,00-0019596,Tom Brady,7,-110,Home,,2018123006,102,0,9584,201812300nwe,Walt Coleman,35,outdoors,14,Gillette Stadium,BOS00,fieldturf,33,41,47,-114,Sunday,2
2018_17_OAK_KC,2018-12-30,2018,17,REG,OAK,KC,3,35,Jon Gruden,586,00-0031280,Derek Carr,6,-115,1,401030760,,2018-12-30,16:25,57811,Andy Reid,-794,00-0033873,Patrick Mahomes,7,103,Home,,2018123004,-101,0,9581,201812300kan,Shawn Hochuli,32,outdoors,14.5,Arrowhead Stadium,KAN00,grass,45,38,54,-110,Sunday,15
2018_17_PHI_WAS,2018-12-30,2018,17,REG,PHI,WAS,24,0,Doug Pederson,-245,00-0029567,Nick Foles,7,-101,1,401030727,,2018-12-30,16:25,57819,Jay Gruden,218,00-0026300,Josh Johnson,8,-110,Home,,2018123012,-117,0,9590,201812300was,Craig Wrolstad,-24,outdoors,-6,FedExField,WAS00,grass,46,24,43,105,Sunday,3
2018_17_SF_LA,2018-12-30,2018,17,REG,SF,LA,32,48,Kyle Shanahan,385,00-0033319,Nick Mullens,7,-101,1,401030850,,2018-12-30,16:25,57821,Sean McVay,-450,00-0033106,Jared Goff,7,-110,Home,,2018123014,-101,0,9592,201812300ram,Jerome Boger,16,outdoors,10.5,Los Angeles Memorial Coliseum,LAX99,grass,65,80,50.5,-110,Sunday,3
2018_18_IND_HOU,2019-01-05,2018,18,WC,IND,HOU,21,7,Frank Reich,112,00-0029668,Andrew Luck,6,-113,1,401038952,,2019-01-05,16:35,57823,Bill O'Brien,-124,00-0033537,Deshaun Watson,6,102,Home,,2019010500,102,0,13606,201901050htx,Bill Vinovich,-14,closed,2,NRG Stadium,HOU00,astroturf,,28,48.5,-114,Saturday,
2018_18_SEA_DAL,2019-01-05,2018,18,WC,SEA,DAL,22,24,Pete Carroll,135,00-0029263,Russell Wilson,6,104,0,401038953,,2019-01-05,20:15,57824,Jason Garrett,-149,00-0033077,Dak Prescott,6,-116,Home,,2019010501,-105,0,13607,201901050dal,Walt Anderson,2,closed,2.5,AT&T Stadium,DAL00,matrixturf,,46,43,-105,Saturday,
2018_18_LAC_BAL,2019-01-06,2018,18,WC,LAC,BAL,23,17,Anthony Lynn,140,00-0022942,Philip Rivers,7,-109,0,401038955,,2019-01-06,13:05,57825,John Harbaugh,-155,00-0034796,Lamar Jackson,7,-102,Home,,2019010600,-116,0,13608,201901060rav,Clete Blakeman,-6,outdoors,3,M&T Bank Stadium,BAL00,grass,52,40,43,104,Sunday,12
2018_18_PHI_CHI,2019-01-06,2018,18,WC,PHI,CHI,16,15,Doug Pederson,235,00-0029567,Nick Foles,7,-103,0,401038954,,2019-01-06,16:40,57826,Matt Nagy,-265,00-0033869,Mitch Trubisky,7,-108,Home,,2019010601,-103,0,13609,201901060chi,Tony Corrente,-1,outdoors,6.5,Soldier Field,CHI98,grass,39,31,42.5,-108,Sunday,12
2018_19_DAL_LA,2019-01-12,2018,19,DIV,DAL,LA,22,30,Jason Garrett,296,00-0033077,Dak Prescott,7,-109,0,401038956,,2019-01-12,20:15,57828,Sean McVay,-338,00-0033106,Jared Goff,13,-102,Home,,2019011201,-114,0,13612,201901120ram,John Parry,8,outdoors,7.5,Los Angeles Memorial Coliseum,LAX99,grass,57,52,48,102,Saturday,1
2018_19_IND_KC,2019-01-12,2018,19,DIV,IND,KC,13,31,Frank Reich,182,00-0029668,Andrew Luck,7,-101,0,401038957,,2019-01-12,16:35,57827,Andy Reid,-203,00-0033873,Patrick Mahomes,13,-110,Home,,2019011200,-102,0,13611,201901120kan,John Hussey,18,outdoors,4,Arrowhead Stadium,KAN00,grass,32,44,54.5,-109,Saturday,13
2018_19_LAC_NE,2019-01-13,2018,19,DIV,LAC,NE,28,41,Anthony Lynn,170,00-0022942,Philip Rivers,7,-114,0,401038959,,2019-01-13,13:05,57829,Bill Belichick,-189,00-0019596,Tom Brady,14,102,Home,,2019011300,102,0,13613,201901130nwe,Ron Torbert,13,outdoors,4,Gillette Stadium,BOS00,fieldturf,26,69,47.5,-113,Sunday,3
2018_19_PHI_NO,2019-01-13,2018,19,DIV,PHI,NO,14,20,Doug Pederson,324,00-0029567,Nick Foles,7,-101,0,401038958,,2019-01-13,16:40,57830,Sean Payton,-373,00-0020531,Drew Brees,14,-110,Home,,2019011301,-112,0,13614,201901130nor,Carl Cheffers,6,dome,8.5,Mercedes-Benz Superdome,NOR00,sportturf,,34,52,101,Sunday,
2018_20_LA_NO,2019-01-20,2018,20,CON,LA,NO,26,23,Sean McVay,142,00-0033106,Jared Goff,8,-108,0,401038118,,2019-01-20,15:05,57831,Sean Payton,-157,00-0020531,Drew Brees,7,-103,Home,,2019012000,-115,1,13615,201901200nor,Bill Vinovich,-3,dome,3,Mercedes-Benz Superdome,NOR00,sportturf,,49,55,103,Sunday,
2018_20_NE_KC,2019-01-20,2018,20,CON,NE,KC,37,31,Bill Belichick,156,00-0019596,Tom Brady,7,111,0,401038850,,2019-01-20,18:40,57832,Andy Reid,-173,00-0033873,Patrick Mahomes,8,-125,Home,,2019012001,-110,1,13616,201901200kan,Clete Blakeman,-6,outdoors,3,Arrowhead Stadium,KAN00,grass,19,68,56.5,-101,Sunday,14
2018_21_NE_LA,2019-02-03,2018,21,SB,NE,LA,13,3,Bill Belichick,-123,00-0019596,Tom Brady,14,-103,0,401038115,,2019-02-03,18:30,57833,Sean McVay,111,00-0033106,Jared Goff,14,-108,Neutral,,2019020300,-108,0,13635,201902030ram,John Parry,-10,closed,-2,Mercedes-Benz Stadium,ATL97,fieldturf,,16,55.5,-103,Sunday,
2019_01_GB_CHI,2019-09-05,2019,1,REG,GB,CHI,10,3,Matt LaFleur,160,00-0023459,Aaron Rodgers,7,-113,1,401127913,5058,2019-09-05,20:20,57900,Matt Nagy,-178,00-0033869,Mitch Trubisky,7,103,Home,,2019090500,-113,0,13762,201909050chi,Tony Corrente,-7,outdoors,3.5,Soldier Field,CHI98,grass,65,13,47,102,Thursday,10
2019_01_ATL_MIN,2019-09-08,2019,1,REG,ATL,MIN,12,28,Dan Quinn,159,00-0026143,Matt Ryan,7,-115,0,401127961,5059,2019-09-08,13:00,57905,Mike Zimmer,-176,00-0029604,Kirk Cousins,7,104,Home,,2019090804,-112,0,13765,201909080min,Bill Vinovich,16,dome,3.5,U.S. Bank Stadium,MIN01,sportturf,,40,47,101,Sunday,
2019_01_BAL_MIA,2019-09-08,2019,1,REG,BAL,MIA,59,10,John Harbaugh,-298,00-0034796,Lamar Jackson,7,102,0,401127954,5060,2019-09-08,13:00,57904,Brian Flores,263,00-0023682,Ryan Fitzpatrick,7,-112,Home,,2019090803,-105,0,13764,201909080mia,Jerome Boger,-49,outdoors,-7,Hard Rock Stadium,MIA00,grass,91,69,41,-105,Sunday,8
2019_01_BUF_NYJ,2019-09-08,2019,1,REG,BUF,NYJ,17,16,Sean McDermott,135,00-0034857,Josh Allen,7,-101,1,401127963,5061,2019-09-08,13:00,57906,Adam Gase,-149,00-0034869,Sam Darnold,7,-110,Home,,2019090805,-100,0,13766,201909080nyj,Clay Martin,-1,outdoors,2.5,MetLife Stadium,NYC01,fieldturf,77,33,41,-110,Sunday,6
2019_01_CIN_SEA,2019-09-08,2019,1,REG,CIN,SEA,20,21,Zac Taylor,344,00-0027973,Andy Dalton,7,-115,0,401127995,5066,2019-09-08,16:05,57909,Pete Carroll,-398,00-0029263,Russell Wilson,7,104,Home,,2019090808,-106,0,13771,201909080sea,Bradley Rogers,1,outdoors,9.5,CenturyLink Field,SEA00,fieldturf,64,41,44,-104,Sunday,7
2019_01_DET_ARI,2019-09-08,2019,1,REG,DET,ARI,27,27,Matt Patricia,-147,00-0026498,Matthew Stafford,7,-121,0,401127999,5068,2019-09-08,16:25,57910,Kliff Kingsbury,133,00-0035228,Kyler Murray,7,108,Home,,2019090809,104,1,13773,201909080crd,Scott Novak,0,closed,-2.5,State Farm Stadium,PHO00,grass,,54,45.5,-114,Sunday,
2019_01_IND_LAC,2019-09-08,2019,1,REG,IND,LAC,24,30,Frank Reich,235,00-0033119,Jacoby Brissett,7,-107,0,401127972,5067,2019-09-08,16:05,57908,Anthony Lynn,-265,00-0022942,Philip Rivers,7,-103,Home,,2019090807,101,1,13770,201909080sdg,Shawn Smith,6,outdoors,6,StubHub Center,LAX97,grass,77,54,44.5,-112,Sunday,10
2019_01_KC_JAX,2019-09-08,2019,1,REG,KC,JAX,40,26,Andy Reid,-181,00-0033873,Patrick Mahomes,7,-101,0,401127931,5062,2019-09-08,13:00,57903,Doug Marrone,163,00-0029567,Nick Foles,7,-110,Home,,2019090802,-113,0,13769,201909080jax,Carl Cheffers,-14,outdoors,-3.5,TIAA Bank Stadium,JAX00,grass,91,66,49,102,Sunday,6
2019_01_LA_CAR,2019-09-08,2019,1,REG,LA,CAR,30,27,Sean McVay,-122,00-0033106,Jared Goff,7,-106,0,401127923,5063,2019-09-08,13:00,57901,Ron Rivera,111,00-0027939,Cam Newton,7,-104,Home,,2019090800,-110,0,13768,201909080car,Shawn Hochuli,-3,outdoors,-1.5,Bank of America Stadium,CAR00,grass,87,57,49.5,-101,Sunday,3
2019_01_NYG_DAL,2019-09-08,2019,1,REG,NYG,DAL,17,35,Pat Shurmur,271,00-0022803,Eli Manning,7,-111,1,401128007,5069,2019-09-08,16:25,57911,Jason Garrett,-308,00-0033077,Dak Prescott,7,100,Home,,2019090810,-106,0,13772,201909080dal,Walt Anderson,18,closed,7,AT&T Stadium,DAL00,fieldturf,,52,44,-104,Sunday,
2019_01_PIT_NE,2019-09-08,2019,1,REG,PIT,NE,3,33,Mike Tomlin,203,00-0022924,Ben Roethlisberger,7,-111,0,401127860,5071,2019-09-08,20:20,57913,Bill Belichick,-228,00-0019596,Tom Brady,7,101,Home,,2019090812,-107,0,13775,201909080nwe,Clete Blakeman,30,outdoors,5.5,Gillette Stadium,BOS00,grass,66,36,49,-103,Sunday,2
2019_01_SF_TB,2019-09-08,2019,1,REG,SF,TB,31,17,Kyle Shanahan,-102,00-0031345,Jimmy Garoppolo,7,-106,0,401128010,5070,2019-09-08,16:25,57912,Bruce Arians,-108,00-0031503,Jameis Winston,7,-104,Home,,2019090811,-110,0,13774,201909080tam,Alex Kemp,-14,outdoors,1,Raymond James Stadium,TAM00,grass,93,48,51,-100,Sunday,9
2019_01_TEN_CLE,2019-09-08,2019,1,REG,TEN,CLE,43,13,Mike Vrabel,206,00-0032268,Marcus Mariota,7,-113,0,401127928,5064,2019-09-08,13:00,57902,Freddie Kitchens,-230,00-0034855,Baker Mayfield,7,103,Home,,2019090801,-103,0,13763,201909080cle,Brad Allen,-30,outdoors,5.5,FirstEnergy Stadium,CLE00,grass,71,56,44,-107,Sunday,10
2019_01_WAS_PHI,2019-09-08,2019,1,REG,WAS,PHI,27,32,Jay Gruden,395,00-0028986,Case Keenum,7,-114,1,401127968,5065,2019-09-08,13:00,57907,Doug Pederson,-463,00-0032950,Carson Wentz,7,103,Home,,2019090806,-107,0,13767,201909080phi,Ronald Torbert,5,outdoors,10.5,Lincoln Financial Field,PHI00,grass,79,59,44,-103,Sunday,4
2019_01_DEN_OAK,2019-09-09,2019,1,REG,DEN,OAK,16,24,Vic Fangio,-149,00-0026158,Joe Flacco,7,108,1,401128025,5073,2019-09-09,22:20,57915,Jon Gruden,135,00-0031280,Derek Carr,7,-121,Home,,2019090901,-100,0,13777,201909090rai,Craig Wrolstad,8,outdoors,-3,Ring Central Coliseum,OAK00,grass,68,40,42.5,-110,Monday,15
2019_01_HOU_NO,2019-09-09,2019,1,REG,HOU,NO,28,30,Bill O'Brien,273,00-0033537,Deshaun Watson,7,103,0,401128021,5072,2019-09-09,19:10,57914,Sean Payton,-310,00-0020531,Drew Brees,7,-113,Home,,2019090900,-116,0,13776,201909090nor,John Hussey,2,dome,6.5,Mercedes-Benz Superdome,NOR00,astroturf,,58,52,105,Monday,
2019_02_TB_CAR,2019-09-12,2019,2,REG,TB,CAR,20,14,Bruce Arians,240,00-0031503,Jameis Winston,4,-110,1,401128054,5074,2019-09-12,20:20,57916,Ron Rivera,-277,00-0027939,Cam Newton,4,-100,Home,,2019091200,-105,0,13778,201909120car,Jerome Boger,-6,outdoors,6.5,Bank of America Stadium,CAR00,grass,85,34,48,-105,Thursday,3
2019_02_ARI_BAL,2019-09-15,2019,2,REG,ARI,BAL,17,23,Kliff Kingsbury,513,00-0035228,Kyler Murray,7,-110,0,401128061,5075,2019-09-15,13:00,57917,John Harbaugh,-665,00-0034796,Lamar Jackson,7,-100,Home,,2019091500,-112,0,13787,201909150rav,Ronald Torbert,6,outdoors,13,M&T Bank Stadium,BAL00,grass,82,40,46,100,Sunday,8
2019_02_BUF_NYG,2019-09-15,2019,2,REG,BUF,NYG,28,14,Sean McDermott,-113,00-0034857,Josh Allen,7,-108,0,401128106,5076,2019-09-15,13:00,57923,Pat Shurmur,102,00-0022803,Eli Manning,7,-103,Home,,2019091506,-108,0,13784,201909150nyg,Shawn Smith,-14,outdoors,-1,MetLife Stadium,NYC01,fieldturf,79,42,44.5,-103,Sunday,5
2019_02_CHI_DEN,2019-09-15,2019,2,REG,CHI,DEN,16,14,Matt Nagy,-147,00-0033869,Mitch Trubisky,10,103,0,401128120,5086,2019-09-15,16:25,57928,Vic Fangio,132,00-0026158,Joe Flacco,6,-114,Home,,2019091511,-123,0,13790,201909150den,Adrian Hill,-2,outdoors,-3,Empower Field at Mile High,DEN00,grass,87,30,41,111,Sunday,3
2019_02_DAL_WAS,2019-09-15,2019,2,REG,DAL,WAS,31,21,Jason Garrett,-268,00-0033077,Dak Prescott,7,-115,1,401128115,5077,2019-09-15,13:00,57926,Jay Gruden,233,00-0028986,Case Keenum,7,104,Home,,2019091509,-115,0,13786,201909150was,Shawn Hochuli,-10,outdoors,-6,FedExField,WAS00,grass,80,52,46.5,104,Sunday,7
2019_02_IND_TEN,2019-09-15,2019,2,REG,IND,TEN,19,17,Frank Reich,160,00-0033119,Jacoby Brissett,7,108,1,401128114,5078,2019-09-15,13:00,57925,Mike Vrabel,-178,00-0032268,Marcus Mariota,7,-120,Home,,2019091508,-101,0,13782,201909150oti,Clete Blakeman,-2,outdoors,3,Nissan Stadium,NAS00,grass,93,36,43.5,-111,Sunday,1
2019_02_JAX_HOU,2019-09-15,2019,2,REG,JAX,HOU,12,13,Doug Marrone,286,00-0035289,Gardner Minshew,7,-122,1,401128101,5079,2019-09-15,13:00,57921,Bill O'Brien,-336,00-0033537,Deshaun Watson,6,111,Home,,2019091504,-107,0,13788,201909150htx,Scott Novak,1,closed,7.5,NRG Stadium,HOU00,grass,,25,43,-104,Sunday,
2019_02_KC_OAK,2019-09-15,2019,2,REG,KC,OAK,28,10,Andy Reid,-293,00-0033873,Patrick Mahomes,7,108,1,401128118,5085,2019-09-15,16:05,57927,Jon Gruden,252,00-0031280,Derek Carr,6,-119,Home,,2019091510,-119,0,13789,201909150rai,Clay Martin,-18,outdoors,-7,Ring Central Coliseum,OAK00,grass,70,38,53.5,107,Sunday,13
2019_02_LAC_DET,2019-09-15,2019,2,REG,LAC,DET,10,13,Anthony Lynn,-107,00-0022942,Philip Rivers,7,102,0,401128072,5080,2019-09-15,13:00,57919,Matt Patricia,-103,00-0026498,Matthew Stafford,7,-113,Home,,2019091502,-110,0,13780,201909150det,Craig Wrolstad,3,dome,-1,Ford Field,DET00,fieldturf,,23,47,-101,Sunday,
2019_02_MIN_GB,2019-09-15,2019,2,REG,MIN,GB,16,21,Mike Zimmer,148,00-0029604,Kirk Cousins,7,-102,1,401128098,5081,2019-09-15,13:00,57920,Matt LaFleur,-165,00-0023459,Aaron Rodgers,10,-108,Home,,2019091503,-101,0,13781,201909150gnb,John Hussey,5,outdoors,3,Lambeau Field,GNB00,grass,72,37,43,-110,Sunday,5
2019_02_NE_MIA,2019-09-15,2019,2,REG,NE,MIA,43,0,Bill Belichick,-1300,00-0019596,Tom Brady,7,-101,1,401127862,5082,2019-09-15,13:00,57922,Brian Flores,880,00-0023682,Ryan Fitzpatrick,7,-109,Home,,2019091505,-113,0,13783,201909150mia,Bill Vinovich,-43,outdoors,-18,Hard Rock Stadium,MIA00,grass,87,43,48.5,101,Sunday,4
2019_02_NO_LA,2019-09-15,2019,2,REG,NO,LA,9,27,Sean Payton,107,00-0020531,Drew Brees,6,-114,0,401128122,5087,2019-09-15,16:25,57929,Sean McVay,-118,00-0033106,Jared Goff,7,103,Home,,2019091512,-111,0,13791,201909150ram,Walt Anderson,18,outdoors,2,Los Angeles Memorial Coliseum,LAX99,grass,85,36,52.5,-100,Sunday,4
2019_02_PHI_ATL,2019-09-15,2019,2,REG,PHI,ATL,20,24,Doug Pederson,-105,00-0032950,Carson Wentz,7,102,0,401128124,5088,2019-09-15,20:20,57930,Dan Quinn,-105,00-0026143,Matt Ryan,7,-112,Home,,2019091513,-106,0,13792,201909150atl,Brad Allen,4,open,-1,Mercedes-Benz Stadium,ATL97,fieldturf,,44,53,-105,Sunday,
2019_02_SEA_PIT,2019-09-15,2019,2,REG,SEA,PIT,28,26,Pete Carroll,175,00-0029263,Russell Wilson,7,-109,0,401128110,5084,2019-09-15,13:00,57924,Mike Tomlin,-197,00-0022924,Ben Roethlisberger,7,-101,Home,,2019091507,101,0,13785,201909150pit,Carl Cheffers,-2,outdoors,4,Heinz Field,PIT00,grass,81,54,47,-113,Sunday,3
2019_02_SF_CIN,2019-09-15,2019,2,REG,SF,CIN,41,17,Kyle Shanahan,-103,00-0031345,Jimmy Garoppolo,7,-111,0,401128066,5083,2019-09-15,13:00,57918,Zac Taylor,-107,00-0027973,Andy Dalton,7,100,Home,,2019091501,101,0,13779,201909150cin,Tony Corrente,-24,outdoors,1,Paul Brown Stadium,CIN00,grass,81,58,46,-113,Sunday,5
2019_02_CLE_NYJ,2019-09-16,2019,2,REG,CLE,NYJ,23,3,Freddie Kitchens,-278,00-0034855,Baker Mayfield,8,-105,0,401128127,5089,2019-09-16,20:15,57931,Adam Gase,241,00-0032156,Trevor Siemian,8,-105,Home,,2019091600,-115,0,13793,201909160nyj,Alex Kemp,-20,outdoors,-6.5,MetLife Stadium,NYC01,fieldturf,72,26,45.5,103,Monday,3
2019_03_TEN_JAX,2019-09-19,2019,3,REG,TEN,JAX,7,20,Mike Vrabel,-125,00-0032268,Marcus Mariota,4,-109,1,401127859,5090,2019-09-19,20:20,57932,Doug Marrone,113,00-0035289,Gardner Minshew,4,-101,Home,,2019091900,-111,0,13794,201909190jax,Shawn Hochuli,13,outdoors,-1.5,TIAA Bank Stadium,JAX00,grass,73,27,38,-100,Thursday,9
2019_03_ATL_IND,2019-09-22,2019,3,REG,ATL,IND,24,27,Dan Quinn,105,00-0026143,Matt Ryan,7,100,0,401127929,5091,2019-09-22,13:00,57936,Frank Reich,-116,00-0033119,Jacoby Brissett,7,-111,Home,,2019092203,-104,0,13798,201909220clt,Alex Kemp,3,closed,1,Lucas Oil Stadium,IND00,fieldturf,,51,48,-107,Sunday,
2019_03_BAL_KC,2019-09-22,2019,3,REG,BAL,KC,28,33,John Harbaugh,191,00-0034796,Lamar Jackson,7,-108,0,401127953,5092,2019-09-22,13:00,57937,Andy Reid,-216,00-0033873,Patrick Mahomes,7,-102,Home,,2019092204,-108,0,13799,201909220kan,John Hussey,5,outdoors,4.5,Arrowhead Stadium,KAN00,astroturf,,61,52,-103,Sunday,
2019_03_CAR_ARI,2019-09-22,2019,3,REG,CAR,ARI,38,20,Ron Rivera,118,00-0034577,Kyle Allen,10,-114,0,401127962,5099,2019-09-22,16:05,57941,Kliff Kingsbury,-131,00-0035228,Kyler Murray,7,103,Home,,2019092208,-107,0,13803,201909220crd,Craig Wrolstad,-18,closed,2.5,State Farm Stadium,PHO00,grass,,58,46,-104,Sunday,
2019_03_CIN_BUF,2019-09-22,2019,3,REG,CIN,BUF,17,21,Zac Taylor,220,00-0027973,Andy Dalton,7,-104,0,401127915,5093,2019-09-22,13:00,57933,Sean McDermott,-252,00-0034857,Josh Allen,7,-106,Home,,2019092200,-104,0,13795,201909220buf,Clete Blakeman,4,outdoors,5.5,New Era Field,BUF00,astroturf,83,38,43.5,-107,Sunday,13
2019_03_DEN_GB,2019-09-22,2019,3,REG,DEN,GB,16,27,Vic Fangio,278,00-0026158,Joe Flacco,7,-108,0,401127925,5094,2019-09-22,13:00,57935,Matt LaFleur,-327,00-0023459,Aaron Rodgers,7,-102,Home,,2019092202,-116,0,13797,201909220gnb,Bradley Rogers,11,outdoors,7,Lambeau Field,GNB00,grass,69,43,42,104,Sunday,7
2019_03_DET_PHI,2019-09-22,2019,3,REG,DET,PHI,27,24,Matt Patricia,188,00-0026498,Matthew Stafford,7,-104,0,401127959,5095,2019-09-22,13:00,57940,Doug Pederson,-212,00-0032950,Carson Wentz,7,-106,Home,,2019092207,-115,0,13802,201909220phi,Tony Corrente,-3,outdoors,4,Lincoln Financial Field,PHI00,grass,84,51,45,103,Sunday,7
2019_03_HOU_LAC,2019-09-22,2019,3,REG,HOU,LAC,27,20,Bill O'Brien,151,00-0033537,Deshaun Watson,7,104,0,401127970,5101,2019-09-22,16:25,57943,Anthony Lynn,-168,00-0022942,Philip Rivers,7,-115,Home,,2019092210,-112,0,13805,201909220sdg,Clay Martin,-7,outdoors,3,StubHub Center,LAX97,grass,87,47,49,101,Sunday,4
2019_03_LA_CLE,2019-09-22,2019,3,REG,LA,CLE,20,13,Sean McVay,-215,00-0033106,Jared Goff,7,-111,0,401128125,5104,2019-09-22,20:20,57946,Freddie Kitchens,190,00-0034855,Baker Mayfield,6,101,Home,,2019092213,100,0,13808,201909220cle,Shawn Smith,-7,outdoors,-4,FirstEnergy Stadium,CLE00,grass,83,33,48,-112,Sunday,12
2019_03_MIA_DAL,2019-09-22,2019,3,REG,MIA,DAL,6,31,Brian Flores,1454,00-0034343,Josh Rosen,7,102,0,401127921,5096,2019-09-22,13:00,57934,Jason Garrett,-2540,00-0033077,Dak Prescott,7,-112,Home,,2019092201,-108,0,13796,201909220dal,Adrian Hill,25,closed,22,AT&T Stadium,DAL00,fieldturf,,37,46.5,-103,Sunday,
2019_03_NO_SEA,2019-09-22,2019,3,REG,NO,SEA,33,27,Sean Payton,199,00-0031237,Teddy Bridgewater,7,-106,0,401127993,5102,2019-09-22,16:25,57944,Pete Carroll,-225,00-0029263,Russell Wilson,7,-105,Home,,2019092211,-101,0,13807,201909220sea,Ronald Torbert,-6,outdoors,5,CenturyLink Field,SEA00,fieldturf,63,60,44,-110,Sunday,8
2019_03_NYG_TB,2019-09-22,2019,3,REG,NYG,TB,32,31,Pat Shurmur,202,00-0035710,Daniel Jones,7,-103,0,401127966,5100,2019-09-22,16:05,57942,Bruce Arians,-230,00-0031503,Jameis Winston,10,-107,Home,,2019092209,-113,0,13804,201909220tam,Bill Vinovich,-1,outdoors,5,Raymond James Stadium,TAM00,grass,88,63,48,101,Sunday,11
2019_03_NYJ_NE,2019-09-22,2019,3,REG,NYJ,NE,14,30,Adam Gase,1203,00-0034412,Luke Falk,6,-109,1,401127861,5097,2019-09-22,13:00,57939,Bill Belichick,-1962,00-0019596,Tom Brady,7,-101,Home,,2019092206,-107,0,13801,201909220nwe,Carl Cheffers,16,outdoors,20.5,Gillette Stadium,BOS00,grass,81,44,43,-104,Sunday,10
2019_03_OAK_MIN,2019-09-22,2019,3,REG,OAK,MIN,14,34,Jon Gruden,337,00-0031280,Derek Carr,7,-105,0,401127956,5098,2019-09-22,13:00,57938,Mike Zimmer,-405,00-0029604,Kirk Cousins,7,-105,Home,,2019092205,102,0,13800,201909220min,Jerome Boger,20,dome,8.5,U.S. Bank Stadium,MIN01,sportturf,,48,43,-114,Sunday,
2019_03_PIT_SF,2019-09-22,2019,3,REG,PIT,SF,20,24,Mike Tomlin,239,00-0034771,Mason Rudolph,7,-104,0,401127998,5103,2019-09-22,16:25,57945,Kyle Shanahan,-276,00-0031345,Jimmy Garoppolo,7,-107,Home,,2019092212,-108,0,13806,201909220sfo,Scott Novak,4,outdoors,6,Levi's Stadium,SFO01,grass,79,44,44.5,-103,Sunday,3
2019_03_CHI_WAS,2019-09-23,2019,3,REG,CHI,WAS,31,15,Matt Nagy,-232,00-0033869,Mitch Trubisky,8,-103,0,401128003,5105,2019-09-23,20:15,57947,Jay Gruden,204,00-0028986,Case Keenum,8,-107,Home,,2019092300,-111,0,13809,201909230was,Walt Anderson,-16,outdoors,-5,FedExField,WAS00,grass,87,46,41,100,Monday,5
2019_04_PHI_GB,2019-09-26,2019,4,REG,PHI,GB,34,27,Doug Pederson,169,00-0032950,Carson Wentz,4,-110,0,401127863,5106,2019-09-26,20:20,57948,Matt LaFleur,-190,00-0023459,Aaron Rodgers,4,-100,Home,,2019092600,100,0,13810,201909260gnb,Clay Martin,-7,outdoors,3.5,Lambeau Field,GNB00,grass,60,61,46,-112,Thursday,3
2019_04_CAR_HOU,2019-09-29,2019,4,REG,CAR,HOU,16,10,Ron Rivera,224,00-0034577,Kyle Allen,7,-100,0,401128026,5107,2019-09-29,13:00,57953,Bill O'Brien,-257,00-0033537,Deshaun Watson,7,-110,Home,,2019092904,-105,0,13818,201909290htx,Adrian Hill,-6,closed,5.5,NRG Stadium,HOU00,grass,,26,47.5,-106,Sunday,
2019_04_CLE_BAL,2019-09-29,2019,4,REG,CLE,BAL,40,25,Freddie Kitchens,279,00-0034855,Baker Mayfield,7,-117,1,401128018,5108,2019-09-29,13:00,57950,John Harbaugh,-327,00-0034796,Lamar Jackson,7,106,Home,,2019092901,-107,0,13817,201909290rav,Shawn Hochuli,-15,outdoors,7.5,M&T Bank Stadium,BAL00,grass,83,65,47,-104,Sunday,8
2019_04_DAL_NO,2019-09-29,2019,4,REG,DAL,NO,10,12,Jason Garrett,-140,00-0033077,Dak Prescott,7,-105,0,401128102,5119,2019-09-29,20:20,57961,Sean Payton,127,00-0031237,Teddy Bridgewater,7,-105,Home,,2019092912,-108,0,13823,201909290nor,Carl Cheffers,2,dome,-2.5,Mercedes-Benz Superdome,NOR00,astroturf,,22,47,-103,Sunday,
2019_04_JAX_DEN,2019-09-29,2019,4,REG,JAX,DEN,26,24,Doug Marrone,124,00-0035289,Gardner Minshew,10,-102,0,401128097,5117,2019-09-29,16:25,57960,Vic Fangio,-137,00-0026158,Joe Flacco,7,-109,Home,,2019092911,-102,0,13822,201909290den,Ronald Torbert,-2,outdoors,2.5,Empower Field at Mile High,DEN00,grass,87,50,37,-109,Sunday,14
2019_04_KC_DET,2019-09-29,2019,4,REG,KC,DET,34,30,Andy Reid,-364,00-0033873,Patrick Mahomes,7,105,0,401128023,5109,2019-09-29,13:00,57952,Matt Patricia,307,00-0026498,Matthew Stafford,7,-116,Home,,2019092903,-113,0,13813,201909290det,Walt Anderson,-4,dome,-7.5,Ford Field,DET00,fieldturf,,64,54.5,101,Sunday,
2019_04_LAC_MIA,2019-09-29,2019,4,REG,LAC,MIA,30,10,Anthony Lynn,-806,00-0022942,Philip Rivers,7,-103,0,401128055,5110,2019-09-29,13:00,57955,Brian Flores,602,00-0034343,Josh Rosen,7,-107,Home,,2019092906,101,0,13815,201909290mia,Tony Corrente,-20,outdoors,-15,Hard Rock Stadium,MIA00,grass,88,40,43.5,-113,Sunday,15
2019_04_MIN_CHI,2019-09-29,2019,4,REG,MIN,CHI,6,16,Mike Zimmer,-108,00-0029604,Kirk Cousins,7,-101,1,401128093,5118,2019-09-29,16:25,57959,Matt Nagy,-102,00-0033869,Mitch Trubisky,6,-109,Home,,2019092910,-106,0,13821,201909290chi,Brad Allen,10,outdoors,-1,Soldier Field,CHI98,grass,67,22,38,-105,Sunday,8
2019_04_NE_BUF,2019-09-29,2019,4,REG,NE,BUF,16,10,Bill Belichick,-321,00-0019596,Tom Brady,7,-102,1,401127866,5111,2019-09-29,13:00,57951,Sean McDermott,274,00-0034857,Josh Allen,7,-108,Home,,2019092902,-108,0,13812,201909290buf,Craig Wrolstad,-6,outdoors,-7,New Era Field,BUF00,astroturf,58,26,41.5,-103,Sunday,10
2019_04_OAK_IND,2019-09-29,2019,4,REG,OAK,IND,31,24,Jon Gruden,212,00-0031280,Derek Carr,7,-106,0,401128030,5112,2019-09-29,13:00,57954,Frank Reich,-242,00-0033119,Jacoby Brissett,7,-104,Home,,2019092905,-103,0,13814,201909290clt,Scott Novak,-7,closed,5.5,Lucas Oil Stadium,IND00,fieldturf,,55,46,-108,Sunday,
2019_04_SEA_ARI,2019-09-29,2019,4,REG,SEA,ARI,27,10,Pete Carroll,-238,00-0029263,Russell Wilson,7,-107,1,401128064,5115,2019-09-29,16:05,57957,Kliff Kingsbury,209,00-0035228,Kyler Murray,7,-103,Home,,2019092908,-110,0,13820,201909290crd,Shawn Smith,-17,closed,-5.5,State Farm Stadium,PHO00,grass,,37,49,-101,Sunday,
2019_04_TB_LA,2019-09-29,2019,4,REG,TB,LA,55,40,Bruce Arians,385,00-0031503,Jameis Winston,7,-104,0,401128069,5116,2019-09-29,16:05,57958,Sean McVay,-473,00-0033106,Jared Goff,7,-106,Home,,2019092909,-107,0,13819,201909290ram,Bradley Rogers,-15,outdoors,9,Los Angeles Memorial Coliseum,LAX99,grass,74,95,48.5,-104,Sunday,2
2019_04_TEN_ATL,2019-09-29,2019,4,REG,TEN,ATL,24,10,Mike Vrabel,156,00-0032268,Marcus Mariota,10,-113,0,401128016,5113,2019-09-29,13:00,57949,Dan Quinn,-174,00-0026143,Matt Ryan,7,102,Home,,2019092900,101,0,13811,201909290atl,John Hussey,-14,closed,3.5,Mercedes-Benz Stadium,ATL97,fieldturf,,34,46,-113,Sunday,
2019_04_WAS_NYG,2019-09-29,2019,4,REG,WAS,NYG,3,24,Jay Gruden,146,00-0028986,Case Keenum,6,-101,1,401128059,5114,2019-09-29,13:00,57956,Pat Shurmur,-163,00-0035710,Daniel Jones,7,-109,Home,,2019092907,-106,0,13816,201909290nyg,Alex Kemp,21,outdoors,3,MetLife Stadium,NYC01,fieldturf,77,27,48,-105,Sunday,11
2019_04_CIN_PIT,2019-09-30,2019,4,REG,CIN,PIT,3,27,Zac Taylor,160,00-0027973,Andy Dalton,8,-112,1,401128109,5120,2019-09-30,20:15,57962,Mike Tomlin,-179,00-0034771,Mason Rudolph,8,101,Home,,2019093000,-118,0,13824,201909300pit,Bill Vinovich,24,outdoors,3.5,Heinz Field,PIT00,grass,76,30,45.5,106,Monday,1
2019_05_LA_SEA,2019-10-03,2019,5,REG,LA,SEA,29,30,Sean McVay,111,00-0033106,Jared Goff,4,-104,1,401127927,5121,2019-10-03,20:20,57963,Pete Carroll,-122,00-0029263,Russell Wilson,4,-106,Home,,2019100300,-113,0,13825,201910030sea,Scott Novak,1,outdoors,1.5,CenturyLink Field,SEA00,fieldturf,57,59,49,102,Thursday,7
2019_05_ARI_CIN,2019-10-06,2019,5,REG,ARI,CIN,26,23,Kliff Kingsbury,139,00-0035228,Kyler Murray,7,-106,0,401127958,5122,2019-10-06,13:00,57965,Zac Taylor,-154,00-0027973,Andy Dalton,6,-104,Home,,2019100601,103,0,13826,201910060cin,John Hussey,-3,outdoors,3,Paul Brown Stadium,CIN00,grass,76,49,45,-115,Sunday,6
2019_05_ATL_HOU,2019-10-06,2019,5,REG,ATL,HOU,32,53,Dan Quinn,184,00-0026143,Matt Ryan,7,-101,0,401127960,5123,2019-10-06,13:00,57966,Bill O'Brien,-207,00-0033537,Deshaun Watson,7,-109,Home,,2019100602,-101,0,13835,201910060htx,Shawn Smith,21,closed,4,NRG Stadium,HOU00,grass,,85,49,-110,Sunday,
2019_05_BAL_PIT,2019-10-06,2019,5,REG,BAL,PIT,26,23,John Harbaugh,-179,00-0034796,Lamar Jackson,7,102,1,401128011,5124,2019-10-06,13:00,57971,Mike Tomlin,160,00-0034771,Mason Rudolph,6,-113,Home,,2019100607,-103,1,13832,201910060pit,Walt Anderson,-3,outdoors,-3.5,Heinz Field,PIT00,grass,70,49,44,-108,Sunday,7
2019_05_BUF_TEN,2019-10-06,2019,5,REG,BUF,TEN,14,7,Sean McDermott,162,00-0034857,Josh Allen,7,-110,0,401128014,5125,2019-10-06,13:00,57972,Mike Vrabel,-182,00-0032268,Marcus Mariota,7,-101,Home,,2019100608,-111,0,13827,201910060oti,Bradley Rogers,-7,outdoors,3.5,Nissan Stadium,NAS00,grass,77,21,39.5,-101,Sunday,13
2019_05_CHI_OAK,2019-10-06,2019,5,REG,CHI,OAK,21,24,Matt Nagy,-266,00-0026544,Chase Daniel,7,-101,0,401128001,5126,2019-10-06,13:00,57969,Jon Gruden,232,00-0031280,Derek Carr,7,-110,Neutral,,2019100605,-105,0,13828,201910060rai,Tony Corrente,3,outdoors,-6.5,Tottenham Stadium,LON02,grass,59,45,39.5,-106,Sunday,15
2019_05_DEN_LAC,2019-10-06,2019,5,REG,DEN,LAC,20,13,Vic Fangio,199,00-0026158,Joe Flacco,7,102,1,401128019,5132,2019-10-06,16:05,57974,Anthony Lynn,-226,00-0022942,Philip Rivers,7,-113,Home,,2019100610,-113,0,13836,201910060sdg,Shawn Hochuli,-7,outdoors,4,StubHub Center,LAX97,grass,85,33,46,101,Sunday,12
2019_05_GB_DAL,2019-10-06,2019,5,REG,GB,DAL,34,24,Matt LaFleur,162,00-0023459,Aaron Rodgers,10,-113,0,401128029,5133,2019-10-06,16:25,57975,Jason Garrett,-181,00-0033077,Dak Prescott,7,102,Home,,2019100611,-104,0,13837,201910060dal,Ronald Torbert,-10,closed,3.5,AT&T Stadium,DAL00,fieldturf,,58,46.5,-107,Sunday,
2019_05_IND_KC,2019-10-06,2019,5,REG,IND,KC,19,13,Frank Reich,407,00-0033119,Jacoby Brissett,7,-111,0,401128053,5134,2019-10-06,20:20,57976,Andy Reid,-504,00-0033873,Patrick Mahomes,7,101,Home,,2019100612,-118,0,13838,201910060kan,Craig Wrolstad,-6,outdoors,10.5,Arrowhead Stadium,KAN00,astroturf,59,32,55.5,106,Sunday,3
2019_05_JAX_CAR,2019-10-06,2019,5,REG,JAX,CAR,27,34,Doug Marrone,169,00-0035289,Gardner Minshew,7,119,0,401127932,5127,2019-10-06,13:00,57964,Ron Rivera,-189,00-0034577,Kyle Allen,7,-131,Home,,2019100600,-101,0,13834,201910060car,Alex Kemp,7,outdoors,3,Bank of America Stadium,CAR00,grass,72,61,41,-110,Sunday,4
2019_05_MIN_NYG,2019-10-06,2019,5,REG,MIN,NYG,28,10,Mike Zimmer,-243,00-0029604,Kirk Cousins,7,-116,0,401127971,5128,2019-10-06,13:00,57968,Pat Shurmur,213,00-0035710,Daniel Jones,7,105,Home,,2019100604,-106,0,13830,201910060nyg,Clete Blakeman,-18,outdoors,-5.5,MetLife Stadium,NYC01,fieldturf,66,38,44,-105,Sunday,10
2019_05_NE_WAS,2019-10-06,2019,5,REG,NE,WAS,33,7,Bill Belichick,-963,00-0019596,Tom Brady,7,-112,0,401127864,5129,2019-10-06,13:00,57973,Jay Gruden,695,00-0027688,Colt McCoy,7,101,Home,,2019100609,-102,0,13833,201910060was,Clay Martin,-26,outdoors,-15.5,FedExField,WAS00,grass,70,40,42,-109,Sunday,8
2019_05_NYJ_PHI,2019-10-06,2019,5,REG,NYJ,PHI,6,31,Adam Gase,587,00-0034412,Luke Falk,14,-109,0,401128006,5130,2019-10-06,13:00,57970,Doug Pederson,-782,00-0032950,Carson Wentz,10,-101,Home,,2019100606,-106,0,13831,201910060phi,Adrian Hill,25,outdoors,14,Lincoln Financial Field,PHI00,grass,68,37,43,-105,Sunday,10
2019_05_TB_NO,2019-10-06,2019,5,REG,TB,NO,24,31,Bruce Arians,133,00-0031503,Jameis Winston,7,-118,1,401127965,5131,2019-10-06,13:00,57967,Sean Payton,-148,00-0031237,Teddy Bridgewater,7,107,Home,,2019100603,-109,0,13829,201910060nor,Brad Allen,7,dome,3,Mercedes-Benz Superdome,NOR00,astroturf,,55,46,-102,Sunday,
2019_05_CLE_SF,2019-10-07,2019,5,REG,CLE,SF,3,31,Freddie Kitchens,199,00-0034855,Baker Mayfield,8,101,0,401128062,5135,2019-10-07,20:15,57977,Kyle Shanahan,-226,00-0031345,Jimmy Garoppolo,15,-111,Home,,2019100700,-100,0,13839,201910070sfo,Jerome Boger,28,outdoors,5,Levi's Stadium,SFO01,grass,87,34,47.5,-111,Monday,8
2019_06_NYG_NE,2019-10-10,2019,6,REG,NYG,NE,14,35,Pat Shurmur,756,00-0035710,Daniel Jones,4,-106,0,401127917,5136,2019-10-10,20:20,57978,Bill Belichick,-1071,00-0019596,Tom Brady,4,-104,Home,,2019101000,102,0,13840,201910100nwe,Brad Allen,21,outdoors,16.5,Gillette Stadium,BOS00,grass,54,49,43,-113,Thursday,13
2019_06_ATL_ARI,2019-10-13,2019,6,REG,ATL,ARI,33,34,Dan Quinn,-161,00-0026143,Matt Ryan,7,-108,0,401128126,5144,2019-10-13,16:05,57986,Kliff Kingsbury,145,00-0035228,Kyler Murray,7,-102,Home,,2019101307,-113,0,13849,201910130crd,Carl Cheffers,1,closed,-3,State Farm Stadium,PHO00,grass,,67,52.5,101,Sunday,
2019_06_CAR_TB,2019-10-13,2019,6,REG,CAR,TB,37,26,Ron Rivera,-125,00-0034577,Kyle Allen,7,-100,1,401128096,5137,2019-10-13,09:30,57979,Bruce Arians,113,00-0031503,Jameis Winston,7,-110,Neutral,,2019101300,-107,0,13841,201910130tam,Walt Anderson,-11,outdoors,-2,Tottenham Stadium,LON02,grass,61,63,48.5,-104,Sunday,14
2019_06_CIN_BAL,2019-10-13,2019,6,REG,CIN,BAL,17,23,Zac Taylor,425,00-0027973,Andy Dalton,7,-106,1,401128105,5138,2019-10-13,13:00,57980,John Harbaugh,-531,00-0034796,Lamar Jackson,7,-104,Home,,2019101301,-103,0,13847,201910130rav,Clay Martin,6,outdoors,10.5,M&T Bank Stadium,BAL00,grass,64,40,47,-108,Sunday,7
2019_06_DAL_NYJ,2019-10-13,2019,6,REG,DAL,NYJ,22,24,Jason Garrett,-316,00-0033077,Dak Prescott,7,-100,0,401128130,5146,2019-10-13,16:25,57989,Adam Gase,270,00-0034869,Sam Darnold,7,-110,Home,,2019101310,-113,0,13851,201910130nyj,Bradley Rogers,2,outdoors,-7,MetLife Stadium,NYC01,fieldturf,66,46,43.5,102,Sunday,7
2019_06_HOU_KC,2019-10-13,2019,6,REG,HOU,KC,31,24,Bill O'Brien,166,00-0033537,Deshaun Watson,7,-108,0,401128119,5139,2019-10-13,13:00,57983,Andy Reid,-186,00-0033873,Patrick Mahomes,7,-103,Home,,2019101304,-103,0,13843,201910130kan,Shawn Hochuli,-7,outdoors,3.5,Arrowhead Stadium,KAN00,astroturf,56,55,54.5,-108,Sunday,2
2019_06_NO_JAX,2019-10-13,2019,6,REG,NO,JAX,13,6,Sean Payton,126,00-0031237,Teddy Bridgewater,7,100,0,401128116,5140,2019-10-13,13:00,57982,Doug Marrone,-139,00-0035289,Gardner Minshew,7,-110,Home,,2019101303,-103,0,13846,201910130jax,Jerome Boger,-7,outdoors,2.5,TIAA Bank Stadium,JAX00,grass,81,19,42.5,-108,Sunday,3
2019_06_PHI_MIN,2019-10-13,2019,6,REG,PHI,MIN,20,38,Doug Pederson,157,00-0032950,Carson Wentz,7,-115,0,401128123,5141,2019-10-13,13:00,57985,Mike Zimmer,-176,00-0029604,Kirk Cousins,7,105,Home,,2019101306,-101,0,13845,201910130min,Scott Novak,18,dome,3.5,U.S. Bank Stadium,MIN01,sportturf,,58,44,-110,Sunday,
2019_06_PIT_LAC,2019-10-13,2019,6,REG,PIT,LAC,24,17,Mike Tomlin,220,00-0035577,Devlin Hodges,7,-115,0,401128131,5148,2019-10-13,20:20,57990,Anthony Lynn,-252,00-0022942,Philip Rivers,7,104,Home,,2019101311,-106,0,13852,201910130sdg,John Hussey,-7,outdoors,6,StubHub Center,LAX97,grass,71,41,42.5,-105,Sunday,9
2019_06_SEA_CLE,2019-10-13,2019,6,REG,SEA,CLE,32,28,Pete Carroll,102,00-0029263,Russell Wilson,10,-104,0,401128111,5142,2019-10-13,13:00,57981,Freddie Kitchens,-113,00-0034855,Baker Mayfield,6,-106,Home,,2019101302,-104,0,13842,201910130cle,Adrian Hill,-4,outdoors,1,FirstEnergy Stadium,CLE00,grass,58,60,45.5,-107,Sunday,20
2019_06_SF_LA,2019-10-13,2019,6,REG,SF,LA,20,7,Kyle Shanahan,133,00-0031345,Jimmy Garoppolo,6,-110,1,401128128,5145,2019-10-13,16:05,57987,Sean McVay,-148,00-0033106,Jared Goff,10,-100,Home,,2019101308,-100,0,13848,201910130ram,Bill Vinovich,-13,outdoors,3,Los Angeles Memorial Coliseum,LAX99,grass,77,27,49.5,-111,Sunday,2
2019_06_TEN_DEN,2019-10-13,2019,6,REG,TEN,DEN,0,16,Mike Vrabel,109,00-0032268,Marcus Mariota,7,103,0,401128129,5147,2019-10-13,16:25,57988,Vic Fangio,-121,00-0026158,Joe Flacco,7,-113,Home,,2019101309,-109,0,13850,201910130den,Alex Kemp,16,outdoors,1,Empower Field at Mile High,DEN00,grass,69,16,41,-102,Sunday,7
2019_06_WAS_MIA,2019-10-13,2019,6,REG,WAS,MIA,17,16,Bill Callahan,-240,00-0028986,Case Keenum,7,-101,0,401128121,5143,2019-10-13,13:00,57984,Brian Flores,210,00-0034343,Josh Rosen,14,-109,Home,,2019101305,-106,0,13844,201910130mia,Shawn Smith,-1,outdoors,-6,Hard Rock Stadium,MIA00,grass,84,33,42,-105,Sunday,13
2019_06_DET_GB,2019-10-14,2019,6,REG,DET,GB,22,23,Matt Patricia,176,00-0026498,Matthew Stafford,15,-102,1,401128132,5149,2019-10-14,20:15,57991,Matt LaFleur,-198,00-0023459,Aaron Rodgers,8,-108,Home,,2019101400,-111,0,13853,201910140gnb,Clete Blakeman,1,outdoors,3.5,Lambeau Field,GNB00,grass,43,45,47,100,Monday,5
2019_07_KC_DEN,2019-10-17,2019,7,REG,KC,DEN,30,6,Andy Reid,-149,00-0033873,Patrick Mahomes,4,104,1,401127902,5150,2019-10-17,20:20,57992,Vic Fangio,134,00-0026158,Joe Flacco,4,-115,Home,,2019101700,100,0,13854,201910170den,Shawn Smith,-24,outdoors,-3,Empower Field at Mile High,DEN00,grass,75,36,49.5,-111,Thursday,6
2019_07_ARI_NYG,2019-10-20,2019,7,REG,ARI,NYG,27,21,Kliff Kingsbury,168,00-0035228,Kyler Murray,7,-106,0,401127974,5151,2019-10-20,13:00,57999,Pat Shurmur,-188,00-0035710,Daniel Jones,10,-104,Home,,2019102006,-110,0,13861,201910200nyg,Adrian Hill,-6,outdoors,3.5,MetLife Stadium,NYC01,fieldturf,56,48,49.5,-101,Sunday,3
2019_07_BAL_SEA,2019-10-20,2019,7,REG,BAL,SEA,30,16,John Harbaugh,141,00-0034796,Lamar Jackson,7,-104,0,401127985,5160,2019-10-20,16:25,58003,Pete Carroll,-157,00-0029263,Russell Wilson,7,-106,Home,,2019102010,-117,0,13865,201910200sea,Brad Allen,-14,outdoors,3,CenturyLink Field,SEA00,fieldturf,50,46,49,105,Sunday,8
2019_07_HOU_IND,2019-10-20,2019,7,REG,HOU,IND,23,30,Bill O'Brien,109,00-0033537,Deshaun Watson,7,-104,1,401127951,5152,2019-10-20,13:00,57998,Frank Reich,-120,00-0033119,Jacoby Brissett,14,-106,Home,,2019102005,-111,0,13860,201910200clt,Tony Corrente,7,open,1.5,Lucas Oil Stadium,IND00,fieldturf,,53,46.5,100,Sunday,
2019_07_JAX_CIN,2019-10-20,2019,7,REG,JAX,CIN,27,17,Doug Marrone,-214,00-0035289,Gardner Minshew,7,-116,0,401127945,5153,2019-10-20,13:00,57995,Zac Taylor,189,00-0027973,Andy Dalton,7,105,Home,,2019102002,-111,0,13857,201910200cin,Craig Wrolstad,-10,outdoors,-4,Paul Brown Stadium,CIN00,grass,70,44,44.5,100,Sunday,2
2019_07_LAC_TEN,2019-10-20,2019,7,REG,LAC,TEN,20,23,Anthony Lynn,141,00-0022942,Philip Rivers,7,-107,0,401127979,5159,2019-10-20,16:05,58001,Mike Vrabel,-157,00-0029701,Ryan Tannehill,7,-103,Home,,2019102008,-106,0,13863,201910200oti,Bill Vinovich,3,outdoors,3,Nissan Stadium,NAS00,grass,77,43,42.5,-105,Sunday,2
2019_07_LA_ATL,2019-10-20,2019,7,REG,LA,ATL,37,10,Sean McVay,-154,00-0033106,Jared Goff,7,-105,0,401127940,5154,2019-10-20,13:00,57993,Dan Quinn,139,00-0026143,Matt Ryan,7,-105,Home,,2019102000,-104,0,13855,201910200atl,Ronald Torbert,-27,open,-3,Mercedes-Benz Stadium,ATL97,fieldturf,,47,54.5,-107,Sunday,
2019_07_MIA_BUF,2019-10-20,2019,7,REG,MIA,BUF,21,31,Brian Flores,793,00-0023682,Ryan Fitzpatrick,7,-103,1,401127942,5155,2019-10-20,13:00,57994,Sean McDermott,-1137,00-0034857,Josh Allen,14,-108,Home,,2019102001,-111,0,13856,201910200buf,Carl Cheffers,10,outdoors,17,New Era Field,BUF00,astroturf,65,52,42.5,-100,Sunday,7
2019_07_MIN_DET,2019-10-20,2019,7,REG,MIN,DET,42,30,Mike Zimmer,-137,00-0029604,Kirk Cousins,7,-110,1,401127947,5156,2019-10-20,13:00,57996,Matt Patricia,124,00-0026498,Matthew Stafford,6,-100,Home,,2019102003,-114,0,13858,201910200det,Bradley Rogers,-12,dome,-2.5,Ford Field,DET00,fieldturf,,72,43.5,102,Sunday,
2019_07_NO_CHI,2019-10-20,2019,7,REG,NO,CHI,36,25,Sean Payton,188,00-0031237,Teddy Bridgewater,7,100,0,401127982,5161,2019-10-20,16:25,58002,Matt Nagy,-213,00-0033869,Mitch Trubisky,14,-110,Home,,2019102009,-111,0,13864,201910200chi,Scott Novak,-11,outdoors,4,Soldier Field,CHI98,grass,54,61,37,-101,Sunday,6
2019_07_OAK_GB,2019-10-20,2019,7,REG,OAK,GB,24,42,Jon Gruden,211,00-0031280,Derek Carr,14,-103,0,401127949,5157,2019-10-20,13:00,57997,Matt LaFleur,-241,00-0023459,Aaron Rodgers,6,-107,Home,,2019102004,-113,0,13859,201910200gnb,Alex Kemp,18,outdoors,5.5,Lambeau Field,GNB00,grass,55,66,48,101,Sunday,6
2019_07_PHI_DAL,2019-10-20,2019,7,REG,PHI,DAL,10,37,Doug Pederson,148,00-0032950,Carson Wentz,7,101,1,401127987,5162,2019-10-20,20:20,58004,Jason Garrett,-165,00-0033077,Dak Prescott,7,-111,Home,,2019102011,-105,0,13866,201910200dal,Jerome Boger,27,closed,3,AT&T Stadium,DAL00,fieldturf,,47,50,-106,Sunday,
2019_07_SF_WAS,2019-10-20,2019,7,REG,SF,WAS,9,0,Kyle Shanahan,-424,00-0031345,Jimmy Garoppolo,7,-104,0,401127977,5158,2019-10-20,13:00,58000,Bill Callahan,350,00-0028986,Case Keenum,7,-106,Home,,2019102007,-111,0,13862,201910200was,Clete Blakeman,-9,outdoors,-10,FedExField,WAS00,grass,55,9,39,-100,Sunday,12
2019_07_NE_NYJ,2019-10-21,2019,7,REG,NE,NYJ,33,0,Bill Belichick,-371,00-0019596,Tom Brady,11,-106,1,401127894,5163,2019-10-21,20:15,58005,Adam Gase,311,00-0034869,Sam Darnold,8,-104,Home,,2019102100,-112,0,13867,201910210nyj,Shawn Hochuli,-33,outdoors,-9.5,MetLife Stadium,NYC01,fieldturf,58,33,43,100,Monday,0
2019_08_WAS_MIN,2019-10-24,2019,8,REG,WAS,MIN,9,19,Bill Callahan,729,00-0028986,Case Keenum,4,-104,0,401127905,5164,2019-10-24,20:20,58006,Mike Zimmer,-1023,00-0029604,Kirk Cousins,4,-106,Home,,2019102400,-112,0,13868,201910240min,Carl Cheffers,10,dome,16.5,U.S. Bank Stadium,MIN01,sportturf,,28,42,100,Thursday,
2019_08_ARI_NO,2019-10-27,2019,8,REG,ARI,NO,9,31,Kliff Kingsbury,467,00-0035228,Kyler Murray,7,-108,0,401128046,5165,2019-10-27,13:00,58014,Sean Payton,-625,00-0020531,Drew Brees,7,-102,Home,,2019102707,-101,0,13875,201910270nor,Clay Martin,22,dome,12.5,Mercedes-Benz Superdome,NOR00,astroturf,,40,47.5,-110,Sunday,
2019_08_CAR_SF,2019-10-27,2019,8,REG,CAR,SF,13,51,Ron Rivera,184,00-0034577,Cam Newton,14,-112,0,401128050,5174,2019-10-27,16:05,58016,Kyle Shanahan,-208,00-0031345,Jimmy Garoppolo,7,102,Home,,2019102709,-114,0,13878,201910270sfo,Shawn Smith,38,outdoors,4.5,Levi's Stadium,SFO01,grass,66,64,41,103,Sunday,19
2019_08_CIN_LA,2019-10-27,2019,8,REG,CIN,LA,10,24,Zac Taylor,467,00-0027973,Andy Dalton,7,-112,0,401127912,5166,2019-10-27,13:00,58013,Sean McVay,-594,00-0033106,Jared Goff,7,102,Neutral,,2019102706,-117,0,13874,201910270ram,Jerome Boger,14,outdoors,12,Wembley Stadium,LON00,grass,48,34,48.5,105,Sunday,5
2019_08_CLE_NE,2019-10-27,2019,8,REG,CLE,NE,13,27,Freddie Kitchens,309,00-0034855,Baker Mayfield,14,-107,0,401127895,5175,2019-10-27,16:25,58018,Bill Belichick,-367,00-0019596,Tom Brady,6,-103,Home,,2019102711,-114,0,13880,201910270nwe,Tony Corrente,14,outdoors,9.5,Gillette Stadium,BOS00,grass,49,40,43,102,Sunday,11
2019_08_DEN_IND,2019-10-27,2019,8,REG,DEN,IND,13,15,Vic Fangio,209,00-0026158,Joe Flacco,10,-117,0,401128051,5176,2019-10-27,13:00,58017,Frank Reich,-238,00-0033119,Jacoby Brissett,7,106,Home,,2019102710,-100,0,13879,201910270clt,Walt Anderson,2,open,6,Lucas Oil Stadium,IND00,fieldturf,,28,41,-111,Sunday,
2019_08_GB_KC,2019-10-27,2019,8,REG,GB,KC,31,24,Matt LaFleur,-230,00-0023459,Aaron Rodgers,7,-108,0,401128073,5177,2019-10-27,20:20,58019,Andy Reid,202,00-0025708,Matt Moore,10,-102,Home,,2019102712,-108,0,13881,201910270kan,Bill Vinovich,-7,outdoors,-5,Arrowhead Stadium,KAN00,astroturf,54,55,48,103,Sunday,5
2019_08_LAC_CHI,2019-10-27,2019,8,REG,LAC,CHI,17,16,Anthony Lynn,163,00-0022942,Philip Rivers,7,-107,0,401128039,5167,2019-10-27,13:00,58009,Matt Nagy,-182,00-0033869,Mitch Trubisky,7,-103,Home,,2019102702,-107,0,13871,201910270chi,Bradley Rogers,-1,outdoors,3.5,Soldier Field,CHI98,grass,52,33,41,-104,Sunday,9
2019_08_NYG_DET,2019-10-27,2019,8,REG,NYG,DET,26,31,Pat Shurmur,232,00-0035710,Daniel Jones,7,-113,0,401128042,5168,2019-10-27,13:00,58010,Matt Patricia,-267,00-0026498,Matthew Stafford,7,102,Home,,2019102703,-112,0,13872,201910270det,Scott Novak,5,dome,6.5,Ford Field,DET00,fieldturf,,57,49,100,Sunday,
2019_08_NYJ_JAX,2019-10-27,2019,8,REG,NYJ,JAX,15,29,Adam Gase,254,00-0034869,Sam Darnold,6,-115,0,401128045,,2019-10-27,13:00,58012,Doug Marrone,-295,00-0035289,Gardner Minshew,7,105,Home,,2019102705,-109,0,13876,201910270jax,Brad Allen,14,outdoors,7,TIAA Bank Stadium,JAX00,grass,79,44,39.5,-102,Sunday,11
2019_08_OAK_HOU,2019-10-27,2019,8,REG,OAK,HOU,24,27,Jon Gruden,207,00-0031280,Derek Carr,7,-107,0,401128043,5170,2019-10-27,16:25,58011,Bill O'Brien,-236,00-0033537,Deshaun Watson,7,-103,Home,,2019102704,-101,0,13877,201910270htx,Craig Wrolstad,3,closed,5,NRG Stadium,HOU00,grass,,51,52,-110,Sunday,
2019_08_PHI_BUF,2019-10-27,2019,8,REG,PHI,BUF,31,13,Doug Pederson,111,00-0032950,Carson Wentz,7,102,0,401128037,5171,2019-10-27,13:00,58008,Sean McDermott,-122,00-0034857,Josh Allen,7,-113,Home,,2019102701,-117,0,13870,201910270buf,John Hussey,-18,outdoors,1,New Era Field,BUF00,astroturf,54,44,39.5,105,Sunday,23
2019_08_SEA_ATL,2019-10-27,2019,8,REG,SEA,ATL,27,20,Pete Carroll,-323,00-0029263,Russell Wilson,7,106,0,401128035,5172,2019-10-27,13:00,58007,Dan Quinn,275,00-0022787,Matt Schaub,7,-117,Home,,2019102700,-110,0,13869,201910270atl,Clete Blakeman,-7,open,-7.5,Mercedes-Benz Stadium,ATL97,fieldturf,,47,48.5,-102,Sunday,
2019_08_TB_TEN,2019-10-27,2019,8,REG,TB,TEN,23,27,Bruce Arians,110,00-0031503,Jameis Winston,14,-110,0,401128048,5173,2019-10-27,13:00,58015,Mike Vrabel,-122,00-0029701,Ryan Tannehill,7,-100,Home,,2019102708,-114,0,13873,201910270oti,Adrian Hill,4,outdoors,2,Nissan Stadium,NAS00,grass,59,50,45.5,102,Sunday,3
2019_08_MIA_PIT,2019-10-28,2019,8,REG,MIA,PIT,14,27,Brian Flores,491,00-0023682,Ryan Fitzpatrick,8,-107,0,401128074,5178,2019-10-28,20:15,58020,Mike Tomlin,-630,00-0034771,Mason Rudolph,15,-103,Home,,2019102800,-105,0,13882,201910280pit,Ronald Torbert,13,outdoors,14,Heinz Field,PIT00,grass,59,41,44,-106,Monday,2
2019_09_SF_ARI,2019-10-31,2019,9,REG,SF,ARI,28,25,Kyle Shanahan,-445,00-0031345,Jimmy Garoppolo,4,100,1,401127908,5179,2019-10-31,20:20,58021,Kliff Kingsbury,365,00-0035228,Kyler Murray,4,-111,Home,,2019103100,-115,0,13883,201910310crd,Bradley Rogers,-3,closed,-10.5,State Farm Stadium,PHO00,grass,,53,43.5,103,Thursday,
2019_09_CHI_PHI,2019-11-03,2019,9,REG,CHI,PHI,14,22,Matt Nagy,199,00-0033869,Mitch Trubisky,7,-106,0,401128082,5181,2019-11-03,13:00,58027,Doug Pederson,-226,00-0032950,Carson Wentz,7,-104,Home,,2019110305,-109,0,13888,201911030phi,Craig Wrolstad,8,outdoors,5,Lincoln Financial Field,PHI00,grass,52,36,41,-102,Sunday,13
2019_09_CLE_DEN,2019-11-03,2019,9,REG,CLE,DEN,19,24,Freddie Kitchens,-194,00-0034855,Baker Mayfield,7,-102,0,401128088,5189,2019-11-03,16:25,58031,Vic Fangio,173,00-0032434,Brandon Allen,7,-108,Home,,2019110309,-107,0,13893,201911030den,Bill Vinovich,5,outdoors,-4,Empower Field at Mile High,DEN00,grass,55,43,39,-104,Sunday,4
2019_09_DET_OAK,2019-11-03,2019,9,REG,DET,OAK,24,31,Matt Patricia,129,00-0026498,Matthew Stafford,7,104,0,401128085,5187,2019-11-03,16:05,58029,Jon Gruden,-143,00-0031280,Derek Carr,7,-115,Home,,2019110307,-105,0,13891,201911030rai,Shawn Hochuli,7,outdoors,2.5,Ring Central Coliseum,OAK00,grass,71,55,51.5,-106,Sunday,6
2019_09_GB_LAC,2019-11-03,2019,9,REG,GB,LAC,11,26,Matt LaFleur,-208,00-0023459,Aaron Rodgers,7,-111,0,401128090,5190,2019-11-03,16:25,58032,Anthony Lynn,184,00-0022942,Philip Rivers,7,100,Home,,2019110310,-103,0,13894,201911030sdg,Adrian Hill,15,outdoors,-4,StubHub Center,LAX97,grass,79,37,50,-109,Sunday,2
2019_09_HOU_JAX,2019-11-03,2019,9,REG,HOU,JAX,26,3,Bill O'Brien,103,00-0033537,Deshaun Watson,7,-104,1,401127936,5180,2019-11-03,09:30,58022,Doug Marrone,-113,00-0035289,Gardner Minshew,7,-106,Neutral,,2019110300,-105,0,13884,201911030jax,Clete Blakeman,-23,outdoors,1,Wembley Stadium,LON00,grass,53,29,46,-106,Sunday,6
2019_09_IND_PIT,2019-11-03,2019,9,REG,IND,PIT,24,26,Frank Reich,107,00-0033119,Jacoby Brissett,7,101,0,401128083,5182,2019-11-03,13:00,58028,Mike Tomlin,-117,00-0034771,Mason Rudolph,6,-111,Home,,2019110306,-109,0,13889,201911030pit,Brad Allen,2,outdoors,1,Heinz Field,PIT00,grass,48,50,39.5,-102,Sunday,12
2019_09_MIN_KC,2019-11-03,2019,9,REG,MIN,KC,23,26,Mike Zimmer,-225,00-0029604,Kirk Cousins,10,-101,0,401128079,5183,2019-11-03,13:00,58025,Andy Reid,198,00-0025708,Matt Moore,7,-109,Home,,2019110303,-111,0,13886,201911030kan,Alex Kemp,3,outdoors,-5.5,Arrowhead Stadium,KAN00,astroturf,54,49,46,-100,Sunday,15
2019_09_NE_BAL,2019-11-03,2019,9,REG,NE,BAL,20,37,Bill Belichick,-150,00-0019596,Tom Brady,7,100,0,401127899,5191,2019-11-03,20:20,58033,John Harbaugh,135,00-0034796,Lamar Jackson,14,-110,Home,,2019110311,-101,0,13895,201911030rav,Carl Cheffers,17,outdoors,-3,M&T Bank Stadium,BAL00,grass,48,57,44.5,-111,Sunday,1
2019_09_NYJ_MIA,2019-11-03,2019,9,REG,NYJ,MIA,18,26,Adam Gase,-187,00-0034869,Sam Darnold,7,-103,1,401128080,5184,2019-11-03,13:00,58026,Brian Flores,167,00-0023682,Ryan Fitzpatrick,6,-107,Home,,2019110304,-103,0,13887,201911030mia,Walt Anderson,8,outdoors,-3.5,Hard Rock Stadium,MIA00,grass,85,44,42.5,-108,Sunday,11
2019_09_TB_SEA,2019-11-03,2019,9,REG,TB,SEA,34,40,Bruce Arians,185,00-0031503,Jameis Winston,7,-105,0,401128087,5188,2019-11-03,16:05,58030,Pete Carroll,-209,00-0029263,Russell Wilson,7,-105,Home,,2019110308,-119,1,13892,201911030sea,John Hussey,6,outdoors,4,CenturyLink Field,SEA00,fieldturf,54,74,51,107,Sunday,6
2019_09_TEN_CAR,2019-11-03,2019,9,REG,TEN,CAR,20,30,Mike Vrabel,160,00-0029701,Ryan Tannehill,7,-109,0,401128078,5185,2019-11-03,13:00,58024,Ron Rivera,-179,00-0034577,Cam Newton,7,-101,Home,,2019110302,-107,0,13890,201911030car,Ronald Torbert,10,outdoors,3.5,Bank of America Stadium,CAR00,grass,58,50,43,-104,Sunday,5
2019_09_WAS_BUF,2019-11-03,2019,9,REG,WAS,BUF,9,24,Bill Callahan,368,00-0035232,Dwayne Haskins,10,-112,0,401128076,5186,2019-11-03,13:00,58023,Sean McDermott,-449,00-0034857,Josh Allen,7,102,Home,,2019110301,-107,0,13885,201911030buf,Tony Corrente,15,outdoors,10.5,New Era Field,BUF00,astroturf,42,33,37,-104,Sunday,18
2019_09_DAL_NYG,2019-11-04,2019,9,REG,DAL,NYG,37,18,Jason Garrett,-297,00-0033077,Dak Prescott,15,-101,1,401128091,5192,2019-11-04,20:15,58034,Pat Shurmur,255,00-0035710,Daniel Jones,8,-109,Home,,2019110400,-114,0,13896,201911040nyg,Clay Martin,-19,outdoors,-6.5,MetLife Stadium,NYC01,fieldturf,51,55,48.5,102,Monday,10
2019_10_LAC_OAK,2019-11-07,2019,10,REG,LAC,OAK,24,26,Anthony Lynn,-117,00-0022942,Philip Rivers,4,-110,1,401127907,5193,2019-11-07,20:20,58035,Jon Gruden,106,00-0031280,Derek Carr,4,-100,Home,,2019110700,-108,0,13897,201911070rai,Walt Anderson,2,outdoors,-1,Ring Central Coliseum,OAK00,grass,54,50,49,-103,Thursday,9
2019_10_ARI_TB,2019-11-10,2019,10,REG,ARI,TB,27,30,Kliff Kingsbury,207,00-0035228,Kyler Murray,10,100,0,401127976,5194,2019-11-10,13:00,58042,Bruce Arians,-235,00-0031503,Jameis Winston,7,-110,Home,,2019111006,101,0,13905,201911100tam,Craig Wrolstad,3,outdoors,5.5,Raymond James Stadium,TAM00,grass,77,57,51,-113,Sunday,8
2019_10_ATL_NO,2019-11-10,2019,10,REG,ATL,NO,26,9,Dan Quinn,503,00-0026143,Matt Ryan,14,-114,1,401127948,5195,2019-11-10,13:00,58040,Sean Payton,-649,00-0020531,Drew Brees,14,103,Home,,2019111004,-101,0,13903,201911100nor,Brad Allen,-17,dome,14,Mercedes-Benz Superdome,NOR00,astroturf,,35,51.5,-110,Sunday,
2019_10_BAL_CIN,2019-11-10,2019,10,REG,BAL,CIN,49,13,John Harbaugh,-435,00-0034796,Lamar Jackson,7,104,1,401127934,5196,2019-11-10,13:00,58037,Zac Taylor,358,00-0035652,Ryan Finley,14,-114,Home,,2019111001,-107,0,13899,201911100cin,Scott Novak,-36,outdoors,-10.5,Paul Brown Stadium,CIN00,grass,56,62,44,-104,Sunday,9
2019_10_BUF_CLE,2019-11-10,2019,10,REG,BUF,CLE,16,19,Sean McDermott,136,00-0034857,Josh Allen,7,-108,0,401127939,5197,2019-11-10,13:00,58038,Freddie Kitchens,-151,00-0034855,Baker Mayfield,7,-102,Home,,2019111002,102,0,13900,201911100cle,Ronald Torbert,3,outdoors,3,FirstEnergy Stadium,CLE00,grass,50,35,42,-113,Sunday,10
2019_10_CAR_GB,2019-11-10,2019,10,REG,CAR,GB,16,24,Ron Rivera,200,00-0034577,Kyle Allen,7,-100,0,401127944,5198,2019-11-10,16:25,58039,Matt LaFleur,-227,00-0023459,Aaron Rodgers,7,-110,Home,,2019111003,-104,0,13901,201911100gnb,Jerome Boger,8,outdoors,5,Lambeau Field,GNB00,grass,34,40,49,-107,Sunday,6
2019_10_DET_CHI,2019-11-10,2019,10,REG,DET,CHI,13,20,Matt Patricia,235,00-0032436,Jeff Driskel,7,101,1,401127911,5199,2019-11-10,13:00,58036,Matt Nagy,-270,00-0033869,Mitch Trubisky,7,-111,Home,,2019111000,103,0,13898,201911100chi,Carl Cheffers,7,outdoors,6,Soldier Field,CHI98,grass,40,33,38,-114,Sunday,12
2019_10_KC_TEN,2019-11-10,2019,10,REG,KC,TEN,32,35,Andy Reid,-233,00-0033873,Patrick Mahomes,7,-108,0,401127981,5200,2019-11-10,13:00,58043,Mike Vrabel,205,00-0029701,Ryan Tannehill,7,-102,Home,,2019111007,-107,0,13902,201911100oti,Tony Corrente,3,outdoors,-5,Nissan Stadium,NAS00,grass,63,67,49,-104,Sunday,9
2019_10_LA_PIT,2019-11-10,2019,10,REG,LA,PIT,12,17,Sean McVay,-214,00-0033106,Jared Goff,14,-113,0,401127989,5203,2019-11-10,16:25,58045,Mike Tomlin,189,00-0034771,Mason Rudolph,7,103,Home,,2019111009,103,0,13907,201911100pit,Shawn Smith,5,outdoors,-4,Heinz Field,PIT00,grass,55,29,43,-114,Sunday,12
2019_10_MIA_IND,2019-11-10,2019,10,REG,MIA,IND,16,12,Brian Flores,390,00-0023682,Ryan Fitzpatrick,7,-109,0,401127986,5202,2019-11-10,16:05,58044,Frank Reich,-481,00-0026625,Brian Hoyer,7,-101,Home,,2019111008,-109,0,13906,201911100clt,Clay Martin,-4,closed,11,Lucas Oil Stadium,IND00,fieldturf,,28,44.5,-102,Sunday,
2019_10_MIN_DAL,2019-11-10,2019,10,REG,MIN,DAL,28,24,Mike Zimmer,160,00-0029604,Kirk Cousins,7,-113,0,401128041,5204,2019-11-10,20:20,58046,Jason Garrett,-179,00-0033077,Dak Prescott,6,103,Home,,2019111010,-112,0,13908,201911100dal,Shawn Hochuli,-4,closed,3.5,AT&T Stadium,DAL00,fieldturf,,52,48.5,100,Sunday,
2019_10_NYG_NYJ,2019-11-10,2019,10,REG,NYG,NYJ,27,34,Pat Shurmur,-147,00-0035710,Daniel Jones,6,104,0,401127952,5201,2019-11-10,13:00,58041,Adam Gase,133,00-0034869,Sam Darnold,7,-115,Home,,2019111005,-102,0,13904,201911100nyj,John Hussey,7,outdoors,-3,MetLife Stadium,NYC01,fieldturf,48,61,43,-109,Sunday,8
2019_10_SEA_SF,2019-11-11,2019,10,REG,SEA,SF,27,24,Pete Carroll,233,00-0029263,Russell Wilson,8,-104,1,401127992,5205,2019-11-11,20:15,58047,Kyle Shanahan,-268,00-0031345,Jimmy Garoppolo,11,-106,Home,,2019111100,-107,1,13909,201911110sfo,Alex Kemp,-3,outdoors,6.5,Levi's Stadium,SFO01,grass,77,51,47,-104,Monday,3
2019_11_PIT_CLE,2019-11-14,2019,11,REG,PIT,CLE,7,21,Mike Tomlin,146,00-0034771,Mason Rudolph,4,101,1,401128044,5206,2019-11-14,20:20,58048,Freddie Kitchens,-163,00-0034855,Baker Mayfield,4,-112,Home,,2019111400,-103,0,13910,201911140cle,Clete Blakeman,14,outdoors,3,FirstEnergy Stadium,CLE00,grass,36,28,41.5,-108,Thursday,10
2019_11_ARI_SF,2019-11-17,2019,11,REG,ARI,SF,26,36,Kliff Kingsbury,353,00-0035228,Kyler Murray,7,-113,1,401128089,5215,2019-11-17,16:05,58057,Kyle Shanahan,-429,00-0031345,Jimmy Garoppolo,6,103,Home,,2019111708,103,0,13919,201911170sfo,Walt Anderson,10,outdoors,10,Levi's Stadium,SFO01,grass,72,62,44,-114,Sunday,0
2019_11_ATL_CAR,2019-11-17,2019,11,REG,ATL,CAR,29,3,Dan Quinn,177,00-0026143,Matt Ryan,7,-100,1,401128049,5207,2019-11-17,13:00,58050,Ron Rivera,-199,00-0034577,Kyle Allen,7,-110,Home,,2019111701,-103,0,13917,201911170car,Adrian Hill,-26,outdoors,3.5,Bank of America Stadium,CAR00,grass,51,32,49,-108,Sunday,11
2019_11_BUF_MIA,2019-11-17,2019,11,REG,BUF,MIA,37,20,Sean McDermott,-307,00-0034857,Josh Allen,7,-109,1,401128077,5208,2019-11-17,13:00,58053,Brian Flores,263,00-0023682,Ryan Fitzpatrick,7,-101,Home,,2019111704,-105,0,13913,201911170mia,Scott Novak,-17,outdoors,-7,Hard Rock Stadium,MIA00,grass,62,57,41.5,-106,Sunday,13
2019_11_CHI_LA,2019-11-17,2019,11,REG,CHI,LA,7,17,Matt Nagy,204,00-0033869,Mitch Trubisky,7,-107,0,401128133,5218,2019-11-17,20:20,58060,Sean McVay,-233,00-0033106,Jared Goff,7,-103,Home,,2019111711,-102,0,13922,201911170ram,John Hussey,10,outdoors,5,Los Angeles Memorial Coliseum,LAX99,grass,79,24,40,-109,Sunday,0
2019_11_CIN_OAK,2019-11-17,2019,11,REG,CIN,OAK,10,17,Zac Taylor,474,00-0035652,Ryan Finley,7,-108,0,401128092,5216,2019-11-17,16:25,58058,Jon Gruden,-605,00-0031280,Derek Carr,10,-102,Home,,2019111709,-105,0,13920,201911170rai,Shawn Smith,7,outdoors,13,Ring Central Coliseum,OAK00,grass,76,27,48,-106,Sunday,13
2019_11_DAL_DET,2019-11-17,2019,11,REG,DAL,DET,35,27,Jason Garrett,-369,00-0033077,Dak Prescott,7,102,0,401128052,5209,2019-11-17,13:00,58051,Matt Patricia,310,00-0032436,Jeff Driskel,7,-113,Home,,2019111702,-112,0,13911,201911170det,Tony Corrente,-8,dome,-7.5,Ford Field,DET00,fieldturf,,62,46.5,101,Sunday,
2019_11_DEN_MIN,2019-11-17,2019,11,REG,DEN,MIN,23,27,Vic Fangio,341,00-0032434,Brandon Allen,14,-119,0,401128081,5210,2019-11-17,13:00,58054,Mike Zimmer,-412,00-0029604,Kirk Cousins,7,107,Home,,2019111705,-111,0,13914,201911170min,Clay Martin,4,dome,10,U.S. Bank Stadium,MIN01,sportturf,,50,40.5,-100,Sunday,
2019_11_HOU_BAL,2019-11-17,2019,11,REG,HOU,BAL,7,41,Bill O'Brien,192,00-0033537,Deshaun Watson,14,-102,0,401128047,5211,2019-11-17,13:00,58049,John Harbaugh,-217,00-0034796,Lamar Jackson,7,-108,Home,,2019111700,-106,0,13918,201911170rav,Alex Kemp,34,outdoors,4,M&T Bank Stadium,BAL00,grass,44,48,51,-105,Sunday,10
2019_11_JAX_IND,2019-11-17,2019,11,REG,JAX,IND,13,33,Doug Marrone,121,00-0029567,Nick Foles,14,-103,1,401128075,5212,2019-11-17,13:00,58052,Frank Reich,-134,00-0033119,Jacoby Brissett,7,-108,Home,,2019111703,-115,0,13912,201911170clt,Shawn Hochuli,20,closed,2.5,Lucas Oil Stadium,IND00,fieldturf,,46,41.5,103,Sunday,
2019_11_NE_PHI,2019-11-17,2019,11,REG,NE,PHI,17,10,Bill Belichick,-210,00-0019596,Tom Brady,14,101,0,401127897,5217,2019-11-17,16:25,58059,Doug Pederson,186,00-0032950,Carson Wentz,14,-112,Home,,2019111710,-111,0,13921,201911170phi,Bill Vinovich,-7,outdoors,-4.5,Lincoln Financial Field,PHI00,grass,42,27,45,-100,Sunday,13
2019_11_NO_TB,2019-11-17,2019,11,REG,NO,TB,34,17,Sean Payton,-230,00-0020531,Drew Brees,7,-108,1,401128084,5213,2019-11-17,13:00,58055,Bruce Arians,202,00-0031503,Jameis Winston,7,-102,Home,,2019111706,102,0,13915,201911170tam,Bradley Rogers,-17,outdoors,-5,Raymond James Stadium,TAM00,grass,55,51,50.5,-114,Sunday,4
2019_11_NYJ_WAS,2019-11-17,2019,11,REG,NYJ,WAS,34,17,Adam Gase,111,00-0034869,Sam Darnold,7,104,0,401128086,5214,2019-11-17,13:00,58056,Bill Callahan,-122,00-0035232,Dwayne Haskins,14,-114,Home,,2019111707,-108,0,13916,201911170was,Jerome Boger,-17,outdoors,1,FedExField,WAS00,grass,43,51,37.5,-103,Sunday,8
2019_11_KC_LAC,2019-11-18,2019,11,REG,KC,LAC,24,17,Andy Reid,-243,00-0033873,Patrick Mahomes,8,-106,1,401128134,5219,2019-11-18,20:15,58061,Anthony Lynn,213,00-0022942,Philip Rivers,11,-104,Neutral,,2019111800,-105,0,13923,201911180sdg,Brad Allen,-7,outdoors,-5.5,Azteca Stadium,MEX00,grass,67,41,52.5,-106,Monday,7
2019_12_IND_HOU,2019-11-21,2019,12,REG,IND,HOU,17,20,Frank Reich,164,00-0033119,Jacoby Brissett,4,-105,1,401127865,5220,2019-11-21,20:20,58062,Bill O'Brien,-183,00-0033537,Deshaun Watson,4,-105,Home,,2019112100,-105,0,13924,201911210htx,Ronald Torbert,3,closed,3.5,NRG Stadium,HOU00,grass,,37,46,-106,Thursday,
2019_12_CAR_NO,2019-11-24,2019,12,REG,CAR,NO,31,34,Ron Rivera,374,00-0034577,Kyle Allen,7,-108,1,401127922,5221,2019-11-24,13:00,58068,Sean Payton,-457,00-0020531,Drew Brees,7,-102,Home,,2019112405,106,0,13930,201911240nor,Alex Kemp,3,dome,10,Mercedes-Benz Superdome,NOR00,astroturf,,65,46,-118,Sunday,
2019_12_DAL_NE,2019-11-24,2019,12,REG,DAL,NE,9,13,Jason Garrett,203,00-0033077,Dak Prescott,7,-108,0,401127957,5230,2019-11-24,16:25,58072,Bill Belichick,-231,00-0019596,Tom Brady,7,-102,Home,,2019112409,-110,0,13934,201911240nwe,Scott Novak,4,outdoors,5.5,Gillette Stadium,BOS00,grass,38,22,44.5,-101,Sunday,16
2019_12_DEN_BUF,2019-11-24,2019,12,REG,DEN,BUF,3,20,Vic Fangio,170,00-0032434,Brandon Allen,7,-106,0,401127872,5222,2019-11-24,13:00,58064,Sean McDermott,-190,00-0034857,Josh Allen,7,-104,Home,,2019112401,104,0,13926,201911240buf,Jerome Boger,17,outdoors,3.5,New Era Field,BUF00,astroturf,40,23,37,-115,Sunday,17
2019_12_DET_WAS,2019-11-24,2019,12,REG,DET,WAS,16,19,Matt Patricia,-190,00-0032436,Jeff Driskel,7,-102,0,401127996,5223,2019-11-24,13:00,58070,Bill Callahan,169,00-0035232,Dwayne Haskins,7,-109,Home,,2019112407,-102,0,13932,201911240was,Bill Vinovich,3,outdoors,-4,FedExField,WAS00,grass,46,35,39,-110,Sunday,17
2019_12_GB_SF,2019-11-24,2019,12,REG,GB,SF,8,37,Matt LaFleur,156,00-0023459,Aaron Rodgers,14,111,0,401128004,5231,2019-11-24,20:20,58073,Kyle Shanahan,-175,00-0031345,Jimmy Garoppolo,7,-122,Home,,2019112410,-109,0,13935,201911240sfo,Carl Cheffers,29,outdoors,3,Levi's Stadium,SFO01,grass,63,45,48,-102,Sunday,7
2019_12_JAX_TEN,2019-11-24,2019,12,REG,JAX,TEN,20,42,Doug Marrone,198,00-0029567,Nick Foles,7,103,1,401128000,5229,2019-11-24,16:05,58071,Mike Vrabel,-225,00-0029701,Ryan Tannehill,14,-114,Home,,2019112408,-112,0,13933,201911240oti,Shawn Smith,22,outdoors,4.5,Nissan Stadium,NAS00,grass,52,62,42,100,Sunday,9
2019_12_MIA_CLE,2019-11-24,2019,12,REG,MIA,CLE,24,41,Brian Flores,365,00-0023682,Ryan Fitzpatrick,7,-113,0,401127919,5224,2019-11-24,13:00,58067,Freddie Kitchens,-446,00-0034855,Baker Mayfield,10,103,Home,,2019112404,-105,0,13929,201911240cle,Bradley Rogers,17,outdoors,11,FirstEnergy Stadium,CLE00,grass,39,65,45.5,-106,Sunday,14
2019_12_NYG_CHI,2019-11-24,2019,12,REG,NYG,CHI,14,19,Pat Shurmur,220,00-0035710,Daniel Jones,14,-110,0,401127914,5225,2019-11-24,13:00,58065,Matt Nagy,-252,00-0033869,Mitch Trubisky,7,-100,Home,,2019112402,-115,0,13927,201911240chi,Shawn Hochuli,5,outdoors,6,Soldier Field,CHI98,grass,48,33,41,103,Sunday,12
2019_12_OAK_NYJ,2019-11-24,2019,12,REG,OAK,NYJ,3,34,Jon Gruden,-177,00-0031280,Derek Carr,7,102,0,401127924,5226,2019-11-24,13:00,58069,Adam Gase,158,00-0034869,Sam Darnold,7,-112,Home,,2019112406,-115,0,13931,201911240nyj,Clete Blakeman,31,outdoors,-3.5,MetLife Stadium,NYC01,fieldturf,43,37,45,103,Sunday,12
2019_12_PIT_CIN,2019-11-24,2019,12,REG,PIT,CIN,16,10,Mike Tomlin,-225,00-0034771,Mason Rudolph,10,-106,1,401127918,5227,2019-11-24,13:00,58066,Zac Taylor,199,00-0035652,Ryan Finley,7,-104,Home,,2019112403,-109,0,13928,201911240cin,Adrian Hill,-6,outdoors,-5.5,Paul Brown Stadium,CIN00,grass,46,26,37.5,-102,Sunday,10
2019_12_SEA_PHI,2019-11-24,2019,12,REG,SEA,PHI,17,9,Pete Carroll,-105,00-0029263,Russell Wilson,13,102,0,401128008,5232,2019-11-24,13:00,58074,Doug Pederson,-105,00-0032950,Carson Wentz,7,-112,Home,,2019112411,-104,0,13936,201911240phi,Walt Anderson,-8,outdoors,-1,Lincoln Financial Field,PHI00,grass,40,26,45.5,-107,Sunday,17
2019_12_TB_ATL,2019-11-24,2019,12,REG,TB,ATL,35,22,Bruce Arians,163,00-0031503,Jameis Winston,7,-110,1,401127870,5228,2019-11-24,13:00,58063,Dan Quinn,-183,00-0026143,Matt Ryan,7,-100,Home,,2019112400,100,0,13925,201911240atl,Clay Martin,-13,closed,3.5,Mercedes-Benz Stadium,ATL97,fieldturf,,57,51.5,-111,Sunday,
2019_12_BAL_LA,2019-11-25,2019,12,REG,BAL,LA,45,6,John Harbaugh,-162,00-0034796,Lamar Jackson,8,112,0,401128012,5233,2019-11-25,20:15,58075,Sean McVay,145,00-0033106,Jared Goff,8,-124,Home,,2019112500,-114,0,13937,201911250ram,Craig Wrolstad,-39,outdoors,-3.5,Los Angeles Memorial Coliseum,LAX99,grass,62,51,47,103,Monday,5
2019_13_BUF_DAL,2019-11-28,2019,13,REG,BUF,DAL,26,15,Sean McDermott,256,00-0034857,Josh Allen,4,104,0,401128017,5235,2019-11-28,16:30,58077,Jason Garrett,-298,00-0033077,Dak Prescott,4,-115,Home,,2019112801,-102,0,13939,201911280dal,Bill Vinovich,-11,closed,6.5,AT&T Stadium,DAL00,fieldturf,,41,46.5,-109,Thursday,
2019_13_CHI_DET,2019-11-28,2019,13,REG,CHI,DET,24,20,Matt Nagy,-230,00-0033869,Mitch Trubisky,4,-104,1,401128015,5234,2019-11-28,12:30,58076,Matt Patricia,203,00-0035040,David Blough,4,-106,Home,,2019112800,-108,0,13938,201911280det,Jerome Boger,-4,dome,-5.5,Ford Field,DET00,fieldturf,,44,37.5,-103,Thursday,
2019_13_NO_ATL,2019-11-28,2019,13,REG,NO,ATL,26,18,Sean Payton,-319,00-0020531,Drew Brees,4,-106,1,401128022,5236,2019-11-28,20:20,58078,Dan Quinn,272,00-0026143,Matt Ryan,4,-104,Home,,2019112802,-108,0,13940,201911280atl,Shawn Smith,-8,closed,-7,Mercedes-Benz Stadium,ATL97,fieldturf,,44,48,-103,Thursday,
2019_13_CLE_PIT,2019-12-01,2019,13,REG,CLE,PIT,13,20,Freddie Kitchens,-113,00-0034855,Baker Mayfield,7,-107,1,401128107,5246,2019-12-01,13:00,58089,Mike Tomlin,103,00-0035577,Devlin Hodges,7,-103,Home,,2019120110,-102,0,13951,201912010pit,Clay Martin,7,outdoors,-1,Heinz Field,PIT00,grass,46,33,40,-109,Sunday,6
2019_13_GB_NYG,2019-12-01,2019,13,REG,GB,NYG,31,13,Matt LaFleur,-256,00-0023459,Aaron Rodgers,7,103,0,401128095,5237,2019-12-01,13:00,58086,Pat Shurmur,223,00-0035710,Daniel Jones,7,-113,Home,,2019120107,-104,0,13945,201912010nyg,Craig Wrolstad,-18,outdoors,-6.5,MetLife Stadium,NYC01,fieldturf,32,44,43.5,-107,Sunday,10
2019_13_LAC_DEN,2019-12-01,2019,13,REG,LAC,DEN,20,23,Anthony Lynn,-207,00-0022942,Philip Rivers,13,-103,1,401128104,5247,2019-12-01,16:25,58088,Vic Fangio,183,00-0035704,Drew Lock,7,-107,Home,,2019120109,-117,0,13950,201912010den,Bradley Rogers,3,outdoors,-4.5,Empower Field at Mile High,DEN00,grass,33,43,39,105,Sunday,7
2019_13_LA_ARI,2019-12-01,2019,13,REG,LA,ARI,34,7,Sean McVay,-139,00-0033106,Jared Goff,6,-110,1,401128100,5245,2019-12-01,16:05,58087,Kliff Kingsbury,125,00-0035228,Kyler Murray,14,-100,Home,,2019120108,103,0,13949,201912010crd,Alex Kemp,-27,closed,-2.5,State Farm Stadium,PHO00,grass,,41,47,-114,Sunday,
2019_13_NE_HOU,2019-12-01,2019,13,REG,NE,HOU,22,28,Bill Belichick,-172,00-0019596,Tom Brady,7,106,0,401127967,5248,2019-12-01,20:20,58090,Bill O'Brien,154,00-0033537,Deshaun Watson,10,-117,Home,,2019120111,-107,0,13952,201912010htx,Tony Corrente,6,closed,-3.5,NRG Stadium,HOU00,grass,,50,47,-104,Sunday,
2019_13_NYJ_CIN,2019-12-01,2019,13,REG,NYJ,CIN,6,22,Adam Gase,-123,00-0034869,Sam Darnold,7,102,0,401128057,5238,2019-12-01,13:00,58081,Zac Taylor,111,00-0027973,Andy Dalton,7,-112,Home,,2019120102,-107,0,13941,201912010cin,Ronald Torbert,16,outdoors,-2.5,Paul Brown Stadium,CIN00,grass,46,28,43,-104,Sunday,15
2019_13_OAK_KC,2019-12-01,2019,13,REG,OAK,KC,9,40,Jon Gruden,369,00-0031280,Derek Carr,7,-116,1,401128067,5239,2019-12-01,16:25,58084,Andy Reid,-451,00-0033873,Patrick Mahomes,13,106,Home,,2019120105,-108,0,13943,201912010kan,John Hussey,31,outdoors,11.5,Arrowhead Stadium,KAN00,astroturf,36,49,49.5,-103,Sunday,20
2019_13_PHI_MIA,2019-12-01,2019,13,REG,PHI,MIA,31,37,Doug Pederson,-469,00-0032950,Carson Wentz,7,-100,0,401128070,5240,2019-12-01,13:00,58085,Brian Flores,382,00-0023682,Ryan Fitzpatrick,7,-110,Home,,2019120106,-102,0,13944,201912010mia,Adrian Hill,6,outdoors,-10.5,Hard Rock Stadium,MIA00,grass,82,68,45,-109,Sunday,15
2019_13_SF_BAL,2019-12-01,2019,13,REG,SF,BAL,17,20,Kyle Shanahan,212,00-0031345,Jimmy Garoppolo,7,-100,0,401128027,5241,2019-12-01,13:00,58079,John Harbaugh,-242,00-0034796,Lamar Jackson,6,-110,Home,,2019120100,-108,0,13948,201912010rav,Brad Allen,3,outdoors,5.5,M&T Bank Stadium,BAL00,grass,40,37,45,-103,Sunday,13
2019_13_TB_JAX,2019-12-01,2019,13,REG,TB,JAX,28,11,Bruce Arians,-155,00-0031503,Jameis Winston,7,-105,0,401128063,5242,2019-12-01,13:00,58083,Doug Marrone,140,00-0029567,Nick Foles,7,-105,Home,,2019120104,-106,0,13947,201912010jax,Walt Anderson,-17,outdoors,-3,TIAA Bank Stadium,JAX00,grass,77,39,46.5,-105,Sunday,15
2019_13_TEN_IND,2019-12-01,2019,13,REG,TEN,IND,31,17,Mike Vrabel,-109,00-0029701,Ryan Tannehill,7,-102,1,401128058,5243,2019-12-01,13:00,58082,Frank Reich,-101,00-0033119,Jacoby Brissett,10,-108,Home,,2019120103,-105,0,13942,201912010clt,Carl Cheffers,-14,closed,-1,Lucas Oil Stadium,IND00,fieldturf,,48,41.5,-106,Sunday,
2019_13_WAS_CAR,2019-12-01,2019,13,REG,WAS,CAR,29,21,Bill Callahan,391,00-0035232,Dwayne Haskins,7,-110,0,401128032,5244,2019-12-01,13:00,58080,Ron Rivera,-482,00-0034577,Kyle Allen,7,-100,Home,,2019120101,102,0,13946,201912010car,Scott Novak,-8,outdoors,10.5,Bank of America Stadium,CAR00,grass,64,50,38.5,-113,Sunday,16
2019_13_MIN_SEA,2019-12-02,2019,13,REG,MIN,SEA,30,37,Mike Zimmer,138,00-0029604,Kirk Cousins,15,112,0,401128112,5249,2019-12-02,20:15,58091,Pete Carroll,-154,00-0029263,Russell Wilson,8,-124,Home,,2019120200,-109,0,13953,201912020sea,Clete Blakeman,7,outdoors,2.5,CenturyLink Field,SEA00,fieldturf,51,67,48,-102,Monday,1
2019_14_DAL_CHI,2019-12-05,2019,14,REG,DAL,CHI,24,31,Jason Garrett,-167,00-0033077,Dak Prescott,7,-109,0,401127871,5250,2019-12-05,20:20,58092,Matt Nagy,150,00-0033869,Mitch Trubisky,7,-101,Home,,2019120500,-108,0,13954,201912050chi,Bradley Rogers,7,outdoors,-3,Soldier Field,CHI98,grass,44,55,43,-103,Thursday,9
2019_14_BAL_BUF,2019-12-08,2019,14,REG,BAL,BUF,24,17,John Harbaugh,-264,00-0034796,Lamar Jackson,7,100,0,401127868,5251,2019-12-08,13:00,58094,Sean McDermott,230,00-0034857,Josh Allen,10,-110,Home,,2019120801,-107,0,13956,201912080buf,Shawn Smith,-7,outdoors,-6.5,New Era Field,BUF00,astroturf,43,41,44,-104,Sunday,18
2019_14_CAR_ATL,2019-12-08,2019,14,REG,CAR,ATL,20,40,Ron Rivera,161,00-0034577,Kyle Allen,7,-110,1,401127869,5252,2019-12-08,13:00,58093,Dan Quinn,-180,00-0026143,Matt Ryan,10,100,Home,,2019120800,-104,0,13955,201912080atl,Clete Blakeman,20,closed,3.5,Mercedes-Benz Stadium,ATL97,fieldturf,,60,48,-107,Sunday,
2019_14_CIN_CLE,2019-12-08,2019,14,REG,CIN,CLE,19,27,Zac Taylor,234,00-0027973,Andy Dalton,7,-112,1,401127867,5253,2019-12-08,13:00,58095,Freddie Kitchens,-269,00-0034855,Baker Mayfield,7,101,Home,,2019120802,106,0,13957,201912080cle,Carl Cheffers,8,outdoors,6.5,FirstEnergy Stadium,CLE00,grass,48,46,43,-118,Sunday,16
2019_14_DEN_HOU,2019-12-08,2019,14,REG,DEN,HOU,38,24,Vic Fangio,325,00-0035704,Drew Lock,7,-103,0,401127920,5254,2019-12-08,13:00,58097,Bill O'Brien,-389,00-0033537,Deshaun Watson,7,-107,Home,,2019120804,-106,0,13963,201912080htx,Adrian Hill,-14,closed,8,NRG Stadium,HOU00,grass,,62,42.5,-105,Sunday,
2019_14_DET_MIN,2019-12-08,2019,14,REG,DET,MIN,7,20,Matt Patricia,463,00-0035040,David Blough,10,-117,1,401127926,5255,2019-12-08,13:00,58098,Mike Zimmer,-587,00-0029604,Kirk Cousins,6,106,Home,,2019120805,102,0,13959,201912080min,Walt Anderson,13,dome,12,U.S. Bank Stadium,MIN01,sportturf,,27,43.5,-113,Sunday,
2019_14_IND_TB,2019-12-08,2019,14,REG,IND,TB,35,38,Frank Reich,149,00-0033119,Jacoby Brissett,7,101,0,401127994,5256,2019-12-08,13:00,58101,Bruce Arians,-166,00-0031503,Jameis Winston,7,-111,Home,,2019120808,-106,0,13962,201912080tam,Tony Corrente,3,outdoors,3,Raymond James Stadium,TAM00,grass,78,73,46.5,-105,Sunday,9
2019_14_KC_NE,2019-12-08,2019,14,REG,KC,NE,23,16,Andy Reid,135,00-0033873,Patrick Mahomes,7,-107,0,401127930,5261,2019-12-08,16:25,58104,Bill Belichick,-150,00-0019596,Tom Brady,7,-103,Home,,2019120811,-115,0,13966,201912080nwe,Jerome Boger,-7,outdoors,3,Gillette Stadium,BOS00,grass,32,39,49.5,103,Sunday,8
2019_14_LAC_JAX,2019-12-08,2019,14,REG,LAC,JAX,45,10,Anthony Lynn,-179,00-0022942,Philip Rivers,7,-101,0,401127997,5260,2019-12-08,16:05,58102,Doug Marrone,160,00-0035289,Gardner Minshew,7,-110,Home,,2019120809,-106,0,13964,201912080jax,Bill Vinovich,-35,outdoors,-3.5,TIAA Bank Stadium,JAX00,grass,62,55,42,-105,Sunday,7
2019_14_MIA_NYJ,2019-12-08,2019,14,REG,MIA,NYJ,21,22,Brian Flores,189,00-0023682,Ryan Fitzpatrick,7,-110,1,401127969,5257,2019-12-08,13:00,58100,Adam Gase,-213,00-0034869,Sam Darnold,7,100,Home,,2019120807,-109,0,13961,201912080nyj,Craig Wrolstad,1,outdoors,5,MetLife Stadium,NYC01,fieldturf,41,43,47,-102,Sunday,9
2019_14_PIT_ARI,2019-12-08,2019,14,REG,PIT,ARI,23,17,Mike Tomlin,-130,00-0035577,Devlin Hodges,7,-100,0,401128002,5262,2019-12-08,16:25,58103,Kliff Kingsbury,117,00-0035228,Kyler Murray,7,-110,Home,,2019120810,-113,0,13967,201912080crd,Ronald Torbert,-6,closed,-2.5,State Farm Stadium,PHO00,grass,,40,43.5,101,Sunday,
2019_14_SEA_LA,2019-12-08,2019,14,REG,SEA,LA,12,28,Pete Carroll,109,00-0029263,Russell Wilson,6,102,1,401128009,5264,2019-12-08,20:20,58106,Sean McVay,-120,00-0033106,Jared Goff,7,-112,Home,,2019120813,-106,0,13968,201912080ram,Shawn Hochuli,16,outdoors,1,Los Angeles Memorial Coliseum,LAX99,grass,60,40,47.5,-105,Sunday,4
2019_14_SF_NO,2019-12-08,2019,14,REG,SF,NO,48,46,Kyle Shanahan,105,00-0031345,Jimmy Garoppolo,7,-101,0,401127964,5258,2019-12-08,13:00,58099,Sean Payton,-116,00-0020531,Drew Brees,10,-109,Home,,2019120806,-104,0,13960,201912080nor,John Hussey,-2,dome,1,Mercedes-Benz Superdome,NOR00,astroturf,,94,45,-107,Sunday,
2019_14_TEN_OAK,2019-12-08,2019,14,REG,TEN,OAK,42,21,Mike Vrabel,-152,00-0029701,Ryan Tannehill,7,100,0,401128005,5263,2019-12-08,16:25,58105,Jon Gruden,137,00-0031280,Derek Carr,7,-111,Home,,2019120812,-105,0,13965,201912080rai,Brad Allen,-21,outdoors,-3,Ring Central Coliseum,OAK00,grass,59,63,47,-106,Sunday,5
2019_14_WAS_GB,2019-12-08,2019,14,REG,WAS,GB,15,20,Bill Callahan,568,00-0035232,Dwayne Haskins,7,-106,0,401127916,5259,2019-12-08,13:00,58096,Matt LaFleur,-752,00-0023459,Aaron Rodgers,7,-104,Home,,2019120803,-110,0,13958,201912080gnb,Clay Martin,5,outdoors,13,Lambeau Field,GNB00,grass,37,35,42.5,-102,Sunday,10
2019_14_NYG_PHI,2019-12-09,2019,14,REG,NYG,PHI,17,23,Pat Shurmur,341,00-0022803,Eli Manning,8,-106,1,401128013,5265,2019-12-09,20:15,58107,Doug Pederson,-411,00-0032950,Carson Wentz,8,-104,Home,,2019120900,-110,1,13969,201912090phi,Scott Novak,6,outdoors,9.5,Lincoln Financial Field,PHI00,grass,53,40,45.5,-101,Monday,11
2019_15_NYJ_BAL,2019-12-12,2019,15,REG,NYJ,BAL,21,42,Adam Gase,775,00-0034869,Sam Darnold,4,-105,0,401128020,5266,2019-12-12,20:20,58108,John Harbaugh,-1105,00-0034796,Lamar Jackson,4,-105,Home,,2019121200,-111,0,13970,201912120rav,John Hussey,21,outdoors,17,M&T Bank Stadium,BAL00,grass,33,63,44,-100,Thursday,3
2019_15_ATL_SF,2019-12-15,2019,15,REG,ATL,SF,29,22,Dan Quinn,376,00-0026143,Matt Ryan,7,-117,0,401128108,5278,2019-12-15,16:25,58121,Kyle Shanahan,-460,00-0031345,Jimmy Garoppolo,7,106,Home,,2019121512,-108,0,13983,201912150sfo,Craig Wrolstad,-7,outdoors,10.5,Levi's Stadium,SFO01,grass,55,51,50,-103,Sunday,6
2019_15_BUF_PIT,2019-12-15,2019,15,REG,BUF,PIT,17,10,Sean McDermott,101,00-0034857,Josh Allen,7,-105,0,401128065,5267,2019-12-15,20:20,58115,Mike Tomlin,-112,00-0035577,Devlin Hodges,7,-105,Home,,2019121506,-106,0,13977,201912150pit,Tony Corrente,-7,outdoors,1,Heinz Field,PIT00,grass,31,27,37,-105,Sunday,6
2019_15_CHI_GB,2019-12-15,2019,15,REG,CHI,GB,13,21,Matt Nagy,192,00-0033869,Mitch Trubisky,10,107,1,401128031,5268,2019-12-15,13:00,58112,Matt LaFleur,-218,00-0023459,Aaron Rodgers,7,-118,Home,,2019121503,-102,0,13973,201912150gnb,Scott Novak,8,outdoors,4,Lambeau Field,GNB00,grass,11,34,40,-109,Sunday,7
2019_15_CLE_ARI,2019-12-15,2019,15,REG,CLE,ARI,24,38,Freddie Kitchens,-156,00-0034855,Baker Mayfield,7,-107,0,401128094,5276,2019-12-15,16:05,58118,Kliff Kingsbury,140,00-0035228,Kyler Murray,7,-103,Home,,2019121509,-113,0,13981,201912150crd,Brad Allen,14,closed,-3,State Farm Stadium,PHO00,grass,,62,49,102,Sunday,
2019_15_DEN_KC,2019-12-15,2019,15,REG,DEN,KC,3,23,Vic Fangio,352,00-0035704,Drew Lock,7,-125,1,401128056,5269,2019-12-15,13:00,58113,Andy Reid,-426,00-0033873,Patrick Mahomes,7,113,Home,,2019121504,-104,0,13975,201912150kan,Clete Blakeman,20,outdoors,10,Arrowhead Stadium,KAN00,astroturf,24,26,43,-107,Sunday,8
2019_15_HOU_TEN,2019-12-15,2019,15,REG,HOU,TEN,24,21,Bill O'Brien,148,00-0033537,Deshaun Watson,7,103,1,401128068,5270,2019-12-15,13:00,58116,Mike Vrabel,-165,00-0029701,Ryan Tannehill,7,-113,Home,,2019121507,-104,0,13974,201912150oti,Bill Vinovich,-3,outdoors,3,Nissan Stadium,NAS00,grass,45,45,50,-107,Sunday,4
2019_15_JAX_OAK,2019-12-15,2019,15,REG,JAX,OAK,20,16,Doug Marrone,255,00-0035289,Gardner Minshew,7,-114,0,401128099,5277,2019-12-15,16:05,58119,Jon Gruden,-297,00-0031280,Derek Carr,7,103,Home,,2019121510,-109,0,13980,201912150rai,Bradley Rogers,-4,outdoors,7,Ring Central Coliseum,OAK00,grass,59,36,47,-102,Sunday,7
2019_15_LA_DAL,2019-12-15,2019,15,REG,LA,DAL,21,44,Sean McVay,-115,00-0033106,Jared Goff,7,-108,0,401128103,5279,2019-12-15,16:25,58120,Jason Garrett,104,00-0033077,Dak Prescott,10,-102,Home,,2019121511,-114,0,13982,201912150dal,Walt Anderson,23,closed,-1,AT&T Stadium,DAL00,fieldturf,,65,48.5,102,Sunday,
2019_15_MIA_NYG,2019-12-15,2019,15,REG,MIA,NYG,20,36,Brian Flores,165,00-0023682,Ryan Fitzpatrick,7,-108,0,401128060,5271,2019-12-15,13:00,58114,Pat Shurmur,-185,00-0022803,Eli Manning,6,-102,Home,,2019121505,-109,0,13976,201912150nyg,Jerome Boger,16,outdoors,3.5,MetLife Stadium,NYC01,fieldturf,48,56,47,-102,Sunday,19
2019_15_MIN_LAC,2019-12-15,2019,15,REG,MIN,LAC,39,10,Mike Zimmer,-118,00-0029604,Kirk Cousins,7,-111,0,401128113,5280,2019-12-15,16:05,58122,Anthony Lynn,107,00-0022942,Philip Rivers,7,101,Home,,2019121513,-109,0,13984,201912150sdg,Ronald Torbert,-29,outdoors,-1,StubHub Center,LAX97,grass,64,49,45,-102,Sunday,14
2019_15_NE_CIN,2019-12-15,2019,15,REG,NE,CIN,34,13,Bill Belichick,-468,00-0019596,Tom Brady,7,-101,0,401127955,5272,2019-12-15,13:00,58110,Zac Taylor,381,00-0027973,Andy Dalton,7,-110,Home,,2019121501,101,0,13971,201912150cin,Alex Kemp,-21,outdoors,-10.5,Paul Brown Stadium,CIN00,grass,36,47,42,-112,Sunday,6
2019_15_PHI_WAS,2019-12-15,2019,15,REG,PHI,WAS,37,27,Doug Pederson,-286,00-0032950,Carson Wentz,6,105,1,401128071,5273,2019-12-15,13:00,58117,Bill Callahan,247,00-0035232,Dwayne Haskins,7,-116,Home,,2019121508,-100,0,13978,201912150was,Shawn Smith,-10,outdoors,-7,FedExField,WAS00,grass,52,64,38,-111,Sunday,13
2019_15_SEA_CAR,2019-12-15,2019,15,REG,SEA,CAR,30,24,Pete Carroll,-250,00-0029263,Russell Wilson,7,-104,0,401128024,5274,2019-12-15,13:00,58109,Ron Rivera,218,00-0034577,Kyle Allen,7,-106,Home,,2019121500,-106,0,13979,201912150car,Carl Cheffers,-6,outdoors,-6,Bank of America Stadium,CAR00,grass,56,54,48.5,-105,Sunday,5
2019_15_TB_DET,2019-12-15,2019,15,REG,TB,DET,38,17,Bruce Arians,-239,00-0031503,Jameis Winston,7,-111,0,401128028,5275,2019-12-15,13:00,58111,Matt Patricia,210,00-0035040,David Blough,7,101,Home,,2019121502,-111,0,13972,201912150det,Adrian Hill,-21,dome,-5.5,Ford Field,DET00,fieldturf,,55,46,-100,Sunday,
2019_15_IND_NO,2019-12-16,2019,15,REG,IND,NO,7,34,Frank Reich,315,00-0033119,Jacoby Brissett,8,-106,0,401128117,5281,2019-12-16,20:15,58123,Sean Payton,-376,00-0020531,Drew Brees,8,-104,Home,,2019121600,101,0,13985,201912160nor,Shawn Hochuli,27,dome,8,Mercedes-Benz Superdome,NOR00,astroturf,,41,48.5,-112,Monday,
2019_16_BUF_NE,2019-12-21,2019,16,REG,BUF,NE,17,24,Sean McDermott,250,00-0034857,Josh Allen,7,-111,1,401127898,5283,2019-12-21,16:30,58126,Bill Belichick,-289,00-0019596,Tom Brady,7,101,Home,,2019122101,-110,0,13987,201912210nwe,John Hussey,7,outdoors,7,Gillette Stadium,BOS00,grass,33,41,39.5,-101,Saturday,2
2019_16_HOU_TB,2019-12-21,2019,16,REG,HOU,TB,23,20,Bill O'Brien,-150,00-0033537,Deshaun Watson,7,102,0,401127901,5287,2019-12-21,13:00,58128,Bruce Arians,135,00-0031503,Jameis Winston,7,-112,Home,,2019122100,-103,0,13990,201912210tam,Scott Novak,-3,outdoors,-3,Raymond James Stadium,TAM00,grass,73,43,50,-108,Saturday,11
2019_16_LA_SF,2019-12-21,2019,16,REG,LA,SF,31,34,Sean McVay,274,00-0033106,Jared Goff,7,100,1,401127900,5289,2019-12-21,20:15,58127,Kyle Shanahan,-320,00-0031345,Jimmy Garoppolo,7,-110,Home,,2019122102,-101,0,13989,201912210sfo,Clete Blakeman,3,outdoors,7,Levi's Stadium,SFO01,grass,58,65,45.5,-110,Saturday,12
2019_16_ARI_SEA,2019-12-22,2019,16,REG,ARI,SEA,27,13,Kliff Kingsbury,322,00-0035228,Kyler Murray,7,-111,1,401127941,5294,2019-12-22,16:25,58137,Pete Carroll,-385,00-0029263,Russell Wilson,7,101,Home,,2019122213,-105,0,13999,201912220sea,Bradley Rogers,-14,outdoors,8,CenturyLink Field,SEA00,fieldturf,43,40,51,-106,Sunday,7
2019_16_BAL_CLE,2019-12-22,2019,16,REG,BAL,CLE,31,15,John Harbaugh,-370,00-0034796,Lamar Jackson,10,-104,1,401127904,5282,2019-12-22,13:00,58130,Freddie Kitchens,311,00-0034855,Baker Mayfield,7,-106,Home,,2019122206,-105,0,13992,201912220cle,Alex Kemp,-16,outdoors,-9.5,FirstEnergy Stadium,CLE00,grass,49,46,48.5,-106,Sunday,10
2019_16_CAR_IND,2019-12-22,2019,16,REG,CAR,IND,6,38,Ron Rivera,264,00-0035251,Will Grier,7,-122,0,401127906,5284,2019-12-22,13:00,58131,Frank Reich,-308,00-0033119,Jacoby Brissett,6,110,Home,,2019122207,-106,0,13994,201912220clt,Walt Anderson,32,closed,7.5,Lucas Oil Stadium,IND00,fieldturf,,44,46,-105,Sunday,
2019_16_CIN_MIA,2019-12-22,2019,16,REG,CIN,MIA,35,38,Zac Taylor,-118,00-0027973,Andy Dalton,7,-106,0,401127910,5285,2019-12-22,13:00,58132,Brian Flores,107,00-0023682,Ryan Fitzpatrick,7,-104,Home,,2019122208,-110,1,13995,201912220mia,Brad Allen,3,outdoors,-1.5,Hard Rock Stadium,MIA00,grass,76,73,46,-101,Sunday,15
2019_16_DAL_PHI,2019-12-22,2019,16,REG,DAL,PHI,9,17,Jason Garrett,-120,00-0033077,Dak Prescott,7,101,1,401127938,5295,2019-12-22,16:25,58136,Doug Pederson,109,00-0032950,Carson Wentz,7,-112,Home,,2019122212,-107,0,13998,201912220phi,Tony Corrente,8,outdoors,-2,Lincoln Financial Field,PHI00,grass,47,26,47,-104,Sunday,7
2019_16_DET_DEN,2019-12-22,2019,16,REG,DET,DEN,17,27,Matt Patricia,333,00-0035040,David Blough,7,102,0,401127893,5286,2019-12-22,16:05,58124,Vic Fangio,-400,00-0035704,Drew Lock,7,-112,Home,,2019122200,-104,0,13986,201912220den,Craig Wrolstad,10,outdoors,9.5,Empower Field at Mile High,DEN00,grass,67,44,40,-107,Sunday,3
2019_16_JAX_ATL,2019-12-22,2019,16,REG,JAX,ATL,12,24,Doug Marrone,268,00-0035289,Gardner Minshew,7,-114,0,401127903,5288,2019-12-22,13:00,58129,Dan Quinn,-313,00-0026143,Matt Ryan,7,103,Home,,2019122205,-110,0,13991,201912220atl,Adrian Hill,12,closed,7.5,Mercedes-Benz Stadium,ATL97,fieldturf,,36,48,-102,Sunday,
2019_16_KC_CHI,2019-12-22,2019,16,REG,KC,CHI,26,3,Andy Reid,-295,00-0033873,Patrick Mahomes,7,-109,0,401127943,5296,2019-12-22,20:20,58138,Matt Nagy,254,00-0033869,Mitch Trubisky,7,-101,Home,,2019122214,103,0,14000,201912220chi,Carl Cheffers,-23,outdoors,-6.5,Soldier Field,CHI98,grass,45,29,45.5,-115,Sunday,10
2019_16_NO_TEN,2019-12-22,2019,16,REG,NO,TEN,38,28,Sean Payton,-178,00-0020531,Drew Brees,6,103,0,401127935,5290,2019-12-22,13:00,58134,Mike Vrabel,159,00-0029701,Ryan Tannehill,7,-113,Home,,2019122210,-111,0,13993,201912220oti,Jerome Boger,-10,outdoors,-3.5,Nissan Stadium,NAS00,grass,50,66,49,-101,Sunday,4
2019_16_NYG_WAS,2019-12-22,2019,16,REG,NYG,WAS,41,35,Pat Shurmur,-112,00-0035710,Daniel Jones,7,-106,1,401127937,5291,2019-12-22,13:00,58135,Bill Callahan,102,00-0035232,Dwayne Haskins,7,-104,Home,,2019122211,101,1,13997,201912220was,Ronald Torbert,-6,outdoors,-1,FedExField,WAS00,grass,44,76,42,-113,Sunday,6
2019_16_OAK_LAC,2019-12-22,2019,16,REG,OAK,LAC,24,17,Jon Gruden,274,00-0031280,Derek Carr,7,-113,1,401127896,5292,2019-12-22,16:05,58125,Anthony Lynn,-321,00-0022942,Philip Rivers,7,103,Home,,2019122201,-103,0,13988,201912220sdg,Clay Martin,-7,outdoors,7.5,StubHub Center,LAX97,grass,64,41,45,-108,Sunday,10
2019_16_PIT_NYJ,2019-12-22,2019,16,REG,PIT,NYJ,10,16,Mike Tomlin,-171,00-0035577,Devlin Hodges,7,-116,0,401127933,5293,2019-12-22,13:00,58133,Adam Gase,153,00-0034869,Sam Darnold,10,105,Home,,2019122209,-101,0,13996,201912220nyj,Shawn Hochuli,6,outdoors,-3,MetLife Stadium,NYC01,fieldturf,45,26,36.5,-111,Sunday,6
2019_16_GB_MIN,2019-12-23,2019,16,REG,GB,MIN,23,10,Matt LaFleur,179,00-0023459,Aaron Rodgers,8,-102,1,401127946,5297,2019-12-23,20:15,58139,Mike Zimmer,-202,00-0029604,Kirk Cousins,8,-108,Home,,2019122300,-101,0,14001,201912230min,Bill Vinovich,-13,dome,4,U.S. Bank Stadium,MIN01,sportturf,,33,47,-110,Monday,
2019_17_ARI_LA,2019-12-29,2019,17,REG,ARI,LA,24,31,Kliff Kingsbury,235,00-0035228,Kyler Murray,7,-118,1,401128038,5311,2019-12-29,16:25,58154,Sean McVay,-271,00-0033106,Jared Goff,7,107,Home,,2019122914,-107,0,14016,201912290ram,Jerome Boger,7,outdoors,7,Los Angeles Memorial Coliseum,LAX99,grass,62,55,46,-104,Sunday,0
2019_17_ATL_TB,2019-12-29,2019,17,REG,ATL,TB,28,22,Dan Quinn,109,00-0026143,Matt Ryan,7,101,1,401128034,5298,2019-12-29,13:00,58152,Bruce Arians,-120,00-0031503,Jameis Winston,7,-111,Home,,2019122912,-104,1,14010,201912290tam,Carl Cheffers,-6,outdoors,1,Raymond James Stadium,TAM00,grass,78,50,48,-107,Sunday,12
2019_17_CHI_MIN,2019-12-29,2019,17,REG,CHI,MIN,21,19,Matt Nagy,-230,00-0033869,Mitch Trubisky,7,-110,1,401127991,5299,2019-12-29,13:00,58149,Mike Zimmer,203,00-0032245,Sean Mannion,6,-100,Home,,2019122909,-110,0,14007,201912290min,John Hussey,-2,dome,-5.5,U.S. Bank Stadium,MIN01,sportturf,,40,36.5,-101,Sunday,
2019_17_CLE_CIN,2019-12-29,2019,17,REG,CLE,CIN,23,33,Freddie Kitchens,-137,00-0034855,Baker Mayfield,7,-107,1,401127978,5300,2019-12-29,13:00,58143,Zac Taylor,124,00-0027973,Andy Dalton,7,-103,Home,,2019122903,-103,0,14003,201912290cin,Adrian Hill,10,outdoors,-2.5,Paul Brown Stadium,CIN00,grass,64,56,44,-108,Sunday,7
2019_17_GB_DET,2019-12-29,2019,17,REG,GB,DET,23,20,Matt LaFleur,-656,00-0023459,Aaron Rodgers,6,103,1,401127983,5301,2019-12-29,13:00,58145,Matt Patricia,508,00-0035040,David Blough,7,-114,Home,,2019122905,-101,0,14005,201912290det,Shawn Hochuli,-3,dome,-13.5,Ford Field,DET00,fieldturf,,43,44,-110,Sunday,
2019_17_IND_JAX,2019-12-29,2019,17,REG,IND,JAX,20,38,Frank Reich,-232,00-0033119,Jacoby Brissett,7,-109,1,401127988,5302,2019-12-29,16:25,58147,Doug Marrone,204,00-0035289,Gardner Minshew,7,-101,Home,,2019122907,-104,0,14012,201912290jax,Brad Allen,18,outdoors,-5,TIAA Bank Stadium,JAX00,grass,,58,41.5,-107,Sunday,
2019_17_LAC_KC,2019-12-29,2019,17,REG,LAC,KC,21,31,Anthony Lynn,325,00-0022942,Philip Rivers,7,-110,1,401127990,5303,2019-12-29,13:00,58148,Andy Reid,-389,00-0033873,Patrick Mahomes,7,-100,Home,,2019122908,-108,0,14006,201912290kan,Walt Anderson,10,outdoors,10,Arrowhead Stadium,KAN00,astroturf,40,52,46,-103,Sunday,16
2019_17_MIA_NE,2019-12-29,2019,17,REG,MIA,NE,27,24,Brian Flores,781,00-0023682,Ryan Fitzpatrick,7,-109,1,401127909,5304,2019-12-29,13:00,58150,Bill Belichick,-1117,00-0019596,Tom Brady,7,-102,Home,,2019122910,-107,0,14008,201912290nwe,Clay Martin,-3,outdoors,17.5,Gillette Stadium,BOS00,grass,43,51,46,-104,Sunday,2
2019_17_NO_CAR,2019-12-29,2019,17,REG,NO,CAR,42,10,Sean Payton,-660,00-0020531,Drew Brees,7,-106,1,401127975,5305,2019-12-29,13:00,58142,Ron Rivera,510,00-0035251,Will Grier,7,-104,Home,,2019122902,-103,0,14011,201912290car,Ronald Torbert,-32,outdoors,-13.5,Bank of America Stadium,CAR00,grass,63,52,45,-108,Sunday,9
2019_17_NYJ_BUF,2019-12-29,2019,17,REG,NYJ,BUF,13,6,Adam Gase,-124,00-0034869,Sam Darnold,7,-110,1,401127973,5306,2019-12-29,13:00,58141,Sean McDermott,112,00-0030533,Matt Barkley,7,-100,Home,,2019122901,-106,0,14002,201912290buf,Bradley Rogers,-7,outdoors,-1.5,New Era Field,BUF00,astroturf,43,19,37,-105,Sunday,7
2019_17_OAK_DEN,2019-12-29,2019,17,REG,OAK,DEN,15,16,Jon Gruden,195,00-0031280,Derek Carr,7,-110,1,401128036,5312,2019-12-29,16:25,58153,Vic Fangio,-221,00-0035704,Drew Lock,7,-101,Home,,2019122913,-105,0,14015,201912290den,Shawn Smith,1,outdoors,5.5,Empower Field at Mile High,DEN00,grass,31,31,41.5,-106,Sunday,6
2019_17_PHI_NYG,2019-12-29,2019,17,REG,PHI,NYG,34,17,Doug Pederson,-198,00-0032950,Carson Wentz,7,-102,1,401128033,5307,2019-12-29,16:25,58151,Pat Shurmur,176,00-0035710,Daniel Jones,7,-108,Home,,2019122911,-101,0,14009,201912290nyg,Alex Kemp,-17,outdoors,-4,MetLife Stadium,NYC01,fieldturf,42,51,44,-110,Sunday,5
2019_17_PIT_BAL,2019-12-29,2019,17,REG,PIT,BAL,10,28,Mike Tomlin,-135,00-0035577,Devlin Hodges,7,-113,1,401127950,5308,2019-12-29,16:25,58140,John Harbaugh,122,00-0029665,Robert Griffin,7,102,Home,,2019122900,-104,0,14013,201912290rav,Bill Vinovich,18,outdoors,-2,M&T Bank Stadium,BAL00,grass,46,38,35,-107,Sunday,7
2019_17_SF_SEA,2019-12-29,2019,17,REG,SF,SEA,26,21,Kyle Shanahan,-177,00-0031345,Jimmy Garoppolo,7,101,1,401128040,5313,2019-12-29,20:20,58155,Pete Carroll,159,00-0029263,Russell Wilson,7,-112,Home,,2019122915,-109,0,14017,201912290sea,Tony Corrente,-5,outdoors,-3.5,CenturyLink Field,SEA00,fieldturf,51,47,47,-102,Sunday,3
2019_17_TEN_HOU,2019-12-29,2019,17,REG,TEN,HOU,35,14,Mike Vrabel,-366,00-0029701,Ryan Tannehill,7,106,1,401127984,5309,2019-12-29,16:25,58146,Bill O'Brien,308,00-0031288,A.J. McCarron,7,-117,Home,,2019122906,-107,0,14014,201912290htx,Clete Blakeman,-21,closed,-10,NRG Stadium,HOU00,grass,,49,43,-104,Sunday,
2019_17_WAS_DAL,2019-12-29,2019,17,REG,WAS,DAL,16,47,Bill Callahan,485,00-0028986,Case Keenum,7,-105,1,401127980,5310,2019-12-29,16:25,58144,Jason Garrett,-621,00-0033077,Dak Prescott,7,-105,Home,,2019122904,-106,0,14004,201912290dal,Craig Wrolstad,31,closed,13,AT&T Stadium,DAL00,fieldturf,,63,47.5,-105,Sunday,
2019_18_BUF_HOU,2020-01-04,2019,18,WC,BUF,HOU,19,22,Sean McDermott,130,00-0034857,Josh Allen,6,103,0,401131037,5314,2020-01-04,16:35,58156,Bill O'Brien,-144,00-0033537,Deshaun Watson,6,-114,Home,,2020010400,-105,1,16801,202001040htx,Tony Corrente,3,closed,2.5,NRG Stadium,HOU00,grass,,41,43,-106,Saturday,
2019_18_TEN_NE,2020-01-04,2019,18,WC,TEN,NE,20,13,Mike Vrabel,190,00-0029701,Ryan Tannehill,6,-101,0,401131036,5315,2020-01-04,20:15,58157,Bill Belichick,-214,00-0019596,Tom Brady,6,-109,Home,,2020010401,-105,0,16802,202001040nwe,John Hussey,-7,outdoors,4.5,Gillette Stadium,BOS00,grass,44,33,45,-106,Saturday,4
2019_18_MIN_NO,2020-01-05,2019,18,WC,MIN,NO,26,20,Mike Zimmer,300,00-0029604,Kirk Cousins,7,-115,0,401131038,5316,2020-01-05,13:05,58158,Sean Payton,-355,00-0020531,Drew Brees,7,104,Home,,2020010500,-100,1,16803,202001050nor,Carl Cheffers,-6,dome,7.5,Mercedes-Benz Superdome,NOR00,astroturf,,46,50,-111,Sunday,
2019_18_SEA_PHI,2020-01-05,2019,18,WC,SEA,PHI,17,9,Pete Carroll,108,00-0029263,Russell Wilson,7,-100,0,401131039,5317,2020-01-05,16:40,58159,Doug Pederson,-119,00-0032950,Carson Wentz,7,-110,Home,,2020010501,-105,0,16804,202001050phi,Shawn Smith,-8,outdoors,1,Lincoln Financial Field,PHI00,grass,41,26,44,-106,Sunday,17
2019_19_MIN_SF,2020-01-11,2019,19,DIV,MIN,SF,10,27,Mike Zimmer,276,00-0029604,Kirk Cousins,6,-100,0,401131040,5318,2020-01-11,16:35,58160,Kyle Shanahan,-323,00-0031345,Jimmy Garoppolo,13,-110,Home,,2020011100,-106,0,16807,202001110sfo,Walt Anderson,17,outdoors,7,Levi's Stadium,SFO01,grass,56,37,44.5,-105,Saturday,11
2019_19_TEN_BAL,2020-01-11,2019,19,DIV,TEN,BAL,28,12,Mike Vrabel,361,00-0029701,Ryan Tannehill,7,-107,0,401131041,5319,2020-01-11,20:15,58161,John Harbaugh,-439,00-0034796,Lamar Jackson,13,-103,Home,,2020011101,-110,0,16805,202001110rav,Bill Vinovich,-16,outdoors,10,M&T Bank Stadium,BAL00,grass,69,40,47.5,-101,Saturday,12
2019_19_HOU_KC,2020-01-12,2019,19,DIV,HOU,KC,31,51,Bill O'Brien,376,00-0033537,Deshaun Watson,8,-105,0,401131043,5320,2020-01-12,15:05,58162,Andy Reid,-461,00-0033873,Patrick Mahomes,14,-105,Home,,2020011200,-108,0,16806,202001120kan,Shawn Hochuli,20,outdoors,10,Arrowhead Stadium,KAN00,astroturf,,82,50.5,-104,Sunday,
2019_19_SEA_GB,2020-01-12,2019,19,DIV,SEA,GB,23,28,Pete Carroll,197,00-0029263,Russell Wilson,7,-102,0,401131042,5321,2020-01-12,18:40,58163,Matt LaFleur,-224,00-0023459,Aaron Rodgers,14,-108,Home,,2020011201,103,0,16808,202001120gnb,Clete Blakeman,5,outdoors,4.5,Lambeau Field,GNB00,grass,23,51,46,-114,Sunday,8
2019_20_GB_SF,2020-01-19,2019,20,CON,GB,SF,20,37,Matt LaFleur,315,00-0023459,Aaron Rodgers,7,-107,0,401131045,5323,2020-01-19,18:40,58165,Kyle Shanahan,-375,00-0031345,Jimmy Garoppolo,8,-103,Home,,2020011901,-106,0,16810,202001190sfo,John Hussey,17,outdoors,8,Levi's Stadium,SFO01,grass,58,57,46.5,-105,Sunday,5
2019_20_TEN_KC,2020-01-19,2019,20,CON,TEN,KC,24,35,Mike Vrabel,286,00-0029701,Ryan Tannehill,8,-117,0,401131044,5322,2020-01-19,15:05,58164,Andy Reid,-337,00-0033873,Patrick Mahomes,7,106,Home,,2020011900,-108,0,16809,202001190kan,Tony Corrente,11,outdoors,7.5,Arrowhead Stadium,KAN00,astroturf,,59,51,-103,Sunday,
2019_21_SF_KC,2020-02-02,2019,21,SB,SF,KC,20,31,Kyle Shanahan,113,00-0031345,Jimmy Garoppolo,14,-101,0,401131047,5324,2020-02-02,18:30,58166,Andy Reid,-125,00-0033873,Patrick Mahomes,14,-109,Neutral,,2020020200,-110,0,16813,202002020kan,Bill Vinovich,11,outdoors,1.5,Hard Rock Stadium,MIA00,grass,,51,52.5,-101,Sunday,
2020_01_HOU_KC,2020-09-10,2020,1,REG,HOU,KC,20,34,Bill O'Brien,349,00-0033537,Deshaun Watson,7,-105,0,401220225,5325,2020-09-10,20:20,58168,Andy Reid,-423,00-0033873,Patrick Mahomes,7,-105,Home,,2020091000,-102,0,18532,202009100kan,Clete Blakeman,14,outdoors,9.5,Arrowhead Stadium,KAN00,grass,56,54,53.5,-109,Thursday,7
2020_01_ARI_SF,2020-09-13,2020,1,REG,ARI,SF,24,20,Kliff Kingsbury,242,00-0035228,Kyler Murray,7,-123,1,401220352,5336,2020-09-13,16:25,58180,Kyle Shanahan,-280,00-0031345,Jimmy Garoppolo,7,111,Home,,2020091311,-118,0,18544,202009130sfo,Carl Cheffers,-4,outdoors,7,Levi's Stadium,SFO01,grass,66,44,48.5,106,Sunday,6
2020_01_CHI_DET,2020-09-13,2020,1,REG,CHI,DET,27,23,Matt Nagy,116,00-0033869,Mitch Trubisky,7,-108,1,401220282,5326,2020-09-13,13:00,58173,Matt Patricia,-128,00-0026498,Matthew Stafford,7,-102,Home,,2020091304,-103,0,18537,202009130det,Alex Kemp,-4,dome,2.5,Ford Field,DET00,fieldturf,,50,42.5,-108,Sunday,
2020_01_CLE_BAL,2020-09-13,2020,1,REG,CLE,BAL,6,38,Kevin Stefanski,260,00-0034855,Baker Mayfield,7,-107,1,401220147,5327,2020-09-13,13:00,58170,John Harbaugh,-302,00-0034796,Lamar Jackson,7,-103,Home,,2020091301,-112,0,18534,202009130rav,Ronald Torbert,32,outdoors,7,M&T Bank Stadium,BAL00,grass,76,44,47,100,Sunday,5
2020_01_DAL_LA,2020-09-13,2020,1,REG,DAL,LA,17,20,Mike McCarthy,103,00-0033077,Dak Prescott,7,-103,0,401220347,5338,2020-09-13,20:20,58181,Sean McVay,-114,00-0033106,Jared Goff,7,-107,Home,,2020091312,-100,0,18545,202009130ram,Tony Corrente,3,dome,1,SoFi Stadium,LAX01,matrixturf,,37,52,-111,Sunday,
2020_01_GB_MIN,2020-09-13,2020,1,REG,GB,MIN,43,34,Matt LaFleur,103,00-0023459,Aaron Rodgers,7,-103,1,401220300,5328,2020-09-13,13:00,58175,Mike Zimmer,-114,00-0029604,Kirk Cousins,7,-107,Home,,2020091306,-102,0,18539,202009130min,Bill Vinovich,-9,dome,1,U.S. Bank Stadium,MIN01,sportturf,,77,45,-110,Sunday,
2020_01_IND_JAX,2020-09-13,2020,1,REG,IND,JAX,20,27,Frank Reich,-309,00-0022942,Philip Rivers,7,-108,1,401220195,5329,2020-09-13,13:00,58174,Doug Marrone,265,00-0035289,Gardner Minshew,7,-102,Home,,2020091305,-108,0,18538,202009130jax,John Hussey,7,outdoors,-7,TIAA Bank Stadium,JAX00,grass,80,47,44,-103,Sunday,3
2020_01_LAC_CIN,2020-09-13,2020,1,REG,LAC,CIN,16,13,Anthony Lynn,-129,00-0028118,Tyrod Taylor,7,-100,0,401220161,5335,2020-09-13,16:05,58178,Zac Taylor,117,00-0036442,Joe Burrow,7,-110,Home,,2020091309,102,0,18542,202009130cin,Clay Martin,-3,outdoors,-2.5,Paul Brown Stadium,CIN00,grass,83,29,41.5,-114,Sunday,6
2020_01_LV_CAR,2020-09-13,2020,1,REG,LV,CAR,34,30,Jon Gruden,-124,00-0031280,Derek Carr,7,-112,0,401220370,5330,2020-09-13,13:00,58172,Matt Rhule,134,00-0031237,Teddy Bridgewater,7,-113,Home,,2020091303,-110,0,18536,202009130car,Brad Allen,-4,outdoors,-3,Bank of America Stadium,CAR00,grass,81,64,48,-101,Sunday,5
2020_01_MIA_NE,2020-09-13,2020,1,REG,MIA,NE,11,21,Brian Flores,278,00-0023682,Ryan Fitzpatrick,7,-112,1,401220131,5331,2020-09-13,13:00,58176,Bill Belichick,-327,00-0027939,Cam Newton,7,102,Home,,2020091307,-101,0,18540,202009130nwe,Adrian Hill,10,outdoors,7.5,Gillette Stadium,BOS00,grass,70,32,41.5,-110,Sunday,8
2020_01_NYJ_BUF,2020-09-13,2020,1,REG,NYJ,BUF,17,27,Adam Gase,242,00-0034869,Sam Darnold,7,-110,1,401220116,5332,2020-09-13,13:00,58171,Sean McDermott,-279,00-0034857,Josh Allen,7,100,Home,,2020091302,102,0,18535,202009130buf,Shawn Smith,10,outdoors,6.5,New Era Field,BUF00,astroturf,67,44,39.5,-114,Sunday,15
2020_01_PHI_WAS,2020-09-13,2020,1,REG,PHI,WAS,17,27,Doug Pederson,-227,00-0032950,Carson Wentz,7,-106,1,401220268,5333,2020-09-13,13:00,58177,Ron Rivera,200,00-0035232,Dwayne Haskins,7,-104,Home,,2020091308,-100,0,18541,202009130was,Brad Rogers,10,outdoors,-5.5,FedExField,WAS00,grass,76,44,41.5,-111,Sunday,5
2020_01_SEA_ATL,2020-09-13,2020,1,REG,SEA,ATL,38,25,Pete Carroll,102,00-0029263,Russell Wilson,7,-105,0,401220313,5334,2020-09-13,13:00,58169,Dan Quinn,-112,00-0026143,Matt Ryan,7,-105,Home,,2020091300,-103,0,18533,202009130atl,Shawn Hochuli,-13,closed,1,Mercedes-Benz Stadium,ATL97,fieldturf,,63,49.5,-108,Sunday,
2020_01_TB_NO,2020-09-13,2020,1,REG,TB,NO,23,34,Bruce Arians,174,00-0019596,Tom Brady,7,102,1,401220369,5337,2020-09-13,16:25,58179,Sean Payton,-196,00-0020531,Drew Brees,7,-113,Home,,2020091310,101,0,18543,202009130nor,Jerome Boger,11,dome,4,Mercedes-Benz Superdome,NOR00,astroturf,,57,48.5,-112,Sunday,
2020_01_PIT_NYG,2020-09-14,2020,1,REG,PIT,NYG,26,16,Mike Tomlin,-253,00-0022924,Ben Roethlisberger,7,-105,0,401220256,5339,2020-09-14,19:15,58182,Joe Judge,221,00-0035710,Daniel Jones,7,-105,Home,,2020091400,-106,0,18546,202009140nyg,Craig Wrolstad,-10,outdoors,-6,MetLife Stadium,NYC01,fieldturf,71,42,44,-105,Monday,5
2020_01_TEN_DEN,2020-09-14,2020,1,REG,TEN,DEN,16,14,Mike Vrabel,-175,00-0029701,Ryan Tannehill,7,-121,0,401220217,5340,2020-09-14,22:10,58183,Vic Fangio,157,00-0035704,Drew Lock,7,109,Home,,2020091401,-112,0,18547,202009140den,Scott Novak,-2,outdoors,-3,Empower Field at Mile High,DEN00,grass,79,30,41,100,Monday,10
2020_02_CIN_CLE,2020-09-17,2020,2,REG,CIN,CLE,30,35,Zac Taylor,213,00-0036442,Joe Burrow,4,-111,1,401220163,5341,2020-09-17,20:20,58184,Kevin Stefanski,-243,00-0034855,Baker Mayfield,4,100,Home,,2020091700,-113,0,18548,202009170cle,Shawn Smith,5,outdoors,6,FirstEnergy Stadium,CLE00,grass,65,65,44.5,101,Thursday,8
2020_02_ATL_DAL,2020-09-20,2020,2,REG,ATL,DAL,39,40,Dan Quinn,131,00-0026143,Matt Ryan,7,-119,0,401220249,5342,2020-09-20,13:00,58186,Mike McCarthy,-145,00-0033077,Dak Prescott,7,108,Home,,2020092001,-109,0,18550,202009200dal,Brad Rogers,1,closed,3,AT&T Stadium,DAL00,fieldturf,,79,53,-102,Sunday,
2020_02_BAL_HOU,2020-09-20,2020,2,REG,BAL,HOU,33,16,John Harbaugh,-344,00-0034796,Lamar Jackson,7,-102,0,401220181,5353,2020-09-20,16:25,58196,Bill O'Brien,292,00-0033537,Deshaun Watson,10,-108,Home,,2020092011,106,0,18560,202009200htx,Tony Corrente,-17,closed,-7.5,NRG Stadium,HOU00,grass,,49,49.5,-118,Sunday,
2020_02_BUF_MIA,2020-09-20,2020,2,REG,BUF,MIA,31,28,Sean McDermott,-244,00-0034857,Josh Allen,7,-109,1,401220122,5343,2020-09-20,13:00,58189,Brian Flores,214,00-0023682,Ryan Fitzpatrick,7,-101,Home,,2020092004,-109,0,18553,202009200mia,Jerome Boger,-3,outdoors,-5.5,Hard Rock Stadium,MIA00,grass,90,59,42.5,-102,Sunday,5
2020_02_CAR_TB,2020-09-20,2020,2,REG,CAR,TB,17,31,Matt Rhule,290,00-0031237,Teddy Bridgewater,7,-106,1,401220329,5344,2020-09-20,13:00,58193,Bruce Arians,-342,00-0019596,Tom Brady,7,-104,Home,,2020092008,-103,0,18557,202009200tam,John Hussey,14,outdoors,7.5,Raymond James Stadium,TAM00,grass,85,48,47,-108,Sunday,17
2020_02_DEN_PIT,2020-09-20,2020,2,REG,DEN,PIT,21,26,Vic Fangio,232,00-0035704,Drew Lock,6,-100,0,401220177,5345,2020-09-20,13:00,58192,Mike Tomlin,-267,00-0022924,Ben Roethlisberger,6,-110,Home,,2020092007,102,0,18556,202009200pit,Adrian Hill,5,outdoors,6,Heinz Field,PIT00,grass,64,47,41,-114,Sunday,5
2020_02_DET_GB,2020-09-20,2020,2,REG,DET,GB,21,42,Matt Patricia,245,00-0026498,Matthew Stafford,7,-113,1,401220291,5346,2020-09-20,13:00,58187,Matt LaFleur,-284,00-0023459,Aaron Rodgers,7,102,Home,,2020092002,-110,0,18551,202009200gnb,Clete Blakeman,21,outdoors,7,Lambeau Field,GNB00,grass,66,63,51,-101,Sunday,12
2020_02_JAX_TEN,2020-09-20,2020,2,REG,JAX,TEN,30,33,Doug Marrone,254,00-0035289,Gardner Minshew,7,-116,1,401220204,5347,2020-09-20,13:00,58194,Mike Vrabel,-295,00-0029701,Ryan Tannehill,6,105,Home,,2020092009,-108,0,18558,202009200oti,Clay Martin,3,outdoors,7,Nissan Stadium,NAS00,grass,72,63,44.5,-103,Sunday,5
2020_02_KC_LAC,2020-09-20,2020,2,REG,KC,LAC,23,20,Andy Reid,-370,00-0033873,Patrick Mahomes,10,-104,1,401220235,5354,2020-09-20,16:25,58197,Anthony Lynn,311,00-0036355,Justin Herbert,7,-106,Home,,2020092012,-102,1,18561,202009200sdg,Carl Cheffers,-3,dome,-8.5,SoFi Stadium,LAX01,matrixturf,,43,47,-110,Sunday,
2020_02_LA_PHI,2020-09-20,2020,2,REG,LA,PHI,37,19,Sean McVay,111,00-0033106,Jared Goff,7,-107,0,401220261,5348,2020-09-20,13:00,58191,Doug Pederson,-123,00-0032950,Carson Wentz,7,-103,Home,,2020092006,-106,0,18555,202009200phi,Brad Allen,-18,outdoors,2,Lincoln Financial Field,PHI00,grass,62,56,46,-105,Sunday,12
2020_02_MIN_IND,2020-09-20,2020,2,REG,MIN,IND,11,28,Mike Zimmer,158,00-0029604,Kirk Cousins,7,-111,0,401220192,5349,2020-09-20,13:00,58188,Frank Reich,-176,00-0022942,Philip Rivers,7,101,Home,,2020092003,-104,0,18552,202009200clt,Alex Kemp,17,closed,3.5,Lucas Oil Stadium,IND00,fieldturf,,39,49,-107,Sunday,
2020_02_NE_SEA,2020-09-20,2020,2,REG,NE,SEA,30,35,Bill Belichick,177,00-0027939,Cam Newton,7,-102,0,401220365,5355,2020-09-20,20:20,58198,Pete Carroll,-199,00-0029263,Russell Wilson,7,-108,Home,,2020092013,101,0,18562,202009200sea,Craig Wrolstad,5,outdoors,4,CenturyLink Field,SEA00,fieldturf,70,65,45,-113,Sunday,5
2020_02_NYG_CHI,2020-09-20,2020,2,REG,NYG,CHI,13,17,Joe Judge,196,00-0035710,Daniel Jones,6,-105,0,401220281,5350,2020-09-20,13:00,58185,Matt Nagy,-222,00-0033869,Mitch Trubisky,7,-105,Home,,2020092000,-108,0,18549,202009200chi,Bill Vinovich,4,outdoors,4.5,Soldier Field,CHI98,grass,66,30,42.5,-103,Sunday,12
2020_02_SF_NYJ,2020-09-20,2020,2,REG,SF,NYJ,31,13,Kyle Shanahan,-301,00-0031345,Jimmy Garoppolo,7,101,0,401220144,5351,2020-09-20,13:00,58190,Adam Gase,259,00-0034869,Sam Darnold,7,-111,Home,,2020092005,-103,0,18554,202009200nyj,Ronald Torbert,-18,outdoors,-7,MetLife Stadium,NYC01,fieldturf,61,44,41.5,-108,Sunday,7
2020_02_WAS_ARI,2020-09-20,2020,2,REG,WAS,ARI,15,30,Ron Rivera,268,00-0035232,Dwayne Haskins,7,-120,0,401220340,5352,2020-09-20,16:05,58195,Kliff Kingsbury,-313,00-0035228,Kyler Murray,7,109,Home,,2020092010,-101,0,18559,202009200crd,Land Clark,15,closed,7.5,State Farm Stadium,PHO00,grass,,45,46.5,-110,Sunday,
2020_02_NO_LV,2020-09-21,2020,2,REG,NO,LV,24,34,Sean Payton,-201,00-0020531,Drew Brees,8,-102,0,401220231,5356,2020-09-21,20:15,58199,Jon Gruden,180,00-0031280,Derek Carr,8,-107,Home,,2020092100,-102,0,18563,202009210rai,Shawn Hochuli,10,dome,-4,Allegiant Stadium,VEG00,grass,,58,47.5,-109,Monday,
2020_03_MIA_JAX,2020-09-24,2020,3,REG,MIA,JAX,31,13,Brian Flores,124,00-0023682,Ryan Fitzpatrick,4,-126,0,401220201,5357,2020-09-24,20:20,58200,Doug Marrone,-138,00-0035289,Gardner Minshew,4,114,Home,,2020092400,-106,0,18564,202009240jax,Brad Allen,-18,outdoors,3,TIAA Bank Stadium,JAX00,grass,81,44,49,-105,Thursday,12
2020_03_CAR_LAC,2020-09-27,2020,3,REG,CAR,LAC,21,16,Matt Rhule,230,00-0031237,Teddy Bridgewater,7,-107,0,401220240,5366,2020-09-27,16:05,58210,Anthony Lynn,-265,00-0036355,Justin Herbert,7,-103,Home,,2020092709,-111,0,18574,202009270sdg,Tony Corrente,-5,dome,6,SoFi Stadium,LAX01,matrixturf,,37,43.5,100,Sunday,
2020_03_CHI_ATL,2020-09-27,2020,3,REG,CHI,ATL,30,26,Matt Nagy,122,00-0033869,Mitch Trubisky,7,101,0,401220309,5358,2020-09-27,13:00,58201,Dan Quinn,-135,00-0026143,Matt Ryan,7,-111,Home,,2020092700,-109,0,18565,202009270atl,Jerome Boger,-4,closed,2.5,Mercedes-Benz Stadium,ATL97,fieldturf,,56,46,-102,Sunday,
2020_03_CIN_PHI,2020-09-27,2020,3,REG,CIN,PHI,23,23,Zac Taylor,205,00-0036442,Joe Burrow,10,-105,0,401220264,5359,2020-09-27,13:00,58207,Doug Pederson,-233,00-0032950,Carson Wentz,7,-105,Home,,2020092706,-112,1,18571,202009270phi,Adrian Hill,0,outdoors,5.5,Lincoln Financial Field,PHI00,grass,76,46,46.5,100,Sunday,5
2020_03_DAL_SEA,2020-09-27,2020,3,REG,DAL,SEA,31,38,Mike McCarthy,208,00-0033077,Dak Prescott,7,-104,0,401220363,5368,2020-09-27,16:25,58213,Pete Carroll,-237,00-0029263,Russell Wilson,7,-106,Home,,2020092712,104,0,18577,202009270sea,Carl Cheffers,7,outdoors,5.5,CenturyLink Field,SEA00,fieldturf,63,69,58,-116,Sunday,3
2020_03_DET_ARI,2020-09-27,2020,3,REG,DET,ARI,26,23,Matt Patricia,193,00-0026498,Matthew Stafford,7,-105,0,401220343,5369,2020-09-27,16:25,58211,Kliff Kingsbury,-218,00-0035228,Kyler Murray,7,-105,Home,,2020092710,101,0,18575,202009270crd,Scott Novak,-3,closed,4.5,State Farm Stadium,PHO00,grass,,49,55.5,-113,Sunday,
2020_03_GB_NO,2020-09-27,2020,3,REG,GB,NO,37,30,Matt LaFleur,154,00-0023459,Aaron Rodgers,7,-112,0,401220323,5371,2020-09-27,20:20,58214,Sean Payton,-172,00-0020531,Drew Brees,6,102,Home,,2020092713,-103,0,18578,202009270nor,Brad Rogers,-7,dome,3.5,Mercedes-Benz Superdome,NOR00,astroturf,,67,52,-108,Sunday,
2020_03_HOU_PIT,2020-09-27,2020,3,REG,HOU,PIT,21,28,Bill O'Brien,174,00-0033537,Deshaun Watson,7,-110,0,401220173,5360,2020-09-27,13:00,58208,Mike Tomlin,-196,00-0022924,Ben Roethlisberger,7,-100,Home,,2020092707,-102,0,18572,202009270pit,Shawn Smith,7,outdoors,4,Heinz Field,PIT00,grass,79,49,46.5,-109,Sunday,6
2020_03_LA_BUF,2020-09-27,2020,3,REG,LA,BUF,32,35,Sean McVay,114,00-0033106,Jared Goff,7,-100,0,401220119,5362,2020-09-27,13:00,58202,Sean McDermott,-126,00-0034857,Josh Allen,7,-110,Home,,2020092701,100,0,18566,202009270buf,Alex Kemp,3,outdoors,1.5,New Era Field,BUF00,astroturf,79,67,46.5,-112,Sunday,16
2020_03_LV_NE,2020-09-27,2020,3,REG,LV,NE,20,36,Jon Gruden,266,00-0031280,Derek Carr,6,-105,0,401220134,5361,2020-09-27,13:00,58205,Bill Belichick,-311,00-0027939,Cam Newton,7,-105,Home,,2020092704,-110,0,18569,202009270nwe,Ronald Torbert,16,outdoors,7,Gillette Stadium,BOS00,grass,73,56,47,-102,Sunday,8
2020_03_NYJ_IND,2020-09-27,2020,3,REG,NYJ,IND,7,36,Adam Gase,491,00-0034869,Sam Darnold,7,-109,0,401220193,5367,2020-09-27,16:05,58209,Frank Reich,-630,00-0022942,Philip Rivers,7,-101,Home,,2020092708,101,0,18573,202009270clt,Craig Wrolstad,29,closed,12.5,Lucas Oil Stadium,IND00,fieldturf,,43,44,-113,Sunday,
2020_03_SF_NYG,2020-09-27,2020,3,REG,SF,NYG,36,9,Kyle Shanahan,-149,00-0033319,Nick Mullens,7,-101,0,401220254,5363,2020-09-27,13:00,58206,Joe Judge,134,00-0035710,Daniel Jones,7,-109,Home,,2020092705,-100,0,18570,202009270nyg,Clay Martin,-27,outdoors,-3,MetLife Stadium,NYC01,fieldturf,75,45,44,-111,Sunday,2
2020_03_TB_DEN,2020-09-27,2020,3,REG,TB,DEN,28,10,Bruce Arians,-264,00-0019596,Tom Brady,7,-105,0,401220216,5370,2020-09-27,16:25,58212,Vic Fangio,230,00-0032436,Jeff Driskel,7,-105,Home,,2020092711,-108,0,18576,202009270den,Land Clark,-18,outdoors,-6,Empower Field at Mile High,DEN00,grass,55,38,42.5,-103,Sunday,7
2020_03_TEN_MIN,2020-09-27,2020,3,REG,TEN,MIN,31,30,Mike Vrabel,-155,00-0029701,Ryan Tannehill,7,-101,0,401220304,5364,2020-09-27,13:00,58204,Mike Zimmer,139,00-0029604,Kirk Cousins,7,-109,Home,,2020092703,104,0,18568,202009270min,Clete Blakeman,-1,dome,-3,U.S. Bank Stadium,MIN01,sportturf,,61,49.5,-116,Sunday,
2020_03_WAS_CLE,2020-09-27,2020,3,REG,WAS,CLE,20,34,Ron Rivera,282,00-0035232,Dwayne Haskins,7,-115,0,401220168,5365,2020-09-27,13:00,58203,Kevin Stefanski,-331,00-0034855,Baker Mayfield,10,104,Home,,2020092702,-110,0,18567,202009270cle,Shawn Hochuli,14,outdoors,7.5,FirstEnergy Stadium,CLE00,grass,73,54,45,-101,Sunday,18
2020_03_KC_BAL,2020-09-28,2020,3,REG,KC,BAL,34,20,Andy Reid,156,00-0033873,Patrick Mahomes,8,-112,0,401220153,5372,2020-09-28,20:15,58215,John Harbaugh,-174,00-0034796,Lamar Jackson,8,102,Home,,2020092800,104,0,18579,202009280rav,John Hussey,-14,outdoors,3.5,M&T Bank Stadium,BAL00,grass,73,54,55,-115,Monday,8
2020_04_DEN_NYJ,2020-10-01,2020,4,REG,DEN,NYJ,37,28,Vic Fangio,104,00-0034955,Brett Rypien,4,-102,0,401220141,5373,2020-10-01,20:20,58216,Adam Gase,-114,00-0034869,Sam Darnold,4,-108,Home,,2020100100,-110,0,18580,202010010nyj,Jerome Boger,-9,outdoors,1,MetLife Stadium,NYC01,fieldturf,64,65,41,-101,Thursday,6
2020_04_ARI_CAR,2020-10-04,2020,4,REG,ARI,CAR,21,31,Kliff Kingsbury,-157,00-0035228,Kyler Murray,7,-105,0,401220320,5374,2020-10-04,13:00,58217,Matt Rhule,141,00-0031237,Teddy Bridgewater,7,-105,Home,,2020100400,104,0,18581,202010040car,Ronald Torbert,10,outdoors,-3,Bank of America Stadium,CAR00,grass,68,52,52.5,-116,Sunday,8
2020_04_BAL_WAS,2020-10-04,2020,4,REG,BAL,WAS,31,17,John Harbaugh,-958,00-0034796,Lamar Jackson,6,104,0,401220271,5375,2020-10-04,13:00,58226,Ron Rivera,692,00-0035232,Dwayne Haskins,7,-115,Home,,2020100409,102,0,18590,202010040was,Adrian Hill,-14,outdoors,-14.5,FedExField,WAS00,grass,65,48,45,-113,Sunday,5
2020_04_BUF_LV,2020-10-04,2020,4,REG,BUF,LV,30,23,Sean McDermott,-172,00-0034857,Josh Allen,7,-115,0,401220229,5385,2020-10-04,16:25,58229,Jon Gruden,154,00-0031280,Derek Carr,7,104,Home,,2020100412,-103,0,18593,202010040rai,Land Clark,-7,dome,-3,Allegiant Stadium,VEG00,grass,,53,53,-108,Sunday,
2020_04_CLE_DAL,2020-10-04,2020,4,REG,CLE,DAL,49,38,Kevin Stefanski,157,00-0034855,Baker Mayfield,7,-111,0,401220247,5376,2020-10-04,13:00,58220,Mike McCarthy,-175,00-0033077,Dak Prescott,7,101,Home,,2020100403,101,0,18584,202010040dal,Clay Martin,-11,closed,3.5,AT&T Stadium,DAL00,fieldturf,,87,56.5,-112,Sunday,
2020_04_IND_CHI,2020-10-04,2020,4,REG,IND,CHI,19,11,Frank Reich,-174,00-0022942,Philip Rivers,7,102,0,401220280,5377,2020-10-04,16:25,58218,Matt Nagy,156,00-0029567,Nick Foles,7,-112,Home,,2020100401,-101,0,18582,202010040chi,Craig Wrolstad,-8,outdoors,-3.5,Soldier Field,CHI98,grass,52,30,43.5,-110,Sunday,10
2020_04_JAX_CIN,2020-10-04,2020,4,REG,JAX,CIN,25,33,Doug Marrone,101,00-0035289,Gardner Minshew II,10,-106,0,401220157,5378,2020-10-04,13:00,58219,Zac Taylor,-112,00-0036442,Joe Burrow,7,-104,Home,,2020100402,-105,0,18583,202010040cin,Alex Kemp,8,outdoors,1,Paul Brown Stadium,CIN00,grass,64,58,50,-106,Sunday,6
2020_04_LAC_TB,2020-10-04,2020,4,REG,LAC,TB,31,38,Anthony Lynn,282,00-0036355,Justin Herbert,7,-114,0,401220334,5379,2020-10-04,13:00,58224,Bruce Arians,-331,00-0019596,Tom Brady,7,103,Home,,2020100407,-100,0,18588,202010040tam,Brad Allen,7,outdoors,7.5,Raymond James Stadium,TAM00,grass,75,69,42.5,-111,Sunday,6
2020_04_MIN_HOU,2020-10-04,2020,4,REG,MIN,HOU,31,23,Mike Zimmer,154,00-0029604,Kirk Cousins,7,-114,0,401220184,5380,2020-10-04,13:00,58222,Bill O'Brien,-172,00-0033537,Deshaun Watson,7,104,Home,,2020100405,-112,0,18586,202010040htx,Brad Rogers,-8,closed,3.5,NRG Stadium,HOU00,grass,,54,52.5,100,Sunday,
2020_04_NO_DET,2020-10-04,2020,4,REG,NO,DET,35,29,Sean Payton,-155,00-0020531,Drew Brees,7,-103,0,401220285,5381,2020-10-04,13:00,58221,Matt Patricia,139,00-0026498,Matthew Stafford,7,-107,Home,,2020100404,-109,0,18585,202010040det,Shawn Smith,-6,dome,-3,Ford Field,DET00,fieldturf,,64,51.5,-102,Sunday,
2020_04_NYG_LA,2020-10-04,2020,4,REG,NYG,LA,9,17,Joe Judge,652,00-0035710,Daniel Jones,7,-103,0,401220348,5384,2020-10-04,16:05,58227,Sean McVay,-890,00-0033106,Jared Goff,7,-107,Home,,2020100410,-112,0,18591,202010040ram,John Hussey,8,dome,13.5,SoFi Stadium,LAX01,matrixturf,,26,49.5,101,Sunday,
2020_04_PHI_SF,2020-10-04,2020,4,REG,PHI,SF,25,20,Doug Pederson,273,00-0032950,Carson Wentz,7,-116,0,401220355,5387,2020-10-04,20:20,58230,Kyle Shanahan,-320,00-0033319,Nick Mullens,7,105,Home,,2020100413,-103,0,18594,202010040sfo,Bill Vinovich,-5,outdoors,8.5,Levi's Stadium,SFO01,grass,84,45,45.5,-108,Sunday,12
2020_04_SEA_MIA,2020-10-04,2020,4,REG,SEA,MIA,31,23,Pete Carroll,-223,00-0029263,Russell Wilson,7,-106,0,401220128,5383,2020-10-04,13:00,58223,Brian Flores,196,00-0023682,Ryan Fitzpatrick,10,-104,Home,,2020100406,101,0,18587,202010040mia,Scott Novak,-8,outdoors,-4.5,Hard Rock Stadium,MIA00,grass,86,54,55,-113,Sunday,13
2020_04_ATL_GB,2020-10-05,2020,4,REG,ATL,GB,16,30,Dan Quinn,195,00-0026143,Matt Ryan,8,-110,0,401220293,5388,2020-10-05,21:00,58231,Matt LaFleur,-221,00-0023459,Aaron Rodgers,8,-100,Home,,2020100500,100,0,18595,202010050gnb,Carl Cheffers,14,outdoors,5,Lambeau Field,GNB00,grass,53,46,56.5,-112,Monday,9
2020_04_NE_KC,2020-10-05,2020,4,REG,NE,KC,10,26,Bill Belichick,257,00-0026625,Brian Hoyer,8,-114,0,401220221,5386,2020-10-05,19:05,58228,Andy Reid,-299,00-0033873,Patrick Mahomes,7,103,Home,,2020100501,-105,0,18592,202010050kan,Tony Corrente,16,outdoors,7,Arrowhead Stadium,KAN00,astroturf,73,36,52.5,-106,Monday,14
2020_05_TB_CHI,2020-10-08,2020,5,REG,TB,CHI,19,20,Bruce Arians,-184,00-0019596,Tom Brady,4,-102,0,401220278,5389,2020-10-08,20:20,58232,Matt Nagy,164,00-0029567,Nick Foles,4,-108,Home,,2020100800,-102,0,18596,202010080chi,Alex Kemp,1,outdoors,-3.5,Soldier Field,CHI98,grass,57,39,44,-109,Thursday,7
2020_05_ARI_NYJ,2020-10-11,2020,5,REG,ARI,NYJ,30,10,Kliff Kingsbury,-295,00-0035228,Kyler Murray,7,106,0,401220143,5390,2020-10-11,13:00,58238,Adam Gase,254,00-0026158,Joe Flacco,10,-117,Home,,2020101105,100,0,18602,202010110nyj,Adrian Hill,-20,outdoors,-7,MetLife Stadium,NYC01,fieldturf,64,40,48.5,-112,Sunday,8
2020_05_CAR_ATL,2020-10-11,2020,5,REG,CAR,ATL,23,16,Matt Rhule,125,00-0031237,Teddy Bridgewater,7,-101,1,401220306,5392,2020-10-11,13:00,58233,Dan Quinn,-139,00-0026143,Matt Ryan,6,-109,Home,,2020101100,-104,0,18597,202010110atl,Brad Allen,-7,closed,2.5,Mercedes-Benz Stadium,ATL97,fieldturf,,39,53.5,-107,Sunday,
2020_05_CIN_BAL,2020-10-11,2020,5,REG,CIN,BAL,3,27,Zac Taylor,547,00-0036442,Joe Burrow,7,-105,1,401220146,5393,2020-10-11,13:00,58234,John Harbaugh,-718,00-0034796,Lamar Jackson,7,-105,Home,,2020101101,-108,0,18598,202010110rav,Jerome Boger,24,outdoors,12.5,M&T Bank Stadium,BAL00,grass,69,30,49,-103,Sunday,3
2020_05_IND_CLE,2020-10-11,2020,5,REG,IND,CLE,23,32,Frank Reich,-101,00-0022942,Philip Rivers,7,-107,0,401220166,5400,2020-10-11,16:25,58243,Kevin Stefanski,-110,00-0034855,Baker Mayfield,7,-103,Home,,2020101110,101,0,18607,202010110cle,Scott Novak,9,outdoors,1,FirstEnergy Stadium,CLE00,grass,64,55,48.5,-112,Sunday,16
2020_05_JAX_HOU,2020-10-11,2020,5,REG,JAX,HOU,14,30,Doug Marrone,243,00-0035289,Gardner Minshew II,7,100,1,401220179,5395,2020-10-11,13:00,58235,Romeo Crennel,-281,00-0033537,Deshaun Watson,7,-110,Home,,2020101102,-103,0,18599,202010110htx,Bill Vinovich,16,closed,6.5,NRG Stadium,HOU00,grass,,44,55,-108,Sunday,
2020_05_LA_WAS,2020-10-11,2020,5,REG,LA,WAS,30,10,Sean McVay,-305,00-0033106,Jared Goff,7,-101,0,401220269,5397,2020-10-11,13:00,58241,Ron Rivera,262,00-0034577,Kyle Allen,7,-109,Home,,2020101108,-103,0,18605,202010110was,Shawn Smith,-20,outdoors,-7,FedExField,WAS00,grass,69,40,45,-108,Sunday,2
2020_05_LV_KC,2020-10-11,2020,5,REG,LV,KC,40,32,Jon Gruden,387,00-0031280,Derek Carr,7,-114,1,401220219,5396,2020-10-11,13:00,58236,Andy Reid,-476,00-0033873,Patrick Mahomes,6,104,Home,,2020101103,-109,0,18600,202010110kan,Clete Blakeman,-8,outdoors,11,Arrowhead Stadium,KAN00,astroturf,80,72,54.5,-102,Sunday,16
2020_05_MIA_SF,2020-10-11,2020,5,REG,MIA,SF,43,17,Brian Flores,301,00-0023682,Ryan Fitzpatrick,7,-119,0,401220358,5399,2020-10-11,16:05,58242,Kyle Shanahan,-357,00-0031345,Jimmy Garoppolo,7,108,Home,,2020101109,-101,0,18606,202010110sfo,Land Clark,-26,outdoors,8.5,Levi's Stadium,SFO01,grass,73,60,50.5,-110,Sunday,6
2020_05_MIN_SEA,2020-10-11,2020,5,REG,MIN,SEA,26,27,Mike Zimmer,245,00-0029604,Kirk Cousins,7,-105,0,401220367,5402,2020-10-11,20:20,58245,Pete Carroll,-284,00-0029263,Russell Wilson,7,-105,Home,,2020101112,100,0,18609,202010110sea,Tony Corrente,1,outdoors,6.5,CenturyLink Field,SEA00,fieldturf,54,53,54,-112,Sunday,10
2020_05_NYG_DAL,2020-10-11,2020,5,REG,NYG,DAL,34,37,Joe Judge,293,00-0035710,Daniel Jones,7,-114,1,401220242,5401,2020-10-11,16:25,58244,Mike McCarthy,-347,00-0033077,Dak Prescott,7,103,Home,,2020101111,-104,0,18608,202010110dal,Craig Wrolstad,3,closed,7.5,AT&T Stadium,DAL00,fieldturf,,71,52,-107,Sunday,
2020_05_PHI_PIT,2020-10-11,2020,5,REG,PHI,PIT,29,38,Doug Pederson,312,00-0032950,Carson Wentz,7,-103,0,401220175,5398,2020-10-11,13:00,58239,Mike Tomlin,-372,00-0022924,Ben Roethlisberger,14,-107,Home,,2020101106,-104,0,18603,202010110pit,Ronald Torbert,9,outdoors,7.5,Heinz Field,PIT00,grass,70,67,44,-107,Sunday,4
2020_05_LAC_NO,2020-10-12,2020,5,REG,LAC,NO,27,30,Anthony Lynn,288,00-0036355,Justin Herbert,8,-106,0,401220326,5403,2020-10-12,20:15,58246,Sean Payton,-339,00-0020531,Drew Brees,8,-104,Home,,2020101200,106,1,18610,202010120nor,Clay Martin,3,dome,7,Mercedes-Benz Superdome,NOR00,astroturf,,57,49.5,-118,Monday,
2020_05_BUF_TEN,2020-10-13,2020,5,REG,BUF,TEN,16,42,Sean McDermott,-168,00-0034857,Josh Allen,9,-108,0,401220209,5391,2020-10-13,19:00,58240,Mike Vrabel,150,00-0029701,Ryan Tannehill,16,-102,Home,,2020101300,-105,0,18604,202010130oti,Carl Cheffers,26,outdoors,-3,Nissan Stadium,NAS00,grass,73,58,52,-106,Tuesday,3
2020_06_ATL_MIN,2020-10-18,2020,6,REG,ATL,MIN,40,23,Raheem Morris,167,00-0026143,Matt Ryan,7,-102,0,401220301,5405,2020-10-18,13:00,58251,Mike Zimmer,-188,00-0029604,Kirk Cousins,7,-108,Home,,2020101803,-115,0,18614,202010180min,Craig Wrolstad,-17,dome,3.5,U.S. Bank Stadium,MIN01,sportturf,,63,53,103,Sunday,
2020_06_BAL_PHI,2020-10-18,2020,6,REG,BAL,PHI,30,28,John Harbaugh,-422,00-0034796,Lamar Jackson,7,108,0,401220263,5406,2020-10-18,13:00,58253,Doug Pederson,348,00-0032950,Carson Wentz,7,-119,Home,,2020101805,-107,0,18616,202010180phi,Shawn Smith,-2,outdoors,-10.5,Lincoln Financial Field,PHI00,grass,61,58,46.5,-104,Sunday,7
2020_06_CHI_CAR,2020-10-18,2020,6,REG,CHI,CAR,23,16,Matt Nagy,112,00-0029567,Nick Foles,10,-107,0,401220317,5407,2020-10-18,13:00,58248,Matt Rhule,-124,00-0031237,Teddy Bridgewater,7,-103,Home,,2020101800,-111,0,18627,202010180car,Adrian Hall,-7,outdoors,2,Bank of America Stadium,CAR00,grass,63,39,45,-100,Sunday,6
2020_06_CIN_IND,2020-10-18,2020,6,REG,CIN,IND,27,31,Zac Taylor,288,00-0036442,Joe Burrow,7,-108,0,401220190,5408,2020-10-18,13:00,58249,Frank Reich,-340,00-0022942,Philip Rivers,7,-102,Home,,2020101801,-106,0,18612,202010180clt,Land Clark,4,closed,7.5,Lucas Oil Stadium,IND00,fieldturf,,58,46,-105,Sunday,
2020_06_CLE_PIT,2020-10-18,2020,6,REG,CLE,PIT,7,38,Kevin Stefanski,143,00-0034855,Baker Mayfield,7,-102,1,401220172,5409,2020-10-18,13:00,58254,Mike Tomlin,-159,00-0022924,Ben Roethlisberger,7,-108,Home,,2020101806,-105,0,18617,202010180pit,John Hussey,31,outdoors,3,Heinz Field,PIT00,grass,61,45,50,-106,Sunday,9
2020_06_DEN_NE,2020-10-18,2020,6,REG,DEN,NE,18,12,Vic Fangio,280,00-0035704,Drew Lock,17,-103,0,401220133,5394,2020-10-18,13:00,58237,Bill Belichick,-328,00-0027939,Cam Newton,13,-107,Home,,2020101812,-113,0,18601,202010180nwe,Scott Novak,-6,outdoors,7,Gillette Stadium,BOS00,grass,58,30,43.5,101,Sunday,7
2020_06_DET_JAX,2020-10-18,2020,6,REG,DET,JAX,34,16,Matt Patricia,-154,00-0026498,Matthew Stafford,14,-105,0,401220200,5410,2020-10-18,13:00,58250,Doug Marrone,139,00-0035289,Gardner Minshew II,7,-105,Home,,2020101802,-112,0,18613,202010180jax,Shawn Hochuli,-18,outdoors,-3,TIAA Bank Stadium,JAX00,grass,78,50,52.5,100,Sunday,10
2020_06_GB_TB,2020-10-18,2020,6,REG,GB,TB,10,38,Matt LaFleur,-145,00-0023459,Aaron Rodgers,13,109,0,401220331,5415,2020-10-18,16:25,58258,Bruce Arians,131,00-0019596,Tom Brady,10,-121,Home,,2020101810,102,0,18621,202010180tam,Jerome Boger,28,outdoors,-3,Raymond James Stadium,TAM00,grass,88,48,55,-114,Sunday,12
2020_06_HOU_TEN,2020-10-18,2020,6,REG,HOU,TEN,36,42,Romeo Crennel,169,00-0033537,Deshaun Watson,7,-110,1,401220202,5411,2020-10-18,13:00,58255,Mike Vrabel,-190,00-0029701,Ryan Tannehill,5,100,Home,,2020101807,104,1,18618,202010180oti,Alex Kemp,6,outdoors,4,Nissan Stadium,NAS00,grass,61,78,52,-116,Sunday,10
2020_06_LA_SF,2020-10-18,2020,6,REG,LA,SF,16,24,Sean McVay,-124,00-0033106,Jared Goff,7,-103,1,401220353,5416,2020-10-18,20:20,58259,Kyle Shanahan,112,00-0031345,Jimmy Garoppolo,7,-107,Home,,2020101811,-110,0,18622,202010180sfo,Carl Cheffers,8,outdoors,-2,Levi's Stadium,SFO01,grass,86,40,51,-102,Sunday,10
2020_06_NYJ_MIA,2020-10-18,2020,6,REG,NYJ,MIA,0,24,Adam Gase,340,00-0026158,Joe Flacco,7,103,1,401220124,5468,2020-10-18,16:05,58311,Brian Flores,-410,00-0023682,Ryan Fitzpatrick,7,-113,Home,,2020101813,-116,0,18675,202010180mia,Bill Vinovich,24,outdoors,9.5,Hard Rock Stadium,MIA00,grass,85,24,46,104,Sunday,15
2020_06_WAS_NYG,2020-10-18,2020,6,REG,WAS,NYG,19,20,Ron Rivera,116,00-0034577,Kyle Allen,7,-103,1,401220252,5412,2020-10-18,13:00,58252,Joe Judge,-128,00-0035710,Daniel Jones,7,-107,Home,,2020101804,103,0,18615,202010180nyg,Brad Allen,1,outdoors,2,MetLife Stadium,NYC01,fieldturf,62,39,42.5,-114,Sunday,0
2020_06_ARI_DAL,2020-10-19,2020,6,REG,ARI,DAL,38,10,Kliff Kingsbury,103,00-0035228,Kyler Murray,8,-104,0,401220245,5417,2020-10-19,20:15,58260,Mike McCarthy,-114,00-0027973,Andy Dalton,8,-106,Home,,2020101900,-114,0,18623,202010190dal,Clete Blakeman,-28,closed,1,AT&T Stadium,DAL00,fieldturf,,48,55.5,102,Monday,
2020_06_KC_BUF,2020-10-19,2020,6,REG,KC,BUF,26,17,Andy Reid,-230,00-0033873,Patrick Mahomes,8,-104,0,401220117,5404,2020-10-19,17:00,58247,Sean McDermott,203,00-0034857,Josh Allen,6,-106,Home,,2020101901,-102,0,18611,202010190buf,Ronald Torbert,-9,outdoors,-5.5,New Era Field,BUF00,astroturf,51,43,55,-109,Monday,6
2020_07_NYG_PHI,2020-10-22,2020,7,REG,NYG,PHI,21,22,Joe Judge,197,00-0035710,Daniel Jones,4,-109,1,401220259,5418,2020-10-22,20:20,58261,Doug Pederson,-223,00-0032950,Carson Wentz,4,-101,Home,,2020102200,-104,0,18624,202010220phi,Adrian Hill,1,outdoors,5,Lincoln Financial Field,PHI00,grass,70,43,44.5,-107,Thursday,4
2020_07_BUF_NYJ,2020-10-25,2020,7,REG,BUF,NYJ,18,10,Sean McDermott,-391,00-0034857,Josh Allen,6,101,1,401220138,5419,2020-10-25,13:00,58268,Adam Gase,327,00-0034869,Sam Darnold,7,-111,Home,,2020102506,103,0,18632,202010250nyj,Carl Cheffers,-8,outdoors,-9.5,MetLife Stadium,NYC01,fieldturf,52,28,47,-115,Sunday,8
2020_07_CAR_NO,2020-10-25,2020,7,REG,CAR,NO,24,27,Matt Rhule,271,00-0031237,Teddy Bridgewater,7,-107,1,401220322,5420,2020-10-25,13:00,58267,Sean Payton,-317,00-0020531,Drew Brees,13,-103,Home,,2020102505,-101,0,18631,202010250nor,Craig Wrolstad,3,dome,7,Mercedes-Benz Superdome,NOR00,astroturf,,51,49.5,-110,Sunday,
2020_07_CLE_CIN,2020-10-25,2020,7,REG,CLE,CIN,37,34,Kevin Stefanski,-201,00-0034855,Baker Mayfield,7,103,1,401220155,5421,2020-10-25,13:00,58264,Zac Taylor,179,00-0036442,Joe Burrow,7,-114,Home,,2020102502,102,0,18628,202010250cin,Tony Corrente,-3,outdoors,-4.5,Paul Brown Stadium,CIN00,grass,48,71,50,-114,Sunday,8
2020_07_DAL_WAS,2020-10-25,2020,7,REG,DAL,WAS,3,25,Mike McCarthy,-110,00-0027973,Andy Dalton,6,-103,1,401220266,5422,2020-10-25,13:00,58269,Ron Rivera,100,00-0034577,Kyle Allen,7,-107,Home,,2020102507,-107,0,18633,202010250was,Ronald Torbert,22,outdoors,-1,FedExField,WAS00,grass,46,28,44.5,-104,Sunday,5
2020_07_DET_ATL,2020-10-25,2020,7,REG,DET,ATL,23,22,Matt Patricia,102,00-0026498,Matthew Stafford,7,-106,0,401220310,5423,2020-10-25,13:00,58262,Raheem Morris,-113,00-0026143,Matt Ryan,7,-104,Home,,2020102500,-106,0,18625,202010250atl,Land Clark,-1,closed,1,Mercedes-Benz Stadium,ATL97,fieldturf,,45,54,-105,Sunday,
2020_07_GB_HOU,2020-10-25,2020,7,REG,GB,HOU,35,20,Matt LaFleur,-140,00-0023459,Aaron Rodgers,7,-113,0,401220183,5424,2020-10-25,13:00,58265,Romeo Crennel,127,00-0033537,Deshaun Watson,7,102,Home,,2020102503,-101,0,18629,202010250htx,Clay Martin,-15,closed,-2.5,NRG Stadium,HOU00,grass,,55,55.5,-110,Sunday,
2020_07_JAX_LAC,2020-10-25,2020,7,REG,JAX,LAC,29,39,Doug Marrone,325,00-0035289,Gardner Minshew II,7,-108,0,401220241,5440,2020-10-25,16:25,58283,Anthony Lynn,-389,00-0036355,Justin Herbert,13,-102,Home,,2020102513,102,0,18647,202010250sdg,Clete Blakeman,10,dome,8,SoFi Stadium,LAX01,matrixturf,,68,48,-113,Sunday,
2020_07_KC_DEN,2020-10-25,2020,7,REG,KC,DEN,43,16,Andy Reid,-302,00-0033873,Patrick Mahomes,6,103,1,401220210,5428,2020-10-25,16:25,58271,Vic Fangio,260,00-0035704,Drew Lock,7,-113,Home,,2020102509,-100,0,18635,202010250den,Brad Rogers,-27,outdoors,-7,Empower Field at Mile High,DEN00,grass,14,59,46,-111,Sunday,11
2020_07_PIT_TEN,2020-10-25,2020,7,REG,PIT,TEN,27,24,Mike Tomlin,103,00-0022924,Ben Roethlisberger,7,-102,0,401249063,5382,2020-10-25,13:00,58225,Mike Vrabel,-114,00-0029701,Ryan Tannehill,7,-108,Home,,2020102512,-100,0,18589,202010250oti,Shawn Hochuli,-3,outdoors,1,Nissan Stadium,NAS00,grass,55,51,51,-111,Sunday,3
2020_07_SEA_ARI,2020-10-25,2020,7,REG,SEA,ARI,34,37,Pete Carroll,-186,00-0029263,Russell Wilson,14,-102,1,401220338,5427,2020-10-25,20:20,58270,Kliff Kingsbury,166,00-0035228,Kyler Murray,6,-108,Home,,2020102508,-103,1,18634,202010250crd,John Hussey,3,closed,-3.5,State Farm Stadium,PHO00,grass,,71,55.5,-108,Sunday,
2020_07_SF_NE,2020-10-25,2020,7,REG,SF,NE,33,6,Kyle Shanahan,150,00-0031345,Jimmy Garoppolo,7,102,0,401220136,5429,2020-10-25,16:25,58272,Bill Belichick,-167,00-0027939,Cam Newton,7,-113,Home,,2020102510,101,0,18636,202010250nwe,Shawn Smith,-27,outdoors,3,Gillette Stadium,BOS00,grass,49,39,44,-113,Sunday,7
2020_07_TB_LV,2020-10-25,2020,7,REG,TB,LV,45,20,Bruce Arians,-192,00-0019596,Tom Brady,7,-108,0,401220232,5430,2020-10-25,16:05,58273,Jon Gruden,171,00-0031280,Derek Carr,14,-102,Home,,2020102511,-105,0,18637,202010250rai,Scott Novak,-25,dome,-3.5,Allegiant Stadium,VEG00,grass,,65,51.5,-106,Sunday,
2020_07_CHI_LA,2020-10-26,2020,7,REG,CHI,LA,10,24,Matt Nagy,251,00-0029567,Nick Foles,8,101,0,401220351,5431,2020-10-26,20:15,58274,Sean McVay,-291,00-0033106,Jared Goff,8,-112,Home,,2020102600,-102,0,18638,202010260ram,Bill Vinovich,14,dome,6.5,SoFi Stadium,LAX01,matrixturf,,34,44,-109,Monday,
2020_08_ATL_CAR,2020-10-29,2020,8,REG,ATL,CAR,25,17,Raheem Morris,104,00-0026143,Matt Ryan,4,-109,1,401220314,5432,2020-10-29,20:20,58275,Matt Rhule,-115,00-0031237,Teddy Bridgewater,4,-102,Home,,2020102900,-101,0,18639,202010290car,Shawn Hochuli,-8,outdoors,1.5,Bank of America Stadium,CAR00,grass,76,42,52,-110,Thursday,8
2020_08_DAL_PHI,2020-11-01,2020,8,REG,DAL,PHI,9,23,Mike McCarthy,335,00-0036384,Ben DiNucci,7,-100,1,401220258,5443,2020-11-01,20:20,58286,Doug Pederson,-403,00-0032950,Carson Wentz,10,-110,Home,,2020110110,-106,0,18650,202011010phi,Jerome Boger,14,outdoors,10,Lincoln Financial Field,PHI00,grass,49,32,43,-105,Sunday,17
2020_08_IND_DET,2020-11-01,2020,8,REG,IND,DET,41,21,Frank Reich,-185,00-0022942,Philip Rivers,14,-103,0,401220288,5433,2020-11-01,13:00,58279,Matt Patricia,165,00-0026498,Matthew Stafford,7,-107,Home,,2020110103,-109,0,18643,202011010det,Clay Martin,-20,dome,-3.5,Ford Field,DET00,fieldturf,,62,49,-102,Sunday,
2020_08_LAC_DEN,2020-11-01,2020,8,REG,LAC,DEN,30,31,Anthony Lynn,-146,00-0036355,Justin Herbert,7,103,1,401220212,5482,2020-11-01,16:05,58325,Vic Fangio,132,00-0035704,Drew Lock,7,-114,Home,,2020110112,-105,0,18689,202011010den,Carl Cheffers,1,outdoors,-3,Empower Field at Mile High,DEN00,grass,64,61,44.5,-106,Sunday,10
2020_08_LA_MIA,2020-11-01,2020,8,REG,LA,MIA,17,28,Sean McVay,-176,00-0033106,Jared Goff,6,101,0,401220127,5435,2020-11-01,13:00,58282,Brian Flores,157,00-0036212,Tua Tagovailoa,14,-111,Home,,2020110106,-111,0,18646,202011010mia,John Hussey,11,outdoors,-3.5,Hard Rock Stadium,MIA00,grass,86,45,46.5,-100,Sunday,10
2020_08_LV_CLE,2020-11-01,2020,8,REG,LV,CLE,16,6,Jon Gruden,117,00-0031280,Derek Carr,7,111,0,401220169,5434,2020-11-01,13:00,58278,Kevin Stefanski,-130,00-0034855,Baker Mayfield,7,-123,Home,,2020110102,105,0,18642,202011010cle,Bill Vinovich,-10,outdoors,1,FirstEnergy Stadium,CLE00,grass,49,22,48,-117,Sunday,35
2020_08_MIN_GB,2020-11-01,2020,8,REG,MIN,GB,28,22,Mike Zimmer,218,00-0029604,Kirk Cousins,14,-101,1,401220292,5436,2020-11-01,13:00,58280,Matt LaFleur,-249,00-0023459,Aaron Rodgers,7,-109,Home,,2020110104,-109,0,18644,202011010gnb,Alex Kemp,-6,outdoors,5.5,Lambeau Field,GNB00,grass,34,50,47,-102,Sunday,23
2020_08_NE_BUF,2020-11-01,2020,8,REG,NE,BUF,21,24,Bill Belichick,175,00-0027939,Cam Newton,7,-105,1,401220115,5437,2020-11-01,13:00,58276,Sean McDermott,-197,00-0034857,Josh Allen,7,-105,Home,,2020110100,-109,0,18640,202011010buf,Clete Blakeman,3,outdoors,4,New Era Field,BUF00,astroturf,41,45,41,-102,Sunday,17
2020_08_NO_CHI,2020-11-01,2020,8,REG,NO,CHI,26,23,Sean Payton,-229,00-0020531,Drew Brees,7,100,0,401220277,5441,2020-11-01,16:25,58284,Matt Nagy,202,00-0029567,Nick Foles,6,-110,Home,,2020110108,-102,1,18648,202011010chi,Tony Corrente,-3,outdoors,-5.5,Soldier Field,CHI98,grass,40,49,41,-109,Sunday,20
2020_08_NYJ_KC,2020-11-01,2020,8,REG,NYJ,KC,9,35,Adam Gase,1204,00-0034869,Sam Darnold,7,-102,0,401220222,5438,2020-11-01,13:00,58281,Andy Reid,-1965,00-0033873,Patrick Mahomes,7,-108,Home,,2020110105,-106,0,18645,202011010kan,Land Clark,26,outdoors,20,Arrowhead Stadium,KAN00,astroturf,52,44,49,-105,Sunday,11
2020_08_PIT_BAL,2020-11-01,2020,8,REG,PIT,BAL,28,24,Mike Tomlin,178,00-0022924,Ben Roethlisberger,7,-109,1,401220148,5426,2020-11-01,13:00,58263,John Harbaugh,-200,00-0034796,Lamar Jackson,14,-102,Home,,2020110111,-103,0,18626,202011010rav,Brad Allen,-4,outdoors,4,M&T Bank Stadium,BAL00,grass,52,52,44,-108,Sunday,7
2020_08_SF_SEA,2020-11-01,2020,8,REG,SF,SEA,27,37,Kyle Shanahan,-100,00-0031345,Jimmy Garoppolo,7,-108,1,401220361,5442,2020-11-01,16:25,58285,Pete Carroll,-110,00-0029263,Russell Wilson,7,-102,Home,,2020110109,-108,0,18649,202011010sea,Craig Wrolstad,10,outdoors,1,CenturyLink Field,SEA00,fieldturf,55,64,54.5,-103,Sunday,4
2020_08_TEN_CIN,2020-11-01,2020,8,REG,TEN,CIN,20,31,Mike Vrabel,-321,00-0029701,Ryan Tannehill,7,107,0,401220158,5439,2020-11-01,13:00,58277,Zac Taylor,274,00-0036442,Joe Burrow,7,-118,Home,,2020110101,103,0,18641,202011010cin,Scott Novak,11,outdoors,-7.5,Paul Brown Stadium,CIN00,grass,48,51,49.5,-115,Sunday,24
2020_08_TB_NYG,2020-11-02,2020,8,REG,TB,NYG,25,23,Bruce Arians,-598,00-0019596,Tom Brady,8,105,0,401220257,5444,2020-11-02,20:15,58287,Joe Judge,470,00-0035710,Daniel Jones,11,-115,Home,,2020110200,103,0,18651,202011020nyg,Brad Rogers,-2,outdoors,-13,MetLife Stadium,NYC01,fieldturf,39,48,47,-115,Monday,8
2020_09_GB_SF,2020-11-05,2020,9,REG,GB,SF,34,17,Matt LaFleur,-246,00-0023459,Aaron Rodgers,4,100,0,401220359,5445,2020-11-05,20:20,58288,Kyle Shanahan,215,00-0033319,Nick Mullens,4,-110,Home,,2020110500,101,0,18652,202011050sfo,Bill Vinovich,-17,outdoors,-6,Levi's Stadium,SFO01,grass,78,51,48.5,-113,Thursday,5
2020_09_BAL_IND,2020-11-08,2020,9,REG,BAL,IND,24,10,John Harbaugh,-106,00-0034796,Lamar Jackson,7,-113,0,401220189,5446,2020-11-08,13:00,58291,Frank Reich,-104,00-0022942,Philip Rivers,7,102,Home,,2020110802,102,0,18655,202011080clt,Adrian Hill,-14,closed,1,Lucas Oil Stadium,IND00,fieldturf,,34,48,-114,Sunday,
2020_09_CAR_KC,2020-11-08,2020,9,REG,CAR,KC,31,33,Matt Rhule,365,00-0031237,Teddy Bridgewater,10,-106,0,401220224,5447,2020-11-08,13:00,58293,Andy Reid,-445,00-0033873,Patrick Mahomes,7,-104,Home,,2020110804,-109,0,18657,202011080kan,Clay Martin,2,outdoors,10,Arrowhead Stadium,KAN00,astroturf,71,64,51.5,-102,Sunday,19
2020_09_CHI_TEN,2020-11-08,2020,9,REG,CHI,TEN,17,24,Matt Nagy,243,00-0029567,Nick Foles,7,-107,0,401220207,5448,2020-11-08,13:00,58295,Mike Vrabel,-280,00-0029701,Ryan Tannehill,7,-103,Home,,2020110806,-105,0,18659,202011080oti,Ronald Torbert,7,outdoors,6.5,Nissan Stadium,NAS00,grass,77,41,46.5,-106,Sunday,14
2020_09_DEN_ATL,2020-11-08,2020,9,REG,DEN,ATL,27,34,Vic Fangio,193,00-0035704,Drew Lock,7,-108,0,401220311,5449,2020-11-08,13:00,58289,Raheem Morris,-218,00-0026143,Matt Ryan,10,-102,Home,,2020110800,-110,0,18653,202011080atl,Jerome Boger,7,closed,4.5,Mercedes-Benz Stadium,ATL97,fieldturf,,61,50,-101,Sunday,
2020_09_DET_MIN,2020-11-08,2020,9,REG,DET,MIN,20,34,Matt Patricia,155,00-0026498,Matthew Stafford,7,106,1,401220299,5450,2020-11-08,13:00,58294,Mike Zimmer,-173,00-0029604,Kirk Cousins,7,-117,Home,,2020110805,-104,0,18658,202011080min,Clete Blakeman,14,dome,3,U.S. Bank Stadium,MIN01,sportturf,,54,51.5,-108,Sunday,
2020_09_HOU_JAX,2020-11-08,2020,9,REG,HOU,JAX,27,25,Romeo Crennel,-289,00-0033537,Deshaun Watson,14,106,1,401220194,5451,2020-11-08,13:00,58292,Doug Marrone,249,00-0036312,Jake Luton,14,-117,Home,,2020110803,-104,0,18656,202011080jax,Brad Allen,-2,outdoors,-7,TIAA Bank Stadium,JAX00,grass,79,52,49,-107,Sunday,14
2020_09_LV_LAC,2020-11-08,2020,9,REG,LV,LAC,31,26,Jon Gruden,-112,00-0031280,Derek Carr,7,-105,1,401220236,5454,2020-11-08,16:05,58297,Anthony Lynn,102,00-0036355,Justin Herbert,7,-105,Home,,2020110808,-109,0,18661,202011080sdg,Brad Rogers,-5,dome,-1,SoFi Stadium,LAX01,matrixturf,,57,52.5,-102,Sunday,
2020_09_MIA_ARI,2020-11-08,2020,9,REG,MIA,ARI,34,31,Brian Flores,211,00-0036212,Tua Tagovailoa,7,-112,0,401220342,5455,2020-11-08,16:25,58298,Kliff Kingsbury,-241,00-0035228,Kyler Murray,14,102,Home,,2020110809,-103,0,18662,202011080crd,Carl Cheffers,-3,closed,6,State Farm Stadium,PHO00,grass,,65,49,-108,Sunday,
2020_09_NO_TB,2020-11-08,2020,9,REG,NO,TB,38,3,Sean Payton,160,00-0020531,Drew Brees,7,107,1,401220330,5457,2020-11-08,20:20,58300,Bruce Arians,-179,00-0019596,Tom Brady,6,-118,Home,,2020110811,-105,0,18664,202011080tam,John Hussey,-35,outdoors,3,Raymond James Stadium,TAM00,grass,77,41,51,-106,Sunday,17
2020_09_NYG_WAS,2020-11-08,2020,9,REG,NYG,WAS,23,20,Joe Judge,145,00-0035710,Daniel Jones,6,-105,1,401220267,5452,2020-11-08,13:00,58296,Ron Rivera,-162,00-0034577,Kyle Allen,14,-105,Home,,2020110807,-109,0,18660,202011080was,Shawn Hochuli,-3,outdoors,3,FedExField,WAS00,grass,75,43,43,-102,Sunday,1
2020_09_PIT_DAL,2020-11-08,2020,9,REG,PIT,DAL,24,19,Mike Tomlin,-789,00-0022924,Ben Roethlisberger,7,-100,0,401220248,5456,2020-11-08,16:25,58299,Mike McCarthy,591,00-0031395,Garrett Gilbert,7,-110,Home,,2020110810,-108,0,18663,202011080dal,Tony Corrente,-5,closed,-14,AT&T Stadium,DAL00,fieldturf,,43,44,-103,Sunday,
2020_09_SEA_BUF,2020-11-08,2020,9,REG,SEA,BUF,34,44,Pete Carroll,-164,00-0029263,Russell Wilson,7,-109,0,401220120,5453,2020-11-08,13:00,58290,Sean McDermott,147,00-0034857,Josh Allen,7,-101,Home,,2020110801,-110,0,18654,202011080buf,Shawn Smith,10,outdoors,-3,New Era Field,BUF00,astroturf,69,78,55,-101,Sunday,4
2020_09_NE_NYJ,2020-11-09,2020,9,REG,NE,NYJ,30,27,Bill Belichick,-372,00-0027939,Cam Newton,8,102,1,401220140,5458,2020-11-09,20:15,58301,Adam Gase,312,00-0026158,Joe Flacco,8,-113,Home,,2020110900,-106,0,18665,202011090nyj,Alex Kemp,-3,outdoors,-9.5,MetLife Stadium,NYC01,fieldturf,61,57,41.5,-105,Monday,2
2020_10_IND_TEN,2020-11-12,2020,10,REG,IND,TEN,34,17,Frank Reich,-115,00-0022942,Philip Rivers,4,-107,1,401220203,5459,2020-11-12,20:20,58302,Mike Vrabel,105,00-0029701,Ryan Tannehill,4,-103,Home,,2020111200,-111,0,18666,202011120oti,Brad Allen,-17,outdoors,-1,Nissan Stadium,NAS00,grass,56,51,49,-100,Thursday,6
2020_10_BAL_NE,2020-11-15,2020,10,REG,BAL,NE,17,23,John Harbaugh,-318,00-0034796,Lamar Jackson,7,100,0,401220137,5471,2020-11-15,20:20,58314,Bill Belichick,272,00-0027939,Cam Newton,6,-110,Home,,2020111511,-107,0,18678,202011150nwe,Shawn Hochuli,6,outdoors,-7,Gillette Stadium,BOS00,grass,52,40,44,-104,Sunday,13
2020_10_BUF_ARI,2020-11-15,2020,10,REG,BUF,ARI,30,32,Sean McDermott,138,00-0034857,Josh Allen,7,-108,0,401220341,5466,2020-11-15,16:05,58309,Kliff Kingsbury,-153,00-0035228,Kyler Murray,7,-102,Home,,2020111506,-105,0,18673,202011150crd,Craig Wrolstad,2,closed,3,State Farm Stadium,PHO00,grass,,62,55.5,-106,Sunday,
2020_10_CIN_PIT,2020-11-15,2020,10,REG,CIN,PIT,10,36,Zac Taylor,255,00-0036442,Joe Burrow,14,-101,1,401220171,5460,2020-11-15,16:25,58308,Mike Tomlin,-297,00-0022924,Ben Roethlisberger,7,-109,Home,,2020111505,-112,0,18672,202011150pit,Adrian Hill,26,outdoors,6.5,Heinz Field,PIT00,grass,52,46,45.5,101,Sunday,21
2020_10_DEN_LV,2020-11-15,2020,10,REG,DEN,LV,12,37,Vic Fangio,168,00-0035704,Drew Lock,7,-106,1,401220226,5467,2020-11-15,16:05,58310,Jon Gruden,-188,00-0031280,Derek Carr,7,-104,Home,,2020111507,-101,0,18674,202011150rai,Tony Corrente,25,dome,3.5,Allegiant Stadium,VEG00,grass,,49,50.5,-110,Sunday,
2020_10_HOU_CLE,2020-11-15,2020,10,REG,HOU,CLE,7,10,Romeo Crennel,192,00-0033537,Deshaun Watson,7,-106,0,401220165,5461,2020-11-15,13:00,58304,Kevin Stefanski,-217,00-0034855,Baker Mayfield,14,-104,Home,,2020111501,-107,0,18668,202011150cle,Ronald Torbert,3,outdoors,4.5,FirstEnergy Stadium,CLE00,grass,59,17,46,-104,Sunday,25
2020_10_JAX_GB,2020-11-15,2020,10,REG,JAX,GB,20,24,Doug Marrone,653,00-0036312,Jake Luton,7,-105,0,401220295,5462,2020-11-15,13:00,58306,Matt LaFleur,-893,00-0023459,Aaron Rodgers,10,-105,Home,,2020111503,-107,0,18670,202011150gnb,Shawn Smith,4,outdoors,13.5,Lambeau Field,GNB00,grass,38,44,47,-104,Sunday,23
2020_10_LAC_MIA,2020-11-15,2020,10,REG,LAC,MIA,21,29,Anthony Lynn,104,00-0036355,Justin Herbert,7,-100,0,401220126,5425,2020-11-15,16:05,58266,Brian Flores,-115,00-0036212,Tua Tagovailoa,7,-110,Home,,2020111512,-104,0,18630,202011150mia,Jerome Boger,8,outdoors,1,Hard Rock Stadium,MIA00,grass,83,50,48.5,-107,Sunday,7
2020_10_PHI_NYG,2020-11-15,2020,10,REG,PHI,NYG,17,27,Doug Pederson,-219,00-0032950,Carson Wentz,14,-106,1,401220251,5463,2020-11-15,13:00,58307,Joe Judge,194,00-0035710,Daniel Jones,7,-104,Home,,2020111504,-113,0,18671,202011150nyg,Clay Martin,10,outdoors,-4.5,MetLife Stadium,NYC01,fieldturf,56,44,45,102,Sunday,18
2020_10_SEA_LA,2020-11-15,2020,10,REG,SEA,LA,16,23,Pete Carroll,132,00-0029263,Russell Wilson,7,-115,1,401220346,5470,2020-11-15,16:25,58312,Sean McVay,-146,00-0033106,Jared Goff,14,104,Home,,2020111509,-111,0,18676,202011150ram,Clete Blakeman,7,dome,3,SoFi Stadium,LAX01,matrixturf,,39,55,-100,Sunday,
2020_10_SF_NO,2020-11-15,2020,10,REG,SF,NO,13,27,Kyle Shanahan,323,00-0033319,Nick Mullens,10,-110,0,401220327,5469,2020-11-15,16:25,58313,Sean Payton,-387,00-0020531,Drew Brees,7,-101,Home,,2020111510,-105,0,18677,202011150nor,Brad Rogers,14,dome,9.5,Mercedes-Benz Superdome,NOR00,astroturf,,40,49.5,-106,Sunday,
2020_10_TB_CAR,2020-11-15,2020,10,REG,TB,CAR,46,23,Bruce Arians,-259,00-0019596,Tom Brady,7,-108,1,401220368,5464,2020-11-15,13:00,58303,Matt Rhule,226,00-0031237,Teddy Bridgewater,7,-102,Home,,2020111500,-106,0,18667,202011150car,Land Clark,-23,outdoors,-6,Bank of America Stadium,CAR00,grass,65,69,49.5,-105,Sunday,15
2020_10_WAS_DET,2020-11-15,2020,10,REG,WAS,DET,27,30,Ron Rivera,123,00-0023436,Alex Smith,7,100,0,401220289,5465,2020-11-15,13:00,58305,Matt Patricia,-136,00-0026498,Matthew Stafford,7,-110,Home,,2020111502,100,0,18669,202011150det,Alex Kemp,3,dome,2.5,Ford Field,DET00,fieldturf,,57,46,-111,Sunday,
2020_10_MIN_CHI,2020-11-16,2020,10,REG,MIN,CHI,19,13,Mike Zimmer,-170,00-0029604,Kirk Cousins,8,108,1,401220276,5472,2020-11-16,20:15,58315,Matt Nagy,152,00-0029567,Nick Foles,8,-119,Home,,2020111600,-111,0,18679,202011160chi,Scott Novak,-6,outdoors,-3.5,Soldier Field,CHI98,grass,44,32,44,100,Monday,11
2020_11_ARI_SEA,2020-11-19,2020,11,REG,ARI,SEA,21,28,Kliff Kingsbury,147,00-0035228,Kyler Murray,4,-105,1,401220360,5473,2020-11-19,20:20,58316,Pete Carroll,-164,00-0029263,Russell Wilson,4,-105,Home,,2020111900,-110,0,18680,202011190sea,Tony Corrente,7,outdoors,3,Lumen Field,SEA00,fieldturf,48,49,56.5,-101,Thursday,11
2020_11_ATL_NO,2020-11-22,2020,11,REG,ATL,NO,9,24,Raheem Morris,162,00-0026143,Matt Ryan,14,-109,1,401220321,5474,2020-11-22,13:00,58323,Sean Payton,-181,00-0033357,Taysom Hill,7,-101,Home,,2020112206,-108,0,18687,202011220nor,Brad Allen,15,dome,3.5,Mercedes-Benz Superdome,NOR00,astroturf,,33,49.5,-103,Sunday,
2020_11_CIN_WAS,2020-11-22,2020,11,REG,CIN,WAS,9,20,Zac Taylor,110,00-0036442,Joe Burrow,7,-109,0,401220272,5475,2020-11-22,13:00,58324,Ron Rivera,-121,00-0023436,Alex Smith,7,-101,Home,,2020112207,-105,0,18688,202011220was,Shawn Smith,11,outdoors,2,FedExField,WAS00,grass,57,29,48,-106,Sunday,7
2020_11_DAL_MIN,2020-11-22,2020,11,REG,DAL,MIN,31,28,Mike McCarthy,261,00-0027973,Andy Dalton,14,-110,0,401220305,5483,2020-11-22,16:25,58326,Mike Zimmer,-304,00-0029604,Kirk Cousins,6,-100,Home,,2020112209,-101,0,18690,202011220min,Bill Vinovich,-3,dome,7,U.S. Bank Stadium,MIN01,sportturf,,59,50,-111,Sunday,
2020_11_DET_CAR,2020-11-22,2020,11,REG,DET,CAR,0,20,Matt Patricia,-169,00-0026498,Matthew Stafford,7,-119,0,401220318,5476,2020-11-22,13:00,58318,Matt Rhule,152,00-0033275,Phillip Walker,7,108,Home,,2020112201,-106,0,18682,202011220car,Ronald Torbert,20,outdoors,-3,Bank of America Stadium,CAR00,grass,65,20,47,-105,Sunday,7
2020_11_GB_IND,2020-11-22,2020,11,REG,GB,IND,31,34,Matt LaFleur,109,00-0023459,Aaron Rodgers,7,-104,0,401220191,5477,2020-11-22,16:25,58321,Frank Reich,-120,00-0022942,Philip Rivers,10,-106,Home,,2020112204,-114,1,18685,202011220clt,Shawn Hochuli,3,closed,1.5,Lucas Oil Stadium,IND00,fieldturf,,65,52,102,Sunday,
2020_11_KC_LV,2020-11-22,2020,11,REG,KC,LV,35,31,Andy Reid,-351,00-0033873,Patrick Mahomes,14,-108,1,401220227,5484,2020-11-22,20:20,58327,Jon Gruden,296,00-0031280,Derek Carr,7,-102,Home,,2020112210,-107,0,18691,202011220rai,Carl Cheffers,-4,dome,-7.5,Allegiant Stadium,VEG00,grass,,66,56.5,-104,Sunday,
2020_11_MIA_DEN,2020-11-22,2020,11,REG,MIA,DEN,13,20,Brian Flores,-196,00-0036212,Tua Tagovailoa,7,-105,0,401220214,5413,2020-11-22,16:05,58256,Vic Fangio,174,00-0035704,Drew Lock,7,-105,Home,,2020112211,-103,0,18619,202011220den,Land Clark,7,outdoors,-4,Empower Field at Mile High,DEN00,grass,45,33,46,-108,Sunday,7
2020_11_NE_HOU,2020-11-22,2020,11,REG,NE,HOU,20,27,Bill Belichick,-147,00-0027939,Cam Newton,7,-117,0,401220185,5478,2020-11-22,13:00,58320,Romeo Crennel,132,00-0033537,Deshaun Watson,7,106,Home,,2020112203,-108,0,18684,202011220htx,John Hussey,7,closed,-2.5,NRG Stadium,HOU00,grass,,47,49.5,-103,Sunday,
2020_11_NYJ_LAC,2020-11-22,2020,11,REG,NYJ,LAC,28,34,Adam Gase,351,00-0026158,Joe Flacco,13,-110,0,401220238,5414,2020-11-22,16:05,58257,Anthony Lynn,-425,00-0036355,Justin Herbert,7,-101,Home,,2020112212,-107,0,18620,202011220sdg,Craig Wrolstad,6,dome,10,SoFi Stadium,LAX01,matrixturf,,62,47,-104,Sunday,
2020_11_PHI_CLE,2020-11-22,2020,11,REG,PHI,CLE,17,22,Doug Pederson,122,00-0032950,Carson Wentz,7,-104,0,401220167,5479,2020-11-22,13:00,58319,Kevin Stefanski,-135,00-0034855,Baker Mayfield,7,-106,Home,,2020112202,-103,0,18683,202011220cle,Adrian Hill,5,outdoors,2.5,FirstEnergy Stadium,CLE00,grass,38,39,45.5,-109,Sunday,8
2020_11_PIT_JAX,2020-11-22,2020,11,REG,PIT,JAX,27,3,Mike Tomlin,-475,00-0022924,Ben Roethlisberger,7,-103,0,401220198,5480,2020-11-22,13:00,58322,Doug Marrone,386,00-0036312,Jake Luton,7,-107,Home,,2020112205,-113,0,18686,202011220jax,Scott Novak,-24,outdoors,-11,TIAA Bank Stadium,JAX00,grass,72,30,47,101,Sunday,3
2020_11_TEN_BAL,2020-11-22,2020,11,REG,TEN,BAL,30,24,Mike Vrabel,221,00-0029701,Ryan Tannehill,10,-103,0,401220150,5481,2020-11-22,13:00,58317,John Harbaugh,-253,00-0034796,Lamar Jackson,7,-107,Home,,2020112200,-109,1,18681,202011220rav,Alex Kemp,-6,outdoors,6,M&T Bank Stadium,BAL00,grass,53,54,50.5,-102,Sunday,6
2020_11_LA_TB,2020-11-23,2020,11,REG,LA,TB,27,24,Sean McVay,173,00-0033106,Jared Goff,8,-109,0,401220335,5485,2020-11-23,20:15,58328,Bruce Arians,-195,00-0019596,Tom Brady,8,-102,Home,,2020112300,-102,0,18692,202011230tam,Jerome Boger,-3,outdoors,4,Raymond James Stadium,TAM00,grass,69,51,47.5,-109,Monday,5
2020_12_HOU_DET,2020-11-26,2020,12,REG,HOU,DET,41,25,Romeo Crennel,-155,00-0033537,Deshaun Watson,4,-104,0,401220287,5487,2020-11-26,12:30,58329,Matt Patricia,139,00-0026498,Matthew Stafford,4,-106,Home,,2020112600,-101,0,18693,202011260det,Shawn Smith,-16,dome,-3,Ford Field,DET00,fieldturf,,66,52.5,-110,Thursday,
2020_12_WAS_DAL,2020-11-26,2020,12,REG,WAS,DAL,41,16,Ron Rivera,122,00-0023436,Alex Smith,4,-104,1,401220244,5486,2020-11-26,16:30,58330,Mike McCarthy,-135,00-0027973,Andy Dalton,4,-106,Home,,2020112601,-106,0,18694,202011260dal,Clay Martin,-25,closed,2.5,AT&T Stadium,DAL00,fieldturf,,57,46,-105,Thursday,
2020_12_ARI_NE,2020-11-29,2020,12,REG,ARI,NE,17,20,Kliff Kingsbury,-115,00-0035228,Kyler Murray,10,-107,0,401220135,5489,2020-11-29,13:00,58338,Bill Belichick,104,00-0027939,Cam Newton,7,-103,Home,,2020112906,-105,0,18702,202011290nwe,Bill Vinovich,3,outdoors,-1,Gillette Stadium,BOS00,grass,52,37,51,-106,Sunday,8
2020_12_CAR_MIN,2020-11-29,2020,12,REG,CAR,MIN,27,28,Matt Rhule,131,00-0031237,Teddy Bridgewater,7,-115,0,401220302,5490,2020-11-29,13:00,58337,Mike Zimmer,-145,00-0029604,Kirk Cousins,7,104,Home,,2020112905,-107,0,18701,202011290min,Brad Rogers,1,dome,3,U.S. Bank Stadium,MIN01,sportturf,,55,50,-104,Sunday,
2020_12_CHI_GB,2020-11-29,2020,12,REG,CHI,GB,25,41,Matt Nagy,293,00-0033869,Mitch Trubisky,13,-116,1,401220290,5500,2020-11-29,20:20,58343,Matt LaFleur,-346,00-0023459,Aaron Rodgers,7,105,Home,,2020112911,-106,0,18707,202011290gnb,Clete Blakeman,16,outdoors,7.5,Lambeau Field,GNB00,grass,37,66,44,-105,Sunday,13
2020_12_CLE_JAX,2020-11-29,2020,12,REG,CLE,JAX,27,25,Kevin Stefanski,-334,00-0034855,Baker Mayfield,7,102,0,401220197,5491,2020-11-29,13:00,58336,Doug Marrone,284,00-0030520,Mike Glennon,7,-112,Home,,2020112904,100,0,18700,202011290jax,Jerome Boger,-2,outdoors,-7.5,TIAA Bank Stadium,JAX00,grass,70,52,48.5,-112,Sunday,1
2020_12_KC_TB,2020-11-29,2020,12,REG,KC,TB,27,24,Andy Reid,-166,00-0033873,Patrick Mahomes,7,112,0,401220333,5499,2020-11-29,16:25,58342,Bruce Arians,149,00-0019596,Tom Brady,6,-124,Home,,2020112910,-108,0,18706,202011290tam,Shawn Hochuli,-3,outdoors,-3.5,Raymond James Stadium,TAM00,grass,81,51,56,-103,Sunday,5
2020_12_LAC_BUF,2020-11-29,2020,12,REG,LAC,BUF,17,27,Anthony Lynn,189,00-0036355,Justin Herbert,7,-107,0,401220118,5493,2020-11-29,13:00,58333,Sean McDermott,-214,00-0034857,Josh Allen,14,-103,Home,,2020112901,-114,0,18697,202011290buf,Alex Kemp,10,outdoors,4.5,New Era Field,BUF00,astroturf,48,44,51,103,Sunday,7
2020_12_LV_ATL,2020-11-29,2020,12,REG,LV,ATL,6,43,Jon Gruden,-184,00-0031280,Derek Carr,7,-105,0,401220312,5492,2020-11-29,13:00,58332,Raheem Morris,164,00-0026143,Matt Ryan,7,-105,Home,,2020112900,-102,0,18696,202011290atl,Land Clark,37,closed,-3.5,Mercedes-Benz Stadium,ATL97,fieldturf,,49,53,-109,Sunday,
2020_12_MIA_NYJ,2020-11-29,2020,12,REG,MIA,NYJ,20,3,Brian Flores,-350,00-0023682,Ryan Fitzpatrick,7,-106,1,401220139,5494,2020-11-29,13:00,58339,Adam Gase,296,00-0034869,Sam Darnold,7,-104,Home,,2020112907,-112,0,18703,202011290nyj,Adrian Hill,-17,outdoors,-7.5,MetLife Stadium,NYC01,fieldturf,54,23,46,100,Sunday,2
2020_12_NO_DEN,2020-11-29,2020,12,REG,NO,DEN,31,3,Sean Payton,-1350,00-0033357,Taysom Hill,7,-103,0,401220215,5497,2020-11-29,16:05,58340,Vic Fangio,906,00-0035864,Kendall Hinton,7,-107,Home,,2020112908,-102,0,18704,202011290den,Craig Wrolstad,-28,outdoors,-17,Empower Field at Mile High,DEN00,grass,38,34,36.5,-109,Sunday,6
2020_12_NYG_CIN,2020-11-29,2020,12,REG,NYG,CIN,19,17,Joe Judge,-260,00-0035710,Daniel Jones,14,-103,0,401220160,5495,2020-11-29,13:00,58334,Zac Taylor,227,00-0032434,Brandon Allen,7,-107,Home,,2020112902,-102,0,18698,202011290cin,Carl Cheffers,-2,outdoors,-6.5,Paul Brown Stadium,CIN00,grass,52,36,45,-109,Sunday,4
2020_12_SF_LA,2020-11-29,2020,12,REG,SF,LA,23,20,Kyle Shanahan,190,00-0033319,Nick Mullens,14,-112,1,401220345,5498,2020-11-29,16:05,58341,Sean McVay,-215,00-0033106,Jared Goff,6,101,Home,,2020112909,-110,0,18705,202011290ram,Scott Novak,-3,dome,5,SoFi Stadium,LAX01,matrixturf,,43,44.5,-101,Sunday,
2020_12_TEN_IND,2020-11-29,2020,12,REG,TEN,IND,45,26,Mike Vrabel,133,00-0029701,Ryan Tannehill,7,-114,1,401220188,5496,2020-11-29,13:00,58335,Frank Reich,-147,00-0022942,Philip Rivers,7,103,Home,,2020112903,-104,0,18699,202011290clt,John Hussey,-19,closed,3,Lucas Oil Stadium,IND00,fieldturf,,71,51.5,-107,Sunday,
2020_12_SEA_PHI,2020-11-30,2020,12,REG,SEA,PHI,23,17,Pete Carroll,-274,00-0029263,Russell Wilson,11,-106,0,401220262,5501,2020-11-30,20:15,58344,Doug Pederson,237,00-0032950,Carson Wentz,8,-104,Home,,2020113000,-103,0,18708,202011300phi,Brad Allen,-6,outdoors,-6.5,Lincoln Financial Field,PHI00,grass,60,40,50,-108,Monday,16
2020_12_BAL_PIT,2020-12-02,2020,12,REG,BAL,PIT,14,19,John Harbaugh,416,00-0029665,Robert Griffin,10,-109,1,401220170,5488,2020-12-02,15:40,58331,Mike Tomlin,-518,00-0022924,Ben Roethlisberger,10,-101,Home,,2020120200,-107,0,18695,202012020pit,Ronald Torbert,5,outdoors,10.5,Heinz Field,PIT00,grass,36,33,41.5,-104,Wednesday,14
2020_13_CIN_MIA,2020-12-06,2020,13,REG,CIN,MIA,7,19,Zac Taylor,397,00-0032434,Brandon Allen,7,-115,0,401220129,5503,2020-12-06,13:00,58349,Brian Flores,-491,00-0036212,Tua Tagovailoa,7,105,Home,,2020120603,-109,0,18713,202012060mia,Ronald Torbert,12,outdoors,10.5,Hard Rock Stadium,MIA00,grass,81,26,43,-103,Sunday,5
2020_13_CLE_TEN,2020-12-06,2020,13,REG,CLE,TEN,41,35,Kevin Stefanski,178,00-0034855,Baker Mayfield,7,-111,0,401220205,5504,2020-12-06,13:00,58353,Mike Vrabel,-200,00-0029701,Ryan Tannehill,7,101,Home,,2020120607,-104,0,18717,202012060oti,Clete Blakeman,-6,outdoors,4,Nissan Stadium,NAS00,grass,52,76,54,-107,Sunday,1
2020_13_DEN_KC,2020-12-06,2020,13,REG,DEN,KC,16,22,Vic Fangio,510,00-0035704,Drew Lock,7,-120,1,401220218,5515,2020-12-06,20:20,58358,Andy Reid,-660,00-0033873,Patrick Mahomes,7,108,Home,,2020120612,-111,0,18722,202012060kan,Alex Kemp,6,outdoors,13,Arrowhead Stadium,KAN00,astroturf,41,38,51,-101,Sunday,9
2020_13_DET_CHI,2020-12-06,2020,13,REG,DET,CHI,34,30,Darrell Bevell,145,00-0026498,Matthew Stafford,10,-100,1,401220274,5505,2020-12-06,13:00,58347,Matt Nagy,-161,00-0033869,Mitch Trubisky,7,-110,Home,,2020120601,-104,0,18711,202012060chi,Clay Martin,-4,outdoors,3,Soldier Field,CHI98,grass,35,64,44,-108,Sunday,5
2020_13_IND_HOU,2020-12-06,2020,13,REG,IND,HOU,26,20,Frank Reich,-176,00-0022942,Philip Rivers,7,101,1,401220178,5506,2020-12-06,13:00,58348,Romeo Crennel,157,00-0033537,Deshaun Watson,10,-112,Home,,2020120602,-106,0,18712,202012060htx,Scott Novak,-6,closed,-3.5,NRG Stadium,HOU00,grass,,46,50,-105,Sunday,
2020_13_JAX_MIN,2020-12-06,2020,13,REG,JAX,MIN,24,27,Doug Marrone,365,00-0030520,Mike Glennon,7,-118,0,401220303,5507,2020-12-06,13:00,58350,Mike Zimmer,-445,00-0029604,Kirk Cousins,7,107,Home,,2020120604,-114,1,18714,202012060min,Land Clark,3,dome,10.5,U.S. Bank Stadium,MIN01,sportturf,,51,51,103,Sunday,
2020_13_LA_ARI,2020-12-06,2020,13,REG,LA,ARI,38,28,Sean McVay,-144,00-0033106,Jared Goff,7,-114,1,401220336,5511,2020-12-06,16:05,58354,Kliff Kingsbury,130,00-0035228,Kyler Murray,7,103,Home,,2020120608,-107,0,18718,202012060crd,Jerome Boger,-10,closed,-2.5,State Farm Stadium,PHO00,grass,,66,49,-104,Sunday,
2020_13_LV_NYJ,2020-12-06,2020,13,REG,LV,NYJ,31,28,Jon Gruden,-349,00-0031280,Derek Carr,7,103,0,401220142,5508,2020-12-06,13:00,58351,Adam Gase,295,00-0034869,Sam Darnold,7,-113,Home,,2020120605,-116,0,18715,202012060nyj,Shawn Smith,-3,outdoors,-7.5,MetLife Stadium,NYC01,fieldturf,39,59,48,104,Sunday,18
2020_13_NE_LAC,2020-12-06,2020,13,REG,NE,LAC,45,0,Bill Belichick,117,00-0027939,Cam Newton,7,-109,0,401220237,5513,2020-12-06,16:25,58357,Anthony Lynn,-129,00-0036355,Justin Herbert,7,-102,Home,,2020120611,100,0,18721,202012060sdg,Carl Cheffers,-45,dome,2.5,SoFi Stadium,LAX01,matrixturf,,45,47,-112,Sunday,
2020_13_NO_ATL,2020-12-06,2020,13,REG,NO,ATL,21,16,Sean Payton,-141,00-0033357,Taysom Hill,7,-113,1,401220307,5509,2020-12-06,13:00,58346,Raheem Morris,127,00-0026143,Matt Ryan,7,102,Home,,2020120600,-110,0,18710,202012060atl,Adrian Hill,-5,closed,-2.5,Mercedes-Benz Stadium,ATL97,fieldturf,,37,46,-101,Sunday,
2020_13_NYG_SEA,2020-12-06,2020,13,REG,NYG,SEA,17,12,Joe Judge,413,00-0027688,Colt McCoy,7,-114,0,401220364,5512,2020-12-06,16:05,58355,Pete Carroll,-514,00-0029263,Russell Wilson,6,104,Home,,2020120609,-110,0,18719,202012060sea,Craig Wrolstad,-5,outdoors,11,Lumen Field,SEA00,fieldturf,51,29,48.5,-102,Sunday,4
2020_13_PHI_GB,2020-12-06,2020,13,REG,PHI,GB,16,30,Doug Pederson,328,00-0032950,Carson Wentz,6,-102,0,401220297,5514,2020-12-06,16:25,58356,Matt LaFleur,-393,00-0023459,Aaron Rodgers,7,-108,Home,,2020120610,-104,0,18720,202012060gnb,Bill Vinovich,14,outdoors,8,Lambeau Field,GNB00,grass,34,46,50,-107,Sunday,9
2020_13_BUF_SF,2020-12-07,2020,13,REG,BUF,SF,34,24,Sean McDermott,110,00-0034857,Josh Allen,8,-103,0,401220357,5516,2020-12-07,20:15,58359,Kyle Shanahan,-122,00-0033319,Nick Mullens,8,-107,Neutral,,2020120700,-108,0,18723,202012070sfo,Tony Corrente,-10,closed,1.5,State Farm Stadium,PHO00,grass,,58,48,-103,Monday,
2020_13_WAS_PIT,2020-12-07,2020,13,REG,WAS,PIT,23,17,Ron Rivera,231,00-0023436,Alex Smith,11,-100,0,401220176,5510,2020-12-07,17:00,58352,Mike Tomlin,-265,00-0022924,Ben Roethlisberger,5,-110,Home,,2020120702,-110,0,18716,202012070pit,John Hussey,-6,outdoors,5.5,Heinz Field,PIT00,grass,34,40,43.5,-101,Monday,10
2020_13_DAL_BAL,2020-12-08,2020,13,REG,DAL,BAL,17,34,Mike McCarthy,326,00-0027973,Andy Dalton,12,-103,0,401220151,5502,2020-12-08,20:05,58345,John Harbaugh,-390,00-0034796,Lamar Jackson,6,-108,Home,,2020120800,-103,0,18709,202012080rav,Brad Allen,17,outdoors,8.5,M&T Bank Stadium,BAL00,grass,38,51,46,-108,Tuesday,9
2020_14_NE_LA,2020-12-10,2020,14,REG,NE,LA,3,24,Bill Belichick,201,00-0027939,Cam Newton,4,-103,0,401220349,5517,2020-12-10,20:20,58360,Sean McVay,-228,00-0033106,Jared Goff,4,-107,Home,,2020121000,-110,0,18724,202012100ram,Craig Wrolstad,21,dome,5,SoFi Stadium,LAX01,matrixturf,,27,43.5,-102,Thursday,
2020_14_ARI_NYG,2020-12-13,2020,14,REG,ARI,NYG,26,7,Kliff Kingsbury,-154,00-0035228,Kyler Murray,7,-106,0,401220253,5518,2020-12-13,13:00,58367,Joe Judge,139,00-0035710,Daniel Jones,7,-104,Home,,2020121306,-111,0,18731,202012130nyg,Ronald Torbert,-19,outdoors,-3,MetLife Stadium,NYC01,fieldturf,59,33,47,-101,Sunday,15
2020_14_ATL_LAC,2020-12-13,2020,14,REG,ATL,LAC,17,20,Raheem Morris,107,00-0026143,Matt Ryan,7,100,0,401220239,5528,2020-12-13,16:25,58371,Anthony Lynn,-118,00-0036355,Justin Herbert,7,-110,Home,,2020121310,-111,0,18735,202012130sdg,Tony Corrente,3,dome,1,SoFi Stadium,LAX01,matrixturf,,37,49,-101,Sunday,
2020_14_DAL_CIN,2020-12-13,2020,14,REG,DAL,CIN,30,7,Mike McCarthy,-164,00-0027973,Andy Dalton,5,-114,0,401220159,5519,2020-12-13,13:00,58363,Zac Taylor,148,00-0032434,Brandon Allen,7,103,Home,,2020121302,-105,0,18727,202012130cin,John Hussey,-23,outdoors,-3,Paul Brown Stadium,CIN00,grass,44,37,44,-106,Sunday,5
2020_14_DEN_CAR,2020-12-13,2020,14,REG,DEN,CAR,32,27,Vic Fangio,177,00-0035704,Drew Lock,7,-101,0,401220319,5520,2020-12-13,13:00,58361,Matt Rhule,-199,00-0031237,Teddy Bridgewater,14,-109,Home,,2020121300,-110,0,18725,202012130car,Shawn Hochuli,-5,outdoors,4,Bank of America Stadium,CAR00,grass,70,59,46,-101,Sunday,7
2020_14_GB_DET,2020-12-13,2020,14,REG,GB,DET,31,24,Matt LaFleur,-345,00-0023459,Aaron Rodgers,7,106,1,401220283,5521,2020-12-13,16:25,58364,Darrell Bevell,292,00-0026498,Matthew Stafford,7,-117,Home,,2020121303,-106,0,18728,202012130det,Alex Kemp,-7,dome,-9.5,Ford Field,DET00,fieldturf,,55,55.5,-105,Sunday,
2020_14_HOU_CHI,2020-12-13,2020,14,REG,HOU,CHI,7,36,Romeo Crennel,-114,00-0033537,Deshaun Watson,7,-107,0,401220279,5522,2020-12-13,13:00,58362,Matt Nagy,104,00-0033869,Mitch Trubisky,7,-103,Home,,2020121301,-112,0,18726,202012130chi,Land Clark,29,outdoors,-1,Soldier Field,CHI98,grass,34,43,46,101,Sunday,1
2020_14_IND_LV,2020-12-13,2020,14,REG,IND,LV,44,27,Frank Reich,-130,00-0022942,Philip Rivers,7,-104,0,401220233,5526,2020-12-13,16:05,58369,Jon Gruden,118,00-0031280,Derek Carr,7,-106,Home,,2020121308,-108,0,18733,202012130rai,Clete Blakeman,-17,dome,-2.5,Allegiant Stadium,VEG00,grass,,71,51.5,-103,Sunday,
2020_14_KC_MIA,2020-12-13,2020,14,REG,KC,MIA,33,27,Andy Reid,-330,00-0033873,Patrick Mahomes,7,109,0,401220125,5523,2020-12-13,13:00,58366,Brian Flores,281,00-0036212,Tua Tagovailoa,7,-121,Home,,2020121305,-109,0,18730,202012130mia,Clay Martin,-6,outdoors,-7.5,Hard Rock Stadium,MIA00,grass,81,60,51.5,-102,Sunday,8
2020_14_MIN_TB,2020-12-13,2020,14,REG,MIN,TB,14,26,Mike Zimmer,271,00-0029604,Kirk Cousins,7,-106,0,401220332,5524,2020-12-13,13:00,58368,Bruce Arians,-317,00-0019596,Tom Brady,14,-104,Home,,2020121307,104,0,18732,202012130tam,Brad Allen,12,outdoors,7,Raymond James Stadium,TAM00,grass,78,40,52.5,-116,Sunday,5
2020_14_NO_PHI,2020-12-13,2020,14,REG,NO,PHI,21,24,Sean Payton,-335,00-0033357,Taysom Hill,7,-104,0,401220265,5529,2020-12-13,16:25,58372,Doug Pederson,284,00-0036389,Jalen Hurts,7,-106,Home,,2020121311,-105,0,18736,202012130phi,Jerome Boger,3,outdoors,-7.5,Lincoln Financial Field,PHI00,grass,57,45,43,-106,Sunday,10
2020_14_NYJ_SEA,2020-12-13,2020,14,REG,NYJ,SEA,3,40,Adam Gase,734,00-0034869,Sam Darnold,7,-110,0,401220366,5527,2020-12-13,16:05,58370,Pete Carroll,-1032,00-0029263,Russell Wilson,7,-100,Home,,2020121309,-117,0,18734,202012130sea,Scott Novak,37,outdoors,16.5,Lumen Field,SEA00,fieldturf,43,43,49.5,105,Sunday,8
2020_14_PIT_BUF,2020-12-13,2020,14,REG,PIT,BUF,15,26,Mike Tomlin,112,00-0022924,Ben Roethlisberger,6,-109,0,401220121,5531,2020-12-13,20:20,58374,Sean McDermott,-124,00-0034857,Josh Allen,6,-102,Home,,2020121313,-105,0,18738,202012130buf,Shawn Smith,11,outdoors,2,New Era Field,BUF00,astroturf,35,41,48.5,-106,Sunday,11
2020_14_TEN_JAX,2020-12-13,2020,14,REG,TEN,JAX,31,10,Mike Vrabel,-364,00-0029701,Ryan Tannehill,7,-106,1,401220196,5525,2020-12-13,13:00,58365,Doug Marrone,307,00-0030520,Mike Glennon,7,-104,Home,,2020121304,101,0,18729,202012130jax,Adrian Hill,-21,outdoors,-7.5,TIAA Bank Stadium,JAX00,grass,69,41,53,-112,Sunday,2
2020_14_WAS_SF,2020-12-13,2020,14,REG,WAS,SF,23,15,Ron Rivera,134,00-0023436,Alex Smith,6,-111,0,401220356,5530,2020-12-13,16:25,58373,Kyle Shanahan,-149,00-0033319,Nick Mullens,6,101,Neutral,,2020121312,-107,0,18737,202012130sfo,Carl Cheffers,-8,closed,3,State Farm Stadium,PHO00,grass,,38,43.5,-104,Sunday,
2020_14_BAL_CLE,2020-12-14,2020,14,REG,BAL,CLE,47,42,John Harbaugh,-174,00-0034796,Lamar Jackson,6,-116,1,401220162,5532,2020-12-14,20:15,58375,Kevin Stefanski,156,00-0034855,Baker Mayfield,8,105,Home,,2020121400,-111,0,18739,202012140cle,Bill Vinovich,-5,outdoors,-3,FirstEnergy Stadium,CLE00,grass,34,89,45.5,-100,Monday,18
2020_15_LAC_LV,2020-12-17,2020,15,REG,LAC,LV,30,27,Anthony Lynn,156,00-0036355,Justin Herbert,4,-123,1,401220228,5533,2020-12-17,20:20,58376,Jon Gruden,-174,00-0031280,Derek Carr,4,111,Home,,2020121700,-110,1,18740,202012170rai,John Hussey,-3,dome,3.5,Allegiant Stadium,VEG00,grass,,57,52,-101,Thursday,
2020_15_BUF_DEN,2020-12-19,2020,15,REG,BUF,DEN,48,19,Sean McDermott,-242,00-0034857,Josh Allen,6,-105,0,401220213,5534,2020-12-19,16:30,58377,Vic Fangio,212,00-0035704,Drew Lock,6,-105,Home,,2020121900,-108,0,18741,202012190den,Clete Blakeman,-29,outdoors,-5.5,Empower Field at Mile High,DEN00,grass,47,67,49,-103,Saturday,24
2020_15_CAR_GB,2020-12-19,2020,15,REG,CAR,GB,16,24,Matt Rhule,346,00-0031237,Teddy Bridgewater,6,-103,0,401220294,5535,2020-12-19,20:15,58378,Matt LaFleur,-419,00-0023459,Aaron Rodgers,6,-107,Home,,2020121901,-107,0,18742,202012190gnb,Alex Kemp,8,outdoors,9.5,Lambeau Field,GNB00,grass,33,40,53,-104,Saturday,5
2020_15_CHI_MIN,2020-12-20,2020,15,REG,CHI,MIN,33,27,Matt Nagy,137,00-0033869,Mitch Trubisky,7,111,1,401220298,5536,2020-12-20,13:00,58385,Mike Zimmer,-152,00-0029604,Kirk Cousins,7,-123,Home,,2020122008,-101,0,18749,202012200min,Shawn Smith,-6,dome,2.5,U.S. Bank Stadium,MIN01,sportturf,,60,47.5,-111,Sunday,
2020_15_CLE_NYG,2020-12-20,2020,15,REG,CLE,NYG,20,6,Kevin Stefanski,-271,00-0034855,Baker Mayfield,6,-108,0,401220255,5537,2020-12-20,20:20,58386,Joe Judge,235,00-0027688,Colt McCoy,7,-102,Home,,2020122009,-111,0,18750,202012200nyg,Shawn Hochuli,-14,outdoors,-6,MetLife Stadium,NYC01,fieldturf,36,26,44.5,-100,Sunday,0
2020_15_DET_TEN,2020-12-20,2020,15,REG,DET,TEN,25,46,Darrell Bevell,325,00-0026498,Matthew Stafford,7,-113,0,401220208,5538,2020-12-20,13:00,58381,Mike Vrabel,-389,00-0029701,Ryan Tannehill,7,102,Home,,2020122004,-103,0,18745,202012200oti,Jerome Boger,21,outdoors,9.5,Nissan Stadium,NAS00,grass,46,71,54.5,-109,Sunday,5
2020_15_HOU_IND,2020-12-20,2020,15,REG,HOU,IND,20,27,Romeo Crennel,311,00-0033537,Deshaun Watson,7,-108,1,401220186,5539,2020-12-20,13:00,58379,Frank Reich,-370,00-0022942,Philip Rivers,7,-102,Home,,2020122002,-105,0,18743,202012200clt,Bill Vinovich,7,closed,7.5,Lucas Oil Stadium,IND00,fieldturf,,47,52.5,-106,Sunday,
2020_15_JAX_BAL,2020-12-20,2020,15,REG,JAX,BAL,14,40,Doug Marrone,564,00-0035289,Gardner Minshew II,7,-118,0,401220149,5540,2020-12-20,13:00,58383,John Harbaugh,-746,00-0034796,Lamar Jackson,6,107,Home,,2020122006,-101,0,18747,202012200rav,Ronald Torbert,26,outdoors,13,M&T Bank Stadium,BAL00,grass,39,54,49.5,-110,Sunday,3
2020_15_KC_NO,2020-12-20,2020,15,REG,KC,NO,32,29,Andy Reid,-137,00-0033873,Patrick Mahomes,7,-113,0,401220325,5546,2020-12-20,16:25,58389,Sean Payton,124,00-0020531,Drew Brees,7,102,Home,,2020122012,-112,0,18753,202012200nor,Scott Novak,-3,dome,-2.5,Mercedes-Benz Superdome,NOR00,astroturf,,61,53.5,101,Sunday,
2020_15_NE_MIA,2020-12-20,2020,15,REG,NE,MIA,12,22,Bill Belichick,-120,00-0027939,Cam Newton,10,-106,1,401220123,5541,2020-12-20,13:00,58384,Brian Flores,109,00-0036212,Tua Tagovailoa,7,-104,Home,,2020122007,-112,0,18748,202012200mia,Brad Allen,10,outdoors,-1.5,Hard Rock Stadium,MIA00,grass,79,34,40,100,Sunday,9
2020_15_NYJ_LA,2020-12-20,2020,15,REG,NYJ,LA,23,20,Adam Gase,957,00-0034869,Sam Darnold,7,-115,0,401220350,5542,2020-12-20,16:05,58380,Sean McVay,-1601,00-0033106,Jared Goff,10,104,Home,,2020122003,-110,0,18744,202012200ram,Tony Corrente,-3,dome,17.5,SoFi Stadium,LAX01,matrixturf,,43,44.5,-102,Sunday,
2020_15_PHI_ARI,2020-12-20,2020,15,REG,PHI,ARI,26,33,Doug Pederson,226,00-0036389,Jalen Hurts,7,-114,0,401220339,5545,2020-12-20,16:05,58388,Kliff Kingsbury,-259,00-0035228,Kyler Murray,7,103,Home,,2020122011,-108,0,18752,202012200crd,Craig Wrolstad,7,closed,6.5,State Farm Stadium,PHO00,grass,,59,49.5,-103,Sunday,
2020_15_SEA_WAS,2020-12-20,2020,15,REG,SEA,WAS,20,15,Pete Carroll,-251,00-0029263,Russell Wilson,7,-103,0,401220270,5543,2020-12-20,13:00,58387,Ron Rivera,219,00-0035232,Dwayne Haskins,7,-107,Home,,2020122010,-108,0,18751,202012200was,Adrian Hill,-5,outdoors,-6,FedExField,WAS00,grass,43,35,44.5,-103,Sunday,8
2020_15_SF_DAL,2020-12-20,2020,15,REG,SF,DAL,33,41,Kyle Shanahan,-202,00-0033319,Nick Mullens,7,-106,0,401220246,5547,2020-12-20,13:00,58390,Mike McCarthy,180,00-0027973,Andy Dalton,7,-104,Home,,2020122013,-105,0,18754,202012200dal,Land Clark,8,closed,-4,AT&T Stadium,DAL00,fieldturf,,74,46,-106,Sunday,
2020_15_TB_ATL,2020-12-20,2020,15,REG,TB,ATL,31,27,Bruce Arians,-258,00-0019596,Tom Brady,7,-104,1,401220308,5544,2020-12-20,13:00,58382,Raheem Morris,225,00-0026143,Matt Ryan,7,-106,Home,,2020122005,-108,0,18746,202012200atl,Brad Rogers,-4,closed,-6,Mercedes-Benz Stadium,ATL97,fieldturf,,58,49.5,-103,Sunday,
2020_15_PIT_CIN,2020-12-21,2020,15,REG,PIT,CIN,17,27,Mike Tomlin,-942,00-0022924,Ben Roethlisberger,8,-101,1,401220156,5548,2020-12-21,20:15,58391,Zac Taylor,682,00-0035652,Ryan Finley,8,-109,Home,,2020122100,-104,0,18755,202012210cin,John Hussey,10,outdoors,-14.5,Paul Brown Stadium,CIN00,grass,43,44,40.5,-107,Monday,10
2020_16_MIN_NO,2020-12-25,2020,16,REG,MIN,NO,33,52,Mike Zimmer,260,00-0029604,Kirk Cousins,5,-109,0,401220324,5549,2020-12-25,16:30,58392,Sean Payton,-302,00-0020531,Drew Brees,5,-102,Home,,2020122500,-102,0,18756,202012250nor,Adrian Hill,19,dome,6.5,Mercedes-Benz Superdome,NOR00,astroturf,,85,49,-109,Friday,
2020_16_MIA_LV,2020-12-26,2020,16,REG,MIA,LV,26,25,Brian Flores,-125,00-0036212,Tua Tagovailoa,6,-104,0,401220230,5557,2020-12-26,20:15,58396,Jon Gruden,113,00-0031280,Derek Carr,9,-106,Home,,2020122602,-112,0,18759,202012260rai,Tony Corrente,-1,dome,-2,Allegiant Stadium,VEG00,grass,,51,50,101,Saturday,
2020_16_SF_ARI,2020-12-26,2020,16,REG,SF,ARI,20,12,Kyle Shanahan,242,00-0033936,C.J. Beathard,6,-108,1,401220337,5559,2020-12-26,16:30,58393,Kliff Kingsbury,-280,00-0035228,Kyler Murray,6,-102,Home,,2020122601,-107,0,18757,202012260crd,Clete Blakeman,-8,closed,6,State Farm Stadium,PHO00,grass,,32,49,-104,Saturday,
2020_16_TB_DET,2020-12-26,2020,16,REG,TB,DET,47,7,Bruce Arians,-591,00-0019596,Tom Brady,6,101,0,401220286,5560,2020-12-26,13:00,58394,Darrell Bevell,455,00-0026498,Matthew Stafford,6,-111,Home,,2020122600,-104,0,18758,202012260det,Scott Novak,-40,dome,-12,Ford Field,DET00,fieldturf,,54,55,-107,Saturday,
2020_16_ATL_KC,2020-12-27,2020,16,REG,ATL,KC,14,17,Raheem Morris,409,00-0026143,Matt Ryan,7,-110,0,401220223,5550,2020-12-27,13:00,58401,Andy Reid,-508,00-0033873,Patrick Mahomes,7,-100,Home,,2020122708,-105,0,18765,202012270kan,Craig Wrolstad,3,outdoors,11,Arrowhead Stadium,KAN00,astroturf,49,31,54,-106,Sunday,8
2020_16_CAR_WAS,2020-12-27,2020,16,REG,CAR,WAS,20,13,Matt Rhule,-112,00-0031237,Teddy Bridgewater,8,-105,0,401220273,5551,2020-12-27,16:05,58403,Ron Rivera,102,00-0035232,Dwayne Haskins,7,-105,Home,,2020122710,-114,0,18767,202012270was,Carl Cheffers,-7,outdoors,-1,FedExField,WAS00,grass,41,33,41,102,Sunday,6
2020_16_CHI_JAX,2020-12-27,2020,16,REG,CHI,JAX,41,17,Matt Nagy,-452,00-0033869,Mitch Trubisky,7,-108,0,401220199,5552,2020-12-27,13:00,58400,Doug Marrone,370,00-0030520,Mike Glennon,7,-103,Home,,2020122707,-106,0,18764,202012270jax,Jerome Boger,-24,outdoors,-9.5,TIAA Bank Stadium,JAX00,grass,55,58,47,-105,Sunday,5
2020_16_CIN_HOU,2020-12-27,2020,16,REG,CIN,HOU,37,31,Zac Taylor,276,00-0032434,Brandon Allen,6,-113,0,401220182,5553,2020-12-27,13:00,58399,Romeo Crennel,-324,00-0033537,Deshaun Watson,7,102,Home,,2020122706,-106,0,18763,202012270htx,Brad Rogers,-6,closed,7.5,NRG Stadium,HOU00,grass,,68,46,-105,Sunday,
2020_16_CLE_NYJ,2020-12-27,2020,16,REG,CLE,NYJ,16,23,Kevin Stefanski,-303,00-0034855,Baker Mayfield,7,-114,0,401220145,5554,2020-12-27,13:00,58397,Adam Gase,260,00-0034869,Sam Darnold,7,103,Home,,2020122704,-106,0,18761,202012270nyj,Land Clark,7,outdoors,-6.5,MetLife Stadium,NYC01,fieldturf,37,39,45,-105,Sunday,5
2020_16_DEN_LAC,2020-12-27,2020,16,REG,DEN,LAC,16,19,Vic Fangio,113,00-0035704,Drew Lock,8,-111,1,401220234,5555,2020-12-27,16:05,58395,Anthony Lynn,-125,00-0036355,Justin Herbert,10,100,Home,,2020122702,-108,0,18760,202012270sdg,Shawn Hochuli,3,dome,2.5,SoFi Stadium,LAX01,matrixturf,,35,47.5,-104,Sunday,
2020_16_IND_PIT,2020-12-27,2020,16,REG,IND,PIT,24,28,Frank Reich,-106,00-0022942,Philip Rivers,7,100,0,401220174,5556,2020-12-27,13:00,58402,Mike Tomlin,-104,00-0022924,Ben Roethlisberger,6,-111,Home,,2020122709,-106,0,18766,202012270pit,Alex Kemp,4,outdoors,-1,Heinz Field,PIT00,grass,37,52,43,-105,Sunday,6
2020_16_LA_SEA,2020-12-27,2020,16,REG,LA,SEA,9,20,Sean McVay,115,00-0033106,Jared Goff,7,103,1,401220362,5561,2020-12-27,16:25,58404,Pete Carroll,-127,00-0029263,Russell Wilson,7,-114,Home,,2020122711,100,0,18768,202012270sea,Bill Vinovich,11,outdoors,1.5,Lumen Field,SEA00,fieldturf,45,29,48,-111,Sunday,2
2020_16_NYG_BAL,2020-12-27,2020,16,REG,NYG,BAL,13,27,Joe Judge,348,00-0035710,Daniel Jones,7,-116,0,401220152,5558,2020-12-27,13:00,58398,John Harbaugh,-420,00-0034796,Lamar Jackson,7,105,Home,,2020122705,-101,0,18762,202012270rav,John Hussey,14,outdoors,10,M&T Bank Stadium,BAL00,grass,38,40,43.5,-110,Sunday,3
2020_16_PHI_DAL,2020-12-27,2020,16,REG,PHI,DAL,17,37,Doug Pederson,-166,00-0036389,Jalen Hurts,7,-115,1,401220243,5562,2020-12-27,16:25,58405,Mike McCarthy,149,00-0027973,Andy Dalton,7,104,Home,,2020122712,-108,0,18769,202012270dal,Adrian Hill,20,closed,-3,AT&T Stadium,DAL00,fieldturf,,54,50,-103,Sunday,
2020_16_TEN_GB,2020-12-27,2020,16,REG,TEN,GB,14,40,Mike Vrabel,159,00-0029701,Ryan Tannehill,7,107,0,401220296,5563,2020-12-27,20:20,58406,Matt LaFleur,-177,00-0023459,Aaron Rodgers,8,-118,Home,,2020122713,-107,0,18770,202012270gnb,Brad Allen,26,outdoors,3,Lambeau Field,GNB00,grass,28,54,52.5,-104,Sunday,15
2020_16_BUF_NE,2020-12-28,2020,16,REG,BUF,NE,38,9,Sean McDermott,-313,00-0034857,Josh Allen,9,-102,1,401220130,5564,2020-12-28,20:15,58407,Bill Belichick,268,00-0027939,Cam Newton,8,-108,Home,,2020122800,-112,0,18771,202012280nwe,Ronald Torbert,-29,outdoors,-7,Gillette Stadium,BOS00,grass,41,47,47,100,Monday,4
2020_17_ARI_LA,2021-01-03,2020,17,REG,ARI,LA,7,18,Kliff Kingsbury,113,00-0035752,Kyler Murray,8,105,1,401220344,5578,2021-01-03,16:25,58422,Sean McVay,-125,00-0034899,John Wolford,7,-116,Home,,2021010314,-104,0,18786,202101030ram,Carl Cheffers,11,dome,1,SoFi Stadium,LAX01,matrixturf,,25,42,-107,Sunday,
2020_17_ATL_TB,2021-01-03,2020,17,REG,ATL,TB,27,44,Raheem Morris,276,00-0026143,Matt Ryan,7,-123,1,401220328,5565,2021-01-03,13:00,58418,Bruce Arians,-323,00-0019596,Tom Brady,8,111,Home,,2021010310,-111,0,18784,202101030tam,Alex Kemp,17,outdoors,7.5,Raymond James Stadium,TAM00,grass,65,71,51,-100,Sunday,4
2020_17_BAL_CIN,2021-01-03,2020,17,REG,BAL,CIN,38,3,John Harbaugh,-799,00-0034796,Lamar Jackson,7,106,1,401220154,5566,2021-01-03,13:00,58411,Zac Taylor,597,00-0032434,Brandon Allen,7,-117,Home,,2021010303,-102,0,18775,202101030cin,Land Clark,-35,outdoors,-13.5,Paul Brown Stadium,CIN00,grass,39,41,46,-109,Sunday,10
2020_17_DAL_NYG,2021-01-03,2020,17,REG,DAL,NYG,19,23,Mike McCarthy,-121,00-0027973,Andy Dalton,7,-106,1,401220250,5567,2021-01-03,13:00,58416,Joe Judge,109,00-0035710,Daniel Jones,7,-104,Home,,2021010308,-103,0,18782,202101030nyg,Brad Allen,4,outdoors,-1.5,MetLife Stadium,NYC01,fieldturf,33,42,44.5,-109,Sunday,6
2020_17_GB_CHI,2021-01-03,2020,17,REG,GB,CHI,35,16,Matt LaFleur,-207,00-0023459,Aaron Rodgers,7,-103,1,401220275,5568,2021-01-03,16:25,58410,Matt Nagy,184,00-0033869,Mitch Trubisky,7,-107,Home,,2021010302,100,0,18774,202101030chi,Craig Wrolstad,-19,outdoors,-4.5,Soldier Field,CHI98,grass,32,51,48.5,-112,Sunday,7
2020_17_JAX_IND,2021-01-03,2020,17,REG,JAX,IND,14,28,Doug Marrone,906,00-0030520,Mike Glennon,7,104,1,401220187,5569,2021-01-03,16:25,58421,Frank Reich,-1350,00-0022942,Philip Rivers,7,-115,Home,,2021010313,100,0,18779,202101030clt,Shawn Smith,14,closed,15.5,Lucas Oil Stadium,IND00,fieldturf,,42,48,-112,Sunday,
2020_17_LAC_KC,2021-01-03,2020,17,REG,LAC,KC,38,21,Anthony Lynn,-282,00-0036355,Justin Herbert,7,106,1,401220220,5570,2021-01-03,16:25,58414,Andy Reid,244,00-0026197,Chad Henne,7,-117,Home,,2021010306,-108,0,18780,202101030kan,Clete Blakeman,-17,outdoors,-7,Arrowhead Stadium,KAN00,astroturf,35,59,43,-103,Sunday,6
2020_17_LV_DEN,2021-01-03,2020,17,REG,LV,DEN,32,31,Jon Gruden,-144,00-0031280,Derek Carr,8,-115,1,401220211,5579,2021-01-03,16:25,58419,Vic Fangio,130,00-0035704,Drew Lock,7,104,Home,,2021010311,-108,0,18785,202101030den,Scott Novak,-1,outdoors,-2.5,Empower Field at Mile High,DEN00,grass,53,63,50.5,-103,Sunday,10
2020_17_MIA_BUF,2021-01-03,2020,17,REG,MIA,BUF,26,56,Brian Flores,-153,00-0036212,Tua Tagovailoa,8,113,1,401220114,5571,2021-01-03,13:00,58408,Sean McDermott,138,00-0034857,Josh Allen,6,-125,Home,,2021010300,-114,0,18772,202101030buf,Bill Vinovich,30,outdoors,-3.5,New Era Field,BUF00,astroturf,35,82,42.5,102,Sunday,1
2020_17_MIN_DET,2021-01-03,2020,17,REG,MIN,DET,37,35,Mike Zimmer,-161,00-0029604,Kirk Cousins,9,-110,1,401220284,5572,2021-01-03,13:00,58413,Darrell Bevell,145,00-0026498,Matthew Stafford,8,-100,Home,,2021010305,101,0,18777,202101030det,Adrian Hill,-2,dome,-3,Ford Field,DET00,fieldturf,,72,54,-112,Sunday,
2020_17_NO_CAR,2021-01-03,2020,17,REG,NO,CAR,33,7,Sean Payton,-250,00-0020531,Drew Brees,9,100,1,401220315,5573,2021-01-03,16:25,58409,Matt Rhule,219,00-0031237,Teddy Bridgewater,7,-110,Home,,2021010301,-104,0,18773,202101030car,John Hussey,-26,outdoors,-6,Bank of America Stadium,CAR00,grass,57,40,47,-108,Sunday,2
2020_17_NYJ_NE,2021-01-03,2020,17,REG,NYJ,NE,14,28,Adam Gase,145,00-0034869,Sam Darnold,7,-101,1,401220132,5574,2021-01-03,13:00,58415,Bill Belichick,-161,00-0027939,Cam Newton,6,-110,Home,,2021010307,-109,0,18781,202101030nwe,Brad Rogers,14,outdoors,3,Gillette Stadium,BOS00,grass,33,42,41,-102,Sunday,5
2020_17_PIT_CLE,2021-01-03,2020,17,REG,PIT,CLE,22,24,Mike Tomlin,376,00-0034771,Mason Rudolph,7,-111,1,401220164,5575,2021-01-03,13:00,58412,Kevin Stefanski,-460,00-0034855,Baker Mayfield,7,100,Home,,2021010304,101,0,18776,202101030cle,Jerome Boger,2,outdoors,10.5,FirstEnergy Stadium,CLE00,grass,38,46,45,-112,Sunday,7
2020_17_SEA_SF,2021-01-03,2020,17,REG,SEA,SF,26,23,Pete Carroll,-310,00-0029263,Russell Wilson,7,101,1,401220354,5580,2021-01-03,16:25,58423,Kyle Shanahan,266,00-0033936,C.J. Beathard,8,-112,Neutral,,2021010315,102,0,18787,202101030sfo,Tony Corrente,-3,closed,-7,State Farm Stadium,PHO00,grass,,49,45,-113,Sunday,
2020_17_TEN_HOU,2021-01-03,2020,17,REG,TEN,HOU,41,38,Mike Vrabel,-301,00-0029701,Ryan Tannehill,7,101,1,401220180,5576,2021-01-03,16:25,58420,Romeo Crennel,259,00-0033537,Deshaun Watson,7,-111,Home,,2021010312,101,0,18778,202101030htx,Shawn Hochuli,-3,closed,-7,NRG Stadium,HOU00,grass,,79,55.5,-113,Sunday,
2020_17_WAS_PHI,2021-01-03,2020,17,REG,WAS,PHI,20,14,Ron Rivera,-283,00-0023436,Alex Smith,7,-109,1,401220260,5577,2021-01-03,20:20,58417,Doug Pederson,245,00-0036389,Jalen Hurts,7,-101,Home,,2021010309,-112,0,18783,202101030phi,Ronald Torbert,-6,outdoors,-6.5,Lincoln Financial Field,PHI00,grass,38,34,43.5,101,Sunday,10
2020_18_IND_BUF,2021-01-09,2020,18,WC,IND,BUF,24,27,Frank Reich,277,00-0022942,Philip Rivers,6,-118,0,401220393,5581,2021-01-09,13:05,58489,Sean McDermott,-325,00-0034857,Josh Allen,6,107,Home,,2021010900,-105,0,19257,202101090buf,Brad Allen,3,outdoors,7,New Era Field,BUF00,astroturf,34,51,50.5,-106,Saturday,6
2020_18_LA_SEA,2021-01-09,2020,18,WC,LA,SEA,30,20,Sean McVay,154,00-0034899,John Wolford,6,102,1,401220372,5582,2021-01-09,16:40,58490,Pete Carroll,-172,00-0029263,Russell Wilson,6,-113,Home,,2021010901,-111,0,19258,202101090sea,John Hussey,-10,outdoors,3,Lumen Field,SEA00,fieldturf,39,50,42,-101,Saturday,1
2020_18_TB_WAS,2021-01-09,2020,18,WC,TB,WAS,31,23,Bruce Arians,-456,00-0019596,Tom Brady,6,-101,0,401220371,5583,2021-01-09,20:15,58491,Ron Rivera,373,00-0031800,Taylor Heinicke,6,-109,Home,,2021010902,-107,0,19259,202101090was,Scott Novak,-8,outdoors,-10,FedExField,WAS00,grass,40,54,45,-104,Saturday,10
2020_18_BAL_TEN,2021-01-10,2020,18,WC,BAL,TEN,20,13,John Harbaugh,-182,00-0034796,Lamar Jackson,7,-103,0,401220396,5584,2021-01-10,13:05,58492,Mike Vrabel,163,00-0029701,Ryan Tannehill,7,-107,Home,,2021011000,-112,0,19260,202101100oti,Jerome Boger,-7,outdoors,-3.5,Nissan Stadium,NAS00,grass,33,33,53,100,Sunday,1
2020_18_CHI_NO,2021-01-10,2020,18,WC,CHI,NO,9,21,Matt Nagy,443,00-0033869,Mitch Trubisky,7,102,0,401220395,5585,2021-01-10,16:40,58493,Sean Payton,-558,00-0020531,Drew Brees,7,-113,Home,,2021011001,-102,0,19261,202101100nor,Alex Kemp,12,dome,11,Mercedes-Benz Superdome,NOR00,astroturf,,30,48,-109,Sunday,
2020_18_CLE_PIT,2021-01-10,2020,18,WC,CLE,PIT,48,37,Kevin Stefanski,210,00-0034855,Baker Mayfield,7,-100,1,401220394,5586,2021-01-10,20:15,58494,Mike Tomlin,-239,00-0022924,Ben Roethlisberger,7,-110,Home,,2021011002,-101,0,19262,202101100pit,Shawn Smith,-11,outdoors,5,Heinz Field,PIT00,grass,34,85,47.5,-110,Sunday,1
2020_19_BAL_BUF,2021-01-16,2020,19,DIV,BAL,BUF,3,17,John Harbaugh,124,00-0034796,Lamar Jackson,6,103,0,401220397,5588,2021-01-16,20:15,58496,Sean McDermott,-137,00-0034857,Josh Allen,7,-114,Home,,2021011601,-103,0,19285,202101160buf,Carl Cheffers,14,outdoors,2.5,New Era Field,BUF00,astroturf,34,20,50,-108,Saturday,13
2020_19_LA_GB,2021-01-16,2020,19,DIV,LA,GB,18,32,Sean McVay,296,00-0033106,Jared Goff,7,-109,0,401220398,5587,2021-01-16,16:35,58495,Matt LaFleur,-351,00-0023459,Aaron Rodgers,13,-101,Home,,2021011600,-105,0,19284,202101160gnb,Ronald Torbert,14,outdoors,7,Lambeau Field,GNB00,grass,35,50,45,-107,Saturday,13
2020_19_CLE_KC,2021-01-17,2020,19,DIV,CLE,KC,17,22,Kevin Stefanski,316,00-0034855,Baker Mayfield,7,-105,0,401220400,5589,2021-01-17,15:05,58497,Andy Reid,-376,00-0033873,Patrick Mahomes,14,-105,Home,,2021011700,-105,0,19286,202101170kan,Clay Martin,5,outdoors,7.5,Arrowhead Stadium,KAN00,astroturf,40,39,55.5,-106,Sunday,13
2020_19_TB_NO,2021-01-17,2020,19,DIV,TB,NO,30,20,Bruce Arians,120,00-0019596,Tom Brady,8,-104,1,401220399,5590,2021-01-17,18:40,58498,Sean Payton,-133,00-0020531,Drew Brees,7,-106,Home,,2021011701,-103,0,19287,202101170nor,Shawn Hochuli,-10,dome,2.5,Mercedes-Benz Superdome,NOR00,astroturf,,50,53,-108,Sunday,
2020_20_BUF_KC,2021-01-24,2020,20,CON,BUF,KC,24,38,Sean McDermott,142,00-0034857,Josh Allen,8,-108,0,401220401,5592,2021-01-24,18:40,58500,Andy Reid,-158,00-0033873,Patrick Mahomes,7,-102,Home,,2021012401,-114,0,19289,202101240kan,Bill Vinovich,14,outdoors,3,Arrowhead Stadium,KAN00,astroturf,40,62,54.5,102,Sunday,7
2020_20_TB_GB,2021-01-24,2020,20,CON,TB,GB,31,26,Bruce Arians,157,00-0019596,Tom Brady,7,108,0,401220402,5591,2021-01-24,15:05,58499,Matt LaFleur,-176,00-0023459,Aaron Rodgers,8,-119,Home,,2021012400,-109,0,19288,202101240gnb,Clete Blakeman,-5,outdoors,3,Lambeau Field,GNB00,grass,29,57,53,-102,Sunday,10
2020_21_KC_TB,2021-02-07,2020,21,SB,KC,TB,9,31,Andy Reid,-161,00-0033873,Patrick Mahomes,14,-107,0,401220403,5593,2021-02-07,18:30,58501,Bruce Arians,145,00-0019596,Tom Brady,14,-103,Neutral,,2021020700,101,0,19290,202102070tam,Carl Cheffers,22,outdoors,-3,Raymond James Stadium,TAM00,grass,63,40,55,-112,Sunday,9
2021_01_DAL_TB,2021-09-09,2021,1,REG,DAL,TB,29,31,Mike McCarthy,351,00-0033077,Dak Prescott,7,-121,0,401326322,5594,2021-09-09,20:20,58503,Bruce Arians,-425,00-0019596,Tom Brady,7,110,Home,10160000-0585-0395-7f87-0c3334b38e2e,2021090900,-103,0,19608,202109090tam,Shawn Hochuli,2,outdoors,10,Raymond James Stadium,TAM00,grass ,82,60,52.5,-108,Thursday,9
2021_01_ARI_TEN,2021-09-12,2021,1,REG,ARI,TEN,38,13,Kliff Kingsbury,131,00-0035228,Kyler Murray,7,105,0,401326311,5597,2021-09-12,13:00,58511,Mike Vrabel,-146,00-0029701,Ryan Tannehill,7,-116,Home,10160000-0585-1194-5bd6-3e939eca6530,2021091207,-108,0,19616,202109120oti,Jerome Boger,-25,outdoors,2.5,Nissan Stadium,NAS00,grass ,82,51,54,-103,Sunday,8
2021_01_CHI_LA,2021-09-12,2021,1,REG,CHI,LA,14,34,Matt Nagy,324,00-0027973,Andy Dalton,7,-108,0,401326323,5608,2021-09-12,20:20,58517,Sean McVay,-387,00-0026498,Matthew Stafford,7,-102,Home,10160000-0585-1779-4777-2d8cec046faf,2021091213,-104,0,19622,202109120ram,Brad Allen,20,dome,9.5,SoFi Stadium,LAX01,matrixturf,,48,46,-107,Sunday,
2021_01_CLE_KC,2021-09-12,2021,1,REG,CLE,KC,29,33,Kevin Stefanski,211,00-0034855,Baker Mayfield,7,-101,0,401326314,5607,2021-09-12,16:25,58513,Andy Reid,-241,00-0033873,Patrick Mahomes,7,-110,Home,10160000-0585-1318-4157-165c704d4398,2021091209,-105,0,19618,202109120kan,Bill Vinovich,4,outdoors,5.5,GEHA Field at Arrowhead Stadium,KAN00,grass ,88,62,54.5,-107,Sunday,8
2021_01_DEN_NYG,2021-09-12,2021,1,REG,DEN,NYG,27,13,Vic Fangio,-139,00-0031237,Teddy Bridgewater,7,109,0,401326320,5606,2021-09-12,16:25,58516,Joe Judge,125,00-0035710,Daniel Jones,7,-120,Home,10160000-0585-1662-65a6-12501755475c,2021091212,-106,0,19621,202109120nyg,Ron Torbert,-14,outdoors,-3,MetLife Stadium,NYC01,fieldturf,82,40,41.5,-105,Sunday,19
2021_01_GB_NO,2021-09-12,2021,1,REG,GB,NO,3,38,Matt LaFleur,-181,00-0023459,Aaron Rodgers,7,103,0,401326319,5604,2021-09-12,16:25,58515,Sean Payton,162,00-0031503,Jameis Winston,7,-114,Neutral,10160000-0585-154d-0841-cf028d1e5dd3,2021091211,-102,0,19620,202109120nor,Carl Cheffers,35,outdoors,-4,TIAA Bank Stadium,JAX00,grass ,86,41,49,-110,Sunday,9
2021_01_JAX_HOU,2021-09-12,2021,1,REG,JAX,HOU,21,37,Urban Meyer,-172,00-0036971,Trevor Lawrence,7,103,1,401326310,5602,2021-09-12,13:00,58509,David Culley,154,00-0028118,Tyrod Taylor,7,-113,Home,10160000-0585-0955-6419-0435c7f11d5d,2021091205,-104,0,19614,202109120htx,Land Clark,16,closed,-3.5,NRG Stadium,HOU00,astroturf,,58,45.5,-107,Sunday,
2021_01_LAC_WAS,2021-09-12,2021,1,REG,LAC,WAS,20,16,Brandon Staley,117,00-0036355,Justin Herbert,7,-109,0,401326312,5595,2021-09-12,13:00,58512,Ron Rivera,-129,00-0023682,Ryan Fitzpatrick,7,-101,Home,10160000-0585-1250-d8b5-dc096164eee6,2021091208,103,0,19617,202109120was,Alex Kemp,-4,outdoors,2.5,FedExField,WAS00,grass ,81,36,45.5,-115,Sunday,4
2021_01_MIA_NE,2021-09-12,2021,1,REG,MIA,NE,17,16,Brian Flores,155,00-0036212,Tua Tagovailoa,7,-113,1,401326313,5605,2021-09-12,16:25,58514,Bill Belichick,-173,00-0036972,Mac Jones,7,102,Home,10160000-0585-1494-7dca-af897fca66c1,2021091210,103,0,19619,202109120nwe,Clete Blakeman,-1,outdoors,3.5,Gillette Stadium,BOS00,fieldturf,81,33,43.5,-114,Sunday,15
2021_01_MIN_CIN,2021-09-12,2021,1,REG,MIN,CIN,24,27,Mike Zimmer,-135,00-0029604,Kirk Cousins,7,109,0,401326316,5603,2021-09-12,13:00,58507,Zac Taylor,122,00-0036442,Joe Burrow,7,-120,Home,10160000-0585-078e-e7ac-a2f205f45b71,2021091203,-114,1,19612,202109120cin,Adrian Hill,3,outdoors,-3,Paul Brown Stadium,CIN00,fieldturf,81,51,47,102,Sunday,15
2021_01_NYJ_CAR,2021-09-12,2021,1,REG,NYJ,CAR,14,19,Robert Saleh,164,00-0037013,Zach Wilson,7,-108,0,401326309,5599,2021-09-12,13:00,58506,Matt Rhule,-184,00-0034869,Sam Darnold,7,-102,Home,10160000-0585-06c9-4855-c84e9f187c74,2021091202,-104,0,19611,202109120car,Clay Martin,5,outdoors,3.5,Bank of America Stadium,CAR00,grass ,81,33,44.5,-107,Sunday,0
2021_01_PHI_ATL,2021-09-12,2021,1,REG,PHI,ATL,32,6,Nick Sirianni,161,00-0036389,Jalen Hurts,7,-109,0,401326315,5600,2021-09-12,13:00,58504,Arthur Smith,-180,00-0026143,Matt Ryan,7,-101,Home,10160000-0585-0480-6b01-c3eef69858d5,2021091200,-103,0,19609,202109120atl,Scott Novak,-26,open,3.5,Mercedes-Benz Stadium,ATL97,fieldturf,,38,49,-108,Sunday,
2021_01_PIT_BUF,2021-09-12,2021,1,REG,PIT,BUF,23,16,Mike Tomlin,232,00-0022924,Ben Roethlisberger,7,-110,0,401326308,5598,2021-09-12,13:00,58505,Sean McDermott,-267,00-0034857,Josh Allen,7,-100,Home,10160000-0585-05c2-6453-a2e392056a4d,2021091201,103,0,19610,202109120buf,John Hussey,-7,outdoors,6.5,New Era Field,BUF00,a_turf,73,39,48,-114,Sunday,17
2021_01_SEA_IND,2021-09-12,2021,1,REG,SEA,IND,28,16,Pete Carroll,-146,00-0029263,Russell Wilson,7,106,0,401326318,5596,2021-09-12,13:00,58510,Frank Reich,132,00-0032950,Carson Wentz,7,-117,Home,10160000-0585-10d0-bbae-7ced514d73f5,2021091206,-106,0,19615,202109120clt,Tony Corrente,-12,closed,-3,Lucas Oil Stadium,IND00,fieldturf,,44,49,-105,Sunday,
2021_01_SF_DET,2021-09-12,2021,1,REG,SF,DET,41,33,Kyle Shanahan,-415,00-0031345,Jimmy Garoppolo,7,-105,0,401326317,5601,2021-09-12,13:00,58508,Dan Campbell,344,00-0033106,Jared Goff,7,-105,Home,10160000-0585-08b2-196f-5fa85a77a226,2021091204,-108,0,19613,202109120det,Brad Rogers,-8,dome,-9.5,Ford Field,DET00,fieldturf,,74,46,-103,Sunday,
2021_01_BAL_LV,2021-09-13,2021,1,REG,BAL,LV,27,33,John Harbaugh,-167,00-0034796,Lamar Jackson,7,-116,0,401326321,5609,2021-09-13,20:15,58518,Jon Gruden,149,00-0031280,Derek Carr,7,105,Home,10160000-0585-18b6-9d6b-628c89149281,2021091300,-100,1,19623,202109130rai,Shawn Smith,6,dome,-3,Allegiant Stadium,VEG00,grass,,60,50.5,-111,Monday,
2021_02_NYG_WAS,2021-09-16,2021,2,REG,NYG,WAS,29,30,Joe Judge,176,00-0035710,Daniel Jones,4,-103,1,401326127,5610,2021-09-16,20:20,58519,Ron Rivera,-198,00-0031800,Taylor Heinicke,4,-107,Home,10160000-0585-1993-5de7-06d7b1e9824d,2021091600,100,0,19625,202109160was,Scott Novak,1,outdoors,4,FedExField,WAS00,grass ,71,59,42,-112,Thursday,0
2021_02_ATL_TB,2021-09-19,2021,2,REG,ATL,TB,25,48,Arthur Smith,582,00-0026143,Matt Ryan,7,-108,1,401326358,5620,2021-09-19,16:05,58530,Bruce Arians,-772,00-0019596,Tom Brady,10,-102,Home,10160000-0585-30bd-05c9-75bc16e1a032,2021091910,-108,0,19635,202109190tam,Carl Cheffers,23,outdoors,13.5,Raymond James Stadium,TAM00,grass ,85,73,52,-103,Sunday,0
2021_02_BUF_MIA,2021-09-19,2021,2,REG,BUF,MIA,35,0,Sean McDermott,-179,00-0034857,Josh Allen,7,103,1,401326353,5616,2021-09-19,13:00,58525,Brian Flores,160,00-0036212,Tua Tagovailoa,7,-113,Home,10160000-0585-25b8-1e45-8d1ab983c452,2021091905,-109,0,19631,202109190mia,Craig Wrolstad,-35,outdoors,-3.5,Hard Rock Stadium,MIA00,grass ,89,35,48,-103,Sunday,7
2021_02_CIN_CHI,2021-09-19,2021,2,REG,CIN,CHI,17,20,Zac Taylor,114,00-0036442,Joe Burrow,7,-105,0,401326129,5611,2021-09-19,13:00,58521,Matt Nagy,-126,00-0027973,Andy Dalton,7,-105,Home,10160000-0585-2136-215a-ce64084ab606,2021091901,-104,0,19627,202109190chi,Land Clark,3,outdoors,2,Soldier Field,CHI98,grass ,80,37,44.5,-107,Sunday,0
2021_02_DAL_LAC,2021-09-19,2021,2,REG,DAL,LAC,20,17,Mike McCarthy,135,00-0033077,Dak Prescott,10,-109,0,401326359,5621,2021-09-19,16:25,58531,Brandon Staley,-150,00-0036355,Justin Herbert,7,-101,Home,10160000-0585-31c3-69ac-e731cfae25be,2021091911,-110,0,19636,202109190sdg,Tony Corrente,-3,dome,3,SoFi Stadium,LAX01,matrixturf,,37,55,-101,Sunday,
2021_02_DEN_JAX,2021-09-19,2021,2,REG,DEN,JAX,23,13,Vic Fangio,-241,00-0031237,Teddy Bridgewater,7,104,0,401326132,5615,2021-09-19,13:00,58524,Urban Meyer,211,00-0036971,Trevor Lawrence,7,-115,Home,10160000-0585-246e-d1e6-d8966548ba45,2021091904,-104,0,19630,202109190jax,Clay Martin,-10,outdoors,-6,TIAA Bank Stadium,JAX00,grass ,80,36,45,-107,Sunday,7
2021_02_HOU_CLE,2021-09-19,2021,2,REG,HOU,CLE,21,31,David Culley,521,00-0028118,Tyrod Taylor,7,-103,0,401326130,5612,2021-09-19,13:00,58522,Kevin Stefanski,-675,00-0034855,Baker Mayfield,7,-107,Home,10160000-0585-2291-e1e4-75f0523c1b19,2021091902,-115,0,19628,202109190cle,Brad Rogers,10,outdoors,13.5,FirstEnergy Stadium,CLE00,grass ,75,52,48.5,103,Sunday,12
2021_02_KC_BAL,2021-09-19,2021,2,REG,KC,BAL,35,36,Andy Reid,-171,00-0033873,Patrick Mahomes,7,107,0,401326361,5624,2021-09-19,20:20,58533,John Harbaugh,153,00-0034796,Lamar Jackson,6,-118,Home,10160000-0585-33fe-aa00-203001f83c1d,2021091913,-101,0,19638,202109190rav,Clete Blakeman,1,outdoors,-3.5,M&T Bank Stadium,BAL00,grass,82,71,53.5,-110,Sunday,8
2021_02_LA_IND,2021-09-19,2021,2,REG,LA,IND,27,24,Sean McVay,-205,00-0026498,Matthew Stafford,7,-110,0,401326131,5614,2021-09-19,13:00,58523,Frank Reich,182,00-0032950,Carson Wentz,7,-100,Home,10160000-0585-23dd-9681-98e9fe181632,2021091903,103,0,19629,202109190clt,Shawn Smith,-3,closed,-4,Lucas Oil Stadium,IND00,fieldturf,,51,48,-115,Sunday,
2021_02_LV_PIT,2021-09-19,2021,2,REG,LV,PIT,26,17,Jon Gruden,201,00-0031280,Derek Carr,6,-109,0,401326356,5619,2021-09-19,13:00,58528,Mike Tomlin,-228,00-0022924,Ben Roethlisberger,7,-102,Home,10160000-0585-2829-66f7-94eda861d4e2,2021091908,-116,0,19624,202109190pit,Jerome Boger,-9,outdoors,5.5,Heinz Field,PIT00,grass ,77,43,46.5,104,Sunday,4
2021_02_MIN_ARI,2021-09-19,2021,2,REG,MIN,ARI,33,34,Mike Zimmer,170,00-0029604,Kirk Cousins,7,-111,0,401326357,5622,2021-09-19,16:05,58529,Kliff Kingsbury,-191,00-0035228,Kyler Murray,7,101,Home,10160000-0585-29ea-796d-6cf239561509,2021091909,-101,0,19634,202109190crd,Bill Vinovich,1,closed,4,State Farm Stadium,PHO00,grass ,,67,51,-111,Sunday,
2021_02_NE_NYJ,2021-09-19,2021,2,REG,NE,NYJ,25,6,Bill Belichick,-235,00-0036972,Mac Jones,7,-105,1,401326354,5617,2021-09-19,13:00,58526,Robert Saleh,207,00-0037013,Zach Wilson,7,-105,Home,10160000-0585-2623-ccb6-fe5554b9f99b,2021091906,-113,0,19632,202109190nyj,Shawn Hochuli,-19,outdoors,-5.5,MetLife Stadium,NYC01,fieldturf,72,31,43,102,Sunday,13
2021_02_NO_CAR,2021-09-19,2021,2,REG,NO,CAR,7,26,Sean Payton,-145,00-0031503,Jameis Winston,7,102,1,401326128,5613,2021-09-19,13:00,58520,Matt Rhule,131,00-0034869,Sam Darnold,7,-113,Home,10160000-0585-2045-b685-8578eabec6d0,2021091900,-105,0,19626,202109190car,Ron Torbert,19,outdoors,-3,Bank of America Stadium,CAR00,grass ,83,33,45,-106,Sunday,4
2021_02_SF_PHI,2021-09-19,2021,2,REG,SF,PHI,17,11,Kyle Shanahan,-144,00-0031345,Jimmy Garoppolo,7,104,0,401326355,5618,2021-09-19,13:00,58527,Nick Sirianni,130,00-0036389,Jalen Hurts,7,-115,Home,10160000-0585-2755-bf00-5e03f6c3e401,2021091907,-102,0,19633,202109190phi,Brad Allen,-6,outdoors,-3,Lincoln Financial Field,PHI00,grass ,76,28,49,-109,Sunday,13
2021_02_TEN_SEA,2021-09-19,2021,2,REG,TEN,SEA,33,30,Mike Vrabel,247,00-0029701,Ryan Tannehill,7,-100,0,401326360,5623,2021-09-19,16:25,58532,Pete Carroll,-286,00-0029263,Russell Wilson,7,-110,Home,10160000-0585-3276-88c7-cc4ad323640e,2021091912,-109,1,19637,202109190sea,John Hussey,-3,outdoors,6.5,Lumen Field,SEA00,fieldturf,62,63,53.5,-102,Sunday,14
2021_02_DET_GB,2021-09-20,2021,2,REG,DET,GB,17,35,Dan Campbell,400,00-0033106,Jared Goff,8,-112,1,401326362,5625,2021-09-20,20:15,58534,Matt LaFleur,-494,00-0023459,Aaron Rodgers,8,102,Home,10160000-0585-34b5-093d-5f75273b3261,2021092000,-110,0,19639,202109200gnb,Adrian Hill,18,outdoors,11.5,Lambeau Field,GNB00,grass ,73,52,49.5,-101,Monday,12
2021_03_CAR_HOU,2021-09-23,2021,3,REG,CAR,HOU,24,9,Matt Rhule,-420,00-0034869,Sam Darnold,4,-115,0,401326363,5626,2021-09-23,20:20,58535,David Culley,348,00-0036898,Davis Mills,4,104,Home,10160000-0585-35a1-77ae-878310617a5d,2021092300,-110,0,19640,202109230htx,Alex Kemp,-15,closed,-8,NRG Stadium,HOU00,astroturf,,33,43,-101,Thursday,
2021_03_ARI_JAX,2021-09-26,2021,3,REG,ARI,JAX,31,19,Kliff Kingsbury,-360,00-0035228,Kyler Murray,7,-101,0,401326367,5634,2021-09-26,13:00,58539,Urban Meyer,304,00-0036971,Trevor Lawrence,7,-110,Home,10160000-0585-3990-6603-b4c540dfc9c1,2021092603,-107,0,19644,202109260jax,Shawn Smith,-12,outdoors,-8,TIAA Bank Stadium,JAX00,grass ,81,50,51.5,-104,Sunday,4
2021_03_ATL_NYG,2021-09-26,2021,3,REG,ATL,NYG,17,14,Arthur Smith,129,00-0026143,Matt Ryan,7,-115,0,401326370,5632,2021-09-26,13:00,58542,Joe Judge,-143,00-0035710,Daniel Jones,10,105,Home,10160000-0585-42f8-a139-c5c7f3ad05a5,2021092606,-101,0,19646,202109260nyg,Adrian Hill,-3,outdoors,3,MetLife Stadium,NYC01,fieldturf,69,31,48,-110,Sunday,13
2021_03_BAL_DET,2021-09-26,2021,3,REG,BAL,DET,19,17,John Harbaugh,-344,00-0034796,Lamar Jackson,7,-100,0,401326366,5633,2021-09-26,13:00,58538,Dan Campbell,292,00-0033106,Jared Goff,6,-110,Home,10160000-0585-388c-6609-51e4cbf35097,2021092602,-106,0,19643,202109260det,Scott Novak,-2,dome,-7.5,Ford Field,DET00,fieldturf,,36,51,-105,Sunday,
2021_03_CHI_CLE,2021-09-26,2021,3,REG,CHI,CLE,6,26,Matt Nagy,315,00-0036945,Justin Fields,7,-102,0,401326365,5627,2021-09-26,13:00,58537,Kevin Stefanski,-375,00-0034855,Baker Mayfield,7,-108,Home,10160000-0585-372e-eef2-38859f6cab57,2021092601,-105,0,19642,202109260cle,Ron Torbert,20,outdoors,7.5,FirstEnergy Stadium,CLE00,grass ,70,32,45,-106,Sunday,22
2021_03_CIN_PIT,2021-09-26,2021,3,REG,CIN,PIT,24,10,Zac Taylor,126,00-0036442,Joe Burrow,7,103,1,401326371,5630,2021-09-26,13:00,58543,Mike Tomlin,-140,00-0022924,Ben Roethlisberger,7,-114,Home,10160000-0585-43f9-b02b-b42277d58000,2021092607,101,0,19647,202109260pit,Clete Blakeman,-14,outdoors,2.5,Heinz Field,PIT00,grass ,67,34,42.5,-112,Sunday,9
2021_03_GB_SF,2021-09-26,2021,3,REG,GB,SF,30,28,Matt LaFleur,160,00-0023459,Aaron Rodgers,6,-113,0,401326377,5640,2021-09-26,20:20,58549,Kyle Shanahan,-179,00-0031345,Jimmy Garoppolo,7,103,Home,10160000-0585-49b2-72a4-c8f22da773d9,2021092613,-108,0,19654,202109260sfo,Jerome Boger,-2,outdoors,3.5,Levi's Stadium,SFO01,grass,69,58,50.5,-103,Sunday,15
2021_03_IND_TEN,2021-09-26,2021,3,REG,IND,TEN,16,25,Frank Reich,175,00-0032950,Carson Wentz,7,-113,1,401326372,5628,2021-09-26,13:00,58544,Mike Vrabel,-196,00-0029701,Ryan Tannehill,7,103,Home,10160000-0585-4441-26ae-1a1f5f8a7f37,2021092608,-107,0,19649,202109260oti,Bill Vinovich,9,outdoors,4.5,Nissan Stadium,NAS00,grass ,72,41,47,-104,Sunday,4
2021_03_LAC_KC,2021-09-26,2021,3,REG,LAC,KC,30,24,Brandon Staley,237,00-0036355,Justin Herbert,7,-100,1,401326368,5631,2021-09-26,13:00,58540,Andy Reid,-273,00-0033873,Patrick Mahomes,7,-110,Home,10160000-0585-40f6-807e-5528340ffb4e,2021092604,-103,0,19648,202109260kan,Shawn Hochuli,-6,outdoors,6.5,GEHA Field at Arrowhead Stadium,KAN00,grass ,81,54,55,-108,Sunday,19
2021_03_MIA_LV,2021-09-26,2021,3,REG,MIA,LV,28,31,Brian Flores,173,00-0033119,Jacoby Brissett,7,-107,0,401326374,5639,2021-09-26,16:05,58546,Jon Gruden,-194,00-0031280,Derek Carr,7,-103,Home,10160000-0585-46fd-de81-325d1c4a7a64,2021092610,-111,1,19651,202109260rai,Carl Cheffers,3,dome,4,Allegiant Stadium,VEG00,grass,,59,45,-100,Sunday,
2021_03_NO_NE,2021-09-26,2021,3,REG,NO,NE,28,13,Sean Payton,130,00-0031503,Jameis Winston,7,-117,0,401326369,5629,2021-09-26,13:00,58541,Bill Belichick,-144,00-0036972,Mac Jones,7,106,Home,10160000-0585-4186-1c4b-ffd17eb79c79,2021092605,102,0,19645,202109260nwe,John Hussey,-15,outdoors,3,Gillette Stadium,BOS00,fieldturf,73,41,44,-114,Sunday,11
2021_03_NYJ_DEN,2021-09-26,2021,3,REG,NYJ,DEN,0,26,Robert Saleh,470,00-0037013,Zach Wilson,7,-109,0,401326373,5636,2021-09-26,16:05,58545,Vic Fangio,-597,00-0031237,Teddy Bridgewater,7,-101,Home,10160000-0585-4520-9695-534185299b8c,2021092609,-104,0,19650,202109260den,Land Clark,26,outdoors,10.5,Empower Field at Mile High,DEN00,grass ,82,26,42,-107,Sunday,6
2021_03_SEA_MIN,2021-09-26,2021,3,REG,SEA,MIN,17,30,Pete Carroll,-120,00-0029263,Russell Wilson,7,-101,0,401326376,5637,2021-09-26,16:25,58548,Mike Zimmer,109,00-0029604,Kirk Cousins,7,-109,Home,10160000-0585-486a-f804-7367540c9b94,2021092612,-107,0,19653,202109260min,Clay Martin,13,dome,-2,U.S. Bank Stadium,MIN01,sportturf,,47,53.5,-104,Sunday,
2021_03_TB_LA,2021-09-26,2021,3,REG,TB,LA,24,34,Bruce Arians,-106,00-0019596,Tom Brady,7,100,0,401326375,5638,2021-09-26,16:25,58547,Sean McVay,-104,00-0026498,Matthew Stafford,7,-110,Home,10160000-0585-4742-49b7-1fdf9e3d3c62,2021092611,-109,0,19652,202109260ram,Craig Wrolstad,10,dome,-1,SoFi Stadium,LAX01,matrixturf,,58,55,-102,Sunday,
2021_03_WAS_BUF,2021-09-26,2021,3,REG,WAS,BUF,21,43,Ron Rivera,281,00-0031800,Taylor Heinicke,10,-114,0,401326364,5635,2021-09-26,13:00,58536,Sean McDermott,-330,00-0034857,Josh Allen,7,103,Home,10160000-0585-362f-b5b3-85d152061809,2021092600,-106,0,19641,202109260buf,Tony Corrente,22,outdoors,7.5,New Era Field,BUF00,a_turf,67,64,45.5,-105,Sunday,21
2021_03_PHI_DAL,2021-09-27,2021,3,REG,PHI,DAL,21,41,Nick Sirianni,168,00-0036389,Jalen Hurts,8,-103,1,401326378,5641,2021-09-27,20:15,58550,Mike McCarthy,-189,00-0033077,Dak Prescott,8,-107,Home,10160000-0585-50bd-5f3e-7e78e013c657,2021092700,-101,0,19655,202109270dal,Brad Rogers,20,open,3.5,AT&T Stadium,DAL00,matrixturf,,62,51.5,-110,Monday,
2021_04_JAX_CIN,2021-09-30,2021,4,REG,JAX,CIN,21,24,Urban Meyer,313,00-0036971,Trevor Lawrence,4,105,0,401326379,5642,2021-09-30,20:20,58551,Zac Taylor,-373,00-0036442,Joe Burrow,4,-116,Home,10160000-0585-5130-3a67-8badf04019ca,2021093000,-113,0,19656,202109300cin,Brad Allen,3,outdoors,7.5,Paul Brown Stadium,CIN00,fieldturf,65,45,46,101,Thursday,0
2021_04_ARI_LA,2021-10-03,2021,4,REG,ARI,LA,37,20,Kliff Kingsbury,178,00-0035228,Kyler Murray,7,100,1,401326389,5652,2021-10-03,16:05,58561,Sean McVay,-200,00-0026498,Matthew Stafford,7,-111,Home,10160000-0585-61ab-ed1b-89f2ff2704a6,2021100309,-110,0,19666,202110030ram,Shawn Hochuli,-17,dome,3.5,SoFi Stadium,LAX01,matrixturf,,57,53.5,-101,Sunday,
2021_04_BAL_DEN,2021-10-03,2021,4,REG,BAL,DEN,23,7,John Harbaugh,107,00-0034796,Lamar Jackson,7,101,0,401326391,5654,2021-10-03,16:25,58563,Vic Fangio,-118,00-0031237,Teddy Bridgewater,7,-111,Home,10160000-0585-6395-eef2-39fcb12718d2,2021100311,-105,0,19667,202110030den,Craig Wrolstad,-16,outdoors,1,Empower Field at Mile High,DEN00,grass ,77,30,44,-106,Sunday,11
2021_04_CAR_DAL,2021-10-03,2021,4,REG,CAR,DAL,28,36,Matt Rhule,186,00-0034869,Sam Darnold,10,-106,0,401326383,5650,2021-10-03,13:00,58555,Mike McCarthy,-210,00-0033077,Dak Prescott,6,-104,Home,10160000-0585-5546-695e-09048d1a9112,2021100303,102,0,19660,202110030dal,Jerome Boger,8,closed,4.5,AT&T Stadium,DAL00,matrixturf,,64,51.5,-114,Sunday,
2021_04_CLE_MIN,2021-10-03,2021,4,REG,CLE,MIN,14,7,Kevin Stefanski,-105,00-0034855,Baker Mayfield,7,102,0,401326385,5649,2021-10-03,13:00,58557,Mike Zimmer,-106,00-0029604,Kirk Cousins,7,-113,Home,10160000-0585-5757-fd2f-3dac75e20eff,2021100305,-114,0,19662,202110030min,Tony Corrente,-7,dome,-1,U.S. Bank Stadium,MIN01,sportturf,,21,52,102,Sunday,
2021_04_DET_CHI,2021-10-03,2021,4,REG,DET,CHI,14,24,Dan Campbell,134,00-0033106,Jared Goff,7,-109,1,401326382,5646,2021-10-03,13:00,58554,Matt Nagy,-148,00-0036945,Justin Fields,7,-101,Home,10160000-0585-5441-b92e-8090a507aee1,2021100302,-101,0,19659,202110030chi,Shawn Smith,10,outdoors,3,Soldier Field,CHI98,grass ,72,38,42,-110,Sunday,4
2021_04_HOU_BUF,2021-10-03,2021,4,REG,HOU,BUF,0,40,David Culley,988,00-0036898,Davis Mills,10,-108,0,401326381,5644,2021-10-03,13:00,58553,Sean McDermott,-1500,00-0034857,Josh Allen,7,-102,Home,10160000-0585-53a1-9f60-d74c0ea5aba5,2021100301,-105,0,19658,202110030buf,Ron Torbert,40,outdoors,19,New Era Field,BUF00,a_turf,67,40,47.5,-106,Sunday,12
2021_04_IND_MIA,2021-10-03,2021,4,REG,IND,MIA,27,17,Frank Reich,130,00-0032950,Carson Wentz,7,102,0,401326384,5643,2021-10-03,13:00,58556,Brian Flores,-144,00-0033119,Jacoby Brissett,7,-113,Home,10160000-0585-5696-a397-e25b0d34aa43,2021100304,-107,0,19661,202110030mia,Alex Kemp,-10,outdoors,2.5,Hard Rock Stadium,MIA00,grass ,85,44,41.5,-104,Sunday,16
2021_04_KC_PHI,2021-10-03,2021,4,REG,KC,PHI,42,30,Andy Reid,-349,00-0033873,Patrick Mahomes,7,101,0,401326388,5645,2021-10-03,13:00,58560,Nick Sirianni,296,00-0036389,Jalen Hurts,6,-112,Home,10160000-0585-6048-828c-1c7bc8282794,2021100308,-106,0,19665,202110030phi,Land Clark,-12,outdoors,-7.5,Lincoln Financial Field,PHI00,grass ,73,72,53.5,-105,Sunday,8
2021_04_NYG_NO,2021-10-03,2021,4,REG,NYG,NO,27,21,Joe Judge,286,00-0035710,Daniel Jones,7,-118,0,401326386,5647,2021-10-03,13:00,58558,Sean Payton,-337,00-0031503,Jameis Winston,7,107,Home,10160000-0585-58d3-51ef-046ce0865fcc,2021100306,-115,1,19663,202110030nor,Brad Rogers,-6,dome,7.5,Mercedes-Benz Superdome,NOR00,sportturf,,48,43,103,Sunday,
2021_04_PIT_GB,2021-10-03,2021,4,REG,PIT,GB,17,27,Mike Tomlin,239,00-0022924,Ben Roethlisberger,7,-104,0,401326392,5655,2021-10-03,16:25,58564,Matt LaFleur,-276,00-0023459,Aaron Rodgers,7,-106,Home,10160000-0585-6478-e383-27af8e700c5d,2021100312,-108,0,19668,202110030gnb,Scott Novak,10,outdoors,6.5,Lambeau Field,GNB00,grass ,67,44,45,-103,Sunday,4
2021_04_SEA_SF,2021-10-03,2021,4,REG,SEA,SF,28,21,Pete Carroll,120,00-0029263,Russell Wilson,7,-103,1,401326390,5653,2021-10-03,16:05,58562,Kyle Shanahan,-133,00-0031345,Jimmy Garoppolo,7,-107,Home,10160000-0585-6237-81cc-5e69aee46bf0,2021100310,-103,0,19670,202110030sfo,Carl Cheffers,-7,outdoors,2.5,Levi's Stadium,SFO01,grass,80,49,52,-108,Sunday,0
2021_04_TB_NE,2021-10-03,2021,4,REG,TB,NE,19,17,Bruce Arians,-255,00-0019596,Tom Brady,7,-105,0,401326393,5656,2021-10-03,20:20,58565,Bill Belichick,223,00-0036972,Mac Jones,7,-105,Home,10160000-0585-658f-cb6d-a0b13013dcc4,2021100313,-101,0,19669,202110030nwe,Bill Vinovich,-2,outdoors,-6,Gillette Stadium,BOS00,fieldturf,62,36,49.5,-110,Sunday,4
2021_04_TEN_NYJ,2021-10-03,2021,4,REG,TEN,NYJ,24,27,Mike Vrabel,-234,00-0029701,Ryan Tannehill,7,-104,0,401326387,5651,2021-10-03,13:00,58559,Robert Saleh,206,00-0037013,Zach Wilson,7,-106,Home,10160000-0585-59d4-a2d1-116bce33f57f,2021100307,-105,1,19664,202110030nyj,Adrian Hill,3,outdoors,-5.5,MetLife Stadium,NYC01,fieldturf,78,51,44.5,-106,Sunday,9
2021_04_WAS_ATL,2021-10-03,2021,4,REG,WAS,ATL,34,30,Ron Rivera,-117,00-0031800,Taylor Heinicke,7,-111,0,401326380,5648,2021-10-03,13:00,58552,Arthur Smith,106,00-0026143,Matt Ryan,7,100,Home,10160000-0585-5257-aab2-51126edaa21f,2021100300,102,0,19657,202110030atl,Clay Martin,-4,open,-1,Mercedes-Benz Stadium,ATL97,fieldturf,,64,47.5,-114,Sunday,
2021_04_LV_LAC,2021-10-04,2021,4,REG,LV,LAC,14,28,Jon Gruden,144,00-0031280,Derek Carr,8,-101,1,401326394,5657,2021-10-04,20:15,58566,Brandon Staley,-161,00-0036355,Justin Herbert,8,-109,Home,10160000-0585-6627-0f71-169ca8af97ab,2021100400,-103,0,19671,202110040sdg,John Hussey,14,dome,3,SoFi Stadium,LAX01,matrixturf,,42,52,-108,Monday,
2021_05_LA_SEA,2021-10-07,2021,5,REG,LA,SEA,26,17,Sean McVay,-135,00-0026498,Matthew Stafford,4,-116,1,401326395,5658,2021-10-07,20:20,58567,Pete Carroll,122,00-0029263,Russell Wilson,4,105,Home,10160000-0585-67e5-f220-cf35e53ac8d6,2021100700,-105,0,19672,202110070sea,Ron Torbert,-9,outdoors,-2.5,Lumen Field,SEA00,fieldturf,56,43,53.5,-106,Thursday,8
2021_05_BUF_KC,2021-10-10,2021,5,REG,BUF,KC,38,20,Sean McDermott,121,00-0034857,Josh Allen,7,-101,0,401326408,5672,2021-10-10,20:20,58581,Andy Reid,-134,00-0033873,Patrick Mahomes,7,-109,Home,10160000-0585-81ca-5a0c-dfd5134d9979,2021101013,-114,0,19685,202110100kan,Carl Cheffers,-18,outdoors,2.5,GEHA Field at Arrowhead Stadium,KAN00,grass ,76,58,57,103,Sunday,0
2021_05_CHI_LV,2021-10-10,2021,5,REG,CHI,LV,20,9,Matt Nagy,215,00-0036945,Justin Fields,7,-102,0,401326405,5668,2021-10-10,16:05,58578,Jon Gruden,-245,00-0031280,Derek Carr,6,-108,Home,10160000-0585-78c2-9374-793ef81bb302,2021101010,-101,0,19681,202110100rai,Craig Wrolstad,-11,dome,5.5,Allegiant Stadium,VEG00,grass,,29,46,-111,Sunday,
2021_05_CLE_LAC,2021-10-10,2021,5,REG,CLE,LAC,42,47,Kevin Stefanski,117,00-0034855,Baker Mayfield,7,-106,0,401326404,5670,2021-10-10,16:05,58577,Brandon Staley,-129,00-0036355,Justin Herbert,6,-104,Home,10160000-0585-775f-5f6f-7fbeed25651f,2021101009,-114,0,19682,202110100sdg,Brad Allen,5,dome,2.5,SoFi Stadium,LAX01,matrixturf,,89,46.5,102,Sunday,
2021_05_DEN_PIT,2021-10-10,2021,5,REG,DEN,PIT,19,27,Vic Fangio,-124,00-0031237,Teddy Bridgewater,7,-106,0,401326401,5663,2021-10-10,13:00,58574,Mike Tomlin,113,00-0022924,Ben Roethlisberger,7,-104,Home,10160000-0585-7427-0058-016689826f43,2021101006,-113,0,19677,202110100pit,Brad Rogers,8,outdoors,-2,Heinz Field,PIT00,grass ,71,46,40,101,Sunday,9
2021_05_DET_MIN,2021-10-10,2021,5,REG,DET,MIN,17,19,Dan Campbell,346,00-0033106,Jared Goff,7,-110,1,401326400,5662,2021-10-10,13:00,58573,Mike Zimmer,-418,00-0029604,Kirk Cousins,7,-100,Home,10160000-0585-73e2-70fa-b79fa0fe1599,2021101005,-113,0,19676,202110100min,Clete Blakeman,2,dome,10,U.S. Bank Stadium,MIN01,sportturf,,36,49.5,102,Sunday,
2021_05_GB_CIN,2021-10-10,2021,5,REG,GB,CIN,25,22,Matt LaFleur,-123,00-0023459,Aaron Rodgers,7,-104,0,401326397,5667,2021-10-10,13:00,58570,Zac Taylor,111,00-0036442,Joe Burrow,10,-106,Home,10160000-0585-70bc-0ddb-e88f520f4a07,2021101002,-104,1,19673,202110100cin,Bill Vinovich,-3,outdoors,-2,Paul Brown Stadium,CIN00,fieldturf,76,47,50,-108,Sunday,12
2021_05_MIA_TB,2021-10-10,2021,5,REG,MIA,TB,17,45,Brian Flores,448,00-0033119,Jacoby Brissett,7,-100,0,401326402,5660,2021-10-10,13:00,58575,Bruce Arians,-564,00-0019596,Tom Brady,7,-110,Home,10160000-0585-758f-53e6-0cf6efe206ae,2021101007,-107,0,19678,202110100tam,Jerome Boger,28,outdoors,11,Raymond James Stadium,TAM00,grass ,84,62,48,-104,Sunday,7
2021_05_NE_HOU,2021-10-10,2021,5,REG,NE,HOU,25,22,Bill Belichick,-339,00-0036972,Mac Jones,7,102,0,401326398,5665,2021-10-10,13:00,58571,David Culley,288,00-0036898,Davis Mills,7,-112,Home,10160000-0585-71b3-8782-50e20d329c97,2021101003,101,0,19674,202110100htx,Scott Novak,-3,closed,-8,NRG Stadium,HOU00,astroturf,,47,39.5,-112,Sunday,
2021_05_NO_WAS,2021-10-10,2021,5,REG,NO,WAS,33,22,Sean Payton,-130,00-0031503,Jameis Winston,7,-106,0,401326403,5666,2021-10-10,13:00,58576,Ron Rivera,117,00-0031800,Taylor Heinicke,7,-104,Home,10160000-0585-763b-35e1-2171f1b8c94a,2021101008,-110,0,19679,202110100was,Shawn Smith,-11,outdoors,-2.5,FedExField,WAS00,grass ,70,55,43.5,-101,Sunday,12
2021_05_NYG_DAL,2021-10-10,2021,5,REG,NYG,DAL,20,44,Joe Judge,285,00-0035710,Daniel Jones,7,-112,1,401326407,5671,2021-10-10,16:25,58580,Mike McCarthy,-335,00-0033077,Dak Prescott,7,102,Home,10160000-0585-80f6-9104-ce6400464c38,2021101012,-116,0,19684,202110100dal,John Hussey,24,closed,7.5,AT&T Stadium,DAL00,matrixturf,,64,53,104,Sunday,
2021_05_NYJ_ATL,2021-10-10,2021,5,REG,NYJ,ATL,20,27,Robert Saleh,138,00-0037013,Zach Wilson,7,-107,0,401326324,5659,2021-10-10,09:30,58568,Arthur Smith,-153,00-0026143,Matt Ryan,7,-103,Neutral,10160000-0585-68dd-bfda-5da5ee18b8a5,2021101000,-113,0,19686,202110100atl,Tony Corrente,7,outdoors,3,Tottenham Stadium,LON02,grass,63,47,45.5,102,Sunday,8
2021_05_PHI_CAR,2021-10-10,2021,5,REG,PHI,CAR,21,18,Nick Sirianni,126,00-0036389,Jalen Hurts,7,104,0,401326396,5664,2021-10-10,13:00,58569,Matt Rhule,-139,00-0034869,Sam Darnold,7,-114,Home,10160000-0585-69be-713a-a1788abeb872,2021101001,-105,0,19680,202110100car,Shawn Hochuli,-3,outdoors,2.5,Bank of America Stadium,CAR00,grass ,76,39,46,-106,Sunday,13
2021_05_SF_ARI,2021-10-10,2021,5,REG,SF,ARI,10,17,Kyle Shanahan,231,00-0037012,Trey Lance,7,-110,1,401326406,5669,2021-10-10,16:25,58579,Kliff Kingsbury,-266,00-0035228,Kyler Murray,7,-100,Home,10160000-0585-79d7-2064-6dc3dc3a807e,2021101011,-106,0,19683,202110100crd,Clay Martin,7,closed,6,State Farm Stadium,PHO00,grass ,,27,48.5,-105,Sunday,
2021_05_TEN_JAX,2021-10-10,2021,5,REG,TEN,JAX,37,19,Mike Vrabel,-191,00-0029701,Ryan Tannehill,7,-100,1,401326399,5661,2021-10-10,13:00,58572,Urban Meyer,170,00-0036971,Trevor Lawrence,10,-110,Home,10160000-0585-7279-7377-00016e0ddefd,2021101004,-109,0,19675,202110100jax,Alex Kemp,-18,outdoors,-4,TIAA Bank Stadium,JAX00,grass ,78,56,49,-102,Sunday,11
2021_05_IND_BAL,2021-10-11,2021,5,REG,IND,BAL,25,31,Frank Reich,301,00-0032950,Carson Wentz,8,-105,0,401326409,5673,2021-10-11,20:15,58582,John Harbaugh,-356,00-0034796,Lamar Jackson,8,-105,Home,10160000-0585-829f-0a01-97c06f4b7594,2021101100,-108,1,19687,202110110rav,Land Clark,6,outdoors,7.5,M&T Bank Stadium,BAL00,grass,69,56,46.5,-103,Monday,6
2021_06_TB_PHI,2021-10-14,2021,6,REG,TB,PHI,28,22,Bruce Arians,-274,00-0019596,Tom Brady,4,103,0,401326410,5674,2021-10-14,20:20,58583,Nick Sirianni,238,00-0036389,Jalen Hurts,4,-114,Home,10160000-0585-83ea-df72-197ac0e03827,2021101400,-104,0,19688,202110140phi,Clay Martin,-6,outdoors,-7,Lincoln Financial Field,PHI00,grass ,74,50,53,-107,Thursday,8
2021_06_ARI_CLE,2021-10-17,2021,6,REG,ARI,CLE,37,14,Kliff Kingsbury,129,00-0035228,Kyler Murray,7,-117,0,401326418,5683,2021-10-17,16:05,58592,Kevin Stefanski,-143,00-0034855,Baker Mayfield,7,106,Home,10160000-0585-92b3-fa8a-3d31ab92e9cd,2021101708,-114,0,19696,202110170cle,Carl Cheffers,-23,outdoors,3,FirstEnergy Stadium,CLE00,grass ,58,51,48,102,Sunday,23
2021_06_CIN_DET,2021-10-17,2021,6,REG,CIN,DET,34,11,Zac Taylor,-192,00-0036442,Joe Burrow,7,-110,0,401326414,5677,2021-10-17,13:00,58588,Dan Campbell,171,00-0033106,Jared Goff,7,-100,Home,10160000-0585-8829-9fd7-4967d2260223,2021101704,-101,0,19692,202110170det,Shawn Hochuli,-23,dome,-3.5,Ford Field,DET00,fieldturf,,45,46.5,-110,Sunday,
2021_06_DAL_NE,2021-10-17,2021,6,REG,DAL,NE,35,29,Mike McCarthy,-189,00-0033077,Dak Prescott,7,-108,0,401326420,5685,2021-10-17,16:25,58594,Bill Belichick,169,00-0036972,Mac Jones,7,-102,Home,10160000-0585-9460-db53-97217865bbca,2021101710,-105,1,19698,202110170nwe,Brad Allen,-6,outdoors,-3.5,Gillette Stadium,BOS00,fieldturf,62,64,50.5,-106,Sunday,11
2021_06_GB_CHI,2021-10-17,2021,6,REG,GB,CHI,24,14,Matt LaFleur,-228,00-0023459,Aaron Rodgers,7,-106,1,401326413,5678,2021-10-17,13:00,58587,Matt Nagy,201,00-0036945,Justin Fields,7,-104,Home,10160000-0585-87e1-77f0-10f83584cfd0,2021101703,-106,0,19691,202110170chi,Brad Rogers,-10,outdoors,-5.5,Soldier Field,CHI98,grass ,59,38,44,-105,Sunday,6
2021_06_HOU_IND,2021-10-17,2021,6,REG,HOU,IND,3,31,David Culley,363,00-0036898,Davis Mills,7,-117,1,401326415,5676,2021-10-17,13:00,58589,Frank Reich,-442,00-0032950,Carson Wentz,6,106,Home,10160000-0585-89a5-c303-7ee5adfdea10,2021101705,-100,0,19693,202110170clt,Jerome Boger,28,open,10.5,Lucas Oil Stadium,IND00,fieldturf,,34,43.5,-111,Sunday,
2021_06_KC_WAS,2021-10-17,2021,6,REG,KC,WAS,31,13,Andy Reid,-255,00-0033873,Patrick Mahomes,7,-105,0,401326417,5681,2021-10-17,13:00,58591,Ron Rivera,223,00-0031800,Taylor Heinicke,7,-105,Home,10160000-0585-9157-ecbf-9685668a0c91,2021101707,-105,0,19695,202110170was,Adrian Hill,-18,outdoors,-6,FedExField,WAS00,grass ,62,44,54,-106,Sunday,13
2021_06_LAC_BAL,2021-10-17,2021,6,REG,LAC,BAL,6,34,Brandon Staley,149,00-0036355,Justin Herbert,7,106,0,401326411,5679,2021-10-17,13:00,58585,John Harbaugh,-166,00-0034796,Lamar Jackson,6,-116,Home,10160000-0585-8560-d817-e064e3281e72,2021101701,-117,0,19689,202110170rav,Bill Vinovich,28,outdoors,3,M&T Bank Stadium,BAL00,grass,63,40,50.5,105,Sunday,15
2021_06_LA_NYG,2021-10-17,2021,6,REG,LA,NYG,38,11,Sean McVay,-328,00-0026498,Matthew Stafford,10,107,0,401326416,5680,2021-10-17,13:00,58590,Joe Judge,280,00-0035710,Daniel Jones,7,-118,Home,10160000-0585-90ef-eb16-54118dc7f55c,2021101706,101,0,19694,202110170nyg,Alex Kemp,-27,outdoors,-7.5,MetLife Stadium,NYC01,fieldturf,61,49,49.5,-113,Sunday,13
2021_06_LV_DEN,2021-10-17,2021,6,REG,LV,DEN,34,24,Rich Bisaccia,182,00-0031280,Derek Carr,7,-111,1,401326419,5684,2021-10-17,16:25,58593,Vic Fangio,-205,00-0031237,Teddy Bridgewater,7,101,Home,10160000-0585-939d-ca18-03dc4baaa62c,2021101709,-100,0,19697,202110170den,Ron Torbert,-10,outdoors,5,Empower Field at Mile High,DEN00,grass ,76,58,45.5,-111,Sunday,8
2021_06_MIA_JAX,2021-10-17,2021,6,REG,MIA,JAX,20,23,Brian Flores,-122,00-0036212,Tua Tagovailoa,7,104,0,401326325,5675,2021-10-17,09:30,58584,Urban Meyer,110,00-0036971,Trevor Lawrence,7,-115,Neutral,10160000-0585-84e1-77aa-b8b1af43224e,2021101700,-105,0,19700,202110170jax,John Hussey,3,outdoors,-2.5,Tottenham Stadium,LON02,grass,63,43,47.5,-107,Sunday,11
2021_06_MIN_CAR,2021-10-17,2021,6,REG,MIN,CAR,34,28,Mike Zimmer,-134,00-0029604,Kirk Cousins,7,-110,0,401326412,5682,2021-10-17,13:00,58586,Matt Rhule,121,00-0034869,Sam Darnold,7,-100,Home,10160000-0585-8639-6b73-bdae19e8b027,2021101702,-101,1,19690,202110170car,Craig Wrolstad,-6,outdoors,-2.5,Bank of America Stadium,CAR00,grass ,62,62,45.5,-110,Sunday,7
2021_06_SEA_PIT,2021-10-17,2021,6,REG,SEA,PIT,20,23,Pete Carroll,189,00-0030565,Geno Smith,10,-104,0,401326421,5686,2021-10-17,20:20,58595,Mike Tomlin,-213,00-0022924,Ben Roethlisberger,7,-106,Home,10160000-0585-9536-9bbd-c417c8906174,2021101711,-107,1,19699,202110170pit,Shawn Smith,3,outdoors,5.5,Heinz Field,PIT00,grass ,49,43,43,-104,Sunday,6
2021_06_BUF_TEN,2021-10-18,2021,6,REG,BUF,TEN,31,34,Sean McDermott,-239,00-0034857,Josh Allen,8,-102,0,401326422,5687,2021-10-18,20:15,58596,Mike Vrabel,210,00-0029701,Ryan Tannehill,8,-108,Home,10160000-0585-965f-7a0d-6ef7d60fc6be,2021101800,101,0,19701,202110180oti,Clete Blakeman,3,outdoors,-6,Nissan Stadium,NAS00,grass ,66,65,53.5,-113,Monday,6
2021_07_DEN_CLE,2021-10-21,2021,7,REG,DEN,CLE,14,17,Vic Fangio,110,00-0031237,Teddy Bridgewater,4,-107,0,401326423,5688,2021-10-21,20:20,58597,Kevin Stefanski,-121,00-0028986,Case Keenum,4,-103,Home,10160000-0585-97b5-c38b-c489c1361b4b,2021102100,-105,0,19702,202110210cle,Adrian Hill,3,outdoors,2,FirstEnergy Stadium,CLE00,grass ,59,31,40.5,-106,Thursday,27
2021_07_ATL_MIA,2021-10-24,2021,7,REG,ATL,MIA,30,28,Arthur Smith,-129,00-0026143,Matt Ryan,14,-113,0,401326426,5693,2021-10-24,13:00,58600,Brian Flores,117,00-0036212,Tua Tagovailoa,7,103,Home,10160000-0586-00e3-5c25-2c5e09c87bf7,2021102402,101,0,19705,202110240mia,Scott Novak,-2,outdoors,-1.5,Hard Rock Stadium,MIA00,grass ,85,58,48.5,-113,Sunday,9
2021_07_CAR_NYG,2021-10-24,2021,7,REG,CAR,NYG,3,25,Matt Rhule,-154,00-0034869,Sam Darnold,7,-103,0,401326428,5689,2021-10-24,13:00,58602,Joe Judge,139,00-0035710,Daniel Jones,7,-107,Home,10160000-0586-025b-9e9c-20974c2be52d,2021102404,-106,0,19707,202110240nyg,Carl Cheffers,22,outdoors,-3,MetLife Stadium,NYC01,fieldturf,57,28,42.5,-105,Sunday,0
2021_07_CHI_TB,2021-10-24,2021,7,REG,CHI,TB,3,38,Matt Nagy,501,00-0036945,Justin Fields,7,-114,0,401326433,5696,2021-10-24,16:25,58607,Bruce Arians,-644,00-0019596,Tom Brady,10,103,Home,10160000-0586-073c-ee46-d0dc27fed855,2021102409,-101,0,19712,202110240tam,Alex Kemp,35,outdoors,12.5,Raymond James Stadium,TAM00,grass ,83,41,47,-110,Sunday,7
2021_07_CIN_BAL,2021-10-24,2021,7,REG,CIN,BAL,41,17,Zac Taylor,236,00-0036442,Joe Burrow,7,-109,1,401326424,5694,2021-10-24,13:00,58598,John Harbaugh,-272,00-0034796,Lamar Jackson,7,-101,Home,10160000-0585-984d-c473-30363d539d63,2021102400,-109,0,19703,202110240rav,Tony Corrente,-24,outdoors,6.5,M&T Bank Stadium,BAL00,grass,61,58,45.5,-102,Sunday,6
2021_07_DET_LA,2021-10-24,2021,7,REG,DET,LA,19,28,Dan Campbell,860,00-0033106,Jared Goff,7,-116,0,401326430,5697,2021-10-24,16:05,58604,Sean McVay,-1256,00-0026498,Matthew Stafford,7,105,Home,10160000-0586-04bb-6de5-531e31c5e9f0,2021102406,-101,0,19710,202110240ram,Bill Vinovich,9,dome,17,SoFi Stadium,LAX01,matrixturf,,47,51,-110,Sunday,
2021_07_HOU_ARI,2021-10-24,2021,7,REG,HOU,ARI,5,31,David Culley,1119,00-0036898,Davis Mills,7,-111,0,401326432,5698,2021-10-24,16:25,58606,Kliff Kingsbury,-1766,00-0035228,Kyler Murray,7,100,Home,10160000-0586-0692-769b-7837635ed359,2021102408,-112,0,19711,202110240crd,Land Clark,26,closed,20.5,State Farm Stadium,PHO00,grass ,,36,47,101,Sunday,
2021_07_IND_SF,2021-10-24,2021,7,REG,IND,SF,30,18,Frank Reich,152,00-0032950,Carson Wentz,7,-117,0,401326434,5699,2021-10-24,20:20,58608,Kyle Shanahan,-169,00-0031345,Jimmy Garoppolo,14,106,Home,10160000-0586-085b-44b3-5bc73b9079cb,2021102410,-110,0,19713,202110240sfo,Craig Wrolstad,-12,outdoors,3.5,Levi's Stadium,SFO01,grass,64,48,41.5,-102,Sunday,16
2021_07_KC_TEN,2021-10-24,2021,7,REG,KC,TEN,3,27,Andy Reid,-209,00-0033873,Patrick Mahomes,7,-110,0,401326429,5690,2021-10-24,13:00,58603,Mike Vrabel,185,00-0029701,Ryan Tannehill,6,-100,Home,10160000-0586-03f0-dadc-5f293b9d5cc3,2021102405,-101,0,19708,202110240oti,Brad Allen,24,outdoors,-4,Nissan Stadium,NAS00,grass ,74,30,57.5,-111,Sunday,14
2021_07_NYJ_NE,2021-10-24,2021,7,REG,NYJ,NE,13,54,Robert Saleh,261,00-0037013,Zach Wilson,14,-108,1,401326427,5692,2021-10-24,13:00,58601,Bill Belichick,-303,00-0036972,Mac Jones,7,-102,Home,10160000-0586-01f2-8647-83d1b243d388,2021102403,100,0,19706,202110240nwe,Brad Rogers,41,outdoors,7,Gillette Stadium,BOS00,fieldturf,52,67,43,-112,Sunday,0
2021_07_PHI_LV,2021-10-24,2021,7,REG,PHI,LV,22,33,Nick Sirianni,-102,00-0036389,Jalen Hurts,10,-109,0,401326431,5695,2021-10-24,16:05,58605,Rich Bisaccia,-108,00-0031280,Derek Carr,7,-101,Home,10160000-0586-05bf-6d9a-b4b38499b047,2021102407,-105,0,19709,202110240rai,Clete Blakeman,11,dome,1,Allegiant Stadium,VEG00,grass,,55,48,-106,Sunday,
2021_07_WAS_GB,2021-10-24,2021,7,REG,WAS,GB,10,24,Ron Rivera,331,00-0031800,Taylor Heinicke,7,-105,0,401326425,5691,2021-10-24,13:00,58599,Matt LaFleur,-397,00-0023459,Aaron Rodgers,7,-105,Home,10160000-0585-9945-f1ca-ec647642cb64,2021102401,105,0,19704,202110240gnb,Ron Torbert,14,outdoors,8.5,Lambeau Field,GNB00,grass ,49,34,48,-117,Sunday,11
2021_07_NO_SEA,2021-10-25,2021,7,REG,NO,SEA,13,10,Sean Payton,-237,00-0031503,Jameis Winston,15,-104,0,401326435,5700,2021-10-25,20:15,58609,Pete Carroll,208,00-0030565,Geno Smith,8,-106,Home,10160000-0586-0969-ae78-6a31c74e0e7a,2021102500,-109,0,19714,202110250sea,Shawn Hochuli,-3,outdoors,-6,Lumen Field,SEA00,fieldturf,54,23,42,-102,Monday,16
2021_08_GB_ARI,2021-10-28,2021,8,REG,GB,ARI,24,21,Matt LaFleur,242,00-0023459,Aaron Rodgers,4,-104,0,401326436,5701,2021-10-28,20:20,58610,Kliff Kingsbury,-279,00-0035228,Kyler Murray,4,-106,Home,10160000-0586-1014-49be-9e3476a37650,2021102800,-106,0,19715,202110280crd,Alex Kemp,-3,open,6.5,State Farm Stadium,PHO00,grass ,,45,51,-105,Thursday,
2021_08_CAR_ATL,2021-10-31,2021,8,REG,CAR,ATL,19,13,Matt Rhule,117,00-0034869,Sam Darnold,7,-109,1,401326437,5703,2021-10-31,13:00,58611,Arthur Smith,-129,00-0026143,Matt Ryan,7,-101,Home,10160000-0586-1198-2eae-cbb06a08f7e4,2021103100,100,0,19716,202110310atl,Brad Allen,-6,open,2.5,Mercedes-Benz Stadium,ATL97,fieldturf,,32,47,-111,Sunday,
2021_08_CIN_NYJ,2021-10-31,2021,8,REG,CIN,NYJ,31,34,Zac Taylor,-510,00-0036442,Joe Burrow,7,-105,0,401326444,5707,2021-10-31,13:00,58618,Robert Saleh,411,00-0034401,Mike White,7,-105,Home,10160000-0586-18f2-2465-f6877cedb800,2021103107,-102,0,19722,202110310nyj,Craig Wrolstad,3,outdoors,-11.5,MetLife Stadium,NYC01,fieldturf,63,65,43.5,-109,Sunday,11
2021_08_DAL_MIN,2021-10-31,2021,8,REG,DAL,MIN,20,16,Mike McCarthy,193,00-0033662,Cooper Rush,14,-109,0,401326449,5714,2021-10-31,20:20,58623,Mike Zimmer,-219,00-0029604,Kirk Cousins,14,-101,Home,10160000-0586-2320-e3bb-ca002ba299dd,2021103112,-101,0,19728,202110310min,Scott Novak,-4,dome,4.5,U.S. Bank Stadium,MIN01,sportturf,,36,49.5,-110,Sunday,
2021_08_JAX_SEA,2021-10-31,2021,8,REG,JAX,SEA,7,31,Urban Meyer,171,00-0036971,Trevor Lawrence,14,-105,0,401326446,5710,2021-10-31,16:05,58620,Pete Carroll,-192,00-0030565,Geno Smith,6,-105,Home,10160000-0586-20c3-f5e9-47fb8cba284d,2021103109,-111,0,19725,202110310sea,Adrian Hill,24,outdoors,4,Lumen Field,SEA00,fieldturf,54,38,44,-101,Sunday,8
2021_08_LA_HOU,2021-10-31,2021,8,REG,LA,HOU,38,22,Sean McVay,-1010,00-0026498,Matthew Stafford,7,107,0,401326442,5705,2021-10-31,13:00,58616,David Culley,724,00-0036898,Davis Mills,7,-118,Home,10160000-0586-168d-80ec-0bbbdafe2d9b,2021103105,-103,0,19721,202110310htx,Clay Martin,-16,closed,-17,NRG Stadium,HOU00,astroturf,,60,47,-108,Sunday,
2021_08_MIA_BUF,2021-10-31,2021,8,REG,MIA,BUF,11,26,Brian Flores,709,00-0036212,Tua Tagovailoa,7,-108,1,401326438,5708,2021-10-31,13:00,58612,Sean McDermott,-983,00-0034857,Josh Allen,13,-102,Home,10160000-0586-126b-df63-e93e28f7fc28,2021103101,-108,0,19717,202110310buf,Shawn Smith,15,outdoors,15,New Era Field,BUF00,a_turf,54,37,48.5,-103,Sunday,9
2021_08_NE_LAC,2021-10-31,2021,8,REG,NE,LAC,27,24,Bill Belichick,163,00-0036972,Mac Jones,7,-101,0,401326445,5711,2021-10-31,16:05,58619,Brandon Staley,-183,00-0036355,Justin Herbert,14,-109,Home,10160000-0586-192a-816e-f136184e5caa,2021103108,-105,0,19724,202110310sdg,Ron Torbert,-3,dome,3.5,SoFi Stadium,LAX01,matrixturf,,51,50.5,-106,Sunday,
2021_08_PHI_DET,2021-10-31,2021,8,REG,PHI,DET,44,6,Nick Sirianni,-168,00-0036389,Jalen Hurts,7,-116,0,401326441,5702,2021-10-31,13:00,58615,Dan Campbell,151,00-0033106,Jared Goff,7,105,Home,10160000-0586-156a-46a9-a2c42dfd5cc3,2021103104,-101,0,19720,202110310det,Tony Corrente,-38,dome,-3,Ford Field,DET00,fieldturf,,50,48.5,-110,Sunday,
2021_08_PIT_CLE,2021-10-31,2021,8,REG,PIT,CLE,15,10,Mike Tomlin,196,00-0022924,Ben Roethlisberger,14,-108,1,401326440,5706,2021-10-31,13:00,58614,Kevin Stefanski,-222,00-0034855,Baker Mayfield,10,-102,Home,10160000-0586-143c-2c3f-7983dc713148,2021103103,-106,0,19719,202110310cle,Shawn Hochuli,-5,outdoors,5.5,FirstEnergy Stadium,CLE00,grass ,57,25,43,-105,Sunday,13
2021_08_SF_CHI,2021-10-31,2021,8,REG,SF,CHI,33,22,Kyle Shanahan,-210,00-0031345,Jimmy Garoppolo,7,-103,0,401326439,5704,2021-10-31,13:00,58613,Matt Nagy,186,00-0036945,Justin Fields,7,-107,Home,10160000-0586-1317-2bd2-dc5ec65ec74a,2021103102,-114,0,19718,202110310chi,Land Clark,-11,outdoors,-4.5,Soldier Field,CHI98,grass ,53,55,40,102,Sunday,12
2021_08_TB_NO,2021-10-31,2021,8,REG,TB,NO,27,36,Bruce Arians,-188,00-0019596,Tom Brady,7,-101,1,401326448,5712,2021-10-31,16:25,58622,Sean Payton,168,00-0031503,Jameis Winston,6,-109,Home,10160000-0586-2232-ad98-be22e2b9e559,2021103111,-102,0,19727,202110310nor,Clete Blakeman,9,dome,-4,Mercedes-Benz Superdome,NOR00,sportturf,,63,48.5,-109,Sunday,
2021_08_TEN_IND,2021-10-31,2021,8,REG,TEN,IND,34,31,Mike Vrabel,144,00-0029701,Ryan Tannehill,7,-102,1,401326443,5709,2021-10-31,13:00,58617,Frank Reich,-160,00-0032950,Carson Wentz,7,-108,Home,10160000-0586-17ba-050c-83c692d4c53a,2021103106,101,1,19723,202110310clt,Carl Cheffers,-3,open,3,Lucas Oil Stadium,IND00,fieldturf,,65,51,-112,Sunday,
2021_08_WAS_DEN,2021-10-31,2021,8,REG,WAS,DEN,10,17,Ron Rivera,170,00-0031800,Taylor Heinicke,7,-108,0,401326447,5713,2021-10-31,16:25,58621,Vic Fangio,-191,00-0031237,Teddy Bridgewater,10,-102,Home,10160000-0586-211f-5863-170a4c769585,2021103110,104,0,19726,202110310den,John Hussey,7,outdoors,4,Empower Field at Mile High,DEN00,grass ,41,27,45,-116,Sunday,4
2021_08_NYG_KC,2021-11-01,2021,8,REG,NYG,KC,17,20,Joe Judge,425,00-0035710,Daniel Jones,8,-107,0,401326450,5715,2021-11-01,20:15,58624,Andy Reid,-530,00-0033873,Patrick Mahomes,8,-103,Home,10160000-0586-246f-2d86-fc18881f0a73,2021110100,-110,0,19729,202111010kan,Jerome Boger,3,outdoors,10.5,GEHA Field at Arrowhead Stadium,KAN00,grass ,39,37,53,-101,Monday,4
2021_09_NYJ_IND,2021-11-04,2021,9,REG,NYJ,IND,30,45,Robert Saleh,410,00-0034401,Mike White,4,-108,0,401326451,5716,2021-11-04,20:20,58625,Frank Reich,-509,00-0032950,Carson Wentz,4,-102,Home,10160000-0586-25d1-9337-25821ada89de,2021110400,-101,0,19730,202111040clt,John Hussey,15,closed,10.5,Lucas Oil Stadium,IND00,fieldturf,,75,46,-111,Thursday,
2021_09_ARI_SF,2021-11-07,2021,9,REG,ARI,SF,31,17,Kliff Kingsbury,207,00-0027688,Colt McCoy,10,-105,1,401326462,5726,2021-11-07,16:25,58636,Kyle Shanahan,-235,00-0031345,Jimmy Garoppolo,7,-105,Home,10160000-0586-3612-1a90-45db9784b8ab,2021110710,-102,0,19741,202111070sfo,Brad Allen,-14,outdoors,5.5,Levi's Stadium,SFO01,grass,57,48,44.5,-109,Sunday,8
2021_09_ATL_NO,2021-11-07,2021,9,REG,ATL,NO,27,25,Arthur Smith,240,00-0026143,Matt Ryan,7,-117,1,401326458,5719,2021-11-07,13:00,58632,Sean Payton,-277,00-0032156,Trevor Siemian,7,106,Home,10160000-0586-3236-e5c0-11e0241636f0,2021110706,-110,0,19737,202111070nor,Alex Kemp,-2,dome,7,Mercedes-Benz Superdome,NOR00,sportturf,,52,43,-101,Sunday,
2021_09_BUF_JAX,2021-11-07,2021,9,REG,BUF,JAX,6,9,Sean McDermott,-1101,00-0034857,Josh Allen,7,-120,0,401326456,5722,2021-11-07,13:00,58630,Urban Meyer,776,00-0036971,Trevor Lawrence,7,109,Home,10160000-0586-30ad-ec8d-8a5d9f923f00,2021110704,-108,0,19735,202111070jax,Land Clark,3,outdoors,-14.5,TIAA Bank Stadium,JAX00,grass ,59,15,48,-103,Sunday,16
2021_09_CLE_CIN,2021-11-07,2021,9,REG,CLE,CIN,41,16,Kevin Stefanski,117,00-0034855,Baker Mayfield,7,-105,1,401326454,5720,2021-11-07,13:00,58628,Zac Taylor,-129,00-0036442,Joe Burrow,7,-105,Home,10160000-0586-28cc-8c76-2948ce313801,2021110702,-105,0,19733,202111070cin,Scott Novak,-25,outdoors,2.5,Paul Brown Stadium,CIN00,fieldturf,56,57,47.5,-106,Sunday,0
2021_09_DEN_DAL,2021-11-07,2021,9,REG,DEN,DAL,30,16,Vic Fangio,378,00-0031237,Teddy Bridgewater,7,-107,0,401326455,5721,2021-11-07,13:00,58629,Mike McCarthy,-462,00-0033077,Dak Prescott,7,-103,Home,10160000-0586-2983-02e8-f15404122881,2021110703,-108,0,19734,202111070dal,Bill Vinovich,-14,closed,10.5,AT&T Stadium,DAL00,matrixturf,,46,50,-103,Sunday,
2021_09_GB_KC,2021-11-07,2021,9,REG,GB,KC,7,13,Matt LaFleur,275,00-0036264,Jordan Love,10,-107,0,401326461,5727,2021-11-07,16:25,58635,Andy Reid,-322,00-0033873,Patrick Mahomes,6,-104,Home,10160000-0586-3533-e98a-3b2504389274,2021110709,-109,0,19740,202111070kan,Shawn Smith,6,outdoors,7,GEHA Field at Arrowhead Stadium,KAN00,grass ,51,20,48,-102,Sunday,12
2021_09_HOU_MIA,2021-11-07,2021,9,REG,HOU,MIA,9,17,David Culley,166,00-0028118,Tyrod Taylor,7,-112,0,401326457,5723,2021-11-07,13:00,58631,Brian Flores,-185,00-0033119,Jacoby Brissett,7,101,Home,10160000-0586-31c9-618e-bfc8cff2be31,2021110705,-102,0,19736,202111070mia,Adrian Hill,8,outdoors,4,Hard Rock Stadium,MIA00,grass ,72,26,45,-109,Sunday,19
2021_09_LAC_PHI,2021-11-07,2021,9,REG,LAC,PHI,27,24,Brandon Staley,-106,00-0036355,Justin Herbert,7,-101,0,401326460,5725,2021-11-07,16:05,58634,Nick Sirianni,-104,00-0036389,Jalen Hurts,7,-110,Home,10160000-0586-349c-8704-efc78e75a1c5,2021110708,-106,0,19739,202111070phi,Jerome Boger,-3,outdoors,-1,Lincoln Financial Field,PHI00,grass ,54,51,49.5,-105,Sunday,11
2021_09_LV_NYG,2021-11-07,2021,9,REG,LV,NYG,16,23,Rich Bisaccia,-152,00-0031280,Derek Carr,14,-102,0,401326459,5718,2021-11-07,13:00,58633,Joe Judge,137,00-0035710,Daniel Jones,6,-108,Home,10160000-0586-334f-a859-0a1e5b229c95,2021110707,-103,0,19738,202111070nyg,Clay Martin,7,outdoors,-3,MetLife Stadium,NYC01,fieldturf,54,39,47,-108,Sunday,4
2021_09_MIN_BAL,2021-11-07,2021,9,REG,MIN,BAL,31,34,Mike Zimmer,262,00-0029604,Kirk Cousins,7,-117,0,401326452,5724,2021-11-07,13:00,58626,John Harbaugh,-305,00-0034796,Lamar Jackson,14,106,Home,10160000-0586-263a-6126-2df0136ce50f,2021110700,-102,1,19731,202111070rav,Carl Cheffers,3,outdoors,7.5,M&T Bank Stadium,BAL00,grass,56,65,51,-109,Sunday,8
2021_09_NE_CAR,2021-11-07,2021,9,REG,NE,CAR,24,6,Bill Belichick,-176,00-0036972,Mac Jones,7,-101,0,401326453,5717,2021-11-07,13:00,58627,Matt Rhule,157,00-0034869,Sam Darnold,7,-109,Home,10160000-0586-2710-526b-8322946486dc,2021110701,-111,0,19732,202111070car,Clete Blakeman,-18,outdoors,-3.5,Bank of America Stadium,CAR00,grass ,61,30,41.5,100,Sunday,16
2021_09_TEN_LA,2021-11-07,2021,9,REG,TEN,LA,28,16,Mike Vrabel,296,00-0029701,Ryan Tannehill,7,103,0,401326463,5728,2021-11-07,20:20,58637,Sean McVay,-350,00-0026498,Matthew Stafford,7,-114,Home,10160000-0586-37fa-fc75-f38fc8292eaa,2021110711,-100,0,19742,202111070ram,Brad Rogers,-12,dome,7,SoFi Stadium,LAX01,matrixturf,,44,53.5,-111,Sunday,
2021_09_CHI_PIT,2021-11-08,2021,9,REG,CHI,PIT,27,29,Matt Nagy,263,00-0036945,Justin Fields,8,-109,0,401326464,5729,2021-11-08,20:15,58638,Mike Tomlin,-306,00-0022924,Ben Roethlisberger,8,-101,Home,10160000-0586-3849-69aa-da11e4b10a8f,2021110800,-108,0,19743,202111080pit,Tony Corrente,2,outdoors,7,Heinz Field,PIT00,grass ,55,56,40,-103,Monday,7
2021_10_BAL_MIA,2021-11-11,2021,10,REG,BAL,MIA,10,22,John Harbaugh,-390,00-0034796,Lamar Jackson,4,-106,0,401326465,5730,2021-11-11,20:20,58639,Brian Flores,326,00-0033119,Jacoby Brissett,4,-104,Home,10160000-0586-39a4-241f-6d7470285c47,2021111100,-105,0,19744,202111110mia,Ron Torbert,12,outdoors,-8.5,Hard Rock Stadium,MIA00,grass ,77,32,46.5,-106,Thursday,4
2021_10_ATL_DAL,2021-11-14,2021,10,REG,ATL,DAL,3,43,Arthur Smith,328,00-0026143,Matt Ryan,7,-105,0,401326466,5733,2021-11-14,13:00,58640,Mike McCarthy,-392,00-0033077,Dak Prescott,7,-105,Home,10160000-0586-4081-1e73-e81083e4af9e,2021111400,-103,0,19746,202111140dal,Craig Wrolstad,40,closed,8,AT&T Stadium,DAL00,matrixturf,,46,55,-108,Sunday,
2021_10_BUF_NYJ,2021-11-14,2021,10,REG,BUF,NYJ,45,17,Sean McDermott,-685,00-0034857,Josh Allen,7,101,1,401326469,5736,2021-11-14,13:00,58643,Robert Saleh,527,00-0034401,Mike White,10,-111,Home,10160000-0586-43d2-395f-4bf27d1404ee,2021111403,-116,0,19749,202111140nyj,Scott Novak,-28,outdoors,-13,MetLife Stadium,NYC01,fieldturf,47,62,47,104,Sunday,4
2021_10_CAR_ARI,2021-11-14,2021,10,REG,CAR,ARI,34,10,Matt Rhule,280,00-0033275,Phillip Walker,7,-103,0,401326473,5738,2021-11-14,16:05,58647,Kliff Kingsbury,-329,00-0027688,Colt McCoy,7,-107,Home,10160000-0586-4798-b973-d510130fe432,2021111407,101,0,19752,202111140crd,Adrian Hill,-24,closed,7,State Farm Stadium,PHO00,grass ,,44,42,-113,Sunday,
2021_10_CLE_NE,2021-11-14,2021,10,REG,CLE,NE,7,45,Kevin Stefanski,119,00-0034855,Baker Mayfield,7,-104,0,401326468,5731,2021-11-14,13:00,58642,Bill Belichick,-132,00-0036972,Mac Jones,7,-106,Home,10160000-0586-4216-83b9-5ebda2ac2f30,2021111402,-103,0,19748,202111140nwe,John Hussey,38,outdoors,2.5,Gillette Stadium,BOS00,fieldturf,48,52,45.5,-108,Sunday,6
2021_10_DET_PIT,2021-11-14,2021,10,REG,DET,PIT,16,16,Dan Campbell,303,00-0033106,Jared Goff,14,-121,0,401326470,5737,2021-11-14,13:00,58644,Mike Tomlin,-359,00-0034771,Mason Rudolph,6,110,Home,10160000-0586-4425-bb77-9ad5d2181523,2021111404,102,1,19750,202111140pit,Land Clark,0,outdoors,9,Heinz Field,PIT00,grass ,37,32,43,-114,Sunday,12
2021_10_JAX_IND,2021-11-14,2021,10,REG,JAX,IND,17,23,Urban Meyer,358,00-0036971,Trevor Lawrence,7,-115,1,401326467,5735,2021-11-14,13:00,58641,Frank Reich,-434,00-0032950,Carson Wentz,10,104,Home,10160000-0586-41eb-d0af-fdecedbc0860,2021111401,-103,0,19747,202111140clt,Tony Corrente,6,closed,10.5,Lucas Oil Stadium,IND00,fieldturf,,40,47.5,-108,Sunday,
2021_10_KC_LV,2021-11-14,2021,10,REG,KC,LV,41,14,Andy Reid,-147,00-0033873,Patrick Mahomes,7,-123,1,401326477,5742,2021-11-14,20:20,58651,Rich Bisaccia,133,00-0031280,Derek Carr,7,111,Home,10160000-0586-5180-6789-97efd11644c2,2021111411,-103,0,19807,202111140rai,Bill Vinovich,-27,dome,-2.5,Allegiant Stadium,VEG00,grass,,55,53.5,-108,Sunday,
2021_10_MIN_LAC,2021-11-14,2021,10,REG,MIN,LAC,27,20,Mike Zimmer,160,00-0029604,Kirk Cousins,7,111,0,401326474,5739,2021-11-14,16:05,58648,Brandon Staley,-179,00-0036355,Justin Herbert,7,-123,Home,10160000-0586-4864-8173-1b0e28a7b11a,2021111408,-107,0,19753,202111140sdg,Clay Martin,-7,dome,3,SoFi Stadium,LAX01,matrixturf,,47,53.5,-104,Sunday,
2021_10_NO_TEN,2021-11-14,2021,10,REG,NO,TEN,21,23,Sean Payton,133,00-0032156,Trevor Siemian,7,-114,0,401326471,5734,2021-11-14,13:00,58645,Mike Vrabel,-147,00-0029701,Ryan Tannehill,7,103,Home,10160000-0586-459d-5a14-86398c300fa2,2021111405,-102,0,19751,202111140oti,Jerome Boger,2,outdoors,3,Nissan Stadium,NAS00,grass ,53,44,44,-109,Sunday,12
2021_10_PHI_DEN,2021-11-14,2021,10,REG,PHI,DEN,30,13,Nick Sirianni,101,00-0036389,Jalen Hurts,7,-108,0,401326475,5740,2021-11-14,16:25,58649,Vic Fangio,-111,00-0031237,Teddy Bridgewater,7,-102,Home,10160000-0586-49dc-905a-b3b21334e565,2021111409,-108,0,19754,202111140den,Shawn Hochuli,-17,outdoors,1,Empower Field at Mile High,DEN00,grass ,57,43,44.5,-103,Sunday,19
2021_10_SEA_GB,2021-11-14,2021,10,REG,SEA,GB,0,17,Pete Carroll,151,00-0029263,Russell Wilson,14,104,0,401326476,5741,2021-11-14,16:25,58650,Matt LaFleur,-168,00-0023459,Aaron Rodgers,7,-115,Home,10160000-0586-50b4-b794-e7972c0d7575,2021111410,105,0,19755,202111140gnb,Brad Allen,17,outdoors,3,Lambeau Field,GNB00,grass ,35,17,49.5,-117,Sunday,11
2021_10_TB_WAS,2021-11-14,2021,10,REG,TB,WAS,19,29,Bruce Arians,-435,00-0019596,Tom Brady,14,106,0,401326472,5732,2021-11-14,13:00,58646,Ron Rivera,359,00-0031800,Taylor Heinicke,14,-117,Home,10160000-0586-4622-f11e-15f7482640be,2021111406,-102,0,19745,202111140was,Brad Rogers,10,outdoors,-10,FedExField,WAS00,grass ,47,48,51,-109,Sunday,8
2021_10_LA_SF,2021-11-15,2021,10,REG,LA,SF,10,31,Sean McVay,-177,00-0026498,Matthew Stafford,8,-100,1,401326478,5743,2021-11-15,20:15,58652,Kyle Shanahan,158,00-0031345,Jimmy Garoppolo,8,-110,Home,10160000-0586-5217-2a0e-c090ab5807aa,2021111500,-102,0,19756,202111150sfo,Shawn Smith,21,outdoors,-3.5,Levi's Stadium,SFO01,grass,59,41,50,-110,Monday,0
2021_11_NE_ATL,2021-11-18,2021,11,REG,NE,ATL,25,0,Bill Belichick,-329,00-0036972,Mac Jones,4,-111,0,401326479,5744,2021-11-18,20:20,58653,Arthur Smith,280,00-0026143,Matt Ryan,4,101,Home,10160000-0586-5342-6d41-c810cff5d936,2021111800,-103,0,19757,202111180atl,Land Clark,-25,closed,-7,Mercedes-Benz Stadium,ATL97,fieldturf,,25,47.5,-108,Thursday,
2021_11_ARI_SEA,2021-11-21,2021,11,REG,ARI,SEA,23,13,Kliff Kingsbury,135,00-0027688,Colt McCoy,7,111,1,401326491,5756,2021-11-21,16:25,58665,Pete Carroll,-150,00-0029263,Russell Wilson,7,-122,Home,10160000-0586-658c-0c7e-b51de943dbe4,2021112111,101,0,19769,202111210sea,Clete Blakeman,-10,outdoors,2.5,Lumen Field,SEA00,fieldturf,46,36,46,-113,Sunday,0
2021_11_BAL_CHI,2021-11-21,2021,11,REG,BAL,CHI,16,13,John Harbaugh,-226,00-0035993,Tyler Huntley,10,-103,0,401326482,5752,2021-11-21,13:00,58656,Matt Nagy,199,00-0036945,Justin Fields,13,-107,Home,10160000-0586-5686-c482-19c3aaa58c1a,2021112102,-107,0,19760,202111210chi,Shawn Smith,-3,outdoors,-5,Soldier Field,CHI98,grass ,46,29,43,-104,Sunday,9
2021_11_CIN_LV,2021-11-21,2021,11,REG,CIN,LV,32,13,Zac Taylor,-123,00-0036442,Joe Burrow,14,-115,0,401326489,5754,2021-11-21,16:05,58663,Rich Bisaccia,112,00-0031280,Derek Carr,7,105,Home,10160000-0586-6323-2b0e-26ce4dd928d5,2021112109,-101,0,19767,202111210rai,Jerome Boger,-19,dome,-1,Allegiant Stadium,VEG00,grass,,45,50.5,-110,Sunday,
2021_11_DAL_KC,2021-11-21,2021,11,REG,DAL,KC,9,19,Mike McCarthy,122,00-0033077,Dak Prescott,7,-101,0,401326490,5755,2021-11-21,16:25,58664,Andy Reid,-134,00-0033873,Patrick Mahomes,7,-110,Home,10160000-0586-6424-685a-6f568cd3007c,2021112110,103,0,19768,202111210kan,John Hussey,10,outdoors,2.5,GEHA Field at Arrowhead Stadium,KAN00,grass ,57,28,56,-115,Sunday,17
2021_11_DET_CLE,2021-11-21,2021,11,REG,DET,CLE,10,13,Dan Campbell,465,00-0034177,Tim Boyle,7,-106,0,401326483,5750,2021-11-21,13:00,58657,Kevin Stefanski,-590,00-0034855,Baker Mayfield,7,-104,Home,10160000-0586-5732-3027-2b4e927a93f6,2021112103,-108,0,19761,202111210cle,Clay Martin,3,outdoors,13,FirstEnergy Stadium,CLE00,grass ,42,23,42.5,-103,Sunday,7
2021_11_GB_MIN,2021-11-21,2021,11,REG,GB,MIN,31,34,Matt LaFleur,-111,00-0023459,Aaron Rodgers,7,-105,1,401326485,5748,2021-11-21,13:00,58659,Mike Zimmer,101,00-0029604,Kirk Cousins,7,-105,Home,10160000-0586-5977-9800-c4015b26ad15,2021112105,102,0,19763,202111210min,Shawn Hochuli,3,dome,-1,U.S. Bank Stadium,MIN01,sportturf,,65,48,-113,Sunday,
2021_11_HOU_TEN,2021-11-21,2021,11,REG,HOU,TEN,22,13,David Culley,377,00-0028118,Tyrod Taylor,14,-110,1,401326488,5749,2021-11-21,13:00,58662,Mike Vrabel,-462,00-0029701,Ryan Tannehill,7,-100,Home,10160000-0586-62fb-5c7d-eb1b756bbb1e,2021112108,-101,0,19766,202111210oti,Tony Corrente,-9,outdoors,10.5,Nissan Stadium,NAS00,grass ,59,35,44.5,-110,Sunday,8
2021_11_IND_BUF,2021-11-21,2021,11,REG,IND,BUF,41,15,Frank Reich,274,00-0032950,Carson Wentz,7,-116,0,401326480,5746,2021-11-21,13:00,58654,Sean McDermott,-320,00-0034857,Josh Allen,7,105,Home,10160000-0586-54ab-3f0e-28e043a060df,2021112100,100,0,19758,202111210buf,Brad Rogers,-26,outdoors,7.5,New Era Field,BUF00,a_turf,49,56,49.5,-111,Sunday,12
2021_11_MIA_NYJ,2021-11-21,2021,11,REG,MIA,NYJ,24,17,Brian Flores,-181,00-0036212,Tua Tagovailoa,10,-103,1,401326486,5751,2021-11-21,13:00,58660,Robert Saleh,162,00-0026158,Joe Flacco,7,-107,Home,10160000-0586-6026-c2c3-234d6201e014,2021112106,-112,0,19764,202111210nyj,Alex Kemp,-7,outdoors,-3.5,MetLife Stadium,NYC01,fieldturf,52,41,44.5,101,Sunday,4
2021_11_NO_PHI,2021-11-21,2021,11,REG,NO,PHI,29,40,Sean Payton,130,00-0032156,Trevor Siemian,7,106,0,401326487,5753,2021-11-21,13:00,58661,Nick Sirianni,-144,00-0036389,Jalen Hurts,7,-117,Home,10160000-0586-6126-ef76-9dc348c0ac76,2021112107,-100,0,19765,202111210phi,Scott Novak,11,outdoors,2.5,Lincoln Financial Field,PHI00,grass ,51,69,42.5,-111,Sunday,4
2021_11_PIT_LAC,2021-11-21,2021,11,REG,PIT,LAC,37,41,Mike Tomlin,220,00-0022924,Ben Roethlisberger,7,103,0,401326492,5757,2021-11-21,20:20,58666,Brandon Staley,-251,00-0036355,Justin Herbert,7,-114,Home,10160000-0586-6696-59c9-9cc0e0b5c8d1,2021112112,-106,0,19770,202111210sdg,Carl Cheffers,4,dome,5.5,SoFi Stadium,LAX01,matrixturf,,78,47.5,-105,Sunday,
2021_11_SF_JAX,2021-11-21,2021,11,REG,SF,JAX,30,10,Kyle Shanahan,-281,00-0031345,Jimmy Garoppolo,6,-106,0,401326484,5745,2021-11-21,13:00,58658,Urban Meyer,243,00-0036971,Trevor Lawrence,7,-104,Home,10160000-0586-5884-70ae-81f990dd7759,2021112104,-108,0,19762,202111210jax,Ron Torbert,-20,outdoors,-6.5,TIAA Bank Stadium,JAX00,grass ,68,40,45,-103,Sunday,17
2021_11_WAS_CAR,2021-11-21,2021,11,REG,WAS,CAR,27,21,Ron Rivera,154,00-0031800,Taylor Heinicke,7,-114,0,401326481,5747,2021-11-21,13:00,58655,Matt Rhule,-172,00-0027939,Cam Newton,7,103,Home,10160000-0586-5543-e11e-6d1516a81464,2021112101,-103,0,19759,202111210car,Bill Vinovich,-6,outdoors,3.5,Bank of America Stadium,CAR00,grass ,54,48,43,-108,Sunday,0
2021_11_NYG_TB,2021-11-22,2021,11,REG,NYG,TB,10,30,Joe Judge,423,00-0035710,Daniel Jones,15,-113,0,401326493,5758,2021-11-22,20:15,58667,Bruce Arians,-527,00-0019596,Tom Brady,8,102,Home,10160000-0586-6749-7b55-06f7a253d023,2021112200,-109,0,19771,202111220tam,Craig Wrolstad,20,outdoors,11.5,Raymond James Stadium,TAM00,grass ,68,40,49.5,-102,Monday,6
2021_12_BUF_NO,2021-11-25,2021,12,REG,BUF,NO,31,6,Sean McDermott,-270,00-0034857,Josh Allen,4,100,0,401326496,5761,2021-11-25,20:20,58670,Sean Payton,235,00-0032156,Trevor Siemian,4,-112,Home,10160000-0586-703b-c1ab-4d97657fbeb0,2021112502,-101,0,19774,202111250nor,Brad Allen,-25,dome,-7,Mercedes-Benz Superdome,NOR00,sportturf,,37,45,-110,Thursday,
2021_12_CHI_DET,2021-11-25,2021,12,REG,CHI,DET,16,14,Matt Nagy,-129,00-0027973,Andy Dalton,4,-107,1,401326494,5759,2021-11-25,12:30,58668,Dan Campbell,115,00-0033106,Jared Goff,4,-104,Home,10160000-0586-6841-ae86-4a9be6190bcd,2021112500,-108,0,19772,202111250det,Adrian Hill,-2,dome,-2,Ford Field,DET00,fieldturf,,30,41.5,-103,Thursday,
2021_12_LV_DAL,2021-11-25,2021,12,REG,LV,DAL,36,33,Rich Bisaccia,269,00-0031280,Derek Carr,4,-106,0,401326495,5760,2021-11-25,16:30,58669,Mike McCarthy,-314,00-0033077,Dak Prescott,4,-105,Home,10160000-0586-69a7-6648-aaa102713d03,2021112501,-108,0,19773,202111250dal,Shawn Hochuli,-3,closed,7,AT&T Stadium,DAL00,matrixturf,,69,51,-103,Thursday,
2021_12_ATL_JAX,2021-11-28,2021,12,REG,ATL,JAX,21,14,Arthur Smith,-115,00-0026143,Matt Ryan,10,-102,0,401326500,5763,2021-11-28,13:00,58674,Urban Meyer,105,00-0036971,Trevor Lawrence,7,-108,Home,10160000-0586-748f-b4fd-44ee65f2acc4,2021112803,-103,0,19778,202111280jax,Carl Cheffers,-7,outdoors,-1.5,TIAA Bank Stadium,JAX00,grass ,61,35,46,-108,Sunday,4
2021_12_CAR_MIA,2021-11-28,2021,12,REG,CAR,MIA,10,33,Matt Rhule,-119,00-0027939,Cam Newton,7,-110,0,401326501,5764,2021-11-28,13:00,58675,Brian Flores,108,00-0036212,Tua Tagovailoa,7,-101,Home,10160000-0586-7535-a041-6da9a089c9c4,2021112804,-113,0,19779,202111280mia,John Hussey,23,outdoors,-1,Hard Rock Stadium,MIA00,grass ,74,43,41,102,Sunday,4
2021_12_CLE_BAL,2021-11-28,2021,12,REG,CLE,BAL,10,16,Kevin Stefanski,140,00-0034855,Baker Mayfield,7,-110,1,401326507,5772,2021-11-28,20:20,58681,John Harbaugh,-156,00-0034796,Lamar Jackson,7,-102,Home,10160000-0586-8114-0987-cee47f496449,2021112810,-110,0,19785,202111280rav,Jerome Boger,6,outdoors,3,M&T Bank Stadium,BAL00,grass,43,26,47,-101,Sunday,0
2021_12_LAC_DEN,2021-11-28,2021,12,REG,LAC,DEN,13,28,Brandon Staley,-141,00-0036355,Justin Herbert,7,-114,1,401326504,5769,2021-11-28,16:05,58678,Vic Fangio,127,00-0031237,Teddy Bridgewater,14,103,Home,10160000-0586-7834-5cff-d927486db13b,2021112807,-100,0,19782,202111280den,Land Clark,15,outdoors,-2.5,Empower Field at Mile High,DEN00,grass ,62,41,47.5,-111,Sunday,0
2021_12_LA_GB,2021-11-28,2021,12,REG,LA,GB,28,36,Sean McVay,-120,00-0026498,Matthew Stafford,13,-100,0,401326505,5771,2021-11-28,16:25,58679,Matt LaFleur,108,00-0023459,Aaron Rodgers,7,-110,Home,10160000-0586-79dc-48bc-1c9f56796d27,2021112808,-102,0,19783,202111280gnb,Craig Wrolstad,8,outdoors,-2,Lambeau Field,GNB00,grass ,37,64,47,-109,Sunday,14
2021_12_MIN_SF,2021-11-28,2021,12,REG,MIN,SF,26,34,Mike Zimmer,164,00-0029604,Kirk Cousins,7,-108,0,401326506,5770,2021-11-28,16:25,58680,Kyle Shanahan,-183,00-0031345,Jimmy Garoppolo,7,-102,Home,10160000-0586-8063-7abc-663d2a391fe5,2021112809,-110,0,19784,202111280sfo,Brad Rogers,8,outdoors,3.5,Levi's Stadium,SFO01,grass,68,60,49,-101,Sunday,7
2021_12_NYJ_HOU,2021-11-28,2021,12,REG,NYJ,HOU,21,14,Robert Saleh,125,00-0037013,Zach Wilson,7,-124,0,401326498,5765,2021-11-28,13:00,58672,David Culley,-138,00-0028118,Tyrod Taylor,7,111,Home,10160000-0586-72e9-28a2-1367df1bdb2d,2021112801,-108,0,19776,202111280htx,Clete Blakeman,-7,closed,3,NRG Stadium,HOU00,astroturf,,35,44.5,-103,Sunday,
2021_12_PHI_NYG,2021-11-28,2021,12,REG,PHI,NYG,7,13,Nick Sirianni,-192,00-0036389,Jalen Hurts,7,100,1,401326503,5762,2021-11-28,13:00,58677,Joe Judge,171,00-0035710,Daniel Jones,6,-110,Home,10160000-0586-7761-460f-d58911fcbaf8,2021112806,-104,0,19781,202111280nyg,Ron Torbert,6,outdoors,-4,MetLife Stadium,NYC01,fieldturf,39,20,45.5,-107,Sunday,4
2021_12_PIT_CIN,2021-11-28,2021,12,REG,PIT,CIN,10,41,Mike Tomlin,154,00-0022924,Ben Roethlisberger,7,-111,1,401326497,5766,2021-11-28,13:00,58671,Zac Taylor,-172,00-0036442,Joe Burrow,7,-100,Home,10160000-0586-71a7-ad69-2db8656fcc24,2021112800,-110,0,19775,202111280cin,Bill Vinovich,31,outdoors,3.5,Paul Brown Stadium,CIN00,fieldturf,43,51,43.5,-102,Sunday,12
2021_12_TB_IND,2021-11-28,2021,12,REG,TB,IND,38,31,Bruce Arians,-149,00-0019596,Tom Brady,6,101,0,401326499,5768,2021-11-28,13:00,58673,Frank Reich,135,00-0032950,Carson Wentz,7,-112,Home,10160000-0586-73c7-3f7d-85cc3c5f3571,2021112802,-102,0,19777,202111280clt,Shawn Smith,-7,closed,-3,Lucas Oil Stadium,IND00,fieldturf,,69,53,-109,Sunday,
2021_12_TEN_NE,2021-11-28,2021,12,REG,TEN,NE,13,36,Mike Vrabel,262,00-0029701,Ryan Tannehill,7,-118,0,401326502,5767,2021-11-28,13:00,58676,Bill Belichick,-305,00-0036972,Mac Jones,10,106,Home,10160000-0586-7695-3493-146560fe88f2,2021112805,-108,0,19780,202111280nwe,Alex Kemp,23,outdoors,7.5,Gillette Stadium,BOS00,fieldturf,33,49,43,-103,Sunday,6
2021_12_SEA_WAS,2021-11-29,2021,12,REG,SEA,WAS,15,17,Pete Carroll,-128,00-0029263,Russell Wilson,8,-121,0,401326508,5773,2021-11-29,20:15,58682,Ron Rivera,116,00-0031800,Taylor Heinicke,8,108,Home,10160000-0586-82f1-2498-f710dac5ddec,2021112900,104,0,19786,202111290was,Clay Martin,2,outdoors,-1,FedExField,WAS00,grass ,41,32,47,-116,Monday,9
2021_13_DAL_NO,2021-12-02,2021,13,REG,DAL,NO,27,17,Mike McCarthy,-254,00-0033077,Dak Prescott,7,-110,0,401326509,5774,2021-12-02,20:20,58683,Sean Payton,222,00-0033357,Taysom Hill,7,100,Home,10160000-0586-8369-f9ad-7dcb05ea431e,2021120200,-105,0,19787,202112020nor,Brad Rogers,-10,dome,-6,Mercedes-Benz Superdome,NOR00,sportturf,,44,46,-106,Thursday,
2021_13_ARI_CHI,2021-12-05,2021,13,REG,ARI,CHI,33,22,Kliff Kingsbury,-373,00-0035228,Taysom Kyler Murray,14,-116,0,401326511,5777,2021-12-05,13:00,58685,Matt Nagy,314,00-0027973,Andy Dalton,10,104,Home,10160000-0586-8587-0eb3-7be51ddcd530,2021120501,-110,0,19789,202112050chi,Jerome Boger,-11,outdoors,-7.5,Soldier Field,CHI98,grass ,34,55,43.5,-101,Sunday,8
2021_13_BAL_PIT,2021-12-05,2021,13,REG,BAL,PIT,19,20,John Harbaugh,-195,00-0034796,Lamar Jackson,7,-104,1,401326520,5784,2021-12-05,16:25,58694,Mike Tomlin,174,00-0022924,Ben Roethlisberger,7,-107,Home,10160000-0586-94fe-773a-6cb74102e464,2021120510,-102,0,19797,202112050pit,Scott Novak,1,outdoors,-4,Heinz Field,PIT00,grass ,50,39,44,-109,Sunday,7
2021_13_DEN_KC,2021-12-05,2021,13,REG,DEN,KC,9,22,Vic Fangio,323,00-0031237,Teddy Bridgewater,7,-106,1,401326515,5786,2021-12-05,20:20,58689,Andy Reid,-387,00-0033873,Patrick Mahomes,14,-105,Home,10160000-0586-899b-0cf3-ca1988cf1362,2021120505,-103,0,19793,202112050kan,Carl Cheffers,13,outdoors,8.5,GEHA Field at Arrowhead Stadium,KAN00,grass ,58,31,46.5,-108,Sunday,22
2021_13_IND_HOU,2021-12-05,2021,13,REG,IND,HOU,31,0,Frank Reich,-408,00-0032950,Carson Wentz,7,-105,1,401326514,5775,2021-12-05,13:00,58688,David Culley,339,00-0028118,Tyrod Taylor,7,-106,Home,10160000-0586-88ff-f4fb-c89c4cfac9c2,2021120504,-104,0,19792,202112050htx,Ron Torbert,-31,closed,-10,NRG Stadium,HOU00,astroturf,,31,45.5,-107,Sunday,
2021_13_JAX_LA,2021-12-05,2021,13,REG,JAX,LA,7,37,Urban Meyer,597,00-0036971,Trevor Lawrence,7,-103,0,401326519,5783,2021-12-05,16:05,58693,Sean McVay,-796,00-0026498,Matthew Stafford,7,-108,Home,10160000-0586-937d-aa2f-a2eb076e696a,2021120509,-102,0,19798,202112050ram,Clete Blakeman,30,dome,14,SoFi Stadium,LAX01,matrixturf,,44,48,-109,Sunday,
2021_13_LAC_CIN,2021-12-05,2021,13,REG,LAC,CIN,41,22,Brandon Staley,127,00-0036355,Justin Herbert,7,104,0,401326512,5781,2021-12-05,13:00,58686,Zac Taylor,-141,00-0036442,Joe Burrow,7,-116,Home,10160000-0586-86b2-601d-93aea5d5754d,2021120502,-111,0,19790,202112050cin,Shawn Hochuli,-19,outdoors,2.5,Paul Brown Stadium,CIN00,fieldturf,48,63,49.5,-101,Sunday,11
2021_13_MIN_DET,2021-12-05,2021,13,REG,MIN,DET,27,29,Mike Zimmer,-296,00-0029604,Kirk Cousins,7,-104,1,401326513,5778,2021-12-05,13:00,58687,Dan Campbell,255,00-0033106,Jared Goff,10,-107,Home,10160000-0586-878a-59ca-b7231b3aaa03,2021120503,-104,0,19791,202112050det,Craig Wrolstad,2,dome,-7,Ford Field,DET00,fieldturf,,56,47.5,-107,Sunday,
2021_13_NYG_MIA,2021-12-05,2021,13,REG,NYG,MIA,9,20,Joe Judge,253,00-0030520,Mike Glennon,7,108,0,401326516,5776,2021-12-05,13:00,58690,Brian Flores,-293,00-0036212,Tua Tagovailoa,7,-120,Home,10160000-0586-9088-68b1-b1e733dc1db9,2021120506,-111,0,19794,202112050mia,Brad Allen,11,outdoors,6.5,Hard Rock Stadium,MIA00,grass ,80,29,40,100,Sunday,11
2021_13_PHI_NYJ,2021-12-05,2021,13,REG,PHI,NYJ,33,18,Nick Sirianni,-199,00-0035289,Gardner Minshew,7,102,0,401326517,5779,2021-12-05,13:00,58691,Robert Saleh,177,00-0037013,Zach Wilson,7,-113,Home,10160000-0586-9135-3093-1de4bc7b6eee,2021120507,-109,0,19795,202112050nyj,Clay Martin,-15,outdoors,-5,MetLife Stadium,NYC01,fieldturf,45,51,44,-102,Sunday,0
2021_13_SF_SEA,2021-12-05,2021,13,REG,SF,SEA,23,30,Kyle Shanahan,-138,00-0031345,Jimmy Garoppolo,7,108,1,401326521,5785,2021-12-05,16:25,58695,Pete Carroll,125,00-0029263,Russell Wilson,6,-120,Home,10160000-0586-95ac-c594-656339eb7281,2021120511,-108,0,19799,202112050sea,Alex Kemp,7,outdoors,-3,Lumen Field,SEA00,fieldturf,41,53,44.5,-103,Sunday,4
2021_13_TB_ATL,2021-12-05,2021,13,REG,TB,ATL,30,17,Bruce Arians,-475,00-0019596,Tom Brady,7,-103,1,401326510,5780,2021-12-05,13:00,58684,Arthur Smith,387,00-0026143,Matt Ryan,7,-108,Home,10160000-0586-849f-e1a7-823889c5fa0c,2021120500,-104,0,19788,202112050atl,Tony Corrente,-13,closed,-11,Mercedes-Benz Stadium,ATL97,fieldturf,,47,51,-107,Sunday,
2021_13_WAS_LV,2021-12-05,2021,13,REG,WAS,LV,17,15,Ron Rivera,116,00-0031800,Taylor Heinicke,6,108,0,401326518,5782,2021-12-05,16:05,58692,Rich Bisaccia,-128,00-0031280,Derek Carr,10,-121,Home,10160000-0586-92de-1c7f-34acca71c45a,2021120508,103,0,19796,202112050rai,Adrian Hill,-2,dome,1,Allegiant Stadium,VEG00,grass,,32,47.5,-114,Sunday,
2021_13_NE_BUF,2021-12-06,2021,13,REG,NE,BUF,14,10,Bill Belichick,132,00-0036972,Mac Jones,8,-116,1,401326522,5787,2021-12-06,20:15,58696,Sean McDermott,-146,00-0034857,Josh Allen,11,104,Home,10160000-0586-96a2-267a-9b4b8c140b71,2021120600,-109,0,19800,202112060buf,Bill Vinovich,-4,outdoors,3,New Era Field,BUF00,a_turf,36,24,40,-102,Monday,27
2021_14_PIT_MIN,2021-12-09,2021,14,REG,PIT,MIN,28,36,Mike Tomlin,157,00-0022924,Ben Roethlisberger,4,-117,0,401326523,5788,2021-12-09,20:20,58697,Mike Zimmer,-175,00-0029604,Kirk Cousins,4,105,Home,10160000-0586-97dc-570a-46324316336a,2021120900,-107,0,19801,202112090min,Clete Blakeman,8,dome,3.5,U.S. Bank Stadium,MIN01,sportturf,,64,45,-104,Thursday,
2021_14_ATL_CAR,2021-12-12,2021,14,REG,ATL,CAR,29,21,Arthur Smith,123,00-0026143,Matt Ryan,7,-104,1,401326524,5789,2021-12-12,13:00,58698,Matt Rhule,-136,00-0027939,Cam Newton,14,-107,Home,10160000-0586-98bb-eb7e-c578a377c768,2021121200,-116,0,19802,202112120car,Shawn Smith,-8,outdoors,2.5,Bank of America Stadium,CAR00,grass ,48,50,41,105,Sunday,9
2021_14_BAL_CLE,2021-12-12,2021,14,REG,BAL,CLE,22,24,John Harbaugh,135,00-0034796,Lamar Jackson,7,-104,1,401326526,5793,2021-12-12,13:00,58700,Kevin Stefanski,-150,00-0034855,Baker Mayfield,14,-107,Home,10160000-0587-0078-cc49-8773a5a88048,2021121202,-108,0,19804,202112120cle,Brad Rogers,2,outdoors,3,FirstEnergy Stadium,CLE00,grass ,46,46,44,-103,Sunday,14
2021_14_BUF_TB,2021-12-12,2021,14,REG,BUF,TB,27,33,Sean McDermott,161,00-0034857,Josh Allen,6,-106,0,401326534,5798,2021-12-12,16:25,58708,Bruce Arians,-181,00-0019596,Tom Brady,7,-105,Home,10160000-0587-0856-cc96-862ce802696a,2021121210,-110,1,19813,202112120tam,Scott Novak,6,outdoors,3.5,Raymond James Stadium,TAM00,grass ,82,60,52.5,-101,Sunday,4
2021_14_CHI_GB,2021-12-12,2021,14,REG,CHI,GB,30,45,Matt Nagy,498,00-0036945,Justin Fields,7,-102,1,401326535,5800,2021-12-12,20:20,58709,Matt LaFleur,-639,00-0023459,Aaron Rodgers,14,-109,Home,10160000-0587-09f4-d936-fc2a4d45ab47,2021121211,-114,0,19814,202112120gnb,Ron Torbert,15,outdoors,11.5,Lambeau Field,GNB00,grass ,36,75,43,103,Sunday,8
2021_14_DAL_WAS,2021-12-12,2021,14,REG,DAL,WAS,27,20,Mike McCarthy,-284,00-0033077,Dak Prescott,10,-115,1,401326531,5795,2021-12-12,13:00,58705,Ron Rivera,246,00-0031800,Taylor Heinicke,7,103,Home,10160000-0587-0554-e922-4af9a77787f3,2021121207,-103,0,19810,202112120was,Alex Kemp,-7,outdoors,-6.5,FedExField,WAS00,grass ,48,47,48,-108,Sunday,17
2021_14_DET_DEN,2021-12-12,2021,14,REG,DET,DEN,10,38,Dan Campbell,495,00-0033106,Jared Goff,7,-109,0,401326532,5796,2021-12-12,16:05,58706,Vic Fangio,-635,00-0031237,Teddy Bridgewater,7,-102,Home,10160000-0587-06c4-5440-b3716d42c517,2021121208,-105,0,19811,202112120den,John Hussey,28,outdoors,13,Empower Field at Mile High,DEN00,grass ,63,48,42,-106,Sunday,8
2021_14_JAX_TEN,2021-12-12,2021,14,REG,JAX,TEN,0,20,Urban Meyer,321,00-0036971,Trevor Lawrence,7,-108,1,401326530,5790,2021-12-12,13:00,58704,Mike Vrabel,-384,00-0029701,Ryan Tannehill,14,-103,Home,10160000-0587-0423-5d01-207449e4e1e7,2021121206,-103,0,19809,202112120oti,Bill Vinovich,20,outdoors,8.5,Nissan Stadium,NAS00,grass ,45,20,44.5,-108,Sunday,0
2021_14_LV_KC,2021-12-12,2021,14,REG,LV,KC,9,48,Rich Bisaccia,365,00-0031280,Derek Carr,7,-108,1,401326528,5791,2021-12-12,13:00,58702,Andy Reid,-444,00-0033873,Patrick Mahomes,7,-103,Home,10160000-0587-025a-fbcd-06de5701c296,2021121204,-108,0,19806,202112120kan,Brad Allen,39,outdoors,10,GEHA Field at Arrowhead Stadium,KAN00,grass ,47,57,48,-103,Sunday,19
2021_14_NO_NYJ,2021-12-12,2021,14,REG,NO,NYJ,30,9,Sean Payton,-194,00-0033357,Taysom Hill,10,103,0,401326529,5794,2021-12-12,13:00,58703,Robert Saleh,173,00-0037013,Zach Wilson,7,-114,Home,10160000-0587-03fd-c537-aa87a3759648,2021121205,100,0,19808,202112120nyj,Land Clark,-21,outdoors,-4.5,MetLife Stadium,NYC01,fieldturf,46,39,42,-112,Sunday,13
2021_14_NYG_LAC,2021-12-12,2021,14,REG,NYG,LAC,21,37,Joe Judge,329,00-0030520,Mike Glennon,7,-118,0,401326533,5797,2021-12-12,16:05,58707,Brandon Staley,-395,00-0036355,Justin Herbert,7,106,Home,10160000-0587-0725-4585-daff36162375,2021121209,-103,0,19812,202112120sdg,Tony Corrente,16,dome,9.5,SoFi Stadium,LAX01,matrixturf,,58,44,-108,Sunday,
2021_14_SEA_HOU,2021-12-12,2021,14,REG,SEA,HOU,33,13,Pete Carroll,-401,00-0029263,Russell Wilson,7,104,0,401326527,5792,2021-12-12,13:00,58701,David Culley,334,00-0036898,Davis Mills,7,-116,Home,10160000-0587-01e7-d178-357e89693ee9,2021121203,-117,0,19805,202112120htx,Adrian Hill,-20,open,-10,NRG Stadium,HOU00,astroturf,,46,40.5,105,Sunday,
2021_14_SF_CIN,2021-12-12,2021,14,REG,SF,CIN,26,23,Kyle Shanahan,-130,00-0031345,Jimmy Garoppolo,7,-103,0,401326525,5799,2021-12-12,16:25,58699,Zac Taylor,117,00-0036442,Joe Burrow,7,-108,Home,10160000-0586-99a8-dc3e-2a5706f728e6,2021121201,-108,1,19803,202112120cin,Craig Wrolstad,-3,outdoors,-2.5,Paul Brown Stadium,CIN00,fieldturf,48,49,49,-103,Sunday,9
2021_14_LA_ARI,2021-12-13,2021,14,REG,LA,ARI,30,23,Sean McVay,154,00-0026498,Matthew Stafford,8,104,1,401326536,5801,2021-12-13,20:15,58710,Kliff Kingsbury,-172,00-0035228,Kyler Murray,8,-116,Home,10160000-0587-10b2-38e4-b1ec1e97a30b,2021121300,-105,0,19815,202112130crd,Carl Cheffers,-7,open,3,State Farm Stadium,PHO00,grass ,,53,51,-106,Monday,
2021_15_KC_LAC,2021-12-16,2021,15,REG,KC,LAC,34,28,Andy Reid,-173,00-0033873,Patrick Mahomes,4,-117,1,401326537,5802,2021-12-16,20:20,58711,Brandon Staley,155,00-0036355,Justin Herbert,4,105,Home,10160000-0587-11c2-fbbc-7aa0e59620fe,2021121600,101,1,19816,202112160sdg,Shawn Smith,-6,dome,-3,SoFi Stadium,LAX01,matrixturf,,62,54,-113,Thursday,
2021_15_NE_IND,2021-12-18,2021,15,REG,NE,IND,17,27,Bill Belichick,-102,00-0036972,Mac Jones,13,-101,0,401326540,5803,2021-12-18,20:20,58714,Frank Reich,-109,00-0032950,Carson Wentz,14,-110,Home,10160000-0587-14f6-8f93-a186b3b82912,2021121801,-115,0,19819,202112180clt,,10,closed,-1,Lucas Oil Stadium,IND00,fieldturf,,44,46,103,Saturday,
2021_15_ARI_DET,2021-12-19,2021,15,REG,ARI,DET,12,30,Kliff Kingsbury,-634,00-0035228,Kyler Murray,6,-102,0,401326544,5806,2021-12-19,13:00,58718,Dan Campbell,495,00-0033106,Jared Goff,7,-109,Home,10160000-0587-18d5-2c6a-d6bf3644f334,2021121903,-104,0,19823,202112190det,Land Clark,18,dome,-13,Ford Field,DET00,fieldturf,,42,48,-107,Sunday,
2021_15_ATL_SF,2021-12-19,2021,15,REG,ATL,SF,13,31,Arthur Smith,319,00-0026143,Matt Ryan,7,-114,0,401326549,5810,2021-12-19,16:05,58723,Kyle Shanahan,-380,00-0031345,Jimmy Garoppolo,7,102,Home,10160000-0587-2335-f722-abf160161b04,2021121911,-105,0,19828,202112190sfo,Clay Martin,18,outdoors,9.5,Levi's Stadium,SFO01,grass,46,44,48,-106,Sunday,0
2021_15_CAR_BUF,2021-12-19,2021,15,REG,CAR,BUF,14,31,Matt Rhule,562,00-0027939,Cam Newton,7,102,0,401326538,5808,2021-12-19,13:00,58712,Sean McDermott,-739,00-0034857,Josh Allen,7,-114,Home,10160000-0587-12cf-fe8a-74d9a688ac20,2021121901,-104,0,19817,202112190buf,Clete Blakeman,17,outdoors,14,New Era Field,BUF00,a_turf,30,45,43,-107,Sunday,8
2021_15_CIN_DEN,2021-12-19,2021,15,REG,CIN,DEN,15,10,Zac Taylor,140,00-0036442,Joe Burrow,7,-110,0,401326548,5811,2021-12-19,16:05,58722,Vic Fangio,-155,00-0031237,Teddy Bridgewater,7,-101,Home,10160000-0587-22b9-52df-39d3a2de252c,2021121910,110,0,19827,202112190den,Adrian Hill,-5,outdoors,3,Empower Field at Mile High,DEN00,grass,61,25,45,-123,Sunday,19
2021_15_DAL_NYG,2021-12-19,2021,15,REG,DAL,NYG,21,6,Mike McCarthy,-534,00-0033077,Dak Prescott,7,-120,1,401326546,5805,2021-12-19,13:00,58720,Joe Judge,428,00-0030520,Mike Glennon,7,108,Home,10160000-0587-20a8-931d-f73db781f096,2021121907,-116,0,19825,202112190nyg,Jerome Boger,-15,outdoors,-11.5,MetLife Stadium,NYC01,fieldturf,37,27,43,104,Sunday,8
2021_15_GB_BAL,2021-12-19,2021,15,REG,GB,BAL,31,30,Matt LaFleur,-354,00-0023459,Aaron Rodgers,7,104,0,401326543,5812,2021-12-19,16:25,58717,John Harbaugh,299,00-0035993,Tyler Huntley,7,-116,Home,10160000-0587-174d-80b5-0945b422cb03,2021121900,-102,0,19822,202112190rav,Brad Allen,-1,outdoors,-9.5,M&T Bank Stadium,BAL00,grass,43,61,45.5,-109,Sunday,11
2021_15_HOU_JAX,2021-12-19,2021,15,REG,HOU,JAX,30,16,David Culley,224,00-0036898,Davis Mills,7,-111,1,401326545,5804,2021-12-19,13:00,58719,Darrell Bevell,-257,00-0036971,Trevor Lawrence,7,-101,Home,10160000-0587-193d-1559-ec51c1fddbdc,2021121905,-106,0,19824,202112190jax,Alex Kemp,-14,outdoors,6,TIAA Bank Stadium,JAX00,grass,80,46,40,-105,Sunday,12
2021_15_NO_TB,2021-12-19,2021,15,REG,NO,TB,9,0,Sean Payton,417,00-0033357,Taysom Hill,7,-101,1,401326551,5813,2021-12-19,20:20,58725,Bruce Arians,-518,00-0019596,Tom Brady,7,-110,Home,10160000-0587-255d-2fb8-e234693f4405,2021121913,-110,0,19830,202112190tam,John Hussey,-9,outdoors,11.5,Raymond James Stadium,TAM00,grass,75,9,45.5,-101,Sunday,0
2021_15_NYJ_MIA,2021-12-19,2021,15,REG,NYJ,MIA,24,31,Robert Saleh,366,00-0037013,Zach Wilson,7,-114,1,401326541,5807,2021-12-19,13:00,58715,Brian Flores,-445,00-0036212,Tua Tagovailoa,14,102,Home,10160000-0587-1571-d915-996f513972ab,2021121906,-107,0,19820,202112190mia,Ron Torbert,7,outdoors,10.5,Hard Rock Stadium,MIA00,grass,82,55,42,-104,Sunday,9
2021_15_TEN_PIT,2021-12-19,2021,15,REG,TEN,PIT,13,19,Mike Vrabel,109,00-0029701,Ryan Tannehill,7,102,0,401326547,5809,2021-12-19,13:00,58721,Mike Tomlin,-121,00-0022924,Ben Roethlisberger,10,-114,Home,10160000-0587-218b-9192-9d586690459b,2021121909,-106,0,19826,202112190pit,Brad Rogers,6,outdoors,1,Heinz Field,PIT00,grass,32,32,44,-105,Sunday,11
2021_15_LV_CLE,2021-12-20,2021,15,REG,LV,CLE,16,14,Rich Bisaccia,-147,00-0031280,Derek Carr,7,-102,0,401326539,5814,2021-12-20,17:00,58713,Kevin Stefanski,131,00-0033319,Nick Mullens,7,-109,Home,10160000-0587-1384-eb63-fc7e2605fa4c,2021122001,-111,0,19818,202112200cle,Craig Wrolstad,-2,outdoors,-3,FirstEnergy Stadium,CLE00,grass,40,30,41,-100,Monday,8
2021_15_MIN_CHI,2021-12-20,2021,15,REG,MIN,CHI,17,9,Mike Zimmer,-320,00-0029604,Kirk Cousins,11,-114,1,401326552,5815,2021-12-20,20:15,58726,Matt Nagy,274,00-0036945,Justin Fields,8,102,Home,10160000-0587-26f2-fd0e-c5f4188c2118,2021122000,103,0,19831,202112200chi,Scott Novak,-8,outdoors,-7,Soldier Field,CHI98,grass,37,26,48,-114,Monday,8
2021_15_SEA_LA,2021-12-21,2021,15,REG,SEA,LA,10,20,Pete Carroll,298,00-0029263,Russell Wilson,7,-120,1,401326550,5817,2021-12-21,19:00,58724,Sean McVay,-352,00-0026498,Matthew Stafford,6,108,Home,10160000-0587-241f-f744-2c761a754b8f,2021122101,-110,0,19829,202112210ram,Shawn Hochuli,10,dome,7.5,SoFi Stadium,LAX01,matrixturf,,30,47,-101,Tuesday,
2021_15_WAS_PHI,2021-12-21,2021,15,REG,WAS,PHI,17,27,Ron Rivera,380,00-0031395,Garrett Gilbert,7,-101,1,401326542,5816,2021-12-21,19:00,58716,Nick Sirianni,-465,00-0036389,Jalen Hurts,14,-110,Home,10160000-0587-1616-bba3-a032cdcaf364,2021122100,-101,0,19821,202112210phi,Tony Corrente,10,outdoors,10,Lincoln Financial Field,PHI00,grass,42,44,39.5,-110,Tuesday,7
2021_16_SF_TEN,2021-12-23,2021,16,REG,SF,TEN,17,20,Kyle Shanahan,-171,00-0031345,Jimmy Garoppolo,4,108,0,401326553,5818,2021-12-23,20:20,58727,Mike Vrabel,154,00-0029701,Ryan Tannehill,4,-120,Home,10160000-0587-2774-292b-4559b3fea716,2021122300,104,0,19832,202112230oti,Shawn Hochuli,3,outdoors,-3.5,Nissan Stadium,NAS00,grass,48,37,45.5,-116,Thursday,7
2021_16_CLE_GB,2021-12-25,2021,16,REG,CLE,GB,22,24,Kevin Stefanski,343,00-0034855,Baker Mayfield,6,101,0,401326554,5819,2021-12-25,16:30,58728,Matt LaFleur,-430,00-0023459,Aaron Rodgers,6,-112,Home,10160000-0587-289c-61f0-d290472603ee,2021122500,-111,0,19834,202112250gnb,Alex Kemp,2,outdoors,7.5,Lambeau Field,GNB00,grass,35,46,46.5,-100,Saturday,11
2021_16_IND_ARI,2021-12-25,2021,16,REG,IND,ARI,22,16,Frank Reich,143,00-0032950,Carson Wentz,6,102,0,401326555,5820,2021-12-25,20:15,58729,Kliff Kingsbury,-161,00-0035228,Kyler Murray,6,-114,Home,10160000-0587-2990-14c0-9bd05c656e78,2021122501,-105,0,19833,202112250crd,Craig Wrolstad,-6,closed,3,State Farm Stadium,PHO00,grass,,38,48,-106,Saturday,
2021_16_BAL_CIN,2021-12-26,2021,16,REG,BAL,CIN,21,41,John Harbaugh,306,00-0026300,Josh Johnson,7,-102,1,401326558,5823,2021-12-26,13:00,58732,Zac Taylor,-369,00-0036442,Joe Burrow,7,-109,Home,10160000-0587-3236-d7ea-a94758e72b03,2021122602,-114,0,19841,202112260cin,Clete Blakeman,20,outdoors,7.5,Paul Brown Stadium,CIN00,fieldturf,52,62,43,102,Sunday,0
2021_16_BUF_NE,2021-12-26,2021,16,REG,BUF,NE,33,21,Sean McDermott,102,00-0034857,Josh Allen,7,-106,1,401326561,5827,2021-12-26,13:00,58735,Bill Belichick,-114,00-0036972,Mac Jones,7,-105,Home,10160000-0587-354f-9f82-4a4ddbdfcbeb,2021122605,-106,0,19838,202112260nwe,Shawn Smith,-12,outdoors,1,Gillette Stadium,BOS00,fieldturf,38,54,43.5,-105,Sunday,13
2021_16_CHI_SEA,2021-12-26,2021,16,REG,CHI,SEA,25,24,Matt Nagy,268,00-0029567,Nick Foles,6,-103,0,401326564,5830,2021-12-26,16:05,58738,Pete Carroll,-313,00-0029263,Russell Wilson,7,-108,Home,10160000-0587-3855-eb7a-c8aff1c1fafc,2021122608,-102,0,19842,202112260sea,Carl Cheffers,-1,outdoors,7,Lumen Field,SEA00,fieldturf,25,49,41,-109,Sunday,11
2021_16_DEN_LV,2021-12-26,2021,16,REG,DEN,LV,13,17,Vic Fangio,-109,00-0035704,Drew Lock,7,-101,1,401326566,5829,2021-12-26,16:25,58740,Rich Bisaccia,-102,00-0031280,Derek Carr,7,-110,Home,10160000-0587-40a3-9c4e-af8785c190a6,2021122610,101,0,19844,202112260rai,Scott Novak,4,dome,-1,Allegiant Stadium,VEG00,grass,,30,42,-113,Sunday,
2021_16_DET_ATL,2021-12-26,2021,16,REG,DET,ATL,16,20,Dan Campbell,309,00-0034177,Tim Boyle,7,-106,0,401326556,5821,2021-12-26,13:00,58730,Arthur Smith,-373,00-0026143,Matt Ryan,7,-105,Home,10160000-0587-3016-3336-a303205432c6,2021122600,-113,0,19835,202112260atl,Ron Torbert,4,open,7.5,Mercedes-Benz Stadium,ATL97,fieldturf,,36,42.5,102,Sunday,
2021_16_JAX_NYJ,2021-12-26,2021,16,REG,JAX,NYJ,21,26,Darrell Bevell,114,00-0036971,Trevor Lawrence,7,-111,0,401326562,5826,2021-12-26,13:00,58736,Robert Saleh,-125,00-0037013,Zach Wilson,7,100,Home,10160000-0587-36a1-4564-d94bf99b31c3,2021122606,-118,0,19839,202112260nyj,Tony Corrente,5,outdoors,2.5,MetLife Stadium,NYC01,fieldturf,47,47,42.5,106,Sunday,0
2021_16_LAC_HOU,2021-12-26,2021,16,REG,LAC,HOU,29,41,Brandon Staley,-661,00-0036355,Justin Herbert,10,102,0,401326559,5822,2021-12-26,13:00,58733,David Culley,500,00-0036898,Davis Mills,7,-114,Home,10160000-0587-332c-f715-67810371c927,2021122603,-103,0,19847,202112260htx,Clay Martin,12,closed,-13.5,NRG Stadium,HOU00,astroturf,,70,46,-108,Sunday,
2021_16_LA_MIN,2021-12-26,2021,16,REG,LA,MIN,30,23,Sean McVay,-177,00-0026498,Matthew Stafford,7,-103,0,401326560,5824,2021-12-26,13:00,58734,Mike Zimmer,158,00-0029604,Kirk Cousins,6,-108,Home,10160000-0587-34a1-8fa7-a103b1a83e13,2021122604,-111,0,19837,202112260min,John Hussey,-7,dome,-3.5,U.S. Bank Stadium,MIN01,sportturf,,53,48.5,-100,Sunday,
2021_16_NYG_PHI,2021-12-26,2021,16,REG,NYG,PHI,10,34,Joe Judge,416,00-0036197,Jake Fromm,7,-108,1,401326563,5828,2021-12-26,13:00,58737,Nick Sirianni,-529,00-0036389,Jalen Hurts,7,-103,Home,10160000-0587-3776-9931-235b69c230b5,2021122607,-106,0,19840,202112260phi,Land Clark,24,outdoors,11,Lincoln Financial Field,PHI00,grass,53,44,41,-105,Sunday,9
2021_16_PIT_KC,2021-12-26,2021,16,REG,PIT,KC,10,36,Mike Tomlin,328,00-0022924,Ben Roethlisberger,7,-114,0,401326565,5831,2021-12-26,16:25,58739,Andy Reid,-400,00-0033873,Patrick Mahomes,10,102,Home,10160000-0587-39ef-1034-e9bf0b7b5cc3,2021122609,-109,0,19843,202112260kan,Jerome Boger,26,outdoors,10.5,GEHA Field at Arrowhead Stadium,KAN00,grass,60,46,44,-103,Sunday,22
2021_16_TB_CAR,2021-12-26,2021,16,REG,TB,CAR,32,6,Bruce Arians,-503,00-0019596,Tom Brady,7,105,1,401326557,5825,2021-12-26,13:00,58731,Matt Rhule,399,00-0034869,Sam Darnold,7,-117,Home,10160000-0587-3139-5262-d8b905c1d289,2021122601,101,0,19836,202112260car,Brad Allen,-26,outdoors,-11.5,Bank of America Stadium,CAR00,grass,73,38,44.5,-113,Sunday,8
2021_16_WAS_DAL,2021-12-26,2021,16,REG,WAS,DAL,14,56,Ron Rivera,367,00-0031800,Taylor Heinicke,7,-113,1,401326567,5832,2021-12-26,20:20,58741,Mike McCarthy,-457,00-0033077,Dak Prescott,7,101,Home,10160000-0587-419a-b804-ed63adab7a45,2021122611,-112,0,19845,202112260dal,Bill Vinovich,42,closed,10.5,AT&T Stadium,DAL00,matrixturf,,70,45.5,101,Sunday,
2021_16_MIA_NO,2021-12-27,2021,16,REG,MIA,NO,20,3,Brian Flores,-160,00-0036212,Tua Tagovailoa,8,-110,0,401326568,5833,2021-12-27,20:15,58742,Sean Payton,143,00-0036929,Ian Book,8,-101,Home,10160000-0587-42c2-1ec8-b805a8efab02,2021122700,-106,0,19846,202112270nor,Adrian Hill,-17,dome,-3,Mercedes-Benz Superdome,NOR00,sportturf,,23,37.5,-105,Monday,
2021_17_ARI_DAL,2022-01-02,2021,17,REG,ARI,DAL,25,22,Kliff Kingsbury,225,00-0035228,Kyler Murray,8,-103,0,401326572,5846,2022-01-02,16:25,58746,Mike McCarthy,-262,00-0033077,Dak Prescott,7,-108,Home,10160000-0587-4643-41f4-4673c1eac48b,2022010203,-107,0,19850,202201020dal,Scott Novak,-3,closed,6.5,AT&T Stadium,DAL00,matrixturf,,47,53,-104,Sunday,
2021_17_ATL_BUF,2022-01-02,2021,17,REG,ATL,BUF,15,29,Arthur Smith,625,00-0026143,Matt Ryan,7,-101,0,401326569,5839,2022-01-02,13:00,58743,Sean McDermott,-871,00-0034857,Josh Allen,7,-111,Home,10160000-0587-43c0-4814-9a7376e0395c,2022010200,-108,0,19848,202201020buf,Land Clark,14,outdoors,14,New Era Field,BUF00,a_turf,26,44,46.5,-103,Sunday,11
2021_17_CAR_NO,2022-01-02,2021,17,REG,CAR,NO,10,18,Matt Rhule,238,00-0034869,Sam Darnold,7,-110,1,401326575,5845,2022-01-02,16:25,58749,Sean Payton,-279,00-0033357,Taysom Hill,6,-101,Home,10160000-0587-495a-c8b4-1f26568e9b86,2022010206,-112,0,19852,202201020nor,Jerome Boger,8,dome,7,Mercedes-Benz Superdome,NOR00,sportturf,,28,37,100,Sunday,
2021_17_DEN_LAC,2022-01-02,2021,17,REG,DEN,LAC,13,34,Vic Fangio,285,00-0035704,Drew Lock,7,-117,1,401326579,5843,2022-01-02,16:05,58753,Brandon Staley,-340,00-0036355,Justin Herbert,7,105,Home,10160000-0587-53e3-a757-91ac16adad8c,2022010210,-103,0,19858,202201020sdg,Craig Wrolstad,21,dome,8,SoFi Stadium,LAX01,matrixturf,,47,45.5,-108,Sunday,
2021_17_DET_SEA,2022-01-02,2021,17,REG,DET,SEA,29,51,Dan Campbell,327,00-0034177,Tim Boyle,7,103,0,401326582,5847,2022-01-02,16:25,58756,Pete Carroll,-399,00-0029263,Russell Wilson,7,-114,Home,10160000-0587-5645-a2c5-afe83747fb73,2022010213,-101,0,19861,202201020sea,Tony Corrente,22,outdoors,8.5,Lumen Field,SEA00,fieldturf,37,80,41.5,-111,Sunday,0
2021_17_HOU_SF,2022-01-02,2021,17,REG,HOU,SF,7,23,David Culley,463,00-0036898,Davis Mills,7,-113,0,401326580,5844,2022-01-02,16:05,58754,Kyle Shanahan,-602,00-0037012,Trey Lance,10,101,Home,10160000-0587-543f-c0e7-21b8cc45b1a7,2022010211,-109,0,19859,202201020sfo,Carl Cheffers,16,outdoors,14,Levi's Stadium,SFO01,grass,50,30,44,-102,Sunday,6
2021_17_JAX_NE,2022-01-02,2021,17,REG,JAX,NE,10,50,Darrell Bevell,727,00-0036971,Trevor Lawrence,7,-109,0,401326574,5834,2022-01-02,13:00,58748,Bill Belichick,-1056,00-0036972,Mac Jones,7,-102,Home,10160000-0587-481f-b435-c96b2a9ccfd9,2022010205,-103,0,19857,202201020nwe,Adrian Hill,40,outdoors,17.5,Gillette Stadium,BOS00,fieldturf,46,60,42,-108,Sunday,4
2021_17_KC_CIN,2022-01-02,2021,17,REG,KC,CIN,31,34,Andy Reid,-178,00-0033873,Patrick Mahomes,7,-103,0,401326571,5838,2022-01-02,13:00,58745,Zac Taylor,157,00-0036442,Joe Burrow,7,-108,Home,10160000-0587-457b-7c9f-069040b3fb24,2022010202,-110,0,19856,202201020cin,John Hussey,3,outdoors,-3.5,Paul Brown Stadium,CIN00,fieldturf,33,65,51,-102,Sunday,13
2021_17_LA_BAL,2022-01-02,2021,17,REG,LA,BAL,20,19,Sean McVay,-313,00-0026498,Matthew Stafford,7,-110,0,401326581,5841,2022-01-02,13:00,58755,John Harbaugh,264,00-0035993,Tyler Huntley,7,-101,Home,10160000-0587-5542-bd3e-798addfa45ee,2022010212,-103,0,19860,202201020rav,Bill Vinovich,-1,outdoors,-7,M&T Bank Stadium,BAL00,grass,59,39,47,-108,Sunday,6
2021_17_LV_IND,2022-01-02,2021,17,REG,LV,IND,23,20,Rich Bisaccia,325,00-0031280,Derek Carr,7,100,0,401326573,5835,2022-01-02,13:00,58747,Frank Reich,-397,00-0032950,Carson Wentz,8,-112,Home,10160000-0587-47e9-454a-edda99cd8a5d,2022010204,-113,0,19851,202201020clt,Brad Rogers,-3,closed,8.5,Lucas Oil Stadium,IND00,fieldturf,,43,46.5,101,Sunday,
2021_17_MIA_TEN,2022-01-02,2021,17,REG,MIA,TEN,3,34,Brian Flores,151,00-0036212,Tua Tagovailoa,6,106,0,401326577,5842,2022-01-02,13:00,58751,Mike Vrabel,-170,00-0029701,Ryan Tannehill,10,-118,Home,10160000-0587-517a-7166-162117cc8804,2022010208,-107,0,19854,202201020oti,Shawn Smith,31,outdoors,3,Nissan Stadium,NAS00,grass,43,37,41,-104,Sunday,13
2021_17_MIN_GB,2022-01-02,2021,17,REG,MIN,GB,10,37,Mike Zimmer,525,00-0032245,Sean Mannion,7,-116,1,401326583,5848,2022-01-02,20:20,58757,Matt LaFleur,-702,00-0023459,Aaron Rodgers,8,105,Home,10160000-0587-572b-911e-b3857db5dd95,2022010214,-111,0,19862,202201020gnb,Clay Martin,27,outdoors,13,Lambeau Field,GNB00,grass,11,47,42,-100,Sunday,9
2021_17_NYG_CHI,2022-01-02,2021,17,REG,NYG,CHI,3,29,Joe Judge,245,00-0030520,Mike Glennon,7,-115,0,401326570,5837,2022-01-02,13:00,58744,Matt Nagy,-287,00-0027973,Andy Dalton,7,104,Home,10160000-0587-44c3-c52a-63c2e8163c2a,2022010201,-109,0,19849,202201020chi,Shawn Hochuli,26,outdoors,7,Soldier Field,CHI98,grass,25,32,36.5,-102,Sunday,13
2021_17_PHI_WAS,2022-01-02,2021,17,REG,PHI,WAS,20,16,Nick Sirianni,-238,00-0036389,Jalen Hurts,7,103,1,401326578,5836,2022-01-02,13:00,58752,Ron Rivera,206,00-0031800,Taylor Heinicke,7,-115,Home,10160000-0587-5263-2a5a-cea2c80c7757,2022010209,-113,0,19855,202201020was,Clete Blakeman,-4,outdoors,-6.5,FedExField,WAS00,grass,62,36,44.5,102,Sunday,4
2021_17_TB_NYJ,2022-01-02,2021,17,REG,TB,NYJ,28,24,Bruce Arians,-868,00-0019596,Tom Brady,7,-101,0,401326576,5840,2022-01-02,13:00,58750,Robert Saleh,623,00-0037013,Zach Wilson,7,-110,Home,10160000-0587-50d6-8d09-d134bbe3f510,2022010207,-107,0,19853,202201020nyj,Alex Kemp,-4,outdoors,-14.5,MetLife Stadium,NYC01,fieldturf,57,52,48,-104,Sunday,9
2021_17_CLE_PIT,2022-01-03,2021,17,REG,CLE,PIT,14,26,Kevin Stefanski,-117,00-0034855,Baker Mayfield,9,-110,1,401326584,5849,2022-01-03,20:15,58758,Mike Tomlin,105,00-0022924,Ben Roethlisberger,8,-101,Home,10160000-0587-5846-8525-0bbad932e8c6,2022010300,-100,0,19863,202201030pit,Brad Allen,12,outdoors,-1,Heinz Field,PIT00,grass,25,40,43.5,-111,Monday,12
2021_18_DAL_PHI,2022-01-08,2021,18,REG,DAL,PHI,51,26,Mike McCarthy,-300,00-0033077,Dak Prescott,7,-110,1,401326595,5851,2022-01-08,20:15,58769,Nick Sirianni,235,00-0035289,Gardner Minshew,7,-110,Home,10160000-0587-6915-0b87-18602d47111f,2022010801,-110,0,19873,202201080phi,Ron Torbert,-25,outdoors,-6.5,Lincoln Financial Field,PHI00,grass,31,77,46,-110,Saturday,8
2021_18_KC_DEN,2022-01-08,2021,18,REG,KC,DEN,28,24,Andy Reid,-600,00-0033873,Patrick Mahomes,7,-110,1,401326598,5850,2022-01-08,16:30,58772,Vic Fangio,435,00-0035704,Drew Lock,7,-110,Home,10160000-0587-7224-5e5e-c71409627e21,2022010800,-110,0,19877,202201080den,Brad Rogers,-4,outdoors,-11.5,Empower Field at Mile High,DEN00,grass,41,52,44.5,-110,Saturday,4
2021_18_CAR_TB,2022-01-09,2021,18,REG,CAR,TB,17,41,Matt Rhule,375,00-0034869,Sam Darnold,7,-110,1,401326596,5859,2022-01-09,16:25,58770,Bruce Arians,-510,00-0019596,Tom Brady,7,-110,Home,10160000-0587-704e-6295-0c29cd0a1891,2022010911,-115,0,19874,202201090tam,Tony Corrente,24,outdoors,11,Raymond James Stadium,TAM00,grass,80,58,43,-105,Sunday,4
2021_18_CHI_MIN,2022-01-09,2021,18,REG,CHI,MIN,17,31,Matt Nagy,160,00-0027973,Andy Dalton,7,-110,1,401326593,5853,2022-01-09,13:00,58767,Mike Zimmer,-190,00-0029604,Kirk Cousins,7,-110,Home,10160000-0587-67fa-c557-01e2a765837d,2022010908,-110,0,19872,202201090min,Brad Allen,14,dome,3.5,U.S. Bank Stadium,MIN01,sportturf,,48,45.5,-110,Sunday,
2021_18_CIN_CLE,2022-01-09,2021,18,REG,CIN,CLE,16,21,Zac Taylor,215,00-0032434,Brandon Allen,7,-110,1,401326588,5857,2022-01-09,13:00,58762,Kevin Stefanski,-265,00-0028986,Case Keenum,6,-110,Home,10160000-0587-6234-e455-6121e0a12fa1,2022010903,-110,0,19867,202201090cle,Bill Vinovich,5,outdoors,6.5,FirstEnergy Stadium,CLE00,grass,38,37,38,-110,Sunday,22
2021_18_GB_DET,2022-01-09,2021,18,REG,GB,DET,30,37,Matt LaFleur,-195,00-0023459,Aaron Rodgers,7,-110,1,401326589,5855,2022-01-09,13:00,58763,Dan Campbell,165,00-0033106,Jared Goff,7,-110,Home,10160000-0587-63ed-7f05-19dd0b2ca507,2022010904,-105,0,19868,202201090det,Scott Novak,7,dome,-4,Ford Field,DET00,fieldturf,,67,45,-115,Sunday,
2021_18_IND_JAX,2022-01-09,2021,18,REG,IND,JAX,11,26,Frank Reich,-1000,00-0032950,Carson Wentz,7,-110,1,401326591,5854,2022-01-09,13:00,58765,Darrell Bevell,650,00-0036971,Trevor Lawrence,7,-110,Home,10160000-0587-658b-01a4-eb4963a564d8,2022010906,-110,0,19870,202201090jax,Clay Martin,15,outdoors,-14,TIAA Bank Stadium,JAX00,grass,76,37,43,-110,Sunday,19
2021_18_LAC_LV,2022-01-09,2021,18,REG,LAC,LV,32,35,Brandon Staley,-180,00-0036355,Justin Herbert,7,-110,1,401326600,5865,2022-01-09,20:20,58774,Rich Bisaccia,155,00-0031280,Derek Carr,7,-110,Home,10160000-0587-7450-0923-b0f39c686c28,2022010915,-110,1,19878,202201090rai,Clete Blakeman,3,dome,-3.5,Allegiant Stadium,VEG00,grass,,67,48,-110,Sunday,
2021_18_NE_MIA,2022-01-09,2021,18,REG,NE,MIA,24,33,Bill Belichick,-250,00-0036972,Mac Jones,7,-110,1,401326592,5863,2022-01-09,16:25,58766,Brian Flores,200,00-0036212,Tua Tagovailoa,7,-110,Home,10160000-0587-66a3-2df9-03ed8161cc2e,2022010907,-110,0,19871,202201090mia,Alex Kemp,9,outdoors,-6,Hard Rock Stadium,MIA00,grass,75,57,41,-110,Sunday,8
2021_18_NO_ATL,2022-01-09,2021,18,REG,NO,ATL,30,20,Sean Payton,-213,00-0033357,Taysom Hill,7,-111,1,401326585,5860,2022-01-09,16:25,58759,Arthur Smith,186,00-0026143,Matt Ryan,7,-100,Home,10160000-0587-592f-94b1-30be78f17918,2022010900,-113,0,19864,202201090atl,Craig Wrolstad,-10,closed,-4.5,Mercedes-Benz Stadium,ATL97,fieldturf,,50,40,102,Sunday,
2021_18_NYJ_BUF,2022-01-09,2021,18,REG,NYJ,BUF,10,27,Robert Saleh,750,00-0037013,Zach Wilson,7,-110,1,401326587,5862,2022-01-09,16:25,58761,Sean McDermott,-1250,00-0034857,Josh Allen,7,-110,Home,10160000-0587-6129-08e1-f057261766a8,2022010902,-110,0,19866,202201090buf,John Hussey,17,outdoors,16,New Era Field,BUF00,a_turf,36,37,43,-110,Sunday,19
2021_18_PIT_BAL,2022-01-09,2021,18,REG,PIT,BAL,16,13,Mike Tomlin,135,00-0022924,Ben Roethlisberger,6,-110,1,401326586,5858,2022-01-09,13:00,58760,John Harbaugh,-155,00-0035993,Tyler Huntley,7,-110,Home,10160000-0587-6034-b7ea-785eca8a8fe2,2022010901,-105,1,19865,202201090rav,Shawn Hochuli,-3,outdoors,3,M&T Bank Stadium,BAL00,grass,36,29,41,-115,Sunday,0
2021_18_SEA_ARI,2022-01-09,2021,18,REG,SEA,ARI,38,30,Pete Carroll,190,00-0029263,Russell Wilson,7,-110,1,401326597,5861,2022-01-09,16:25,58771,Kliff Kingsbury,-235,00-0035228,Kyler Murray,7,-110,Home,10160000-0587-7113-a978-455fec3cda14,2022010912,-120,0,19876,202201090crd,Shawn Smith,-8,open,5.5,State Farm Stadium,PHO00,grass,,68,48,100,Sunday,
2021_18_SF_LA,2022-01-09,2021,18,REG,SF,LA,27,24,Kyle Shanahan,150,00-0031345,Jimmy Garoppolo,7,-105,1,401326599,5864,2022-01-09,16:25,58773,Sean McVay,-170,00-0026498,Matthew Stafford,7,-115,Home,10160000-0587-738e-2b05-95daf03cb563,2022010914,-105,1,19879,202201090ram,Jerome Boger,-3,dome,3,SoFi Stadium,LAX01,matrixturf,,51,46.5,-115,Sunday,
2021_18_TEN_HOU,2022-01-09,2021,18,REG,TEN,HOU,28,25,Mike Vrabel,-575,00-0029701,Ryan Tannehill,7,-105,1,401326590,5856,2022-01-09,13:00,58764,David Culley,410,00-0036898,Davis Mills,7,-115,Home,10160000-0587-64f0-b77e-29790d01f80e,2022010905,-110,0,19869,202201090htx,Land Clark,-3,closed,-10.5,NRG Stadium,HOU00,astroturf,,53,43,-110,Sunday,
2021_18_WAS_NYG,2022-01-09,2021,18,REG,WAS,NYG,22,7,Ron Rivera,-238,00-0031800,Taylor Heinicke,7,-102,1,401326594,5852,2022-01-09,13:00,58768,Joe Judge,206,00-0036197,Jake Fromm,7,-109,Home,10160000-0587-68c1-522d-78acf1f52635,2022010909,-111,0,19875,202201090nyg,Adrian Hill,-15,outdoors,-6,MetLife Stadium,NYC01,fieldturf,38,29,36,-100,Sunday,0
2021_19_LV_CIN,2022-01-15,2021,19,WC,LV,CIN,19,26,Rich Bisaccia,214,00-0031280,Derek Carr,6,-103,0,401326627,5866,2022-01-15,16:30,58824,Zac Taylor,-248,00-0036442,Joe Burrow,6,-109,Home,,2022011500,-105,0,21523,202201150cin,Jerome Boger,7,outdoors,6,Paul Brown Stadium,CIN00,fieldturf,31,45,48.5,-106,Saturday,12
2021_19_NE_BUF,2022-01-15,2021,19,WC,NE,BUF,17,47,Bill Belichick,181,00-0036972,Mac Jones,6,-111,1,401326626,5867,2022-01-15,20:15,58825,Sean McDermott,-207,00-0034857,Josh Allen,6,-100,Home,,2022011501,-101,0,21524,202201150buf,Brad Allen,30,outdoors,4.5,New Era Field,BUF00,a_turf,7,64,43,-111,Saturday,8
2021_19_PHI_TB,2022-01-16,2021,19,WC,PHI,TB,15,31,Nick Sirianni,293,00-0036389,Jalen Hurts,8,-107,0,401326630,5868,2022-01-16,13:00,58826,Bruce Arians,-352,00-0019596,Tom Brady,7,-104,Home,,2022011600,-112,0,21525,202201160tam,Craig Wrolstad,16,outdoors,7.5,Raymond James Stadium,TAM00,grass,66,46,45.5,100,Sunday,21
2021_19_PIT_KC,2022-01-16,2021,19,WC,PIT,KC,21,42,Mike Tomlin,522,00-0022924,Ben Roethlisberger,7,-124,0,401326628,5870,2022-01-16,20:15,58828,Andy Reid,-697,00-0033873,Patrick Mahomes,8,111,Home,,2022011602,-104,0,21527,202201160kan,Shawn Smith,21,outdoors,13,GEHA Field at Arrowhead Stadium,KAN00,grass,30,63,46,-107,Sunday,8
2021_19_SF_DAL,2022-01-16,2021,19,WC,SF,DAL,23,17,Kyle Shanahan,144,00-0031345,Jimmy Garoppolo,7,100,0,401326629,5869,2022-01-16,16:30,58827,Mike McCarthy,-162,00-0033077,Dak Prescott,8,-112,Home,,2022011601,100,0,21526,202201160dal,Alex Kemp,-6,closed,3,AT&T Stadium,DAL00,matrixturf,,40,51,-111,Sunday,
2021_19_ARI_LA,2022-01-17,2021,19,WC,ARI,LA,11,34,Kliff Kingsbury,158,00-0035228,Kyler Murray,8,-117,1,401326625,5871,2022-01-17,20:15,58829,Sean McVay,-179,00-0026498,Matthew Stafford,8,105,Home,,2022011700,-109,0,21528,202201170ram,Clay Martin,23,dome,4,SoFi Stadium,LAX01,matrixturf,,45,49.5,-103,Monday,
2021_20_CIN_TEN,2022-01-22,2021,20,DIV,CIN,TEN,19,16,Zac Taylor,170,00-0036442,Joe Burrow,7,-109,0,401326632,5872,2022-01-22,16:30,58830,Mike Vrabel,-191,00-0029701,Ryan Tannehill,13,-102,Home,,2022012200,-110,0,21529,202201220oti,Clete Blakeman,-3,outdoors,4,Nissan Stadium,NAS00,grass,35,35,48.5,-102,Saturday,0
2021_20_SF_GB,2022-01-22,2021,20,DIV,SF,GB,13,10,Kyle Shanahan,228,00-0031345,Jimmy Garoppolo,6,102,0,401326631,5873,2022-01-22,20:15,58831,Matt LaFleur,-261,00-0023459,Aaron Rodgers,13,-114,Home,,2022012201,-107,0,21530,202201220gnb,Ron Torbert,-3,outdoors,5.5,Lambeau Field,GNB00,grass,15,23,47,-104,Saturday,12
2021_20_BUF_KC,2022-01-23,2021,20,DIV,BUF,KC,36,42,Sean McDermott,124,00-0034857,Josh Allen,8,-101,0,401326633,5875,2022-01-23,18:30,58832,Andy Reid,-138,00-0033873,Patrick Mahomes,7,-110,Home,,2022012301,-106,1,21532,202201230kan,John Hussey,6,outdoors,2.5,GEHA Field at Arrowhead Stadium,KAN00,grass,35,78,54,-105,Sunday,6
2021_20_LA_TB,2022-01-23,2021,20,DIV,LA,TB,30,27,Sean McVay,131,00-0026498,Matthew Stafford,6,108,0,401326634,5874,2022-01-23,15:00,58833,Bruce Arians,-145,00-0019596,Tom Brady,7,-121,Home,,2022012300,-109,0,21531,202201230tam,Shawn Hochuli,-3,outdoors,2.5,Raymond James Stadium,TAM00,grass,50,57,48,-102,Sunday,11
2021_21_CIN_KC,2022-01-30,2021,21,CON,CIN,KC,27,24,Zac Taylor,250,00-0036442,Joe Burrow,8,-105,0,401326635,5876,2022-01-30,15:00,58834,Andy Reid,-320,00-0033873,Patrick Mahomes,7,-115,Home,,2022013000,-110,1,21534,202201300kan,Bill Vinovich,-3,outdoors,7,GEHA Field at Arrowhead Stadium,KAN00,grass,41,51,54.5,-110,Sunday,4
2021_21_SF_LA,2022-01-30,2021,21,CON,SF,LA,17,20,Kyle Shanahan,155,00-0031345,Jimmy Garoppolo,8,-110,1,401326636,5877,2022-01-30,18:30,58835,Sean McVay,-180,00-0026498,Matthew Stafford,7,-110,Home,,2022013001,-115,0,21535,202201300ram,Carl Cheffers,3,dome,3.5,SoFi Stadium,LAX01,matrixturf,,37,45.5,-105,Sunday,
2021_22_LA_CIN,2022-02-13,2021,22,SB,LA,CIN,23,20,Sean McVay,-190,00-0026498,Matthew Stafford,14,-110,0,401326638,5878,2022-02-13,18:30,58836,Zac Taylor,160,00-0036442,Joe Burrow,14,-110,Neutral,,2022021300,-110,0,21536,202202130cin,Ron Torbert,-3,dome,-4.5,SoFi Stadium,LAX01,matrixturf,,43,48.5,-110,Sunday,
2022_01_BUF_LA,2022-09-08,2022,1,REG,BUF,LA,31,10,Sean McDermott,-117,00-0034857,Josh Allen,7,-112,0,401437654,5879,2022-09-08,20:20,58838,Sean McVay,106,00-0026498,Matthew Stafford,7,101,Home,,2022090800,-111,0,,202209080ram,Carl Cheffers,-21,dome,-1,SoFi Stadium,LAX01,matrixturf,,41,51.5,-101,Thursday,
2022_01_BAL_NYJ,2022-09-11,2022,1,REG,BAL,NYJ,24,9,John Harbaugh,-265,00-0034796,Lamar Jackson,7,-103,0,401437632,5887,2022-09-11,13:00,58846,Robert Saleh,231,00-0026158,Joe Flacco,7,-107,Home,,2022091107,-103,0,,202209110nyj,Craig Wrolstad,-15,outdoors,-6.5,MetLife Stadium,NYC01,fieldturf,,33,44,-109,Sunday,
2022_01_CLE_CAR,2022-09-11,2022,1,REG,CLE,CAR,26,24,Kevin Stefanski,114,00-0033119,Jacoby Brissett,7,-112,0,401437651,5881,2022-09-11,13:00,58840,Matt Rhule,-125,00-0034855,Baker Mayfield,7,102,Home,,2022091101,100,0,,202209110car,Brad Rogers,-2,outdoors,2.5,Bank of America Stadium,CAR00,grass,,50,42.5,-113,Sunday,
2022_01_GB_MIN,2022-09-11,2022,1,REG,GB,MIN,7,23,Matt LaFleur,113,00-0023459,Aaron Rodgers,7,-116,1,401437649,5891,2022-09-11,16:25,58850,Kevin O'Connell,-125,00-0029604,Kirk Cousins,7,105,Home,,2022091112,101,0,,202209110min,Bill Vinovich,16,dome,2.5,U.S. Bank Stadium,MIN01,sportturf,,30,47,-114,Sunday,
2022_01_IND_HOU,2022-09-11,2022,1,REG,IND,HOU,20,20,Frank Reich,-290,00-0026143,Matt Ryan,7,-103,1,401437637,5885,2022-09-11,13:00,58844,Lovie Smith,250,00-0036898,Davis Mills,7,-107,Home,,2022091105,-102,1,,202209110htx,Land Clark,0,closed,-7,NRG Stadium,HOU00,astroturf,,40,46,-110,Sunday,
2022_01_JAX_WAS,2022-09-11,2022,1,REG,JAX,WAS,22,28,Doug Pederson,143,00-0036971,Trevor Lawrence,7,-101,0,401437646,5888,2022-09-11,13:00,58847,Ron Rivera,-159,00-0032950,Carson Wentz,7,-110,Home,,2022091109,-102,0,,202209110was,Tra Blake,6,outdoors,3,FedExField,WAS00,grass,,50,43.5,-110,Sunday,
2022_01_KC_ARI,2022-09-11,2022,1,REG,KC,ARI,44,21,Andy Reid,-252,00-0033873,Patrick Mahomes,7,-107,0,401437653,5889,2022-09-11,16:25,58848,Kliff Kingsbury,221,00-0035228,Kyler Murray,7,-104,Home,,2022091110,-102,0,,202209110crd,Scott Novak,-23,closed,-6,State Farm Stadium,PHO00,grass,,65,54,-110,Sunday,
2022_01_LV_LAC,2022-09-11,2022,1,REG,LV,LAC,19,24,Josh McDaniels,161,00-0031280,Derek Carr,7,-106,1,401437643,5890,2022-09-11,16:25,58849,Brandon Staley,-180,00-0036355,Justin Herbert,7,-104,Home,,2022091111,-109,0,,202209110sdg,Shawn Smith,5,dome,3.5,SoFi Stadium,LAX01,matrixturf,,43,52.5,-103,Sunday,
2022_01_NE_MIA,2022-09-11,2022,1,REG,NE,MIA,7,20,Bill Belichick,140,00-0036972,Mac Jones,7,-104,1,401437630,5886,2022-09-11,13:00,58845,Mike McDaniel,-155,00-0036212,Tua Tagovailoa,7,-106,Home,,2022091106,-103,0,,202209110mia,John Hussey,13,outdoors,3,Hard Rock Stadium,MIA00,grass,,27,47,-109,Sunday,
2022_01_NO_ATL,2022-09-11,2022,1,REG,NO,ATL,27,26,Dennis Allen,-228,00-0031503,Jameis Winston,7,-103,1,401437650,5880,2022-09-11,13:00,58839,Arthur Smith,201,00-0032268,Marcus Mariota,7,-107,Home,,2022091100,-108,0,,202209110atl,Alex Kemp,-1,closed,-6,Mercedes-Benz Stadium,ATL97,fieldturf,,53,43.5,-104,Sunday,
2022_01_NYG_TEN,2022-09-11,2022,1,REG,NYG,TEN,21,20,Brian Daboll,209,00-0035710,Daniel Jones,7,-108,0,401437640,5892,2022-09-11,16:25,58851,Mike Vrabel,-239,00-0029701,Ryan Tannehill,7,-102,Home,,2022091108,-111,0,,202209110oti,Jerome Boger,-1,outdoors,5.5,Nissan Stadium,NAS00,grass,,41,43.5,-101,Sunday,
2022_01_PHI_DET,2022-09-11,2022,1,REG,PHI,DET,38,35,Nick Sirianni,-240,00-0036389,Jalen Hurts,7,-110,0,401437648,5884,2022-09-11,13:00,58843,Dan Campbell,211,00-0033106,Jared Goff,7,-100,Home,,2022091104,104,0,,202209110det,Brad Allen,-3,dome,-6,Ford Field,DET00,fieldturf,,73,49,-117,Sunday,
2022_01_PIT_CIN,2022-09-11,2022,1,REG,PIT,CIN,23,20,Mike Tomlin,264,00-0033869,Mitch Trubisky,7,-119,1,401437634,5883,2022-09-11,13:00,58842,Zac Taylor,-308,00-0036442,Joe Burrow,7,107,Home,,2022091103,-113,1,,202209110cin,Shawn Hochuli,-3,outdoors,7.5,Paycor Stadium,CIN00,fieldturf,,43,44.5,101,Sunday,
2022_01_SF_CHI,2022-09-11,2022,1,REG,SF,CHI,10,19,Kyle Shanahan,-248,00-0037012,Trey Lance,7,100,0,401437647,5882,2022-09-11,13:00,58841,Matt Eberflus,217,00-0036945,Justin Fields,7,-111,Home,,2022091102,-109,0,,202209110chi,Clay Martin,9,outdoors,-6.5,Soldier Field,CHI98,grass,,29,38,-103,Sunday,
2022_01_TB_DAL,2022-09-11,2022,1,REG,TB,DAL,19,3,Todd Bowles,-133,00-0019596,Tom Brady,7,-108,0,401437644,5893,2022-09-11,20:20,58852,Mike McCarthy,120,00-0033077,Dak Prescott,7,-102,Home,,2022091113,-110,0,,202209110dal,Ron Torbert,-16,closed,-2.5,AT&T Stadium,DAL00,matrixturf,,22,49.5,-102,Sunday,
2022_01_DEN_SEA,2022-09-12,2022,1,REG,DEN,SEA,16,17,Nathaniel Hackett,-253,00-0029263,Russell Wilson,7,-107,0,401437655,5894,2022-09-12,20:15,58853,Pete Carroll,221,00-0030565,Geno Smith,7,-103,Home,,2022091200,102,0,,202209120sea,Clete Blakeman,1,outdoors,-6,Lumen Field,SEA00,fieldturf,,33,44,-115,Monday,
2022_02_LAC_KC,2022-09-15,2022,2,REG,LAC,KC,24,27,Brandon Staley,167,00-0036355,Justin Herbert,4,-113,1,401434030,5895,2022-09-15,20:15,58854,Andy Reid,-188,00-0033873,Patrick Mahomes,4,102,Home,,2022091500,-111,0,,202209150kan,John Hussey,3,outdoors,4,GEHA Field at Arrowhead Stadium,KAN00,grass,,51,52.5,-101,Thursday,
2022_02_ARI_LV,2022-09-18,2022,2,REG,ARI,LV,29,23,Kliff Kingsbury,197,00-0035228,Kyler Murray,7,-110,0,401437642,5907,2022-09-18,16:25,58866,Josh McDaniels,-223,00-0031280,Derek Carr,7,100,Home,,2022091811,-107,1,,202209180rai,Clete Blakeman,-6,dome,5.5,Allegiant Stadium,VEG00,grass,,52,51.5,-105,Sunday,
2022_02_ATL_LA,2022-09-18,2022,2,REG,ATL,LA,27,31,Arthur Smith,385,00-0032268,Marcus Mariota,7,-113,0,401437733,5903,2022-09-18,16:05,58862,Sean McVay,-473,00-0026498,Matthew Stafford,10,103,Home,,2022091807,103,0,,202209180ram,Clay Martin,4,dome,10.5,SoFi Stadium,LAX01,matrixturf,,58,46.5,-116,Sunday,
2022_02_CAR_NYG,2022-09-18,2022,2,REG,CAR,NYG,16,19,Matt Rhule,-114,00-0034855,Baker Mayfield,7,-106,0,401437645,5901,2022-09-18,13:00,58860,Brian Daboll,103,00-0035710,Daniel Jones,7,-104,Home,,2022091805,-110,0,,202209180nyg,Ron Torbert,3,outdoors,-1,MetLife Stadium,NYC01,fieldturf,,35,44,-102,Sunday,
2022_02_CHI_GB,2022-09-18,2022,2,REG,CHI,GB,10,27,Matt Eberflus,348,00-0036945,Justin Fields,7,-111,1,401437606,5908,2022-09-18,20:20,58867,Matt LaFleur,-420,00-0023459,Aaron Rodgers,7,100,Home,,2022091812,-108,0,,202209180gnb,Craig Wrolstad,17,outdoors,10.5,Lambeau Field,GNB00,grass,,37,42,-104,Sunday,
2022_02_CIN_DAL,2022-09-18,2022,2,REG,CIN,DAL,17,20,Zac Taylor,-303,00-0036442,Joe Burrow,7,110,0,401437734,5905,2022-09-18,16:25,58864,Mike McCarthy,260,00-0033662,Cooper Rush,7,-122,Home,,2022091809,-108,0,,202209180dal,Brad Allen,3,closed,-7.5,AT&T Stadium,DAL00,matrixturf,,37,42,-104,Sunday,
2022_02_HOU_DEN,2022-09-18,2022,2,REG,HOU,DEN,9,16,Lovie Smith,391,00-0036898,Davis Mills,7,-114,0,401437641,5906,2022-09-18,16:25,58865,Nathaniel Hackett,-481,00-0029263,Russell Wilson,6,103,Home,,2022091810,-102,0,,202209180den,Carl Cheffers,7,outdoors,10.5,Empower Field at Mile High,DEN00,grass,,25,46,-110,Sunday,
2022_02_IND_JAX,2022-09-18,2022,2,REG,IND,JAX,0,24,Frank Reich,-157,00-0026143,Matt Ryan,7,-107,1,401437639,5899,2022-09-18,13:00,58858,Doug Pederson,142,00-0036971,Trevor Lawrence,7,-103,Home,,2022091803,-108,0,,202209180jax,Alex Kemp,24,outdoors,-3,TIAA Bank Stadium,JAX00,grass,,24,43.5,-104,Sunday,
2022_02_MIA_BAL,2022-09-18,2022,2,REG,MIA,BAL,42,38,Mike McDaniel,148,00-0036212,Tua Tagovailoa,7,103,0,401437633,5896,2022-09-18,13:00,58855,John Harbaugh,-164,00-0034796,Lamar Jackson,7,-114,Home,,2022091800,101,0,,202209180rav,Adrian Hill,-4,outdoors,3,M&T Bank Stadium,BAL00,grass,,80,44,-114,Sunday,
2022_02_NE_PIT,2022-09-18,2022,2,REG,NE,PIT,17,14,Bill Belichick,-150,00-0036972,Mac Jones,7,-102,0,401437636,5902,2022-09-18,13:00,58861,Mike Tomlin,135,00-0033869,Mitch Trubisky,7,-109,Home,,2022091806,-111,0,,202209180pit,Land Clark,-3,outdoors,-3,Acrisure Stadium,PIT00,grass,,31,40,-101,Sunday,
2022_02_NYJ_CLE,2022-09-18,2022,2,REG,NYJ,CLE,31,30,Robert Saleh,207,00-0026158,Joe Flacco,7,-111,0,401437635,5897,2022-09-18,13:00,58856,Kevin Stefanski,-235,00-0033119,Jacoby Brissett,7,100,Home,,2022091801,-105,0,,202209180cle,Tra Blake,-1,outdoors,6.5,FirstEnergy Stadium,CLE00,grass,,61,38.5,-107,Sunday,
2022_02_SEA_SF,2022-09-18,2022,2,REG,SEA,SF,7,27,Pete Carroll,318,00-0030565,Geno Smith,6,-113,1,401437605,5904,2022-09-18,16:05,58863,Kyle Shanahan,-379,00-0037012,Trey Lance,7,102,Home,,2022091808,-100,0,,202209180sfo,Brad Rogers,20,outdoors,8.5,Levi's Stadium,SFO01,grass,,34,40,-112,Sunday,
2022_02_TB_NO,2022-09-18,2022,2,REG,TB,NO,20,10,Todd Bowles,-138,00-0019596,Tom Brady,7,-109,1,401437652,5900,2022-09-18,13:00,58859,Dennis Allen,124,00-0031503,Jameis Winston,7,-102,Home,,2022091804,104,0,,202209180nor,Shawn Hochuli,-10,dome,-2.5,Mercedes-Benz Superdome,NOR00,sportturf,,30,44,-117,Sunday,
2022_02_WAS_DET,2022-09-18,2022,2,REG,WAS,DET,27,36,Ron Rivera,-114,00-0032950,Carson Wentz,7,-107,0,401437732,5898,2022-09-18,13:00,58857,Dan Campbell,103,00-0033106,Jared Goff,7,-103,Home,,2022091802,101,0,,202209180det,Bill Vinovich,9,dome,-1,Ford Field,DET00,fieldturf,,63,48.5,-114,Sunday,
2022_02_MIN_PHI,2022-09-19,2022,2,REG,MIN,PHI,7,24,Kevin O'Connell,127,00-0029604,Kirk Cousins,8,106,0,401436832,5910,2022-09-19,20:30,58869,Nick Sirianni,-141,00-0036389,Jalen Hurts,8,-117,Home,,2022091901,102,0,,202209190phi,Scott Novak,17,outdoors,2.5,Lincoln Financial Field,PHI00,grass,,31,49.5,-115,Monday,
2022_02_TEN_BUF,2022-09-19,2022,2,REG,TEN,BUF,7,41,Mike Vrabel,329,00-0029701,Ryan Tannehill,8,-115,0,401436831,5909,2022-09-19,19:15,58868,Sean McDermott,-395,00-0034857,Josh Allen,11,104,Home,,2022091900,-104,0,,202209190buf,Shawn Smith,34,outdoors,10,New Era Field,BUF00,a_turf,,48,47.5,-108,Monday,
2022_03_PIT_CLE,2022-09-22,2022,3,REG,PIT,CLE,17,29,Mike Tomlin,183,00-0033869,Mitch Trubisky,4,-111,1,401437735,5911,2022-09-22,20:15,58870,Kevin Stefanski,-206,00-0033119,Jacoby Brissett,4,101,Home,,2022092200,-105,0,,202209220cle,Clay Martin,12,outdoors,4.5,FirstEnergy Stadium,CLE00,grass,,46,38,-107,Thursday,
2022_03_ATL_SEA,2022-09-25,2022,3,REG,ATL,SEA,27,23,Arthur Smith,-104,00-0032268,Marcus Mariota,7,-112,0,401437745,5923,2022-09-25,16:25,58882,Pete Carroll,-106,00-0030565,Geno Smith,7,102,Home,,2022092511,-115,0,,202209250sea,Tra Blake,-4,outdoors,1,Lumen Field,SEA00,fieldturf,,50,43,103,Sunday,
2022_03_BAL_NE,2022-09-25,2022,3,REG,BAL,NE,37,26,John Harbaugh,-143,00-0034796,Lamar Jackson,7,-114,0,401437631,5917,2022-09-25,13:00,58876,Bill Belichick,129,00-0036972,Mac Jones,7,104,Home,,2022092505,-103,0,,202209250nwe,Bill Vinovich,-11,outdoors,-2.5,Gillette Stadium,BOS00,fieldturf,,63,45.5,-109,Sunday,
2022_03_BUF_MIA,2022-09-25,2022,3,REG,BUF,MIA,19,21,Sean McDermott,-196,00-0034857,Josh Allen,6,-104,1,401437738,5915,2022-09-25,13:00,58874,Mike McDaniel,175,00-0036212,Tua Tagovailoa,7,-106,Home,,2022092503,-109,0,,202209250mia,Alex Kemp,2,outdoors,-4,Hard Rock Stadium,MIA00,grass,,40,54,-103,Sunday,
2022_03_CIN_NYJ,2022-09-25,2022,3,REG,CIN,NYJ,27,12,Zac Taylor,-247,00-0036442,Joe Burrow,7,104,0,401437740,5918,2022-09-25,13:00,58877,Robert Saleh,220,00-0026158,Joe Flacco,7,-115,Home,,2022092506,-106,0,,202209250nyj,Jerome Boger,-15,outdoors,-6.5,MetLife Stadium,NYC01,fieldturf,,39,46,-106,Sunday,
2022_03_DET_MIN,2022-09-25,2022,3,REG,DET,MIN,24,28,Dan Campbell,232,00-0033106,Jared Goff,7,-101,1,401437739,5916,2022-09-25,13:00,58875,Kevin O'Connell,-266,00-0029604,Kirk Cousins,6,-110,Home,,2022092504,104,0,,202209250min,John Hussey,4,dome,6.5,U.S. Bank Stadium,MIN01,sportturf,,52,52,-117,Sunday,
2022_03_GB_TB,2022-09-25,2022,3,REG,GB,TB,14,12,Matt LaFleur,112,00-0023459,Aaron Rodgers,7,105,0,401437607,5924,2022-09-25,16:25,58883,Todd Bowles,-123,00-0019596,Tom Brady,7,-115,Home,,2022092512,-109,0,,202209250tam,Scott Novak,-2,outdoors,1,Raymond James Stadium,TAM00,grass,,26,41.5,-103,Sunday,
2022_03_HOU_CHI,2022-09-25,2022,3,REG,HOU,CHI,20,23,Lovie Smith,141,00-0036898,Davis Mills,7,-107,0,401437737,5913,2022-09-25,13:00,58872,Matt Eberflus,-156,00-0036945,Justin Fields,7,-103,Home,,2022092501,-105,0,,202209250chi,Clete Blakeman,3,outdoors,3,Soldier Field,CHI98,grass,,43,40,-107,Sunday,
2022_03_JAX_LAC,2022-09-25,2022,3,REG,JAX,LAC,38,10,Doug Pederson,220,00-0036971,Trevor Lawrence,7,-106,0,401437743,5921,2022-09-25,16:05,58880,Brandon Staley,-252,00-0036355,Justin Herbery,10,-104,Home,,2022092509,-100,0,,202209250sdg,Craig Wrolstad,-28,dome,6.5,SoFi Stadium,LAX01,matrixturf,,48,46,-112,Sunday,
2022_03_KC_IND,2022-09-25,2022,3,REG,KC,IND,17,20,Andy Reid,-199,00-0033873,Patrick Mahomes,10,103,0,401437638,5914,2022-09-25,13:00,58873,Frank Reich,177,00-0026143,Matt Ryan,7,-114,Home,,2022092502,-107,0,,202209250clt,Shawn Smith,3,open,-4.5,Lucas Oil Stadium,IND00,fieldturf,,37,51,-105,Sunday,
2022_03_LA_ARI,2022-09-25,2022,3,REG,LA,ARI,20,12,Sean McVay,-171,00-0026498,Matthew Stafford,7,104,1,401437744,5922,2022-09-25,16:25,58881,Kliff Kingsbury,153,00-0035228,Kyler Murray,7,-115,Home,,2022092510,102,0,,202209250crd,Adrian Hill,-8,closed,-3.5,State Farm Stadium,PHO00,grass,,32,49,-114,Sunday,
2022_03_LV_TEN,2022-09-25,2022,3,REG,LV,TEN,22,24,Josh McDaniels,-130,00-0031280,Derek Carr,7,-113,0,401437741,5919,2022-09-25,13:00,58878,Mike Vrabel,117,00-0029701,Ryan Tannehill,6,103,Home,,2022092507,-103,0,,202209250oti,Brad Rogers,2,outdoors,-1.5,Nissan Stadium,NAS00,grass,,46,45.5,-109,Sunday,
2022_03_NO_CAR,2022-09-25,2022,3,REG,NO,CAR,14,22,Dennis Allen,-123,00-0031503,Jameis Winston,7,-102,1,401437736,5912,2022-09-25,13:00,58871,Matt Rhule,112,00-0034855,Baker Mayfield,7,-109,Home,,2022092500,-100,0,,202209250car,Carl Cheffers,8,outdoors,-2,Bank of America Stadium,CAR00,grass,,36,41,-112,Sunday,
2022_03_PHI_WAS,2022-09-25,2022,3,REG,PHI,WAS,24,8,Nick Sirianni,-240,00-0036389,Jalen Hurts,6,102,1,401437742,5920,2022-09-25,13:00,58879,Ron Rivera,210,00-0032950,Carson Wentz,7,-112,Home,,2022092508,-111,0,,202209250was,Ron Torbert,-16,outdoors,-6,FedExField,WAS00,grass,,32,47,-101,Sunday,
2022_03_SF_DEN,2022-09-25,2022,3,REG,SF,DEN,10,11,Kyle Shanahan,-110,00-0031345,Jimmy Garoppolo,7,-102,0,401437746,5925,2022-09-25,20:20,58884,Nathaniel Hackett,-101,00-0029263,Russell Wilson,7,-108,Home,,2022092513,-114,0,,202209250den,Shawn Hochuli,1,outdoors,-1,Empower Field at Mile High,DEN00,grass,,21,44,101,Sunday,
2022_03_DAL_NYG,2022-09-26,2022,3,REG,DAL,NYG,23,16,Mike McCarthy,109,00-0033662,Cooper Rush,8,103,1,401437747,5926,2022-09-26,20:15,58885,Brian Daboll,-120,00-0035710,Daniel Jones,8,-113,Home,,2022092600,-110,0,,202209260nyg,Land Clark,-7,outdoors,1,MetLife Stadium,NYC01,fieldturf,,39,38.5,-102,Monday,
2022_04_MIA_CIN,2022-09-29,2022,4,REG,MIA,CIN,15,27,Mike McDaniel,169,00-0036212,Tua Tagovailoa,4,-107,0,401437748,5927,2022-09-29,20:15,58886,Zac Taylor,-190,00-0036442,Joe Burrow,4,-103,Home,,2022092900,-109,0,,202209290cin,Tra Blake,12,outdoors,4,Paycor Stadium,CIN00,fieldturf,,42,48.5,-103,Thursday,
2022_04_ARI_CAR,2022-10-02,2022,4,REG,ARI,CAR,26,16,Kliff Kingsbury,102,00-0035228,Kyler Murray,7,-104,0,401437758,5938,2022-10-02,16:05,58897,Matt Rhule,-113,00-0034855,Baker Mayfield,7,-106,Home,,2022100203,100,0,,202210020car,John Hussey,-10,outdoors,1,Bank of America Stadium,CAR00,grass,,42,44,-113,Sunday,
2022_04_BUF_BAL,2022-10-02,2022,4,REG,BUF,BAL,23,20,Sean McDermott,-172,00-0034857,Josh Allen,7,-117,0,401437750,5930,2022-10-02,13:00,58889,John Harbaugh,154,00-0034796,Lamar Jackson,7,106,Home,,2022100202,-109,0,,202210020rav,Jerome Boger,-3,outdoors,-3,M&T Bank Stadium,BAL00,grass,,43,50,-103,Sunday,
2022_04_CHI_NYG,2022-10-02,2022,4,REG,CHI,NYG,12,20,Matt Eberflus,130,00-0036945,Justin Fields,7,-120,0,401437755,5935,2022-10-02,13:00,58894,Brian Daboll,-144,00-0035710,Daniel Jones,6,109,Home,,2022100208,-110,0,,202210020nyg,Carl Cheffers,8,outdoors,3,MetLife Stadium,NYC01,fieldturf,,32,39,-103,Sunday,
2022_04_CLE_ATL,2022-10-02,2022,4,REG,CLE,ATL,20,23,Kevin Stefanski,-107,00-0033119,Jacoby Brissett,10,-101,0,401437749,5929,2022-10-02,13:00,58888,Arthur Smith,-103,00-0032268,Marcus Mariota,7,-109,Home,,2022100201,-112,0,,202210020atl,Craig Wrolstad,3,open,-1,Mercedes-Benz Stadium,ATL97,fieldturf,,43,48,-100,Sunday,
2022_04_DEN_LV,2022-10-02,2022,4,REG,DEN,LV,23,32,Nathaniel Hackett,124,00-0029263,Russell Wilson,7,-101,1,401437760,5940,2022-10-02,16:25,58899,Josh McDaniels,-137,00-0031280,Derek Carr,7,-109,Home,,2022100212,-102,0,,202210020rai,Land Clark,9,dome,2.5,Allegiant Stadium,VEG00,grass,,55,45.5,-110,Sunday,
2022_04_JAX_PHI,2022-10-02,2022,4,REG,JAX,PHI,21,29,Doug Pederson,223,00-0036971,Trevor Lawrence,7,-109,0,401437756,5936,2022-10-02,13:00,58895,Nick Sirianni,-256,00-0036389,Jalen Hurts,7,-102,Home,,2022100209,-111,0,,202210020phi,Shawn Hochuli,8,outdoors,6.5,Lincoln Financial Field,PHI00,grass,,50,44,-102,Sunday,
2022_04_KC_TB,2022-10-02,2022,4,REG,KC,TB,41,31,Andy Reid,113,00-0033873,Patrick Mahomes,7,107,0,401437470,5941,2022-10-02,20:20,58900,Todd Bowles,-125,00-0019596,Tom Brady,7,-118,Home,,2022100213,-115,0,,202210020tam,Bill Vinovich,-10,outdoors,1,Raymond James Stadium,TAM00,grass,,72,46.5,102,Sunday,
2022_04_LAC_HOU,2022-10-02,2022,4,REG,LAC,HOU,34,24,Brandon Staley,-234,00-0036355,Justin Herbert,7,-106,0,401437753,5933,2022-10-02,13:00,58892,Lovie Smith,205,00-0036898,Davis Mills,7,-104,Home,,2022100206,-115,0,,202210020htx,Alex Kemp,-10,closed,-5.5,NRG Stadium,HOU00,astroturf,,58,45,102,Sunday,
2022_04_MIN_NO,2022-10-02,2022,4,REG,MIN,NO,28,25,Kevin O'Connell,-199,00-0029604,Kirk Cousins,7,-103,0,401435639,5928,2022-10-02,09:30,58887,Dennis Allen,177,00-0027973,Andy Dalton,7,-107,Neutral,,2022100200,-102,0,,202210020nor,Clete Blakeman,-3,outdoors,-4,Tottenham Stadium,LON02,,,53,42,-110,Sunday,
2022_04_NE_GB,2022-10-02,2022,4,REG,NE,GB,24,27,Bill Belichick,358,00-0026625,Brian Hoyer,7,-120,0,401437759,5939,2022-10-02,16:25,58898,Matt LaFleur,-435,00-0023459,Aaron Rodgers,7,109,Home,,2022100211,-101,1,,202210020gnb,Adrian Hill,3,outdoors,10,Lambeau Field,GNB00,grass,,51,40.5,-111,Sunday,
2022_04_NYJ_PIT,2022-10-02,2022,4,REG,NYJ,PIT,24,20,Robert Saleh,145,00-0037013,Zach Wilson,7,-102,0,401437757,5937,2022-10-02,13:00,58896,Mike Tomlin,-161,00-0033869,Mitch Trubisky,10,-108,Home,,2022100210,-115,0,,202210020pit,Brad Rogers,-4,outdoors,3,Acrisure Stadium,PIT00,grass,,44,41,102,Sunday,
2022_04_SEA_DET,2022-10-02,2022,4,REG,SEA,DET,48,45,Pete Carroll,151,00-0030565,Geno Smith,7,103,0,401437752,5932,2022-10-02,13:00,58891,Dan Campbell,-169,00-0033106,Jared Goff,7,-113,Home,,2022100205,-101,0,,202210020det,Clay Martin,-3,dome,3,Ford Field,DET00,fieldturf,,93,48.5,-112,Sunday,
2022_04_TEN_IND,2022-10-02,2022,4,REG,TEN,IND,24,17,Mike Vrabel,182,00-0029701,Ryan Tannehill,7,-105,1,401437754,5934,2022-10-02,13:00,58893,Frank Reich,-205,00-0026143,Matt Ryan,7,-105,Home,,2022100207,-110,0,,202210020clt,Scott Novak,-7,open,4.5,Lucas Oil Stadium,IND00,fieldturf,,41,43,-102,Sunday,
2022_04_WAS_DAL,2022-10-02,2022,4,REG,WAS,DAL,10,25,Ron Rivera,140,00-0032950,Carson Wentz,7,-110,1,401437751,5931,2022-10-02,13:00,58890,Mike McCarthy,-155,00-0033662,Cooper Rush,6,-101,Home,,2022100204,-111,0,,202210020dal,Shawn Smith,15,closed,3,AT&T Stadium,DAL00,matrixturf,,35,40.5,-101,Sunday,
2022_04_LA_SF,2022-10-03,2022,4,REG,LA,SF,9,24,Sean McVay,112,00-0026498,Matthew Stafford,8,106,1,401437761,5942,2022-10-03,20:15,58901,Kyle Shanahan,-124,00-0031345,Jimmy Garoppolo,8,-116,Home,,2022100300,-103,0,,202210030sfo,Brad Allen,15,outdoors,1,Levi's Stadium,SFO01,grass,,33,42,-109,Monday,
2022_05_IND_DEN,2022-10-06,2022,5,REG,IND,DEN,12,9,Frank Reich,159,00-0026143,Matt Ryan,4,-114,0,401437762,5943,2022-10-06,20:15,58902,Nathaniel Hackett,-178,00-0029263,Russell Wilson,4,104,Home,,2022100600,-106,1,,202210060den,Brad Rogers,-3,outdoors,3.5,Empower Field at Mile High,DEN00,grass,,21,42,-106,Thursday,
2022_05_ATL_TB,2022-10-09,2022,5,REG,ATL,TB,15,21,Arthur Smith,355,00-0032268,Marcus Mariota,7,-113,1,401437770,5952,2022-10-09,13:00,58911,Todd Bowles,-430,00-0019596,Tom Brady,7,102,Home,,2022100908,-113,0,,202210090tam,Jerome Boger,6,outdoors,10.5,Raymond James Stadium,TAM00,grass,,36,46,101,Sunday,
2022_05_CHI_MIN,2022-10-09,2022,5,REG,CHI,MIN,22,29,Matt Eberflus,322,00-0036945,Justin Fields,7,-116,1,401437766,5948,2022-10-09,13:00,58907,Kevin O'Connell,-385,00-0029604,Kirk Cousins,7,105,Home,,2022100904,-106,0,,202210090min,Shawn Hochuli,7,dome,10,U.S. Bank Stadium,MIN01,sportturf,,51,44,-106,Sunday,
2022_05_CIN_BAL,2022-10-09,2022,5,REG,CIN,BAL,17,19,Zac Taylor,151,00-0036442,Joe Burrow,10,103,1,401437775,5957,2022-10-09,20:20,58916,John Harbaugh,-168,00-0034796,Lamar Jackson,7,-114,Home,,2022100913,-108,0,,202210090rav,Scott Novak,2,outdoors,3,M&T Bank Stadium,BAL00,grass,,36,47.5,-104,Sunday,
2022_05_DAL_LA,2022-10-09,2022,5,REG,DAL,LA,22,10,Mike McCarthy,195,00-0033662,Cooper Rush,7,-112,0,401437774,5956,2022-10-09,16:25,58915,Sean McVay,-220,00-0026498,Matthew Stafford,6,102,Home,,2022100912,-106,0,,202210090ram,Bill Vinovich,-12,dome,5.5,SoFi Stadium,LAX01,matrixturf,,32,42,-106,Sunday,
2022_05_DET_NE,2022-10-09,2022,5,REG,DET,NE,0,29,Dan Campbell,133,00-0033106,Jared Goff,7,-113,0,401437767,5949,2022-10-09,13:00,58908,Bill Belichick,-148,00-0038108,Bailey Zappe,7,102,Home,,2022100905,-114,0,,202210090nwe,Craig Wrolstad,29,outdoors,3,Gillette Stadium,BOS00,fieldturf,,29,46.5,101,Sunday,
2022_05_HOU_JAX,2022-10-09,2022,5,REG,HOU,JAX,13,6,Lovie Smith,261,00-0036898,Davis Mills,7,-113,1,401437765,5947,2022-10-09,13:00,58906,Doug Pederson,-304,00-0036971,Trevor Lawrence,7,102,Home,,2022100903,-101,0,,202210090jax,Ron Torbert,-7,outdoors,7,TIAA Bank Stadium,JAX00,grass,,19,44,-112,Sunday,
2022_05_LAC_CLE,2022-10-09,2022,5,REG,LAC,CLE,30,28,Brandon Staley,-114,00-0036355,Justin Herbert,7,-106,0,401437764,5946,2022-10-09,13:00,58905,Kevin Stefanski,103,00-0033119,Jacoby Brissett,7,-104,Home,,2022100902,102,0,,202210090cle,Adrian Hill,-2,outdoors,-1,FirstEnergy Stadium,CLE00,grass,,58,47,-114,Sunday,
2022_05_MIA_NYJ,2022-10-09,2022,5,REG,MIA,NYJ,17,40,Mike McDaniel,-162,00-0031237,Teddy Bridgewater,10,-110,1,401437769,5951,2022-10-09,13:00,58910,Robert Saleh,146,00-0037013,Zach Wilson,7,100,Home,,2022100907,-111,0,,202210090nyj,Clay Martin,23,outdoors,-3,MetLife Stadium,NYC01,fieldturf,,57,46,-101,Sunday,
2022_05_NYG_GB,2022-10-09,2022,5,REG,NYG,GB,27,22,Brian Daboll,331,00-0035710,Daniel Jones,7,104,0,401435640,5944,2022-10-09,09:30,58903,Matt LaFleur,-397,00-0023459,Aaron Rodgers,7,-115,Neutral,,2022100900,-102,0,,202210090gnb,Alex Kemp,-5,outdoors,8.5,Tottenham Stadium,LON02,,,49,42,-110,Sunday,
2022_05_PHI_ARI,2022-10-09,2022,5,REG,PHI,ARI,20,17,Nick Sirianni,-222,00-0036389,Jalen Hurts,7,101,0,401437773,5955,2022-10-09,16:25,58914,Kliff Kingsbury,196,00-0035228,Kyler Murray,7,-111,Home,,2022100911,-113,0,,202210090crd,Tra Blake,-3,closed,-5.5,State Farm Stadium,PHO00,grass,,37,48.5,101,Sunday,
2022_05_PIT_BUF,2022-10-09,2022,5,REG,PIT,BUF,3,38,Mike Tomlin,568,00-0038102,Kenny Pickett,7,-108,0,401437763,5945,2022-10-09,13:00,58904,Sean McDermott,-749,00-0034857,Josh Allen,7,-102,Home,,2022100901,-110,0,,202210090buf,John Hussey,35,outdoors,14,New Era Field,BUF00,a_turf,,41,44,-103,Sunday,
2022_05_SEA_NO,2022-10-09,2022,5,REG,SEA,NO,32,39,Pete Carroll,201,00-0030565,Geno Smith,7,-106,0,401437768,5950,2022-10-09,13:00,58909,Dennis Allen,-229,00-0027973,Andy Dalton,7,-104,Home,,2022100906,100,0,,202210090nor,Brad Allen,7,dome,5.5,Mercedes-Benz Superdome,NOR00,sportturf,,71,45.5,-113,Sunday,
2022_05_SF_CAR,2022-10-09,2022,5,REG,SF,CAR,37,15,Kyle Shanahan,-234,00-0031345,Jimmy Garoppolo,6,-102,0,401437772,5954,2022-10-09,16:05,58913,Matt Rhule,206,00-0034855,Baker Mayfield,7,-109,Home,,2022100910,-108,0,,202210090car,Shawn Smith,-22,outdoors,-6,Bank of America Stadium,CAR00,grass,,52,40,-104,Sunday,
2022_05_TEN_WAS,2022-10-09,2022,5,REG,TEN,WAS,21,17,Mike Vrabel,-110,00-0029701,Ryan Tannehill,7,-102,0,401437771,5953,2022-10-09,13:00,58912,Ron Rivera,-100,00-0032950,Carson Wentz,7,-108,Home,,2022100909,-106,0,,202210090was,Land Clark,-4,outdoors,-1,FedExField,WAS00,grass,,38,43,-106,Sunday,
2022_05_LV_KC,2022-10-10,2022,5,REG,LV,KC,29,30,Josh McDaniels,275,00-0031280,Derek Carr,8,-125,1,401437776,5958,2022-10-10,20:15,58917,Andy Reid,-321,00-0033873,Patrick Mahomes,8,113,Home,,2022101000,-103,0,,202210100kan,Carl Cheffers,1,outdoors,7.5,GEHA Field at Arrowhead Stadium,KAN00,grass,,59,51.5,-109,Monday,
2022_06_WAS_CHI,2022-10-13,2022,6,REG,WAS,CHI,12,7,Ron Rivera,-120,00-0032950,Carson Wentz,4,-112,0,401437777,5959,2022-10-13,20:15,58918,Matt Eberflus,109,00-0036945,Justin Fields,4,102,Home,,2022101300,-107,0,,202210130chi,Adrian Hill,-5,outdoors,-1,Soldier Field,CHI98,grass,,19,38.5,-105,Thursday,
2022_06_ARI_SEA,2022-10-16,2022,6,REG,ARI,SEA,9,19,Kliff Kingsbury,-136,00-0035228,Kyler Murray,7,-106,1,401437787,5969,2022-10-16,16:05,58928,Pete Carroll,123,00-0030565,Geno Smith,7,-104,Home,,2022101609,-110,0,,202210160sea,Shawn Hochuli,10,outdoors,-2.5,Lumen Field,SEA00,fieldturf,,28,50,-102,Sunday,
2022_06_BAL_NYG,2022-10-16,2022,6,REG,BAL,NYG,20,24,John Harbaugh,-234,00-0034796,Lamar Jackson,7,-107,0,401437784,5966,2022-10-16,13:00,58925,Brian Daboll,206,00-0035710,Daniel Jones,7,-103,Home,,2022101606,-102,0,,202210160nyg,Clay Martin,4,outdoors,-5.5,MetLife Stadium,NYC01,fieldturf,,44,46,-110,Sunday,
2022_06_BUF_KC,2022-10-16,2022,6,REG,BUF,KC,24,20,Sean McDermott,-146,00-0034857,Josh Allen,7,-116,0,401437788,5970,2022-10-16,16:25,58929,Andy Reid,132,00-0033873,Patrick Mahomes,6,105,Home,,2022101610,-107,0,,202210160kan,Brad Allen,-4,outdoors,-2.5,GEHA Field at Arrowhead Stadium,KAN00,grass,,44,54,-105,Sunday,
2022_06_CAR_LA,2022-10-16,2022,6,REG,CAR,LA,10,24,Steve Wilks,343,00-0033275,Phillip Walker,7,-112,0,401437786,5968,2022-10-16,16:05,58927,Sean McVay,-413,00-0026498,Matthew Stafford,7,102,Home,,2022101608,-103,0,,202210160ram,Tra Blake,14,dome,10,SoFi Stadium,LAX01,matrixturf,,34,41.5,-109,Sunday,
2022_06_CIN_NO,2022-10-16,2022,6,REG,CIN,NO,30,26,Zac Taylor,-164,00-0036442,Joe Burrow,7,-110,0,401437783,5965,2022-10-16,13:00,58924,Dennis Allen,148,00-0027973,Andy Dalton,7,100,Home,,2022101605,-108,0,,202210160nor,Land Clark,-4,dome,-3,Mercedes-Benz Superdome,NOR00,sportturf,,56,42.5,-104,Sunday,
2022_06_DAL_PHI,2022-10-16,2022,6,REG,DAL,PHI,17,26,Mike McCarthy,252,00-0033662,Cooper Rush,7,109,1,401437789,5971,2022-10-16,20:20,58930,Nick Sirianni,-292,00-0036389,Jalen Hurts,7,-120,Home,,2022101611,-108,0,,202210160phi,John Hussey,9,outdoors,6.5,Lincoln Financial Field,PHI00,grass,,43,42.5,-104,Sunday,
2022_06_JAX_IND,2022-10-16,2022,6,REG,JAX,IND,27,34,Doug Pederson,110,00-0036971,Trevor Lawrence,7,103,1,401437781,5963,2022-10-16,13:00,58922,Frank Reich,-122,00-0026143,Matt Ryan,10,-114,Home,,2022101603,-113,0,,202210160clt,Jerome Boger,7,open,1,Lucas Oil Stadium,IND00,fieldturf,,61,41,100,Sunday,
2022_06_MIN_MIA,2022-10-16,2022,6,REG,MIN,MIA,24,16,Kevin O'Connell,-175,00-0029604,Kirk Cousins,7,-120,0,401437782,5964,2022-10-16,13:00,58923,Mike McDaniel,157,00-0031237,Teddy Bridgewater,7,109,Home,,2022101604,-105,0,,202210160mia,Brad Rogers,-8,outdoors,-3,Hard Rock Stadium,MIA00,grass,,40,45,-107,Sunday,
2022_06_NE_CLE,2022-10-16,2022,6,REG,NE,CLE,38,15,Bill Belichick,127,00-0038108,Bailey Zappe,7,101,0,401437779,5961,2022-10-16,13:00,58920,Kevin Stefanski,-140,00-0033119,Jacoby Brissett,7,-111,Home,,2022101601,-108,0,,202210160cle,Scott Novak,-23,outdoors,2.5,FirstEnergy Stadium,CLE00,grass,,53,43,-104,Sunday,
2022_06_NYJ_GB,2022-10-16,2022,6,REG,NYJ,GB,27,10,Robert Saleh,305,00-0037013,Zach Wilson,7,-101,0,401437780,5962,2022-10-16,13:00,58921,Matt LaFleur,-362,00-0023459,Aaron Rodgers,7,-109,Home,,2022101602,-111,0,,202210160gnb,Clete Blakeman,-17,outdoors,7.5,Lambeau Field,GNB00,grass,,37,44.5,-101,Sunday,
2022_06_SF_ATL,2022-10-16,2022,6,REG,SF,ATL,14,28,Kyle Shanahan,-185,00-0031345,Jimmy Garoppolo,7,-100,0,401437778,5960,2022-10-16,13:00,58919,Arthur Smith,166,00-0032268,Marcus Mariota,7,-110,Home,,2022101600,-103,0,,202210160atl,Carl Cheffers,14,open,-3.5,Mercedes-Benz Stadium,ATL97,fieldturf,,42,46,-109,Sunday,
2022_06_TB_PIT,2022-10-16,2022,6,REG,TB,PIT,18,20,Todd Bowles,-386,00-0019596,Tom Brady,7,103,0,401437785,5967,2022-10-16,13:00,58926,Mike Tomlin,323,00-0038102,Kenny Pickett,7,-113,Home,,2022101607,104,0,,202210160pit,Shawn Smith,2,outdoors,-10,Acrisure Stadium,PIT00,grass,,38,47,-117,Sunday,
2022_06_DEN_LAC,2022-10-17,2022,6,REG,DEN,LAC,16,19,Nathaniel Hackett,166,00-0029263,Russell Wilson,11,-103,1,401437790,5972,2022-10-17,20:15,58931,Brandon Staley,-186,00-0036355,Justin Herbert,8,-107,Home,,2022101700,102,1,,202210170sdg,Ron Torbert,3,dome,3.5,SoFi Stadium,LAX01,matrixturf,,35,45.5,-115,Monday,
2022_07_NO_ARI,2022-10-20,2022,7,REG,NO,ARI,34,42,Dennis Allen,126,00-0027973,Andy Dalton,4,-101,0,401437791,5973,2022-10-20,20:15,58932,Kliff Kingsbury,-140,00-0035228,Kyler Murray,4,-109,Home,,2022102000,101,0,,202210200crd,Jerome Boger,8,open,2.5,State Farm Stadium,PHO00,grass,,76,44,-114,Thursday,
2022_07_ATL_CIN,2022-10-23,2022,7,REG,ATL,CIN,17,35,Arthur Smith,235,00-0032268,Marcus Mariota,7,-100,0,401437794,5976,2022-10-23,13:00,58935,Zac Taylor,-271,00-0036442,Joe Burrow,7,-110,Home,,2022102302,-112,0,,202210230cin,Clete Blakeman,18,outdoors,6.5,Paycor Stadium,CIN00,fieldturf,,52,47.5,100,Sunday,
2022_07_CLE_BAL,2022-10-23,2022,7,REG,CLE,BAL,20,23,Kevin Stefanski,244,00-0033119,Jacoby Brissett,7,100,1,401437792,5974,2022-10-23,13:00,58933,John Harbaugh,-282,00-0034796,Lamar Jackson,7,-110,Home,,2022102300,-112,0,,202210230rav,Shawn Smith,3,outdoors,6.5,M&T Bank Stadium,BAL00,grass,,43,46,-100,Sunday,
2022_07_DET_DAL,2022-10-23,2022,7,REG,DET,DAL,6,24,Dan Campbell,241,00-0033106,Jared Goff,14,-112,0,401437795,5977,2022-10-23,13:00,58936,Mike McCarthy,-278,00-0033077,Dak Prescott,7,102,Home,,2022102303,-110,0,,202210230dal,Adrian Hill,18,closed,7,AT&T Stadium,DAL00,matrixturf,,30,49.5,-102,Sunday,
2022_07_GB_WAS,2022-10-23,2022,7,REG,GB,WAS,21,23,Matt LaFleur,-195,00-0023459,Aaron Rodgers,7,-102,0,401437798,5980,2022-10-23,13:00,58939,Ron Rivera,173,00-0031800,Taylor Heinicke,10,-108,Home,,2022102306,-107,0,,202210230was,Clay Martin,2,outdoors,-4,FedExField,WAS00,grass,,44,41.5,-105,Sunday,
2022_07_HOU_LV,2022-10-23,2022,7,REG,HOU,LV,20,38,Lovie Smith,278,00-0036898,Davis Mills,14,104,0,401437800,5982,2022-10-23,16:05,58941,Josh McDaniels,-325,00-0031280,Derek Carr,13,-115,Home,,2022102308,-108,0,,202210230rai,John Hussey,18,dome,7,Allegiant Stadium,VEG00,grass,,58,46,-104,Sunday,
2022_07_IND_TEN,2022-10-23,2022,7,REG,IND,TEN,10,19,Frank Reich,129,00-0026143,Matt Ryan,7,-102,1,401437797,5979,2022-10-23,13:00,58938,Mike Vrabel,-143,00-0029701,Ryan Tannehill,14,-108,Home,,2022102305,-109,0,,202210230oti,Ron Torbert,9,outdoors,2.5,Nissan Stadium,NAS00,grass,,29,43,-104,Sunday,
2022_07_KC_SF,2022-10-23,2022,7,REG,KC,SF,44,23,Andy Reid,-106,00-0033873,Patrick Mahomes,7,102,0,401437802,5984,2022-10-23,16:25,58943,Kyle Shanahan,-104,00-0031345,Jimmy Garoppolo,7,-112,Home,,2022102310,101,0,,202210230sfo,Alex Kemp,-21,outdoors,-1,Levi's Stadium,SFO01,,,67,49,-114,Sunday,
2022_07_NYG_JAX,2022-10-23,2022,7,REG,NYG,JAX,23,17,Brian Daboll,148,00-0035710,Daniel Jones,7,102,0,401437796,5978,2022-10-23,13:00,58937,Doug Pederson,-165,00-0036971,Trevor Lawrence,7,-112,Home,,2022102304,-107,0,,202210230jax,Tra Blake,-6,outdoors,3,TIAA Bank Stadium,JAX00,grass,,40,44,-105,Sunday,
2022_07_NYJ_DEN,2022-10-23,2022,7,REG,NYJ,DEN,16,9,Robert Saleh,-127,00-0037013,Zach Wilson,7,-106,0,401437799,5981,2022-10-23,16:05,58940,Nathaniel Hackett,115,00-0034955,Brett Rypien,6,-104,Home,,2022102307,101,0,,202210230den,Bill Vinovich,-7,outdoors,-2,Empower Field at Mile High,DEN00,grass,,25,37,-114,Sunday,
2022_07_PIT_MIA,2022-10-23,2022,7,REG,PIT,MIA,10,16,Mike Tomlin,255,00-0038102,Kenny Pickett,7,-119,0,401437803,5985,2022-10-23,20:20,58944,Mike McDaniel,-297,00-0036212,Tua Tagovailoa,7,108,Home,,2022102311,-105,0,,202210230mia,Scott Novak,6,outdoors,7.5,Hard Rock Stadium,MIA00,grass,,26,44.5,-107,Sunday,
2022_07_SEA_LAC,2022-10-23,2022,7,REG,SEA,LAC,37,23,Pete Carroll,193,00-0030565,Geno Smith,7,-111,0,401437801,5983,2022-10-23,16:25,58942,Brandon Staley,-219,00-0036355,Justin Herbert,6,101,Home,,2022102309,101,0,,202210230sdg,Land Clark,-14,dome,5.5,SoFi Stadium,LAX01,matrixturf,,60,51.5,-114,Sunday,
2022_07_TB_CAR,2022-10-23,2022,7,REG,TB,CAR,3,21,Todd Bowles,-680,00-0019596,Tom Brady,7,-103,1,401437793,5975,2022-10-23,13:00,58934,Steve Wilks,524,00-0033275,Phillip Walker,7,-107,Home,,2022102301,103,0,,202210230car,Craig Wrolstad,18,outdoors,-13,Bank of America Stadium,CAR00,grass,,24,39.5,-116,Sunday,
2022_07_CHI_NE,2022-10-24,2022,7,REG,CHI,NE,33,14,Matt Eberflus,327,00-0036945,Justin Fields,11,-110,0,401437804,5986,2022-10-24,20:15,58945,Bill Belichick,-392,00-0036972,Mac Jones,8,-100,Home,,2022102400,-106,0,,202210240nwe,Brad Allen,-19,outdoors,9.5,Gillette Stadium,BOS00,fieldturf,,47,40,-106,Monday,
2022_08_BAL_TB,2022-10-27,2022,8,REG,BAL,TB,27,22,John Harbaugh,116,00-0034796,Lamar Jackson,4,-104,0,401437805,5987,2022-10-27,20:15,58946,Todd Bowles,-128,00-0019596,Tom Brady,4,-106,Home,,2022102700,-110,0,,202210270tam,Carl Cheffers,-5,outdoors,2,Raymond James Stadium,TAM00,grass,,49,46,-102,Thursday,
2022_08_ARI_MIN,2022-10-30,2022,8,REG,ARI,MIN,26,34,Kliff Kingsbury,177,00-0035228,Kyler Murray,10,-105,0,401437809,5992,2022-10-30,13:00,58951,Kevin O'Connell,-199,00-0029604,Kirk Cousins,14,-105,Home,,2022103005,-106,0,,202210300min,Brad Allen,8,dome,4,U.S. Bank Stadium,MIN01,sportturf,,60,48.5,-106,Sunday,
2022_08_CAR_ATL,2022-10-30,2022,8,REG,CAR,ATL,34,37,Steve Wilks,178,00-0033275,Phillip Walker,7,-110,1,401437806,5989,2022-10-30,13:00,58948,Arthur Smith,-201,00-0032268,Marcus Mariota,7,-100,Home,,2022103001,-106,1,,202210300atl,Shawn Hochuli,3,closed,4.5,Mercedes-Benz Stadium,ATL97,fieldturf,,71,41,-106,Sunday,
2022_08_CHI_DAL,2022-10-30,2022,8,REG,CHI,DAL,29,49,Matt Eberflus,355,00-0036945,Justin Fields,6,-121,0,401437807,5990,2022-10-30,13:00,58949,Mike McCarthy,-430,00-0033077,Dak Prescott,7,109,Home,,2022103002,-104,0,,202210300dal,Brad Rogers,20,open,10.5,AT&T Stadium,DAL00,matrixturf,,78,43,-108,Sunday,
2022_08_DEN_JAX,2022-10-30,2022,8,REG,DEN,JAX,21,17,Nathaniel Hackett,-103,00-0029263,Russell Wilson,7,-112,0,401435641,5988,2022-10-30,09:30,58947,Doug Pederson,-107,00-0036971,Trevor Lawrence,7,101,Neutral,,2022103000,-109,0,,202210300jax,Adrian Hill,-4,outdoors,1,Wembley Stadium,LON00,,,38,41,-103,Sunday,
2022_08_GB_BUF,2022-10-30,2022,8,REG,GB,BUF,17,27,Matt LaFleur,365,00-0023459,Aaron Rodgers,7,-110,0,401437817,6000,2022-10-30,20:20,58959,Sean McDermott,-445,00-0034857,Josh Allen,14,100,Home,,2022103012,-108,0,,202210300buf,Ron Torbert,10,outdoors,10.5,New Era Field,BUF00,a_turf,,44,47,-104,Sunday,
2022_08_LV_NO,2022-10-30,2022,8,REG,LV,NO,0,24,Josh McDaniels,-119,00-0031280,Derek Carr,7,-111,0,401437810,5993,2022-10-30,13:00,58952,Dennis Allen,108,00-0031503,Jameis Winston,10,101,Home,,2022103006,-101,0,,202210300nor,Scott Novak,24,dome,-1,Mercedes-Benz Superdome,NOR00,sportturf,,24,48.5,-111,Sunday,
2022_08_MIA_DET,2022-10-30,2022,8,REG,MIA,DET,31,27,Mike McDaniel,-190,00-0036212,Tua Tagovailoa,7,-112,0,401437808,5991,2022-10-30,13:00,58950,Dan Campbell,169,00-0033106,Jared Goff,7,102,Home,,2022103003,-104,0,,202210300det,Alex Kemp,-4,dome,-3.5,Ford Field,DET00,fieldturf,,58,52,-108,Sunday,
2022_08_NE_NYJ,2022-10-30,2022,8,REG,NE,NYJ,22,17,Bill Belichick,-155,00-0036972,Mac Jones,6,-103,1,401437811,5994,2022-10-30,13:00,58953,Robert Saleh,140,00-0037013,Zach Wilson,7,-107,Home,,2022103007,-110,0,,202210300nyj,Shawn Smith,-5,outdoors,-3,MetLife Stadium,NYC01,fieldturf,,39,40,-102,Sunday,
2022_08_NYG_SEA,2022-10-30,2022,8,REG,NYG,SEA,13,27,Brian Daboll,147,00-0035710,Daniel Jones,7,-100,0,401437816,5999,2022-10-30,16:25,58958,Pete Carroll,-164,00-0030565,Geno Smith,7,-110,Home,,2022103011,-102,0,,202210300sea,Jerome Boger,14,outdoors,3,Lumen Field,SEA00,fieldturf,,40,44.5,-110,Sunday,
2022_08_PIT_PHI,2022-10-30,2022,8,REG,PIT,PHI,13,35,Mike Tomlin,397,00-0038102,Kenny Pickett,7,102,0,401437812,5995,2022-10-30,13:00,58954,Nick Sirianni,-490,00-0036389,Jalen Hurts,14,-112,Home,,2022103008,-102,0,,202210300phi,Clete Blakeman,22,outdoors,11,Lincoln Financial Field,PHI00,grass,,48,43,-110,Sunday,
2022_08_SF_LA,2022-10-30,2022,8,REG,SF,LA,31,14,Kyle Shanahan,-104,00-0031345,Jimmy Garoppolo,7,103,1,401437815,5998,2022-10-30,16:25,58957,Sean McVay,-106,00-0026498,Matthew Stafford,14,-114,Home,,2022103010,-109,0,,202210300ram,John Hussey,-17,dome,-1,SoFi Stadium,LAX01,matrixturf,,45,42,-103,Sunday,
2022_08_TEN_HOU,2022-10-30,2022,8,REG,TEN,HOU,17,10,Mike Vrabel,-115,00-0038128,Malik Willis,7,-107,1,401437813,5996,2022-10-30,16:05,58955,Lovie Smith,104,00-0036898,Davis Mills,7,-103,Home,,2022103004,-110,0,,202210300htx,Clay Martin,-7,closed,-1,NRG Stadium,HOU00,astroturf,,27,39,-102,Sunday,
2022_08_WAS_IND,2022-10-30,2022,8,REG,WAS,IND,17,16,Ron Rivera,136,00-0031800,Taylor Heinicke,7,-114,0,401437814,5997,2022-10-30,16:25,58956,Frank Reich,-151,00-0036879,Sam Ehlinger,7,103,Home,,2022103009,-102,0,,202210300clt,Craig Wrolstad,-1,closed,3,Lucas Oil Stadium,IND00,fieldturf,,33,40.5,-110,Sunday,
2022_08_CIN_CLE,2022-10-31,2022,8,REG,CIN,CLE,13,32,Zac Taylor,-163,00-0036442,Joe Burrow,8,-112,1,401437818,6001,2022-10-31,20:15,58960,Kevin Stefanski,147,00-0033119,Jacoby Brissett,8,102,Home,,2022103100,-110,0,,202210310cle,Bill Vinovich,19,outdoors,-3,FirstEnergy Stadium,CLE00,grass,66,45,45,-102,Monday,9
2022_09_PHI_HOU,2022-11-03,2022,9,REG,PHI,HOU,29,17,Nick Sirianni,-702,00-0036389,Jalen Hurts,4,102,0,401437819,6002,2022-11-03,20:15,58961,Lovie Smith,539,00-0036898,Davis Mills,4,-113,Home,,2022110300,-101,0,,202211030htx,Craig Wrolstad,-12,closed,-14,NRG Stadium,HOU00,astroturf,,46,45.5,-112,Thursday,
2022_09_BUF_NYJ,2022-11-06,2022,9,REG,BUF,NYJ,17,20,Sean McDermott,-494,00-0034857,Josh Allen,7,103,1,401437826,6009,2022-11-06,13:00,58968,Robert Saleh,400,00-0037013,Zach Wilson,7,-114,Home,,2022110606,-110,0,,202211060nyj,Land Clark,3,outdoors,-11,MetLife Stadium,NYC01,fieldturf,69,37,46,-102,Sunday,17
2022_09_CAR_CIN,2022-11-06,2022,9,REG,CAR,CIN,21,42,Steve Wilks,282,00-0033275,Phillip Walker,7,-100,0,401437822,6005,2022-11-06,13:00,58964,Zac Taylor,-331,00-0036442,Joe Burrow,6,-110,Home,,2022110602,101,0,,202211060cin,Alex Kemp,21,outdoors,7,Paycor Stadium,CIN00,fieldturf,68,63,43,-114,Sunday,11
2022_09_GB_DET,2022-11-06,2022,9,REG,GB,DET,9,15,Matt LaFleur,-191,00-0023459,Aaron Rodgers,7,-107,1,401437823,6006,2022-11-06,13:00,58965,Dan Campbell,170,00-0033106,Jared Goff,7,-103,Home,,2022110603,-105,0,,202211060det,Tra Blake,6,dome,-4,Ford Field,DET00,fieldturf,,24,49.5,-107,Sunday,
2022_09_IND_NE,2022-11-06,2022,9,REG,IND,NE,3,26,Frank Reich,188,00-0036879,Sam Ehlinger,7,-115,0,401437825,6008,2022-11-06,13:00,58967,Bill Belichick,-212,00-0036972,Mac Jones,7,104,Home,,2022110605,-103,0,,202211060nwe,Clay Martin,23,outdoors,5,Gillette Stadium,BOS00,fieldturf,78,29,40,-109,Sunday,13
2022_09_LAC_ATL,2022-11-06,2022,9,REG,LAC,ATL,20,17,Brandon Staley,-143,00-0036355,Justin Herbert,14,-114,0,401437820,6003,2022-11-06,13:00,58962,Arthur Smith,130,00-0032268,Marcus Mariota,7,103,Home,,2022110600,-107,0,,202211060atl,John Hussey,-3,open,-2.5,Mercedes-Benz Stadium,ATL97,fieldturf,,37,49.5,-105,Sunday,
2022_09_LA_TB,2022-11-06,2022,9,REG,LA,TB,13,16,Sean McVay,142,00-0026498,Matthew Stafford,7,-104,0,401437829,6012,2022-11-06,16:25,58971,Todd Bowles,-158,00-0019596,Tom Brady,10,-106,Home,,2022110609,-104,0,,202211060tam,Shawn Hochuli,3,outdoors,3,Raymond James Stadium,TAM00,grass,88,29,43,-108,Sunday,2
2022_09_LV_JAX,2022-11-06,2022,9,REG,LV,JAX,20,27,Josh McDaniels,-129,00-0031280,Derek Carr,7,-102,0,401437824,6007,2022-11-06,13:00,58966,Doug Pederson,116,00-0036971,Trevor Lawrence,7,-108,Home,,2022110604,-118,0,,202211060jax,Bill Vinovich,7,outdoors,-2.5,TIAA Bank Stadium,JAX00,grass,81,47,47.5,105,Sunday,14
2022_09_MIA_CHI,2022-11-06,2022,9,REG,MIA,CHI,35,32,Mike McDaniel,-193,00-0036212,Tua Tagovailoa,7,-103,0,401437821,6004,2022-11-06,13:00,58963,Matt Eberflus,172,00-0036945,Justin Fields,7,-107,Home,,2022110601,-108,0,,202211060chi,Ron Torbert,-3,outdoors,-4,Soldier Field,CHI98,grass,58,67,46,-104,Sunday,17
2022_09_MIN_WAS,2022-11-06,2022,9,REG,MIN,WAS,20,17,Kevin O'Connell,-169,00-0029604,Kirk Cousins,7,-119,0,401437827,6010,2022-11-06,13:00,58969,Ron Rivera,151,00-0031800,Taylor Heinicke,7,108,Home,,2022110607,-106,0,,202211060was,Jerome Boger,-3,outdoors,-3,FedExField,WAS00,grass,71,37,43.5,-106,Sunday,11
2022_09_SEA_ARI,2022-11-06,2022,9,REG,SEA,ARI,31,21,Pete Carroll,116,00-0030565,Geno Smith,7,102,1,401437828,6011,2022-11-06,16:05,58970,Kliff Kingsbury,-128,00-0035228,Kyler Murray,7,-113,Home,,2022110608,103,0,,202211060crd,Carl Cheffers,-10,open,1.5,State Farm Stadium,PHO00,grass,,52,49.5,-115,Sunday,
2022_09_TEN_KC,2022-11-06,2022,9,REG,TEN,KC,17,20,Mike Vrabel,530,00-0038128,Malik Willis,7,-107,0,401437830,6013,2022-11-06,20:20,58972,Andy Reid,-689,00-0033873,Patrick Mahomes,14,-103,Home,,2022110610,-106,1,,202211060kan,Clete Blakeman,3,outdoors,14,GEHA Field at Arrowhead Stadium,KAN00,grass,54,37,45,-106,Sunday,7
2022_09_BAL_NO,2022-11-07,2022,9,REG,BAL,NO,27,13,John Harbaugh,-124,00-0034796,Lamar Jackson,11,-117,0,401437831,6014,2022-11-07,20:15,58973,Dennis Allen,112,00-0027973,Andy Dalton,8,106,Home,,2022110700,-104,0,,202211070nor,Brad Rogers,-14,dome,-1,Mercedes-Benz Superdome,NOR00,sportturf,,40,46,-108,Monday,
2022_10_ATL_CAR,2022-11-10,2022,10,REG,ATL,CAR,15,25,Arthur Smith,-132,00-0032268,Marcus Mariota,4,-103,1,401437832,6015,2022-11-10,20:15,58974,Steve Wilks,119,00-0033275,Phillip Walker,4,-107,Home,,2022111000,-106,0,,202211100car,Adrian Hill,10,outdoors,-2.5,Bank of America Stadium,CAR00,grass,61,40,41.5,-106,Thursday,12
2022_10_ARI_LA,2022-11-13,2022,10,REG,ARI,LA,27,17,Kliff Kingsbury,160,00-0027688,Colt McCoy,7,-110,1,401437841,6026,2022-11-13,16:25,58985,Sean McVay,-183,00-0034899,John Wolford,7,-102,Home,,2022111310,-104,0,,202211130ram,Clete Blakeman,-10,dome,3.5,SoFi Stadium,LAX01,matrixturf,,44,38,-108,Sunday,
2022_10_CLE_MIA,2022-11-13,2022,10,REG,CLE,MIA,17,39,Kevin Stefanski,158,00-0033119,Jacoby Brissett,13,112,0,401437836,6020,2022-11-13,13:00,58979,Mike McDaniel,-177,00-0036212,Tua Tagovailoa,7,-123,Home,,2022111304,-110,0,,202211130mia,Shawn Hochuli,22,outdoors,3,Hard Rock Stadium,MIA00,grass,85,56,49,-102,Sunday,7
2022_10_DAL_GB,2022-11-13,2022,10,REG,DAL,GB,28,31,Mike McCarthy,-199,00-0033077,Dak Prescott,14,-113,0,401437131,6025,2022-11-13,16:25,58984,Matt LaFleur,177,00-0023459,Aaron Rodgers,7,102,Home,,2022111309,-108,1,,202211130gnb,Brad Allen,3,outdoors,-3.5,Lambeau Field,GNB00,grass,33,59,44.5,-104,Sunday,8
2022_10_DEN_TEN,2022-11-13,2022,10,REG,DEN,TEN,10,17,Nathaniel Hackett,122,00-0029263,Russell Wilson,14,-105,0,401437839,6023,2022-11-13,13:00,58982,Mike Vrabel,-135,00-0029701,Ryan Tannehill,7,-105,Home,,2022111307,-105,0,,202211130oti,Scott Novak,7,outdoors,2.5,Nissan Stadium,NAS00,grass,36,27,40,-107,Sunday,9
2022_10_DET_CHI,2022-11-13,2022,10,REG,DET,CHI,31,30,Dan Campbell,143,00-0033106,Jared Goff,7,-105,1,401437834,6018,2022-11-13,13:00,58977,Matt Eberflus,-159,00-0036945,Justin Fields,7,-105,Home,,2022111302,101,0,,202211130chi,Land Clark,-1,outdoors,3,Soldier Field,CHI98,grass,34,61,48.5,-114,Sunday,13
2022_10_HOU_NYG,2022-11-13,2022,10,REG,HOU,NYG,16,24,Lovie Smith,195,00-0036898,Davis Mills,10,-112,0,401437837,6021,2022-11-13,13:00,58980,Brian Daboll,-221,00-0035710,Daniel Jones,14,102,Home,,2022111305,-103,0,,202211130nyg,Bill Vinovich,8,outdoors,5.5,MetLife Stadium,NYC01,fieldturf,50,40,41.5,-109,Sunday,15
2022_10_IND_LV,2022-11-13,2022,10,REG,IND,LV,25,20,Jeff Saturday,177,00-0026143,Matt Ryan,7,-112,0,401437840,6024,2022-11-13,16:05,58983,Josh McDaniels,-199,00-0031280,Derek Carr,7,101,Home,,2022111308,-114,0,,202211130rai,Tra Blake,-5,dome,4.5,Allegiant Stadium,VEG00,grass,,45,41,101,Sunday,
2022_10_JAX_KC,2022-11-13,2022,10,REG,JAX,KC,17,27,Doug Pederson,333,00-0036971,Trevor Lawrence,7,-120,0,401437835,6019,2022-11-13,13:00,58978,Andy Reid,-399,00-0033873,Patrick Mahomes,7,109,Home,,2022111303,-102,0,,202211130kan,Brad Rogers,10,outdoors,10,GEHA Field at Arrowhead Stadium,KAN00,grass,33,44,51.5,-110,Sunday,7
2022_10_LAC_SF,2022-11-13,2022,10,REG,LAC,SF,16,22,Brandon Staley,302,00-0036355,Justin Herbert,7,-105,0,401437842,6027,2022-11-13,20:20,58986,Kyle Shanahan,-357,00-0031345,Jimmy Garoppolo,14,-105,Home,,2022111311,-113,0,,202211130sfo,Shawn Smith,6,outdoors,8.5,Levi's Stadium,SFO01,grass,57,38,45.5,101,Sunday,6
2022_10_MIN_BUF,2022-11-13,2022,10,REG,MIN,BUF,33,30,Kevin O'Connell,230,00-0029604,Kirk Cousins,7,-104,0,401437833,6017,2022-11-13,13:00,58976,Sean McDermott,-264,00-0034857,Josh Allen,7,-106,Home,,2022111301,-107,1,,202211130buf,Craig Wrolstad,-3,outdoors,6.5,New Era Field,BUF00,a_turf,38,63,47,-105,Sunday,11
2022_10_NO_PIT,2022-11-13,2022,10,REG,NO,PIT,10,20,Dennis Allen,105,00-0027973,Andy Dalton,6,-103,0,401437838,6022,2022-11-13,13:00,58981,Mike Tomlin,-116,00-0038102,Kenny Pickett,14,-107,Home,,2022111306,-109,0,,202211130pit,Carl Cheffers,10,outdoors,1,Acrisure Stadium,PIT00,grass,37,30,39.5,-104,Sunday,15
2022_10_SEA_TB,2022-11-13,2022,10,REG,SEA,TB,16,21,Pete Carroll,124,00-0030565,Geno Smith,7,103,0,401435638,6016,2022-11-13,09:30,58975,Todd Bowles,-138,00-0019596,Tom Brady,7,-114,Neutral,,2022111300,-108,0,,202211130tam,John Hussey,5,outdoors,2.5,Allianz Arena,GER00,,,37,45,-104,Sunday,
2022_10_WAS_PHI,2022-11-14,2022,10,REG,WAS,PHI,32,21,Ron Rivera,405,00-0031800,Taylor Heinicke,8,-107,1,401437843,6028,2022-11-14,20:15,58987,Nick Sirianni,-501,00-0036389,Jalen Hurts,11,-103,Home,,2022111400,-109,0,,202211140phi,Alex Kemp,-11,outdoors,11,Lincoln Financial Field,PHI00,grass,43,53,43,-103,Monday,6
2022_11_TEN_GB,2022-11-17,2022,11,REG,TEN,GB,27,17,Mike Vrabel,153,00-0029701,Ryan Tannehill,4,106,0,401437844,6029,2022-11-17,20:15,58988,Matt LaFleur,-171,00-0023459,Aaron Rodgers,4,-117,Home,,2022111700,-103,0,,202211170gnb,Bill Vinovich,-10,outdoors,3,Lambeau Field,GNB00,grass,25,44,40.5,-109,Thursday,11
2022_11_CAR_BAL,2022-11-20,2022,11,REG,CAR,BAL,3,13,Steve Wilks,503,00-0033275,Phillip Walker,10,-117,0,401437846,6031,2022-11-20,13:00,58990,John Harbaugh,-647,00-0034796,Lamar Jackson,13,106,Home,,2022112001,-100,0,,202211200rav,Jerome Boger,10,outdoors,13,M&T Bank Stadium,BAL00,grass,36,16,42,-112,Sunday,2
2022_11_CHI_ATL,2022-11-20,2022,11,REG,CHI,ATL,24,27,Matt Eberflus,125,00-0036945,Justin Fields,7,-122,0,401437845,6030,2022-11-20,13:00,58989,Arthur Smith,-138,00-0032268,Marcus Mariota,10,110,Home,,2022112000,-104,0,,202211200atl,Tra Blake,3,closed,3,Mercedes-Benz Stadium,ATL97,fieldturf,,51,48.5,-108,Sunday,
2022_11_CIN_PIT,2022-11-20,2022,11,REG,CIN,PIT,37,30,Zac Taylor,-182,00-0036442,Joe Burrow,14,101,1,401437856,6041,2022-11-20,16:25,59000,Mike Tomlin,163,00-0038102,Kenny Pickett,7,-111,Home,,2022112011,-112,0,,202211200pit,Brad Allen,-7,outdoors,-3.5,Acrisure Stadium,PIT00,grass,27,67,39,100,Sunday,12
2022_11_CLE_BUF,2022-11-20,2022,11,REG,CLE,BUF,23,31,Kevin Stefanski,298,00-0033119,Jacoby Brissett,7,-103,0,401437847,6032,2022-11-20,13:00,58991,Sean McDermott,-353,00-0034857,Josh Allen,7,-108,Neutral,,2022112002,-109,0,,202211200buf,Adrian Hill,8,dome,7.5,Ford Field,DET00,fieldturf,,54,50.5,-103,Sunday,
2022_11_DAL_MIN,2022-11-20,2022,11,REG,DAL,MIN,40,3,Mike McCarthy,-131,00-0033077,Dak Prescott,7,-115,0,401437855,6040,2022-11-20,16:25,58999,Kevin O'Connell,118,00-0029604,Kirk Cousins,7,104,Home,,2022112010,-103,0,,202211200min,Clay Martin,-37,dome,-1.5,U.S. Bank Stadium,MIN01,sportturf,,43,48.5,-109,Sunday,
2022_11_DET_NYG,2022-11-20,2022,11,REG,DET,NYG,31,18,Dan Campbell,143,00-0033106,Jared Goff,7,-104,0,401437852,6037,2022-11-20,13:00,58996,Brian Daboll,-159,00-0035710,Daniel Jones,7,-107,Home,,2022112007,-116,0,,202211200nyg,Brad Rogers,-13,outdoors,3,MetLife Stadium,NYC01,fieldturf,35,49,44,103,Sunday,21
2022_11_KC_LAC,2022-11-20,2022,11,REG,KC,LAC,30,27,Andy Reid,-231,00-0033873,Patrick Mahomes,7,-102,1,401437854,6039,2022-11-20,20:20,58998,Brandon Staley,203,00-0036355,Justin Herbert,7,-108,Home,,2022112009,-110,0,,202211200sdg,Shawn Hochuli,-3,dome,-5.5,SoFi Stadium,LAX01,matrixturf,,57,52.5,-102,Sunday,
2022_11_LA_NO,2022-11-20,2022,11,REG,LA,NO,20,27,Sean McVay,112,00-0026498,Matthew Stafford,7,-115,0,401437851,6036,2022-11-20,13:00,58995,Dennis Allen,-124,00-0027973,Andy Dalton,7,104,Home,,2022112006,-106,0,,202211200nor,Ron Torbert,7,dome,2.5,Mercedes-Benz Superdome,NOR00,sportturf,,47,39.5,-106,Sunday,
2022_11_LV_DEN,2022-11-20,2022,11,REG,LV,DEN,22,16,Josh McDaniels,131,00-0031280,Derek Carr,7,106,1,401437853,6038,2022-11-20,16:05,58997,Nathaniel Hackett,-145,00-0029263,Russell Wilson,7,-117,Home,,2022112008,100,1,,202211200den,Shawn Smith,-6,outdoors,2.5,Empower Field at Mile High,DEN00,grass,49,38,41.5,-113,Sunday,11
2022_11_NYJ_NE,2022-11-20,2022,11,REG,NYJ,NE,3,10,Robert Saleh,163,00-0037013,Zach Wilson,14,-109,1,401437850,6035,2022-11-20,13:00,58994,Bill Belichick,-182,00-0036972,Mac Jones,14,-102,Home,,2022112005,-109,0,,202211200nwe,Carl Cheffers,7,outdoors,3.5,Gillette Stadium,BOS00,fieldturf,42,13,38.5,-103,Sunday,2
2022_11_PHI_IND,2022-11-20,2022,11,REG,PHI,IND,17,16,Nick Sirianni,-270,00-0036389,Jalen Hurts,6,-108,0,401437849,6034,2022-11-20,13:00,58993,Jeff Saturday,235,00-0036879,Sam Ehlinger,7,-102,Home,,2022112004,-109,0,,202211200clt,Land Clark,-1,closed,-6.5,Lucas Oil Stadium,IND00,fieldturf,,33,45.5,-103,Sunday,
2022_11_WAS_HOU,2022-11-20,2022,11,REG,WAS,HOU,23,10,Ron Rivera,-150,00-0031800,Taylor Heinicke,6,-100,0,401437848,6033,2022-11-20,13:00,58992,Lovie Smith,135,00-0036898,Davis Mills,7,-110,Home,,2022112003,-106,0,,202211200htx,Scott Novak,-13,closed,-3,NRG Stadium,HOU00,astroturf,,33,41,-106,Sunday,
2022_11_SF_ARI,2022-11-21,2022,11,REG,SF,ARI,38,10,Kyle Shanahan,-422,00-0031345,Jimmy Garoppolo,8,103,1,401435642,6042,2022-11-21,20:15,59001,Kliff Kingsbury,350,00-0027688,Colt McCoy,8,-113,Neutral,,2022112100,101,0,,202211210crd,Craig Wrolstad,-28,outdoors,-10,Azteca Stadium,MEX00,,,48,43.5,-114,Monday,
2022_12_BUF_DET,2022-11-24,2022,12,REG,BUF,DET,28,25,Sean McDermott,-412,00-0034857,Josh Allen,4,105,0,401437857,6043,2022-11-24,12:30,59002,Dan Campbell,342,00-0033106,Jared Goff,4,-116,Home,,2022112400,-110,0,,202211240det,Clete Blakeman,-3,dome,-10,Ford Field,DET00,fieldturf,,53,54,-102,Thursday,
2022_12_NE_MIN,2022-11-24,2022,12,REG,NE,MIN,26,33,Bill Belichick,123,00-0036972,Mac Jones,4,-102,0,401437859,6045,2022-11-24,20:20,59004,Kevin O'Connell,-136,00-0029604,Kirk Cousins,4,-108,Home,,2022112402,-106,0,,202211240min,Alex Kemp,7,dome,2.5,U.S. Bank Stadium,MIN01,sportturf,,59,42.5,-106,Thursday,
2022_12_NYG_DAL,2022-11-24,2022,12,REG,NYG,DAL,20,28,Brian Daboll,363,00-0035710,Daniel Jones,4,-114,1,401437858,6044,2022-11-24,16:30,59003,Mike McCarthy,-441,00-0033077,Dak Prescott,4,104,Home,,2022112401,-106,0,,202211240dal,Scott Novak,8,closed,10.5,AT&T Stadium,DAL00,matrixturf,,48,45.5,-106,Thursday,
2022_12_ATL_WAS,2022-11-27,2022,12,REG,ATL,WAS,13,19,Arthur Smith,163,00-0032268,Marcus Mariota,7,-110,0,401437866,6052,2022-11-27,13:00,59011,Ron Rivera,-183,00-0031800,Taylor Heinicke,7,-100,Home,,2022112706,101,0,,202211270was,Brad Rogers,6,outdoors,3.5,FedExField,WAS00,grass,46,32,40.5,-114,Sunday,9
2022_12_BAL_JAX,2022-11-27,2022,12,REG,BAL,JAX,27,28,John Harbaugh,-164,00-0034796,Lamar Jackson,7,111,0,401437862,6048,2022-11-27,13:00,59007,Doug Pederson,147,00-0036971,Trevor Lawrence,14,-123,Home,,2022112702,-111,0,,202211270jax,Land Clark,1,outdoors,-3.5,TIAA Bank Stadium,JAX00,grass,77,55,43,-102,Sunday,19
2022_12_CHI_NYJ,2022-11-27,2022,12,REG,CHI,NYJ,10,31,Matt Eberflus,315,00-0032156,Trevor Siemian,7,-107,0,401437864,6050,2022-11-27,13:00,59009,Robert Saleh,-375,00-0034401,Mike White,7,-103,Home,,2022112704,-109,0,,202211270nyj,John Hussey,21,outdoors,8.5,MetLife Stadium,NYC01,fieldturf,50,41,36.5,-103,Sunday,9
2022_12_CIN_TEN,2022-11-27,2022,12,REG,CIN,TEN,20,16,Zac Taylor,-105,00-0036442,Joe Burrow,7,102,0,401437865,6051,2022-11-27,13:00,59010,Mike Vrabel,-105,00-0029701,Ryan Tannehill,10,-113,Home,,2022112705,105,0,,202211270oti,Carl Cheffers,-4,outdoors,-1,Nissan Stadium,NAS00,grass,56,36,43,-118,Sunday,14
2022_12_DEN_CAR,2022-11-27,2022,12,REG,DEN,CAR,10,23,Nathaniel Hackett,-116,00-0029263,Russell Wilson,7,-109,0,401437860,6046,2022-11-27,13:00,59005,Steve Wilks,105,00-0034869,Sam Darnold,7,-101,Home,,2022112700,-101,0,,202211270car,Clay Martin,13,outdoors,-1,Bank of America Stadium,CAR00,grass,66,33,36.5,-111,Sunday,15
2022_12_GB_PHI,2022-11-27,2022,12,REG,GB,PHI,33,40,Matt LaFleur,241,00-0023459,Aaron Rodgers,10,-105,0,401437871,6057,2022-11-27,20:20,59016,Nick Sirianni,-278,00-0036389,Jalen Hurts,7,-105,Home,,2022112711,-106,0,,202211270phi,Shawn Smith,7,outdoors,6.5,Lincoln Financial Field,PHI00,grass,62,73,46,-106,Sunday,24
2022_12_HOU_MIA,2022-11-27,2022,12,REG,HOU,MIA,15,30,Lovie Smith,613,00-0034577,Kyle Allen,7,-101,0,401437863,6049,2022-11-27,13:00,59008,Mike McDaniel,-822,00-0036212,Tua Tagovailoa,14,-109,Home,,2022112703,-109,0,,202211270mia,Jerome Boger,15,outdoors,14,Hard Rock Stadium,MIA00,grass,84,45,47,-103,Sunday,13
2022_12_LAC_ARI,2022-11-27,2022,12,REG,LAC,ARI,25,24,Brandon Staley,-136,00-0036355,Justin Herbert,7,-108,0,401437867,6053,2022-11-27,16:05,59012,Kliff Kingsbury,123,00-0035228,Kyler Murray,6,-102,Home,,2022112707,-112,0,,202211270crd,Ron Torbert,-1,closed,-2.5,State Farm Stadium,PHO00,grass,,49,48.5,-100,Sunday,
2022_12_LA_KC,2022-11-27,2022,12,REG,LA,KC,10,26,Sean McVay,768,00-0035939,Bryce Perkins,7,-115,0,401437869,6055,2022-11-27,16:25,59014,Andy Reid,-1088,00-0033873,Patrick Mahomes,7,105,Home,,2022112709,-104,0,,202211270kan,Adrian Hill,16,outdoors,16.5,GEHA Field at Arrowhead Stadium,KAN00,grass,44,36,42,-108,Sunday,6
2022_12_LV_SEA,2022-11-27,2022,12,REG,LV,SEA,40,34,Josh McDaniels,174,00-0031280,Derek Carr,7,-107,0,401437868,6054,2022-11-27,16:05,59013,Pete Carroll,-196,00-0030565,Geno Smith,14,-103,Home,,2022112708,-109,1,,202211270sea,Brad Allen,-6,outdoors,4,Lumen Field,SEA00,fieldturf,44,74,47.5,-103,Sunday,8
2022_12_NO_SF,2022-11-27,2022,12,REG,NO,SF,0,13,Dennis Allen,327,00-0027973,Andy Dalton,7,-113,0,401437870,6056,2022-11-27,16:25,59015,Kyle Shanahan,-392,00-0031345,Jimmy Garoppolo,6,103,Home,,2022112710,103,0,,202211270sfo,Shawn Hochuli,13,outdoors,9.5,Levi's Stadium,SFO01,grass,59,13,44,-116,Sunday,2
2022_12_TB_CLE,2022-11-27,2022,12,REG,TB,CLE,17,23,Todd Bowles,-169,00-0019596,Tom Brady,14,-118,0,401437861,6047,2022-11-27,13:00,59006,Kevin Stefanski,151,00-0033119,Jacoby Brissett,7,107,Home,,2022112701,-109,1,,202211270cle,Tra Blake,6,outdoors,-3,FirstEnergy Stadium,CLE00,grass,56,40,42,-103,Sunday,14
2022_12_PIT_IND,2022-11-28,2022,12,REG,PIT,IND,24,17,Mike Tomlin,116,00-0038102,Kenny Pickett,8,-110,0,401437872,6058,2022-11-28,20:15,59017,Jeff Saturday,-128,00-0026143,Matt Ryan,8,-100,Home,,2022112800,101,0,,202211280clt,Bill Vinovich,-7,closed,2.5,Lucas Oil Stadium,IND00,fieldturf,,41,40,-114,Monday,
2022_13_BUF_NE,2022-12-01,2022,13,REG,BUF,NE,24,10,Sean McDermott,-185,00-0034857,Josh Allen,7,-105,1,401437873,6059,2022-12-01,20:15,59018,Bill Belichick,165,00-0036972,Mac Jones,7,-105,Home,,2022120100,-109,0,,202212010nwe,Shawn Hochuli,-14,outdoors,-3.5,Gillette Stadium,BOS00,fieldturf,35,34,43.5,-103,Thursday,2
2022_13_CLE_HOU,2022-12-04,2022,13,REG,CLE,HOU,27,14,Kevin Stefanski,-329,00-0033537,Deshaun Watson,7,-108,0,401437878,6064,2022-12-04,13:00,59023,Lovie Smith,280,00-0034577,Kyle Allen,7,-102,Home,,2022120404,106,0,,202212040htx,Land Clark,-13,closed,-7.5,NRG Stadium,HOU00,astroturf,,41,47,-119,Sunday,
2022_13_DEN_BAL,2022-12-04,2022,13,REG,DEN,BAL,9,10,Nathaniel Hackett,294,00-0029263,Russell Wilson,7,-124,0,401437875,6061,2022-12-04,13:00,59020,John Harbaugh,-347,00-0034796,Lamar Jackson,7,112,Home,,2022120401,-113,0,,202212040rav,Alex Kemp,1,outdoors,9.5,M&T Bank Stadium,BAL00,grass,63,19,40.5,100,Sunday,8
2022_13_GB_CHI,2022-12-04,2022,13,REG,GB,CHI,28,19,Matt LaFleur,-182,00-0023459,Aaron Rodgers,7,105,1,401437876,6062,2022-12-04,13:00,59021,Matt Eberflus,163,00-0036945,Justin Fields,7,-116,Home,,2022120402,101,0,,202212040chi,Scott Novak,-9,outdoors,-4,Soldier Field,CHI98,grass,38,47,45,-114,Sunday,12
2022_13_IND_DAL,2022-12-04,2022,13,REG,IND,DAL,19,54,Jeff Saturday,376,00-0026143,Matt Ryan,6,-109,0,401437886,6072,2022-12-04,20:20,59031,Mike McCarthy,-460,00-0033077,Dak Prescott,10,-101,Home,,2022120412,-108,0,,202212040dal,Carl Cheffers,35,closed,11,AT&T Stadium,DAL00,matrixturf,,73,44.5,-104,Sunday,
2022_13_JAX_DET,2022-12-04,2022,13,REG,JAX,DET,14,40,Doug Pederson,107,00-0036971,Trevor Lawrence,7,-100,0,401437877,6063,2022-12-04,13:00,59022,Dan Campbell,-118,00-0033106,Jared Goff,10,-110,Home,,2022120403,101,0,,202212040det,Jerome Boger,26,dome,1,Ford Field,DET00,fieldturf,,54,51.5,-114,Sunday,
2022_13_KC_CIN,2022-12-04,2022,13,REG,KC,CIN,24,27,Andy Reid,-132,00-0033873,Patrick Mahomes,7,-108,0,401437884,6070,2022-12-04,16:25,59029,Zac Taylor,120,00-0036442,Joe Burrow,7,-102,Home,,2022120410,-105,0,,202212040cin,John Hussey,3,outdoors,-2.5,Paycor Stadium,CIN00,fieldturf,57,51,53,-107,Sunday,2
2022_13_LAC_LV,2022-12-04,2022,13,REG,LAC,LV,20,27,Brandon Staley,125,00-0036355,Justin Herbert,7,-102,1,401437885,6071,2022-12-04,16:25,59030,Josh McDaniels,-139,00-0031280,Derek Carr,7,-109,Home,,2022120411,-114,0,,202212040rai,Craig Wrolstad,7,dome,2.5,Allegiant Stadium,VEG00,grass,,47,49,102,Sunday,
2022_13_MIA_SF,2022-12-04,2022,13,REG,MIA,SF,17,33,Mike McDaniel,196,00-0036212,Tua Tagovailoa,7,101,0,401437883,6069,2022-12-04,16:05,59028,Kyle Shanahan,-222,00-0031345,Jimmy Garoppolo,7,-111,Home,,2022120409,-102,0,,202212040sfo,Tra Blake,16,outdoors,4.5,Levi's Stadium,SFO01,grass,38,50,46,-110,Sunday,6
2022_13_NYJ_MIN,2022-12-04,2022,13,REG,NYJ,MIN,22,27,Robert Saleh,132,00-0034401,Mike White,7,-117,0,401437879,6065,2022-12-04,13:00,59024,Kevin O'Connell,-146,00-0029604,Kirk Cousins,10,106,Home,,2022120405,-104,0,,202212040min,Clete Blakeman,5,dome,3,U.S. Bank Stadium,MIN01,sportturf,,49,44,-108,Sunday,
2022_13_PIT_ATL,2022-12-04,2022,13,REG,PIT,ATL,19,16,Mike Tomlin,-113,00-0038102,Kenny Pickett,6,-105,0,401437874,6060,2022-12-04,13:00,59019,Arthur Smith,103,00-0032268,Marcus Mariota,7,-105,Home,,2022120400,-104,0,,202212040atl,Ron Torbert,-3,closed,-1,Mercedes-Benz Stadium,ATL97,fieldturf,,35,43,-108,Sunday,
2022_13_SEA_LA,2022-12-04,2022,13,REG,SEA,LA,27,23,Pete Carroll,-292,00-0030565,Geno Smith,7,107,1,401437882,6068,2022-12-04,16:05,59027,Sean McVay,252,00-0034899,John Wolford,7,-118,Home,,2022120408,-114,0,,202212040ram,Shawn Smith,-4,dome,-7,SoFi Stadium,LAX01,matrixturf,,50,41,101,Sunday,
2022_13_TEN_PHI,2022-12-04,2022,13,REG,TEN,PHI,10,35,Mike Vrabel,189,00-0029701,Ryan Tannehill,7,-109,0,401437881,6067,2022-12-04,13:00,59026,Nick Sirianni,-213,00-0036389,Jalen Hurts,7,-101,Home,,2022120407,-114,0,,202212040phi,Adrian Hill,25,outdoors,5,Lincoln Financial Field,PHI00,grass,60,45,44.5,101,Sunday,7
2022_13_WAS_NYG,2022-12-04,2022,13,REG,WAS,NYG,20,20,Ron Rivera,-124,00-0031800,Taylor Heinicke,7,105,1,401437880,6066,2022-12-04,13:00,59025,Brian Daboll,113,00-0035710,Daniel Jones,10,-116,Home,,2022120406,-108,1,,202212040nyg,Brad Allen,0,outdoors,-2.5,MetLife Stadium,NYC01,fieldturf,40,40,40,-104,Sunday,9
2022_13_NO_TB,2022-12-05,2022,13,REG,NO,TB,16,17,Dennis Allen,169,00-0027973,Andy Dalton,8,-105,1,401437887,6073,2022-12-05,20:15,59032,Todd Bowles,-190,00-0019596,Tom Brady,8,-105,Home,,2022120500,-105,0,,202212050tam,Clay Martin,1,outdoors,3.5,Raymond James Stadium,TAM00,grass,69,33,41,-107,Monday,2
2022_14_LV_LA,2022-12-08,2022,14,REG,LV,LA,16,17,Josh McDaniels,-283,00-0031280,Derek Carr,4,-112,0,401437888,6074,2022-12-08,20:15,59033,Sean McVay,245,00-0034855,Baker Mayfield,4,101,Home,,2022120800,102,0,,202212080ram,Brad Rogers,1,dome,-6.5,SoFi Stadium,LAX01,matrixturf,,33,42.5,-115,Thursday,
2022_14_BAL_PIT,2022-12-11,2022,14,REG,BAL,PIT,16,14,John Harbaugh,112,00-0035993,Tyler Huntley,7,-101,1,401437894,6080,2022-12-11,13:00,59039,Mike Tomlin,-124,00-0038102,Kenny Pickett,7,-109,Home,,2022121105,101,0,,202212110pit,Adrian Hill,-2,outdoors,1.5,Acrisure Stadium,PIT00,grass,42,30,37,-114,Sunday,12
2022_14_CAR_SEA,2022-12-11,2022,14,REG,CAR,SEA,30,24,Steve Wilks,178,00-0034869,Sam Darnold,14,106,0,401437898,6083,2022-12-11,16:25,59042,Pete Carroll,-200,00-0030565,Geno Smith,7,-117,Home,,2022121108,-104,0,,202212110sea,Bill Vinovich,-6,outdoors,3.5,Lumen Field,SEA00,fieldturf,45,54,44.5,-109,Sunday,4
2022_14_CLE_CIN,2022-12-11,2022,14,REG,CLE,CIN,10,23,Kevin Stefanski,181,00-0033537,Deshaun Watson,7,-108,1,401437890,6076,2022-12-11,13:00,59035,Zac Taylor,-204,00-0036442,Joe Burrow,7,-102,Home,,2022121101,-105,0,,202212110cin,Jerome Boger,13,outdoors,4.5,Paycor Stadium,CIN00,fieldturf,47,33,47,-108,Sunday,8
2022_14_HOU_DAL,2022-12-11,2022,14,REG,HOU,DAL,23,27,Lovie Smith,918,00-0036898,Davis Mills,7,104,0,401437891,6077,2022-12-11,13:00,59036,Mike McCarthy,-1365,00-0033077,Dak Prescott,7,-115,Home,,2022121102,-104,0,,202212110dal,John Hussey,4,closed,17,AT&T Stadium,DAL00,matrixturf,,50,44.5,-108,Sunday,
2022_14_JAX_TEN,2022-12-11,2022,14,REG,JAX,TEN,36,22,Doug Pederson,151,00-0036971,Trevor Lawrence,7,106,1,401437895,6081,2022-12-11,13:00,59040,Mike Vrabel,-169,00-0029701,Ryan Tannehill,7,-117,Home,,2022121106,-101,0,,202212110oti,Clay Martin,-14,outdoors,3,Nissan Stadium,NAS00,grass,54,58,42,-112,Sunday,8
2022_14_KC_DEN,2022-12-11,2022,14,REG,KC,DEN,34,28,Andy Reid,-394,00-0033873,Patrick Mahomes,7,-108,1,401437899,6085,2022-12-11,16:05,59044,Nathaniel Hackett,329,00-0029263,Russell Wilson,7,-103,Home,,2022121110,-100,0,,202212110den,Craig Wrolstad,-6,outdoors,-8.5,Empower Field at Mile High,DEN00,grass,55,62,44.5,-112,Sunday,4
2022_14_MIA_LAC,2022-12-11,2022,14,REG,MIA,LAC,17,23,Mike McDaniel,-163,00-0036212,Tua Tagovailoa,7,-113,0,401437896,6082,2022-12-11,20:20,59041,Brandon Staley,146,00-0036355,Justin Herbert,7,102,Home,,2022121107,-110,0,,202212110sdg,Scott Novak,6,dome,-3,SoFi Stadium,LAX01,matrixturf,,40,54.5,-102,Sunday,
2022_14_MIN_DET,2022-12-11,2022,14,REG,MIN,DET,23,34,Kevin O'Connell,119,00-0029604,Kirk Cousins,7,-108,1,401437892,6078,2022-12-11,13:00,59037,Dan Campbell,-132,00-0033106,Jared Goff,7,-102,Home,,2022121103,-102,0,,202212110det,Ron Torbert,11,dome,2.5,Ford Field,DET00,fieldturf,,57,51.5,-110,Sunday,
2022_14_NYJ_BUF,2022-12-11,2022,14,REG,NYJ,BUF,12,20,Robert Saleh,332,00-0034401,Mike White,7,-108,1,401437889,6075,2022-12-11,13:00,59034,Sean McDermott,-398,00-0034857,Josh Allen,10,-102,Home,,2022121100,-108,0,,202212110buf,Alex Kemp,8,outdoors,10,New Era Field,BUF00,a_turf,36,32,43.5,-104,Sunday,11
2022_14_PHI_NYG,2022-12-11,2022,14,REG,PHI,NYG,48,22,Nick Sirianni,-302,00-0036389,Jalen Hurts,7,104,1,401437893,6079,2022-12-11,13:00,59038,Brian Daboll,260,00-0035710,Daniel Jones,7,-115,Home,,2022121104,-103,0,,202212110nyg,Clete Blakeman,-26,outdoors,-7.5,MetLife Stadium,NYC01,fieldturf,37,70,44.5,-109,Sunday,6
2022_14_TB_SF,2022-12-11,2022,14,REG,TB,SF,7,35,Todd Bowles,175,00-0019596,Tom Brady,6,-107,0,401437897,6084,2022-12-11,16:25,59043,Kyle Shanahan,-196,00-0037834,Brock Purdy,7,-103,Home,,2022121109,-117,0,,202212110sfo,Brad Allen,28,outdoors,3.5,Levi's Stadium,SFO01,grass,54,42,38,104,Sunday,8
2022_14_NE_ARI,2022-12-12,2022,14,REG,NE,ARI,27,13,Bill Belichick,-125,00-0036972,Mac Jones,11,-104,0,401437900,6086,2022-12-12,20:15,59045,Kliff Kingsbury,113,00-0035228,Kyler Murray,15,-106,Home,,2022121200,-110,0,,202212120crd,Shawn Smith,-14,closed,-2,State Farm Stadium,PHO00,grass,,40,44,-103,Monday,
2022_15_SF_SEA,2022-12-15,2022,15,REG,SF,SEA,21,13,Kyle Shanahan,-169,00-0037834,Brock Purdy,4,-115,1,401437901,6087,2022-12-15,20:15,59046,Pete Carroll,152,00-0030565,Geno Smith,4,104,Home,,2022121500,-103,0,,202212150sea,Alex Kemp,-8,outdoors,-3,Lumen Field,SEA00,fieldturf,,34,43,-109,Thursday,
2022_15_BAL_CLE,2022-12-17,2022,15,REG,BAL,CLE,3,13,John Harbaugh,139,00-0035993,Tyler Huntley,6,113,1,401437903,6089,2022-12-17,16:30,59048,Kevin Stefanski,-155,00-0033537,Deshaun Watson,6,-125,Home,,2022121701,-105,0,,202212170cle,Brad Allen,10,outdoors,2.5,FirstEnergy Stadium,CLE00,grass,34,16,39.5,-107,Saturday,12
2022_15_IND_MIN,2022-12-17,2022,15,REG,IND,MIN,36,39,Jeff Saturday,168,00-0026143,Matt Ryan,13,-103,0,401437904,6090,2022-12-17,13:00,59049,Kevin O'Connell,-188,00-0029604,Kirk Cousins,6,-107,Home,,2022121700,-105,1,,202212170min,Tra Blake,3,dome,3.5,U.S. Bank Stadium,MIN01,sportturf,,75,46.5,-107,Saturday,
2022_15_MIA_BUF,2022-12-17,2022,15,REG,MIA,BUF,29,32,Mike McDaniel,273,00-0036212,Tua Tagovailoa,6,-104,1,401437902,6088,2022-12-17,20:15,59047,Sean McDermott,-320,00-0034857,Josh Allen,6,-106,Home,,2022121702,-119,0,,202212170buf,Bill Vinovich,3,outdoors,7,New Era Field,BUF00,a_turf,29,61,44,106,Saturday,4
2022_15_ARI_DEN,2022-12-18,2022,15,REG,ARI,DEN,15,24,Kliff Kingsbury,110,00-0027688,Colt McCoy,6,-104,0,401437912,6098,2022-12-18,16:05,59057,Nathaniel Hackett,-121,00-0034955,Brett Rypien,7,-106,Home,,2022121805,-103,0,,202212180den,Jerome Boger,9,outdoors,1.5,Empower Field at Mile High,DEN00,grass,37,39,37.5,-110,Sunday,4
2022_15_ATL_NO,2022-12-18,2022,15,REG,ATL,NO,18,21,Arthur Smith,203,00-0038122,Desmond Ridder,14,103,1,401437905,6091,2022-12-18,13:00,59050,Dennis Allen,-231,00-0027973,Andy Dalton,13,-113,Home,,2022121809,-103,0,,202212180nor,Clete Blakeman,3,dome,5,Mercedes-Benz Superdome,NOR00,sportturf,,39,43.5,-109,Sunday,
2022_15_CIN_TB,2022-12-18,2022,15,REG,CIN,TB,34,23,Zac Taylor,-167,00-0036442,Joe Burrow,7,108,0,401437914,6100,2022-12-18,16:25,59059,Todd Bowles,150,00-0019596,Tom Brady,7,-120,Home,,2022121807,-114,0,,202212180tam,Adrian Hill,-11,outdoors,-3.5,Raymond James Stadium,TAM00,grass,66,57,47,101,Sunday,6
2022_15_DAL_JAX,2022-12-18,2022,15,REG,DAL,JAX,34,40,Mike McCarthy,-188,00-0033077,Dak Prescott,7,100,0,401437910,6096,2022-12-18,13:00,59055,Doug Pederson,168,00-0036971,Trevor Lawrence,7,-110,Home,,2022121803,-110,1,,202212180jax,Shawn Smith,6,outdoors,-4,TIAA Bank Stadium,JAX00,grass,54,74,48.5,-103,Sunday,9
2022_15_DET_NYJ,2022-12-18,2022,15,REG,DET,NYJ,20,17,Dan Campbell,120,00-0033106,Jared Goff,7,-100,0,401437911,6097,2022-12-18,13:00,59056,Robert Saleh,-132,00-0037013,Zach Wilson,7,-110,Home,,2022121804,-103,0,,202212180nyj,Craig Wrolstad,-3,outdoors,2,MetLife Stadium,NYC01,fieldturf,38,37,44,-109,Sunday,13
2022_15_KC_HOU,2022-12-18,2022,15,REG,KC,HOU,30,24,Andy Reid,-755,00-0033873,Patrick Mahomes,7,109,0,401437909,6095,2022-12-18,13:00,59054,Lovie Smith,572,00-0036898,Davis Mills,7,-120,Home,,2022121802,-103,1,,202212180htx,Carl Cheffers,-6,closed,-14.5,NRG Stadium,HOU00,astroturf,,54,48.5,-109,Sunday,
2022_15_NE_LV,2022-12-18,2022,15,REG,NE,LV,24,30,Bill Belichick,117,00-0036972,Mac Jones,6,111,0,401437915,6101,2022-12-18,16:05,59060,Josh McDaniels,-129,00-0031280,Derek Carr,10,-122,Home,,2022121808,-108,0,,202212180rai,Ron Torbert,6,dome,1,Allegiant Stadium,VEG00,grass,,54,45,-105,Sunday,
2022_15_NYG_WAS,2022-12-18,2022,15,REG,NYG,WAS,20,12,Brian Daboll,180,00-0035710,Daniel Jones,7,-114,1,401437906,6092,2022-12-18,20:20,59051,Ron Rivera,-203,00-0031800,Taylor Heinicke,14,103,Home,,2022121810,-108,0,,202212180was,John Hussey,-8,outdoors,4.5,FedExField,WAS00,grass,35,32,40.5,-104,Sunday,13
2022_15_PHI_CHI,2022-12-18,2022,15,REG,PHI,CHI,25,20,Nick Sirianni,-386,00-0036389,Jalen Hurts,7,-104,0,401437908,6094,2022-12-18,13:00,59053,Matt Eberflus,323,00-0036945,Justin Fields,14,-106,Home,,2022121801,-103,0,,202212180chi,Brad Rogers,-5,outdoors,-8.5,Soldier Field,CHI98,grass,17,45,48,-110,Sunday,17
2022_15_PIT_CAR,2022-12-18,2022,15,REG,PIT,CAR,24,16,Mike Tomlin,130,00-0038102,Kenny Pickett,7,-100,0,401437907,6093,2022-12-18,13:00,59052,Steve Wilks,-145,00-0034869,Sam Darnold,7,-110,Home,,2022121800,-114,0,,202212180car,Scott Novak,-8,outdoors,2.5,Bank of America Stadium,CAR00,grass,47,40,36.5,101,Sunday,7
2022_15_TEN_LAC,2022-12-18,2022,15,REG,TEN,LAC,14,17,Mike Vrabel,142,00-0029701,Ryan Tannehill,7,-108,0,401437913,6099,2022-12-18,16:25,59058,Brandon Staley,-158,00-0036355,Justin Herbert,7,-102,Home,,2022121806,-112,0,,202212180sdg,Land Clark,3,dome,3,SoFi Stadium,LAX01,matrixturf,,31,46.5,-101,Sunday,
2022_15_LA_GB,2022-12-19,2022,15,REG,LA,GB,12,24,Sean McVay,301,00-0034855,Baker Mayfield,11,-111,0,401437916,6102,2022-12-19,20:15,59061,Matt LaFleur,-356,00-0023459,Aaron Rodgers,15,101,Home,,2022121900,-111,0,,202212190gnb,Shawn Hochuli,12,outdoors,8,Lambeau Field,GNB00,grass,15,36,39.5,-101,Monday,4
2022_16_JAX_NYJ,2022-12-22,2022,16,REG,JAX,NYJ,19,3,Doug Pederson,123,00-0036971,Trevor Lawrence,4,-104,0,401437917,6103,2022-12-22,20:15,59062,Robert Saleh,-136,00-0037013,Zach Wilson,4,-106,Home,,2022122200,-106,0,,202212220nyj,Brad Allen,-16,outdoors,2.5,MetLife Stadium,NYC01,fieldturf,43,22,36.5,-106,Thursday,17
2022_16_ATL_BAL,2022-12-24,2022,16,REG,ATL,BAL,9,17,Arthur Smith,238,00-0038122,Desmond Ridder,6,-108,0,401437918,6104,2022-12-24,13:00,59063,John Harbaugh,-274,00-0035993,Tyler Huntley,7,-102,Home,,2022122400,-107,0,,202212240rav,Bill Vinovich,8,outdoors,6.5,M&T Bank Stadium,BAL00,grass,17,26,35,-105,Saturday,9
2022_16_BUF_CHI,2022-12-24,2022,16,REG,BUF,CHI,35,13,Sean McDermott,-360,00-0034857,Josh Allen,7,-110,0,401437920,6106,2022-12-24,13:00,59065,Matt Eberflus,304,00-0036945,Justin Fields,6,-100,Home,,2022122402,-115,0,,202212240chi,Carl Cheffers,-22,outdoors,-8,Soldier Field,CHI98,grass,7,48,40,102,Saturday,17
2022_16_CIN_NE,2022-12-24,2022,16,REG,CIN,NE,22,18,Zac Taylor,-151,00-0036442,Joe Burrow,6,100,0,401437924,6110,2022-12-24,13:00,59069,Bill Belichick,136,00-0036972,Mac Jones,6,-110,Home,,2022122406,-103,0,,202212240nwe,Craig Wrolstad,-4,outdoors,-3,Gillette Stadium,BOS00,fieldturf,21,40,42,-109,Saturday,2
2022_16_DET_CAR,2022-12-24,2022,16,REG,DET,CAR,23,37,Dan Campbell,-129,00-0033106,Jared Goff,6,101,0,401437919,6105,2022-12-24,13:00,59064,Steve Wilks,117,00-0034869,Sam Darnold,6,-111,Home,,2022122401,-100,0,,202212240car,Shawn Hochuli,14,outdoors,-2.5,Bank of America Stadium,CAR00,grass,20,60,43.5,-112,Saturday,12
2022_16_HOU_TEN,2022-12-24,2022,16,REG,HOU,TEN,19,14,Lovie Smith,153,00-0036898,Davis Mills,6,103,1,401437925,6111,2022-12-24,14:00,59070,Mike Vrabel,-170,00-0038128,Malik Willis,6,-113,Home,,2022122407,-101,0,,202212240oti,Shawn Smith,-5,outdoors,3,Nissan Stadium,NAS00,grass,22,33,34,-111,Saturday,14
2022_16_LV_PIT,2022-12-24,2022,16,REG,LV,PIT,10,13,Josh McDaniels,127,00-0031280,Derek Carr,6,-108,0,401437928,6114,2022-12-24,20:15,59073,Mike Tomlin,-141,00-0038102,Kenny Pickett,6,-102,Home,,2022122410,-102,0,,202212240pit,Tra Blake,3,outdoors,2.5,Acrisure Stadium,PIT00,grass,9,23,38.5,-110,Saturday,21
2022_16_NO_CLE,2022-12-24,2022,16,REG,NO,CLE,17,10,Dennis Allen,162,00-0027973,Andy Dalton,6,111,0,401437921,6107,2022-12-24,13:00,59066,Kevin Stefanski,-181,00-0033537,Deshaun Watson,7,-123,Home,,2022122403,-104,0,,202212240cle,Brad Rogers,-7,outdoors,3,FirstEnergy Stadium,CLE00,grass,6,27,32,-108,Saturday,27
2022_16_NYG_MIN,2022-12-24,2022,16,REG,NYG,MIN,24,27,Brian Daboll,191,00-0035710,Daniel Jones,6,-102,0,401437923,6109,2022-12-24,13:00,59068,Kevin O'Connell,-215,00-0029604,Kirk Cousins,7,-108,Home,,2022122405,-104,0,,202212240min,Adrian Hill,3,dome,4.5,U.S. Bank Stadium,MIN01,sportturf,,51,48,-109,Saturday,
2022_16_PHI_DAL,2022-12-24,2022,16,REG,PHI,DAL,34,40,Nick Sirianni,178,00-0035289,Gardner Minshew,6,-104,1,401437927,6113,2022-12-24,16:25,59072,Mike McCarthy,-200,00-0033077,Dak Prescott,6,-106,Home,,2022122409,-101,0,,202212240dal,Alex Kemp,6,closed,4,AT&T Stadium,DAL00,matrixturf,,74,48,-112,Saturday,
2022_16_SEA_KC,2022-12-24,2022,16,REG,SEA,KC,10,24,Pete Carroll,367,00-0030565,Geno Smith,9,-107,0,401437922,6108,2022-12-24,13:00,59067,Andy Reid,-447,00-0033873,Patrick Mahomes,6,-103,Home,,2022122404,-107,0,,202212240kan,Clete Blakeman,14,outdoors,10.5,GEHA Field at Arrowhead Stadium,KAN00,grass,12,34,50.5,-105,Saturday,9
2022_16_WAS_SF,2022-12-24,2022,16,REG,WAS,SF,20,37,Ron Rivera,241,00-0031800,Taylor Heinicke,6,-107,0,401437926,6112,2022-12-24,16:05,59071,Kyle Shanahan,-279,00-0037834,Brock Purdy,9,-103,Home,,2022122408,102,0,,202212240sfo,Jerome Boger,17,outdoors,6.5,Levi's Stadium,SFO01,grass,54,57,37.5,-114,Saturday,2
2022_16_DEN_LA,2022-12-25,2022,16,REG,DEN,LA,14,51,Nathaniel Hackett,-173,00-0029263,Russell Wilson,7,-116,0,401436983,6116,2022-12-25,16:30,59075,Sean McVay,155,00-0034855,Baker Mayfield,6,105,Home,,2022122501,-103,0,,202212250ram,Ron Torbert,37,dome,-3,SoFi Stadium,LAX01,matrixturf,,65,36.5,-109,Sunday,
2022_16_GB_MIA,2022-12-25,2022,16,REG,GB,MIA,26,20,Matt LaFleur,163,00-0023459,Aaron Rodgers,6,-107,0,401437929,6115,2022-12-25,13:00,59074,Mike McDaniel,-182,00-0036212,Tua Tagovailoa,8,-103,Home,,2022122500,-109,0,,202212250mia,Land Clark,-6,outdoors,3.5,Hard Rock Stadium,MIA00,grass,45,46,49,-103,Sunday,14
2022_16_TB_ARI,2022-12-25,2022,16,REG,TB,ARI,19,16,Todd Bowles,-320,00-0019596,Tom Brady,7,102,0,401437930,6117,2022-12-25,20:20,59076,Kliff Kingsbury,273,00-0035146,Trace McSorley,7,-113,Home,,2022122502,-108,1,,202212250crd,John Hussey,-3,open,-7.5,State Farm Stadium,PHO00,grass,,35,41.5,-104,Sunday,
2022_16_LAC_IND,2022-12-26,2022,16,REG,LAC,IND,20,3,Brandon Staley,-185,00-0036355,Justin Herbert,8,-102,0,401437931,6118,2022-12-26,20:15,59077,Jeff Saturday,165,00-0029567,Nick Foles,9,-108,Home,,2022122600,-109,0,,202212260clt,Clay Martin,-17,closed,-3.5,Lucas Oil Stadium,IND00,fieldturf,,23,44.5,-103,Monday,
2022_17_DAL_TEN,2022-12-29,2022,17,REG,DAL,TEN,27,13,Mike McCarthy,-741,00-0033077,Dak Prescott,5,-100,0,401437932,6119,2022-12-29,20:15,59078,Mike Vrabel,563,00-0033949,Joshua Dobbs,5,-110,Home,,2022122900,101,0,,202212290oti,Shawn Hochuli,-14,outdoors,-14,Nissan Stadium,NAS00,grass,56,40,41,-113,Thursday,4
2022_17_ARI_ATL,2023-01-01,2022,17,REG,ARI,ATL,19,20,Kliff Kingsbury,241,00-0035040,David Blough,7,-119,0,401437933,6120,2023-01-01,13:00,59079,Arthur Smith,-279,00-0038122,Desmond Ridder,8,108,Home,,2023010100,100,0,,202301010atl,Alex Kemp,1,closed,7,Mercedes-Benz Stadium,ATL97,fieldturf,,39,41,-113,Sunday,
2022_17_CAR_TB,2023-01-01,2022,17,REG,CAR,TB,24,30,Steve Wilks,164,00-0034869,Sam Darnold,8,-110,1,401437941,6128,2023-01-01,13:00,59087,Todd Bowles,-184,00-0019596,Tom Brady,7,-100,Home,,2023010108,-109,0,,202301010tam,Brad Rogers,6,outdoors,3.5,Raymond James Stadium,TAM00,grass,75,54,40.5,-103,Sunday,2
2022_17_CHI_DET,2023-01-01,2022,17,REG,CHI,DET,10,41,Matt Eberflus,194,00-0036945,Justin Fields,8,-105,1,401437935,6122,2023-01-01,13:00,59081,Dan Campbell,-219,00-0033106,Jared Goff,8,-105,Home,,2023010102,-101,0,,202301010det,Adrian Hill,31,dome,4.5,Ford Field,DET00,fieldturf,,51,52.5,-111,Sunday,
2022_17_CLE_WAS,2023-01-01,2022,17,REG,CLE,WAS,24,10,Kevin Stefanski,106,00-0033537,Deshaun Watson,8,-101,0,401437942,6129,2023-01-01,13:00,59088,Ron Rivera,-117,00-0032950,Carson Wentz,8,-110,Home,,2023010109,-103,0,,202301010was,Bill Vinovich,-14,outdoors,1,FedExField,WAS00,grass,59,34,41.5,-109,Sunday,9
2022_17_DEN_KC,2023-01-01,2022,17,REG,DEN,KC,24,27,Jay Rosburg,544,00-0029263,Russell Wilson,7,-114,1,401437937,6124,2023-01-01,13:00,59083,Andy Reid,-711,00-0033873,Patrick Mahomes,8,104,Home,,2023010104,-108,0,,202301010kan,Tra Blake,3,outdoors,13.5,GEHA Field at Arrowhead Stadium,KAN00,grass,47,51,46,-104,Sunday,2
2022_17_IND_NYG,2023-01-01,2022,17,REG,IND,NYG,10,38,Jeff Saturday,202,00-0029567,Nick Foles,6,-105,0,401437939,6126,2023-01-01,13:00,59085,Brian Daboll,-229,00-0035710,Daniel Jones,8,-105,Home,,2023010106,-109,0,,202301010nyg,Craig Wrolstad,28,outdoors,5.5,MetLife Stadium,NYC01,fieldturf,52,48,38.5,-103,Sunday,14
2022_17_JAX_HOU,2023-01-01,2022,17,REG,JAX,HOU,31,3,Doug Pederson,-187,00-0036971,Trevor Lawrence,10,-104,1,401437936,6123,2023-01-01,13:00,59082,Lovie Smith,167,00-0036898,Davis Mills,8,-106,Home,,2023010103,-115,0,,202301010htx,Scott Novak,-28,closed,-3.5,NRG Stadium,HOU00,astroturf,,34,43,102,Sunday,
2022_17_LA_LAC,2023-01-01,2022,17,REG,LA,LAC,10,31,Sean McVay,244,00-0034855,Baker Mayfield,7,-102,0,401437946,6133,2023-01-01,16:25,59092,Brandon Staley,-283,00-0036355,Justin Herbert,6,-108,Home,,2023010113,-100,0,,202301010sdg,Clete Blakeman,21,dome,6.5,SoFi Stadium,LAX01,matrixturf,,41,41.5,-112,Sunday,
2022_17_MIA_NE,2023-01-01,2022,17,REG,MIA,NE,21,23,Mike McDaniel,144,00-0031237,Teddy Bridgewater,7,-106,1,401437938,6125,2023-01-01,13:00,59084,Bill Belichick,-160,00-0036972,Mac Jones,8,-104,Home,,2023010105,-105,0,,202301010nwe,Brad Allen,2,outdoors,3,Gillette Stadium,BOS00,fieldturf,53,44,41.5,-107,Sunday,2
2022_17_MIN_GB,2023-01-01,2022,17,REG,MIN,GB,17,41,Kevin O'Connell,155,00-0029604,Kirk Cousins,8,106,1,401437945,6132,2023-01-01,16:25,59091,Matt LaFleur,-173,00-0023459,Aaron Rodgers,7,-117,Home,,2023010112,-109,0,,202301010gnb,Carl Cheffers,24,outdoors,3,Lambeau Field,GNB00,grass,39,58,47.5,-103,Sunday,7
2022_17_NO_PHI,2023-01-01,2022,17,REG,NO,PHI,20,10,Dennis Allen,198,00-0027973,Andy Dalton,8,-110,0,401437940,6127,2023-01-01,13:00,59086,Nick Sirianni,-225,00-0035289,Gardner Minshew,8,-100,Home,,2023010107,-113,0,,202301010phi,Jerome Boger,-10,outdoors,5.5,Lincoln Financial Field,PHI00,grass,54,30,41.5,101,Sunday,11
2022_17_NYJ_SEA,2023-01-01,2022,17,REG,NYJ,SEA,6,23,Robert Saleh,-113,00-0034401,Mike White,10,-105,0,401437944,6131,2023-01-01,16:05,59090,Pete Carroll,102,00-0030565,Geno Smith,8,-105,Home,,2023010111,-109,0,,202301010sea,Ron Torbert,17,outdoors,-1,Lumen Field,SEA00,fieldturf,45,29,43,-103,Sunday,2
2022_17_PIT_BAL,2023-01-01,2022,17,REG,PIT,BAL,16,13,Mike Tomlin,110,00-0038102,Kenny Pickett,8,102,1,401437934,6121,2023-01-01,20:20,59080,John Harbaugh,-121,00-0035993,Tyler Huntley,8,-113,Home,,2023010101,-107,0,,202301010rav,Land Clark,-3,outdoors,1,M&T Bank Stadium,BAL00,grass,44,29,35.5,-105,Sunday,2
2022_17_SF_LV,2023-01-01,2022,17,REG,SF,LV,37,34,Kyle Shanahan,-453,00-0037834,Brock Purdy,8,-103,0,401437943,6130,2023-01-01,16:05,59089,Josh McDaniels,371,00-0035264,Jarrett Stidham,8,-107,Home,,2023010110,-105,1,,202301010rai,Clay Martin,-3,dome,-10,Allegiant Stadium,VEG00,grass,,71,41.5,-107,Sunday,
2022_18_KC_LV,2023-01-07,2022,18,REG,KC,LV,31,13,Andy Reid,-407,00-0033873,Patrick Mahomes,6,-105,1,401437961,6148,2023-01-07,16:30,59107,Josh McDaniels,338,00-0035264,Jarrett Stidham,6,-105,Home,,2023010700,-104,0,,202301070rai,Scott Novak,-18,dome,-9,Allegiant Stadium,VEG00,grass,,44,51.5,-108,Saturday,
2022_18_TEN_JAX,2023-01-07,2022,18,REG,TEN,JAX,16,20,Mike Vrabel,227,00-0033949,Joshua Dobbs,9,-106,1,401437954,6141,2023-01-07,20:15,59100,Doug Pederson,-260,00-0036971,Trevor Lawrence,6,-104,Home,,2023010701,-106,0,,202301070jax,Bill Vinovich,4,outdoors,6,TIAA Bank Stadium,JAX00,grass,56,36,39.5,-106,Saturday,4
2022_18_ARI_SF,2023-01-08,2022,18,REG,ARI,SF,13,38,Kliff Kingsbury,753,00-0035040,David Blough,7,100,1,401437962,6150,2023-01-08,16:25,59109,Kyle Shanahan,-1061,00-0037834,Brock Purdy,7,-111,Home,,2023010815,-105,0,,202301080sfo,Adrian Hill,25,outdoors,14,Levi's Stadium,SFO01,grass,57,51,40,-107,Sunday,2
2022_18_BAL_CIN,2023-01-08,2022,18,REG,BAL,CIN,16,27,John Harbaugh,474,00-0037175,Anthony Brown,7,105,1,401437951,6138,2023-01-08,13:00,59097,Zac Taylor,-603,00-0036442,Joe Burrow,6,-116,Home,,2023010803,-110,0,,202301080cin,Ron Torbert,11,outdoors,11,Paycor Stadium,CIN00,fieldturf,38,43,39,-102,Sunday,7
2022_18_CAR_NO,2023-01-08,2022,18,REG,CAR,NO,10,7,Steve Wilks,160,00-0034869,Sam Darnold,7,-114,1,401437956,6143,2023-01-08,13:00,59102,Dennis Allen,-179,00-0027973,Andy Dalton,7,103,Home,,2023010808,-105,0,,202301080nor,Alex Kemp,-3,dome,3.5,Mercedes-Benz Superdome,NOR00,sportturf,,17,41.5,-107,Sunday,
2022_18_CLE_PIT,2023-01-08,2022,18,REG,CLE,PIT,14,28,Kevin Stefanski,128,00-0033537,Deshaun Watson,7,-101,1,401437958,6145,2023-01-08,13:00,59104,Mike Tomlin,-142,00-0038102,Kenny Pickett,7,-109,Home,,2023010810,-106,0,,202301080pit,Clete Blakeman,14,outdoors,2.5,Acrisure Stadium,PIT00,grass,36,42,40,-106,Sunday,8
2022_18_DAL_WAS,2023-01-08,2022,18,REG,DAL,WAS,6,26,Mike McCarthy,-320,00-0033077,Dak Prescott,10,-100,1,401437959,6146,2023-01-08,16:25,59105,Ron Rivera,274,00-0037077,Sam Howell,7,-110,Home,,2023010811,-108,0,,202301080was,Tra Blake,20,outdoors,-7.5,FedExField,WAS00,grass,42,32,40.5,-104,Sunday,7
2022_18_DET_GB,2023-01-08,2022,18,REG,DET,GB,20,16,Dan Campbell,237,00-0033106,Jared Goff,7,-110,1,401437952,6139,2023-01-08,20:20,59098,Matt LaFleur,-273,00-0023459,Aaron Rodgers,7,-100,Home,,2023010804,101,0,,202301080gnb,Brad Rogers,-4,outdoors,5.5,Lambeau Field,GNB00,grass,21,36,49,-113,Sunday,4
2022_18_HOU_IND,2023-01-08,2022,18,REG,HOU,IND,32,31,Lovie Smith,128,00-0036898,Davis Mills,7,-119,1,401437953,6140,2023-01-08,13:00,59099,Jeff Saturday,-142,00-0036879,Sam Ehlinger,7,108,Home,,2023010805,-101,0,,202301080clt,Jerome Boger,-1,closed,3,Lucas Oil Stadium,IND00,fieldturf,,63,38,-111,Sunday,
2022_18_LAC_DEN,2023-01-08,2022,18,REG,LAC,DEN,28,31,Brandon Staley,222,00-0036355,Justin Herbert,7,-104,1,401437960,6147,2023-01-08,16:25,59106,Jay Rosburg,-254,00-0029263,Russell Wilson,7,-106,Home,,2023010812,-110,0,,202301080den,Shawn Hochuli,3,outdoors,6,Empower Field at Mile High,DEN00,grass,43,59,38.5,-103,Sunday,4
2022_18_LA_SEA,2023-01-08,2022,18,REG,LA,SEA,16,19,Sean McVay,198,00-0034855,Baker Mayfield,7,-112,1,401437963,6149,2023-01-08,16:25,59108,Pete Carroll,-224,00-0030565,Geno Smith,7,102,Home,,2023010814,-111,1,,202301080sea,Craig Wrolstad,3,outdoors,5.5,Lumen Field,SEA00,fieldturf,45,35,41.5,-101,Sunday,4
2022_18_MIN_CHI,2023-01-08,2022,18,REG,MIN,CHI,29,13,Kevin O'Connell,-260,00-0029604,Kirk Cousins,7,-104,1,401437950,6137,2023-01-08,13:00,59096,Matt Eberflus,227,00-0033958,Nathan Peterman,7,-106,Home,,2023010802,-109,0,,202301080chi,Brad Allen,-16,outdoors,-6.5,Soldier Field,CHI98,grass,32,42,42.5,-103,Sunday,2
2022_18_NE_BUF,2023-01-08,2022,18,REG,NE,BUF,23,35,Bill Belichick,314,00-0036972,Mac Jones,7,104,1,401437949,6136,2023-01-08,13:00,59095,Sean McDermott,-373,00-0034857,Josh Allen,6,-115,Home,,2023010801,-108,0,,202301080buf,Clay Martin,12,outdoors,8,New Era Field,BUF00,a_turf,30,58,44,-104,Sunday,6
2022_18_NYG_PHI,2023-01-08,2022,18,REG,NYG,PHI,16,22,Brian Daboll,858,00-0033550,Davis Webb,7,-103,1,401437957,6144,2023-01-08,16:25,59103,Nick Sirianni,-1252,00-0036389,Jalen Hurts,7,-107,Home,,2023010809,-107,0,,202301080phi,Carl Cheffers,6,outdoors,16.5,Lincoln Financial Field,PHI00,grass,43,38,42.5,-105,Sunday,12
2022_18_NYJ_MIA,2023-01-08,2022,18,REG,NYJ,MIA,6,11,Robert Saleh,178,00-0026158,Joe Flacco,7,-103,1,401437955,6142,2023-01-08,13:00,59101,Mike McDaniel,-200,00-0037327,Skylar Thompson,7,-107,Home,,2023010807,-103,0,,202301080mia,John Hussey,5,outdoors,3.5,Hard Rock Stadium,MIA00,grass,75,17,37.5,-110,Sunday,9
2022_18_TB_ATL,2023-01-08,2022,18,REG,TB,ATL,17,30,Todd Bowles,207,00-0027948,Blaine Gabbert,7,-110,1,401437948,6135,2023-01-08,13:00,59094,Arthur Smith,-235,00-0038122,Desmond Ridder,7,100,Home,,2023010800,-106,0,,202301080atl,Land Clark,13,closed,6,Mercedes-Benz Stadium,ATL97,fieldturf,,47,40.5,-106,Sunday,
2022_19_LAC_JAX,2023-01-14,2022,19,WC,LAC,JAX,30,31,Brandon Staley,-126,00-0036355,Justin Herbert,6,-102,0,401437998,6152,2023-01-14,20:15,59160,Doug Pederson,114,00-0036971,Trevor Lawrence,7,-108,Home,,2023011401,-107,0,,202301140jax,Shawn Smith,1,outdoors,-2,TIAA Bank Stadium,JAX00,grass,37,61,46.5,-105,Saturday,4
2022_19_SEA_SF,2023-01-14,2022,19,WC,SEA,SF,23,41,Pete Carroll,367,00-0030565,Geno Smith,6,-123,1,401438000,6151,2023-01-14,16:30,59159,Kyle Shanahan,-447,00-0037834,Brock Purdy,6,112,Home,,2023011400,-110,0,,202301140sfo,Alex Kemp,18,outdoors,10,Levi's Stadium,SFO01,grass,57,64,42,-102,Saturday,11
2022_19_BAL_CIN,2023-01-15,2022,19,WC,BAL,CIN,17,24,John Harbaugh,311,00-0035993,Tyler Huntley,7,-104,1,401437999,6155,2023-01-15,20:15,59163,Zac Taylor,-370,00-0036442,Joe Burrow,7,-106,Home,,2023011502,-108,0,,202301150cin,Clay Martin,7,outdoors,7.5,Paycor Stadium,CIN00,fieldturf,30,41,40,-104,Sunday,4
2022_19_MIA_BUF,2023-01-15,2022,19,WC,MIA,BUF,31,34,Mike McDaniel,649,00-0037327,Skylar Thompson,7,-116,1,401438002,6153,2023-01-15,13:00,59161,Sean McDermott,-882,00-0034857,Josh Allen,7,105,Home,,2023011500,-107,0,,202301150buf,Brad Allen,3,outdoors,14,New Era Field,BUF00,a_turf,27,65,44,-105,Sunday,4
2022_19_NYG_MIN,2023-01-15,2022,19,WC,NYG,MIN,31,24,Brian Daboll,129,00-0035710,Daniel Jones,7,103,0,401438001,6154,2023-01-15,16:50,59162,Kevin O'Connell,-142,00-0029604,Kirk Cousins,7,-113,Home,,2023011501,-108,0,,202301150min,Adrian Hill,-7,dome,2.5,U.S. Bank Stadium,MIN01,sportturf,,55,48,-104,Sunday,
2022_19_DAL_TB,2023-01-16,2022,19,WC,DAL,TB,31,14,Mike McCarthy,-135,00-0033077,Dak Prescott,8,-108,0,401438003,6156,2023-01-16,20:15,59164,Todd Bowles,122,00-0019596,Tom Brady,8,-103,Home,,2023011600,-107,0,,202301160tam,Craig Wrolstad,-17,outdoors,-2.5,Raymond James Stadium,TAM00,grass,58,45,45.5,-105,Monday,2
2022_20_JAX_KC,2023-01-21,2022,20,DIV,JAX,KC,20,27,Doug Pederson,377,00-0036971,Trevor Lawrence,7,-119,0,401438005,6157,2023-01-21,16:30,59165,Andy Reid,-461,00-0033873,Patrick Mahomes,14,108,Home,,2023012100,103,0,,202301210kan,Shawn Hochuli,7,outdoors,10,GEHA Field at Arrowhead Stadium,KAN00,grass,36,47,52.5,-116,Saturday,6
2022_20_NYG_PHI,2023-01-21,2022,20,DIV,NYG,PHI,7,38,Brian Daboll,304,00-0035710,Daniel Jones,6,101,1,401438004,6158,2023-01-21,20:15,59166,Nick Sirianni,-360,00-0036389,Jalen Hurts,13,-111,Home,,2023012101,101,0,,202301210phi,Clete Blakeman,31,outdoors,8,Lincoln Financial Field,PHI00,grass,40,45,48,-113,Saturday,6
2022_20_CIN_BUF,2023-01-22,2022,20,DIV,CIN,BUF,27,10,Zac Taylor,226,00-0036442,Joe Burrow,7,-107,0,401438007,6159,2023-01-22,15:00,59167,Sean McDermott,-259,00-0034857,Josh Allen,7,-103,Home,,2023012200,-105,0,,202301220buf,Carl Cheffers,-17,outdoors,6,New Era Field,BUF00,a_turf,32,37,48.5,-107,Sunday,4
2022_20_DAL_SF,2023-01-22,2022,20,DIV,DAL,SF,12,19,Mike McCarthy,164,00-0033077,Dak Prescott,6,-107,0,401438006,6160,2023-01-22,18:30,59168,Kyle Shanahan,-183,00-0037834,Brock Purdy,8,-103,Home,,2023012201,-107,0,,202301220sfo,Bill Vinovich,7,outdoors,3.5,Levi's Stadium,SFO01,grass,55,31,46.5,-105,Sunday,19
2022_21_CIN_KC,2023-01-29,2022,21,CON,CIN,KC,20,23,Zac Taylor,119,00-0036442,Joe Burrow,7,-103,0,401438008,6162,2023-01-29,18:30,59170,Andy Reid,-131,00-0033873,Patrick Mahomes,8,-107,Home,,2023012901,-106,0,,202301290kan,Ron Torbert,3,outdoors,2,GEHA Field at Arrowhead Stadium,KAN00,grass,22,43,48.5,-106,Sunday,13
2022_21_SF_PHI,2023-01-29,2022,21,CON,SF,PHI,7,31,Kyle Shanahan,133,00-0037834,Brock Purdy,7,105,0,401438009,6161,2023-01-29,15:00,59169,Nick Sirianni,-147,00-0036389,Jalen Hurts,8,-116,Home,,2023012900,101,0,,202301290phi,John Hussey,24,outdoors,2.5,Lincoln Financial Field,PHI00,grass,52,38,45,-114,Sunday,14
2022_22_KC_PHI,2023-02-12,2022,22,SB,KC,PHI,38,35,Andy Reid,104,00-0033873,Patrick Mahomes,14,-103,0,401438030,6163,2023-02-12,18:30,59171,Nick Sirianni,-115,00-0036389,Jalen Hurts,14,-107,Neutral,,2023021200,-108,0,,202302120phi,Carl Cheffers,-3,closed,1,State Farm Stadium,PHO00,grass,,73,51,-104,Sunday,
2023_01_DET_KC,2023-09-07,2023,1,REG,DET,KC,21,20,Dan Campbell,164,00-0033106,Jared Goff,7,-110,0,401547353,,2023-09-07,20:20,59173,Andy Reid,-198,00-0033873,Patrick Mahomes,7,-110,Home,,2023090700,-110,0,,202309070kan,John Hussey,-1,outdoors,4,GEHA Field at Arrowhead Stadium,KAN00,,,41,53,-110,Thursday,
2023_01_ARI_WAS,2023-09-10,2023,1,REG,ARI,WAS,16,20,Jonathan Gannon,270,00-0033949,Joshua Dobbs,7,-108,0,401547406,,2023-09-10,13:00,59181,Ron Rivera,-340,00-0037077,Sam Howell,7,-112,Home,,2023091007,-110,0,,202309100was,Alan Eck,4,outdoors,7,FedExField,WAS00,,,36,38,-110,Sunday,
2023_01_CAR_ATL,2023-09-10,2023,1,REG,CAR,ATL,10,24,Frank Reich,160,00-0039150,Bryce Young,7,-108,1,401547403,,2023-09-10,13:00,59174,Arthur Smith,-192,00-0038122,Desmond Ridder,7,-112,Home,,2023091000,-110,0,,202309100atl,Brad Rogers,14,closed,3.5,Mercedes-Benz Stadium,ATL97,,,34,40.5,-110,Sunday,
2023_01_CIN_CLE,2023-09-10,2023,1,REG,CIN,CLE,3,24,Zac Taylor,-112,00-0036442,Joe Burrow,7,-105,1,401547397,,2023-09-10,13:00,59176,Kevin Stefanski,-108,00-0033537,Deshaun Watson,7,-115,Home,,2023091002,-110,0,,202309100cle,Clete Blakeman,21,outdoors,-1,FirstEnergy Stadium,CLE00,,,27,46.5,-110,Sunday,
2023_01_DAL_NYG,2023-09-10,2023,1,REG,DAL,NYG,40,0,Mike McCarthy,-170,00-0033077,Dak Prescott,7,100,1,401547409,,2023-09-10,20:20,59187,Brian Daboll,142,00-0035710,Daniel Jones,7,-120,Home,,2023091013,-110,0,,202309100nyg,Adrian Hill,-40,outdoors,-3.5,MetLife Stadium,NYC01,,,40,44.5,-110,Sunday,
2023_01_GB_CHI,2023-09-10,2023,1,REG,GB,CHI,38,20,Matt LaFleur,-102,00-0036264,Jordan Love,7,-110,1,401547407,,2023-09-10,16:25,59182,Matt Eberflus,-118,00-0036945,Justin Fields,7,-110,Home,,2023091008,-108,0,,202309100chi,Craig Wrolstad,-18,outdoors,1,Soldier Field,CHI98,,,58,41,-112,Sunday,
2023_01_HOU_BAL,2023-09-10,2023,1,REG,HOU,BAL,9,25,DeMeco Ryans,380,00-0039163,C.J. Stroud,7,-110,0,401547396,,2023-09-10,13:00,59175,John Harbaugh,-500,00-0034796,Lamar Jackson,7,-110,Home,,2023091001,-110,0,,202309100rav,Tra Blake,16,outdoors,9.5,M&T Bank Stadium,BAL00,,,34,43.5,-110,Sunday,
2023_01_JAX_IND,2023-09-10,2023,1,REG,JAX,IND,31,21,Doug Pederson,-205,00-0036971,Trevor Lawrence,7,-108,1,401547404,,2023-09-10,13:00,59177,Shane Steichen,170,00-0039164,Anthony Richardson,7,-112,Home,,2023091003,-110,0,,202309100clt,Clay Martin,-10,closed,-4,Lucas Oil Stadium,IND00,,,52,45.5,-110,Sunday,
2023_01_LA_SEA,2023-09-10,2023,1,REG,LA,SEA,30,13,Sean McVay,180,00-0026498,Matthew Stafford,7,-110,1,401547408,,2023-09-10,16:25,59186,Pete Carroll,-218,00-0030565,Geno Smith,7,-110,Home,,2023091012,-110,0,,202309100sea,Shawn Smith,-17,outdoors,4.5,Lumen Field,SEA00,,,43,45,-110,Sunday,
2023_01_LV_DEN,2023-09-10,2023,1,REG,LV,DEN,17,16,Josh McDaniels,136,00-0031345,Jimmy Garoppolo,7,-105,1,401547400,,2023-09-10,16:25,59183,Sean Payton,-162,00-0029263,Russell Wilson,7,-115,Home,,2023091009,-110,0,,202309100den,Bill Vinovich,-1,outdoors,3,Empower Field at Mile High,DEN00,,,33,43,-110,Sunday,
2023_01_MIA_LAC,2023-09-10,2023,1,REG,MIA,LAC,36,34,Mike McDaniel,136,00-0036212,Tua Tagovailoa,7,-110,0,401547401,,2023-09-10,16:25,59184,Brandon Staley,-162,00-0036355,Justin Herbert,7,-110,Home,,2023091010,-110,0,,202309100sdg,Brad Allen,-2,dome,3,SoFi Stadium,LAX01,,,70,50.5,-110,Sunday,
2023_01_PHI_NE,2023-09-10,2023,1,REG,PHI,NE,25,20,Nick Sirianni,-185,00-0036389,Jalen Hurts,7,-110,0,401547402,,2023-09-10,16:25,59185,Bill Belichick,154,00-0036972,Mac Jones,7,-110,Home,,2023091011,-108,0,,202309100nwe,Shawn Hochuli,-5,outdoors,-3.5,Gillette Stadium,BOS00,,,45,44.5,-112,Sunday,
2023_01_SF_PIT,2023-09-10,2023,1,REG,SF,PIT,30,7,Kyle Shanahan,-120,00-0037834,Brock Purdy,7,-108,0,401547405,,2023-09-10,13:00,59180,Mike Tomlin,100,00-0038102,Kenny Pickett,7,-112,Home,,2023091006,-110,0,,202309100pit,Alex Kemp,-23,outdoors,-1.5,Acrisure Stadium,PIT00,,,37,41.5,-110,Sunday,
2023_01_TB_MIN,2023-09-10,2023,1,REG,TB,MIN,20,17,Todd Bowles,170,00-0034855,Baker Mayfield,7,-110,0,401547398,,2023-09-10,13:00,59178,Kevin O'Connell,-205,00-0029604,Kirk Cousins,7,-110,Home,,2023091004,-110,0,,202309100min,Scott Novak,-3,dome,4,U.S. Bank Stadium,MIN01,,,37,45,-110,Sunday,
2023_01_TEN_NO,2023-09-10,2023,1,REG,TEN,NO,15,16,Mike Vrabel,124,00-0029701,Ryan Tannehill,7,-118,0,401547399,,2023-09-10,13:00,59179,Dennis Allen,-148,00-0031280,Derek Carr,7,-102,Home,,2023091005,-110,0,,202309100nor,Ron Torbert,1,dome,3,Mercedes-Benz Superdome,NOR00,,,31,41,-110,Sunday,
2023_01_BUF_NYJ,2023-09-11,2023,1,REG,BUF,NYJ,16,22,Sean McDermott,-135,00-0034857,Josh Allen,7,-110,1,401547352,,2023-09-11,20:15,59188,Robert Saleh,114,00-0023459,Aaron Rodgers,7,-110,Home,,2023091100,-110,1,,202309110nyj,Carl Cheffers,6,outdoors,-2.5,MetLife Stadium,NYC01,,,38,44.5,-110,Monday,
2023_02_MIN_PHI,2023-09-14,2023,2,REG,MIN,PHI,28,34,Kevin O'Connell,195,00-0029604,Kirk Cousins,4,-110,0,401547410,,2023-09-14,20:15,59189,Nick Sirianni,-238,00-0036389,Jalen Hurts,4,-110,Home,,2023091400,-110,0,,202309140phi,Clay Martin,6,outdoors,6,Lincoln Financial Field,PHI00,,,62,49,-110,Thursday,
2023_02_BAL_CIN,2023-09-17,2023,2,REG,BAL,CIN,27,24,John Harbaugh,145,00-0034796,Lamar Jackson,7,-118,1,401547412,,2023-09-17,13:00,59192,Zac Taylor,-175,00-0036442,Joe Burrow,7,-102,Home,,2023091702,-110,0,,202309170cin,Shawn Hochuli,-3,outdoors,3.5,Paycor Stadium,CIN00,,,51,45.5,-110,Sunday,
2023_02_CHI_TB,2023-09-17,2023,2,REG,CHI,TB,17,27,Matt Eberflus,114,00-0036945,Justin Fields,7,-110,0,401547420,,2023-09-17,13:00,59196,Todd Bowles,-135,00-0034855,Baker Mayfield,7,-110,Home,,2023091706,-110,0,,202309170tam,Bill Vinovich,10,outdoors,2.5,Raymond James Stadium,TAM00,,,44,41,-110,Sunday,
2023_02_GB_ATL,2023-09-17,2023,2,REG,GB,ATL,24,25,Matt LaFleur,124,00-0036264,Jordan Love,7,-115,0,401547417,,2023-09-17,13:00,59190,Arthur Smith,-148,00-0038122,Desmond Ridder,7,-105,Home,,2023091700,-110,0,,202309170atl,Tra Blake,1,open,3,Mercedes-Benz Stadium,ATL97,,,49,40.5,-110,Sunday,
2023_02_IND_HOU,2023-09-17,2023,2,REG,IND,HOU,31,20,Shane Steichen,-110,00-0039164,Anthony Richardson,7,-105,1,401547419,,2023-09-17,13:00,59194,DeMeco Ryans,-110,00-0039163,C.J. Stroud,7,-115,Home,,2023091704,-110,0,,202309170htx,Carl Cheffers,-11,open,-1,NRG Stadium,HOU00,,,51,40,-110,Sunday,
2023_02_KC_JAX,2023-09-17,2023,2,REG,KC,JAX,17,9,Andy Reid,-170,00-0033873,Patrick Mahomes,10,-102,0,401547413,,2023-09-17,13:00,59195,Doug Pederson,142,00-0036971,Trevor Lawrence,7,-118,Home,,2023091705,-110,0,,202309170jax,Adrian Hill,-8,outdoors,-3.5,TIAA Bank Stadium,JAX00,,,26,50.5,-110,Sunday,
2023_02_LAC_TEN,2023-09-17,2023,2,REG,LAC,TEN,24,27,Brandon Staley,-142,00-0036355,Justin Herbert,7,-118,0,401547414,,2023-09-17,13:00,59197,Mike Vrabel,120,00-0029701,Ryan Tannehill,7,-102,Home,,2023091707,-110,1,,202309170oti,Alan Eck,3,outdoors,-2.5,Nissan Stadium,NAS00,,,51,45.5,-110,Sunday,
2023_02_LV_BUF,2023-09-17,2023,2,REG,LV,BUF,10,38,Josh McDaniels,280,00-0031345,Jimmy Garoppolo,7,-110,0,401547411,,2023-09-17,13:00,59191,Sean McDermott,-355,00-0034857,Josh Allen,6,-110,Home,,2023091701,-110,0,,202309170buf,Craig Wrolstad,28,outdoors,7.5,New Era Field,BUF00,,,48,47,-110,Sunday,
2023_02_MIA_NE,2023-09-17,2023,2,REG,MIA,NE,24,17,Mike McDaniel,-130,00-0036212,Tua Tagovailoa,7,-112,1,401547423,,2023-09-17,20:20,59202,Bill Belichick,110,00-0036972,Mac Jones,7,-108,Home,,2023091712,-108,0,,202309170nwe,Shawn Smith,-7,outdoors,-2,Gillette Stadium,BOS00,,,41,46.5,-112,Sunday,
2023_02_NYG_ARI,2023-09-17,2023,2,REG,NYG,ARI,31,28,Brian Daboll,-225,00-0035710,Daniel Jones,7,-110,0,401547421,,2023-09-17,16:05,59198,Jonathan Gannon,185,00-0033949,Joshua Dobbs,7,-110,Home,,2023091708,-110,0,,202309170crd,Land Clark,-3,closed,-5,State Farm Stadium,PHO00,,,59,40,-110,Sunday,
2023_02_NYJ_DAL,2023-09-17,2023,2,REG,NYJ,DAL,10,30,Robert Saleh,300,00-0037013,Zach Wilson,6,-110,0,401547415,,2023-09-17,16:25,59200,Mike McCarthy,-380,00-0033077,Dak Prescott,7,-110,Home,,2023091710,-110,0,,202309170dal,Clete Blakeman,20,open,8.5,AT&T Stadium,DAL00,,,40,38.5,-110,Sunday,
2023_02_SEA_DET,2023-09-17,2023,2,REG,SEA,DET,37,31,Pete Carroll,180,00-0030565,Geno Smith,7,-110,0,401547418,,2023-09-17,13:00,59193,Dan Campbell,-218,00-0033106,Jared Goff,10,-110,Home,,2023091703,-112,1,,202309170det,Alex Kemp,-6,dome,4.5,Ford Field,DET00,,,68,47.5,-108,Sunday,
2023_02_SF_LA,2023-09-17,2023,2,REG,SF,LA,30,23,Kyle Shanahan,-340,00-0037834,Brock Purdy,7,-105,1,401547422,,2023-09-17,16:05,59199,Sean McVay,270,00-0026498,Matthew Stafford,7,-115,Home,,2023091709,-110,0,,202309170ram,Brad Allen,-7,dome,-7.5,SoFi Stadium,LAX01,,,53,45,-110,Sunday,
2023_02_WAS_DEN,2023-09-17,2023,2,REG,WAS,DEN,35,33,Ron Rivera,164,00-0037077,Sam Howell,7,-110,0,401547416,,2023-09-17,16:25,59201,Sean Payton,-198,00-0029263,Russell Wilson,7,-110,Home,,2023091711,-110,0,,202309170den,Brad Rogers,-2,outdoors,4,Empower Field at Mile High,DEN00,,,68,38.5,-110,Sunday,
2023_02_CLE_PIT,2023-09-18,2023,2,REG,CLE,PIT,22,26,Kevin Stefanski,-148,00-0033537,Deshaun Watson,8,-115,1,401547424,,2023-09-18,20:15,59204,Mike Tomlin,124,00-0038102,Kenny Pickett,8,-105,Home,,2023091801,-110,0,,202309180pit,Ron Torbert,4,outdoors,-2.5,Acrisure Stadium,PIT00,,,48,39,-110,Monday,
2023_02_NO_CAR,2023-09-18,2023,2,REG,NO,CAR,20,17,Dennis Allen,-175,00-0031280,Derek Carr,8,-118,1,401547425,,2023-09-18,19:15,59203,Frank Reich,145,00-0039150,Bryce Young,8,-102,Home,,2023091800,-112,0,,202309180car,Scott Novak,-3,outdoors,-3,Bank of America Stadium,CAR00,,,37,39.5,-108,Monday,
2023_03_NYG_SF,2023-09-21,2023,3,REG,NYG,SF,12,30,Brian Daboll,400,00-0035710,Daniel Jones,4,-105,0,401547426,,2023-09-21,20:15,59205,Kyle Shanahan,-535,00-0037834,Brock Purdy,4,-115,Home,,2023092100,-112,0,,202309210sfo,Shawn Hochuli,18,outdoors,10.5,Levi's Stadium,SFO01,grass,77,42,43.5,-108,Thursday,13
2023_03_ATL_DET,2023-09-24,2023,3,REG,ATL,DET,6,20,Arthur Smith,140,00-0038122,Desmond Ridder,7,100,0,401547433,,2023-09-24,13:00,59208,Dan Campbell,-166,00-0033106,Jared Goff,7,-120,Home,,2023092402,-112,0,,202309240det,Carl Cheffers,14,dome,3,Ford Field,DET00,fieldturf,,26,47.5,-108,Sunday,
2023_03_BUF_WAS,2023-09-24,2023,3,REG,BUF,WAS,37,3,Sean McDermott,-245,00-0034857,Josh Allen,7,-115,0,401547431,,2023-09-24,13:00,59214,Ron Rivera,200,00-0037077,Sam Howell,7,-105,Home,,2023092408,-112,0,,202309240was,Land Clark,-34,outdoors,-5.5,FedExField,WAS00,grass,65,40,44,-108,Sunday,1
2023_03_CAR_SEA,2023-09-24,2023,3,REG,CAR,SEA,27,37,Frank Reich,185,00-0027973,Andy Dalton,6,-110,0,401547432,,2023-09-24,16:05,59215,Pete Carroll,-225,00-0030565,Geno Smith,7,-110,Home,,2023092409,-110,0,,202309240sea,Ron Torbert,10,outdoors,5,Lumen Field,SEA00,fieldturf,61,64,42.5,-110,Sunday,2
2023_03_CHI_KC,2023-09-24,2023,3,REG,CHI,KC,10,41,Matt Eberflus,525,00-0036945,Justin Fields,7,-110,0,401547438,,2023-09-24,16:25,59217,Andy Reid,-750,00-0033873,Patrick Mahomes,7,-110,Home,,2023092411,-110,0,,202309240kan,Alan Eck,31,outdoors,13,GEHA Field at Arrowhead Stadium,KAN00,grass,,51,48,-110,Sunday,
2023_03_DAL_ARI,2023-09-24,2023,3,REG,DAL,ARI,16,28,Mike McCarthy,-650,00-0033077,Dak Prescott,7,-110,0,401547437,,2023-09-24,16:25,59216,Jonathan Gannon,470,00-0033949,Joshua Dobbs,7,-110,Home,,2023092410,-110,0,,202309240crd,Alex Kemp,12,open,-11.5,State Farm Stadium,PHO00,grass,,44,43.5,-110,Sunday,
2023_03_DEN_MIA,2023-09-24,2023,3,REG,DEN,MIA,20,70,Sean Payton,205,00-0029263,Russell Wilson,7,-110,0,401547429,,2023-09-24,13:00,59211,Mike McDaniel,-250,00-0036212,Tua Tagovailoa,7,-110,Home,,2023092405,-110,0,,202309240mia,Clay Martin,50,outdoors,6,Hard Rock Stadium,MIA00,grass,86,90,47.5,-110,Sunday,5
2023_03_HOU_JAX,2023-09-24,2023,3,REG,HOU,JAX,37,17,DeMeco Ryans,300,00-0039163,C.J. Stroud,7,-110,1,401547435,,2023-09-24,13:00,59210,Doug Pederson,-380,00-0036971,Trevor Lawrence,7,-110,Home,,2023092404,-110,0,,202309240jax,Scott Novak,-20,outdoors,7.5,TIAA Bank Stadium,JAX00,grass,84,54,43.5,-110,Sunday,6
2023_03_IND_BAL,2023-09-24,2023,3,REG,IND,BAL,22,19,Shane Steichen,300,00-0035289,Gardner Minshew,7,-110,0,401547427,,2023-09-24,13:00,59206,John Harbaugh,-380,00-0034796,Lamar Jackson,7,-110,Home,,2023092400,-110,1,,202309240rav,Clete Blakeman,-3,outdoors,7.5,M&T Bank Stadium,BAL00,grass,68,41,43.5,-110,Sunday,3
2023_03_LAC_MIN,2023-09-24,2023,3,REG,LAC,MIN,28,24,Brandon Staley,-110,00-0036355,Justin Herbert,7,-115,0,401547436,,2023-09-24,13:00,59212,Kevin O'Connell,-110,00-0029604,Kirk Cousins,10,-105,Home,,2023092406,-110,0,,202309240min,Shawn Smith,-4,dome,1,U.S. Bank Stadium,MIN01,sportturf,,52,54,-110,Sunday,
2023_03_NE_NYJ,2023-09-24,2023,3,REG,NE,NYJ,15,10,Bill Belichick,-142,00-0036972,Mac Jones,7,-112,1,401547430,,2023-09-24,13:00,59213,Robert Saleh,120,00-0037013,Zach Wilson,7,-108,Home,,2023092407,-110,0,,202309240nyj,Bill Vinovich,-5,outdoors,-2.5,MetLife Stadium,NYC01,fieldturf,64,25,35.5,-110,Sunday,14
2023_03_NO_GB,2023-09-24,2023,3,REG,NO,GB,17,18,Dennis Allen,-125,00-0031280,Derek Carr,6,-110,0,401547434,,2023-09-24,13:00,59209,Matt LaFleur,105,00-0036264,Jordan Love,7,-110,Home,,2023092403,-110,0,,202309240gnb,Brad Rogers,1,outdoors,-1.5,Lambeau Field,GNB00,grass,68,35,41.5,-110,Sunday,10
2023_03_PIT_LV,2023-09-24,2023,3,REG,PIT,LV,23,18,Mike Tomlin,124,00-0038102,Kenny Pickett,6,-110,0,401547439,,2023-09-24,20:20,59218,Josh McDaniels,-148,00-0031345,Jimmy Garoppolo,7,-110,Home,,2023092412,-110,0,,202309240rai,Tra Blake,-5,dome,3,Allegiant Stadium,VEG00,grass,,41,43.5,-110,Sunday,
2023_03_TEN_CLE,2023-09-24,2023,3,REG,TEN,CLE,3,27,Mike Vrabel,154,00-0029701,Ryan Tannehill,7,-110,0,401547428,,2023-09-24,13:00,59207,Kevin Stefanski,-185,00-0033537,Deshaun Watson,6,-110,Home,,2023092401,-110,0,,202309240cle,Craig Wrolstad,24,outdoors,3.5,FirstEnergy Stadium,CLE00,grass,68,30,38,-110,Sunday,5
2023_03_LA_CIN,2023-09-25,2023,3,REG,LA,CIN,16,19,Sean McVay,136,00-0026498,Matthew Stafford,8,100,0,401547441,,2023-09-25,20:15,59220,Zac Taylor,-162,00-0036442,Joe Burrow,8,-120,Home,,2023092501,-112,0,,202309250cin,John Hussey,3,outdoors,3,Paycor Stadium,CIN00,fieldturf,74,35,45.5,-108,Monday,7
2023_03_PHI_TB,2023-09-25,2023,3,REG,PHI,TB,25,11,Nick Sirianni,-258,00-0036389,Jalen Hurts,11,-110,0,401547440,,2023-09-25,19:15,59219,Todd Bowles,210,00-0034855,Baker Mayfield,8,-110,Home,,2023092500,-112,0,,202309250tam,Adrian Hill,-14,outdoors,-6,Raymond James Stadium,TAM00,grass,90,36,44,-108,Monday,4
2023_04_DET_GB,2023-09-28,2023,4,REG,DET,GB,34,20,Dan Campbell,-142,00-0033106,Jared Goff,4,-118,1,401547442,,2023-09-28,20:15,59221,Matt LaFleur,120,00-0036264,Jordan Love,4,-102,Home,,2023092800,-110,0,,202309280gnb,Alan Eck,-14,outdoors,-2.5,Lambeau Field,GNB00,grass,64,54,45,-110,Thursday,8
2023_04_ARI_SF,2023-10-01,2023,4,REG,ARI,SF,16,35,Jonathan Gannon,700,00-0033949,Joshua Dobbs,7,-108,1,401547454,,2023-10-01,16:25,59234,Kyle Shanahan,-1100,00-0037834,Brock Purdy,10,-112,Home,,2023100112,-115,0,,202310010sfo,Clete Blakeman,19,outdoors,15,Levi's Stadium,SFO01,grass,75,51,44,-105,Sunday,9
2023_04_ATL_JAX,2023-10-01,2023,4,REG,ATL,JAX,7,23,Arthur Smith,154,00-0038122,Desmond Ridder,7,-110,0,401547227,,2023-10-01,09:30,59222,Doug Pederson,-185,00-0036971,Trevor Lawrence,7,-110,Neutral,,2023100100,-108,0,,202310010jax,Craig Wrolstad,16,outdoors,3.5,Wembley Stadium,LON00,,,30,42.5,-112,Sunday,
2023_04_BAL_CLE,2023-10-01,2023,4,REG,BAL,CLE,28,3,John Harbaugh,-135,00-0034796,Lamar Jackson,7,-110,1,401547445,,2023-10-01,13:00,59226,Kevin Stefanski,114,00-0038583,Dorian Thompson-Robinson,7,-110,Home,,2023100104,-110,0,,202310010cle,Brad Allen,-25,outdoors,-2,FirstEnergy Stadium,CLE00,grass,71,31,38.5,-110,Sunday,7
2023_04_CIN_TEN,2023-10-01,2023,4,REG,CIN,TEN,3,27,Zac Taylor,-162,00-0036442,Joe Burrow,6,-120,0,401547452,,2023-10-01,13:00,59231,Mike Vrabel,136,00-0029701,Ryan Tannehill,7,100,Home,,2023100109,-112,0,,202310010oti,Shawn Smith,24,outdoors,-2.5,Nissan Stadium,NAS00,grass,82,30,41.5,-108,Sunday,4
2023_04_DEN_CHI,2023-10-01,2023,4,REG,DEN,CHI,31,28,Sean Payton,-162,00-0029263,Russell Wilson,7,-112,0,401547444,,2023-10-01,13:00,59225,Matt Eberflus,136,00-0036945,Justin Fields,7,-108,Home,,2023100103,-110,0,,202310010chi,Carl Cheffers,-3,outdoors,-3,Soldier Field,CHI98,grass,80,59,47,-110,Sunday,2
2023_04_KC_NYJ,2023-10-01,2023,4,REG,KC,NYJ,23,20,Andy Reid,-485,00-0033873,Patrick Mahomes,7,-110,0,401547455,,2023-10-01,20:20,59235,Robert Saleh,370,00-0037013,Zach Wilson,7,-110,Home,,2023100113,-115,0,,202310010nyj,Alex Kemp,-3,outdoors,-9.5,MetLife Stadium,NYC01,fieldturf,69,43,41.5,-105,Sunday,5
2023_04_LA_IND,2023-10-01,2023,4,REG,LA,IND,29,23,Sean McVay,-115,00-0026498,Matthew Stafford,6,-110,0,401547449,,2023-10-01,13:00,59228,Shane Steichen,-105,00-0039164,Anthony Richardson,7,-110,Home,,2023100106,-110,1,,202310010clt,Land Clark,-6,open,-1,Lucas Oil Stadium,IND00,fieldturf,,52,44.5,-110,Sunday,
2023_04_LV_LAC,2023-10-01,2023,4,REG,LV,LAC,17,24,Josh McDaniels,250,00-0038579,Aidan O'Connell,7,-115,1,401547447,,2023-10-01,16:05,59232,Brandon Staley,-310,00-0036355,Justin Herbert,7,-105,Home,,2023100110,-110,0,,202310010sdg,John Hussey,7,dome,7,SoFi Stadium,LAX01,matrixturf,,41,49,-110,Sunday,
2023_04_MIA_BUF,2023-10-01,2023,4,REG,MIA,BUF,20,48,Mike McDaniel,120,00-0036212,Tua Tagovailoa,7,100,1,401547443,,2023-10-01,13:00,59223,Sean McDermott,-142,00-0034857,Josh Allen,7,-120,Home,,2023100101,-110,0,,202310010buf,Adrian Hill,28,outdoors,2.5,New Era Field,BUF00,a_turf,70,68,53,-110,Sunday,2
2023_04_MIN_CAR,2023-10-01,2023,4,REG,MIN,CAR,21,13,Kevin O'Connell,-225,00-0029604,Kirk Cousins,7,-112,0,401547448,,2023-10-01,13:00,59224,Frank Reich,185,00-0039150,Bryce Young,7,-108,Home,,2023100102,-110,0,,202310010car,Tra Blake,-8,outdoors,-4.5,Bank of America Stadium,CAR00,grass,78,34,46.5,-110,Sunday,7
2023_04_NE_DAL,2023-10-01,2023,4,REG,NE,DAL,3,38,Bill Belichick,230,00-0036972,Mac Jones,7,-108,0,401547453,,2023-10-01,16:25,59233,Mike McCarthy,-285,00-0033077,Dak Prescott,7,-112,Home,,2023100111,-110,0,,202310010dal,Scott Novak,35,closed,6.5,AT&T Stadium,DAL00,matrixturf,,41,43,-110,Sunday,
2023_04_PIT_HOU,2023-10-01,2023,4,REG,PIT,HOU,6,30,Mike Tomlin,-162,00-0038102,Kenny Pickett,7,-110,0,401547446,,2023-10-01,13:00,59227,DeMeco Ryans,136,00-0039163,C.J. Stroud,7,-110,Home,,2023100105,-110,0,,202310010htx,Bill Vinovich,24,open,-3,NRG Stadium,HOU00,astroturf,,36,41.5,-110,Sunday,
2023_04_TB_NO,2023-10-01,2023,4,REG,TB,NO,26,9,Todd Bowles,170,00-0034855,Baker Mayfield,6,-110,1,401547450,,2023-10-01,13:00,59229,Dennis Allen,-205,00-0031280,Derek Carr,7,-110,Home,,2023100107,-110,0,,202310010nor,Shawn Hochuli,-17,dome,4,Mercedes-Benz Superdome,NOR00,sportturf,,35,41,-110,Sunday,
2023_04_WAS_PHI,2023-10-01,2023,4,REG,WAS,PHI,31,34,Ron Rivera,350,00-0037077,Sam Howell,7,-110,1,401547451,,2023-10-01,13:00,59230,Nick Sirianni,-455,00-0036389,Jalen Hurts,6,-110,Home,,2023100108,-110,1,,202310010phi,Ron Torbert,3,outdoors,9.5,Lincoln Financial Field,PHI00,grass,,65,43,-110,Sunday,
2023_04_SEA_NYG,2023-10-02,2023,4,REG,SEA,NYG,24,3,Pete Carroll,-142,00-0030565,Geno Smith,8,-115,0,401547456,,2023-10-02,20:15,59236,Brian Daboll,120,00-0035710,Daniel Jones,11,-105,Home,,2023100200,-105,0,,202310020nyg,Brad Rogers,-21,outdoors,-2.5,MetLife Stadium,NYC01,fieldturf,67,27,46.5,-115,Monday,8
2023_05_CHI_WAS,2023-10-05,2023,5,REG,CHI,WAS,40,20,Matt Eberflus,210,00-0036945,Justin Fields,4,-110,0,401547457,,2023-10-05,20:15,59237,Ron Rivera,-258,00-0037077,Sam Howell,4,-110,Home,,2023100500,-108,0,,202310050was,Scott Novak,-20,outdoors,6,FedExField,WAS00,grass,70,60,45.5,-112,Thursday,1
2023_05_BAL_PIT,2023-10-08,2023,5,REG,BAL,PIT,10,17,John Harbaugh,-230,00-0034796,Lamar Jackson,7,-112,1,401547460,,2023-10-08,13:00,59244,Mike Tomlin,190,00-0038102,Kenny Pickett,7,-108,Home,,2023100806,-110,0,,202310080pit,Carl Cheffers,7,outdoors,-4.5,Acrisure Stadium,PIT00,grass,53,27,38.5,-110,Sunday,13
2023_05_CAR_DET,2023-10-08,2023,5,REG,CAR,DET,24,42,Frank Reich,350,00-0039150,Bryce Young,7,-110,0,401547464,,2023-10-08,13:00,59240,Dan Campbell,-455,00-0033106,Jared Goff,10,-110,Home,,2023100802,-110,0,,202310080det,Adrian Hill,18,dome,9.5,Ford Field,DET00,fieldturf,,66,43.5,-110,Sunday,
2023_05_CIN_ARI,2023-10-08,2023,5,REG,CIN,ARI,34,20,Zac Taylor,-170,00-0036442,Joe Burrow,7,-120,0,401547466,,2023-10-08,16:05,59245,Jonathan Gannon,142,00-0033949,Joshua Dobbs,7,100,Home,,2023100807,-110,0,,202310080crd,Clay Martin,-14,closed,-3,State Farm Stadium,PHO00,grass,,54,45.5,-110,Sunday,
2023_05_DAL_SF,2023-10-08,2023,5,REG,DAL,SF,10,42,Mike McCarthy,150,00-0033077,Dak Prescott,7,-115,0,401547354,,2023-10-08,20:20,59249,Kyle Shanahan,-180,00-0037834,Brock Purdy,7,-105,Home,,2023100811,-115,0,,202310080sfo,Alan Eck,32,outdoors,3.5,Levi's Stadium,SFO01,grass,78,52,45,-105,Sunday,10
2023_05_HOU_ATL,2023-10-08,2023,5,REG,HOU,ATL,19,21,DeMeco Ryans,120,00-0039163,C.J. Stroud,7,-110,0,401547463,,2023-10-08,13:00,59239,Arthur Smith,-142,00-0038122,Desmond Ridder,7,-110,Home,,2023100801,-110,0,,202310080atl,Shawn Hochuli,2,open,2.5,Mercedes-Benz Stadium,ATL97,fieldturf,,40,42,-110,Sunday,
2023_05_JAX_BUF,2023-10-08,2023,5,REG,JAX,BUF,25,20,Doug Pederson,205,00-0036971,Trevor Lawrence,7,-110,0,401547228,,2023-10-08,09:30,59238,Sean McDermott,-250,00-0034857,Josh Allen,7,-110,Neutral,,2023100800,-112,0,,202310080buf,Shawn Smith,-5,outdoors,5.5,Tottenham Stadium,LON02,,,45,48.5,-108,Sunday,
2023_05_KC_MIN,2023-10-08,2023,5,REG,KC,MIN,27,20,Andy Reid,-180,00-0033873,Patrick Mahomes,7,-105,0,401547462,,2023-10-08,16:25,59248,Kevin O'Connell,150,00-0029604,Kirk Cousins,7,-115,Home,,2023100810,-110,0,,202310080min,Land Clark,-7,dome,-3.5,U.S. Bank Stadium,MIN01,sportturf,,47,52.5,-110,Sunday,
2023_05_NO_NE,2023-10-08,2023,5,REG,NO,NE,34,0,Dennis Allen,114,00-0031280,Derek Carr,7,-110,0,401547459,,2023-10-08,13:00,59243,Bill Belichick,-135,00-0036972,Mac Jones,7,-110,Home,,2023100805,-110,0,,202310080nwe,Alex Kemp,-34,outdoors,2.5,Gillette Stadium,BOS00,fieldturf,61,34,38.5,-110,Sunday,10
2023_05_NYG_MIA,2023-10-08,2023,5,REG,NYG,MIA,16,31,Brian Daboll,525,00-0035710,Daniel Jones,6,-110,0,401547465,,2023-10-08,13:00,59242,Mike McDaniel,-750,00-0036212,Tua Tagovailoa,7,-110,Home,,2023100804,-112,0,,202310080mia,Ron Torbert,15,outdoors,12.5,Hard Rock Stadium,MIA00,grass,88,47,47.5,-108,Sunday,8
2023_05_NYJ_DEN,2023-10-08,2023,5,REG,NYJ,DEN,31,21,Robert Saleh,114,00-0037013,Zach Wilson,7,-110,0,401547461,,2023-10-08,16:25,59247,Sean Payton,-135,00-0029263,Russell Wilson,7,-110,Home,,2023100809,-110,0,,202310080den,John Hussey,-10,outdoors,2.5,Empower Field at Mile High,DEN00,grass,73,52,42.5,-110,Sunday,9
2023_05_PHI_LA,2023-10-08,2023,5,REG,PHI,LA,23,14,Nick Sirianni,-192,00-0036389,Jalen Hurts,7,-110,0,401547467,,2023-10-08,16:05,59246,Sean McVay,160,00-0026498,Matthew Stafford,7,-110,Home,,2023100808,-110,0,,202310080ram,Bill Vinovich,-9,dome,-3.5,SoFi Stadium,LAX01,matrixturf,,37,50.5,-110,Sunday,
2023_05_TEN_IND,2023-10-08,2023,5,REG,TEN,IND,16,23,Mike Vrabel,-142,00-0029701,Ryan Tannehill,7,-110,1,401547458,,2023-10-08,13:00,59241,Shane Steichen,120,00-0039164,Anthony Richardson,7,-110,Home,,2023100803,-110,0,,202310080clt,Brad Rogers,7,open,-2.5,Lucas Oil Stadium,IND00,fieldturf,,39,43.5,-110,Sunday,
2023_05_GB_LV,2023-10-09,2023,5,REG,GB,LV,13,17,Matt LaFleur,-102,00-0036264,Jordan Love,11,-110,0,401547468,,2023-10-09,20:15,59250,Josh McDaniels,-118,00-0031345,Jimmy Garoppolo,8,-110,Home,,2023100900,-110,0,,202310090rai,Alan Eck,4,dome,1,Allegiant Stadium,VEG00,grass,,30,45,-110,Monday,
2023_06_DEN_KC,2023-10-12,2023,6,REG,DEN,KC,8,19,Sean Payton,470,00-0029263,Russell Wilson,4,-108,1,401547469,,2023-10-12,20:15,59251,Andy Reid,-650,00-0033873,Patrick Mahomes,4,-112,Home,,2023101200,-108,0,,202310120kan,Shawn Hochuli,11,outdoors,10.5,GEHA Field at Arrowhead Stadium,KAN00,grass,,27,47.5,-112,Thursday,
2023_06_ARI_LA,2023-10-15,2023,6,REG,ARI,LA,9,26,Jonathan Gannon,270,00-0033949,Joshua Dobbs,7,-105,1,401547479,,2023-10-15,16:25,59262,Sean McVay,-340,00-0026498,Matthew Stafford,7,-115,Home,,2023101510,-110,0,,202310150ram,Ron Torbert,17,dome,7,SoFi Stadium,LAX01,matrixturf,,35,48,-110,Sunday,
2023_06_BAL_TEN,2023-10-15,2023,6,REG,BAL,TEN,24,16,John Harbaugh,-250,00-0034796,Lamar Jackson,7,-112,0,401547229,,2023-10-15,09:30,59252,Mike Vrabel,205,00-0029701,Ryan Tannehill,7,-108,Neutral,,2023101500,-110,0,,202310150oti,Bill Vinovich,-8,outdoors,-5.5,Tottenham Stadium,LON02,,,40,42.5,-110,Sunday,
2023_06_CAR_MIA,2023-10-15,2023,6,REG,CAR,MIA,21,42,Frank Reich,700,00-0039150,Bryce Young,7,-110,0,401547473,,2023-10-15,13:00,59259,Mike McDaniel,-1100,00-0036212,Tua Tagovailoa,7,-110,Home,,2023101507,-108,0,,202310150mia,Craig Wrolstad,21,outdoors,14,Hard Rock Stadium,MIA00,grass,87,63,47.5,-112,Sunday,12
2023_06_DET_TB,2023-10-15,2023,6,REG,DET,TB,20,6,Dan Campbell,-162,00-0033106,Jared Goff,7,-115,0,401547478,,2023-10-15,16:25,59260,Todd Bowles,136,00-0034855,Baker Mayfield,14,-105,Home,,2023101508,-108,0,,202310150tam,Clay Martin,-14,outdoors,-3,Raymond James Stadium,TAM00,grass,77,26,43.5,-112,Sunday,13
2023_06_IND_JAX,2023-10-15,2023,6,REG,IND,JAX,20,37,Shane Steichen,170,00-0035289,Gardner Minshew,7,-110,1,401547472,,2023-10-15,13:00,59258,Doug Pederson,-205,00-0036971,Trevor Lawrence,7,-110,Home,,2023101506,-110,0,,202310150jax,Alex Kemp,17,outdoors,4,TIAA Bank Stadium,JAX00,grass,,57,44,-110,Sunday,
2023_06_MIN_CHI,2023-10-15,2023,6,REG,MIN,CHI,19,13,Kevin O'Connell,-166,00-0029604,Kirk Cousins,7,-115,1,401547475,,2023-10-15,13:00,59254,Matt Eberflus,140,00-0036945,Justin Fields,10,-105,Home,,2023101502,-108,0,,202310150chi,Brad Allen,-6,outdoors,-3,Soldier Field,CHI98,grass,53,32,44.5,-112,Sunday,16
2023_06_NE_LV,2023-10-15,2023,6,REG,NE,LV,17,21,Bill Belichick,124,00-0036972,Mac Jones,7,-118,0,401547474,,2023-10-15,16:05,59261,Josh McDaniels,-148,00-0031345,Jimmy Garoppolo,6,-102,Home,,2023101509,-110,0,,202310150rai,Brad Rogers,4,dome,3,Allegiant Stadium,VEG00,grass,,38,41.5,-110,Sunday,
2023_06_NO_HOU,2023-10-15,2023,6,REG,NO,HOU,13,20,Dennis Allen,-130,00-0031280,Derek Carr,7,-110,0,401547477,,2023-10-15,13:00,59257,DeMeco Ryans,110,00-0039163,C.J. Stroud,7,-110,Home,,2023101505,-108,0,,202310150htx,Alan Eck,7,closed,-2,NRG Stadium,HOU00,astroturf,,33,42.5,-112,Sunday,
2023_06_NYG_BUF,2023-10-15,2023,6,REG,NYG,BUF,9,14,Brian Daboll,750,00-0028118,Tyrod Taylor,7,-110,0,401547481,,2023-10-15,20:20,59264,Sean McDermott,-1200,00-0034857,Josh Allen,7,-110,Home,,2023101512,-110,0,,202310150buf,Tra Blake,5,outdoors,15.5,New Era Field,BUF00,a_turf,46,23,43.5,-110,Sunday,7
2023_06_PHI_NYJ,2023-10-15,2023,6,REG,PHI,NYJ,14,20,Nick Sirianni,-305,00-0036389,Jalen Hurts,7,-115,0,401547480,,2023-10-15,16:25,59263,Robert Saleh,245,00-0037013,Zach Wilson,7,-105,Home,,2023101511,-115,0,,202310150nyj,Scott Novak,6,outdoors,-6.5,MetLife Stadium,NYC01,fieldturf,59,34,43,-105,Sunday,11
2023_06_SEA_CIN,2023-10-15,2023,6,REG,SEA,CIN,13,17,Pete Carroll,130,00-0030565,Geno Smith,13,-112,0,401547471,,2023-10-15,13:00,59255,Zac Taylor,-155,00-0036442,Joe Burrow,7,-108,Home,,2023101503,-112,0,,202310150cin,Adrian Hill,4,outdoors,3,Paycor Stadium,CIN00,fieldturf,57,30,45.5,-108,Sunday,15
2023_06_SF_CLE,2023-10-15,2023,6,REG,SF,CLE,17,19,Kyle Shanahan,-470,00-0037834,Brock Purdy,7,-115,0,401547476,,2023-10-15,13:00,59256,Kevin Stefanski,360,00-0033275,Phillip Walker,14,-105,Home,,2023101504,-110,0,,202310150cle,John Hussey,2,outdoors,-9.5,FirstEnergy Stadium,CLE00,grass,53,36,36,-110,Sunday,15
2023_06_WAS_ATL,2023-10-15,2023,6,REG,WAS,ATL,24,16,Ron Rivera,105,00-0037077,Sam Howell,10,-108,0,401547470,,2023-10-15,13:00,59253,Arthur Smith,-125,00-0038122,Desmond Ridder,7,-112,Home,,2023101501,-110,0,,202310150atl,Clete Blakeman,-8,closed,1.5,Mercedes-Benz Stadium,ATL97,fieldturf,,40,42,-110,Sunday,
2023_06_DAL_LAC,2023-10-16,2023,6,REG,DAL,LAC,20,17,Mike McCarthy,-130,00-0033077,Dak Prescott,8,-112,0,401547482,,2023-10-16,20:15,59265,Brandon Staley,110,00-0036355,Justin Herbert,15,-108,Home,,2023101600,-112,0,,202310160sdg,Land Clark,-3,dome,-1.5,SoFi Stadium,LAX01,matrixturf,,37,49.5,-108,Monday,
2023_07_JAX_NO,2023-10-19,2023,7,REG,JAX,NO,31,24,Doug Pederson,124,00-0036971,Trevor Lawrence,4,-108,0,401547483,,2023-10-19,20:15,59266,Dennis Allen,-148,00-0031280,Derek Carr,4,-112,Home,,2023101900,-110,0,,202310190nor,Land Clark,-7,dome,2.5,Mercedes-Benz Superdome,NOR00,sportturf,,55,41,-110,Thursday,
2023_07_ARI_SEA,2023-10-22,2023,7,REG,ARI,SEA,10,20,Jonathan Gannon,350,00-0033949,Joshua Dobbs,7,-112,1,401547493,,2023-10-22,16:05,59274,Pete Carroll,-455,00-0030565,Geno Smith,7,-108,Home,,2023102207,-110,0,,202310220sea,Scott Novak,10,outdoors,9.5,Lumen Field,SEA00,fieldturf,56,30,43.5,-110,Sunday,5
2023_07_ATL_TB,2023-10-22,2023,7,REG,ATL,TB,16,13,Arthur Smith,124,00-0038122,Desmond Ridder,7,-115,1,401547491,,2023-10-22,13:00,59272,Todd Bowles,-148,00-0034855,Baker Mayfield,7,-105,Home,,2023102205,-105,0,,202310220tam,Ron Torbert,-3,outdoors,3,Raymond James Stadium,TAM00,grass,79,29,37.5,-115,Sunday,3
2023_07_BUF_NE,2023-10-22,2023,7,REG,BUF,NE,25,29,Sean McDermott,-395,00-0034857,Josh Allen,7,-110,1,401547485,,2023-10-22,13:00,59270,Bill Belichick,310,00-0036972,Mac Jones,7,-110,Home,,2023102203,-110,0,,202310220nwe,Clete Blakeman,4,outdoors,-7.5,Gillette Stadium,BOS00,fieldturf,55,54,41,-110,Sunday,13
2023_07_CLE_IND,2023-10-22,2023,7,REG,CLE,IND,39,38,Kevin Stefanski,-180,00-0033537,Deshaun Watson,7,-108,0,401547484,,2023-10-22,13:00,59269,Shane Steichen,150,00-0035289,Gardner Minshew,7,-112,Home,,2023102202,-110,0,,202310220clt,Shawn Smith,-1,open,-3.5,Lucas Oil Stadium,IND00,fieldturf,,77,40,-110,Sunday,
2023_07_DET_BAL,2023-10-22,2023,7,REG,DET,BAL,6,38,Dan Campbell,136,00-0033106,Jared Goff,7,-105,0,401547489,,2023-10-22,13:00,59267,John Harbaugh,-162,00-0034796,Lamar Jackson,7,-115,Home,,2023102200,-112,0,,202310220rav,Brad Rogers,32,outdoors,3,M&T Bank Stadium,BAL00,grass,62,44,43.5,-108,Sunday,16
2023_07_GB_DEN,2023-10-22,2023,7,REG,GB,DEN,17,19,Matt LaFleur,-102,00-0036264,Jordan Love,13,-112,0,401547487,,2023-10-22,16:25,59275,Sean Payton,-118,00-0029263,Russell Wilson,10,-108,Home,,2023102208,-110,0,,202310220den,Alex Kemp,2,outdoors,1.5,Empower Field at Mile High,DEN00,grass,72,36,44,-110,Sunday,9
2023_07_LAC_KC,2023-10-22,2023,7,REG,LAC,KC,17,31,Brandon Staley,215,00-0036355,Justin Herbert,6,-105,1,401547488,,2023-10-22,16:25,59276,Andy Reid,-265,00-0033873,Patrick Mahomes,10,-115,Home,,2023102209,-112,0,,202310220kan,Tra Blake,14,outdoors,5.5,GEHA Field at Arrowhead Stadium,KAN00,grass,72,48,48.5,-108,Sunday,10
2023_07_LV_CHI,2023-10-22,2023,7,REG,LV,CHI,12,30,Josh McDaniels,-142,00-0026625,Brian Hoyer,7,-110,0,401547490,,2023-10-22,13:00,59268,Matt Eberflus,120,00-0038416,Tyson Bagent,7,-110,Home,,2023102201,-110,0,,202310220chi,Clay Martin,18,outdoors,-2.5,Soldier Field,CHI98,grass,52,42,38.5,-110,Sunday,8
2023_07_MIA_PHI,2023-10-22,2023,7,REG,MIA,PHI,17,31,Mike McDaniel,130,00-0036212,Tua Tagovailoa,7,-112,0,401547494,,2023-10-22,20:20,59277,Nick Sirianni,-155,00-0036389,Jalen Hurts,7,-108,Home,,2023102210,-110,0,,202310220phi,Brad Allen,14,outdoors,3,Lincoln Financial Field,PHI00,grass,55,48,52,-110,Sunday,17
2023_07_PIT_LA,2023-10-22,2023,7,REG,PIT,LA,24,17,Mike Tomlin,145,00-0038102,Kenny Pickett,14,-118,0,401547492,,2023-10-22,16:05,59273,Sean McVay,-175,00-0026498,Matthew Stafford,7,-102,Home,,2023102206,-108,0,,202310220ram,Craig Wrolstad,-7,dome,3.5,SoFi Stadium,LAX01,matrixturf,,41,44,-112,Sunday,
2023_07_WAS_NYG,2023-10-22,2023,7,REG,WAS,NYG,7,14,Ron Rivera,-162,00-0037077,Sam Howell,7,-108,1,401547486,,2023-10-22,13:00,59271,Brian Daboll,136,00-0028118,Tyrod Taylor,7,-112,Home,,2023102204,-108,0,,202310220nyg,John Hussey,7,outdoors,-3,MetLife Stadium,NYC01,fieldturf,54,21,37,-112,Sunday,14
2023_07_SF_MIN,2023-10-23,2023,7,REG,SF,MIN,17,22,Kyle Shanahan,-325,00-0037834,Brock Purdy,8,-105,0,401547495,,2023-10-23,20:15,59278,Kevin O'Connell,260,00-0029604,Kirk Cousins,8,-115,Home,,2023102300,-110,0,,202310230min,Carl Cheffers,5,dome,-7,U.S. Bank Stadium,MIN01,sportturf,,39,44.5,-110,Monday,
2023_08_TB_BUF,2023-10-26,2023,8,REG,TB,BUF,18,24,Todd Bowles,370,00-0034855,Baker Mayfield,4,-112,0,401547496,,2023-10-26,20:15,59279,Sean McDermott,-485,00-0034857,Josh Allen,4,-108,Home,,2023102600,-110,0,,202310260buf,Scott Novak,6,outdoors,10,New Era Field,BUF00,a_turf,66,42,43,-110,Thursday,10
2023_08_ATL_TEN,2023-10-29,2023,8,REG,ATL,TEN,23,28,Arthur Smith,-130,00-0038122,Desmond Ridder,7,-110,0,401547500,,2023-10-29,13:00,59287,Mike Vrabel,110,00-0039152,Will Levis,14,-110,Home,,2023102907,-110,0,,202310290oti,Clay Martin,5,outdoors,-2.5,Nissan Stadium,NAS00,grass,77,51,35,-110,Sunday,7
2023_08_BAL_ARI,2023-10-29,2023,8,REG,BAL,ARI,31,24,John Harbaugh,-500,00-0034796,Lamar Jackson,7,-110,0,401547501,,2023-10-29,16:25,59290,Jonathan Gannon,380,00-0033949,Joshua Dobbs,7,-110,Home,,2023102910,-110,0,,202310290crd,Tra Blake,-7,closed,-9.5,State Farm Stadium,PHO00,grass,,55,44.5,-110,Sunday,
2023_08_CHI_LAC,2023-10-29,2023,8,REG,CHI,LAC,13,30,Matt Eberflus,340,00-0038416,Tyson Bagent,7,-108,0,401547510,,2023-10-29,20:20,59293,Brandon Staley,-440,00-0036355,Justin Herbert,7,-112,Home,,2023102913,-108,0,,202310290sdg,Brad Rogers,17,dome,9.5,SoFi Stadium,LAX01,matrixturf,,43,46,-112,Sunday,
2023_08_CIN_SF,2023-10-29,2023,8,REG,CIN,SF,31,17,Zac Taylor,170,00-0036442,Joe Burrow,14,-105,0,401547503,,2023-10-29,16:25,59292,Kyle Shanahan,-205,00-0037834,Brock Purdy,6,-115,Home,,2023102912,-110,0,,202310290sfo,Ron Torbert,-14,outdoors,4,Levi's Stadium,SFO01,grass,74,48,44,-110,Sunday,10
2023_08_CLE_SEA,2023-10-29,2023,8,REG,CLE,SEA,20,24,Kevin Stefanski,164,00-0033275,Phillip Walker,7,-110,0,401547509,,2023-10-29,16:05,59289,Pete Carroll,-198,00-0030565,Geno Smith,7,-110,Home,,2023102909,-108,0,,202310290sea,Bill Vinovich,4,outdoors,4,Lumen Field,SEA00,fieldturf,47,44,39.5,-112,Sunday,3
2023_08_HOU_CAR,2023-10-29,2023,8,REG,HOU,CAR,13,15,DeMeco Ryans,-162,00-0039163,C.J. Stroud,14,-118,0,401547504,,2023-10-29,13:00,59280,Frank Reich,136,00-0039150,Bryce Young,14,-102,Home,,2023102900,-110,0,,202310290car,John Hussey,2,outdoors,-3,Bank of America Stadium,CAR00,grass,77,28,43,-110,Sunday,14
2023_08_JAX_PIT,2023-10-29,2023,8,REG,JAX,PIT,20,10,Doug Pederson,-135,00-0036971,Trevor Lawrence,10,-110,0,401547499,,2023-10-29,13:00,59286,Mike Tomlin,114,00-0038102,Kenny Pickett,7,-110,Home,,2023102906,-110,0,,202310290pit,Alan Eck,-10,outdoors,-2.5,Acrisure Stadium,PIT00,grass,58,30,41,-110,Sunday,2
2023_08_KC_DEN,2023-10-29,2023,8,REG,KC,DEN,9,24,Andy Reid,-340,00-0033873,Patrick Mahomes,7,-102,1,401547502,,2023-10-29,16:25,59291,Sean Payton,270,00-0029263,Russell Wilson,7,-118,Home,,2023102911,-110,0,,202310290den,Brad Allen,15,outdoors,-7,Empower Field at Mile High,DEN00,grass,26,33,45.5,-110,Sunday,7
2023_08_LA_DAL,2023-10-29,2023,8,REG,LA,DAL,20,43,Sean McVay,250,00-0026498,Matthew Stafford,7,-105,0,401547505,,2023-10-29,13:00,59281,Mike McCarthy,-310,00-0033077,Dak Prescott,13,-115,Home,,2023102901,-110,0,,202310290dal,Adrian Hill,23,closed,6.5,AT&T Stadium,DAL00,matrixturf,,63,44.5,-110,Sunday,
2023_08_MIN_GB,2023-10-29,2023,8,REG,MIN,GB,24,10,Kevin O'Connell,-112,00-0029604,Kirk Cousins,6,-108,1,401547506,,2023-10-29,13:00,59282,Matt LaFleur,-108,00-0036264,Jordan Love,7,-112,Home,,2023102902,-112,0,,202310290gnb,Shawn Hochuli,-14,outdoors,-1,Lambeau Field,GNB00,grass,39,34,41.5,-108,Sunday,8
2023_08_NE_MIA,2023-10-29,2023,8,REG,NE,MIA,17,31,Bill Belichick,300,00-0036972,Mac Jones,7,-110,1,401547497,,2023-10-29,13:00,59284,Mike McDaniel,-380,00-0036212,Tua Tagovailoa,7,-110,Home,,2023102904,-110,0,,202310290mia,Land Clark,14,outdoors,7.5,Hard Rock Stadium,MIA00,grass,83,48,46.5,-110,Sunday,17
2023_08_NO_IND,2023-10-29,2023,8,REG,NO,IND,38,27,Dennis Allen,-130,00-0031280,Derek Carr,10,-110,0,401547507,,2023-10-29,13:00,59283,Shane Steichen,110,00-0035289,Gardner Minshew,7,-110,Home,,2023102903,-110,0,,202310290clt,Craig Wrolstad,-11,closed,-2,Lucas Oil Stadium,IND00,fieldturf,,65,43.5,-110,Sunday,
2023_08_NYJ_NYG,2023-10-29,2023,8,REG,NYJ,NYG,13,10,Robert Saleh,-162,00-0037013,Zach Wilson,14,-115,0,401547498,,2023-10-29,13:00,59285,Brian Daboll,136,00-0028118,Tyrod Taylor,7,-105,Home,,2023102905,-108,1,,202310290nyg,Shawn Smith,-3,outdoors,-3,MetLife Stadium,NYC01,fieldturf,52,23,35,-112,Sunday,6
2023_08_PHI_WAS,2023-10-29,2023,8,REG,PHI,WAS,38,31,Nick Sirianni,-305,00-0036389,Jalen Hurts,7,-110,1,401547508,,2023-10-29,13:00,59288,Ron Rivera,245,00-0037077,Sam Howell,7,-110,Home,,2023102908,-110,0,,202310290was,Carl Cheffers,-7,outdoors,-7,FedExField,WAS00,grass,69,69,42.5,-110,Sunday,4
2023_08_LV_DET,2023-10-30,2023,8,REG,LV,DET,14,26,Josh McDaniels,270,00-0031345,Jimmy Garoppolo,8,-110,0,401547511,,2023-10-30,20:15,59294,Dan Campbell,-340,00-0033106,Jared Goff,8,-110,Home,,2023103000,-110,0,,202310300det,Clete Blakeman,12,dome,7,Ford Field,DET00,fieldturf,,40,46,-110,Monday,
2023_09_TEN_PIT,2023-11-02,2023,9,REG,TEN,PIT,16,20,Mike Vrabel,145,00-0039152,Will Levis,4,-120,0,401547512,,2023-11-02,20:15,59295,Mike Tomlin,-175,00-0038102,Kenny Pickett,4,100,Home,,2023110200,-112,0,,202311020pit,John Hussey,4,outdoors,3.5,Acrisure Stadium,PIT00,grass,40,36,37,-108,Thursday,5
2023_09_ARI_CLE,2023-11-05,2023,9,REG,ARI,CLE,0,27,Jonathan Gannon,525,00-0038582,Clayton Tune,7,-112,0,401547514,,2023-11-05,13:00,59299,Kevin Stefanski,-750,00-0033537,Deshaun Watson,7,-108,Home,,2023110503,-110,0,,202311050cle,Carl Cheffers,27,outdoors,13,FirstEnergy Stadium,CLE00,grass,56,27,38,-110,Sunday,7
2023_09_BUF_CIN,2023-11-05,2023,9,REG,BUF,CIN,18,24,Sean McDermott,105,00-0034857,Josh Allen,10,-108,0,401547523,,2023-11-05,20:20,59307,Zac Taylor,-125,00-0036442,Joe Burrow,7,-112,Home,,2023110511,-110,0,,202311050cin,Alex Kemp,6,outdoors,1.5,Paycor Stadium,CIN00,fieldturf,51,42,51,-110,Sunday,5
2023_09_CHI_NO,2023-11-05,2023,9,REG,CHI,NO,17,24,Matt Eberflus,340,00-0038416,Tyson Bagent,7,-108,0,401547516,,2023-11-05,13:00,59303,Dennis Allen,-440,00-0031280,Derek Carr,7,-112,Home,,2023110507,-110,0,,202311050nor,Ron Torbert,7,dome,9,Mercedes-Benz Superdome,NOR00,sportturf,,41,42,-110,Sunday,
2023_09_DAL_PHI,2023-11-05,2023,9,REG,DAL,PHI,23,28,Mike McCarthy,145,00-0033077,Dak Prescott,7,-118,1,401547522,,2023-11-05,16:25,59306,Nick Sirianni,-175,00-0036389,Jalen Hurts,7,-102,Home,,2023110510,-110,0,,202311050phi,Tra Blake,5,outdoors,3.5,Lincoln Financial Field,PHI00,grass,64,51,46.5,-110,Sunday,6
2023_09_IND_CAR,2023-11-05,2023,9,REG,IND,CAR,27,13,Shane Steichen,-130,00-0035289,Gardner Minshew,7,-108,0,401547517,,2023-11-05,16:05,59304,Frank Reich,110,00-0039150,Bryce Young,7,-112,Home,,2023110508,-110,0,,202311050car,Bill Vinovich,-14,outdoors,-1.5,Bank of America Stadium,CAR00,grass,75,40,45,-110,Sunday,2
2023_09_LA_GB,2023-11-05,2023,9,REG,LA,GB,3,20,Sean McVay,160,00-0034955,Brett Rypien,7,-108,0,401547519,,2023-11-05,13:00,59300,Matt LaFleur,-198,00-0036264,Jordan Love,7,-112,Home,,2023110504,-108,0,,202311050gnb,Clete Blakeman,17,outdoors,3.5,Lambeau Field,GNB00,grass,51,23,38,-112,Sunday,8
2023_09_MIA_KC,2023-11-05,2023,9,REG,MIA,KC,14,21,Mike McDaniel,-105,00-0036212,Tua Tagovailoa,7,-112,0,401547230,,2023-11-05,09:30,59296,Andy Reid,-115,00-0033873,Patrick Mahomes,7,-108,Neutral,,2023110500,-112,0,,202311050kan,Clay Martin,7,outdoors,1,Deutsche Bank Park,FRA00,grass,,35,51,-108,Sunday,
2023_09_MIN_ATL,2023-11-05,2023,9,REG,MIN,ATL,31,28,Kevin O'Connell,160,00-0038598,Jaren Hall,7,-108,0,401547518,,2023-11-05,13:00,59297,Arthur Smith,-192,00-0031800,Taylor Heinicke,7,-112,Home,,2023110501,-108,0,,202311050atl,Shawn Smith,-3,open,3.5,Mercedes-Benz Stadium,ATL97,fieldturf,,59,38.5,-112,Sunday,
2023_09_NYG_LV,2023-11-05,2023,9,REG,NYG,LV,6,30,Brian Daboll,-102,00-0035710,Daniel Jones,7,-110,0,401547521,,2023-11-05,16:25,59305,Antonio Pierce,-118,00-0038579,Aidan O'Connell,6,-110,Home,,2023110509,-108,0,,202311050rai,Alan Eck,24,dome,1,Allegiant Stadium,VEG00,grass,,36,38.5,-112,Sunday,
2023_09_SEA_BAL,2023-11-05,2023,9,REG,SEA,BAL,3,37,Pete Carroll,220,00-0030565,Geno Smith,7,-110,0,401547513,,2023-11-05,13:00,59298,John Harbaugh,-270,00-0034796,Lamar Jackson,7,-110,Home,,2023110502,-108,0,,202311050rav,Shawn Hochuli,34,outdoors,6,M&T Bank Stadium,BAL00,grass,70,40,44.5,-112,Sunday,6
2023_09_TB_HOU,2023-11-05,2023,9,REG,TB,HOU,37,39,Todd Bowles,124,00-0034855,Baker Mayfield,10,100,0,401547515,,2023-11-05,13:00,59301,DeMeco Ryans,-148,00-0039163,C.J. Stroud,7,-120,Home,,2023110505,-110,0,,202311050htx,Land Clark,2,closed,2.5,NRG Stadium,HOU00,astroturf,,76,39.5,-110,Sunday,
2023_09_WAS_NE,2023-11-05,2023,9,REG,WAS,NE,20,17,Ron Rivera,130,00-0037077,Sam Howell,7,100,0,401547520,,2023-11-05,13:00,59302,Bill Belichick,-155,00-0036972,Mac Jones,7,-120,Home,,2023110506,-110,0,,202311050nwe,Adrian Hill,-3,outdoors,2.5,Gillette Stadium,BOS00,fieldturf,62,37,40.5,-110,Sunday,6
2023_09_LAC_NYJ,2023-11-06,2023,9,REG,LAC,NYJ,27,6,Brandon Staley,-170,00-0036355,Justin Herbert,8,-118,0,401547524,,2023-11-06,20:15,59308,Robert Saleh,142,00-0037013,Zach Wilson,8,-102,Home,,2023110600,-110,0,,202311060nyj,Craig Wrolstad,-21,outdoors,-3,MetLife Stadium,NYC01,fieldturf,48,33,41,-110,Monday,4
2023_10_CAR_CHI,2023-11-09,2023,10,REG,CAR,CHI,13,16,Frank Reich,150,00-0039150,Bryce Young,4,100,0,401547525,,2023-11-09,20:15,59309,Matt Eberflus,-180,00-0038416,Tyson Bagent,4,-120,Home,,2023110900,-115,0,,202311090chi,Clete Blakeman,3,outdoors,3,Soldier Field,CHI98,grass,51,29,38,-105,Thursday,8
2023_10_ATL_ARI,2023-11-12,2023,10,REG,ATL,ARI,23,25,Arthur Smith,-130,00-0031800,Taylor Heinicke,7,-110,0,401547529,,2023-11-12,16:05,59317,Jonathan Gannon,110,00-0035228,Kyler Murray,7,-110,Home,,2023111207,-112,0,,202311120crd,Craig Wrolstad,2,closed,-2,State Farm Stadium,PHO00,grass,,48,43.5,-108,Sunday,
2023_10_CLE_BAL,2023-11-12,2023,10,REG,CLE,BAL,33,31,Kevin Stefanski,210,00-0033537,Deshaun Watson,7,-112,1,401547531,,2023-11-12,13:00,59311,John Harbaugh,-258,00-0034796,Lamar Jackson,7,-108,Home,,2023111201,-112,0,,202311120rav,Land Clark,-2,outdoors,6,M&T Bank Stadium,BAL00,grass,49,64,38.5,-108,Sunday,4
2023_10_DET_LAC,2023-11-12,2023,10,REG,DET,LAC,41,38,Dan Campbell,-142,00-0033106,Jared Goff,13,-110,0,401547530,,2023-11-12,16:05,59318,Brandon Staley,120,00-0036355,Justin Herbert,6,-110,Home,,2023111208,-110,0,,202311120sdg,Shawn Smith,-3,dome,-2.5,SoFi Stadium,LAX01,matrixturf,,79,48.5,-110,Sunday,
2023_10_GB_PIT,2023-11-12,2023,10,REG,GB,PIT,19,23,Matt LaFleur,140,00-0036264,Jordan Love,7,100,0,401547527,,2023-11-12,13:00,59315,Mike Tomlin,-166,00-0038102,Kenny Pickett,10,-120,Home,,2023111205,-108,0,,202311120pit,Scott Novak,4,outdoors,3,Acrisure Stadium,PIT00,grass,50,42,38.5,-112,Sunday,5
2023_10_HOU_CIN,2023-11-12,2023,10,REG,HOU,CIN,30,27,DeMeco Ryans,205,00-0039163,C.J. Stroud,7,-110,0,401547526,,2023-11-12,13:00,59312,Zac Taylor,-250,00-0036442,Joe Burrow,7,-110,Home,,2023111202,-110,0,,202311120cin,Carl Cheffers,-3,outdoors,5.5,Paycor Stadium,CIN00,fieldturf,56,57,46,-110,Sunday,6
2023_10_IND_NE,2023-11-12,2023,10,REG,IND,NE,10,6,Shane Steichen,-118,00-0035289,Gardner Minshew,7,-110,0,401547231,,2023-11-12,09:30,59310,Bill Belichick,-102,00-0036972,Mac Jones,7,-110,Neutral,,2023111200,-110,0,,202311120nwe,Tra Blake,-4,outdoors,-1,Deutsche Bank Park,FRA00,grass,,16,42,-110,Sunday,
2023_10_NO_MIN,2023-11-12,2023,10,REG,NO,MIN,19,27,Dennis Allen,-155,00-0031280,Derek Carr,7,-105,0,401547533,,2023-11-12,13:00,59314,Kevin O'Connell,130,00-0033949,Joshua Dobbs,7,-115,Home,,2023111204,-108,0,,202311120min,Adrian Hill,8,dome,-3,U.S. Bank Stadium,MIN01,sportturf,,46,41,-112,Sunday,
2023_10_NYG_DAL,2023-11-12,2023,10,REG,NYG,DAL,17,49,Brian Daboll,1100,00-0038476,Tommy DeVito,7,-108,1,401547534,,2023-11-12,16:25,59319,Mike McCarthy,-2100,00-0033077,Dak Prescott,7,-112,Home,,2023111209,-112,0,,202311120dal,Brad Rogers,32,closed,17.5,AT&T Stadium,DAL00,matrixturf,,66,38.5,-108,Sunday,
2023_10_NYJ_LV,2023-11-12,2023,10,REG,NYJ,LV,12,16,Robert Saleh,-115,00-0037013,Zach Wilson,6,-108,0,401547536,,2023-11-12,20:20,59321,Antonio Pierce,-105,00-0038579,Aidan O'Connell,7,-112,Home,,2023111211,-108,0,,202311120rai,Shawn Hochuli,4,dome,-1,Allegiant Stadium,VEG00,grass,,28,35.5,-112,Sunday,
2023_10_SF_JAX,2023-11-12,2023,10,REG,SF,JAX,34,3,Kyle Shanahan,-170,00-0037834,Brock Purdy,14,-112,0,401547532,,2023-11-12,13:00,59313,Doug Pederson,142,00-0036971,Trevor Lawrence,14,-108,Home,,2023111203,-108,0,,202311120jax,Brad Allen,-31,outdoors,-3,TIAA Bank Stadium,JAX00,grass,59,37,44.5,-112,Sunday,11
2023_10_TEN_TB,2023-11-12,2023,10,REG,TEN,TB,6,20,Mike Vrabel,120,00-0039152,Will Levis,10,-105,0,401547528,,2023-11-12,13:00,59316,Todd Bowles,-142,00-0034855,Baker Mayfield,7,-115,Home,,2023111206,-110,0,,202311120tam,Alan Eck,14,outdoors,2.5,Raymond James Stadium,TAM00,grass,85,26,39.5,-110,Sunday,6
2023_10_WAS_SEA,2023-11-12,2023,10,REG,WAS,SEA,26,29,Ron Rivera,220,00-0037077,Sam Howell,7,-110,0,401547535,,2023-11-12,16:25,59320,Pete Carroll,-270,00-0030565,Geno Smith,7,-110,Home,,2023111210,-108,0,,202311120sea,Alex Kemp,3,outdoors,6,Lumen Field,SEA00,fieldturf,52,55,44,-112,Sunday,4
2023_10_DEN_BUF,2023-11-13,2023,10,REG,DEN,BUF,24,22,Sean Payton,310,00-0029263,Russell Wilson,15,-112,0,401547537,,2023-11-13,20:15,59322,Sean McDermott,-395,00-0034857,Josh Allen,8,-108,Home,,2023111300,-108,0,,202311130buf,Bill Vinovich,-2,outdoors,7.5,New Era Field,BUF00,a_turf,49,46,47.5,-112,Monday,10
2023_11_CIN_BAL,2023-11-16,2023,11,REG,CIN,BAL,20,34,Zac Taylor,170,00-0036442,Joe Burrow,4,-112,1,401547538,,2023-11-16,20:15,59323,John Harbaugh,-205,00-0034796,Lamar Jackson,4,-108,Home,,2023111600,-108,0,,202311160rav,Adrian Hill,14,outdoors,4,M&T Bank Stadium,BAL00,grass,56,54,46.5,-112,Thursday,1
2023_11_ARI_HOU,2023-11-19,2023,11,REG,ARI,HOU,16,21,Jonathan Gannon,205,00-0035228,Kyler Murray,7,-108,0,401547540,,2023-11-19,13:00,59328,DeMeco Ryans,-250,00-0039163,C.J. Stroud,7,-112,Home,,2023111904,-110,0,,202311190htx,Alex Kemp,5,closed,5.5,NRG Stadium,HOU00,astroturf,,37,48,-110,Sunday,
2023_11_CHI_DET,2023-11-19,2023,11,REG,CHI,DET,26,31,Matt Eberflus,340,00-0036945,Justin Fields,10,-110,1,401547546,,2023-11-19,13:00,59326,Dan Campbell,-440,00-0033106,Jared Goff,7,-110,Home,,2023111902,-110,0,,202311190det,Scott Novak,5,dome,8,Ford Field,DET00,fieldturf,,57,48,-110,Sunday,
2023_11_DAL_CAR,2023-11-19,2023,11,REG,DAL,CAR,33,10,Mike McCarthy,-650,00-0033077,Dak Prescott,7,-110,0,401547545,,2023-11-19,13:00,59324,Frank Reich,470,00-0039150,Bryce Young,10,-110,Home,,2023111900,-112,0,,202311190car,Clay Martin,-23,outdoors,-11,Bank of America Stadium,CAR00,grass,65,43,43,-108,Sunday,2
2023_11_LAC_GB,2023-11-19,2023,11,REG,LAC,GB,20,23,Brandon Staley,-162,00-0036355,Justin Herbert,7,-110,0,401547547,,2023-11-19,13:00,59327,Matt LaFleur,136,00-0036264,Jordan Love,7,-110,Home,,2023111903,-112,0,,202311190gnb,John Hussey,3,outdoors,-3,Lambeau Field,GNB00,grass,45,43,44,-108,Sunday,5
2023_11_LV_MIA,2023-11-19,2023,11,REG,LV,MIA,13,20,Antonio Pierce,700,00-0038579,Aidan O'Connell,7,-110,0,401547542,,2023-11-19,13:00,59330,Mike McDaniel,-1100,00-0036212,Tua Tagovailoa,14,-110,Home,,2023111906,-110,0,,202311190mia,Bill Vinovich,7,outdoors,14,Hard Rock Stadium,MIA00,grass,82,33,44.5,-110,Sunday,7
2023_11_MIN_DEN,2023-11-19,2023,11,REG,MIN,DEN,20,21,Kevin O'Connell,120,00-0033949,Joshua Dobbs,7,-102,0,401547550,,2023-11-19,20:20,59335,Sean Payton,-142,00-0029263,Russell Wilson,6,-118,Home,,2023111911,-105,0,,202311190den,Ron Torbert,1,outdoors,2.5,Empower Field at Mile High,DEN00,grass,53,41,43.5,-115,Sunday,3
2023_11_NYG_WAS,2023-11-19,2023,11,REG,NYG,WAS,31,19,Brian Daboll,310,00-0038476,Tommy DeVito,7,-110,1,401547548,,2023-11-19,13:00,59331,Ron Rivera,-395,00-0037077,Sam Howell,7,-110,Home,,2023111907,-110,0,,202311190was,Brad Allen,-12,outdoors,7.5,FedExField,WAS00,grass,56,50,39,-110,Sunday,7
2023_11_NYJ_BUF,2023-11-19,2023,11,REG,NYJ,BUF,6,32,Robert Saleh,310,00-0037013,Zach Wilson,7,-108,1,401547543,,2023-11-19,16:25,59333,Sean McDermott,-395,00-0034857,Josh Allen,6,-112,Home,,2023111909,-108,0,,202311190buf,Alan Eck,26,outdoors,8,New Era Field,BUF00,a_turf,40,38,39.5,-112,Sunday,9
2023_11_PIT_CLE,2023-11-19,2023,11,REG,PIT,CLE,10,13,Mike Tomlin,120,00-0038102,Kenny Pickett,7,-105,1,401547539,,2023-11-19,13:00,59325,Kevin Stefanski,-142,00-0038583,Dorian Thompson-Robinson,7,-115,Home,,2023111901,-112,0,,202311190cle,Shawn Hochuli,3,outdoors,2.5,FirstEnergy Stadium,CLE00,grass,48,23,34,-108,Sunday,11
2023_11_SEA_LA,2023-11-19,2023,11,REG,SEA,LA,16,17,Pete Carroll,114,00-0030565,Geno Smith,7,-110,1,401547544,,2023-11-19,16:25,59334,Sean McVay,-135,00-0026498,Matthew Stafford,14,-110,Home,,2023111910,-112,0,,202311190ram,Carl Cheffers,1,dome,2.5,SoFi Stadium,LAX01,matrixturf,,33,45,-108,Sunday,
2023_11_TB_SF,2023-11-19,2023,11,REG,TB,SF,14,27,Todd Bowles,625,00-0034855,Baker Mayfield,7,-110,0,401547549,,2023-11-19,16:05,59332,Kyle Shanahan,-950,00-0037834,Brock Purdy,7,-110,Home,,2023111908,-112,0,,202311190sfo,Craig Wrolstad,13,outdoors,13.5,Levi's Stadium,SFO01,grass,65,41,41.5,-108,Sunday,10
2023_11_TEN_JAX,2023-11-19,2023,11,REG,TEN,JAX,14,34,Mike Vrabel,235,00-0039152,Will Levis,7,-105,1,401547541,,2023-11-19,13:00,59329,Doug Pederson,-290,00-0036971,Trevor Lawrence,7,-115,Home,,2023111905,-110,0,,202311190jax,Brad Rogers,20,outdoors,6.5,TIAA Bank Stadium,JAX00,grass,75,48,40,-110,Sunday,3
2023_11_PHI_KC,2023-11-20,2023,11,REG,PHI,KC,21,17,Nick Sirianni,124,00-0036389,Jalen Hurts,15,100,0,401547345,,2023-11-20,20:15,59336,Andy Reid,-148,00-0033873,Patrick Mahomes,15,-120,Home,,2023112000,-112,0,,202311200kan,Shawn Smith,-4,outdoors,2.5,GEHA Field at Arrowhead Stadium,KAN00,grass,45,38,46,-108,Monday,12
2023_12_GB_DET,2023-11-23,2023,12,REG,GB,DET,29,22,Matt LaFleur,330,00-0036264,Jordan Love,4,-105,1,401547552,,2023-11-23,12:30,59337,Dan Campbell,-425,00-0033106,Jared Goff,4,-115,Home,,2023112300,-112,0,,202311230det,Carl Cheffers,-7,dome,8.5,Ford Field,DET00,fieldturf,,51,47,-108,Thursday,
2023_12_SF_SEA,2023-11-23,2023,12,REG,SF,SEA,31,13,Kyle Shanahan,-355,00-0037834,Brock Purdy,4,-112,1,401547553,,2023-11-23,20:20,59339,Pete Carroll,280,00-0030565,Geno Smith,4,-108,Home,,2023112302,-105,0,,202311230sea,Tra Blake,-18,outdoors,-7,Lumen Field,SEA00,fieldturf,39,44,43.5,-115,Thursday,4
2023_12_WAS_DAL,2023-11-23,2023,12,REG,WAS,DAL,10,45,Ron Rivera,550,00-0037077,Sam Howell,4,-110,1,401547551,,2023-11-23,16:30,59338,Mike McCarthy,-800,00-0033077,Dak Prescott,4,-110,Home,,2023112301,-110,0,,202311230dal,Bill Vinovich,35,closed,13,AT&T Stadium,DAL00,matrixturf,,55,48,-112,Thursday,
2023_12_MIA_NYJ,2023-11-24,2023,12,REG,MIA,NYJ,34,13,Mike McDaniel,-500,00-0036212,Tua Tagovailoa,5,-120,1,401547242,,2023-11-24,15:00,59340,Robert Saleh,380,00-0034177,Tim Boyle,5,100,Home,,2023112400,-110,0,,202311240nyj,John Hussey,-21,outdoors,-9.5,MetLife Stadium,NYC01,fieldturf,48,47,40,-110,Friday,11
2023_12_BAL_LAC,2023-11-26,2023,12,REG,BAL,LAC,20,10,John Harbaugh,-170,00-0034796,Lamar Jackson,10,-115,0,401547564,,2023-11-26,20:20,59351,Brandon Staley,142,00-0036355,Justin Herbert,7,-105,Home,,2023112610,-110,0,,202311260sdg,Alan Eck,-10,dome,-3,SoFi Stadium,LAX01,matrixturf,,30,49,-110,Sunday,
2023_12_BUF_PHI,2023-11-26,2023,12,REG,BUF,PHI,34,37,Sean McDermott,124,00-0034857,Josh Allen,7,-105,0,401547558,,2023-11-26,16:25,59350,Nick Sirianni,-148,00-0036389,Jalen Hurts,6,-115,Home,,2023112609,-112,1,,202311260phi,Shawn Hochuli,3,outdoors,2.5,Lincoln Financial Field,PHI00,grass,47,71,49,-108,Sunday,6
2023_12_CAR_TEN,2023-11-26,2023,12,REG,CAR,TEN,10,17,Frank Reich,145,00-0039150,Bryce Young,7,-112,0,401547561,,2023-11-26,13:00,59346,Mike Vrabel,-175,00-0039152,Will Levis,7,-105,Home,,2023112605,-108,0,,202311260oti,Ron Torbert,7,outdoors,3.5,Nissan Stadium,NAS00,grass,51,27,36,-112,Sunday,13
2023_12_CLE_DEN,2023-11-26,2023,12,REG,CLE,DEN,12,29,Kevin Stefanski,105,00-0038583,Dorian Thompson-Robinson,7,-110,0,401547563,,2023-11-26,16:05,59348,Sean Payton,-125,00-0029263,Russell Wilson,7,-110,Home,,2023112607,-110,0,,202311260den,Adrian Hill,17,outdoors,1.5,Empower Field at Mile High,DEN00,grass,40,41,37.5,-110,Sunday,5
2023_12_JAX_HOU,2023-11-26,2023,12,REG,JAX,HOU,24,21,Doug Pederson,-115,00-0036971,Trevor Lawrence,7,-110,1,401547555,,2023-11-26,13:00,59343,DeMeco Ryans,-105,00-0039163,C.J. Stroud,7,-110,Home,,2023112602,-112,0,,202311260htx,Clay Martin,-3,closed,-1,NRG Stadium,HOU00,astroturf,,45,48,-108,Sunday,
2023_12_KC_LV,2023-11-26,2023,12,REG,KC,LV,31,17,Andy Reid,-500,00-0033873,Patrick Mahomes,6,-110,1,401547557,,2023-11-26,16:25,59349,Antonio Pierce,380,00-0038579,Aidan O'Connell,7,-110,Home,,2023112608,-108,0,,202311260rai,Land Clark,-14,dome,-9,Allegiant Stadium,VEG00,grass,,48,42.5,-112,Sunday,
2023_12_LA_ARI,2023-11-26,2023,12,REG,LA,ARI,37,14,Sean McVay,-148,00-0026498,Matthew Stafford,7,-105,1,401547562,,2023-11-26,16:05,59347,Jonathan Gannon,124,00-0035228,Kyler Murray,7,-115,Home,,2023112606,-108,0,,202311260crd,Shawn Smith,-23,closed,-3,State Farm Stadium,PHO00,grass,,51,45,-112,Sunday,
2023_12_NE_NYG,2023-11-26,2023,12,REG,NE,NYG,7,10,Bill Belichick,-218,00-0036972,Mac Jones,14,-108,0,401547560,,2023-11-26,13:00,59345,Brian Daboll,180,00-0038476,Tommy DeVito,7,-112,Home,,2023112604,-115,0,,202311260nyg,Scott Novak,3,outdoors,-4.5,MetLife Stadium,NYC01,fieldturf,43,17,36.5,-105,Sunday,6
2023_12_NO_ATL,2023-11-26,2023,12,REG,NO,ATL,15,24,Dennis Allen,-130,00-0031280,Derek Carr,14,-110,1,401547559,,2023-11-26,13:00,59341,Arthur Smith,110,00-0038122,Desmond Ridder,14,-110,Home,,2023112600,-110,0,,202311260atl,Brad Allen,9,closed,-2,Mercedes-Benz Stadium,ATL97,fieldturf,,39,42,-110,Sunday,
2023_12_PIT_CIN,2023-11-26,2023,12,REG,PIT,CIN,16,10,Mike Tomlin,-135,00-0038102,Kenny Pickett,7,-112,1,401547554,,2023-11-26,13:00,59342,Zac Taylor,114,00-0035100,Jake Browning,10,-108,Home,,2023112601,-112,0,,202311260cin,Brad Rogers,-6,outdoors,-2,Paycor Stadium,CIN00,fieldturf,48,26,36,-108,Sunday,9
2023_12_TB_IND,2023-11-26,2023,12,REG,TB,IND,20,27,Todd Bowles,130,00-0034855,Baker Mayfield,7,-105,0,401547556,,2023-11-26,13:00,59344,Shane Steichen,-155,00-0035289,Gardner Minshew,14,-115,Home,,2023112603,-108,0,,202311260clt,Clete Blakeman,7,closed,2.5,Lucas Oil Stadium,IND00,fieldturf,,47,45,-112,Sunday,
2023_12_CHI_MIN,2023-11-27,2023,12,REG,CHI,MIN,12,10,Matt Eberflus,140,00-0036945,Justin Fields,8,-105,1,401547565,,2023-11-27,20:15,59352,Kevin O'Connell,-166,00-0033949,Joshua Dobbs,8,-115,Home,,2023112700,-110,0,,202311270min,Alex Kemp,-2,dome,3,U.S. Bank Stadium,MIN01,sportturf,,22,43.5,-110,Monday,
2023_13_SEA_DAL,2023-11-30,2023,13,REG,SEA,DAL,35,41,Pete Carroll,380,00-0030565,Geno Smith,7,-102,0,401547566,,2023-11-30,20:15,59353,Mike McCarthy,-500,00-0033077,Dak Prescott,7,-118,Home,,2023113000,-110,0,,202311300dal,Clete Blakeman,6,closed,9.5,AT&T Stadium,DAL00,matrixturf,,76,47.5,-110,Thursday,
2023_13_ARI_PIT,2023-12-03,2023,13,REG,ARI,PIT,24,10,Jonathan Gannon,230,00-0035228,Kyler Murray,7,-105,0,401547568,,2023-12-03,13:00,59357,Mike Tomlin,-285,00-0038102,Kenny Pickett,7,-115,Home,,2023120303,-108,0,,202312030pit,Land Clark,-14,outdoors,6,Acrisure Stadium,PIT00,grass,56,34,41,-112,Sunday,12
2023_13_ATL_NYJ,2023-12-03,2023,13,REG,ATL,NYJ,13,8,Arthur Smith,-125,00-0038122,Desmond Ridder,7,-108,0,401547573,,2023-12-03,13:00,59356,Robert Saleh,105,00-0034177,Tim Boyle,9,-112,Home,,2023120302,-110,0,,202312030nyj,Ron Torbert,-5,outdoors,-2,MetLife Stadium,NYC01,fieldturf,50,21,33,-110,Sunday,8
2023_13_CAR_TB,2023-12-03,2023,13,REG,CAR,TB,18,21,Chris Tabor,164,00-0039150,Bryce Young,7,-110,1,401547569,,2023-12-03,16:05,59358,Todd Bowles,-198,00-0034855,Baker Mayfield,7,-110,Home,,2023120304,-110,0,,202312030tam,Brad Rogers,3,outdoors,4,Raymond James Stadium,TAM00,grass,81,39,37,-110,Sunday,8
2023_13_CLE_LA,2023-12-03,2023,13,REG,CLE,LA,19,36,Kevin Stefanski,160,00-0026158,Joe Flacco,7,-110,0,401547575,,2023-12-03,16:25,59362,Sean McVay,-192,00-0026498,Matthew Stafford,7,-110,Home,,2023120308,-110,0,,202312030ram,John Hussey,17,dome,3.5,SoFi Stadium,LAX01,matrixturf,,55,39.5,-110,Sunday,
2023_13_DEN_HOU,2023-12-03,2023,13,REG,DEN,HOU,17,22,Sean Payton,142,00-0029263,Russell Wilson,7,-122,0,401547571,,2023-12-03,13:00,59361,DeMeco Ryans,-170,00-0039163,C.J. Stroud,7,102,Home,,2023120307,-110,0,,202312030htx,Shawn Smith,5,closed,3.5,NRG Stadium,HOU00,astroturf,,39,47.5,-110,Sunday,
2023_13_DET_NO,2023-12-03,2023,13,REG,DET,NO,33,28,Dan Campbell,-198,00-0033106,Jared Goff,10,-110,0,401547572,,2023-12-03,13:00,59355,Dennis Allen,164,00-0031280,Derek Carr,7,-110,Home,,2023120301,-112,0,,202312030nor,Clay Martin,-5,dome,-4,Mercedes-Benz Superdome,NOR00,sportturf,,61,47.5,-108,Sunday,
2023_13_IND_TEN,2023-12-03,2023,13,REG,IND,TEN,31,28,Shane Steichen,-122,00-0035289,Gardner Minshew,7,-110,1,401547570,,2023-12-03,13:00,59359,Mike Vrabel,102,00-0039152,Will Levis,7,-110,Home,,2023120305,-112,1,,202312030oti,Craig Wrolstad,-3,outdoors,-1.5,Nissan Stadium,NAS00,grass,53,59,42,-108,Sunday,13
2023_13_KC_GB,2023-12-03,2023,13,REG,KC,GB,19,27,Andy Reid,-265,00-0033873,Patrick Mahomes,7,-118,0,401547576,,2023-12-03,20:20,59364,Matt LaFleur,215,00-0036264,Jordan Love,10,-102,Home,,2023120310,-115,0,,202312030gnb,Brad Allen,8,outdoors,-5.5,Lambeau Field,GNB00,grass,31,46,43.5,-105,Sunday,9
2023_13_LAC_NE,2023-12-03,2023,13,REG,LAC,NE,6,0,Brandon Staley,-225,00-0036355,Justin Herbert,7,-110,0,401547567,,2023-12-03,13:00,59354,Bill Belichick,185,00-0038108,Bailey Zappe,7,-110,Home,,2023120300,-112,0,,202312030nwe,Bill Vinovich,-6,outdoors,-4.5,Gillette Stadium,BOS00,fieldturf,44,6,38.5,-108,Sunday,8
2023_13_MIA_WAS,2023-12-03,2023,13,REG,MIA,WAS,45,15,Mike McDaniel,-455,00-0036212,Tua Tagovailoa,9,-112,0,401547574,,2023-12-03,13:00,59360,Ron Rivera,350,00-0037077,Sam Howell,10,-108,Home,,2023120306,-110,0,,202312030was,Tra Blake,-30,outdoors,-8.5,FedExField,WAS00,grass,53,60,50,-110,Sunday,2
2023_13_SF_PHI,2023-12-03,2023,13,REG,SF,PHI,42,19,Kyle Shanahan,-148,00-0037834,Brock Purdy,10,-105,0,401547276,,2023-12-03,16:25,59363,Nick Sirianni,124,00-0036389,Jalen Hurts,7,-115,Home,,2023120309,-112,0,,202312030phi,Alex Kemp,-23,outdoors,-3,Lincoln Financial Field,PHI00,grass,52,61,46.5,-108,Sunday,44
2023_13_CIN_JAX,2023-12-04,2023,13,REG,CIN,JAX,34,31,Zac Taylor,410,00-0035100,Jake Browning,8,-105,0,401547577,,2023-12-04,20:15,59365,Doug Pederson,-550,00-0036971,Trevor Lawrence,8,-115,Home,,2023120400,-115,1,,202312040jax,Scott Novak,-3,outdoors,10,TIAA Bank Stadium,JAX00,grass,61,65,41,-105,Monday,4
2023_14_NE_PIT,2023-12-07,2023,14,REG,NE,PIT,21,18,Bill Belichick,220,00-0038108,Bailey Zappe,4,-118,0,401547578,,2023-12-07,20:15,59366,Mike Tomlin,-270,00-0033869,Mitchell Trubisky,4,-102,Home,,2023120700,-115,0,,202312070pit,Clay Martin,-3,outdoors,6,Acrisure Stadium,PIT00,grass,42,39,30,-105,Thursday,5
2023_14_BUF_KC,2023-12-10,2023,14,REG,BUF,KC,20,17,Sean McDermott,105,00-0034857,Josh Allen,14,-110,0,401547583,,2023-12-10,16:25,59376,Andy Reid,-125,00-0033873,Patrick Mahomes,7,-110,Home,,2023121009,-110,0,,202312100kan,Carl Cheffers,-3,outdoors,2,GEHA Field at Arrowhead Stadium,KAN00,grass,45,37,49.5,-110,Sunday,5
2023_14_CAR_NO,2023-12-10,2023,14,REG,CAR,NO,6,28,Chris Tabor,200,00-0039150,Bryce Young,7,-110,1,401547587,,2023-12-10,13:00,59372,Dennis Allen,-245,00-0031280,Derek Carr,7,-110,Home,,2023121005,-110,0,,202312100nor,Alan Eck,22,dome,5.5,Mercedes-Benz Superdome,NOR00,sportturf,,34,39,-110,Sunday,
2023_14_DEN_LAC,2023-12-10,2023,14,REG,DEN,LAC,24,7,Sean Payton,136,00-0029263,Russell Wilson,7,-112,1,401547584,,2023-12-10,16:25,59377,Brandon Staley,-162,00-0036355,Justin Herbert,7,-108,Home,,2023121010,-110,0,,202312100sdg,Clete Blakeman,-17,dome,3,SoFi Stadium,LAX01,matrixturf,,31,45,-110,Sunday,
2023_14_DET_CHI,2023-12-10,2023,14,REG,DET,CHI,13,28,Dan Campbell,-170,00-0033106,Jared Goff,7,-120,1,401547586,,2023-12-10,13:00,59369,Matt Eberflus,142,00-0036945,Justin Fields,13,100,Home,,2023121002,-110,0,,202312100chi,Tra Blake,15,outdoors,-3,Soldier Field,CHI98,grass,36,41,44.5,-110,Sunday,12
2023_14_HOU_NYJ,2023-12-10,2023,14,REG,HOU,NYJ,6,30,DeMeco Ryans,-175,00-0039163,C.J. Stroud,7,-108,0,401547582,,2023-12-10,13:00,59373,Robert Saleh,145,00-0037013,Zach Wilson,7,-112,Home,,2023121006,-110,0,,202312100nyj,Brad Allen,24,outdoors,-3.5,MetLife Stadium,NYC01,fieldturf,58,36,33.5,-110,Sunday,7
2023_14_IND_CIN,2023-12-10,2023,14,REG,IND,CIN,14,34,Shane Steichen,124,00-0035289,Gardner Minshew,7,-118,0,401547580,,2023-12-10,13:00,59370,Zac Taylor,-148,00-0035100,Jake Browning,6,-102,Home,,2023121003,-110,0,,202312100cin,Shawn Hochuli,20,outdoors,3,Paycor Stadium,CIN00,fieldturf,40,48,45,-110,Sunday,9
2023_14_JAX_CLE,2023-12-10,2023,14,REG,JAX,CLE,27,31,Doug Pederson,120,00-0036971,Trevor Lawrence,6,-108,0,401547581,,2023-12-10,13:00,59371,Kevin Stefanski,-142,00-0026158,Joe Flacco,7,-112,Home,,2023121004,-110,0,,202312100cle,Ron Torbert,4,outdoors,2.5,FirstEnergy Stadium,CLE00,grass,39,58,37.5,-110,Sunday,11
2023_14_LA_BAL,2023-12-10,2023,14,REG,LA,BAL,31,37,Sean McVay,285,00-0026498,Matthew Stafford,7,-115,0,401547585,,2023-12-10,13:00,59368,John Harbaugh,-360,00-0034796,Lamar Jackson,14,-105,Home,,2023121001,-110,1,,202312100rav,Scott Novak,6,outdoors,7.5,M&T Bank Stadium,BAL00,grass,57,68,42,-110,Sunday,5
2023_14_MIN_LV,2023-12-10,2023,14,REG,MIN,LV,3,0,Kevin O'Connell,-155,00-0033949,Joshua Dobbs,13,-108,0,401547588,,2023-12-10,16:05,59374,Antonio Pierce,130,00-0038579,Aidan O'Connell,14,-112,Home,,2023121007,-112,0,,202312100rai,Craig Wrolstad,-3,dome,-3,Allegiant Stadium,VEG00,grass,,3,40.5,-108,Sunday,
2023_14_PHI_DAL,2023-12-10,2023,14,REG,PHI,DAL,13,33,Nick Sirianni,145,00-0036389,Jalen Hurts,7,-118,1,401547590,,2023-12-10,20:20,59378,Mike McCarthy,-175,00-0033077,Dak Prescott,10,-102,Home,,2023121011,-110,0,,202312100dal,John Hussey,20,closed,3.5,AT&T Stadium,DAL00,matrixturf,,46,52.5,-110,Sunday,
2023_14_SEA_SF,2023-12-10,2023,14,REG,SEA,SF,16,28,Pete Carroll,650,00-0035704,Drew Lock,10,-110,1,401547589,,2023-12-10,16:05,59375,Kyle Shanahan,-1000,00-0037834,Brock Purdy,7,-110,Home,,2023121008,-110,0,,202312100sfo,Brad Rogers,12,outdoors,14.5,Levi's Stadium,SFO01,grass,63,44,44.5,-110,Sunday,5
2023_14_TB_ATL,2023-12-10,2023,14,REG,TB,ATL,29,25,Todd Bowles,105,00-0034855,Baker Mayfield,7,-108,1,401547579,,2023-12-10,13:00,59367,Arthur Smith,-125,00-0038122,Desmond Ridder,7,-112,Home,,2023121000,-110,0,,202312100atl,Alex Kemp,-4,closed,1.5,Mercedes-Benz Stadium,ATL97,fieldturf,,54,41.5,-110,Sunday,
2023_14_GB_NYG,2023-12-11,2023,14,REG,GB,NYG,22,24,Matt LaFleur,-265,00-0036264,Jordan Love,8,-112,0,401547591,,2023-12-11,20:15,59380,Brian Daboll,215,00-0038476,Tommy DeVito,15,-108,Home,,2023121101,-110,0,,202312110nyg,Land Clark,2,outdoors,-6,MetLife Stadium,NYC01,fieldturf,39,46,37.5,-110,Monday,14
2023_14_TEN_MIA,2023-12-11,2023,14,REG,TEN,MIA,28,27,Mike Vrabel,625,00-0039152,Will Levis,8,-110,0,401547592,,2023-12-11,20:15,59379,Mike McDaniel,-950,00-0036212,Tua Tagovailoa,8,-110,Home,,2023121100,-112,0,,202312110mia,Adrian Hill,-1,outdoors,14,Hard Rock Stadium,MIA00,grass,64,55,45,-110,Monday,9
2023_15_LAC_LV,2023-12-14,2023,15,REG,LAC,LV,21,63,Brandon Staley,136,00-0035282,Easton Stick,4,-110,1,401547593,,2023-12-14,20:15,59381,Antonio Pierce,-162,00-0038579,Aidan O'Connell,4,-110,Home,,2023121400,-110,0,,202312140rai,Ron Torbert,42,dome,3,Allegiant Stadium,VEG00,grass,,84,36,-110,Thursday,
2023_15_DEN_DET,2023-12-16,2023,15,REG,DEN,DET,17,42,Sean Payton,210,00-0029263,Russell Wilson,6,-108,0,401547606,,2023-12-16,20:15,59385,Dan Campbell,-258,00-0033106,Jared Goff,6,-112,Home,,2023121602,-112,0,,202312160det,John Hussey,25,dome,5.5,Ford Field,DET00,fieldturf,,59,49,-108,Saturday,
2023_15_MIN_CIN,2023-12-16,2023,15,REG,MIN,CIN,24,27,Kevin O'Connell,145,00-0033319,Nick Mullens,6,-105,0,401547604,,2023-12-16,13:00,59383,Zac Taylor,-175,00-0035100,Jake Browning,6,-115,Home,,2023121600,-110,1,,202312160cin,Bill Vinovich,3,outdoors,3,Paycor Stadium,CIN00,fieldturf,53,51,41.5,-110,Saturday,5
2023_15_PIT_IND,2023-12-16,2023,15,REG,PIT,IND,13,30,Mike Tomlin,102,00-0033869,Mitchell Trubisky,9,-110,0,401547607,,2023-12-16,16:30,59386,Shane Steichen,-122,00-0035289,Gardner Minshew,6,-110,Home,,2023121601,-110,0,,202312160clt,Adrian Hill,17,closed,1.5,Lucas Oil Stadium,IND00,fieldturf,,43,41.5,-110,Saturday,
2023_15_ATL_CAR,2023-12-17,2023,15,REG,ATL,CAR,7,9,Arthur Smith,-155,00-0038122,Desmond Ridder,7,-102,1,401547603,,2023-12-17,13:00,59382,Chris Tabor,130,00-0039150,Bryce Young,7,-118,Home,,2023121709,-110,0,,202312170car,Land Clark,2,outdoors,-3,Bank of America Stadium,CAR00,grass,47,16,32,-110,Sunday,11
2023_15_BAL_JAX,2023-12-17,2023,15,REG,BAL,JAX,23,7,John Harbaugh,-225,00-0034796,Lamar Jackson,7,-110,0,401547602,,2023-12-17,20:20,59395,Doug Pederson,185,00-0036971,Trevor Lawrence,7,-110,Home,,2023121708,-112,0,,202312170jax,Shawn Smith,-16,outdoors,-4,TIAA Bank Stadium,JAX00,grass,58,30,42.5,-108,Sunday,13
2023_15_CHI_CLE,2023-12-17,2023,15,REG,CHI,CLE,17,20,Matt Eberflus,124,00-0036945,Justin Fields,7,-120,0,401547605,,2023-12-17,13:00,59384,Kevin Stefanski,-148,00-0026158,Joe Flacco,7,100,Home,,2023121710,-110,0,,202312170cle,Brad Allen,3,outdoors,3,FirstEnergy Stadium,CLE00,grass,45,37,38,-110,Sunday,15
2023_15_DAL_BUF,2023-12-17,2023,15,REG,DAL,BUF,10,31,Mike McCarthy,114,00-0033077,Dak Prescott,7,-108,0,401547600,,2023-12-17,16:25,59393,Sean McDermott,-135,00-0034857,Josh Allen,7,-112,Home,,2023121706,-110,0,,202312170buf,Craig Wrolstad,21,outdoors,2,New Era Field,BUF00,a_turf,48,41,49.5,-110,Sunday,9
2023_15_HOU_TEN,2023-12-17,2023,15,REG,HOU,TEN,19,16,DeMeco Ryans,142,00-0028986,Case Keenum,7,100,1,401547595,,2023-12-17,13:00,59390,Mike Vrabel,-170,00-0039152,Will Levis,6,-120,Home,,2023121703,-112,1,,202312170oti,Clete Blakeman,-3,outdoors,3,Nissan Stadium,NAS00,grass,48,35,38,-108,Sunday,9
2023_15_KC_NE,2023-12-17,2023,15,REG,KC,NE,27,17,Andy Reid,-485,00-0033873,Patrick Mahomes,7,-112,0,401547608,,2023-12-17,13:00,59396,Bill Belichick,370,00-0038108,Bailey Zappe,10,-108,Home,,2023121711,-110,0,,202312170nwe,Shawn Hochuli,-10,outdoors,-10,Gillette Stadium,BOS00,fieldturf,53,44,39.5,-110,Sunday,7
2023_15_NYG_NO,2023-12-17,2023,15,REG,NYG,NO,6,24,Brian Daboll,205,00-0038476,Tommy DeVito,6,-108,0,401547599,,2023-12-17,13:00,59389,Dennis Allen,-250,00-0031280,Derek Carr,7,-112,Home,,2023121702,-110,0,,202312170nor,Carl Cheffers,18,dome,6,Mercedes-Benz Superdome,NOR00,sportturf,,30,39.5,-110,Sunday,
2023_15_NYJ_MIA,2023-12-17,2023,15,REG,NYJ,MIA,0,30,Robert Saleh,275,00-0037013,Zach Wilson,7,-115,1,401547594,,2023-12-17,13:00,59388,Mike McDaniel,-345,00-0036212,Tua Tagovailoa,6,-105,Home,,2023121701,-110,0,,202312170mia,Brad Rogers,30,outdoors,7.5,Hard Rock Stadium,MIA00,grass,76,30,36,-110,Sunday,15
2023_15_SF_ARI,2023-12-17,2023,15,REG,SF,ARI,45,29,Kyle Shanahan,-750,00-0037834,Brock Purdy,7,-110,1,401547596,,2023-12-17,16:05,59391,Jonathan Gannon,525,00-0035228,Kyler Murray,14,-110,Home,,2023121704,-110,0,,202312170crd,Scott Novak,-16,open,-12.5,State Farm Stadium,PHO00,grass,,74,48,-110,Sunday,
2023_15_TB_GB,2023-12-17,2023,15,REG,TB,GB,34,20,Todd Bowles,180,00-0034855,Baker Mayfield,7,-110,0,401547598,,2023-12-17,13:00,59387,Matt LaFleur,-218,00-0036264,Jordan Love,6,-110,Home,,2023121700,-110,0,,202312170gnb,Tra Blake,-14,outdoors,4,Lambeau Field,GNB00,grass,42,54,41.5,-110,Sunday,8
2023_15_WAS_LA,2023-12-17,2023,15,REG,WAS,LA,20,28,Ron Rivera,240,00-0037077,Sam Howell,14,-108,0,401547597,,2023-12-17,16:05,59392,Sean McVay,-298,00-0026498,Matthew Stafford,7,-112,Home,,2023121705,-110,0,,202312170ram,Alan Eck,8,dome,6.5,SoFi Stadium,LAX01,matrixturf,,48,48.5,-110,Sunday,
2023_15_PHI_SEA,2023-12-18,2023,15,REG,PHI,SEA,17,20,Nick Sirianni,-238,00-0036389,Jalen Hurts,8,-120,0,401547601,,2023-12-18,20:15,59394,Pete Carroll,195,00-0035704,Drew Lock,8,100,Home,,2023121801,-108,0,,202312180sea,Clay Martin,3,outdoors,-5,Lumen Field,SEA00,fieldturf,46,37,46,-112,Monday,2
2023_16_NO_LA,2023-12-21,2023,16,REG,NO,LA,22,30,Dennis Allen,180,00-0031280,Derek Carr,4,100,0,401547609,,2023-12-21,20:15,59397,Sean McVay,-218,00-0026498,Matthew Stafford,4,-120,Home,,2023122100,-108,0,,202312210ram,Brad Rogers,8,dome,4,SoFi Stadium,LAX01,matrixturf,,52,45.5,-112,Thursday,
2023_16_BUF_LAC,2023-12-23,2023,16,REG,BUF,LAC,24,22,Sean McDermott,-800,00-0034857,Josh Allen,6,-105,0,401547611,,2023-12-23,20:00,59399,Giff Smith,550,00-0035282,Easton Stick,9,-115,Home,,2023122301,-105,0,,202312230sdg,Adrian Hill,-2,dome,-13,SoFi Stadium,LAX01,matrixturf,,46,44.5,-115,Saturday,
2023_16_CIN_PIT,2023-12-23,2023,16,REG,CIN,PIT,11,34,Zac Taylor,-155,00-0035100,Jake Browning,7,-105,1,401547610,,2023-12-23,16:30,59398,Mike Tomlin,130,00-0034771,Mason Rudolph,7,-115,Home,,2023122300,-110,0,,202312230pit,Craig Wrolstad,23,outdoors,-3,Acrisure Stadium,PIT00,grass,49,45,39.5,-110,Saturday,5
2023_16_ARI_CHI,2023-12-24,2023,16,REG,ARI,CHI,16,27,Jonathan Gannon,180,00-0035228,Kyler Murray,7,-110,0,401547619,,2023-12-24,16:25,59407,Matt Eberflus,-218,00-0036945,Justin Fields,7,-110,Home,,2023122409,-115,0,,202312240chi,John Hussey,11,outdoors,4.5,Soldier Field,CHI98,grass,52,43,42,-105,Sunday,4
2023_16_CLE_HOU,2023-12-24,2023,16,REG,CLE,HOU,36,22,Kevin Stefanski,-162,00-0026158,Joe Flacco,7,-110,0,401547612,,2023-12-24,13:00,59402,DeMeco Ryans,136,00-0028986,Case Keenum,7,-110,Home,,2023122404,-110,0,,202312240htx,Tra Blake,-14,closed,-3,NRG Stadium,HOU00,astroturf,,58,40,-110,Sunday,
2023_16_DAL_MIA,2023-12-24,2023,16,REG,DAL,MIA,20,22,Mike McCarthy,102,00-0033077,Dak Prescott,7,-110,0,401547620,,2023-12-24,16:25,59408,Mike McDaniel,-122,00-0036212,Tua Tagovailoa,7,-110,Home,,2023122410,-120,0,,202312240mia,Shawn Hochuli,2,outdoors,1.5,Hard Rock Stadium,MIA00,grass,75,42,48.5,100,Sunday,15
2023_16_DET_MIN,2023-12-24,2023,16,REG,DET,MIN,30,24,Dan Campbell,-148,00-0033106,Jared Goff,8,-125,1,401547618,,2023-12-24,13:00,59403,Kevin O'Connell,124,00-0033319,Nick Mullens,8,105,Home,,2023122405,-118,0,,202312240min,Land Clark,-6,dome,-2.5,U.S. Bank Stadium,MIN01,sportturf,,54,47.5,-102,Sunday,
2023_16_GB_CAR,2023-12-24,2023,16,REG,GB,CAR,33,30,Matt LaFleur,-198,00-0036264,Jordan Love,7,-112,0,401547617,,2023-12-24,13:00,59401,Chris Tabor,164,00-0039150,Bryce Young,7,-108,Home,,2023122403,-110,0,,202312240car,Alex Kemp,-3,outdoors,-3.5,Bank of America Stadium,CAR00,grass,67,63,39.5,-110,Sunday,1
2023_16_IND_ATL,2023-12-24,2023,16,REG,IND,ATL,10,29,Shane Steichen,130,00-0035289,Gardner Minshew,8,-115,0,401547616,,2023-12-24,13:00,59400,Arthur Smith,-155,00-0031800,Taylor Heinicke,7,-105,Home,,2023122402,-115,0,,202312240atl,Alan Eck,19,closed,3,Mercedes-Benz Stadium,ATL97,fieldturf,,39,44,-105,Sunday,
2023_16_JAX_TB,2023-12-24,2023,16,REG,JAX,TB,12,30,Doug Pederson,-125,00-0036971,Trevor Lawrence,7,-110,0,401547615,,2023-12-24,16:05,59406,Todd Bowles,105,00-0034855,Baker Mayfield,7,-110,Home,,2023122408,-112,0,,202312240tam,Brad Allen,18,outdoors,-2,Raymond James Stadium,TAM00,grass,72,42,43,-108,Sunday,11
2023_16_NE_DEN,2023-12-24,2023,16,REG,NE,DEN,26,23,Bill Belichick,270,00-0038108,Bailey Zappe,7,-110,0,401547621,,2023-12-24,20:15,59409,Sean Payton,-340,00-0029263,Russell Wilson,8,-110,Home,,2023122411,-110,0,,202312240den,Carl Cheffers,-3,outdoors,7,Empower Field at Mile High,DEN00,grass,28,49,37.5,-110,Sunday,9
2023_16_SEA_TEN,2023-12-24,2023,16,REG,SEA,TEN,20,17,Pete Carroll,-166,00-0030565,Geno Smith,6,-110,0,401547614,,2023-12-24,13:00,59405,Mike Vrabel,140,00-0029701,Ryan Tannehill,7,-110,Home,,2023122407,-112,0,,202312240oti,Shawn Smith,-3,outdoors,-3,Nissan Stadium,NAS00,grass,61,37,42,-108,Sunday,4
2023_16_WAS_NYJ,2023-12-24,2023,16,REG,WAS,NYJ,28,30,Ron Rivera,140,00-0037077,Sam Howell,7,-108,0,401547613,,2023-12-24,13:00,59404,Robert Saleh,-166,00-0032156,Trevor Siemian,7,-112,Home,,2023122406,-110,0,,202312240nyj,Clay Martin,2,outdoors,3,MetLife Stadium,NYC01,fieldturf,45,58,36.5,-110,Sunday,2
2023_16_BAL_SF,2023-12-25,2023,16,REG,BAL,SF,33,19,John Harbaugh,275,00-0034796,Lamar Jackson,8,-105,0,401547622,,2023-12-25,20:15,59412,Kyle Shanahan,-345,00-0037834,Brock Purdy,8,-115,Home,,2023122502,-108,0,,202312250sfo,Bill Vinovich,-14,outdoors,6.5,Levi's Stadium,SFO01,grass,56,52,47.5,-112,Monday,8
2023_16_LV_KC,2023-12-25,2023,16,REG,LV,KC,20,14,Antonio Pierce,440,00-0038579,Aidan O'Connell,11,-102,1,401547351,,2023-12-25,13:00,59410,Andy Reid,-600,00-0033873,Patrick Mahomes,8,-118,Home,,2023122500,-110,0,,202312250kan,Clete Blakeman,-6,outdoors,11,GEHA Field at Arrowhead Stadium,KAN00,grass,38,34,40.5,-110,Monday,11
2023_16_NYG_PHI,2023-12-25,2023,16,REG,NYG,PHI,25,33,Brian Daboll,600,00-0038476,Tommy DeVito,8,-112,1,401547241,,2023-12-25,16:30,59411,Nick Sirianni,-900,00-0036389,Jalen Hurts,7,-108,Home,,2023122501,-112,0,,202312250phi,Ron Torbert,8,outdoors,14,Lincoln Financial Field,PHI00,grass,51,58,41,-108,Monday,5
2023_17_NYJ_CLE,2023-12-28,2023,17,REG,NYJ,CLE,20,37,Robert Saleh,270,00-0032156,Trevor Siemian,4,-105,0,401547623,,2023-12-28,20:15,59413,Kevin Stefanski,-345,00-0026158,Joe Flacco,4,-115,Home,,2023122800,-110,0,,202312280cle,Alex Kemp,17,outdoors,6.5,FirstEnergy Stadium,CLE00,grass,47,57,33.5,-110,Thursday,6
2023_17_DET_DAL,2023-12-30,2023,17,REG,DET,DAL,19,20,Dan Campbell,195,00-0033106,Jared Goff,6,-110,0,401547624,,2023-12-30,20:15,59414,Mike McCarthy,-238,00-0033077,Dak Prescott,6,-110,Home,,2023123000,-110,0,,202312300dal,Brad Allen,1,closed,5.5,AT&T Stadium,DAL00,matrixturf,,39,53,-110,Saturday,
2023_17_ARI_PHI,2023-12-31,2023,17,REG,ARI,PHI,35,31,Jonathan Gannon,525,00-0035228,Kyler Murray,7,-110,0,401547633,,2023-12-31,13:00,59422,Nick Sirianni,-750,00-0036389,Jalen Hurts,6,-110,Home,,2023123108,-110,0,,202312310phi,Bill Vinovich,-4,outdoors,12,Lincoln Financial Field,PHI00,grass,45,66,48,-110,Sunday,9
2023_17_ATL_CHI,2023-12-31,2023,17,REG,ATL,CHI,17,37,Arthur Smith,130,00-0031800,Taylor Heinicke,7,-115,0,401547627,,2023-12-31,13:00,59417,Matt Eberflus,-155,00-0036945,Justin Fields,7,-105,Home,,2023123103,-110,0,,202312310chi,Adrian Hill,20,outdoors,3,Soldier Field,CHI98,grass,32,54,39,-110,Sunday,5
2023_17_CAR_JAX,2023-12-31,2023,17,REG,CAR,JAX,0,26,Chris Tabor,160,00-0039150,Bryce Young,7,-110,0,401547629,,2023-12-31,13:00,59420,Doug Pederson,-192,00-0033936,C.J. Beathard,7,-110,Home,,2023123106,-110,0,,202312310jax,Carl Cheffers,26,outdoors,3.5,TIAA Bank Stadium,JAX00,grass,56,26,38,-110,Sunday,8
2023_17_CIN_KC,2023-12-31,2023,17,REG,CIN,KC,17,25,Zac Taylor,275,00-0035100,Jake Browning,8,-115,0,401547235,,2023-12-31,16:25,59427,Andy Reid,-345,00-0033873,Patrick Mahomes,6,-105,Home,,2023123113,-108,0,,202312310kan,John Hussey,8,outdoors,7.5,GEHA Field at Arrowhead Stadium,KAN00,grass,36,42,46,-112,Sunday,12
2023_17_GB_MIN,2023-12-31,2023,17,REG,GB,MIN,33,10,Matt LaFleur,-108,00-0036264,Jordan Love,7,-112,1,401547637,,2023-12-31,20:20,59428,Kevin O'Connell,-112,00-0038598,Jaren Hall,7,-108,Home,,2023123114,-108,0,,202312310min,Clay Martin,-23,dome,1,U.S. Bank Stadium,MIN01,sportturf,,43,42.5,-112,Sunday,
2023_17_LAC_DEN,2023-12-31,2023,17,REG,LAC,DEN,9,16,Giff Smith,164,00-0035282,Easton Stick,8,-108,1,401547630,,2023-12-31,16:25,59426,Sean Payton,-198,00-0035264,Jarrett Stidham,7,-112,Home,,2023123112,-110,0,,202312310den,Craig Wrolstad,7,outdoors,3.5,Empower Field at Mile High,DEN00,grass,41,25,39.5,-110,Sunday,6
2023_17_LA_NYG,2023-12-31,2023,17,REG,LA,NYG,26,25,Sean McVay,-298,00-0026498,Matthew Stafford,10,-112,0,401547632,,2023-12-31,13:00,59421,Brian Daboll,240,00-0028118,Tyrod Taylor,6,-108,Home,,2023123107,-112,0,,202312310nyg,Tra Blake,-1,outdoors,-6,MetLife Stadium,NYC01,fieldturf,41,51,43.5,-108,Sunday,10
2023_17_LV_IND,2023-12-31,2023,17,REG,LV,IND,20,23,Antonio Pierce,150,00-0038579,Aidan O'Connell,6,-110,0,401547628,,2023-12-31,13:00,59419,Shane Steichen,-180,00-0035289,Gardner Minshew,7,-110,Home,,2023123105,-115,0,,202312310clt,Shawn Smith,3,closed,3.5,Lucas Oil Stadium,IND00,fieldturf,,43,42.5,-105,Sunday,
2023_17_MIA_BAL,2023-12-31,2023,17,REG,MIA,BAL,19,56,Mike McDaniel,150,00-0036212,Tua Tagovailoa,7,100,0,401547625,,2023-12-31,13:00,59415,John Harbaugh,-180,00-0034796,Lamar Jackson,6,-120,Home,,2023123101,-112,0,,202312310rav,Clete Blakeman,37,outdoors,3,M&T Bank Stadium,BAL00,grass,50,75,47,-108,Sunday,7
2023_17_NE_BUF,2023-12-31,2023,17,REG,NE,BUF,21,27,Bill Belichick,750,00-0038108,Bailey Zappe,7,-110,1,401547626,,2023-12-31,13:00,59416,Sean McDermott,-1200,00-0034857,Josh Allen,8,-110,Home,,2023123102,-112,0,,202312310buf,Alan Eck,6,outdoors,15,New Era Field,BUF00,a_turf,35,48,40,-108,Sunday,4
2023_17_NO_TB,2023-12-31,2023,17,REG,NO,TB,23,13,Dennis Allen,124,00-0031280,Derek Carr,10,100,1,401547634,,2023-12-31,13:00,59423,Todd Bowles,-148,00-0034855,Baker Mayfield,7,-120,Home,,2023123109,-108,0,,202312310tam,Land Clark,-10,outdoors,2.5,Raymond James Stadium,TAM00,grass,66,36,42.5,-112,Sunday,5
2023_17_PIT_SEA,2023-12-31,2023,17,REG,PIT,SEA,30,23,Mike Tomlin,185,00-0034771,Mason Rudolph,8,-110,0,401547636,,2023-12-31,16:05,59425,Pete Carroll,-225,00-0030565,Geno Smith,7,-110,Home,,2023123111,-112,0,,202312310sea,Shawn Hochuli,-7,outdoors,4.5,Lumen Field,SEA00,fieldturf,47,53,40.5,-108,Sunday,4
2023_17_SF_WAS,2023-12-31,2023,17,REG,SF,WAS,27,10,Kyle Shanahan,-1050,00-0037834,Brock Purdy,6,-115,0,401547635,,2023-12-31,13:00,59424,Ron Rivera,675,00-0037077,Sam Howell,7,-105,Home,,2023123110,-108,0,,202312310was,Ron Torbert,-17,outdoors,-14,FedExField,WAS00,grass,48,37,49,-112,Sunday,7
2023_17_TEN_HOU,2023-12-31,2023,17,REG,TEN,HOU,3,26,Mike Vrabel,190,00-0039152,Will Levis,7,-105,1,401547631,,2023-12-31,13:00,59418,DeMeco Ryans,-230,00-0039163,C.J. Stroud,7,-115,Home,,2023123104,-112,0,,202312310htx,Scott Novak,23,closed,5,NRG Stadium,HOU00,astroturf,,29,44,-108,Sunday,
2023_18_HOU_IND,2024-01-06,2023,18,REG,HOU,IND,23,19,DeMeco Ryans,-125,00-0039163,C.J. Stroud,6,-110,1,401547644,,2024-01-06,20:15,59435,Shane Steichen,105,00-0035289,Gardner Minshew,6,-110,Home,,2024010601,-112,0,,202401060clt,Bill Vinovich,-4,closed,-1.5,Lucas Oil Stadium,IND00,fieldturf,,42,47.5,-108,Saturday,
2023_18_PIT_BAL,2024-01-06,2023,18,REG,PIT,BAL,17,10,Mike Tomlin,-155,00-0034771,Mason Rudolph,6,-105,1,401547639,,2024-01-06,16:30,59430,John Harbaugh,130,00-0035993,Tyler Huntley,6,-115,Home,,2024010600,-110,0,,202401060rav,Brad Allen,-7,outdoors,-3,M&T Bank Stadium,BAL00,grass,38,27,34,-110,Saturday,15
2023_18_ATL_NO,2024-01-07,2023,18,REG,ATL,NO,17,48,Arthur Smith,145,00-0038122,Desmond Ridder,7,-122,1,401547649,,2024-01-07,13:00,59440,Dennis Allen,-175,00-0031280,Derek Carr,7,102,Home,,2024010700,-112,0,,202401070nor,John Hussey,31,dome,3.5,Mercedes-Benz Superdome,NOR00,sportturf,,65,41.5,-108,Sunday,
2023_18_BUF_MIA,2024-01-07,2023,18,REG,BUF,MIA,21,14,Sean McDermott,-155,00-0034857,Josh Allen,7,-125,1,401547647,,2024-01-07,20:20,59438,Mike McDaniel,130,00-0036212,Tua Tagovailoa,7,105,Home,,2024010713,-110,0,,202401070mia,Alex Kemp,-7,outdoors,-2.5,Hard Rock Stadium,MIA00,grass,63,35,47.5,-110,Sunday,6
2023_18_CHI_GB,2024-01-07,2023,18,REG,CHI,GB,9,17,Matt Eberflus,124,00-0036945,Justin Fields,7,-102,1,401547643,,2024-01-07,16:25,59434,Matt LaFleur,-148,00-0036264,Jordan Love,7,-118,Home,,2024010706,-112,0,,202401070gnb,Carl Cheffers,8,outdoors,2.5,Lambeau Field,GNB00,grass,34,26,45.5,-108,Sunday,7
2023_18_CLE_CIN,2024-01-07,2023,18,REG,CLE,CIN,14,31,Kevin Stefanski,285,00-0032436,Jeff Driskel,10,-115,1,401547641,,2024-01-07,13:00,59432,Zac Taylor,-360,00-0035100,Jake Browning,7,-105,Home,,2024010701,-108,0,,202401070cin,Alan Eck,17,outdoors,7.5,Paycor Stadium,CIN00,fieldturf,38,45,37,-112,Sunday,12
2023_18_DAL_WAS,2024-01-07,2023,18,REG,DAL,WAS,38,10,Mike McCarthy,-850,00-0033077,Dak Prescott,8,-115,1,401547653,,2024-01-07,16:25,59444,Ron Rivera,575,00-0037077,Sam Howell,7,-105,Home,,2024010707,-110,0,,202401070was,Shawn Smith,-28,outdoors,-13,FedExField,WAS00,grass,48,48,47.5,-110,Sunday,13
2023_18_DEN_LV,2024-01-07,2023,18,REG,DEN,LV,14,27,Sean Payton,145,00-0035264,Jarrett Stidham,7,-118,1,401547646,,2024-01-07,16:25,59437,Antonio Pierce,-175,00-0038579,Aidan O'Connell,7,-102,Home,,2024010708,-105,0,,202401070rai,Shawn Hochuli,13,dome,3.5,Allegiant Stadium,VEG00,grass,,41,37.5,-115,Sunday,
2023_18_JAX_TEN,2024-01-07,2023,18,REG,JAX,TEN,20,28,Doug Pederson,-185,00-0036971,Trevor Lawrence,7,-102,1,401547652,,2024-01-07,13:00,59443,Mike Vrabel,154,00-0029701,Ryan Tannehill,7,-118,Home,,2024010702,-108,0,,202401070oti,Tra Blake,8,outdoors,-3.5,Nissan Stadium,NAS00,grass,41,48,41.5,-112,Sunday,11
2023_18_KC_LAC,2024-01-07,2023,18,REG,KC,LAC,13,12,Andy Reid,154,00-0027948,Blaine Gabbert,7,-115,1,401547645,,2024-01-07,16:25,59436,Giff Smith,-185,00-0035282,Easton Stick,7,-105,Home,,2024010709,-115,0,,202401070sdg,Scott Novak,-1,dome,3.5,SoFi Stadium,LAX01,matrixturf,,25,35,-108,Sunday,
2023_18_LA_SF,2024-01-07,2023,18,REG,LA,SF,21,20,Sean McVay,200,00-0032950,Carson Wentz,7,-108,1,401547651,,2024-01-07,16:25,59442,Kyle Shanahan,-245,00-0034869,Sam Darnold,7,-112,Home,,2024010710,-112,0,,202401070sfo,Clay Martin,-1,outdoors,5.5,Levi's Stadium,SFO01,grass,52,41,40,-108,Sunday,11
2023_18_MIN_DET,2024-01-07,2023,18,REG,MIN,DET,20,30,Kevin O'Connell,170,00-0033319,Nick Mullens,7,-102,1,401547642,,2024-01-07,13:00,59433,Dan Campbell,-205,00-0033106,Jared Goff,8,-118,Home,,2024010703,-110,0,,202401070det,Brad Rogers,10,dome,3.5,Ford Field,DET00,fieldturf,,50,47.5,-110,Sunday,
2023_18_NYJ_NE,2024-01-07,2023,18,REG,NYJ,NE,17,3,Robert Saleh,120,00-0032156,Trevor Siemian,10,-112,1,401547648,,2024-01-07,13:00,59439,Bill Belichick,-142,00-0038108,Bailey Zappe,7,-108,Home,,2024010704,-110,0,,202401070nwe,Land Clark,-14,outdoors,2.5,Gillette Stadium,BOS00,fieldturf,33,20,28.5,-110,Sunday,14
2023_18_PHI_NYG,2024-01-07,2023,18,REG,PHI,NYG,10,27,Nick Sirianni,-238,00-0036389,Jalen Hurts,7,-112,1,401547650,,2024-01-07,16:25,59441,Brian Daboll,190,00-0028118,Tyrod Taylor,7,-108,Home,,2024010711,-115,0,,202401070nyg,Craig Wrolstad,17,outdoors,-4.5,MetLife Stadium,NYC01,fieldturf,36,37,43,-105,Sunday,12
2023_18_SEA_ARI,2024-01-07,2023,18,REG,SEA,ARI,21,20,Pete Carroll,-155,00-0030565,Geno Smith,7,-122,1,401547638,,2024-01-07,16:25,59429,Jonathan Gannon,130,00-0035228,Kyler Murray,7,102,Home,,2024010712,-110,0,,202401070crd,Adrian Hill,-1,closed,-2.5,State Farm Stadium,PHO00,grass,,41,48,-110,Sunday,
2023_18_TB_CAR,2024-01-07,2023,18,REG,TB,CAR,9,0,Todd Bowles,-245,00-0034855,Baker Mayfield,7,-105,1,401547640,,2024-01-07,13:00,59431,Chris Tabor,200,00-0039150,Bryce Young,7,-115,Home,,2024010705,-110,0,,202401070car,Clete Blakeman,-9,outdoors,-5,Bank of America Stadium,CAR00,grass,54,9,36.5,-110,Sunday,19
2023_19_CLE_HOU,2024-01-13,2023,19,WC,CLE,HOU,14,45,Kevin Stefanski,-148,00-0026158,Joe Flacco,6,-110,0,401547749,,2024-01-13,16:30,59494,DeMeco Ryans,124,00-0039163,C.J. Stroud,7,-110,Home,,2024011300,-115,0,,202401130htx,Clay Martin,31,closed,-2.5,NRG Stadium,HOU00,astroturf,,59,45,-105,Saturday,
2023_19_MIA_KC,2024-01-13,2023,19,WC,MIA,KC,7,26,Mike McDaniel,190,00-0036212,Tua Tagovailoa,6,-102,0,401547750,,2024-01-13,20:00,59495,Andy Reid,-230,00-0033873,Patrick Mahomes,6,-118,Home,,2024011301,-102,0,,202401130kan,Brad Rogers,19,outdoors,4.5,GEHA Field at Arrowhead Stadium,KAN00,grass,-4,33,43.5,-118,Saturday,19
2023_19_GB_DAL,2024-01-14,2023,19,WC,GB,DAL,48,32,Matt LaFleur,275,00-0036264,Jordan Love,7,102,0,401547752,,2024-01-14,16:30,59497,Mike McCarthy,-345,00-0033077,Dak Prescott,7,-122,Home,,2024011401,-115,0,,202401140dal,Ron Torbert,-16,closed,7,AT&T Stadium,DAL00,matrixturf,,80,52.5,-105,Sunday,
2023_19_LA_DET,2024-01-14,2023,19,WC,LA,DET,23,24,Sean McVay,136,00-0026498,Matthew Stafford,7,-122,0,401547753,,2024-01-14,20:00,59498,Dan Campbell,-162,00-0033106,Jared Goff,7,102,Home,,2024011402,-118,0,,202401140det,Craig Wrolstad,1,dome,3.5,Ford Field,DET00,fieldturf,,47,52.5,-102,Sunday,
2023_19_PHI_TB,2024-01-15,2023,19,WC,PHI,TB,9,32,Nick Sirianni,-162,00-0036389,Jalen Hurts,8,-125,0,401547754,,2024-01-15,20:00,59499,Todd Bowles,136,00-0034855,Baker Mayfield,8,105,Home,,2024011500,-118,0,,202401150tam,Adrian Hill,23,outdoors,-2.5,Raymond James Stadium,TAM00,grass,65,41,43,-102,Monday,2
2023_19_PIT_BUF,2024-01-15,2023,19,WC,PIT,BUF,17,31,Mike Tomlin,370,00-0034771,Mason Rudolph,9,-108,0,401547751,,2024-01-15,16:30,59496,Sean McDermott,-485,00-0034857,Josh Allen,8,-112,Home,,2024011501,-105,0,,202401150buf,Carl Cheffers,14,outdoors,10,New Era Field,BUF00,a_turf,17,48,39.5,-115,Monday,10
2023_20_GB_SF,2024-01-20,2023,20,DIV,GB,SF,21,24,Matt LaFleur,360,00-0036264,Jordan Love,6,-112,0,401547756,,2024-01-20,20:15,59501,Kyle Shanahan,-470,00-0037834,Brock Purdy,13,-108,Home,,2024012001,-115,0,,202401200sfo,Alex Kemp,3,outdoors,10.5,Levi's Stadium,SFO01,grass,59,45,50.5,-105,Saturday,8
2023_20_HOU_BAL,2024-01-20,2023,20,DIV,HOU,BAL,10,34,DeMeco Ryans,330,00-0039163,C.J. Stroud,7,-115,0,401547755,,2024-01-20,16:30,59500,John Harbaugh,-425,00-0034796,Lamar Jackson,14,-105,Home,,2024012000,-115,0,,202401200rav,John Hussey,24,outdoors,10,M&T Bank Stadium,BAL00,grass,27,44,44,-105,Saturday,16
2023_20_KC_BUF,2024-01-21,2023,20,DIV,KC,BUF,27,24,Andy Reid,120,00-0033873,Patrick Mahomes,8,-110,0,401547758,,2024-01-21,18:30,59503,Sean McDermott,-142,00-0034857,Josh Allen,6,-110,Home,,2024012101,-112,0,,202401210buf,Shawn Hochuli,-3,outdoors,2.5,New Era Field,BUF00,a_turf,25,51,45.5,-108,Sunday,11
2023_20_TB_DET,2024-01-21,2023,20,DIV,TB,DET,23,31,Todd Bowles,225,00-0034855,Baker Mayfield,6,-102,0,401547757,,2024-01-21,15:00,59502,Dan Campbell,-278,00-0033106,Jared Goff,7,-118,Home,,2024012100,-115,0,,202401210det,Bill Vinovich,8,dome,6,Ford Field,DET00,fieldturf,,54,49.5,-105,Sunday,
2023_21_DET_SF,2024-01-28,2023,21,CON,DET,SF,31,34,Dan Campbell,260,00-0033106,Jared Goff,7,-120,0,401547380,,2024-01-28,18:30,59505,Kyle Shanahan,-325,00-0037834,Brock Purdy,8,100,Home,,2024012801,-110,0,,202401280sfo,Clete Blakeman,3,outdoors,7.5,Levi's Stadium,SFO01,grass,69,65,52.5,-110,Sunday,5
2023_21_KC_BAL,2024-01-28,2023,21,CON,KC,BAL,17,10,Andy Reid,180,00-0033873,Patrick Mahomes,7,-110,0,401547379,,2024-01-28,15:00,59504,John Harbaugh,-218,00-0034796,Lamar Jackson,8,-112,Home,,2024012800,-115,0,,202401280rav,Shawn Smith,-7,outdoors,4.5,M&T Bank Stadium,BAL00,grass,47,27,44,-105,Sunday,7
2023_22_SF_KC,2024-02-11,2023,22,SB,SF,KC,22,25,Kyle Shanahan,-120,00-0037834,Brock Purdy,14,-110,0,401547378,,2024-02-11,18:30,59506,Andy Reid,100,00-0033873,Patrick Mahomes,14,-110,Neutral,,2024021100,-110,1,,202402110kan,Bill Vinovich,3,dome,-1.5,Allegiant Stadium,VEG00,grass,,47,47,-110,Sunday,
2024_01_BAL_KC,2024-09-05,2024,1,REG,BAL,KC,20,27,John Harbaugh,124,00-0034796,Lamar Jackson,7,-118,0,401671789,6449,2024-09-05,20:20,59508,Andy Reid,-148,00-0033873,Patrick Mahomes,7,-102,Home,,2024090500,-110,0,,202409050kan,Shawn Hochuli,7,outdoors,3,GEHA Field at Arrowhead Stadium,KAN00,grass,67,47,46,-110,Thursday,8
2024_01_GB_PHI,2024-09-06,2024,1,REG,GB,PHI,29,34,Matt LaFleur,110,00-0036264,Jordan Love,7,-110,0,401671805,6450,2024-09-06,20:15,59509,Nick Sirianni,-130,00-0036389,Jalen Hurts,7,-110,Neutral,,2024090600,-108,0,,202409060phi,Ron Torbert,5,outdoors,2,Arena Corinthians,SAO00,,,63,49.5,-112,Friday,
2024_01_ARI_BUF,2024-09-08,2024,1,REG,ARI,BUF,28,34,Jonathan Gannon,250,00-0035228,Kyler Murray,7,-105,0,401671617,6452,2024-09-08,13:00,59511,Sean McDermott,-310,00-0034857,Josh Allen,7,-115,Home,,2024090801,-108,0,,202409080buf,Tra Blake,6,outdoors,6.5,New Era Field,BUF00,a_turf,61,62,46,-112,Sunday,20
2024_01_CAR_NO,2024-09-08,2024,1,REG,CAR,NO,10,47,Dave Canales,160,00-0039150,Bryce Young,7,-108,1,401671734,6457,2024-09-08,13:00,59516,Dennis Allen,-192,00-0031280,Derek Carr,7,-112,Home,,2024090806,-108,0,,202409080nor,Alan Eck,37,dome,3.5,Mercedes-Benz Superdome,NOR00,sportturf,,57,41.5,-112,Sunday,
2024_01_DAL_CLE,2024-09-08,2024,1,REG,DAL,CLE,33,17,Mike McCarthy,110,00-0033077,Dak Prescott,7,-112,0,401671761,6461,2024-09-08,16:25,59520,Kevin Stefanski,-130,00-0033537,Deshaun Watson,7,-108,Home,,2024090810,-112,0,,202409080cle,Clete Blakeman,-16,outdoors,2.5,FirstEnergy Stadium,CLE00,grass,69,50,42,-108,Sunday,17
2024_01_DEN_SEA,2024-09-08,2024,1,REG,DEN,SEA,20,26,Sean Payton,225,00-0039732,Bo Nix,7,-110,0,401671664,6460,2024-09-08,16:05,59519,Mike Macdonald,-278,00-0030565,Geno Smith,7,-110,Home,,2024090809,-112,0,,202409080sea,Brad Allen,6,outdoors,6.5,Lumen Field,SEA00,fieldturf,65,46,42,-108,Sunday,7
2024_01_HOU_IND,2024-09-08,2024,1,REG,HOU,IND,29,27,DeMeco Ryans,-155,00-0039163,C.J. Stroud,7,-108,1,401671861,6455,2024-09-08,13:00,59514,Shane Steichen,130,00-0039164,Anthony Richardson,7,-112,Home,,2024090804,-108,0,,202409080clt,John Hussey,-2,closed,-3,Lucas Oil Stadium,IND00,fieldturf,,56,49,-112,Sunday,
2024_01_JAX_MIA,2024-09-08,2024,1,REG,JAX,MIA,17,20,Doug Pederson,150,00-0036971,Trevor Lawrence,7,-110,0,401671849,6456,2024-09-08,13:00,59515,Mike McDaniel,-180,00-0036212,Tua Tagovailoa,7,-110,Home,,2024090805,-108,0,,202409080mia,Craig Wrolstad,3,outdoors,3.5,Hard Rock Stadium,MIA00,grass,91,37,49.5,-112,Sunday,10
2024_01_LA_DET,2024-09-08,2024,1,REG,LA,DET,20,26,Sean McVay,185,00-0026498,Matthew Stafford,7,-108,0,401671792,6463,2024-09-08,20:20,59522,Dan Campbell,-225,00-0033106,Jared Goff,7,-112,Home,,2024090812,-108,1,,202409080det,Adrian Hill,6,dome,5,Ford Field,DET00,fieldturf,,46,54,-112,Sunday,
2024_01_LV_LAC,2024-09-08,2024,1,REG,LV,LAC,10,22,Antonio Pierce,130,00-0035289,Gardner Minshew,7,-118,1,401671659,6459,2024-09-08,16:05,59518,Jim Harbaugh,-155,00-0036355,Justin Herbert,7,-102,Home,,2024090808,-112,0,,202409080sdg,Scott Novak,12,dome,3,SoFi Stadium,LAX01,matrixturf,,32,41,-108,Sunday,
2024_01_MIN_NYG,2024-09-08,2024,1,REG,MIN,NYG,28,6,Kevin O'Connell,-115,00-0034869,Sam Darnold,7,-108,0,401671712,6458,2024-09-08,13:00,59517,Brian Daboll,-105,00-0035710,Daniel Jones,7,-112,Home,,2024090807,-112,0,,202409080nyg,Alex Kemp,-22,outdoors,-1,MetLife Stadium,NYC01,fieldturf,64,34,42.5,-108,Sunday,10
2024_01_NE_CIN,2024-09-08,2024,1,REG,NE,CIN,16,10,Jerod Mayo,295,00-0033119,Jacoby Brissett,7,-110,0,401671628,6454,2024-09-08,13:00,59513,Zac Taylor,-375,00-0036442,Joe Burrow,7,-110,Home,,2024090803,-108,0,,202409080cin,Land Clark,-6,outdoors,8,Paycor Stadium,CIN00,fieldturf,66,26,40.5,-112,Sunday,5
2024_01_PIT_ATL,2024-09-08,2024,1,REG,PIT,ATL,18,10,Mike Tomlin,160,00-0036945,Justin Fields,7,-110,0,401671744,6451,2024-09-08,13:00,59510,Raheem Morris,-192,00-0029604,Kirk Cousins,7,-110,Home,,2024090800,-105,0,,202409080atl,Brad Rogers,-8,closed,4,Mercedes-Benz Stadium,ATL97,fieldturf,,28,43,-115,Sunday,
2024_01_TEN_CHI,2024-09-08,2024,1,REG,TEN,CHI,17,24,Brian Callahan,164,00-0039152,Will Levis,7,-108,0,401671719,6453,2024-09-08,13:00,59512,Matt Eberflus,-198,00-0039918,Caleb Williams,7,-112,Home,,2024090802,-110,0,,202409080chi,Shawn Smith,7,outdoors,4,Soldier Field,CHI98,grass,67,41,43,-110,Sunday,8
2024_01_WAS_TB,2024-09-08,2024,1,REG,WAS,TB,20,37,Dan Quinn,164,00-0039910,Jayden Daniels,7,-112,0,401671770,6462,2024-09-08,16:25,59521,Todd Bowles,-198,00-0034855,Baker Mayfield,7,-108,Home,,2024090811,-110,0,,202409080tam,Bill Vinovich,17,outdoors,4,Raymond James Stadium,TAM00,grass,93,57,42,-110,Sunday,6
2024_01_NYJ_SF,2024-09-09,2024,1,REG,NYJ,SF,19,32,Robert Saleh,150,00-0023459,Aaron Rodgers,7,-115,0,401671696,6464,2024-09-09,20:15,59523,Kyle Shanahan,-180,00-0037834,Brock Purdy,7,-105,Home,,2024090900,-112,0,,202409090sfo,Carl Cheffers,13,outdoors,3.5,Levi's Stadium,SFO01,grass,76,51,43,-108,Monday,10
2024_02_BUF_MIA,2024-09-12,2024,2,REG,BUF,MIA,31,10,Sean McDermott,114,00-0034857,Josh Allen,4,-110,1,401671807,6465,2024-09-12,20:15,59524,Mike McDaniel,-135,00-0036212,Tua Tagovailoa,4,-110,Home,,2024091200,-115,0,,202409120mia,Bill Vinovich,-21,outdoors,2.5,Hard Rock Stadium,MIA00,grass,86,41,48.5,-105,Thursday,3
2024_02_CHI_HOU,2024-09-15,2024,2,REG,CHI,HOU,13,19,Matt Eberflus,210,00-0039918,Caleb Williams,7,-108,0,401671786,6479,2024-09-15,20:20,59538,DeMeco Ryans,-258,00-0039163,C.J. Stroud,7,-112,Home,,2024091513,-115,0,,202409150htx,Land Clark,6,closed,6,NRG Stadium,HOU00,astroturf,,32,45.5,-105,Sunday,
2024_02_CIN_KC,2024-09-15,2024,2,REG,CIN,KC,25,26,Zac Taylor,235,00-0036442,Joe Burrow,7,-105,0,401671670,6478,2024-09-15,16:25,59537,Andy Reid,-290,00-0033873,Patrick Mahomes,10,-115,Home,,2024091512,-112,0,,202409150kan,Alex Kemp,1,outdoors,6.5,GEHA Field at Arrowhead Stadium,KAN00,grass,89,51,47.5,-108,Sunday,8
2024_02_CLE_JAX,2024-09-15,2024,2,REG,CLE,JAX,18,13,Kevin Stefanski,142,00-0033537,Deshaun Watson,7,100,0,401671635,6471,2024-09-15,13:00,59530,Doug Pederson,-170,00-0036971,Trevor Lawrence,7,-120,Home,,2024091505,-112,0,,202409150jax,Adrian Hill,-5,outdoors,3,TIAA Bank Stadium,JAX00,grass,80,31,41.5,-108,Sunday,12
2024_02_IND_GB,2024-09-15,2024,2,REG,IND,GB,10,16,Shane Steichen,-142,00-0039164,Anthony Richardson,7,-102,0,401671723,6470,2024-09-15,13:00,59529,Matt LaFleur,120,00-0038128,Malik Willis,9,-118,Home,,2024091504,-110,0,,202409150gnb,Shawn Hochuli,6,outdoors,-3,Lambeau Field,GNB00,grass,85,26,41.5,-110,Sunday,7
2024_02_LAC_CAR,2024-09-15,2024,2,REG,LAC,CAR,26,3,Jim Harbaugh,-225,00-0036355,Justin Herbert,7,-110,0,401671652,6467,2024-09-15,13:00,59526,Dave Canales,185,00-0039150,Bryce Young,7,-110,Home,,2024091501,-108,0,,202409150car,Brad Rogers,-23,outdoors,-5,Bank of America Stadium,CAR00,grass,78,29,39,-112,Sunday,13
2024_02_LA_ARI,2024-09-15,2024,2,REG,LA,ARI,10,41,Sean McVay,-112,00-0026498,Matthew Stafford,7,-105,1,401671754,6476,2024-09-15,16:05,59535,Jonathan Gannon,-108,00-0035228,Kyler Murray,7,-115,Home,,2024091510,-102,0,,202409150crd,John Hussey,31,closed,-1,State Farm Stadium,PHO00,grass,,51,47.5,-118,Sunday,
2024_02_LV_BAL,2024-09-15,2024,2,REG,LV,BAL,26,23,Antonio Pierce,350,00-0035289,Gardner Minshew,7,-112,0,401671624,6466,2024-09-15,13:00,59525,John Harbaugh,-455,00-0034796,Lamar Jackson,10,-108,Home,,2024091500,-112,0,,202409150rav,Tra Blake,-3,outdoors,9,M&T Bank Stadium,BAL00,grass,76,49,41,-108,Sunday,10
2024_02_NO_DAL,2024-09-15,2024,2,REG,NO,DAL,44,19,Dennis Allen,235,00-0031280,Derek Carr,7,-112,0,401671709,6468,2024-09-15,13:00,59527,Mike McCarthy,-290,00-0033077,Dak Prescott,7,-108,Home,,2024091502,-112,0,,202409150dal,Adrian Hill,-25,closed,6.5,AT&T Stadium,DAL00,matrixturf,,63,47,-108,Sunday,
2024_02_NYG_WAS,2024-09-15,2024,2,REG,NYG,WAS,18,21,Brian Daboll,105,00-0035710,Daniel Jones,7,-108,1,401671716,6475,2024-09-15,13:00,59534,Dan Quinn,-125,00-0039910,Jayden Daniels,7,-112,Home,,2024091509,-115,0,,202409150was,Scott Novak,3,outdoors,1.5,FedExField,WAS00,grass,82,39,42.5,-105,Sunday,11
2024_02_NYJ_TEN,2024-09-15,2024,2,REG,NYJ,TEN,24,17,Robert Saleh,-180,00-0023459,Aaron Rodgers,6,-112,0,401671636,6474,2024-09-15,13:00,59533,Brian Callahan,150,00-0039152,Will Levis,7,-108,Home,,2024091508,-108,0,,202409150oti,Alan Eck,-7,outdoors,-3.5,Nissan Stadium,NAS00,grass,80,41,41.5,-112,Sunday,13
2024_02_PIT_DEN,2024-09-15,2024,2,REG,PIT,DEN,13,6,Mike Tomlin,-155,00-0036945,Justin Fields,7,-102,0,401671668,6477,2024-09-15,16:25,59536,Sean Payton,130,00-0039732,Bo Nix,7,-118,Home,,2024091511,-108,0,,202409150den,Clete Blakeman,-7,outdoors,-3,Empower Field at Mile High,DEN00,grass,83,19,36.5,-112,Sunday,4
2024_02_SEA_NE,2024-09-15,2024,2,REG,SEA,NE,23,20,Mike Macdonald,-170,00-0030565,Geno Smith,7,-102,0,401671702,6473,2024-09-15,13:00,59532,Jerod Mayo,142,00-0033119,Jacoby Brissett,7,-118,Home,,2024091507,-110,1,,202409150nwe,Carl Cheffers,-3,outdoors,-3.5,Gillette Stadium,BOS00,fieldturf,77,43,39,-110,Sunday,5
2024_02_SF_MIN,2024-09-15,2024,2,REG,SF,MIN,17,23,Kyle Shanahan,-218,00-0037834,Brock Purdy,6,-112,0,401671645,6472,2024-09-15,13:00,59531,Kevin O'Connell,180,00-0034869,Sam Darnold,7,-108,Home,,2024091506,-112,0,,202409150min,Brad Allen,6,dome,-4.5,U.S. Bank Stadium,MIN01,sportturf,,40,46.5,-108,Sunday,
2024_02_TB_DET,2024-09-15,2024,2,REG,TB,DET,20,16,Todd Bowles,295,00-0034855,Baker Mayfield,7,-108,0,401671721,6469,2024-09-15,13:00,59528,Dan Campbell,-375,00-0033106,Jared Goff,7,-112,Home,,2024091503,-108,0,,202409150det,Clay Martin,-4,dome,7.5,Ford Field,DET00,fieldturf,,36,51.5,-112,Sunday,
2024_02_ATL_PHI,2024-09-16,2024,2,REG,ATL,PHI,22,21,Raheem Morris,215,00-0029604,Kirk Cousins,8,-105,0,401671691,6480,2024-09-16,20:15,59539,Nick Sirianni,-265,00-0036389,Jalen Hurts,10,-115,Home,,2024091600,-110,0,,202409160phi,Craig Wrolstad,-1,outdoors,5.5,Lincoln Financial Field,PHI00,grass,71,43,46.5,-110,Monday,9
2024_03_NE_NYJ,2024-09-19,2024,3,REG,NE,NYJ,3,24,Jerod Mayo,230,00-0033119,Jacoby Brissett,4,-110,1,401671808,6481,2024-09-19,20:15,59540,Robert Saleh,-285,00-0023459,Aaron Rodgers,4,-110,Home,,2024091900,-112,0,,202409190nyj,John Hussey,21,outdoors,6.5,MetLife Stadium,NYC01,fieldturf,75,27,39,-108,Thursday,5
2024_03_BAL_DAL,2024-09-22,2024,3,REG,BAL,DAL,28,25,John Harbaugh,-120,00-0034796,Lamar Jackson,7,-110,0,401671763,6492,2024-09-22,16:25,59551,Mike McCarthy,100,00-0033077,Dak Prescott,7,-110,Home,,2024092210,-108,0,,202409220dal,Ron Torbert,-3,closed,-1.5,AT&T Stadium,DAL00,matrixturf,,53,47.5,-112,Sunday,
2024_03_CAR_LV,2024-09-22,2024,3,REG,CAR,LV,36,22,Dave Canales,200,00-0027973,Andy Dalton,7,-110,0,401671658,6489,2024-09-22,16:05,59548,Antonio Pierce,-245,00-0035289,Gardner Minshew,7,-110,Home,,2024092207,-112,0,,202409220rai,Bill Vinovich,-14,dome,5.5,Allegiant Stadium,VEG00,grass,,58,40,-108,Sunday,
2024_03_CHI_IND,2024-09-22,2024,3,REG,CHI,IND,16,21,Matt Eberflus,105,00-0039918,Caleb Williams,7,-108,0,401671865,6483,2024-09-22,13:00,59542,Shane Steichen,-125,00-0039164,Anthony Richardson,7,-112,Home,,2024092201,-115,0,,202409220clt,Adrian Hill,5,closed,1.5,Lucas Oil Stadium,IND00,fieldturf,,37,43,-105,Sunday,
2024_03_DEN_TB,2024-09-22,2024,3,REG,DEN,TB,26,7,Sean Payton,200,00-0039732,Bo Nix,7,-112,0,401671741,6487,2024-09-22,13:00,59546,Todd Bowles,-245,00-0034855,Baker Mayfield,7,-108,Home,,2024092205,-112,0,,202409220tam,Alan Eck,-19,outdoors,6,Raymond James Stadium,TAM00,grass,85,33,40.5,-108,Sunday,6
2024_03_DET_ARI,2024-09-22,2024,3,REG,DET,ARI,20,13,Dan Campbell,-148,00-0033106,Jared Goff,7,-102,0,401671771,6491,2024-09-22,16:25,59550,Jonathan Gannon,124,00-0035228,Kyler Murray,7,-118,Home,,2024092209,-108,0,,202409220crd,Brad Rogers,-7,closed,-3,State Farm Stadium,PHO00,grass,,33,51.5,-112,Sunday,
2024_03_GB_TEN,2024-09-22,2024,3,REG,GB,TEN,30,14,Matt LaFleur,136,00-0038128,Malik Willis,7,-112,0,401671823,6488,2024-09-22,13:00,59547,Brian Callahan,-162,00-0039152,Will Levis,7,-108,Home,,2024092206,-112,0,,202409220oti,Clay Martin,-16,outdoors,3,Nissan Stadium,NAS00,grass,87,44,37,-108,Sunday,7
2024_03_HOU_MIN,2024-09-22,2024,3,REG,HOU,MIN,7,34,DeMeco Ryans,-135,00-0039163,C.J. Stroud,7,-112,0,401671646,6484,2024-09-22,13:00,59543,Kevin O'Connell,114,00-0034869,Sam Darnold,7,-108,Home,,2024092202,-112,0,,202409220min,Shawn Hochuli,27,dome,-2,U.S. Bank Stadium,MIN01,sportturf,,41,46,-108,Sunday,
2024_03_KC_ATL,2024-09-22,2024,3,REG,KC,ATL,22,17,Andy Reid,-170,00-0033873,Patrick Mahomes,7,-118,0,401671793,6494,2024-09-22,20:20,59553,Raheem Morris,142,00-0029604,Kirk Cousins,6,-102,Home,,2024092212,-112,0,,202409220atl,Tra Blake,-5,closed,-3,Mercedes-Benz Stadium,ATL97,fieldturf,,39,46,-108,Sunday,
2024_03_LAC_PIT,2024-09-22,2024,3,REG,LAC,PIT,10,20,Jim Harbaugh,124,00-0036355,Justin Herbert,7,-118,0,401671632,6486,2024-09-22,13:00,59545,Mike Tomlin,-148,00-0036945,Justin Fields,7,-102,Home,,2024092204,-105,0,,202409220pit,Alex Kemp,10,outdoors,3,Acrisure Stadium,PIT00,grass,72,30,36,-115,Sunday,2
2024_03_MIA_SEA,2024-09-22,2024,3,REG,MIA,SEA,3,24,Mike McDaniel,170,00-0037327,Skylar Thompson,10,-110,0,401671662,6490,2024-09-22,16:05,59549,Mike Macdonald,-205,00-0030565,Geno Smith,7,-110,Home,,2024092208,-110,0,,202409220sea,Land Clark,21,outdoors,4,Lumen Field,SEA00,fieldturf,64,27,41.5,-110,Sunday,2
2024_03_NYG_CLE,2024-09-22,2024,3,REG,NYG,CLE,21,15,Brian Daboll,220,00-0035710,Daniel Jones,7,-112,0,401671855,6482,2024-09-22,13:00,59541,Kevin Stefanski,-270,00-0033537,Deshaun Watson,7,-108,Home,,2024092200,-112,0,,202409220cle,Craig Wrolstad,-6,outdoors,6.5,FirstEnergy Stadium,CLE00,grass,76,36,38,-108,Sunday,4
2024_03_PHI_NO,2024-09-22,2024,3,REG,PHI,NO,15,12,Nick Sirianni,120,00-0036389,Jalen Hurts,6,-105,0,401671736,6485,2024-09-22,13:00,59544,Dennis Allen,-142,00-0031280,Derek Carr,7,-115,Home,,2024092203,-110,0,,202409220nor,Scott Novak,-3,dome,2.5,Mercedes-Benz Superdome,NOR00,sportturf,,27,49,-110,Sunday,
2024_03_SF_LA,2024-09-22,2024,3,REG,SF,LA,24,27,Kyle Shanahan,-258,00-0037834,Brock Purdy,7,-108,1,401671772,6493,2024-09-22,16:25,59552,Sean McVay,210,00-0026498,Matthew Stafford,7,-112,Home,,2024092211,-110,0,,202409220ram,Clete Blakeman,3,dome,-6,SoFi Stadium,LAX01,matrixturf,,51,44.5,-110,Sunday,
2024_03_JAX_BUF,2024-09-23,2024,3,REG,JAX,BUF,10,47,Doug Pederson,180,00-0036971,Trevor Lawrence,8,-108,0,401671682,6495,2024-09-23,19:30,59554,Sean McDermott,-218,00-0034857,Josh Allen,11,-112,Home,,2024092300,-110,0,,202409230buf,Shawn Smith,37,outdoors,4,New Era Field,BUF00,a_turf,68,57,46.5,-110,Monday,5
2024_03_WAS_CIN,2024-09-23,2024,3,REG,WAS,CIN,38,33,Dan Quinn,280,00-0039910,Jayden Daniels,8,-115,0,401671490,6496,2024-09-23,20:15,59555,Zac Taylor,-355,00-0036442,Joe Burrow,8,-105,Home,,2024092301,-108,0,,202409230cin,Brad Allen,-5,outdoors,7.5,Paycor Stadium,CIN00,fieldturf,69,71,46,-112,Monday,5
2024_04_DAL_NYG,2024-09-26,2024,4,REG,DAL,NYG,20,15,Mike McCarthy,-250,00-0033077,Dak Prescott,4,-115,1,401671812,6497,2024-09-26,20:15,59556,Brian Daboll,205,00-0035710,Daniel Jones,4,-105,Home,,2024092600,-108,0,,202409260nyg,Clay Martin,-5,outdoors,-5.5,MetLife Stadium,NYC01,fieldturf,74,35,45,-112,Thursday,3
2024_04_BUF_BAL,2024-09-29,2024,4,REG,BUF,BAL,10,35,Sean McDermott,114,00-0034857,Josh Allen,6,-108,0,401671783,6510,2024-09-29,20:20,59569,John Harbaugh,-135,00-0034796,Lamar Jackson,7,-112,Home,,2024092912,-110,0,,202409290rav,Alan Eck,25,outdoors,2.5,M&T Bank Stadium,BAL00,grass,68,45,46.5,-110,Sunday,8
2024_04_CIN_CAR,2024-09-29,2024,4,REG,CIN,CAR,34,24,Zac Taylor,-205,00-0036442,Joe Burrow,6,-112,0,401671745,6499,2024-09-29,13:00,59558,Dave Canales,170,00-0027973,Andy Dalton,7,-108,Home,,2024092901,-112,0,,202409290car,Adrian Hill,-10,outdoors,-4.5,Bank of America Stadium,CAR00,grass,78,58,47,-108,Sunday,6
2024_04_CLE_LV,2024-09-29,2024,4,REG,CLE,LV,16,20,Kevin Stefanski,-135,00-0033537,Deshaun Watson,7,-115,0,401671672,6509,2024-09-29,16:25,59568,Antonio Pierce,114,00-0035289,Gardner Minshew,7,-105,Home,,2024092911,-112,0,,202409290rai,Brad Allen,4,dome,-2.5,Allegiant Stadium,VEG00,grass,,36,36.5,-108,Sunday,
2024_04_DEN_NYJ,2024-09-29,2024,4,REG,DEN,NYJ,10,9,Sean Payton,330,00-0039732,Bo Nix,7,-108,0,401671622,6504,2024-09-29,13:00,59563,Robert Saleh,-425,00-0023459,Aaron Rodgers,10,-112,Home,,2024092906,-108,0,,202409290nyj,Ron Torbert,-1,outdoors,7.5,MetLife Stadium,NYC01,fieldturf,67,19,39.5,-112,Sunday,8
2024_04_JAX_HOU,2024-09-29,2024,4,REG,JAX,HOU,20,24,Doug Pederson,195,00-0036971,Trevor Lawrence,6,-108,1,401671857,6502,2024-09-29,13:00,59561,DeMeco Ryans,-238,00-0039163,C.J. Stroud,7,-112,Home,,2024092904,-112,0,,202409290htx,Tra Blake,4,closed,5.5,NRG Stadium,HOU00,astroturf,,44,44.5,-108,Sunday,
2024_04_KC_LAC,2024-09-29,2024,4,REG,KC,LAC,17,10,Andy Reid,-345,00-0033873,Patrick Mahomes,7,-108,1,401671674,6508,2024-09-29,16:25,59567,Jim Harbaugh,275,00-0036355,Justin Herbert,7,-112,Home,,2024092910,-112,0,,202409290sdg,Shawn Smith,-7,dome,-7.5,SoFi Stadium,LAX01,matrixturf,,27,41.5,-108,Sunday,
2024_04_LA_CHI,2024-09-29,2024,4,REG,LA,CHI,18,24,Sean McVay,136,00-0026498,Matthew Stafford,7,-112,0,401671871,6500,2024-09-29,13:00,59559,Matt Eberflus,-162,00-0039918,Caleb Williams,7,-108,Home,,2024092902,-115,0,,202409290chi,Brad Rogers,6,outdoors,3,Soldier Field,CHI98,grass,70,42,40,-105,Sunday,16
2024_04_MIN_GB,2024-09-29,2024,4,REG,MIN,GB,31,29,Kevin O'Connell,114,00-0034869,Sam Darnold,7,-102,1,401671643,6501,2024-09-29,13:00,59560,Matt LaFleur,-135,00-0036264,Jordan Love,7,-118,Home,,2024092903,-108,0,,202409290gnb,Bill Vinovich,-2,outdoors,2.5,Lambeau Field,GNB00,grass,71,60,44,-112,Sunday,15
2024_04_NE_SF,2024-09-29,2024,4,REG,NE,SF,13,30,Jerod Mayo,410,00-0033119,Jacoby Brissett,10,-112,0,401671758,6507,2024-09-29,16:05,59566,Kyle Shanahan,-550,00-0037834,Brock Purdy,7,-108,Home,,2024092909,-110,0,,202409290sfo,Scott Novak,17,outdoors,10.5,Levi's Stadium,SFO01,grass,71,43,41.5,-110,Sunday,5
2024_04_NO_ATL,2024-09-29,2024,4,REG,NO,ATL,24,26,Dennis Allen,120,00-0031280,Derek Carr,7,-105,1,401671727,6498,2024-09-29,13:00,59557,Raheem Morris,-142,00-0029604,Kirk Cousins,7,-115,Home,,2024092900,-108,0,,202409290atl,John Hussey,2,closed,2.5,Mercedes-Benz Stadium,ATL97,fieldturf,,50,41.5,-112,Sunday,
2024_04_PHI_TB,2024-09-29,2024,4,REG,PHI,TB,16,33,Nick Sirianni,-115,00-0036389,Jalen Hurts,7,-110,0,401671740,6505,2024-09-29,13:00,59564,Todd Bowles,-105,00-0034855,Baker Mayfield,7,-110,Home,,2024092907,-112,0,,202409290tam,Carl Cheffers,17,outdoors,-1,Raymond James Stadium,TAM00,grass,88,49,42,-108,Sunday,9
2024_04_PIT_IND,2024-09-29,2024,4,REG,PIT,IND,24,27,Mike Tomlin,-130,00-0036945,Justin Fields,7,-108,0,401671867,6503,2024-09-29,13:00,59562,Shane Steichen,110,00-0039164,Anthony Richardson,7,-112,Home,,2024092905,-110,0,,202409290clt,Land Clark,3,closed,-2.5,Lucas Oil Stadium,IND00,fieldturf,,51,40,-110,Sunday,
2024_04_WAS_ARI,2024-09-29,2024,4,REG,WAS,ARI,42,14,Dan Quinn,150,00-0039910,Jayden Daniels,6,-115,0,401671755,6506,2024-09-29,16:05,59565,Jonathan Gannon,-180,00-0035228,Kyler Murray,7,-105,Home,,2024092908,-108,0,,202409290crd,Craig Wrolstad,-28,closed,3.5,State Farm Stadium,PHO00,grass,,56,49,-112,Sunday,
2024_04_SEA_DET,2024-09-30,2024,4,REG,SEA,DET,29,42,Mike Macdonald,154,00-0030565,Geno Smith,8,-108,0,401671491,6512,2024-09-30,20:15,59571,Dan Campbell,-185,00-0033106,Jared Goff,8,-112,Home,,2024093001,-112,0,,202409300det,Alex Kemp,13,dome,3.5,Ford Field,DET00,fieldturf,,71,46.5,-108,Monday,
2024_04_TEN_MIA,2024-09-30,2024,4,REG,TEN,MIA,31,12,Brian Callahan,114,00-0039152,Will Levis,8,-108,0,401671683,6511,2024-09-30,19:30,59570,Mike McDaniel,-135,00-0035993,Tyler Huntley,8,-112,Home,,2024093000,-110,0,,202409300mia,Clete Blakeman,-19,outdoors,2.5,Hard Rock Stadium,MIA00,grass,86,43,37,-110,Monday,9
2024_05_TB_ATL,2024-10-03,2024,5,REG,TB,ATL,30,36,Todd Bowles,120,00-0034855,Baker Mayfield,4,-102,1,401671815,6513,2024-10-03,20:15,59572,Raheem Morris,-142,00-0029604,Kirk Cousins,4,-118,Home,,2024100300,-110,1,,202410030atl,Ron Torbert,6,closed,2.5,Mercedes-Benz Stadium,ATL97,fieldturf,,66,44,-110,Thursday,
2024_05_ARI_SF,2024-10-06,2024,5,REG,ARI,SF,24,23,Jonathan Gannon,260,00-0035228,Kyler Murray,7,-105,1,401671756,6522,2024-10-06,16:05,59581,Kyle Shanahan,-325,00-0037834,Brock Purdy,7,-115,Home,,2024100608,-112,0,,202410060sfo,Land Clark,-1,outdoors,7,Levi's Stadium,SFO01,grass,89,47,48.5,-108,Sunday,3
2024_05_BAL_CIN,2024-10-06,2024,5,REG,BAL,CIN,41,38,John Harbaugh,-148,00-0034796,Lamar Jackson,7,-118,1,401671626,6516,2024-10-06,13:00,59575,Zac Taylor,124,00-0036442,Joe Burrow,7,-102,Home,,2024100602,-108,1,,202410060cin,Bill Vinovich,-3,outdoors,-2.5,Paycor Stadium,CIN00,fieldturf,81,79,48.5,-112,Sunday,10
2024_05_BUF_HOU,2024-10-06,2024,5,REG,BUF,HOU,20,23,Sean McDermott,-102,00-0034857,Josh Allen,7,-108,0,401671859,6517,2024-10-06,13:00,59576,DeMeco Ryans,-118,00-0039163,C.J. Stroud,7,-112,Home,,2024100603,-110,0,,202410060htx,Clay Martin,3,closed,1,NRG Stadium,HOU00,astroturf,,43,48,-110,Sunday,
2024_05_CAR_CHI,2024-10-06,2024,5,REG,CAR,CHI,10,36,Dave Canales,164,00-0027973,Andy Dalton,7,-108,0,401671872,6515,2024-10-06,13:00,59574,Matt Eberflus,-198,00-0039918,Caleb Williams,7,-112,Home,,2024100601,-112,0,,202410060chi,Tra Blake,26,outdoors,4,Soldier Field,CHI98,grass,74,46,40,-108,Sunday,7
2024_05_CLE_WAS,2024-10-06,2024,5,REG,CLE,WAS,13,34,Kevin Stefanski,130,00-0033537,Deshaun Watson,7,-112,0,401671718,6520,2024-10-06,13:00,59579,Dan Quinn,-155,00-0039910,Jayden Daniels,7,-108,Home,,2024100606,-108,0,,202410060was,Alan Eck,21,outdoors,3,FedExField,WAS00,grass,73,47,44,-112,Sunday,5
2024_05_DAL_PIT,2024-10-06,2024,5,REG,DAL,PIT,20,17,Mike McCarthy,114,00-0033077,Dak Prescott,10,-108,0,401671784,6525,2024-10-06,20:20,59584,Mike Tomlin,-135,00-0036945,Justin Fields,7,-112,Home,,2024100611,-112,0,,202410060pit,Shawn Hochuli,-3,outdoors,2.5,Acrisure Stadium,PIT00,grass,67,37,43.5,-108,Sunday,6
2024_05_GB_LA,2024-10-06,2024,5,REG,GB,LA,24,19,Matt LaFleur,-155,00-0036264,Jordan Love,7,-112,0,401671679,6523,2024-10-06,16:25,59582,Sean McVay,130,00-0026498,Matthew Stafford,7,-108,Home,,2024100609,-108,0,,202410060ram,Brad Allen,-5,dome,-3,SoFi Stadium,LAX01,matrixturf,,43,49.5,-112,Sunday,
2024_05_IND_JAX,2024-10-06,2024,5,REG,IND,JAX,34,37,Shane Steichen,154,00-0026158,Joe Flacco,7,-110,1,401671633,6518,2024-10-06,13:00,59577,Doug Pederson,-185,00-0036971,Trevor Lawrence,7,-110,Home,,2024100604,-110,0,,202410060jax,Carl Cheffers,3,outdoors,3.5,TIAA Bank Stadium,JAX00,grass,74,71,45,-110,Sunday,4
2024_05_LV_DEN,2024-10-06,2024,5,REG,LV,DEN,18,34,Antonio Pierce,130,00-0035289,Gardner Minshew,7,-112,1,401671747,6521,2024-10-06,16:05,59580,Sean Payton,-155,00-0039732,Bo Nix,7,-108,Home,,2024100607,-112,0,,202410060den,Craig Wrolstad,16,outdoors,3,Empower Field at Mile High,DEN00,grass,73,52,36,-108,Sunday,7
2024_05_MIA_NE,2024-10-06,2024,5,REG,MIA,NE,15,10,Mike McDaniel,-130,00-0035993,Tyler Huntley,6,-112,1,401671700,6519,2024-10-06,13:00,59578,Jerod Mayo,110,00-0033119,Jacoby Brissett,7,-108,Home,,2024100605,-112,0,,202410060nwe,Adrian Hill,-5,outdoors,-2,Gillette Stadium,BOS00,fieldturf,65,25,37,-108,Sunday,2
2024_05_NYG_SEA,2024-10-06,2024,5,REG,NYG,SEA,29,20,Brian Daboll,250,00-0035710,Daniel Jones,10,-112,0,401671680,6524,2024-10-06,16:25,59583,Mike Macdonald,-310,00-0030565,Geno Smith,6,-108,Home,,2024100610,-110,0,,202410060sea,Shawn Smith,-9,outdoors,7,Lumen Field,SEA00,fieldturf,61,49,42.5,-110,Sunday,3
2024_05_NYJ_MIN,2024-10-06,2024,5,REG,NYJ,MIN,17,23,Robert Saleh,120,00-0023459,Aaron Rodgers,7,-105,0,401671804,6514,2024-10-06,09:30,59573,Kevin O'Connell,-142,00-0034869,Sam Darnold,7,-115,Neutral,,2024100600,-108,0,,202410060min,Scott Novak,6,outdoors,2.5,Tottenham Stadium,LON02,grass,59,40,42,-112,Sunday,8
2024_05_NO_KC,2024-10-07,2024,5,REG,NO,KC,13,26,Dennis Allen,190,00-0031280,Derek Carr,8,-112,0,401671687,6526,2024-10-07,20:15,59585,Andy Reid,-230,00-0033873,Patrick Mahomes,8,-108,Home,,2024100700,-110,0,,202410070kan,Brad Rogers,13,outdoors,5.5,GEHA Field at Arrowhead Stadium,KAN00,grass,70,39,43,-110,Monday,1
2024_06_SF_SEA,2024-10-10,2024,6,REG,SF,SEA,36,24,Kyle Shanahan,-198,00-0037834,Brock Purdy,4,-118,1,401671819,6527,2024-10-10,20:15,59586,Mike Macdonald,164,00-0030565,Geno Smith,4,-102,Home,,2024101000,-110,0,,202410100sea,Craig Wrolstad,-12,outdoors,-3.5,Lumen Field,SEA00,fieldturf,59,60,49,-110,Thursday,10
2024_06_ARI_GB,2024-10-13,2024,6,REG,ARI,GB,13,34,Jonathan Gannon,195,00-0035228,Kyler Murray,7,-110,0,401671722,6530,2024-10-13,13:00,59589,Matt LaFleur,-238,00-0036264,Jordan Love,7,-110,Home,,2024101302,-110,0,,202410130gnb,Alex Kemp,21,outdoors,5.5,Lambeau Field,GNB00,grass,50,47,47,-110,Sunday,4
2024_06_ATL_CAR,2024-10-13,2024,6,REG,ATL,CAR,38,20,Raheem Morris,-258,00-0029604,Kirk Cousins,10,-112,1,401671769,6537,2024-10-13,16:25,59596,Dave Canales,210,00-0027973,Andy Dalton,7,-108,Home,,2024101309,-110,0,,202410130car,Clay Martin,-18,outdoors,-6,Bank of America Stadium,CAR00,grass,79,58,45.5,-110,Sunday,9
2024_06_CIN_NYG,2024-10-13,2024,6,REG,CIN,NYG,17,7,Zac Taylor,-230,00-0036442,Joe Burrow,7,-112,0,401671791,6539,2024-10-13,20:20,59598,Brian Daboll,190,00-0035710,Daniel Jones,7,-108,Home,,2024101311,-118,0,,202410130nyg,Carl Cheffers,-10,outdoors,-4.5,MetLife Stadium,NYC01,fieldturf,63,24,46,-102,Sunday,2
2024_06_CLE_PHI,2024-10-13,2024,6,REG,CLE,PHI,16,20,Kevin Stefanski,330,00-0033537,Deshaun Watson,7,-108,0,401671714,6533,2024-10-13,13:00,59592,Nick Sirianni,-425,00-0036389,Jalen Hurts,14,-112,Home,,2024101305,-110,0,,202410130phi,Shawn Hochuli,4,outdoors,8,Lincoln Financial Field,PHI00,grass,82,36,42,-110,Sunday,10
2024_06_DET_DAL,2024-10-13,2024,6,REG,DET,DAL,47,9,Dan Campbell,-180,00-0033106,Jared Goff,13,-105,0,401671764,6538,2024-10-13,16:25,59597,Mike McCarthy,150,00-0033077,Dak Prescott,7,-115,Home,,2024101310,-110,0,,202410130dal,John Hussey,-38,closed,-3.5,AT&T Stadium,DAL00,matrixturf,,56,52.5,-110,Sunday,
2024_06_HOU_NE,2024-10-13,2024,6,REG,HOU,NE,41,21,DeMeco Ryans,-265,00-0039163,C.J. Stroud,7,-108,0,401671619,6531,2024-10-13,13:00,59590,Jerod Mayo,215,00-0039851,Drake Maye,7,-112,Home,,2024101303,-108,0,,202410130nwe,Ron Torbert,-20,outdoors,-6.5,Gillette Stadium,BOS00,fieldturf,53,62,38.5,-112,Sunday,5
2024_06_IND_TEN,2024-10-13,2024,6,REG,IND,TEN,20,17,Shane Steichen,114,00-0026158,Joe Flacco,7,-110,1,401671820,6534,2024-10-13,13:00,59593,Brian Callahan,-135,00-0039152,Will Levis,13,-110,Home,,2024101306,-108,0,,202410130oti,Brad Rogers,-3,outdoors,2.5,Nissan Stadium,NAS00,grass,80,37,42,-112,Sunday,12
2024_06_JAX_CHI,2024-10-13,2024,6,REG,JAX,CHI,16,35,Doug Pederson,-120,00-0036971,Trevor Lawrence,7,-108,0,401671802,6528,2024-10-13,09:30,59587,Matt Eberflus,100,00-0039918,Caleb Williams,7,-112,Neutral,,2024101300,-112,0,,202410130chi,Brad Allen,19,outdoors,-1.5,Tottenham Stadium,LON02,grass,54,51,44.5,-108,Sunday,3
2024_06_LAC_DEN,2024-10-13,2024,6,REG,LAC,DEN,23,16,Jim Harbaugh,-155,00-0036355,Justin Herbert,14,-105,1,401671655,6535,2024-10-13,16:05,59594,Sean Payton,130,00-0039732,Bo Nix,7,-115,Home,,2024101307,-112,0,,202410130den,Tra Blake,-7,outdoors,-3,Empower Field at Mile High,DEN00,grass,65,39,37,-108,Sunday,7
2024_06_PIT_LV,2024-10-13,2024,6,REG,PIT,LV,32,13,Mike Tomlin,-180,00-0036945,Justin Fields,7,-110,0,401671657,6536,2024-10-13,16:05,59595,Antonio Pierce,150,00-0038579,Aidan O'Connell,7,-110,Home,,2024101308,-112,0,,202410130rai,Alan Eck,-19,dome,-3.5,Allegiant Stadium,VEG00,grass,,45,36.5,-108,Sunday,
2024_06_TB_NO,2024-10-13,2024,6,REG,TB,NO,51,27,Todd Bowles,-175,00-0034855,Baker Mayfield,10,-108,1,401671735,6532,2024-10-13,13:00,59591,Dennis Allen,145,00-0039376,Spencer Rattler,6,-112,Home,,2024101304,-110,0,,202410130nor,Clete Blakeman,-24,dome,-3.5,Mercedes-Benz Superdome,NOR00,sportturf,,78,42.5,-110,Sunday,
2024_06_WAS_BAL,2024-10-13,2024,6,REG,WAS,BAL,23,30,Dan Quinn,230,00-0039910,Jayden Daniels,7,-108,0,401671625,6529,2024-10-13,13:00,59588,John Harbaugh,-285,00-0034796,Lamar Jackson,7,-112,Home,,2024101301,-110,0,,202410130rav,Land Clark,7,outdoors,6.5,M&T Bank Stadium,BAL00,grass,75,53,51.5,-110,Sunday,8
2024_06_BUF_NYJ,2024-10-14,2024,6,REG,BUF,NYJ,23,20,Sean McDermott,-122,00-0034857,Josh Allen,8,-112,1,401671684,6540,2024-10-14,20:15,59599,Robert Saleh,102,00-0023459,Aaron Rodgers,8,-108,Home,,2024101400,-110,0,,202410140nyj,Adrian Hill,-3,outdoors,-1,MetLife Stadium,NYC01,fieldturf,49,43,42,-110,Monday,14
2024_07_DEN_NO,2024-10-17,2024,7,REG,DEN,NO,33,10,Sean Payton,-148,00-0039732,Bo Nix,4,-118,0,401671816,6541,2024-10-17,20:15,59600,Dennis Allen,124,00-0039376,Spencer Rattler,4,-102,Home,,2024101700,-110,0,,202410170nor,Land Clark,-23,dome,-2.5,Mercedes-Benz Superdome,NOR00,sportturf,,43,37,-110,Thursday,
2024_07_CAR_WAS,2024-10-20,2024,7,REG,CAR,WAS,7,40,Dave Canales,400,00-0027973,Andy Dalton,7,100,0,401671640,6551,2024-10-20,16:05,59610,Dan Quinn,-535,00-0039910,Jayden Daniels,7,-120,Home,,2024102009,-110,0,,202410200was,Carl Cheffers,33,outdoors,10,FedExField,WAS00,grass,76,47,51,-110,Sunday,2
2024_07_CIN_CLE,2024-10-20,2024,7,REG,CIN,CLE,21,14,Zac Taylor,-230,00-0036442,Joe Burrow,7,-110,1,401671853,6545,2024-10-20,13:00,59604,Kevin Stefanski,190,00-0033537,Deshaun Watson,7,-110,Home,,2024102003,-108,0,,202410200cle,Ron Torbert,-7,outdoors,-5.5,FirstEnergy Stadium,CLE00,grass,62,35,42,-112,Sunday,8
2024_07_DET_MIN,2024-10-20,2024,7,REG,DET,MIN,31,29,Dan Campbell,-102,00-0033106,Jared Goff,7,-108,1,401671724,6548,2024-10-20,13:00,59607,Kevin O'Connell,-118,00-0034869,Sam Darnold,14,-112,Home,,2024102006,-108,0,,202410200min,Clay Martin,-2,dome,1,U.S. Bank Stadium,MIN01,sportturf,,60,50.5,-112,Sunday,
2024_07_HOU_GB,2024-10-20,2024,7,REG,HOU,GB,22,24,DeMeco Ryans,142,00-0039163,C.J. Stroud,7,100,0,401671644,6546,2024-10-20,13:00,59605,Matt LaFleur,-170,00-0036264,Jordan Love,7,-120,Home,,2024102004,-112,0,,202410200gnb,Scott Novak,2,outdoors,3,Lambeau Field,GNB00,grass,72,46,48,-108,Sunday,3
2024_07_KC_SF,2024-10-20,2024,7,REG,KC,SF,28,18,Andy Reid,120,00-0033873,Patrick Mahomes,13,-105,0,401671777,6552,2024-10-20,16:25,59611,Kyle Shanahan,-142,00-0037834,Brock Purdy,10,-115,Home,,2024102010,-110,0,,202410200sfo,Alan Eck,-10,outdoors,2.5,Levi's Stadium,SFO01,grass,78,46,47.5,-110,Sunday,3
2024_07_LV_LA,2024-10-20,2024,7,REG,LV,LA,15,20,Antonio Pierce,280,00-0038579,Aidan O'Connell,7,-105,0,401671663,6550,2024-10-20,16:05,59609,Sean McVay,-355,00-0026498,Matthew Stafford,14,-115,Home,,2024102008,-115,0,,202410200ram,Shawn Hochuli,5,dome,7,SoFi Stadium,LAX01,matrixturf,,35,43,-105,Sunday,
2024_07_MIA_IND,2024-10-20,2024,7,REG,MIA,IND,10,16,Mike McDaniel,130,00-0034177,Tim Boyle,14,-120,0,401671864,6547,2024-10-20,13:00,59606,Shane Steichen,-155,00-0039164,Anthony Richardson,7,100,Home,,2024102005,-112,0,,202410200clt,Craig Wrolstad,6,closed,3,Lucas Oil Stadium,IND00,fieldturf,,26,44,-108,Sunday,
2024_07_NE_JAX,2024-10-20,2024,7,REG,NE,JAX,16,32,Jerod Mayo,240,00-0039851,Drake Maye,7,-105,0,401671801,6542,2024-10-20,09:30,59601,Doug Pederson,-298,00-0036971,Trevor Lawrence,7,-115,Neutral,,2024102000,-112,0,,202410200jax,Brad Rogers,16,outdoors,6.5,Wembley Stadium,LON00,grass,63,48,42,-108,Sunday,12
2024_07_NYJ_PIT,2024-10-20,2024,7,REG,NYJ,PIT,15,37,Robert Saleh,-166,00-0023459,Aaron Rodgers,6,-108,0,401671785,6553,2024-10-20,20:20,59612,Mike Tomlin,140,00-0029263,Russell Wilson,7,-112,Home,,2024102011,-110,0,,202410200pit,Shawn Smith,22,outdoors,-3,Acrisure Stadium,PIT00,grass,60,52,40,-110,Sunday,4
2024_07_PHI_NYG,2024-10-20,2024,7,REG,PHI,NYG,28,3,Nick Sirianni,-166,00-0036389,Jalen Hurts,7,-120,1,401671710,6549,2024-10-20,13:00,59608,Brian Daboll,140,00-0035710,Daniel Jones,7,100,Home,,2024102007,-110,0,,202410200nyg,Tra Blake,-25,outdoors,-3,MetLife Stadium,NYC01,fieldturf,71,31,42,-110,Sunday,4
2024_07_SEA_ATL,2024-10-20,2024,7,REG,SEA,ATL,34,14,Mike Macdonald,136,00-0030565,Geno Smith,10,-115,0,401671730,6543,2024-10-20,13:00,59602,Raheem Morris,-162,00-0029604,Kirk Cousins,7,-105,Home,,2024102001,-110,0,,202410200atl,Bill Vinovich,-20,closed,3,Mercedes-Benz Stadium,ATL97,fieldturf,,48,51.5,-110,Sunday,
2024_07_TEN_BUF,2024-10-20,2024,7,REG,TEN,BUF,10,34,Brian Callahan,400,00-0034771,Mason Rudolph,7,-110,0,401671616,6544,2024-10-20,13:00,59603,Sean McDermott,-535,00-0034857,Josh Allen,6,-110,Home,,2024102002,-112,0,,202410200buf,John Hussey,24,outdoors,9.5,New Era Field,BUF00,a_turf,66,44,41,-108,Sunday,12
2024_07_BAL_TB,2024-10-21,2024,7,REG,BAL,TB,41,31,John Harbaugh,-225,00-0034796,Lamar Jackson,8,-110,0,401671695,6554,2024-10-21,20:15,59613,Todd Bowles,185,00-0034855,Baker Mayfield,8,-110,Home,,2024102100,-110,0,,202410210tam,Alex Kemp,-10,outdoors,-4.5,Raymond James Stadium,TAM00,grass,80,72,51,-110,Monday,8
2024_07_LAC_ARI,2024-10-21,2024,7,REG,LAC,ARI,15,17,Jim Harbaugh,-122,00-0036355,Justin Herbert,8,-115,0,401671699,6555,2024-10-21,21:00,59614,Jonathan Gannon,102,00-0035228,Kyler Murray,8,-105,Home,,2024102101,-112,0,,202410210crd,Clete Blakeman,2,closed,-1,State Farm Stadium,PHO00,grass,,32,44,-108,Monday,
2024_08_MIN_LA,2024-10-24,2024,8,REG,MIN,LA,20,30,Kevin O'Connell,-155,00-0034869,Sam Darnold,4,-105,0,401671817,6556,2024-10-24,20:15,59615,Sean McVay,130,00-0026498,Matthew Stafford,4,-115,Home,,2024102400,-110,0,,202410240ram,Tra Blake,10,dome,-3,SoFi Stadium,LAX01,matrixturf,,50,47.5,-110,Thursday,
2024_08_ARI_MIA,2024-10-27,2024,8,REG,ARI,MIA,28,27,Jonathan Gannon,164,00-0035228,Kyler Murray,6,-108,0,401671850,6561,2024-10-27,13:00,59620,Mike McDaniel,-198,00-0034177,Tim Boyle,7,-112,Home,,2024102704,-110,0,,202410270mia,Clay Martin,-1,outdoors,4,Hard Rock Stadium,MIA00,grass,82,55,46.5,-110,Sunday,14
2024_08_ATL_TB,2024-10-27,2024,8,REG,ATL,TB,31,26,Raheem Morris,-122,00-0029604,Kirk Cousins,7,-110,1,401671739,6563,2024-10-27,13:00,59622,Todd Bowles,102,00-0034855,Baker Mayfield,6,-110,Home,,2024102706,-112,0,,202410270tam,Shawn Hochuli,-5,outdoors,-1.5,Raymond James Stadium,TAM00,grass,79,57,47,-108,Sunday,6
2024_08_BAL_CLE,2024-10-27,2024,8,REG,BAL,CLE,24,29,John Harbaugh,-380,00-0034796,Lamar Jackson,6,-110,1,401671852,6557,2024-10-27,13:00,59616,Kevin Stefanski,300,00-0031503,Jameis Winston,7,-110,Home,,2024102700,-115,0,,202410270cle,Shawn Smith,5,outdoors,-7.5,FirstEnergy Stadium,CLE00,grass,52,53,44.5,-105,Sunday,4
2024_08_BUF_SEA,2024-10-27,2024,8,REG,BUF,SEA,31,10,Sean McDermott,-170,00-0034857,Josh Allen,7,-120,0,401671760,6566,2024-10-27,16:05,59625,Mike Macdonald,142,00-0030565,Geno Smith,7,100,Home,,2024102709,-115,0,,202410270sea,Ron Torbert,-21,outdoors,-3,Lumen Field,SEA00,fieldturf,55,41,45.5,-105,Sunday,14
2024_08_CAR_DEN,2024-10-27,2024,8,REG,CAR,DEN,14,28,Dave Canales,525,00-0039150,Bryce Young,7,-110,0,401671600,6568,2024-10-27,16:25,59627,Sean Payton,-750,00-0039732,Bo Nix,10,-110,Home,,2024102711,-108,0,,202410270den,Alex Kemp,14,outdoors,13,Empower Field at Mile High,DEN00,grass,76,42,40.5,-112,Sunday,4
2024_08_CHI_WAS,2024-10-27,2024,8,REG,CHI,WAS,15,18,Matt Eberflus,102,00-0039918,Caleb Williams,14,-110,0,401671599,6564,2024-10-27,16:25,59623,Dan Quinn,-122,00-0039910,Jayden Daniels,7,-110,Home,,2024102707,-112,0,,202410270was,Clete Blakeman,3,outdoors,1.5,FedExField,WAS00,grass,58,33,46.5,-108,Sunday,2
2024_08_DAL_SF,2024-10-27,2024,8,REG,DAL,SF,24,30,Mike McCarthy,195,00-0033077,Dak Prescott,14,-105,0,401671795,6570,2024-10-27,20:20,59629,Kyle Shanahan,-238,00-0037834,Brock Purdy,7,-115,Home,,2024102713,-110,0,,202410270sfo,Bill Vinovich,6,outdoors,5.5,Levi's Stadium,SFO01,grass,69,54,48,-110,Sunday,9
2024_08_GB_JAX,2024-10-27,2024,8,REG,GB,JAX,30,27,Matt LaFleur,-192,00-0036264,Jordan Love,7,-115,0,401671707,6560,2024-10-27,13:00,59619,Doug Pederson,160,00-0036971,Trevor Lawrence,7,-105,Home,,2024102703,-108,0,,202410270jax,Land Clark,-3,outdoors,-3.5,TIAA Bank Stadium,JAX00,grass,84,57,49,-112,Sunday,4
2024_08_IND_HOU,2024-10-27,2024,8,REG,IND,HOU,20,23,Shane Steichen,185,00-0026158,Joe Flacco,7,-112,1,401671856,6559,2024-10-27,13:00,59618,DeMeco Ryans,-225,00-0039163,C.J. Stroud,7,-108,Home,,2024102702,-112,0,,202410270htx,Brad Allen,3,closed,5,NRG Stadium,HOU00,astroturf,,43,45,-108,Sunday,
2024_08_KC_LV,2024-10-27,2024,8,REG,KC,LV,27,20,Andy Reid,-440,00-0033873,Patrick Mahomes,7,-112,1,401671671,6569,2024-10-27,16:25,59628,Antonio Pierce,340,00-0038579,Aidan O'Connell,7,-108,Home,,2024102712,-112,0,,202410270rai,Adrian Hill,-7,dome,-9,Allegiant Stadium,VEG00,grass,,47,42,-108,Sunday,
2024_08_NO_LAC,2024-10-27,2024,8,REG,NO,LAC,8,26,Dennis Allen,250,00-0039376,Spencer Rattler,10,-110,0,401671750,6565,2024-10-27,16:05,59624,Jim Harbaugh,-310,00-0036355,Justin Herbert,6,-110,Home,,2024102708,-112,0,,202410270sdg,Alan Eck,18,dome,7,SoFi Stadium,LAX01,matrixturf,,34,41.5,-108,Sunday,
2024_08_NYJ_NE,2024-10-27,2024,8,REG,NYJ,NE,22,25,Robert Saleh,-305,00-0023459,Aaron Rodgers,7,-110,1,401671618,6562,2024-10-27,13:00,59621,Jerod Mayo,245,00-0039851,Drake Maye,7,-110,Home,,2024102705,-110,0,,202410270nwe,Craig Wrolstad,3,outdoors,-7,Gillette Stadium,BOS00,fieldturf,53,47,41,-110,Sunday,8
2024_08_PHI_CIN,2024-10-27,2024,8,REG,PHI,CIN,37,17,Nick Sirianni,124,00-0036389,Jalen Hurts,7,100,0,401671667,6567,2024-10-27,13:00,59626,Zac Taylor,-148,00-0036442,Joe Burrow,7,-120,Home,,2024102710,-112,0,,202410270cin,John Hussey,-20,outdoors,2.5,Paycor Stadium,CIN00,fieldturf,59,54,47.5,-108,Sunday,6
2024_08_TEN_DET,2024-10-27,2024,8,REG,TEN,DET,14,52,Brian Callahan,550,00-0034771,Mason Rudolph,7,-105,0,401671720,6558,2024-10-27,13:00,59617,Dan Campbell,-800,00-0033106,Jared Goff,7,-115,Home,,2024102701,-112,0,,202410270det,Carl Cheffers,38,dome,12.5,Ford Field,DET00,fieldturf,,66,45,-108,Sunday,
2024_08_NYG_PIT,2024-10-28,2024,8,REG,NYG,PIT,18,26,Brian Daboll,220,00-0035710,Daniel Jones,8,-105,0,401671685,6571,2024-10-28,20:15,59630,Mike Tomlin,-270,00-0029263,Russell Wilson,8,-115,Home,,2024102800,-110,0,,202410280pit,Scott Novak,8,outdoors,6,Acrisure Stadium,PIT00,grass,54,44,37.5,-110,Monday,7
2024_09_HOU_NYJ,2024-10-31,2024,9,REG,HOU,NYJ,13,21,DeMeco Ryans,124,00-0039163,C.J. Stroud,4,100,0,401671809,6572,2024-10-31,20:15,59631,Robert Saleh,-148,00-0023459,Aaron Rodgers,4,-120,Home,,2024103100,-115,0,,202410310nyj,Shawn Hochuli,8,outdoors,2.5,MetLife Stadium,NYC01,fieldturf,71,34,43.5,-105,Thursday,8
2024_09_CHI_ARI,2024-11-03,2024,9,REG,CHI,ARI,9,29,Matt Eberflus,100,00-0039918,Caleb Williams,7,-110,0,401671661,6582,2024-11-03,16:05,59641,Jonathan Gannon,-120,00-0035228,Kyler Murray,7,-110,Home,,2024110309,-110,0,,202411030crd,Carl Cheffers,20,closed,1.5,State Farm Stadium,PHO00,grass,,38,44.5,-110,Sunday,
2024_09_DAL_ATL,2024-11-03,2024,9,REG,DAL,ATL,21,27,Mike McCarthy,140,00-0033077,Dak Prescott,7,-105,0,401671728,6573,2024-11-03,13:00,59632,Raheem Morris,-166,00-0029604,Kirk Cousins,7,-115,Home,,2024110300,-108,0,,202411030atl,Scott Novak,6,closed,3,Mercedes-Benz Stadium,ATL97,fieldturf,,48,52,-112,Sunday,
2024_09_DEN_BAL,2024-11-03,2024,9,REG,DEN,BAL,10,41,Sean Payton,330,00-0039732,Bo Nix,7,-115,0,401671623,6574,2024-11-03,13:00,59633,John Harbaugh,-440,00-0034796,Lamar Jackson,7,-105,Home,,2024110301,-110,0,,202411030rav,Adrian Hill,31,outdoors,9,M&T Bank Stadium,BAL00,grass,57,51,46.5,-110,Sunday,3
2024_09_DET_GB,2024-11-03,2024,9,REG,DET,GB,24,14,Dan Campbell,-155,00-0033106,Jared Goff,7,-120,1,401671767,6583,2024-11-03,16:25,59642,Matt LaFleur,130,00-0036264,Jordan Love,7,100,Home,,2024110310,-112,0,,202411030gnb,Clete Blakeman,-10,outdoors,-2.5,Lambeau Field,GNB00,grass,50,38,47.5,-108,Sunday,15
2024_09_IND_MIN,2024-11-03,2024,9,REG,IND,MIN,13,21,Shane Steichen,240,00-0026158,Joe Flacco,7,-110,0,401671647,6579,2024-11-03,20:20,59638,Kevin O'Connell,-298,00-0034869,Sam Darnold,10,-110,Home,,2024110306,-110,0,,202411030min,Shawn Smith,8,dome,6.5,U.S. Bank Stadium,MIN01,sportturf,,34,47,-110,Sunday,
2024_09_JAX_PHI,2024-11-03,2024,9,REG,JAX,PHI,23,28,Doug Pederson,270,00-0036971,Trevor Lawrence,7,-112,0,401671797,6585,2024-11-03,16:05,59644,Nick Sirianni,-340,00-0036389,Jalen Hurts,7,-108,Home,,2024110312,-110,0,,202411030phi,Alan Eck,5,outdoors,7.5,Lincoln Financial Field,PHI00,grass,57,51,46,-110,Sunday,6
2024_09_LAC_CLE,2024-11-03,2024,9,REG,LAC,CLE,27,10,Jim Harbaugh,-130,00-0036355,Justin Herbert,7,-110,0,401671629,6578,2024-11-03,13:00,59637,Kevin Stefanski,110,00-0031503,Jameis Winston,7,-110,Home,,2024110305,-112,0,,202411030cle,Bill Vinovich,-17,outdoors,-2,FirstEnergy Stadium,CLE00,grass,57,37,42.5,-108,Sunday,10
2024_09_LA_SEA,2024-11-03,2024,9,REG,LA,SEA,26,20,Sean McVay,-125,00-0026498,Matthew Stafford,10,-112,1,401671776,6584,2024-11-03,16:25,59643,Mike Macdonald,105,00-0030565,Geno Smith,7,-108,Home,,2024110311,-110,1,,202411030sea,Clay Martin,-6,outdoors,-1.5,Lumen Field,SEA00,fieldturf,52,46,48.5,-110,Sunday,4
2024_09_LV_CIN,2024-11-03,2024,9,REG,LV,CIN,24,41,Antonio Pierce,320,00-0035289,Gardner Minshew,7,-110,0,401671704,6577,2024-11-03,13:00,59636,Zac Taylor,-410,00-0036442,Joe Burrow,7,-110,Home,,2024110304,-112,0,,202411030cin,Brad Rogers,17,outdoors,8,Paycor Stadium,CIN00,fieldturf,67,65,45,-108,Sunday,7
2024_09_MIA_BUF,2024-11-03,2024,9,REG,MIA,BUF,27,30,Mike McDaniel,230,00-0036212,Tua Tagovailoa,7,-110,1,401671493,6575,2024-11-03,13:00,59634,Sean McDermott,-285,00-0034857,Josh Allen,7,-110,Home,,2024110302,-112,0,,202411030buf,Tra Blake,3,outdoors,6.5,New Era Field,BUF00,a_turf,54,57,49,-108,Sunday,9
2024_09_NE_TEN,2024-11-03,2024,9,REG,NE,TEN,17,20,Jerod Mayo,136,00-0039851,Drake Maye,7,-105,0,401671822,6581,2024-11-03,13:00,59640,Brian Callahan,-162,00-0034771,Mason Rudolph,7,-115,Home,,2024110308,-110,1,,202411030oti,Alex Kemp,3,outdoors,3,Nissan Stadium,NAS00,grass,75,37,38.5,-110,Sunday,10
2024_09_NO_CAR,2024-11-03,2024,9,REG,NO,CAR,22,23,Dennis Allen,-345,00-0031280,Derek Carr,7,-118,1,401671650,6576,2024-11-03,13:00,59635,Dave Canales,275,00-0039150,Bryce Young,7,-102,Home,,2024110303,-112,0,,202411030car,Ron Torbert,1,outdoors,-7,Bank of America Stadium,CAR00,grass,66,45,43.5,-108,Sunday,7
2024_09_WAS_NYG,2024-11-03,2024,9,REG,WAS,NYG,27,22,Dan Quinn,-218,00-0032268,Marcus Mariota,7,-108,1,401671711,6580,2024-11-03,13:00,59639,Brian Daboll,180,00-0035710,Daniel Jones,6,-112,Home,,2024110307,-110,0,,202411030nyg,Brad Allen,-5,outdoors,-4.5,MetLife Stadium,NYC01,fieldturf,52,49,44.5,-110,Sunday,6
2024_09_TB_KC,2024-11-04,2024,9,REG,TB,KC,24,30,Todd Bowles,330,00-0034855,Baker Mayfield,8,-110,0,401671688,6586,2024-11-04,20:15,59645,Andy Reid,-425,00-0033873,Patrick Mahomes,8,-110,Home,,2024110400,-112,1,,202411040kan,John Hussey,6,outdoors,9,GEHA Field at Arrowhead Stadium,KAN00,grass,63,54,45.5,-108,Monday,6
2024_10_CIN_BAL,2024-11-07,2024,10,REG,CIN,BAL,34,35,Zac Taylor,220,00-0036442,Joe Burrow,4,-108,1,401671810,6587,2024-11-07,20:15,59646,John Harbaugh,-270,00-0034796,Lamar Jackson,4,-112,Home,,2024110700,-112,0,,202411070rav,Clete Blakeman,1,outdoors,6,M&T Bank Stadium,BAL00,grass,69,69,53,-108,Thursday,6
2024_10_ATL_NO,2024-11-10,2024,10,REG,ATL,NO,17,20,Raheem Morris,-192,00-0029604,Kirk Cousins,7,-112,1,401671733,6593,2024-11-10,13:00,59652,Dennis Allen,160,00-0031280,Derek Carr,7,-108,Home,,2024111005,-108,0,,202411100nor,Carl Cheffers,3,dome,-3.5,Mercedes-Benz Superdome,NOR00,sportturf,,37,46.5,-112,Sunday,
2024_10_BUF_IND,2024-11-10,2024,10,REG,BUF,IND,30,20,Sean McDermott,-230,00-0034857,Josh Allen,7,-115,0,401671863,6590,2024-11-10,13:00,59649,Shane Steichen,190,00-0026158,Joe Flacco,7,-105,Home,,2024111002,-112,0,,202411100clt,Scott Novak,-10,closed,-4.5,Lucas Oil Stadium,IND00,fieldturf,,50,46.5,-108,Sunday,
2024_10_DEN_KC,2024-11-10,2024,10,REG,DEN,KC,14,16,Sean Payton,300,00-0039732,Bo Nix,7,-115,1,401671637,6592,2024-11-10,13:00,59651,Andy Reid,-380,00-0033873,Patrick Mahomes,6,-105,Home,,2024111004,-110,0,,202411100kan,Brad Allen,2,outdoors,7.5,GEHA Field at Arrowhead Stadium,KAN00,grass,57,30,42.5,-110,Sunday,12
2024_10_DET_HOU,2024-11-10,2024,10,REG,DET,HOU,26,23,Dan Campbell,-230,00-0033106,Jared Goff,7,-110,0,401671787,6599,2024-11-10,20:20,59658,DeMeco Ryans,190,00-0039163,C.J. Stroud,10,-110,Home,,2024111011,-112,0,,202411100htx,Bill Vinovich,-3,closed,-4.5,NRG Stadium,HOU00,astroturf,,49,49,-110,Sunday,
2024_10_MIN_JAX,2024-11-10,2024,10,REG,MIN,JAX,12,7,Kevin O'Connell,-345,00-0034869,Sam Darnold,7,-120,0,401671708,6591,2024-11-10,13:00,59650,Doug Pederson,280,00-0036972,Mac Jones,7,100,Home,,2024111003,-112,0,,202411100jax,Adrian Hill,-5,outdoors,-7,TIAA Bank Stadium,JAX00,grass,79,19,42.5,-108,Sunday,7
2024_10_NE_CHI,2024-11-10,2024,10,REG,NE,CHI,19,3,Jerod Mayo,260,00-0039851,Drake Maye,7,-110,0,401671873,6589,2024-11-10,13:00,59648,Matt Eberflus,-325,00-0039918,Caleb Williams,7,-110,Home,,2024111001,-108,0,,202411100chi,Land Clark,-16,outdoors,6.5,Soldier Field,CHI98,grass,60,22,37.5,-112,Sunday,6
2024_10_NYG_CAR,2024-11-10,2024,10,REG,NYG,CAR,17,20,Brian Daboll,-298,00-0035710,Daniel Jones,7,-118,0,401671803,6588,2024-11-10,09:30,59647,Dave Canales,240,00-0027973,Andy Dalton,7,-102,Neutral,,2024111000,-105,1,,202411100car,Shawn Hochuli,3,outdoors,-6.5,Allianz Arena,GER00,,,37,40.5,-115,Sunday,
2024_10_NYJ_ARI,2024-11-10,2024,10,REG,NYJ,ARI,6,31,Robert Saleh,-130,00-0023459,Aaron Rodgers,10,-110,0,401671678,6597,2024-11-10,16:25,59656,Jonathan Gannon,110,00-0035228,Kyler Murray,7,-110,Home,,2024111009,-112,0,,202411100crd,John Hussey,25,closed,-2,State Farm Stadium,PHO00,grass,,37,45.5,-108,Sunday,
2024_10_PHI_DAL,2024-11-10,2024,10,REG,PHI,DAL,34,6,Nick Sirianni,-360,00-0036389,Jalen Hurts,7,-108,1,401671676,6598,2024-11-10,16:25,59657,Mike McCarthy,285,00-0033662,Cooper Rush,7,-112,Home,,2024111010,-110,0,,202411100dal,Alex Kemp,-28,closed,-7.5,AT&T Stadium,DAL00,matrixturf,,40,44.5,-110,Sunday,
2024_10_PIT_WAS,2024-11-10,2024,10,REG,PIT,WAS,28,27,Mike Tomlin,102,00-0029263,Russell Wilson,13,-110,0,401671641,6595,2024-11-10,13:00,59654,Dan Quinn,-122,00-0032268,Marcus Mariota,7,-110,Home,,2024111007,-112,0,,202411100was,Brad Rogers,-1,outdoors,1.5,FedExField,WAS00,grass,57,55,45,-108,Sunday,9
2024_10_SF_TB,2024-11-10,2024,10,REG,SF,TB,23,20,Kyle Shanahan,-298,00-0037834,Brock Purdy,14,-118,0,401671742,6594,2024-11-10,13:00,59653,Todd Bowles,240,00-0034855,Baker Mayfield,6,-102,Home,,2024111006,-108,0,,202411100tam,Shawn Smith,-3,outdoors,-6.5,Raymond James Stadium,TAM00,grass,85,43,50.5,-112,Sunday,9
2024_10_TEN_LAC,2024-11-10,2024,10,REG,TEN,LAC,17,27,Brian Callahan,300,00-0034771,Mason Rudolph,7,-108,0,401671751,6596,2024-11-10,16:05,59655,Jim Harbaugh,-380,00-0036355,Justin Herbert,7,-112,Home,,2024111008,-110,0,,202411100sdg,Craig Wrolstad,10,dome,8,SoFi Stadium,LAX01,matrixturf,,44,40,-110,Sunday,
2024_10_MIA_LA,2024-11-11,2024,10,REG,MIA,LA,23,15,Mike McDaniel,120,00-0036212,Tua Tagovailoa,8,-102,0,401671693,6600,2024-11-11,20:15,59659,Sean McVay,-142,00-0026498,Matthew Stafford,8,-118,Home,,2024111100,-112,0,,202411110ram,Ron Torbert,-8,dome,2.5,SoFi Stadium,LAX01,matrixturf,,38,49.5,-108,Monday,
2024_11_WAS_PHI,2024-11-14,2024,11,REG,WAS,PHI,18,26,Dan Quinn,190,00-0032268,Marcus Mariota,4,-110,1,401671813,6601,2024-11-14,20:15,59660,Nick Sirianni,-230,00-0036389,Jalen Hurts,4,-110,Home,,2024111400,-110,0,,202411140phi,Adrian Hill,8,outdoors,4.5,Lincoln Financial Field,PHI00,grass,46,44,49.5,-110,Thursday,9
2024_11_ATL_DEN,2024-11-17,2024,11,REG,ATL,DEN,6,38,Raheem Morris,114,00-0029604,Kirk Cousins,7,-108,0,401671748,6609,2024-11-17,16:05,59668,Sean Payton,-135,00-0039732,Bo Nix,7,-112,Home,,2024111707,-108,0,,202411170den,Alan Eck,32,outdoors,2,Empower Field at Mile High,DEN00,grass,55,44,44.5,-112,Sunday,9
2024_11_BAL_PIT,2024-11-17,2024,11,REG,BAL,PIT,16,18,John Harbaugh,-175,00-0034796,Lamar Jackson,10,-120,1,401671630,6607,2024-11-17,13:00,59666,Mike Tomlin,145,00-0029263,Russell Wilson,7,100,Home,,2024111705,-112,0,,202411170pit,Clay Martin,2,outdoors,-3,Acrisure Stadium,PIT00,grass,52,34,48,-108,Sunday,5
2024_11_CIN_LAC,2024-11-17,2024,11,REG,CIN,LAC,27,34,Zac Taylor,-110,00-0036442,Joe Burrow,10,-118,0,401671675,6612,2024-11-17,20:20,59671,Jim Harbaugh,-110,00-0036355,Justin Herbert,7,-102,Home,,2024111710,-115,0,,202411170sdg,Brad Allen,7,dome,1,SoFi Stadium,LAX01,matrixturf,,61,48,-105,Sunday,
2024_11_CLE_NO,2024-11-17,2024,11,REG,CLE,NO,14,35,Kevin Stefanski,-115,00-0031503,Jameis Winston,14,-110,0,401671746,6606,2024-11-17,13:00,59665,Dennis Allen,-105,00-0031280,Derek Carr,7,-110,Home,,2024111704,-110,0,,202411170nor,Alex Kemp,21,dome,-1,Mercedes-Benz Superdome,NOR00,sportturf,,49,44,-110,Sunday,
2024_11_GB_CHI,2024-11-17,2024,11,REG,GB,CHI,20,19,Matt LaFleur,-265,00-0036264,Jordan Love,14,-115,1,401671869,6602,2024-11-17,13:00,59661,Matt Eberflus,215,00-0039918,Caleb Williams,7,-105,Home,,2024111700,-112,0,,202411170chi,Bill Vinovich,-1,outdoors,-6,Soldier Field,CHI98,grass,54,39,41,-108,Sunday,5
2024_11_IND_NYJ,2024-11-17,2024,11,REG,IND,NYJ,28,27,Shane Steichen,170,00-0026158,Joe Flacco,7,-110,0,401671782,6613,2024-11-17,13:00,59672,Robert Saleh,-205,00-0023459,Aaron Rodgers,7,-110,Home,,2024111711,-110,0,,202411170nyj,Tra Blake,-1,outdoors,4,MetLife Stadium,NYC01,fieldturf,62,55,43,-110,Sunday,4
2024_11_JAX_DET,2024-11-17,2024,11,REG,JAX,DET,6,52,Doug Pederson,650,00-0036972,Mac Jones,7,-105,0,401671642,6603,2024-11-17,13:00,59662,Dan Campbell,-1000,00-0033106,Jared Goff,7,-115,Home,,2024111701,-110,0,,202411170det,Scott Novak,46,dome,14,Ford Field,DET00,fieldturf,,58,47.5,-110,Sunday,
2024_11_KC_BUF,2024-11-17,2024,11,REG,KC,BUF,21,30,Andy Reid,120,00-0033873,Patrick Mahomes,7,-108,0,401671665,6611,2024-11-17,16:25,59670,Sean McDermott,-142,00-0034857,Josh Allen,7,-112,Home,,2024111709,-112,0,,202411170buf,Land Clark,9,outdoors,2.5,New Era Field,BUF00,a_turf,50,51,46.5,-108,Sunday,3
2024_11_LA_NE,2024-11-17,2024,11,REG,LA,NE,28,22,Sean McVay,-198,00-0026498,Matthew Stafford,6,-108,0,401671701,6605,2024-11-17,13:00,59664,Jerod Mayo,164,00-0039851,Drake Maye,7,-112,Home,,2024111703,-108,0,,202411170nwe,Shawn Smith,-6,outdoors,-4,Gillette Stadium,BOS00,fieldturf,59,50,42.5,-112,Sunday,9
2024_11_LV_MIA,2024-11-17,2024,11,REG,LV,MIA,19,34,Antonio Pierce,330,00-0035289,Gardner Minshew,14,-105,0,401671851,6604,2024-11-17,13:00,59663,Mike McDaniel,-425,00-0036212,Tua Tagovailoa,6,-115,Home,,2024111702,-108,0,,202411170mia,John Hussey,15,outdoors,8,Hard Rock Stadium,MIA00,grass,80,53,43.5,-112,Sunday,16
2024_11_MIN_TEN,2024-11-17,2024,11,REG,MIN,TEN,23,13,Kevin O'Connell,-290,00-0034869,Sam Darnold,7,-118,0,401671824,6608,2024-11-17,13:00,59667,Brian Callahan,235,00-0034771,Mason Rudolph,7,-102,Home,,2024111706,-110,0,,202411170oti,Clete Blakeman,-10,outdoors,-6,Nissan Stadium,NAS00,grass,66,36,40,-110,Sunday,7
2024_11_SEA_SF,2024-11-17,2024,11,REG,SEA,SF,20,17,Mike Macdonald,215,00-0030565,Geno Smith,14,-110,1,401671757,6610,2024-11-17,16:05,59669,Kyle Shanahan,-265,00-0037834,Brock Purdy,7,-110,Home,,2024111708,-108,0,,202411170sfo,Brad Rogers,-3,outdoors,6,Levi's Stadium,SFO01,grass,59,37,49,-112,Sunday,4
2024_11_HOU_DAL,2024-11-18,2024,11,REG,HOU,DAL,34,10,DeMeco Ryans,-360,00-0039163,C.J. Stroud,8,100,0,401671694,6614,2024-11-18,20:15,59673,Mike McCarthy,285,00-0033662,Cooper Rush,8,-120,Home,,2024111800,-115,0,,202411180dal,Craig Wrolstad,-24,closed,-7.5,AT&T Stadium,DAL00,matrixturf,,44,41.5,-105,Monday,
2024_12_PIT_CLE,2024-11-21,2024,12,REG,PIT,CLE,19,24,Mike Tomlin,-205,00-0029263,Russell Wilson,4,-115,1,401671875,6615,2024-11-21,20:15,59674,Kevin Stefanski,170,00-0031503,Jameis Winston,4,-105,Home,,2024112100,-112,0,,202411210cle,Brad Allen,5,outdoors,-3.5,FirstEnergy Stadium,CLE00,grass,36,43,36.5,-108,Thursday,13
2024_12_ARI_SEA,2024-11-24,2024,12,REG,ARI,SEA,6,16,Jonathan Gannon,-115,00-0035228,Kyler Murray,14,-110,1,401671775,6625,2024-11-24,16:25,59684,Mike Macdonald,-105,00-0030565,Geno Smith,7,-110,Home,,2024112409,-112,0,,202411240sea,Scott Novak,10,outdoors,-1,Lumen Field,SEA00,fieldturf,45,22,46.5,-108,Sunday,5
2024_12_DAL_WAS,2024-11-24,2024,12,REG,DAL,WAS,34,26,Mike McCarthy,455,00-0033662,Cooper Rush,6,-112,1,401671715,6622,2024-11-24,13:00,59681,Dan Quinn,-625,00-0032268,Marcus Mariota,10,-108,Home,,2024112406,-110,0,,202411240was,Tra Blake,-8,outdoors,10.5,FedExField,WAS00,grass,55,60,45,-110,Sunday,5
2024_12_DEN_LV,2024-11-24,2024,12,REG,DEN,LV,29,19,Sean Payton,-278,00-0039732,Bo Nix,7,-105,1,401671656,6623,2024-11-24,16:05,59682,Antonio Pierce,225,00-0035289,Gardner Minshew,7,-115,Home,,2024112407,-112,0,,202411240rai,Ron Torbert,-10,dome,-6.5,Allegiant Stadium,VEG00,grass,,48,41.5,-108,Sunday,
2024_12_DET_IND,2024-11-24,2024,12,REG,DET,IND,24,6,Dan Campbell,-375,00-0033106,Jared Goff,7,-122,0,401671866,6619,2024-11-24,13:00,59678,Shane Steichen,295,00-0026158,Joe Flacco,7,102,Home,,2024112403,-110,0,,202411240clt,Shawn Hochuli,-18,closed,-7,Lucas Oil Stadium,IND00,fieldturf,,30,50.5,-110,Sunday,
2024_12_KC_CAR,2024-11-24,2024,12,REG,KC,CAR,30,27,Andy Reid,-700,00-0033873,Patrick Mahomes,7,-112,0,401671651,6616,2024-11-24,13:00,59675,Dave Canales,500,00-0027973,Andy Dalton,14,-108,Home,,2024112400,-110,0,,202411240car,Shawn Smith,-3,outdoors,-11,Bank of America Stadium,CAR00,grass,61,57,43,-110,Sunday,5
2024_12_MIN_CHI,2024-11-24,2024,12,REG,MIN,CHI,30,27,Kevin O'Connell,-175,00-0034869,Sam Darnold,7,-120,1,401671870,6617,2024-11-24,13:00,59676,Matt Eberflus,145,00-0039918,Caleb Williams,7,100,Home,,2024112401,-112,1,,202411240chi,Clay Martin,-3,outdoors,-3,Soldier Field,CHI98,grass,47,57,39.5,-108,Sunday,5
2024_12_NE_MIA,2024-11-24,2024,12,REG,NE,MIA,15,34,Jerod Mayo,285,00-0039851,Drake Maye,7,-115,1,401671847,6620,2024-11-24,13:00,59679,Mike McDaniel,-360,00-0036212,Tua Tagovailoa,7,-105,Home,,2024112404,-112,0,,202411240mia,Alan Eck,19,outdoors,7.5,Hard Rock Stadium,MIA00,grass,77,49,46,-108,Sunday,6
2024_12_PHI_LA,2024-11-24,2024,12,REG,PHI,LA,37,20,Nick Sirianni,-170,00-0036389,Jalen Hurts,10,-112,0,401671794,6626,2024-11-24,20:20,59685,Sean McVay,142,00-0026498,Matthew Stafford,7,-108,Home,,2024112410,-112,0,,202411240ram,Land Clark,-17,dome,-3,SoFi Stadium,LAX01,matrixturf,,57,49,-108,Sunday,
2024_12_SF_GB,2024-11-24,2024,12,REG,SF,GB,10,38,Kyle Shanahan,235,00-0032434,Brandon Allen,7,-112,0,401671768,6624,2024-11-24,16:25,59683,Matt LaFleur,-290,00-0036264,Jordan Love,7,-108,Home,,2024112408,-112,0,,202411240gnb,Craig Wrolstad,28,outdoors,6.5,Lambeau Field,GNB00,grass,43,48,44.5,-108,Sunday,11
2024_12_TB_NYG,2024-11-24,2024,12,REG,TB,NYG,30,7,Todd Bowles,-298,00-0034855,Baker Mayfield,14,-108,0,401671638,6621,2024-11-24,13:00,59680,Brian Daboll,240,00-0038476,Tommy DeVito,14,-112,Home,,2024112405,-110,0,,202411240nyg,Adrian Hill,-23,outdoors,-6.5,MetLife Stadium,NYC01,fieldturf,50,37,40.5,-110,Sunday,13
2024_12_TEN_HOU,2024-11-24,2024,12,REG,TEN,HOU,32,27,Brian Callahan,295,00-0034771,Mason Rudolph,7,-112,1,401671858,6618,2024-11-24,13:00,59677,DeMeco Ryans,-375,00-0039163,C.J. Stroud,6,-108,Home,,2024112402,-108,0,,202411240htx,Brad Rogers,-5,closed,8,NRG Stadium,HOU00,astroturf,,59,40.5,-112,Sunday,
2024_12_BAL_LAC,2024-11-25,2024,12,REG,BAL,LAC,30,23,John Harbaugh,-166,00-0034796,Lamar Jackson,8,-110,0,401671689,6627,2024-11-25,20:15,59686,Jim Harbaugh,140,00-0036355,Justin Herbert,8,-110,Home,,2024112500,-108,0,,202411250sdg,Craig Wrolstad,-7,dome,-3,SoFi Stadium,LAX01,matrixturf,,53,51,-112,Monday,
2024_13_CHI_DET,2024-11-28,2024,13,REG,CHI,DET,20,23,Matt Eberflus,390,00-0039918,Caleb Williams,4,-102,1,401671492,6628,2024-11-28,12:30,59687,Dan Campbell,-520,00-0033106,Jared Goff,4,-118,Home,,2024112800,-120,0,,202411280det,Alan Eck,3,dome,9.5,Ford Field,DET00,fieldturf,,43,47.5,100,Thursday,
2024_13_MIA_GB,2024-11-28,2024,13,REG,MIA,GB,17,30,Mike McDaniel,145,00-0036212,Tua Tagovailoa,4,-115,0,401671798,6630,2024-11-28,20:20,59689,Matt LaFleur,-175,00-0036264,Jordan Love,4,-105,Home,,2024112802,-110,0,,202411280gnb,Shawn Smith,13,outdoors,3.5,Lambeau Field,GNB00,grass,27,47,47.5,-110,Thursday,10
2024_13_NYG_DAL,2024-11-28,2024,13,REG,NYG,DAL,20,27,Brian Daboll,185,00-0035704,Drew Lock,4,-110,1,401671779,6629,2024-11-28,16:30,59688,Mike McCarthy,-218,00-0033662,Cooper Rush,4,-110,Home,,2024112801,-110,0,,202411280dal,Brad Rogers,7,closed,4.5,AT&T Stadium,DAL00,matrixturf,,47,39,-110,Thursday,
2024_13_LV_KC,2024-11-29,2024,13,REG,LV,KC,17,19,Antonio Pierce,550,00-0035289,Gardner Minshew,5,-108,1,401671806,6631,2024-11-29,15:00,59690,Andy Reid,-800,00-0033873,Patrick Mahomes,5,-112,Home,,2024112900,-112,0,,202411290kan,Clay Martin,2,outdoors,13.5,GEHA Field at Arrowhead Stadium,KAN00,grass,37,36,42,-108,Friday,5
2024_13_ARI_MIN,2024-12-01,2024,13,REG,ARI,MIN,22,23,Jonathan Gannon,154,00-0035228,Kyler Murray,7,-110,0,401671726,6635,2024-12-01,13:00,59694,Kevin O'Connell,-185,00-0034869,Sam Darnold,7,-110,Home,,2024120103,-108,0,,202412010min,Bill Vinovich,1,dome,3.5,U.S. Bank Stadium,MIN01,sportturf,,45,45.5,-112,Sunday,
2024_13_HOU_JAX,2024-12-01,2024,13,REG,HOU,JAX,23,20,DeMeco Ryans,-192,00-0039163,C.J. Stroud,7,-110,1,401671705,6634,2024-12-01,13:00,59693,Doug Pederson,160,00-0036971,Trevor Lawrence,14,-110,Home,,2024120102,-112,0,,202412010jax,Land Clark,-3,outdoors,-3.5,TIAA Bank Stadium,JAX00,grass,,43,44.5,-108,Sunday,
2024_13_IND_NE,2024-12-01,2024,13,REG,IND,NE,25,24,Shane Steichen,-135,00-0026158,Joe Flacco,7,-115,0,401671620,6636,2024-12-01,13:00,59695,Jerod Mayo,114,00-0039851,Drake Maye,7,-105,Home,,2024120104,-110,0,,202412010nwe,Adrian Hill,-1,outdoors,-2.5,Gillette Stadium,BOS00,fieldturf,36,49,41.5,-110,Sunday,9
2024_13_LAC_ATL,2024-12-01,2024,13,REG,LAC,ATL,17,13,Jim Harbaugh,-118,00-0036355,Justin Herbert,6,-108,0,401671649,6632,2024-12-01,13:00,59691,Raheem Morris,-102,00-0029604,Kirk Cousins,14,-112,Home,,2024120100,-110,0,,202412010atl,Clete Blakeman,-4,closed,-1,Mercedes-Benz Stadium,ATL97,fieldturf,,30,47,-110,Sunday,
2024_13_LA_NO,2024-12-01,2024,13,REG,LA,NO,21,14,Sean McVay,-142,00-0026498,Matthew Stafford,7,-115,0,401671753,6640,2024-12-01,16:05,59699,Dennis Allen,120,00-0031280,Derek Carr,14,-105,Home,,2024120108,-112,0,,202412010nor,Brad Allen,-7,dome,-2.5,Mercedes-Benz Superdome,NOR00,sportturf,,35,48.5,-108,Sunday,
2024_13_PHI_BAL,2024-12-01,2024,13,REG,PHI,BAL,24,19,Nick Sirianni,136,00-0036389,Jalen Hurts,7,-110,0,401671666,6641,2024-12-01,16:25,59700,John Harbaugh,-162,00-0034796,Lamar Jackson,6,-110,Home,,2024120109,-110,0,,202412010rav,Craig Wrolstad,-5,outdoors,3,M&T Bank Stadium,BAL00,grass,41,43,50,-110,Sunday,7
2024_13_PIT_CIN,2024-12-01,2024,13,REG,PIT,CIN,44,38,Mike Tomlin,130,00-0029263,Russell Wilson,10,-110,1,401671627,6633,2024-12-01,13:00,59692,Zac Taylor,-155,00-0036442,Joe Burrow,14,-110,Home,,2024120101,-112,0,,202412010cin,Shawn Hochuli,-6,outdoors,3,Paycor Stadium,CIN00,fieldturf,32,82,46,-108,Sunday,9
2024_13_SEA_NYJ,2024-12-01,2024,13,REG,SEA,NYJ,26,21,Mike Macdonald,-105,00-0030565,Geno Smith,7,-110,0,401671703,6637,2024-12-01,13:00,59696,Robert Saleh,-115,00-0023459,Aaron Rodgers,14,-110,Home,,2024120105,-110,0,,202412010nyj,Carl Cheffers,-5,outdoors,1,MetLife Stadium,NYC01,fieldturf,37,47,41.5,-110,Sunday,12
2024_13_SF_BUF,2024-12-01,2024,13,REG,SF,BUF,10,35,Kyle Shanahan,270,00-0037834,Brock Purdy,7,-102,0,401671781,6642,2024-12-01,20:20,59701,Sean McDermott,-340,00-0034857,Josh Allen,14,-118,Home,,2024120110,-110,0,,202412010buf,Alex Kemp,25,outdoors,6.5,New Era Field,BUF00,a_turf,28,45,45,-110,Sunday,11
2024_13_TB_CAR,2024-12-01,2024,13,REG,TB,CAR,26,23,Todd Bowles,-290,00-0034855,Baker Mayfield,7,-115,1,401671752,6639,2024-12-01,16:05,59698,Dave Canales,235,00-0027973,Andy Dalton,7,-105,Home,,2024120107,-110,1,,202412010car,Tra Blake,-3,outdoors,-6.5,Bank of America Stadium,CAR00,grass,51,49,46,-110,Sunday,7
2024_13_TEN_WAS,2024-12-01,2024,13,REG,TEN,WAS,19,42,Brian Callahan,205,00-0034771,Mason Rudolph,7,-112,0,401671743,6638,2024-12-01,13:00,59697,Dan Quinn,-250,00-0032268,Marcus Mariota,7,-108,Home,,2024120106,-112,0,,202412010was,Ron Torbert,23,outdoors,6,FedExField,WAS00,grass,42,61,45,-108,Sunday,6
2024_13_CLE_DEN,2024-12-02,2024,13,REG,CLE,DEN,32,41,Kevin Stefanski,235,00-0031503,Jameis Winston,11,-108,0,401671686,6643,2024-12-02,20:15,59702,Sean Payton,-290,00-0039732,Bo Nix,8,-112,Home,,2024120200,-110,0,,202412020den,John Hussey,9,outdoors,6.5,Empower Field at Mile High,DEN00,grass,48,73,41.5,-110,Monday,4
2024_14_GB_DET,2024-12-05,2024,14,REG,GB,DET,31,34,Matt LaFleur,142,00-0036264,Jordan Love,7,100,1,401671814,6644,2024-12-05,20:15,59703,Dan Campbell,-170,00-0033106,Jared Goff,7,-120,Home,,2024120500,-110,0,,202412050det,John Hussey,3,dome,3,Ford Field,DET00,fieldturf,,65,53,-110,Thursday,
2024_14_ATL_MIN,2024-12-08,2024,14,REG,ATL,MIN,21,42,Raheem Morris,205,00-0029604,Kirk Cousins,7,-110,0,401671648,6646,2024-12-08,13:00,59705,Kevin O'Connell,-250,00-0034869,Sam Darnold,7,-110,Home,,2024120801,-112,0,,202412080min,Alex Kemp,21,dome,6,U.S. Bank Stadium,MIN01,sportturf,,63,46.5,-108,Sunday,
2024_14_BUF_LA,2024-12-08,2024,14,REG,BUF,LA,42,44,Sean McDermott,-192,00-0034857,Josh Allen,7,-118,0,401671773,6653,2024-12-08,16:25,59712,Sean McVay,160,00-0026498,Matthew Stafford,7,-102,Home,,2024120808,-112,0,,202412080ram,Craig Wrolstad,2,dome,-3.5,SoFi Stadium,LAX01,matrixturf,,86,49.5,-108,Sunday,
2024_14_CAR_PHI,2024-12-08,2024,14,REG,CAR,PHI,16,22,Dave Canales,625,00-0027973,Andy Dalton,7,-112,0,401671713,6648,2024-12-08,13:00,59707,Nick Sirianni,-950,00-0036389,Jalen Hurts,7,-108,Home,,2024120803,-108,0,,202412080phi,Carl Cheffers,6,outdoors,14,Lincoln Financial Field,PHI00,grass,55,38,44.5,-112,Sunday,16
2024_14_CHI_SF,2024-12-08,2024,14,REG,CHI,SF,13,38,Matt Eberflus,136,00-0039918,Caleb Williams,10,-110,0,401671774,6654,2024-12-08,16:25,59713,Kyle Shanahan,-162,00-0037834,Brock Purdy,7,-110,Home,,2024120809,-112,0,,202412080sfo,Ron Torbert,25,outdoors,3,Levi's Stadium,SFO01,grass,65,51,43.5,-108,Sunday,4
2024_14_CLE_PIT,2024-12-08,2024,14,REG,CLE,PIT,14,27,Kevin Stefanski,210,00-0031503,Jameis Winston,6,-112,1,401671631,6649,2024-12-08,13:00,59708,Mike Tomlin,-258,00-0029263,Russell Wilson,7,-108,Home,,2024120804,-110,0,,202412080pit,Land Clark,13,outdoors,6,Acrisure Stadium,PIT00,grass,49,41,43,-110,Sunday,12
2024_14_JAX_TEN,2024-12-08,2024,14,REG,JAX,TEN,10,6,Doug Pederson,142,00-0036972,Mac Jones,7,-105,1,401671821,6651,2024-12-08,13:00,59710,Brian Callahan,-170,00-0034771,Mason Rudolph,7,-115,Home,,2024120806,-112,0,,202412080oti,Tra Blake,-4,outdoors,3,Nissan Stadium,NAS00,grass,53,16,40,-108,Sunday,9
2024_14_LAC_KC,2024-12-08,2024,14,REG,LAC,KC,17,19,Jim Harbaugh,195,00-0036355,Justin Herbert,7,-115,1,401671788,6655,2024-12-08,20:20,59714,Andy Reid,-238,00-0033873,Patrick Mahomes,9,-105,Home,,2024120810,-110,0,,202412080kan,Bill Vinovich,2,outdoors,5,GEHA Field at Arrowhead Stadium,KAN00,grass,50,36,43.5,-110,Sunday,10
2024_14_LV_TB,2024-12-08,2024,14,REG,LV,TB,13,28,Antonio Pierce,260,00-0035289,Gardner Minshew,9,-115,0,401671654,6650,2024-12-08,13:00,59709,Todd Bowles,-325,00-0034855,Baker Mayfield,7,-105,Home,,2024120805,-108,0,,202412080tam,Alan Eck,15,outdoors,7,Raymond James Stadium,TAM00,grass,71,41,47,-112,Sunday,4
2024_14_NO_NYG,2024-12-08,2024,14,REG,NO,NYG,14,11,Dennis Allen,-245,00-0031280,Derek Carr,7,-115,0,401671601,6647,2024-12-08,13:00,59706,Brian Daboll,200,00-0038476,Tommy DeVito,10,-105,Home,,2024120802,-110,0,,202412080nyg,Clete Blakeman,-3,outdoors,-5.5,MetLife Stadium,NYC01,fieldturf,54,25,41,-110,Sunday,13
2024_14_NYJ_MIA,2024-12-08,2024,14,REG,NYJ,MIA,26,32,Robert Saleh,240,00-0023459,Aaron Rodgers,7,-108,1,401671848,6645,2024-12-08,13:00,59704,Mike McDaniel,-298,00-0036212,Tua Tagovailoa,10,-112,Home,,2024120800,-108,1,,202412080mia,Shawn Hochuli,6,outdoors,6.5,Hard Rock Stadium,MIA00,grass,77,58,45,-112,Sunday,12
2024_14_SEA_ARI,2024-12-08,2024,14,REG,SEA,ARI,30,18,Mike Macdonald,145,00-0030565,Geno Smith,7,-105,1,401671660,6652,2024-12-08,16:05,59711,Jonathan Gannon,-175,00-0035228,Kyler Murray,7,-115,Home,,2024120807,-110,0,,202412080crd,Clay Martin,-12,closed,3,State Farm Stadium,PHO00,grass,,48,45.5,-110,Sunday,
2024_14_CIN_DAL,2024-12-09,2024,14,REG,CIN,DAL,27,20,Zac Taylor,-230,00-0036442,Joe Burrow,8,-110,0,401671690,6656,2024-12-09,20:15,59715,Mike McCarthy,190,00-0033662,Cooper Rush,11,-110,Home,,2024120900,-108,0,,202412090dal,Scott Novak,-7,closed,-5,AT&T Stadium,DAL00,matrixturf,,47,51,-112,Monday,
2024_15_LA_SF,2024-12-12,2024,15,REG,LA,SF,12,6,Sean McVay,130,00-0026498,Matthew Stafford,4,-118,1,401671818,6657,2024-12-12,20:15,59716,Kyle Shanahan,-155,00-0037834,Brock Purdy,4,-102,Home,,2024121200,-110,0,,202412120sfo,Clay Martin,-6,outdoors,3,Levi's Stadium,SFO01,grass,53,18,48.5,-110,Thursday,4
2024_15_BAL_NYG,2024-12-15,2024,15,REG,BAL,NYG,35,14,John Harbaugh,-1800,00-0034796,Lamar Jackson,14,-112,0,401671639,6663,2024-12-15,13:00,59722,Brian Daboll,1000,00-0038476,Tommy DeVito,7,-108,Home,,2024121505,-108,0,,202412150nyg,Brad Allen,-21,outdoors,-16.5,MetLife Stadium,NYC01,fieldturf,36,49,43.5,-112,Sunday,6
2024_15_BUF_DET,2024-12-15,2024,15,REG,BUF,DET,48,42,Sean McDermott,110,00-0034857,Josh Allen,7,-110,0,401671681,6667,2024-12-15,16:25,59726,Dan Campbell,-130,00-0033106,Jared Goff,10,-110,Home,,2024121509,-110,0,,202412150det,Adrian Hill,-6,dome,2.5,Ford Field,DET00,fieldturf,,90,55.5,-110,Sunday,
2024_15_CIN_TEN,2024-12-15,2024,15,REG,CIN,TEN,37,27,Zac Taylor,-250,00-0036442,Joe Burrow,6,-110,0,401671825,6664,2024-12-15,13:00,59723,Brian Callahan,205,00-0039152,Will Levis,7,-110,Home,,2024121506,-108,0,,202412150oti,Craig Wrolstad,-10,outdoors,-6,Nissan Stadium,NAS00,grass,52,64,46.5,-112,Sunday,12
2024_15_DAL_CAR,2024-12-15,2024,15,REG,DAL,CAR,30,14,Mike McCarthy,120,00-0033662,Cooper Rush,6,100,0,401671731,6658,2024-12-15,13:00,59717,Dave Canales,-142,00-0039150,Bryce Young,7,-120,Home,,2024121500,-108,0,,202412150car,Bill Vinovich,-16,outdoors,2.5,Bank of America Stadium,CAR00,grass,45,44,42,-112,Sunday,7
2024_15_GB_SEA,2024-12-15,2024,15,REG,GB,SEA,30,13,Matt LaFleur,-162,00-0036264,Jordan Love,10,-110,0,401671796,6670,2024-12-15,20:20,59729,Mike Macdonald,136,00-0030565,Geno Smith,7,-110,Home,,2024121512,-110,0,,202412150sea,Clete Blakeman,-17,outdoors,-3,Lumen Field,SEA00,fieldturf,43,43,48,-110,Sunday,3
2024_15_IND_DEN,2024-12-15,2024,15,REG,IND,DEN,13,31,Shane Steichen,195,00-0039164,Anthony Richardson,14,-105,0,401671669,6666,2024-12-15,16:25,59725,Sean Payton,-238,00-0039732,Bo Nix,13,-115,Home,,2024121508,-112,0,,202412150den,Carl Cheffers,18,outdoors,4.5,Empower Field at Mile High,DEN00,grass,55,44,43.5,-108,Sunday,15
2024_15_KC_CLE,2024-12-15,2024,15,REG,KC,CLE,21,7,Andy Reid,-230,00-0033873,Patrick Mahomes,7,-110,0,401671854,6659,2024-12-15,13:00,59718,Kevin Stefanski,190,00-0031503,Jameis Winston,7,-110,Home,,2024121501,-108,0,,202412150cle,Tra Blake,-14,outdoors,-4.5,FirstEnergy Stadium,CLE00,grass,40,28,41.5,-112,Sunday,18
2024_15_MIA_HOU,2024-12-15,2024,15,REG,MIA,HOU,12,20,Mike McDaniel,130,00-0036212,Tua Tagovailoa,7,-105,0,401671860,6660,2024-12-15,13:00,59719,DeMeco Ryans,-155,00-0039163,C.J. Stroud,14,-115,Home,,2024121502,-108,0,,202412150htx,Alex Kemp,8,closed,2.5,NRG Stadium,HOU00,astroturf,,32,46.5,-112,Sunday,
2024_15_NE_ARI,2024-12-15,2024,15,REG,NE,ARI,17,30,Jerod Mayo,210,00-0039851,Drake Maye,14,-108,0,401671677,6665,2024-12-15,16:25,59724,Jonathan Gannon,-258,00-0035228,Kyler Murray,7,-112,Home,,2024121507,-110,0,,202412150crd,Ron Torbert,13,closed,6,State Farm Stadium,PHO00,grass,,47,46.5,-110,Sunday,
2024_15_NYJ_JAX,2024-12-15,2024,15,REG,NYJ,JAX,32,25,Robert Saleh,-175,00-0023459,Aaron Rodgers,7,-102,0,401671706,6661,2024-12-15,13:00,59720,Doug Pederson,145,00-0036972,Mac Jones,7,-118,Home,,2024121503,-108,0,,202412150jax,Brad Rogers,-7,outdoors,-3.5,TIAA Bank Stadium,JAX00,grass,,57,41.5,-112,Sunday,
2024_15_PIT_PHI,2024-12-15,2024,15,REG,PIT,PHI,13,27,Mike Tomlin,215,00-0029263,Russell Wilson,7,-110,0,401671766,6669,2024-12-15,16:25,59728,Nick Sirianni,-265,00-0036389,Jalen Hurts,7,-110,Home,,2024121511,-110,0,,202412150phi,Alan Eck,14,outdoors,5.5,Lincoln Financial Field,PHI00,grass,37,40,43,-110,Sunday,5
2024_15_TB_LAC,2024-12-15,2024,15,REG,TB,LAC,40,17,Todd Bowles,136,00-0034855,Baker Mayfield,7,-105,0,401671762,6668,2024-12-15,16:25,59727,Jim Harbaugh,-162,00-0036355,Justin Herbert,7,-115,Home,,2024121510,-112,0,,202412150sdg,Scott Novak,-23,dome,3,SoFi Stadium,LAX01,matrixturf,,57,46,-108,Sunday,
2024_15_WAS_NO,2024-12-15,2024,15,REG,WAS,NO,20,19,Dan Quinn,-375,00-0039910,Jayden Daniels,14,-112,0,401671737,6662,2024-12-15,13:00,59721,Dennis Allen,295,00-0038998,Jake Haener,7,-108,Home,,2024121504,-112,0,,202412150nor,Shawn Hochuli,-1,dome,-7.5,Mercedes-Benz Superdome,NOR00,sportturf,,39,44.5,-108,Sunday,
2024_15_ATL_LV,2024-12-16,2024,15,REG,ATL,LV,15,9,Raheem Morris,-345,00-0029604,Kirk Cousins,8,-110,0,401671697,6672,2024-12-16,20:30,59731,Antonio Pierce,275,00-0038579,Aidan O'Connell,8,-110,Home,,2024121601,-110,0,,202412160rai,Shawn Smith,-6,dome,-6.5,Allegiant Stadium,VEG00,grass,,24,44.5,-110,Monday,
2024_15_CHI_MIN,2024-12-16,2024,15,REG,CHI,MIN,12,30,Matt Eberflus,260,00-0039918,Caleb Williams,8,-115,1,401671489,6671,2024-12-16,20:00,59730,Kevin O'Connell,-325,00-0034869,Sam Darnold,8,-105,Home,,2024121600,-110,0,,202412160min,John Hussey,18,dome,7,U.S. Bank Stadium,MIN01,sportturf,,42,43.5,-110,Monday,
2024_16_DEN_LAC,2024-12-19,2024,16,REG,DEN,LAC,27,34,Sean Payton,124,00-0039732,Bo Nix,4,-120,1,401671749,6673,2024-12-19,20:15,59742,Jim Harbaugh,-148,00-0036355,Justin Herbert,4,100,Home,,2024121901,-110,0,,202412190sdg,Clay Martin,7,dome,3,SoFi Stadium,LAX01,matrixturf,,61,41.5,-110,Thursday,
2024_16_HOU_KC,2024-12-21,2024,16,REG,HOU,KC,19,27,DeMeco Ryans,150,00-0039163,C.J. Stroud,6,-120,0,401671780,6674,2024-12-21,13:00,59733,Andy Reid,-180,00-0033873,Patrick Mahomes,6,100,Home,,2024122100,-112,0,,202412210kan,Carl Cheffers,8,outdoors,3.5,GEHA Field at Arrowhead Stadium,KAN00,grass,30,46,42.5,-108,Saturday,5
2024_16_PIT_BAL,2024-12-21,2024,16,REG,PIT,BAL,17,34,Mike Tomlin,275,00-0029263,Russell Wilson,6,-115,1,401671778,6675,2024-12-21,16:30,59734,John Harbaugh,-345,00-0034796,Lamar Jackson,6,-105,Home,,2024122101,-108,0,,202412210rav,Bill Vinovich,17,outdoors,7,M&T Bank Stadium,BAL00,grass,35,51,44.5,-112,Saturday,15
2024_16_ARI_CAR,2024-12-22,2024,16,REG,ARI,CAR,30,36,Jonathan Gannon,-245,00-0035228,Kyler Murray,7,-110,0,401671732,6677,2024-12-22,13:00,59737,Dave Canales,200,00-0039150,Bryce Young,7,-110,Home,,2024122204,-110,1,,202412220car,Adrian Hill,6,outdoors,-5.5,Bank of America Stadium,CAR00,grass,37,66,47,-110,Sunday,10
2024_16_CLE_CIN,2024-12-22,2024,16,REG,CLE,CIN,6,24,Kevin Stefanski,425,00-0031503,Jameis Winston,7,-108,1,401671811,6679,2024-12-22,13:00,59732,Zac Taylor,-575,00-0036442,Joe Burrow,7,-112,Home,,2024122214,-108,0,,202412220cin,Brad Rogers,18,outdoors,10,Paycor Stadium,CIN00,fieldturf,33,30,46.5,-112,Sunday,6
2024_16_DET_CHI,2024-12-22,2024,16,REG,DET,CHI,34,17,Dan Campbell,-340,00-0033106,Jared Goff,7,-110,1,401671868,6678,2024-12-22,13:00,59738,Matt Eberflus,270,00-0039918,Caleb Williams,6,-110,Home,,2024122205,-110,0,,202412220chi,Clete Blakeman,-17,outdoors,-7,Soldier Field,CHI98,grass,29,51,47.5,-110,Sunday,7
2024_16_JAX_LV,2024-12-22,2024,16,REG,JAX,LV,14,19,Doug Pederson,110,00-0036972,Mac Jones,7,-110,0,401671673,6685,2024-12-22,16:25,59744,Antonio Pierce,-130,00-0038579,Aidan O'Connell,6,-110,Home,,2024122211,-108,0,,202412220rai,Shawn Hochuli,5,dome,2.5,Allegiant Stadium,VEG00,grass,,33,41.5,-112,Sunday,
2024_16_LA_NYJ,2024-12-22,2024,16,REG,LA,NYJ,19,9,Sean McVay,-162,00-0026498,Matthew Stafford,10,-105,0,401671621,6681,2024-12-22,13:00,59740,Robert Saleh,136,00-0023459,Aaron Rodgers,7,-115,Home,,2024122207,-110,0,,202412220nyj,Ron Torbert,-10,outdoors,-3,MetLife Stadium,NYC01,fieldturf,23,28,47,-110,Sunday,8
2024_16_MIN_SEA,2024-12-22,2024,16,REG,MIN,SEA,27,24,Kevin O'Connell,-148,00-0034869,Sam Darnold,6,-115,0,401671759,6683,2024-12-22,16:05,59743,Mike Macdonald,124,00-0030565,Geno Smith,7,-105,Home,,2024122210,-105,0,,202412220sea,Craig Wrolstad,-3,outdoors,-2.5,Lumen Field,SEA00,fieldturf,48,51,43,-115,Sunday,5
2024_16_NE_BUF,2024-12-22,2024,16,REG,NE,BUF,21,24,Jerod Mayo,700,00-0039851,Drake Maye,7,-110,1,401671494,6684,2024-12-22,16:25,59736,Sean McDermott,-1100,00-0034857,Josh Allen,7,-110,Home,,2024122203,-110,0,,202412220buf,Brad Allen,3,outdoors,14,New Era Field,BUF00,a_turf,14,45,48,-110,Sunday,2
2024_16_NYG_ATL,2024-12-22,2024,16,REG,NYG,ATL,7,34,Brian Daboll,410,00-0038476,Tommy DeVito,7,-110,0,401671729,6676,2024-12-22,13:00,59735,Raheem Morris,-550,00-0039917,Michael Penix Jr.,6,-110,Home,,2024122202,-110,0,,202412220atl,Tra Blake,27,closed,9.5,Mercedes-Benz Stadium,ATL97,fieldturf,,41,42.5,-110,Sunday,
2024_16_PHI_WAS,2024-12-22,2024,16,REG,PHI,WAS,33,36,Nick Sirianni,-218,00-0036389,Jalen Hurts,7,-115,1,401671717,6682,2024-12-22,13:00,59741,Dan Quinn,180,00-0039910,Jayden Daniels,7,-105,Home,,2024122208,-110,0,,202412220was,Shawn Smith,3,outdoors,-4,FedExField,WAS00,grass,32,69,47,-110,Sunday,8
2024_16_SF_MIA,2024-12-22,2024,16,REG,SF,MIA,17,29,Kyle Shanahan,-125,00-0037834,Brock Purdy,10,-108,0,401671874,6686,2024-12-22,16:25,59745,Mike McDaniel,105,00-0036212,Tua Tagovailoa,7,-112,Home,,2024122212,-112,0,,202412220mia,Scott Novak,12,outdoors,-2,Hard Rock Stadium,MIA00,grass,73,46,44,-108,Sunday,12
2024_16_TB_DAL,2024-12-22,2024,16,REG,TB,DAL,24,26,Todd Bowles,-218,00-0034855,Baker Mayfield,7,-105,0,401671790,6687,2024-12-22,20:20,59746,Mike McCarthy,180,00-0033662,Cooper Rush,7,-115,Home,,2024122213,-110,0,,202412220dal,Land Clark,2,closed,-4.5,AT&T Stadium,DAL00,matrixturf,,50,47.5,-110,Sunday,
2024_16_TEN_IND,2024-12-22,2024,16,REG,TEN,IND,30,38,Brian Callahan,164,00-0034771,Mason Rudolph,7,-112,1,401671862,6680,2024-12-22,13:00,59739,Shane Steichen,-198,00-0026158,Joe Flacco,7,-108,Home,,2024122206,-112,0,,202412220clt,John Hussey,8,closed,4,Lucas Oil Stadium,IND00,fieldturf,,68,42.5,-108,Sunday,
2024_16_NO_GB,2024-12-23,2024,16,REG,NO,GB,0,34,Dennis Allen,625,00-0038998,Jake Haener,8,-105,0,401671692,6688,2024-12-23,20:15,59747,Matt LaFleur,-950,00-0036264,Jordan Love,8,-115,Home,,2024122300,-110,0,,202412230gnb,Alex Kemp,34,outdoors,14,Lambeau Field,GNB00,grass,34,34,44,-110,Monday,12
2024_17_BAL_HOU,2024-12-25,2024,17,REG,BAL,HOU,31,2,John Harbaugh,-245,00-0034796,Lamar Jackson,4,-108,0,401671800,6690,2024-12-25,16:30,59749,DeMeco Ryans,200,00-0039163,C.J. Stroud,4,-112,Home,,2024122501,-108,0,,202412250htx,Alan Eck,-29,closed,-5.5,NRG Stadium,HOU00,astroturf,,33,46.5,-112,Wednesday,
2024_17_KC_PIT,2024-12-25,2024,17,REG,KC,PIT,29,10,Andy Reid,-162,00-0033873,Patrick Mahomes,4,-105,0,401671799,6689,2024-12-25,13:00,59748,Mike Tomlin,136,00-0029263,Russell Wilson,4,-115,Home,,2024122500,-110,0,,202412250pit,Craig Wrolstad,-19,outdoors,-3,Acrisure Stadium,PIT00,grass,39,39,43.5,-110,Wednesday,2
2024_17_SEA_CHI,2024-12-26,2024,17,REG,SEA,CHI,6,3,Mike Macdonald,-192,00-0030565,Geno Smith,4,-118,0,401671876,6691,2024-12-26,20:15,59750,Matt Eberflus,160,00-0039918,Caleb Williams,4,-102,Home,,2024122600,-108,0,,202412260chi,Scott Novak,-3,outdoors,-3.5,Soldier Field,CHI98,grass,47,9,43.5,-112,Thursday,5
2024_17_ARI_LA,2024-12-28,2024,17,REG,ARI,LA,9,13,Jonathan Gannon,270,00-0035228,Kyler Murray,6,100,1,401671829,6694,2024-12-28,20:15,59752,Sean McVay,-340,00-0026498,Matthew Stafford,6,-120,Home,,2024122802,-108,0,,202412280ram,Brad Rogers,4,dome,6.5,SoFi Stadium,LAX01,matrixturf,,22,48,-112,Saturday,
2024_17_DEN_CIN,2024-12-28,2024,17,REG,DEN,CIN,24,30,Sean Payton,145,00-0039732,Bo Nix,9,-115,0,401671835,6693,2024-12-28,16:30,59751,Zac Taylor,-175,00-0036442,Joe Burrow,6,-105,Home,,2024122801,-110,1,,202412280cin,Adrian Hill,6,outdoors,3.5,Paycor Stadium,CIN00,fieldturf,60,54,50.5,-110,Saturday,8
2024_17_LAC_NE,2024-12-28,2024,17,REG,LAC,NE,40,7,Jim Harbaugh,-305,00-0036355,Justin Herbert,9,-118,0,401671832,6692,2024-12-28,13:00,59753,Jerod Mayo,245,00-0039851,Drake Maye,6,-102,Home,,2024122800,-112,0,,202412280nwe,John Hussey,-33,outdoors,-6,Gillette Stadium,BOS00,fieldturf,40,47,42,-108,Saturday,4
2024_17_ATL_WAS,2024-12-29,2024,17,REG,ATL,WAS,24,30,Raheem Morris,160,00-0039917,Michael Penix Jr.,7,-115,0,401671842,6703,2024-12-29,20:20,59755,Dan Quinn,-192,00-0039910,Jayden Daniels,7,-105,Home,,2024122904,-110,1,,202412290was,Alex Kemp,6,outdoors,3.5,FedExField,WAS00,grass,58,54,46.5,-110,Sunday,10
2024_17_CAR_TB,2024-12-29,2024,17,REG,CAR,TB,14,48,Dave Canales,380,00-0039150,Bryce Young,7,-105,1,401671653,6700,2024-12-29,13:00,59760,Todd Bowles,-500,00-0034855,Baker Mayfield,7,-115,Home,,2024122909,-112,0,,202412290tam,Clay Martin,34,outdoors,9.5,Raymond James Stadium,TAM00,grass,76,62,47.5,-108,Sunday,8
2024_17_DAL_PHI,2024-12-29,2024,17,REG,DAL,PHI,7,41,Mike McCarthy,260,00-0033662,Cooper Rush,7,-112,1,401671765,6699,2024-12-29,13:00,59761,Nick Sirianni,-325,00-0036389,Jalen Hurts,7,-108,Home,,2024122910,-112,0,,202412290phi,Brad Allen,34,outdoors,7.5,Lincoln Financial Field,PHI00,grass,62,48,37.5,-108,Sunday,10
2024_17_GB_MIN,2024-12-29,2024,17,REG,GB,MIN,25,27,Matt LaFleur,-112,00-0036264,Jordan Love,6,-105,1,401671725,6702,2024-12-29,16:25,59758,Kevin O'Connell,-108,00-0034869,Sam Darnold,7,-115,Home,,2024122907,-110,0,,202412290min,Carl Cheffers,2,dome,-1,U.S. Bank Stadium,MIN01,sportturf,,52,49,-110,Sunday,
2024_17_IND_NYG,2024-12-29,2024,17,REG,IND,NYG,33,45,Shane Steichen,-410,00-0026158,Joe Flacco,7,-112,0,401671846,6698,2024-12-29,13:00,59754,Brian Daboll,320,00-0038476,Tommy DeVito,7,-108,Home,,2024122903,-108,0,,202412290nyg,Bill Vinovich,12,outdoors,-7.5,MetLife Stadium,NYC01,fieldturf,54,78,40.5,-112,Sunday,0
2024_17_LV_NO,2024-12-29,2024,17,REG,LV,NO,25,10,Antonio Pierce,-125,00-0038579,Aidan O'Connell,7,-110,0,401671738,6697,2024-12-29,13:00,59759,Dennis Allen,105,00-0038998,Jake Haener,6,-110,Home,,2024122908,-108,0,,202412290nor,Land Clark,-15,dome,-2,Mercedes-Benz Superdome,NOR00,sportturf,,35,37.5,-112,Sunday,
2024_17_MIA_CLE,2024-12-29,2024,17,REG,MIA,CLE,20,3,Mike McDaniel,-170,00-0035993,Tyler Huntley,7,-115,0,401671877,6701,2024-12-29,16:05,59762,Kevin Stefanski,142,00-0031503,Jameis Winston,7,-105,Home,,2024122911,-108,0,,202412290cle,Ron Torbert,-17,outdoors,-3,FirstEnergy Stadium,CLE00,grass,54,23,32.5,-112,Sunday,15
2024_17_NYJ_BUF,2024-12-29,2024,17,REG,NYJ,BUF,14,40,Robert Saleh,390,00-0023459,Aaron Rodgers,7,-105,1,401671495,6695,2024-12-29,13:00,59756,Sean McDermott,-520,00-0034857,Josh Allen,7,-115,Home,,2024122905,-108,0,,202412290buf,Clete Blakeman,26,outdoors,10,New Era Field,BUF00,a_turf,54,54,44.5,-112,Sunday,15
2024_17_TEN_JAX,2024-12-29,2024,17,REG,TEN,JAX,13,20,Brian Callahan,-108,00-0034771,Mason Rudolph,7,-105,1,401671634,6696,2024-12-29,13:00,59757,Doug Pederson,-112,00-0036972,Mac Jones,7,-115,Home,,2024122906,-110,0,,202412290jax,Shawn Smith,7,outdoors,-1,TIAA Bank Stadium,JAX00,grass,72,33,38,-110,Sunday,16
2024_17_DET_SF,2024-12-30,2024,17,REG,DET,SF,40,34,Dan Campbell,-230,00-0033106,Jared Goff,8,-112,0,401671698,6704,2024-12-30,20:15,59763,Kyle Shanahan,190,00-0037834,Brock Purdy,8,-108,Home,,2024123000,-110,0,,202412300sfo,Shawn Hochuli,-6,outdoors,-4,Levi's Stadium,SFO01,grass,,74,50.5,-110,Monday,
2024_18_CIN_PIT,2025-01-04,2024,18,REG,CIN,PIT,19,17,Zac Taylor,-148,00-0036442,Joe Burrow,7,-118,1,401671836,6706,2025-01-04,20:00,59777,Mike Tomlin,124,00-0029263,Russell Wilson,10,-102,Home,,2025010401,-108,0,,202501040pit,John Hussey,-2,outdoors,-2.5,Acrisure Stadium,PIT00,grass,19,36,48.5,-112,Saturday,10
2024_18_CLE_BAL,2025-01-04,2024,18,REG,CLE,BAL,10,35,Kevin Stefanski,1200,00-0038108,Bailey Zappe,6,-105,1,401671834,6705,2025-01-04,16:30,59766,John Harbaugh,-2400,00-0034796,Lamar Jackson,10,-115,Home,,2025010400,-112,0,,202501040rav,Scott Novak,25,outdoors,19.5,M&T Bank Stadium,BAL00,grass,31,45,42.5,-108,Saturday,16
2024_18_BUF_NE,2025-01-05,2024,18,REG,BUF,NE,16,23,Sean McDermott,-166,00-0033869,Mitchell Trubisky,7,-112,1,401671831,6711,2025-01-05,13:00,59774,Jerod Mayo,140,00-0039398,Joe Milton III,8,-108,Home,,2025010510,-112,0,,202501050nwe,Alan Eck,7,outdoors,-3,Gillette Stadium,BOS00,fieldturf,33,39,36.5,-108,Sunday,14
2024_18_CAR_ATL,2025-01-05,2024,18,REG,CAR,ATL,44,38,Dave Canales,300,00-0039150,Bryce Young,7,-105,1,401671827,6707,2025-01-05,13:00,59765,Raheem Morris,-380,00-0039917,Michael Penix Jr.,7,-115,Home,,2025010501,-112,1,,202501050atl,Land Clark,-6,closed,7.5,Mercedes-Benz Stadium,ATL97,fieldturf,,82,48.5,-108,Sunday,
2024_18_CHI_GB,2025-01-05,2024,18,REG,CHI,GB,24,22,Matt Eberflus,320,00-0039918,Caleb Williams,10,-115,1,401671844,6709,2025-01-05,13:00,59770,Matt LaFleur,-410,00-0036264,Jordan Love,7,-105,Home,,2025010506,-112,0,,202501050gnb,Clay Martin,-2,outdoors,10,Lambeau Field,GNB00,grass,16,46,41.5,-108,Sunday,13
2024_18_HOU_TEN,2025-01-05,2024,18,REG,HOU,TEN,23,14,DeMeco Ryans,120,00-0036898,Davis Mills,11,-108,1,401671826,6714,2025-01-05,13:00,59779,Brian Callahan,-142,00-0034771,Mason Rudolph,7,-112,Home,,2025010515,-112,0,,202501050oti,Brad Allen,-9,outdoors,2.5,Nissan Stadium,NAS00,grass,35,37,36.5,-108,Sunday,10
2024_18_JAX_IND,2025-01-05,2024,18,REG,JAX,IND,23,26,Doug Pederson,150,00-0036972,Mac Jones,7,-110,1,401671837,6710,2025-01-05,13:00,59771,Shane Steichen,-180,00-0026158,Joe Flacco,7,-110,Home,,2025010507,-110,1,,202501050clt,Alex Kemp,3,closed,3.5,Lucas Oil Stadium,IND00,fieldturf,,49,45.5,-105,Sunday,
2024_18_KC_DEN,2025-01-05,2024,18,REG,KC,DEN,0,38,Andy Reid,370,00-0032950,Carson Wentz,11,-115,1,401671838,6716,2025-01-05,16:25,59768,Sean Payton,-485,00-0039732,Bo Nix,8,-105,Home,,2025010504,-105,0,,202501050den,Shawn Hochuli,38,outdoors,10.5,Empower Field at Mile High,DEN00,grass,28,38,40.5,-115,Sunday,5
2024_18_LAC_LV,2025-01-05,2024,18,REG,LAC,LV,34,20,Jim Harbaugh,-345,00-0036355,Justin Herbert,8,-118,1,401671839,6718,2025-01-05,16:25,59773,Antonio Pierce,275,00-0038579,Aidan O'Connell,7,-102,Home,,2025010509,-108,0,,202501050rai,Carl Cheffers,-14,dome,-7,Allegiant Stadium,VEG00,grass,,54,42.5,-112,Sunday,
2024_18_MIA_NYJ,2025-01-05,2024,18,REG,MIA,NYJ,20,32,Mike McDaniel,102,00-0036212,Tua Tagovailoa,7,-110,1,401671833,6719,2025-01-05,16:25,59775,Robert Saleh,-122,00-0023459,Aaron Rodgers,7,-110,Home,,2025010511,-108,0,,202501050nyj,Tra Blake,12,outdoors,1.5,MetLife Stadium,NYC01,fieldturf,34,52,39.5,-112,Sunday,10
2024_18_MIN_DET,2025-01-05,2024,18,REG,MIN,DET,9,31,Kevin O'Connell,124,00-0034869,Sam Darnold,7,-118,1,401671843,6720,2025-01-05,20:20,59769,Dan Campbell,-148,00-0033106,Jared Goff,6,-102,Home,,2025010505,-118,0,,202501050det,Brad Rogers,22,dome,3,Ford Field,DET00,fieldturf,,40,56.5,-102,Sunday,
2024_18_NO_TB,2025-01-05,2024,18,REG,NO,TB,19,27,Dennis Allen,675,00-0039376,Spencer Rattler,7,-102,1,401671828,6713,2025-01-05,13:00,59778,Todd Bowles,-1050,00-0034855,Baker Mayfield,7,-118,Home,,2025010514,-108,0,,202501050tam,Adrian Hill,8,outdoors,14.5,Raymond James Stadium,TAM00,grass,68,46,44.5,-112,Sunday,6
2024_18_NYG_PHI,2025-01-05,2024,18,REG,NYG,PHI,13,20,Brian Daboll,130,00-0035704,Drew Lock,7,-110,1,401671841,6712,2025-01-05,13:00,59776,Nick Sirianni,-155,00-0038400,Tanner McKee,7,-110,Home,,2025010512,-102,0,,202501050phi,Ron Torbert,7,outdoors,3,Lincoln Financial Field,PHI00,grass,31,33,36.5,-118,Sunday,19
2024_18_SEA_LA,2025-01-05,2024,18,REG,SEA,LA,30,25,Mike Macdonald,-360,00-0030565,Geno Smith,10,-110,1,401671830,6717,2025-01-05,16:25,59772,Sean McVay,285,00-0031345,Jimmy Garoppolo,8,-110,Home,,2025010508,-108,0,,202501050ram,Bill Vinovich,-5,dome,-7.5,SoFi Stadium,LAX01,matrixturf,,55,38.5,-112,Sunday,
2024_18_SF_ARI,2025-01-05,2024,18,REG,SF,ARI,24,47,Kyle Shanahan,160,00-0033949,Joshua Dobbs,6,-110,1,401671845,6715,2025-01-05,16:25,59764,Jonathan Gannon,-192,00-0035228,Kyler Murray,8,-110,Home,,2025010500,-110,0,,202501050crd,Shawn Smith,23,closed,4.5,State Farm Stadium,PHO00,grass,,71,42.5,-110,Sunday,
2024_18_WAS_DAL,2025-01-05,2024,18,REG,WAS,DAL,23,19,Dan Quinn,-310,00-0039910,Jayden Daniels,7,-108,1,401671840,6708,2025-01-05,13:00,59767,Mike McCarthy,250,00-0037012,Trey Lance,7,-112,Home,,2025010503,-102,0,,202501050dal,Clete Blakeman,-4,closed,-7,AT&T Stadium,DAL00,matrixturf,,42,43.5,-118,Sunday,
2024_19_LAC_HOU,2025-01-11,2024,19,WC,LAC,HOU,12,32,Jim Harbaugh,-162,00-0036355,Justin Herbert,6,-105,0,401671878,6721,2025-01-11,16:30,59829,DeMeco Ryans,136,00-0039163,C.J. Stroud,6,-115,Home,,2025011100,-112,0,,202501110htx,Land Clark,20,closed,-3,NRG Stadium,HOU00,astroturf,,44,41.5,-108,Saturday,
2024_19_PIT_BAL,2025-01-11,2024,19,WC,PIT,BAL,14,28,Mike Tomlin,390,00-0029263,Russell Wilson,7,-112,1,401671879,6722,2025-01-11,20:00,59830,John Harbaugh,-520,00-0034796,Lamar Jackson,7,-108,Home,,2025011101,-112,0,,202501110rav,Alex Kemp,14,outdoors,9.5,M&T Bank Stadium,BAL00,grass,32,42,44.5,-108,Saturday,12
2024_19_DEN_BUF,2025-01-12,2024,19,WC,DEN,BUF,7,31,Sean Payton,330,00-0039732,Bo Nix,7,100,0,401671881,6723,2025-01-12,13:00,59831,Sean McDermott,-425,00-0034857,Josh Allen,7,-120,Home,,2025011200,-118,0,,202501120buf,Bill Vinovich,24,outdoors,7.5,New Era Field,BUF00,a_turf,32,38,48.5,-102,Sunday,10
2024_19_GB_PHI,2025-01-12,2024,19,WC,GB,PHI,10,22,Matt LaFleur,205,00-0036264,Jordan Love,7,-105,0,401671880,6724,2025-01-12,16:30,59832,Nick Sirianni,-250,00-0036389,Jalen Hurts,7,-115,Home,,2025011201,-110,0,,202501120phi,Brad Allen,12,outdoors,5.5,Lincoln Financial Field,PHI00,grass,40,32,45.5,-110,Sunday,6
2024_19_WAS_TB,2025-01-12,2024,19,WC,WAS,TB,23,20,Dan Quinn,136,00-0039910,Jayden Daniels,7,-110,0,401671883,6725,2025-01-12,20:00,59833,Todd Bowles,-162,00-0034855,Baker Mayfield,7,-110,Home,,2025011202,-115,0,,202501120tam,Craig Wrolstad,-3,outdoors,3,Raymond James Stadium,TAM00,grass,58,43,51.5,-105,Sunday,2
2024_19_MIN_LA,2025-01-13,2024,19,WC,MIN,LA,9,27,Kevin O'Connell,-142,00-0034869,Sam Darnold,8,-118,0,401671882,6726,2025-01-13,20:00,59834,Sean McVay,120,00-0026498,Matthew Stafford,8,-102,Neutral,,2025011300,-112,0,,202501130ram,John Hussey,18,closed,-2.5,State Farm Stadium,PHO00,grass,,36,47.5,-108,Monday,
2024_20_HOU_KC,2025-01-18,2024,20,DIV,HOU,KC,14,23,DeMeco Ryans,410,00-0039163,C.J. Stroud,7,-110,0,401671884,6727,2025-01-18,16:30,59835,Andy Reid,-550,00-0033873,Patrick Mahomes,13,-110,Home,,2025011800,-108,0,,202501180kan,Clay Martin,9,outdoors,9.5,GEHA Field at Arrowhead Stadium,KAN00,grass,23,37,41.5,-112,Saturday,17
2024_20_WAS_DET,2025-01-18,2024,20,DIV,WAS,DET,45,31,Dan Quinn,390,00-0039910,Jayden Daniels,6,-105,0,401671885,6728,2025-01-18,20:00,59836,Dan Campbell,-520,00-0033106,Jared Goff,13,-115,Home,,2025011801,-108,0,,202501180det,Ron Torbert,-14,dome,8.5,Ford Field,DET00,fieldturf,,76,55.5,-112,Saturday,
2024_20_BAL_BUF,2025-01-19,2024,20,DIV,BAL,BUF,25,27,John Harbaugh,-118,00-0034796,Lamar Jackson,8,-102,0,401671886,6730,2025-01-19,18:30,59838,Sean McDermott,-102,00-0034857,Josh Allen,7,-118,Home,,2025011901,-115,0,,202501190buf,Carl Cheffers,2,outdoors,-1.5,New Era Field,BUF00,a_turf,19,52,51.5,-105,Sunday,4
2024_20_LA_PHI,2025-01-19,2024,20,DIV,LA,PHI,22,28,Sean McVay,260,00-0026498,Matthew Stafford,6,-112,0,401671937,6729,2025-01-19,15:00,59837,Nick Sirianni,-325,00-0036389,Jalen Hurts,7,-108,Home,,2025011900,-110,0,,202501190phi,Shawn Smith,6,outdoors,7,Lincoln Financial Field,PHI00,grass,34,50,43.5,-110,Sunday,8
2024_21_BUF_KC,2025-01-26,2024,21,CON,BUF,KC,29,32,Sean McDermott,-102,00-0034857,Josh Allen,7,-115,0,401671887,6732,2025-01-26,18:30,59840,Andy Reid,-118,00-0033873,Patrick Mahomes,8,-105,Home,,2025012601,-105,0,,202501260kan,Clete Blakeman,3,outdoors,1.5,GEHA Field at Arrowhead Stadium,KAN00,grass,31,61,49.5,-115,Sunday,8
2024_21_WAS_PHI,2025-01-26,2024,21,CON,WAS,PHI,23,55,Dan Quinn,205,00-0039910,Jayden Daniels,8,-110,1,401671888,6731,2025-01-26,15:00,59839,Nick Sirianni,-250,00-0036389,Jalen Hurts,7,-110,Home,,2025012600,-115,0,,202501260phi,Shawn Hochuli,32,outdoors,6,Lincoln Financial Field,PHI00,grass,40,78,46.5,-105,Sunday,11
2024_22_KC_PHI,2025-02-09,2024,22,SB,KC,PHI,22,40,Andy Reid,-120,00-0033873,Patrick Mahomes,14,-105,0,401671889,6733,2025-02-09,18:30,59841,Nick Sirianni,100,00-0036389,Jalen Hurts,14,-115,Neutral,,2025020900,-115,0,,202502090phi,Ron Torbert,18,dome,-1.5,Mercedes-Benz Superdome,NOR00,sportturf,,62,48.5,-105,Sunday,
2025_01_DAL_PHI,2025-09-04,2025,1,REG,DAL,PHI,20,24,Brian Schottenheimer,330,00-0033077,Dak Prescott,7,-110,1,401772510,6734,2025-09-04,20:20,59843,Nick Sirianni,-425,00-0036389,Jalen Hurts,7,-110,Home,,2025090400,-110,0,28418,202509040phi,Shawn Smith,4,outdoors,8.5,Lincoln Financial Field,PHI00,grass,75,44,47.5,-110,Thursday,11
2025_01_KC_LAC,2025-09-05,2025,1,REG,KC,LAC,21,27,Andy Reid,-175,00-0033873,Patrick Mahomes,7,-120,1,401772714,6735,2025-09-05,20:00,59844,Jim Harbaugh,145,00-0036355,Justin Herbert,7,100,Neutral,,2025090500,-110,0,28419,202509050sdg,Carl Cheffers,6,dome,-3,SoFi Stadium,LAX01,,,48,47.5,-110,Friday,
2025_01_ARI_NO,2025-09-07,2025,1,REG,ARI,NO,20,13,Jonathan Gannon,-270,00-0035228,Kyler Murray,7,-108,0,401772718,6741,2025-09-07,13:00,59850,Kellen Moore,220,00-0039376,Spencer Rattler,7,-112,Home,,2025090705,-108,0,28425,202509070nor,Scott Novak,-7,dome,-6,Mercedes-Benz Superdome,NOR00,sportturf,,33,44.5,-112,Sunday,
2025_01_BAL_BUF,2025-09-07,2025,1,REG,BAL,BUF,40,41,John Harbaugh,-130,00-0034796,Lamar Jackson,7,-118,0,401772918,6748,2025-09-07,20:20,59857,Sean McDermott,110,00-0034857,Josh Allen,7,-102,Home,,2025090712,-115,0,28432,202509070buf,John Hussey,1,outdoors,-1.5,New Era Field,BUF00,a_turf,58,81,50.5,-105,Sunday,8
2025_01_CAR_JAX,2025-09-07,2025,1,REG,CAR,JAX,10,26,Dave Canales,170,00-0039150,Bryce Young,7,-110,0,401772828,6739,2025-09-07,13:00,59848,Liam Coen,-205,00-0036971,Trevor Lawrence,7,-110,Home,,2025090703,-112,0,28423,202509070jax,Alex Moore,16,outdoors,4.5,TIAA Bank Stadium,JAX00,grass,85,36,45.5,-108,Sunday,3
2025_01_CIN_CLE,2025-09-07,2025,1,REG,CIN,CLE,17,16,Zac Taylor,-238,00-0036442,Joe Burrow,7,-105,1,401772829,6737,2025-09-07,13:00,59846,Kevin Stefanski,195,00-0026158,Joe Flacco,7,-115,Home,,2025090701,-120,0,28421,202509070cle,Adrian Hill,-1,outdoors,-5.5,FirstEnergy Stadium,CLE00,grass,63,33,47.5,100,Sunday,10
2025_01_DET_GB,2025-09-07,2025,1,REG,DET,GB,13,27,Dan Campbell,100,00-0033106,Jared Goff,7,-115,1,401772722,6746,2025-09-07,16:25,59855,Matt LaFleur,-120,00-0036264,Jordan Love,7,-105,Home,,2025090710,-105,0,28430,202509070gnb,Clete Blakeman,14,outdoors,1.5,Lambeau Field,GNB00,grass,60,40,48.5,-115,Sunday,5
2025_01_HOU_LA,2025-09-07,2025,1,REG,HOU,LA,9,14,DeMeco Ryans,140,00-0039163,C.J. Stroud,7,-118,0,401772723,6747,2025-09-07,16:25,59856,Sean McVay,-166,00-0026498,Matthew Stafford,7,-102,Home,,2025090711,-105,0,28431,202509070ram,Craig Wrolstad,5,dome,3.5,SoFi Stadium,LAX01,matrixturf,,23,43.5,-115,Sunday,
2025_01_LV_NE,2025-09-07,2025,1,REG,LV,NE,20,13,Pete Carroll,130,00-0030565,Geno Smith,7,100,0,401772720,6740,2025-09-07,13:00,59849,Mike Vrabel,-155,00-0039851,Drake Maye,7,-120,Home,,2025090704,-105,0,28424,202509070nwe,Ron Torbert,-7,outdoors,2.5,Gillette Stadium,BOS00,fieldturf,62,33,44.5,-115,Sunday,4
2025_01_MIA_IND,2025-09-07,2025,1,REG,MIA,IND,8,33,Mike McDaniel,-108,00-0036212,Tua Tagovailoa,7,-118,0,401772719,6738,2025-09-07,13:00,59847,Shane Steichen,-112,00-0035710,Daniel Jones,7,-102,Home,,2025090702,100,0,28422,202509070clt,Brad Allen,25,closed,1.5,Lucas Oil Stadium,IND00,fieldturf,,41,47.5,-120,Sunday,
2025_01_NYG_WAS,2025-09-07,2025,1,REG,NYG,WAS,6,21,Brian Daboll,240,00-0029263,Russell Wilson,7,-108,1,401772827,6743,2025-09-07,13:00,59852,Dan Quinn,-298,00-0039910,Jayden Daniels,7,-112,Home,,2025090707,-110,0,28427,202509070was,Clay Martin,15,outdoors,6,FedExField,WAS00,grass,68,27,45.5,-110,Sunday,5
2025_01_PIT_NYJ,2025-09-07,2025,1,REG,PIT,NYJ,34,32,Mike Tomlin,-155,00-0023459,Aaron Rodgers,7,-110,0,401772721,6742,2025-09-07,13:00,59851,Aaron Glenn,130,00-0036945,Justin Fields,7,-110,Home,,2025090706,-112,0,28426,202509070nyj,Bill Vinovich,-2,outdoors,-3,MetLife Stadium,NYC01,fieldturf,67,66,37.5,-108,Sunday,3
2025_01_SF_SEA,2025-09-07,2025,1,REG,SF,SEA,17,13,Kyle Shanahan,-135,00-0037834,Brock Purdy,7,-105,1,401772831,6745,2025-09-07,16:05,59854,Mike Macdonald,114,00-0034869,Sam Darnold,7,-115,Home,,2025090709,-108,0,28429,202509070sea,Shawn Hochuli,-4,outdoors,-2.5,Lumen Field,SEA00,fieldturf,67,30,43.5,-112,Sunday,6
2025_01_TB_ATL,2025-09-07,2025,1,REG,TB,ATL,23,20,Todd Bowles,-115,00-0034855,Baker Mayfield,7,-102,1,401772830,6736,2025-09-07,13:00,59845,Raheem Morris,-105,00-0039917,Michael Penix,7,-118,Home,,2025090700,-115,0,28420,202509070atl,Land Clark,-3,closed,-1.5,Mercedes-Benz Stadium,ATL97,fieldturf,,43,47.5,-105,Sunday,
2025_01_TEN_DEN,2025-09-07,2025,1,REG,TEN,DEN,12,20,Brian Callahan,350,00-0040676,Cam Ward,7,-105,0,401772832,6744,2025-09-07,16:05,59853,Sean Payton,-455,00-0039732,Bo Nix,7,-115,Home,,2025090708,-112,0,28428,202509070den,Alex Kemp,8,outdoors,8.5,Empower Field at Mile High,DEN00,grass,84,32,42.5,-108,Sunday,6
2025_01_MIN_CHI,2025-09-08,2025,1,REG,MIN,CHI,27,24,Kevin O'Connell,-112,00-0039923,J.J. McCarthy,7,100,1,401772810,6749,2025-09-08,20:15,59858,Ben Johnson,-108,00-0039918,Caleb Williams,7,-120,Home,,2025090800,-108,0,28433,202509080chi,Alan Eck,-3,outdoors,-1.5,Soldier Field,CHI98,grass,68,51,43.5,-112,Monday,6
2025_02_WAS_GB,2025-09-11,2025,2,REG,WAS,GB,18,27,Dan Quinn,154,00-0039910,Jayden Daniels,4,-118,0,401772936,6750,2025-09-11,20:15,59859,Matt LaFleur,-185,00-0036264,Jordan Love,4,-102,Home,,2025091100,-115,0,28434,202509110gnb,Brad Rogers,9,outdoors,3.5,Lambeau Field,GNB00,grass,65,45,48.5,-105,Thursday,7
2025_02_ATL_MIN,2025-09-14,2025,2,REG,ATL,MIN,22,6,Raheem Morris,150,00-0039917,Michael Penix,7,-115,0,401772919,6763,2025-09-14,20:20,59872,Kevin O'Connell,-180,00-0039923,J.J. McCarthy,6,-105,Home,,2025091412,-110,0,28447,202509140min,Adrian Hill,-16,dome,3.5,U.S. Bank Stadium,MIN01,sportturf,,28,44.5,-110,Sunday,
2025_02_BUF_NYJ,2025-09-14,2025,2,REG,BUF,NYJ,30,10,Sean McDermott,-290,00-0034857,Josh Allen,7,-112,1,401772727,6757,2025-09-14,13:00,59866,Aaron Glenn,235,00-0036945,Justin Fields,7,-108,Home,,2025091406,-110,0,28441,202509140nyj,Clete Blakeman,-20,outdoors,-6,MetLife Stadium,NYC01,fieldturf,80,40,47.5,-110,Sunday,3
2025_02_CAR_ARI,2025-09-14,2025,2,REG,CAR,ARI,22,27,Dave Canales,250,00-0039150,Bryce Young,7,-110,0,401772730,6760,2025-09-14,16:05,59869,Jonathan Gannon,-310,00-0035228,Kyler Murray,7,-110,Home,,2025091409,-110,0,28445,202509140crd,Ron Torbert,5,closed,7,State Farm Stadium,PHO00,grass,,49,45.5,-110,Sunday,
2025_02_CHI_DET,2025-09-14,2025,2,REG,CHI,DET,21,52,Ben Johnson,220,00-0039918,Caleb Williams,6,-110,1,401772835,6754,2025-09-14,13:00,59863,Dan Campbell,-270,00-0033106,Jared Goff,7,-110,Home,,2025091403,-108,0,28438,202509140det,Land Clark,31,dome,6,Ford Field,DET00,fieldturf,,73,46.5,-112,Sunday,
2025_02_CLE_BAL,2025-09-14,2025,2,REG,CLE,BAL,17,41,Kevin Stefanski,600,00-0026158,Joe Flacco,7,-105,1,401772726,6751,2025-09-14,13:00,59860,John Harbaugh,-900,00-0034796,Lamar Jackson,7,-115,Home,,2025091400,-110,0,28435,202509140rav,Brad Allen,24,outdoors,12.5,M&T Bank Stadium,BAL00,grass,82,58,46.5,-110,Sunday,3
2025_02_DEN_IND,2025-09-14,2025,2,REG,DEN,IND,28,29,Sean Payton,-130,00-0039732,Bo Nix,7,-105,0,401772729,6761,2025-09-14,16:05,59870,Shane Steichen,110,00-0035710,Daniel Jones,7,-115,Home,,2025091410,-108,0,28444,202509140clt,Craig Wrolstad,1,closed,-2.5,Lucas Oil Stadium,IND00,fieldturf,,57,43.5,-112,Sunday,
2025_02_JAX_CIN,2025-09-14,2025,2,REG,JAX,CIN,27,31,Liam Coen,160,00-0036971,Trevor Lawrence,7,-115,0,401772725,6752,2025-09-14,13:00,59861,Zac Taylor,-192,00-0036442,Joe Burrow,7,-105,Home,,2025091401,-105,0,28436,202509140cin,Alan Eck,4,outdoors,3.5,Paycor Stadium,CIN00,fieldturf,85,58,49.5,-115,Sunday,3
2025_02_LA_TEN,2025-09-14,2025,2,REG,LA,TEN,33,19,Sean McVay,-250,00-0026498,Matthew Stafford,7,-108,0,401772724,6759,2025-09-14,13:00,59868,Brian Callahan,205,00-0040676,Cam Ward,7,-112,Home,,2025091408,-108,0,28443,202509140oti,John Hussey,-14,outdoors,-5.5,Nissan Stadium,NAS00,grass,83,52,41.5,-112,Sunday,3
2025_02_NE_MIA,2025-09-14,2025,2,REG,NE,MIA,33,27,Mike Vrabel,105,00-0039851,Drake Maye,7,-110,1,401772728,6755,2025-09-14,13:00,59864,Mike McDaniel,-125,00-0036212,Tua Tagovailoa,7,-110,Home,,2025091404,-105,0,28439,202509140mia,Alex Moore,-6,outdoors,1.5,Hard Rock Stadium,MIA00,grass,89,60,43.5,-115,Sunday,4
2025_02_NYG_DAL,2025-09-14,2025,2,REG,NYG,DAL,37,40,Brian Daboll,195,00-0029263,Russell Wilson,7,100,1,401772834,6753,2025-09-14,13:00,59862,Brian Schottenheimer,-238,00-0033077,Dak Prescott,10,-120,Home,,2025091402,-110,1,28437,202509140dal,Bill Vinovich,3,closed,4.5,AT&T Stadium,DAL00,matrixturf,,77,44.5,-110,Sunday,
2025_02_PHI_KC,2025-09-14,2025,2,REG,PHI,KC,20,17,Nick Sirianni,-122,00-0036389,Jalen Hurts,10,-110,0,401772837,6762,2025-09-14,16:25,59871,Andy Reid,102,00-0033873,Patrick Mahomes,9,-110,Home,,2025091411,-118,0,28446,202509140kan,Alex Kemp,-3,outdoors,-1.5,GEHA Field at Arrowhead Stadium,KAN00,grass,88,37,46.5,-102,Sunday,12
2025_02_SEA_PIT,2025-09-14,2025,2,REG,SEA,PIT,31,17,Mike Macdonald,160,00-0034869,Sam Darnold,7,-110,0,401772836,6758,2025-09-14,13:00,59867,Mike Tomlin,-192,00-0023459,Aaron Rodgers,7,-110,Home,,2025091407,-112,0,28442,202509140pit,Scott Novak,-14,outdoors,3.5,Acrisure Stadium,PIT00,grass,79,48,40.5,-108,Sunday,5
2025_02_SF_NO,2025-09-14,2025,2,REG,SF,NO,26,21,Kyle Shanahan,-166,00-0036972,Mac Jones,7,-110,0,401772833,6756,2025-09-14,13:00,59865,Kellen Moore,140,00-0039376,Spencer Rattler,7,-110,Home,,2025091405,-115,0,28440,202509140nor,Shawn Smith,-5,dome,-3,Mercedes-Benz Superdome,NOR00,sportturf,,47,40.5,-105,Sunday,
2025_02_LAC_LV,2025-09-15,2025,2,REG,LAC,LV,20,9,Jim Harbaugh,-198,00-0036355,Justin Herbert,10,-105,1,401772811,6764,2025-09-15,22:00,59874,Pete Carroll,164,00-0030565,Geno Smith,8,-115,Home,,2025091501,-118,0,28449,202509150rai,Clay Martin,-11,dome,-3.5,Allegiant Stadium,VEG00,grass,,29,46.5,-102,Monday,
2025_02_TB_HOU,2025-09-15,2025,2,REG,TB,HOU,20,19,Todd Bowles,114,00-0034855,Baker Mayfield,8,-110,0,401772715,6765,2025-09-15,19:00,59873,DeMeco Ryans,-135,00-0039163,C.J. Stroud,8,-110,Home,,2025091500,-110,0,28448,202509150htx,Shawn Hochuli,-1,closed,2.5,NRG Stadium,HOU00,astroturf,,39,42.5,-110,Monday,
2025_03_MIA_BUF,2025-09-18,2025,3,REG,MIA,BUF,21,31,Mike McDaniel,550,00-0036212,Tua Tagovailoa,4,-110,1,401772937,6766,2025-09-18,20:15,59875,Sean McDermott,-800,00-0034857,Josh Allen,4,-110,Home,,2025091800,-108,0,28450,202509180buf,Alan Eck,10,outdoors,12.5,New Era Field,BUF00,a_turf,68,52,50.5,-112,Thursday,7
2025_03_ARI_SF,2025-09-21,2025,3,REG,ARI,SF,15,16,Jonathan Gannon,105,00-0035228,Kyler Murray,7,-112,1,401772843,6779,2025-09-21,16:25,59888,Kyle Shanahan,-125,00-0036972,Mac Jones,7,-108,Home,,2025092112,-108,0,28464,202509210sfo,John Hussey,1,outdoors,1.5,Levi's Stadium,SFO01,grass,72,31,44.5,-112,Sunday,7
2025_03_ATL_CAR,2025-09-21,2025,3,REG,ATL,CAR,0,30,Raheem Morris,-225,00-0039917,Michael Penix,7,-105,1,401772838,6767,2025-09-21,13:00,59876,Dave Canales,185,00-0039150,Bryce Young,7,-115,Home,,2025092100,-105,0,28452,202509210car,Craig Wrolstad,30,outdoors,-5.5,Bank of America Stadium,CAR00,grass,83,30,44.5,-115,Sunday,5
2025_03_CIN_MIN,2025-09-21,2025,3,REG,CIN,MIN,10,48,Zac Taylor,136,00-0035100,Jake Browning,7,-110,0,401772731,6770,2025-09-21,13:00,59879,Kevin O'Connell,-162,00-0032950,Carson Wentz,7,-110,Home,,2025092103,-115,0,28455,202509210min,Ron Torbert,38,dome,3,U.S. Bank Stadium,MIN01,sportturf,,58,41.5,-105,Sunday,
2025_03_DAL_CHI,2025-09-21,2025,3,REG,DAL,CHI,14,31,Brian Schottenheimer,-125,00-0033077,Dak Prescott,7,-115,0,401772844,6778,2025-09-21,16:25,59887,Ben Johnson,105,00-0039918,Caleb Williams,7,-105,Home,,2025092111,-120,0,28463,202509210chi,Clay Martin,17,outdoors,-1.5,Soldier Field,CHI98,grass,82,45,49.5,100,Sunday,4
2025_03_DEN_LAC,2025-09-21,2025,3,REG,DEN,LAC,20,23,Sean Payton,130,00-0039732,Bo Nix,7,100,1,401772735,6776,2025-09-21,16:05,59885,Jim Harbaugh,-155,00-0036355,Justin Herbert,6,-120,Home,,2025092109,-110,0,28461,202509210sdg,Shawn Smith,3,dome,2.5,SoFi Stadium,LAX01,matrixturf,,43,45.5,-110,Sunday,
2025_03_GB_CLE,2025-09-21,2025,3,REG,GB,CLE,10,13,Matt LaFleur,-470,00-0036264,Jordan Love,10,-102,0,401772842,6768,2025-09-21,13:00,59877,Kevin Stefanski,360,00-0026158,Joe Flacco,7,-118,Home,,2025092101,-105,0,28453,202509210cle,Carl Cheffers,3,outdoors,-8.5,FirstEnergy Stadium,CLE00,grass,79,23,41.5,-115,Sunday,10
2025_03_HOU_JAX,2025-09-21,2025,3,REG,HOU,JAX,10,17,DeMeco Ryans,105,00-0039163,C.J. Stroud,6,-108,1,401772734,6769,2025-09-21,13:00,59878,Liam Coen,-125,00-0036971,Trevor Lawrence,7,-112,Home,,2025092102,-105,0,28454,202509210jax,Alex Kemp,7,outdoors,1.5,TIAA Bank Stadium,JAX00,grass,85,27,43.5,-115,Sunday,11
2025_03_IND_TEN,2025-09-21,2025,3,REG,IND,TEN,41,20,Shane Steichen,-245,00-0035710,Daniel Jones,7,-108,1,401772733,6774,2025-09-21,13:00,59883,Brian Callahan,200,00-0040676,Cam Ward,7,-112,Home,,2025092107,-105,0,28459,202509210oti,Scott Novak,-21,outdoors,-6,Nissan Stadium,NAS00,grass,84,61,43.5,-115,Sunday,8
2025_03_KC_NYG,2025-09-21,2025,3,REG,KC,NYG,22,9,Andy Reid,-325,00-0033873,Patrick Mahomes,7,-115,0,401772920,6780,2025-09-21,20:20,59889,Brian Daboll,260,00-0029263,Russell Wilson,7,-105,Home,,2025092113,-115,0,28465,202509210nyg,Land Clark,-13,outdoors,-6,MetLife Stadium,NYC01,fieldturf,65,31,44.5,-105,Sunday,5
2025_03_LA_PHI,2025-09-21,2025,3,REG,LA,PHI,26,33,Sean McVay,164,00-0026498,Matthew Stafford,7,-108,0,401772839,6772,2025-09-21,13:00,59881,Nick Sirianni,-198,00-0036389,Jalen Hurts,7,-112,Home,,2025092105,-112,0,28457,202509210phi,Brad Rogers,7,outdoors,3.5,Lincoln Financial Field,PHI00,grass,73,59,45.5,-108,Sunday,9
2025_03_LV_WAS,2025-09-21,2025,3,REG,LV,WAS,24,41,Pete Carroll,130,00-0030565,Geno Smith,6,100,0,401772841,6775,2025-09-21,13:00,59884,Dan Quinn,-155,00-0032268,Marcus Mariota,10,-120,Home,,2025092108,-110,0,28460,202509210was,Shawn Hochuli,17,outdoors,2.5,FedExField,WAS00,grass,72,65,43.5,-110,Sunday,6
2025_03_NO_SEA,2025-09-21,2025,3,REG,NO,SEA,13,44,Kellen Moore,295,00-0039376,Spencer Rattler,7,-115,0,401772736,6777,2025-09-21,16:05,59886,Mike Macdonald,-375,00-0034869,Sam Darnold,7,-105,Home,,2025092110,-112,0,28462,202509210sea,Alex Moore,31,outdoors,7.5,Lumen Field,SEA00,fieldturf,63,57,41.5,-108,Sunday,3
2025_03_NYJ_TB,2025-09-21,2025,3,REG,NYJ,TB,27,29,Aaron Glenn,275,00-0028118,Tyrod Taylor,7,-105,0,401772840,6773,2025-09-21,13:00,59882,Todd Bowles,-345,00-0034855,Baker Mayfield,6,-115,Home,,2025092106,-105,0,28458,202509210tam,Adrian Hill,2,outdoors,6.5,Raymond James Stadium,TAM00,grass,88,56,43.5,-115,Sunday,5
2025_03_PIT_NE,2025-09-21,2025,3,REG,PIT,NE,21,14,Mike Tomlin,-120,00-0023459,Aaron Rodgers,7,-105,0,401772732,6771,2025-09-21,13:00,59880,Mike Vrabel,100,00-0039851,Drake Maye,7,-115,Home,,2025092104,-108,0,28456,202509210nwe,Clete Blakeman,-7,outdoors,-1.5,Gillette Stadium,BOS00,fieldturf,66,35,44.5,-112,Sunday,5
2025_03_DET_BAL,2025-09-22,2025,3,REG,DET,BAL,38,30,Dan Campbell,200,00-0033106,Jared Goff,8,-105,0,401772812,6781,2025-09-22,20:15,59890,John Harbaugh,-245,00-0034796,Lamar Jackson,8,-115,Home,,2025092200,-115,0,28451,202509220rav,Bill Vinovich,-8,outdoors,4.5,M&T Bank Stadium,BAL00,grass,74,68,53.5,-105,Monday,7
2025_04_SEA_ARI,2025-09-25,2025,4,REG,SEA,ARI,23,20,Mike Macdonald,-125,00-0034869,Sam Darnold,4,-110,1,401772938,6782,2025-09-25,20:15,59891,Jonathan Gannon,105,00-0035228,Kyler Murray,4,-110,Home,,2025092500,-112,0,28466,202509250crd,Alex Kemp,-3,closed,-1.5,State Farm Stadium,PHO00,grass,,43,43.5,-108,Thursday,
2025_04_BAL_KC,2025-09-28,2025,4,REG,BAL,KC,20,37,John Harbaugh,-148,00-0034796,Lamar Jackson,6,-120,0,401772741,6793,2025-09-28,16:25,59902,Andy Reid,124,00-0033873,Patrick Mahomes,7,100,Home,,2025092810,-120,0,28478,202509280kan,Clay Martin,17,outdoors,-2.5,GEHA Field at Arrowhead Stadium,KAN00,grass,89,57,48.5,100,Sunday,10
2025_04_CAR_NE,2025-09-28,2025,4,REG,CAR,NE,13,42,Dave Canales,215,00-0039150,Bryce Young,7,-108,0,401772847,6788,2025-09-28,13:00,59897,Mike Vrabel,-265,00-0039851,Drake Maye,7,-112,Home,,2025092805,-112,0,28472,202509280nwe,Bill Vinovich,29,outdoors,5.5,Gillette Stadium,BOS00,fieldturf,76,55,42.5,-108,Sunday,7
2025_04_CHI_LV,2025-09-28,2025,4,REG,CHI,LV,25,24,Ben Johnson,105,00-0039918,Caleb Williams,7,-110,0,401772742,6794,2025-09-28,16:25,59903,Pete Carroll,-125,00-0030565,Geno Smith,7,-110,Home,,2025092811,-115,0,28477,202509280rai,Adrian Hill,-1,dome,1.5,Allegiant Stadium,VEG00,grass,,49,47.5,-105,Sunday,
2025_04_CLE_DET,2025-09-28,2025,4,REG,CLE,DET,10,34,Kevin Stefanski,410,00-0026158,Joe Flacco,7,-108,0,401772846,6786,2025-09-28,13:00,59895,Dan Campbell,-550,00-0033106,Jared Goff,6,-112,Home,,2025092803,-105,0,28470,202509280det,Shawn Smith,24,dome,10,Ford Field,DET00,fieldturf,,44,44.5,-115,Sunday,
2025_04_GB_DAL,2025-09-28,2025,4,REG,GB,DAL,40,40,Matt LaFleur,-345,00-0036264,Jordan Love,7,-105,0,401772921,6795,2025-09-28,20:20,59904,Brian Schottenheimer,275,00-0033077,Dak Prescott,7,-115,Home,,2025092812,-105,1,28479,202509280dal,Ron Torbert,0,closed,-7,AT&T Stadium,DAL00,matrixturf,,80,47.5,-115,Sunday,
2025_04_IND_LA,2025-09-28,2025,4,REG,IND,LA,20,27,Shane Steichen,154,00-0035710,Daniel Jones,7,-105,0,401772849,6791,2025-09-28,16:05,59900,Sean McVay,-185,00-0026498,Matthew Stafford,7,-115,Home,,2025092808,-115,0,28475,202509280ram,Carl Cheffers,7,dome,3.5,SoFi Stadium,LAX01,matrixturf,,47,49.5,-105,Sunday,
2025_04_JAX_SF,2025-09-28,2025,4,REG,JAX,SF,26,21,Liam Coen,150,00-0036971,Trevor Lawrence,7,-120,0,401772848,6792,2025-09-28,16:05,59901,Kyle Shanahan,-180,00-0037834,Brock Purdy,7,100,Home,,2025092809,-112,0,28476,202509280sfo,Clete Blakeman,-5,outdoors,3.5,Levi's Stadium,SFO01,grass,72,47,45.5,-108,Sunday,7
2025_04_LAC_NYG,2025-09-28,2025,4,REG,LAC,NYG,18,21,Jim Harbaugh,-285,00-0036355,Justin Herbert,7,-112,0,401772737,6789,2025-09-28,13:00,59898,Brian Daboll,230,00-0040691,Jaxson Dart,7,-108,Home,,2025092806,-105,0,28473,202509280nyg,Shawn Hochuli,3,outdoors,-6,MetLife Stadium,NYC01,fieldturf,81,39,43.5,-115,Sunday,4
2025_04_MIN_PIT,2025-09-28,2025,4,REG,MIN,PIT,21,24,Kevin O'Connell,-148,00-0032950,Carson Wentz,7,-125,0,401772632,6783,2025-09-28,09:30,59892,Mike Tomlin,124,00-0023459,Aaron Rodgers,7,105,Neutral,,2025092800,-105,0,28467,202509280pit,Brad Allen,3,outdoors,-2.5,Acrisure Stadium,PIT00,grass,61,45,41.5,-115,Sunday,5
2025_04_NO_BUF,2025-09-28,2025,4,REG,NO,BUF,19,31,Kellen Moore,800,00-0039376,Spencer Rattler,7,-115,0,401772740,6785,2025-09-28,13:00,59894,Sean McDermott,-1350,00-0034857,Josh Allen,10,-105,Home,,2025092802,-105,0,28469,202509280buf,Land Clark,12,outdoors,15.5,New Era Field,BUF00,a_turf,73,50,48.5,-115,Sunday,7
2025_04_PHI_TB,2025-09-28,2025,4,REG,PHI,TB,31,25,Nick Sirianni,-185,00-0036389,Jalen Hurts,7,-102,0,401772845,6790,2025-09-28,13:00,59899,Todd Bowles,154,00-0034855,Baker Mayfield,7,-118,Home,,2025092807,-102,0,28474,202509280tam,Alan Eck,-6,outdoors,-3.5,Raymond James Stadium,TAM00,grass,88,56,44.5,-118,Sunday,6
2025_04_TEN_HOU,2025-09-28,2025,4,REG,TEN,HOU,0,26,Brian Callahan,340,00-0040676,Cam Ward,7,-115,1,401772738,6787,2025-09-28,13:00,59896,DeMeco Ryans,-440,00-0039163,C.J. Stroud,7,-105,Home,,2025092804,-115,0,28471,202509280htx,Brad Rogers,26,closed,7.5,NRG Stadium,HOU00,astroturf,,26,39.5,-105,Sunday,
2025_04_WAS_ATL,2025-09-28,2025,4,REG,WAS,ATL,27,34,Dan Quinn,120,00-0039910,Jayden Daniels,7,-110,0,401772739,6784,2025-09-28,13:00,59893,Raheem Morris,-142,00-0039917,Michael Penix,7,-110,Home,,2025092801,-108,0,28468,202509280atl,Scott Novak,7,closed,2.5,Mercedes-Benz Stadium,ATL97,fieldturf,,61,43.5,-112,Sunday,
2025_04_CIN_DEN,2025-09-29,2025,4,REG,CIN,DEN,3,28,Zac Taylor,360,00-0035100,Jake Browning,8,-115,0,401772716,6797,2025-09-29,20:15,59906,Sean Payton,-470,00-0039732,Bo Nix,8,-105,Home,,2025092901,-105,0,28480,202509290den,Alex Moore,25,outdoors,7.5,Empower Field at Mile High,DEN00,grass,66,31,44.5,-115,Monday,12
2025_04_NYJ_MIA,2025-09-29,2025,4,REG,NYJ,MIA,21,27,Aaron Glenn,124,00-0036945,Justin Fields,8,-105,1,401772813,6796,2025-09-29,19:15,59905,Mike McDaniel,-148,00-0036212,Tua Tagovailoa,11,-115,Home,,2025092900,100,0,28481,202509290mia,Craig Wrolstad,6,outdoors,2.5,Hard Rock Stadium,MIA00,grass,88,48,44.5,-120,Monday,17
2025_05_SF_LA,2025-10-02,2025,5,REG,SF,LA,26,23,Kyle Shanahan,340,00-0036972,Mac Jones,4,-110,1,401772939,6798,2025-10-02,20:15,59907,Sean McVay,-440,00-0026498,Matthew Stafford,4,-110,Home,,2025100200,-112,1,28482,202510020ram,Bill Vinovich,-3,dome,8.5,SoFi Stadium,LAX01,matrixturf,,49,43.5,-108,Thursday,
2025_05_DAL_NYJ,2025-10-05,2025,5,REG,DAL,NYJ,37,22,Brian Schottenheimer,-105,00-0033077,Dak Prescott,7,-120,0,401772850,6804,2025-10-05,13:00,59913,Aaron Glenn,-115,00-0036945,Justin Fields,6,100,Home,,2025100505,-110,0,28488,202510050nyj,Alex Moore,-15,outdoors,1.5,MetLife Stadium,NYC01,fieldturf,82,59,48.5,-110,Sunday,3
2025_05_DEN_PHI,2025-10-05,2025,5,REG,DEN,PHI,21,17,Sean Payton,180,00-0039732,Bo Nix,6,-105,0,401772745,6805,2025-10-05,13:00,59914,Nick Sirianni,-218,00-0036389,Jalen Hurts,7,-115,Home,,2025100506,-105,0,28489,202510050phi,Adrian Hill,-4,outdoors,3.5,Lincoln Financial Field,PHI00,grass,80,38,44.5,-115,Sunday,6
2025_05_DET_CIN,2025-10-05,2025,5,REG,DET,CIN,37,24,Dan Campbell,-575,00-0033106,Jared Goff,7,-102,0,401772854,6808,2025-10-05,16:25,59917,Zac Taylor,425,00-0035100,Jake Browning,6,-118,Home,,2025100509,-108,0,28492,202510050cin,Carl Cheffers,-13,outdoors,-10.5,Paycor Stadium,CIN00,fieldturf,84,61,49.5,-112,Sunday,7
2025_05_HOU_BAL,2025-10-05,2025,5,REG,HOU,BAL,44,10,DeMeco Ryans,-148,00-0039163,C.J. Stroud,7,-118,0,401772743,6800,2025-10-05,13:00,59909,John Harbaugh,124,00-0033662,Cooper Rush,7,-102,Home,,2025100501,-105,0,28484,202510050rav,Land Clark,-34,outdoors,-2.5,M&T Bank Stadium,BAL00,grass,78,54,41.5,-115,Sunday,2
2025_05_LV_IND,2025-10-05,2025,5,REG,LV,IND,6,40,Pete Carroll,285,00-0030565,Geno Smith,7,100,0,401772851,6802,2025-10-05,13:00,59911,Shane Steichen,-360,00-0035710,Daniel Jones,7,-120,Home,,2025100503,-112,0,28486,202510050clt,Alex Kemp,34,closed,7,Lucas Oil Stadium,IND00,fieldturf,,46,46.5,-108,Sunday,
2025_05_MIA_CAR,2025-10-05,2025,5,REG,MIA,CAR,24,27,Mike McDaniel,-120,00-0036212,Tua Tagovailoa,6,-105,0,401772852,6801,2025-10-05,13:00,59910,Dave Canales,100,00-0039150,Bryce Young,7,-115,Home,,2025100502,-115,0,28485,202510050car,Clay Martin,3,outdoors,-1.5,Bank of America Stadium,CAR00,grass,77,51,44.5,-105,Sunday,8
2025_05_MIN_CLE,2025-10-05,2025,5,REG,MIN,CLE,21,17,Kevin O'Connell,-198,00-0032950,Carson Wentz,7,-110,0,401772633,6799,2025-10-05,09:30,59908,Kevin Stefanski,164,00-0040704,Dillon Gabriel,7,-110,Neutral,,2025100500,-108,0,28483,202510050cle,Scott Novak,-4,outdoors,-3.5,FirstEnergy Stadium,CLE00,grass,61,38,35.5,-112,Sunday,14
2025_05_NE_BUF,2025-10-05,2025,5,REG,NE,BUF,23,20,Mike Vrabel,310,00-0039851,Drake Maye,7,-105,1,401772922,6810,2025-10-05,20:20,59919,Sean McDermott,-395,00-0034857,Josh Allen,7,-115,Home,,2025100511,-112,0,28494,202510050buf,Shawn Hochuli,-3,outdoors,7.5,New Era Field,BUF00,a_turf,66,43,49.5,-108,Sunday,3
2025_05_NYG_NO,2025-10-05,2025,5,REG,NYG,NO,14,26,Brian Daboll,100,00-0040691,Jaxson Dart,7,-115,0,401772744,6803,2025-10-05,13:00,59912,Kellen Moore,-120,00-0039376,Spencer Rattler,7,-105,Home,,2025100504,-115,0,28487,202510050nor,Alan Eck,12,dome,1.5,Mercedes-Benz Superdome,NOR00,sportturf,,40,41.5,-105,Sunday,
2025_05_TB_SEA,2025-10-05,2025,5,REG,TB,SEA,38,35,Todd Bowles,150,00-0034855,Baker Mayfield,7,-115,0,401772746,6807,2025-10-05,16:05,59916,Mike Macdonald,-180,00-0034869,Sam Darnold,10,-105,Home,,2025100508,-110,0,28490,202510050sea,Craig Wrolstad,-3,outdoors,3.5,Lumen Field,SEA00,fieldturf,61,73,44.5,-110,Sunday,8
2025_05_TEN_ARI,2025-10-05,2025,5,REG,TEN,ARI,22,21,Brian Callahan,330,00-0040676,Cam Ward,7,-108,0,401772747,6806,2025-10-05,16:05,59915,Jonathan Gannon,-425,00-0035228,Kyler Murray,10,-112,Home,,2025100507,-110,0,28491,202510050crd,Shawn Smith,-1,closed,7.5,State Farm Stadium,PHO00,grass,,43,41.5,-110,Sunday,
2025_05_WAS_LAC,2025-10-05,2025,5,REG,WAS,LAC,27,10,Dan Quinn,130,00-0039910,Jayden Daniels,7,100,0,401772853,6809,2025-10-05,16:25,59918,Jim Harbaugh,-155,00-0036355,Justin Herbert,7,-120,Home,,2025100510,-105,0,28493,202510050sdg,John Hussey,-17,dome,2.5,SoFi Stadium,LAX01,matrixturf,,37,47.5,-115,Sunday,
2025_05_KC_JAX,2025-10-06,2025,5,REG,KC,JAX,28,31,Andy Reid,-198,00-0033873,Patrick Mahomes,8,-110,0,401772814,6811,2025-10-06,20:15,59920,Liam Coen,164,00-0036971,Trevor Lawrence,8,-110,Home,,2025100600,-112,0,28495,202510060jax,Brad Rogers,3,outdoors,-3.5,TIAA Bank Stadium,JAX00,grass,80,59,45.5,-108,Monday,12
2025_06_PHI_NYG,2025-10-09,2025,6,REG,PHI,NYG,17,34,Nick Sirianni,-395,00-0036389,Jalen Hurts,4,-120,1,401772940,6812,2025-10-09,20:15,59921,Brian Daboll,310,00-0040691,Jaxson Dart,4,100,Home,,2025100900,-115,0,28496,202510090nyg,Clete Blakeman,17,outdoors,-7,MetLife Stadium,NYC01,fieldturf,53,51,40.5,-105,Thursday,3
2025_06_ARI_IND,2025-10-12,2025,6,REG,ARI,IND,27,31,Jonathan Gannon,360,00-0033119,Jacoby Brissett,7,-110,0,401772856,6816,2025-10-12,13:00,59925,Shane Steichen,-470,00-0035710,Daniel Jones,7,-110,Home,,2025101203,102,0,28500,202510120clt,Shawn Hochuli,4,closed,8.5,Lucas Oil Stadium,IND00,fieldturf,,58,46.5,-122,Sunday,
2025_06_CIN_GB,2025-10-12,2025,6,REG,CIN,GB,18,27,Zac Taylor,650,00-0026158,Joe Flacco,7,-110,0,401772752,6822,2025-10-12,16:25,59931,Matt LaFleur,-1000,00-0036264,Jordan Love,14,-110,Home,,2025101209,-110,0,28506,202510120gnb,Brad Allen,9,outdoors,14,Lambeau Field,GNB00,grass,64,45,44.5,-110,Sunday,14
2025_06_CLE_PIT,2025-10-12,2025,6,REG,CLE,PIT,9,23,Kevin Stefanski,225,00-0040704,Dillon Gabriel,7,100,1,401772748,6819,2025-10-12,13:00,59928,Mike Tomlin,-278,00-0023459,Aaron Rodgers,14,-120,Home,,2025101206,-120,0,28503,202510120pit,Ron Torbert,14,outdoors,5.5,Acrisure Stadium,PIT00,grass,64,32,37.5,100,Sunday,8
2025_06_DAL_CAR,2025-10-12,2025,6,REG,DAL,CAR,27,30,Brian Schottenheimer,-175,00-0033077,Dak Prescott,7,-118,0,401772858,6815,2025-10-12,13:00,59924,Dave Canales,145,00-0039150,Bryce Young,7,-102,Home,,2025101202,-115,0,28499,202510120car,John Hussey,3,outdoors,-3,Bank of America Stadium,CAR00,grass,68,57,47.5,-105,Sunday,15
2025_06_DEN_NYJ,2025-10-12,2025,6,REG,DEN,NYJ,13,11,Sean Payton,-395,00-0039732,Bo Nix,7,100,0,401772634,6813,2025-10-12,09:30,59922,Aaron Glenn,310,00-0036945,Justin Fields,7,-120,Neutral,,2025101200,-108,0,28497,202510120nyj,Land Clark,-2,outdoors,-7.5,MetLife Stadium,NYC01,grass,59,24,43.5,-112,Sunday,6
2025_06_DET_KC,2025-10-12,2025,6,REG,DET,KC,17,30,Dan Campbell,120,00-0033106,Jared Goff,7,-105,0,401772923,6824,2025-10-12,20:20,59933,Andy Reid,-142,00-0033873,Patrick Mahomes,6,-115,Home,,2025101211,-115,0,28508,202510120kan,Craig Wrolstad,13,outdoors,2.5,GEHA Field at Arrowhead Stadium,KAN00,grass,85,47,51.5,-105,Sunday,13
2025_06_LAC_MIA,2025-10-12,2025,6,REG,LAC,MIA,29,27,Jim Harbaugh,-205,00-0036355,Justin Herbert,7,-115,0,401772750,6818,2025-10-12,13:00,59927,Mike McDaniel,170,00-0036212,Tua Tagovailoa,7,-105,Home,,2025101205,-105,0,28502,202510120mia,Bill Vinovich,-2,outdoors,-3.5,Hard Rock Stadium,MIA00,grass,85,56,45.5,-115,Sunday,4
2025_06_LA_BAL,2025-10-12,2025,6,REG,LA,BAL,17,3,Sean McVay,-355,00-0026498,Matthew Stafford,10,-105,0,401772855,6814,2025-10-12,13:00,59923,John Harbaugh,280,00-0033662,Cooper Rush,7,-115,Home,,2025101201,-112,0,28498,202510120rav,Alex Kemp,-14,outdoors,-7,M&T Bank Stadium,BAL00,grass,64,20,43.5,-108,Sunday,15
2025_06_NE_NO,2025-10-12,2025,6,REG,NE,NO,25,19,Mike Vrabel,-192,00-0039851,Drake Maye,7,-105,0,401772751,6823,2025-10-12,13:00,59932,Kellen Moore,160,00-0039376,Spencer Rattler,7,-115,Home,,2025101210,-105,0,28507,202510120nor,Adrian Hill,-6,dome,-3.5,Mercedes-Benz Superdome,NOR00,sportturf,,44,46.5,-115,Sunday,
2025_06_SEA_JAX,2025-10-12,2025,6,REG,SEA,JAX,20,12,Mike Macdonald,-115,00-0034869,Sam Darnold,7,100,0,401772857,6817,2025-10-12,13:00,59926,Liam Coen,-105,00-0036971,Trevor Lawrence,6,-120,Home,,2025101204,-105,0,28501,202510120jax,Clay Martin,-8,outdoors,-1.5,TIAA Bank Stadium,JAX00,grass,76,32,47.5,-115,Sunday,8
2025_06_SF_TB,2025-10-12,2025,6,REG,SF,TB,19,30,Kyle Shanahan,160,00-0036972,Mac Jones,10,-105,0,401772749,6820,2025-10-12,16:25,59929,Todd Bowles,-192,00-0034855,Baker Mayfield,7,-115,Home,,2025101207,-115,0,28504,202510120tam,Brad Rogers,11,outdoors,3.5,Raymond James Stadium,TAM00,grass,82,49,46.5,-105,Sunday,10
2025_06_TEN_LV,2025-10-12,2025,6,REG,TEN,LV,10,20,Brian Callahan,154,00-0040676,Cam Ward,7,-110,0,401772859,6821,2025-10-12,16:05,59930,Pete Carroll,-185,00-0030565,Geno Smith,7,-110,Home,,2025101208,-115,0,28505,202510120rai,Carl Cheffers,10,dome,3.5,Allegiant Stadium,VEG00,grass,,30,41.5,-105,Sunday,
2025_06_BUF_ATL,2025-10-13,2025,6,REG,BUF,ATL,14,24,Sean McDermott,-205,00-0034857,Josh Allen,8,-120,0,401772815,6825,2025-10-13,19:15,59934,Raheem Morris,170,00-0039917,Michael Penix,15,100,Home,,2025101300,-118,0,28509,202510130atl,Shawn Smith,10,closed,-3.5,Mercedes-Benz Stadium,ATL97,fieldturf,,38,49.5,-102,Monday,
2025_06_CHI_WAS,2025-10-13,2025,6,REG,CHI,WAS,25,24,Ben Johnson,210,00-0039918,Caleb Williams,15,-108,0,401772717,6826,2025-10-13,20:15,59935,Dan Quinn,-258,00-0039910,Jayden Daniels,8,-112,Home,,2025101301,-115,0,28510,202510130was,Alex Moore,-1,outdoors,5.5,FedExField,WAS00,grass,59,49,49.5,-105,Monday,12
2025_07_PIT_CIN,2025-10-16,2025,7,REG,PIT,CIN,31,33,Mike Tomlin,-245,00-0023459,Aaron Rodgers,4,-105,1,401772941,6827,2025-10-16,20:15,59936,Zac Taylor,200,00-0026158,Joe Flacco,4,-115,Home,,2025101600,-105,0,28511,202510160cin,Clay Martin,2,outdoors,-5.5,Paycor Stadium,CIN00,fieldturf,60,64,45.5,-115,Thursday,5
2025_07_ATL_SF,2025-10-19,2025,7,REG,ATL,SF,10,20,Raheem Morris,-105,00-0039917,Michael Penix,6,-120,0,401772924,6839,2025-10-19,20:20,59948,Kyle Shanahan,-115,00-0036972,Mac Jones,7,100,Home,,2025101911,-108,0,28523,202510190sfo,Ron Torbert,10,outdoors,1.5,Levi's Stadium,SFO01,grass,74,30,46.5,-112,Sunday,5
2025_07_CAR_NYJ,2025-10-19,2025,7,REG,CAR,NYJ,13,6,Dave Canales,-108,00-0039150,Bryce Young,7,-125,0,401772860,6833,2025-10-19,13:00,59942,Aaron Glenn,-112,00-0036945,Justin Fields,7,105,Home,,2025101905,-118,0,28517,202510190nyj,Brad Rogers,-7,outdoors,1.5,MetLife Stadium,NYC01,fieldturf,71,19,39.5,-102,Sunday,13
2025_07_GB_ARI,2025-10-19,2025,7,REG,GB,ARI,27,23,Matt LaFleur,-395,00-0036264,Jordan Love,7,-115,0,401772863,6837,2025-10-19,16:25,59946,Jonathan Gannon,310,00-0033119,Jacoby Brissett,7,-105,Home,,2025101909,-110,0,28521,202510190crd,Alex Moore,-4,closed,-7,State Farm Stadium,PHO00,grass,,50,44.5,-110,Sunday,
2025_07_IND_LAC,2025-10-19,2025,7,REG,IND,LAC,38,24,Shane Steichen,114,00-0035710,Daniel Jones,7,-108,0,401772756,6836,2025-10-19,16:05,59945,Jim Harbaugh,-135,00-0036355,Justin Herbert,7,-112,Home,,2025101908,-110,0,28520,202510190sdg,Alan Eck,-14,dome,2.5,SoFi Stadium,LAX01,matrixturf,,62,48.5,-110,Sunday,
2025_07_LA_JAX,2025-10-19,2025,7,REG,LA,JAX,35,7,Sean McVay,-166,00-0026498,Matthew Stafford,7,-115,0,401772635,6828,2025-10-19,09:30,59937,Liam Coen,140,00-0036971,Trevor Lawrence,7,-105,Neutral,,2025101900,-115,0,28512,202510190jax,Adrian Hill,-28,outdoors,-3,TIAA Bank Stadium,JAX00,grass,59,42,44.5,-105,Sunday,9
2025_07_LV_KC,2025-10-19,2025,7,REG,LV,KC,0,31,Pete Carroll,625,00-0030565,Geno Smith,7,-115,1,401772753,6831,2025-10-19,13:00,59940,Andy Reid,-950,00-0033873,Patrick Mahomes,7,-105,Home,,2025101903,-105,0,28515,202510190kan,Clete Blakeman,31,outdoors,13.5,GEHA Field at Arrowhead Stadium,KAN00,grass,57,31,44.5,-115,Sunday,9
2025_07_MIA_CLE,2025-10-19,2025,7,REG,MIA,CLE,6,31,Mike McDaniel,124,00-0036212,Tua Tagovailoa,7,-102,0,401772754,6830,2025-10-19,13:00,59939,Kevin Stefanski,-148,00-0040704,Dillon Gabriel,7,-118,Home,,2025101902,-108,0,28514,202510190cle,Shawn Hochuli,25,outdoors,2.5,FirstEnergy Stadium,CLE00,grass,65,37,34.5,-112,Sunday,17
2025_07_NE_TEN,2025-10-19,2025,7,REG,NE,TEN,31,13,Mike Vrabel,-290,00-0039851,Drake Maye,7,-108,0,401772755,6834,2025-10-19,13:00,59943,Brian Callahan,235,00-0040676,Cam Ward,7,-112,Home,,2025101906,-112,0,28518,202510190oti,Craig Wrolstad,-18,outdoors,-6.5,Nissan Stadium,NAS00,grass,60,44,40.5,-108,Sunday,18
2025_07_NO_CHI,2025-10-19,2025,7,REG,NO,CHI,14,26,Kellen Moore,185,00-0039376,Spencer Rattler,7,-120,0,401772861,6829,2025-10-19,13:00,59938,Ben Johnson,-225,00-0039918,Caleb Williams,6,100,Home,,2025101901,-110,0,28513,202510190chi,Scott Novak,12,outdoors,4.5,Soldier Field,CHI98,grass,49,40,43.5,-110,Sunday,8
2025_07_NYG_DEN,2025-10-19,2025,7,REG,NYG,DEN,32,33,Brian Daboll,330,00-0040691,Jaxson Dart,10,-105,0,401772757,6835,2025-10-19,16:05,59944,Sean Payton,-425,00-0039732,Bo Nix,7,-115,Home,,2025101907,-115,0,28519,202510190den,Brad Allen,1,outdoors,7.5,Empower Field at Mile High,DEN00,grass,72,65,39.5,-105,Sunday,3
2025_07_PHI_MIN,2025-10-19,2025,7,REG,PHI,MIN,28,22,Nick Sirianni,-148,00-0036389,Jalen Hurts,10,-110,0,401772862,6832,2025-10-19,13:00,59941,Kevin O'Connell,124,00-0032950,Carson Wentz,14,-110,Home,,2025101904,-115,0,28516,202510190min,Bill Vinovich,-6,dome,-2.5,U.S. Bank Stadium,MIN01,sportturf,,50,43.5,-105,Sunday,
2025_07_WAS_DAL,2025-10-19,2025,7,REG,WAS,DAL,22,44,Dan Quinn,105,00-0039910,Jayden Daniels,6,-108,1,401772864,6838,2025-10-19,16:25,59947,Brian Schottenheimer,-125,00-0033077,Dak Prescott,7,-112,Home,,2025101910,-112,0,28522,202510190dal,Alex Kemp,22,closed,1.5,AT&T Stadium,DAL00,matrixturf,,66,54.5,-108,Sunday,
2025_07_HOU_SEA,2025-10-20,2025,7,REG,HOU,SEA,19,27,DeMeco Ryans,140,00-0039163,C.J. Stroud,15,-110,0,401772826,6840,2025-10-20,22:00,59950,Mike Macdonald,-166,00-0034869,Sam Darnold,8,-110,Home,,2025102001,-110,0,28525,202510200sea,Carl Cheffers,8,outdoors,3,Lumen Field,SEA00,fieldturf,56,46,41.5,-110,Monday,5
2025_07_TB_DET,2025-10-20,2025,7,REG,TB,DET,9,24,Todd Bowles,225,00-0034855,Baker Mayfield,8,-112,0,401772816,6841,2025-10-20,19:00,59949,Dan Campbell,-278,00-0033106,Jared Goff,8,-108,Home,,2025102000,-105,0,28524,202510200det,John Hussey,15,dome,6,Ford Field,DET00,fieldturf,,33,54.5,-115,Monday,
2025_08_MIN_LAC,2025-10-23,2025,8,REG,MIN,LAC,10,37,Kevin O'Connell,142,00-0032950,Carson Wentz,4,100,0,401772942,6842,2025-10-23,20:15,59951,Jim Harbaugh,-170,00-0036355,Justin Herbert,4,-120,Home,,2025102300,-110,0,28526,202510230sdg,Clete Blakeman,27,dome,3,SoFi Stadium,LAX01,matrixturf,,47,45.5,-110,Thursday,
2025_08_BUF_CAR,2025-10-26,2025,8,REG,BUF,CAR,40,9,Sean McDermott,-395,00-0034857,Josh Allen,13,-115,0,401772865,6845,2025-10-26,13:00,59954,Dave Canales,310,00-0039150,Bryce Young,7,-105,Home,,2025102602,-112,0,28529,202510260car,Craig Wrolstad,-31,outdoors,-7,Bank of America Stadium,CAR00,grass,63,49,47.5,-108,Sunday,9
2025_08_CHI_BAL,2025-10-26,2025,8,REG,CHI,BAL,16,30,Ben Johnson,124,00-0039918,Caleb Williams,7,-102,0,401772759,6844,2025-10-26,13:00,59953,John Harbaugh,-148,00-0035993,Tyler Huntley,14,-118,Home,,2025102601,-108,0,28528,202510260rav,Shawn Smith,14,outdoors,2.5,M&T Bank Stadium,BAL00,grass,60,46,45.5,-112,Sunday,2
2025_08_CLE_NE,2025-10-26,2025,8,REG,CLE,NE,13,32,Kevin Stefanski,300,00-0040704,Dillon Gabriel,7,-115,0,401772868,6848,2025-10-26,13:00,59957,Mike Vrabel,-380,00-0039851,Drake Maye,7,-105,Home,,2025102605,-105,0,28532,202510260nwe,Alex Moore,19,outdoors,7,Gillette Stadium,BOS00,fieldturf,53,45,40.5,-115,Sunday,7
2025_08_DAL_DEN,2025-10-26,2025,8,REG,DAL,DEN,24,44,Brian Schottenheimer,160,00-0033077,Dak Prescott,7,-110,0,401772762,6851,2025-10-26,16:25,59960,Sean Payton,-192,00-0039732,Bo Nix,7,-110,Home,,2025102608,-110,0,28535,202510260den,Carl Cheffers,20,outdoors,3.5,Empower Field at Mile High,DEN00,grass,67,68,51.5,-110,Sunday,4
2025_08_GB_PIT,2025-10-26,2025,8,REG,GB,PIT,35,25,Matt LaFleur,-155,00-0036264,Jordan Love,7,100,0,401772925,6853,2025-10-26,20:20,59962,Mike Tomlin,130,00-0023459,Aaron Rodgers,10,-120,Home,,2025102610,-105,0,28537,202510260pit,Shawn Hochuli,-10,outdoors,-3,Acrisure Stadium,PIT00,grass,46,60,46.5,-115,Sunday,5
2025_08_MIA_ATL,2025-10-26,2025,8,REG,MIA,ATL,34,10,Mike McDaniel,280,00-0036212,Tua Tagovailoa,7,-115,0,401772760,6843,2025-10-26,13:00,59952,Raheem Morris,-355,00-0029604,Kirk Cousins,7,-105,Home,,2025102600,-105,0,28527,202510260atl,John Hussey,-24,closed,7,Mercedes-Benz Stadium,ATL97,fieldturf,,44,44.5,-115,Sunday,
2025_08_NYG_PHI,2025-10-26,2025,8,REG,NYG,PHI,20,38,Brian Daboll,300,00-0040691,Jaxson Dart,7,-102,1,401772867,6849,2025-10-26,13:00,59958,Nick Sirianni,-380,00-0036389,Jalen Hurts,7,-118,Home,,2025102606,-112,0,28533,202510260phi,Brad Rogers,18,outdoors,7,Lincoln Financial Field,PHI00,grass,60,58,43.5,-108,Sunday,4
2025_08_NYJ_CIN,2025-10-26,2025,8,REG,NYJ,CIN,39,38,Aaron Glenn,210,00-0036945,Justin Fields,7,-112,0,401772758,6846,2025-10-26,13:00,59955,Zac Taylor,-258,00-0026158,Joe Flacco,10,-108,Home,,2025102603,-118,0,28530,202510260cin,Scott Novak,-1,outdoors,5.5,Paycor Stadium,CIN00,fieldturf,57,77,43.5,-102,Sunday,8
2025_08_SF_HOU,2025-10-26,2025,8,REG,SF,HOU,15,26,Kyle Shanahan,130,00-0036972,Mac Jones,7,100,0,401772866,6847,2025-10-26,13:00,59956,DeMeco Ryans,-155,00-0039163,C.J. Stroud,6,-120,Home,,2025102604,-108,0,28531,202510260htx,Alan Eck,11,closed,2.5,NRG Stadium,HOU00,astroturf,,41,41.5,-112,Sunday,
2025_08_TB_NO,2025-10-26,2025,8,REG,TB,NO,23,3,Todd Bowles,-218,00-0034855,Baker Mayfield,6,-105,1,401772869,6850,2025-10-26,16:05,59959,Kellen Moore,180,00-0039376,Spencer Rattler,7,-115,Home,,2025102607,-110,0,28534,202510260nor,Ron Torbert,-20,dome,-4.5,Mercedes-Benz Superdome,NOR00,sportturf,,26,46.5,-110,Sunday,
2025_08_TEN_IND,2025-10-26,2025,8,REG,TEN,IND,14,38,Brian Callahan,950,00-0040676,Cam Ward,7,-115,1,401772761,6852,2025-10-26,16:25,59961,Shane Steichen,-1650,00-0035710,Daniel Jones,7,-105,Home,,2025102609,-118,0,28536,202510260clt,Land Clark,24,closed,15.5,Lucas Oil Stadium,IND00,fieldturf,,52,47.5,-102,Sunday,
2025_08_WAS_KC,2025-10-27,2025,8,REG,WAS,KC,7,28,Dan Quinn,500,00-0039910,Jayden Daniels,8,-105,0,401772817,6854,2025-10-27,20:15,59963,Andy Reid,-700,00-0033873,Patrick Mahomes,8,-115,Home,,2025102700,-105,0,28538,202510270kan,Brad Allen,21,outdoors,10.5,GEHA Field at Arrowhead Stadium,KAN00,grass,54,35,48.5,-115,Monday,8
2025_09_BAL_MIA,2025-10-30,2025,9,REG,BAL,MIA,28,6,John Harbaugh,-455,00-0034796,Lamar Jackson,4,-120,0,401772943,6855,2025-10-30,20:15,59964,Mike McDaniel,350,00-0036212,Tua Tagovailoa,4,100,Home,,2025103000,-110,0,28539,202510300mia,Scott Novak,-22,outdoors,-7.5,Hard Rock Stadium,MIA00,grass,73,34,51.5,-110,Thursday,5
2025_09_ATL_NE,2025-11-02,2025,9,REG,ATL,NE,23,24,Raheem Morris,205,00-0039917,Michael Penix,7,-110,0,401772763,6860,2025-11-02,13:00,59969,Mike Vrabel,-250,00-0039851,Drake Maye,7,-110,Home,,2025110204,-108,0,28544,202511020nwe,Brad Allen,1,outdoors,5.5,Gillette Stadium,BOS00,fieldturf,52,47,45.5,-112,Sunday,7
2025_09_CAR_GB,2025-11-02,2025,9,REG,CAR,GB,16,13,Dave Canales,650,00-0039150,Bryce Young,7,-102,0,401772872,6858,2025-11-02,13:00,59967,Matt LaFleur,-1000,00-0036264,Jordan Love,7,-118,Home,,2025110202,-105,0,28542,202511020gnb,Land Clark,-3,outdoors,12.5,Lambeau Field,GNB00,grass,47,29,43.5,-115,Sunday,15
2025_09_CHI_CIN,2025-11-02,2025,9,REG,CHI,CIN,47,42,Ben Johnson,-162,00-0039918,Caleb Williams,7,-105,0,401772765,6856,2025-11-02,13:00,59965,Zac Taylor,136,00-0026158,Joe Flacco,7,-115,Home,,2025110200,-112,0,28540,202511020cin,Clete Blakeman,-5,outdoors,-3,Paycor Stadium,CIN00,fieldturf,50,89,51.5,-108,Sunday,6
2025_09_DEN_HOU,2025-11-02,2025,9,REG,DEN,HOU,18,15,Sean Payton,105,00-0039732,Bo Nix,7,-110,0,401772870,6859,2025-11-02,13:00,59968,DeMeco Ryans,-125,00-0039163,C.J. Stroud,7,-110,Home,,2025110203,-115,0,28543,202511020htx,Ron Torbert,-3,closed,1.5,NRG Stadium,HOU00,astroturf,,33,40.5,-105,Sunday,
2025_09_IND_PIT,2025-11-02,2025,9,REG,IND,PIT,20,27,Shane Steichen,-185,00-0035710,Daniel Jones,7,100,0,401772766,6862,2025-11-02,13:00,59971,Mike Tomlin,154,00-0023459,Aaron Rodgers,7,-120,Home,,2025110206,-115,0,28546,202511020pit,Craig Wrolstad,7,outdoors,-3.5,Acrisure Stadium,PIT00,grass,56,47,51.5,-105,Sunday,2
2025_09_JAX_LV,2025-11-02,2025,9,REG,JAX,LV,30,29,Liam Coen,-130,00-0036971,Trevor Lawrence,14,-105,0,401772873,6865,2025-11-02,16:05,59974,Pete Carroll,110,00-0030565,Geno Smith,14,-115,Home,,2025110209,-115,1,28549,202511020rai,Alan Eck,-1,dome,-2.5,Allegiant Stadium,VEG00,grass,,59,43.5,-105,Sunday,
2025_09_KC_BUF,2025-11-02,2025,9,REG,KC,BUF,21,28,Andy Reid,-135,00-0033873,Patrick Mahomes,6,-105,0,401772768,6866,2025-11-02,16:25,59975,Sean McDermott,114,00-0034857,Josh Allen,7,-115,Home,,2025110210,-105,0,28550,202511020buf,Carl Cheffers,7,outdoors,-2.5,New Era Field,BUF00,a_turf,54,49,53.5,-115,Sunday,6
2025_09_LAC_TEN,2025-11-02,2025,9,REG,LAC,TEN,27,20,Jim Harbaugh,-650,00-0036355,Justin Herbert,10,-112,0,401772764,6863,2025-11-02,13:00,59972,Brian Callahan,470,00-0040676,Cam Ward,7,-108,Home,,2025110207,-110,0,28547,202511020oti,Alex Kemp,-7,outdoors,-10,Nissan Stadium,NAS00,grass,46,47,44.5,-110,Sunday,5
2025_09_MIN_DET,2025-11-02,2025,9,REG,MIN,DET,27,24,Kevin O'Connell,410,00-0039923,J.J. McCarthy,10,-108,1,401772871,6857,2025-11-02,13:00,59966,Dan Campbell,-550,00-0033106,Jared Goff,13,-112,Home,,2025110201,-115,0,28541,202511020det,Clay Martin,-3,dome,9.5,Ford Field,DET00,fieldturf,,51,47.5,-105,Sunday,
2025_09_NO_LA,2025-11-02,2025,9,REG,NO,LA,10,34,Kellen Moore,750,00-0040743,Tyler Shough,7,-105,0,401772874,6864,2025-11-02,16:05,59973,Sean McVay,-1200,00-0026498,Matthew Stafford,14,-115,Home,,2025110208,-115,0,28548,202511020ram,Shawn Smith,24,dome,14,SoFi Stadium,LAX01,matrixturf,,44,44.5,-105,Sunday,
2025_09_SEA_WAS,2025-11-02,2025,9,REG,SEA,WAS,38,14,Mike Macdonald,-148,00-0034869,Sam Darnold,13,-120,0,401772926,6867,2025-11-02,20:20,59976,Dan Quinn,124,00-0039910,Jayden Daniels,6,100,Home,,2025110211,-105,0,28551,202511020was,Bill Vinovich,-24,outdoors,-2.5,FedExField,WAS00,grass,53,52,47.5,-115,Sunday,3
2025_09_SF_NYG,2025-11-02,2025,9,REG,SF,NYG,34,24,Kyle Shanahan,-148,00-0036972,Mac Jones,7,-120,0,401772767,6861,2025-11-02,13:00,59970,Brian Daboll,124,00-0040691,Jaxson Dart,7,100,Home,,2025110205,-112,0,28545,202511020nyg,John Hussey,-10,outdoors,-2.5,MetLife Stadium,NYC01,fieldturf,56,58,47.5,-108,Sunday,5
2025_09_ARI_DAL,2025-11-03,2025,9,REG,ARI,DAL,27,17,Jonathan Gannon,145,00-0033119,Jacoby Brissett,15,-115,0,401772818,6868,2025-11-03,20:15,59977,Brian Schottenheimer,-175,00-0033077,Dak Prescott,8,-105,Home,,2025110300,-115,0,28552,202511030dal,Adrian Hill,-10,closed,3.5,AT&T Stadium,DAL00,matrixturf,,44,53.5,-105,Monday,
2025_10_LV_DEN,2025-11-06,2025,10,REG,LV,DEN,7,10,Pete Carroll,380,00-0030565,Geno Smith,4,-112,1,401772944,6869,2025-11-06,20:15,59978,Sean Payton,-500,00-0039732,Bo Nix,4,-108,Home,,2025110600,-110,0,28553,202511060den,Bill Vinovich,3,outdoors,9.5,Empower Field at Mile High,DEN00,grass,60,17,42.5,-110,Thursday,10
2025_10_ARI_SEA,2025-11-09,2025,10,REG,ARI,SEA,22,44,Jonathan Gannon,270,00-0033119,Jacoby Brissett,6,-115,1,401772773,6878,2025-11-09,16:05,59987,Mike Macdonald,-340,00-0034869,Sam Darnold,7,-105,Home,,2025110908,-118,0,28562,202511090sea,Alan Eck,22,outdoors,7,Lumen Field,SEA00,fieldturf,59,66,44.5,-102,Sunday,5
2025_10_ATL_IND,2025-11-09,2025,10,REG,ATL,IND,25,31,Raheem Morris,250,00-0039917,Michael Penix,7,-112,0,401772636,6870,2025-11-09,09:30,59979,Shane Steichen,-310,00-0035710,Daniel Jones,7,-108,Neutral,,2025110900,-108,1,28554,202511090clt,Clete Blakeman,6,closed,6.5,Lucas Oil Stadium,IND00,grass,46,56,48.5,-112,Sunday,2
2025_10_BAL_MIN,2025-11-09,2025,10,REG,BAL,MIN,27,19,John Harbaugh,-230,00-0034796,Lamar Jackson,10,-105,0,401772876,6875,2025-11-09,13:00,59984,Kevin O'Connell,190,00-0039923,J.J. McCarthy,7,-115,Home,,2025110905,-115,0,28559,202511090min,Shawn Hochuli,-8,dome,-4.5,U.S. Bank Stadium,MIN01,sportturf,,46,48.5,-105,Sunday,
2025_10_BUF_MIA,2025-11-09,2025,10,REG,BUF,MIA,13,30,Sean McDermott,-455,00-0034857,Josh Allen,7,-105,1,401772771,6874,2025-11-09,13:00,59983,Mike McDaniel,350,00-0036212,Tua Tagovailoa,10,-115,Home,,2025110904,-105,0,28558,202511090mia,Ron Torbert,17,outdoors,-8.5,Hard Rock Stadium,MIA00,grass,84,43,50.5,-115,Sunday,6
2025_10_CLE_NYJ,2025-11-09,2025,10,REG,CLE,NYJ,20,27,Kevin Stefanski,-130,00-0040704,Dillon Gabriel,14,-115,0,401772769,6876,2025-11-09,13:00,59985,Aaron Glenn,110,00-0028118,Tyrod Taylor,14,-105,Home,,2025110906,-105,0,28560,202511090nyj,Shawn Smith,7,outdoors,-1.5,MetLife Stadium,NYC01,fieldturf,62,47,37.5,-115,Sunday,12
2025_10_DET_WAS,2025-11-09,2025,10,REG,DET,WAS,44,22,Dan Campbell,-455,00-0033106,Jared Goff,7,-105,0,401772878,6880,2025-11-09,16:25,59989,Dan Quinn,350,00-0032268,Marcus Mariota,7,-115,Home,,2025110910,-108,0,28564,202511090was,Scott Novak,-22,outdoors,-8.5,FedExField,WAS00,grass,64,66,49.5,-112,Sunday,9
2025_10_JAX_HOU,2025-11-09,2025,10,REG,JAX,HOU,29,36,Liam Coen,-115,00-0036971,Trevor Lawrence,7,100,1,401772770,6873,2025-11-09,13:00,59982,DeMeco Ryans,-105,00-0036898,Davis Mills,7,-120,Home,,2025110903,-108,0,28557,202511090htx,Alex Moore,7,closed,-1.5,NRG Stadium,HOU00,astroturf,,65,37.5,-112,Sunday,
2025_10_LA_SF,2025-11-09,2025,10,REG,LA,SF,42,26,Sean McVay,-258,00-0026498,Matthew Stafford,7,-115,1,401772879,6879,2025-11-09,16:25,59988,Kyle Shanahan,210,00-0036972,Mac Jones,7,-105,Home,,2025110909,-110,0,28563,202511090sfo,Land Clark,-16,outdoors,-5.5,Levi's Stadium,SFO01,grass,77,68,49.5,-110,Sunday,3
2025_10_NE_TB,2025-11-09,2025,10,REG,NE,TB,28,23,Mike Vrabel,124,00-0039851,Drake Maye,7,100,0,401772772,6877,2025-11-09,13:00,59986,Todd Bowles,-148,00-0034855,Baker Mayfield,14,-120,Home,,2025110907,-115,0,28561,202511090tam,Alex Kemp,-5,outdoors,2.5,Raymond James Stadium,TAM00,grass,82,51,48.5,-105,Sunday,11
2025_10_NO_CAR,2025-11-09,2025,10,REG,NO,CAR,17,7,Kellen Moore,200,00-0040743,Tyler Shough,7,-112,1,401772877,6871,2025-11-09,13:00,59980,Dave Canales,-245,00-0039150,Bryce Young,7,-108,Home,,2025110901,-115,0,28555,202511090car,Brad Allen,-10,outdoors,5.5,Bank of America Stadium,CAR00,grass,73,24,38.5,-105,Sunday,15
2025_10_NYG_CHI,2025-11-09,2025,10,REG,NYG,CHI,20,24,Brian Daboll,180,00-0040691,Jaxson Dart,7,-108,0,401772875,6872,2025-11-09,13:00,59981,Ben Johnson,-218,00-0039918,Caleb Williams,7,-112,Home,,2025110902,-108,0,28556,202511090chi,Adrian Hill,4,outdoors,4.5,Soldier Field,CHI98,grass,33,44,45.5,-112,Sunday,10
2025_10_PIT_LAC,2025-11-09,2025,10,REG,PIT,LAC,10,25,Mike Tomlin,136,00-0023459,Aaron Rodgers,7,-118,0,401772927,6881,2025-11-09,20:20,59990,Jim Harbaugh,-162,00-0036355,Justin Herbert,7,-102,Home,,2025110911,-105,0,28565,202511090sdg,Brad Rogers,15,dome,3,SoFi Stadium,LAX01,matrixturf,,35,45.5,-115,Sunday,
2025_10_PHI_GB,2025-11-10,2025,10,REG,PHI,GB,10,7,Nick Sirianni,-110,00-0036389,Jalen Hurts,15,-122,0,401772630,6882,2025-11-10,20:15,59991,Matt LaFleur,-110,00-0036264,Jordan Love,8,102,Home,,2025111000,-112,0,28566,202511100gnb,Clay Martin,-3,outdoors,1.5,Lambeau Field,GNB00,grass,33,17,45.5,-108,Monday,9
2025_11_NYJ_NE,2025-11-13,2025,11,REG,NYJ,NE,14,27,Aaron Glenn,625,00-0028118,Tyrod Taylor,4,-105,1,401772945,6883,2025-11-13,20:15,59992,Mike Vrabel,-950,00-0039851,Drake Maye,4,-115,Home,,2025111300,-105,0,28567,202511130nwe,Alan Eck,13,outdoors,12.5,Gillette Stadium,BOS00,fieldturf,39,41,43.5,-115,Thursday,9
2025_11_BAL_CLE,2025-11-16,2025,11,REG,BAL,CLE,23,16,John Harbaugh,-440,00-0034796,Lamar Jackson,7,-105,1,401772777,6894,2025-11-16,16:25,60003,Kevin Stefanski,340,00-0040704,Dillon Gabriel,7,-115,Home,,2025111610,-115,0,28579,202511160cle,Land Clark,-7,outdoors,-7.5,FirstEnergy Stadium,CLE00,grass,44,39,37.5,-105,Sunday,20
2025_11_CAR_ATL,2025-11-16,2025,11,REG,CAR,ATL,30,27,Dave Canales,180,00-0039150,Bryce Young,7,-118,1,401772882,6885,2025-11-16,13:00,59994,Raheem Morris,-218,00-0039917,Michael Penix,7,-102,Home,,2025111601,-110,1,28569,202511160atl,Clay Martin,-3,closed,4.5,Mercedes-Benz Stadium,ATL97,fieldturf,,57,42.5,-110,Sunday,
2025_11_CHI_MIN,2025-11-16,2025,11,REG,CHI,MIN,19,17,Ben Johnson,124,00-0039918,Caleb Williams,7,-115,1,401772880,6888,2025-11-16,13:00,59997,Kevin O'Connell,-148,00-0039923,J.J. McCarthy,7,-105,Home,,2025111604,-118,0,28573,202511160min,Brad Rogers,-2,dome,3,U.S. Bank Stadium,MIN01,sportturf,,36,47.5,-102,Sunday,
2025_11_CIN_PIT,2025-11-16,2025,11,REG,CIN,PIT,12,34,Zac Taylor,205,00-0026158,Joe Flacco,14,-108,1,401772774,6890,2025-11-16,13:00,59999,Mike Tomlin,-250,00-0023459,Aaron Rodgers,7,-112,Home,,2025111606,-110,0,28575,202511160pit,Bill Vinovich,22,outdoors,5.5,Acrisure Stadium,PIT00,grass,46,46,48.5,-110,Sunday,17
2025_11_DET_PHI,2025-11-16,2025,11,REG,DET,PHI,9,16,Dan Campbell,130,00-0033106,Jared Goff,7,-102,0,401772928,6896,2025-11-16,20:20,60005,Nick Sirianni,-155,00-0036389,Jalen Hurts,6,-118,Home,,2025111612,-112,0,28581,202511160phi,Alex Kemp,7,outdoors,2.5,Lincoln Financial Field,PHI00,grass,45,25,46.5,-108,Sunday,15
2025_11_GB_NYG,2025-11-16,2025,11,REG,GB,NYG,27,20,Matt LaFleur,-440,00-0036264,Jordan Love,6,-110,0,401772883,6889,2025-11-16,13:00,59998,Brian Daboll,340,00-0031503,Jameis Winston,7,-110,Home,,2025111605,-110,0,28574,202511160nyg,Scott Novak,-7,outdoors,-7.5,MetLife Stadium,NYC01,fieldturf,55,47,41.5,-110,Sunday,17
2025_11_HOU_TEN,2025-11-16,2025,11,REG,HOU,TEN,16,13,DeMeco Ryans,-265,00-0036898,Davis Mills,7,-108,1,401772881,6891,2025-11-16,13:00,60000,Brian Callahan,215,00-0040676,Cam Ward,14,-112,Home,,2025111607,-102,0,28576,202511160oti,Shawn Hochuli,-3,outdoors,-5.5,Nissan Stadium,NAS00,grass,64,29,37.5,-118,Sunday,8
2025_11_KC_DEN,2025-11-16,2025,11,REG,KC,DEN,19,22,Andy Reid,-218,00-0033873,Patrick Mahomes,14,-120,1,401772778,6895,2025-11-16,16:25,60004,Sean Payton,180,00-0039732,Bo Nix,10,100,Home,,2025111611,-110,0,28580,202511160den,Adrian Hill,3,outdoors,-3.5,Empower Field at Mile High,DEN00,grass,70,41,44.5,-110,Sunday,6
2025_11_LAC_JAX,2025-11-16,2025,11,REG,LAC,JAX,6,35,Jim Harbaugh,-155,00-0036355,Justin Herbert,7,-105,0,401772775,6887,2025-11-16,13:00,59996,Liam Coen,130,00-0036971,Trevor Lawrence,7,-115,Home,,2025111603,-110,0,28571,202511160jax,Craig Wrolstad,29,outdoors,-3,TIAA Bank Stadium,JAX00,grass,74,41,43.5,-110,Sunday,9
2025_11_SEA_LA,2025-11-16,2025,11,REG,SEA,LA,19,21,Mike Macdonald,145,00-0034869,Sam Darnold,7,100,1,401772884,6893,2025-11-16,16:05,60002,Sean McVay,-175,00-0026498,Matthew Stafford,7,-120,Home,,2025111609,-115,0,28578,202511160ram,John Hussey,2,dome,3,SoFi Stadium,LAX01,matrixturf,,40,49.5,-105,Sunday,
2025_11_SF_ARI,2025-11-16,2025,11,REG,SF,ARI,41,22,Kyle Shanahan,-192,00-0037834,Brock Purdy,7,-105,1,401772885,6892,2025-11-16,16:05,60001,Jonathan Gannon,160,00-0033119,Jacoby Brissett,7,-115,Home,,2025111608,-108,0,28577,202511160crd,Carl Cheffers,-19,closed,-3.5,State Farm Stadium,PHO00,grass,,63,48.5,-112,Sunday,
2025_11_TB_BUF,2025-11-16,2025,11,REG,TB,BUF,32,44,Todd Bowles,230,00-0034855,Baker Mayfield,7,-108,0,401772776,6886,2025-11-16,13:00,59995,Sean McDermott,-285,00-0034857,Josh Allen,7,-112,Home,,2025111602,-108,0,28570,202511160buf,Alex Moore,12,outdoors,6,New Era Field,BUF00,a_turf,38,76,46.5,-112,Sunday,20
2025_11_WAS_MIA,2025-11-16,2025,11,REG,WAS,MIA,13,16,Dan Quinn,124,00-0032268,Marcus Mariota,7,100,0,401772631,6884,2025-11-16,09:30,59993,Mike McDaniel,-148,00-0036212,Tua Tagovailoa,7,-120,Neutral,,2025111600,-110,1,28568,202511160mia,Shawn Smith,3,outdoors,2.5,Hard Rock Stadium,MIA00,grass,,29,47.5,-110,Sunday,
2025_11_DAL_LV,2025-11-17,2025,11,REG,DAL,LV,33,16,Brian Schottenheimer,-198,00-0033077,Dak Prescott,14,-115,0,401772819,6897,2025-11-17,20:15,60006,Pete Carroll,164,00-0030565,Geno Smith,11,-105,Home,,2025111700,-105,0,28572,202511170rai,Brad Allen,-17,dome,-3.5,Allegiant Stadium,VEG00,grass,,49,48.5,-115,Monday,
2025_12_BUF_HOU,2025-11-20,2025,12,REG,BUF,HOU,19,23,Sean McDermott,-258,00-0034857,Josh Allen,4,-108,0,401772946,6898,2025-11-20,20:15,60007,DeMeco Ryans,210,00-0036898,Davis Mills,4,-112,Home,,2025112000,-115,0,28582,202511200htx,Adrian Hill,4,closed,-5.5,NRG Stadium,HOU00,astroturf,,42,43.5,-105,Thursday,
2025_12_ATL_NO,2025-11-23,2025,12,REG,ATL,NO,24,10,Raheem Morris,102,00-0029604,Kirk Cousins,7,-112,1,401772889,6909,2025-11-23,16:25,60018,Kellen Moore,-122,00-0040743,Tyler Shough,14,-108,Home,,2025112310,-102,0,28593,202511230nor,Brad Rogers,-14,dome,1.5,Mercedes-Benz Superdome,NOR00,sportturf,,34,41.5,-118,Sunday,
2025_12_CLE_LV,2025-11-23,2025,12,REG,CLE,LV,24,10,Kevin Stefanski,136,00-0040668,Shedeur Sanders,7,-105,0,401772784,6907,2025-11-23,16:05,60016,Pete Carroll,-162,00-0030565,Geno Smith,6,-115,Home,,2025112308,-118,0,28591,202511230rai,Shawn Hochuli,-14,dome,3,Allegiant Stadium,VEG00,grass,,34,35.5,-102,Sunday,
2025_12_IND_KC,2025-11-23,2025,12,REG,IND,KC,20,23,Shane Steichen,180,00-0035710,Daniel Jones,14,100,0,401772779,6904,2025-11-23,13:00,60013,Andy Reid,-218,00-0033873,Patrick Mahomes,7,-120,Home,,2025112305,-108,1,28588,202511230kan,Alex Moore,3,outdoors,3.5,GEHA Field at Arrowhead Stadium,KAN00,grass,,43,50.5,-112,Sunday,
2025_12_JAX_ARI,2025-11-23,2025,12,REG,JAX,ARI,27,24,Liam Coen,-135,00-0036971,Trevor Lawrence,7,-108,0,401772783,6906,2025-11-23,16:05,60015,Jonathan Gannon,114,00-0033119,Jacoby Brissett,7,-112,Home,,2025112307,-105,1,28590,202511230crd,Scott Novak,-3,closed,-2.5,State Farm Stadium,PHO00,grass,,51,47.5,-115,Sunday,
2025_12_MIN_GB,2025-11-23,2025,12,REG,MIN,GB,6,23,Kevin O'Connell,235,00-0039923,J.J. McCarthy,7,-112,1,401772887,6903,2025-11-23,13:00,60012,Matt LaFleur,-290,00-0036264,Jordan Love,7,-108,Home,,2025112304,-108,0,28587,202511230gnb,Carl Cheffers,17,outdoors,6.5,Lambeau Field,GNB00,grass,43,29,41.5,-112,Sunday,10
2025_12_NE_CIN,2025-11-23,2025,12,REG,NE,CIN,26,20,Mike Vrabel,-395,00-0039851,Drake Maye,10,-108,0,401772781,6901,2025-11-23,13:00,60010,Zac Taylor,310,00-0026158,Joe Flacco,7,-112,Home,,2025112302,-118,0,28585,202511230cin,Land Clark,-6,outdoors,-7.5,Paycor Stadium,CIN00,fieldturf,54,46,50.5,-102,Sunday,7
2025_12_NYG_DET,2025-11-23,2025,12,REG,NYG,DET,27,34,Brian Daboll,675,00-0031503,Jameis Winston,7,-115,0,401772888,6902,2025-11-23,13:00,60011,Dan Campbell,-1050,00-0033106,Jared Goff,7,-105,Home,,2025112303,-120,1,28586,202511230det,Craig Wrolstad,7,dome,14,Ford Field,DET00,fieldturf,,61,50.5,100,Sunday,
2025_12_NYJ_BAL,2025-11-23,2025,12,REG,NYJ,BAL,10,23,Aaron Glenn,675,00-0028118,Tyrod Taylor,10,-110,0,401772782,6899,2025-11-23,13:00,60008,John Harbaugh,-1050,00-0034796,Lamar Jackson,7,-110,Home,,2025112300,-118,0,28583,202511230rav,Clete Blakeman,13,outdoors,14,M&T Bank Stadium,BAL00,grass,54,33,44.5,-102,Sunday,3
2025_12_PHI_DAL,2025-11-23,2025,12,REG,PHI,DAL,21,24,Nick Sirianni,-162,00-0036389,Jalen Hurts,7,-105,1,401772890,6908,2025-11-23,16:25,60017,Brian Schottenheimer,136,00-0033077,Dak Prescott,6,-115,Home,,2025112309,-120,0,28592,202511230dal,Bill Vinovich,3,closed,-3,AT&T Stadium,DAL00,matrixturf,,45,47.5,100,Sunday,
2025_12_PIT_CHI,2025-11-23,2025,12,REG,PIT,CHI,28,31,Mike Tomlin,130,00-0034771,Mason Rudolph,7,-115,0,401772780,6900,2025-11-23,13:00,60009,Ben Johnson,-155,00-0039918,Caleb Williams,7,-105,Home,,2025112301,-112,0,28584,202511230chi,John Hussey,3,outdoors,3,Soldier Field,CHI98,grass,51,59,46.5,-108,Sunday,3
2025_12_SEA_TEN,2025-11-23,2025,12,REG,SEA,TEN,30,24,Mike Macdonald,-950,00-0034869,Sam Darnold,7,-115,0,401772886,6905,2025-11-23,13:00,60014,Brian Callahan,625,00-0040676,Cam Ward,7,-105,Home,,2025112306,-110,0,28589,202511230oti,Ron Torbert,-6,outdoors,-12.5,Nissan Stadium,NAS00,grass,55,54,41.5,-110,Sunday,1
2025_12_TB_LA,2025-11-23,2025,12,REG,TB,LA,7,34,Todd Bowles,295,00-0034855,Baker Mayfield,7,-110,0,401772929,6910,2025-11-23,20:20,60019,Sean McVay,-375,00-0026498,Matthew Stafford,7,-110,Home,,2025112311,-120,0,28594,202511230ram,Clay Martin,27,dome,7,SoFi Stadium,LAX01,matrixturf,,41,49.5,100,Sunday,
2025_12_CAR_SF,2025-11-24,2025,12,REG,CAR,SF,9,20,Dave Canales,310,00-0039150,Bryce Young,8,-115,0,401772820,6911,2025-11-24,20:15,60020,Kyle Shanahan,-395,00-0037834,Brock Purdy,8,-105,Home,,2025112400,-115,0,28595,202511240sfo,Alex Kemp,11,outdoors,7.5,Levi's Stadium,SFO01,grass,58,29,48.5,-105,Monday,3
2025_13_CIN_BAL,2025-11-27,2025,13,REG,CIN,BAL,32,14,Zac Taylor,295,00-0036442,Joe Burrow,4,100,1,401772930,6914,2025-11-27,20:20,60023,John Harbaugh,-375,00-0034796,Lamar Jackson,4,-120,Home,,2025112702,-105,0,28598,202511270rav,Craig Wrolstad,-18,outdoors,7,M&T Bank Stadium,BAL00,grass,38,46,52.5,-115,Thursday,11
2025_13_GB_DET,2025-11-27,2025,13,REG,GB,DET,31,24,Matt LaFleur,130,00-0036264,Jordan Love,4,105,1,401772891,6912,2025-11-27,13:00,60021,Dan Campbell,-155,00-0033106,Jared Goff,4,-125,Home,,2025112700,-110,0,28596,202511270det,Ron Torbert,-7,dome,2.5,Ford Field,DET00,fieldturf,,55,48.5,-110,Thursday,
2025_13_KC_DAL,2025-11-27,2025,13,REG,KC,DAL,28,31,Andy Reid,-185,00-0033873,Patrick Mahomes,4,-105,0,401772694,6913,2025-11-27,16:30,60022,Brian Schottenheimer,154,00-0033077,Dak Prescott,4,-115,Home,,2025112701,-110,0,28597,202511270dal,John Hussey,3,closed,-3.5,AT&T Stadium,DAL00,matrixturf,,59,53.5,-110,Thursday,
2025_13_CHI_PHI,2025-11-28,2025,13,REG,CHI,PHI,24,15,Ben Johnson,270,00-0039918,Caleb Williams,5,-105,0,401772621,6915,2025-11-28,15:00,60024,Nick Sirianni,-340,00-0036389,Jalen Hurts,5,-115,Home,,2025112800,-105,0,28599,202511280phi,Carl Cheffers,-9,outdoors,7,Lincoln Financial Field,PHI00,grass,42,39,43.5,-115,Friday,18
2025_13_ARI_TB,2025-11-30,2025,13,REG,ARI,TB,17,20,Jonathan Gannon,164,00-0033119,Jacoby Brissett,7,-115,0,401772895,6921,2025-11-30,13:00,60030,Todd Bowles,-198,00-0034855,Baker Mayfield,7,-105,Home,,2025113005,-112,0,28605,202511300tam,Bill Vinovich,3,outdoors,4.5,Raymond James Stadium,TAM00,grass,80,37,44.5,-108,Sunday,8
2025_13_ATL_NYJ,2025-11-30,2025,13,REG,ATL,NYJ,24,27,Raheem Morris,-166,00-0029604,Kirk Cousins,7,-112,0,401772893,6920,2025-11-30,13:00,60029,Aaron Glenn,140,00-0028118,Tyrod Taylor,7,-108,Home,,2025113004,-115,0,28604,202511300nyj,Shawn Hochuli,3,outdoors,-3,MetLife Stadium,NYC01,fieldturf,43,51,38.5,-105,Sunday,8
2025_13_BUF_PIT,2025-11-30,2025,13,REG,BUF,PIT,26,7,Sean McDermott,-166,00-0034857,Josh Allen,10,-115,0,401772789,6925,2025-11-30,16:25,60034,Mike Tomlin,140,00-0023459,Aaron Rodgers,7,-105,Home,,2025113009,-108,0,28609,202511300pit,Alex Kemp,-19,outdoors,-3,Acrisure Stadium,PIT00,grass,34,33,44.5,-112,Sunday,16
2025_13_DEN_WAS,2025-11-30,2025,13,REG,DEN,WAS,27,26,Sean Payton,-310,00-0039732,Bo Nix,14,-105,0,401772931,6926,2025-11-30,20:20,60035,Dan Quinn,250,00-0032268,Marcus Mariota,14,-115,Home,,2025113010,-108,1,28610,202511300was,Land Clark,-1,outdoors,-6.5,FedExField,WAS00,grass,40,53,43.5,-112,Sunday,13
2025_13_HOU_IND,2025-11-30,2025,13,REG,HOU,IND,20,16,DeMeco Ryans,142,00-0039163,C.J. Stroud,10,-105,1,401772787,6918,2025-11-30,13:00,60027,Shane Steichen,-170,00-0035710,Daniel Jones,7,-115,Home,,2025113002,-108,0,28602,202511300clt,Clay Martin,-4,closed,3,Lucas Oil Stadium,IND00,fieldturf,,36,44.5,-112,Sunday,
2025_13_JAX_TEN,2025-11-30,2025,13,REG,JAX,TEN,25,3,Liam Coen,-270,00-0036971,Trevor Lawrence,7,-108,1,401772786,6922,2025-11-30,13:00,60031,Brian Callahan,220,00-0040676,Cam Ward,7,-112,Home,,2025113006,-115,0,28606,202511300oti,Brad Rogers,-22,outdoors,-6,Nissan Stadium,NAS00,grass,38,28,42.5,-105,Sunday,7
2025_13_LA_CAR,2025-11-30,2025,13,REG,LA,CAR,28,31,Sean McVay,-575,00-0026498,Matthew Stafford,7,-110,0,401772894,6916,2025-11-30,13:00,60025,Dave Canales,425,00-0039150,Bryce Young,6,-110,Home,,2025113000,-115,0,28600,202511300car,Scott Novak,3,outdoors,-10,Bank of America Stadium,CAR00,grass,45,59,44.5,-105,Sunday,3
2025_13_LV_LAC,2025-11-30,2025,13,REG,LV,LAC,14,31,Pete Carroll,440,00-0030565,Geno Smith,7,-115,1,401772788,6924,2025-11-30,16:25,60033,Jim Harbaugh,-600,00-0036355,Justin Herbert,14,-105,Home,,2025113008,-112,0,28607,202511300sdg,Alex Moore,17,dome,10,SoFi Stadium,LAX01,matrixturf,,45,40.5,-108,Sunday,
2025_13_MIN_SEA,2025-11-30,2025,13,REG,MIN,SEA,0,26,Kevin O'Connell,600,00-0040494,Max Brosmer,7,-110,0,401772896,6923,2025-11-30,16:05,60032,Mike Macdonald,-900,00-0034869,Sam Darnold,7,-110,Home,,2025113007,-110,0,28608,202511300sea,Clete Blakeman,26,outdoors,12.5,Lumen Field,SEA00,fieldturf,45,26,42.5,-110,Sunday,2
2025_13_NO_MIA,2025-11-30,2025,13,REG,NO,MIA,17,21,Kellen Moore,205,00-0040743,Tyler Shough,7,-110,0,401772892,6919,2025-11-30,13:00,60028,Mike McDaniel,-250,00-0036212,Tua Tagovailoa,14,-110,Home,,2025113003,-115,0,28603,202511300mia,Alan Eck,4,outdoors,5.5,Hard Rock Stadium,MIA00,grass,76,38,41.5,-105,Sunday,10
2025_13_SF_CLE,2025-11-30,2025,13,REG,SF,CLE,26,8,Kyle Shanahan,-250,00-0037834,Brock Purdy,6,-108,0,401772785,6917,2025-11-30,13:00,60026,Kevin Stefanski,205,00-0040668,Shedeur Sanders,7,-112,Home,,2025113001,-108,0,28601,202511300cle,Brad Allen,-18,outdoors,-5.5,FirstEnergy Stadium,CLE00,grass,35,34,35.5,-112,Sunday,20
2025_13_NYG_NE,2025-12-01,2025,13,REG,NYG,NE,15,33,Brian Daboll,295,00-0040691,Jaxson Dart,8,-105,0,401772821,6927,2025-12-01,20:15,60036,Mike Vrabel,-375,00-0039851,Drake Maye,8,-115,Home,,2025120100,-115,0,28611,202512010nwe,Alex Kemp,18,outdoors,7,Gillette Stadium,BOS00,fieldturf,30,48,46.5,-105,Monday,5
2025_14_DAL_DET,2025-12-04,2025,14,REG,DAL,DET,30,44,Brian Schottenheimer,160,00-0033077,Dak Prescott,7,-110,0,401772947,6928,2025-12-04,20:15,60037,Dan Campbell,-192,00-0033106,Jared Goff,7,-110,Home,,2025120400,-110,0,28612,202512040det,Shawn Hochuli,14,dome,3.5,Ford Field,DET00,fieldturf,,74,55.5,-110,Thursday,
2025_14_CHI_GB,2025-12-07,2025,14,REG,CHI,GB,21,28,Ben Johnson,245,00-0039918,Caleb Williams,9,-105,1,401772897,6932,2025-12-07,16:25,60041,Matt LaFleur,-305,00-0036264,Jordan Love,10,-115,Home,,2025120703,-105,0,28616,202512070gnb,Craig Wrolstad,7,outdoors,6.5,Lambeau Field,GNB00,grass,16,49,44.5,-115,Sunday,9
2025_14_CIN_BUF,2025-12-07,2025,14,REG,CIN,BUF,34,39,Zac Taylor,230,00-0036442,Joe Burrow,10,-108,0,401772902,6939,2025-12-07,13:00,60048,Sean McDermott,-285,00-0034857,Josh Allen,7,-112,Home,,2025120710,-112,0,28623,202512070buf,Brad Rogers,5,outdoors,6,New Era Field,BUF00,a_turf,31,73,54.5,-108,Sunday,12
2025_14_DEN_LV,2025-12-07,2025,14,REG,DEN,LV,24,17,Sean Payton,-470,00-0039732,Bo Nix,7,-110,1,401772794,6937,2025-12-07,16:05,60046,Pete Carroll,360,00-0030565,Geno Smith,7,-110,Home,,2025120708,-105,0,28621,202512070rai,Shawn Smith,-7,dome,-8.5,Allegiant Stadium,VEG00,grass,,41,40.5,-115,Sunday,
2025_14_HOU_KC,2025-12-07,2025,14,REG,HOU,KC,20,10,DeMeco Ryans,180,00-0039163,C.J. Stroud,7,-115,0,401772932,6940,2025-12-07,20:20,60049,Andy Reid,-218,00-0033873,Patrick Mahomes,10,-105,Home,,2025120711,-110,0,28624,202512070kan,Alan Eck,-10,outdoors,4.5,GEHA Field at Arrowhead Stadium,KAN00,grass,27,30,41.5,-110,Sunday,8
2025_14_IND_JAX,2025-12-07,2025,14,REG,IND,JAX,19,36,Shane Steichen,-135,00-0035710,Daniel Jones,7,-112,1,401772793,6933,2025-12-07,13:00,60042,Liam Coen,114,00-0036971,Trevor Lawrence,7,-108,Home,,2025120704,-115,0,28617,202512070jax,John Hussey,17,outdoors,-2.5,TIAA Bank Stadium,JAX00,grass,61,55,44.5,-105,Sunday,7
2025_14_LA_ARI,2025-12-07,2025,14,REG,LA,ARI,45,17,Sean McVay,-500,00-0026498,Matthew Stafford,7,-110,1,401772901,6938,2025-12-07,16:25,60047,Jonathan Gannon,380,00-0033119,Jacoby Brissett,7,-110,Home,,2025120709,-110,0,28622,202512070crd,Ron Torbert,-28,closed,-9.5,State Farm Stadium,PHO00,grass,,62,49.5,-110,Sunday,
2025_14_MIA_NYJ,2025-12-07,2025,14,REG,MIA,NYJ,34,10,Mike McDaniel,-148,00-0036212,Tua Tagovailoa,7,-115,1,401772790,6935,2025-12-07,13:00,60044,Aaron Glenn,124,00-0028118,Tyrod Taylor,7,-105,Home,,2025120706,-108,0,28619,202512070nyj,Bill Vinovich,-24,outdoors,-2.5,MetLife Stadium,NYC01,fieldturf,41,44,41.5,-112,Sunday,6
2025_14_NO_TB,2025-12-07,2025,14,REG,NO,TB,24,20,Kellen Moore,330,00-0040743,Tyler Shough,7,-102,1,401772792,6936,2025-12-07,13:00,60045,Todd Bowles,-425,00-0034855,Baker Mayfield,7,-118,Home,,2025120707,-115,0,28620,202512070tam,Clete Blakeman,-4,outdoors,7.5,Raymond James Stadium,TAM00,grass,73,44,41.5,-105,Sunday,6
2025_14_PIT_BAL,2025-12-07,2025,14,REG,PIT,BAL,27,22,Mike Tomlin,220,00-0023459,Aaron Rodgers,7,100,1,401772791,6930,2025-12-07,13:00,60039,John Harbaugh,-270,00-0034796,Lamar Jackson,10,-120,Home,,2025120701,-115,0,28614,202512070rav,Alex Moore,-5,outdoors,5.5,M&T Bank Stadium,BAL00,grass,44,49,43.5,-105,Sunday,6
2025_14_SEA_ATL,2025-12-07,2025,14,REG,SEA,ATL,37,9,Mike Macdonald,-355,00-0034869,Sam Darnold,7,100,0,401772900,6929,2025-12-07,13:00,60038,Raheem Morris,280,00-0029604,Kirk Cousins,7,-120,Home,,2025120700,-112,0,28613,202512070atl,Alex Kemp,-28,closed,-7,Mercedes-Benz Stadium,ATL97,fieldturf,,46,44.5,-108,Sunday,
2025_14_TEN_CLE,2025-12-07,2025,14,REG,TEN,CLE,31,29,Brian Callahan,170,00-0040676,Cam Ward,7,-120,0,401772898,6931,2025-12-07,13:00,60040,Kevin Stefanski,-205,00-0040668,Shedeur Sanders,7,100,Home,,2025120702,-115,0,28615,202512070cle,Carl Cheffers,-2,outdoors,4.5,FirstEnergy Stadium,CLE00,grass,33,60,33.5,-105,Sunday,6
2025_14_WAS_MIN,2025-12-07,2025,14,REG,WAS,MIN,0,31,Dan Quinn,-115,00-0032268,Marcus Mariota,7,-102,0,401772899,6934,2025-12-07,13:00,60043,Kevin O'Connell,-105,00-0039923,J.J. McCarthy,7,-118,Home,,2025120705,-118,0,28618,202512070min,Brad Allen,31,dome,-1.5,U.S. Bank Stadium,MIN01,sportturf,,31,43.5,-102,Sunday,
2025_14_PHI_LAC,2025-12-08,2025,14,REG,PHI,LAC,19,22,Nick Sirianni,-120,00-0036389,Jalen Hurts,10,-105,0,401772822,6941,2025-12-08,20:15,60050,Jim Harbaugh,100,00-0036355,Justin Herbert,8,-115,Home,,2025120800,-115,1,28625,202512080sdg,Scott Novak,3,dome,-1.5,SoFi Stadium,LAX01,matrixturf,,41,41.5,-105,Monday,
2025_15_ATL_TB,2025-12-11,2025,15,REG,ATL,TB,29,28,Raheem Morris,225,00-0029604,Kirk Cousins,4,-112,1,401772948,6942,2025-12-11,20:15,60051,Todd Bowles,-278,00-0034855,Baker Mayfield,4,-108,Home,,2025121100,-110,0,28626,202512110tam,Carl Cheffers,-1,outdoors,6,Raymond James Stadium,TAM00,grass,56,57,43.5,-110,Thursday,5
2025_15_ARI_HOU,2025-12-14,2025,15,REG,ARI,HOU,20,40,Jonathan Gannon,455,00-0033119,Jacoby Brissett,7,-110,0,401772903,6945,2025-12-14,13:00,60054,DeMeco Ryans,-625,00-0039163,C.J. Stroud,7,-110,Home,,2025121402,-108,0,28629,202512140htx,Clete Blakeman,20,closed,10.5,NRG Stadium,HOU00,astroturf,,60,42.5,-112,Sunday,
2025_15_BAL_CIN,2025-12-14,2025,15,REG,BAL,CIN,24,0,John Harbaugh,-162,00-0034796,Lamar Jackson,7,-125,1,401772796,6944,2025-12-14,13:00,60053,Zac Taylor,136,00-0036442,Joe Burrow,7,105,Home,,2025121401,-110,0,28628,202512140cin,Brad Allen,-24,outdoors,-2.5,Paycor Stadium,CIN00,fieldturf,10,24,51.5,-110,Sunday,7
2025_15_BUF_NE,2025-12-14,2025,15,REG,BUF,NE,35,31,Sean McDermott,-142,00-0034857,Josh Allen,7,-110,1,401772795,6948,2025-12-14,13:00,60057,Mike Vrabel,120,00-0039851,Drake Maye,13,-110,Home,,2025121405,-115,0,28632,202512140nwe,John Hussey,-4,outdoors,-2.5,Gillette Stadium,BOS00,fieldturf,32,66,49.5,-105,Sunday,6
2025_15_CAR_NO,2025-12-14,2025,15,REG,CAR,NO,17,20,Dave Canales,-148,00-0039150,Bryce Young,14,-118,1,401772908,6953,2025-12-14,16:25,60062,Kellen Moore,124,00-0040743,Tyler Shough,7,-102,Home,,2025121410,-112,0,28636,202512140nor,Alex Moore,3,dome,-2.5,Mercedes-Benz Superdome,NOR00,sportturf,,37,41.5,-108,Sunday,
2025_15_CLE_CHI,2025-12-14,2025,15,REG,CLE,CHI,3,31,Kevin Stefanski,295,00-0040668,Shedeur Sanders,7,-112,0,401772904,6943,2025-12-14,13:00,60052,Ben Johnson,-375,00-0039918,Caleb Williams,7,-108,Home,,2025121400,-105,0,28627,202512140chi,Ron Torbert,28,outdoors,7.5,Soldier Field,CHI98,grass,8,34,38.5,-115,Sunday,6
2025_15_DET_LA,2025-12-14,2025,15,REG,DET,LA,34,41,Dan Campbell,200,00-0033106,Jared Goff,10,-105,0,401772909,6952,2025-12-14,16:25,60061,Sean McVay,-245,00-0026498,Matthew Stafford,7,-115,Home,,2025121409,-115,0,28638,202512140ram,Alan Eck,7,dome,5.5,SoFi Stadium,LAX01,matrixturf,,75,54.5,-105,Sunday,
2025_15_GB_DEN,2025-12-14,2025,15,REG,GB,DEN,26,34,Matt LaFleur,-122,00-0036264,Jordan Love,7,-108,0,401772800,6951,2025-12-14,16:25,60060,Sean Payton,102,00-0039732,Bo Nix,7,-112,Home,,2025121408,-105,0,28635,202512140den,Brad Rogers,8,outdoors,-1.5,Empower Field at Mile High,DEN00,grass,65,60,42.5,-115,Sunday,3
2025_15_IND_SEA,2025-12-14,2025,15,REG,IND,SEA,16,18,Shane Steichen,650,00-0022942,Philip Rivers,7,-105,0,401772799,6954,2025-12-14,16:25,60063,Mike Macdonald,-1000,00-0034869,Sam Darnold,7,-115,Home,,2025121411,-112,0,28637,202512140sea,Adrian Hill,2,outdoors,13.5,Lumen Field,SEA00,fieldturf,51,34,41.5,-108,Sunday,9
2025_15_LAC_KC,2025-12-14,2025,15,REG,LAC,KC,16,13,Jim Harbaugh,210,00-0036355,Justin Herbert,6,100,1,401772798,6947,2025-12-14,13:00,60056,Andy Reid,-258,00-0033873,Patrick Mahomes,7,-120,Home,,2025121404,-112,0,28631,202512140kan,Shawn Hochuli,-3,outdoors,5.5,GEHA Field at Arrowhead Stadium,KAN00,grass,,29,41.5,-108,Sunday,
2025_15_LV_PHI,2025-12-14,2025,15,REG,LV,PHI,0,31,Pete Carroll,650,00-0038102,Kenny Pickett,7,-108,0,401772906,6950,2025-12-14,13:00,60059,Nick Sirianni,-1000,00-0036389,Jalen Hurts,6,-112,Home,,2025121407,-102,0,28634,202512140phi,Clay Martin,31,outdoors,12.5,Lincoln Financial Field,PHI00,grass,30,31,37.5,-118,Sunday,20
2025_15_MIN_DAL,2025-12-14,2025,15,REG,MIN,DAL,34,26,Kevin O'Connell,215,00-0039923,J.J. McCarthy,7,-110,0,401772933,6956,2025-12-14,20:20,60065,Brian Schottenheimer,-265,00-0033077,Dak Prescott,10,-110,Home,,2025121413,-118,0,28640,202512140dal,Scott Novak,-8,closed,5.5,AT&T Stadium,DAL00,matrixturf,,60,47.5,-102,Sunday,
2025_15_NYJ_JAX,2025-12-14,2025,15,REG,NYJ,JAX,20,48,Aaron Glenn,675,00-0040398,Brady Cook,7,-105,0,401772797,6946,2025-12-14,13:00,60055,Liam Coen,-1050,00-0036971,Trevor Lawrence,7,-115,Home,,2025121403,-105,0,28630,202512140jax,Shawn Smith,28,outdoors,13.5,TIAA Bank Stadium,JAX00,grass,70,68,40.5,-115,Sunday,11
2025_15_TEN_SF,2025-12-14,2025,15,REG,TEN,SF,24,37,Brian Callahan,600,00-0040676,Cam Ward,7,-108,0,401772907,6955,2025-12-14,16:25,60064,Kyle Shanahan,-900,00-0037834,Brock Purdy,14,-112,Home,,2025121412,-108,0,28639,202512140sfo,Craig Wrolstad,13,outdoors,12.5,Levi's Stadium,SFO01,grass,54,61,44.5,-112,Sunday,4
2025_15_WAS_NYG,2025-12-14,2025,15,REG,WAS,NYG,29,21,Dan Quinn,124,00-0032268,Marcus Mariota,7,-105,1,401772905,6949,2025-12-14,13:00,60058,Brian Daboll,-148,00-0040691,Jaxson Dart,13,-115,Home,,2025121406,-105,0,28633,202512140nyg,Bill Vinovich,-8,outdoors,2.5,MetLife Stadium,NYC01,fieldturf,27,50,46.5,-115,Sunday,13
2025_15_MIA_PIT,2025-12-15,2025,15,REG,MIA,PIT,15,28,Mike McDaniel,145,00-0036212,Tua Tagovailoa,8,-102,0,401772823,6957,2025-12-15,20:15,60066,Mike Tomlin,-175,00-0023459,Aaron Rodgers,8,-118,Home,,2025121500,-115,0,28641,202512150pit,Land Clark,13,outdoors,3,Acrisure Stadium,PIT00,grass,17,43,42.5,-105,Monday,7
2025_16_LA_SEA,2025-12-18,2025,16,REG,LA,SEA,37,38,Sean McVay,102,00-0026498,Matthew Stafford,4,-110,1,401772949,6958,2025-12-18,20:15,60067,Mike Macdonald,-122,00-0034869,Sam Darnold,4,-110,Home,,2025121800,-115,1,28642,202512180sea,Brad Allen,1,outdoors,1.5,Lumen Field,SEA00,fieldturf,51,75,42.5,-105,Thursday,17
2025_16_GB_CHI,2025-12-20,2025,16,REG,GB,CHI,16,22,Matt LaFleur,-102,00-0036264,Jordan Love,6,-115,1,401772613,6959,2025-12-20,20:20,60068,Ben Johnson,-118,00-0039918,Caleb Williams,6,-105,Home,,2025122000,-105,1,28643,202512200chi,Alex Kemp,6,outdoors,1.5,Soldier Field,CHI98,grass,37,38,45.5,-115,Saturday,6
2025_16_PHI_WAS,2025-12-20,2025,16,REG,PHI,WAS,29,18,Nick Sirianni,-380,00-0036389,Jalen Hurts,6,-120,1,401772612,6960,2025-12-20,17:00,60069,Dan Quinn,300,00-0032268,Marcus Mariota,6,100,Home,,2025122001,-110,0,28644,202512200was,Craig Wrolstad,-11,outdoors,-7,FedExField,WAS00,grass,42,47,43.5,-110,Saturday,7
2025_16_ATL_ARI,2025-12-21,2025,16,REG,ATL,ARI,26,19,Raheem Morris,-148,00-0029604,Kirk Cousins,10,-115,0,401772914,6968,2025-12-21,16:05,60077,Jonathan Gannon,124,00-0033119,Jacoby Brissett,7,-105,Home,,2025122109,-115,0,28652,202512210crd,Land Clark,-7,closed,-2.5,State Farm Stadium,PHO00,grass,,45,48.5,-105,Sunday,
2025_16_BUF_CLE,2025-12-21,2025,16,REG,BUF,CLE,23,20,Sean McDermott,-575,00-0034857,Josh Allen,7,-110,0,401772802,6963,2025-12-21,13:00,60072,Kevin Stefanski,425,00-0040668,Shedeur Sanders,7,-110,Home,,2025122104,-102,0,28647,202512210cle,Bill Vinovich,-3,outdoors,-10.5,FirstEnergy Stadium,CLE00,grass,25,43,41.5,-118,Sunday,16
2025_16_CIN_MIA,2025-12-21,2025,16,REG,CIN,MIA,45,21,Zac Taylor,-205,00-0036442,Joe Burrow,7,-120,0,401772934,6972,2025-12-21,13:00,60081,Mike McDaniel,170,00-0040234,Quinn Ewers,6,100,Home,,2025122113,-108,0,28656,202512210mia,John Hussey,-24,outdoors,-3.5,Hard Rock Stadium,MIA00,grass,81,66,48.5,-112,Sunday,7
2025_16_JAX_DEN,2025-12-21,2025,16,REG,JAX,DEN,34,20,Liam Coen,145,00-0036971,Trevor Lawrence,7,-120,0,401772913,6969,2025-12-21,16:05,60078,Sean Payton,-175,00-0039732,Bo Nix,7,100,Home,,2025122110,-112,0,28653,202512210den,Shawn Hochuli,-14,outdoors,3.5,Empower Field at Mile High,DEN00,grass,62,54,46.5,-108,Sunday,3
2025_16_KC_TEN,2025-12-21,2025,16,REG,KC,TEN,9,26,Andy Reid,-185,00-0035289,Gardner Minshew,7,100,0,401772803,6967,2025-12-21,13:00,60076,Brian Callahan,154,00-0040676,Cam Ward,7,-120,Home,,2025122108,-110,0,28651,202512210oti,Clete Blakeman,17,outdoors,-3.5,Nissan Stadium,NAS00,grass,51,35,37.5,-110,Sunday,8
2025_16_LAC_DAL,2025-12-21,2025,16,REG,LAC,DAL,34,17,Jim Harbaugh,102,00-0036355,Justin Herbert,7,-115,0,401772910,6964,2025-12-21,13:00,60073,Brian Schottenheimer,-122,00-0033077,Dak Prescott,7,-105,Home,,2025122105,-118,0,28648,202512210dal,Alan Eck,-17,closed,1.5,AT&T Stadium,DAL00,matrixturf,,51,50.5,-102,Sunday,
2025_16_LV_HOU,2025-12-21,2025,16,REG,LV,HOU,21,23,Pete Carroll,900,00-0030565,Geno Smith,7,-115,0,401772805,6971,2025-12-21,16:25,60080,DeMeco Ryans,-1600,00-0039163,C.J. Stroud,7,-105,Home,,2025122112,-110,0,28655,202512210htx,Scott Novak,2,closed,14.5,NRG Stadium,HOU00,astroturf,,44,39.5,-110,Sunday,
2025_16_MIN_NYG,2025-12-21,2025,16,REG,MIN,NYG,16,13,Kevin O'Connell,-148,00-0039923,J.J. McCarthy,7,-118,0,401772911,6966,2025-12-21,13:00,60075,Brian Daboll,124,00-0040691,Jaxson Dart,7,-102,Home,,2025122107,-105,0,28650,202512210nyg,Alex Moore,-3,outdoors,-2.5,MetLife Stadium,NYC01,fieldturf,46,29,41.5,-115,Sunday,20
2025_16_NE_BAL,2025-12-21,2025,16,REG,NE,BAL,28,24,Mike Vrabel,154,00-0039851,Drake Maye,7,-115,0,401772804,6961,2025-12-21,20:20,60070,John Harbaugh,-185,00-0034796,Lamar Jackson,7,-105,Home,,2025122102,-108,0,28645,202512210rav,Brad Rogers,-4,outdoors,3.5,M&T Bank Stadium,BAL00,grass,40,52,48.5,-112,Sunday,2
2025_16_NYJ_NO,2025-12-21,2025,16,REG,NYJ,NO,6,29,Aaron Glenn,240,00-0028118,Tyrod Taylor,7,-105,0,401772801,6965,2025-12-21,13:00,60074,Kellen Moore,-298,00-0040743,Tyler Shough,7,-115,Home,,2025122106,-115,0,28649,202512210nor,Clay Martin,23,dome,6.5,Mercedes-Benz Superdome,NOR00,sportturf,,35,39.5,-105,Sunday,
2025_16_PIT_DET,2025-12-21,2025,16,REG,PIT,DET,29,24,Mike Tomlin,330,00-0023459,Aaron Rodgers,6,-105,0,401772806,6970,2025-12-21,16:25,60079,Dan Campbell,-425,00-0033106,Jared Goff,7,-115,Home,,2025122111,-105,0,28654,202512210det,Carl Cheffers,-5,dome,7.5,Ford Field,DET00,fieldturf,,53,52.5,-115,Sunday,
2025_16_TB_CAR,2025-12-21,2025,16,REG,TB,CAR,20,23,Todd Bowles,-155,00-0034855,Baker Mayfield,10,100,1,401772912,6962,2025-12-21,13:00,60071,Dave Canales,130,00-0039150,Bryce Young,7,-120,Home,,2025122103,-112,0,28646,202512210car,Shawn Smith,3,outdoors,-3,Bank of America Stadium,CAR00,grass,61,43,44.5,-108,Sunday,8
2025_16_SF_IND,2025-12-22,2025,16,REG,SF,IND,48,27,Kyle Shanahan,-225,00-0037834,Brock Purdy,8,-105,0,401772824,6973,2025-12-22,20:15,60082,Shane Steichen,185,00-0022942,Philip Rivers,8,-115,Home,,2025122200,-102,0,28657,202512220clt,Ron Torbert,-21,closed,-4.5,Lucas Oil Stadium,IND00,fieldturf,,75,46.5,-118,Monday,
2025_17_DAL_WAS,2025-12-25,2025,17,REG,DAL,WAS,30,23,Brian Schottenheimer,-500,00-0033077,Dak Prescott,4,-120,1,401772710,6974,2025-12-25,13:00,60083,Dan Quinn,380,00-0026300,Josh Johnson,5,100,Home,,2025122500,-112,0,28658,202512250was,Brad Rogers,-7,outdoors,-8.5,FedExField,WAS00,grass,50,53,50.5,-108,Thursday,7
2025_17_DEN_KC,2025-12-25,2025,17,REG,DEN,KC,20,13,Sean Payton,-1100,00-0039732,Bo Nix,4,-105,1,401772622,6976,2025-12-25,20:15,60085,Andy Reid,700,00-0037324,Chris Oladokun,4,-115,Home,,2025122502,-120,0,28660,202512250kan,Bill Vinovich,-7,outdoors,-13.5,GEHA Field at Arrowhead Stadium,KAN00,grass,,33,37.5,100,Thursday,
2025_17_DET_MIN,2025-12-25,2025,17,REG,DET,MIN,10,23,Dan Campbell,-360,00-0033106,Jared Goff,4,-120,1,401772711,6975,2025-12-25,16:30,60084,Kevin O'Connell,285,00-0040494,Max Brosmer,4,100,Home,,2025122501,-105,0,28659,202512250min,Shawn Smith,13,dome,-7,U.S. Bank Stadium,MIN01,sportturf,,33,45.5,-115,Thursday,
2025_17_BAL_GB,2025-12-27,2025,17,REG,BAL,GB,41,24,John Harbaugh,120,00-0035993,Tyler Huntley,6,-108,0,401772953,6980,2025-12-27,20:00,60088,Matt LaFleur,-142,00-0038128,Malik Willis,7,-112,Home,,2025122701,-105,0,28663,202512270gnb,Alan Eck,-17,outdoors,2.5,Lambeau Field,GNB00,grass,36,65,38.5,-115,Saturday,10
2025_17_HOU_LAC,2025-12-27,2025,17,REG,HOU,LAC,20,16,DeMeco Ryans,-102,00-0039163,C.J. Stroud,6,-115,0,401772951,6982,2025-12-27,16:30,60089,Jim Harbaugh,-118,00-0036355,Justin Herbert,6,-105,Home,,2025122700,-115,0,28664,202512270sdg,Craig Wrolstad,-4,dome,1.5,SoFi Stadium,LAX01,matrixturf,,36,40.5,-105,Saturday,
2025_17_ARI_CIN,2025-12-28,2025,17,REG,ARI,CIN,14,37,Jonathan Gannon,275,00-0033119,Jacoby Brissett,7,-110,0,401772954,6978,2025-12-28,13:00,60087,Zac Taylor,-345,00-0036442,Joe Burrow,7,-110,Home,,2025122801,-115,0,28662,202512280cin,Clay Martin,23,outdoors,7,Paycor Stadium,CIN00,fieldturf,65,51,52.5,-105,Sunday,9
2025_17_CHI_SF,2025-12-28,2025,17,REG,CHI,SF,38,42,Ben Johnson,170,00-0039918,Caleb Williams,8,-105,0,401772935,6988,2025-12-28,20:20,60097,Kyle Shanahan,-205,00-0037834,Brock Purdy,6,-115,Home,,2025122811,-108,0,28672,202512280sfo,Alex Moore,4,outdoors,3.5,Levi's Stadium,SFO01,grass,53,80,51.5,-112,Sunday,5
2025_17_JAX_IND,2025-12-28,2025,17,REG,JAX,IND,23,17,Liam Coen,-225,00-0036971,Trevor Lawrence,7,-115,1,401772915,6981,2025-12-28,13:00,60092,Shane Steichen,185,00-0022942,Philip Rivers,6,-105,Home,,2025122806,-112,0,28667,202512280clt,Brad Allen,-6,closed,-3.5,Lucas Oil Stadium,IND00,fieldturf,,40,48.5,-108,Sunday,
2025_17_NE_NYJ,2025-12-28,2025,17,REG,NE,NYJ,42,10,Mike Vrabel,-950,00-0039851,Drake Maye,7,-120,1,401772808,6985,2025-12-28,13:00,60094,Aaron Glenn,625,00-0028118,Tyrod Taylor,7,100,Home,,2025122808,-108,0,28669,202512280nyj,Alex Kemp,-32,outdoors,-12.5,MetLife Stadium,NYC01,fieldturf,29,52,42.5,-112,Sunday,4
2025_17_NO_TEN,2025-12-28,2025,17,REG,NO,TEN,34,26,Kellen Moore,-120,00-0040743,Tyler Shough,7,-110,0,401772809,6986,2025-12-28,13:00,60095,Brian Callahan,100,00-0040676,Cam Ward,7,-110,Home,,2025122809,-102,0,28670,202512280oti,Adrian Hill,-8,outdoors,-1.5,Nissan Stadium,NAS00,grass,71,60,39.5,-118,Sunday,14
2025_17_NYG_LV,2025-12-28,2025,17,REG,NYG,LV,34,10,Brian Daboll,-162,00-0040691,Jaxson Dart,7,-102,0,401772950,6983,2025-12-28,16:05,60090,Pete Carroll,136,00-0030565,Geno Smith,7,-118,Home,,2025122804,-108,0,28665,202512280rai,Land Clark,-24,dome,-3,Allegiant Stadium,VEG00,grass,,44,40.5,-112,Sunday,
2025_17_PHI_BUF,2025-12-28,2025,17,REG,PHI,BUF,13,12,Nick Sirianni,142,00-0036389,Jalen Hurts,8,-108,0,401772917,6987,2025-12-28,16:25,60096,Sean McDermott,-170,00-0034857,Josh Allen,7,-112,Home,,2025122810,-105,0,28671,202512280buf,Ron Torbert,-1,outdoors,3,New Era Field,BUF00,a_turf,38,25,45.5,-115,Sunday,6
2025_17_PIT_CLE,2025-12-28,2025,17,REG,PIT,CLE,6,13,Mike Tomlin,-205,00-0023459,Aaron Rodgers,7,-108,1,401772807,6979,2025-12-28,13:00,60091,Kevin Stefanski,170,00-0040668,Shedeur Sanders,7,-112,Home,,2025122805,-108,0,28666,202512280cle,John Hussey,7,outdoors,-4.5,FirstEnergy Stadium,CLE00,grass,45,19,35.5,-112,Sunday,14
2025_17_SEA_CAR,2025-12-28,2025,17,REG,SEA,CAR,27,10,Mike Macdonald,-305,00-0034869,Sam Darnold,10,-118,0,401772952,6977,2025-12-28,13:00,60086,Dave Canales,245,00-0039150,Bryce Young,7,-102,Home,,2025122800,-110,0,28661,202512280car,Carl Cheffers,-17,outdoors,-6.5,Bank of America Stadium,CAR00,grass,43,37,42.5,-110,Sunday,2
2025_17_TB_MIA,2025-12-28,2025,17,REG,TB,MIA,17,20,Todd Bowles,-250,00-0034855,Baker Mayfield,7,-108,0,401772916,6984,2025-12-28,13:00,60093,Mike McDaniel,205,00-0040234,Quinn Ewers,7,-112,Home,,2025122807,-102,0,28668,202512280mia,Scott Novak,3,outdoors,-5.5,Hard Rock Stadium,MIA00,grass,80,37,44.5,-118,Sunday,3
2025_17_LA_ATL,2025-12-29,2025,17,REG,LA,ATL,24,27,Sean McVay,-380,00-0026498,Matthew Stafford,11,-102,0,401772825,6989,2025-12-29,20:15,60098,Raheem Morris,300,00-0029604,Kirk Cousins,8,-118,Home,,2025122900,-115,0,28673,202512290atl,Clete Blakeman,3,closed,-7.5,Mercedes-Benz Stadium,ATL97,fieldturf,,51,48.5,-105,Monday,
2025_18_CAR_TB,2026-01-03,2025,18,REG,CAR,TB,14,16,Dave Canales,130,00-0039150,Bryce Young,6,-115,1,401772969,7005,2026-01-03,16:30,60114,Todd Bowles,-155,00-0034855,Baker Mayfield,6,-105,Home,,2026010300,-102,0,28688,202601030tam,Brad Allen,2,outdoors,3,Raymond James Stadium,TAM00,grass,69,30,43.5,-118,Saturday,11
2025_18_SEA_SF,2026-01-03,2025,18,REG,SEA,SF,13,3,Mike Macdonald,-148,00-0034869,Sam Darnold,6,-120,1,401772961,7004,2026-01-03,20:00,60113,Kyle Shanahan,124,00-0037834,Brock Purdy,6,100,Home,,2026010301,-115,0,28687,202601030sfo,Bill Vinovich,-10,outdoors,-2.5,Levi's Stadium,SFO01,grass,57,16,47.5,-105,Saturday,8
2025_18_ARI_LA,2026-01-04,2025,18,REG,ARI,LA,20,37,Jonathan Gannon,800,00-0033119,Jacoby Brissett,7,-115,1,401772955,6997,2026-01-04,16:25,60106,Sean McVay,-1350,00-0026498,Matthew Stafford,6,-105,Home,,2026010407,-112,0,28681,202601040ram,Carl Cheffers,17,dome,14.5,SoFi Stadium,LAX01,matrixturf,,57,49.5,-108,Sunday,
2025_18_BAL_PIT,2026-01-04,2025,18,REG,BAL,PIT,24,26,John Harbaugh,-225,00-0034796,Lamar Jackson,8,-105,1,401772960,7003,2026-01-04,20:20,60112,Mike Tomlin,185,00-0023459,Aaron Rodgers,7,-115,Home,,2026010413,-110,0,28686,202601040pit,Shawn Smith,2,outdoors,-4.5,Acrisure Stadium,PIT00,grass,25,50,41.5,-110,Sunday,3
2025_18_CLE_CIN,2026-01-04,2025,18,REG,CLE,CIN,20,18,Kevin Stefanski,350,00-0040668,Shedeur Sanders,7,-112,1,401772964,6993,2026-01-04,13:00,60102,Zac Taylor,-455,00-0036442,Joe Burrow,7,-108,Home,,2026010403,-102,0,28676,202601040cin,Alex Kemp,-2,outdoors,9.5,Paycor Stadium,CIN00,fieldturf,37,38,47.5,-118,Sunday,0
2025_18_DAL_NYG,2026-01-04,2025,18,REG,DAL,NYG,17,34,Brian Schottenheimer,-166,00-0033077,Dak Prescott,10,-115,1,401772963,7001,2026-01-04,13:00,60110,Brian Daboll,140,00-0040691,Jaxson Dart,7,-105,Home,,2026010411,-105,0,28684,202601040nyg,Adrian Hill,17,outdoors,-3,MetLife Stadium,NYC01,fieldturf,33,51,50.5,-115,Sunday,7
2025_18_DET_CHI,2026-01-04,2025,18,REG,DET,CHI,19,16,Dan Campbell,150,00-0033106,Jared Goff,10,-110,1,401772965,6992,2026-01-04,16:25,60101,Ben Johnson,-180,00-0039918,Caleb Williams,7,-110,Home,,2026010402,-105,0,28675,202601040chi,Brad Rogers,-3,outdoors,3.5,Soldier Field,CHI98,grass,33,35,51.5,-115,Sunday,4
2025_18_GB_MIN,2026-01-04,2025,18,REG,GB,MIN,3,16,Matt LaFleur,470,00-0038582,Clayton Tune,8,-108,1,401772968,6999,2026-01-04,13:00,60108,Kevin O'Connell,-650,00-0039923,J.J. McCarthy,10,-112,Home,,2026010409,-102,0,28682,202601040min,John Hussey,13,dome,12.5,U.S. Bank Stadium,MIN01,sportturf,,19,37.5,-118,Sunday,
2025_18_IND_HOU,2026-01-04,2025,18,REG,IND,HOU,30,38,Shane Steichen,400,00-0040206,Riley Leonard,7,-110,1,401772962,6995,2026-01-04,13:00,60104,DeMeco Ryans,-535,00-0039163,C.J. Stroud,8,-110,Home,,2026010405,-112,0,28678,202601040htx,Land Clark,8,closed,9.5,NRG Stadium,HOU00,astroturf,,68,37.5,-108,Sunday,
2025_18_KC_LV,2026-01-04,2025,18,REG,KC,LV,12,14,Andy Reid,-225,00-0037324,Chris Oladokun,10,-112,1,401772957,6998,2026-01-04,16:25,60107,Pete Carroll,185,00-0038102,Kenny Pickett,7,-108,Home,,2026010408,-102,0,28680,202601040rai,Craig Wrolstad,2,dome,-3.5,Allegiant Stadium,VEG00,grass,,26,36.5,-118,Sunday,
2025_18_LAC_DEN,2026-01-04,2025,18,REG,LAC,DEN,3,19,Jim Harbaugh,900,00-0037012,Trey Lance,8,-108,1,401772956,6994,2026-01-04,16:25,60103,Sean Payton,-1600,00-0039732,Bo Nix,10,-112,Home,,2026010404,-115,0,28677,202601040den,Clete Blakeman,16,outdoors,14.5,Empower Field at Mile High,DEN00,grass,66,22,37.5,-105,Sunday,8
2025_18_MIA_NE,2026-01-04,2025,18,REG,MIA,NE,10,38,Mike McDaniel,650,00-0040234,Quinn Ewers,7,-112,1,401772958,7000,2026-01-04,16:25,60109,Mike Vrabel,-1000,00-0039851,Drake Maye,7,-108,Home,,2026010410,-108,0,28683,202601040nwe,Clay Martin,28,outdoors,14,Gillette Stadium,BOS00,fieldturf,29,48,44.5,-112,Sunday,6
2025_18_NO_ATL,2026-01-04,2025,18,REG,NO,ATL,17,19,Kellen Moore,170,00-0040743,Tyler Shough,7,-115,1,401772966,6990,2026-01-04,13:00,60099,Raheem Morris,-205,00-0029604,Kirk Cousins,6,-105,Home,,2026010400,-108,0,28689,202601040atl,Ron Torbert,2,closed,4.5,Mercedes-Benz Stadium,ATL97,fieldturf,,36,43.5,-112,Sunday,
2025_18_NYJ_BUF,2026-01-04,2025,18,REG,NYJ,BUF,8,35,Aaron Glenn,550,00-0040398,Brady Cook,7,-112,1,401772967,6991,2026-01-04,16:25,60100,Sean McDermott,-800,00-0033869,Mitchell Trubisky,7,-108,Home,,2026010401,-105,0,28674,202601040buf,Alan Eck,27,outdoors,12.5,New Era Field,BUF00,a_turf,27,43,39.5,-115,Sunday,13
2025_18_TEN_JAX,2026-01-04,2025,18,REG,TEN,JAX,7,41,Brian Callahan,525,00-0040676,Cam Ward,7,-110,1,401772970,6996,2026-01-04,13:00,60105,Liam Coen,-750,00-0036971,Trevor Lawrence,7,-110,Home,,2026010406,-108,0,28679,202601040jax,Scott Novak,34,outdoors,12.5,TIAA Bank Stadium,JAX00,grass,55,48,46.5,-112,Sunday,8
2025_18_WAS_PHI,2026-01-04,2025,18,REG,WAS,PHI,24,17,Dan Quinn,150,00-0026300,Josh Johnson,10,-105,1,401772959,7002,2026-01-04,16:25,60111,Nick Sirianni,-180,00-0038400,Tanner McKee,7,-115,Home,,2026010412,-112,0,28685,202601040phi,Shawn Hochuli,-7,outdoors,3,Lincoln Financial Field,PHI00,grass,35,41,38.5,-108,Sunday,9
2025_19_GB_CHI,2026-01-10,2025,19,WC,GB,CHI,27,31,Matt LaFleur,-135,00-0036264,Jordan Love,6,-108,1,401772981,7007,2026-01-10,20:00,60165,Ben Johnson,114,00-0039918,Caleb Williams,6,-112,Home,,2026011001,-105,0,,202601100chi,Adrian Hill,4,outdoors,-2.5,Soldier Field,CHI98,grass,32,58,45.5,-115,Saturday,6
2025_19_LA_CAR,2026-01-10,2025,19,WC,LA,CAR,34,31,Sean McVay,-550,00-0026498,Matthew Stafford,6,-108,0,401772979,7006,2026-01-10,16:30,60164,Dave Canales,410,00-0039150,Bryce Young,7,-112,Home,,2026011000,-112,0,,202601100car,Clete Blakeman,-3,outdoors,-10,Bank of America Stadium,CAR00,grass,72,65,44.5,-108,Saturday,16
2025_19_BUF_JAX,2026-01-11,2025,19,WC,BUF,JAX,27,24,Sean McDermott,102,00-0034857,Josh Allen,7,-110,0,401772977,7008,2026-01-11,13:00,60166,Liam Coen,-122,00-0036971,Trevor Lawrence,7,-110,Home,,2026011100,-108,0,,202601110jax,Brad Allen,-3,outdoors,1.5,TIAA Bank Stadium,JAX00,grass,62,51,51.5,-112,Sunday,6
2025_19_LAC_NE,2026-01-11,2025,19,WC,LAC,NE,3,16,Jim Harbaugh,164,00-0036355,Justin Herbert,7,-105,0,401772978,7010,2026-01-11,20:00,60168,Mike Vrabel,-198,00-0039851,Drake Maye,7,-115,Home,,2026011102,-112,0,,202601110nwe,Ron Torbert,13,outdoors,3.5,Gillette Stadium,BOS00,fieldturf,35,19,45.5,-108,Sunday,10
2025_19_SF_PHI,2026-01-11,2025,19,WC,SF,PHI,23,19,Kyle Shanahan,215,00-0037834,Brock Purdy,8,-115,0,401772980,7009,2026-01-11,16:30,60167,Nick Sirianni,-265,00-0036389,Jalen Hurts,7,-105,Home,,2026011101,-105,0,,202601110phi,Alan Eck,-4,outdoors,6,Lincoln Financial Field,PHI00,grass,46,42,44.5,-115,Sunday,22
2025_19_HOU_PIT,2026-01-12,2025,19,WC,HOU,PIT,30,6,DeMeco Ryans,-155,00-0039163,C.J. Stroud,8,-105,0,401772976,7011,2026-01-12,20:00,60169,Mike Tomlin,130,00-0023459,Aaron Rodgers,8,-115,Home,,2026011200,-105,0,,202601120pit,Craig Wrolstad,-24,outdoors,-3,Acrisure Stadium,PIT00,grass,32,36,38.5,-115,Monday,9
2025_20_BUF_DEN,2026-01-17,2025,20,DIV,BUF,DEN,30,33,Sean McDermott,100,00-0034857,Josh Allen,6,-112,0,401772982,7012,2026-01-17,16:30,60170,Sean Payton,-120,00-0039732,Bo Nix,13,-108,Home,,2026011700,-108,1,,202601170den,Carl Cheffers,3,outdoors,1.5,Empower Field at Mile High,DEN00,grass,36,63,45.5,-112,Saturday,5
2025_20_SF_SEA,2026-01-17,2025,20,DIV,SF,SEA,6,41,Kyle Shanahan,245,00-0037834,Brock Purdy,6,-102,1,401772984,7013,2026-01-17,20:00,60171,Mike Macdonald,-305,00-0034869,Sam Darnold,14,-118,Home,,2026011701,-102,0,,202601170sea,John Hussey,35,outdoors,6.5,Lumen Field,SEA00,fieldturf,46,47,44.5,-118,Saturday,5
2025_20_HOU_NE,2026-01-18,2025,20,DIV,HOU,NE,16,28,DeMeco Ryans,150,00-0039163,C.J. Stroud,6,102,0,401772983,7014,2026-01-18,15:00,60173,Mike Vrabel,-180,00-0039851,Drake Maye,7,-122,Home,,2026011801,-115,0,,202601180nwe,Shawn Smith,12,outdoors,3,Gillette Stadium,BOS00,fieldturf,35,44,40.5,-105,Sunday,2
2025_20_LA_CHI,2026-01-18,2025,20,DIV,LA,CHI,20,17,Sean McVay,-205,00-0026498,Matthew Stafford,8,-118,0,401772985,7015,2026-01-18,18:30,60172,Ben Johnson,170,00-0039918,Caleb Williams,8,-102,Home,,2026011800,-110,1,,202601180chi,Shawn Hochuli,-3,outdoors,-3.5,Soldier Field,CHI98,grass,19,37,49.5,-110,Sunday,6
2025_21_LA_SEA,2026-01-25,2025,21,CON,LA,SEA,27,31,Sean McVay,120,00-0026498,Matthew Stafford,7,-115,1,401772987,7017,2026-01-25,18:30,60175,Mike Macdonald,-142,00-0034869,Sam Darnold,8,-105,Home,,2026012501,-115,0,,202601250sea,Clay Martin,4,outdoors,2.5,Lumen Field,SEA00,fieldturf,41,58,45.5,-105,Sunday,2
2025_21_NE_DEN,2026-01-25,2025,21,CON,NE,DEN,10,7,Mike Vrabel,-205,00-0039851,Drake Maye,7,-115,0,401772986,7016,2026-01-25,15:00,60174,Sean Payton,170,00-0035264,Jarrett Stidham,8,-105,Home,,2026012500,-102,0,,202601250den,Alex Kemp,-3,outdoors,-3.5,Empower Field at Mile High,DEN00,grass,26,17,43.5,-118,Sunday,10
2025_22_SEA_NE,2026-02-08,2025,22,SB,SEA,NE,29,13,Mike Macdonald,-238,00-0034869,Sam Darnold,14,-115,0,401772988,7018,2026-02-08,18:30,60176,Mike Vrabel,195,00-0039851,Drake Maye,14,-105,Neutral,,2026020800,-105,0,,202602080nwe,Shawn Smith,-16,outdoors,-4.5,Levi's Stadium,SFO01,grass,67,42,45.5,-115,Sunday,7
2026_01_NE_SEA,2026-09-09,2026,1,REG,NE,SEA,10,13,Mike Vrabel,140,00-0039851,Drake Maye,7,-102,0,401872656,7019,2026-09-09,20:20,60178,Mike Macdonald,-166,00-0034869,Sam Darnold,7,-118,Home,,2026090900,-108,0,30606,202609090sea,Adrian Hill,3,outdoors,3,Lumen Field,SEA00,fieldturf,74,23,44.5,-112,Wednesday,6
2026_01_SF_LA,2026-09-10,2026,1,REG,SF,LA,27,7,Kyle Shanahan,180,00-0037834,Brock Purdy,7,-105,1,401872657,7020,2026-09-10,20:35,60179,Sean McVay,-218,00-0026498,Matthew Stafford,7,-115,Neutral,,2026091100,-115,0,30607,202609100ram,Alex Kemp,-20,dome,3.5,Melbourne Cricket Ground,MEL00,grass,57,34,47.5,-105,Thursday,4
2026_01_ARI_LAC,2026-09-13,2026,1,REG,ARI,LAC,26,14,Jonathan Gannon,350,00-0033119,Jacoby Brissett,7,-102,0,401872926,7029,2026-09-13,16:25,60188,Jim Harbaugh,-455,00-0036355,Justin Herbert,7,-118,Home,,2026091308,-102,0,30617,202609130sdg,Ron Torbert,-12,dome,8.5,SoFi Stadium,LAX01,matrixturf,,40,47.5,-118,Sunday,
2026_01_ATL_PIT,2026-09-13,2026,1,REG,ATL,PIT,13,20,Raheem Morris,240,00-0033662,Cooper Rush,7,-108,0,401872658,7027,2026-09-13,13:00,60186,Mike McCarthy,-298,00-0023459,Aaron Rodgers,7,-112,Home,,2026091306,-112,0,30615,202609130pit,Brad Rogers,7,outdoors,6.5,Acrisure Stadium,PIT00,grass,77,33,40.5,-108,Sunday,4
2026_01_BAL_IND,2026-09-13,2026,1,REG,BAL,IND,41,23,Jesse Minter,-162,00-0034796,Lamar Jackson,7,-108,0,401872659,7025,2026-09-13,13:00,60184,Shane Steichen,136,00-0035710,Daniel Jones,7,-112,Home,,2026091304,-102,0,30613,202609130clt,Scott Novak,-18,closed,-3,Lucas Oil Stadium,IND00,fieldturf,,64,48.5,-118,Sunday,
2026_01_BUF_HOU,2026-09-13,2026,1,REG,BUF,HOU,36,31,Sean McDermott,-112,00-0034857,Josh Allen,7,-105,0,401872660,7024,2026-09-13,13:00,60183,DeMeco Ryans,-108,00-0039163,C.J. Stroud,7,-115,Home,,2026091303,-110,0,30612,202609130htx,Alex Moore,-5,closed,-1.5,Reliant Stadium,HOU00,astroturf,,67,44.5,-110,Sunday,
2026_01_CHI_CAR,2026-09-13,2026,1,REG,CHI,CAR,59,37,Ben Johnson,-166,00-0039918,Caleb Williams,7,-112,0,401872661,7021,2026-09-13,13:00,60180,Dave Canales,140,00-0039150,Bryce Young,7,-108,Home,,2026091300,-105,0,30609,202609130car,Brad Allen,-22,outdoors,-3,Bank of America Stadium,CAR00,grass,89,96,47.5,-115,Sunday,2
2026_01_CLE_JAX,2026-09-13,2026,1,REG,CLE,JAX,10,34,Todd Monken,360,00-0033537,Deshaun Watson,7,-105,0,401872922,7026,2026-09-13,13:00,60185,Liam Coen,-470,00-0036971,Trevor Lawrence,7,-115,Home,,2026091305,-102,0,30614,202609130jax,Craig Wrolstad,24,outdoors,8.5,EverBank Stadium,JAX00,grass,89,44,40.5,-118,Sunday,3
2026_01_DAL_NYG,2026-09-13,2026,1,REG,DAL,NYG,20,28,Brian Schottenheimer,-166,00-0033077,Dak Prescott,7,-112,1,401872930,7033,2026-09-13,20:20,60192,John Harbaugh,140,00-0040691,Jaxson Dart,7,-108,Home,,2026091312,-115,0,30608,202609130nyg,Carl Cheffers,8,outdoors,-3,MetLife Stadium,NYC01,fieldturf,80,48,47.5,-105,Sunday,7
2026_01_GB_MIN,2026-09-13,2026,1,REG,GB,MIN,22,39,Matt LaFleur,105,00-0036264,Jordan Love,7,-105,1,401872927,7031,2026-09-13,16:25,60190,Kevin O'Connell,-125,00-0035228,Kyler Murray,7,-115,Home,,2026091310,-102,0,30619,202609130min,Shawn Hochuli,17,dome,1.5,U.S. Bank Stadium,MIN01,sportturf,,61,46.5,-118,Sunday,
2026_01_MIA_LV,2026-09-13,2026,1,REG,MIA,LV,13,27,Jeff Hafley,142,00-0038128,Malik Willis,7,-110,0,401872928,7030,2026-09-13,16:25,60189,Klint Kubliak,-170,00-0029604,Kirk Cousins,7,-110,Home,,2026091309,-110,0,30618,202609130rai,Clete Blakeman,14,dome,3,Allegiant Stadium,VEG00,grass,,40,40.5,-110,Sunday,
2026_01_NO_DET,2026-09-13,2026,1,REG,NO,DET,30,31,Kellen Moore,260,00-0040743,Tyler Shough,7,-110,0,401872923,7023,2026-09-13,13:00,60182,Dan Campbell,-325,00-0033106,Jared Goff,7,-110,Home,,2026091302,-115,1,30611,202609130det,Alan Eck,1,dome,7,Ford Field,DET00,fieldturf,,61,49.5,-105,Sunday,
2026_01_NYJ_TEN,2026-09-13,2026,1,REG,NYJ,TEN,23,10,Aaron Glenn,-102,00-0030565,Geno Smith,7,-115,0,401872924,7028,2026-09-13,13:00,60187,Robert Saleh,-118,00-0040676,Cam Ward,7,-105,Home,,2026091307,-110,0,30616,202609130oti,Land Clark,-13,outdoors,1.5,Nissan Stadium,NAS00,grass,90,33,39.5,-110,Sunday,2
2026_01_TB_CIN,2026-09-13,2026,1,REG,TB,CIN,27,33,Todd Bowles,170,00-0034855,Baker Mayfield,7,-102,0,401872925,7022,2026-09-13,13:00,60181,Zac Taylor,-205,00-0036442,Joe Burrow,7,-118,Home,,2026091301,-108,0,30610,202609130cin,John Hussey,6,outdoors,3.5,Paycor Stadium,CIN00,fieldturf,85,60,50.5,-112,Sunday,7
2026_01_WAS_PHI,2026-09-13,2026,1,REG,WAS,PHI,22,24,Dan Quinn,200,00-0039910,Jayden Daniels,7,-110,1,401872929,7032,2026-09-13,16:25,60191,Nick Sirianni,-245,00-0036389,Jalen Hurts,7,-110,Home,,2026091311,-115,0,30620,202609130phi,Shawn Smith,2,outdoors,6,Lincoln Financial Field,PHI00,grass,82,46,43.5,-105,Sunday,7
2026_01_DEN_KC,2026-09-14,2026,1,REG,DEN,KC,10,31,Sean Payton,110,00-0039732,Bo Nix,7,-112,1,401872931,7034,2026-09-14,20:15,60193,Andy Reid,-130,00-0033873,Patrick Mahomes,7,-108,Home,,2026091400,-110,0,30621,202609140kan,Clay Martin,21,outdoors,2.5,GEHA Field at Arrowhead Stadium,KAN00,grass,91,41,42.5,-110,Monday,13
2026_02_DET_BUF,2026-09-17,2026,2,REG,DET,BUF,31,41,Dan Campbell,195,00-0033106,Jared Goff,4,-115,0,401872932,7035,2026-09-17,20:15,60194,Sean McDermott,-238,00-0034857,Josh Allen,4,-105,Home,,2026091700,-118,0,30635,202609170buf,Ron Torbert,10,outdoors,5.5,Highmark Stadium,BUF00,grass,67,72,54.5,-102,Thursday,4
2026_02_CAR_ATL,2026-09-20,2026,2,REG,CAR,ATL,34,3,Dave Canales,-155,00-0039150,Bryce Young,7,-120,1,401872933,7036,2026-09-20,13:00,60195,Raheem Morris,130,00-0036212,Tua Tagovailoa,7,100,Home,,2026092000,-110,0,30622,202609200atl,Alex Moore,-31,closed,-2.5,Mercedes-Benz Stadium,ATL97,fieldturf,,37,43.5,-110,Sunday,
2026_02_CIN_HOU,2026-09-20,2026,2,REG,CIN,HOU,20,6,Zac Taylor,124,00-0036442,Joe Burrow,7,-118,0,401872934,7039,2026-09-20,13:00,60198,DeMeco Ryans,-148,00-0039163,C.J. Stroud,7,-102,Home,,2026092003,-110,0,30625,202609200htx,Adrian Hill,-14,closed,3,Reliant Stadium,HOU00,astroturf,,26,45.5,-110,Sunday,
2026_02_CLE_TB,2026-09-20,2026,2,REG,CLE,TB,23,19,Todd Monken,330,00-0033537,Deshaun Watson,7,-115,0,401872935,7042,2026-09-20,13:00,60201,Todd Bowles,-425,00-0034855,Baker Mayfield,7,-105,Home,,2026092006,-108,0,30628,202609200tam,Brad Rogers,-4,outdoors,8.5,Raymond James Stadium,TAM00,grass,86,42,41.5,-112,Sunday,4
2026_02_GB_NYJ,2026-09-20,2026,2,REG,GB,NYJ,20,17,Matt LaFleur,-185,00-0036264,Jordan Love,7,-108,0,401872936,7041,2026-09-20,13:00,60200,Aaron Glenn,154,00-0030565,Geno Smith,7,-112,Home,,2026092005,-110,1,30627,202609200nyj,Scott Novak,-3,outdoors,-3.5,MetLife Stadium,NYC01,fieldturf,69,37,44.5,-110,Sunday,7
2026_02_IND_KC,2026-09-20,2026,2,REG,IND,KC,30,33,Shane Steichen,215,00-0035710,Daniel Jones,7,-112,0,401872945,7049,2026-09-20,20:20,60208,Andy Reid,-265,00-0033873,Patrick Mahomes,6,-108,Home,,2026092013,-102,1,30636,202609200kan,Craig Wrolstad,3,outdoors,6,GEHA Field at Arrowhead Stadium,KAN00,grass,71,63,46.5,-118,Sunday,10
2026_02_JAX_DEN,2026-09-20,2026,2,REG,JAX,DEN,13,20,Liam Coen,124,00-0036971,Trevor Lawrence,7,-105,0,401872940,7044,2026-09-20,16:05,60203,Sean Payton,-148,00-0039732,Bo Nix,6,-115,Home,,2026092008,-110,0,30630,202609200den,John Hussey,7,outdoors,2.5,Empower Field at Mile High,DEN00,grass,73,33,45.5,-110,Sunday,12
2026_02_LV_LAC,2026-09-20,2026,2,REG,LV,LAC,26,14,Klint Kubliak,260,00-0029604,Kirk Cousins,7,102,1,401872941,7045,2026-09-20,16:05,60204,Jim Harbaugh,-325,00-0036355,Justin Herbert,7,-122,Home,,2026092009,-110,0,30631,202609200sdg,Bill Vinovich,-12,dome,6.5,SoFi Stadium,LAX01,matrixturf,,40,43.5,-110,Sunday,
2026_02_MIA_SF,2026-09-20,2026,2,REG,MIA,SF,13,35,Jeff Hafley,600,00-0038128,Malik Willis,7,-105,0,401872942,7048,2026-09-20,16:25,60207,Kyle Shanahan,-900,00-0037834,Brock Purdy,10,-115,Home,,2026092012,-115,0,30634,202609200sfo,Shawn Smith,22,outdoors,12.5,Levi's Stadium,SFO01,grass,69,48,44.5,-105,Sunday,5
2026_02_MIN_CHI,2026-09-20,2026,2,REG,MIN,CHI,9,3,Kevin O'Connell,180,00-0032950,Carson Wentz,7,-108,1,401872937,7038,2026-09-20,13:00,60197,Ben Johnson,-218,00-0039918,Caleb Williams,7,-112,Home,,2026092002,-115,0,30624,202609200chi,Land Clark,-6,outdoors,4.5,Soldier Field,CHI98,grass,68,12,46.5,-105,Sunday,8
2026_02_NO_BAL,2026-09-20,2026,2,REG,NO,BAL,24,17,Kellen Moore,295,00-0040743,Tyler Shough,7,-115,0,401872938,7037,2026-09-20,13:00,60196,Jesse Minter,-375,00-0034796,Lamar Jackson,7,-105,Home,,2026092001,-105,0,30623,202609200rav,Clete Blakeman,-7,outdoors,8.5,M&T Bank Stadium,BAL00,grass,79,41,45.5,-115,Sunday,10
2026_02_PHI_TEN,2026-09-20,2026,2,REG,PHI,TEN,24,20,Nick Sirianni,-325,00-0036389,Jalen Hurts,7,-115,0,401872939,7043,2026-09-20,13:00,60202,Robert Saleh,260,00-0040676,Cam Ward,7,-105,Home,,2026092007,-112,0,30629,202609200oti,Clay Martin,-4,outdoors,-7,Nissan Stadium,NAS00,grass,92,44,39.5,-108,Sunday,5
2026_02_PIT_NE,2026-09-20,2026,2,REG,PIT,NE,3,20,Mike McCarthy,185,00-0023459,Aaron Rodgers,7,-102,0,401872946,7040,2026-09-20,13:00,60199,Mike Vrabel,-225,00-0039851,Drake Maye,11,-118,Home,,2026092004,-105,0,30626,202609200nwe,Carl Cheffers,17,outdoors,4.5,Gillette Stadium,BOS00,fieldturf,63,23,41.5,-115,Sunday,7
2026_02_SEA_ARI,2026-09-20,2026,2,REG,SEA,ARI,31,7,Mike Macdonald,-218,00-0035704,Drew Lock,11,-120,1,401872943,7046,2026-09-20,16:25,60205,Jonathan Gannon,180,00-0033119,Jacoby Brissett,7,100,Home,,2026092010,-115,0,30632,202609200crd,Alan Eck,-24,closed,-3.5,State Farm Stadium,PHO00,grass,,38,40.5,-105,Sunday,
2026_02_WAS_DAL,2026-09-20,2026,2,REG,WAS,DAL,20,37,Dan Quinn,180,00-0039910,Jayden Daniels,7,100,1,401872944,7047,2026-09-20,16:25,60206,Brian Schottenheimer,-218,00-0033077,Dak Prescott,7,-120,Home,,2026092011,-105,0,30633,202609200dal,Shawn Hochuli,17,closed,3.5,AT&T Stadium,DAL00,matrixturf,,57,51.5,-115,Sunday,
2026_02_NYG_LA,2026-09-21,2026,2,REG,NYG,LA,6,28,John Harbaugh,240,00-0040691,Jaxson Dart,8,-105,0,401872947,7050,2026-09-21,20:15,60209,Sean McVay,-298,00-0026498,Matthew Stafford,11,-115,Home,,2026092100,-110,0,30637,202609210ram,Brad Allen,22,dome,6.5,SoFi Stadium,LAX01,matrixturf,,34,47.5,-110,Monday,
2026_03_ATL_GB,2026-09-24,2026,3,REG,ATL,GB,35,14,Raheem Morris,190,00-0039917,Michael Penix Jr.,4,-108,0,401872948,7051,2026-09-24,20:15,60210,Matt LaFleur,-230,00-0036264,Jordan Love,4,-112,Home,,2026092400,-102,0,30638,202609240gnb,Shawn Smith,-21,outdoors,4.5,Lambeau Field,GNB00,grass,61,49,43.5,-118,Thursday,5
2026_03_ARI_SF,2026-09-27,2026,3,REG,ARI,SF,30,36,Jonathan Gannon,310,00-0033119,Jacoby Brissett,7,-110,1,401872958,7061,2026-09-27,16:05,60220,Kyle Shanahan,-395,00-0037834,Brock Purdy,7,-110,Home,,2026092709,-112,0,30648,202609270sfo,Brad Allen,6,outdoors,7.5,Levi's Stadium,SFO01,grass,70,66,48.5,-108,Sunday,4
2026_03_BAL_DAL,2026-09-27,2026,3,REG,BAL,DAL,34,31,Jesse Minter,-170,00-0034796,Lamar Jackson,7,-120,0,401872960,7063,2026-09-27,16:25,60222,Brian Schottenheimer,142,00-0033077,Dak Prescott,7,100,Neutral,,2026092711,-120,0,30650,202609270dal,John Hussey,-3,open,-3,Maracana Stadium,RIO00,grass,77,65,53.5,100,Sunday,7
2026_03_CAR_CLE,2026-09-27,2026,3,REG,CAR,CLE,18,21,Dave Canales,-135,00-0039150,Bryce Young,7,-108,0,401872949,7053,2026-09-27,13:00,60212,Todd Monken,114,00-0033537,Deshaun Watson,7,-112,Home,,2026092701,-115,0,30640,202609270cle,Land Clark,3,outdoors,-2.5,Huntington Bank Field,CLE00,grass,68,39,41.5,-105,Sunday,12
2026_03_CIN_PIT,2026-09-27,2026,3,REG,CIN,PIT,27,30,Zac Taylor,-180,00-0036442,Joe Burrow,7,-102,1,401872950,7059,2026-09-27,13:00,60218,Mike McCarthy,150,00-0023459,Aaron Rodgers,7,-118,Home,,2026092707,-112,0,30646,202609270pit,Clay Martin,3,outdoors,-3.5,Acrisure Stadium,PIT00,grass,70,57,42.5,-108,Sunday,12
2026_03_HOU_IND,2026-09-27,2026,3,REG,HOU,IND,17,19,DeMeco Ryans,-125,00-0039163,C.J. Stroud,7,-112,1,401872951,7055,2026-09-27,13:00,60214,Shane Steichen,105,00-0035710,Daniel Jones,7,-108,Home,,2026092703,-115,0,30642,202609270clt,Ron Torbert,2,open,-1.5,Lucas Oil Stadium,IND00,fieldturf,,36,41.5,-105,Sunday,
2026_03_KC_MIA,2026-09-27,2026,3,REG,KC,MIA,24,10,Andy Reid,-600,00-0033873,Patrick Mahomes,7,-108,0,401872952,7057,2026-09-27,13:00,60216,Jeff Hafley,440,00-0038128,Malik Willis,7,-112,Home,,2026092705,-105,0,30644,202609270mia,Alex Moore,-14,outdoors,-10,Hard Rock Stadium,MIA00,grass,86,34,45.5,-115,Sunday,5
2026_03_LAC_BUF,2026-09-27,2026,3,REG,LAC,BUF,16,24,Jim Harbaugh,260,00-0036355,Justin Herbert,7,-108,0,401872953,7052,2026-09-27,13:00,60211,Sean McDermott,-325,00-0034857,Josh Allen,10,-112,Home,,2026092700,-105,0,30639,202609270buf,Clete Blakeman,8,outdoors,7,Highmark Stadium,BUF00,grass,68,40,50.5,-115,Sunday,12
2026_03_LA_DEN,2026-09-27,2026,3,REG,LA,DEN,26,30,Sean McVay,-108,00-0026498,Matthew Stafford,6,-122,0,401872962,7065,2026-09-27,20:20,60224,Sean Payton,-112,00-0039732,Bo Nix,7,102,Home,,2026092713,-115,0,30652,202609270den,Bill Vinovich,4,outdoors,1.5,Empower Field at Mile High,DEN00,grass,83,56,43.5,-105,Sunday,10
2026_03_LV_NO,2026-09-27,2026,3,REG,LV,NO,35,27,Klint Kubliak,160,00-0029604,Kirk Cousins,7,-112,0,401872961,7064,2026-09-27,16:25,60223,Kellen Moore,-192,00-0040743,Tyler Shough,7,-108,Home,,2026092712,-118,0,30651,202609270nor,Adrian Hill,-8,dome,3.5,Caesars Superdome,NOR00,sportturf,,62,43.5,-102,Sunday,
2026_03_MIN_TB,2026-09-27,2026,3,REG,MIN,TB,23,16,Kevin O'Connell,-112,00-0035228,Kyler Murray,7,-102,0,401872959,7062,2026-09-27,16:05,60221,Todd Bowles,-108,00-0034855,Baker Mayfield,7,-118,Home,,2026092710,-112,0,30649,202609270tam,Scott Novak,-7,outdoors,-1.5,Raymond James Stadium,TAM00,grass,84,39,42.5,-108,Sunday,7
2026_03_NE_JAX,2026-09-27,2026,3,REG,NE,JAX,6,35,Mike Vrabel,136,00-0039851,Drake Maye,7,-115,0,401872957,7056,2026-09-27,13:00,60215,Liam Coen,-162,00-0036971,Trevor Lawrence,7,-105,Home,,2026092704,-110,0,30643,202609270jax,Alex Kemp,29,outdoors,3,EverBank Stadium,JAX00,grass,80,41,46.5,-110,Sunday,7
2026_03_NYJ_DET,2026-09-27,2026,3,REG,NYJ,DET,24,31,Aaron Glenn,260,00-0030565,Geno Smith,7,-110,0,401872954,7054,2026-09-27,13:00,60213,Dan Campbell,-325,00-0033106,Jared Goff,10,-110,Home,,2026092702,-110,0,30641,202609270det,Brad Rogers,7,dome,7,Ford Field,DET00,fieldturf,,55,49.5,-110,Sunday,
2026_03_SEA_WAS,2026-09-27,2026,3,REG,SEA,WAS,31,33,Mike Macdonald,-410,00-0035704,Drew Lock,7,-105,0,401872955,7060,2026-09-27,13:00,60219,Dan Quinn,320,00-0039910,Jayden Daniels,7,-115,Home,,2026092708,-108,0,30647,202609270was,Carl Cheffers,2,outdoors,-8.5,Northwest Stadium,WAS00,grass,63,64,40.5,-112,Sunday,13
2026_03_TEN_NYG,2026-09-27,2026,3,REG,TEN,NYG,7,12,Robert Saleh,110,00-0040676,Cam Ward,7,-110,0,401872956,7058,2026-09-27,13:00,60217,John Harbaugh,-130,00-0031503,Jameis Winston,6,-110,Home,,2026092706,-112,0,30645,202609270nyg,Alan Eck,5,outdoors,2.5,MetLife Stadium,NYC01,fieldturf,62,19,37.5,-108,Sunday,10
2026_03_PHI_CHI,2026-09-28,2026,3,REG,PHI,CHI,7,27,Nick Sirianni,-198,00-0036389,Jalen Hurts,8,-112,0,401872963,7066,2026-09-28,20:15,60225,Ben Johnson,164,00-0028986,Case Keenum,8,-108,Home,,2026092800,-108,0,30653,202609280chi,Shawn Hochuli,20,outdoors,-3.5,Soldier Field,CHI98,grass,64,34,42.5,-112,Monday,3
2026_04_PIT_CLE,2026-10-01,2026,4,REG,PIT,CLE,,,Mike McCarthy,-148,00-0023459,Aaron Rodgers,4,-120,1,401872964,7067,2026-10-01,20:15,,Todd Monken,124,00-0033537,Deshaun Watson,4,100,Home,,2026100100,-105,,,202610010cle,,,outdoors,-2.5,Huntington Bank Field,CLE00,grass,,,38.5,-115,Thursday,
2026_04_ARI_NYG,2026-10-04,2026,4,REG,ARI,NYG,,,Jonathan Gannon,-142,00-0033119,Jacoby Brissett,7,-112,0,401872966,7074,2026-10-04,13:00,,John Harbaugh,120,00-0031503,Jameis Winston,7,-108,Home,,2026100406,-108,,,202610040nyg,,,outdoors,-2.5,MetLife Stadium,NYC01,fieldturf,,,44.5,-112,Sunday,
2026_04_DAL_HOU,2026-10-04,2026,4,REG,DAL,HOU,,,Brian Schottenheimer,136,00-0033077,Dak Prescott,7,-108,0,401872967,7073,2026-10-04,13:00,,DeMeco Ryans,-162,00-0039163,C.J. Stroud,7,-112,Home,,2026100405,-105,,,202610040htx,,,,3,Reliant Stadium,HOU00,astroturf,,,48.5,-115,Sunday,
2026_04_DEN_SF,2026-10-04,2026,4,REG,DEN,SF,,,Sean Payton,124,00-0039732,Bo Nix,7,-120,0,401872975,7080,2026-10-04,16:25,,Kyle Shanahan,-148,00-0037834,Brock Purdy,7,100,Home,,2026100412,-110,,,202610040sfo,,,outdoors,3,Levi's Stadium,SFO01,grass,,,47.5,-110,Sunday,
2026_04_DET_CAR,2026-10-04,2026,4,REG,DET,CAR,,,Dan Campbell,-180,00-0033106,Jared Goff,7,-112,0,401872978,7081,2026-10-04,20:20,,Dave Canales,150,00-0039150,Bryce Young,7,-108,Home,,2026100413,-102,,,202610040car,,,outdoors,-3.5,Bank of America Stadium,CAR00,grass,,,51.5,-118,Sunday,
2026_04_GB_TB,2026-10-04,2026,4,REG,GB,TB,,,Matt LaFleur,-175,00-0036264,Jordan Love,10,-112,0,401872968,7076,2026-10-04,13:00,,Todd Bowles,145,00-0041251,Jalon Daniels,7,-108,Home,,2026100408,-112,,,202610040tam,,,outdoors,-3.5,Raymond James Stadium,TAM00,grass,,,38.5,-108,Sunday,
2026_04_IND_WAS,2026-10-04,2026,4,REG,IND,WAS,,,Shane Steichen,-192,00-0035710,Daniel Jones,7,-112,0,401872965,7068,2026-10-04,09:30,,Dan Quinn,160,00-0039910,Jayden Daniels,7,-108,Neutral,,2026100400,-108,,,202610040was,,,outdoors,-3.5,Tottenham Hotspur Stadium,LON02,grass,,,47.5,-112,Sunday,
2026_04_JAX_CIN,2026-10-04,2026,4,REG,JAX,CIN,,,Liam Coen,124,00-0036971,Trevor Lawrence,7,-105,0,401872969,7072,2026-10-04,13:00,,Zac Taylor,-148,00-0036442,Joe Burrow,7,-115,Home,,2026100404,-102,,,202610040cin,,,outdoors,2.5,Paycor Stadium,CIN00,fieldturf,,,51.5,-118,Sunday,
2026_04_KC_LV,2026-10-04,2026,4,REG,KC,LV,,,Andy Reid,-225,00-0033873,Patrick Mahomes,7,-112,1,401872976,7078,2026-10-04,16:25,,Klint Kubliak,185,00-0029604,Kirk Cousins,7,-108,Home,,2026100410,-115,,,202610040rai,,,dome,-4.5,Allegiant Stadium,VEG00,grass,,,47.5,-105,Sunday,
2026_04_LAC_SEA,2026-10-04,2026,4,REG,LAC,SEA,,,Jim Harbaugh,300,00-0036355,Justin Herbert,7,-105,0,401872977,7079,2026-10-04,16:25,,Mike Macdonald,-380,00-0035704,Drew Lock,7,-115,Home,,2026100411,-118,,,202610040sea,,,outdoors,7,Lumen Field,SEA00,fieldturf,,,42.5,-102,Sunday,
2026_04_LA_PHI,2026-10-04,2026,4,REG,LA,PHI,,,Sean McVay,-162,00-0026498,Matthew Stafford,7,-108,0,401872970,7075,2026-10-04,13:00,,Nick Sirianni,136,00-0036389,Jalen Hurts,6,-112,Home,,2026100407,-112,,,202610040phi,,,outdoors,-3,Lincoln Financial Field,PHI00,grass,,,43.5,-108,Sunday,
2026_04_MIA_MIN,2026-10-04,2026,4,REG,MIA,MIN,,,Jeff Hafley,470,00-0038128,Malik Willis,7,-112,0,401872974,7077,2026-10-04,16:05,,Kevin O'Connell,-650,00-0035228,Kyler Murray,7,-108,Home,,2026100409,-110,,,202610040min,,,dome,10.5,U.S. Bank Stadium,MIN01,sportturf,,,38.5,-110,Sunday,
2026_04_NE_BUF,2026-10-04,2026,4,REG,NE,BUF,,,Mike Vrabel,235,00-0039851,Drake Maye,7,100,1,401872971,7070,2026-10-04,13:00,,Sean McDermott,-290,00-0034857,Josh Allen,7,-120,Home,,2026100402,-110,,,202610040buf,,,outdoors,6.5,Highmark Stadium,BUF00,a_turf,,,48.5,-110,Sunday,
2026_04_NYJ_CHI,2026-10-04,2026,4,REG,NYJ,CHI,,,Aaron Glenn,145,00-0030565,Geno Smith,7,-115,0,401872972,7071,2026-10-04,13:00,,Ben Johnson,-175,00-0028986,Case Keenum,6,-105,Home,,2026100403,100,,,202610040chi,,,outdoors,3.5,Soldier Field,CHI98,grass,,,43.5,-120,Sunday,
2026_04_TEN_BAL,2026-10-04,2026,4,REG,TEN,BAL,,,Robert Saleh,500,00-0040676,Cam Ward,7,-112,0,401872973,7069,2026-10-04,13:00,,Jesse Minter,-700,00-0034796,Lamar Jackson,7,-108,Home,,2026100401,-115,,,202610040rav,,,outdoors,11.5,M&T Bank Stadium,BAL00,grass,,,42.5,-105,Sunday,
2026_04_ATL_NO,2026-10-05,2026,4,REG,ATL,NO,,,Raheem Morris,124,00-0039917,Michael Penix Jr.,11,-102,1,401872979,7082,2026-10-05,20:15,,Kellen Moore,-148,00-0040743,Tyler Shough,8,-118,Home,,2026100500,-112,,,202610050nor,,,dome,2.5,Caesars Superdome,NOR00,sportturf,,,47.5,-108,Monday,
2026_05_TB_DAL,2026-10-08,2026,5,REG,TB,DAL,,,Todd Bowles,390,00-0041251,Jalon Daniels,4,-110,0,401872980,7083,2026-10-08,20:15,,Brian Schottenheimer,-520,00-0033077,Dak Prescott,4,-110,Home,,2026100800,-110,,,202610080dal,,,,9.5,AT&T Stadium,DAL00,matrixturf,,,47.5,-110,Thursday,
2026_05_BAL_ATL,2026-10-11,2026,5,REG,BAL,ATL,,,Jesse Minter,-278,00-0034796,Lamar Jackson,7,-110,0,401872993,7096,2026-10-11,20:20,,Raheem Morris,225,00-0039917,Michael Penix Jr.,6,-110,Home,,2026101112,-110,,,202610110atl,,,,-6,Mercedes-Benz Stadium,ATL97,fieldturf,,,49.5,-110,Sunday,
2026_05_CHI_GB,2026-10-11,2026,5,REG,CHI,GB,,,Ben Johnson,114,00-0028986,Case Keenum,7,-110,1,401872990,7094,2026-10-11,13:00,,Matt LaFleur,-135,00-0036264,Jordan Love,7,-110,Home,,2026101110,-110,,,202610110gnb,,,outdoors,2.5,Lambeau Field,GNB00,grass,,,45.5,-110,Sunday,
2026_05_CIN_MIA,2026-10-11,2026,5,REG,CIN,MIA,,,Zac Taylor,-455,00-0036442,Joe Burrow,7,-110,0,401872982,7085,2026-10-11,13:00,,Jeff Hafley,350,00-0038128,Malik Willis,7,-110,Home,,2026101101,-110,,,202610110mia,,,outdoors,-8.5,Hard Rock Stadium,MIA00,grass,,,46.5,-110,Sunday,
2026_05_CLE_NYJ,2026-10-11,2026,5,REG,CLE,NYJ,,,Todd Monken,120,00-0033537,Deshaun Watson,10,-105,0,401872983,7088,2026-10-11,13:00,,Aaron Glenn,-142,00-0030565,Geno Smith,7,-115,Home,,2026101104,-110,,,202610110nyj,,,outdoors,2.5,MetLife Stadium,NYC01,fieldturf,,,39.5,-110,Sunday,
2026_05_DEN_LAC,2026-10-11,2026,5,REG,DEN,LAC,,,Sean Payton,-135,00-0039732,Bo Nix,7,-110,1,401872989,7092,2026-10-11,16:05,,Jim Harbaugh,114,00-0036355,Justin Herbert,7,-110,Home,,2026101108,-110,,,202610110sdg,,,dome,-2.5,SoFi Stadium,LAX01,matrixturf,,,43.5,-110,Sunday,
2026_05_DET_ARI,2026-10-11,2026,5,REG,DET,ARI,,,Dan Campbell,-245,00-0033106,Jared Goff,7,-110,0,401872991,7093,2026-10-11,16:25,,Jonathan Gannon,200,00-0033119,Jacoby Brissett,7,-110,Home,,2026101109,-110,,,202610110crd,,,,-5.5,State Farm Stadium,PHO00,grass,,,52.5,-110,Sunday,
2026_05_HOU_TEN,2026-10-11,2026,5,REG,HOU,TEN,,,DeMeco Ryans,-298,00-0039163,C.J. Stroud,7,-110,1,401872984,7090,2026-10-11,13:00,,Robert Saleh,240,00-0040676,Cam Ward,7,-110,Home,,2026101106,-110,,,202610110oti,,,outdoors,-6.5,Nissan Stadium,NAS00,grass,,,39.5,-110,Sunday,
2026_05_IND_PIT,2026-10-11,2026,5,REG,IND,PIT,,,Shane Steichen,114,00-0035710,Daniel Jones,7,-110,0,401872985,7089,2026-10-11,13:00,,Mike McCarthy,-135,00-0023459,Aaron Rodgers,10,-110,Home,,2026101105,-110,,,202610110pit,,,outdoors,2.5,Acrisure Stadium,PIT00,grass,,,44.5,-110,Sunday,
2026_05_LV_NE,2026-10-11,2026,5,REG,LV,NE,,,Klint Kubliak,160,00-0029604,Kirk Cousins,7,-105,0,401872986,7086,2026-10-11,13:00,,Mike Vrabel,-192,00-0039851,Drake Maye,7,-115,Home,,2026101102,-105,,,202610110nwe,,,outdoors,3.5,Gillette Stadium,BOS00,fieldturf,,,44.5,-115,Sunday,
2026_05_MIN_NO,2026-10-11,2026,5,REG,MIN,NO,,,Kevin O'Connell,-142,00-0035228,Kyler Murray,7,-110,0,401872987,7087,2026-10-11,13:00,,Kellen Moore,120,00-0040743,Tyler Shough,6,-110,Home,,2026101103,-115,,,202610110nor,,,dome,-2.5,Caesars Superdome,NOR00,sportturf,,,44.5,-105,Sunday,
2026_05_NYG_WAS,2026-10-11,2026,5,REG,NYG,WAS,,,John Harbaugh,120,00-0031503,Jameis Winston,7,-102,1,401872988,7091,2026-10-11,13:00,,Dan Quinn,-142,00-0039910,Jayden Daniels,7,-118,Home,,2026101107,-110,,,202610110was,,,outdoors,2.5,Northwest Stadium,WAS00,grass,,,43.5,-110,Sunday,
2026_05_PHI_JAX,2026-10-11,2026,5,REG,PHI,JAX,,,Nick Sirianni,124,00-0036389,Jalen Hurts,7,-105,0,401872981,7084,2026-10-11,09:30,,Liam Coen,-148,00-0036971,Trevor Lawrence,7,-115,Home,,2026101100,-110,,,202610110jax,,,outdoors,2.5,Tottenham Hotspur Stadium,JAX00,grass,,,44.5,-110,Sunday,
2026_05_SF_SEA,2026-10-11,2026,5,REG,SF,SEA,,,Kyle Shanahan,150,00-0037834,Brock Purdy,7,-105,1,401872992,7095,2026-10-11,16:25,,Mike Macdonald,-180,00-0035704,Drew Lock,7,-115,Home,,2026101111,-110,,,202610110sea,,,outdoors,3,Lumen Field,SEA00,fieldturf,,,47.5,-110,Sunday,
2026_05_BUF_LA,2026-10-12,2026,5,REG,BUF,LA,,,Sean McDermott,110,00-0034857,Josh Allen,8,-105,0,401872994,7097,2026-10-12,20:15,,Sean McVay,-130,00-0026498,Matthew Stafford,8,-115,Home,,2026101200,-110,,,202610120ram,,,dome,1.5,SoFi Stadium,LAX01,matrixturf,,,52.5,-110,Monday,
2026_06_SEA_DEN,2026-10-15,2026,6,REG,SEA,DEN,,,Mike Macdonald,,,,4,,0,401872995,7098,2026-10-15,20:15,,Sean Payton,,,,4,,Home,,2026101500,,,,202610150den,,,outdoors,,Empower Field at Mile High,DEN00,grass,,,,,Thursday,
2026_06_ARI_LA,2026-10-18,2026,6,REG,ARI,LA,,,Jonathan Gannon,,,,7,,1,401873004,7107,2026-10-18,16:05,,Sean McVay,,,,6,,Home,,2026101808,,,,202610180ram,,,dome,,SoFi Stadium,LAX01,matrixturf,,,,,Sunday,
2026_06_BAL_CLE,2026-10-18,2026,6,REG,BAL,CLE,,,Jesse Minter,,,,7,,1,401872997,7101,2026-10-18,13:00,,Todd Monken,,,,7,,Home,,2026101802,,,,202610180cle,,,outdoors,,Huntington Bank Field,CLE00,grass,,,,,Sunday,
2026_06_BUF_LV,2026-10-18,2026,6,REG,BUF,LV,,,Sean McDermott,,,,6,,0,401873005,7109,2026-10-18,16:25,,Klint Kubliak,,,,7,,Home,,2026101810,,,,202610180rai,,,dome,,Allegiant Stadium,VEG00,grass,,,,,Sunday,
2026_06_CAR_PHI,2026-10-18,2026,6,REG,CAR,PHI,,,Dave Canales,,,,14,,0,401872998,7105,2026-10-18,13:00,,Nick Sirianni,,,,7,,Home,,2026101806,,,,202610180phi,,,outdoors,,Lincoln Financial Field,PHI00,grass,,,,,Sunday,
2026_06_CHI_ATL,2026-10-18,2026,6,REG,CHI,ATL,,,Ben Johnson,,,,7,,0,401872999,7100,2026-10-18,13:00,,Raheem Morris,,,,7,,Home,,2026101801,,,,202610180atl,,,,,Mercedes-Benz Stadium,ATL97,fieldturf,,,,,Sunday,
2026_06_DAL_GB,2026-10-18,2026,6,REG,DAL,GB,,,Brian Schottenheimer,,,,10,,0,401873007,7110,2026-10-18,20:20,,Matt LaFleur,,,,7,,Home,,2026101811,,,,202610180gnb,,,outdoors,,Lambeau Field,GNB00,grass,,,,,Sunday,
2026_06_HOU_JAX,2026-10-18,2026,6,REG,HOU,JAX,,,DeMeco Ryans,,,,7,,1,401872996,7099,2026-10-18,09:30,,Liam Coen,,,,7,,Neutral,,2026101800,,,,202610180jax,,,outdoors,,Wembley Stadium,LON00,grass,,,,,Sunday,
2026_06_LAC_KC,2026-10-18,2026,6,REG,LAC,KC,,,Jim Harbaugh,,,,7,,1,401873006,7108,2026-10-18,16:25,,Andy Reid,,,,14,,Home,,2026101809,,,,202610180kan,,,outdoors,,GEHA Field at Arrowhead Stadium,KAN00,grass,,,,,Sunday,
2026_06_NO_NYG,2026-10-18,2026,6,REG,NO,NYG,,,Kellen Moore,,,,7,,0,401873000,7104,2026-10-18,13:00,,John Harbaugh,,,,7,,Home,,2026101805,,,,202610180nyg,,,outdoors,,MetLife Stadium,NYC01,fieldturf,,,,,Sunday,
2026_06_NYJ_NE,2026-10-18,2026,6,REG,NYJ,NE,,,Aaron Glenn,,,,7,,1,401873001,7103,2026-10-18,13:00,,Mike Vrabel,,,,7,,Home,,2026101804,,,,202610180nwe,,,outdoors,,Gillette Stadium,BOS00,fieldturf,,,,,Sunday,
2026_06_PIT_TB,2026-10-18,2026,6,REG,PIT,TB,,,Mike McCarthy,,,,7,,0,401873002,7106,2026-10-18,13:00,,Todd Bowles,,,,10,,Home,,2026101807,,,,202610180tam,,,outdoors,,Raymond James Stadium,TAM00,grass,,,,,Sunday,
2026_06_TEN_IND,2026-10-18,2026,6,REG,TEN,IND,,,Robert Saleh,,,,7,,1,401873003,7102,2026-10-18,13:00,,Shane Steichen,,,,7,,Home,,2026101803,,,,202610180clt,,,,,Lucas Oil Stadium,IND00,fieldturf,,,,,Sunday,
2026_06_WAS_SF,2026-10-19,2026,6,REG,WAS,SF,,,Dan Quinn,,,,8,,0,401873008,7111,2026-10-19,20:15,,Kyle Shanahan,,,,8,,Home,,2026101900,,,,202610190sfo,,,outdoors,,Levi's Stadium,SFO01,grass,,,,,Monday,
2026_07_NE_CHI,2026-10-22,2026,7,REG,NE,CHI,,,Mike Vrabel,,,,4,,0,401873010,7112,2026-10-22,20:15,,Ben Johnson,,,,4,,Home,,2026102200,,,,202610220chi,,,outdoors,,Soldier Field,CHI98,grass,,,,,Thursday,
2026_07_CIN_BAL,2026-10-25,2026,7,REG,CIN,BAL,,,Zac Taylor,,,,14,,1,401873012,7115,2026-10-25,13:00,,Jesse Minter,,,,7,,Home,,2026102502,,,,202610250rav,,,outdoors,,M&T Bank Stadium,BAL00,grass,,,,,Sunday,
2026_07_CLE_TEN,2026-10-25,2026,7,REG,CLE,TEN,,,Todd Monken,,,,7,,0,401873013,7120,2026-10-25,13:00,,Robert Saleh,,,,7,,Home,,2026102507,,,,202610250oti,,,outdoors,,Nissan Stadium,NAS00,grass,,,,,Sunday,
2026_07_DEN_ARI,2026-10-25,2026,7,REG,DEN,ARI,,,Sean Payton,,,,10,,0,401873019,7121,2026-10-25,16:05,,Jonathan Gannon,,,,7,,Home,,2026102508,,,,202610250crd,,,,,State Farm Stadium,PHO00,grass,,,,,Sunday,
2026_07_GB_DET,2026-10-25,2026,7,REG,GB,DET,,,Matt LaFleur,,,,7,,1,401873020,7122,2026-10-25,16:25,,Dan Campbell,,,,14,,Home,,2026102509,,,,202610250det,,,dome,,Ford Field,DET00,fieldturf,,,,,Sunday,
2026_07_IND_MIN,2026-10-25,2026,7,REG,IND,MIN,,,Shane Steichen,,,,7,,0,401873014,7118,2026-10-25,13:00,,Kevin O'Connell,,,,14,,Home,,2026102505,,,,202610250min,,,dome,,U.S. Bank Stadium,MIN01,sportturf,,,,,Sunday,
2026_07_KC_SEA,2026-10-25,2026,7,REG,KC,SEA,,,Andy Reid,,,,7,,0,401873022,7124,2026-10-25,20:20,,Mike Macdonald,,,,10,,Home,,2026102511,,,,202610250sea,,,outdoors,,Lumen Field,SEA00,fieldturf,,,,,Sunday,
2026_07_LA_LV,2026-10-25,2026,7,REG,LA,LV,,,Sean McVay,,,,7,,0,401873021,7123,2026-10-25,16:25,,Klint Kubliak,,,,7,,Home,,2026102510,,,,202610250rai,,,dome,,Allegiant Stadium,VEG00,grass,,,,,Sunday,
2026_07_MIA_NYJ,2026-10-25,2026,7,REG,MIA,NYJ,,,Jeff Hafley,,,,14,,1,401873015,7119,2026-10-25,13:00,,Aaron Glenn,,,,7,,Home,,2026102506,,,,202610250nyj,,,outdoors,,MetLife Stadium,NYC01,fieldturf,,,,,Sunday,
2026_07_NYG_HOU,2026-10-25,2026,7,REG,NYG,HOU,,,John Harbaugh,,,,7,,0,401873016,7117,2026-10-25,13:00,,DeMeco Ryans,,,,7,,Home,,2026102504,,,,202610250htx,,,,,Reliant Stadium,HOU00,astroturf,,,,,Sunday,
2026_07_PIT_NO,2026-10-25,2026,7,REG,PIT,NO,,,Mike McCarthy,,,,7,,0,401873011,7113,2026-10-25,09:30,,Kellen Moore,,,,7,,Neutral,,2026102500,,,,202610250nor,,,dome,,Stade de France,PAR00,sportturf,,,,,Sunday,
2026_07_SF_ATL,2026-10-25,2026,7,REG,SF,ATL,,,Kyle Shanahan,,,,6,,0,401873017,7114,2026-10-25,13:00,,Raheem Morris,,,,7,,Home,,2026102501,,,,202610250atl,,,,,Mercedes-Benz Stadium,ATL97,fieldturf,,,,,Sunday,
2026_07_TB_CAR,2026-10-25,2026,7,REG,TB,CAR,,,Todd Bowles,,,,7,,1,401873018,7116,2026-10-25,13:00,,Dave Canales,,,,7,,Home,,2026102503,,,,202610250car,,,outdoors,,Bank of America Stadium,CAR00,grass,,,,,Sunday,
2026_07_DAL_PHI,2026-10-26,2026,7,REG,DAL,PHI,,,Brian Schottenheimer,,,,8,,1,401873009,7125,2026-10-26,20:15,,Nick Sirianni,,,,8,,Home,,2026102600,,,,202610260phi,,,outdoors,,Lincoln Financial Field,PHI00,grass,,,,,Monday,
2026_08_CAR_GB,2026-10-29,2026,8,REG,CAR,GB,,,Dave Canales,,,,4,,0,401873023,7126,2026-10-29,20:15,,Matt LaFleur,,,,4,,Home,,2026102900,,,,202610290gnb,,,outdoors,,Lambeau Field,GNB00,grass,,,,,Thursday,
2026_08_ARI_DAL,2026-11-01,2026,8,REG,ARI,DAL,,,Jonathan Gannon,,,,7,,0,401873024,7129,2026-11-01,13:00,,Brian Schottenheimer,,,,6,,Home,,2026110102,,,,202611010dal,,,,,AT&T Stadium,DAL00,matrixturf,,,,,Sunday,
2026_08_ATL_TB,2026-11-01,2026,8,REG,ATL,TB,,,Raheem Morris,,,,7,,1,401873025,7134,2026-11-01,13:00,,Todd Bowles,,,,7,,Home,,2026110107,,,,202611010tam,,,outdoors,,Raymond James Stadium,TAM00,grass,,,,,Sunday,
2026_08_BAL_BUF,2026-11-01,2026,8,REG,BAL,BUF,,,Jesse Minter,,,,7,,0,401873026,7127,2026-11-01,13:00,,Sean McDermott,,,,14,,Home,,2026110100,,,,202611010buf,,,outdoors,,Highmark Stadium,BUF00,a_turf,,,,,Sunday,
2026_08_CLE_PIT,2026-11-01,2026,8,REG,CLE,PIT,,,Todd Monken,,,,7,,1,401873027,7133,2026-11-01,13:00,,Mike McCarthy,,,,7,,Home,,2026110106,,,,202611010pit,,,outdoors,,Acrisure Stadium,PIT00,grass,,,,,Sunday,
2026_08_IND_JAX,2026-11-01,2026,8,REG,IND,JAX,,,Shane Steichen,,,,7,,1,401873028,7131,2026-11-01,13:00,,Liam Coen,,,,14,,Home,,2026110104,,,,202611010jax,,,outdoors,,EverBank Stadium,JAX00,grass,,,,,Sunday,
2026_08_KC_DEN,2026-11-01,2026,8,REG,KC,DEN,,,Andy Reid,,,,7,,1,401873033,7136,2026-11-01,16:25,,Sean Payton,,,,7,,Home,,2026110109,,,,202611010den,,,outdoors,,Empower Field at Mile High,DEN00,grass,,,,,Sunday,
2026_08_LAC_LA,2026-11-01,2026,8,REG,LAC,LA,,,Jim Harbaugh,,,,14,,0,401873032,7135,2026-11-01,16:05,,Sean McVay,,,,7,,Home,,2026110108,,,,202611010ram,,,dome,,SoFi Stadium,LAX01,matrixturf,,,,,Sunday,
2026_08_LV_NYJ,2026-11-01,2026,8,REG,LV,NYJ,,,Klint Kubliak,,,,7,,0,401873029,7132,2026-11-01,13:00,,Aaron Glenn,,,,7,,Home,,2026110105,,,,202611010nyj,,,outdoors,,MetLife Stadium,NYC01,fieldturf,,,,,Sunday,
2026_08_MIN_DET,2026-11-01,2026,8,REG,MIN,DET,,,Kevin O'Connell,,,,7,,1,401873030,7130,2026-11-01,13:00,,Dan Campbell,,,,7,,Home,,2026110103,,,,202611010det,,,dome,,Ford Field,DET00,fieldturf,,,,,Sunday,
2026_08_NE_MIA,2026-11-01,2026,8,REG,NE,MIA,,,Mike Vrabel,,,,10,,1,401873034,7137,2026-11-01,16:25,,Jeff Hafley,,,,7,,Home,,2026110110,,,,202611010mia,,,outdoors,,Hard Rock Stadium,MIA00,grass,,,,,Sunday,
2026_08_PHI_WAS,2026-11-01,2026,8,REG,PHI,WAS,,,Nick Sirianni,,,,6,,1,401873035,7138,2026-11-01,20:20,,Dan Quinn,,,,13,,Home,,2026110111,,,,202611010was,,,outdoors,,Northwest Stadium,WAS00,grass,,,,,Sunday,
2026_08_TEN_CIN,2026-11-01,2026,8,REG,TEN,CIN,,,Robert Saleh,,,,7,,0,401873031,7128,2026-11-01,13:00,,Zac Taylor,,,,7,,Home,,2026110101,,,,202611010cin,,,outdoors,,Paycor Stadium,CIN00,fieldturf,,,,,Sunday,
2026_08_CHI_SEA,2026-11-02,2026,8,REG,CHI,SEA,,,Ben Johnson,,,,11,,0,401873036,7139,2026-11-02,20:15,,Mike Macdonald,,,,8,,Home,,2026110200,,,,202611020sea,,,outdoors,,Lumen Field,SEA00,fieldturf,,,,,Monday,
2026_09_JAX_BAL,2026-11-05,2026,9,REG,JAX,BAL,,,Liam Coen,,,,4,,0,401873037,7140,2026-11-05,20:15,,Jesse Minter,,,,4,,Home,,2026110500,,,,202611050rav,,,outdoors,,M&T Bank Stadium,BAL00,grass,,,,,Thursday,
2026_09_ARI_SEA,2026-11-08,2026,9,REG,ARI,SEA,,,Jonathan Gannon,,,,7,,1,401873048,7152,2026-11-08,16:25,,Mike Macdonald,,,,6,,Home,,2026110811,,,,202611080sea,,,outdoors,,Lumen Field,SEA00,fieldturf,,,,,Sunday,
2026_09_CIN_ATL,2026-11-08,2026,9,REG,CIN,ATL,,,Zac Taylor,,,,7,,0,401873038,7141,2026-11-08,09:30,,Raheem Morris,,,,7,,Neutral,,2026110800,,,,202611080atl,,,,,Bernabeu,MAD01,fieldturf,,,,,Sunday,
2026_09_CLE_NO,2026-11-08,2026,9,REG,CLE,NO,,,Todd Monken,,,,7,,0,401873039,7146,2026-11-08,13:00,,Kellen Moore,,,,14,,Home,,2026110805,,,,202611080nor,,,dome,,Caesars Superdome,NOR00,sportturf,,,,,Sunday,
2026_09_DAL_IND,2026-11-08,2026,9,REG,DAL,IND,,,Brian Schottenheimer,,,,7,,0,401873040,7143,2026-11-08,13:00,,Shane Steichen,,,,7,,Home,,2026110802,,,,202611080clt,,,,,Lucas Oil Stadium,IND00,fieldturf,,,,,Sunday,
2026_09_DEN_CAR,2026-11-08,2026,9,REG,DEN,CAR,,,Sean Payton,,,,7,,0,401873041,7142,2026-11-08,13:00,,Dave Canales,,,,10,,Home,,2026110801,,,,202611080car,,,outdoors,,Bank of America Stadium,CAR00,grass,,,,,Sunday,
2026_09_DET_MIA,2026-11-08,2026,9,REG,DET,MIA,,,Dan Campbell,,,,7,,0,401873042,7145,2026-11-08,13:00,,Jeff Hafley,,,,7,,Home,,2026110804,,,,202611080mia,,,outdoors,,Hard Rock Stadium,MIA00,grass,,,,,Sunday,
2026_09_GB_NE,2026-11-08,2026,9,REG,GB,NE,,,Matt LaFleur,,,,10,,0,401873049,7151,2026-11-08,16:25,,Mike Vrabel,,,,7,,Home,,2026110810,,,,202611080nwe,,,outdoors,,Gillette Stadium,BOS00,fieldturf,,,,,Sunday,
2026_09_HOU_LAC,2026-11-08,2026,9,REG,HOU,LAC,,,DeMeco Ryans,,,,14,,0,401873046,7149,2026-11-08,16:05,,Jim Harbaugh,,,,7,,Home,,2026110808,,,,202611080sdg,,,dome,,SoFi Stadium,LAX01,matrixturf,,,,,Sunday,
2026_09_LA_WAS,2026-11-08,2026,9,REG,LA,WAS,,,Sean McVay,,,,7,,0,401873043,7148,2026-11-08,13:00,,Dan Quinn,,,,7,,Home,,2026110807,,,,202611080was,,,outdoors,,Northwest Stadium,WAS00,grass,,,,,Sunday,
2026_09_LV_SF,2026-11-08,2026,9,REG,LV,SF,,,Klint Kubliak,,,,7,,0,401873047,7150,2026-11-08,16:05,,Kyle Shanahan,,,,14,,Home,,2026110809,,,,202611080sfo,,,outdoors,,Levi's Stadium,SFO01,grass,,,,,Sunday,
2026_09_NYG_PHI,2026-11-08,2026,9,REG,NYG,PHI,,,John Harbaugh,,,,14,,1,401873044,7147,2026-11-08,13:00,,Nick Sirianni,,,,7,,Home,,2026110806,,,,202611080phi,,,outdoors,,Lincoln Financial Field,PHI00,grass,,,,,Sunday,
2026_09_NYJ_KC,2026-11-08,2026,9,REG,NYJ,KC,,,Aaron Glenn,,,,7,,0,401873045,7144,2026-11-08,13:00,,Andy Reid,,,,7,,Home,,2026110803,,,,202611080kan,,,outdoors,,GEHA Field at Arrowhead Stadium,KAN00,grass,,,,,Sunday,
2026_09_TB_CHI,2026-11-08,2026,9,REG,TB,CHI,,,Todd Bowles,,,,7,,0,401873050,7153,2026-11-08,20:20,,Ben Johnson,,,,6,,Home,,2026110812,,,,202611080chi,,,outdoors,,Soldier Field,CHI98,grass,,,,,Sunday,
2026_09_BUF_MIN,2026-11-09,2026,9,REG,BUF,MIN,,,Sean McDermott,,,,8,,0,401873051,7154,2026-11-09,20:15,,Kevin O'Connell,,,,8,,Home,,2026110900,,,,202611090min,,,dome,,U.S. Bank Stadium,MIN01,sportturf,,,,,Monday,
2026_10_WAS_NYG,2026-11-12,2026,10,REG,WAS,NYG,,,Dan Quinn,,,,4,,1,401873052,7155,2026-11-12,20:15,,John Harbaugh,,,,4,,Home,,2026111200,,,,202611120nyg,,,outdoors,,MetLife Stadium,NYC01,fieldturf,,,,,Thursday,
2026_10_BUF_NYJ,2026-11-15,2026,10,REG,BUF,NYJ,,,Sean McDermott,,,,6,,1,401873054,7162,2026-11-15,13:00,,Aaron Glenn,,,,7,,Home,,2026111506,,,,202611150nyj,,,outdoors,,MetLife Stadium,NYC01,fieldturf,,,,,Sunday,
2026_10_CAR_NO,2026-11-15,2026,10,REG,CAR,NO,,,Dave Canales,,,,7,,1,401873055,7161,2026-11-15,13:00,,Kellen Moore,,,,7,,Home,,2026111505,,,,202611150nor,,,dome,,Caesars Superdome,NOR00,sportturf,,,,,Sunday,
2026_10_HOU_CLE,2026-11-15,2026,10,REG,HOU,CLE,,,DeMeco Ryans,,,,7,,0,401873056,7158,2026-11-15,13:00,,Todd Monken,,,,7,,Home,,2026111502,,,,202611150cle,,,outdoors,,Huntington Bank Field,CLE00,grass,,,,,Sunday,
2026_10_JAX_TEN,2026-11-15,2026,10,REG,JAX,TEN,,,Liam Coen,,,,10,,1,401873057,7163,2026-11-15,13:00,,Robert Saleh,,,,14,,Home,,2026111507,,,,202611150oti,,,outdoors,,Nissan Stadium,NAS00,grass,,,,,Sunday,
2026_10_KC_ATL,2026-11-15,2026,10,REG,KC,ATL,,,Andy Reid,,,,7,,0,401873058,7157,2026-11-15,13:00,,Raheem Morris,,,,7,,Home,,2026111501,,,,202611150atl,,,,,Mercedes-Benz Stadium,ATL97,fieldturf,,,,,Sunday,
2026_10_LA_ARI,2026-11-15,2026,10,REG,LA,ARI,,,Sean McVay,,,,7,,1,401873061,7164,2026-11-15,16:05,,Jonathan Gannon,,,,7,,Home,,2026111508,,,,202611150crd,,,,,State Farm Stadium,PHO00,grass,,,,,Sunday,
2026_10_MIA_IND,2026-11-15,2026,10,REG,MIA,IND,,,Jeff Hafley,,,,7,,0,401873059,7160,2026-11-15,13:00,,Shane Steichen,,,,7,,Home,,2026111504,,,,202611150clt,,,,,Lucas Oil Stadium,IND00,fieldturf,,,,,Sunday,
2026_10_MIN_GB,2026-11-15,2026,10,REG,MIN,GB,,,Kevin O'Connell,,,,6,,1,401873060,7159,2026-11-15,13:00,,Matt LaFleur,,,,7,,Home,,2026111503,,,,202611150gnb,,,outdoors,,Lambeau Field,GNB00,grass,,,,,Sunday,
2026_10_NE_DET,2026-11-15,2026,10,REG,NE,DET,,,Mike Vrabel,,,,7,,0,401873053,7156,2026-11-15,09:30,,Dan Campbell,,,,7,,Neutral,,2026111500,,,,202611150det,,,dome,,FC Bayern Munich Stadium,MUN01,fieldturf,,,,,Sunday,
2026_10_PIT_CIN,2026-11-15,2026,10,REG,PIT,CIN,,,Mike McCarthy,,,,14,,1,401873064,7167,2026-11-15,20:20,,Zac Taylor,,,,7,,Home,,2026111511,,,,202611150cin,,,outdoors,,Paycor Stadium,CIN00,fieldturf,,,,,Sunday,
2026_10_SEA_LV,2026-11-15,2026,10,REG,SEA,LV,,,Mike Macdonald,,,,7,,0,401873062,7165,2026-11-15,16:05,,Klint Kubliak,,,,7,,Home,,2026111509,,,,202611150rai,,,dome,,Allegiant Stadium,VEG00,grass,,,,,Sunday,
2026_10_SF_DAL,2026-11-15,2026,10,REG,SF,DAL,,,Kyle Shanahan,,,,7,,0,401873063,7166,2026-11-15,16:25,,Brian Schottenheimer,,,,7,,Home,,2026111510,,,,202611150dal,,,,,AT&T Stadium,DAL00,matrixturf,,,,,Sunday,
2026_10_LAC_BAL,2026-11-16,2026,10,REG,LAC,BAL,,,Jim Harbaugh,,,,8,,0,401873065,7168,2026-11-16,20:15,,Jesse Minter,,,,11,,Home,,2026111600,,,,202611160rav,,,outdoors,,M&T Bank Stadium,BAL00,grass,,,,,Monday,
2026_11_IND_HOU,2026-11-19,2026,11,REG,IND,HOU,,,Shane Steichen,,,,4,,1,401873066,7169,2026-11-19,20:15,,DeMeco Ryans,,,,4,,Home,,2026111900,,,,202611190htx,,,,,Reliant Stadium,HOU00,astroturf,,,,,Thursday,
2026_11_ARI_KC,2026-11-22,2026,11,REG,ARI,KC,,,Jonathan Gannon,,,,7,,0,401873067,7175,2026-11-22,13:00,,Andy Reid,,,,7,,Home,,2026112205,,,,202611220kan,,,outdoors,,GEHA Field at Arrowhead Stadium,KAN00,grass,,,,,Sunday,
2026_11_BAL_CAR,2026-11-22,2026,11,REG,BAL,CAR,,,Jesse Minter,,,,6,,0,401873068,7171,2026-11-22,13:00,,Dave Canales,,,,7,,Home,,2026112201,,,,202611220car,,,outdoors,,Bank of America Stadium,CAR00,grass,,,,,Sunday,
2026_11_JAX_NYG,2026-11-22,2026,11,REG,JAX,NYG,,,Liam Coen,,,,7,,0,401873069,7176,2026-11-22,13:00,,John Harbaugh,,,,10,,Home,,2026112206,,,,202611220nyg,,,outdoors,,MetLife Stadium,NYC01,fieldturf,,,,,Sunday,
2026_11_LV_DEN,2026-11-22,2026,11,REG,LV,DEN,,,Klint Kubliak,,,,7,,1,401873075,7178,2026-11-22,16:25,,Sean Payton,,,,14,,Home,,2026112208,,,,202611220den,,,outdoors,,Empower Field at Mile High,DEN00,grass,,,,,Sunday,
2026_11_MIA_BUF,2026-11-22,2026,11,REG,MIA,BUF,,,Jeff Hafley,,,,7,,1,401873070,7170,2026-11-22,13:00,,Sean McDermott,,,,7,,Home,,2026112200,,,,202611220buf,,,outdoors,,Highmark Stadium,BUF00,a_turf,,,,,Sunday,
2026_11_MIN_SF,2026-11-22,2026,11,REG,MIN,SF,,,Kevin O'Connell,,,,7,,0,401873077,7180,2026-11-22,20:20,,Kyle Shanahan,,,,7,,Neutral,,2026112210,,,,202611220sfo,,,outdoors,,Estadio Banorte,MEX00,grass,,,,,Sunday,
2026_11_NO_CHI,2026-11-22,2026,11,REG,NO,CHI,,,Kellen Moore,,,,7,,0,401873071,7172,2026-11-22,13:00,,Ben Johnson,,,,14,,Home,,2026112202,,,,202611220chi,,,outdoors,,Soldier Field,CHI98,grass,,,,,Sunday,
2026_11_NYJ_LAC,2026-11-22,2026,11,REG,NYJ,LAC,,,Aaron Glenn,,,,7,,0,401873074,7177,2026-11-22,16:05,,Jim Harbaugh,,,,6,,Home,,2026112207,,,,202611220sdg,,,dome,,SoFi Stadium,LAX01,matrixturf,,,,,Sunday,
2026_11_PIT_PHI,2026-11-22,2026,11,REG,PIT,PHI,,,Mike McCarthy,,,,7,,0,401873076,7179,2026-11-22,16:25,,Nick Sirianni,,,,14,,Home,,2026112209,,,,202611220phi,,,outdoors,,Lincoln Financial Field,PHI00,grass,,,,,Sunday,
2026_11_TB_DET,2026-11-22,2026,11,REG,TB,DET,,,Todd Bowles,,,,14,,0,401873072,7174,2026-11-22,13:00,,Dan Campbell,,,,7,,Home,,2026112204,,,,202611220det,,,dome,,Ford Field,DET00,fieldturf,,,,,Sunday,
2026_11_TEN_DAL,2026-11-22,2026,11,REG,TEN,DAL,,,Robert Saleh,,,,7,,0,401873073,7173,2026-11-22,13:00,,Brian Schottenheimer,,,,7,,Home,,2026112203,,,,202611220dal,,,,,AT&T Stadium,DAL00,matrixturf,,,,,Sunday,
2026_11_CIN_WAS,2026-11-23,2026,11,REG,CIN,WAS,,,Zac Taylor,,,,8,,0,401873078,7181,2026-11-23,20:15,,Dan Quinn,,,,11,,Home,,2026112300,,,,202611230was,,,outdoors,,Northwest Stadium,WAS00,grass,,,,,Monday,
2026_12_GB_LA,2026-11-25,2026,12,REG,GB,LA,,,Matt LaFleur,,,,10,,0,401873079,7182,2026-11-25,20:00,,Sean McVay,,,,10,,Home,,2026112500,,,,202611250ram,,,dome,,SoFi Stadium,LAX01,matrixturf,,,,,Wednesday,
2026_12_CHI_DET,2026-11-26,2026,12,REG,CHI,DET,,,Ben Johnson,,,,4,,1,401873081,7183,2026-11-26,13:00,,Dan Campbell,,,,4,,Home,,2026112600,,,,202611260det,,,dome,,Ford Field,DET00,fieldturf,,,,,Thursday,
2026_12_KC_BUF,2026-11-26,2026,12,REG,KC,BUF,,,Andy Reid,,,,4,,0,401873082,7185,2026-11-26,20:20,,Sean McDermott,,,,4,,Home,,2026112602,,,,202611260buf,,,outdoors,,Highmark Stadium,BUF00,a_turf,,,,,Thursday,
2026_12_PHI_DAL,2026-11-26,2026,12,REG,PHI,DAL,,,Nick Sirianni,,,,4,,1,401873080,7184,2026-11-26,16:30,,Brian Schottenheimer,,,,4,,Home,,2026112601,,,,202611260dal,,,,,AT&T Stadium,DAL00,matrixturf,,,,,Thursday,
2026_12_DEN_PIT,2026-11-27,2026,12,REG,DEN,PIT,,,Sean Payton,,,,5,,0,401873083,7186,2026-11-27,15:00,,Mike McCarthy,,,,5,,Home,,2026112700,,,,202611270pit,,,outdoors,,Acrisure Stadium,PIT00,grass,,,,,Friday,
2026_12_ATL_MIN,2026-11-29,2026,12,REG,ATL,MIN,,,Raheem Morris,,,,14,,0,401873084,7192,2026-11-29,13:00,,Kevin O'Connell,,,,7,,Home,,2026112905,,,,202611290min,,,dome,,U.S. Bank Stadium,MIN01,sportturf,,,,,Sunday,
2026_12_BAL_HOU,2026-11-29,2026,12,REG,BAL,HOU,,,Jesse Minter,,,,7,,0,401873085,7189,2026-11-29,13:00,,DeMeco Ryans,,,,10,,Home,,2026112902,,,,202611290htx,,,,,Reliant Stadium,HOU00,astroturf,,,,,Sunday,
2026_12_LV_CLE,2026-11-29,2026,12,REG,LV,CLE,,,Klint Kubliak,,,,7,,0,401873086,7188,2026-11-29,13:00,,Todd Monken,,,,14,,Home,,2026112901,,,,202611290cle,,,outdoors,,Huntington Bank Field,CLE00,grass,,,,,Sunday,
2026_12_NE_LAC,2026-11-29,2026,12,REG,NE,LAC,,,Mike Vrabel,,,,14,,0,401873093,7196,2026-11-29,20:20,,Jim Harbaugh,,,,7,,Home,,2026112909,,,,202611290sdg,,,dome,,SoFi Stadium,LAX01,matrixturf,,,,,Sunday,
2026_12_NO_CIN,2026-11-29,2026,12,REG,NO,CIN,,,Kellen Moore,,,,7,,0,401873087,7187,2026-11-29,13:00,,Zac Taylor,,,,6,,Home,,2026112900,,,,202611290cin,,,outdoors,,Paycor Stadium,CIN00,fieldturf,,,,,Sunday,
2026_12_NYG_IND,2026-11-29,2026,12,REG,NYG,IND,,,John Harbaugh,,,,7,,0,401873088,7190,2026-11-29,13:00,,Shane Steichen,,,,10,,Home,,2026112903,,,,202611290clt,,,,,Lucas Oil Stadium,IND00,fieldturf,,,,,Sunday,
2026_12_NYJ_MIA,2026-11-29,2026,12,REG,NYJ,MIA,,,Aaron Glenn,,,,7,,1,401873089,7191,2026-11-29,13:00,,Jeff Hafley,,,,7,,Home,,2026112904,,,,202611290mia,,,outdoors,,Hard Rock Stadium,MIA00,grass,,,,,Sunday,
2026_12_SEA_SF,2026-11-29,2026,12,REG,SEA,SF,,,Mike Macdonald,,,,14,,1,401873091,7195,2026-11-29,16:25,,Kyle Shanahan,,,,7,,Home,,2026112908,,,,202611290sfo,,,outdoors,,Levi's Stadium,SFO01,grass,,,,,Sunday,
2026_12_TEN_JAX,2026-11-29,2026,12,REG,TEN,JAX,,,Robert Saleh,,,,7,,1,401873090,7193,2026-11-29,16:05,,Liam Coen,,,,7,,Home,,2026112906,,,,202611290jax,,,outdoors,,EverBank Stadium,JAX00,grass,,,,,Sunday,
2026_12_WAS_ARI,2026-11-29,2026,12,REG,WAS,ARI,,,Dan Quinn,,,,6,,0,401873092,7194,2026-11-29,16:25,,Jonathan Gannon,,,,7,,Home,,2026112907,,,,202611290crd,,,,,State Farm Stadium,PHO00,grass,,,,,Sunday,
2026_12_CAR_TB,2026-11-30,2026,12,REG,CAR,TB,,,Dave Canales,,,,8,,1,401873094,7197,2026-11-30,20:15,,Todd Bowles,,,,8,,Home,,2026113000,,,,202611300tam,,,outdoors,,Raymond James Stadium,TAM00,grass,,,,,Monday,
2026_13_KC_LA,2026-12-03,2026,13,REG,KC,LA,,,Andy Reid,,,,7,,0,401873096,7198,2026-12-03,20:15,,Sean McVay,,,,8,,Home,,2026120300,,,,202612030ram,,,dome,,SoFi Stadium,LAX01,matrixturf,,,,,Thursday,
2026_13_BUF_NE,2026-12-06,2026,13,REG,BUF,NE,,,Sean McDermott,,,,10,,1,401873105,7209,2026-12-06,16:25,,Mike Vrabel,,,,7,,Home,,2026120610,,,,202612060nwe,,,outdoors,,Gillette Stadium,BOS00,fieldturf,,,,,Sunday,
2026_13_CAR_MIN,2026-12-06,2026,13,REG,CAR,MIN,,,Dave Canales,,,,6,,0,401873106,7208,2026-12-06,16:25,,Kevin O'Connell,,,,7,,Home,,2026120609,,,,202612060min,,,dome,,U.S. Bank Stadium,MIN01,sportturf,,,,,Sunday,
2026_13_CIN_CLE,2026-12-06,2026,13,REG,CIN,CLE,,,Zac Taylor,,,,7,,1,401873097,7201,2026-12-06,13:00,,Todd Monken,,,,7,,Home,,2026120602,,,,202612060cle,,,outdoors,,Huntington Bank Field,CLE00,grass,,,,,Sunday,
2026_13_DET_ATL,2026-12-06,2026,13,REG,DET,ATL,,,Dan Campbell,,,,10,,0,401873098,7199,2026-12-06,13:00,,Raheem Morris,,,,7,,Home,,2026120600,,,,202612060atl,,,,,Mercedes-Benz Stadium,ATL97,fieldturf,,,,,Sunday,
2026_13_GB_NO,2026-12-06,2026,13,REG,GB,NO,,,Matt LaFleur,,,,11,,0,401873099,7202,2026-12-06,13:00,,Kellen Moore,,,,7,,Home,,2026120603,,,,202612060nor,,,dome,,Caesars Superdome,NOR00,sportturf,,,,,Sunday,
2026_13_HOU_PIT,2026-12-06,2026,13,REG,HOU,PIT,,,DeMeco Ryans,,,,7,,0,401873107,7210,2026-12-06,20:20,,Mike McCarthy,,,,9,,Home,,2026120611,,,,202612060pit,,,outdoors,,Acrisure Stadium,PIT00,grass,,,,,Sunday,
2026_13_JAX_CHI,2026-12-06,2026,13,REG,JAX,CHI,,,Liam Coen,,,,7,,0,401873100,7200,2026-12-06,13:00,,Ben Johnson,,,,10,,Home,,2026120601,,,,202612060chi,,,outdoors,,Soldier Field,CHI98,grass,,,,,Sunday,
2026_13_LAC_TB,2026-12-06,2026,13,REG,LAC,TB,,,Jim Harbaugh,,,,7,,0,401873101,7204,2026-12-06,13:00,,Todd Bowles,,,,6,,Home,,2026120605,,,,202612060tam,,,outdoors,,Raymond James Stadium,TAM00,grass,,,,,Sunday,
2026_13_MIA_DEN,2026-12-06,2026,13,REG,MIA,DEN,,,Jeff Hafley,,,,7,,0,401873103,7207,2026-12-06,16:05,,Sean Payton,,,,9,,Home,,2026120608,,,,202612060den,,,outdoors,,Empower Field at Mile High,DEN00,grass,,,,,Sunday,
2026_13_PHI_ARI,2026-12-06,2026,13,REG,PHI,ARI,,,Nick Sirianni,,,,10,,0,401873104,7206,2026-12-06,16:05,,Jonathan Gannon,,,,7,,Home,,2026120607,,,,202612060crd,,,,,State Farm Stadium,PHO00,grass,,,,,Sunday,
2026_13_SF_NYG,2026-12-06,2026,13,REG,SF,NYG,,,Kyle Shanahan,,,,7,,0,401873095,7203,2026-12-06,13:00,,John Harbaugh,,,,7,,Home,,2026120604,,,,202612060nyg,,,outdoors,,MetLife Stadium,NYC01,fieldturf,,,,,Sunday,
2026_13_WAS_TEN,2026-12-06,2026,13,REG,WAS,TEN,,,Dan Quinn,,,,7,,0,401873102,7205,2026-12-06,13:00,,Robert Saleh,,,,7,,Home,,2026120606,,,,202612060oti,,,outdoors,,Nissan Stadium,NAS00,grass,,,,,Sunday,
2026_13_DAL_SEA,2026-12-07,2026,13,REG,DAL,SEA,,,Brian Schottenheimer,,,,11,,0,401873108,7211,2026-12-07,20:15,,Mike Macdonald,,,,8,,Home,,2026120700,,,,202612070sea,,,outdoors,,Lumen Field,SEA00,fieldturf,,,,,Monday,
2026_14_MIN_NE,2026-12-10,2026,14,REG,MIN,NE,,,Kevin O'Connell,,,,4,,0,401873109,7212,2026-12-10,20:15,,Mike Vrabel,,,,4,,Home,,2026121000,,,,202612100nwe,,,outdoors,,Gillette Stadium,BOS00,fieldturf,,,,,Thursday,
2026_14_ATL_CLE,2026-12-13,2026,14,REG,ATL,CLE,,,Raheem Morris,,,,7,,0,401873110,7215,2026-12-13,13:00,,Todd Monken,,,,7,,Home,,2026121302,,,,202612130cle,,,outdoors,,Huntington Bank Field,CLE00,grass,,,,,Sunday,
2026_14_BUF_GB,2026-12-13,2026,14,REG,BUF,GB,,,Sean McDermott,,,,7,,0,401873122,7225,2026-12-13,20:20,,Matt LaFleur,,,,7,,Home,,2026121312,,,,202612130gnb,,,outdoors,,Lambeau Field,GNB00,grass,,,,,Sunday,
2026_14_CHI_MIA,2026-12-13,2026,14,REG,CHI,MIA,,,Ben Johnson,,,,7,,0,401873111,7217,2026-12-13,13:00,,Jeff Hafley,,,,7,,Home,,2026121304,,,,202612130mia,,,outdoors,,Hard Rock Stadium,MIA00,grass,,,,,Sunday,
2026_14_DEN_NYJ,2026-12-13,2026,14,REG,DEN,NYJ,,,Sean Payton,,,,7,,0,401873112,7218,2026-12-13,13:00,,Aaron Glenn,,,,14,,Home,,2026121305,,,,202612130nyj,,,outdoors,,MetLife Stadium,NYC01,fieldturf,,,,,Sunday,
2026_14_HOU_WAS,2026-12-13,2026,14,REG,HOU,WAS,,,DeMeco Ryans,,,,7,,0,401873113,7220,2026-12-13,13:00,,Dan Quinn,,,,7,,Home,,2026121307,,,,202612130was,,,outdoors,,Northwest Stadium,WAS00,grass,,,,,Sunday,
2026_14_IND_PHI,2026-12-13,2026,14,REG,IND,PHI,,,Shane Steichen,,,,14,,0,401873114,7219,2026-12-13,13:00,,Nick Sirianni,,,,7,,Home,,2026121306,,,,202612130phi,,,outdoors,,Lincoln Financial Field,PHI00,grass,,,,,Sunday,
2026_14_KC_CIN,2026-12-13,2026,14,REG,KC,CIN,,,Andy Reid,,,,10,,0,401873119,7222,2026-12-13,16:25,,Zac Taylor,,,,7,,Home,,2026121309,,,,202612130cin,,,outdoors,,Paycor Stadium,CIN00,fieldturf,,,,,Sunday,
2026_14_LAC_LV,2026-12-13,2026,14,REG,LAC,LV,,,Jim Harbaugh,,,,7,,1,401873118,7221,2026-12-13,16:05,,Klint Kubliak,,,,14,,Home,,2026121308,,,,202612130rai,,,dome,,Allegiant Stadium,VEG00,grass,,,,,Sunday,
2026_14_LA_SF,2026-12-13,2026,14,REG,LA,SF,,,Sean McVay,,,,10,,1,401873120,7224,2026-12-13,16:25,,Kyle Shanahan,,,,7,,Home,,2026121311,,,,202612130sfo,,,outdoors,,Levi's Stadium,SFO01,grass,,,,,Sunday,
2026_14_NO_CAR,2026-12-13,2026,14,REG,NO,CAR,,,Kellen Moore,,,,7,,1,401873115,7214,2026-12-13,13:00,,Dave Canales,,,,7,,Home,,2026121301,,,,202612130car,,,outdoors,,Bank of America Stadium,CAR00,grass,,,,,Sunday,
2026_14_NYG_SEA,2026-12-13,2026,14,REG,NYG,SEA,,,John Harbaugh,,,,7,,0,401873121,7223,2026-12-13,16:25,,Mike Macdonald,,,,6,,Home,,2026121310,,,,202612130sea,,,outdoors,,Lumen Field,SEA00,fieldturf,,,,,Sunday,
2026_14_TB_BAL,2026-12-13,2026,14,REG,TB,BAL,,,Todd Bowles,,,,7,,0,401873116,7213,2026-12-13,13:00,,Jesse Minter,,,,14,,Home,,2026121300,,,,202612130rav,,,outdoors,,M&T Bank Stadium,BAL00,grass,,,,,Sunday,
2026_14_TEN_DET,2026-12-13,2026,14,REG,TEN,DET,,,Robert Saleh,,,,7,,0,401873117,7216,2026-12-13,13:00,,Dan Campbell,,,,7,,Home,,2026121303,,,,202612130det,,,dome,,Ford Field,DET00,fieldturf,,,,,Sunday,
2026_14_PIT_JAX,2026-12-14,2026,14,REG,PIT,JAX,,,Mike McCarthy,,,,8,,0,401873123,7226,2026-12-14,20:15,,Liam Coen,,,,8,,Home,,2026121400,,,,202612140jax,,,outdoors,,EverBank Stadium,JAX00,grass,,,,,Monday,
2026_15_SF_LAC,2026-12-17,2026,15,REG,SF,LAC,,,Kyle Shanahan,,,,4,,0,401873124,7227,2026-12-17,20:15,,Jim Harbaugh,,,,4,,Home,,2026121700,,,,202612170sdg,,,dome,,SoFi Stadium,LAX01,matrixturf,,,,,Thursday,
2026_15_CHI_BUF,2026-12-19,2026,15,REG,CHI,BUF,,,Ben Johnson,,,,6,,0,401873126,7229,2026-12-19,20:20,,Sean McDermott,,,,6,,Home,,2026121901,,,,202612190buf,,,outdoors,,Highmark Stadium,BUF00,a_turf,,,,,Saturday,
2026_15_SEA_PHI,2026-12-19,2026,15,REG,SEA,PHI,,,Mike Macdonald,,,,6,,0,401873125,7228,2026-12-19,17:00,,Nick Sirianni,,,,6,,Home,,2026121900,,,,202612190phi,,,outdoors,,Lincoln Financial Field,PHI00,grass,,,,,Saturday,
2026_15_ATL_WAS,2026-12-20,2026,15,REG,ATL,WAS,,,Raheem Morris,,,,7,,0,401873127,7237,2026-12-20,13:00,,Dan Quinn,,,,7,,Home,,2026122007,,,,202612200was,,,outdoors,,Northwest Stadium,WAS00,grass,,,,,Sunday,
2026_15_BAL_PIT,2026-12-20,2026,15,REG,BAL,PIT,,,Jesse Minter,,,,7,,1,401873128,7234,2026-12-20,13:00,,Mike McCarthy,,,,6,,Home,,2026122004,,,,202612200pit,,,outdoors,,Acrisure Stadium,PIT00,grass,,,,,Sunday,
2026_15_CIN_CAR,2026-12-20,2026,15,REG,CIN,CAR,,,Zac Taylor,,,,7,,0,401873129,7230,2026-12-20,13:00,,Dave Canales,,,,7,,Home,,2026122000,,,,202612200car,,,outdoors,,Bank of America Stadium,CAR00,grass,,,,,Sunday,
2026_15_CLE_NYG,2026-12-20,2026,15,REG,CLE,NYG,,,Todd Monken,,,,7,,0,401873130,7233,2026-12-20,13:00,,John Harbaugh,,,,7,,Home,,2026122003,,,,202612200nyg,,,outdoors,,MetLife Stadium,NYC01,fieldturf,,,,,Sunday,
2026_15_DAL_LA,2026-12-20,2026,15,REG,DAL,LA,,,Brian Schottenheimer,,,,13,,0,401873136,7239,2026-12-20,16:25,,Sean McVay,,,,7,,Home,,2026122009,,,,202612200ram,,,dome,,SoFi Stadium,LAX01,matrixturf,,,,,Sunday,
2026_15_DEN_LV,2026-12-20,2026,15,REG,DEN,LV,,,Sean Payton,,,,7,,1,401873137,7240,2026-12-20,16:25,,Klint Kubliak,,,,7,,Home,,2026122010,,,,202612200rai,,,dome,,Allegiant Stadium,VEG00,grass,,,,,Sunday,
2026_15_DET_MIN,2026-12-20,2026,15,REG,DET,MIN,,,Dan Campbell,,,,7,,1,401873138,7241,2026-12-20,20:20,,Kevin O'Connell,,,,10,,Home,,2026122011,,,,202612200min,,,dome,,U.S. Bank Stadium,MIN01,sportturf,,,,,Sunday,
2026_15_IND_TEN,2026-12-20,2026,15,REG,IND,TEN,,,Shane Steichen,,,,7,,1,401873131,7236,2026-12-20,13:00,,Robert Saleh,,,,7,,Home,,2026122006,,,,202612200oti,,,outdoors,,Nissan Stadium,NAS00,grass,,,,,Sunday,
2026_15_JAX_HOU,2026-12-20,2026,15,REG,JAX,HOU,,,Liam Coen,,,,6,,1,401873132,7232,2026-12-20,13:00,,DeMeco Ryans,,,,7,,Home,,2026122002,,,,202612200htx,,,,,Reliant Stadium,HOU00,astroturf,,,,,Sunday,
2026_15_MIA_GB,2026-12-20,2026,15,REG,MIA,GB,,,Jeff Hafley,,,,7,,0,401873133,7231,2026-12-20,13:00,,Matt LaFleur,,,,7,,Home,,2026122001,,,,202612200gnb,,,outdoors,,Lambeau Field,GNB00,grass,,,,,Sunday,
2026_15_NO_TB,2026-12-20,2026,15,REG,NO,TB,,,Kellen Moore,,,,7,,1,401873134,7235,2026-12-20,13:00,,Todd Bowles,,,,7,,Home,,2026122005,,,,202612200tam,,,outdoors,,Raymond James Stadium,TAM00,grass,,,,,Sunday,
2026_15_NYJ_ARI,2026-12-20,2026,15,REG,NYJ,ARI,,,Aaron Glenn,,,,7,,0,401873135,7238,2026-12-20,16:05,,Jonathan Gannon,,,,14,,Home,,2026122008,,,,202612200crd,,,,,State Farm Stadium,PHO00,grass,,,,,Sunday,
2026_15_NE_KC,2026-12-21,2026,15,REG,NE,KC,,,Mike Vrabel,,,,11,,0,401873139,7242,2026-12-21,20:15,,Andy Reid,,,,8,,Home,,2026122100,,,,202612210kan,,,outdoors,,GEHA Field at Arrowhead Stadium,KAN00,grass,,,,,Monday,
2026_16_HOU_PHI,2026-12-24,2026,16,REG,HOU,PHI,,,DeMeco Ryans,,,,4,,0,401873140,7243,2026-12-24,20:15,,Nick Sirianni,,,,5,,Home,,2026122400,,,,202612240phi,,,outdoors,,Lincoln Financial Field,PHI00,grass,,,,,Thursday,
2026_16_BUF_DEN,2026-12-25,2026,16,REG,BUF,DEN,,,Sean McDermott,,,,6,,0,401873142,7245,2026-12-25,16:30,,Sean Payton,,,,5,,Home,,2026122501,,,,202612250den,,,outdoors,,Empower Field at Mile High,DEN00,grass,,,,,Friday,
2026_16_GB_CHI,2026-12-25,2026,16,REG,GB,CHI,,,Matt LaFleur,,,,5,,1,401873141,7244,2026-12-25,13:00,,Ben Johnson,,,,6,,Home,,2026122500,,,,202612250chi,,,outdoors,,Soldier Field,CHI98,grass,,,,,Friday,
2026_16_LA_SEA,2026-12-25,2026,16,REG,LA,SEA,,,Sean McVay,,,,5,,1,401873143,7246,2026-12-25,20:15,,Mike Macdonald,,,,6,,Home,,2026122502,,,,202612250sea,,,outdoors,,Lumen Field,SEA00,fieldturf,,,,,Friday,
2026_16_ARI_NO,2026-12-27,2026,16,REG,ARI,NO,,,Jonathan Gannon,,,,7,,0,401873148,7252,2026-12-27,13:00,,Kellen Moore,,,,7,,Home,,2026122702,,,,202612270nor,,,dome,,Caesars Superdome,NOR00,sportturf,,,,,Sunday,
2026_16_CAR_PIT,2026-12-27,2026,16,REG,CAR,PIT,,,Dave Canales,,,,7,,0,401873144,7254,2026-12-27,13:00,,Mike McCarthy,,,,7,,Home,,2026122703,,,,202612270pit,,,outdoors,,Acrisure Stadium,PIT00,grass,,,,,Sunday,
2026_16_CIN_IND,2026-12-27,2026,16,REG,CIN,IND,,,Zac Taylor,,,,7,,0,401873145,7249,2026-12-27,13:00,,Shane Steichen,,,,7,,Home,,2026122701,,,,202612270clt,,,,,Lucas Oil Stadium,IND00,fieldturf,,,,,Sunday,
2026_16_CLE_BAL,2026-12-27,2026,16,REG,CLE,BAL,,,Todd Monken,,,,7,,1,401873149,7248,2026-12-27,13:00,,Jesse Minter,,,,7,,Home,,2026122700,,,,202612270rav,,,outdoors,,M&T Bank Stadium,BAL00,grass,,,,,Sunday,
2026_16_JAX_DAL,2026-12-27,2026,16,REG,JAX,DAL,,,Liam Coen,,,,7,,0,401873154,7257,2026-12-27,20:20,,Brian Schottenheimer,,,,7,,Home,,2026122706,,,,202612270dal,,,,,AT&T Stadium,DAL00,matrixturf,,,,,Sunday,
2026_16_LAC_MIA,2026-12-27,2026,16,REG,LAC,MIA,,,Jim Harbaugh,,,,10,,0,401873150,7250,2026-12-27,13:00,,Jeff Hafley,,,,7,,Home,,2026122701,,,,202612270mia,,,outdoors,,Hard Rock Stadium,MIA00,grass,,,,,Sunday,
2026_16_NE_NYJ,2026-12-27,2026,16,REG,NE,NYJ,,,Mike Vrabel,,,,6,,1,401873151,7253,2026-12-27,13:00,,Aaron Glenn,,,,7,,Home,,2026122703,,,,202612270nyj,,,outdoors,,MetLife Stadium,NYC01,fieldturf,,,,,Sunday,
2026_16_SF_KC,2026-12-27,2026,16,REG,SF,KC,,,Kyle Shanahan,,,,10,,0,401873153,7256,2026-12-27,16:25,,Andy Reid,,,,6,,Home,,2026122705,,,,202612270kan,,,outdoors,,GEHA Field at Arrowhead Stadium,KAN00,grass,,,,,Sunday,
2026_16_TB_ATL,2026-12-27,2026,16,REG,TB,ATL,,,Todd Bowles,,,,7,,1,401873146,7247,2026-12-27,13:00,,Raheem Morris,,,,7,,Home,,2026122700,,,,202612270atl,,,,,Mercedes-Benz Stadium,ATL97,fieldturf,,,,,Sunday,
2026_16_TEN_LV,2026-12-27,2026,16,REG,TEN,LV,,,Robert Saleh,,,,7,,0,401873152,7255,2026-12-27,16:05,,Klint Kubliak,,,,7,,Home,,2026122704,,,,202612270rai,,,dome,,Allegiant Stadium,VEG00,grass,,,,,Sunday,
2026_16_WAS_MIN,2026-12-27,2026,16,REG,WAS,MIN,,,Dan Quinn,,,,7,,0,401873147,7251,2026-12-27,13:00,,Kevin O'Connell,,,,7,,Home,,2026122702,,,,202612270min,,,dome,,U.S. Bank Stadium,MIN01,sportturf,,,,,Sunday,
2026_16_NYG_DET,2026-12-28,2026,16,REG,NYG,DET,,,John Harbaugh,,,,8,,0,401873155,7258,2026-12-28,20:15,,Dan Campbell,,,,8,,Home,,2026122800,,,,202612280det,,,dome,,Ford Field,DET00,fieldturf,,,,,Monday,
2026_17_BAL_CIN,2026-12-31,2026,17,REG,BAL,CIN,,,Jesse Minter,,,,4,,1,401873156,7259,2026-12-31,20:15,,Zac Taylor,,,,4,,Home,,2026123100,,,,202612310cin,,,outdoors,,Paycor Stadium,CIN00,fieldturf,,,,,Thursday,
2026_17_BUF_MIA,2027-01-03,2026,17,REG,BUF,MIA,,,Sean McDermott,,,,9,,1,401873161,7266,2027-01-03,13:00,,Jeff Hafley,,,,7,,Home,,2027010304,,,,202701030mia,,,outdoors,,Hard Rock Stadium,MIA00,grass,,,,,Sunday,
2026_17_DEN_NE,2027-01-03,2026,17,REG,DEN,NE,,,Sean Payton,,,,9,,0,401873157,7267,2027-01-03,13:00,,Mike Vrabel,,,,7,,Home,,2027010302,,,,202701030nwe,,,outdoors,,Gillette Stadium,BOS00,fieldturf,,,,,Sunday,
2026_17_DET_CHI,2027-01-03,2026,17,REG,DET,CHI,,,Dan Campbell,,,,6,,1,401873169,7272,2027-01-03,16:25,,Ben Johnson,,,,9,,Home,,2027010308,,,,202701030chi,,,outdoors,,Soldier Field,CHI98,grass,,,,,Sunday,
2026_17_IND_CLE,2027-01-03,2026,17,REG,IND,CLE,,,Shane Steichen,,,,7,,0,401873162,7262,2027-01-03,13:00,,Todd Monken,,,,7,,Home,,2027010302,,,,202701030cle,,,outdoors,,Huntington Bank Field,CLE00,grass,,,,,Sunday,
2026_17_KC_LAC,2027-01-03,2026,17,REG,KC,LAC,,,Andy Reid,,,,7,,1,401873158,7265,2027-01-03,13:00,,Jim Harbaugh,,,,7,,Home,,2027010301,,,,202701030sdg,,,dome,,SoFi Stadium,LAX01,matrixturf,,,,,Sunday,
2026_17_LA_TB,2027-01-03,2026,17,REG,LA,TB,,,Sean McVay,,,,9,,0,401873159,7269,2027-01-03,13:00,,Todd Bowles,,,,7,,Home,,2027010303,,,,202701030tam,,,outdoors,,Raymond James Stadium,TAM00,grass,,,,,Sunday,
2026_17_LV_ARI,2027-01-03,2026,17,REG,LV,ARI,,,Klint Kubliak,,,,7,,0,401873168,7271,2027-01-03,16:05,,Jonathan Gannon,,,,7,,Home,,2027010307,,,,202701030crd,,,,,State Farm Stadium,PHO00,grass,,,,,Sunday,
2026_17_MIN_NYJ,2027-01-03,2026,17,REG,MIN,NYJ,,,Kevin O'Connell,,,,7,,0,401873163,7268,2027-01-03,13:00,,Aaron Glenn,,,,7,,Home,,2027010305,,,,202701030nyj,,,outdoors,,MetLife Stadium,NYC01,fieldturf,,,,,Sunday,
2026_17_NO_ATL,2027-01-03,2026,17,REG,NO,ATL,,,Kellen Moore,,,,7,,1,401873164,7260,2027-01-03,13:00,,Raheem Morris,,,,7,,Home,,2027010300,,,,202701030atl,,,,,Mercedes-Benz Stadium,ATL97,fieldturf,,,,,Sunday,
2026_17_NYG_DAL,2027-01-03,2026,17,REG,NYG,DAL,,,John Harbaugh,,,,6,,1,401873165,7263,2027-01-03,13:00,,Brian Schottenheimer,,,,7,,Home,,2027010303,,,,202701030dal,,,,,AT&T Stadium,DAL00,matrixturf,,,,,Sunday,
2026_17_PHI_SF,2027-01-03,2026,17,REG,PHI,SF,,,Nick Sirianni,,,,10,,0,401873170,7273,2027-01-03,20:20,,Kyle Shanahan,,,,7,,Home,,2027010309,,,,202701030sfo,,,outdoors,,Levi's Stadium,SFO01,grass,,,,,Sunday,
2026_17_PIT_TEN,2027-01-03,2026,17,REG,PIT,TEN,,,Mike McCarthy,,,,7,,0,401873166,7270,2027-01-03,13:00,,Robert Saleh,,,,7,,Home,,2027010306,,,,202701030oti,,,outdoors,,Nissan Stadium,NAS00,grass,,,,,Sunday,
2026_17_SEA_CAR,2027-01-03,2026,17,REG,SEA,CAR,,,Mike Macdonald,,,,9,,0,401873167,7261,2027-01-03,13:00,,Dave Canales,,,,7,,Home,,2027010301,,,,202701030car,,,outdoors,,Bank of America Stadium,CAR00,grass,,,,,Sunday,
2026_17_WAS_JAX,2027-01-03,2026,17,REG,WAS,JAX,,,Dan Quinn,,,,7,,0,401873160,7264,2027-01-03,13:00,,Liam Coen,,,,7,,Home,,2027010300,,,,202701030jax,,,outdoors,,EverBank Stadium,JAX00,grass,,,,,Sunday,
2026_17_HOU_GB,2027-01-04,2026,17,REG,HOU,GB,,,DeMeco Ryans,,,,11,,0,401873171,7274,2027-01-04,20:15,,Matt LaFleur,,,,10,,Home,,2027010400,,,,202701040gnb,,,outdoors,,Lambeau Field,GNB00,grass,,,,,Monday,
2026_18_ATL_CAR,2027-01-10,2026,18,REG,ATL,CAR,,,Raheem Morris,,,,7,,1,401873172,7278,2027-01-10,13:00,,Dave Canales,,,,7,,Home,,2027011003,,,,202701100car,,,outdoors,,Bank of America Stadium,CAR00,grass,,,,,Sunday,
2026_18_CHI_MIN,2027-01-10,2026,18,REG,CHI,MIN,,,Ben Johnson,,,,7,,1,401873173,7286,2027-01-10,13:00,,Kevin O'Connell,,,,7,,Home,,2027011011,,,,202701100min,,,dome,,U.S. Bank Stadium,MIN01,sportturf,,,,,Sunday,
2026_18_CLE_CIN,2027-01-10,2026,18,REG,CLE,CIN,,,Todd Monken,,,,7,,1,401873174,7279,2027-01-10,13:00,,Zac Taylor,,,,10,,Home,,2027011004,,,,202701100cin,,,outdoors,,Paycor Stadium,CIN00,fieldturf,,,,,Sunday,
2026_18_DAL_WAS,2027-01-10,2026,18,REG,DAL,WAS,,,Brian Schottenheimer,,,,7,,1,401873175,7290,2027-01-10,13:00,,Dan Quinn,,,,7,,Home,,2027011015,,,,202701100was,,,outdoors,,Northwest Stadium,WAS00,grass,,,,,Sunday,
2026_18_DET_GB,2027-01-10,2026,18,REG,DET,GB,,,Dan Campbell,,,,7,,1,401873176,7281,2027-01-10,13:00,,Matt LaFleur,,,,6,,Home,,2027011006,,,,202701100gnb,,,outdoors,,Lambeau Field,GNB00,grass,,,,,Sunday,
2026_18_JAX_IND,2027-01-10,2026,18,REG,JAX,IND,,,Liam Coen,,,,7,,1,401873177,7283,2027-01-10,13:00,,Shane Steichen,,,,7,,Home,,2027011008,,,,202701100clt,,,,,Lucas Oil Stadium,IND00,fieldturf,,,,,Sunday,
2026_18_LAC_DEN,2027-01-10,2026,18,REG,LAC,DEN,,,Jim Harbaugh,,,,7,,1,401873179,7280,2027-01-10,13:00,,Sean Payton,,,,7,,Home,,2027011005,,,,202701100den,,,outdoors,,Empower Field at Mile High,DEN00,grass,,,,,Sunday,
2026_18_LV_KC,2027-01-10,2026,18,REG,LV,KC,,,Klint Kubliak,,,,7,,1,401873178,7284,2027-01-10,13:00,,Andy Reid,,,,7,,Home,,2027011009,,,,202701100kan,,,outdoors,,GEHA Field at Arrowhead Stadium,KAN00,grass,,,,,Sunday,
2026_18_MIA_NE,2027-01-10,2026,18,REG,MIA,NE,,,Jeff Hafley,,,,7,,1,401873180,7287,2027-01-10,13:00,,Mike Vrabel,,,,7,,Home,,2027011012,,,,202701100nwe,,,outdoors,,Gillette Stadium,BOS00,fieldturf,,,,,Sunday,
2026_18_NYJ_BUF,2027-01-10,2026,18,REG,NYJ,BUF,,,Aaron Glenn,,,,7,,1,401873181,7277,2027-01-10,13:00,,Sean McDermott,,,,7,,Home,,2027011002,,,,202701100buf,,,outdoors,,Highmark Stadium,BUF00,a_turf,,,,,Sunday,
2026_18_PHI_NYG,2027-01-10,2026,18,REG,PHI,NYG,,,Nick Sirianni,,,,7,,1,401873182,7289,2027-01-10,13:00,,John Harbaugh,,,,7,,Home,,2027011014,,,,202701100nyg,,,outdoors,,MetLife Stadium,NYC01,fieldturf,,,,,Sunday,
2026_18_PIT_BAL,2027-01-10,2026,18,REG,PIT,BAL,,,Mike McCarthy,,,,7,,1,401873183,7276,2027-01-10,13:00,,Jesse Minter,,,,10,,Home,,2027011001,,,,202701100rav,,,outdoors,,M&T Bank Stadium,BAL00,grass,,,,,Sunday,
2026_18_SEA_LA,2027-01-10,2026,18,REG,SEA,LA,,,Mike Macdonald,,,,7,,1,401873185,7285,2027-01-10,13:00,,Sean McVay,,,,7,,Home,,2027011010,,,,202701100ram,,,dome,,SoFi Stadium,LAX01,matrixturf,,,,,Sunday,
2026_18_SF_ARI,2027-01-10,2026,18,REG,SF,ARI,,,Kyle Shanahan,,,,7,,1,401873184,7275,2027-01-10,13:00,,Jonathan Gannon,,,,7,,Home,,2027011000,,,,202701100crd,,,,,State Farm Stadium,PHO00,grass,,,,,Sunday,
2026_18_TB_NO,2027-01-10,2026,18,REG,TB,NO,,,Todd Bowles,,,,7,,1,401873186,7288,2027-01-10,13:00,,Kellen Moore,,,,7,,Home,,2027011013,,,,202701100nor,,,dome,,Caesars Superdome,NOR00,sportturf,,,,,Sunday,
2026_18_TEN_HOU,2027-01-10,2026,18,REG,TEN,HOU,,,Robert Saleh,,,,7,,1,401873187,7282,2027-01-10,13:00,,DeMeco Ryans,,,,6,,Home,,2027011007,,,,202701100htx,,,,,Reliant Stadium,HOU00,astroturf,,,,,Sunday,
